election_indicator_value_id,election_id,party_id,election_indicator_id,value,notes,sources
1,4,13,1,16,,
2,91,20,1,2,,"page_number_string: 
notes: 
source_full_citation: <p>Bundesamt f&uuml;r Statistik. (2019). <em>Kanton Z&uuml;rich: nationale und kantonale Wahlen seit 1919</em>. Abgerufen am 06. Oktober 2025 von https://www.bfs.admin.ch/bfs/de/home/statistiken/katalog.assetdetail.7806622.html</p>
source_comment: "
3,90,20,1,1,,"page_number_string: 
notes: 
source_full_citation: <p>Bundesamt f&uuml;r Statistik. (2019). <em>Kanton Z&uuml;rich: nationale und kantonale Wahlen seit 1919</em>. Abgerufen am 06. Oktober 2025 von https://www.bfs.admin.ch/bfs/de/home/statistiken/katalog.assetdetail.7806622.html</p>
source_comment: "
4,89,20,1,2,,"page_number_string: 
notes: 
source_full_citation: <p>Bundesamt f&uuml;r Statistik. (2019). <em>Kanton Z&uuml;rich: nationale und kantonale Wahlen seit 1919</em>. Abgerufen am 06. Oktober 2025 von https://www.bfs.admin.ch/bfs/de/home/statistiken/katalog.assetdetail.7806622.html</p>
source_comment: "
5,88,20,1,2,,"page_number_string: 
notes: 
source_full_citation: <p>Bundesamt f&uuml;r Statistik. (2019). <em>Kanton Z&uuml;rich: nationale und kantonale Wahlen seit 1919</em>. Abgerufen am 06. Oktober 2025 von https://www.bfs.admin.ch/bfs/de/home/statistiken/katalog.assetdetail.7806622.html</p>
source_comment: "
6,87,20,1,3,,"page_number_string: 
notes: 
source_full_citation: <p>Bundesamt f&uuml;r Statistik. (2019). <em>Kanton Z&uuml;rich: nationale und kantonale Wahlen seit 1919</em>. Abgerufen am 06. Oktober 2025 von https://www.bfs.admin.ch/bfs/de/home/statistiken/katalog.assetdetail.7806622.html</p>
source_comment: "
7,86,20,1,3,,"page_number_string: 
notes: 
source_full_citation: <p>Bundesamt f&uuml;r Statistik. (2019). <em>Kanton Z&uuml;rich: nationale und kantonale Wahlen seit 1919</em>. Abgerufen am 06. Oktober 2025 von https://www.bfs.admin.ch/bfs/de/home/statistiken/katalog.assetdetail.7806622.html</p>
source_comment: "
8,85,20,1,3,,"page_number_string: 
notes: 
source_full_citation: <p>Bundesamt f&uuml;r Statistik. (2019). <em>Kanton Z&uuml;rich: nationale und kantonale Wahlen seit 1919</em>. Abgerufen am 06. Oktober 2025 von https://www.bfs.admin.ch/bfs/de/home/statistiken/katalog.assetdetail.7806622.html</p>
source_comment: "
9,84,20,1,3,,"page_number_string: 
notes: 
source_full_citation: <p>Bundesamt f&uuml;r Statistik. (2019). <em>Kanton Z&uuml;rich: nationale und kantonale Wahlen seit 1919</em>. Abgerufen am 06. Oktober 2025 von https://www.bfs.admin.ch/bfs/de/home/statistiken/katalog.assetdetail.7806622.html</p>
source_comment: "
10,83,20,1,4,,"page_number_string: 
notes: 
source_full_citation: <p>Bundesamt f&uuml;r Statistik. (2019). <em>Kanton Z&uuml;rich: nationale und kantonale Wahlen seit 1919</em>. Abgerufen am 06. Oktober 2025 von https://www.bfs.admin.ch/bfs/de/home/statistiken/katalog.assetdetail.7806622.html</p>
source_comment: "
11,82,20,1,4,,"page_number_string: 
notes: 
source_full_citation: <p>Bundesamt f&uuml;r Statistik. (2019). <em>Kanton Z&uuml;rich: nationale und kantonale Wahlen seit 1919</em>. Abgerufen am 06. Oktober 2025 von https://www.bfs.admin.ch/bfs/de/home/statistiken/katalog.assetdetail.7806622.html</p>
source_comment: "
12,81,20,1,3,,"page_number_string: 
notes: 
source_full_citation: <p>Bundesamt f&uuml;r Statistik. (2019). <em>Kanton Z&uuml;rich: nationale und kantonale Wahlen seit 1919</em>. Abgerufen am 06. Oktober 2025 von https://www.bfs.admin.ch/bfs/de/home/statistiken/katalog.assetdetail.7806622.html</p>
source_comment: "
13,80,20,1,2,,"page_number_string: 
notes: 
source_full_citation: <p>Bundesamt f&uuml;r Statistik. (2019). <em>Kanton Z&uuml;rich: nationale und kantonale Wahlen seit 1919</em>. Abgerufen am 06. Oktober 2025 von https://www.bfs.admin.ch/bfs/de/home/statistiken/katalog.assetdetail.7806622.html</p>
source_comment: "
14,80,21,1,2,,"page_number_string: 
notes: 
source_full_citation: <p>Bundesamt f&uuml;r Statistik. (2019). <em>Kanton Z&uuml;rich: nationale und kantonale Wahlen seit 1919</em>. Abgerufen am 06. Oktober 2025 von https://www.bfs.admin.ch/bfs/de/home/statistiken/katalog.assetdetail.7806622.html</p>
source_comment: "
15,81,21,1,3,,"page_number_string: 
notes: 
source_full_citation: <p>Bundesamt f&uuml;r Statistik. (2019). <em>Kanton Z&uuml;rich: nationale und kantonale Wahlen seit 1919</em>. Abgerufen am 06. Oktober 2025 von https://www.bfs.admin.ch/bfs/de/home/statistiken/katalog.assetdetail.7806622.html</p>
source_comment: "
16,82,21,1,2,,"page_number_string: 
notes: 
source_full_citation: <p>Bundesamt f&uuml;r Statistik. (2019). <em>Kanton Z&uuml;rich: nationale und kantonale Wahlen seit 1919</em>. Abgerufen am 06. Oktober 2025 von https://www.bfs.admin.ch/bfs/de/home/statistiken/katalog.assetdetail.7806622.html</p>
source_comment: "
17,83,21,1,3,,"page_number_string: 
notes: 
source_full_citation: <p>Bundesamt f&uuml;r Statistik. (2019). <em>Kanton Z&uuml;rich: nationale und kantonale Wahlen seit 1919</em>. Abgerufen am 06. Oktober 2025 von https://www.bfs.admin.ch/bfs/de/home/statistiken/katalog.assetdetail.7806622.html</p>
source_comment: "
18,84,21,1,3,,"page_number_string: 
notes: 
source_full_citation: <p>Bundesamt f&uuml;r Statistik. (2019). <em>Kanton Z&uuml;rich: nationale und kantonale Wahlen seit 1919</em>. Abgerufen am 06. Oktober 2025 von https://www.bfs.admin.ch/bfs/de/home/statistiken/katalog.assetdetail.7806622.html</p>
source_comment: "
19,85,21,1,1,,"page_number_string: 
notes: 
source_full_citation: <p>Bundesamt f&uuml;r Statistik. (2019). <em>Kanton Z&uuml;rich: nationale und kantonale Wahlen seit 1919</em>. Abgerufen am 06. Oktober 2025 von https://www.bfs.admin.ch/bfs/de/home/statistiken/katalog.assetdetail.7806622.html</p>
source_comment: "
20,86,21,1,2,,"page_number_string: 
notes: 
source_full_citation: <p>Bundesamt f&uuml;r Statistik. (2019). <em>Kanton Z&uuml;rich: nationale und kantonale Wahlen seit 1919</em>. Abgerufen am 06. Oktober 2025 von https://www.bfs.admin.ch/bfs/de/home/statistiken/katalog.assetdetail.7806622.html</p>
source_comment: "
21,87,21,1,2,,"page_number_string: 
notes: 
source_full_citation: <p>Bundesamt f&uuml;r Statistik. (2019). <em>Kanton Z&uuml;rich: nationale und kantonale Wahlen seit 1919</em>. Abgerufen am 06. Oktober 2025 von https://www.bfs.admin.ch/bfs/de/home/statistiken/katalog.assetdetail.7806622.html</p>
source_comment: "
22,88,21,1,2,,"page_number_string: 
notes: 
source_full_citation: <p>Bundesamt f&uuml;r Statistik. (2019). <em>Kanton Z&uuml;rich: nationale und kantonale Wahlen seit 1919</em>. Abgerufen am 06. Oktober 2025 von https://www.bfs.admin.ch/bfs/de/home/statistiken/katalog.assetdetail.7806622.html</p>
source_comment: "
23,89,21,1,2,,"page_number_string: 
notes: 
source_full_citation: <p>Bundesamt f&uuml;r Statistik. (2019). <em>Kanton Z&uuml;rich: nationale und kantonale Wahlen seit 1919</em>. Abgerufen am 06. Oktober 2025 von https://www.bfs.admin.ch/bfs/de/home/statistiken/katalog.assetdetail.7806622.html</p>
source_comment: "
24,90,21,1,2,,"page_number_string: 
notes: 
source_full_citation: <p>Bundesamt f&uuml;r Statistik. (2019). <em>Kanton Z&uuml;rich: nationale und kantonale Wahlen seit 1919</em>. Abgerufen am 06. Oktober 2025 von https://www.bfs.admin.ch/bfs/de/home/statistiken/katalog.assetdetail.7806622.html</p>
source_comment: "
25,91,21,1,2,,"page_number_string: 
notes: 
source_full_citation: <p>Bundesamt f&uuml;r Statistik. (2019). <em>Kanton Z&uuml;rich: nationale und kantonale Wahlen seit 1919</em>. Abgerufen am 06. Oktober 2025 von https://www.bfs.admin.ch/bfs/de/home/statistiken/katalog.assetdetail.7806622.html</p>
source_comment: "
26,91,24,1,2,,"page_number_string: 
notes: 
source_full_citation: <p>Bundesamt f&uuml;r Statistik. (2019). <em>Kanton Z&uuml;rich: nationale und kantonale Wahlen seit 1919</em>. Abgerufen am 06. Oktober 2025 von https://www.bfs.admin.ch/bfs/de/home/statistiken/katalog.assetdetail.7806622.html</p>
source_comment: "
27,90,24,1,2,,"page_number_string: 
notes: 
source_full_citation: <p>Bundesamt f&uuml;r Statistik. (2019). <em>Kanton Z&uuml;rich: nationale und kantonale Wahlen seit 1919</em>. Abgerufen am 06. Oktober 2025 von https://www.bfs.admin.ch/bfs/de/home/statistiken/katalog.assetdetail.7806622.html</p>
source_comment: "
28,89,24,1,2,,"page_number_string: 
notes: 
source_full_citation: <p>Bundesamt f&uuml;r Statistik. (2019). <em>Kanton Z&uuml;rich: nationale und kantonale Wahlen seit 1919</em>. Abgerufen am 06. Oktober 2025 von https://www.bfs.admin.ch/bfs/de/home/statistiken/katalog.assetdetail.7806622.html</p>
source_comment: "
29,88,24,1,2,,"page_number_string: 
notes: 
source_full_citation: <p>Bundesamt f&uuml;r Statistik. (2019). <em>Kanton Z&uuml;rich: nationale und kantonale Wahlen seit 1919</em>. Abgerufen am 06. Oktober 2025 von https://www.bfs.admin.ch/bfs/de/home/statistiken/katalog.assetdetail.7806622.html</p>
source_comment: "
30,87,24,1,3,,"page_number_string: 
notes: 
source_full_citation: <p>Bundesamt f&uuml;r Statistik. (2019). <em>Kanton Z&uuml;rich: nationale und kantonale Wahlen seit 1919</em>. Abgerufen am 06. Oktober 2025 von https://www.bfs.admin.ch/bfs/de/home/statistiken/katalog.assetdetail.7806622.html</p>
source_comment: "
31,86,24,1,2,,"page_number_string: 
notes: 
source_full_citation: <p>Bundesamt f&uuml;r Statistik. (2019). <em>Kanton Z&uuml;rich: nationale und kantonale Wahlen seit 1919</em>. Abgerufen am 06. Oktober 2025 von https://www.bfs.admin.ch/bfs/de/home/statistiken/katalog.assetdetail.7806622.html</p>
source_comment: "
32,85,24,1,2,,"page_number_string: 
notes: 
source_full_citation: <p>Bundesamt f&uuml;r Statistik. (2019). <em>Kanton Z&uuml;rich: nationale und kantonale Wahlen seit 1919</em>. Abgerufen am 06. Oktober 2025 von https://www.bfs.admin.ch/bfs/de/home/statistiken/katalog.assetdetail.7806622.html</p>
source_comment: "
33,84,24,1,2,,"page_number_string: 
notes: 
source_full_citation: <p>Bundesamt f&uuml;r Statistik. (2019). <em>Kanton Z&uuml;rich: nationale und kantonale Wahlen seit 1919</em>. Abgerufen am 06. Oktober 2025 von https://www.bfs.admin.ch/bfs/de/home/statistiken/katalog.assetdetail.7806622.html</p>
source_comment: "
34,83,24,1,3,,"page_number_string: 
notes: 
source_full_citation: <p>Bundesamt f&uuml;r Statistik. (2019). <em>Kanton Z&uuml;rich: nationale und kantonale Wahlen seit 1919</em>. Abgerufen am 06. Oktober 2025 von https://www.bfs.admin.ch/bfs/de/home/statistiken/katalog.assetdetail.7806622.html</p>
source_comment: "
35,82,24,1,3,,"page_number_string: 
notes: 
source_full_citation: <p>Bundesamt f&uuml;r Statistik. (2019). <em>Kanton Z&uuml;rich: nationale und kantonale Wahlen seit 1919</em>. Abgerufen am 06. Oktober 2025 von https://www.bfs.admin.ch/bfs/de/home/statistiken/katalog.assetdetail.7806622.html</p>
source_comment: "
36,81,24,1,2,,"page_number_string: 
notes: 
source_full_citation: <p>Bundesamt f&uuml;r Statistik. (2019). <em>Kanton Z&uuml;rich: nationale und kantonale Wahlen seit 1919</em>. Abgerufen am 06. Oktober 2025 von https://www.bfs.admin.ch/bfs/de/home/statistiken/katalog.assetdetail.7806622.html</p>
source_comment: "
37,80,24,1,2,,"page_number_string: 
notes: 
source_full_citation: <p>Bundesamt f&uuml;r Statistik. (2019). <em>Kanton Z&uuml;rich: nationale und kantonale Wahlen seit 1919</em>. Abgerufen am 06. Oktober 2025 von https://www.bfs.admin.ch/bfs/de/home/statistiken/katalog.assetdetail.7806622.html</p>
source_comment: "
38,91,25,1,1,,"page_number_string: 
notes: 
source_full_citation: <p>Bundesamt f&uuml;r Statistik. (2019). <em>Kanton Z&uuml;rich: nationale und kantonale Wahlen seit 1919</em>. Abgerufen am 06. Oktober 2025 von https://www.bfs.admin.ch/bfs/de/home/statistiken/katalog.assetdetail.7806622.html</p>
source_comment: "
39,90,25,1,2,,"page_number_string: 
notes: 
source_full_citation: <p>Bundesamt f&uuml;r Statistik. (2019). <em>Kanton Z&uuml;rich: nationale und kantonale Wahlen seit 1919</em>. Abgerufen am 06. Oktober 2025 von https://www.bfs.admin.ch/bfs/de/home/statistiken/katalog.assetdetail.7806622.html</p>
source_comment: "
40,89,25,1,2,,"page_number_string: 
notes: 
source_full_citation: <p>Bundesamt f&uuml;r Statistik. (2019). <em>Kanton Z&uuml;rich: nationale und kantonale Wahlen seit 1919</em>. Abgerufen am 06. Oktober 2025 von https://www.bfs.admin.ch/bfs/de/home/statistiken/katalog.assetdetail.7806622.html</p>
source_comment: "
41,88,25,1,1,,"page_number_string: 
notes: 
source_full_citation: <p>Bundesamt f&uuml;r Statistik. (2019). <em>Kanton Z&uuml;rich: nationale und kantonale Wahlen seit 1919</em>. Abgerufen am 06. Oktober 2025 von https://www.bfs.admin.ch/bfs/de/home/statistiken/katalog.assetdetail.7806622.html</p>
source_comment: "
42,87,25,1,1,,"page_number_string: 
notes: 
source_full_citation: <p>Bundesamt f&uuml;r Statistik. (2019). <em>Kanton Z&uuml;rich: nationale und kantonale Wahlen seit 1919</em>. Abgerufen am 06. Oktober 2025 von https://www.bfs.admin.ch/bfs/de/home/statistiken/katalog.assetdetail.7806622.html</p>
source_comment: "
43,86,25,1,2,,"page_number_string: 
notes: 
source_full_citation: <p>Bundesamt f&uuml;r Statistik. (2019). <em>Kanton Z&uuml;rich: nationale und kantonale Wahlen seit 1919</em>. Abgerufen am 06. Oktober 2025 von https://www.bfs.admin.ch/bfs/de/home/statistiken/katalog.assetdetail.7806622.html</p>
source_comment: "
44,85,25,1,2,,"page_number_string: 
notes: 
source_full_citation: <p>Bundesamt f&uuml;r Statistik. (2019). <em>Kanton Z&uuml;rich: nationale und kantonale Wahlen seit 1919</em>. Abgerufen am 06. Oktober 2025 von https://www.bfs.admin.ch/bfs/de/home/statistiken/katalog.assetdetail.7806622.html</p>
source_comment: "
45,84,25,1,2,,"page_number_string: 
notes: 
source_full_citation: <p>Bundesamt f&uuml;r Statistik. (2019). <em>Kanton Z&uuml;rich: nationale und kantonale Wahlen seit 1919</em>. Abgerufen am 06. Oktober 2025 von https://www.bfs.admin.ch/bfs/de/home/statistiken/katalog.assetdetail.7806622.html</p>
source_comment: "
46,83,25,1,2,,"page_number_string: 
notes: 
source_full_citation: <p>Bundesamt f&uuml;r Statistik. (2019). <em>Kanton Z&uuml;rich: nationale und kantonale Wahlen seit 1919</em>. Abgerufen am 06. Oktober 2025 von https://www.bfs.admin.ch/bfs/de/home/statistiken/katalog.assetdetail.7806622.html</p>
source_comment: "
47,82,25,1,2,,"page_number_string: 
notes: 
source_full_citation: <p>Bundesamt f&uuml;r Statistik. (2019). <em>Kanton Z&uuml;rich: nationale und kantonale Wahlen seit 1919</em>. Abgerufen am 06. Oktober 2025 von https://www.bfs.admin.ch/bfs/de/home/statistiken/katalog.assetdetail.7806622.html</p>
source_comment: "
48,81,25,1,2,,"page_number_string: 
notes: 
source_full_citation: <p>Bundesamt f&uuml;r Statistik. (2019). <em>Kanton Z&uuml;rich: nationale und kantonale Wahlen seit 1919</em>. Abgerufen am 06. Oktober 2025 von https://www.bfs.admin.ch/bfs/de/home/statistiken/katalog.assetdetail.7806622.html</p>
source_comment: "
49,80,25,1,2,,"page_number_string: 
notes: 
source_full_citation: <p>Bundesamt f&uuml;r Statistik. (2019). <em>Kanton Z&uuml;rich: nationale und kantonale Wahlen seit 1919</em>. Abgerufen am 06. Oktober 2025 von https://www.bfs.admin.ch/bfs/de/home/statistiken/katalog.assetdetail.7806622.html</p>
source_comment: "
50,79,21,1,2,,"page_number_string: 
notes: 
source_full_citation: <p>Bundesamt f&uuml;r Statistik. (2023). <em>Nationalratswahlen: Eingereichte Listen nach Parteien und Kantonen</em>. Abgerufen am 10. November 2025 von https://www.bfs.admin.ch/bfs/de/home/statistiken/katalog.assetdetail.27546292.html</p>
source_comment: "
51,78,21,1,4,,"page_number_string: 
notes: 
source_full_citation: <p>Bundesamt f&uuml;r Statistik. (2023). <em>Nationalratswahlen: Eingereichte Listen nach Parteien und Kantonen</em>. Abgerufen am 10. November 2025 von https://www.bfs.admin.ch/bfs/de/home/statistiken/katalog.assetdetail.27546292.html</p>
source_comment: "
52,79,25,1,4,,"page_number_string: 
notes: 
source_full_citation: <p>Bundesamt f&uuml;r Statistik. (2023). <em>Nationalratswahlen: Eingereichte Listen nach Parteien und Kantonen</em>. Abgerufen am 10. November 2025 von https://www.bfs.admin.ch/bfs/de/home/statistiken/katalog.assetdetail.27546292.html</p>
source_comment: "
53,79,24,1,2,,"page_number_string: 
notes: 
source_full_citation: <p>Bundesamt f&uuml;r Statistik. (2023). <em>Nationalratswahlen: Eingereichte Listen nach Parteien und Kantonen</em>. Abgerufen am 10. November 2025 von https://www.bfs.admin.ch/bfs/de/home/statistiken/katalog.assetdetail.27546292.html</p>
source_comment: "
54,79,20,1,3,,"page_number_string: 
notes: 
source_full_citation: <p>Bundesamt f&uuml;r Statistik. (2023). <em>Nationalratswahlen: Eingereichte Listen nach Parteien und Kantonen</em>. Abgerufen am 10. November 2025 von https://www.bfs.admin.ch/bfs/de/home/statistiken/katalog.assetdetail.27546292.html</p>
source_comment: "
55,78,25,1,6,,"page_number_string: 
notes: 
source_full_citation: <p>Bundesamt f&uuml;r Statistik. (2023). <em>Nationalratswahlen: Eingereichte Listen nach Parteien und Kantonen</em>. Abgerufen am 10. November 2025 von https://www.bfs.admin.ch/bfs/de/home/statistiken/katalog.assetdetail.27546292.html</p>
source_comment: "
56,78,24,1,2,,"page_number_string: 
notes: 
source_full_citation: <p>Bundesamt f&uuml;r Statistik. (2023). <em>Nationalratswahlen: Eingereichte Listen nach Parteien und Kantonen</em>. Abgerufen am 10. November 2025 von https://www.bfs.admin.ch/bfs/de/home/statistiken/katalog.assetdetail.27546292.html</p>
source_comment: "
57,78,20,1,5,,"page_number_string: 
notes: 
source_full_citation: <p>Bundesamt f&uuml;r Statistik. (2023). <em>Nationalratswahlen: Eingereichte Listen nach Parteien und Kantonen</em>. Abgerufen am 10. November 2025 von https://www.bfs.admin.ch/bfs/de/home/statistiken/katalog.assetdetail.27546292.html</p>
source_comment: "
58,133,35,1,6,,"page_number_string: 
notes: 
source_full_citation: <p>Bundesamt f&uuml;r Statistik. (2018). <em>Kanton Bern: nationale und kantonale Wahlen seit 1919</em>. Abgerufen am 25. November 2025 von https://www.bfs.admin.ch/bfs/de/home/statistiken/katalog.assetdetail.4883217.html</p>
source_comment: "
59,132,35,1,4,,"page_number_string: 
notes: 
source_full_citation: <p>Bundesamt f&uuml;r Statistik. (2018). <em>Kanton Bern: nationale und kantonale Wahlen seit 1919</em>. Abgerufen am 25. November 2025 von https://www.bfs.admin.ch/bfs/de/home/statistiken/katalog.assetdetail.4883217.html</p>
source_comment: "
60,131,35,1,3,,"page_number_string: 
notes: 
source_full_citation: <p>Bundesamt f&uuml;r Statistik. (2018). <em>Kanton Bern: nationale und kantonale Wahlen seit 1919</em>. Abgerufen am 25. November 2025 von https://www.bfs.admin.ch/bfs/de/home/statistiken/katalog.assetdetail.4883217.html</p>
source_comment: "
61,130,35,1,3,,"page_number_string: 
notes: 
source_full_citation: <p>Bundesamt f&uuml;r Statistik. (2018). <em>Kanton Bern: nationale und kantonale Wahlen seit 1919</em>. Abgerufen am 25. November 2025 von https://www.bfs.admin.ch/bfs/de/home/statistiken/katalog.assetdetail.4883217.html</p>
source_comment: "
62,129,35,1,3,,"page_number_string: 
notes: 
source_full_citation: <p>Bundesamt f&uuml;r Statistik. (2018). <em>Kanton Bern: nationale und kantonale Wahlen seit 1919</em>. Abgerufen am 25. November 2025 von https://www.bfs.admin.ch/bfs/de/home/statistiken/katalog.assetdetail.4883217.html</p>
source_comment: "
63,128,35,1,3,,"page_number_string: 
notes: 
source_full_citation: <p>Bundesamt f&uuml;r Statistik. (2018). <em>Kanton Bern: nationale und kantonale Wahlen seit 1919</em>. Abgerufen am 25. November 2025 von https://www.bfs.admin.ch/bfs/de/home/statistiken/katalog.assetdetail.4883217.html</p>
source_comment: "
64,127,35,1,3,,"page_number_string: 
notes: 
source_full_citation: <p>Bundesamt f&uuml;r Statistik. (2018). <em>Kanton Bern: nationale und kantonale Wahlen seit 1919</em>. Abgerufen am 25. November 2025 von https://www.bfs.admin.ch/bfs/de/home/statistiken/katalog.assetdetail.4883217.html</p>
source_comment: "
65,126,35,1,3,,"page_number_string: 
notes: 
source_full_citation: <p>Bundesamt f&uuml;r Statistik. (2018). <em>Kanton Bern: nationale und kantonale Wahlen seit 1919</em>. Abgerufen am 25. November 2025 von https://www.bfs.admin.ch/bfs/de/home/statistiken/katalog.assetdetail.4883217.html</p>
source_comment: "
66,125,35,1,3,,"page_number_string: 
notes: 
source_full_citation: <p>Bundesamt f&uuml;r Statistik. (2018). <em>Kanton Bern: nationale und kantonale Wahlen seit 1919</em>. Abgerufen am 25. November 2025 von https://www.bfs.admin.ch/bfs/de/home/statistiken/katalog.assetdetail.4883217.html</p>
source_comment: "
67,124,35,1,3,,"page_number_string: 
notes: 
source_full_citation: <p>Bundesamt f&uuml;r Statistik. (2018). <em>Kanton Bern: nationale und kantonale Wahlen seit 1919</em>. Abgerufen am 25. November 2025 von https://www.bfs.admin.ch/bfs/de/home/statistiken/katalog.assetdetail.4883217.html</p>
source_comment: "
68,123,35,1,1,,"page_number_string: 
notes: 
source_full_citation: <p>Bundesamt f&uuml;r Statistik. (2018). <em>Kanton Bern: nationale und kantonale Wahlen seit 1919</em>. Abgerufen am 25. November 2025 von https://www.bfs.admin.ch/bfs/de/home/statistiken/katalog.assetdetail.4883217.html</p>
source_comment: "
69,122,35,1,2,,"page_number_string: 
notes: 
source_full_citation: <p>Bundesamt f&uuml;r Statistik. (2018). <em>Kanton Bern: nationale und kantonale Wahlen seit 1919</em>. Abgerufen am 25. November 2025 von https://www.bfs.admin.ch/bfs/de/home/statistiken/katalog.assetdetail.4883217.html</p>
source_comment: "
70,121,35,1,2,,"page_number_string: 
notes: 
source_full_citation: <p>Bundesamt f&uuml;r Statistik. (2023). <em>Nationalratswahlen: Eingereichte Listen nach Parteien und Kantonen</em>. Abgerufen am 10. November 2025 von https://www.bfs.admin.ch/bfs/de/home/statistiken/katalog.assetdetail.27546292.html</p>
source_comment: "
71,199,35,1,2,,"page_number_string: 
notes: 
source_full_citation: <p>Bundesamt f&uuml;r Statistik. (2023). <em>Nationalratswahlen: Eingereichte Listen nach Parteien und Kantonen</em>. Abgerufen am 10. November 2025 von https://www.bfs.admin.ch/bfs/de/home/statistiken/katalog.assetdetail.27546292.html</p>
source_comment: "
72,133,36,1,2,,"page_number_string: 
notes: 
source_full_citation: <p>Bundesamt f&uuml;r Statistik. (2018). <em>Kanton Bern: nationale und kantonale Wahlen seit 1919</em>. Abgerufen am 25. November 2025 von https://www.bfs.admin.ch/bfs/de/home/statistiken/katalog.assetdetail.4883217.html</p>
source_comment: "
73,132,36,1,2,,"page_number_string: 
notes: 
source_full_citation: <p>Bundesamt f&uuml;r Statistik. (2018). <em>Kanton Bern: nationale und kantonale Wahlen seit 1919</em>. Abgerufen am 25. November 2025 von https://www.bfs.admin.ch/bfs/de/home/statistiken/katalog.assetdetail.4883217.html</p>
source_comment: "
74,131,36,1,1,,"page_number_string: 
notes: 
source_full_citation: <p>Bundesamt f&uuml;r Statistik. (2018). <em>Kanton Bern: nationale und kantonale Wahlen seit 1919</em>. Abgerufen am 25. November 2025 von https://www.bfs.admin.ch/bfs/de/home/statistiken/katalog.assetdetail.4883217.html</p>
source_comment: "
75,130,36,1,1,,"page_number_string: 
notes: 
source_full_citation: <p>Bundesamt f&uuml;r Statistik. (2018). <em>Kanton Bern: nationale und kantonale Wahlen seit 1919</em>. Abgerufen am 25. November 2025 von https://www.bfs.admin.ch/bfs/de/home/statistiken/katalog.assetdetail.4883217.html</p>
source_comment: "
76,129,36,1,3,,"page_number_string: 
notes: 
source_full_citation: <p>Bundesamt f&uuml;r Statistik. (2018). <em>Kanton Bern: nationale und kantonale Wahlen seit 1919</em>. Abgerufen am 25. November 2025 von https://www.bfs.admin.ch/bfs/de/home/statistiken/katalog.assetdetail.4883217.html</p>
source_comment: "
77,128,36,1,2,,"page_number_string: 
notes: 
source_full_citation: <p>Bundesamt f&uuml;r Statistik. (2018). <em>Kanton Bern: nationale und kantonale Wahlen seit 1919</em>. Abgerufen am 25. November 2025 von https://www.bfs.admin.ch/bfs/de/home/statistiken/katalog.assetdetail.4883217.html</p>
source_comment: "
78,127,36,1,2,,"page_number_string: 
notes: 
source_full_citation: <p>Bundesamt f&uuml;r Statistik. (2018). <em>Kanton Bern: nationale und kantonale Wahlen seit 1919</em>. Abgerufen am 25. November 2025 von https://www.bfs.admin.ch/bfs/de/home/statistiken/katalog.assetdetail.4883217.html</p>
source_comment: "
79,126,36,1,2,,"page_number_string: 
notes: 
source_full_citation: <p>Bundesamt f&uuml;r Statistik. (2018). <em>Kanton Bern: nationale und kantonale Wahlen seit 1919</em>. Abgerufen am 25. November 2025 von https://www.bfs.admin.ch/bfs/de/home/statistiken/katalog.assetdetail.4883217.html</p>
source_comment: "
80,125,36,1,2,,"page_number_string: 
notes: 
source_full_citation: <p>Bundesamt f&uuml;r Statistik. (2018). <em>Kanton Bern: nationale und kantonale Wahlen seit 1919</em>. Abgerufen am 25. November 2025 von https://www.bfs.admin.ch/bfs/de/home/statistiken/katalog.assetdetail.4883217.html</p>
source_comment: "
81,124,36,1,2,,"page_number_string: 
notes: 
source_full_citation: <p>Bundesamt f&uuml;r Statistik. (2018). <em>Kanton Bern: nationale und kantonale Wahlen seit 1919</em>. Abgerufen am 25. November 2025 von https://www.bfs.admin.ch/bfs/de/home/statistiken/katalog.assetdetail.4883217.html</p>
source_comment: "
82,123,36,1,3,,"page_number_string: 
notes: 
source_full_citation: <p>Bundesamt f&uuml;r Statistik. (2018). <em>Kanton Bern: nationale und kantonale Wahlen seit 1919</em>. Abgerufen am 25. November 2025 von https://www.bfs.admin.ch/bfs/de/home/statistiken/katalog.assetdetail.4883217.html</p>
source_comment: "
83,122,36,1,4,,"page_number_string: 
notes: 
source_full_citation: <p>Bundesamt f&uuml;r Statistik. (2018). <em>Kanton Bern: nationale und kantonale Wahlen seit 1919</em>. Abgerufen am 25. November 2025 von https://www.bfs.admin.ch/bfs/de/home/statistiken/katalog.assetdetail.4883217.html</p>
source_comment: "
84,121,36,1,4,,"page_number_string: 
notes: 
source_full_citation: <p>Bundesamt f&uuml;r Statistik. (2023). <em>Nationalratswahlen: Eingereichte Listen nach Parteien und Kantonen</em>. Abgerufen am 10. November 2025 von https://www.bfs.admin.ch/bfs/de/home/statistiken/katalog.assetdetail.27546292.html</p>
source_comment: "
85,199,36,1,3,,"page_number_string: 
notes: 
source_full_citation: <p>Bundesamt f&uuml;r Statistik. (2023). <em>Nationalratswahlen: Eingereichte Listen nach Parteien und Kantonen</em>. Abgerufen am 10. November 2025 von https://www.bfs.admin.ch/bfs/de/home/statistiken/katalog.assetdetail.27546292.html</p>
source_comment: "
86,133,37,1,6,,"page_number_string: 
notes: 
source_full_citation: <p>Bundesamt f&uuml;r Statistik. (2018). <em>Kanton Bern: nationale und kantonale Wahlen seit 1919</em>. Abgerufen am 25. November 2025 von https://www.bfs.admin.ch/bfs/de/home/statistiken/katalog.assetdetail.4883217.html</p>
source_comment: "
87,132,37,1,5,,"page_number_string: 
notes: 
source_full_citation: <p>Bundesamt f&uuml;r Statistik. (2018). <em>Kanton Bern: nationale und kantonale Wahlen seit 1919</em>. Abgerufen am 25. November 2025 von https://www.bfs.admin.ch/bfs/de/home/statistiken/katalog.assetdetail.4883217.html</p>
source_comment: "
88,131,37,1,1,,"page_number_string: 
notes: 
source_full_citation: <p>Bundesamt f&uuml;r Statistik. (2018). <em>Kanton Bern: nationale und kantonale Wahlen seit 1919</em>. Abgerufen am 25. November 2025 von https://www.bfs.admin.ch/bfs/de/home/statistiken/katalog.assetdetail.4883217.html</p>
source_comment: "
89,130,37,1,1,,"page_number_string: 
notes: 
source_full_citation: <p>Bundesamt f&uuml;r Statistik. (2018). <em>Kanton Bern: nationale und kantonale Wahlen seit 1919</em>. Abgerufen am 25. November 2025 von https://www.bfs.admin.ch/bfs/de/home/statistiken/katalog.assetdetail.4883217.html</p>
source_comment: "
90,129,37,1,1,,"page_number_string: 
notes: 
source_full_citation: <p>Bundesamt f&uuml;r Statistik. (2018). <em>Kanton Bern: nationale und kantonale Wahlen seit 1919</em>. Abgerufen am 25. November 2025 von https://www.bfs.admin.ch/bfs/de/home/statistiken/katalog.assetdetail.4883217.html</p>
source_comment: "
91,128,37,1,2,,"page_number_string: 
notes: 
source_full_citation: <p>Bundesamt f&uuml;r Statistik. (2018). <em>Kanton Bern: nationale und kantonale Wahlen seit 1919</em>. Abgerufen am 25. November 2025 von https://www.bfs.admin.ch/bfs/de/home/statistiken/katalog.assetdetail.4883217.html</p>
source_comment: "
92,127,37,1,3,,"page_number_string: 
notes: 
source_full_citation: <p>Bundesamt f&uuml;r Statistik. (2018). <em>Kanton Bern: nationale und kantonale Wahlen seit 1919</em>. Abgerufen am 25. November 2025 von https://www.bfs.admin.ch/bfs/de/home/statistiken/katalog.assetdetail.4883217.html</p>
source_comment: "
93,126,37,1,3,,"page_number_string: 
notes: 
source_full_citation: <p>Bundesamt f&uuml;r Statistik. (2018). <em>Kanton Bern: nationale und kantonale Wahlen seit 1919</em>. Abgerufen am 25. November 2025 von https://www.bfs.admin.ch/bfs/de/home/statistiken/katalog.assetdetail.4883217.html</p>
source_comment: "
94,125,37,1,4,,"page_number_string: 
notes: 
source_full_citation: <p>Bundesamt f&uuml;r Statistik. (2018). <em>Kanton Bern: nationale und kantonale Wahlen seit 1919</em>. Abgerufen am 25. November 2025 von https://www.bfs.admin.ch/bfs/de/home/statistiken/katalog.assetdetail.4883217.html</p>
source_comment: "
95,124,37,1,3,,"page_number_string: 
notes: 
source_full_citation: <p>Bundesamt f&uuml;r Statistik. (2018). <em>Kanton Bern: nationale und kantonale Wahlen seit 1919</em>. Abgerufen am 25. November 2025 von https://www.bfs.admin.ch/bfs/de/home/statistiken/katalog.assetdetail.4883217.html</p>
source_comment: "
96,123,37,1,3,,"page_number_string: 
notes: 
source_full_citation: <p>Bundesamt f&uuml;r Statistik. (2018). <em>Kanton Bern: nationale und kantonale Wahlen seit 1919</em>. Abgerufen am 25. November 2025 von https://www.bfs.admin.ch/bfs/de/home/statistiken/katalog.assetdetail.4883217.html</p>
source_comment: "
97,122,37,1,2,,"page_number_string: 
notes: 
source_full_citation: <p>Bundesamt f&uuml;r Statistik. (2018). <em>Kanton Bern: nationale und kantonale Wahlen seit 1919</em>. Abgerufen am 25. November 2025 von https://www.bfs.admin.ch/bfs/de/home/statistiken/katalog.assetdetail.4883217.html</p>
source_comment: "
98,121,37,1,3,,"page_number_string: 
notes: 
source_full_citation: <p>Bundesamt f&uuml;r Statistik. (2023). <em>Nationalratswahlen: Eingereichte Listen nach Parteien und Kantonen</em>. Abgerufen am 10. November 2025 von https://www.bfs.admin.ch/bfs/de/home/statistiken/katalog.assetdetail.27546292.html</p>
source_comment: "
99,199,37,1,2,,"page_number_string: 
notes: 
source_full_citation: <p>Bundesamt f&uuml;r Statistik. (2023). <em>Nationalratswahlen: Eingereichte Listen nach Parteien und Kantonen</em>. Abgerufen am 10. November 2025 von https://www.bfs.admin.ch/bfs/de/home/statistiken/katalog.assetdetail.27546292.html</p>
source_comment: "
100,133,39,1,2,,"page_number_string: 
notes: 
source_full_citation: <p>Bundesamt f&uuml;r Statistik. (2018). <em>Kanton Bern: nationale und kantonale Wahlen seit 1919</em>. Abgerufen am 25. November 2025 von https://www.bfs.admin.ch/bfs/de/home/statistiken/katalog.assetdetail.4883217.html</p>
source_comment: "
101,132,39,1,2,,"page_number_string: 
notes: 
source_full_citation: <p>Bundesamt f&uuml;r Statistik. (2018). <em>Kanton Bern: nationale und kantonale Wahlen seit 1919</em>. Abgerufen am 25. November 2025 von https://www.bfs.admin.ch/bfs/de/home/statistiken/katalog.assetdetail.4883217.html</p>
source_comment: "
102,131,39,1,1,,"page_number_string: 
notes: 
source_full_citation: <p>Bundesamt f&uuml;r Statistik. (2018). <em>Kanton Bern: nationale und kantonale Wahlen seit 1919</em>. Abgerufen am 25. November 2025 von https://www.bfs.admin.ch/bfs/de/home/statistiken/katalog.assetdetail.4883217.html</p>
source_comment: "
103,130,39,1,1,,"page_number_string: 
notes: 
source_full_citation: <p>Bundesamt f&uuml;r Statistik. (2018). <em>Kanton Bern: nationale und kantonale Wahlen seit 1919</em>. Abgerufen am 25. November 2025 von https://www.bfs.admin.ch/bfs/de/home/statistiken/katalog.assetdetail.4883217.html</p>
source_comment: "
104,129,39,1,2,,"page_number_string: 
notes: 
source_full_citation: <p>Bundesamt f&uuml;r Statistik. (2018). <em>Kanton Bern: nationale und kantonale Wahlen seit 1919</em>. Abgerufen am 25. November 2025 von https://www.bfs.admin.ch/bfs/de/home/statistiken/katalog.assetdetail.4883217.html</p>
source_comment: "
105,128,39,1,3,,"page_number_string: 
notes: 
source_full_citation: <p>Bundesamt f&uuml;r Statistik. (2018). <em>Kanton Bern: nationale und kantonale Wahlen seit 1919</em>. Abgerufen am 25. November 2025 von https://www.bfs.admin.ch/bfs/de/home/statistiken/katalog.assetdetail.4883217.html</p>
source_comment: "
106,127,39,1,2,,"page_number_string: 
notes: 
source_full_citation: <p>Bundesamt f&uuml;r Statistik. (2018). <em>Kanton Bern: nationale und kantonale Wahlen seit 1919</em>. Abgerufen am 25. November 2025 von https://www.bfs.admin.ch/bfs/de/home/statistiken/katalog.assetdetail.4883217.html</p>
source_comment: "
107,126,39,1,1,,"page_number_string: 
notes: 
source_full_citation: <p>Bundesamt f&uuml;r Statistik. (2018). <em>Kanton Bern: nationale und kantonale Wahlen seit 1919</em>. Abgerufen am 25. November 2025 von https://www.bfs.admin.ch/bfs/de/home/statistiken/katalog.assetdetail.4883217.html</p>
source_comment: "
108,125,39,1,1,,"page_number_string: 
notes: 
source_full_citation: <p>Bundesamt f&uuml;r Statistik. (2018). <em>Kanton Bern: nationale und kantonale Wahlen seit 1919</em>. Abgerufen am 25. November 2025 von https://www.bfs.admin.ch/bfs/de/home/statistiken/katalog.assetdetail.4883217.html</p>
source_comment: "
109,124,39,1,2,,"page_number_string: 
notes: 
source_full_citation: <p>Bundesamt f&uuml;r Statistik. (2018). <em>Kanton Bern: nationale und kantonale Wahlen seit 1919</em>. Abgerufen am 25. November 2025 von https://www.bfs.admin.ch/bfs/de/home/statistiken/katalog.assetdetail.4883217.html</p>
source_comment: "
110,123,39,1,2,,"page_number_string: 
notes: 
source_full_citation: <p>Bundesamt f&uuml;r Statistik. (2018). <em>Kanton Bern: nationale und kantonale Wahlen seit 1919</em>. Abgerufen am 25. November 2025 von https://www.bfs.admin.ch/bfs/de/home/statistiken/katalog.assetdetail.4883217.html</p>
source_comment: "
111,122,39,1,2,,"page_number_string: 
notes: 
source_full_citation: <p>Bundesamt f&uuml;r Statistik. (2018). <em>Kanton Bern: nationale und kantonale Wahlen seit 1919</em>. Abgerufen am 25. November 2025 von https://www.bfs.admin.ch/bfs/de/home/statistiken/katalog.assetdetail.4883217.html</p>
source_comment: "
112,121,39,1,2,,"page_number_string: 
notes: 
source_full_citation: <p>Bundesamt f&uuml;r Statistik. (2023). <em>Nationalratswahlen: Eingereichte Listen nach Parteien und Kantonen</em>. Abgerufen am 10. November 2025 von https://www.bfs.admin.ch/bfs/de/home/statistiken/katalog.assetdetail.27546292.html</p>
source_comment: "
113,199,38,1,6,,"page_number_string: 
notes: 
source_full_citation: <p>Bundesamt f&uuml;r Statistik. (2023). <em>Nationalratswahlen: Eingereichte Listen nach Parteien und Kantonen</em>. Abgerufen am 10. November 2025 von https://www.bfs.admin.ch/bfs/de/home/statistiken/katalog.assetdetail.27546292.html</p>
source_comment: "
114,124,40,1,3,,"page_number_string: 
notes: 
source_full_citation: <p>Bundesamt f&uuml;r Statistik. (2018). <em>Kanton Bern: nationale und kantonale Wahlen seit 1919</em>. Abgerufen am 25. November 2025 von https://www.bfs.admin.ch/bfs/de/home/statistiken/katalog.assetdetail.4883217.html</p>
source_comment: "
115,123,40,1,3,,"page_number_string: 
notes: 
source_full_citation: <p>Bundesamt f&uuml;r Statistik. (2018). <em>Kanton Bern: nationale und kantonale Wahlen seit 1919</em>. Abgerufen am 25. November 2025 von https://www.bfs.admin.ch/bfs/de/home/statistiken/katalog.assetdetail.4883217.html</p>
source_comment: "
116,122,40,1,2,,"page_number_string: 
notes: 
source_full_citation: <p>Bundesamt f&uuml;r Statistik. (2018). <em>Kanton Bern: nationale und kantonale Wahlen seit 1919</em>. Abgerufen am 25. November 2025 von https://www.bfs.admin.ch/bfs/de/home/statistiken/katalog.assetdetail.4883217.html</p>
source_comment: "
117,121,40,1,2,,"page_number_string: 
notes: 
source_full_citation: <p>Bundesamt f&uuml;r Statistik. (2023). <em>Nationalratswahlen: Eingereichte Listen nach Parteien und Kantonen</em>. Abgerufen am 10. November 2025 von https://www.bfs.admin.ch/bfs/de/home/statistiken/katalog.assetdetail.27546292.html</p>
source_comment: "
118,199,40,1,3,,"page_number_string: 
notes: 
source_full_citation: <p>Bundesamt f&uuml;r Statistik. (2023). <em>Nationalratswahlen: Eingereichte Listen nach Parteien und Kantonen</em>. Abgerufen am 10. November 2025 von https://www.bfs.admin.ch/bfs/de/home/statistiken/katalog.assetdetail.27546292.html</p>
source_comment: "
119,123,46,1,1,,"page_number_string: 
notes: 
source_full_citation: <p>Bundesamt f&uuml;r Statistik. (2018). <em>Kanton Bern: nationale und kantonale Wahlen seit 1919</em>. Abgerufen am 25. November 2025 von https://www.bfs.admin.ch/bfs/de/home/statistiken/katalog.assetdetail.4883217.html</p>
source_comment: "
120,122,46,1,3,,"page_number_string: 
notes: 
source_full_citation: <p>Bundesamt f&uuml;r Statistik. (2018). <em>Kanton Bern: nationale und kantonale Wahlen seit 1919</em>. Abgerufen am 25. November 2025 von https://www.bfs.admin.ch/bfs/de/home/statistiken/katalog.assetdetail.4883217.html</p>
source_comment: "
121,121,46,1,3,,"page_number_string: 
notes: 
source_full_citation: <p>Bundesamt f&uuml;r Statistik. (2023). <em>Nationalratswahlen: Eingereichte Listen nach Parteien und Kantonen</em>. Abgerufen am 10. November 2025 von https://www.bfs.admin.ch/bfs/de/home/statistiken/katalog.assetdetail.27546292.html</p>
source_comment: "
122,199,46,1,9,,"page_number_string: 
notes: 
source_full_citation: <p>Bundesamt f&uuml;r Statistik. (2023). <em>Nationalratswahlen: Eingereichte Listen nach Parteien und Kantonen</em>. Abgerufen am 10. November 2025 von https://www.bfs.admin.ch/bfs/de/home/statistiken/katalog.assetdetail.27546292.html</p>
source_comment: "
123,133,47,1,1,,"page_number_string: 
notes: 
source_full_citation: <p>Bundesamt f&uuml;r Statistik. (2018). <em>Kanton Bern: nationale und kantonale Wahlen seit 1919</em>. Abgerufen am 25. November 2025 von https://www.bfs.admin.ch/bfs/de/home/statistiken/katalog.assetdetail.4883217.html</p>
source_comment: "
124,132,47,1,1,,"page_number_string: 
notes: 
source_full_citation: <p>Bundesamt f&uuml;r Statistik. (2018). <em>Kanton Bern: nationale und kantonale Wahlen seit 1919</em>. Abgerufen am 25. November 2025 von https://www.bfs.admin.ch/bfs/de/home/statistiken/katalog.assetdetail.4883217.html</p>
source_comment: "
125,131,47,1,1,,"page_number_string: 
notes: 
source_full_citation: <p>Bundesamt f&uuml;r Statistik. (2018). <em>Kanton Bern: nationale und kantonale Wahlen seit 1919</em>. Abgerufen am 25. November 2025 von https://www.bfs.admin.ch/bfs/de/home/statistiken/katalog.assetdetail.4883217.html</p>
source_comment: "
126,130,47,1,1,,"page_number_string: 
notes: 
source_full_citation: <p>Bundesamt f&uuml;r Statistik. (2018). <em>Kanton Bern: nationale und kantonale Wahlen seit 1919</em>. Abgerufen am 25. November 2025 von https://www.bfs.admin.ch/bfs/de/home/statistiken/katalog.assetdetail.4883217.html</p>
source_comment: "
127,129,47,1,1,,"page_number_string: 
notes: 
source_full_citation: <p>Bundesamt f&uuml;r Statistik. (2018). <em>Kanton Bern: nationale und kantonale Wahlen seit 1919</em>. Abgerufen am 25. November 2025 von https://www.bfs.admin.ch/bfs/de/home/statistiken/katalog.assetdetail.4883217.html</p>
source_comment: "
128,128,47,1,2,,"page_number_string: 
notes: 
source_full_citation: <p>Bundesamt f&uuml;r Statistik. (2018). <em>Kanton Bern: nationale und kantonale Wahlen seit 1919</em>. Abgerufen am 25. November 2025 von https://www.bfs.admin.ch/bfs/de/home/statistiken/katalog.assetdetail.4883217.html</p>
source_comment: "
129,127,47,1,2,,"page_number_string: 
notes: 
source_full_citation: <p>Bundesamt f&uuml;r Statistik. (2018). <em>Kanton Bern: nationale und kantonale Wahlen seit 1919</em>. Abgerufen am 25. November 2025 von https://www.bfs.admin.ch/bfs/de/home/statistiken/katalog.assetdetail.4883217.html</p>
source_comment: "
130,126,47,1,2,,"page_number_string: 
notes: 
source_full_citation: <p>Bundesamt f&uuml;r Statistik. (2018). <em>Kanton Bern: nationale und kantonale Wahlen seit 1919</em>. Abgerufen am 25. November 2025 von https://www.bfs.admin.ch/bfs/de/home/statistiken/katalog.assetdetail.4883217.html</p>
source_comment: "
131,125,47,1,3,,"page_number_string: 
notes: 
source_full_citation: <p>Bundesamt f&uuml;r Statistik. (2018). <em>Kanton Bern: nationale und kantonale Wahlen seit 1919</em>. Abgerufen am 25. November 2025 von https://www.bfs.admin.ch/bfs/de/home/statistiken/katalog.assetdetail.4883217.html</p>
source_comment: "
132,124,47,1,3,,"page_number_string: 
notes: 
source_full_citation: <p>Bundesamt f&uuml;r Statistik. (2018). <em>Kanton Bern: nationale und kantonale Wahlen seit 1919</em>. Abgerufen am 25. November 2025 von https://www.bfs.admin.ch/bfs/de/home/statistiken/katalog.assetdetail.4883217.html</p>
source_comment: "
133,123,47,1,2,,"page_number_string: 
notes: 
source_full_citation: <p>Bundesamt f&uuml;r Statistik. (2018). <em>Kanton Bern: nationale und kantonale Wahlen seit 1919</em>. Abgerufen am 25. November 2025 von https://www.bfs.admin.ch/bfs/de/home/statistiken/katalog.assetdetail.4883217.html</p>
source_comment: "
134,122,47,1,2,,"page_number_string: 
notes: 
source_full_citation: <p>Bundesamt f&uuml;r Statistik. (2018). <em>Kanton Bern: nationale und kantonale Wahlen seit 1919</em>. Abgerufen am 25. November 2025 von https://www.bfs.admin.ch/bfs/de/home/statistiken/katalog.assetdetail.4883217.html</p>
source_comment: "
135,121,47,1,2,,"page_number_string: 
notes: 
source_full_citation: <p>Bundesamt f&uuml;r Statistik. (2023). <em>Nationalratswahlen: Eingereichte Listen nach Parteien und Kantonen</em>. Abgerufen am 10. November 2025 von https://www.bfs.admin.ch/bfs/de/home/statistiken/katalog.assetdetail.27546292.html</p>
source_comment: "
136,199,47,1,4,,"page_number_string: 
notes: 
source_full_citation: <p>Bundesamt f&uuml;r Statistik. (2023). <em>Nationalratswahlen: Eingereichte Listen nach Parteien und Kantonen</em>. Abgerufen am 10. November 2025 von https://www.bfs.admin.ch/bfs/de/home/statistiken/katalog.assetdetail.27546292.html</p>
source_comment: "
137,132,48,1,1,,"page_number_string: 
notes: 
source_full_citation: <p>Bundesamt f&uuml;r Statistik. (2018). <em>Kanton Bern: nationale und kantonale Wahlen seit 1919</em>. Abgerufen am 25. November 2025 von https://www.bfs.admin.ch/bfs/de/home/statistiken/katalog.assetdetail.4883217.html</p>
source_comment: "
138,131,48,1,1,,"page_number_string: 
notes: 
source_full_citation: <p>Bundesamt f&uuml;r Statistik. (2018). <em>Kanton Bern: nationale und kantonale Wahlen seit 1919</em>. Abgerufen am 25. November 2025 von https://www.bfs.admin.ch/bfs/de/home/statistiken/katalog.assetdetail.4883217.html</p>
source_comment: "
139,130,48,1,1,,"page_number_string: 
notes: 
source_full_citation: <p>Bundesamt f&uuml;r Statistik. (2018). <em>Kanton Bern: nationale und kantonale Wahlen seit 1919</em>. Abgerufen am 25. November 2025 von https://www.bfs.admin.ch/bfs/de/home/statistiken/katalog.assetdetail.4883217.html</p>
source_comment: "
140,129,48,1,1,,"page_number_string: 
notes: 
source_full_citation: <p>Bundesamt f&uuml;r Statistik. (2018). <em>Kanton Bern: nationale und kantonale Wahlen seit 1919</em>. Abgerufen am 25. November 2025 von https://www.bfs.admin.ch/bfs/de/home/statistiken/katalog.assetdetail.4883217.html</p>
source_comment: "
141,128,48,1,1,,"page_number_string: 
notes: 
source_full_citation: <p>Bundesamt f&uuml;r Statistik. (2018). <em>Kanton Bern: nationale und kantonale Wahlen seit 1919</em>. Abgerufen am 25. November 2025 von https://www.bfs.admin.ch/bfs/de/home/statistiken/katalog.assetdetail.4883217.html</p>
source_comment: "
142,127,48,1,2,,"page_number_string: 
notes: 
source_full_citation: <p>Bundesamt f&uuml;r Statistik. (2018). <em>Kanton Bern: nationale und kantonale Wahlen seit 1919</em>. Abgerufen am 25. November 2025 von https://www.bfs.admin.ch/bfs/de/home/statistiken/katalog.assetdetail.4883217.html</p>
source_comment: "
143,126,48,1,2,,"page_number_string: 
notes: 
source_full_citation: <p>Bundesamt f&uuml;r Statistik. (2018). <em>Kanton Bern: nationale und kantonale Wahlen seit 1919</em>. Abgerufen am 25. November 2025 von https://www.bfs.admin.ch/bfs/de/home/statistiken/katalog.assetdetail.4883217.html</p>
source_comment: "
144,125,48,1,1,,"page_number_string: 
notes: 
source_full_citation: <p>Bundesamt f&uuml;r Statistik. (2018). <em>Kanton Bern: nationale und kantonale Wahlen seit 1919</em>. Abgerufen am 25. November 2025 von https://www.bfs.admin.ch/bfs/de/home/statistiken/katalog.assetdetail.4883217.html</p>
source_comment: "
145,124,48,1,2,,"page_number_string: 
notes: 
source_full_citation: <p>Bundesamt f&uuml;r Statistik. (2018). <em>Kanton Bern: nationale und kantonale Wahlen seit 1919</em>. Abgerufen am 25. November 2025 von https://www.bfs.admin.ch/bfs/de/home/statistiken/katalog.assetdetail.4883217.html</p>
source_comment: "
146,123,48,1,1,,"page_number_string: 
notes: 
source_full_citation: <p>Bundesamt f&uuml;r Statistik. (2018). <em>Kanton Bern: nationale und kantonale Wahlen seit 1919</em>. Abgerufen am 25. November 2025 von https://www.bfs.admin.ch/bfs/de/home/statistiken/katalog.assetdetail.4883217.html</p>
source_comment: "
147,122,48,1,2,,"page_number_string: 
notes: 
source_full_citation: <p>Bundesamt f&uuml;r Statistik. (2018). <em>Kanton Bern: nationale und kantonale Wahlen seit 1919</em>. Abgerufen am 25. November 2025 von https://www.bfs.admin.ch/bfs/de/home/statistiken/katalog.assetdetail.4883217.html</p>
source_comment: "
148,121,48,1,1,,"page_number_string: 
notes: 
source_full_citation: <p>Bundesamt f&uuml;r Statistik. (2023). <em>Nationalratswahlen: Eingereichte Listen nach Parteien und Kantonen</em>. Abgerufen am 10. November 2025 von https://www.bfs.admin.ch/bfs/de/home/statistiken/katalog.assetdetail.27546292.html</p>
source_comment: "
149,199,48,1,3,,"page_number_string: 
notes: 
source_full_citation: <p>Bundesamt f&uuml;r Statistik. (2023). <em>Nationalratswahlen: Eingereichte Listen nach Parteien und Kantonen</em>. Abgerufen am 10. November 2025 von https://www.bfs.admin.ch/bfs/de/home/statistiken/katalog.assetdetail.27546292.html</p>
source_comment: "
150,123,49,1,1,,"page_number_string: 
notes: 
source_full_citation: <p>Bundesamt f&uuml;r Statistik. (2018). <em>Kanton Bern: nationale und kantonale Wahlen seit 1919</em>. Abgerufen am 25. November 2025 von https://www.bfs.admin.ch/bfs/de/home/statistiken/katalog.assetdetail.4883217.html</p>
source_comment: "
151,122,49,1,2,,"page_number_string: 
notes: 
source_full_citation: <p>Bundesamt f&uuml;r Statistik. (2018). <em>Kanton Bern: nationale und kantonale Wahlen seit 1919</em>. Abgerufen am 25. November 2025 von https://www.bfs.admin.ch/bfs/de/home/statistiken/katalog.assetdetail.4883217.html</p>
source_comment: "
152,121,49,1,2,,"page_number_string: 
notes: 
source_full_citation: <p>Bundesamt f&uuml;r Statistik. (2023). <em>Nationalratswahlen: Eingereichte Listen nach Parteien und Kantonen</em>. Abgerufen am 10. November 2025 von https://www.bfs.admin.ch/bfs/de/home/statistiken/katalog.assetdetail.27546292.html</p>
source_comment: "
153,132,51,1,2,,"page_number_string: 
notes: 
source_full_citation: <p>Bundesamt f&uuml;r Statistik. (2018). <em>Kanton Bern: nationale und kantonale Wahlen seit 1919</em>. Abgerufen am 25. November 2025 von https://www.bfs.admin.ch/bfs/de/home/statistiken/katalog.assetdetail.4883217.html</p>
source_comment: "
154,131,51,1,1,,"page_number_string: 
notes: 
source_full_citation: <p>Bundesamt f&uuml;r Statistik. (2018). <em>Kanton Bern: nationale und kantonale Wahlen seit 1919</em>. Abgerufen am 25. November 2025 von https://www.bfs.admin.ch/bfs/de/home/statistiken/katalog.assetdetail.4883217.html</p>
source_comment: "
155,128,51,1,1,,"page_number_string: 
notes: 
source_full_citation: <p>Bundesamt f&uuml;r Statistik. (2018). <em>Kanton Bern: nationale und kantonale Wahlen seit 1919</em>. Abgerufen am 25. November 2025 von https://www.bfs.admin.ch/bfs/de/home/statistiken/katalog.assetdetail.4883217.html</p>
source_comment: "
156,123,50,1,1,,"page_number_string: 
notes: 
source_full_citation: <p>Bundesamt f&uuml;r Statistik. (2018). <em>Kanton Bern: nationale und kantonale Wahlen seit 1919</em>. Abgerufen am 25. November 2025 von https://www.bfs.admin.ch/bfs/de/home/statistiken/katalog.assetdetail.4883217.html</p>
source_comment: "
157,122,50,1,1,,"page_number_string: 
notes: 
source_full_citation: <p>Bundesamt f&uuml;r Statistik. (2018). <em>Kanton Bern: nationale und kantonale Wahlen seit 1919</em>. Abgerufen am 25. November 2025 von https://www.bfs.admin.ch/bfs/de/home/statistiken/katalog.assetdetail.4883217.html</p>
source_comment: "
158,121,50,1,1,,"page_number_string: 
notes: 
source_full_citation: <p>Bundesamt f&uuml;r Statistik. (2023). <em>Nationalratswahlen: Eingereichte Listen nach Parteien und Kantonen</em>. Abgerufen am 10. November 2025 von https://www.bfs.admin.ch/bfs/de/home/statistiken/katalog.assetdetail.27546292.html</p>
source_comment: "
159,208,54,1,1,,"page_number_string: 
notes: 
source_full_citation: <p>Bundesamt f&uuml;r Statistik. (2019). <em>Kanton Luzern: nationale und kantonale Wahlen seit 1919</em>. Abgerufen am 11. Dezember 2025 von https://www.bfs.admin.ch/bfs/de/home/statistiken/katalog.assetdetail.8586505.html</p>
source_comment: "
160,207,54,1,1,,"page_number_string: 
notes: 
source_full_citation: <p>Bundesamt f&uuml;r Statistik. (2019). <em>Kanton Luzern: nationale und kantonale Wahlen seit 1919</em>. Abgerufen am 11. Dezember 2025 von https://www.bfs.admin.ch/bfs/de/home/statistiken/katalog.assetdetail.8586505.html</p>
source_comment: "
161,206,54,1,2,,"page_number_string: 
notes: 
source_full_citation: <p>Bundesamt f&uuml;r Statistik. (2019). <em>Kanton Luzern: nationale und kantonale Wahlen seit 1919</em>. Abgerufen am 11. Dezember 2025 von https://www.bfs.admin.ch/bfs/de/home/statistiken/katalog.assetdetail.8586505.html</p>
source_comment: "
162,205,54,1,3,,"page_number_string: 
notes: 
source_full_citation: <p>Bundesamt f&uuml;r Statistik. (2019). <em>Kanton Luzern: nationale und kantonale Wahlen seit 1919</em>. Abgerufen am 11. Dezember 2025 von https://www.bfs.admin.ch/bfs/de/home/statistiken/katalog.assetdetail.8586505.html</p>
source_comment: "
163,204,54,1,2,,"page_number_string: 
notes: 
source_full_citation: <p>Bundesamt f&uuml;r Statistik. (2019). <em>Kanton Luzern: nationale und kantonale Wahlen seit 1919</em>. Abgerufen am 11. Dezember 2025 von https://www.bfs.admin.ch/bfs/de/home/statistiken/katalog.assetdetail.8586505.html</p>
source_comment: "
164,203,54,1,4,,"page_number_string: 
notes: 
source_full_citation: <p>Bundesamt f&uuml;r Statistik. (2019). <em>Kanton Luzern: nationale und kantonale Wahlen seit 1919</em>. Abgerufen am 11. Dezember 2025 von https://www.bfs.admin.ch/bfs/de/home/statistiken/katalog.assetdetail.8586505.html</p>
source_comment: "
165,202,54,1,7,,"page_number_string: 
notes: 
source_full_citation: <p>Bundesamt f&uuml;r Statistik. (2023). <em>Nationalratswahlen: Eingereichte Listen nach Parteien und Kantonen</em>. Abgerufen am 10. November 2025 von https://www.bfs.admin.ch/bfs/de/home/statistiken/katalog.assetdetail.27546292.html</p>
source_comment: "
166,201,54,1,4,,"page_number_string: 
notes: 
source_full_citation: <p>Bundesamt f&uuml;r Statistik. (2023). <em>Nationalratswahlen: Eingereichte Listen nach Parteien und Kantonen</em>. Abgerufen am 10. November 2025 von https://www.bfs.admin.ch/bfs/de/home/statistiken/katalog.assetdetail.27546292.html</p>
source_comment: "
167,214,55,1,1,,"page_number_string: 
notes: 
source_full_citation: <p>Bundesamt f&uuml;r Statistik. (2019). <em>Kanton Luzern: nationale und kantonale Wahlen seit 1919</em>. Abgerufen am 11. Dezember 2025 von https://www.bfs.admin.ch/bfs/de/home/statistiken/katalog.assetdetail.8586505.html</p>
source_comment: "
168,213,55,1,1,,"page_number_string: 
notes: 
source_full_citation: <p>Bundesamt f&uuml;r Statistik. (2019). <em>Kanton Luzern: nationale und kantonale Wahlen seit 1919</em>. Abgerufen am 11. Dezember 2025 von https://www.bfs.admin.ch/bfs/de/home/statistiken/katalog.assetdetail.8586505.html</p>
source_comment: "
169,212,55,1,1,,"page_number_string: 
notes: 
source_full_citation: <p>Bundesamt f&uuml;r Statistik. (2019). <em>Kanton Luzern: nationale und kantonale Wahlen seit 1919</em>. Abgerufen am 11. Dezember 2025 von https://www.bfs.admin.ch/bfs/de/home/statistiken/katalog.assetdetail.8586505.html</p>
source_comment: "
170,211,55,1,1,,"page_number_string: 
notes: 
source_full_citation: <p>Bundesamt f&uuml;r Statistik. (2019). <em>Kanton Luzern: nationale und kantonale Wahlen seit 1919</em>. Abgerufen am 11. Dezember 2025 von https://www.bfs.admin.ch/bfs/de/home/statistiken/katalog.assetdetail.8586505.html</p>
source_comment: "
171,210,55,1,1,,"page_number_string: 
notes: 
source_full_citation: <p>Bundesamt f&uuml;r Statistik. (2019). <em>Kanton Luzern: nationale und kantonale Wahlen seit 1919</em>. Abgerufen am 11. Dezember 2025 von https://www.bfs.admin.ch/bfs/de/home/statistiken/katalog.assetdetail.8586505.html</p>
source_comment: "
172,209,55,1,1,,"page_number_string: 
notes: 
source_full_citation: <p>Bundesamt f&uuml;r Statistik. (2019). <em>Kanton Luzern: nationale und kantonale Wahlen seit 1919</em>. Abgerufen am 11. Dezember 2025 von https://www.bfs.admin.ch/bfs/de/home/statistiken/katalog.assetdetail.8586505.html</p>
source_comment: "
173,208,55,1,1,,"page_number_string: 
notes: 
source_full_citation: <p>Bundesamt f&uuml;r Statistik. (2019). <em>Kanton Luzern: nationale und kantonale Wahlen seit 1919</em>. Abgerufen am 11. Dezember 2025 von https://www.bfs.admin.ch/bfs/de/home/statistiken/katalog.assetdetail.8586505.html</p>
source_comment: "
174,207,55,1,1,,"page_number_string: 
notes: 
source_full_citation: <p>Bundesamt f&uuml;r Statistik. (2019). <em>Kanton Luzern: nationale und kantonale Wahlen seit 1919</em>. Abgerufen am 11. Dezember 2025 von https://www.bfs.admin.ch/bfs/de/home/statistiken/katalog.assetdetail.8586505.html</p>
source_comment: "
175,206,55,1,1,,"page_number_string: 
notes: 
source_full_citation: <p>Bundesamt f&uuml;r Statistik. (2019). <em>Kanton Luzern: nationale und kantonale Wahlen seit 1919</em>. Abgerufen am 11. Dezember 2025 von https://www.bfs.admin.ch/bfs/de/home/statistiken/katalog.assetdetail.8586505.html</p>
source_comment: "
176,205,55,1,3,,"page_number_string: 
notes: 
source_full_citation: <p>Bundesamt f&uuml;r Statistik. (2019). <em>Kanton Luzern: nationale und kantonale Wahlen seit 1919</em>. Abgerufen am 11. Dezember 2025 von https://www.bfs.admin.ch/bfs/de/home/statistiken/katalog.assetdetail.8586505.html</p>
source_comment: "
177,204,55,1,3,,"page_number_string: 
notes: 
source_full_citation: <p>Bundesamt f&uuml;r Statistik. (2019). <em>Kanton Luzern: nationale und kantonale Wahlen seit 1919</em>. Abgerufen am 11. Dezember 2025 von https://www.bfs.admin.ch/bfs/de/home/statistiken/katalog.assetdetail.8586505.html</p>
source_comment: "
178,203,55,1,3,,"page_number_string: 
notes: 
source_full_citation: <p>Bundesamt f&uuml;r Statistik. (2019). <em>Kanton Luzern: nationale und kantonale Wahlen seit 1919</em>. Abgerufen am 11. Dezember 2025 von https://www.bfs.admin.ch/bfs/de/home/statistiken/katalog.assetdetail.8586505.html</p>
source_comment: "
179,202,55,1,6,,"page_number_string: 
notes: 
source_full_citation: <p>Bundesamt f&uuml;r Statistik. (2023). <em>Nationalratswahlen: Eingereichte Listen nach Parteien und Kantonen</em>. Abgerufen am 10. November 2025 von https://www.bfs.admin.ch/bfs/de/home/statistiken/katalog.assetdetail.27546292.html</p>
source_comment: "
180,201,55,1,6,,"page_number_string: 
notes: 
source_full_citation: <p>Bundesamt f&uuml;r Statistik. (2023). <em>Nationalratswahlen: Eingereichte Listen nach Parteien und Kantonen</em>. Abgerufen am 10. November 2025 von https://www.bfs.admin.ch/bfs/de/home/statistiken/katalog.assetdetail.27546292.html</p>
source_comment: "
181,214,56,1,1,,"page_number_string: 
notes: 
source_full_citation: <p>Bundesamt f&uuml;r Statistik. (2019). <em>Kanton Luzern: nationale und kantonale Wahlen seit 1919</em>. Abgerufen am 11. Dezember 2025 von https://www.bfs.admin.ch/bfs/de/home/statistiken/katalog.assetdetail.8586505.html</p>
source_comment: "
182,213,56,1,1,,"page_number_string: 
notes: 
source_full_citation: <p>Bundesamt f&uuml;r Statistik. (2019). <em>Kanton Luzern: nationale und kantonale Wahlen seit 1919</em>. Abgerufen am 11. Dezember 2025 von https://www.bfs.admin.ch/bfs/de/home/statistiken/katalog.assetdetail.8586505.html</p>
source_comment: "
183,212,56,1,1,,"page_number_string: 
notes: 
source_full_citation: <p>Bundesamt f&uuml;r Statistik. (2019). <em>Kanton Luzern: nationale und kantonale Wahlen seit 1919</em>. Abgerufen am 11. Dezember 2025 von https://www.bfs.admin.ch/bfs/de/home/statistiken/katalog.assetdetail.8586505.html</p>
source_comment: "
184,211,56,1,1,,"page_number_string: 
notes: 
source_full_citation: <p>Bundesamt f&uuml;r Statistik. (2019). <em>Kanton Luzern: nationale und kantonale Wahlen seit 1919</em>. Abgerufen am 11. Dezember 2025 von https://www.bfs.admin.ch/bfs/de/home/statistiken/katalog.assetdetail.8586505.html</p>
source_comment: "
185,210,56,1,1,,"page_number_string: 
notes: 
source_full_citation: <p>Bundesamt f&uuml;r Statistik. (2019). <em>Kanton Luzern: nationale und kantonale Wahlen seit 1919</em>. Abgerufen am 11. Dezember 2025 von https://www.bfs.admin.ch/bfs/de/home/statistiken/katalog.assetdetail.8586505.html</p>
source_comment: "
186,209,56,1,1,,"page_number_string: 
notes: 
source_full_citation: <p>Bundesamt f&uuml;r Statistik. (2019). <em>Kanton Luzern: nationale und kantonale Wahlen seit 1919</em>. Abgerufen am 11. Dezember 2025 von https://www.bfs.admin.ch/bfs/de/home/statistiken/katalog.assetdetail.8586505.html</p>
source_comment: "
187,208,56,1,1,,"page_number_string: 
notes: 
source_full_citation: <p>Bundesamt f&uuml;r Statistik. (2019). <em>Kanton Luzern: nationale und kantonale Wahlen seit 1919</em>. Abgerufen am 11. Dezember 2025 von https://www.bfs.admin.ch/bfs/de/home/statistiken/katalog.assetdetail.8586505.html</p>
source_comment: "
188,207,56,1,2,,"page_number_string: 
notes: 
source_full_citation: <p>Bundesamt f&uuml;r Statistik. (2019). <em>Kanton Luzern: nationale und kantonale Wahlen seit 1919</em>. Abgerufen am 11. Dezember 2025 von https://www.bfs.admin.ch/bfs/de/home/statistiken/katalog.assetdetail.8586505.html</p>
source_comment: "
189,206,56,1,3,,"page_number_string: 
notes: 
source_full_citation: <p>Bundesamt f&uuml;r Statistik. (2019). <em>Kanton Luzern: nationale und kantonale Wahlen seit 1919</em>. Abgerufen am 11. Dezember 2025 von https://www.bfs.admin.ch/bfs/de/home/statistiken/katalog.assetdetail.8586505.html</p>
source_comment: "
190,205,56,1,3,,"page_number_string: 
notes: 
source_full_citation: <p>Bundesamt f&uuml;r Statistik. (2019). <em>Kanton Luzern: nationale und kantonale Wahlen seit 1919</em>. Abgerufen am 11. Dezember 2025 von https://www.bfs.admin.ch/bfs/de/home/statistiken/katalog.assetdetail.8586505.html</p>
source_comment: "
191,204,56,1,2,,"page_number_string: 
notes: 
source_full_citation: <p>Bundesamt f&uuml;r Statistik. (2019). <em>Kanton Luzern: nationale und kantonale Wahlen seit 1919</em>. Abgerufen am 11. Dezember 2025 von https://www.bfs.admin.ch/bfs/de/home/statistiken/katalog.assetdetail.8586505.html</p>
source_comment: "
192,203,56,1,2,,"page_number_string: 
notes: 
source_full_citation: <p>Bundesamt f&uuml;r Statistik. (2019). <em>Kanton Luzern: nationale und kantonale Wahlen seit 1919</em>. Abgerufen am 11. Dezember 2025 von https://www.bfs.admin.ch/bfs/de/home/statistiken/katalog.assetdetail.8586505.html</p>
source_comment: "
193,202,56,1,3,,"page_number_string: 
notes: 
source_full_citation: <p>Bundesamt f&uuml;r Statistik. (2023). <em>Nationalratswahlen: Eingereichte Listen nach Parteien und Kantonen</em>. Abgerufen am 10. November 2025 von https://www.bfs.admin.ch/bfs/de/home/statistiken/katalog.assetdetail.27546292.html</p>
source_comment: "
194,201,56,1,11,,"page_number_string: 
notes: 
source_full_citation: <p>Bundesamt f&uuml;r Statistik. (2023). <em>Nationalratswahlen: Eingereichte Listen nach Parteien und Kantonen</em>. Abgerufen am 10. November 2025 von https://www.bfs.admin.ch/bfs/de/home/statistiken/katalog.assetdetail.27546292.html</p>
source_comment: "
195,214,57,1,1,,"page_number_string: 
notes: 
source_full_citation: <p>Bundesamt f&uuml;r Statistik. (2019). <em>Kanton Luzern: nationale und kantonale Wahlen seit 1919</em>. Abgerufen am 11. Dezember 2025 von https://www.bfs.admin.ch/bfs/de/home/statistiken/katalog.assetdetail.8586505.html</p>
source_comment: "
196,213,57,1,2,,"page_number_string: 
notes: 
source_full_citation: <p>Bundesamt f&uuml;r Statistik. (2019). <em>Kanton Luzern: nationale und kantonale Wahlen seit 1919</em>. Abgerufen am 11. Dezember 2025 von https://www.bfs.admin.ch/bfs/de/home/statistiken/katalog.assetdetail.8586505.html</p>
source_comment: "
197,212,57,1,1,,"page_number_string: 
notes: 
source_full_citation: <p>Bundesamt f&uuml;r Statistik. (2019). <em>Kanton Luzern: nationale und kantonale Wahlen seit 1919</em>. Abgerufen am 11. Dezember 2025 von https://www.bfs.admin.ch/bfs/de/home/statistiken/katalog.assetdetail.8586505.html</p>
source_comment: "
198,211,57,1,2,,"page_number_string: 
notes: 
source_full_citation: <p>Bundesamt f&uuml;r Statistik. (2019). <em>Kanton Luzern: nationale und kantonale Wahlen seit 1919</em>. Abgerufen am 11. Dezember 2025 von https://www.bfs.admin.ch/bfs/de/home/statistiken/katalog.assetdetail.8586505.html</p>
source_comment: "
199,210,57,1,2,,"page_number_string: 
notes: 
source_full_citation: <p>Bundesamt f&uuml;r Statistik. (2019). <em>Kanton Luzern: nationale und kantonale Wahlen seit 1919</em>. Abgerufen am 11. Dezember 2025 von https://www.bfs.admin.ch/bfs/de/home/statistiken/katalog.assetdetail.8586505.html</p>
source_comment: "
200,209,57,1,3,,"page_number_string: 
notes: 
source_full_citation: <p>Bundesamt f&uuml;r Statistik. (2019). <em>Kanton Luzern: nationale und kantonale Wahlen seit 1919</em>. Abgerufen am 11. Dezember 2025 von https://www.bfs.admin.ch/bfs/de/home/statistiken/katalog.assetdetail.8586505.html</p>
source_comment: "
201,208,57,1,1,,"page_number_string: 
notes: 
source_full_citation: <p>Bundesamt f&uuml;r Statistik. (2019). <em>Kanton Luzern: nationale und kantonale Wahlen seit 1919</em>. Abgerufen am 11. Dezember 2025 von https://www.bfs.admin.ch/bfs/de/home/statistiken/katalog.assetdetail.8586505.html</p>
source_comment: "
202,207,57,1,2,,"page_number_string: 
notes: 
source_full_citation: <p>Bundesamt f&uuml;r Statistik. (2019). <em>Kanton Luzern: nationale und kantonale Wahlen seit 1919</em>. Abgerufen am 11. Dezember 2025 von https://www.bfs.admin.ch/bfs/de/home/statistiken/katalog.assetdetail.8586505.html</p>
source_comment: "
203,206,57,1,2,,"page_number_string: 
notes: 
source_full_citation: <p>Bundesamt f&uuml;r Statistik. (2019). <em>Kanton Luzern: nationale und kantonale Wahlen seit 1919</em>. Abgerufen am 11. Dezember 2025 von https://www.bfs.admin.ch/bfs/de/home/statistiken/katalog.assetdetail.8586505.html</p>
source_comment: "
204,205,57,1,3,,"page_number_string: 
notes: 
source_full_citation: <p>Bundesamt f&uuml;r Statistik. (2019). <em>Kanton Luzern: nationale und kantonale Wahlen seit 1919</em>. Abgerufen am 11. Dezember 2025 von https://www.bfs.admin.ch/bfs/de/home/statistiken/katalog.assetdetail.8586505.html</p>
source_comment: "
205,204,57,1,3,,"page_number_string: 
notes: 
source_full_citation: <p>Bundesamt f&uuml;r Statistik. (2019). <em>Kanton Luzern: nationale und kantonale Wahlen seit 1919</em>. Abgerufen am 11. Dezember 2025 von https://www.bfs.admin.ch/bfs/de/home/statistiken/katalog.assetdetail.8586505.html</p>
source_comment: "
206,203,57,1,3,,"page_number_string: 
notes: 
source_full_citation: <p>Bundesamt f&uuml;r Statistik. (2019). <em>Kanton Luzern: nationale und kantonale Wahlen seit 1919</em>. Abgerufen am 11. Dezember 2025 von https://www.bfs.admin.ch/bfs/de/home/statistiken/katalog.assetdetail.8586505.html</p>
source_comment: "
207,202,57,1,8,,"page_number_string: 
notes: 
source_full_citation: <p>Bundesamt f&uuml;r Statistik. (2023). <em>Nationalratswahlen: Eingereichte Listen nach Parteien und Kantonen</em>. Abgerufen am 10. November 2025 von https://www.bfs.admin.ch/bfs/de/home/statistiken/katalog.assetdetail.27546292.html</p>
source_comment: "
208,201,57,1,11,,"page_number_string: 
notes: 
source_full_citation: <p>Bundesamt f&uuml;r Statistik. (2023). <em>Nationalratswahlen: Eingereichte Listen nach Parteien und Kantonen</em>. Abgerufen am 10. November 2025 von https://www.bfs.admin.ch/bfs/de/home/statistiken/katalog.assetdetail.27546292.html</p>
source_comment: "
209,209,59,1,1,,"page_number_string: 
notes: 
source_full_citation: <p>Bundesamt f&uuml;r Statistik. (2019). <em>Kanton Luzern: nationale und kantonale Wahlen seit 1919</em>. Abgerufen am 11. Dezember 2025 von https://www.bfs.admin.ch/bfs/de/home/statistiken/katalog.assetdetail.8586505.html</p>
source_comment: "
210,208,59,1,2,,"page_number_string: 
notes: 
source_full_citation: <p>Bundesamt f&uuml;r Statistik. (2019). <em>Kanton Luzern: nationale und kantonale Wahlen seit 1919</em>. Abgerufen am 11. Dezember 2025 von https://www.bfs.admin.ch/bfs/de/home/statistiken/katalog.assetdetail.8586505.html</p>
source_comment: "
211,207,59,1,1,,"page_number_string: 
notes: 
source_full_citation: <p>Bundesamt f&uuml;r Statistik. (2019). <em>Kanton Luzern: nationale und kantonale Wahlen seit 1919</em>. Abgerufen am 11. Dezember 2025 von https://www.bfs.admin.ch/bfs/de/home/statistiken/katalog.assetdetail.8586505.html</p>
source_comment: "
212,206,59,1,2,,"page_number_string: 
notes: 
source_full_citation: <p>Bundesamt f&uuml;r Statistik. (2019). <em>Kanton Luzern: nationale und kantonale Wahlen seit 1919</em>. Abgerufen am 11. Dezember 2025 von https://www.bfs.admin.ch/bfs/de/home/statistiken/katalog.assetdetail.8586505.html</p>
source_comment: "
213,205,59,1,2,,"page_number_string: 
notes: 
source_full_citation: <p>Bundesamt f&uuml;r Statistik. (2019). <em>Kanton Luzern: nationale und kantonale Wahlen seit 1919</em>. Abgerufen am 11. Dezember 2025 von https://www.bfs.admin.ch/bfs/de/home/statistiken/katalog.assetdetail.8586505.html</p>
source_comment: "
214,204,59,1,2,,"page_number_string: 
notes: 
source_full_citation: <p>Bundesamt f&uuml;r Statistik. (2019). <em>Kanton Luzern: nationale und kantonale Wahlen seit 1919</em>. Abgerufen am 11. Dezember 2025 von https://www.bfs.admin.ch/bfs/de/home/statistiken/katalog.assetdetail.8586505.html</p>
source_comment: "
215,203,59,1,2,,"page_number_string: 
notes: 
source_full_citation: <p>Bundesamt f&uuml;r Statistik. (2019). <em>Kanton Luzern: nationale und kantonale Wahlen seit 1919</em>. Abgerufen am 11. Dezember 2025 von https://www.bfs.admin.ch/bfs/de/home/statistiken/katalog.assetdetail.8586505.html</p>
source_comment: "
216,202,59,1,3,,"page_number_string: 
notes: 
source_full_citation: <p>Bundesamt f&uuml;r Statistik. (2023). <em>Nationalratswahlen: Eingereichte Listen nach Parteien und Kantonen</em>. Abgerufen am 10. November 2025 von https://www.bfs.admin.ch/bfs/de/home/statistiken/katalog.assetdetail.27546292.html</p>
source_comment: "
217,201,59,1,5,,"page_number_string: 
notes: 
source_full_citation: <p>Bundesamt f&uuml;r Statistik. (2023). <em>Nationalratswahlen: Eingereichte Listen nach Parteien und Kantonen</em>. Abgerufen am 10. November 2025 von https://www.bfs.admin.ch/bfs/de/home/statistiken/katalog.assetdetail.27546292.html</p>
source_comment: "
218,204,60,1,1,,"page_number_string: 
notes: 
source_full_citation: <p>Bundesamt f&uuml;r Statistik. (2019). <em>Kanton Luzern: nationale und kantonale Wahlen seit 1919</em>. Abgerufen am 11. Dezember 2025 von https://www.bfs.admin.ch/bfs/de/home/statistiken/katalog.assetdetail.8586505.html</p>
source_comment: "
219,203,60,1,2,,"page_number_string: 
notes: 
source_full_citation: <p>Bundesamt f&uuml;r Statistik. (2019). <em>Kanton Luzern: nationale und kantonale Wahlen seit 1919</em>. Abgerufen am 11. Dezember 2025 von https://www.bfs.admin.ch/bfs/de/home/statistiken/katalog.assetdetail.8586505.html</p>
source_comment: "
220,202,60,1,3,,"page_number_string: 
notes: 
source_full_citation: <p>Bundesamt f&uuml;r Statistik. (2023). <em>Nationalratswahlen: Eingereichte Listen nach Parteien und Kantonen</em>. Abgerufen am 10. November 2025 von https://www.bfs.admin.ch/bfs/de/home/statistiken/katalog.assetdetail.27546292.html</p>
source_comment: "
221,201,60,1,5,,"page_number_string: 
notes: 
source_full_citation: <p>Bundesamt f&uuml;r Statistik. (2023). <em>Nationalratswahlen: Eingereichte Listen nach Parteien und Kantonen</em>. Abgerufen am 10. November 2025 von https://www.bfs.admin.ch/bfs/de/home/statistiken/katalog.assetdetail.27546292.html</p>
source_comment: "
222,206,61,1,1,,"page_number_string: 
notes: 
source_full_citation: <p>Bundesamt f&uuml;r Statistik. (2019). <em>Kanton Luzern: nationale und kantonale Wahlen seit 1919</em>. Abgerufen am 11. Dezember 2025 von https://www.bfs.admin.ch/bfs/de/home/statistiken/katalog.assetdetail.8586505.html</p>
source_comment: "
223,205,61,1,1,,"page_number_string: 
notes: 
source_full_citation: <p>Bundesamt f&uuml;r Statistik. (2019). <em>Kanton Luzern: nationale und kantonale Wahlen seit 1919</em>. Abgerufen am 11. Dezember 2025 von https://www.bfs.admin.ch/bfs/de/home/statistiken/katalog.assetdetail.8586505.html</p>
source_comment: "
224,204,61,1,1,,"page_number_string: 
notes: 
source_full_citation: <p>Bundesamt f&uuml;r Statistik. (2019). <em>Kanton Luzern: nationale und kantonale Wahlen seit 1919</em>. Abgerufen am 11. Dezember 2025 von https://www.bfs.admin.ch/bfs/de/home/statistiken/katalog.assetdetail.8586505.html</p>
source_comment: "
225,203,61,1,1,,"page_number_string: 
notes: 
source_full_citation: <p>Bundesamt f&uuml;r Statistik. (2019). <em>Kanton Luzern: nationale und kantonale Wahlen seit 1919</em>. Abgerufen am 11. Dezember 2025 von https://www.bfs.admin.ch/bfs/de/home/statistiken/katalog.assetdetail.8586505.html</p>
source_comment: "
226,202,61,1,1,,"page_number_string: 
notes: 
source_full_citation: <p>Bundesamt f&uuml;r Statistik. (2023). <em>Nationalratswahlen: Eingereichte Listen nach Parteien und Kantonen</em>. Abgerufen am 10. November 2025 von https://www.bfs.admin.ch/bfs/de/home/statistiken/katalog.assetdetail.27546292.html</p>
source_comment: "
227,201,61,1,1,,"page_number_string: 
notes: 
source_full_citation: <p>Bundesamt f&uuml;r Statistik. (2023). <em>Nationalratswahlen: Eingereichte Listen nach Parteien und Kantonen</em>. Abgerufen am 10. November 2025 von https://www.bfs.admin.ch/bfs/de/home/statistiken/katalog.assetdetail.27546292.html</p>
source_comment: "
228,207,62,1,1,,"page_number_string: 
notes: 
source_full_citation: <p>Bundesamt f&uuml;r Statistik. (2019). <em>Kanton Luzern: nationale und kantonale Wahlen seit 1919</em>. Abgerufen am 11. Dezember 2025 von https://www.bfs.admin.ch/bfs/de/home/statistiken/katalog.assetdetail.8586505.html</p>
source_comment: "
229,204,63,1,1,,"page_number_string: 
notes: 
source_full_citation: <p>Bundesamt f&uuml;r Statistik. (2019). <em>Kanton Luzern: nationale und kantonale Wahlen seit 1919</em>. Abgerufen am 11. Dezember 2025 von https://www.bfs.admin.ch/bfs/de/home/statistiken/katalog.assetdetail.8586505.html</p>
source_comment: "
230,203,63,1,1,,"page_number_string: 
notes: 
source_full_citation: <p>Bundesamt f&uuml;r Statistik. (2019). <em>Kanton Luzern: nationale und kantonale Wahlen seit 1919</em>. Abgerufen am 11. Dezember 2025 von https://www.bfs.admin.ch/bfs/de/home/statistiken/katalog.assetdetail.8586505.html</p>
source_comment: "
231,213,64,1,1,,"page_number_string: 
notes: 
source_full_citation: <p>Bundesamt f&uuml;r Statistik. (2019). <em>Kanton Luzern: nationale und kantonale Wahlen seit 1919</em>. Abgerufen am 11. Dezember 2025 von https://www.bfs.admin.ch/bfs/de/home/statistiken/katalog.assetdetail.8586505.html</p>
source_comment: "
232,212,64,1,1,,"page_number_string: 
notes: 
source_full_citation: <p>Bundesamt f&uuml;r Statistik. (2019). <em>Kanton Luzern: nationale und kantonale Wahlen seit 1919</em>. Abgerufen am 11. Dezember 2025 von https://www.bfs.admin.ch/bfs/de/home/statistiken/katalog.assetdetail.8586505.html</p>
source_comment: "
233,211,64,1,1,,"page_number_string: 
notes: 
source_full_citation: <p>Bundesamt f&uuml;r Statistik. (2019). <em>Kanton Luzern: nationale und kantonale Wahlen seit 1919</em>. Abgerufen am 11. Dezember 2025 von https://www.bfs.admin.ch/bfs/de/home/statistiken/katalog.assetdetail.8586505.html</p>
source_comment: "
234,380,74,1,1,,"page_number_string: 
notes: 
source_full_citation: <p>Bundesamt f&uuml;r Statistik. (2020). <em>Kanton Basel-Stadt: nationale und kantonale Wahlen seit 1919</em>. Abgerufen am 12. Januar 2026 von https://www.bfs.admin.ch/bfs/de/home/statistiken/katalog.assetdetail.14836245.html</p>
source_comment: "
235,382,74,1,1,,"page_number_string: 
notes: 
source_full_citation: <p>Bundesamt f&uuml;r Statistik. (2020). <em>Kanton Basel-Stadt: nationale und kantonale Wahlen seit 1919</em>. Abgerufen am 12. Januar 2026 von https://www.bfs.admin.ch/bfs/de/home/statistiken/katalog.assetdetail.14836245.html</p>
source_comment: "
236,383,74,1,2,,"page_number_string: 
notes: 
source_full_citation: <p>Bundesamt f&uuml;r Statistik. (2020). <em>Kanton Basel-Stadt: nationale und kantonale Wahlen seit 1919</em>. Abgerufen am 12. Januar 2026 von https://www.bfs.admin.ch/bfs/de/home/statistiken/katalog.assetdetail.14836245.html</p>
source_comment: "
237,384,74,1,2,,"page_number_string: 
notes: 
source_full_citation: <p>Bundesamt f&uuml;r Statistik. (2020). <em>Kanton Basel-Stadt: nationale und kantonale Wahlen seit 1919</em>. Abgerufen am 12. Januar 2026 von https://www.bfs.admin.ch/bfs/de/home/statistiken/katalog.assetdetail.14836245.html</p>
source_comment: "
238,385,74,1,3,,"page_number_string: 
notes: 
source_full_citation: <p>Bundesamt f&uuml;r Statistik. (2020). <em>Kanton Basel-Stadt: nationale und kantonale Wahlen seit 1919</em>. Abgerufen am 12. Januar 2026 von https://www.bfs.admin.ch/bfs/de/home/statistiken/katalog.assetdetail.14836245.html</p>
source_comment: "
239,386,74,1,4,,"page_number_string: 
notes: 
source_full_citation: <p>Bundesamt f&uuml;r Statistik. (2020). <em>Kanton Basel-Stadt: nationale und kantonale Wahlen seit 1919</em>. Abgerufen am 12. Januar 2026 von https://www.bfs.admin.ch/bfs/de/home/statistiken/katalog.assetdetail.14836245.html</p>
source_comment: "
240,387,74,1,4,,"page_number_string: 
notes: 
source_full_citation: <p>Bundesamt f&uuml;r Statistik. (2020). <em>Kanton Basel-Stadt: nationale und kantonale Wahlen seit 1919</em>. Abgerufen am 12. Januar 2026 von https://www.bfs.admin.ch/bfs/de/home/statistiken/katalog.assetdetail.14836245.html</p>
source_comment: "
241,388,74,1,4,,"page_number_string: 
notes: 
source_full_citation: <p>Bundesamt f&uuml;r Statistik. (2023). <em>Nationalratswahlen: Eingereichte Listen nach Parteien und Kantonen</em>. Abgerufen am 10. November 2025 von https://www.bfs.admin.ch/bfs/de/home/statistiken/katalog.assetdetail.27546292.html</p>
source_comment: "
242,375,75,1,1,,"page_number_string: 
notes: 
source_full_citation: <p>Bundesamt f&uuml;r Statistik. (2020). <em>Kanton Basel-Stadt: nationale und kantonale Wahlen seit 1919</em>. Abgerufen am 12. Januar 2026 von https://www.bfs.admin.ch/bfs/de/home/statistiken/katalog.assetdetail.14836245.html</p>
source_comment: "
243,376,75,1,1,,"page_number_string: 
notes: 
source_full_citation: <p>Bundesamt f&uuml;r Statistik. (2020). <em>Kanton Basel-Stadt: nationale und kantonale Wahlen seit 1919</em>. Abgerufen am 12. Januar 2026 von https://www.bfs.admin.ch/bfs/de/home/statistiken/katalog.assetdetail.14836245.html</p>
source_comment: "
244,377,75,1,1,,"page_number_string: 
notes: 
source_full_citation: <p>Bundesamt f&uuml;r Statistik. (2020). <em>Kanton Basel-Stadt: nationale und kantonale Wahlen seit 1919</em>. Abgerufen am 12. Januar 2026 von https://www.bfs.admin.ch/bfs/de/home/statistiken/katalog.assetdetail.14836245.html</p>
source_comment: "
245,378,75,1,1,,"page_number_string: 
notes: 
source_full_citation: <p>Bundesamt f&uuml;r Statistik. (2020). <em>Kanton Basel-Stadt: nationale und kantonale Wahlen seit 1919</em>. Abgerufen am 12. Januar 2026 von https://www.bfs.admin.ch/bfs/de/home/statistiken/katalog.assetdetail.14836245.html</p>
source_comment: "
246,379,75,1,1,,"page_number_string: 
notes: 
source_full_citation: <p>Bundesamt f&uuml;r Statistik. (2020). <em>Kanton Basel-Stadt: nationale und kantonale Wahlen seit 1919</em>. Abgerufen am 12. Januar 2026 von https://www.bfs.admin.ch/bfs/de/home/statistiken/katalog.assetdetail.14836245.html</p>
source_comment: "
247,380,75,1,1,,"page_number_string: 
notes: 
source_full_citation: <p>Bundesamt f&uuml;r Statistik. (2020). <em>Kanton Basel-Stadt: nationale und kantonale Wahlen seit 1919</em>. Abgerufen am 12. Januar 2026 von https://www.bfs.admin.ch/bfs/de/home/statistiken/katalog.assetdetail.14836245.html</p>
source_comment: "
248,381,75,1,1,,"page_number_string: 
notes: 
source_full_citation: <p>Bundesamt f&uuml;r Statistik. (2020). <em>Kanton Basel-Stadt: nationale und kantonale Wahlen seit 1919</em>. Abgerufen am 12. Januar 2026 von https://www.bfs.admin.ch/bfs/de/home/statistiken/katalog.assetdetail.14836245.html</p>
source_comment: "
249,382,75,1,1,,"page_number_string: 
notes: 
source_full_citation: <p>Bundesamt f&uuml;r Statistik. (2020). <em>Kanton Basel-Stadt: nationale und kantonale Wahlen seit 1919</em>. Abgerufen am 12. Januar 2026 von https://www.bfs.admin.ch/bfs/de/home/statistiken/katalog.assetdetail.14836245.html</p>
source_comment: "
250,383,75,1,2,,"page_number_string: 
notes: 
source_full_citation: <p>Bundesamt f&uuml;r Statistik. (2020). <em>Kanton Basel-Stadt: nationale und kantonale Wahlen seit 1919</em>. Abgerufen am 12. Januar 2026 von https://www.bfs.admin.ch/bfs/de/home/statistiken/katalog.assetdetail.14836245.html</p>
source_comment: "
251,384,75,1,2,,"page_number_string: 
notes: 
source_full_citation: <p>Bundesamt f&uuml;r Statistik. (2020). <em>Kanton Basel-Stadt: nationale und kantonale Wahlen seit 1919</em>. Abgerufen am 12. Januar 2026 von https://www.bfs.admin.ch/bfs/de/home/statistiken/katalog.assetdetail.14836245.html</p>
source_comment: "
252,385,75,1,2,,"page_number_string: 
notes: 
source_full_citation: <p>Bundesamt f&uuml;r Statistik. (2020). <em>Kanton Basel-Stadt: nationale und kantonale Wahlen seit 1919</em>. Abgerufen am 12. Januar 2026 von https://www.bfs.admin.ch/bfs/de/home/statistiken/katalog.assetdetail.14836245.html</p>
source_comment: "
253,386,75,1,2,,"page_number_string: 
notes: 
source_full_citation: <p>Bundesamt f&uuml;r Statistik. (2020). <em>Kanton Basel-Stadt: nationale und kantonale Wahlen seit 1919</em>. Abgerufen am 12. Januar 2026 von https://www.bfs.admin.ch/bfs/de/home/statistiken/katalog.assetdetail.14836245.html</p>
source_comment: "
254,387,75,1,3,,"page_number_string: 
notes: 
source_full_citation: <p>Bundesamt f&uuml;r Statistik. (2020). <em>Kanton Basel-Stadt: nationale und kantonale Wahlen seit 1919</em>. Abgerufen am 12. Januar 2026 von https://www.bfs.admin.ch/bfs/de/home/statistiken/katalog.assetdetail.14836245.html</p>
source_comment: "
255,388,75,1,3,,"page_number_string: 
notes: 
source_full_citation: <p>Bundesamt f&uuml;r Statistik. (2023). <em>Nationalratswahlen: Eingereichte Listen nach Parteien und Kantonen</em>. Abgerufen am 10. November 2025 von https://www.bfs.admin.ch/bfs/de/home/statistiken/katalog.assetdetail.27546292.html</p>
source_comment: "
256,375,76,1,1,,"page_number_string: 
notes: 
source_full_citation: <p>Bundesamt f&uuml;r Statistik. (2020). <em>Kanton Basel-Stadt: nationale und kantonale Wahlen seit 1919</em>. Abgerufen am 12. Januar 2026 von https://www.bfs.admin.ch/bfs/de/home/statistiken/katalog.assetdetail.14836245.html</p>
source_comment: "
257,376,76,1,1,,"page_number_string: 
notes: 
source_full_citation: <p>Bundesamt f&uuml;r Statistik. (2020). <em>Kanton Basel-Stadt: nationale und kantonale Wahlen seit 1919</em>. Abgerufen am 12. Januar 2026 von https://www.bfs.admin.ch/bfs/de/home/statistiken/katalog.assetdetail.14836245.html</p>
source_comment: "
258,377,76,1,1,,"page_number_string: 
notes: 
source_full_citation: <p>Bundesamt f&uuml;r Statistik. (2020). <em>Kanton Basel-Stadt: nationale und kantonale Wahlen seit 1919</em>. Abgerufen am 12. Januar 2026 von https://www.bfs.admin.ch/bfs/de/home/statistiken/katalog.assetdetail.14836245.html</p>
source_comment: "
259,378,76,1,1,,"page_number_string: 
notes: 
source_full_citation: <p>Bundesamt f&uuml;r Statistik. (2020). <em>Kanton Basel-Stadt: nationale und kantonale Wahlen seit 1919</em>. Abgerufen am 12. Januar 2026 von https://www.bfs.admin.ch/bfs/de/home/statistiken/katalog.assetdetail.14836245.html</p>
source_comment: "
260,379,76,1,1,,"page_number_string: 
notes: 
source_full_citation: <p>Bundesamt f&uuml;r Statistik. (2020). <em>Kanton Basel-Stadt: nationale und kantonale Wahlen seit 1919</em>. Abgerufen am 12. Januar 2026 von https://www.bfs.admin.ch/bfs/de/home/statistiken/katalog.assetdetail.14836245.html</p>
source_comment: "
261,380,76,1,1,,"page_number_string: 
notes: 
source_full_citation: <p>Bundesamt f&uuml;r Statistik. (2020). <em>Kanton Basel-Stadt: nationale und kantonale Wahlen seit 1919</em>. Abgerufen am 12. Januar 2026 von https://www.bfs.admin.ch/bfs/de/home/statistiken/katalog.assetdetail.14836245.html</p>
source_comment: "
262,381,76,1,1,,"page_number_string: 
notes: 
source_full_citation: <p>Bundesamt f&uuml;r Statistik. (2020). <em>Kanton Basel-Stadt: nationale und kantonale Wahlen seit 1919</em>. Abgerufen am 12. Januar 2026 von https://www.bfs.admin.ch/bfs/de/home/statistiken/katalog.assetdetail.14836245.html</p>
source_comment: "
263,382,76,1,2,,"page_number_string: 
notes: 
source_full_citation: <p>Bundesamt f&uuml;r Statistik. (2020). <em>Kanton Basel-Stadt: nationale und kantonale Wahlen seit 1919</em>. Abgerufen am 12. Januar 2026 von https://www.bfs.admin.ch/bfs/de/home/statistiken/katalog.assetdetail.14836245.html</p>
source_comment: "
264,383,76,1,2,,"page_number_string: 
notes: 
source_full_citation: <p>Bundesamt f&uuml;r Statistik. (2020). <em>Kanton Basel-Stadt: nationale und kantonale Wahlen seit 1919</em>. Abgerufen am 12. Januar 2026 von https://www.bfs.admin.ch/bfs/de/home/statistiken/katalog.assetdetail.14836245.html</p>
source_comment: "
265,384,76,1,2,,"page_number_string: 
notes: 
source_full_citation: <p>Bundesamt f&uuml;r Statistik. (2020). <em>Kanton Basel-Stadt: nationale und kantonale Wahlen seit 1919</em>. Abgerufen am 12. Januar 2026 von https://www.bfs.admin.ch/bfs/de/home/statistiken/katalog.assetdetail.14836245.html</p>
source_comment: "
266,385,76,1,3,,"page_number_string: 
notes: 
source_full_citation: <p>Bundesamt f&uuml;r Statistik. (2020). <em>Kanton Basel-Stadt: nationale und kantonale Wahlen seit 1919</em>. Abgerufen am 12. Januar 2026 von https://www.bfs.admin.ch/bfs/de/home/statistiken/katalog.assetdetail.14836245.html</p>
source_comment: "
267,386,76,1,4,,"page_number_string: 
notes: 
source_full_citation: <p>Bundesamt f&uuml;r Statistik. (2020). <em>Kanton Basel-Stadt: nationale und kantonale Wahlen seit 1919</em>. Abgerufen am 12. Januar 2026 von https://www.bfs.admin.ch/bfs/de/home/statistiken/katalog.assetdetail.14836245.html</p>
source_comment: "
268,387,76,1,3,,"page_number_string: 
notes: 
source_full_citation: <p>Bundesamt f&uuml;r Statistik. (2020). <em>Kanton Basel-Stadt: nationale und kantonale Wahlen seit 1919</em>. Abgerufen am 12. Januar 2026 von https://www.bfs.admin.ch/bfs/de/home/statistiken/katalog.assetdetail.14836245.html</p>
source_comment: "
269,388,76,1,3,,"page_number_string: 
notes: 
source_full_citation: <p>Bundesamt f&uuml;r Statistik. (2023). <em>Nationalratswahlen: Eingereichte Listen nach Parteien und Kantonen</em>. Abgerufen am 10. November 2025 von https://www.bfs.admin.ch/bfs/de/home/statistiken/katalog.assetdetail.27546292.html</p>
source_comment: "
270,375,77,1,1,,"page_number_string: 
notes: 
source_full_citation: <p>Bundesamt f&uuml;r Statistik. (2020). <em>Kanton Basel-Stadt: nationale und kantonale Wahlen seit 1919</em>. Abgerufen am 12. Januar 2026 von https://www.bfs.admin.ch/bfs/de/home/statistiken/katalog.assetdetail.14836245.html</p>
source_comment: "
271,376,77,1,1,,"page_number_string: 
notes: 
source_full_citation: <p>Bundesamt f&uuml;r Statistik. (2020). <em>Kanton Basel-Stadt: nationale und kantonale Wahlen seit 1919</em>. Abgerufen am 12. Januar 2026 von https://www.bfs.admin.ch/bfs/de/home/statistiken/katalog.assetdetail.14836245.html</p>
source_comment: "
272,377,77,1,1,,"page_number_string: 
notes: 
source_full_citation: <p>Bundesamt f&uuml;r Statistik. (2020). <em>Kanton Basel-Stadt: nationale und kantonale Wahlen seit 1919</em>. Abgerufen am 12. Januar 2026 von https://www.bfs.admin.ch/bfs/de/home/statistiken/katalog.assetdetail.14836245.html</p>
source_comment: "
273,378,77,1,1,,"page_number_string: 
notes: 
source_full_citation: <p>Bundesamt f&uuml;r Statistik. (2020). <em>Kanton Basel-Stadt: nationale und kantonale Wahlen seit 1919</em>. Abgerufen am 12. Januar 2026 von https://www.bfs.admin.ch/bfs/de/home/statistiken/katalog.assetdetail.14836245.html</p>
source_comment: "
274,379,77,1,1,,"page_number_string: 
notes: 
source_full_citation: <p>Bundesamt f&uuml;r Statistik. (2020). <em>Kanton Basel-Stadt: nationale und kantonale Wahlen seit 1919</em>. Abgerufen am 12. Januar 2026 von https://www.bfs.admin.ch/bfs/de/home/statistiken/katalog.assetdetail.14836245.html</p>
source_comment: "
275,380,77,1,1,,"page_number_string: 
notes: 
source_full_citation: <p>Bundesamt f&uuml;r Statistik. (2020). <em>Kanton Basel-Stadt: nationale und kantonale Wahlen seit 1919</em>. Abgerufen am 12. Januar 2026 von https://www.bfs.admin.ch/bfs/de/home/statistiken/katalog.assetdetail.14836245.html</p>
source_comment: "
276,381,77,1,1,,"page_number_string: 
notes: 
source_full_citation: <p>Bundesamt f&uuml;r Statistik. (2020). <em>Kanton Basel-Stadt: nationale und kantonale Wahlen seit 1919</em>. Abgerufen am 12. Januar 2026 von https://www.bfs.admin.ch/bfs/de/home/statistiken/katalog.assetdetail.14836245.html</p>
source_comment: "
277,382,77,1,1,,"page_number_string: 
notes: 
source_full_citation: <p>Bundesamt f&uuml;r Statistik. (2020). <em>Kanton Basel-Stadt: nationale und kantonale Wahlen seit 1919</em>. Abgerufen am 12. Januar 2026 von https://www.bfs.admin.ch/bfs/de/home/statistiken/katalog.assetdetail.14836245.html</p>
source_comment: "
278,383,77,1,1,,"page_number_string: 
notes: 
source_full_citation: <p>Bundesamt f&uuml;r Statistik. (2020). <em>Kanton Basel-Stadt: nationale und kantonale Wahlen seit 1919</em>. Abgerufen am 12. Januar 2026 von https://www.bfs.admin.ch/bfs/de/home/statistiken/katalog.assetdetail.14836245.html</p>
source_comment: "
279,384,77,1,2,,"page_number_string: 
notes: 
source_full_citation: <p>Bundesamt f&uuml;r Statistik. (2020). <em>Kanton Basel-Stadt: nationale und kantonale Wahlen seit 1919</em>. Abgerufen am 12. Januar 2026 von https://www.bfs.admin.ch/bfs/de/home/statistiken/katalog.assetdetail.14836245.html</p>
source_comment: "
280,385,77,1,3,,"page_number_string: 
notes: 
source_full_citation: <p>Bundesamt f&uuml;r Statistik. (2020). <em>Kanton Basel-Stadt: nationale und kantonale Wahlen seit 1919</em>. Abgerufen am 12. Januar 2026 von https://www.bfs.admin.ch/bfs/de/home/statistiken/katalog.assetdetail.14836245.html</p>
source_comment: "
281,386,77,1,3,,"page_number_string: 
notes: 
source_full_citation: <p>Bundesamt f&uuml;r Statistik. (2020). <em>Kanton Basel-Stadt: nationale und kantonale Wahlen seit 1919</em>. Abgerufen am 12. Januar 2026 von https://www.bfs.admin.ch/bfs/de/home/statistiken/katalog.assetdetail.14836245.html</p>
source_comment: "
282,387,77,1,3,,"page_number_string: 
notes: 
source_full_citation: <p>Bundesamt f&uuml;r Statistik. (2020). <em>Kanton Basel-Stadt: nationale und kantonale Wahlen seit 1919</em>. Abgerufen am 12. Januar 2026 von https://www.bfs.admin.ch/bfs/de/home/statistiken/katalog.assetdetail.14836245.html</p>
source_comment: "
283,388,77,1,3,,"page_number_string: 
notes: 
source_full_citation: <p>Bundesamt f&uuml;r Statistik. (2023). <em>Nationalratswahlen: Eingereichte Listen nach Parteien und Kantonen</em>. Abgerufen am 10. November 2025 von https://www.bfs.admin.ch/bfs/de/home/statistiken/katalog.assetdetail.27546292.html</p>
source_comment: "
284,385,82,1,3,,"page_number_string: 
notes: 
source_full_citation: <p>Bundesamt f&uuml;r Statistik. (2020). <em>Kanton Basel-Stadt: nationale und kantonale Wahlen seit 1919</em>. Abgerufen am 12. Januar 2026 von https://www.bfs.admin.ch/bfs/de/home/statistiken/katalog.assetdetail.14836245.html</p>
source_comment: "
285,386,82,1,3,,"page_number_string: 
notes: 
source_full_citation: <p>Bundesamt f&uuml;r Statistik. (2020). <em>Kanton Basel-Stadt: nationale und kantonale Wahlen seit 1919</em>. Abgerufen am 12. Januar 2026 von https://www.bfs.admin.ch/bfs/de/home/statistiken/katalog.assetdetail.14836245.html</p>
source_comment: "
286,387,82,1,2,,"page_number_string: 
notes: 
source_full_citation: <p>Bundesamt f&uuml;r Statistik. (2020). <em>Kanton Basel-Stadt: nationale und kantonale Wahlen seit 1919</em>. Abgerufen am 12. Januar 2026 von https://www.bfs.admin.ch/bfs/de/home/statistiken/katalog.assetdetail.14836245.html</p>
source_comment: "
287,388,82,1,7,,"page_number_string: 
notes: 
source_full_citation: <p>Bundesamt f&uuml;r Statistik. (2023). <em>Nationalratswahlen: Eingereichte Listen nach Parteien und Kantonen</em>. Abgerufen am 10. November 2025 von https://www.bfs.admin.ch/bfs/de/home/statistiken/katalog.assetdetail.27546292.html</p>
source_comment: "
288,376,83,1,1,,"page_number_string: 
notes: 
source_full_citation: <p>Bundesamt f&uuml;r Statistik. (2020). <em>Kanton Basel-Stadt: nationale und kantonale Wahlen seit 1919</em>. Abgerufen am 12. Januar 2026 von https://www.bfs.admin.ch/bfs/de/home/statistiken/katalog.assetdetail.14836245.html</p>
source_comment: "
289,378,83,1,1,,"page_number_string: 
notes: 
source_full_citation: <p>Bundesamt f&uuml;r Statistik. (2020). <em>Kanton Basel-Stadt: nationale und kantonale Wahlen seit 1919</em>. Abgerufen am 12. Januar 2026 von https://www.bfs.admin.ch/bfs/de/home/statistiken/katalog.assetdetail.14836245.html</p>
source_comment: "
290,379,83,1,1,,"page_number_string: 
notes: 
source_full_citation: <p>Bundesamt f&uuml;r Statistik. (2020). <em>Kanton Basel-Stadt: nationale und kantonale Wahlen seit 1919</em>. Abgerufen am 12. Januar 2026 von https://www.bfs.admin.ch/bfs/de/home/statistiken/katalog.assetdetail.14836245.html</p>
source_comment: "
291,380,83,1,1,,"page_number_string: 
notes: 
source_full_citation: <p>Bundesamt f&uuml;r Statistik. (2020). <em>Kanton Basel-Stadt: nationale und kantonale Wahlen seit 1919</em>. Abgerufen am 12. Januar 2026 von https://www.bfs.admin.ch/bfs/de/home/statistiken/katalog.assetdetail.14836245.html</p>
source_comment: "
292,381,83,1,1,,"page_number_string: 
notes: 
source_full_citation: <p>Bundesamt f&uuml;r Statistik. (2020). <em>Kanton Basel-Stadt: nationale und kantonale Wahlen seit 1919</em>. Abgerufen am 12. Januar 2026 von https://www.bfs.admin.ch/bfs/de/home/statistiken/katalog.assetdetail.14836245.html</p>
source_comment: "
293,382,83,1,1,,"page_number_string: 
notes: 
source_full_citation: <p>Bundesamt f&uuml;r Statistik. (2020). <em>Kanton Basel-Stadt: nationale und kantonale Wahlen seit 1919</em>. Abgerufen am 12. Januar 2026 von https://www.bfs.admin.ch/bfs/de/home/statistiken/katalog.assetdetail.14836245.html</p>
source_comment: "
294,383,83,1,1,,"page_number_string: 
notes: 
source_full_citation: <p>Bundesamt f&uuml;r Statistik. (2020). <em>Kanton Basel-Stadt: nationale und kantonale Wahlen seit 1919</em>. Abgerufen am 12. Januar 2026 von https://www.bfs.admin.ch/bfs/de/home/statistiken/katalog.assetdetail.14836245.html</p>
source_comment: "
295,384,83,1,1,,"page_number_string: 
notes: 
source_full_citation: <p>Bundesamt f&uuml;r Statistik. (2020). <em>Kanton Basel-Stadt: nationale und kantonale Wahlen seit 1919</em>. Abgerufen am 12. Januar 2026 von https://www.bfs.admin.ch/bfs/de/home/statistiken/katalog.assetdetail.14836245.html</p>
source_comment: "
296,385,83,1,1,,"page_number_string: 
notes: 
source_full_citation: <p>Bundesamt f&uuml;r Statistik. (2020). <em>Kanton Basel-Stadt: nationale und kantonale Wahlen seit 1919</em>. Abgerufen am 12. Januar 2026 von https://www.bfs.admin.ch/bfs/de/home/statistiken/katalog.assetdetail.14836245.html</p>
source_comment: "
297,386,83,1,1,,"page_number_string: 
notes: 
source_full_citation: <p>Bundesamt f&uuml;r Statistik. (2020). <em>Kanton Basel-Stadt: nationale und kantonale Wahlen seit 1919</em>. Abgerufen am 12. Januar 2026 von https://www.bfs.admin.ch/bfs/de/home/statistiken/katalog.assetdetail.14836245.html</p>
source_comment: "
298,387,83,1,1,,"page_number_string: 
notes: 
source_full_citation: <p>Bundesamt f&uuml;r Statistik. (2020). <em>Kanton Basel-Stadt: nationale und kantonale Wahlen seit 1919</em>. Abgerufen am 12. Januar 2026 von https://www.bfs.admin.ch/bfs/de/home/statistiken/katalog.assetdetail.14836245.html</p>
source_comment: "
299,388,83,1,1,,"page_number_string: 
notes: 
source_full_citation: <p>Bundesamt f&uuml;r Statistik. (2023). <em>Nationalratswahlen: Eingereichte Listen nach Parteien und Kantonen</em>. Abgerufen am 10. November 2025 von https://www.bfs.admin.ch/bfs/de/home/statistiken/katalog.assetdetail.27546292.html</p>
source_comment: "
300,380,85,1,1,,"page_number_string: 
notes: 
source_full_citation: <p>Bundesamt f&uuml;r Statistik. (2020). <em>Kanton Basel-Stadt: nationale und kantonale Wahlen seit 1919</em>. Abgerufen am 12. Januar 2026 von https://www.bfs.admin.ch/bfs/de/home/statistiken/katalog.assetdetail.14836245.html</p>
source_comment: "
301,383,85,1,1,,"page_number_string: 
notes: 
source_full_citation: <p>Bundesamt f&uuml;r Statistik. (2020). <em>Kanton Basel-Stadt: nationale und kantonale Wahlen seit 1919</em>. Abgerufen am 12. Januar 2026 von https://www.bfs.admin.ch/bfs/de/home/statistiken/katalog.assetdetail.14836245.html</p>
source_comment: "
302,384,85,1,1,,"page_number_string: 
notes: 
source_full_citation: <p>Bundesamt f&uuml;r Statistik. (2020). <em>Kanton Basel-Stadt: nationale und kantonale Wahlen seit 1919</em>. Abgerufen am 12. Januar 2026 von https://www.bfs.admin.ch/bfs/de/home/statistiken/katalog.assetdetail.14836245.html</p>
source_comment: "
303,385,85,1,1,,"page_number_string: 
notes: 
source_full_citation: <p>Bundesamt f&uuml;r Statistik. (2020). <em>Kanton Basel-Stadt: nationale und kantonale Wahlen seit 1919</em>. Abgerufen am 12. Januar 2026 von https://www.bfs.admin.ch/bfs/de/home/statistiken/katalog.assetdetail.14836245.html</p>
source_comment: "
304,386,85,1,1,,"page_number_string: 
notes: 
source_full_citation: <p>Bundesamt f&uuml;r Statistik. (2020). <em>Kanton Basel-Stadt: nationale und kantonale Wahlen seit 1919</em>. Abgerufen am 12. Januar 2026 von https://www.bfs.admin.ch/bfs/de/home/statistiken/katalog.assetdetail.14836245.html</p>
source_comment: "
305,387,85,1,1,,"page_number_string: 
notes: 
source_full_citation: <p>Bundesamt f&uuml;r Statistik. (2020). <em>Kanton Basel-Stadt: nationale und kantonale Wahlen seit 1919</em>. Abgerufen am 12. Januar 2026 von https://www.bfs.admin.ch/bfs/de/home/statistiken/katalog.assetdetail.14836245.html</p>
source_comment: "
306,388,85,1,1,,"page_number_string: 
notes: 
source_full_citation: <p>Bundesamt f&uuml;r Statistik. (2023). <em>Nationalratswahlen: Eingereichte Listen nach Parteien und Kantonen</em>. Abgerufen am 10. November 2025 von https://www.bfs.admin.ch/bfs/de/home/statistiken/katalog.assetdetail.27546292.html</p>
source_comment: "
307,385,87,1,1,,"page_number_string: 
notes: 
source_full_citation: <p>Bundesamt f&uuml;r Statistik. (2020). <em>Kanton Basel-Stadt: nationale und kantonale Wahlen seit 1919</em>. Abgerufen am 12. Januar 2026 von https://www.bfs.admin.ch/bfs/de/home/statistiken/katalog.assetdetail.14836245.html</p>
source_comment: "
308,386,87,1,1,,"page_number_string: 
notes: 
source_full_citation: <p>Bundesamt f&uuml;r Statistik. (2020). <em>Kanton Basel-Stadt: nationale und kantonale Wahlen seit 1919</em>. Abgerufen am 12. Januar 2026 von https://www.bfs.admin.ch/bfs/de/home/statistiken/katalog.assetdetail.14836245.html</p>
source_comment: "
309,387,87,1,1,,"page_number_string: 
notes: 
source_full_citation: <p>Bundesamt f&uuml;r Statistik. (2020). <em>Kanton Basel-Stadt: nationale und kantonale Wahlen seit 1919</em>. Abgerufen am 12. Januar 2026 von https://www.bfs.admin.ch/bfs/de/home/statistiken/katalog.assetdetail.14836245.html</p>
source_comment: "
310,375,88,1,1,,"page_number_string: 
notes: 
source_full_citation: <p>Bundesamt f&uuml;r Statistik. (2020). <em>Kanton Basel-Stadt: nationale und kantonale Wahlen seit 1919</em>. Abgerufen am 12. Januar 2026 von https://www.bfs.admin.ch/bfs/de/home/statistiken/katalog.assetdetail.14836245.html</p>
source_comment: "
311,376,88,1,1,,"page_number_string: 
notes: 
source_full_citation: <p>Bundesamt f&uuml;r Statistik. (2020). <em>Kanton Basel-Stadt: nationale und kantonale Wahlen seit 1919</em>. Abgerufen am 12. Januar 2026 von https://www.bfs.admin.ch/bfs/de/home/statistiken/katalog.assetdetail.14836245.html</p>
source_comment: "
312,377,88,1,1,,"page_number_string: 
notes: 
source_full_citation: <p>Bundesamt f&uuml;r Statistik. (2020). <em>Kanton Basel-Stadt: nationale und kantonale Wahlen seit 1919</em>. Abgerufen am 12. Januar 2026 von https://www.bfs.admin.ch/bfs/de/home/statistiken/katalog.assetdetail.14836245.html</p>
source_comment: "
313,378,88,1,1,,"page_number_string: 
notes: 
source_full_citation: <p>Bundesamt f&uuml;r Statistik. (2020). <em>Kanton Basel-Stadt: nationale und kantonale Wahlen seit 1919</em>. Abgerufen am 12. Januar 2026 von https://www.bfs.admin.ch/bfs/de/home/statistiken/katalog.assetdetail.14836245.html</p>
source_comment: "
314,379,88,1,1,,"page_number_string: 
notes: 
source_full_citation: <p>Bundesamt f&uuml;r Statistik. (2020). <em>Kanton Basel-Stadt: nationale und kantonale Wahlen seit 1919</em>. Abgerufen am 12. Januar 2026 von https://www.bfs.admin.ch/bfs/de/home/statistiken/katalog.assetdetail.14836245.html</p>
source_comment: "
315,380,88,1,1,,"page_number_string: 
notes: 
source_full_citation: <p>Bundesamt f&uuml;r Statistik. (2020). <em>Kanton Basel-Stadt: nationale und kantonale Wahlen seit 1919</em>. Abgerufen am 12. Januar 2026 von https://www.bfs.admin.ch/bfs/de/home/statistiken/katalog.assetdetail.14836245.html</p>
source_comment: "
316,381,88,1,1,,"page_number_string: 
notes: 
source_full_citation: <p>Bundesamt f&uuml;r Statistik. (2020). <em>Kanton Basel-Stadt: nationale und kantonale Wahlen seit 1919</em>. Abgerufen am 12. Januar 2026 von https://www.bfs.admin.ch/bfs/de/home/statistiken/katalog.assetdetail.14836245.html</p>
source_comment: "
317,375,92,1,1,,"page_number_string: 
notes: 
source_full_citation: <p>Bundesamt f&uuml;r Statistik. (2020). <em>Kanton Basel-Stadt: nationale und kantonale Wahlen seit 1919</em>. Abgerufen am 12. Januar 2026 von https://www.bfs.admin.ch/bfs/de/home/statistiken/katalog.assetdetail.14836245.html</p>
source_comment: "
318,376,92,1,1,,"page_number_string: 
notes: 
source_full_citation: <p>Bundesamt f&uuml;r Statistik. (2020). <em>Kanton Basel-Stadt: nationale und kantonale Wahlen seit 1919</em>. Abgerufen am 12. Januar 2026 von https://www.bfs.admin.ch/bfs/de/home/statistiken/katalog.assetdetail.14836245.html</p>
source_comment: "
319,377,92,1,1,,"page_number_string: 
notes: 
source_full_citation: <p>Bundesamt f&uuml;r Statistik. (2020). <em>Kanton Basel-Stadt: nationale und kantonale Wahlen seit 1919</em>. Abgerufen am 12. Januar 2026 von https://www.bfs.admin.ch/bfs/de/home/statistiken/katalog.assetdetail.14836245.html</p>
source_comment: "
320,378,92,1,1,,"page_number_string: 
notes: 
source_full_citation: <p>Bundesamt f&uuml;r Statistik. (2020). <em>Kanton Basel-Stadt: nationale und kantonale Wahlen seit 1919</em>. Abgerufen am 12. Januar 2026 von https://www.bfs.admin.ch/bfs/de/home/statistiken/katalog.assetdetail.14836245.html</p>
source_comment: "
321,379,92,1,1,,"page_number_string: 
notes: 
source_full_citation: <p>Bundesamt f&uuml;r Statistik. (2020). <em>Kanton Basel-Stadt: nationale und kantonale Wahlen seit 1919</em>. Abgerufen am 12. Januar 2026 von https://www.bfs.admin.ch/bfs/de/home/statistiken/katalog.assetdetail.14836245.html</p>
source_comment: "
322,380,92,1,1,,"page_number_string: 
notes: 
source_full_citation: <p>Bundesamt f&uuml;r Statistik. (2020). <em>Kanton Basel-Stadt: nationale und kantonale Wahlen seit 1919</em>. Abgerufen am 12. Januar 2026 von https://www.bfs.admin.ch/bfs/de/home/statistiken/katalog.assetdetail.14836245.html</p>
source_comment: "
323,381,92,1,1,,"page_number_string: 
notes: 
source_full_citation: <p>Bundesamt f&uuml;r Statistik. (2020). <em>Kanton Basel-Stadt: nationale und kantonale Wahlen seit 1919</em>. Abgerufen am 12. Januar 2026 von https://www.bfs.admin.ch/bfs/de/home/statistiken/katalog.assetdetail.14836245.html</p>
source_comment: "
324,382,92,1,1,,"page_number_string: 
notes: 
source_full_citation: <p>Bundesamt f&uuml;r Statistik. (2020). <em>Kanton Basel-Stadt: nationale und kantonale Wahlen seit 1919</em>. Abgerufen am 12. Januar 2026 von https://www.bfs.admin.ch/bfs/de/home/statistiken/katalog.assetdetail.14836245.html</p>
source_comment: "
325,383,92,1,1,,"page_number_string: 
notes: 
source_full_citation: <p>Bundesamt f&uuml;r Statistik. (2020). <em>Kanton Basel-Stadt: nationale und kantonale Wahlen seit 1919</em>. Abgerufen am 12. Januar 2026 von https://www.bfs.admin.ch/bfs/de/home/statistiken/katalog.assetdetail.14836245.html</p>
source_comment: "
326,384,92,1,3,,"page_number_string: 
notes: 
source_full_citation: <p>Bundesamt f&uuml;r Statistik. (2020). <em>Kanton Basel-Stadt: nationale und kantonale Wahlen seit 1919</em>. Abgerufen am 12. Januar 2026 von https://www.bfs.admin.ch/bfs/de/home/statistiken/katalog.assetdetail.14836245.html</p>
source_comment: "
327,385,92,1,2,,"page_number_string: 
notes: 
source_full_citation: <p>Bundesamt f&uuml;r Statistik. (2020). <em>Kanton Basel-Stadt: nationale und kantonale Wahlen seit 1919</em>. Abgerufen am 12. Januar 2026 von https://www.bfs.admin.ch/bfs/de/home/statistiken/katalog.assetdetail.14836245.html</p>
source_comment: "
328,386,92,1,3,,"page_number_string: 
notes: 
source_full_citation: <p>Bundesamt f&uuml;r Statistik. (2020). <em>Kanton Basel-Stadt: nationale und kantonale Wahlen seit 1919</em>. Abgerufen am 12. Januar 2026 von https://www.bfs.admin.ch/bfs/de/home/statistiken/katalog.assetdetail.14836245.html</p>
source_comment: "
329,387,92,1,3,,"page_number_string: 
notes: 
source_full_citation: <p>Bundesamt f&uuml;r Statistik. (2020). <em>Kanton Basel-Stadt: nationale und kantonale Wahlen seit 1919</em>. Abgerufen am 12. Januar 2026 von https://www.bfs.admin.ch/bfs/de/home/statistiken/katalog.assetdetail.14836245.html</p>
source_comment: "
330,388,92,1,3,,"page_number_string: 
notes: 
source_full_citation: <p>Bundesamt f&uuml;r Statistik. (2023). <em>Nationalratswahlen: Eingereichte Listen nach Parteien und Kantonen</em>. Abgerufen am 10. November 2025 von https://www.bfs.admin.ch/bfs/de/home/statistiken/katalog.assetdetail.27546292.html</p>
source_comment: "
331,375,94,1,1,,"page_number_string: 
notes: 
source_full_citation: <p>Bundesamt f&uuml;r Statistik. (2020). <em>Kanton Basel-Stadt: nationale und kantonale Wahlen seit 1919</em>. Abgerufen am 12. Januar 2026 von https://www.bfs.admin.ch/bfs/de/home/statistiken/katalog.assetdetail.14836245.html</p>
source_comment: "
332,376,94,1,1,,"page_number_string: 
notes: 
source_full_citation: <p>Bundesamt f&uuml;r Statistik. (2020). <em>Kanton Basel-Stadt: nationale und kantonale Wahlen seit 1919</em>. Abgerufen am 12. Januar 2026 von https://www.bfs.admin.ch/bfs/de/home/statistiken/katalog.assetdetail.14836245.html</p>
source_comment: "
333,377,94,1,1,,"page_number_string: 
notes: 
source_full_citation: <p>Bundesamt f&uuml;r Statistik. (2020). <em>Kanton Basel-Stadt: nationale und kantonale Wahlen seit 1919</em>. Abgerufen am 12. Januar 2026 von https://www.bfs.admin.ch/bfs/de/home/statistiken/katalog.assetdetail.14836245.html</p>
source_comment: "
334,378,94,1,1,,"page_number_string: 
notes: 
source_full_citation: <p>Bundesamt f&uuml;r Statistik. (2020). <em>Kanton Basel-Stadt: nationale und kantonale Wahlen seit 1919</em>. Abgerufen am 12. Januar 2026 von https://www.bfs.admin.ch/bfs/de/home/statistiken/katalog.assetdetail.14836245.html</p>
source_comment: "
335,379,94,1,1,,"page_number_string: 
notes: 
source_full_citation: <p>Bundesamt f&uuml;r Statistik. (2020). <em>Kanton Basel-Stadt: nationale und kantonale Wahlen seit 1919</em>. Abgerufen am 12. Januar 2026 von https://www.bfs.admin.ch/bfs/de/home/statistiken/katalog.assetdetail.14836245.html</p>
source_comment: "
336,380,94,1,1,,"page_number_string: 
notes: 
source_full_citation: <p>Bundesamt f&uuml;r Statistik. (2020). <em>Kanton Basel-Stadt: nationale und kantonale Wahlen seit 1919</em>. Abgerufen am 12. Januar 2026 von https://www.bfs.admin.ch/bfs/de/home/statistiken/katalog.assetdetail.14836245.html</p>
source_comment: "
337,381,94,1,1,,"page_number_string: 
notes: 
source_full_citation: <p>Bundesamt f&uuml;r Statistik. (2020). <em>Kanton Basel-Stadt: nationale und kantonale Wahlen seit 1919</em>. Abgerufen am 12. Januar 2026 von https://www.bfs.admin.ch/bfs/de/home/statistiken/katalog.assetdetail.14836245.html</p>
source_comment: "
338,382,94,1,1,,"page_number_string: 
notes: 
source_full_citation: <p>Bundesamt f&uuml;r Statistik. (2020). <em>Kanton Basel-Stadt: nationale und kantonale Wahlen seit 1919</em>. Abgerufen am 12. Januar 2026 von https://www.bfs.admin.ch/bfs/de/home/statistiken/katalog.assetdetail.14836245.html</p>
source_comment: "
339,383,94,1,1,,"page_number_string: 
notes: 
source_full_citation: <p>Bundesamt f&uuml;r Statistik. (2020). <em>Kanton Basel-Stadt: nationale und kantonale Wahlen seit 1919</em>. Abgerufen am 12. Januar 2026 von https://www.bfs.admin.ch/bfs/de/home/statistiken/katalog.assetdetail.14836245.html</p>
source_comment: "
340,384,94,1,1,,"page_number_string: 
notes: 
source_full_citation: <p>Bundesamt f&uuml;r Statistik. (2020). <em>Kanton Basel-Stadt: nationale und kantonale Wahlen seit 1919</em>. Abgerufen am 12. Januar 2026 von https://www.bfs.admin.ch/bfs/de/home/statistiken/katalog.assetdetail.14836245.html</p>
source_comment: "
341,375,95,1,1,,"page_number_string: 
notes: 
source_full_citation: <p>Bundesamt f&uuml;r Statistik. (2020). <em>Kanton Basel-Stadt: nationale und kantonale Wahlen seit 1919</em>. Abgerufen am 12. Januar 2026 von https://www.bfs.admin.ch/bfs/de/home/statistiken/katalog.assetdetail.14836245.html</p>
source_comment: "
342,376,95,1,1,,"page_number_string: 
notes: 
source_full_citation: <p>Bundesamt f&uuml;r Statistik. (2020). <em>Kanton Basel-Stadt: nationale und kantonale Wahlen seit 1919</em>. Abgerufen am 12. Januar 2026 von https://www.bfs.admin.ch/bfs/de/home/statistiken/katalog.assetdetail.14836245.html</p>
source_comment: "
343,377,95,1,1,,"page_number_string: 
notes: 
source_full_citation: <p>Bundesamt f&uuml;r Statistik. (2020). <em>Kanton Basel-Stadt: nationale und kantonale Wahlen seit 1919</em>. Abgerufen am 12. Januar 2026 von https://www.bfs.admin.ch/bfs/de/home/statistiken/katalog.assetdetail.14836245.html</p>
source_comment: "
344,378,95,1,1,,"page_number_string: 
notes: 
source_full_citation: <p>Bundesamt f&uuml;r Statistik. (2020). <em>Kanton Basel-Stadt: nationale und kantonale Wahlen seit 1919</em>. Abgerufen am 12. Januar 2026 von https://www.bfs.admin.ch/bfs/de/home/statistiken/katalog.assetdetail.14836245.html</p>
source_comment: "
345,379,95,1,1,,"page_number_string: 
notes: 
source_full_citation: <p>Bundesamt f&uuml;r Statistik. (2020). <em>Kanton Basel-Stadt: nationale und kantonale Wahlen seit 1919</em>. Abgerufen am 12. Januar 2026 von https://www.bfs.admin.ch/bfs/de/home/statistiken/katalog.assetdetail.14836245.html</p>
source_comment: "
346,380,95,1,1,,"page_number_string: 
notes: 
source_full_citation: <p>Bundesamt f&uuml;r Statistik. (2020). <em>Kanton Basel-Stadt: nationale und kantonale Wahlen seit 1919</em>. Abgerufen am 12. Januar 2026 von https://www.bfs.admin.ch/bfs/de/home/statistiken/katalog.assetdetail.14836245.html</p>
source_comment: "
347,378,97,1,1,,"page_number_string: 
notes: 
source_full_citation: <p>Bundesamt f&uuml;r Statistik. (2020). <em>Kanton Basel-Stadt: nationale und kantonale Wahlen seit 1919</em>. Abgerufen am 12. Januar 2026 von https://www.bfs.admin.ch/bfs/de/home/statistiken/katalog.assetdetail.14836245.html</p>
source_comment: "
348,379,97,1,1,,"page_number_string: 
notes: 
source_full_citation: <p>Bundesamt f&uuml;r Statistik. (2020). <em>Kanton Basel-Stadt: nationale und kantonale Wahlen seit 1919</em>. Abgerufen am 12. Januar 2026 von https://www.bfs.admin.ch/bfs/de/home/statistiken/katalog.assetdetail.14836245.html</p>
source_comment: "
349,375,93,1,1,,"page_number_string: 
notes: 
source_full_citation: <p>Bundesamt f&uuml;r Statistik. (2020). <em>Kanton Basel-Stadt: nationale und kantonale Wahlen seit 1919</em>. Abgerufen am 12. Januar 2026 von https://www.bfs.admin.ch/bfs/de/home/statistiken/katalog.assetdetail.14836245.html</p>
source_comment: "
350,376,93,1,1,,"page_number_string: 
notes: 
source_full_citation: <p>Bundesamt f&uuml;r Statistik. (2020). <em>Kanton Basel-Stadt: nationale und kantonale Wahlen seit 1919</em>. Abgerufen am 12. Januar 2026 von https://www.bfs.admin.ch/bfs/de/home/statistiken/katalog.assetdetail.14836245.html</p>
source_comment: "
351,377,93,1,1,,"page_number_string: 
notes: 
source_full_citation: <p>Bundesamt f&uuml;r Statistik. (2020). <em>Kanton Basel-Stadt: nationale und kantonale Wahlen seit 1919</em>. Abgerufen am 12. Januar 2026 von https://www.bfs.admin.ch/bfs/de/home/statistiken/katalog.assetdetail.14836245.html</p>
source_comment: "
352,378,93,1,1,,"page_number_string: 
notes: 
source_full_citation: <p>Bundesamt f&uuml;r Statistik. (2020). <em>Kanton Basel-Stadt: nationale und kantonale Wahlen seit 1919</em>. Abgerufen am 12. Januar 2026 von https://www.bfs.admin.ch/bfs/de/home/statistiken/katalog.assetdetail.14836245.html</p>
source_comment: "
353,379,93,1,1,,"page_number_string: 
notes: 
source_full_citation: <p>Bundesamt f&uuml;r Statistik. (2020). <em>Kanton Basel-Stadt: nationale und kantonale Wahlen seit 1919</em>. Abgerufen am 12. Januar 2026 von https://www.bfs.admin.ch/bfs/de/home/statistiken/katalog.assetdetail.14836245.html</p>
source_comment: "
354,380,93,1,1,,"page_number_string: 
notes: 
source_full_citation: <p>Bundesamt f&uuml;r Statistik. (2020). <em>Kanton Basel-Stadt: nationale und kantonale Wahlen seit 1919</em>. Abgerufen am 12. Januar 2026 von https://www.bfs.admin.ch/bfs/de/home/statistiken/katalog.assetdetail.14836245.html</p>
source_comment: "
355,457,103,1,1,,"page_number_string: 
notes: 
source_full_citation: <p>Bundesamt f&uuml;r Statistik. (2019). <em>Kanton Basel-Landschaft: nationale und kantonale Wahlen seit 1919</em>. Abgerufen am 05. Februar 2026 von https://www.bfs.admin.ch/bfs/de/home/statistiken/katalog.assetdetail.8286100.html</p>
source_comment: "
356,458,103,1,1,,"page_number_string: 
notes: 
source_full_citation: <p>Bundesamt f&uuml;r Statistik. (2019). <em>Kanton Basel-Landschaft: nationale und kantonale Wahlen seit 1919</em>. Abgerufen am 05. Februar 2026 von https://www.bfs.admin.ch/bfs/de/home/statistiken/katalog.assetdetail.8286100.html</p>
source_comment: "
357,459,103,1,1,,"page_number_string: 
notes: 
source_full_citation: <p>Bundesamt f&uuml;r Statistik. (2019). <em>Kanton Basel-Landschaft: nationale und kantonale Wahlen seit 1919</em>. Abgerufen am 05. Februar 2026 von https://www.bfs.admin.ch/bfs/de/home/statistiken/katalog.assetdetail.8286100.html</p>
source_comment: "
358,460,103,1,1,,"page_number_string: 
notes: 
source_full_citation: <p>Bundesamt f&uuml;r Statistik. (2019). <em>Kanton Basel-Landschaft: nationale und kantonale Wahlen seit 1919</em>. Abgerufen am 05. Februar 2026 von https://www.bfs.admin.ch/bfs/de/home/statistiken/katalog.assetdetail.8286100.html</p>
source_comment: "
359,461,103,1,1,,"page_number_string: 
notes: 
source_full_citation: <p>Bundesamt f&uuml;r Statistik. (2019). <em>Kanton Basel-Landschaft: nationale und kantonale Wahlen seit 1919</em>. Abgerufen am 05. Februar 2026 von https://www.bfs.admin.ch/bfs/de/home/statistiken/katalog.assetdetail.8286100.html</p>
source_comment: "
360,462,103,1,1,,"page_number_string: 
notes: 
source_full_citation: <p>Bundesamt f&uuml;r Statistik. (2019). <em>Kanton Basel-Landschaft: nationale und kantonale Wahlen seit 1919</em>. Abgerufen am 05. Februar 2026 von https://www.bfs.admin.ch/bfs/de/home/statistiken/katalog.assetdetail.8286100.html</p>
source_comment: "
361,463,103,1,1,,"page_number_string: 
notes: 
source_full_citation: <p>Bundesamt f&uuml;r Statistik. (2019). <em>Kanton Basel-Landschaft: nationale und kantonale Wahlen seit 1919</em>. Abgerufen am 05. Februar 2026 von https://www.bfs.admin.ch/bfs/de/home/statistiken/katalog.assetdetail.8286100.html</p>
source_comment: "
362,464,103,1,1,,"page_number_string: 
notes: 
source_full_citation: <p>Bundesamt f&uuml;r Statistik. (2019). <em>Kanton Basel-Landschaft: nationale und kantonale Wahlen seit 1919</em>. Abgerufen am 05. Februar 2026 von https://www.bfs.admin.ch/bfs/de/home/statistiken/katalog.assetdetail.8286100.html</p>
source_comment: "
363,465,103,1,2,,"page_number_string: 
notes: 
source_full_citation: <p>Bundesamt f&uuml;r Statistik. (2019). <em>Kanton Basel-Landschaft: nationale und kantonale Wahlen seit 1919</em>. Abgerufen am 05. Februar 2026 von https://www.bfs.admin.ch/bfs/de/home/statistiken/katalog.assetdetail.8286100.html</p>
source_comment: "
364,466,103,1,2,,"page_number_string: 
notes: 
source_full_citation: <p>Bundesamt f&uuml;r Statistik. (2019). <em>Kanton Basel-Landschaft: nationale und kantonale Wahlen seit 1919</em>. Abgerufen am 05. Februar 2026 von https://www.bfs.admin.ch/bfs/de/home/statistiken/katalog.assetdetail.8286100.html</p>
source_comment: "
365,467,103,1,1,,"page_number_string: 
notes: 
source_full_citation: <p>Bundesamt f&uuml;r Statistik. (2019). <em>Kanton Basel-Landschaft: nationale und kantonale Wahlen seit 1919</em>. Abgerufen am 05. Februar 2026 von https://www.bfs.admin.ch/bfs/de/home/statistiken/katalog.assetdetail.8286100.html</p>
source_comment: "
366,468,103,1,2,,"page_number_string: 
notes: 
source_full_citation: <p>Bundesamt f&uuml;r Statistik. (2019). <em>Kanton Basel-Landschaft: nationale und kantonale Wahlen seit 1919</em>. Abgerufen am 05. Februar 2026 von https://www.bfs.admin.ch/bfs/de/home/statistiken/katalog.assetdetail.8286100.html</p>
source_comment: "
367,469,103,1,3,,"page_number_string: 
notes: 
source_full_citation: <p>Bundesamt f&uuml;r Statistik. (2023). <em>Nationalratswahlen: Eingereichte Listen nach Parteien und Kantonen</em>. Abgerufen am 10. November 2025 von https://www.bfs.admin.ch/bfs/de/home/statistiken/katalog.assetdetail.27546292.html</p>
source_comment: "
368,470,103,1,2,,"page_number_string: 
notes: 
source_full_citation: <p>Bundesamt f&uuml;r Statistik. (2023). <em>Nationalratswahlen: Eingereichte Listen nach Parteien und Kantonen</em>. Abgerufen am 10. November 2025 von https://www.bfs.admin.ch/bfs/de/home/statistiken/katalog.assetdetail.27546292.html</p>
source_comment: "
369,457,104,1,1,,"page_number_string: 
notes: 
source_full_citation: <p>Bundesamt f&uuml;r Statistik. (2019). <em>Kanton Basel-Landschaft: nationale und kantonale Wahlen seit 1919</em>. Abgerufen am 05. Februar 2026 von https://www.bfs.admin.ch/bfs/de/home/statistiken/katalog.assetdetail.8286100.html</p>
source_comment: "
370,458,104,1,1,,"page_number_string: 
notes: 
source_full_citation: <p>Bundesamt f&uuml;r Statistik. (2019). <em>Kanton Basel-Landschaft: nationale und kantonale Wahlen seit 1919</em>. Abgerufen am 05. Februar 2026 von https://www.bfs.admin.ch/bfs/de/home/statistiken/katalog.assetdetail.8286100.html</p>
source_comment: "
371,459,104,1,1,,"page_number_string: 
notes: 
source_full_citation: <p>Bundesamt f&uuml;r Statistik. (2019). <em>Kanton Basel-Landschaft: nationale und kantonale Wahlen seit 1919</em>. Abgerufen am 05. Februar 2026 von https://www.bfs.admin.ch/bfs/de/home/statistiken/katalog.assetdetail.8286100.html</p>
source_comment: "
372,460,104,1,1,,"page_number_string: 
notes: 
source_full_citation: <p>Bundesamt f&uuml;r Statistik. (2019). <em>Kanton Basel-Landschaft: nationale und kantonale Wahlen seit 1919</em>. Abgerufen am 05. Februar 2026 von https://www.bfs.admin.ch/bfs/de/home/statistiken/katalog.assetdetail.8286100.html</p>
source_comment: "
373,461,104,1,1,,"page_number_string: 
notes: 
source_full_citation: <p>Bundesamt f&uuml;r Statistik. (2019). <em>Kanton Basel-Landschaft: nationale und kantonale Wahlen seit 1919</em>. Abgerufen am 05. Februar 2026 von https://www.bfs.admin.ch/bfs/de/home/statistiken/katalog.assetdetail.8286100.html</p>
source_comment: "
374,462,104,1,1,,"page_number_string: 
notes: 
source_full_citation: <p>Bundesamt f&uuml;r Statistik. (2019). <em>Kanton Basel-Landschaft: nationale und kantonale Wahlen seit 1919</em>. Abgerufen am 05. Februar 2026 von https://www.bfs.admin.ch/bfs/de/home/statistiken/katalog.assetdetail.8286100.html</p>
source_comment: "
375,463,104,1,1,,"page_number_string: 
notes: 
source_full_citation: <p>Bundesamt f&uuml;r Statistik. (2019). <em>Kanton Basel-Landschaft: nationale und kantonale Wahlen seit 1919</em>. Abgerufen am 05. Februar 2026 von https://www.bfs.admin.ch/bfs/de/home/statistiken/katalog.assetdetail.8286100.html</p>
source_comment: "
376,464,104,1,1,,"page_number_string: 
notes: 
source_full_citation: <p>Bundesamt f&uuml;r Statistik. (2019). <em>Kanton Basel-Landschaft: nationale und kantonale Wahlen seit 1919</em>. Abgerufen am 05. Februar 2026 von https://www.bfs.admin.ch/bfs/de/home/statistiken/katalog.assetdetail.8286100.html</p>
source_comment: "
377,465,104,1,1,,"page_number_string: 
notes: 
source_full_citation: <p>Bundesamt f&uuml;r Statistik. (2019). <em>Kanton Basel-Landschaft: nationale und kantonale Wahlen seit 1919</em>. Abgerufen am 05. Februar 2026 von https://www.bfs.admin.ch/bfs/de/home/statistiken/katalog.assetdetail.8286100.html</p>
source_comment: "
378,466,104,1,2,,"page_number_string: 
notes: 
source_full_citation: <p>Bundesamt f&uuml;r Statistik. (2019). <em>Kanton Basel-Landschaft: nationale und kantonale Wahlen seit 1919</em>. Abgerufen am 05. Februar 2026 von https://www.bfs.admin.ch/bfs/de/home/statistiken/katalog.assetdetail.8286100.html</p>
source_comment: "
379,467,104,1,2,,"page_number_string: 
notes: 
source_full_citation: <p>Bundesamt f&uuml;r Statistik. (2019). <em>Kanton Basel-Landschaft: nationale und kantonale Wahlen seit 1919</em>. Abgerufen am 05. Februar 2026 von https://www.bfs.admin.ch/bfs/de/home/statistiken/katalog.assetdetail.8286100.html</p>
source_comment: "
380,468,104,1,2,,"page_number_string: 
notes: 
source_full_citation: <p>Bundesamt f&uuml;r Statistik. (2019). <em>Kanton Basel-Landschaft: nationale und kantonale Wahlen seit 1919</em>. Abgerufen am 05. Februar 2026 von https://www.bfs.admin.ch/bfs/de/home/statistiken/katalog.assetdetail.8286100.html</p>
source_comment: "
381,469,104,1,3,,"page_number_string: 
notes: 
source_full_citation: <p>Bundesamt f&uuml;r Statistik. (2023). <em>Nationalratswahlen: Eingereichte Listen nach Parteien und Kantonen</em>. Abgerufen am 10. November 2025 von https://www.bfs.admin.ch/bfs/de/home/statistiken/katalog.assetdetail.27546292.html</p>
source_comment: "
382,470,104,1,4,,"page_number_string: 
notes: 
source_full_citation: <p>Bundesamt f&uuml;r Statistik. (2023). <em>Nationalratswahlen: Eingereichte Listen nach Parteien und Kantonen</em>. Abgerufen am 10. November 2025 von https://www.bfs.admin.ch/bfs/de/home/statistiken/katalog.assetdetail.27546292.html</p>
source_comment: "
383,457,105,1,1,,"page_number_string: 
notes: 
source_full_citation: <p>Bundesamt f&uuml;r Statistik. (2019). <em>Kanton Basel-Landschaft: nationale und kantonale Wahlen seit 1919</em>. Abgerufen am 05. Februar 2026 von https://www.bfs.admin.ch/bfs/de/home/statistiken/katalog.assetdetail.8286100.html</p>
source_comment: "
384,458,105,1,1,,"page_number_string: 
notes: 
source_full_citation: <p>Bundesamt f&uuml;r Statistik. (2019). <em>Kanton Basel-Landschaft: nationale und kantonale Wahlen seit 1919</em>. Abgerufen am 05. Februar 2026 von https://www.bfs.admin.ch/bfs/de/home/statistiken/katalog.assetdetail.8286100.html</p>
source_comment: "
385,459,105,1,1,,"page_number_string: 
notes: 
source_full_citation: <p>Bundesamt f&uuml;r Statistik. (2019). <em>Kanton Basel-Landschaft: nationale und kantonale Wahlen seit 1919</em>. Abgerufen am 05. Februar 2026 von https://www.bfs.admin.ch/bfs/de/home/statistiken/katalog.assetdetail.8286100.html</p>
source_comment: "
386,460,105,1,1,,"page_number_string: 
notes: 
source_full_citation: <p>Bundesamt f&uuml;r Statistik. (2019). <em>Kanton Basel-Landschaft: nationale und kantonale Wahlen seit 1919</em>. Abgerufen am 05. Februar 2026 von https://www.bfs.admin.ch/bfs/de/home/statistiken/katalog.assetdetail.8286100.html</p>
source_comment: "
387,461,105,1,1,,"page_number_string: 
notes: 
source_full_citation: <p>Bundesamt f&uuml;r Statistik. (2019). <em>Kanton Basel-Landschaft: nationale und kantonale Wahlen seit 1919</em>. Abgerufen am 05. Februar 2026 von https://www.bfs.admin.ch/bfs/de/home/statistiken/katalog.assetdetail.8286100.html</p>
source_comment: "
388,462,105,1,1,,"page_number_string: 
notes: 
source_full_citation: <p>Bundesamt f&uuml;r Statistik. (2019). <em>Kanton Basel-Landschaft: nationale und kantonale Wahlen seit 1919</em>. Abgerufen am 05. Februar 2026 von https://www.bfs.admin.ch/bfs/de/home/statistiken/katalog.assetdetail.8286100.html</p>
source_comment: "
389,463,105,1,2,,"page_number_string: 
notes: 
source_full_citation: <p>Bundesamt f&uuml;r Statistik. (2019). <em>Kanton Basel-Landschaft: nationale und kantonale Wahlen seit 1919</em>. Abgerufen am 05. Februar 2026 von https://www.bfs.admin.ch/bfs/de/home/statistiken/katalog.assetdetail.8286100.html</p>
source_comment: "
390,464,105,1,1,,"page_number_string: 
notes: 
source_full_citation: <p>Bundesamt f&uuml;r Statistik. (2019). <em>Kanton Basel-Landschaft: nationale und kantonale Wahlen seit 1919</em>. Abgerufen am 05. Februar 2026 von https://www.bfs.admin.ch/bfs/de/home/statistiken/katalog.assetdetail.8286100.html</p>
source_comment: "
391,465,105,1,2,,"page_number_string: 
notes: 
source_full_citation: <p>Bundesamt f&uuml;r Statistik. (2019). <em>Kanton Basel-Landschaft: nationale und kantonale Wahlen seit 1919</em>. Abgerufen am 05. Februar 2026 von https://www.bfs.admin.ch/bfs/de/home/statistiken/katalog.assetdetail.8286100.html</p>
source_comment: "
392,466,105,1,2,,"page_number_string: 
notes: 
source_full_citation: <p>Bundesamt f&uuml;r Statistik. (2019). <em>Kanton Basel-Landschaft: nationale und kantonale Wahlen seit 1919</em>. Abgerufen am 05. Februar 2026 von https://www.bfs.admin.ch/bfs/de/home/statistiken/katalog.assetdetail.8286100.html</p>
source_comment: "
393,467,105,1,2,,"page_number_string: 
notes: 
source_full_citation: <p>Bundesamt f&uuml;r Statistik. (2019). <em>Kanton Basel-Landschaft: nationale und kantonale Wahlen seit 1919</em>. Abgerufen am 05. Februar 2026 von https://www.bfs.admin.ch/bfs/de/home/statistiken/katalog.assetdetail.8286100.html</p>
source_comment: "
394,468,105,1,2,,"page_number_string: 
notes: 
source_full_citation: <p>Bundesamt f&uuml;r Statistik. (2019). <em>Kanton Basel-Landschaft: nationale und kantonale Wahlen seit 1919</em>. Abgerufen am 05. Februar 2026 von https://www.bfs.admin.ch/bfs/de/home/statistiken/katalog.assetdetail.8286100.html</p>
source_comment: "
395,469,105,1,2,,"page_number_string: 
notes: 
source_full_citation: <p>Bundesamt f&uuml;r Statistik. (2023). <em>Nationalratswahlen: Eingereichte Listen nach Parteien und Kantonen</em>. Abgerufen am 10. November 2025 von https://www.bfs.admin.ch/bfs/de/home/statistiken/katalog.assetdetail.27546292.html</p>
source_comment: "
396,470,105,1,2,,"page_number_string: 
notes: 
source_full_citation: <p>Bundesamt f&uuml;r Statistik. (2023). <em>Nationalratswahlen: Eingereichte Listen nach Parteien und Kantonen</em>. Abgerufen am 10. November 2025 von https://www.bfs.admin.ch/bfs/de/home/statistiken/katalog.assetdetail.27546292.html</p>
source_comment: "
397,457,107,1,1,,"page_number_string: 
notes: 
source_full_citation: <p>Bundesamt f&uuml;r Statistik. (2019). <em>Kanton Basel-Landschaft: nationale und kantonale Wahlen seit 1919</em>. Abgerufen am 05. Februar 2026 von https://www.bfs.admin.ch/bfs/de/home/statistiken/katalog.assetdetail.8286100.html</p>
source_comment: "
398,458,107,1,1,,"page_number_string: 
notes: 
source_full_citation: <p>Bundesamt f&uuml;r Statistik. (2019). <em>Kanton Basel-Landschaft: nationale und kantonale Wahlen seit 1919</em>. Abgerufen am 05. Februar 2026 von https://www.bfs.admin.ch/bfs/de/home/statistiken/katalog.assetdetail.8286100.html</p>
source_comment: "
399,459,107,1,1,,"page_number_string: 
notes: 
source_full_citation: <p>Bundesamt f&uuml;r Statistik. (2019). <em>Kanton Basel-Landschaft: nationale und kantonale Wahlen seit 1919</em>. Abgerufen am 05. Februar 2026 von https://www.bfs.admin.ch/bfs/de/home/statistiken/katalog.assetdetail.8286100.html</p>
source_comment: "
400,460,107,1,1,,"page_number_string: 
notes: 
source_full_citation: <p>Bundesamt f&uuml;r Statistik. (2019). <em>Kanton Basel-Landschaft: nationale und kantonale Wahlen seit 1919</em>. Abgerufen am 05. Februar 2026 von https://www.bfs.admin.ch/bfs/de/home/statistiken/katalog.assetdetail.8286100.html</p>
source_comment: "
401,461,107,1,1,,"page_number_string: 
notes: 
source_full_citation: <p>Bundesamt f&uuml;r Statistik. (2019). <em>Kanton Basel-Landschaft: nationale und kantonale Wahlen seit 1919</em>. Abgerufen am 05. Februar 2026 von https://www.bfs.admin.ch/bfs/de/home/statistiken/katalog.assetdetail.8286100.html</p>
source_comment: "
402,462,107,1,1,,"page_number_string: 
notes: 
source_full_citation: <p>Bundesamt f&uuml;r Statistik. (2019). <em>Kanton Basel-Landschaft: nationale und kantonale Wahlen seit 1919</em>. Abgerufen am 05. Februar 2026 von https://www.bfs.admin.ch/bfs/de/home/statistiken/katalog.assetdetail.8286100.html</p>
source_comment: "
403,463,107,1,1,,"page_number_string: 
notes: 
source_full_citation: <p>Bundesamt f&uuml;r Statistik. (2019). <em>Kanton Basel-Landschaft: nationale und kantonale Wahlen seit 1919</em>. Abgerufen am 05. Februar 2026 von https://www.bfs.admin.ch/bfs/de/home/statistiken/katalog.assetdetail.8286100.html</p>
source_comment: "
404,464,107,1,1,,"page_number_string: 
notes: 
source_full_citation: <p>Bundesamt f&uuml;r Statistik. (2019). <em>Kanton Basel-Landschaft: nationale und kantonale Wahlen seit 1919</em>. Abgerufen am 05. Februar 2026 von https://www.bfs.admin.ch/bfs/de/home/statistiken/katalog.assetdetail.8286100.html</p>
source_comment: "
405,465,107,1,1,,"page_number_string: 
notes: 
source_full_citation: <p>Bundesamt f&uuml;r Statistik. (2019). <em>Kanton Basel-Landschaft: nationale und kantonale Wahlen seit 1919</em>. Abgerufen am 05. Februar 2026 von https://www.bfs.admin.ch/bfs/de/home/statistiken/katalog.assetdetail.8286100.html</p>
source_comment: "
406,466,107,1,2,,"page_number_string: 
notes: 
source_full_citation: <p>Bundesamt f&uuml;r Statistik. (2019). <em>Kanton Basel-Landschaft: nationale und kantonale Wahlen seit 1919</em>. Abgerufen am 05. Februar 2026 von https://www.bfs.admin.ch/bfs/de/home/statistiken/katalog.assetdetail.8286100.html</p>
source_comment: "
407,467,107,1,2,,"page_number_string: 
notes: 
source_full_citation: <p>Bundesamt f&uuml;r Statistik. (2019). <em>Kanton Basel-Landschaft: nationale und kantonale Wahlen seit 1919</em>. Abgerufen am 05. Februar 2026 von https://www.bfs.admin.ch/bfs/de/home/statistiken/katalog.assetdetail.8286100.html</p>
source_comment: "
408,468,107,1,2,,"page_number_string: 
notes: 
source_full_citation: <p>Bundesamt f&uuml;r Statistik. (2019). <em>Kanton Basel-Landschaft: nationale und kantonale Wahlen seit 1919</em>. Abgerufen am 05. Februar 2026 von https://www.bfs.admin.ch/bfs/de/home/statistiken/katalog.assetdetail.8286100.html</p>
source_comment: "
409,469,107,1,3,,"page_number_string: 
notes: 
source_full_citation: <p>Bundesamt f&uuml;r Statistik. (2023). <em>Nationalratswahlen: Eingereichte Listen nach Parteien und Kantonen</em>. Abgerufen am 10. November 2025 von https://www.bfs.admin.ch/bfs/de/home/statistiken/katalog.assetdetail.27546292.html</p>
source_comment: "
410,470,106,1,5,,"page_number_string: 
notes: 
source_full_citation: <p>Bundesamt f&uuml;r Statistik. (2023). <em>Nationalratswahlen: Eingereichte Listen nach Parteien und Kantonen</em>. Abgerufen am 10. November 2025 von https://www.bfs.admin.ch/bfs/de/home/statistiken/katalog.assetdetail.27546292.html</p>
source_comment: "
411,461,110,1,1,,"page_number_string: 
notes: 
source_full_citation: <p>Bundesamt f&uuml;r Statistik. (2019). <em>Kanton Basel-Landschaft: nationale und kantonale Wahlen seit 1919</em>. Abgerufen am 05. Februar 2026 von https://www.bfs.admin.ch/bfs/de/home/statistiken/katalog.assetdetail.8286100.html</p>
source_comment: "
412,462,109,1,1,,"page_number_string: 
notes: 
source_full_citation: <p>Bundesamt f&uuml;r Statistik. (2019). <em>Kanton Basel-Landschaft: nationale und kantonale Wahlen seit 1919</em>. Abgerufen am 05. Februar 2026 von https://www.bfs.admin.ch/bfs/de/home/statistiken/katalog.assetdetail.8286100.html</p>
source_comment: "
413,463,108,1,1,,"page_number_string: 
notes: 
source_full_citation: <p>Bundesamt f&uuml;r Statistik. (2019). <em>Kanton Basel-Landschaft: nationale und kantonale Wahlen seit 1919</em>. Abgerufen am 05. Februar 2026 von https://www.bfs.admin.ch/bfs/de/home/statistiken/katalog.assetdetail.8286100.html</p>
source_comment: "
414,464,108,1,1,,"page_number_string: 
notes: 
source_full_citation: <p>Bundesamt f&uuml;r Statistik. (2019). <em>Kanton Basel-Landschaft: nationale und kantonale Wahlen seit 1919</em>. Abgerufen am 05. Februar 2026 von https://www.bfs.admin.ch/bfs/de/home/statistiken/katalog.assetdetail.8286100.html</p>
source_comment: "
415,465,108,1,2,,"page_number_string: 
notes: 
source_full_citation: <p>Bundesamt f&uuml;r Statistik. (2019). <em>Kanton Basel-Landschaft: nationale und kantonale Wahlen seit 1919</em>. Abgerufen am 05. Februar 2026 von https://www.bfs.admin.ch/bfs/de/home/statistiken/katalog.assetdetail.8286100.html</p>
source_comment: "
416,466,108,1,2,,"page_number_string: 
notes: 
source_full_citation: <p>Bundesamt f&uuml;r Statistik. (2019). <em>Kanton Basel-Landschaft: nationale und kantonale Wahlen seit 1919</em>. Abgerufen am 05. Februar 2026 von https://www.bfs.admin.ch/bfs/de/home/statistiken/katalog.assetdetail.8286100.html</p>
source_comment: "
417,467,108,1,2,,"page_number_string: 
notes: 
source_full_citation: <p>Bundesamt f&uuml;r Statistik. (2019). <em>Kanton Basel-Landschaft: nationale und kantonale Wahlen seit 1919</em>. Abgerufen am 05. Februar 2026 von https://www.bfs.admin.ch/bfs/de/home/statistiken/katalog.assetdetail.8286100.html</p>
source_comment: "
418,468,108,1,3,,"page_number_string: 
notes: 
source_full_citation: <p>Bundesamt f&uuml;r Statistik. (2019). <em>Kanton Basel-Landschaft: nationale und kantonale Wahlen seit 1919</em>. Abgerufen am 05. Februar 2026 von https://www.bfs.admin.ch/bfs/de/home/statistiken/katalog.assetdetail.8286100.html</p>
source_comment: "
419,469,108,1,3,,"page_number_string: 
notes: 
source_full_citation: <p>Bundesamt f&uuml;r Statistik. (2023). <em>Nationalratswahlen: Eingereichte Listen nach Parteien und Kantonen</em>. Abgerufen am 10. November 2025 von https://www.bfs.admin.ch/bfs/de/home/statistiken/katalog.assetdetail.27546292.html</p>
source_comment: "
420,470,108,1,4,,"page_number_string: 
notes: 
source_full_citation: <p>Bundesamt f&uuml;r Statistik. (2023). <em>Nationalratswahlen 2023: Mandate, gew&auml;hlte Frauen und M&auml;nner, Parteist&auml;rke sowie Ver&auml;nderung zu den letzten Wahlen und st&auml;rkste Partei (Schweiz, Kantone, Gemeinden)</em>. Abgerufen am 10. November 2025 von https://www.bfs.admin.ch/bfs/de/home/statistiken/katalog.assetdetail.28845352.html</p>
source_comment: "
421,460,112,1,1,,"page_number_string: 
notes: 
source_full_citation: <p>Bundesamt f&uuml;r Statistik. (2019). <em>Kanton Basel-Landschaft: nationale und kantonale Wahlen seit 1919</em>. Abgerufen am 05. Februar 2026 von https://www.bfs.admin.ch/bfs/de/home/statistiken/katalog.assetdetail.8286100.html</p>
source_comment: "
422,461,112,1,1,,"page_number_string: 
notes: 
source_full_citation: <p>Bundesamt f&uuml;r Statistik. (2019). <em>Kanton Basel-Landschaft: nationale und kantonale Wahlen seit 1919</em>. Abgerufen am 05. Februar 2026 von https://www.bfs.admin.ch/bfs/de/home/statistiken/katalog.assetdetail.8286100.html</p>
source_comment: "
423,467,113,1,1,,"page_number_string: 
notes: 
source_full_citation: <p>Bundesamt f&uuml;r Statistik. (2019). <em>Kanton Basel-Landschaft: nationale und kantonale Wahlen seit 1919</em>. Abgerufen am 05. Februar 2026 von https://www.bfs.admin.ch/bfs/de/home/statistiken/katalog.assetdetail.8286100.html</p>
source_comment: "
424,468,113,1,1,,"page_number_string: 
notes: 
source_full_citation: <p>Bundesamt f&uuml;r Statistik. (2019). <em>Kanton Basel-Landschaft: nationale und kantonale Wahlen seit 1919</em>. Abgerufen am 05. Februar 2026 von https://www.bfs.admin.ch/bfs/de/home/statistiken/katalog.assetdetail.8286100.html</p>
source_comment: "
425,469,113,1,2,,"page_number_string: 
notes: 
source_full_citation: <p>Bundesamt f&uuml;r Statistik. (2023). <em>Nationalratswahlen: Eingereichte Listen nach Parteien und Kantonen</em>. Abgerufen am 10. November 2025 von https://www.bfs.admin.ch/bfs/de/home/statistiken/katalog.assetdetail.27546292.html</p>
source_comment: "
426,470,113,1,5,,"page_number_string: 
notes: 
source_full_citation: <p>Bundesamt f&uuml;r Statistik. (2023). <em>Nationalratswahlen: Eingereichte Listen nach Parteien und Kantonen</em>. Abgerufen am 10. November 2025 von https://www.bfs.admin.ch/bfs/de/home/statistiken/katalog.assetdetail.27546292.html</p>
source_comment: "
427,459,114,1,1,,"page_number_string: 
notes: 
source_full_citation: <p>Bundesamt f&uuml;r Statistik. (2019). <em>Kanton Basel-Landschaft: nationale und kantonale Wahlen seit 1919</em>. Abgerufen am 05. Februar 2026 von https://www.bfs.admin.ch/bfs/de/home/statistiken/katalog.assetdetail.8286100.html</p>
source_comment: "
428,461,114,1,1,,"page_number_string: 
notes: 
source_full_citation: <p>Bundesamt f&uuml;r Statistik. (2019). <em>Kanton Basel-Landschaft: nationale und kantonale Wahlen seit 1919</em>. Abgerufen am 05. Februar 2026 von https://www.bfs.admin.ch/bfs/de/home/statistiken/katalog.assetdetail.8286100.html</p>
source_comment: "
429,462,114,1,1,,"page_number_string: 
notes: 
source_full_citation: <p>Bundesamt f&uuml;r Statistik. (2019). <em>Kanton Basel-Landschaft: nationale und kantonale Wahlen seit 1919</em>. Abgerufen am 05. Februar 2026 von https://www.bfs.admin.ch/bfs/de/home/statistiken/katalog.assetdetail.8286100.html</p>
source_comment: "
430,463,114,1,1,,"page_number_string: 
notes: 
source_full_citation: <p>Bundesamt f&uuml;r Statistik. (2019). <em>Kanton Basel-Landschaft: nationale und kantonale Wahlen seit 1919</em>. Abgerufen am 05. Februar 2026 von https://www.bfs.admin.ch/bfs/de/home/statistiken/katalog.assetdetail.8286100.html</p>
source_comment: "
431,464,114,1,1,,"page_number_string: 
notes: 
source_full_citation: <p>Bundesamt f&uuml;r Statistik. (2019). <em>Kanton Basel-Landschaft: nationale und kantonale Wahlen seit 1919</em>. Abgerufen am 05. Februar 2026 von https://www.bfs.admin.ch/bfs/de/home/statistiken/katalog.assetdetail.8286100.html</p>
source_comment: "
432,465,114,1,1,,"page_number_string: 
notes: 
source_full_citation: <p>Bundesamt f&uuml;r Statistik. (2019). <em>Kanton Basel-Landschaft: nationale und kantonale Wahlen seit 1919</em>. Abgerufen am 05. Februar 2026 von https://www.bfs.admin.ch/bfs/de/home/statistiken/katalog.assetdetail.8286100.html</p>
source_comment: "
433,466,114,1,1,,"page_number_string: 
notes: 
source_full_citation: <p>Bundesamt f&uuml;r Statistik. (2019). <em>Kanton Basel-Landschaft: nationale und kantonale Wahlen seit 1919</em>. Abgerufen am 05. Februar 2026 von https://www.bfs.admin.ch/bfs/de/home/statistiken/katalog.assetdetail.8286100.html</p>
source_comment: "
434,467,114,1,2,,"page_number_string: 
notes: 
source_full_citation: <p>Bundesamt f&uuml;r Statistik. (2019). <em>Kanton Basel-Landschaft: nationale und kantonale Wahlen seit 1919</em>. Abgerufen am 05. Februar 2026 von https://www.bfs.admin.ch/bfs/de/home/statistiken/katalog.assetdetail.8286100.html</p>
source_comment: "
435,468,114,1,1,,"page_number_string: 
notes: 
source_full_citation: <p>Bundesamt f&uuml;r Statistik. (2019). <em>Kanton Basel-Landschaft: nationale und kantonale Wahlen seit 1919</em>. Abgerufen am 05. Februar 2026 von https://www.bfs.admin.ch/bfs/de/home/statistiken/katalog.assetdetail.8286100.html</p>
source_comment: "
436,469,114,1,2,,"page_number_string: 
notes: 
source_full_citation: <p>Bundesamt f&uuml;r Statistik. (2023). <em>Nationalratswahlen: Eingereichte Listen nach Parteien und Kantonen</em>. Abgerufen am 10. November 2025 von https://www.bfs.admin.ch/bfs/de/home/statistiken/katalog.assetdetail.27546292.html</p>
source_comment: "
437,470,114,1,2,,"page_number_string: 
notes: 
source_full_citation: <p>Bundesamt f&uuml;r Statistik. (2023). <em>Nationalratswahlen: Eingereichte Listen nach Parteien und Kantonen</em>. Abgerufen am 10. November 2025 von https://www.bfs.admin.ch/bfs/de/home/statistiken/katalog.assetdetail.27546292.html</p>
source_comment: "
438,463,115,1,1,,"page_number_string: 
notes: 
source_full_citation: <p>Bundesamt f&uuml;r Statistik. (2019). <em>Kanton Basel-Landschaft: nationale und kantonale Wahlen seit 1919</em>. Abgerufen am 05. Februar 2026 von https://www.bfs.admin.ch/bfs/de/home/statistiken/katalog.assetdetail.8286100.html</p>
source_comment: "
439,466,115,1,1,,"page_number_string: 
notes: 
source_full_citation: <p>Bundesamt f&uuml;r Statistik. (2019). <em>Kanton Basel-Landschaft: nationale und kantonale Wahlen seit 1919</em>. Abgerufen am 05. Februar 2026 von https://www.bfs.admin.ch/bfs/de/home/statistiken/katalog.assetdetail.8286100.html</p>
source_comment: "
440,468,115,1,1,,"page_number_string: 
notes: 
source_full_citation: <p>Bundesamt f&uuml;r Statistik. (2019). <em>Kanton Basel-Landschaft: nationale und kantonale Wahlen seit 1919</em>. Abgerufen am 05. Februar 2026 von https://www.bfs.admin.ch/bfs/de/home/statistiken/katalog.assetdetail.8286100.html</p>
source_comment: "
441,470,115,1,1,,"page_number_string: 
notes: 
source_full_citation: <p>Bundesamt f&uuml;r Statistik. (2023). <em>Nationalratswahlen: Eingereichte Listen nach Parteien und Kantonen</em>. Abgerufen am 10. November 2025 von https://www.bfs.admin.ch/bfs/de/home/statistiken/katalog.assetdetail.27546292.html</p>
source_comment: "
442,467,116,1,1,,"page_number_string: 
notes: 
source_full_citation: <p>Bundesamt f&uuml;r Statistik. (2019). <em>Kanton Basel-Landschaft: nationale und kantonale Wahlen seit 1919</em>. Abgerufen am 05. Februar 2026 von https://www.bfs.admin.ch/bfs/de/home/statistiken/katalog.assetdetail.8286100.html</p>
source_comment: "
443,468,116,1,1,,"page_number_string: 
notes: 
source_full_citation: <p>Bundesamt f&uuml;r Statistik. (2019). <em>Kanton Basel-Landschaft: nationale und kantonale Wahlen seit 1919</em>. Abgerufen am 05. Februar 2026 von https://www.bfs.admin.ch/bfs/de/home/statistiken/katalog.assetdetail.8286100.html</p>
source_comment: "
444,469,116,1,1,,"page_number_string: 
notes: 
source_full_citation: <p>Bundesamt f&uuml;r Statistik. (2023). <em>Nationalratswahlen: Eingereichte Listen nach Parteien und Kantonen</em>. Abgerufen am 10. November 2025 von https://www.bfs.admin.ch/bfs/de/home/statistiken/katalog.assetdetail.27546292.html</p>
source_comment: "
445,458,117,1,1,,"page_number_string: 
notes: 
source_full_citation: <p>Bundesamt f&uuml;r Statistik. (2019). <em>Kanton Basel-Landschaft: nationale und kantonale Wahlen seit 1919</em>. Abgerufen am 05. Februar 2026 von https://www.bfs.admin.ch/bfs/de/home/statistiken/katalog.assetdetail.8286100.html</p>
source_comment: "
446,459,117,1,1,,"page_number_string: 
notes: 
source_full_citation: <p>Bundesamt f&uuml;r Statistik. (2019). <em>Kanton Basel-Landschaft: nationale und kantonale Wahlen seit 1919</em>. Abgerufen am 05. Februar 2026 von https://www.bfs.admin.ch/bfs/de/home/statistiken/katalog.assetdetail.8286100.html</p>
source_comment: "
447,458,119,1,1,,"page_number_string: 
notes: 
source_full_citation: <p>Bundesamt f&uuml;r Statistik. (2019). <em>Kanton Basel-Landschaft: nationale und kantonale Wahlen seit 1919</em>. Abgerufen am 05. Februar 2026 von https://www.bfs.admin.ch/bfs/de/home/statistiken/katalog.assetdetail.8286100.html</p>
source_comment: "
448,459,119,1,1,,"page_number_string: 
notes: 
source_full_citation: <p>Bundesamt f&uuml;r Statistik. (2019). <em>Kanton Basel-Landschaft: nationale und kantonale Wahlen seit 1919</em>. Abgerufen am 05. Februar 2026 von https://www.bfs.admin.ch/bfs/de/home/statistiken/katalog.assetdetail.8286100.html</p>
source_comment: "
449,460,119,1,1,,"page_number_string: 
notes: 
source_full_citation: <p>Bundesamt f&uuml;r Statistik. (2019). <em>Kanton Basel-Landschaft: nationale und kantonale Wahlen seit 1919</em>. Abgerufen am 05. Februar 2026 von https://www.bfs.admin.ch/bfs/de/home/statistiken/katalog.assetdetail.8286100.html</p>
source_comment: "
450,461,119,1,1,,"page_number_string: 
notes: 
source_full_citation: <p>Bundesamt f&uuml;r Statistik. (2019). <em>Kanton Basel-Landschaft: nationale und kantonale Wahlen seit 1919</em>. Abgerufen am 05. Februar 2026 von https://www.bfs.admin.ch/bfs/de/home/statistiken/katalog.assetdetail.8286100.html</p>
source_comment: "
451,517,123,1,1,,"page_number_string: 
notes: 
source_full_citation: <p>Bundesamt f&uuml;r Statistik. (2020). <em>Kanton Jura: nationale und kantonale Wahlen seit 1979</em>. Abgerufen am 13. Februar 2026 von https://www.bfs.admin.ch/bfs/de/home/statistiken/katalog.assetdetail.14880084.html</p>
source_comment: "
452,521,123,1,1,,"page_number_string: 
notes: 
source_full_citation: <p>Bundesamt f&uuml;r Statistik. (2020). <em>Kanton Jura: nationale und kantonale Wahlen seit 1979</em>. Abgerufen am 13. Februar 2026 von https://www.bfs.admin.ch/bfs/de/home/statistiken/katalog.assetdetail.14880084.html</p>
source_comment: "
453,522,123,1,1,,"page_number_string: 
notes: 
source_full_citation: <p>Bundesamt f&uuml;r Statistik. (2020). <em>Kanton Jura: nationale und kantonale Wahlen seit 1979</em>. Abgerufen am 13. Februar 2026 von https://www.bfs.admin.ch/bfs/de/home/statistiken/katalog.assetdetail.14880084.html</p>
source_comment: "
454,523,123,1,2,,"page_number_string: 
notes: 
source_full_citation: <p>Bundesamt f&uuml;r Statistik. (2020). <em>Kanton Jura: nationale und kantonale Wahlen seit 1979</em>. Abgerufen am 13. Februar 2026 von https://www.bfs.admin.ch/bfs/de/home/statistiken/katalog.assetdetail.14880084.html</p>
source_comment: "
455,524,123,1,2,,"page_number_string: 
notes: 
source_full_citation: <p>Bundesamt f&uuml;r Statistik. (2020). <em>Kanton Jura: nationale und kantonale Wahlen seit 1979</em>. Abgerufen am 13. Februar 2026 von https://www.bfs.admin.ch/bfs/de/home/statistiken/katalog.assetdetail.14880084.html</p>
source_comment: "
456,525,123,1,1,,"page_number_string: 
notes: 
source_full_citation: <p>Bundesamt f&uuml;r Statistik. (2020). <em>Kanton Jura: nationale und kantonale Wahlen seit 1979</em>. Abgerufen am 13. Februar 2026 von https://www.bfs.admin.ch/bfs/de/home/statistiken/katalog.assetdetail.14880084.html</p>
source_comment: "
457,526,123,1,3,,"page_number_string: 
notes: 
source_full_citation: <p>Bundesamt f&uuml;r Statistik. (2020). <em>Kanton Jura: nationale und kantonale Wahlen seit 1979</em>. Abgerufen am 13. Februar 2026 von https://www.bfs.admin.ch/bfs/de/home/statistiken/katalog.assetdetail.14880084.html</p>
source_comment: "
458,527,123,1,3,,"page_number_string: 
notes: 
source_full_citation: <p>Bundesamt f&uuml;r Statistik. (2023). <em>Nationalratswahlen: Eingereichte Listen nach Parteien und Kantonen</em>. Abgerufen am 10. November 2025 von https://www.bfs.admin.ch/bfs/de/home/statistiken/katalog.assetdetail.27546292.html</p>
source_comment: "
459,517,124,1,3,,"page_number_string: 
notes: 
source_full_citation: <p>Bundesamt f&uuml;r Statistik. (2020). <em>Kanton Jura: nationale und kantonale Wahlen seit 1979</em>. Abgerufen am 13. Februar 2026 von https://www.bfs.admin.ch/bfs/de/home/statistiken/katalog.assetdetail.14880084.html</p>
source_comment: "
460,518,124,1,1,,"page_number_string: 
notes: 
source_full_citation: <p>Bundesamt f&uuml;r Statistik. (2020). <em>Kanton Jura: nationale und kantonale Wahlen seit 1979</em>. Abgerufen am 13. Februar 2026 von https://www.bfs.admin.ch/bfs/de/home/statistiken/katalog.assetdetail.14880084.html</p>
source_comment: "
461,519,124,1,1,,"page_number_string: 
notes: 
source_full_citation: <p>Bundesamt f&uuml;r Statistik. (2020). <em>Kanton Jura: nationale und kantonale Wahlen seit 1979</em>. Abgerufen am 13. Februar 2026 von https://www.bfs.admin.ch/bfs/de/home/statistiken/katalog.assetdetail.14880084.html</p>
source_comment: "
462,520,124,1,1,,"page_number_string: 
notes: 
source_full_citation: <p>Bundesamt f&uuml;r Statistik. (2020). <em>Kanton Jura: nationale und kantonale Wahlen seit 1979</em>. Abgerufen am 13. Februar 2026 von https://www.bfs.admin.ch/bfs/de/home/statistiken/katalog.assetdetail.14880084.html</p>
source_comment: "
463,521,124,1,2,,"page_number_string: 
notes: 
source_full_citation: <p>Bundesamt f&uuml;r Statistik. (2020). <em>Kanton Jura: nationale und kantonale Wahlen seit 1979</em>. Abgerufen am 13. Februar 2026 von https://www.bfs.admin.ch/bfs/de/home/statistiken/katalog.assetdetail.14880084.html</p>
source_comment: "
464,522,124,1,2,,"page_number_string: 
notes: 
source_full_citation: <p>Bundesamt f&uuml;r Statistik. (2020). <em>Kanton Jura: nationale und kantonale Wahlen seit 1979</em>. Abgerufen am 13. Februar 2026 von https://www.bfs.admin.ch/bfs/de/home/statistiken/katalog.assetdetail.14880084.html</p>
source_comment: "
465,523,124,1,2,,"page_number_string: 
notes: 
source_full_citation: <p>Bundesamt f&uuml;r Statistik. (2020). <em>Kanton Jura: nationale und kantonale Wahlen seit 1979</em>. Abgerufen am 13. Februar 2026 von https://www.bfs.admin.ch/bfs/de/home/statistiken/katalog.assetdetail.14880084.html</p>
source_comment: "
466,524,124,1,2,,"page_number_string: 
notes: 
source_full_citation: <p>Bundesamt f&uuml;r Statistik. (2020). <em>Kanton Jura: nationale und kantonale Wahlen seit 1979</em>. Abgerufen am 13. Februar 2026 von https://www.bfs.admin.ch/bfs/de/home/statistiken/katalog.assetdetail.14880084.html</p>
source_comment: "
467,525,124,1,2,,"page_number_string: 
notes: 
source_full_citation: <p>Bundesamt f&uuml;r Statistik. (2020). <em>Kanton Jura: nationale und kantonale Wahlen seit 1979</em>. Abgerufen am 13. Februar 2026 von https://www.bfs.admin.ch/bfs/de/home/statistiken/katalog.assetdetail.14880084.html</p>
source_comment: "
468,526,124,1,2,,"page_number_string: 
notes: 
source_full_citation: <p>Bundesamt f&uuml;r Statistik. (2020). <em>Kanton Jura: nationale und kantonale Wahlen seit 1979</em>. Abgerufen am 13. Februar 2026 von https://www.bfs.admin.ch/bfs/de/home/statistiken/katalog.assetdetail.14880084.html</p>
source_comment: "
469,527,124,1,2,,"page_number_string: 
notes: 
source_full_citation: <p>Bundesamt f&uuml;r Statistik. (2023). <em>Nationalratswahlen: Eingereichte Listen nach Parteien und Kantonen</em>. Abgerufen am 10. November 2025 von https://www.bfs.admin.ch/bfs/de/home/statistiken/katalog.assetdetail.27546292.html</p>
source_comment: "
470,516,125,1,3,,"page_number_string: 
notes: 
source_full_citation: <p>Bundesamt f&uuml;r Statistik. (2020). <em>Kanton Jura: nationale und kantonale Wahlen seit 1979</em>. Abgerufen am 13. Februar 2026 von https://www.bfs.admin.ch/bfs/de/home/statistiken/katalog.assetdetail.14880084.html</p>
source_comment: "
471,517,125,1,3,,"page_number_string: 
notes: 
source_full_citation: <p>Bundesamt f&uuml;r Statistik. (2020). <em>Kanton Jura: nationale und kantonale Wahlen seit 1979</em>. Abgerufen am 13. Februar 2026 von https://www.bfs.admin.ch/bfs/de/home/statistiken/katalog.assetdetail.14880084.html</p>
source_comment: "
472,518,125,1,1,,"page_number_string: 
notes: 
source_full_citation: <p>Bundesamt f&uuml;r Statistik. (2020). <em>Kanton Jura: nationale und kantonale Wahlen seit 1979</em>. Abgerufen am 13. Februar 2026 von https://www.bfs.admin.ch/bfs/de/home/statistiken/katalog.assetdetail.14880084.html</p>
source_comment: "
473,519,125,1,1,,"page_number_string: 
notes: 
source_full_citation: <p>Bundesamt f&uuml;r Statistik. (2020). <em>Kanton Jura: nationale und kantonale Wahlen seit 1979</em>. Abgerufen am 13. Februar 2026 von https://www.bfs.admin.ch/bfs/de/home/statistiken/katalog.assetdetail.14880084.html</p>
source_comment: "
474,520,125,1,1,,"page_number_string: 
notes: 
source_full_citation: <p>Bundesamt f&uuml;r Statistik. (2020). <em>Kanton Jura: nationale und kantonale Wahlen seit 1979</em>. Abgerufen am 13. Februar 2026 von https://www.bfs.admin.ch/bfs/de/home/statistiken/katalog.assetdetail.14880084.html</p>
source_comment: "
475,521,125,1,5,,"page_number_string: 
notes: 
source_full_citation: <p>Bundesamt f&uuml;r Statistik. (2020). <em>Kanton Jura: nationale und kantonale Wahlen seit 1979</em>. Abgerufen am 13. Februar 2026 von https://www.bfs.admin.ch/bfs/de/home/statistiken/katalog.assetdetail.14880084.html</p>
source_comment: "
476,522,125,1,2,,"page_number_string: 
notes: 
source_full_citation: <p>Bundesamt f&uuml;r Statistik. (2020). <em>Kanton Jura: nationale und kantonale Wahlen seit 1979</em>. Abgerufen am 13. Februar 2026 von https://www.bfs.admin.ch/bfs/de/home/statistiken/katalog.assetdetail.14880084.html</p>
source_comment: "
477,523,125,1,2,,"page_number_string: 
notes: 
source_full_citation: <p>Bundesamt f&uuml;r Statistik. (2020). <em>Kanton Jura: nationale und kantonale Wahlen seit 1979</em>. Abgerufen am 13. Februar 2026 von https://www.bfs.admin.ch/bfs/de/home/statistiken/katalog.assetdetail.14880084.html</p>
source_comment: "
478,524,125,1,1,,"page_number_string: 
notes: 
source_full_citation: <p>Bundesamt f&uuml;r Statistik. (2020). <em>Kanton Jura: nationale und kantonale Wahlen seit 1979</em>. Abgerufen am 13. Februar 2026 von https://www.bfs.admin.ch/bfs/de/home/statistiken/katalog.assetdetail.14880084.html</p>
source_comment: "
479,525,125,1,2,,"page_number_string: 
notes: 
source_full_citation: <p>Bundesamt f&uuml;r Statistik. (2020). <em>Kanton Jura: nationale und kantonale Wahlen seit 1979</em>. Abgerufen am 13. Februar 2026 von https://www.bfs.admin.ch/bfs/de/home/statistiken/katalog.assetdetail.14880084.html</p>
source_comment: "
480,526,125,1,3,,"page_number_string: 
notes: 
source_full_citation: <p>Bundesamt f&uuml;r Statistik. (2020). <em>Kanton Jura: nationale und kantonale Wahlen seit 1979</em>. Abgerufen am 13. Februar 2026 von https://www.bfs.admin.ch/bfs/de/home/statistiken/katalog.assetdetail.14880084.html</p>
source_comment: "
481,527,125,1,3,,"page_number_string: 
notes: 
source_full_citation: <p>Bundesamt f&uuml;r Statistik. (2023). <em>Nationalratswahlen: Eingereichte Listen nach Parteien und Kantonen</em>. Abgerufen am 10. November 2025 von https://www.bfs.admin.ch/bfs/de/home/statistiken/katalog.assetdetail.27546292.html</p>
source_comment: "
482,516,128,1,1,,"page_number_string: 
notes: 
source_full_citation: <p>Bundesamt f&uuml;r Statistik. (2020). <em>Kanton Jura: nationale und kantonale Wahlen seit 1979</em>. Abgerufen am 13. Februar 2026 von https://www.bfs.admin.ch/bfs/de/home/statistiken/katalog.assetdetail.14880084.html</p>
source_comment: "
483,517,128,1,1,,"page_number_string: 
notes: 
source_full_citation: <p>Bundesamt f&uuml;r Statistik. (2020). <em>Kanton Jura: nationale und kantonale Wahlen seit 1979</em>. Abgerufen am 13. Februar 2026 von https://www.bfs.admin.ch/bfs/de/home/statistiken/katalog.assetdetail.14880084.html</p>
source_comment: "
484,518,128,1,2,,"page_number_string: 
notes: 
source_full_citation: <p>Bundesamt f&uuml;r Statistik. (2020). <em>Kanton Jura: nationale und kantonale Wahlen seit 1979</em>. Abgerufen am 13. Februar 2026 von https://www.bfs.admin.ch/bfs/de/home/statistiken/katalog.assetdetail.14880084.html</p>
source_comment: "
485,519,128,1,4,,"page_number_string: 
notes: 
source_full_citation: <p>Bundesamt f&uuml;r Statistik. (2020). <em>Kanton Jura: nationale und kantonale Wahlen seit 1979</em>. Abgerufen am 13. Februar 2026 von https://www.bfs.admin.ch/bfs/de/home/statistiken/katalog.assetdetail.14880084.html</p>
source_comment: "
486,520,128,1,2,,"page_number_string: 
notes: 
source_full_citation: <p>Bundesamt f&uuml;r Statistik. (2020). <em>Kanton Jura: nationale und kantonale Wahlen seit 1979</em>. Abgerufen am 13. Februar 2026 von https://www.bfs.admin.ch/bfs/de/home/statistiken/katalog.assetdetail.14880084.html</p>
source_comment: "
487,521,128,1,2,,"page_number_string: 
notes: 
source_full_citation: <p>Bundesamt f&uuml;r Statistik. (2020). <em>Kanton Jura: nationale und kantonale Wahlen seit 1979</em>. Abgerufen am 13. Februar 2026 von https://www.bfs.admin.ch/bfs/de/home/statistiken/katalog.assetdetail.14880084.html</p>
source_comment: "
488,522,128,1,2,,"page_number_string: 
notes: 
source_full_citation: <p>Bundesamt f&uuml;r Statistik. (2020). <em>Kanton Jura: nationale und kantonale Wahlen seit 1979</em>. Abgerufen am 13. Februar 2026 von https://www.bfs.admin.ch/bfs/de/home/statistiken/katalog.assetdetail.14880084.html</p>
source_comment: "
489,523,128,1,1,,"page_number_string: 
notes: 
source_full_citation: <p>Bundesamt f&uuml;r Statistik. (2020). <em>Kanton Jura: nationale und kantonale Wahlen seit 1979</em>. Abgerufen am 13. Februar 2026 von https://www.bfs.admin.ch/bfs/de/home/statistiken/katalog.assetdetail.14880084.html</p>
source_comment: "
490,524,128,1,2,,"page_number_string: 
notes: 
source_full_citation: <p>Bundesamt f&uuml;r Statistik. (2020). <em>Kanton Jura: nationale und kantonale Wahlen seit 1979</em>. Abgerufen am 13. Februar 2026 von https://www.bfs.admin.ch/bfs/de/home/statistiken/katalog.assetdetail.14880084.html</p>
source_comment: "
491,525,128,1,2,,"page_number_string: 
notes: 
source_full_citation: <p>Bundesamt f&uuml;r Statistik. (2020). <em>Kanton Jura: nationale und kantonale Wahlen seit 1979</em>. Abgerufen am 13. Februar 2026 von https://www.bfs.admin.ch/bfs/de/home/statistiken/katalog.assetdetail.14880084.html</p>
source_comment: "
492,526,128,1,3,,"page_number_string: 
notes: 
source_full_citation: <p>Bundesamt f&uuml;r Statistik. (2020). <em>Kanton Jura: nationale und kantonale Wahlen seit 1979</em>. Abgerufen am 13. Februar 2026 von https://www.bfs.admin.ch/bfs/de/home/statistiken/katalog.assetdetail.14880084.html</p>
source_comment: "
493,527,128,1,3,,"page_number_string: 
notes: 
source_full_citation: <p>Bundesamt f&uuml;r Statistik. (2023). <em>Nationalratswahlen: Eingereichte Listen nach Parteien und Kantonen</em>. Abgerufen am 10. November 2025 von https://www.bfs.admin.ch/bfs/de/home/statistiken/katalog.assetdetail.27546292.html</p>
source_comment: "
494,524,130,1,1,,"page_number_string: 
notes: 
source_full_citation: <p>Bundesamt f&uuml;r Statistik. (2020). <em>Kanton Jura: nationale und kantonale Wahlen seit 1979</em>. Abgerufen am 13. Februar 2026 von https://www.bfs.admin.ch/bfs/de/home/statistiken/katalog.assetdetail.14880084.html</p>
source_comment: "
495,525,130,1,2,,"page_number_string: 
notes: 
source_full_citation: <p>Bundesamt f&uuml;r Statistik. (2020). <em>Kanton Jura: nationale und kantonale Wahlen seit 1979</em>. Abgerufen am 13. Februar 2026 von https://www.bfs.admin.ch/bfs/de/home/statistiken/katalog.assetdetail.14880084.html</p>
source_comment: "
496,526,130,1,2,,"page_number_string: 
notes: 
source_full_citation: <p>Bundesamt f&uuml;r Statistik. (2020). <em>Kanton Jura: nationale und kantonale Wahlen seit 1979</em>. Abgerufen am 13. Februar 2026 von https://www.bfs.admin.ch/bfs/de/home/statistiken/katalog.assetdetail.14880084.html</p>
source_comment: "
497,527,130,1,2,,"page_number_string: 
notes: 
source_full_citation: <p>Bundesamt f&uuml;r Statistik. (2023). <em>Nationalratswahlen: Eingereichte Listen nach Parteien und Kantonen</em>. Abgerufen am 10. November 2025 von https://www.bfs.admin.ch/bfs/de/home/statistiken/katalog.assetdetail.27546292.html</p>
source_comment: "
498,527,131,1,2,,"page_number_string: 
notes: 
source_full_citation: <p>Bundesamt f&uuml;r Statistik. (2023). <em>Nationalratswahlen: Eingereichte Listen nach Parteien und Kantonen</em>. Abgerufen am 10. November 2025 von https://www.bfs.admin.ch/bfs/de/home/statistiken/katalog.assetdetail.27546292.html</p>
source_comment: "
499,526,132,1,1,,"page_number_string: 
notes: 
source_full_citation: <p>Bundesamt f&uuml;r Statistik. (2020). <em>Kanton Jura: nationale und kantonale Wahlen seit 1979</em>. Abgerufen am 13. Februar 2026 von https://www.bfs.admin.ch/bfs/de/home/statistiken/katalog.assetdetail.14880084.html</p>
source_comment: "
500,527,132,1,1,,"page_number_string: 
notes: 
source_full_citation: <p>Bundesamt f&uuml;r Statistik. (2023). <em>Nationalratswahlen: Eingereichte Listen nach Parteien und Kantonen</em>. Abgerufen am 10. November 2025 von https://www.bfs.admin.ch/bfs/de/home/statistiken/katalog.assetdetail.27546292.html</p>
source_comment: "
501,517,134,1,3,,"page_number_string: 
notes: 
source_full_citation: <p>Bundesamt f&uuml;r Statistik. (2020). <em>Kanton Jura: nationale und kantonale Wahlen seit 1979</em>. Abgerufen am 13. Februar 2026 von https://www.bfs.admin.ch/bfs/de/home/statistiken/katalog.assetdetail.14880084.html</p>
source_comment: "
502,518,134,1,1,,"page_number_string: 
notes: 
source_full_citation: <p>Bundesamt f&uuml;r Statistik. (2020). <em>Kanton Jura: nationale und kantonale Wahlen seit 1979</em>. Abgerufen am 13. Februar 2026 von https://www.bfs.admin.ch/bfs/de/home/statistiken/katalog.assetdetail.14880084.html</p>
source_comment: "
503,523,134,1,1,,"page_number_string: 
notes: 
source_full_citation: <p>Bundesamt f&uuml;r Statistik. (2020). <em>Kanton Jura: nationale und kantonale Wahlen seit 1979</em>. Abgerufen am 13. Februar 2026 von https://www.bfs.admin.ch/bfs/de/home/statistiken/katalog.assetdetail.14880084.html</p>
source_comment: "
504,525,134,1,1,,"page_number_string: 
notes: 
source_full_citation: <p>Bundesamt f&uuml;r Statistik. (2020). <em>Kanton Jura: nationale und kantonale Wahlen seit 1979</em>. Abgerufen am 13. Februar 2026 von https://www.bfs.admin.ch/bfs/de/home/statistiken/katalog.assetdetail.14880084.html</p>
source_comment: "
505,526,134,1,3,,"page_number_string: 
notes: 
source_full_citation: <p>Bundesamt f&uuml;r Statistik. (2020). <em>Kanton Jura: nationale und kantonale Wahlen seit 1979</em>. Abgerufen am 13. Februar 2026 von https://www.bfs.admin.ch/bfs/de/home/statistiken/katalog.assetdetail.14880084.html</p>
source_comment: "
506,525,138,1,1,,"page_number_string: 
notes: 
source_full_citation: <p>Bundesamt f&uuml;r Statistik. (2020). <em>Kanton Jura: nationale und kantonale Wahlen seit 1979</em>. Abgerufen am 13. Februar 2026 von https://www.bfs.admin.ch/bfs/de/home/statistiken/katalog.assetdetail.14880084.html</p>
source_comment: "
507,580,12,1,1,,"page_number_string: 
notes: 
source_full_citation: <p>Bundesamt f&uuml;r Statistik. (2019). <em>Kanton Tessin: nationale und kantonale Wahlen seit 1919</em>. Abgerufen am 03. M&auml;rz 2026 von https://www.bfs.admin.ch/bfs/de/home/statistiken/katalog.assetdetail.8586481.html</p>
source_comment: "
508,581,12,1,1,,"page_number_string: 
notes: 
source_full_citation: <p>Bundesamt f&uuml;r Statistik. (2019). <em>Kanton Tessin: nationale und kantonale Wahlen seit 1919</em>. Abgerufen am 03. M&auml;rz 2026 von https://www.bfs.admin.ch/bfs/de/home/statistiken/katalog.assetdetail.8586481.html</p>
source_comment: "
509,582,12,1,1,,"page_number_string: 
notes: 
source_full_citation: <p>Bundesamt f&uuml;r Statistik. (2019). <em>Kanton Tessin: nationale und kantonale Wahlen seit 1919</em>. Abgerufen am 03. M&auml;rz 2026 von https://www.bfs.admin.ch/bfs/de/home/statistiken/katalog.assetdetail.8586481.html</p>
source_comment: "
510,583,12,1,1,,"page_number_string: 
notes: 
source_full_citation: <p>Bundesamt f&uuml;r Statistik. (2019). <em>Kanton Tessin: nationale und kantonale Wahlen seit 1919</em>. Abgerufen am 03. M&auml;rz 2026 von https://www.bfs.admin.ch/bfs/de/home/statistiken/katalog.assetdetail.8586481.html</p>
source_comment: "
511,584,12,1,1,,"page_number_string: 
notes: 
source_full_citation: <p>Bundesamt f&uuml;r Statistik. (2019). <em>Kanton Tessin: nationale und kantonale Wahlen seit 1919</em>. Abgerufen am 03. M&auml;rz 2026 von https://www.bfs.admin.ch/bfs/de/home/statistiken/katalog.assetdetail.8586481.html</p>
source_comment: "
512,585,12,1,1,,"page_number_string: 
notes: 
source_full_citation: <p>Bundesamt f&uuml;r Statistik. (2019). <em>Kanton Tessin: nationale und kantonale Wahlen seit 1919</em>. Abgerufen am 03. M&auml;rz 2026 von https://www.bfs.admin.ch/bfs/de/home/statistiken/katalog.assetdetail.8586481.html</p>
source_comment: "
513,586,12,1,1,,"page_number_string: 
notes: 
source_full_citation: <p>Bundesamt f&uuml;r Statistik. (2019). <em>Kanton Tessin: nationale und kantonale Wahlen seit 1919</em>. Abgerufen am 03. M&auml;rz 2026 von https://www.bfs.admin.ch/bfs/de/home/statistiken/katalog.assetdetail.8586481.html</p>
source_comment: "
514,587,12,1,1,,"page_number_string: 
notes: 
source_full_citation: <p>Bundesamt f&uuml;r Statistik. (2023). <em>Nationalratswahlen: Eingereichte Listen nach Parteien und Kantonen</em>. Abgerufen am 10. November 2025 von https://www.bfs.admin.ch/bfs/de/home/statistiken/katalog.assetdetail.27546292.html</p>
source_comment: "
515,588,12,1,5,,"page_number_string: 
notes: 
source_full_citation: <p>Bundesamt f&uuml;r Statistik. (2023). <em>Nationalratswahlen: Eingereichte Listen nach Parteien und Kantonen</em>. Abgerufen am 10. November 2025 von https://www.bfs.admin.ch/bfs/de/home/statistiken/katalog.assetdetail.27546292.html</p>
source_comment: "
516,575,161,1,1,,"page_number_string: 
notes: 
source_full_citation: <p>Bundesamt f&uuml;r Statistik. (2019). <em>Kanton Tessin: nationale und kantonale Wahlen seit 1919</em>. Abgerufen am 03. M&auml;rz 2026 von https://www.bfs.admin.ch/bfs/de/home/statistiken/katalog.assetdetail.8586481.html</p>
source_comment: "
517,577,161,1,1,,"page_number_string: 
notes: 
source_full_citation: <p>Bundesamt f&uuml;r Statistik. (2019). <em>Kanton Tessin: nationale und kantonale Wahlen seit 1919</em>. Abgerufen am 03. M&auml;rz 2026 von https://www.bfs.admin.ch/bfs/de/home/statistiken/katalog.assetdetail.8586481.html</p>
source_comment: "
518,578,161,1,1,,"page_number_string: 
notes: 
source_full_citation: <p>Bundesamt f&uuml;r Statistik. (2019). <em>Kanton Tessin: nationale und kantonale Wahlen seit 1919</em>. Abgerufen am 03. M&auml;rz 2026 von https://www.bfs.admin.ch/bfs/de/home/statistiken/katalog.assetdetail.8586481.html</p>
source_comment: "
519,579,161,1,1,,"page_number_string: 
notes: 
source_full_citation: <p>Bundesamt f&uuml;r Statistik. (2019). <em>Kanton Tessin: nationale und kantonale Wahlen seit 1919</em>. Abgerufen am 03. M&auml;rz 2026 von https://www.bfs.admin.ch/bfs/de/home/statistiken/katalog.assetdetail.8586481.html</p>
source_comment: "
520,580,161,1,1,,"page_number_string: 
notes: 
source_full_citation: <p>Bundesamt f&uuml;r Statistik. (2019). <em>Kanton Tessin: nationale und kantonale Wahlen seit 1919</em>. Abgerufen am 03. M&auml;rz 2026 von https://www.bfs.admin.ch/bfs/de/home/statistiken/katalog.assetdetail.8586481.html</p>
source_comment: "
521,581,161,1,1,,"page_number_string: 
notes: 
source_full_citation: <p>Bundesamt f&uuml;r Statistik. (2019). <em>Kanton Tessin: nationale und kantonale Wahlen seit 1919</em>. Abgerufen am 03. M&auml;rz 2026 von https://www.bfs.admin.ch/bfs/de/home/statistiken/katalog.assetdetail.8586481.html</p>
source_comment: "
522,582,161,1,1,,"page_number_string: 
notes: 
source_full_citation: <p>Bundesamt f&uuml;r Statistik. (2019). <em>Kanton Tessin: nationale und kantonale Wahlen seit 1919</em>. Abgerufen am 03. M&auml;rz 2026 von https://www.bfs.admin.ch/bfs/de/home/statistiken/katalog.assetdetail.8586481.html</p>
source_comment: "
523,583,161,1,1,,"page_number_string: 
notes: 
source_full_citation: <p>Bundesamt f&uuml;r Statistik. (2019). <em>Kanton Tessin: nationale und kantonale Wahlen seit 1919</em>. Abgerufen am 03. M&auml;rz 2026 von https://www.bfs.admin.ch/bfs/de/home/statistiken/katalog.assetdetail.8586481.html</p>
source_comment: "
524,584,161,1,1,,"page_number_string: 
notes: 
source_full_citation: <p>Bundesamt f&uuml;r Statistik. (2019). <em>Kanton Tessin: nationale und kantonale Wahlen seit 1919</em>. Abgerufen am 03. M&auml;rz 2026 von https://www.bfs.admin.ch/bfs/de/home/statistiken/katalog.assetdetail.8586481.html</p>
source_comment: "
525,585,161,1,1,,"page_number_string: 
notes: 
source_full_citation: <p>Bundesamt f&uuml;r Statistik. (2019). <em>Kanton Tessin: nationale und kantonale Wahlen seit 1919</em>. Abgerufen am 03. M&auml;rz 2026 von https://www.bfs.admin.ch/bfs/de/home/statistiken/katalog.assetdetail.8586481.html</p>
source_comment: "
526,586,161,1,2,,"page_number_string: 
notes: 
source_full_citation: <p>Bundesamt f&uuml;r Statistik. (2019). <em>Kanton Tessin: nationale und kantonale Wahlen seit 1919</em>. Abgerufen am 03. M&auml;rz 2026 von https://www.bfs.admin.ch/bfs/de/home/statistiken/katalog.assetdetail.8586481.html</p>
source_comment: "
527,587,161,1,3,,"page_number_string: 
notes: 
source_full_citation: <p>Bundesamt f&uuml;r Statistik. (2023). <em>Nationalratswahlen: Eingereichte Listen nach Parteien und Kantonen</em>. Abgerufen am 10. November 2025 von https://www.bfs.admin.ch/bfs/de/home/statistiken/katalog.assetdetail.27546292.html</p>
source_comment: "
528,588,161,1,5,,"page_number_string: 
notes: 
source_full_citation: <p>Bundesamt f&uuml;r Statistik. (2023). <em>Nationalratswahlen: Eingereichte Listen nach Parteien und Kantonen</em>. Abgerufen am 10. November 2025 von https://www.bfs.admin.ch/bfs/de/home/statistiken/katalog.assetdetail.27546292.html</p>
source_comment: "
529,575,163,1,1,,"page_number_string: 
notes: 
source_full_citation: <p>Bundesamt f&uuml;r Statistik. (2019). <em>Kanton Tessin: nationale und kantonale Wahlen seit 1919</em>. Abgerufen am 03. M&auml;rz 2026 von https://www.bfs.admin.ch/bfs/de/home/statistiken/katalog.assetdetail.8586481.html</p>
source_comment: "
530,576,163,1,1,,"page_number_string: 
notes: 
source_full_citation: <p>Bundesamt f&uuml;r Statistik. (2019). <em>Kanton Tessin: nationale und kantonale Wahlen seit 1919</em>. Abgerufen am 03. M&auml;rz 2026 von https://www.bfs.admin.ch/bfs/de/home/statistiken/katalog.assetdetail.8586481.html</p>
source_comment: "
531,577,163,1,1,,"page_number_string: 
notes: 
source_full_citation: <p>Bundesamt f&uuml;r Statistik. (2019). <em>Kanton Tessin: nationale und kantonale Wahlen seit 1919</em>. Abgerufen am 03. M&auml;rz 2026 von https://www.bfs.admin.ch/bfs/de/home/statistiken/katalog.assetdetail.8586481.html</p>
source_comment: "
532,578,163,1,1,,"page_number_string: 
notes: 
source_full_citation: <p>Bundesamt f&uuml;r Statistik. (2019). <em>Kanton Tessin: nationale und kantonale Wahlen seit 1919</em>. Abgerufen am 03. M&auml;rz 2026 von https://www.bfs.admin.ch/bfs/de/home/statistiken/katalog.assetdetail.8586481.html</p>
source_comment: "
533,579,163,1,1,,"page_number_string: 
notes: 
source_full_citation: <p>Bundesamt f&uuml;r Statistik. (2019). <em>Kanton Tessin: nationale und kantonale Wahlen seit 1919</em>. Abgerufen am 03. M&auml;rz 2026 von https://www.bfs.admin.ch/bfs/de/home/statistiken/katalog.assetdetail.8586481.html</p>
source_comment: "
534,580,163,1,1,,"page_number_string: 
notes: 
source_full_citation: <p>Bundesamt f&uuml;r Statistik. (2019). <em>Kanton Tessin: nationale und kantonale Wahlen seit 1919</em>. Abgerufen am 03. M&auml;rz 2026 von https://www.bfs.admin.ch/bfs/de/home/statistiken/katalog.assetdetail.8586481.html</p>
source_comment: "
535,581,164,1,2,,"page_number_string: 
notes: 
source_full_citation: <p>Bundesamt f&uuml;r Statistik. (2019). <em>Kanton Tessin: nationale und kantonale Wahlen seit 1919</em>. Abgerufen am 03. M&auml;rz 2026 von https://www.bfs.admin.ch/bfs/de/home/statistiken/katalog.assetdetail.8586481.html</p>
source_comment: "
536,582,164,1,1,,"page_number_string: 
notes: 
source_full_citation: <p>Bundesamt f&uuml;r Statistik. (2019). <em>Kanton Tessin: nationale und kantonale Wahlen seit 1919</em>. Abgerufen am 03. M&auml;rz 2026 von https://www.bfs.admin.ch/bfs/de/home/statistiken/katalog.assetdetail.8586481.html</p>
source_comment: "
537,583,164,1,1,,"page_number_string: 
notes: 
source_full_citation: <p>Bundesamt f&uuml;r Statistik. (2019). <em>Kanton Tessin: nationale und kantonale Wahlen seit 1919</em>. Abgerufen am 03. M&auml;rz 2026 von https://www.bfs.admin.ch/bfs/de/home/statistiken/katalog.assetdetail.8586481.html</p>
source_comment: "
538,584,164,1,1,,"page_number_string: 
notes: 
source_full_citation: <p>Bundesamt f&uuml;r Statistik. (2019). <em>Kanton Tessin: nationale und kantonale Wahlen seit 1919</em>. Abgerufen am 03. M&auml;rz 2026 von https://www.bfs.admin.ch/bfs/de/home/statistiken/katalog.assetdetail.8586481.html</p>
source_comment: "
539,585,164,1,1,,"page_number_string: 
notes: 
source_full_citation: <p>Bundesamt f&uuml;r Statistik. (2019). <em>Kanton Tessin: nationale und kantonale Wahlen seit 1919</em>. Abgerufen am 03. M&auml;rz 2026 von https://www.bfs.admin.ch/bfs/de/home/statistiken/katalog.assetdetail.8586481.html</p>
source_comment: "
540,586,164,1,3,,"page_number_string: 
notes: 
source_full_citation: <p>Bundesamt f&uuml;r Statistik. (2019). <em>Kanton Tessin: nationale und kantonale Wahlen seit 1919</em>. Abgerufen am 03. M&auml;rz 2026 von https://www.bfs.admin.ch/bfs/de/home/statistiken/katalog.assetdetail.8586481.html</p>
source_comment: "
541,587,164,1,3,,"page_number_string: 
notes: 
source_full_citation: <p>Bundesamt f&uuml;r Statistik. (2023). <em>Nationalratswahlen: Eingereichte Listen nach Parteien und Kantonen</em>. Abgerufen am 10. November 2025 von https://www.bfs.admin.ch/bfs/de/home/statistiken/katalog.assetdetail.27546292.html</p>
source_comment: "
542,588,164,1,3,,"page_number_string: 
notes: 
source_full_citation: <p>Bundesamt f&uuml;r Statistik. (2023). <em>Nationalratswahlen: Eingereichte Listen nach Parteien und Kantonen</em>. Abgerufen am 10. November 2025 von https://www.bfs.admin.ch/bfs/de/home/statistiken/katalog.assetdetail.27546292.html</p>
source_comment: "
543,575,165,1,1,,"page_number_string: 
notes: 
source_full_citation: <p>Bundesamt f&uuml;r Statistik. (2019). <em>Kanton Tessin: nationale und kantonale Wahlen seit 1919</em>. Abgerufen am 03. M&auml;rz 2026 von https://www.bfs.admin.ch/bfs/de/home/statistiken/katalog.assetdetail.8586481.html</p>
source_comment: "
544,576,165,1,1,,"page_number_string: 
notes: 
source_full_citation: <p>Bundesamt f&uuml;r Statistik. (2019). <em>Kanton Tessin: nationale und kantonale Wahlen seit 1919</em>. Abgerufen am 03. M&auml;rz 2026 von https://www.bfs.admin.ch/bfs/de/home/statistiken/katalog.assetdetail.8586481.html</p>
source_comment: "
545,577,165,1,1,,"page_number_string: 
notes: 
source_full_citation: <p>Bundesamt f&uuml;r Statistik. (2019). <em>Kanton Tessin: nationale und kantonale Wahlen seit 1919</em>. Abgerufen am 03. M&auml;rz 2026 von https://www.bfs.admin.ch/bfs/de/home/statistiken/katalog.assetdetail.8586481.html</p>
source_comment: "
546,578,165,1,1,,"page_number_string: 
notes: 
source_full_citation: <p>Bundesamt f&uuml;r Statistik. (2019). <em>Kanton Tessin: nationale und kantonale Wahlen seit 1919</em>. Abgerufen am 03. M&auml;rz 2026 von https://www.bfs.admin.ch/bfs/de/home/statistiken/katalog.assetdetail.8586481.html</p>
source_comment: "
547,579,165,1,1,,"page_number_string: 
notes: 
source_full_citation: <p>Bundesamt f&uuml;r Statistik. (2019). <em>Kanton Tessin: nationale und kantonale Wahlen seit 1919</em>. Abgerufen am 03. M&auml;rz 2026 von https://www.bfs.admin.ch/bfs/de/home/statistiken/katalog.assetdetail.8586481.html</p>
source_comment: "
548,580,166,1,1,,"page_number_string: 
notes: 
source_full_citation: <p>Bundesamt f&uuml;r Statistik. (2019). <em>Kanton Tessin: nationale und kantonale Wahlen seit 1919</em>. Abgerufen am 03. M&auml;rz 2026 von https://www.bfs.admin.ch/bfs/de/home/statistiken/katalog.assetdetail.8586481.html</p>
source_comment: "
549,575,167,1,1,,"page_number_string: 
notes: 
source_full_citation: <p>Bundesamt f&uuml;r Statistik. (2019). <em>Kanton Tessin: nationale und kantonale Wahlen seit 1919</em>. Abgerufen am 03. M&auml;rz 2026 von https://www.bfs.admin.ch/bfs/de/home/statistiken/katalog.assetdetail.8586481.html</p>
source_comment: "
550,576,167,1,1,,"page_number_string: 
notes: 
source_full_citation: <p>Bundesamt f&uuml;r Statistik. (2019). <em>Kanton Tessin: nationale und kantonale Wahlen seit 1919</em>. Abgerufen am 03. M&auml;rz 2026 von https://www.bfs.admin.ch/bfs/de/home/statistiken/katalog.assetdetail.8586481.html</p>
source_comment: "
551,577,167,1,1,,"page_number_string: 
notes: 
source_full_citation: <p>Bundesamt f&uuml;r Statistik. (2019). <em>Kanton Tessin: nationale und kantonale Wahlen seit 1919</em>. Abgerufen am 03. M&auml;rz 2026 von https://www.bfs.admin.ch/bfs/de/home/statistiken/katalog.assetdetail.8586481.html</p>
source_comment: "
552,578,167,1,1,,"page_number_string: 
notes: 
source_full_citation: <p>Bundesamt f&uuml;r Statistik. (2019). <em>Kanton Tessin: nationale und kantonale Wahlen seit 1919</em>. Abgerufen am 03. M&auml;rz 2026 von https://www.bfs.admin.ch/bfs/de/home/statistiken/katalog.assetdetail.8586481.html</p>
source_comment: "
553,579,167,1,1,,"page_number_string: 
notes: 
source_full_citation: <p>Bundesamt f&uuml;r Statistik. (2019). <em>Kanton Tessin: nationale und kantonale Wahlen seit 1919</em>. Abgerufen am 03. M&auml;rz 2026 von https://www.bfs.admin.ch/bfs/de/home/statistiken/katalog.assetdetail.8586481.html</p>
source_comment: "
554,580,167,1,1,,"page_number_string: 
notes: 
source_full_citation: <p>Bundesamt f&uuml;r Statistik. (2019). <em>Kanton Tessin: nationale und kantonale Wahlen seit 1919</em>. Abgerufen am 03. M&auml;rz 2026 von https://www.bfs.admin.ch/bfs/de/home/statistiken/katalog.assetdetail.8586481.html</p>
source_comment: "
555,581,167,1,1,,"page_number_string: 
notes: 
source_full_citation: <p>Bundesamt f&uuml;r Statistik. (2019). <em>Kanton Tessin: nationale und kantonale Wahlen seit 1919</em>. Abgerufen am 03. M&auml;rz 2026 von https://www.bfs.admin.ch/bfs/de/home/statistiken/katalog.assetdetail.8586481.html</p>
source_comment: "
556,582,167,1,1,,"page_number_string: 
notes: 
source_full_citation: <p>Bundesamt f&uuml;r Statistik. (2019). <em>Kanton Tessin: nationale und kantonale Wahlen seit 1919</em>. Abgerufen am 03. M&auml;rz 2026 von https://www.bfs.admin.ch/bfs/de/home/statistiken/katalog.assetdetail.8586481.html</p>
source_comment: "
557,583,167,1,1,,"page_number_string: 
notes: 
source_full_citation: <p>Bundesamt f&uuml;r Statistik. (2019). <em>Kanton Tessin: nationale und kantonale Wahlen seit 1919</em>. Abgerufen am 03. M&auml;rz 2026 von https://www.bfs.admin.ch/bfs/de/home/statistiken/katalog.assetdetail.8586481.html</p>
source_comment: "
558,584,167,1,2,,"page_number_string: 
notes: 
source_full_citation: <p>Bundesamt f&uuml;r Statistik. (2019). <em>Kanton Tessin: nationale und kantonale Wahlen seit 1919</em>. Abgerufen am 03. M&auml;rz 2026 von https://www.bfs.admin.ch/bfs/de/home/statistiken/katalog.assetdetail.8586481.html</p>
source_comment: "
559,585,167,1,1,,"page_number_string: 
notes: 
source_full_citation: <p>Bundesamt f&uuml;r Statistik. (2019). <em>Kanton Tessin: nationale und kantonale Wahlen seit 1919</em>. Abgerufen am 03. M&auml;rz 2026 von https://www.bfs.admin.ch/bfs/de/home/statistiken/katalog.assetdetail.8586481.html</p>
source_comment: "
560,586,167,1,1,,"page_number_string: 
notes: 
source_full_citation: <p>Bundesamt f&uuml;r Statistik. (2019). <em>Kanton Tessin: nationale und kantonale Wahlen seit 1919</em>. Abgerufen am 03. M&auml;rz 2026 von https://www.bfs.admin.ch/bfs/de/home/statistiken/katalog.assetdetail.8586481.html</p>
source_comment: "
561,587,167,1,1,,"page_number_string: 
notes: 
source_full_citation: <p>Bundesamt f&uuml;r Statistik. (2023). <em>Nationalratswahlen: Eingereichte Listen nach Parteien und Kantonen</em>. Abgerufen am 10. November 2025 von https://www.bfs.admin.ch/bfs/de/home/statistiken/katalog.assetdetail.27546292.html</p>
source_comment: "
562,588,167,1,3,,"page_number_string: 
notes: 
source_full_citation: <p>Bundesamt f&uuml;r Statistik. (2023). <em>Nationalratswahlen: Eingereichte Listen nach Parteien und Kantonen</em>. Abgerufen am 10. November 2025 von https://www.bfs.admin.ch/bfs/de/home/statistiken/katalog.assetdetail.27546292.html</p>
source_comment: "
563,575,168,1,1,,"page_number_string: 
notes: 
source_full_citation: <p>Bundesamt f&uuml;r Statistik. (2019). <em>Kanton Tessin: nationale und kantonale Wahlen seit 1919</em>. Abgerufen am 03. M&auml;rz 2026 von https://www.bfs.admin.ch/bfs/de/home/statistiken/katalog.assetdetail.8586481.html</p>
source_comment: "
564,576,168,1,1,,"page_number_string: 
notes: 
source_full_citation: <p>Bundesamt f&uuml;r Statistik. (2019). <em>Kanton Tessin: nationale und kantonale Wahlen seit 1919</em>. Abgerufen am 03. M&auml;rz 2026 von https://www.bfs.admin.ch/bfs/de/home/statistiken/katalog.assetdetail.8586481.html</p>
source_comment: "
565,577,168,1,1,,"page_number_string: 
notes: 
source_full_citation: <p>Bundesamt f&uuml;r Statistik. (2019). <em>Kanton Tessin: nationale und kantonale Wahlen seit 1919</em>. Abgerufen am 03. M&auml;rz 2026 von https://www.bfs.admin.ch/bfs/de/home/statistiken/katalog.assetdetail.8586481.html</p>
source_comment: "
566,578,168,1,1,,"page_number_string: 
notes: 
source_full_citation: <p>Bundesamt f&uuml;r Statistik. (2019). <em>Kanton Tessin: nationale und kantonale Wahlen seit 1919</em>. Abgerufen am 03. M&auml;rz 2026 von https://www.bfs.admin.ch/bfs/de/home/statistiken/katalog.assetdetail.8586481.html</p>
source_comment: "
567,579,168,1,1,,"page_number_string: 
notes: 
source_full_citation: <p>Bundesamt f&uuml;r Statistik. (2019). <em>Kanton Tessin: nationale und kantonale Wahlen seit 1919</em>. Abgerufen am 03. M&auml;rz 2026 von https://www.bfs.admin.ch/bfs/de/home/statistiken/katalog.assetdetail.8586481.html</p>
source_comment: "
568,580,168,1,1,,"page_number_string: 
notes: 
source_full_citation: <p>Bundesamt f&uuml;r Statistik. (2019). <em>Kanton Tessin: nationale und kantonale Wahlen seit 1919</em>. Abgerufen am 03. M&auml;rz 2026 von https://www.bfs.admin.ch/bfs/de/home/statistiken/katalog.assetdetail.8586481.html</p>
source_comment: "
569,581,168,1,1,,"page_number_string: 
notes: 
source_full_citation: <p>Bundesamt f&uuml;r Statistik. (2019). <em>Kanton Tessin: nationale und kantonale Wahlen seit 1919</em>. Abgerufen am 03. M&auml;rz 2026 von https://www.bfs.admin.ch/bfs/de/home/statistiken/katalog.assetdetail.8586481.html</p>
source_comment: "
570,582,168,1,1,,"page_number_string: 
notes: 
source_full_citation: <p>Bundesamt f&uuml;r Statistik. (2019). <em>Kanton Tessin: nationale und kantonale Wahlen seit 1919</em>. Abgerufen am 03. M&auml;rz 2026 von https://www.bfs.admin.ch/bfs/de/home/statistiken/katalog.assetdetail.8586481.html</p>
source_comment: "
571,583,168,1,1,,"page_number_string: 
notes: 
source_full_citation: <p>Bundesamt f&uuml;r Statistik. (2019). <em>Kanton Tessin: nationale und kantonale Wahlen seit 1919</em>. Abgerufen am 03. M&auml;rz 2026 von https://www.bfs.admin.ch/bfs/de/home/statistiken/katalog.assetdetail.8586481.html</p>
source_comment: "
572,584,168,1,2,,"page_number_string: 
notes: 
source_full_citation: <p>Bundesamt f&uuml;r Statistik. (2019). <em>Kanton Tessin: nationale und kantonale Wahlen seit 1919</em>. Abgerufen am 03. M&auml;rz 2026 von https://www.bfs.admin.ch/bfs/de/home/statistiken/katalog.assetdetail.8586481.html</p>
source_comment: "
573,585,168,1,1,,"page_number_string: 
notes: 
source_full_citation: <p>Bundesamt f&uuml;r Statistik. (2019). <em>Kanton Tessin: nationale und kantonale Wahlen seit 1919</em>. Abgerufen am 03. M&auml;rz 2026 von https://www.bfs.admin.ch/bfs/de/home/statistiken/katalog.assetdetail.8586481.html</p>
source_comment: "
574,586,168,1,4,,"page_number_string: 
notes: 
source_full_citation: <p>Bundesamt f&uuml;r Statistik. (2019). <em>Kanton Tessin: nationale und kantonale Wahlen seit 1919</em>. Abgerufen am 03. M&auml;rz 2026 von https://www.bfs.admin.ch/bfs/de/home/statistiken/katalog.assetdetail.8586481.html</p>
source_comment: "
575,587,168,1,4,,"page_number_string: 
notes: 
source_full_citation: <p>Bundesamt f&uuml;r Statistik. (2023). <em>Nationalratswahlen: Eingereichte Listen nach Parteien und Kantonen</em>. Abgerufen am 10. November 2025 von https://www.bfs.admin.ch/bfs/de/home/statistiken/katalog.assetdetail.27546292.html</p>
source_comment: "
576,588,168,1,5,,"page_number_string: 
notes: 
source_full_citation: <p>Bundesamt f&uuml;r Statistik. (2023). <em>Nationalratswahlen: Eingereichte Listen nach Parteien und Kantonen</em>. Abgerufen am 10. November 2025 von https://www.bfs.admin.ch/bfs/de/home/statistiken/katalog.assetdetail.27546292.html</p>
source_comment: "
577,579,170,1,1,,"page_number_string: 
notes: 
source_full_citation: <p>Bundesamt f&uuml;r Statistik. (2019). <em>Kanton Tessin: nationale und kantonale Wahlen seit 1919</em>. Abgerufen am 03. M&auml;rz 2026 von https://www.bfs.admin.ch/bfs/de/home/statistiken/katalog.assetdetail.8586481.html</p>
source_comment: "
578,581,169,1,1,,"page_number_string: 
notes: 
source_full_citation: <p>Bundesamt f&uuml;r Statistik. (2019). <em>Kanton Tessin: nationale und kantonale Wahlen seit 1919</em>. Abgerufen am 03. M&auml;rz 2026 von https://www.bfs.admin.ch/bfs/de/home/statistiken/katalog.assetdetail.8586481.html</p>
source_comment: "
579,582,169,1,1,,"page_number_string: 
notes: 
source_full_citation: <p>Bundesamt f&uuml;r Statistik. (2019). <em>Kanton Tessin: nationale und kantonale Wahlen seit 1919</em>. Abgerufen am 03. M&auml;rz 2026 von https://www.bfs.admin.ch/bfs/de/home/statistiken/katalog.assetdetail.8586481.html</p>
source_comment: "
580,583,169,1,1,,"page_number_string: 
notes: 
source_full_citation: <p>Bundesamt f&uuml;r Statistik. (2019). <em>Kanton Tessin: nationale und kantonale Wahlen seit 1919</em>. Abgerufen am 03. M&auml;rz 2026 von https://www.bfs.admin.ch/bfs/de/home/statistiken/katalog.assetdetail.8586481.html</p>
source_comment: "
581,584,169,1,1,,"page_number_string: 
notes: 
source_full_citation: <p>Bundesamt f&uuml;r Statistik. (2019). <em>Kanton Tessin: nationale und kantonale Wahlen seit 1919</em>. Abgerufen am 03. M&auml;rz 2026 von https://www.bfs.admin.ch/bfs/de/home/statistiken/katalog.assetdetail.8586481.html</p>
source_comment: "
582,585,169,1,1,,"page_number_string: 
notes: 
source_full_citation: <p>Bundesamt f&uuml;r Statistik. (2019). <em>Kanton Tessin: nationale und kantonale Wahlen seit 1919</em>. Abgerufen am 03. M&auml;rz 2026 von https://www.bfs.admin.ch/bfs/de/home/statistiken/katalog.assetdetail.8586481.html</p>
source_comment: "
583,586,169,1,1,,"page_number_string: 
notes: 
source_full_citation: <p>Bundesamt f&uuml;r Statistik. (2019). <em>Kanton Tessin: nationale und kantonale Wahlen seit 1919</em>. Abgerufen am 03. M&auml;rz 2026 von https://www.bfs.admin.ch/bfs/de/home/statistiken/katalog.assetdetail.8586481.html</p>
source_comment: "
584,587,169,1,2,,"page_number_string: 
notes: 
source_full_citation: <p>Bundesamt f&uuml;r Statistik. (2023). <em>Nationalratswahlen: Eingereichte Listen nach Parteien und Kantonen</em>. Abgerufen am 10. November 2025 von https://www.bfs.admin.ch/bfs/de/home/statistiken/katalog.assetdetail.27546292.html</p>
source_comment: "
585,588,169,1,5,,"page_number_string: 
notes: 
source_full_citation: <p>Bundesamt f&uuml;r Statistik. (2023). <em>Nationalratswahlen 2023: Mandate, gew&auml;hlte Frauen und M&auml;nner, Parteist&auml;rke sowie Ver&auml;nderung zu den letzten Wahlen und st&auml;rkste Partei (Schweiz, Kantone, Gemeinden)</em>. Abgerufen am 10. November 2025 von https://www.bfs.admin.ch/bfs/de/home/statistiken/katalog.assetdetail.28845352.html</p>
source_comment: "
586,586,173,1,1,,"page_number_string: 
notes: 
source_full_citation: <p>Bundesamt f&uuml;r Statistik. (2019). <em>Kanton Tessin: nationale und kantonale Wahlen seit 1919</em>. Abgerufen am 03. M&auml;rz 2026 von https://www.bfs.admin.ch/bfs/de/home/statistiken/katalog.assetdetail.8586481.html</p>
source_comment: "
587,587,173,1,1,,"page_number_string: 
notes: 
source_full_citation: <p>Bundesamt f&uuml;r Statistik. (2023). <em>Nationalratswahlen 2023: Mandate, gew&auml;hlte Frauen und M&auml;nner, Parteist&auml;rke sowie Ver&auml;nderung zu den letzten Wahlen und st&auml;rkste Partei (Schweiz, Kantone, Gemeinden)</em>. Abgerufen am 10. November 2025 von https://www.bfs.admin.ch/bfs/de/home/statistiken/katalog.assetdetail.28845352.html</p>
source_comment: "
588,588,173,1,2,,"page_number_string: 
notes: 
source_full_citation: <p>Bundesamt f&uuml;r Statistik. (2023). <em>Nationalratswahlen 2023: Mandate, gew&auml;hlte Frauen und M&auml;nner, Parteist&auml;rke sowie Ver&auml;nderung zu den letzten Wahlen und st&auml;rkste Partei (Schweiz, Kantone, Gemeinden)</em>. Abgerufen am 10. November 2025 von https://www.bfs.admin.ch/bfs/de/home/statistiken/katalog.assetdetail.28845352.html</p>
source_comment: "
589,587,174,1,1,,"page_number_string: 
notes: 
source_full_citation: <p>Bundesamt f&uuml;r Statistik. (2023). <em>Nationalratswahlen 2023: Mandate, gew&auml;hlte Frauen und M&auml;nner, Parteist&auml;rke sowie Ver&auml;nderung zu den letzten Wahlen und st&auml;rkste Partei (Schweiz, Kantone, Gemeinden)</em>. Abgerufen am 10. November 2025 von https://www.bfs.admin.ch/bfs/de/home/statistiken/katalog.assetdetail.28845352.html</p>
source_comment: "
590,575,175,1,1,,"page_number_string: 
notes: 
source_full_citation: <p>Bundesamt f&uuml;r Statistik. (2019). <em>Kanton Tessin: nationale und kantonale Wahlen seit 1919</em>. Abgerufen am 03. M&auml;rz 2026 von https://www.bfs.admin.ch/bfs/de/home/statistiken/katalog.assetdetail.8586481.html</p>
source_comment: "
591,576,175,1,1,,"page_number_string: 
notes: 
source_full_citation: <p>Bundesamt f&uuml;r Statistik. (2019). <em>Kanton Tessin: nationale und kantonale Wahlen seit 1919</em>. Abgerufen am 03. M&auml;rz 2026 von https://www.bfs.admin.ch/bfs/de/home/statistiken/katalog.assetdetail.8586481.html</p>
source_comment: "
592,577,175,1,1,,"page_number_string: 
notes: 
source_full_citation: <p>Bundesamt f&uuml;r Statistik. (2019). <em>Kanton Tessin: nationale und kantonale Wahlen seit 1919</em>. Abgerufen am 03. M&auml;rz 2026 von https://www.bfs.admin.ch/bfs/de/home/statistiken/katalog.assetdetail.8586481.html</p>
source_comment: "
593,579,175,1,1,,"page_number_string: 
notes: 
source_full_citation: <p>Bundesamt f&uuml;r Statistik. (2019). <em>Kanton Tessin: nationale und kantonale Wahlen seit 1919</em>. Abgerufen am 03. M&auml;rz 2026 von https://www.bfs.admin.ch/bfs/de/home/statistiken/katalog.assetdetail.8586481.html</p>
source_comment: "
594,580,175,1,1,,"page_number_string: 
notes: 
source_full_citation: <p>Bundesamt f&uuml;r Statistik. (2019). <em>Kanton Tessin: nationale und kantonale Wahlen seit 1919</em>. Abgerufen am 03. M&auml;rz 2026 von https://www.bfs.admin.ch/bfs/de/home/statistiken/katalog.assetdetail.8586481.html</p>
source_comment: "
595,581,175,1,1,,"page_number_string: 
notes: 
source_full_citation: <p>Bundesamt f&uuml;r Statistik. (2019). <em>Kanton Tessin: nationale und kantonale Wahlen seit 1919</em>. Abgerufen am 03. M&auml;rz 2026 von https://www.bfs.admin.ch/bfs/de/home/statistiken/katalog.assetdetail.8586481.html</p>
source_comment: "
596,582,175,1,1,,"page_number_string: 
notes: 
source_full_citation: <p>Bundesamt f&uuml;r Statistik. (2019). <em>Kanton Tessin: nationale und kantonale Wahlen seit 1919</em>. Abgerufen am 03. M&auml;rz 2026 von https://www.bfs.admin.ch/bfs/de/home/statistiken/katalog.assetdetail.8586481.html</p>
source_comment: "
597,584,175,1,1,,"page_number_string: 
notes: 
source_full_citation: <p>Bundesamt f&uuml;r Statistik. (2019). <em>Kanton Tessin: nationale und kantonale Wahlen seit 1919</em>. Abgerufen am 03. M&auml;rz 2026 von https://www.bfs.admin.ch/bfs/de/home/statistiken/katalog.assetdetail.8586481.html</p>
source_comment: "
598,585,175,1,1,,"page_number_string: 
notes: 
source_full_citation: <p>Bundesamt f&uuml;r Statistik. (2019). <em>Kanton Tessin: nationale und kantonale Wahlen seit 1919</em>. Abgerufen am 03. M&auml;rz 2026 von https://www.bfs.admin.ch/bfs/de/home/statistiken/katalog.assetdetail.8586481.html</p>
source_comment: "
599,656,181,1,1,,"page_number_string: 
notes: 
source_full_citation: <p>Bundesamt f&uuml;r Statistik. (2020). <em>Kanton Schwyz: nationale und kantonale Wahlen seit 1900</em>. Abgerufen am 19. M&auml;rz 2026 von https://www.bfs.admin.ch/bfs/de/home/statistiken/katalog.assetdetail.13007546.html</p>
source_comment: "
600,658,181,1,1,,"page_number_string: 
notes: 
source_full_citation: <p>Bundesamt f&uuml;r Statistik. (2020). <em>Kanton Schwyz: nationale und kantonale Wahlen seit 1900</em>. Abgerufen am 19. M&auml;rz 2026 von https://www.bfs.admin.ch/bfs/de/home/statistiken/katalog.assetdetail.13007546.html</p>
source_comment: "
601,659,181,1,1,,"page_number_string: 
notes: 
source_full_citation: <p>Bundesamt f&uuml;r Statistik. (2020). <em>Kanton Schwyz: nationale und kantonale Wahlen seit 1900</em>. Abgerufen am 19. M&auml;rz 2026 von https://www.bfs.admin.ch/bfs/de/home/statistiken/katalog.assetdetail.13007546.html</p>
source_comment: "
602,660,181,1,1,,"page_number_string: 
notes: 
source_full_citation: <p>Bundesamt f&uuml;r Statistik. (2020). <em>Kanton Schwyz: nationale und kantonale Wahlen seit 1900</em>. Abgerufen am 19. M&auml;rz 2026 von https://www.bfs.admin.ch/bfs/de/home/statistiken/katalog.assetdetail.13007546.html</p>
source_comment: "
603,661,181,1,1,,"page_number_string: 
notes: 
source_full_citation: <p>Bundesamt f&uuml;r Statistik. (2020). <em>Kanton Schwyz: nationale und kantonale Wahlen seit 1900</em>. Abgerufen am 19. M&auml;rz 2026 von https://www.bfs.admin.ch/bfs/de/home/statistiken/katalog.assetdetail.13007546.html</p>
source_comment: "
604,662,181,1,2,,"page_number_string: 
notes: 
source_full_citation: <p>Bundesamt f&uuml;r Statistik. (2020). <em>Kanton Schwyz: nationale und kantonale Wahlen seit 1900</em>. Abgerufen am 19. M&auml;rz 2026 von https://www.bfs.admin.ch/bfs/de/home/statistiken/katalog.assetdetail.13007546.html</p>
source_comment: "
605,663,181,1,2,,"page_number_string: 
notes: 
source_full_citation: <p>Bundesamt f&uuml;r Statistik. (2020). <em>Kanton Schwyz: nationale und kantonale Wahlen seit 1900</em>. Abgerufen am 19. M&auml;rz 2026 von https://www.bfs.admin.ch/bfs/de/home/statistiken/katalog.assetdetail.13007546.html</p>
source_comment: "
606,664,181,1,2,,"page_number_string: 
notes: 
source_full_citation: <p>Bundesamt f&uuml;r Statistik. (2020). <em>Kanton Schwyz: nationale und kantonale Wahlen seit 1900</em>. Abgerufen am 19. M&auml;rz 2026 von https://www.bfs.admin.ch/bfs/de/home/statistiken/katalog.assetdetail.13007546.html</p>
source_comment: "
607,665,181,1,4,,"page_number_string: 
notes: 
source_full_citation: <p>Bundesamt f&uuml;r Statistik. (2020). <em>Kanton Schwyz: nationale und kantonale Wahlen seit 1900</em>. Abgerufen am 19. M&auml;rz 2026 von https://www.bfs.admin.ch/bfs/de/home/statistiken/katalog.assetdetail.13007546.html</p>
source_comment: "
608,666,181,1,2,,"page_number_string: 
notes: 
source_full_citation: <p>Bundesamt f&uuml;r Statistik. (2020). <em>Kanton Schwyz: nationale und kantonale Wahlen seit 1900</em>. Abgerufen am 19. M&auml;rz 2026 von https://www.bfs.admin.ch/bfs/de/home/statistiken/katalog.assetdetail.13007546.html</p>
source_comment: "
609,667,181,1,2,,"page_number_string: 
notes: 
source_full_citation: <p>Bundesamt f&uuml;r Statistik. (2020). <em>Kanton Schwyz: nationale und kantonale Wahlen seit 1900</em>. Abgerufen am 19. M&auml;rz 2026 von https://www.bfs.admin.ch/bfs/de/home/statistiken/katalog.assetdetail.13007546.html</p>
source_comment: "
610,668,181,1,2,,"page_number_string: 
notes: 
source_full_citation: <p>Bundesamt f&uuml;r Statistik. (2023). <em>Nationalratswahlen: Eingereichte Listen nach Parteien und Kantonen</em>. Abgerufen am 10. November 2025 von https://www.bfs.admin.ch/bfs/de/home/statistiken/katalog.assetdetail.27546292.html</p>
source_comment: "
611,655,182,1,1,,"page_number_string: 
notes: 
source_full_citation: <p>Bundesamt f&uuml;r Statistik. (2020). <em>Kanton Schwyz: nationale und kantonale Wahlen seit 1900</em>. Abgerufen am 19. M&auml;rz 2026 von https://www.bfs.admin.ch/bfs/de/home/statistiken/katalog.assetdetail.13007546.html</p>
source_comment: "
612,656,182,1,1,,"page_number_string: 
notes: 
source_full_citation: <p>Bundesamt f&uuml;r Statistik. (2020). <em>Kanton Schwyz: nationale und kantonale Wahlen seit 1900</em>. Abgerufen am 19. M&auml;rz 2026 von https://www.bfs.admin.ch/bfs/de/home/statistiken/katalog.assetdetail.13007546.html</p>
source_comment: "
613,657,182,1,1,,"page_number_string: 
notes: 
source_full_citation: <p>Bundesamt f&uuml;r Statistik. (2020). <em>Kanton Schwyz: nationale und kantonale Wahlen seit 1900</em>. Abgerufen am 19. M&auml;rz 2026 von https://www.bfs.admin.ch/bfs/de/home/statistiken/katalog.assetdetail.13007546.html</p>
source_comment: "
614,658,182,1,1,,"page_number_string: 
notes: 
source_full_citation: <p>Bundesamt f&uuml;r Statistik. (2020). <em>Kanton Schwyz: nationale und kantonale Wahlen seit 1900</em>. Abgerufen am 19. M&auml;rz 2026 von https://www.bfs.admin.ch/bfs/de/home/statistiken/katalog.assetdetail.13007546.html</p>
source_comment: "
615,659,182,1,1,,"page_number_string: 
notes: 
source_full_citation: <p>Bundesamt f&uuml;r Statistik. (2020). <em>Kanton Schwyz: nationale und kantonale Wahlen seit 1900</em>. Abgerufen am 19. M&auml;rz 2026 von https://www.bfs.admin.ch/bfs/de/home/statistiken/katalog.assetdetail.13007546.html</p>
source_comment: "
616,660,182,1,1,,"page_number_string: 
notes: 
source_full_citation: <p>Bundesamt f&uuml;r Statistik. (2020). <em>Kanton Schwyz: nationale und kantonale Wahlen seit 1900</em>. Abgerufen am 19. M&auml;rz 2026 von https://www.bfs.admin.ch/bfs/de/home/statistiken/katalog.assetdetail.13007546.html</p>
source_comment: "
617,661,182,1,1,,"page_number_string: 
notes: 
source_full_citation: <p>Bundesamt f&uuml;r Statistik. (2020). <em>Kanton Schwyz: nationale und kantonale Wahlen seit 1900</em>. Abgerufen am 19. M&auml;rz 2026 von https://www.bfs.admin.ch/bfs/de/home/statistiken/katalog.assetdetail.13007546.html</p>
source_comment: "
618,662,182,1,1,,"page_number_string: 
notes: 
source_full_citation: <p>Bundesamt f&uuml;r Statistik. (2020). <em>Kanton Schwyz: nationale und kantonale Wahlen seit 1900</em>. Abgerufen am 19. M&auml;rz 2026 von https://www.bfs.admin.ch/bfs/de/home/statistiken/katalog.assetdetail.13007546.html</p>
source_comment: "
619,663,182,1,3,,"page_number_string: 
notes: 
source_full_citation: <p>Bundesamt f&uuml;r Statistik. (2020). <em>Kanton Schwyz: nationale und kantonale Wahlen seit 1900</em>. Abgerufen am 19. M&auml;rz 2026 von https://www.bfs.admin.ch/bfs/de/home/statistiken/katalog.assetdetail.13007546.html</p>
source_comment: "
620,664,182,1,3,,"page_number_string: 
notes: 
source_full_citation: <p>Bundesamt f&uuml;r Statistik. (2020). <em>Kanton Schwyz: nationale und kantonale Wahlen seit 1900</em>. Abgerufen am 19. M&auml;rz 2026 von https://www.bfs.admin.ch/bfs/de/home/statistiken/katalog.assetdetail.13007546.html</p>
source_comment: "
621,665,182,1,4,,"page_number_string: 
notes: 
source_full_citation: <p>Bundesamt f&uuml;r Statistik. (2020). <em>Kanton Schwyz: nationale und kantonale Wahlen seit 1900</em>. Abgerufen am 19. M&auml;rz 2026 von https://www.bfs.admin.ch/bfs/de/home/statistiken/katalog.assetdetail.13007546.html</p>
source_comment: "
622,666,182,1,2,,"page_number_string: 
notes: 
source_full_citation: <p>Bundesamt f&uuml;r Statistik. (2020). <em>Kanton Schwyz: nationale und kantonale Wahlen seit 1900</em>. Abgerufen am 19. M&auml;rz 2026 von https://www.bfs.admin.ch/bfs/de/home/statistiken/katalog.assetdetail.13007546.html</p>
source_comment: "
623,667,182,1,6,,"page_number_string: 
notes: 
source_full_citation: <p>Bundesamt f&uuml;r Statistik. (2020). <em>Kanton Schwyz: nationale und kantonale Wahlen seit 1900</em>. Abgerufen am 19. M&auml;rz 2026 von https://www.bfs.admin.ch/bfs/de/home/statistiken/katalog.assetdetail.13007546.html</p>
source_comment: "
624,668,182,1,5,,"page_number_string: 
notes: 
source_full_citation: <p>Bundesamt f&uuml;r Statistik. (2023). <em>Nationalratswahlen: Eingereichte Listen nach Parteien und Kantonen</em>. Abgerufen am 10. November 2025 von https://www.bfs.admin.ch/bfs/de/home/statistiken/katalog.assetdetail.27546292.html</p>
source_comment: "
625,655,183,1,1,,"page_number_string: 
notes: 
source_full_citation: <p>Bundesamt f&uuml;r Statistik. (2020). <em>Kanton Schwyz: nationale und kantonale Wahlen seit 1900</em>. Abgerufen am 19. M&auml;rz 2026 von https://www.bfs.admin.ch/bfs/de/home/statistiken/katalog.assetdetail.13007546.html</p>
source_comment: "
626,656,183,1,1,,"page_number_string: 
notes: 
source_full_citation: <p>Bundesamt f&uuml;r Statistik. (2020). <em>Kanton Schwyz: nationale und kantonale Wahlen seit 1900</em>. Abgerufen am 19. M&auml;rz 2026 von https://www.bfs.admin.ch/bfs/de/home/statistiken/katalog.assetdetail.13007546.html</p>
source_comment: "
627,657,183,1,1,,"page_number_string: 
notes: 
source_full_citation: <p>Bundesamt f&uuml;r Statistik. (2020). <em>Kanton Schwyz: nationale und kantonale Wahlen seit 1900</em>. Abgerufen am 19. M&auml;rz 2026 von https://www.bfs.admin.ch/bfs/de/home/statistiken/katalog.assetdetail.13007546.html</p>
source_comment: "
628,658,183,1,1,,"page_number_string: 
notes: 
source_full_citation: <p>Bundesamt f&uuml;r Statistik. (2020). <em>Kanton Schwyz: nationale und kantonale Wahlen seit 1900</em>. Abgerufen am 19. M&auml;rz 2026 von https://www.bfs.admin.ch/bfs/de/home/statistiken/katalog.assetdetail.13007546.html</p>
source_comment: "
629,659,183,1,1,,"page_number_string: 
notes: 
source_full_citation: <p>Bundesamt f&uuml;r Statistik. (2020). <em>Kanton Schwyz: nationale und kantonale Wahlen seit 1900</em>. Abgerufen am 19. M&auml;rz 2026 von https://www.bfs.admin.ch/bfs/de/home/statistiken/katalog.assetdetail.13007546.html</p>
source_comment: "
630,660,183,1,1,,"page_number_string: 
notes: 
source_full_citation: <p>Bundesamt f&uuml;r Statistik. (2020). <em>Kanton Schwyz: nationale und kantonale Wahlen seit 1900</em>. Abgerufen am 19. M&auml;rz 2026 von https://www.bfs.admin.ch/bfs/de/home/statistiken/katalog.assetdetail.13007546.html</p>
source_comment: "
631,661,183,1,1,,"page_number_string: 
notes: 
source_full_citation: <p>Bundesamt f&uuml;r Statistik. (2020). <em>Kanton Schwyz: nationale und kantonale Wahlen seit 1900</em>. Abgerufen am 19. M&auml;rz 2026 von https://www.bfs.admin.ch/bfs/de/home/statistiken/katalog.assetdetail.13007546.html</p>
source_comment: "
632,662,183,1,1,,"page_number_string: 
notes: 
source_full_citation: <p>Bundesamt f&uuml;r Statistik. (2020). <em>Kanton Schwyz: nationale und kantonale Wahlen seit 1900</em>. Abgerufen am 19. M&auml;rz 2026 von https://www.bfs.admin.ch/bfs/de/home/statistiken/katalog.assetdetail.13007546.html</p>
source_comment: "
633,663,183,1,1,,"page_number_string: 
notes: 
source_full_citation: <p>Bundesamt f&uuml;r Statistik. (2020). <em>Kanton Schwyz: nationale und kantonale Wahlen seit 1900</em>. Abgerufen am 19. M&auml;rz 2026 von https://www.bfs.admin.ch/bfs/de/home/statistiken/katalog.assetdetail.13007546.html</p>
source_comment: "
634,664,183,1,3,,"page_number_string: 
notes: 
source_full_citation: <p>Bundesamt f&uuml;r Statistik. (2020). <em>Kanton Schwyz: nationale und kantonale Wahlen seit 1900</em>. Abgerufen am 19. M&auml;rz 2026 von https://www.bfs.admin.ch/bfs/de/home/statistiken/katalog.assetdetail.13007546.html</p>
source_comment: "
635,665,183,1,2,,"page_number_string: 
notes: 
source_full_citation: <p>Bundesamt f&uuml;r Statistik. (2020). <em>Kanton Schwyz: nationale und kantonale Wahlen seit 1900</em>. Abgerufen am 19. M&auml;rz 2026 von https://www.bfs.admin.ch/bfs/de/home/statistiken/katalog.assetdetail.13007546.html</p>
source_comment: "
636,666,183,1,3,,"page_number_string: 
notes: 
source_full_citation: <p>Bundesamt f&uuml;r Statistik. (2020). <em>Kanton Schwyz: nationale und kantonale Wahlen seit 1900</em>. Abgerufen am 19. M&auml;rz 2026 von https://www.bfs.admin.ch/bfs/de/home/statistiken/katalog.assetdetail.13007546.html</p>
source_comment: "
637,667,183,1,5,,"page_number_string: 
notes: 
source_full_citation: <p>Bundesamt f&uuml;r Statistik. (2020). <em>Kanton Schwyz: nationale und kantonale Wahlen seit 1900</em>. Abgerufen am 19. M&auml;rz 2026 von https://www.bfs.admin.ch/bfs/de/home/statistiken/katalog.assetdetail.13007546.html</p>
source_comment: "
638,668,183,1,7,,"page_number_string: 
notes: 
source_full_citation: <p>Bundesamt f&uuml;r Statistik. (2023). <em>Nationalratswahlen: Eingereichte Listen nach Parteien und Kantonen</em>. Abgerufen am 10. November 2025 von https://www.bfs.admin.ch/bfs/de/home/statistiken/katalog.assetdetail.27546292.html</p>
source_comment: "
639,655,184,1,1,,"page_number_string: 
notes: 
source_full_citation: <p>Bundesamt f&uuml;r Statistik. (2020). <em>Kanton Schwyz: nationale und kantonale Wahlen seit 1900</em>. Abgerufen am 19. M&auml;rz 2026 von https://www.bfs.admin.ch/bfs/de/home/statistiken/katalog.assetdetail.13007546.html</p>
source_comment: "
640,656,184,1,1,,"page_number_string: 
notes: 
source_full_citation: <p>Bundesamt f&uuml;r Statistik. (2020). <em>Kanton Schwyz: nationale und kantonale Wahlen seit 1900</em>. Abgerufen am 19. M&auml;rz 2026 von https://www.bfs.admin.ch/bfs/de/home/statistiken/katalog.assetdetail.13007546.html</p>
source_comment: "
641,657,184,1,1,,"page_number_string: 
notes: 
source_full_citation: <p>Bundesamt f&uuml;r Statistik. (2020). <em>Kanton Schwyz: nationale und kantonale Wahlen seit 1900</em>. Abgerufen am 19. M&auml;rz 2026 von https://www.bfs.admin.ch/bfs/de/home/statistiken/katalog.assetdetail.13007546.html</p>
source_comment: "
642,658,184,1,1,,"page_number_string: 
notes: 
source_full_citation: <p>Bundesamt f&uuml;r Statistik. (2020). <em>Kanton Schwyz: nationale und kantonale Wahlen seit 1900</em>. Abgerufen am 19. M&auml;rz 2026 von https://www.bfs.admin.ch/bfs/de/home/statistiken/katalog.assetdetail.13007546.html</p>
source_comment: "
643,659,184,1,1,,"page_number_string: 
notes: 
source_full_citation: <p>Bundesamt f&uuml;r Statistik. (2020). <em>Kanton Schwyz: nationale und kantonale Wahlen seit 1900</em>. Abgerufen am 19. M&auml;rz 2026 von https://www.bfs.admin.ch/bfs/de/home/statistiken/katalog.assetdetail.13007546.html</p>
source_comment: "
644,660,184,1,2,,"page_number_string: 
notes: 
source_full_citation: <p>Bundesamt f&uuml;r Statistik. (2020). <em>Kanton Schwyz: nationale und kantonale Wahlen seit 1900</em>. Abgerufen am 19. M&auml;rz 2026 von https://www.bfs.admin.ch/bfs/de/home/statistiken/katalog.assetdetail.13007546.html</p>
source_comment: "
645,661,184,1,1,,"page_number_string: 
notes: 
source_full_citation: <p>Bundesamt f&uuml;r Statistik. (2020). <em>Kanton Schwyz: nationale und kantonale Wahlen seit 1900</em>. Abgerufen am 19. M&auml;rz 2026 von https://www.bfs.admin.ch/bfs/de/home/statistiken/katalog.assetdetail.13007546.html</p>
source_comment: "
646,662,184,1,2,,"page_number_string: 
notes: 
source_full_citation: <p>Bundesamt f&uuml;r Statistik. (2020). <em>Kanton Schwyz: nationale und kantonale Wahlen seit 1900</em>. Abgerufen am 19. M&auml;rz 2026 von https://www.bfs.admin.ch/bfs/de/home/statistiken/katalog.assetdetail.13007546.html</p>
source_comment: "
647,663,184,1,2,,"page_number_string: 
notes: 
source_full_citation: <p>Bundesamt f&uuml;r Statistik. (2020). <em>Kanton Schwyz: nationale und kantonale Wahlen seit 1900</em>. Abgerufen am 19. M&auml;rz 2026 von https://www.bfs.admin.ch/bfs/de/home/statistiken/katalog.assetdetail.13007546.html</p>
source_comment: "
648,664,184,1,2,,"page_number_string: 
notes: 
source_full_citation: <p>Bundesamt f&uuml;r Statistik. (2020). <em>Kanton Schwyz: nationale und kantonale Wahlen seit 1900</em>. Abgerufen am 19. M&auml;rz 2026 von https://www.bfs.admin.ch/bfs/de/home/statistiken/katalog.assetdetail.13007546.html</p>
source_comment: "
649,665,184,1,2,,"page_number_string: 
notes: 
source_full_citation: <p>Bundesamt f&uuml;r Statistik. (2020). <em>Kanton Schwyz: nationale und kantonale Wahlen seit 1900</em>. Abgerufen am 19. M&auml;rz 2026 von https://www.bfs.admin.ch/bfs/de/home/statistiken/katalog.assetdetail.13007546.html</p>
source_comment: "
650,666,184,1,3,,"page_number_string: 
notes: 
source_full_citation: <p>Bundesamt f&uuml;r Statistik. (2020). <em>Kanton Schwyz: nationale und kantonale Wahlen seit 1900</em>. Abgerufen am 19. M&auml;rz 2026 von https://www.bfs.admin.ch/bfs/de/home/statistiken/katalog.assetdetail.13007546.html</p>
source_comment: "
651,667,184,1,4,,"page_number_string: 
notes: 
source_full_citation: <p>Bundesamt f&uuml;r Statistik. (2020). <em>Kanton Schwyz: nationale und kantonale Wahlen seit 1900</em>. Abgerufen am 19. M&auml;rz 2026 von https://www.bfs.admin.ch/bfs/de/home/statistiken/katalog.assetdetail.13007546.html</p>
source_comment: "
652,668,184,1,5,,"page_number_string: 
notes: 
source_full_citation: <p>Bundesamt f&uuml;r Statistik. (2023). <em>Nationalratswahlen: Eingereichte Listen nach Parteien und Kantonen</em>. Abgerufen am 10. November 2025 von https://www.bfs.admin.ch/bfs/de/home/statistiken/katalog.assetdetail.27546292.html</p>
source_comment: "
653,664,187,1,1,,"page_number_string: 
notes: 
source_full_citation: <p>Bundesamt f&uuml;r Statistik. (2020). <em>Kanton Schwyz: nationale und kantonale Wahlen seit 1900</em>. Abgerufen am 19. M&auml;rz 2026 von https://www.bfs.admin.ch/bfs/de/home/statistiken/katalog.assetdetail.13007546.html</p>
source_comment: "
654,665,187,1,2,,"page_number_string: 
notes: 
source_full_citation: <p>Bundesamt f&uuml;r Statistik. (2020). <em>Kanton Schwyz: nationale und kantonale Wahlen seit 1900</em>. Abgerufen am 19. M&auml;rz 2026 von https://www.bfs.admin.ch/bfs/de/home/statistiken/katalog.assetdetail.13007546.html</p>
source_comment: "
655,666,187,1,1,,"page_number_string: 
notes: 
source_full_citation: <p>Bundesamt f&uuml;r Statistik. (2020). <em>Kanton Schwyz: nationale und kantonale Wahlen seit 1900</em>. Abgerufen am 19. M&auml;rz 2026 von https://www.bfs.admin.ch/bfs/de/home/statistiken/katalog.assetdetail.13007546.html</p>
source_comment: "
656,667,187,1,1,,"page_number_string: 
notes: 
source_full_citation: <p>Bundesamt f&uuml;r Statistik. (2020). <em>Kanton Schwyz: nationale und kantonale Wahlen seit 1900</em>. Abgerufen am 19. M&auml;rz 2026 von https://www.bfs.admin.ch/bfs/de/home/statistiken/katalog.assetdetail.13007546.html</p>
source_comment: "
657,668,187,1,2,,"page_number_string: 
notes: 
source_full_citation: <p>Bundesamt f&uuml;r Statistik. (2023). <em>Nationalratswahlen: Eingereichte Listen nach Parteien und Kantonen</em>. Abgerufen am 10. November 2025 von https://www.bfs.admin.ch/bfs/de/home/statistiken/katalog.assetdetail.27546292.html</p>
source_comment: "
658,666,189,1,2,,"page_number_string: 
notes: 
source_full_citation: <p>Bundesamt f&uuml;r Statistik. (2020). <em>Kanton Schwyz: nationale und kantonale Wahlen seit 1900</em>. Abgerufen am 19. M&auml;rz 2026 von https://www.bfs.admin.ch/bfs/de/home/statistiken/katalog.assetdetail.13007546.html</p>
source_comment: "
659,667,189,1,2,,"page_number_string: 
notes: 
source_full_citation: <p>Bundesamt f&uuml;r Statistik. (2020). <em>Kanton Schwyz: nationale und kantonale Wahlen seit 1900</em>. Abgerufen am 19. M&auml;rz 2026 von https://www.bfs.admin.ch/bfs/de/home/statistiken/katalog.assetdetail.13007546.html</p>
source_comment: "
660,668,189,1,3,,"page_number_string: 
notes: 
source_full_citation: <p>Bundesamt f&uuml;r Statistik. (2023). <em>Nationalratswahlen: Eingereichte Listen nach Parteien und Kantonen</em>. Abgerufen am 10. November 2025 von https://www.bfs.admin.ch/bfs/de/home/statistiken/katalog.assetdetail.27546292.html</p>
source_comment: "
661,665,190,1,1,,"page_number_string: 
notes: 
source_full_citation: <p>Bundesamt f&uuml;r Statistik. (2020). <em>Kanton Schwyz: nationale und kantonale Wahlen seit 1900</em>. Abgerufen am 19. M&auml;rz 2026 von https://www.bfs.admin.ch/bfs/de/home/statistiken/katalog.assetdetail.13007546.html</p>
source_comment: "
662,666,190,1,1,,"page_number_string: 
notes: 
source_full_citation: <p>Bundesamt f&uuml;r Statistik. (2020). <em>Kanton Schwyz: nationale und kantonale Wahlen seit 1900</em>. Abgerufen am 19. M&auml;rz 2026 von https://www.bfs.admin.ch/bfs/de/home/statistiken/katalog.assetdetail.13007546.html</p>
source_comment: "
663,667,190,1,1,,"page_number_string: 
notes: 
source_full_citation: <p>Bundesamt f&uuml;r Statistik. (2020). <em>Kanton Schwyz: nationale und kantonale Wahlen seit 1900</em>. Abgerufen am 19. M&auml;rz 2026 von https://www.bfs.admin.ch/bfs/de/home/statistiken/katalog.assetdetail.13007546.html</p>
source_comment: "
664,668,190,1,1,,"page_number_string: 
notes: 
source_full_citation: <p>Bundesamt f&uuml;r Statistik. (2023). <em>Nationalratswahlen: Eingereichte Listen nach Parteien und Kantonen</em>. Abgerufen am 10. November 2025 von https://www.bfs.admin.ch/bfs/de/home/statistiken/katalog.assetdetail.27546292.html</p>
source_comment: "
665,665,191,1,1,,"page_number_string: 
notes: 
source_full_citation: <p>Bundesamt f&uuml;r Statistik. (2020). <em>Kanton Schwyz: nationale und kantonale Wahlen seit 1900</em>. Abgerufen am 19. M&auml;rz 2026 von https://www.bfs.admin.ch/bfs/de/home/statistiken/katalog.assetdetail.13007546.html</p>
source_comment: "
666,972,221,1,1,,"page_number_string: 
notes: 
source_full_citation: <p>Bundesamt f&uuml;r Statistik. (2018). <em>Kanton Zug: nationale und kantonale Wahlen seit 1919</em>. Abgerufen am 14. April 2026 von https://www.bfs.admin.ch/bfs/de/home/statistiken/katalog.assetdetail.6266225.html</p>
source_comment: "
667,973,221,1,1,,"page_number_string: 
notes: 
source_full_citation: <p>Bundesamt f&uuml;r Statistik. (2018). <em>Kanton Zug: nationale und kantonale Wahlen seit 1919</em>. Abgerufen am 14. April 2026 von https://www.bfs.admin.ch/bfs/de/home/statistiken/katalog.assetdetail.6266225.html</p>
source_comment: "
668,974,221,1,2,,"page_number_string: 
notes: 
source_full_citation: <p>Bundesamt f&uuml;r Statistik. (2018). <em>Kanton Zug: nationale und kantonale Wahlen seit 1919</em>. Abgerufen am 14. April 2026 von https://www.bfs.admin.ch/bfs/de/home/statistiken/katalog.assetdetail.6266225.html</p>
source_comment: "
669,975,221,1,3,,"page_number_string: 
notes: 
source_full_citation: <p>Bundesamt f&uuml;r Statistik. (2018). <em>Kanton Zug: nationale und kantonale Wahlen seit 1919</em>. Abgerufen am 14. April 2026 von https://www.bfs.admin.ch/bfs/de/home/statistiken/katalog.assetdetail.6266225.html</p>
source_comment: "
670,976,221,1,2,,"page_number_string: 
notes: 
source_full_citation: <p>Bundesamt f&uuml;r Statistik. (2018). <em>Kanton Zug: nationale und kantonale Wahlen seit 1919</em>. Abgerufen am 14. April 2026 von https://www.bfs.admin.ch/bfs/de/home/statistiken/katalog.assetdetail.6266225.html</p>
source_comment: "
671,977,221,1,3,,"page_number_string: 
notes: 
source_full_citation: <p>Bundesamt f&uuml;r Statistik. (2018). <em>Kanton Zug: nationale und kantonale Wahlen seit 1919</em>. Abgerufen am 14. April 2026 von https://www.bfs.admin.ch/bfs/de/home/statistiken/katalog.assetdetail.6266225.html</p>
source_comment: "
672,978,221,1,3,,"page_number_string: 
notes: 
source_full_citation: <p>Bundesamt f&uuml;r Statistik. (2023). <em>Nationalratswahlen: Eingereichte Listen nach Parteien und Kantonen</em>. Abgerufen am 10. November 2025 von https://www.bfs.admin.ch/bfs/de/home/statistiken/katalog.assetdetail.27546292.html</p>
source_comment: "
673,979,221,1,6,,"page_number_string: 
notes: 
source_full_citation: <p>Bundesamt f&uuml;r Statistik. (2023). <em>Nationalratswahlen: Eingereichte Listen nach Parteien und Kantonen</em>. Abgerufen am 10. November 2025 von https://www.bfs.admin.ch/bfs/de/home/statistiken/katalog.assetdetail.27546292.html</p>
source_comment: "
674,967,222,1,1,,"page_number_string: 
notes: 
source_full_citation: <p>Bundesamt f&uuml;r Statistik. (2018). <em>Kanton Zug: nationale und kantonale Wahlen seit 1919</em>. Abgerufen am 14. April 2026 von https://www.bfs.admin.ch/bfs/de/home/statistiken/katalog.assetdetail.6266225.html</p>
source_comment: "
675,968,222,1,1,,"page_number_string: 
notes: 
source_full_citation: <p>Bundesamt f&uuml;r Statistik. (2018). <em>Kanton Zug: nationale und kantonale Wahlen seit 1919</em>. Abgerufen am 14. April 2026 von https://www.bfs.admin.ch/bfs/de/home/statistiken/katalog.assetdetail.6266225.html</p>
source_comment: "
676,969,222,1,1,,"page_number_string: 
notes: 
source_full_citation: <p>Bundesamt f&uuml;r Statistik. (2018). <em>Kanton Zug: nationale und kantonale Wahlen seit 1919</em>. Abgerufen am 14. April 2026 von https://www.bfs.admin.ch/bfs/de/home/statistiken/katalog.assetdetail.6266225.html</p>
source_comment: "
677,970,222,1,1,,"page_number_string: 
notes: 
source_full_citation: <p>Bundesamt f&uuml;r Statistik. (2018). <em>Kanton Zug: nationale und kantonale Wahlen seit 1919</em>. Abgerufen am 14. April 2026 von https://www.bfs.admin.ch/bfs/de/home/statistiken/katalog.assetdetail.6266225.html</p>
source_comment: "
678,971,222,1,1,,"page_number_string: 
notes: 
source_full_citation: <p>Bundesamt f&uuml;r Statistik. (2018). <em>Kanton Zug: nationale und kantonale Wahlen seit 1919</em>. Abgerufen am 14. April 2026 von https://www.bfs.admin.ch/bfs/de/home/statistiken/katalog.assetdetail.6266225.html</p>
source_comment: "
679,972,222,1,1,,"page_number_string: 
notes: 
source_full_citation: <p>Bundesamt f&uuml;r Statistik. (2018). <em>Kanton Zug: nationale und kantonale Wahlen seit 1919</em>. Abgerufen am 14. April 2026 von https://www.bfs.admin.ch/bfs/de/home/statistiken/katalog.assetdetail.6266225.html</p>
source_comment: "
680,973,222,1,1,,"page_number_string: 
notes: 
source_full_citation: <p>Bundesamt f&uuml;r Statistik. (2018). <em>Kanton Zug: nationale und kantonale Wahlen seit 1919</em>. Abgerufen am 14. April 2026 von https://www.bfs.admin.ch/bfs/de/home/statistiken/katalog.assetdetail.6266225.html</p>
source_comment: "
681,974,222,1,1,,"page_number_string: 
notes: 
source_full_citation: <p>Bundesamt f&uuml;r Statistik. (2018). <em>Kanton Zug: nationale und kantonale Wahlen seit 1919</em>. Abgerufen am 14. April 2026 von https://www.bfs.admin.ch/bfs/de/home/statistiken/katalog.assetdetail.6266225.html</p>
source_comment: "
682,975,222,1,2,,"page_number_string: 
notes: 
source_full_citation: <p>Bundesamt f&uuml;r Statistik. (2018). <em>Kanton Zug: nationale und kantonale Wahlen seit 1919</em>. Abgerufen am 14. April 2026 von https://www.bfs.admin.ch/bfs/de/home/statistiken/katalog.assetdetail.6266225.html</p>
source_comment: "
683,976,222,1,1,,"page_number_string: 
notes: 
source_full_citation: <p>Bundesamt f&uuml;r Statistik. (2018). <em>Kanton Zug: nationale und kantonale Wahlen seit 1919</em>. Abgerufen am 14. April 2026 von https://www.bfs.admin.ch/bfs/de/home/statistiken/katalog.assetdetail.6266225.html</p>
source_comment: "
684,977,222,1,5,,"page_number_string: 
notes: 
source_full_citation: <p>Bundesamt f&uuml;r Statistik. (2018). <em>Kanton Zug: nationale und kantonale Wahlen seit 1919</em>. Abgerufen am 14. April 2026 von https://www.bfs.admin.ch/bfs/de/home/statistiken/katalog.assetdetail.6266225.html</p>
source_comment: "
685,978,222,1,7,,"page_number_string: 
notes: 
source_full_citation: <p>Bundesamt f&uuml;r Statistik. (2023). <em>Nationalratswahlen: Eingereichte Listen nach Parteien und Kantonen</em>. Abgerufen am 10. November 2025 von https://www.bfs.admin.ch/bfs/de/home/statistiken/katalog.assetdetail.27546292.html</p>
source_comment: "
686,979,222,1,4,,"page_number_string: 
notes: 
source_full_citation: <p>Bundesamt f&uuml;r Statistik. (2023). <em>Nationalratswahlen: Eingereichte Listen nach Parteien und Kantonen</em>. Abgerufen am 10. November 2025 von https://www.bfs.admin.ch/bfs/de/home/statistiken/katalog.assetdetail.27546292.html</p>
source_comment: "
687,966,223,1,1,,"page_number_string: 
notes: 
source_full_citation: <p>Bundesamt f&uuml;r Statistik. (2023). <em>Nationalratswahlen: Eingereichte Listen nach Parteien und Kantonen</em>. Abgerufen am 10. November 2025 von https://www.bfs.admin.ch/bfs/de/home/statistiken/katalog.assetdetail.27546292.html</p>
source_comment: "
688,967,223,1,1,,"page_number_string: 
notes: 
source_full_citation: <p>Bundesamt f&uuml;r Statistik. (2018). <em>Kanton Zug: nationale und kantonale Wahlen seit 1919</em>. Abgerufen am 14. April 2026 von https://www.bfs.admin.ch/bfs/de/home/statistiken/katalog.assetdetail.6266225.html</p>
source_comment: "
689,968,223,1,1,,"page_number_string: 
notes: 
source_full_citation: <p>Bundesamt f&uuml;r Statistik. (2018). <em>Kanton Zug: nationale und kantonale Wahlen seit 1919</em>. Abgerufen am 14. April 2026 von https://www.bfs.admin.ch/bfs/de/home/statistiken/katalog.assetdetail.6266225.html</p>
source_comment: "
690,969,223,1,1,,"page_number_string: 
notes: 
source_full_citation: <p>Bundesamt f&uuml;r Statistik. (2018). <em>Kanton Zug: nationale und kantonale Wahlen seit 1919</em>. Abgerufen am 14. April 2026 von https://www.bfs.admin.ch/bfs/de/home/statistiken/katalog.assetdetail.6266225.html</p>
source_comment: "
691,970,223,1,1,,"page_number_string: 
notes: 
source_full_citation: <p>Bundesamt f&uuml;r Statistik. (2018). <em>Kanton Zug: nationale und kantonale Wahlen seit 1919</em>. Abgerufen am 14. April 2026 von https://www.bfs.admin.ch/bfs/de/home/statistiken/katalog.assetdetail.6266225.html</p>
source_comment: "
692,971,223,1,1,,"page_number_string: 
notes: 
source_full_citation: <p>Bundesamt f&uuml;r Statistik. (2018). <em>Kanton Zug: nationale und kantonale Wahlen seit 1919</em>. Abgerufen am 14. April 2026 von https://www.bfs.admin.ch/bfs/de/home/statistiken/katalog.assetdetail.6266225.html</p>
source_comment: "
693,972,223,1,1,,"page_number_string: 
notes: 
source_full_citation: <p>Bundesamt f&uuml;r Statistik. (2018). <em>Kanton Zug: nationale und kantonale Wahlen seit 1919</em>. Abgerufen am 14. April 2026 von https://www.bfs.admin.ch/bfs/de/home/statistiken/katalog.assetdetail.6266225.html</p>
source_comment: "
694,973,223,1,1,,"page_number_string: 
notes: 
source_full_citation: <p>Bundesamt f&uuml;r Statistik. (2018). <em>Kanton Zug: nationale und kantonale Wahlen seit 1919</em>. Abgerufen am 14. April 2026 von https://www.bfs.admin.ch/bfs/de/home/statistiken/katalog.assetdetail.6266225.html</p>
source_comment: "
695,974,223,1,2,,"page_number_string: 
notes: 
source_full_citation: <p>Bundesamt f&uuml;r Statistik. (2018). <em>Kanton Zug: nationale und kantonale Wahlen seit 1919</em>. Abgerufen am 14. April 2026 von https://www.bfs.admin.ch/bfs/de/home/statistiken/katalog.assetdetail.6266225.html</p>
source_comment: "
696,975,223,1,2,,"page_number_string: 
notes: 
source_full_citation: <p>Bundesamt f&uuml;r Statistik. (2018). <em>Kanton Zug: nationale und kantonale Wahlen seit 1919</em>. Abgerufen am 14. April 2026 von https://www.bfs.admin.ch/bfs/de/home/statistiken/katalog.assetdetail.6266225.html</p>
source_comment: "
697,976,223,1,2,,"page_number_string: 
notes: 
source_full_citation: <p>Bundesamt f&uuml;r Statistik. (2018). <em>Kanton Zug: nationale und kantonale Wahlen seit 1919</em>. Abgerufen am 14. April 2026 von https://www.bfs.admin.ch/bfs/de/home/statistiken/katalog.assetdetail.6266225.html</p>
source_comment: "
698,977,223,1,2,,"page_number_string: 
notes: 
source_full_citation: <p>Bundesamt f&uuml;r Statistik. (2018). <em>Kanton Zug: nationale und kantonale Wahlen seit 1919</em>. Abgerufen am 14. April 2026 von https://www.bfs.admin.ch/bfs/de/home/statistiken/katalog.assetdetail.6266225.html</p>
source_comment: "
699,978,223,1,3,,"page_number_string: 
notes: 
source_full_citation: <p>Bundesamt f&uuml;r Statistik. (2023). <em>Nationalratswahlen: Eingereichte Listen nach Parteien und Kantonen</em>. Abgerufen am 10. November 2025 von https://www.bfs.admin.ch/bfs/de/home/statistiken/katalog.assetdetail.27546292.html</p>
source_comment: "
700,979,223,1,3,,"page_number_string: 
notes: 
source_full_citation: <p>Bundesamt f&uuml;r Statistik. (2023). <em>Nationalratswahlen: Eingereichte Listen nach Parteien und Kantonen</em>. Abgerufen am 10. November 2025 von https://www.bfs.admin.ch/bfs/de/home/statistiken/katalog.assetdetail.27546292.html</p>
source_comment: "
701,966,224,1,1,,"page_number_string: 
notes: 
source_full_citation: <p>Bundesamt f&uuml;r Statistik. (2023). <em>Nationalratswahlen: Eingereichte Listen nach Parteien und Kantonen</em>. Abgerufen am 10. November 2025 von https://www.bfs.admin.ch/bfs/de/home/statistiken/katalog.assetdetail.27546292.html</p>
source_comment: "
702,967,224,1,1,,"page_number_string: 
notes: 
source_full_citation: <p>Bundesamt f&uuml;r Statistik. (2018). <em>Kanton Zug: nationale und kantonale Wahlen seit 1919</em>. Abgerufen am 14. April 2026 von https://www.bfs.admin.ch/bfs/de/home/statistiken/katalog.assetdetail.6266225.html</p>
source_comment: "
703,968,224,1,1,,"page_number_string: 
notes: 
source_full_citation: <p>Bundesamt f&uuml;r Statistik. (2018). <em>Kanton Zug: nationale und kantonale Wahlen seit 1919</em>. Abgerufen am 14. April 2026 von https://www.bfs.admin.ch/bfs/de/home/statistiken/katalog.assetdetail.6266225.html</p>
source_comment: "
704,969,224,1,1,,"page_number_string: 
notes: 
source_full_citation: <p>Bundesamt f&uuml;r Statistik. (2018). <em>Kanton Zug: nationale und kantonale Wahlen seit 1919</em>. Abgerufen am 14. April 2026 von https://www.bfs.admin.ch/bfs/de/home/statistiken/katalog.assetdetail.6266225.html</p>
source_comment: "
705,970,224,1,1,,"page_number_string: 
notes: 
source_full_citation: <p>Bundesamt f&uuml;r Statistik. (2018). <em>Kanton Zug: nationale und kantonale Wahlen seit 1919</em>. Abgerufen am 14. April 2026 von https://www.bfs.admin.ch/bfs/de/home/statistiken/katalog.assetdetail.6266225.html</p>
source_comment: "
706,971,224,1,1,,"page_number_string: 
notes: 
source_full_citation: <p>Bundesamt f&uuml;r Statistik. (2018). <em>Kanton Zug: nationale und kantonale Wahlen seit 1919</em>. Abgerufen am 14. April 2026 von https://www.bfs.admin.ch/bfs/de/home/statistiken/katalog.assetdetail.6266225.html</p>
source_comment: "
707,972,224,1,1,,"page_number_string: 
notes: 
source_full_citation: <p>Bundesamt f&uuml;r Statistik. (2018). <em>Kanton Zug: nationale und kantonale Wahlen seit 1919</em>. Abgerufen am 14. April 2026 von https://www.bfs.admin.ch/bfs/de/home/statistiken/katalog.assetdetail.6266225.html</p>
source_comment: "
708,973,224,1,1,,"page_number_string: 
notes: 
source_full_citation: <p>Bundesamt f&uuml;r Statistik. (2018). <em>Kanton Zug: nationale und kantonale Wahlen seit 1919</em>. Abgerufen am 14. April 2026 von https://www.bfs.admin.ch/bfs/de/home/statistiken/katalog.assetdetail.6266225.html</p>
source_comment: "
709,974,224,1,2,,"page_number_string: 
notes: 
source_full_citation: <p>Bundesamt f&uuml;r Statistik. (2018). <em>Kanton Zug: nationale und kantonale Wahlen seit 1919</em>. Abgerufen am 14. April 2026 von https://www.bfs.admin.ch/bfs/de/home/statistiken/katalog.assetdetail.6266225.html</p>
source_comment: "
710,975,224,1,2,,"page_number_string: 
notes: 
source_full_citation: <p>Bundesamt f&uuml;r Statistik. (2018). <em>Kanton Zug: nationale und kantonale Wahlen seit 1919</em>. Abgerufen am 14. April 2026 von https://www.bfs.admin.ch/bfs/de/home/statistiken/katalog.assetdetail.6266225.html</p>
source_comment: "
711,976,224,1,2,,"page_number_string: 
notes: 
source_full_citation: <p>Bundesamt f&uuml;r Statistik. (2018). <em>Kanton Zug: nationale und kantonale Wahlen seit 1919</em>. Abgerufen am 14. April 2026 von https://www.bfs.admin.ch/bfs/de/home/statistiken/katalog.assetdetail.6266225.html</p>
source_comment: "
712,977,224,1,2,,"page_number_string: 
notes: 
source_full_citation: <p>Bundesamt f&uuml;r Statistik. (2018). <em>Kanton Zug: nationale und kantonale Wahlen seit 1919</em>. Abgerufen am 14. April 2026 von https://www.bfs.admin.ch/bfs/de/home/statistiken/katalog.assetdetail.6266225.html</p>
source_comment: "
713,978,224,1,4,,"page_number_string: 
notes: 
source_full_citation: <p>Bundesamt f&uuml;r Statistik. (2023). <em>Nationalratswahlen: Eingereichte Listen nach Parteien und Kantonen</em>. Abgerufen am 10. November 2025 von https://www.bfs.admin.ch/bfs/de/home/statistiken/katalog.assetdetail.27546292.html</p>
source_comment: "
714,979,224,1,4,,"page_number_string: 
notes: 
source_full_citation: <p>Bundesamt f&uuml;r Statistik. (2023). <em>Nationalratswahlen: Eingereichte Listen nach Parteien und Kantonen</em>. Abgerufen am 10. November 2025 von https://www.bfs.admin.ch/bfs/de/home/statistiken/katalog.assetdetail.27546292.html</p>
source_comment: "
715,975,225,1,2,,"page_number_string: 
notes: 
source_full_citation: <p>Bundesamt f&uuml;r Statistik. (2018). <em>Kanton Zug: nationale und kantonale Wahlen seit 1919</em>. Abgerufen am 14. April 2026 von https://www.bfs.admin.ch/bfs/de/home/statistiken/katalog.assetdetail.6266225.html</p>
source_comment: "
716,976,225,1,2,,"page_number_string: 
notes: 
source_full_citation: <p>Bundesamt f&uuml;r Statistik. (2018). <em>Kanton Zug: nationale und kantonale Wahlen seit 1919</em>. Abgerufen am 14. April 2026 von https://www.bfs.admin.ch/bfs/de/home/statistiken/katalog.assetdetail.6266225.html</p>
source_comment: "
717,977,225,1,3,,"page_number_string: 
notes: 
source_full_citation: <p>Bundesamt f&uuml;r Statistik. (2018). <em>Kanton Zug: nationale und kantonale Wahlen seit 1919</em>. Abgerufen am 14. April 2026 von https://www.bfs.admin.ch/bfs/de/home/statistiken/katalog.assetdetail.6266225.html</p>
source_comment: "
718,978,225,1,5,,"page_number_string: 
notes: 
source_full_citation: <p>Bundesamt f&uuml;r Statistik. (2023). <em>Nationalratswahlen: Eingereichte Listen nach Parteien und Kantonen</em>. Abgerufen am 10. November 2025 von https://www.bfs.admin.ch/bfs/de/home/statistiken/katalog.assetdetail.27546292.html</p>
source_comment: "
719,979,225,1,7,,"page_number_string: 
notes: 
source_full_citation: <p>Bundesamt f&uuml;r Statistik. (2023). <em>Nationalratswahlen: Eingereichte Listen nach Parteien und Kantonen</em>. Abgerufen am 10. November 2025 von https://www.bfs.admin.ch/bfs/de/home/statistiken/katalog.assetdetail.27546292.html</p>
source_comment: "
720,970,226,1,1,,"page_number_string: 
notes: 
source_full_citation: <p>Bundesamt f&uuml;r Statistik. (2018). <em>Kanton Zug: nationale und kantonale Wahlen seit 1919</em>. Abgerufen am 14. April 2026 von https://www.bfs.admin.ch/bfs/de/home/statistiken/katalog.assetdetail.6266225.html</p>
source_comment: "
721,971,226,1,1,,"page_number_string: 
notes: 
source_full_citation: <p>Bundesamt f&uuml;r Statistik. (2018). <em>Kanton Zug: nationale und kantonale Wahlen seit 1919</em>. Abgerufen am 14. April 2026 von https://www.bfs.admin.ch/bfs/de/home/statistiken/katalog.assetdetail.6266225.html</p>
source_comment: "
722,972,226,1,1,,"page_number_string: 
notes: 
source_full_citation: <p>Bundesamt f&uuml;r Statistik. (2018). <em>Kanton Zug: nationale und kantonale Wahlen seit 1919</em>. Abgerufen am 14. April 2026 von https://www.bfs.admin.ch/bfs/de/home/statistiken/katalog.assetdetail.6266225.html</p>
source_comment: "
723,974,226,1,1,,"page_number_string: 
notes: 
source_full_citation: <p>Bundesamt f&uuml;r Statistik. (2018). <em>Kanton Zug: nationale und kantonale Wahlen seit 1919</em>. Abgerufen am 14. April 2026 von https://www.bfs.admin.ch/bfs/de/home/statistiken/katalog.assetdetail.6266225.html</p>
source_comment: "
724,976,227,1,2,,"page_number_string: 
notes: 
source_full_citation: <p>Bundesamt f&uuml;r Statistik. (2018). <em>Kanton Zug: nationale und kantonale Wahlen seit 1919</em>. Abgerufen am 14. April 2026 von https://www.bfs.admin.ch/bfs/de/home/statistiken/katalog.assetdetail.6266225.html</p>
source_comment: "
725,977,227,1,1,,"page_number_string: 
notes: 
source_full_citation: <p>Bundesamt f&uuml;r Statistik. (2018). <em>Kanton Zug: nationale und kantonale Wahlen seit 1919</em>. Abgerufen am 14. April 2026 von https://www.bfs.admin.ch/bfs/de/home/statistiken/katalog.assetdetail.6266225.html</p>
source_comment: "
726,978,227,1,2,,"page_number_string: 
notes: 
source_full_citation: <p>Bundesamt f&uuml;r Statistik. (2023). <em>Nationalratswahlen: Eingereichte Listen nach Parteien und Kantonen</em>. Abgerufen am 10. November 2025 von https://www.bfs.admin.ch/bfs/de/home/statistiken/katalog.assetdetail.27546292.html</p>
source_comment: "
727,979,227,1,5,,"page_number_string: 
notes: 
source_full_citation: <p>Bundesamt f&uuml;r Statistik. (2023). <em>Nationalratswahlen: Eingereichte Listen nach Parteien und Kantonen</em>. Abgerufen am 10. November 2025 von https://www.bfs.admin.ch/bfs/de/home/statistiken/katalog.assetdetail.27546292.html</p>
source_comment: "
728,979,228,1,1,,"page_number_string: 
notes: 
source_full_citation: <p>Bundesamt f&uuml;r Statistik. (2023). <em>Nationalratswahlen: Eingereichte Listen nach Parteien und Kantonen</em>. Abgerufen am 10. November 2025 von https://www.bfs.admin.ch/bfs/de/home/statistiken/katalog.assetdetail.27546292.html</p>
source_comment: "
729,1042,231,1,1,,"page_number_string: 
notes: 
source_full_citation: <p>Bundesamt f&uuml;r Statistik. (2017). <em>Kanton Freiburg: nationale und kantonale Wahlen seit 1919</em>. Abgerufen am 20. April 2026 von https://www.bfs.admin.ch/bfs/de/home/statistiken/katalog.assetdetail.1820463.html</p>
source_comment: "
730,1043,231,1,1,,"page_number_string: 
notes: 
source_full_citation: <p>Bundesamt f&uuml;r Statistik. (2017). <em>Kanton Freiburg: nationale und kantonale Wahlen seit 1919</em>. Abgerufen am 20. April 2026 von https://www.bfs.admin.ch/bfs/de/home/statistiken/katalog.assetdetail.1820463.html</p>
source_comment: "
731,1044,231,1,1,,"page_number_string: 
notes: 
source_full_citation: <p>Bundesamt f&uuml;r Statistik. (2017). <em>Kanton Freiburg: nationale und kantonale Wahlen seit 1919</em>. Abgerufen am 20. April 2026 von https://www.bfs.admin.ch/bfs/de/home/statistiken/katalog.assetdetail.1820463.html</p>
source_comment: "
732,1045,231,1,1,,"page_number_string: 
notes: 
source_full_citation: <p>Bundesamt f&uuml;r Statistik. (2017). <em>Kanton Freiburg: nationale und kantonale Wahlen seit 1919</em>. Abgerufen am 20. April 2026 von https://www.bfs.admin.ch/bfs/de/home/statistiken/katalog.assetdetail.1820463.html</p>
source_comment: "
733,1046,231,1,1,,"page_number_string: 
notes: 
source_full_citation: <p>Bundesamt f&uuml;r Statistik. (2017). <em>Kanton Freiburg: nationale und kantonale Wahlen seit 1919</em>. Abgerufen am 20. April 2026 von https://www.bfs.admin.ch/bfs/de/home/statistiken/katalog.assetdetail.1820463.html</p>
source_comment: "
734,1047,231,1,1,,"page_number_string: 
notes: 
source_full_citation: <p>Bundesamt f&uuml;r Statistik. (2017). <em>Kanton Freiburg: nationale und kantonale Wahlen seit 1919</em>. Abgerufen am 20. April 2026 von https://www.bfs.admin.ch/bfs/de/home/statistiken/katalog.assetdetail.1820463.html</p>
source_comment: "
735,1048,231,1,2,,"page_number_string: 
notes: 
source_full_citation: <p>Bundesamt f&uuml;r Statistik. (2017). <em>Kanton Freiburg: nationale und kantonale Wahlen seit 1919</em>. Abgerufen am 20. April 2026 von https://www.bfs.admin.ch/bfs/de/home/statistiken/katalog.assetdetail.1820463.html</p>
source_comment: "
736,1049,231,1,1,,"page_number_string: 
notes: 
source_full_citation: <p>Bundesamt f&uuml;r Statistik. (2017). <em>Kanton Freiburg: nationale und kantonale Wahlen seit 1919</em>. Abgerufen am 20. April 2026 von https://www.bfs.admin.ch/bfs/de/home/statistiken/katalog.assetdetail.1820463.html</p>
source_comment: "
737,1050,231,1,1,,"page_number_string: 
notes: 
source_full_citation: <p>Bundesamt f&uuml;r Statistik. (2017). <em>Kanton Freiburg: nationale und kantonale Wahlen seit 1919</em>. Abgerufen am 20. April 2026 von https://www.bfs.admin.ch/bfs/de/home/statistiken/katalog.assetdetail.1820463.html</p>
source_comment: "
738,1051,231,1,1,,"page_number_string: 
notes: 
source_full_citation: <p>Bundesamt f&uuml;r Statistik. (2017). <em>Kanton Freiburg: nationale und kantonale Wahlen seit 1919</em>. Abgerufen am 20. April 2026 von https://www.bfs.admin.ch/bfs/de/home/statistiken/katalog.assetdetail.1820463.html</p>
source_comment: "
739,1052,231,1,1,,"page_number_string: 
notes: 
source_full_citation: <p>Bundesamt f&uuml;r Statistik. (2017). <em>Kanton Freiburg: nationale und kantonale Wahlen seit 1919</em>. Abgerufen am 20. April 2026 von https://www.bfs.admin.ch/bfs/de/home/statistiken/katalog.assetdetail.1820463.html</p>
source_comment: "
740,1053,231,1,2,,"page_number_string: 
notes: 
source_full_citation: <p>Bundesamt f&uuml;r Statistik. (2017). <em>Kanton Freiburg: nationale und kantonale Wahlen seit 1919</em>. Abgerufen am 20. April 2026 von https://www.bfs.admin.ch/bfs/de/home/statistiken/katalog.assetdetail.1820463.html</p>
source_comment: "
741,1054,231,1,2,,"page_number_string: 
notes: 
source_full_citation: <p>Bundesamt f&uuml;r Statistik. (2023). <em>Nationalratswahlen: Eingereichte Listen nach Parteien und Kantonen</em>. Abgerufen am 10. November 2025 von https://www.bfs.admin.ch/bfs/de/home/statistiken/katalog.assetdetail.27546292.html</p>
source_comment: "
742,1055,231,1,4,,"page_number_string: 
notes: 
source_full_citation: <p>Bundesamt f&uuml;r Statistik. (2023). <em>Nationalratswahlen: Eingereichte Listen nach Parteien und Kantonen</em>. Abgerufen am 10. November 2025 von https://www.bfs.admin.ch/bfs/de/home/statistiken/katalog.assetdetail.27546292.html</p>
source_comment: "
743,1042,232,1,1,,"page_number_string: 
notes: 
source_full_citation: <p>Bundesamt f&uuml;r Statistik. (2017). <em>Kanton Freiburg: nationale und kantonale Wahlen seit 1919</em>. Abgerufen am 20. April 2026 von https://www.bfs.admin.ch/bfs/de/home/statistiken/katalog.assetdetail.1820463.html</p>
source_comment: "
744,1043,232,1,1,,"page_number_string: 
notes: 
source_full_citation: <p>Bundesamt f&uuml;r Statistik. (2017). <em>Kanton Freiburg: nationale und kantonale Wahlen seit 1919</em>. Abgerufen am 20. April 2026 von https://www.bfs.admin.ch/bfs/de/home/statistiken/katalog.assetdetail.1820463.html</p>
source_comment: "
745,1044,232,1,1,,"page_number_string: 
notes: 
source_full_citation: <p>Bundesamt f&uuml;r Statistik. (2017). <em>Kanton Freiburg: nationale und kantonale Wahlen seit 1919</em>. Abgerufen am 20. April 2026 von https://www.bfs.admin.ch/bfs/de/home/statistiken/katalog.assetdetail.1820463.html</p>
source_comment: "
746,1045,232,1,1,,"page_number_string: 
notes: 
source_full_citation: <p>Bundesamt f&uuml;r Statistik. (2017). <em>Kanton Freiburg: nationale und kantonale Wahlen seit 1919</em>. Abgerufen am 20. April 2026 von https://www.bfs.admin.ch/bfs/de/home/statistiken/katalog.assetdetail.1820463.html</p>
source_comment: "
747,1046,232,1,1,,"page_number_string: 
notes: 
source_full_citation: <p>Bundesamt f&uuml;r Statistik. (2017). <em>Kanton Freiburg: nationale und kantonale Wahlen seit 1919</em>. Abgerufen am 20. April 2026 von https://www.bfs.admin.ch/bfs/de/home/statistiken/katalog.assetdetail.1820463.html</p>
source_comment: "
748,1047,232,1,2,,"page_number_string: 
notes: 
source_full_citation: <p>Bundesamt f&uuml;r Statistik. (2017). <em>Kanton Freiburg: nationale und kantonale Wahlen seit 1919</em>. Abgerufen am 20. April 2026 von https://www.bfs.admin.ch/bfs/de/home/statistiken/katalog.assetdetail.1820463.html</p>
source_comment: "
749,1048,232,1,2,,"page_number_string: 
notes: 
source_full_citation: <p>Bundesamt f&uuml;r Statistik. (2017). <em>Kanton Freiburg: nationale und kantonale Wahlen seit 1919</em>. Abgerufen am 20. April 2026 von https://www.bfs.admin.ch/bfs/de/home/statistiken/katalog.assetdetail.1820463.html</p>
source_comment: "
750,1049,232,1,2,,"page_number_string: 
notes: 
source_full_citation: <p>Bundesamt f&uuml;r Statistik. (2017). <em>Kanton Freiburg: nationale und kantonale Wahlen seit 1919</em>. Abgerufen am 20. April 2026 von https://www.bfs.admin.ch/bfs/de/home/statistiken/katalog.assetdetail.1820463.html</p>
source_comment: "
751,1050,232,1,2,,"page_number_string: 
notes: 
source_full_citation: <p>Bundesamt f&uuml;r Statistik. (2017). <em>Kanton Freiburg: nationale und kantonale Wahlen seit 1919</em>. Abgerufen am 20. April 2026 von https://www.bfs.admin.ch/bfs/de/home/statistiken/katalog.assetdetail.1820463.html</p>
source_comment: "
752,1051,232,1,2,,"page_number_string: 
notes: 
source_full_citation: <p>Bundesamt f&uuml;r Statistik. (2017). <em>Kanton Freiburg: nationale und kantonale Wahlen seit 1919</em>. Abgerufen am 20. April 2026 von https://www.bfs.admin.ch/bfs/de/home/statistiken/katalog.assetdetail.1820463.html</p>
source_comment: "
753,1052,232,1,2,,"page_number_string: 
notes: 
source_full_citation: <p>Bundesamt f&uuml;r Statistik. (2017). <em>Kanton Freiburg: nationale und kantonale Wahlen seit 1919</em>. Abgerufen am 20. April 2026 von https://www.bfs.admin.ch/bfs/de/home/statistiken/katalog.assetdetail.1820463.html</p>
source_comment: "
754,1053,232,1,2,,"page_number_string: 
notes: 
source_full_citation: <p>Bundesamt f&uuml;r Statistik. (2017). <em>Kanton Freiburg: nationale und kantonale Wahlen seit 1919</em>. Abgerufen am 20. April 2026 von https://www.bfs.admin.ch/bfs/de/home/statistiken/katalog.assetdetail.1820463.html</p>
source_comment: "
755,1054,232,1,5,,"page_number_string: 
notes: 
source_full_citation: <p>Bundesamt f&uuml;r Statistik. (2023). <em>Nationalratswahlen: Eingereichte Listen nach Parteien und Kantonen</em>. Abgerufen am 10. November 2025 von https://www.bfs.admin.ch/bfs/de/home/statistiken/katalog.assetdetail.27546292.html</p>
source_comment: "
756,1055,232,1,2,,"page_number_string: 
notes: 
source_full_citation: <p>Bundesamt f&uuml;r Statistik. (2023). <em>Nationalratswahlen: Eingereichte Listen nach Parteien und Kantonen</em>. Abgerufen am 10. November 2025 von https://www.bfs.admin.ch/bfs/de/home/statistiken/katalog.assetdetail.27546292.html</p>
source_comment: "
757,1042,233,1,1,,"page_number_string: 
notes: 
source_full_citation: <p>Bundesamt f&uuml;r Statistik. (2017). <em>Kanton Freiburg: nationale und kantonale Wahlen seit 1919</em>. Abgerufen am 20. April 2026 von https://www.bfs.admin.ch/bfs/de/home/statistiken/katalog.assetdetail.1820463.html</p>
source_comment: "
758,1043,233,1,1,,"page_number_string: 
notes: 
source_full_citation: <p>Bundesamt f&uuml;r Statistik. (2017). <em>Kanton Freiburg: nationale und kantonale Wahlen seit 1919</em>. Abgerufen am 20. April 2026 von https://www.bfs.admin.ch/bfs/de/home/statistiken/katalog.assetdetail.1820463.html</p>
source_comment: "
759,1044,233,1,1,,"page_number_string: 
notes: 
source_full_citation: <p>Bundesamt f&uuml;r Statistik. (2017). <em>Kanton Freiburg: nationale und kantonale Wahlen seit 1919</em>. Abgerufen am 20. April 2026 von https://www.bfs.admin.ch/bfs/de/home/statistiken/katalog.assetdetail.1820463.html</p>
source_comment: "
760,1045,233,1,1,,"page_number_string: 
notes: 
source_full_citation: <p>Bundesamt f&uuml;r Statistik. (2017). <em>Kanton Freiburg: nationale und kantonale Wahlen seit 1919</em>. Abgerufen am 20. April 2026 von https://www.bfs.admin.ch/bfs/de/home/statistiken/katalog.assetdetail.1820463.html</p>
source_comment: "
761,1046,233,1,1,,"page_number_string: 
notes: 
source_full_citation: <p>Bundesamt f&uuml;r Statistik. (2017). <em>Kanton Freiburg: nationale und kantonale Wahlen seit 1919</em>. Abgerufen am 20. April 2026 von https://www.bfs.admin.ch/bfs/de/home/statistiken/katalog.assetdetail.1820463.html</p>
source_comment: "
762,1047,233,1,1,,"page_number_string: 
notes: 
source_full_citation: <p>Bundesamt f&uuml;r Statistik. (2017). <em>Kanton Freiburg: nationale und kantonale Wahlen seit 1919</em>. Abgerufen am 20. April 2026 von https://www.bfs.admin.ch/bfs/de/home/statistiken/katalog.assetdetail.1820463.html</p>
source_comment: "
763,1048,233,1,1,,"page_number_string: 
notes: 
source_full_citation: <p>Bundesamt f&uuml;r Statistik. (2017). <em>Kanton Freiburg: nationale und kantonale Wahlen seit 1919</em>. Abgerufen am 20. April 2026 von https://www.bfs.admin.ch/bfs/de/home/statistiken/katalog.assetdetail.1820463.html</p>
source_comment: "
764,1049,233,1,1,,"page_number_string: 
notes: 
source_full_citation: <p>Bundesamt f&uuml;r Statistik. (2017). <em>Kanton Freiburg: nationale und kantonale Wahlen seit 1919</em>. Abgerufen am 20. April 2026 von https://www.bfs.admin.ch/bfs/de/home/statistiken/katalog.assetdetail.1820463.html</p>
source_comment: "
765,1050,233,1,1,,"page_number_string: 
notes: 
source_full_citation: <p>Bundesamt f&uuml;r Statistik. (2017). <em>Kanton Freiburg: nationale und kantonale Wahlen seit 1919</em>. Abgerufen am 20. April 2026 von https://www.bfs.admin.ch/bfs/de/home/statistiken/katalog.assetdetail.1820463.html</p>
source_comment: "
766,1051,234,1,1,,"page_number_string: 
notes: 
source_full_citation: <p>Bundesamt f&uuml;r Statistik. (2017). <em>Kanton Freiburg: nationale und kantonale Wahlen seit 1919</em>. Abgerufen am 20. April 2026 von https://www.bfs.admin.ch/bfs/de/home/statistiken/katalog.assetdetail.1820463.html</p>
source_comment: "
767,1052,234,1,2,,"page_number_string: 
notes: 
source_full_citation: <p>Bundesamt f&uuml;r Statistik. (2017). <em>Kanton Freiburg: nationale und kantonale Wahlen seit 1919</em>. Abgerufen am 20. April 2026 von https://www.bfs.admin.ch/bfs/de/home/statistiken/katalog.assetdetail.1820463.html</p>
source_comment: "
768,1053,234,1,2,,"page_number_string: 
notes: 
source_full_citation: <p>Bundesamt f&uuml;r Statistik. (2017). <em>Kanton Freiburg: nationale und kantonale Wahlen seit 1919</em>. Abgerufen am 20. April 2026 von https://www.bfs.admin.ch/bfs/de/home/statistiken/katalog.assetdetail.1820463.html</p>
source_comment: "
769,1054,234,1,2,,"page_number_string: 
notes: 
source_full_citation: <p>Bundesamt f&uuml;r Statistik. (2023). <em>Nationalratswahlen: Eingereichte Listen nach Parteien und Kantonen</em>. Abgerufen am 10. November 2025 von https://www.bfs.admin.ch/bfs/de/home/statistiken/katalog.assetdetail.27546292.html</p>
source_comment: "
770,1055,234,1,2,,"page_number_string: 
notes: 
source_full_citation: <p>Bundesamt f&uuml;r Statistik. (2023). <em>Nationalratswahlen: Eingereichte Listen nach Parteien und Kantonen</em>. Abgerufen am 10. November 2025 von https://www.bfs.admin.ch/bfs/de/home/statistiken/katalog.assetdetail.27546292.html</p>
source_comment: "
771,1042,236,1,1,,"page_number_string: 
notes: 
source_full_citation: <p>Bundesamt f&uuml;r Statistik. (2017). <em>Kanton Freiburg: nationale und kantonale Wahlen seit 1919</em>. Abgerufen am 20. April 2026 von https://www.bfs.admin.ch/bfs/de/home/statistiken/katalog.assetdetail.1820463.html</p>
source_comment: "
772,1043,236,1,1,,"page_number_string: 
notes: 
source_full_citation: <p>Bundesamt f&uuml;r Statistik. (2017). <em>Kanton Freiburg: nationale und kantonale Wahlen seit 1919</em>. Abgerufen am 20. April 2026 von https://www.bfs.admin.ch/bfs/de/home/statistiken/katalog.assetdetail.1820463.html</p>
source_comment: "
773,1044,236,1,1,,"page_number_string: 
notes: 
source_full_citation: <p>Bundesamt f&uuml;r Statistik. (2017). <em>Kanton Freiburg: nationale und kantonale Wahlen seit 1919</em>. Abgerufen am 20. April 2026 von https://www.bfs.admin.ch/bfs/de/home/statistiken/katalog.assetdetail.1820463.html</p>
source_comment: "
774,1045,236,1,1,,"page_number_string: 
notes: 
source_full_citation: <p>Bundesamt f&uuml;r Statistik. (2017). <em>Kanton Freiburg: nationale und kantonale Wahlen seit 1919</em>. Abgerufen am 20. April 2026 von https://www.bfs.admin.ch/bfs/de/home/statistiken/katalog.assetdetail.1820463.html</p>
source_comment: "
775,1046,236,1,1,,"page_number_string: 
notes: 
source_full_citation: <p>Bundesamt f&uuml;r Statistik. (2017). <em>Kanton Freiburg: nationale und kantonale Wahlen seit 1919</em>. Abgerufen am 20. April 2026 von https://www.bfs.admin.ch/bfs/de/home/statistiken/katalog.assetdetail.1820463.html</p>
source_comment: "
776,1047,236,1,2,,"page_number_string: 
notes: 
source_full_citation: <p>Bundesamt f&uuml;r Statistik. (2017). <em>Kanton Freiburg: nationale und kantonale Wahlen seit 1919</em>. Abgerufen am 20. April 2026 von https://www.bfs.admin.ch/bfs/de/home/statistiken/katalog.assetdetail.1820463.html</p>
source_comment: "
777,1048,236,1,3,,"page_number_string: 
notes: 
source_full_citation: <p>Bundesamt f&uuml;r Statistik. (2017). <em>Kanton Freiburg: nationale und kantonale Wahlen seit 1919</em>. Abgerufen am 20. April 2026 von https://www.bfs.admin.ch/bfs/de/home/statistiken/katalog.assetdetail.1820463.html</p>
source_comment: "
778,1049,236,1,3,,"page_number_string: 
notes: 
source_full_citation: <p>Bundesamt f&uuml;r Statistik. (2017). <em>Kanton Freiburg: nationale und kantonale Wahlen seit 1919</em>. Abgerufen am 20. April 2026 von https://www.bfs.admin.ch/bfs/de/home/statistiken/katalog.assetdetail.1820463.html</p>
source_comment: "
779,1050,236,1,1,,"page_number_string: 
notes: 
source_full_citation: <p>Bundesamt f&uuml;r Statistik. (2017). <em>Kanton Freiburg: nationale und kantonale Wahlen seit 1919</em>. Abgerufen am 20. April 2026 von https://www.bfs.admin.ch/bfs/de/home/statistiken/katalog.assetdetail.1820463.html</p>
source_comment: "
780,1051,236,1,1,,"page_number_string: 
notes: 
source_full_citation: <p>Bundesamt f&uuml;r Statistik. (2017). <em>Kanton Freiburg: nationale und kantonale Wahlen seit 1919</em>. Abgerufen am 20. April 2026 von https://www.bfs.admin.ch/bfs/de/home/statistiken/katalog.assetdetail.1820463.html</p>
source_comment: "
781,1052,236,1,1,,"page_number_string: 
notes: 
source_full_citation: <p>Bundesamt f&uuml;r Statistik. (2017). <em>Kanton Freiburg: nationale und kantonale Wahlen seit 1919</em>. Abgerufen am 20. April 2026 von https://www.bfs.admin.ch/bfs/de/home/statistiken/katalog.assetdetail.1820463.html</p>
source_comment: "
782,1053,236,1,5,,"page_number_string: 
notes: 
source_full_citation: <p>Bundesamt f&uuml;r Statistik. (2017). <em>Kanton Freiburg: nationale und kantonale Wahlen seit 1919</em>. Abgerufen am 20. April 2026 von https://www.bfs.admin.ch/bfs/de/home/statistiken/katalog.assetdetail.1820463.html</p>
source_comment: "
783,1054,236,1,5,,"page_number_string: 
notes: 
source_full_citation: <p>Bundesamt f&uuml;r Statistik. (2023). <em>Nationalratswahlen: Eingereichte Listen nach Parteien und Kantonen</em>. Abgerufen am 10. November 2025 von https://www.bfs.admin.ch/bfs/de/home/statistiken/katalog.assetdetail.27546292.html</p>
source_comment: "
784,1055,237,1,5,,"page_number_string: 
notes: 
source_full_citation: <p>Bundesamt f&uuml;r Statistik. (2023). <em>Nationalratswahlen: Eingereichte Listen nach Parteien und Kantonen</em>. Abgerufen am 10. November 2025 von https://www.bfs.admin.ch/bfs/de/home/statistiken/katalog.assetdetail.27546292.html</p>
source_comment: "
785,1046,238,1,1,,"page_number_string: 
notes: 
source_full_citation: <p>Bundesamt f&uuml;r Statistik. (2017). <em>Kanton Freiburg: nationale und kantonale Wahlen seit 1919</em>. Abgerufen am 20. April 2026 von https://www.bfs.admin.ch/bfs/de/home/statistiken/katalog.assetdetail.1820463.html</p>
source_comment: "
786,1048,239,1,1,,"page_number_string: 
notes: 
source_full_citation: <p>Bundesamt f&uuml;r Statistik. (2017). <em>Kanton Freiburg: nationale und kantonale Wahlen seit 1919</em>. Abgerufen am 20. April 2026 von https://www.bfs.admin.ch/bfs/de/home/statistiken/katalog.assetdetail.1820463.html</p>
source_comment: "
787,1050,239,1,1,,"page_number_string: 
notes: 
source_full_citation: <p>Bundesamt f&uuml;r Statistik. (2017). <em>Kanton Freiburg: nationale und kantonale Wahlen seit 1919</em>. Abgerufen am 20. April 2026 von https://www.bfs.admin.ch/bfs/de/home/statistiken/katalog.assetdetail.1820463.html</p>
source_comment: "
788,1051,239,1,2,,"page_number_string: 
notes: 
source_full_citation: <p>Bundesamt f&uuml;r Statistik. (2017). <em>Kanton Freiburg: nationale und kantonale Wahlen seit 1919</em>. Abgerufen am 20. April 2026 von https://www.bfs.admin.ch/bfs/de/home/statistiken/katalog.assetdetail.1820463.html</p>
source_comment: "
789,1052,239,1,2,,"page_number_string: 
notes: 
source_full_citation: <p>Bundesamt f&uuml;r Statistik. (2017). <em>Kanton Freiburg: nationale und kantonale Wahlen seit 1919</em>. Abgerufen am 20. April 2026 von https://www.bfs.admin.ch/bfs/de/home/statistiken/katalog.assetdetail.1820463.html</p>
source_comment: "
790,1053,239,1,2,,"page_number_string: 
notes: 
source_full_citation: <p>Bundesamt f&uuml;r Statistik. (2017). <em>Kanton Freiburg: nationale und kantonale Wahlen seit 1919</em>. Abgerufen am 20. April 2026 von https://www.bfs.admin.ch/bfs/de/home/statistiken/katalog.assetdetail.1820463.html</p>
source_comment: "
791,1054,239,1,1,,"page_number_string: 
notes: 
source_full_citation: <p>Bundesamt f&uuml;r Statistik. (2023). <em>Nationalratswahlen: Eingereichte Listen nach Parteien und Kantonen</em>. Abgerufen am 10. November 2025 von https://www.bfs.admin.ch/bfs/de/home/statistiken/katalog.assetdetail.27546292.html</p>
source_comment: "
792,1055,239,1,2,,"page_number_string: 
notes: 
source_full_citation: <p>Bundesamt f&uuml;r Statistik. (2023). <em>Nationalratswahlen: Eingereichte Listen nach Parteien und Kantonen</em>. Abgerufen am 10. November 2025 von https://www.bfs.admin.ch/bfs/de/home/statistiken/katalog.assetdetail.27546292.html</p>
source_comment: "
793,1052,240,1,1,,"page_number_string: 
notes: 
source_full_citation: <p>Bundesamt f&uuml;r Statistik. (2017). <em>Kanton Freiburg: nationale und kantonale Wahlen seit 1919</em>. Abgerufen am 20. April 2026 von https://www.bfs.admin.ch/bfs/de/home/statistiken/katalog.assetdetail.1820463.html</p>
source_comment: "
794,1053,240,1,2,,"page_number_string: 
notes: 
source_full_citation: <p>Bundesamt f&uuml;r Statistik. (2017). <em>Kanton Freiburg: nationale und kantonale Wahlen seit 1919</em>. Abgerufen am 20. April 2026 von https://www.bfs.admin.ch/bfs/de/home/statistiken/katalog.assetdetail.1820463.html</p>
source_comment: "
795,1054,240,1,2,,"page_number_string: 
notes: 
source_full_citation: <p>Bundesamt f&uuml;r Statistik. (2023). <em>Nationalratswahlen: Eingereichte Listen nach Parteien und Kantonen</em>. Abgerufen am 10. November 2025 von https://www.bfs.admin.ch/bfs/de/home/statistiken/katalog.assetdetail.27546292.html</p>
source_comment: "
796,1055,240,1,2,,"page_number_string: 
notes: 
source_full_citation: <p>Bundesamt f&uuml;r Statistik. (2023). <em>Nationalratswahlen: Eingereichte Listen nach Parteien und Kantonen</em>. Abgerufen am 10. November 2025 von https://www.bfs.admin.ch/bfs/de/home/statistiken/katalog.assetdetail.27546292.html</p>
source_comment: "
797,1050,241,1,1,,"page_number_string: 
notes: 
source_full_citation: <p>Bundesamt f&uuml;r Statistik. (2017). <em>Kanton Freiburg: nationale und kantonale Wahlen seit 1919</em>. Abgerufen am 20. April 2026 von https://www.bfs.admin.ch/bfs/de/home/statistiken/katalog.assetdetail.1820463.html</p>
source_comment: "
798,1051,241,1,1,,"page_number_string: 
notes: 
source_full_citation: <p>Bundesamt f&uuml;r Statistik. (2017). <em>Kanton Freiburg: nationale und kantonale Wahlen seit 1919</em>. Abgerufen am 20. April 2026 von https://www.bfs.admin.ch/bfs/de/home/statistiken/katalog.assetdetail.1820463.html</p>
source_comment: "
799,1052,241,1,1,,"page_number_string: 
notes: 
source_full_citation: <p>Bundesamt f&uuml;r Statistik. (2017). <em>Kanton Freiburg: nationale und kantonale Wahlen seit 1919</em>. Abgerufen am 20. April 2026 von https://www.bfs.admin.ch/bfs/de/home/statistiken/katalog.assetdetail.1820463.html</p>
source_comment: "
800,1053,241,1,1,,"page_number_string: 
notes: 
source_full_citation: <p>Bundesamt f&uuml;r Statistik. (2017). <em>Kanton Freiburg: nationale und kantonale Wahlen seit 1919</em>. Abgerufen am 20. April 2026 von https://www.bfs.admin.ch/bfs/de/home/statistiken/katalog.assetdetail.1820463.html</p>
source_comment: "
801,1054,241,1,1,,"page_number_string: 
notes: 
source_full_citation: <p>Bundesamt f&uuml;r Statistik. (2023). <em>Nationalratswahlen: Eingereichte Listen nach Parteien und Kantonen</em>. Abgerufen am 10. November 2025 von https://www.bfs.admin.ch/bfs/de/home/statistiken/katalog.assetdetail.27546292.html</p>
source_comment: "
802,1055,241,1,1,,"page_number_string: 
notes: 
source_full_citation: <p>Bundesamt f&uuml;r Statistik. (2023). <em>Nationalratswahlen: Eingereichte Listen nach Parteien und Kantonen</em>. Abgerufen am 10. November 2025 von https://www.bfs.admin.ch/bfs/de/home/statistiken/katalog.assetdetail.27546292.html</p>
source_comment: "
803,1042,243,1,1,,"page_number_string: 
notes: 
source_full_citation: <p>Bundesamt f&uuml;r Statistik. (2017). <em>Kanton Freiburg: nationale und kantonale Wahlen seit 1919</em>. Abgerufen am 20. April 2026 von https://www.bfs.admin.ch/bfs/de/home/statistiken/katalog.assetdetail.1820463.html</p>
source_comment: "
804,1045,243,1,1,,"page_number_string: 
notes: 
source_full_citation: <p>Bundesamt f&uuml;r Statistik. (2017). <em>Kanton Freiburg: nationale und kantonale Wahlen seit 1919</em>. Abgerufen am 20. April 2026 von https://www.bfs.admin.ch/bfs/de/home/statistiken/katalog.assetdetail.1820463.html</p>
source_comment: "
805,1046,243,1,1,,"page_number_string: 
notes: 
source_full_citation: <p>Bundesamt f&uuml;r Statistik. (2017). <em>Kanton Freiburg: nationale und kantonale Wahlen seit 1919</em>. Abgerufen am 20. April 2026 von https://www.bfs.admin.ch/bfs/de/home/statistiken/katalog.assetdetail.1820463.html</p>
source_comment: "
806,1047,242,1,1,,"page_number_string: 
notes: 
source_full_citation: <p>Bundesamt f&uuml;r Statistik. (2017). <em>Kanton Freiburg: nationale und kantonale Wahlen seit 1919</em>. Abgerufen am 20. April 2026 von https://www.bfs.admin.ch/bfs/de/home/statistiken/katalog.assetdetail.1820463.html</p>
source_comment: "
807,1048,242,1,1,,"page_number_string: 
notes: 
source_full_citation: <p>Bundesamt f&uuml;r Statistik. (2017). <em>Kanton Freiburg: nationale und kantonale Wahlen seit 1919</em>. Abgerufen am 20. April 2026 von https://www.bfs.admin.ch/bfs/de/home/statistiken/katalog.assetdetail.1820463.html</p>
source_comment: "
808,1049,242,1,1,,"page_number_string: 
notes: 
source_full_citation: <p>Bundesamt f&uuml;r Statistik. (2017). <em>Kanton Freiburg: nationale und kantonale Wahlen seit 1919</em>. Abgerufen am 20. April 2026 von https://www.bfs.admin.ch/bfs/de/home/statistiken/katalog.assetdetail.1820463.html</p>
source_comment: "
809,1050,242,1,1,,"page_number_string: 
notes: 
source_full_citation: <p>Bundesamt f&uuml;r Statistik. (2017). <em>Kanton Freiburg: nationale und kantonale Wahlen seit 1919</em>. Abgerufen am 20. April 2026 von https://www.bfs.admin.ch/bfs/de/home/statistiken/katalog.assetdetail.1820463.html</p>
source_comment: "
810,1051,242,1,1,,"page_number_string: 
notes: 
source_full_citation: <p>Bundesamt f&uuml;r Statistik. (2017). <em>Kanton Freiburg: nationale und kantonale Wahlen seit 1919</em>. Abgerufen am 20. April 2026 von https://www.bfs.admin.ch/bfs/de/home/statistiken/katalog.assetdetail.1820463.html</p>
source_comment: "
811,1052,242,1,1,,"page_number_string: 
notes: 
source_full_citation: <p>Bundesamt f&uuml;r Statistik. (2017). <em>Kanton Freiburg: nationale und kantonale Wahlen seit 1919</em>. Abgerufen am 20. April 2026 von https://www.bfs.admin.ch/bfs/de/home/statistiken/katalog.assetdetail.1820463.html</p>
source_comment: "
812,1053,242,1,1,,"page_number_string: 
notes: 
source_full_citation: <p>Bundesamt f&uuml;r Statistik. (2017). <em>Kanton Freiburg: nationale und kantonale Wahlen seit 1919</em>. Abgerufen am 20. April 2026 von https://www.bfs.admin.ch/bfs/de/home/statistiken/katalog.assetdetail.1820463.html</p>
source_comment: "
813,1054,242,1,1,,"page_number_string: 
notes: 
source_full_citation: <p>Bundesamt f&uuml;r Statistik. (2023). <em>Nationalratswahlen: Eingereichte Listen nach Parteien und Kantonen</em>. Abgerufen am 10. November 2025 von https://www.bfs.admin.ch/bfs/de/home/statistiken/katalog.assetdetail.27546292.html</p>
source_comment: "
814,1055,242,1,1,,"page_number_string: 
notes: 
source_full_citation: <p>Bundesamt f&uuml;r Statistik. (2023). <em>Nationalratswahlen: Eingereichte Listen nach Parteien und Kantonen</em>. Abgerufen am 10. November 2025 von https://www.bfs.admin.ch/bfs/de/home/statistiken/katalog.assetdetail.27546292.html</p>
source_comment: "
815,1050,244,1,1,,"page_number_string: 
notes: 
source_full_citation: <p>Bundesamt f&uuml;r Statistik. (2017). <em>Kanton Freiburg: nationale und kantonale Wahlen seit 1919</em>. Abgerufen am 20. April 2026 von https://www.bfs.admin.ch/bfs/de/home/statistiken/katalog.assetdetail.1820463.html</p>
source_comment: "
816,1051,244,1,1,,"page_number_string: 
notes: 
source_full_citation: <p>Bundesamt f&uuml;r Statistik. (2017). <em>Kanton Freiburg: nationale und kantonale Wahlen seit 1919</em>. Abgerufen am 20. April 2026 von https://www.bfs.admin.ch/bfs/de/home/statistiken/katalog.assetdetail.1820463.html</p>
source_comment: "
817,1052,244,1,1,,"page_number_string: 
notes: 
source_full_citation: <p>Bundesamt f&uuml;r Statistik. (2017). <em>Kanton Freiburg: nationale und kantonale Wahlen seit 1919</em>. Abgerufen am 20. April 2026 von https://www.bfs.admin.ch/bfs/de/home/statistiken/katalog.assetdetail.1820463.html</p>
source_comment: "
818,1053,244,1,1,,"page_number_string: 
notes: 
source_full_citation: <p>Bundesamt f&uuml;r Statistik. (2017). <em>Kanton Freiburg: nationale und kantonale Wahlen seit 1919</em>. Abgerufen am 20. April 2026 von https://www.bfs.admin.ch/bfs/de/home/statistiken/katalog.assetdetail.1820463.html</p>
source_comment: "
819,1054,244,1,1,,"page_number_string: 
notes: 
source_full_citation: <p>Bundesamt f&uuml;r Statistik. (2023). <em>Nationalratswahlen: Eingereichte Listen nach Parteien und Kantonen</em>. Abgerufen am 10. November 2025 von https://www.bfs.admin.ch/bfs/de/home/statistiken/katalog.assetdetail.27546292.html</p>
source_comment: "
820,1055,244,1,1,,"page_number_string: 
notes: 
source_full_citation: <p>Bundesamt f&uuml;r Statistik. (2023). <em>Nationalratswahlen: Eingereichte Listen nach Parteien und Kantonen</em>. Abgerufen am 10. November 2025 von https://www.bfs.admin.ch/bfs/de/home/statistiken/katalog.assetdetail.27546292.html</p>
source_comment: "
821,1052,245,1,1,,"page_number_string: 
notes: 
source_full_citation: <p>Bundesamt f&uuml;r Statistik. (2017). <em>Kanton Freiburg: nationale und kantonale Wahlen seit 1919</em>. Abgerufen am 20. April 2026 von https://www.bfs.admin.ch/bfs/de/home/statistiken/katalog.assetdetail.1820463.html</p>
source_comment: "
822,1053,245,1,2,,"page_number_string: 
notes: 
source_full_citation: <p>Bundesamt f&uuml;r Statistik. (2017). <em>Kanton Freiburg: nationale und kantonale Wahlen seit 1919</em>. Abgerufen am 20. April 2026 von https://www.bfs.admin.ch/bfs/de/home/statistiken/katalog.assetdetail.1820463.html</p>
source_comment: "
823,1054,245,1,1,,"page_number_string: 
notes: 
source_full_citation: <p>Bundesamt f&uuml;r Statistik. (2023). <em>Nationalratswahlen: Eingereichte Listen nach Parteien und Kantonen</em>. Abgerufen am 10. November 2025 von https://www.bfs.admin.ch/bfs/de/home/statistiken/katalog.assetdetail.27546292.html</p>
source_comment: "
824,1048,246,1,1,,"page_number_string: 
notes: 
source_full_citation: <p>Bundesamt f&uuml;r Statistik. (2017). <em>Kanton Freiburg: nationale und kantonale Wahlen seit 1919</em>. Abgerufen am 20. April 2026 von https://www.bfs.admin.ch/bfs/de/home/statistiken/katalog.assetdetail.1820463.html</p>
source_comment: "
825,1046,247,1,1,,"page_number_string: 
notes: 
source_full_citation: <p>Bundesamt f&uuml;r Statistik. (2017). <em>Kanton Freiburg: nationale und kantonale Wahlen seit 1919</em>. Abgerufen am 20. April 2026 von https://www.bfs.admin.ch/bfs/de/home/statistiken/katalog.assetdetail.1820463.html</p>
source_comment: "
826,1121,249,1,1,,"page_number_string: 
notes: 
source_full_citation: <p>Bundesamt f&uuml;r Statistik. (2017). <em>Kanton Solothurn: nationale und kantonale Wahlen seit 1896</em>. Abgerufen am 22. April 2026 von https://www.bfs.admin.ch/bfs/de/home/statistiken/katalog.assetdetail.2162847.html</p>
source_comment: "
827,1122,249,1,2,,"page_number_string: 
notes: 
source_full_citation: <p>Bundesamt f&uuml;r Statistik. (2017). <em>Kanton Solothurn: nationale und kantonale Wahlen seit 1896</em>. Abgerufen am 22. April 2026 von https://www.bfs.admin.ch/bfs/de/home/statistiken/katalog.assetdetail.2162847.html</p>
source_comment: "
828,1123,249,1,2,,"page_number_string: 
notes: 
source_full_citation: <p>Bundesamt f&uuml;r Statistik. (2017). <em>Kanton Solothurn: nationale und kantonale Wahlen seit 1896</em>. Abgerufen am 22. April 2026 von https://www.bfs.admin.ch/bfs/de/home/statistiken/katalog.assetdetail.2162847.html</p>
source_comment: "
829,1124,249,1,2,,"page_number_string: 
notes: 
source_full_citation: <p>Bundesamt f&uuml;r Statistik. (2017). <em>Kanton Solothurn: nationale und kantonale Wahlen seit 1896</em>. Abgerufen am 22. April 2026 von https://www.bfs.admin.ch/bfs/de/home/statistiken/katalog.assetdetail.2162847.html</p>
source_comment: "
830,1125,249,1,3,,"page_number_string: 
notes: 
source_full_citation: <p>Bundesamt f&uuml;r Statistik. (2017). <em>Kanton Solothurn: nationale und kantonale Wahlen seit 1896</em>. Abgerufen am 22. April 2026 von https://www.bfs.admin.ch/bfs/de/home/statistiken/katalog.assetdetail.2162847.html</p>
source_comment: "
831,1126,249,1,4,,"page_number_string: 
notes: 
source_full_citation: <p>Bundesamt f&uuml;r Statistik. (2017). <em>Kanton Solothurn: nationale und kantonale Wahlen seit 1896</em>. Abgerufen am 22. April 2026 von https://www.bfs.admin.ch/bfs/de/home/statistiken/katalog.assetdetail.2162847.html</p>
source_comment: "
832,1127,249,1,4,,"page_number_string: 
notes: 
source_full_citation: <p>Bundesamt f&uuml;r Statistik. (2023). <em>Nationalratswahlen: Eingereichte Listen nach Parteien und Kantonen</em>. Abgerufen am 10. November 2025 von https://www.bfs.admin.ch/bfs/de/home/statistiken/katalog.assetdetail.27546292.html</p>
source_comment: "
833,1128,249,1,4,,"page_number_string: 
notes: 
source_full_citation: <p>Bundesamt f&uuml;r Statistik. (2023). <em>Nationalratswahlen: Eingereichte Listen nach Parteien und Kantonen</em>. Abgerufen am 10. November 2025 von https://www.bfs.admin.ch/bfs/de/home/statistiken/katalog.assetdetail.27546292.html</p>
source_comment: "
834,1115,251,1,1,,"page_number_string: 
notes: 
source_full_citation: <p>Bundesamt f&uuml;r Statistik. (2017). <em>Kanton Solothurn: nationale und kantonale Wahlen seit 1896</em>. Abgerufen am 22. April 2026 von https://www.bfs.admin.ch/bfs/de/home/statistiken/katalog.assetdetail.2162847.html</p>
source_comment: "
835,1116,251,1,1,,"page_number_string: 
notes: 
source_full_citation: <p>Bundesamt f&uuml;r Statistik. (2017). <em>Kanton Solothurn: nationale und kantonale Wahlen seit 1896</em>. Abgerufen am 22. April 2026 von https://www.bfs.admin.ch/bfs/de/home/statistiken/katalog.assetdetail.2162847.html</p>
source_comment: "
836,1117,251,1,1,,"page_number_string: 
notes: 
source_full_citation: <p>Bundesamt f&uuml;r Statistik. (2017). <em>Kanton Solothurn: nationale und kantonale Wahlen seit 1896</em>. Abgerufen am 22. April 2026 von https://www.bfs.admin.ch/bfs/de/home/statistiken/katalog.assetdetail.2162847.html</p>
source_comment: "
837,1118,251,1,1,,"page_number_string: 
notes: 
source_full_citation: <p>Bundesamt f&uuml;r Statistik. (2017). <em>Kanton Solothurn: nationale und kantonale Wahlen seit 1896</em>. Abgerufen am 22. April 2026 von https://www.bfs.admin.ch/bfs/de/home/statistiken/katalog.assetdetail.2162847.html</p>
source_comment: "
838,1119,251,1,1,,"page_number_string: 
notes: 
source_full_citation: <p>Bundesamt f&uuml;r Statistik. (2017). <em>Kanton Solothurn: nationale und kantonale Wahlen seit 1896</em>. Abgerufen am 22. April 2026 von https://www.bfs.admin.ch/bfs/de/home/statistiken/katalog.assetdetail.2162847.html</p>
source_comment: "
839,1120,251,1,2,,"page_number_string: 
notes: 
source_full_citation: <p>Bundesamt f&uuml;r Statistik. (2017). <em>Kanton Solothurn: nationale und kantonale Wahlen seit 1896</em>. Abgerufen am 22. April 2026 von https://www.bfs.admin.ch/bfs/de/home/statistiken/katalog.assetdetail.2162847.html</p>
source_comment: "
840,1121,251,1,1,,"page_number_string: 
notes: 
source_full_citation: <p>Bundesamt f&uuml;r Statistik. (2017). <em>Kanton Solothurn: nationale und kantonale Wahlen seit 1896</em>. Abgerufen am 22. April 2026 von https://www.bfs.admin.ch/bfs/de/home/statistiken/katalog.assetdetail.2162847.html</p>
source_comment: "
841,1122,251,1,2,,"page_number_string: 
notes: 
source_full_citation: <p>Bundesamt f&uuml;r Statistik. (2017). <em>Kanton Solothurn: nationale und kantonale Wahlen seit 1896</em>. Abgerufen am 22. April 2026 von https://www.bfs.admin.ch/bfs/de/home/statistiken/katalog.assetdetail.2162847.html</p>
source_comment: "
842,1123,251,1,2,,"page_number_string: 
notes: 
source_full_citation: <p>Bundesamt f&uuml;r Statistik. (2017). <em>Kanton Solothurn: nationale und kantonale Wahlen seit 1896</em>. Abgerufen am 22. April 2026 von https://www.bfs.admin.ch/bfs/de/home/statistiken/katalog.assetdetail.2162847.html</p>
source_comment: "
843,1124,251,1,2,,"page_number_string: 
notes: 
source_full_citation: <p>Bundesamt f&uuml;r Statistik. (2017). <em>Kanton Solothurn: nationale und kantonale Wahlen seit 1896</em>. Abgerufen am 22. April 2026 von https://www.bfs.admin.ch/bfs/de/home/statistiken/katalog.assetdetail.2162847.html</p>
source_comment: "
844,1125,251,1,3,,"page_number_string: 
notes: 
source_full_citation: <p>Bundesamt f&uuml;r Statistik. (2017). <em>Kanton Solothurn: nationale und kantonale Wahlen seit 1896</em>. Abgerufen am 22. April 2026 von https://www.bfs.admin.ch/bfs/de/home/statistiken/katalog.assetdetail.2162847.html</p>
source_comment: "
845,1126,251,1,5,,"page_number_string: 
notes: 
source_full_citation: <p>Bundesamt f&uuml;r Statistik. (2017). <em>Kanton Solothurn: nationale und kantonale Wahlen seit 1896</em>. Abgerufen am 22. April 2026 von https://www.bfs.admin.ch/bfs/de/home/statistiken/katalog.assetdetail.2162847.html</p>
source_comment: "
846,1127,251,1,5,,"page_number_string: 
notes: 
source_full_citation: <p>Bundesamt f&uuml;r Statistik. (2023). <em>Nationalratswahlen: Eingereichte Listen nach Parteien und Kantonen</em>. Abgerufen am 10. November 2025 von https://www.bfs.admin.ch/bfs/de/home/statistiken/katalog.assetdetail.27546292.html</p>
source_comment: "
847,1128,251,1,5,,"page_number_string: 
notes: 
source_full_citation: <p>Bundesamt f&uuml;r Statistik. (2023). <em>Nationalratswahlen: Eingereichte Listen nach Parteien und Kantonen</em>. Abgerufen am 10. November 2025 von https://www.bfs.admin.ch/bfs/de/home/statistiken/katalog.assetdetail.27546292.html</p>
source_comment: "
848,1115,253,1,1,,"page_number_string: 
notes: 
source_full_citation: <p>Bundesamt f&uuml;r Statistik. (2017). <em>Kanton Solothurn: nationale und kantonale Wahlen seit 1896</em>. Abgerufen am 22. April 2026 von https://www.bfs.admin.ch/bfs/de/home/statistiken/katalog.assetdetail.2162847.html</p>
source_comment: "
849,1116,253,1,1,,"page_number_string: 
notes: 
source_full_citation: <p>Bundesamt f&uuml;r Statistik. (2017). <em>Kanton Solothurn: nationale und kantonale Wahlen seit 1896</em>. Abgerufen am 22. April 2026 von https://www.bfs.admin.ch/bfs/de/home/statistiken/katalog.assetdetail.2162847.html</p>
source_comment: "
850,1117,253,1,1,,"page_number_string: 
notes: 
source_full_citation: <p>Bundesamt f&uuml;r Statistik. (2017). <em>Kanton Solothurn: nationale und kantonale Wahlen seit 1896</em>. Abgerufen am 22. April 2026 von https://www.bfs.admin.ch/bfs/de/home/statistiken/katalog.assetdetail.2162847.html</p>
source_comment: "
851,1118,253,1,1,,"page_number_string: 
notes: 
source_full_citation: <p>Bundesamt f&uuml;r Statistik. (2017). <em>Kanton Solothurn: nationale und kantonale Wahlen seit 1896</em>. Abgerufen am 22. April 2026 von https://www.bfs.admin.ch/bfs/de/home/statistiken/katalog.assetdetail.2162847.html</p>
source_comment: "
852,1119,253,1,2,,"page_number_string: 
notes: 
source_full_citation: <p>Bundesamt f&uuml;r Statistik. (2017). <em>Kanton Solothurn: nationale und kantonale Wahlen seit 1896</em>. Abgerufen am 22. April 2026 von https://www.bfs.admin.ch/bfs/de/home/statistiken/katalog.assetdetail.2162847.html</p>
source_comment: "
853,1120,253,1,2,,"page_number_string: 
notes: 
source_full_citation: <p>Bundesamt f&uuml;r Statistik. (2017). <em>Kanton Solothurn: nationale und kantonale Wahlen seit 1896</em>. Abgerufen am 22. April 2026 von https://www.bfs.admin.ch/bfs/de/home/statistiken/katalog.assetdetail.2162847.html</p>
source_comment: "
854,1121,253,1,1,,"page_number_string: 
notes: 
source_full_citation: <p>Bundesamt f&uuml;r Statistik. (2017). <em>Kanton Solothurn: nationale und kantonale Wahlen seit 1896</em>. Abgerufen am 22. April 2026 von https://www.bfs.admin.ch/bfs/de/home/statistiken/katalog.assetdetail.2162847.html</p>
source_comment: "
855,1122,253,1,2,,"page_number_string: 
notes: 
source_full_citation: <p>Bundesamt f&uuml;r Statistik. (2017). <em>Kanton Solothurn: nationale und kantonale Wahlen seit 1896</em>. Abgerufen am 22. April 2026 von https://www.bfs.admin.ch/bfs/de/home/statistiken/katalog.assetdetail.2162847.html</p>
source_comment: "
856,1123,253,1,3,,"page_number_string: 
notes: 
source_full_citation: <p>Bundesamt f&uuml;r Statistik. (2017). <em>Kanton Solothurn: nationale und kantonale Wahlen seit 1896</em>. Abgerufen am 22. April 2026 von https://www.bfs.admin.ch/bfs/de/home/statistiken/katalog.assetdetail.2162847.html</p>
source_comment: "
857,1124,253,1,2,,"page_number_string: 
notes: 
source_full_citation: <p>Bundesamt f&uuml;r Statistik. (2017). <em>Kanton Solothurn: nationale und kantonale Wahlen seit 1896</em>. Abgerufen am 22. April 2026 von https://www.bfs.admin.ch/bfs/de/home/statistiken/katalog.assetdetail.2162847.html</p>
source_comment: "
858,1125,253,1,3,,"page_number_string: 
notes: 
source_full_citation: <p>Bundesamt f&uuml;r Statistik. (2017). <em>Kanton Solothurn: nationale und kantonale Wahlen seit 1896</em>. Abgerufen am 22. April 2026 von https://www.bfs.admin.ch/bfs/de/home/statistiken/katalog.assetdetail.2162847.html</p>
source_comment: "
859,1126,253,1,4,,"page_number_string: 
notes: 
source_full_citation: <p>Bundesamt f&uuml;r Statistik. (2017). <em>Kanton Solothurn: nationale und kantonale Wahlen seit 1896</em>. Abgerufen am 22. April 2026 von https://www.bfs.admin.ch/bfs/de/home/statistiken/katalog.assetdetail.2162847.html</p>
source_comment: "
860,1127,253,1,4,,"page_number_string: 
notes: 
source_full_citation: <p>Bundesamt f&uuml;r Statistik. (2023). <em>Nationalratswahlen: Eingereichte Listen nach Parteien und Kantonen</em>. Abgerufen am 10. November 2025 von https://www.bfs.admin.ch/bfs/de/home/statistiken/katalog.assetdetail.27546292.html</p>
source_comment: "
861,1128,253,1,4,,"page_number_string: 
notes: 
source_full_citation: <p>Bundesamt f&uuml;r Statistik. (2023). <em>Nationalratswahlen: Eingereichte Listen nach Parteien und Kantonen</em>. Abgerufen am 10. November 2025 von https://www.bfs.admin.ch/bfs/de/home/statistiken/katalog.assetdetail.27546292.html</p>
source_comment: "
862,1115,254,1,1,,"page_number_string: 
notes: 
source_full_citation: <p>Bundesamt f&uuml;r Statistik. (2017). <em>Kanton Solothurn: nationale und kantonale Wahlen seit 1896</em>. Abgerufen am 22. April 2026 von https://www.bfs.admin.ch/bfs/de/home/statistiken/katalog.assetdetail.2162847.html</p>
source_comment: "
863,1116,254,1,1,,"page_number_string: 
notes: 
source_full_citation: <p>Bundesamt f&uuml;r Statistik. (2017). <em>Kanton Solothurn: nationale und kantonale Wahlen seit 1896</em>. Abgerufen am 22. April 2026 von https://www.bfs.admin.ch/bfs/de/home/statistiken/katalog.assetdetail.2162847.html</p>
source_comment: "
864,1117,254,1,1,,"page_number_string: 
notes: 
source_full_citation: <p>Bundesamt f&uuml;r Statistik. (2017). <em>Kanton Solothurn: nationale und kantonale Wahlen seit 1896</em>. Abgerufen am 22. April 2026 von https://www.bfs.admin.ch/bfs/de/home/statistiken/katalog.assetdetail.2162847.html</p>
source_comment: "
865,1118,254,1,1,,"page_number_string: 
notes: 
source_full_citation: <p>Bundesamt f&uuml;r Statistik. (2017). <em>Kanton Solothurn: nationale und kantonale Wahlen seit 1896</em>. Abgerufen am 22. April 2026 von https://www.bfs.admin.ch/bfs/de/home/statistiken/katalog.assetdetail.2162847.html</p>
source_comment: "
866,1119,254,1,2,,"page_number_string: 
notes: 
source_full_citation: <p>Bundesamt f&uuml;r Statistik. (2017). <em>Kanton Solothurn: nationale und kantonale Wahlen seit 1896</em>. Abgerufen am 22. April 2026 von https://www.bfs.admin.ch/bfs/de/home/statistiken/katalog.assetdetail.2162847.html</p>
source_comment: "
867,1120,254,1,1,,"page_number_string: 
notes: 
source_full_citation: <p>Bundesamt f&uuml;r Statistik. (2017). <em>Kanton Solothurn: nationale und kantonale Wahlen seit 1896</em>. Abgerufen am 22. April 2026 von https://www.bfs.admin.ch/bfs/de/home/statistiken/katalog.assetdetail.2162847.html</p>
source_comment: "
868,1121,254,1,1,,"page_number_string: 
notes: 
source_full_citation: <p>Bundesamt f&uuml;r Statistik. (2017). <em>Kanton Solothurn: nationale und kantonale Wahlen seit 1896</em>. Abgerufen am 22. April 2026 von https://www.bfs.admin.ch/bfs/de/home/statistiken/katalog.assetdetail.2162847.html</p>
source_comment: "
869,1122,254,1,3,,"page_number_string: 
notes: 
source_full_citation: <p>Bundesamt f&uuml;r Statistik. (2017). <em>Kanton Solothurn: nationale und kantonale Wahlen seit 1896</em>. Abgerufen am 22. April 2026 von https://www.bfs.admin.ch/bfs/de/home/statistiken/katalog.assetdetail.2162847.html</p>
source_comment: "
870,1123,254,1,2,,"page_number_string: 
notes: 
source_full_citation: <p>Bundesamt f&uuml;r Statistik. (2017). <em>Kanton Solothurn: nationale und kantonale Wahlen seit 1896</em>. Abgerufen am 22. April 2026 von https://www.bfs.admin.ch/bfs/de/home/statistiken/katalog.assetdetail.2162847.html</p>
source_comment: "
871,1124,254,1,3,,"page_number_string: 
notes: 
source_full_citation: <p>Bundesamt f&uuml;r Statistik. (2017). <em>Kanton Solothurn: nationale und kantonale Wahlen seit 1896</em>. Abgerufen am 22. April 2026 von https://www.bfs.admin.ch/bfs/de/home/statistiken/katalog.assetdetail.2162847.html</p>
source_comment: "
872,1125,254,1,4,,"page_number_string: 
notes: 
source_full_citation: <p>Bundesamt f&uuml;r Statistik. (2017). <em>Kanton Solothurn: nationale und kantonale Wahlen seit 1896</em>. Abgerufen am 22. April 2026 von https://www.bfs.admin.ch/bfs/de/home/statistiken/katalog.assetdetail.2162847.html</p>
source_comment: "
873,1126,254,1,5,,"page_number_string: 
notes: 
source_full_citation: <p>Bundesamt f&uuml;r Statistik. (2017). <em>Kanton Solothurn: nationale und kantonale Wahlen seit 1896</em>. Abgerufen am 22. April 2026 von https://www.bfs.admin.ch/bfs/de/home/statistiken/katalog.assetdetail.2162847.html</p>
source_comment: "
874,1127,254,1,4,,"page_number_string: 
notes: 
source_full_citation: <p>Bundesamt f&uuml;r Statistik. (2023). <em>Nationalratswahlen: Eingereichte Listen nach Parteien und Kantonen</em>. Abgerufen am 10. November 2025 von https://www.bfs.admin.ch/bfs/de/home/statistiken/katalog.assetdetail.27546292.html</p>
source_comment: "
875,1128,254,1,7,,"page_number_string: 
notes: 
source_full_citation: <p>Bundesamt f&uuml;r Statistik. (2023). <em>Nationalratswahlen: Eingereichte Listen nach Parteien und Kantonen</em>. Abgerufen am 10. November 2025 von https://www.bfs.admin.ch/bfs/de/home/statistiken/katalog.assetdetail.27546292.html</p>
source_comment: "
876,1125,255,1,1,,"page_number_string: 
notes: 
source_full_citation: <p>Bundesamt f&uuml;r Statistik. (2017). <em>Kanton Solothurn: nationale und kantonale Wahlen seit 1896</em>. Abgerufen am 22. April 2026 von https://www.bfs.admin.ch/bfs/de/home/statistiken/katalog.assetdetail.2162847.html</p>
source_comment: "
877,1126,255,1,2,,"page_number_string: 
notes: 
source_full_citation: <p>Bundesamt f&uuml;r Statistik. (2017). <em>Kanton Solothurn: nationale und kantonale Wahlen seit 1896</em>. Abgerufen am 22. April 2026 von https://www.bfs.admin.ch/bfs/de/home/statistiken/katalog.assetdetail.2162847.html</p>
source_comment: "
878,1127,255,1,3,,"page_number_string: 
notes: 
source_full_citation: <p>Bundesamt f&uuml;r Statistik. (2023). <em>Nationalratswahlen: Eingereichte Listen nach Parteien und Kantonen</em>. Abgerufen am 10. November 2025 von https://www.bfs.admin.ch/bfs/de/home/statistiken/katalog.assetdetail.27546292.html</p>
source_comment: "
879,1120,256,1,1,,"page_number_string: 
notes: 
source_full_citation: <p>Bundesamt f&uuml;r Statistik. (2017). <em>Kanton Solothurn: nationale und kantonale Wahlen seit 1896</em>. Abgerufen am 22. April 2026 von https://www.bfs.admin.ch/bfs/de/home/statistiken/katalog.assetdetail.2162847.html</p>
source_comment: "
880,1121,256,1,1,,"page_number_string: 
notes: 
source_full_citation: <p>Bundesamt f&uuml;r Statistik. (2017). <em>Kanton Solothurn: nationale und kantonale Wahlen seit 1896</em>. Abgerufen am 22. April 2026 von https://www.bfs.admin.ch/bfs/de/home/statistiken/katalog.assetdetail.2162847.html</p>
source_comment: "
881,1122,256,1,1,,"page_number_string: 
notes: 
source_full_citation: <p>Bundesamt f&uuml;r Statistik. (2017). <em>Kanton Solothurn: nationale und kantonale Wahlen seit 1896</em>. Abgerufen am 22. April 2026 von https://www.bfs.admin.ch/bfs/de/home/statistiken/katalog.assetdetail.2162847.html</p>
source_comment: "
882,1123,256,1,1,,"page_number_string: 
notes: 
source_full_citation: <p>Bundesamt f&uuml;r Statistik. (2017). <em>Kanton Solothurn: nationale und kantonale Wahlen seit 1896</em>. Abgerufen am 22. April 2026 von https://www.bfs.admin.ch/bfs/de/home/statistiken/katalog.assetdetail.2162847.html</p>
source_comment: "
883,1124,256,1,2,,"page_number_string: 
notes: 
source_full_citation: <p>Bundesamt f&uuml;r Statistik. (2017). <em>Kanton Solothurn: nationale und kantonale Wahlen seit 1896</em>. Abgerufen am 22. April 2026 von https://www.bfs.admin.ch/bfs/de/home/statistiken/katalog.assetdetail.2162847.html</p>
source_comment: "
884,1125,256,1,3,,"page_number_string: 
notes: 
source_full_citation: <p>Bundesamt f&uuml;r Statistik. (2017). <em>Kanton Solothurn: nationale und kantonale Wahlen seit 1896</em>. Abgerufen am 22. April 2026 von https://www.bfs.admin.ch/bfs/de/home/statistiken/katalog.assetdetail.2162847.html</p>
source_comment: "
885,1126,256,1,2,,"page_number_string: 
notes: 
source_full_citation: <p>Bundesamt f&uuml;r Statistik. (2017). <em>Kanton Solothurn: nationale und kantonale Wahlen seit 1896</em>. Abgerufen am 22. April 2026 von https://www.bfs.admin.ch/bfs/de/home/statistiken/katalog.assetdetail.2162847.html</p>
source_comment: "
886,1127,256,1,3,,"page_number_string: 
notes: 
source_full_citation: <p>Bundesamt f&uuml;r Statistik. (2023). <em>Nationalratswahlen: Eingereichte Listen nach Parteien und Kantonen</em>. Abgerufen am 10. November 2025 von https://www.bfs.admin.ch/bfs/de/home/statistiken/katalog.assetdetail.27546292.html</p>
source_comment: "
887,1128,256,1,4,,"page_number_string: 
notes: 
source_full_citation: <p>Bundesamt f&uuml;r Statistik. (2023). <em>Nationalratswahlen: Eingereichte Listen nach Parteien und Kantonen</em>. Abgerufen am 10. November 2025 von https://www.bfs.admin.ch/bfs/de/home/statistiken/katalog.assetdetail.27546292.html</p>
source_comment: "
888,1125,257,1,1,,"page_number_string: 
notes: 
source_full_citation: <p>Bundesamt f&uuml;r Statistik. (2017). <em>Kanton Solothurn: nationale und kantonale Wahlen seit 1896</em>. Abgerufen am 22. April 2026 von https://www.bfs.admin.ch/bfs/de/home/statistiken/katalog.assetdetail.2162847.html</p>
source_comment: "
889,1126,257,1,1,,"page_number_string: 
notes: 
source_full_citation: <p>Bundesamt f&uuml;r Statistik. (2017). <em>Kanton Solothurn: nationale und kantonale Wahlen seit 1896</em>. Abgerufen am 22. April 2026 von https://www.bfs.admin.ch/bfs/de/home/statistiken/katalog.assetdetail.2162847.html</p>
source_comment: "
890,1127,257,1,3,,"page_number_string: 
notes: 
source_full_citation: <p>Bundesamt f&uuml;r Statistik. (2023). <em>Nationalratswahlen: Eingereichte Listen nach Parteien und Kantonen</em>. Abgerufen am 10. November 2025 von https://www.bfs.admin.ch/bfs/de/home/statistiken/katalog.assetdetail.27546292.html</p>
source_comment: "
891,1128,257,1,3,,"page_number_string: 
notes: 
source_full_citation: <p>Bundesamt f&uuml;r Statistik. (2023). <em>Nationalratswahlen: Eingereichte Listen nach Parteien und Kantonen</em>. Abgerufen am 10. November 2025 von https://www.bfs.admin.ch/bfs/de/home/statistiken/katalog.assetdetail.27546292.html</p>
source_comment: "
892,1120,258,1,1,,"page_number_string: 
notes: 
source_full_citation: <p>Bundesamt f&uuml;r Statistik. (2017). <em>Kanton Solothurn: nationale und kantonale Wahlen seit 1896</em>. Abgerufen am 22. April 2026 von https://www.bfs.admin.ch/bfs/de/home/statistiken/katalog.assetdetail.2162847.html</p>
source_comment: "
893,1124,259,1,1,,"page_number_string: 
notes: 
source_full_citation: <p>Bundesamt f&uuml;r Statistik. (2017). <em>Kanton Solothurn: nationale und kantonale Wahlen seit 1896</em>. Abgerufen am 22. April 2026 von https://www.bfs.admin.ch/bfs/de/home/statistiken/katalog.assetdetail.2162847.html</p>
source_comment: "
894,1125,259,1,1,,"page_number_string: 
notes: 
source_full_citation: <p>Bundesamt f&uuml;r Statistik. (2017). <em>Kanton Solothurn: nationale und kantonale Wahlen seit 1896</em>. Abgerufen am 22. April 2026 von https://www.bfs.admin.ch/bfs/de/home/statistiken/katalog.assetdetail.2162847.html</p>
source_comment: "
895,1126,259,1,1,,"page_number_string: 
notes: 
source_full_citation: <p>Bundesamt f&uuml;r Statistik. (2017). <em>Kanton Solothurn: nationale und kantonale Wahlen seit 1896</em>. Abgerufen am 22. April 2026 von https://www.bfs.admin.ch/bfs/de/home/statistiken/katalog.assetdetail.2162847.html</p>
source_comment: "
896,1127,259,1,1,,"page_number_string: 
notes: 
source_full_citation: <p>Bundesamt f&uuml;r Statistik. (2023). <em>Nationalratswahlen: Eingereichte Listen nach Parteien und Kantonen</em>. Abgerufen am 10. November 2025 von https://www.bfs.admin.ch/bfs/de/home/statistiken/katalog.assetdetail.27546292.html</p>
source_comment: "
897,1128,259,1,1,,"page_number_string: 
notes: 
source_full_citation: <p>Bundesamt f&uuml;r Statistik. (2023). <em>Nationalratswahlen: Eingereichte Listen nach Parteien und Kantonen</em>. Abgerufen am 10. November 2025 von https://www.bfs.admin.ch/bfs/de/home/statistiken/katalog.assetdetail.27546292.html</p>
source_comment: "
898,1125,261,1,1,,"page_number_string: 
notes: 
source_full_citation: <p>Bundesamt f&uuml;r Statistik. (2017). <em>Kanton Solothurn: nationale und kantonale Wahlen seit 1896</em>. Abgerufen am 22. April 2026 von https://www.bfs.admin.ch/bfs/de/home/statistiken/katalog.assetdetail.2162847.html</p>
source_comment: "
899,1126,261,1,1,,"page_number_string: 
notes: 
source_full_citation: <p>Bundesamt f&uuml;r Statistik. (2017). <em>Kanton Solothurn: nationale und kantonale Wahlen seit 1896</em>. Abgerufen am 22. April 2026 von https://www.bfs.admin.ch/bfs/de/home/statistiken/katalog.assetdetail.2162847.html</p>
source_comment: "
900,1115,262,1,1,,"page_number_string: 
notes: 
source_full_citation: <p>Bundesamt f&uuml;r Statistik. (2017). <em>Kanton Solothurn: nationale und kantonale Wahlen seit 1896</em>. Abgerufen am 22. April 2026 von https://www.bfs.admin.ch/bfs/de/home/statistiken/katalog.assetdetail.2162847.html</p>
source_comment: "
901,1121,263,1,1,,"page_number_string: 
notes: 
source_full_citation: <p>Bundesamt f&uuml;r Statistik. (2017). <em>Kanton Solothurn: nationale und kantonale Wahlen seit 1896</em>. Abgerufen am 22. April 2026 von https://www.bfs.admin.ch/bfs/de/home/statistiken/katalog.assetdetail.2162847.html</p>
source_comment: "
902,1124,264,1,1,,"page_number_string: 
notes: 
source_full_citation: <p>Bundesamt f&uuml;r Statistik. (2017). <em>Kanton Solothurn: nationale und kantonale Wahlen seit 1896</em>. Abgerufen am 22. April 2026 von https://www.bfs.admin.ch/bfs/de/home/statistiken/katalog.assetdetail.2162847.html</p>
source_comment: "
903,1127,264,1,1,,"page_number_string: 
notes: 
source_full_citation: <p>Bundesamt f&uuml;r Statistik. (2023). <em>Nationalratswahlen: Eingereichte Listen nach Parteien und Kantonen</em>. Abgerufen am 10. November 2025 von https://www.bfs.admin.ch/bfs/de/home/statistiken/katalog.assetdetail.27546292.html</p>
source_comment: "
904,1202,265,1,1,,"page_number_string: 
notes: 
source_full_citation: <p>Bundesamt f&uuml;r Statistik. (2020). <em>Kanton Schaffhausen: nationale und kantonale Wahlen seit 1919</em>. Abgerufen am 28. April 2026 von https://www.bfs.admin.ch/bfs/de/home/statistiken/katalog.assetdetail.14687821.html</p>
source_comment: "
905,1203,265,1,1,,"page_number_string: 
notes: 
source_full_citation: <p>Bundesamt f&uuml;r Statistik. (2020). <em>Kanton Schaffhausen: nationale und kantonale Wahlen seit 1919</em>. Abgerufen am 28. April 2026 von https://www.bfs.admin.ch/bfs/de/home/statistiken/katalog.assetdetail.14687821.html</p>
source_comment: "
906,1204,265,1,1,,"page_number_string: 
notes: 
source_full_citation: <p>Bundesamt f&uuml;r Statistik. (2020). <em>Kanton Schaffhausen: nationale und kantonale Wahlen seit 1919</em>. Abgerufen am 28. April 2026 von https://www.bfs.admin.ch/bfs/de/home/statistiken/katalog.assetdetail.14687821.html</p>
source_comment: "
907,1205,265,1,1,,"page_number_string: 
notes: 
source_full_citation: <p>Bundesamt f&uuml;r Statistik. (2020). <em>Kanton Schaffhausen: nationale und kantonale Wahlen seit 1919</em>. Abgerufen am 28. April 2026 von https://www.bfs.admin.ch/bfs/de/home/statistiken/katalog.assetdetail.14687821.html</p>
source_comment: "
908,1206,265,1,1,,"page_number_string: 
notes: 
source_full_citation: <p>Bundesamt f&uuml;r Statistik. (2020). <em>Kanton Schaffhausen: nationale und kantonale Wahlen seit 1919</em>. Abgerufen am 28. April 2026 von https://www.bfs.admin.ch/bfs/de/home/statistiken/katalog.assetdetail.14687821.html</p>
source_comment: "
909,1207,265,1,1,,"page_number_string: 
notes: 
source_full_citation: <p>Bundesamt f&uuml;r Statistik. (2020). <em>Kanton Schaffhausen: nationale und kantonale Wahlen seit 1919</em>. Abgerufen am 28. April 2026 von https://www.bfs.admin.ch/bfs/de/home/statistiken/katalog.assetdetail.14687821.html</p>
source_comment: "
910,1208,265,1,2,,"page_number_string: 
notes: 
source_full_citation: <p>Bundesamt f&uuml;r Statistik. (2020). <em>Kanton Schaffhausen: nationale und kantonale Wahlen seit 1919</em>. Abgerufen am 28. April 2026 von https://www.bfs.admin.ch/bfs/de/home/statistiken/katalog.assetdetail.14687821.html</p>
source_comment: "
911,1209,265,1,3,,"page_number_string: 
notes: 
source_full_citation: <p>Bundesamt f&uuml;r Statistik. (2020). <em>Kanton Schaffhausen: nationale und kantonale Wahlen seit 1919</em>. Abgerufen am 28. April 2026 von https://www.bfs.admin.ch/bfs/de/home/statistiken/katalog.assetdetail.14687821.html</p>
source_comment: "
912,1210,265,1,3,,"page_number_string: 
notes: 
source_full_citation: <p>Bundesamt f&uuml;r Statistik. (2020). <em>Kanton Schaffhausen: nationale und kantonale Wahlen seit 1919</em>. Abgerufen am 28. April 2026 von https://www.bfs.admin.ch/bfs/de/home/statistiken/katalog.assetdetail.14687821.html</p>
source_comment: "
913,1211,265,1,3,,"page_number_string: 
notes: 
source_full_citation: <p>Bundesamt f&uuml;r Statistik. (2020). <em>Kanton Schaffhausen: nationale und kantonale Wahlen seit 1919</em>. Abgerufen am 28. April 2026 von https://www.bfs.admin.ch/bfs/de/home/statistiken/katalog.assetdetail.14687821.html</p>
source_comment: "
914,1212,265,1,3,,"page_number_string: 
notes: 
source_full_citation: <p>Bundesamt f&uuml;r Statistik. (2020). <em>Kanton Schaffhausen: nationale und kantonale Wahlen seit 1919</em>. Abgerufen am 28. April 2026 von https://www.bfs.admin.ch/bfs/de/home/statistiken/katalog.assetdetail.14687821.html</p>
source_comment: "
915,1213,265,1,5,,"page_number_string: 
notes: 
source_full_citation: <p>Bundesamt f&uuml;r Statistik. (2023). <em>Nationalratswahlen: Eingereichte Listen nach Parteien und Kantonen</em>. Abgerufen am 10. November 2025 von https://www.bfs.admin.ch/bfs/de/home/statistiken/katalog.assetdetail.27546292.html</p>
source_comment: "
916,1200,266,1,1,,"page_number_string: 
notes: 
source_full_citation: <p>Bundesamt f&uuml;r Statistik. (2020). <em>Kanton Schaffhausen: nationale und kantonale Wahlen seit 1919</em>. Abgerufen am 28. April 2026 von https://www.bfs.admin.ch/bfs/de/home/statistiken/katalog.assetdetail.14687821.html</p>
source_comment: "
917,1201,266,1,1,,"page_number_string: 
notes: 
source_full_citation: <p>Bundesamt f&uuml;r Statistik. (2020). <em>Kanton Schaffhausen: nationale und kantonale Wahlen seit 1919</em>. Abgerufen am 28. April 2026 von https://www.bfs.admin.ch/bfs/de/home/statistiken/katalog.assetdetail.14687821.html</p>
source_comment: "
918,1202,266,1,1,,"page_number_string: 
notes: 
source_full_citation: <p>Bundesamt f&uuml;r Statistik. (2020). <em>Kanton Schaffhausen: nationale und kantonale Wahlen seit 1919</em>. Abgerufen am 28. April 2026 von https://www.bfs.admin.ch/bfs/de/home/statistiken/katalog.assetdetail.14687821.html</p>
source_comment: "
919,1203,266,1,1,,"page_number_string: 
notes: 
source_full_citation: <p>Bundesamt f&uuml;r Statistik. (2020). <em>Kanton Schaffhausen: nationale und kantonale Wahlen seit 1919</em>. Abgerufen am 28. April 2026 von https://www.bfs.admin.ch/bfs/de/home/statistiken/katalog.assetdetail.14687821.html</p>
source_comment: "
920,1204,266,1,1,,"page_number_string: 
notes: 
source_full_citation: <p>Bundesamt f&uuml;r Statistik. (2020). <em>Kanton Schaffhausen: nationale und kantonale Wahlen seit 1919</em>. Abgerufen am 28. April 2026 von https://www.bfs.admin.ch/bfs/de/home/statistiken/katalog.assetdetail.14687821.html</p>
source_comment: "
921,1205,266,1,1,,"page_number_string: 
notes: 
source_full_citation: <p>Bundesamt f&uuml;r Statistik. (2020). <em>Kanton Schaffhausen: nationale und kantonale Wahlen seit 1919</em>. Abgerufen am 28. April 2026 von https://www.bfs.admin.ch/bfs/de/home/statistiken/katalog.assetdetail.14687821.html</p>
source_comment: "
922,1206,266,1,1,,"page_number_string: 
notes: 
source_full_citation: <p>Bundesamt f&uuml;r Statistik. (2020). <em>Kanton Schaffhausen: nationale und kantonale Wahlen seit 1919</em>. Abgerufen am 28. April 2026 von https://www.bfs.admin.ch/bfs/de/home/statistiken/katalog.assetdetail.14687821.html</p>
source_comment: "
923,1207,266,1,1,,"page_number_string: 
notes: 
source_full_citation: <p>Bundesamt f&uuml;r Statistik. (2020). <em>Kanton Schaffhausen: nationale und kantonale Wahlen seit 1919</em>. Abgerufen am 28. April 2026 von https://www.bfs.admin.ch/bfs/de/home/statistiken/katalog.assetdetail.14687821.html</p>
source_comment: "
924,1208,266,1,1,,"page_number_string: 
notes: 
source_full_citation: <p>Bundesamt f&uuml;r Statistik. (2020). <em>Kanton Schaffhausen: nationale und kantonale Wahlen seit 1919</em>. Abgerufen am 28. April 2026 von https://www.bfs.admin.ch/bfs/de/home/statistiken/katalog.assetdetail.14687821.html</p>
source_comment: "
925,1209,266,1,1,,"page_number_string: 
notes: 
source_full_citation: <p>Bundesamt f&uuml;r Statistik. (2020). <em>Kanton Schaffhausen: nationale und kantonale Wahlen seit 1919</em>. Abgerufen am 28. April 2026 von https://www.bfs.admin.ch/bfs/de/home/statistiken/katalog.assetdetail.14687821.html</p>
source_comment: "
926,1210,266,1,3,,"page_number_string: 
notes: 
source_full_citation: <p>Bundesamt f&uuml;r Statistik. (2020). <em>Kanton Schaffhausen: nationale und kantonale Wahlen seit 1919</em>. Abgerufen am 28. April 2026 von https://www.bfs.admin.ch/bfs/de/home/statistiken/katalog.assetdetail.14687821.html</p>
source_comment: "
927,1211,266,1,3,,"page_number_string: 
notes: 
source_full_citation: <p>Bundesamt f&uuml;r Statistik. (2020). <em>Kanton Schaffhausen: nationale und kantonale Wahlen seit 1919</em>. Abgerufen am 28. April 2026 von https://www.bfs.admin.ch/bfs/de/home/statistiken/katalog.assetdetail.14687821.html</p>
source_comment: "
928,1212,266,1,2,,"page_number_string: 
notes: 
source_full_citation: <p>Bundesamt f&uuml;r Statistik. (2020). <em>Kanton Schaffhausen: nationale und kantonale Wahlen seit 1919</em>. Abgerufen am 28. April 2026 von https://www.bfs.admin.ch/bfs/de/home/statistiken/katalog.assetdetail.14687821.html</p>
source_comment: "
929,1213,266,1,2,,"page_number_string: 
notes: 
source_full_citation: <p>Bundesamt f&uuml;r Statistik. (2023). <em>Nationalratswahlen: Eingereichte Listen nach Parteien und Kantonen</em>. Abgerufen am 10. November 2025 von https://www.bfs.admin.ch/bfs/de/home/statistiken/katalog.assetdetail.27546292.html</p>
source_comment: "
930,1200,269,1,1,,"page_number_string: 
notes: 
source_full_citation: <p>Bundesamt f&uuml;r Statistik. (2020). <em>Kanton Schaffhausen: nationale und kantonale Wahlen seit 1919</em>. Abgerufen am 28. April 2026 von https://www.bfs.admin.ch/bfs/de/home/statistiken/katalog.assetdetail.14687821.html</p>
source_comment: "
931,1201,269,1,1,,"page_number_string: 
notes: 
source_full_citation: <p>Bundesamt f&uuml;r Statistik. (2020). <em>Kanton Schaffhausen: nationale und kantonale Wahlen seit 1919</em>. Abgerufen am 28. April 2026 von https://www.bfs.admin.ch/bfs/de/home/statistiken/katalog.assetdetail.14687821.html</p>
source_comment: "
932,1202,269,1,1,,"page_number_string: 
notes: 
source_full_citation: <p>Bundesamt f&uuml;r Statistik. (2020). <em>Kanton Schaffhausen: nationale und kantonale Wahlen seit 1919</em>. Abgerufen am 28. April 2026 von https://www.bfs.admin.ch/bfs/de/home/statistiken/katalog.assetdetail.14687821.html</p>
source_comment: "
933,1203,269,1,1,,"page_number_string: 
notes: 
source_full_citation: <p>Bundesamt f&uuml;r Statistik. (2020). <em>Kanton Schaffhausen: nationale und kantonale Wahlen seit 1919</em>. Abgerufen am 28. April 2026 von https://www.bfs.admin.ch/bfs/de/home/statistiken/katalog.assetdetail.14687821.html</p>
source_comment: "
934,1204,269,1,1,,"page_number_string: 
notes: 
source_full_citation: <p>Bundesamt f&uuml;r Statistik. (2020). <em>Kanton Schaffhausen: nationale und kantonale Wahlen seit 1919</em>. Abgerufen am 28. April 2026 von https://www.bfs.admin.ch/bfs/de/home/statistiken/katalog.assetdetail.14687821.html</p>
source_comment: "
935,1205,269,1,1,,"page_number_string: 
notes: 
source_full_citation: <p>Bundesamt f&uuml;r Statistik. (2020). <em>Kanton Schaffhausen: nationale und kantonale Wahlen seit 1919</em>. Abgerufen am 28. April 2026 von https://www.bfs.admin.ch/bfs/de/home/statistiken/katalog.assetdetail.14687821.html</p>
source_comment: "
936,1206,269,1,1,,"page_number_string: 
notes: 
source_full_citation: <p>Bundesamt f&uuml;r Statistik. (2020). <em>Kanton Schaffhausen: nationale und kantonale Wahlen seit 1919</em>. Abgerufen am 28. April 2026 von https://www.bfs.admin.ch/bfs/de/home/statistiken/katalog.assetdetail.14687821.html</p>
source_comment: "
937,1207,269,1,1,,"page_number_string: 
notes: 
source_full_citation: <p>Bundesamt f&uuml;r Statistik. (2020). <em>Kanton Schaffhausen: nationale und kantonale Wahlen seit 1919</em>. Abgerufen am 28. April 2026 von https://www.bfs.admin.ch/bfs/de/home/statistiken/katalog.assetdetail.14687821.html</p>
source_comment: "
938,1208,269,1,1,,"page_number_string: 
notes: 
source_full_citation: <p>Bundesamt f&uuml;r Statistik. (2020). <em>Kanton Schaffhausen: nationale und kantonale Wahlen seit 1919</em>. Abgerufen am 28. April 2026 von https://www.bfs.admin.ch/bfs/de/home/statistiken/katalog.assetdetail.14687821.html</p>
source_comment: "
939,1209,269,1,3,,"page_number_string: 
notes: 
source_full_citation: <p>Bundesamt f&uuml;r Statistik. (2020). <em>Kanton Schaffhausen: nationale und kantonale Wahlen seit 1919</em>. Abgerufen am 28. April 2026 von https://www.bfs.admin.ch/bfs/de/home/statistiken/katalog.assetdetail.14687821.html</p>
source_comment: "
940,1210,269,1,2,,"page_number_string: 
notes: 
source_full_citation: <p>Bundesamt f&uuml;r Statistik. (2020). <em>Kanton Schaffhausen: nationale und kantonale Wahlen seit 1919</em>. Abgerufen am 28. April 2026 von https://www.bfs.admin.ch/bfs/de/home/statistiken/katalog.assetdetail.14687821.html</p>
source_comment: "
941,1211,269,1,2,,"page_number_string: 
notes: 
source_full_citation: <p>Bundesamt f&uuml;r Statistik. (2020). <em>Kanton Schaffhausen: nationale und kantonale Wahlen seit 1919</em>. Abgerufen am 28. April 2026 von https://www.bfs.admin.ch/bfs/de/home/statistiken/katalog.assetdetail.14687821.html</p>
source_comment: "
942,1212,269,1,2,,"page_number_string: 
notes: 
source_full_citation: <p>Bundesamt f&uuml;r Statistik. (2020). <em>Kanton Schaffhausen: nationale und kantonale Wahlen seit 1919</em>. Abgerufen am 28. April 2026 von https://www.bfs.admin.ch/bfs/de/home/statistiken/katalog.assetdetail.14687821.html</p>
source_comment: "
943,1213,269,1,5,,"page_number_string: 
notes: 
source_full_citation: <p>Bundesamt f&uuml;r Statistik. (2023). <em>Nationalratswahlen: Eingereichte Listen nach Parteien und Kantonen</em>. Abgerufen am 10. November 2025 von https://www.bfs.admin.ch/bfs/de/home/statistiken/katalog.assetdetail.27546292.html</p>
source_comment: "
944,1200,270,1,1,,"page_number_string: 
notes: 
source_full_citation: <p>Bundesamt f&uuml;r Statistik. (2020). <em>Kanton Schaffhausen: nationale und kantonale Wahlen seit 1919</em>. Abgerufen am 28. April 2026 von https://www.bfs.admin.ch/bfs/de/home/statistiken/katalog.assetdetail.14687821.html</p>
source_comment: "
945,1203,270,1,1,,"page_number_string: 
notes: 
source_full_citation: <p>Bundesamt f&uuml;r Statistik. (2020). <em>Kanton Schaffhausen: nationale und kantonale Wahlen seit 1919</em>. Abgerufen am 28. April 2026 von https://www.bfs.admin.ch/bfs/de/home/statistiken/katalog.assetdetail.14687821.html</p>
source_comment: "
946,1208,270,1,1,,"page_number_string: 
notes: 
source_full_citation: <p>Bundesamt f&uuml;r Statistik. (2020). <em>Kanton Schaffhausen: nationale und kantonale Wahlen seit 1919</em>. Abgerufen am 28. April 2026 von https://www.bfs.admin.ch/bfs/de/home/statistiken/katalog.assetdetail.14687821.html</p>
source_comment: "
947,1210,270,1,1,,"page_number_string: 
notes: 
source_full_citation: <p>Bundesamt f&uuml;r Statistik. (2020). <em>Kanton Schaffhausen: nationale und kantonale Wahlen seit 1919</em>. Abgerufen am 28. April 2026 von https://www.bfs.admin.ch/bfs/de/home/statistiken/katalog.assetdetail.14687821.html</p>
source_comment: "
948,1212,270,1,1,,"page_number_string: 
notes: 
source_full_citation: <p>Bundesamt f&uuml;r Statistik. (2020). <em>Kanton Schaffhausen: nationale und kantonale Wahlen seit 1919</em>. Abgerufen am 28. April 2026 von https://www.bfs.admin.ch/bfs/de/home/statistiken/katalog.assetdetail.14687821.html</p>
source_comment: "
949,1213,270,1,1,,"page_number_string: 
notes: 
source_full_citation: <p>Bundesamt f&uuml;r Statistik. (2023). <em>Nationalratswahlen: Eingereichte Listen nach Parteien und Kantonen</em>. Abgerufen am 10. November 2025 von https://www.bfs.admin.ch/bfs/de/home/statistiken/katalog.assetdetail.27546292.html</p>
source_comment: "
950,1211,271,1,1,,"page_number_string: 
notes: 
source_full_citation: <p>Bundesamt f&uuml;r Statistik. (2020). <em>Kanton Schaffhausen: nationale und kantonale Wahlen seit 1919</em>. Abgerufen am 28. April 2026 von https://www.bfs.admin.ch/bfs/de/home/statistiken/katalog.assetdetail.14687821.html</p>
source_comment: "
951,1212,271,1,2,,"page_number_string: 
notes: 
source_full_citation: <p>Bundesamt f&uuml;r Statistik. (2020). <em>Kanton Schaffhausen: nationale und kantonale Wahlen seit 1919</em>. Abgerufen am 28. April 2026 von https://www.bfs.admin.ch/bfs/de/home/statistiken/katalog.assetdetail.14687821.html</p>
source_comment: "
952,1213,271,1,2,,"page_number_string: 
notes: 
source_full_citation: <p>Bundesamt f&uuml;r Statistik. (2023). <em>Nationalratswahlen: Eingereichte Listen nach Parteien und Kantonen</em>. Abgerufen am 10. November 2025 von https://www.bfs.admin.ch/bfs/de/home/statistiken/katalog.assetdetail.27546292.html</p>
source_comment: "
953,1212,272,1,2,,"page_number_string: 
notes: 
source_full_citation: <p>Bundesamt f&uuml;r Statistik. (2020). <em>Kanton Schaffhausen: nationale und kantonale Wahlen seit 1919</em>. Abgerufen am 28. April 2026 von https://www.bfs.admin.ch/bfs/de/home/statistiken/katalog.assetdetail.14687821.html</p>
source_comment: "
954,1213,272,1,2,,"page_number_string: 
notes: 
source_full_citation: <p>Bundesamt f&uuml;r Statistik. (2023). <em>Nationalratswahlen: Eingereichte Listen nach Parteien und Kantonen</em>. Abgerufen am 10. November 2025 von https://www.bfs.admin.ch/bfs/de/home/statistiken/katalog.assetdetail.27546292.html</p>
source_comment: "
955,1202,273,1,1,,"page_number_string: 
notes: 
source_full_citation: <p>Bundesamt f&uuml;r Statistik. (2020). <em>Kanton Schaffhausen: nationale und kantonale Wahlen seit 1919</em>. Abgerufen am 28. April 2026 von https://www.bfs.admin.ch/bfs/de/home/statistiken/katalog.assetdetail.14687821.html</p>
source_comment: "
956,1212,273,1,1,,"page_number_string: 
notes: 
source_full_citation: <p>Bundesamt f&uuml;r Statistik. (2020). <em>Kanton Schaffhausen: nationale und kantonale Wahlen seit 1919</em>. Abgerufen am 28. April 2026 von https://www.bfs.admin.ch/bfs/de/home/statistiken/katalog.assetdetail.14687821.html</p>
source_comment: "
957,1213,273,1,1,,"page_number_string: 
notes: 
source_full_citation: <p>Bundesamt f&uuml;r Statistik. (2023). <em>Nationalratswahlen: Eingereichte Listen nach Parteien und Kantonen</em>. Abgerufen am 10. November 2025 von https://www.bfs.admin.ch/bfs/de/home/statistiken/katalog.assetdetail.27546292.html</p>
source_comment: "
958,1204,276,1,1,,"page_number_string: 
notes: 
source_full_citation: <p>Bundesamt f&uuml;r Statistik. (2020). <em>Kanton Schaffhausen: nationale und kantonale Wahlen seit 1919</em>. Abgerufen am 28. April 2026 von https://www.bfs.admin.ch/bfs/de/home/statistiken/katalog.assetdetail.14687821.html</p>
source_comment: "
959,1205,276,1,1,,"page_number_string: 
notes: 
source_full_citation: <p>Bundesamt f&uuml;r Statistik. (2020). <em>Kanton Schaffhausen: nationale und kantonale Wahlen seit 1919</em>. Abgerufen am 28. April 2026 von https://www.bfs.admin.ch/bfs/de/home/statistiken/katalog.assetdetail.14687821.html</p>
source_comment: "
960,1210,276,1,1,,"page_number_string: 
notes: 
source_full_citation: <p>Bundesamt f&uuml;r Statistik. (2020). <em>Kanton Schaffhausen: nationale und kantonale Wahlen seit 1919</em>. Abgerufen am 28. April 2026 von https://www.bfs.admin.ch/bfs/de/home/statistiken/katalog.assetdetail.14687821.html</p>
source_comment: "
961,1211,276,1,1,,"page_number_string: 
notes: 
source_full_citation: <p>Bundesamt f&uuml;r Statistik. (2020). <em>Kanton Schaffhausen: nationale und kantonale Wahlen seit 1919</em>. Abgerufen am 28. April 2026 von https://www.bfs.admin.ch/bfs/de/home/statistiken/katalog.assetdetail.14687821.html</p>
source_comment: "
962,1212,276,1,1,,"page_number_string: 
notes: 
source_full_citation: <p>Bundesamt f&uuml;r Statistik. (2020). <em>Kanton Schaffhausen: nationale und kantonale Wahlen seit 1919</em>. Abgerufen am 28. April 2026 von https://www.bfs.admin.ch/bfs/de/home/statistiken/katalog.assetdetail.14687821.html</p>
source_comment: "
963,1213,276,1,1,,"page_number_string: 
notes: 
source_full_citation: <p>Bundesamt f&uuml;r Statistik. (2023). <em>Nationalratswahlen: Eingereichte Listen nach Parteien und Kantonen</em>. Abgerufen am 10. November 2025 von https://www.bfs.admin.ch/bfs/de/home/statistiken/katalog.assetdetail.27546292.html</p>
source_comment: "
964,1205,277,1,1,,"page_number_string: 
notes: 
source_full_citation: <p>Bundesamt f&uuml;r Statistik. (2020). <em>Kanton Schaffhausen: nationale und kantonale Wahlen seit 1919</em>. Abgerufen am 28. April 2026 von https://www.bfs.admin.ch/bfs/de/home/statistiken/katalog.assetdetail.14687821.html</p>
source_comment: "
965,1200,278,1,1,,"page_number_string: 
notes: 
source_full_citation: <p>Bundesamt f&uuml;r Statistik. (2020). <em>Kanton Schaffhausen: nationale und kantonale Wahlen seit 1919</em>. Abgerufen am 28. April 2026 von https://www.bfs.admin.ch/bfs/de/home/statistiken/katalog.assetdetail.14687821.html</p>
source_comment: "
966,1201,278,1,1,,"page_number_string: 
notes: 
source_full_citation: <p>Bundesamt f&uuml;r Statistik. (2020). <em>Kanton Schaffhausen: nationale und kantonale Wahlen seit 1919</em>. Abgerufen am 28. April 2026 von https://www.bfs.admin.ch/bfs/de/home/statistiken/katalog.assetdetail.14687821.html</p>
source_comment: "
967,1203,278,1,1,,"page_number_string: 
notes: 
source_full_citation: <p>Bundesamt f&uuml;r Statistik. (2020). <em>Kanton Schaffhausen: nationale und kantonale Wahlen seit 1919</em>. Abgerufen am 28. April 2026 von https://www.bfs.admin.ch/bfs/de/home/statistiken/katalog.assetdetail.14687821.html</p>
source_comment: "
968,1201,279,1,1,,"page_number_string: 
notes: 
source_full_citation: <p>Bundesamt f&uuml;r Statistik. (2020). <em>Kanton Schaffhausen: nationale und kantonale Wahlen seit 1919</em>. Abgerufen am 28. April 2026 von https://www.bfs.admin.ch/bfs/de/home/statistiken/katalog.assetdetail.14687821.html</p>
source_comment: "
969,1202,279,1,1,,"page_number_string: 
notes: 
source_full_citation: <p>Bundesamt f&uuml;r Statistik. (2020). <em>Kanton Schaffhausen: nationale und kantonale Wahlen seit 1919</em>. Abgerufen am 28. April 2026 von https://www.bfs.admin.ch/bfs/de/home/statistiken/katalog.assetdetail.14687821.html</p>
source_comment: "
970,1203,279,1,1,,"page_number_string: 
notes: 
source_full_citation: <p>Bundesamt f&uuml;r Statistik. (2020). <em>Kanton Schaffhausen: nationale und kantonale Wahlen seit 1919</em>. Abgerufen am 28. April 2026 von https://www.bfs.admin.ch/bfs/de/home/statistiken/katalog.assetdetail.14687821.html</p>
source_comment: "
971,1277,283,1,1,,"page_number_string: 
notes: 
source_full_citation: <p>Bundesamt f&uuml;r Statistik. (2019).&nbsp;<em>Kanton Appenzell A. Rh.: nationale und kantonale Wahlen seit 1919. </em>Abgerufen am 04. Mai 2026 von https://www.bfs.admin.ch/bfs/de/home/statistiken/katalog.assetdetail.7226701.html</p>
source_comment: "
972,1277,281,1,1,,"page_number_string: 
notes: 
source_full_citation: <p>Bundesamt f&uuml;r Statistik. (2019).&nbsp;<em>Kanton Appenzell A. Rh.: nationale und kantonale Wahlen seit 1919. </em>Abgerufen am 04. Mai 2026 von https://www.bfs.admin.ch/bfs/de/home/statistiken/katalog.assetdetail.7226701.html</p>
source_comment: "
973,1278,284,1,1,,"page_number_string: 
notes: 
source_full_citation: <p>Bundesamt f&uuml;r Statistik. (2019).&nbsp;<em>Kanton Appenzell A. Rh.: nationale und kantonale Wahlen seit 1919. </em>Abgerufen am 04. Mai 2026 von https://www.bfs.admin.ch/bfs/de/home/statistiken/katalog.assetdetail.7226701.html</p>
source_comment: "
974,1278,283,1,1,,"page_number_string: 
notes: 
source_full_citation: <p>Bundesamt f&uuml;r Statistik. (2019).&nbsp;<em>Kanton Appenzell A. Rh.: nationale und kantonale Wahlen seit 1919. </em>Abgerufen am 04. Mai 2026 von https://www.bfs.admin.ch/bfs/de/home/statistiken/katalog.assetdetail.7226701.html</p>
source_comment: "
975,1278,281,1,1,,"page_number_string: 
notes: 
source_full_citation: <p>Bundesamt f&uuml;r Statistik. (2019).&nbsp;<em>Kanton Appenzell A. Rh.: nationale und kantonale Wahlen seit 1919. </em>Abgerufen am 04. Mai 2026 von https://www.bfs.admin.ch/bfs/de/home/statistiken/katalog.assetdetail.7226701.html</p>
source_comment: "
976,1280,284,1,1,,"page_number_string: 
notes: 
source_full_citation: <p>Bundesamt f&uuml;r Statistik. (2019).&nbsp;<em>Kanton Appenzell A. Rh.: nationale und kantonale Wahlen seit 1919. </em>Abgerufen am 04. Mai 2026 von https://www.bfs.admin.ch/bfs/de/home/statistiken/katalog.assetdetail.7226701.html</p>
source_comment: "
977,1280,283,1,1,,"page_number_string: 
notes: 
source_full_citation: <p>Bundesamt f&uuml;r Statistik. (2019).&nbsp;<em>Kanton Appenzell A. Rh.: nationale und kantonale Wahlen seit 1919. </em>Abgerufen am 04. Mai 2026 von https://www.bfs.admin.ch/bfs/de/home/statistiken/katalog.assetdetail.7226701.html</p>
source_comment: "
978,1280,281,1,1,,"page_number_string: 
notes: 
source_full_citation: <p>Bundesamt f&uuml;r Statistik. (2019).&nbsp;<em>Kanton Appenzell A. Rh.: nationale und kantonale Wahlen seit 1919. </em>Abgerufen am 04. Mai 2026 von https://www.bfs.admin.ch/bfs/de/home/statistiken/katalog.assetdetail.7226701.html</p>
source_comment: "
979,1282,284,1,1,,"page_number_string: 
notes: 
source_full_citation: <p>Bundesamt f&uuml;r Statistik. (2019).&nbsp;<em>Kanton Appenzell A. Rh.: nationale und kantonale Wahlen seit 1919. </em>Abgerufen am 04. Mai 2026 von https://www.bfs.admin.ch/bfs/de/home/statistiken/katalog.assetdetail.7226701.html</p>
source_comment: "
980,1282,283,1,1,,"page_number_string: 
notes: 
source_full_citation: <p>Bundesamt f&uuml;r Statistik. (2019).&nbsp;<em>Kanton Appenzell A. Rh.: nationale und kantonale Wahlen seit 1919. </em>Abgerufen am 04. Mai 2026 von https://www.bfs.admin.ch/bfs/de/home/statistiken/katalog.assetdetail.7226701.html</p>
source_comment: "
981,1283,284,1,1,,"page_number_string: 
notes: 
source_full_citation: <p>Bundesamt f&uuml;r Statistik. (2019).&nbsp;<em>Kanton Appenzell A. Rh.: nationale und kantonale Wahlen seit 1919. </em>Abgerufen am 04. Mai 2026 von https://www.bfs.admin.ch/bfs/de/home/statistiken/katalog.assetdetail.7226701.html</p>
source_comment: "
982,1283,283,1,1,,"page_number_string: 
notes: 
source_full_citation: <p>Bundesamt f&uuml;r Statistik. (2019).&nbsp;<em>Kanton Appenzell A. Rh.: nationale und kantonale Wahlen seit 1919. </em>Abgerufen am 04. Mai 2026 von https://www.bfs.admin.ch/bfs/de/home/statistiken/katalog.assetdetail.7226701.html</p>
source_comment: "
983,1283,281,1,2,,"page_number_string: 
notes: 
source_full_citation: <p>Bundesamt f&uuml;r Statistik. (2019).&nbsp;<em>Kanton Appenzell A. Rh.: nationale und kantonale Wahlen seit 1919. </em>Abgerufen am 04. Mai 2026 von https://www.bfs.admin.ch/bfs/de/home/statistiken/katalog.assetdetail.7226701.html</p>
source_comment: "
984,1283,280,1,1,,"page_number_string: 
notes: 
source_full_citation: <p>Bundesamt f&uuml;r Statistik. (2019).&nbsp;<em>Kanton Appenzell A. Rh.: nationale und kantonale Wahlen seit 1919. </em>Abgerufen am 04. Mai 2026 von https://www.bfs.admin.ch/bfs/de/home/statistiken/katalog.assetdetail.7226701.html</p>
source_comment: "
985,1284,283,1,1,,"page_number_string: 
notes: 
source_full_citation: <p>Bundesamt f&uuml;r Statistik. (2019).&nbsp;<em>Kanton Appenzell A. Rh.: nationale und kantonale Wahlen seit 1919. </em>Abgerufen am 04. Mai 2026 von https://www.bfs.admin.ch/bfs/de/home/statistiken/katalog.assetdetail.7226701.html</p>
source_comment: "
986,1284,281,1,1,,"page_number_string: 
notes: 
source_full_citation: <p>Bundesamt f&uuml;r Statistik. (2019).&nbsp;<em>Kanton Appenzell A. Rh.: nationale und kantonale Wahlen seit 1919. </em>Abgerufen am 04. Mai 2026 von https://www.bfs.admin.ch/bfs/de/home/statistiken/katalog.assetdetail.7226701.html</p>
source_comment: "
987,1284,280,1,1,,"page_number_string: 
notes: 
source_full_citation: <p>Bundesamt f&uuml;r Statistik. (2019).&nbsp;<em>Kanton Appenzell A. Rh.: nationale und kantonale Wahlen seit 1919. </em>Abgerufen am 04. Mai 2026 von https://www.bfs.admin.ch/bfs/de/home/statistiken/katalog.assetdetail.7226701.html</p>
source_comment: "
988,1444,298,1,1,,"page_number_string: 
notes: 
source_full_citation: <p>Bundesamt f&uuml;r Statistik. (2020). <em>Kanton St.Gallen: nationale und kantonale Wahlen seit 1912</em>. Abgerufen am 12. Mai 2026 von https://www.bfs.admin.ch/bfs/de/home/statistiken/katalog.assetdetail.12787578.html</p>
source_comment: "
989,1445,298,1,1,,"page_number_string: 
notes: 
source_full_citation: <p>Bundesamt f&uuml;r Statistik. (2020). <em>Kanton St.Gallen: nationale und kantonale Wahlen seit 1912</em>. Abgerufen am 12. Mai 2026 von https://www.bfs.admin.ch/bfs/de/home/statistiken/katalog.assetdetail.12787578.html</p>
source_comment: "
990,1446,298,1,1,,"page_number_string: 
notes: 
source_full_citation: <p>Bundesamt f&uuml;r Statistik. (2020). <em>Kanton St.Gallen: nationale und kantonale Wahlen seit 1912</em>. Abgerufen am 12. Mai 2026 von https://www.bfs.admin.ch/bfs/de/home/statistiken/katalog.assetdetail.12787578.html</p>
source_comment: "
991,1447,298,1,1,,"page_number_string: 
notes: 
source_full_citation: <p>Bundesamt f&uuml;r Statistik. (2020). <em>Kanton St.Gallen: nationale und kantonale Wahlen seit 1912</em>. Abgerufen am 12. Mai 2026 von https://www.bfs.admin.ch/bfs/de/home/statistiken/katalog.assetdetail.12787578.html</p>
source_comment: "
992,1448,298,1,1,,"page_number_string: 
notes: 
source_full_citation: <p>Bundesamt f&uuml;r Statistik. (2020). <em>Kanton St.Gallen: nationale und kantonale Wahlen seit 1912</em>. Abgerufen am 12. Mai 2026 von https://www.bfs.admin.ch/bfs/de/home/statistiken/katalog.assetdetail.12787578.html</p>
source_comment: "
993,1449,298,1,1,,"page_number_string: 
notes: 
source_full_citation: <p>Bundesamt f&uuml;r Statistik. (2020). <em>Kanton St.Gallen: nationale und kantonale Wahlen seit 1912</em>. Abgerufen am 12. Mai 2026 von https://www.bfs.admin.ch/bfs/de/home/statistiken/katalog.assetdetail.12787578.html</p>
source_comment: "
994,1450,298,1,4,,"page_number_string: 
notes: 
source_full_citation: <p>Bundesamt f&uuml;r Statistik. (2020). <em>Kanton St.Gallen: nationale und kantonale Wahlen seit 1912</em>. Abgerufen am 12. Mai 2026 von https://www.bfs.admin.ch/bfs/de/home/statistiken/katalog.assetdetail.12787578.html</p>
source_comment: "
995,1451,298,1,1,,"page_number_string: 
notes: 
source_full_citation: <p>Bundesamt f&uuml;r Statistik. (2023). <em>Nationalratswahlen: Eingereichte Listen nach Parteien und Kantonen</em>. Abgerufen am 10. November 2025 von https://www.bfs.admin.ch/bfs/de/home/statistiken/katalog.assetdetail.27546292.html</p>
source_comment: "
996,1438,299,1,1,,"page_number_string: 
notes: 
source_full_citation: <p>Bundesamt f&uuml;r Statistik. (2020). <em>Kanton St.Gallen: nationale und kantonale Wahlen seit 1912</em>. Abgerufen am 12. Mai 2026 von https://www.bfs.admin.ch/bfs/de/home/statistiken/katalog.assetdetail.12787578.html</p>
source_comment: "
997,1439,299,1,1,,"page_number_string: 
notes: 
source_full_citation: <p>Bundesamt f&uuml;r Statistik. (2020). <em>Kanton St.Gallen: nationale und kantonale Wahlen seit 1912</em>. Abgerufen am 12. Mai 2026 von https://www.bfs.admin.ch/bfs/de/home/statistiken/katalog.assetdetail.12787578.html</p>
source_comment: "
998,1440,299,1,1,,"page_number_string: 
notes: 
source_full_citation: <p>Bundesamt f&uuml;r Statistik. (2020). <em>Kanton St.Gallen: nationale und kantonale Wahlen seit 1912</em>. Abgerufen am 12. Mai 2026 von https://www.bfs.admin.ch/bfs/de/home/statistiken/katalog.assetdetail.12787578.html</p>
source_comment: "
999,1441,299,1,1,,"page_number_string: 
notes: 
source_full_citation: <p>Bundesamt f&uuml;r Statistik. (2020). <em>Kanton St.Gallen: nationale und kantonale Wahlen seit 1912</em>. Abgerufen am 12. Mai 2026 von https://www.bfs.admin.ch/bfs/de/home/statistiken/katalog.assetdetail.12787578.html</p>
source_comment: "
1000,1442,299,1,1,,"page_number_string: 
notes: 
source_full_citation: <p>Bundesamt f&uuml;r Statistik. (2020). <em>Kanton St.Gallen: nationale und kantonale Wahlen seit 1912</em>. Abgerufen am 12. Mai 2026 von https://www.bfs.admin.ch/bfs/de/home/statistiken/katalog.assetdetail.12787578.html</p>
source_comment: "
1001,1443,299,1,1,,"page_number_string: 
notes: 
source_full_citation: <p>Bundesamt f&uuml;r Statistik. (2020). <em>Kanton St.Gallen: nationale und kantonale Wahlen seit 1912</em>. Abgerufen am 12. Mai 2026 von https://www.bfs.admin.ch/bfs/de/home/statistiken/katalog.assetdetail.12787578.html</p>
source_comment: "
1002,1444,299,1,2,,"page_number_string: 
notes: 
source_full_citation: <p>Bundesamt f&uuml;r Statistik. (2020). <em>Kanton St.Gallen: nationale und kantonale Wahlen seit 1912</em>. Abgerufen am 12. Mai 2026 von https://www.bfs.admin.ch/bfs/de/home/statistiken/katalog.assetdetail.12787578.html</p>
source_comment: "
1003,1445,299,1,4,,"page_number_string: 
notes: 
source_full_citation: <p>Bundesamt f&uuml;r Statistik. (2020). <em>Kanton St.Gallen: nationale und kantonale Wahlen seit 1912</em>. Abgerufen am 12. Mai 2026 von https://www.bfs.admin.ch/bfs/de/home/statistiken/katalog.assetdetail.12787578.html</p>
source_comment: "
1004,1446,299,1,3,,"page_number_string: 
notes: 
source_full_citation: <p>Bundesamt f&uuml;r Statistik. (2020). <em>Kanton St.Gallen: nationale und kantonale Wahlen seit 1912</em>. Abgerufen am 12. Mai 2026 von https://www.bfs.admin.ch/bfs/de/home/statistiken/katalog.assetdetail.12787578.html</p>
source_comment: "
1005,1447,299,1,4,,"page_number_string: 
notes: 
source_full_citation: <p>Bundesamt f&uuml;r Statistik. (2020). <em>Kanton St.Gallen: nationale und kantonale Wahlen seit 1912</em>. Abgerufen am 12. Mai 2026 von https://www.bfs.admin.ch/bfs/de/home/statistiken/katalog.assetdetail.12787578.html</p>
source_comment: "
1006,1448,299,1,2,,"page_number_string: 
notes: 
source_full_citation: <p>Bundesamt f&uuml;r Statistik. (2020). <em>Kanton St.Gallen: nationale und kantonale Wahlen seit 1912</em>. Abgerufen am 12. Mai 2026 von https://www.bfs.admin.ch/bfs/de/home/statistiken/katalog.assetdetail.12787578.html</p>
source_comment: "
1007,1449,299,1,2,,"page_number_string: 
notes: 
source_full_citation: <p>Bundesamt f&uuml;r Statistik. (2020). <em>Kanton St.Gallen: nationale und kantonale Wahlen seit 1912</em>. Abgerufen am 12. Mai 2026 von https://www.bfs.admin.ch/bfs/de/home/statistiken/katalog.assetdetail.12787578.html</p>
source_comment: "
1008,1450,299,1,2,,"page_number_string: 
notes: 
source_full_citation: <p>Bundesamt f&uuml;r Statistik. (2020). <em>Kanton St.Gallen: nationale und kantonale Wahlen seit 1912</em>. Abgerufen am 12. Mai 2026 von https://www.bfs.admin.ch/bfs/de/home/statistiken/katalog.assetdetail.12787578.html</p>
source_comment: "
1009,1451,299,1,3,,"page_number_string: 
notes: 
source_full_citation: <p>Bundesamt f&uuml;r Statistik. (2023). <em>Nationalratswahlen: Eingereichte Listen nach Parteien und Kantonen</em>. Abgerufen am 10. November 2025 von https://www.bfs.admin.ch/bfs/de/home/statistiken/katalog.assetdetail.27546292.html</p>
source_comment: "
1010,1438,300,1,2,,"page_number_string: 
notes: 
source_full_citation: <p>Bundesamt f&uuml;r Statistik. (2020). <em>Kanton St.Gallen: nationale und kantonale Wahlen seit 1912</em>. Abgerufen am 12. Mai 2026 von https://www.bfs.admin.ch/bfs/de/home/statistiken/katalog.assetdetail.12787578.html</p>
source_comment: "
1011,1439,300,1,1,,"page_number_string: 
notes: 
source_full_citation: <p>Bundesamt f&uuml;r Statistik. (2020). <em>Kanton St.Gallen: nationale und kantonale Wahlen seit 1912</em>. Abgerufen am 12. Mai 2026 von https://www.bfs.admin.ch/bfs/de/home/statistiken/katalog.assetdetail.12787578.html</p>
source_comment: "
1012,1440,300,1,1,,"page_number_string: 
notes: 
source_full_citation: <p>Bundesamt f&uuml;r Statistik. (2020). <em>Kanton St.Gallen: nationale und kantonale Wahlen seit 1912</em>. Abgerufen am 12. Mai 2026 von https://www.bfs.admin.ch/bfs/de/home/statistiken/katalog.assetdetail.12787578.html</p>
source_comment: "
1013,1441,300,1,1,,"page_number_string: 
notes: 
source_full_citation: <p>Bundesamt f&uuml;r Statistik. (2020). <em>Kanton St.Gallen: nationale und kantonale Wahlen seit 1912</em>. Abgerufen am 12. Mai 2026 von https://www.bfs.admin.ch/bfs/de/home/statistiken/katalog.assetdetail.12787578.html</p>
source_comment: "
1014,1442,300,1,1,,"page_number_string: 
notes: 
source_full_citation: <p>Bundesamt f&uuml;r Statistik. (2020). <em>Kanton St.Gallen: nationale und kantonale Wahlen seit 1912</em>. Abgerufen am 12. Mai 2026 von https://www.bfs.admin.ch/bfs/de/home/statistiken/katalog.assetdetail.12787578.html</p>
source_comment: "
1015,1443,300,1,1,,"page_number_string: 
notes: 
source_full_citation: <p>Bundesamt f&uuml;r Statistik. (2020). <em>Kanton St.Gallen: nationale und kantonale Wahlen seit 1912</em>. Abgerufen am 12. Mai 2026 von https://www.bfs.admin.ch/bfs/de/home/statistiken/katalog.assetdetail.12787578.html</p>
source_comment: "
1016,1444,300,1,1,,"page_number_string: 
notes: 
source_full_citation: <p>Bundesamt f&uuml;r Statistik. (2020). <em>Kanton St.Gallen: nationale und kantonale Wahlen seit 1912</em>. Abgerufen am 12. Mai 2026 von https://www.bfs.admin.ch/bfs/de/home/statistiken/katalog.assetdetail.12787578.html</p>
source_comment: "
1017,1445,300,1,2,,"page_number_string: 
notes: 
source_full_citation: <p>Bundesamt f&uuml;r Statistik. (2020). <em>Kanton St.Gallen: nationale und kantonale Wahlen seit 1912</em>. Abgerufen am 12. Mai 2026 von https://www.bfs.admin.ch/bfs/de/home/statistiken/katalog.assetdetail.12787578.html</p>
source_comment: "
1018,1446,300,1,2,,"page_number_string: 
notes: 
source_full_citation: <p>Bundesamt f&uuml;r Statistik. (2020). <em>Kanton St.Gallen: nationale und kantonale Wahlen seit 1912</em>. Abgerufen am 12. Mai 2026 von https://www.bfs.admin.ch/bfs/de/home/statistiken/katalog.assetdetail.12787578.html</p>
source_comment: "
1019,1447,300,1,4,,"page_number_string: 
notes: 
source_full_citation: <p>Bundesamt f&uuml;r Statistik. (2020). <em>Kanton St.Gallen: nationale und kantonale Wahlen seit 1912</em>. Abgerufen am 12. Mai 2026 von https://www.bfs.admin.ch/bfs/de/home/statistiken/katalog.assetdetail.12787578.html</p>
source_comment: "
1020,1448,300,1,2,,"page_number_string: 
notes: 
source_full_citation: <p>Bundesamt f&uuml;r Statistik. (2020). <em>Kanton St.Gallen: nationale und kantonale Wahlen seit 1912</em>. Abgerufen am 12. Mai 2026 von https://www.bfs.admin.ch/bfs/de/home/statistiken/katalog.assetdetail.12787578.html</p>
source_comment: "
1021,1449,300,1,3,,"page_number_string: 
notes: 
source_full_citation: <p>Bundesamt f&uuml;r Statistik. (2020). <em>Kanton St.Gallen: nationale und kantonale Wahlen seit 1912</em>. Abgerufen am 12. Mai 2026 von https://www.bfs.admin.ch/bfs/de/home/statistiken/katalog.assetdetail.12787578.html</p>
source_comment: "
1022,1450,300,1,4,,"page_number_string: 
notes: 
source_full_citation: <p>Bundesamt f&uuml;r Statistik. (2020). <em>Kanton St.Gallen: nationale und kantonale Wahlen seit 1912</em>. Abgerufen am 12. Mai 2026 von https://www.bfs.admin.ch/bfs/de/home/statistiken/katalog.assetdetail.12787578.html</p>
source_comment: "
1023,1451,300,1,5,,"page_number_string: 
notes: 
source_full_citation: <p>Bundesamt f&uuml;r Statistik. (2023). <em>Nationalratswahlen: Eingereichte Listen nach Parteien und Kantonen</em>. Abgerufen am 10. November 2025 von https://www.bfs.admin.ch/bfs/de/home/statistiken/katalog.assetdetail.27546292.html</p>
source_comment: "
1024,1438,301,1,1,,"page_number_string: 
notes: 
source_full_citation: <p>Bundesamt f&uuml;r Statistik. (2020). <em>Kanton St.Gallen: nationale und kantonale Wahlen seit 1912</em>. Abgerufen am 12. Mai 2026 von https://www.bfs.admin.ch/bfs/de/home/statistiken/katalog.assetdetail.12787578.html</p>
source_comment: "
1025,1439,301,1,1,,"page_number_string: 
notes: 
source_full_citation: <p>Bundesamt f&uuml;r Statistik. (2020). <em>Kanton St.Gallen: nationale und kantonale Wahlen seit 1912</em>. Abgerufen am 12. Mai 2026 von https://www.bfs.admin.ch/bfs/de/home/statistiken/katalog.assetdetail.12787578.html</p>
source_comment: "
1026,1440,301,1,1,,"page_number_string: 
notes: 
source_full_citation: <p>Bundesamt f&uuml;r Statistik. (2020). <em>Kanton St.Gallen: nationale und kantonale Wahlen seit 1912</em>. Abgerufen am 12. Mai 2026 von https://www.bfs.admin.ch/bfs/de/home/statistiken/katalog.assetdetail.12787578.html</p>
source_comment: "
1027,1441,301,1,1,,"page_number_string: 
notes: 
source_full_citation: <p>Bundesamt f&uuml;r Statistik. (2020). <em>Kanton St.Gallen: nationale und kantonale Wahlen seit 1912</em>. Abgerufen am 12. Mai 2026 von https://www.bfs.admin.ch/bfs/de/home/statistiken/katalog.assetdetail.12787578.html</p>
source_comment: "
1028,1442,301,1,2,,"page_number_string: 
notes: 
source_full_citation: <p>Bundesamt f&uuml;r Statistik. (2020). <em>Kanton St.Gallen: nationale und kantonale Wahlen seit 1912</em>. Abgerufen am 12. Mai 2026 von https://www.bfs.admin.ch/bfs/de/home/statistiken/katalog.assetdetail.12787578.html</p>
source_comment: "
1029,1443,301,1,3,,"page_number_string: 
notes: 
source_full_citation: <p>Bundesamt f&uuml;r Statistik. (2020). <em>Kanton St.Gallen: nationale und kantonale Wahlen seit 1912</em>. Abgerufen am 12. Mai 2026 von https://www.bfs.admin.ch/bfs/de/home/statistiken/katalog.assetdetail.12787578.html</p>
source_comment: "
1030,1444,301,1,3,,"page_number_string: 
notes: 
source_full_citation: <p>Bundesamt f&uuml;r Statistik. (2020). <em>Kanton St.Gallen: nationale und kantonale Wahlen seit 1912</em>. Abgerufen am 12. Mai 2026 von https://www.bfs.admin.ch/bfs/de/home/statistiken/katalog.assetdetail.12787578.html</p>
source_comment: "
1031,1445,301,1,2,,"page_number_string: 
notes: 
source_full_citation: <p>Bundesamt f&uuml;r Statistik. (2020). <em>Kanton St.Gallen: nationale und kantonale Wahlen seit 1912</em>. Abgerufen am 12. Mai 2026 von https://www.bfs.admin.ch/bfs/de/home/statistiken/katalog.assetdetail.12787578.html</p>
source_comment: "
1032,1446,301,1,2,,"page_number_string: 
notes: 
source_full_citation: <p>Bundesamt f&uuml;r Statistik. (2020). <em>Kanton St.Gallen: nationale und kantonale Wahlen seit 1912</em>. Abgerufen am 12. Mai 2026 von https://www.bfs.admin.ch/bfs/de/home/statistiken/katalog.assetdetail.12787578.html</p>
source_comment: "
1033,1447,301,1,2,,"page_number_string: 
notes: 
source_full_citation: <p>Bundesamt f&uuml;r Statistik. (2020). <em>Kanton St.Gallen: nationale und kantonale Wahlen seit 1912</em>. Abgerufen am 12. Mai 2026 von https://www.bfs.admin.ch/bfs/de/home/statistiken/katalog.assetdetail.12787578.html</p>
source_comment: "
1034,1448,301,1,3,,"page_number_string: 
notes: 
source_full_citation: <p>Bundesamt f&uuml;r Statistik. (2020). <em>Kanton St.Gallen: nationale und kantonale Wahlen seit 1912</em>. Abgerufen am 12. Mai 2026 von https://www.bfs.admin.ch/bfs/de/home/statistiken/katalog.assetdetail.12787578.html</p>
source_comment: "
1035,1449,301,1,2,,"page_number_string: 
notes: 
source_full_citation: <p>Bundesamt f&uuml;r Statistik. (2020). <em>Kanton St.Gallen: nationale und kantonale Wahlen seit 1912</em>. Abgerufen am 12. Mai 2026 von https://www.bfs.admin.ch/bfs/de/home/statistiken/katalog.assetdetail.12787578.html</p>
source_comment: "
1036,1450,301,1,4,,"page_number_string: 
notes: 
source_full_citation: <p>Bundesamt f&uuml;r Statistik. (2020). <em>Kanton St.Gallen: nationale und kantonale Wahlen seit 1912</em>. Abgerufen am 12. Mai 2026 von https://www.bfs.admin.ch/bfs/de/home/statistiken/katalog.assetdetail.12787578.html</p>
source_comment: "
1037,1451,301,1,7,,"page_number_string: 
notes: 
source_full_citation: <p>Bundesamt f&uuml;r Statistik. (2023). <em>Nationalratswahlen: Eingereichte Listen nach Parteien und Kantonen</em>. Abgerufen am 10. November 2025 von https://www.bfs.admin.ch/bfs/de/home/statistiken/katalog.assetdetail.27546292.html</p>
source_comment: "
1038,1441,302,1,1,,"page_number_string: 
notes: 
source_full_citation: <p>Bundesamt f&uuml;r Statistik. (2020). <em>Kanton St.Gallen: nationale und kantonale Wahlen seit 1912</em>. Abgerufen am 12. Mai 2026 von https://www.bfs.admin.ch/bfs/de/home/statistiken/katalog.assetdetail.12787578.html</p>
source_comment: "
1039,1442,302,1,1,,"page_number_string: 
notes: 
source_full_citation: <p>Bundesamt f&uuml;r Statistik. (2020). <em>Kanton St.Gallen: nationale und kantonale Wahlen seit 1912</em>. Abgerufen am 12. Mai 2026 von https://www.bfs.admin.ch/bfs/de/home/statistiken/katalog.assetdetail.12787578.html</p>
source_comment: "
1040,1443,302,1,2,,"page_number_string: 
notes: 
source_full_citation: <p>Bundesamt f&uuml;r Statistik. (2020). <em>Kanton St.Gallen: nationale und kantonale Wahlen seit 1912</em>. Abgerufen am 12. Mai 2026 von https://www.bfs.admin.ch/bfs/de/home/statistiken/katalog.assetdetail.12787578.html</p>
source_comment: "
1041,1444,302,1,2,,"page_number_string: 
notes: 
source_full_citation: <p>Bundesamt f&uuml;r Statistik. (2020). <em>Kanton St.Gallen: nationale und kantonale Wahlen seit 1912</em>. Abgerufen am 12. Mai 2026 von https://www.bfs.admin.ch/bfs/de/home/statistiken/katalog.assetdetail.12787578.html</p>
source_comment: "
1042,1445,302,1,1,,"page_number_string: 
notes: 
source_full_citation: <p>Bundesamt f&uuml;r Statistik. (2020). <em>Kanton St.Gallen: nationale und kantonale Wahlen seit 1912</em>. Abgerufen am 12. Mai 2026 von https://www.bfs.admin.ch/bfs/de/home/statistiken/katalog.assetdetail.12787578.html</p>
source_comment: "
1043,1446,302,1,3,,"page_number_string: 
notes: 
source_full_citation: <p>Bundesamt f&uuml;r Statistik. (2020). <em>Kanton St.Gallen: nationale und kantonale Wahlen seit 1912</em>. Abgerufen am 12. Mai 2026 von https://www.bfs.admin.ch/bfs/de/home/statistiken/katalog.assetdetail.12787578.html</p>
source_comment: "
1044,1447,302,1,3,,"page_number_string: 
notes: 
source_full_citation: <p>Bundesamt f&uuml;r Statistik. (2020). <em>Kanton St.Gallen: nationale und kantonale Wahlen seit 1912</em>. Abgerufen am 12. Mai 2026 von https://www.bfs.admin.ch/bfs/de/home/statistiken/katalog.assetdetail.12787578.html</p>
source_comment: "
1045,1448,302,1,2,,"page_number_string: 
notes: 
source_full_citation: <p>Bundesamt f&uuml;r Statistik. (2020). <em>Kanton St.Gallen: nationale und kantonale Wahlen seit 1912</em>. Abgerufen am 12. Mai 2026 von https://www.bfs.admin.ch/bfs/de/home/statistiken/katalog.assetdetail.12787578.html</p>
source_comment: "
1046,1449,302,1,2,,"page_number_string: 
notes: 
source_full_citation: <p>Bundesamt f&uuml;r Statistik. (2020). <em>Kanton St.Gallen: nationale und kantonale Wahlen seit 1912</em>. Abgerufen am 12. Mai 2026 von https://www.bfs.admin.ch/bfs/de/home/statistiken/katalog.assetdetail.12787578.html</p>
source_comment: "
1047,1450,302,1,3,,"page_number_string: 
notes: 
source_full_citation: <p>Bundesamt f&uuml;r Statistik. (2020). <em>Kanton St.Gallen: nationale und kantonale Wahlen seit 1912</em>. Abgerufen am 12. Mai 2026 von https://www.bfs.admin.ch/bfs/de/home/statistiken/katalog.assetdetail.12787578.html</p>
source_comment: "
1048,1451,302,1,4,,"page_number_string: 
notes: 
source_full_citation: <p>Bundesamt f&uuml;r Statistik. (2023). <em>Nationalratswahlen: Eingereichte Listen nach Parteien und Kantonen</em>. Abgerufen am 10. November 2025 von https://www.bfs.admin.ch/bfs/de/home/statistiken/katalog.assetdetail.27546292.html</p>
source_comment: "
1049,1447,303,1,1,,"page_number_string: 
notes: 
source_full_citation: <p>Bundesamt f&uuml;r Statistik. (2020). <em>Kanton St.Gallen: nationale und kantonale Wahlen seit 1912</em>. Abgerufen am 12. Mai 2026 von https://www.bfs.admin.ch/bfs/de/home/statistiken/katalog.assetdetail.12787578.html</p>
source_comment: "
1050,1448,303,1,2,,"page_number_string: 
notes: 
source_full_citation: <p>Bundesamt f&uuml;r Statistik. (2020). <em>Kanton St.Gallen: nationale und kantonale Wahlen seit 1912</em>. Abgerufen am 12. Mai 2026 von https://www.bfs.admin.ch/bfs/de/home/statistiken/katalog.assetdetail.12787578.html</p>
source_comment: "
1051,1449,303,1,2,,"page_number_string: 
notes: 
source_full_citation: <p>Bundesamt f&uuml;r Statistik. (2020). <em>Kanton St.Gallen: nationale und kantonale Wahlen seit 1912</em>. Abgerufen am 12. Mai 2026 von https://www.bfs.admin.ch/bfs/de/home/statistiken/katalog.assetdetail.12787578.html</p>
source_comment: "
1052,1450,303,1,2,,"page_number_string: 
notes: 
source_full_citation: <p>Bundesamt f&uuml;r Statistik. (2020). <em>Kanton St.Gallen: nationale und kantonale Wahlen seit 1912</em>. Abgerufen am 12. Mai 2026 von https://www.bfs.admin.ch/bfs/de/home/statistiken/katalog.assetdetail.12787578.html</p>
source_comment: "
1053,1451,303,1,2,,"page_number_string: 
notes: 
source_full_citation: <p>Bundesamt f&uuml;r Statistik. (2023). <em>Nationalratswahlen: Eingereichte Listen nach Parteien und Kantonen</em>. Abgerufen am 10. November 2025 von https://www.bfs.admin.ch/bfs/de/home/statistiken/katalog.assetdetail.27546292.html</p>
source_comment: "
1054,1438,305,1,1,,"page_number_string: 
notes: 
source_full_citation: <p>Bundesamt f&uuml;r Statistik. (2020). <em>Kanton St.Gallen: nationale und kantonale Wahlen seit 1912</em>. Abgerufen am 12. Mai 2026 von https://www.bfs.admin.ch/bfs/de/home/statistiken/katalog.assetdetail.12787578.html</p>
source_comment: "
1055,1440,305,1,1,,"page_number_string: 
notes: 
source_full_citation: <p>Bundesamt f&uuml;r Statistik. (2020). <em>Kanton St.Gallen: nationale und kantonale Wahlen seit 1912</em>. Abgerufen am 12. Mai 2026 von https://www.bfs.admin.ch/bfs/de/home/statistiken/katalog.assetdetail.12787578.html</p>
source_comment: "
1056,1442,305,1,1,,"page_number_string: 
notes: 
source_full_citation: <p>Bundesamt f&uuml;r Statistik. (2020). <em>Kanton St.Gallen: nationale und kantonale Wahlen seit 1912</em>. Abgerufen am 12. Mai 2026 von https://www.bfs.admin.ch/bfs/de/home/statistiken/katalog.assetdetail.12787578.html</p>
source_comment: "
1057,1444,305,1,1,,"page_number_string: 
notes: 
source_full_citation: <p>Bundesamt f&uuml;r Statistik. (2020). <em>Kanton St.Gallen: nationale und kantonale Wahlen seit 1912</em>. Abgerufen am 12. Mai 2026 von https://www.bfs.admin.ch/bfs/de/home/statistiken/katalog.assetdetail.12787578.html</p>
source_comment: "
1058,1445,305,1,1,,"page_number_string: 
notes: 
source_full_citation: <p>Bundesamt f&uuml;r Statistik. (2020). <em>Kanton St.Gallen: nationale und kantonale Wahlen seit 1912</em>. Abgerufen am 12. Mai 2026 von https://www.bfs.admin.ch/bfs/de/home/statistiken/katalog.assetdetail.12787578.html</p>
source_comment: "
1059,1446,305,1,1,,"page_number_string: 
notes: 
source_full_citation: <p>Bundesamt f&uuml;r Statistik. (2020). <em>Kanton St.Gallen: nationale und kantonale Wahlen seit 1912</em>. Abgerufen am 12. Mai 2026 von https://www.bfs.admin.ch/bfs/de/home/statistiken/katalog.assetdetail.12787578.html</p>
source_comment: "
1060,1447,305,1,2,,"page_number_string: 
notes: 
source_full_citation: <p>Bundesamt f&uuml;r Statistik. (2020). <em>Kanton St.Gallen: nationale und kantonale Wahlen seit 1912</em>. Abgerufen am 12. Mai 2026 von https://www.bfs.admin.ch/bfs/de/home/statistiken/katalog.assetdetail.12787578.html</p>
source_comment: "
1061,1448,305,1,1,,"page_number_string: 
notes: 
source_full_citation: <p>Bundesamt f&uuml;r Statistik. (2020). <em>Kanton St.Gallen: nationale und kantonale Wahlen seit 1912</em>. Abgerufen am 12. Mai 2026 von https://www.bfs.admin.ch/bfs/de/home/statistiken/katalog.assetdetail.12787578.html</p>
source_comment: "
1062,1449,305,1,1,,"page_number_string: 
notes: 
source_full_citation: <p>Bundesamt f&uuml;r Statistik. (2020). <em>Kanton St.Gallen: nationale und kantonale Wahlen seit 1912</em>. Abgerufen am 12. Mai 2026 von https://www.bfs.admin.ch/bfs/de/home/statistiken/katalog.assetdetail.12787578.html</p>
source_comment: "
1063,1450,305,1,1,,"page_number_string: 
notes: 
source_full_citation: <p>Bundesamt f&uuml;r Statistik. (2020). <em>Kanton St.Gallen: nationale und kantonale Wahlen seit 1912</em>. Abgerufen am 12. Mai 2026 von https://www.bfs.admin.ch/bfs/de/home/statistiken/katalog.assetdetail.12787578.html</p>
source_comment: "
1064,1451,305,1,2,,"page_number_string: 
notes: 
source_full_citation: <p>Bundesamt f&uuml;r Statistik. (2023). <em>Nationalratswahlen: Eingereichte Listen nach Parteien und Kantonen</em>. Abgerufen am 10. November 2025 von https://www.bfs.admin.ch/bfs/de/home/statistiken/katalog.assetdetail.27546292.html</p>
source_comment: "
1065,1444,306,1,1,,"page_number_string: 
notes: 
source_full_citation: <p>Bundesamt f&uuml;r Statistik. (2020). <em>Kanton St.Gallen: nationale und kantonale Wahlen seit 1912</em>. Abgerufen am 12. Mai 2026 von https://www.bfs.admin.ch/bfs/de/home/statistiken/katalog.assetdetail.12787578.html</p>
source_comment: "
1066,1445,306,1,1,,"page_number_string: 
notes: 
source_full_citation: <p>Bundesamt f&uuml;r Statistik. (2020). <em>Kanton St.Gallen: nationale und kantonale Wahlen seit 1912</em>. Abgerufen am 12. Mai 2026 von https://www.bfs.admin.ch/bfs/de/home/statistiken/katalog.assetdetail.12787578.html</p>
source_comment: "
1067,1446,306,1,1,,"page_number_string: 
notes: 
source_full_citation: <p>Bundesamt f&uuml;r Statistik. (2020). <em>Kanton St.Gallen: nationale und kantonale Wahlen seit 1912</em>. Abgerufen am 12. Mai 2026 von https://www.bfs.admin.ch/bfs/de/home/statistiken/katalog.assetdetail.12787578.html</p>
source_comment: "
1068,1447,306,1,1,,"page_number_string: 
notes: 
source_full_citation: <p>Bundesamt f&uuml;r Statistik. (2020). <em>Kanton St.Gallen: nationale und kantonale Wahlen seit 1912</em>. Abgerufen am 12. Mai 2026 von https://www.bfs.admin.ch/bfs/de/home/statistiken/katalog.assetdetail.12787578.html</p>
source_comment: "
1069,1448,306,1,1,,"page_number_string: 
notes: 
source_full_citation: <p>Bundesamt f&uuml;r Statistik. (2020). <em>Kanton St.Gallen: nationale und kantonale Wahlen seit 1912</em>. Abgerufen am 12. Mai 2026 von https://www.bfs.admin.ch/bfs/de/home/statistiken/katalog.assetdetail.12787578.html</p>
source_comment: "
1070,1449,306,1,1,,"page_number_string: 
notes: 
source_full_citation: <p>Bundesamt f&uuml;r Statistik. (2020). <em>Kanton St.Gallen: nationale und kantonale Wahlen seit 1912</em>. Abgerufen am 12. Mai 2026 von https://www.bfs.admin.ch/bfs/de/home/statistiken/katalog.assetdetail.12787578.html</p>
source_comment: "
1071,1450,306,1,1,,"page_number_string: 
notes: 
source_full_citation: <p>Bundesamt f&uuml;r Statistik. (2020). <em>Kanton St.Gallen: nationale und kantonale Wahlen seit 1912</em>. Abgerufen am 12. Mai 2026 von https://www.bfs.admin.ch/bfs/de/home/statistiken/katalog.assetdetail.12787578.html</p>
source_comment: "
1072,1451,306,1,1,,"page_number_string: 
notes: 
source_full_citation: <p>Bundesamt f&uuml;r Statistik. (2023). <em>Nationalratswahlen: Eingereichte Listen nach Parteien und Kantonen</em>. Abgerufen am 10. November 2025 von https://www.bfs.admin.ch/bfs/de/home/statistiken/katalog.assetdetail.27546292.html</p>
source_comment: "
1073,1448,307,1,1,,"page_number_string: 
notes: 
source_full_citation: <p>Bundesamt f&uuml;r Statistik. (2020). <em>Kanton St.Gallen: nationale und kantonale Wahlen seit 1912</em>. Abgerufen am 12. Mai 2026 von https://www.bfs.admin.ch/bfs/de/home/statistiken/katalog.assetdetail.12787578.html</p>
source_comment: "
1074,1449,307,1,2,,"page_number_string: 
notes: 
source_full_citation: <p>Bundesamt f&uuml;r Statistik. (2020). <em>Kanton St.Gallen: nationale und kantonale Wahlen seit 1912</em>. Abgerufen am 12. Mai 2026 von https://www.bfs.admin.ch/bfs/de/home/statistiken/katalog.assetdetail.12787578.html</p>
source_comment: "
1075,1450,307,1,1,,"page_number_string: 
notes: 
source_full_citation: <p>Bundesamt f&uuml;r Statistik. (2020). <em>Kanton St.Gallen: nationale und kantonale Wahlen seit 1912</em>. Abgerufen am 12. Mai 2026 von https://www.bfs.admin.ch/bfs/de/home/statistiken/katalog.assetdetail.12787578.html</p>
source_comment: "
1076,1439,308,1,1,,"page_number_string: 
notes: 
source_full_citation: <p>Bundesamt f&uuml;r Statistik. (2020). <em>Kanton St.Gallen: nationale und kantonale Wahlen seit 1912</em>. Abgerufen am 12. Mai 2026 von https://www.bfs.admin.ch/bfs/de/home/statistiken/katalog.assetdetail.12787578.html</p>
source_comment: "
1077,1442,310,1,1,,"page_number_string: 
notes: 
source_full_citation: <p>Bundesamt f&uuml;r Statistik. (2020). <em>Kanton St.Gallen: nationale und kantonale Wahlen seit 1912</em>. Abgerufen am 12. Mai 2026 von https://www.bfs.admin.ch/bfs/de/home/statistiken/katalog.assetdetail.12787578.html</p>
source_comment: "
1078,1443,310,1,1,,"page_number_string: 
notes: 
source_full_citation: <p>Bundesamt f&uuml;r Statistik. (2020). <em>Kanton St.Gallen: nationale und kantonale Wahlen seit 1912</em>. Abgerufen am 12. Mai 2026 von https://www.bfs.admin.ch/bfs/de/home/statistiken/katalog.assetdetail.12787578.html</p>
source_comment: "
1079,1444,310,1,1,,"page_number_string: 
notes: 
source_full_citation: <p>Bundesamt f&uuml;r Statistik. (2020). <em>Kanton St.Gallen: nationale und kantonale Wahlen seit 1912</em>. Abgerufen am 12. Mai 2026 von https://www.bfs.admin.ch/bfs/de/home/statistiken/katalog.assetdetail.12787578.html</p>
source_comment: "
1080,1445,310,1,1,,"page_number_string: 
notes: 
source_full_citation: <p>Bundesamt f&uuml;r Statistik. (2020). <em>Kanton St.Gallen: nationale und kantonale Wahlen seit 1912</em>. Abgerufen am 12. Mai 2026 von https://www.bfs.admin.ch/bfs/de/home/statistiken/katalog.assetdetail.12787578.html</p>
source_comment: "
