election_values_total_id,total_count,election_values_by_party_month_id,institution_type_id,notes,sources
60135,7,65535,1,,
60136,67,65536,1,,
60137,34,65537,1,,
60138,12,65542,1,,
60139,1,65543,2,,
60140,7,65547,1,,
60141,67,65548,1,,
60142,34,65549,1,,
60143,12,65554,1,,
60144,1,65555,2,,
60145,7,65559,1,,
60146,67,65560,1,,
60147,34,65561,1,,
60148,12,65566,1,,
60149,1,65567,2,,
60150,7,65571,1,,
60151,67,65572,1,,
60152,34,65573,1,,
60153,12,65578,1,,
60154,1,65579,2,,
60155,7,65583,1,,
60156,67,65584,1,,
60157,34,65585,1,,
60158,12,65590,1,,
60159,1,65591,2,,
60160,7,65595,1,,
60161,67,65596,1,,
60162,34,65597,1,,
60163,12,65602,1,,
60164,1,65603,2,,
60165,7,65607,1,,
60166,67,65608,1,,
60167,34,65609,1,,
60168,12,65614,1,,
60169,1,65615,2,,
60170,7,65619,1,,
60171,67,65620,1,,
60172,34,65621,1,,
60173,12,65626,1,,
60174,1,65627,2,,
60175,7,65631,1,,
60176,67,65632,1,,
60177,34,65633,1,,
60178,12,65638,1,,
60179,1,65639,2,,
60180,7,65643,1,,
60181,67,65644,1,,
60182,34,65645,1,,
60183,5,65647,1,,
60184,12,65650,1,,
60185,1,65651,2,,
60186,7,65655,1,,
60187,67,65656,1,,
60188,34,65657,1,,
60189,5,65659,1,,
60190,12,65662,1,,
60191,1,65663,2,,
60192,7,65667,1,,
60193,67,65668,1,,
60194,34,65669,1,,
60195,5,65671,1,,
60196,12,65674,1,,
60197,1,65675,2,,
60198,7,65679,1,,
60199,67,65680,1,,
60200,34,65681,1,,
60201,5,65683,1,,
60202,12,65686,1,,
60203,1,65687,2,,
60204,18,65689,1,,
60205,7,65691,1,,
60206,67,65692,1,,
60207,34,65693,1,,
60208,5,65695,1,,
60209,12,65698,1,,
60210,1,65699,2,,
60211,18,65701,1,,
60212,7,65703,1,,
60213,67,65704,1,,
60214,34,65705,1,,
60215,5,65707,1,,
60216,12,65710,1,,
60217,1,65711,2,,
60218,18,65713,1,,
60219,7,65715,1,,
60220,67,65716,1,,
60221,34,65717,1,,
60222,5,65719,1,,
60223,12,65722,1,,
60224,1,65723,2,,
60225,18,65725,1,,
60226,7,65727,1,,
60227,67,65728,1,,
60228,34,65729,1,,
60229,5,65731,1,,
60230,12,65734,1,,
60231,1,65735,2,,
60232,18,65737,1,,
60233,7,65739,1,,
60234,67,65740,1,,
60235,34,65741,1,,
60236,5,65743,1,,
60237,12,65746,1,,
60238,1,65747,2,,
60239,18,65749,1,,
60240,7,65751,1,,
60241,67,65752,1,,
60242,34,65753,1,,
60243,5,65755,1,,
60244,12,65758,1,,
60245,1,65759,2,,
60246,18,65761,1,,
60247,7,65763,1,,
60248,67,65764,1,,
60249,34,65765,1,,
60250,5,65767,1,,
60251,12,65770,1,,
60252,1,65771,2,,
60253,18,65773,1,,
60254,7,65775,1,,
60255,67,65776,1,,
60256,34,65777,1,,
60257,5,65779,1,,
60258,12,65782,1,,
60259,1,65783,2,,
60260,18,65785,1,,
60261,7,65787,1,,
60262,67,65788,1,,
60263,34,65789,1,,
60264,7,65791,1,,
60265,12,65794,1,,
60266,1,65795,2,,
60267,18,65797,1,,
60268,7,65799,1,,
60269,67,65800,1,,
60270,34,65801,1,,
60271,7,65803,1,,
60272,12,65806,1,,
60273,1,65807,2,,
60274,18,65809,1,,
60275,7,65811,1,,
60276,67,65812,1,,
60277,34,65813,1,,
60278,7,65815,1,,
60279,12,65818,1,,
60280,1,65819,2,,
60281,18,65821,1,,
60282,7,65823,1,,
60283,67,65824,1,,
60284,34,65825,1,,
60285,7,65827,1,,
60286,12,65830,1,,
60287,1,65831,2,,
60288,18,65833,1,,
60289,7,65835,1,,
60290,67,65836,1,,
60291,34,65837,1,,
60292,7,65839,1,,
60293,12,65842,1,,
60294,1,65843,2,,
60295,18,65845,1,,
60296,7,65847,1,,
60297,67,65848,1,,
60298,34,65849,1,,
60299,7,65851,1,,
60300,12,65854,1,,
60301,1,65855,2,,
60302,18,65857,1,,
60303,7,65859,1,,
60304,67,65860,1,,
60305,34,65861,1,,
60306,7,65863,1,,
60307,12,65866,1,,
60308,1,65867,2,,
60309,18,65869,1,,
60310,7,65871,1,,
60311,67,65872,1,,
60312,34,65873,1,,
60313,7,65875,1,,
60314,12,65878,1,,
60315,1,65879,2,,
60316,18,65881,1,,
60317,7,65883,1,,
60318,67,65884,1,,
60319,34,65885,1,,
60320,7,65887,1,,
60321,12,65890,1,,
60322,1,65891,2,,
60323,18,65893,1,,
60324,7,65895,1,,
60325,67,65896,1,,
60326,34,65897,1,,
60327,7,65899,1,,
60328,12,65902,1,,
60329,1,65903,2,,
60330,18,65905,1,,
60331,7,65907,1,,
60332,67,65908,1,,
60333,34,65909,1,,
60334,7,65911,1,,
60335,12,65914,1,,
60336,1,65915,2,,
60337,18,65917,1,,
60338,7,65919,1,,
60339,67,65920,1,,
60340,34,65921,1,,
60341,7,65923,1,,
60342,12,65926,1,,
60343,1,65927,2,,
60344,18,65929,1,,
60345,7,65931,1,,
60346,67,65932,1,,
60347,34,65933,1,,
60348,1,65934,1,,
60349,13,65935,1,,
60350,1,65937,1,,
60351,12,65938,1,,
60352,1,65939,2,,
60353,18,65941,1,,
60354,7,65943,1,,
60355,67,65944,1,,
60356,34,65945,1,,
60357,1,65946,1,,
60358,13,65947,1,,
60359,1,65949,1,,
60360,12,65950,1,,
60361,1,65951,2,,
60362,18,65953,1,,
60363,7,65955,1,,
60364,67,65956,1,,
60365,34,65957,1,,
60366,1,65958,1,,
60367,13,65959,1,,
60368,1,65961,1,,
60369,12,65962,1,,
60370,1,65963,2,,
60371,18,65965,1,,
60372,7,65967,1,,
60373,67,65968,1,,
60374,34,65969,1,,
60375,1,65970,1,,
60376,13,65971,1,,
60377,1,65973,1,,
60378,12,65974,1,,
60379,1,65975,2,,
60380,18,65977,1,,
60381,7,65979,1,,
60382,67,65980,1,,
60383,34,65981,1,,
60384,1,65982,1,,
60385,13,65983,1,,
60386,1,65985,1,,
60387,12,65986,1,,
60388,1,65987,2,,
60389,18,65989,1,,
60390,7,65991,1,,
60391,67,65992,1,,
60392,34,65993,1,,
60393,1,65994,1,,
60394,13,65995,1,,
60395,1,65997,1,,
60396,12,65998,1,,
60397,1,65999,2,,
60398,18,66001,1,,
60399,7,66003,1,,
60400,67,66004,1,,
60401,34,66005,1,,
60402,1,66006,1,,
60403,13,66007,1,,
60404,1,66009,1,,
60405,12,66010,1,,
60406,1,66011,2,,
60407,18,66013,1,,
60408,7,66015,1,,
60409,67,66016,1,,
60410,34,66017,1,,
60411,1,66018,1,,
60412,13,66019,1,,
60413,1,66021,1,,
60414,12,66022,1,,
60415,1,66023,2,,
60416,18,66025,1,,
60417,7,66027,1,,
60418,67,66028,1,,
60419,34,66029,1,,
60420,1,66030,1,,
60421,13,66031,1,,
60422,1,66033,1,,
60423,12,66034,1,,
60424,1,66035,2,,
60425,18,66037,1,,
60426,7,66039,1,,
60427,67,66040,1,,
60428,34,66041,1,,
60429,1,66042,1,,
60430,13,66043,1,,
60431,1,66045,1,,
60432,12,66046,1,,
60433,1,66047,2,,
60434,18,66049,1,,
60435,7,66051,1,,
60436,67,66052,1,,
60437,34,66053,1,,
60438,1,66054,1,,
60439,13,66055,1,,
60440,1,66057,1,,
60441,12,66058,1,,
60442,1,66059,2,,
60443,18,66061,1,,
60444,7,66063,1,,
60445,67,66064,1,,
60446,34,66065,1,,
60447,1,66066,1,,
60448,13,66067,1,,
60449,1,66069,1,,
60450,12,66070,1,,
60451,1,66071,2,,
60452,18,66073,1,,
60453,7,66075,1,,
60454,67,66076,1,,
60455,34,66077,1,,
60456,1,66078,1,,
60457,24,66079,1,,
60458,1,66081,1,,
60459,12,66082,1,,
60460,1,66083,2,,
60461,18,66085,1,,
60462,7,66087,1,,
60463,67,66088,1,,
60464,34,66089,1,,
60465,1,66090,1,,
60466,24,66091,1,,
60467,1,66093,1,,
60468,12,66094,1,,
60469,1,66095,2,,
60470,18,66097,1,,
60471,7,66099,1,,
60472,67,66100,1,,
60473,34,66101,1,,
60474,1,66102,1,,
60475,24,66103,1,,
60476,1,66105,1,,
60477,12,66106,1,,
60478,1,66107,2,,
60479,18,66109,1,,
60480,7,66110,1,,
60481,10,66111,1,,
60482,102,66112,1,,
60483,33,66113,1,,
60484,1,66114,1,,
60485,24,66115,1,,
60486,1,66117,1,,
60487,16,66118,1,,
60488,1,66118,2,,
60489,35,66119,1,,
60490,2,66119,2,,
60491,18,66121,1,,
60492,7,66122,1,,
60493,10,66123,1,,
60494,102,66124,1,,
60495,33,66125,1,,
60496,1,66126,1,,
60497,24,66127,1,,
60498,1,66129,1,,
60499,16,66130,1,,
60500,1,66130,2,,
60501,35,66131,1,,
60502,2,66131,2,,
60503,18,66133,1,,
60504,7,66134,1,,
60505,10,66135,1,,
60506,102,66136,1,,
60507,33,66137,1,,
60508,1,66138,1,,
60509,24,66139,1,,
60510,1,66141,1,,
60511,16,66142,1,,
60512,1,66142,2,,
60513,35,66143,1,,
60514,2,66143,2,,
60515,18,66145,1,,
60516,7,66146,1,,
60517,10,66147,1,,
60518,102,66148,1,,
60519,33,66149,1,,
60520,1,66150,1,,
60521,24,66151,1,,
60522,1,66153,1,,
60523,16,66154,1,,
60524,1,66154,2,,
60525,35,66155,1,,
60526,2,66155,2,,
60527,18,66157,1,,
60528,7,66158,1,,
60529,10,66159,1,,
60530,102,66160,1,,
60531,33,66161,1,,
60532,1,66162,1,,
60533,24,66163,1,,
60534,1,66165,1,,
60535,16,66166,1,,
60536,1,66166,2,,
60537,35,66167,1,,
60538,2,66167,2,,
60539,18,66169,1,,
60540,7,66170,1,,
60541,10,66171,1,,
60542,102,66172,1,,
60543,33,66173,1,,
60544,1,66174,1,,
60545,24,66175,1,,
60546,1,66177,1,,
60547,16,66178,1,,
60548,1,66178,2,,
60549,35,66179,1,,
60550,2,66179,2,,
60551,18,66181,1,,
60552,7,66182,1,,
60553,10,66183,1,,
60554,102,66184,1,,
60555,33,66185,1,,
60556,1,66186,1,,
60557,24,66187,1,,
60558,1,66189,1,,
60559,16,66190,1,,
60560,1,66190,2,,
60561,35,66191,1,,
60562,2,66191,2,,
60563,18,66193,1,,
60564,7,66194,1,,
60565,10,66195,1,,
60566,102,66196,1,,
60567,33,66197,1,,
60568,1,66198,1,,
60569,24,66199,1,,
60570,1,66201,1,,
60571,16,66202,1,,
60572,1,66202,2,,
60573,35,66203,1,,
60574,2,66203,2,,
60575,18,66205,1,,
60576,7,66206,1,,
60577,10,66207,1,,
60578,102,66208,1,,
60579,33,66209,1,,
60580,1,66210,1,,
60581,24,66211,1,,
60582,1,66213,1,,
60583,16,66214,1,,
60584,1,66214,2,,
60585,35,66215,1,,
60586,2,66215,2,,
60587,18,66217,1,,
60588,7,66218,1,,
60589,10,66219,1,,
60590,102,66220,1,,
60591,33,66221,1,,
60592,1,66222,1,,
60593,24,66223,1,,
60594,1,66225,1,,
60595,16,66226,1,,
60596,1,66226,2,,
60597,35,66227,1,,
60598,2,66227,2,,
60599,18,66229,1,,
60600,7,66230,1,,
60601,10,66231,1,,
60602,102,66232,1,,
60603,33,66233,1,,
60604,1,66234,1,,
60605,24,66235,1,,
60606,1,66237,1,,
60607,16,66238,1,,
60608,1,66238,2,,
60609,35,66239,1,,
60610,2,66239,2,,
60611,18,66241,1,,
60612,7,66242,1,,
60613,10,66243,1,,
60614,102,66244,1,,
60615,33,66245,1,,
60616,1,66246,1,,
60617,24,66247,1,,
60618,1,66249,1,,
60619,16,66250,1,,
60620,1,66250,2,,
60621,35,66251,1,,
60622,2,66251,2,,
60623,18,66253,1,,
60624,7,66254,1,,
60625,10,66255,1,,
60626,102,66256,1,,
60627,33,66257,1,,
60628,1,66258,1,,
60629,24,66259,1,,
60630,1,66261,1,,
60631,16,66262,1,,
60632,1,66262,2,,
60633,41,66263,1,,
60634,2,66263,2,,
60635,18,66265,1,,
60636,7,66266,1,,
60637,10,66267,1,,
60638,102,66268,1,,
60639,33,66269,1,,
60640,1,66270,1,,
60641,24,66271,1,,
60642,1,66273,1,,
60643,16,66274,1,,
60644,1,66274,2,,
60645,41,66275,1,,
60646,2,66275,2,,
60647,18,66277,1,,
60648,7,66278,1,,
60649,10,66279,1,,
60650,102,66280,1,,
60651,33,66281,1,,
60652,1,66282,1,,
60653,24,66283,1,,
60654,1,66285,1,,
60655,16,66286,1,,
60656,1,66286,2,,
60657,41,66287,1,,
60658,2,66287,2,,
60659,18,66289,1,,
60660,7,66290,1,,
60661,10,66291,1,,
60662,102,66292,1,,
60663,33,66293,1,,
60664,1,66294,1,,
60665,24,66295,1,,
60666,1,66297,1,,
60667,16,66298,1,,
60668,1,66298,2,,
60669,41,66299,1,,
60670,2,66299,2,,
60671,18,66301,1,,
60672,7,66302,1,,
60673,10,66303,1,,
60674,102,66304,1,,
60675,33,66305,1,,
60676,1,66306,1,,
60677,24,66307,1,,
60678,1,66309,1,,
60679,16,66310,1,,
60680,1,66310,2,,
60681,41,66311,1,,
60682,2,66311,2,,
60683,18,66313,1,,
60684,7,66314,1,,
60685,10,66315,1,,
60686,102,66316,1,,
60687,33,66317,1,,
60688,1,66318,1,,
60689,24,66319,1,,
60690,1,66321,1,,
60691,16,66322,1,,
60692,1,66322,2,,
60693,41,66323,1,,
60694,2,66323,2,,
60695,18,66325,1,,
60696,7,66326,1,,
60697,10,66327,1,,
60698,102,66328,1,,
60699,33,66329,1,,
60700,1,66330,1,,
60701,24,66331,1,,
60702,1,66333,1,,
60703,16,66334,1,,
60704,1,66334,2,,
60705,41,66335,1,,
60706,2,66335,2,,
60707,18,66337,1,,
60708,7,66338,1,,
60709,10,66339,1,,
60710,102,66340,1,,
60711,33,66341,1,,
60712,1,66342,1,,
60713,24,66343,1,,
60714,1,66345,1,,
60715,16,66346,1,,
60716,1,66346,2,,
60717,41,66347,1,,
60718,2,66347,2,,
60719,18,66349,1,,
60720,7,66350,1,,
60721,10,66351,1,,
60722,102,66352,1,,
60723,33,66353,1,,
60724,1,66354,1,,
60725,24,66355,1,,
60726,1,66357,1,,
60727,16,66358,1,,
60728,1,66358,2,,
60729,41,66359,1,,
60730,2,66359,2,,
60731,18,66361,1,,
60732,7,66362,1,,
60733,10,66363,1,,
60734,102,66364,1,,
60735,33,66365,1,,
60736,1,66366,1,,
60737,26,66367,1,,
60738,1,66369,1,,
60739,16,66370,1,,
60740,1,66370,2,,
60741,41,66371,1,,
60742,2,66371,2,,
60743,18,66373,1,,
60744,7,66374,1,,
60745,10,66375,1,,
60746,102,66376,1,,
60747,33,66377,1,,
60748,1,66378,1,,
60749,26,66379,1,,
60750,1,66381,1,,
60751,16,66382,1,,
60752,1,66382,2,,
60753,41,66383,1,,
60754,2,66383,2,,
60755,18,66385,1,,
60756,7,66386,1,,
60757,10,66387,1,,
60758,102,66388,1,,
60759,33,66389,1,,
60760,1,66390,1,,
60761,26,66391,1,,
60762,1,66393,1,,
60763,16,66394,1,,
60764,1,66394,2,,
60765,41,66395,1,,
60766,2,66395,2,,
60767,18,66397,1,,
60768,7,66398,1,,
60769,10,66399,1,,
60770,102,66400,1,,
60771,33,66401,1,,
60772,1,66402,1,,
60773,26,66403,1,,
60774,1,66405,1,,
60775,16,66406,1,,
60776,1,66406,2,,
60777,41,66407,1,,
60778,2,66407,2,,
60779,18,66409,1,,
60780,7,66410,1,,
60781,10,66411,1,,
60782,102,66412,1,,
60783,33,66413,1,,
60784,1,66414,1,,
60785,26,66415,1,,
60786,1,66417,1,,
60787,16,66418,1,,
60788,1,66418,2,,
60789,41,66419,1,,
60790,2,66419,2,,
60791,18,66421,1,,
60792,7,66422,1,,
60793,10,66423,1,,
60794,102,66424,1,,
60795,33,66425,1,,
60796,1,66426,1,,
60797,26,66427,1,,
60798,1,66429,1,,
60799,16,66430,1,,
60800,1,66430,2,,
60801,41,66431,1,,
60802,2,66431,2,,
60803,18,66433,1,,
60804,7,66434,1,,
60805,10,66435,1,,
60806,102,66436,1,,
60807,33,66437,1,,
60808,1,66438,1,,
60809,26,66439,1,,
60810,1,66441,1,,
60811,16,66442,1,,
60812,1,66442,2,,
60813,41,66443,1,,
60814,2,66443,2,,
60815,18,66445,1,,
60816,7,66446,1,,
60817,10,66447,1,,
60818,102,66448,1,,
60819,33,66449,1,,
60820,1,66450,1,,
60821,26,66451,1,,
60822,1,66453,1,,
60823,16,66454,1,,
60824,1,66454,2,,
60825,41,66455,1,,
60826,2,66455,2,,
60827,18,66457,1,,
60828,7,66458,1,,
60829,10,66459,1,,
60830,102,66460,1,,
60831,33,66461,1,,
60832,1,66462,1,,
60833,26,66463,1,,
60834,1,66465,1,,
60835,16,66466,1,,
60836,1,66466,2,,
60837,41,66467,1,,
60838,2,66467,2,,
60839,18,66469,1,,
60840,7,66470,1,,
60841,10,66471,1,,
60842,102,66472,1,,
60843,33,66473,1,,
60844,1,66474,1,,
60845,26,66475,1,,
60846,1,66477,1,,
60847,16,66478,1,,
60848,1,66478,2,,
60849,41,66479,1,,
60850,2,66479,2,,
60851,18,66481,1,,
60852,7,66482,1,,
60853,10,66483,1,,
60854,102,66484,1,,
60855,33,66485,1,,
60856,1,66486,1,,
60857,26,66487,1,,
60858,1,66489,1,,
60859,16,66490,1,,
60860,1,66490,2,,
60861,41,66491,1,,
60862,2,66491,2,,
60863,18,66493,1,,
60864,7,66494,1,,
60865,10,66495,1,,
60866,102,66496,1,,
60867,33,66497,1,,
60868,1,66498,1,,
60869,26,66499,1,,
60870,1,66501,1,,
60871,16,66502,1,,
60872,1,66502,2,,
60873,41,66503,1,,
60874,2,66503,2,,
60875,18,66505,1,,
60876,7,66506,1,,
60877,10,66507,1,,
60878,102,66508,1,,
60879,33,66509,1,,
60880,4,66510,1,,
60881,37,66511,1,,
60882,1,66513,1,,
60883,16,66514,1,,
60884,1,66514,2,,
60885,41,66515,1,,
60886,2,66515,2,,
60887,18,66517,1,,
60888,7,66518,1,,
60889,10,66519,1,,
60890,102,66520,1,,
60891,33,66521,1,,
60892,4,66522,1,,
60893,37,66523,1,,
60894,1,66525,1,,
60895,16,66526,1,,
60896,1,66526,2,,
60897,41,66527,1,,
60898,2,66527,2,,
60899,18,66529,1,,
60900,7,66530,1,,
60901,10,66531,1,,
60902,102,66532,1,,
60903,33,66533,1,,
60904,4,66534,1,,
60905,37,66535,1,,
60906,1,66537,1,,
60907,16,66538,1,,
60908,1,66538,2,,
60909,41,66539,1,,
60910,2,66539,2,,
60911,18,66541,1,,
60912,7,66542,1,,
60913,10,66543,1,,
60914,102,66544,1,,
60915,33,66545,1,,
60916,4,66546,1,,
60917,37,66547,1,,
60918,1,66549,1,,
60919,16,66550,1,,
60920,1,66550,2,,
60921,43,66551,1,,
60922,2,66551,2,,
60923,18,66553,1,,
60924,7,66554,1,,
60925,10,66555,1,,
60926,102,66556,1,,
60927,33,66557,1,,
60928,4,66558,1,,
60929,37,66559,1,,
60930,1,66561,1,,
60931,16,66562,1,,
60932,1,66562,2,,
60933,43,66563,1,,
60934,2,66563,2,,
60935,18,66565,1,,
60936,7,66566,1,,
60937,10,66567,1,,
60938,102,66568,1,,
60939,33,66569,1,,
60940,4,66570,1,,
60941,37,66571,1,,
60942,1,66573,1,,
60943,16,66574,1,,
60944,1,66574,2,,
60945,43,66575,1,,
60946,2,66575,2,,
60947,18,66577,1,,
60948,7,66578,1,,
60949,10,66579,1,,
60950,102,66580,1,,
60951,33,66581,1,,
60952,4,66582,1,,
60953,37,66583,1,,
60954,1,66585,1,,
60955,16,66586,1,,
60956,1,66586,2,,
60957,43,66587,1,,
60958,2,66587,2,,
60959,18,66589,1,,
60960,7,66590,1,,
60961,10,66591,1,,
60962,102,66592,1,,
60963,33,66593,1,,
60964,4,66594,1,,
60965,37,66595,1,,
60966,1,66597,1,,
60967,16,66598,1,,
60968,1,66598,2,,
60969,43,66599,1,,
60970,2,66599,2,,
60971,18,66601,1,,
60972,7,66602,1,,
60973,10,66603,1,,
60974,102,66604,1,,
60975,33,66605,1,,
60976,4,66606,1,,
60977,37,66607,1,,
60978,1,66609,1,,
60979,16,66610,1,,
60980,1,66610,2,,
60981,43,66611,1,,
60982,2,66611,2,,
60983,18,66613,1,,
60984,7,66614,1,,
60985,10,66615,1,,
60986,102,66616,1,,
60987,33,66617,1,,
60988,4,66618,1,,
60989,37,66619,1,,
60990,1,66621,1,,
60991,16,66622,1,,
60992,1,66622,2,,
60993,43,66623,1,,
60994,2,66623,2,,
60995,18,66625,1,,
60996,7,66626,1,,
60997,10,66627,1,,
60998,102,66628,1,,
60999,33,66629,1,,
61000,4,66630,1,,
61001,37,66631,1,,
61002,1,66633,1,,
61003,16,66634,1,,
61004,1,66634,2,,
61005,43,66635,1,,
61006,2,66635,2,,
61007,18,66637,1,,
61008,7,66638,1,,
61009,10,66639,1,,
61010,102,66640,1,,
61011,33,66641,1,,
61012,4,66642,1,,
61013,37,66643,1,,
61014,1,66645,1,,
61015,16,66646,1,,
61016,1,66646,2,,
61017,43,66647,1,,
61018,2,66647,2,,
61019,18,66649,1,,
61020,7,66650,1,,
61021,10,66651,1,,
61022,102,66652,1,,
61023,33,66653,1,,
61024,4,66654,1,,
61025,36,66655,1,,
61026,1,66657,1,,
61027,16,66658,1,,
61028,1,66658,2,,
61029,43,66659,1,,
61030,2,66659,2,,
61031,18,66661,1,,
61032,7,66662,1,,
61033,10,66663,1,,
61034,102,66664,1,,
61035,33,66665,1,,
61036,4,66666,1,,
61037,36,66667,1,,
61038,1,66669,1,,
61039,16,66670,1,,
61040,1,66670,2,,
61041,43,66671,1,,
61042,2,66671,2,,
61043,18,66673,1,,
61044,7,66674,1,,
61045,10,66675,1,,
61046,102,66676,1,,
61047,33,66677,1,,
61048,4,66678,1,,
61049,36,66679,1,,
61050,1,66681,1,,
61051,16,66682,1,,
61052,1,66682,2,,
61053,43,66683,1,,
61054,2,66683,2,,
61055,18,66685,1,,
61056,5,66686,1,,
61057,16,66687,1,,
61058,109,66688,1,,
61059,37,66689,1,,
61060,4,66690,1,,
61061,36,66691,1,,
61062,1,66693,1,,
61063,16,66694,1,,
61064,1,66694,2,,
61065,31,66695,1,,
61066,2,66695,2,,
61067,18,66697,1,,
61068,5,66698,1,,
61069,16,66699,1,,
61070,109,66700,1,,
61071,37,66701,1,,
61072,4,66702,1,,
61073,36,66703,1,,
61074,1,66705,1,,
61075,16,66706,1,,
61076,1,66706,2,,
61077,31,66707,1,,
61078,2,66707,2,,
61079,18,66709,1,,
61080,5,66710,1,,
61081,16,66711,1,,
61082,109,66712,1,,
61083,37,66713,1,,
61084,4,66714,1,,
61085,36,66715,1,,
61086,1,66717,1,,
61087,16,66718,1,,
61088,1,66718,2,,
61089,31,66719,1,,
61090,2,66719,2,,
61091,18,66721,1,,
61092,5,66722,1,,
61093,16,66723,1,,
61094,109,66724,1,,
61095,37,66725,1,,
61096,4,66726,1,,
61097,36,66727,1,,
61098,1,66729,1,,
61099,16,66730,1,,
61100,1,66730,2,,
61101,31,66731,1,,
61102,2,66731,2,,
61103,18,66733,1,,
61104,5,66734,1,,
61105,16,66735,1,,
61106,109,66736,1,,
61107,37,66737,1,,
61108,4,66738,1,,
61109,36,66739,1,,
61110,1,66741,1,,
61111,16,66742,1,,
61112,1,66742,2,,
61113,31,66743,1,,
61114,2,66743,2,,
61115,18,66745,1,,
61116,5,66746,1,,
61117,16,66747,1,,
61118,109,66748,1,,
61119,37,66749,1,,
61120,4,66750,1,,
61121,36,66751,1,,
61122,1,66753,1,,
61123,16,66754,1,,
61124,1,66754,2,,
61125,31,66755,1,,
61126,2,66755,2,,
61127,18,66757,1,,
61128,5,66758,1,,
61129,16,66759,1,,
61130,109,66760,1,,
61131,37,66761,1,,
61132,4,66762,1,,
61133,36,66763,1,,
61134,1,66765,1,,
61135,16,66766,1,,
61136,1,66766,2,,
61137,31,66767,1,,
61138,2,66767,2,,
61139,18,66769,1,,
61140,5,66770,1,,
61141,16,66771,1,,
61142,109,66772,1,,
61143,37,66773,1,,
61144,4,66774,1,,
61145,36,66775,1,,
61146,1,66777,1,,
61147,16,66778,1,,
61148,1,66778,2,,
61149,31,66779,1,,
61150,2,66779,2,,
61151,18,66781,1,,
61152,5,66782,1,,
61153,16,66783,1,,
61154,109,66784,1,,
61155,37,66785,1,,
61156,4,66786,1,,
61157,36,66787,1,,
61158,1,66789,1,,
61159,16,66790,1,,
61160,1,66790,2,,
61161,31,66791,1,,
61162,2,66791,2,,
61163,18,66793,1,,
61164,5,66794,1,,
61165,16,66795,1,,
61166,109,66796,1,,
61167,37,66797,1,,
61168,6,66798,1,,
61169,41,66799,1,,
61170,1,66801,1,,
61171,16,66802,1,,
61172,1,66802,2,,
61173,31,66803,1,,
61174,2,66803,2,,
61175,18,66805,1,,
61176,5,66806,1,,
61177,16,66807,1,,
61178,109,66808,1,,
61179,37,66809,1,,
61180,6,66810,1,,
61181,41,66811,1,,
61182,1,66813,1,,
61183,16,66814,1,,
61184,1,66814,2,,
61185,31,66815,1,,
61186,2,66815,2,,
61187,18,66817,1,,
61188,5,66818,1,,
61189,16,66819,1,,
61190,109,66820,1,,
61191,37,66821,1,,
61192,6,66822,1,,
61193,41,66823,1,,
61194,1,66825,1,,
61195,16,66826,1,,
61196,1,66826,2,,
61197,31,66827,1,,
61198,2,66827,2,,
61199,18,66829,1,,
61200,5,66830,1,,
61201,16,66831,1,,
61202,109,66832,1,,
61203,37,66833,1,,
61204,6,66834,1,,
61205,41,66835,1,,
61206,1,66837,1,,
61207,16,66838,1,,
61208,1,66838,2,,
61209,28,66839,1,,
61210,2,66839,2,,
61211,19,66841,1,,
61212,5,66842,1,,
61213,16,66843,1,,
61214,109,66844,1,,
61215,37,66845,1,,
61216,6,66846,1,,
61217,41,66847,1,,
61218,1,66849,1,,
61219,16,66850,1,,
61220,1,66850,2,,
61221,28,66851,1,,
61222,2,66851,2,,
61223,19,66853,1,,
61224,5,66854,1,,
61225,16,66855,1,,
61226,109,66856,1,,
61227,37,66857,1,,
61228,6,66858,1,,
61229,41,66859,1,,
61230,1,66861,1,,
61231,16,66862,1,,
61232,1,66862,2,,
61233,28,66863,1,,
61234,2,66863,2,,
61235,19,66865,1,,
61236,5,66866,1,,
61237,16,66867,1,,
61238,109,66868,1,,
61239,37,66869,1,,
61240,6,66870,1,,
61241,41,66871,1,,
61242,1,66873,1,,
61243,16,66874,1,,
61244,1,66874,2,,
61245,28,66875,1,,
61246,2,66875,2,,
61247,19,66877,1,,
61248,5,66878,1,,
61249,16,66879,1,,
61250,109,66880,1,,
61251,37,66881,1,,
61252,6,66882,1,,
61253,41,66883,1,,
61254,1,66885,1,,
61255,16,66886,1,,
61256,1,66886,2,,
61257,28,66887,1,,
61258,2,66887,2,,
61259,19,66889,1,,
61260,5,66890,1,,
61261,16,66891,1,,
61262,109,66892,1,,
61263,37,66893,1,,
61264,6,66894,1,,
61265,41,66895,1,,
61266,1,66897,1,,
61267,16,66898,1,,
61268,1,66898,2,,
61269,28,66899,1,,
61270,2,66899,2,,
61271,19,66901,1,,
61272,5,66902,1,,
61273,16,66903,1,,
61274,109,66904,1,,
61275,37,66905,1,,
61276,6,66906,1,,
61277,41,66907,1,,
61278,1,66909,1,,
61279,16,66910,1,,
61280,1,66910,2,,
61281,28,66911,1,,
61282,2,66911,2,,
61283,19,66913,1,,
61284,5,66914,1,,
61285,16,66915,1,,
61286,109,66916,1,,
61287,37,66917,1,,
61288,6,66918,1,,
61289,41,66919,1,,
61290,1,66921,1,,
61291,16,66922,1,,
61292,1,66922,2,,
61293,28,66923,1,,
61294,2,66923,2,,
61295,19,66925,1,,
61296,5,66926,1,,
61297,16,66927,1,,
61298,109,66928,1,,
61299,37,66929,1,,
61300,6,66930,1,,
61301,41,66931,1,,
61302,1,66933,1,,
61303,16,66934,1,,
61304,1,66934,2,,
61305,28,66935,1,,
61306,2,66935,2,,
61307,19,66937,1,,
61308,5,66938,1,,
61309,16,66939,1,,
61310,109,66940,1,,
61311,37,66941,1,,
61312,6,66942,1,,
61313,40,66943,1,,
61314,1,66945,1,,
61315,16,66946,1,,
61316,1,66946,2,,
61317,28,66947,1,,
61318,2,66947,2,,
61319,19,66949,1,,
61320,5,66950,1,,
61321,16,66951,1,,
61322,109,66952,1,,
61323,37,66953,1,,
61324,6,66954,1,,
61325,40,66955,1,,
61326,1,66957,1,,
61327,16,66958,1,,
61328,1,66958,2,,
61329,28,66959,1,,
61330,2,66959,2,,
61331,19,66961,1,,
61332,5,66962,1,,
61333,16,66963,1,,
61334,109,66964,1,,
61335,37,66965,1,,
61336,6,66966,1,,
61337,40,66967,1,,
61338,1,66969,1,,
61339,16,66970,1,,
61340,1,66970,2,,
61341,28,66971,1,,
61342,2,66971,2,,
61343,19,66973,1,,
61344,5,66974,1,,
61345,16,66975,1,,
61346,109,66976,1,,
61347,37,66977,1,,
61348,6,66978,1,,
61349,40,66979,1,,
61350,3,66980,1,,
61351,1,66981,1,,
61352,16,66982,1,,
61353,1,66982,2,,
61354,26,66983,1,,
61355,2,66983,2,,
61356,19,66985,1,,
61357,5,66986,1,,
61358,16,66987,1,,
61359,109,66988,1,,
61360,37,66989,1,,
61361,6,66990,1,,
61362,40,66991,1,,
61363,3,66992,1,,
61364,1,66993,1,,
61365,16,66994,1,,
61366,1,66994,2,,
61367,26,66995,1,,
61368,2,66995,2,,
61369,19,66997,1,,
61370,5,66998,1,,
61371,16,66999,1,,
61372,109,67000,1,,
61373,37,67001,1,,
61374,6,67002,1,,
61375,40,67003,1,,
61376,3,67004,1,,
61377,1,67005,1,,
61378,16,67006,1,,
61379,1,67006,2,,
61380,26,67007,1,,
61381,2,67007,2,,
61382,19,67009,1,,
61383,5,67010,1,,
61384,16,67011,1,,
61385,109,67012,1,,
61386,37,67013,1,,
61387,6,67014,1,,
61388,40,67015,1,,
61389,3,67016,1,,
61390,1,67017,1,,
61391,16,67018,1,,
61392,1,67018,2,,
61393,26,67019,1,,
61394,2,67019,2,,
61395,19,67021,1,,
61396,5,67022,1,,
61397,16,67023,1,,
61398,109,67024,1,,
61399,37,67025,1,,
61400,6,67026,1,,
61401,40,67027,1,,
61402,3,67028,1,,
61403,1,67029,1,,
61404,16,67030,1,,
61405,1,67030,2,,
61406,26,67031,1,,
61407,2,67031,2,,
61408,19,67033,1,,
61409,5,67034,1,,
61410,16,67035,1,,
61411,109,67036,1,,
61412,37,67037,1,,
61413,6,67038,1,,
61414,40,67039,1,,
61415,3,67040,1,,
61416,1,67041,1,,
61417,16,67042,1,,
61418,1,67042,2,,
61419,26,67043,1,,
61420,2,67043,2,,
61421,19,67045,1,,
61422,5,67046,1,,
61423,16,67047,1,,
61424,109,67048,1,,
61425,37,67049,1,,
61426,6,67050,1,,
61427,40,67051,1,,
61428,3,67052,1,,
61429,1,67053,1,,
61430,16,67054,1,,
61431,1,67054,2,,
61432,26,67055,1,,
61433,2,67055,2,,
61434,19,67057,1,,
61435,5,67058,1,,
61436,16,67059,1,,
61437,109,67060,1,,
61438,37,67061,1,,
61439,6,67062,1,,
61440,40,67063,1,,
61441,3,67064,1,,
61442,1,67065,1,,
61443,16,67066,1,,
61444,1,67066,2,,
61445,26,67067,1,,
61446,2,67067,2,,
61447,19,67069,1,,
61448,5,67070,1,,
61449,16,67071,1,,
61450,109,67072,1,,
61451,37,67073,1,,
61452,6,67074,1,,
61453,40,67075,1,,
61454,3,67076,1,,
61455,1,67077,1,,
61456,16,67078,1,,
61457,1,67078,2,,
61458,26,67079,1,,
61459,2,67079,2,,
61460,19,67081,1,,
61461,5,67082,1,,
61462,16,67083,1,,
61463,109,67084,1,,
61464,37,67085,1,,
61465,19,67086,1,,
61466,2,67086,2,,
61467,40,67087,1,,
61468,3,67088,1,,
61469,1,67089,1,,
61470,16,67090,1,,
61471,1,67090,2,,
61472,26,67091,1,,
61473,2,67091,2,,
61474,19,67093,1,,
61475,5,67094,1,,
61476,16,67095,1,,
61477,109,67096,1,,
61478,37,67097,1,,
61479,19,67098,1,,
61480,2,67098,2,,
61481,40,67099,1,,
61482,3,67100,1,,
61483,1,67101,1,,
61484,16,67102,1,,
61485,1,67102,2,,
61486,26,67103,1,,
61487,2,67103,2,,
61488,19,67105,1,,
61489,5,67106,1,,
61490,16,67107,1,,
61491,109,67108,1,,
61492,37,67109,1,,
61493,19,67110,1,,
61494,2,67110,2,,
61495,40,67111,1,,
61496,3,67112,1,,
61497,1,67113,1,,
61498,16,67114,1,,
61499,1,67114,2,,
61500,26,67115,1,,
61501,2,67115,2,,
61502,19,67117,1,,
61503,103,67118,1,,
61504,16,67119,1,,
61505,109,67120,1,,
61506,37,67121,1,,
61507,19,67122,1,,
61508,2,67122,2,,
61509,40,67123,1,,
61510,3,67124,1,,
61511,1,67125,1,,
61512,16,67126,1,,
61513,1,67126,2,,
61514,26,67127,1,,
61515,2,67127,2,,
61516,19,67129,1,,
61517,103,67130,1,,
61518,16,67131,1,,
61519,109,67132,1,,
61520,37,67133,1,,
61521,19,67134,1,,
61522,2,67134,2,,
61523,40,67135,1,,
61524,3,67136,1,,
61525,1,67137,1,,
61526,16,67138,1,,
61527,1,67138,2,,
61528,26,67139,1,,
61529,2,67139,2,,
61530,19,67141,1,,
61531,103,67142,1,,
61532,16,67143,1,,
61533,109,67144,1,,
61534,37,67145,1,,
61535,19,67146,1,,
61536,2,67146,2,,
61537,40,67147,1,,
61538,3,67148,1,,
61539,1,67149,1,,
61540,16,67150,1,,
61541,1,67150,2,,
61542,26,67151,1,,
61543,2,67151,2,,
61544,19,67153,1,,
61545,103,67154,1,,
61546,16,67155,1,,
61547,109,67156,1,,
61548,37,67157,1,,
61549,19,67158,1,,
61550,2,67158,2,,
61551,44,67159,1,,
61552,3,67160,1,,
61553,1,67161,1,,
61554,16,67162,1,,
61555,1,67162,2,,
61556,26,67163,1,,
61557,2,67163,2,,
61558,19,67165,1,,
61559,103,67166,1,,
61560,16,67167,1,,
61561,109,67168,1,,
61562,37,67169,1,,
61563,19,67170,1,,
61564,2,67170,2,,
61565,44,67171,1,,
61566,3,67172,1,,
61567,1,67173,1,,
61568,16,67174,1,,
61569,1,67174,2,,
61570,26,67175,1,,
61571,2,67175,2,,
61572,19,67177,1,,
61573,103,67178,1,,
61574,16,67179,1,,
61575,109,67180,1,,
61576,37,67181,1,,
61577,19,67182,1,,
61578,2,67182,2,,
61579,44,67183,1,,
61580,3,67184,1,,
61581,1,67185,1,,
61582,16,67186,1,,
61583,1,67186,2,,
61584,26,67187,1,,
61585,2,67187,2,,
61586,19,67189,1,,
61587,103,67190,1,,
61588,16,67191,1,,
61589,109,67192,1,,
61590,37,67193,1,,
61591,19,67194,1,,
61592,2,67194,2,,
61593,44,67195,1,,
61594,3,67196,1,,
61595,1,67197,1,,
61596,16,67198,1,,
61597,1,67198,2,,
61598,26,67199,1,,
61599,2,67199,2,,
61600,19,67201,1,,
61601,103,67202,1,,
61602,16,67203,1,,
61603,109,67204,1,,
61604,37,67205,1,,
61605,19,67206,1,,
61606,2,67206,2,,
61607,47,67207,1,,
61608,3,67208,1,,
61609,1,67209,1,,
61610,16,67210,1,,
61611,1,67210,2,,
61612,26,67211,1,,
61613,2,67211,2,,
61614,19,67213,1,,
61615,103,67214,1,,
61616,16,67215,1,,
61617,109,67216,1,,
61618,37,67217,1,,
61619,19,67218,1,,
61620,2,67218,2,,
61621,47,67219,1,,
61622,3,67220,1,,
61623,1,67221,1,,
61624,16,67222,1,,
61625,1,67222,2,,
61626,26,67223,1,,
61627,2,67223,2,,
61628,19,67225,1,,
61629,103,67226,1,,
61630,16,67227,1,,
61631,109,67228,1,,
61632,37,67229,1,,
61633,23,67230,1,,
61634,2,67230,2,,
61635,47,67231,1,,
61636,3,67232,1,,
61637,1,67233,1,,
61638,16,67234,1,,
61639,1,67234,2,,
61640,26,67235,1,,
61641,2,67235,2,,
61642,19,67237,1,,
61643,103,67238,1,,
61644,16,67239,1,,
61645,109,67240,1,,
61646,37,67241,1,,
61647,23,67242,1,,
61648,2,67242,2,,
61649,47,67243,1,,
61650,3,67244,1,,
61651,1,67245,1,,
61652,16,67246,1,,
61653,1,67246,2,,
61654,26,67247,1,,
61655,2,67247,2,,
61656,19,67249,1,,
61657,103,67250,1,,
61658,16,67251,1,,
61659,109,67252,1,,
61660,37,67253,1,,
61661,23,67254,1,,
61662,2,67254,2,,
61663,47,67255,1,,
61664,3,67256,1,,
61665,1,67257,1,,
61666,16,67258,1,,
61667,1,67258,2,,
61668,26,67259,1,,
61669,2,67259,2,,
61670,19,67261,1,,
61671,102,67262,1,,
61672,24,67263,1,,
61673,100,67264,1,,
61674,34,67265,1,,
61675,23,67266,1,,
61676,2,67266,2,,
61677,47,67267,1,,
61678,3,67268,1,,
61679,1,67269,1,,
61680,11,67270,1,,
61681,1,67270,2,,
61682,26,67271,1,,
61683,2,67271,2,,
61684,19,67273,1,,
61685,102,67274,1,,
61686,24,67275,1,,
61687,100,67276,1,,
61688,34,67277,1,,
61689,23,67278,1,,
61690,2,67278,2,,
61691,47,67279,1,,
61692,3,67280,1,,
61693,1,67281,1,,
61694,11,67282,1,,
61695,1,67282,2,,
61696,26,67283,1,,
61697,2,67283,2,,
61698,19,67285,1,,
61699,102,67286,1,,
61700,24,67287,1,,
61701,100,67288,1,,
61702,34,67289,1,,
61703,23,67290,1,,
61704,2,67290,2,,
61705,47,67291,1,,
61706,3,67292,1,,
61707,1,67293,1,,
61708,11,67294,1,,
61709,1,67294,2,,
61710,26,67295,1,,
61711,2,67295,2,,
61712,19,67297,1,,
61713,102,67298,1,,
61714,24,67299,1,,
61715,100,67300,1,,
61716,34,67301,1,,
61717,23,67302,1,,
61718,2,67302,2,,
61719,47,67303,1,,
61720,3,67304,1,,
61721,1,67305,1,,
61722,11,67306,1,,
61723,1,67306,2,,
61724,26,67307,1,,
61725,2,67307,2,,
61726,19,67309,1,,
61727,102,67310,1,,
61728,24,67311,1,,
61729,100,67312,1,,
61730,34,67313,1,,
61731,23,67314,1,,
61732,2,67314,2,,
61733,47,67315,1,,
61734,3,67316,1,,
61735,1,67317,1,,
61736,11,67318,1,,
61737,1,67318,2,,
61738,26,67319,1,,
61739,2,67319,2,,
61740,19,67321,1,,
61741,102,67322,1,,
61742,24,67323,1,,
61743,100,67324,1,,
61744,34,67325,1,,
61745,23,67326,1,,
61746,2,67326,2,,
61747,47,67327,1,,
61748,3,67328,1,,
61749,1,67329,1,,
61750,11,67330,1,,
61751,1,67330,2,,
61752,26,67331,1,,
61753,2,67331,2,,
61754,19,67333,1,,
61755,102,67334,1,,
61756,24,67335,1,,
61757,100,67336,1,,
61758,34,67337,1,,
61759,23,67338,1,,
61760,2,67338,2,,
61761,47,67339,1,,
61762,3,67340,1,,
61763,1,67341,1,,
61764,11,67342,1,,
61765,1,67342,2,,
61766,24,67343,1,,
61767,2,67343,2,,
61768,19,67345,1,,
61769,102,67346,1,,
61770,24,67347,1,,
61771,100,67348,1,,
61772,34,67349,1,,
61773,23,67350,1,,
61774,2,67350,2,,
61775,47,67351,1,,
61776,3,67352,1,,
61777,1,67353,1,,
61778,11,67354,1,,
61779,1,67354,2,,
61780,24,67355,1,,
61781,2,67355,2,,
61782,19,67357,1,,
61783,102,67358,1,,
61784,24,67359,1,,
61785,100,67360,1,,
61786,34,67361,1,,
61787,23,67362,1,,
61788,2,67362,2,,
61789,47,67363,1,,
61790,3,67364,1,,
61791,1,67365,1,,
61792,11,67366,1,,
61793,1,67366,2,,
61794,24,67367,1,,
61795,2,67367,2,,
61796,19,67369,1,,
61797,102,67370,1,,
61798,24,67371,1,,
61799,100,67372,1,,
61800,34,67373,1,,
61801,27,67374,1,,
61802,2,67374,2,,
61803,55,67375,1,,
61804,1,67375,2,,
61805,3,67376,1,,
61806,1,67377,1,,
61807,11,67378,1,,
61808,1,67378,2,,
61809,24,67379,1,,
61810,2,67379,2,,
61811,19,67381,1,,
61812,102,67382,1,,
61813,24,67383,1,,
61814,100,67384,1,,
61815,34,67385,1,,
61816,27,67386,1,,
61817,2,67386,2,,
61818,55,67387,1,,
61819,1,67387,2,,
61820,3,67388,1,,
61821,1,67389,1,,
61822,11,67390,1,,
61823,1,67390,2,,
61824,23,67391,1,,
61825,2,67391,2,,
61826,19,67393,1,,
61827,102,67394,1,,
61828,24,67395,1,,
61829,100,67396,1,,
61830,34,67397,1,,
61831,27,67398,1,,
61832,2,67398,2,,
61833,55,67399,1,,
61834,1,67399,2,,
61835,3,67400,1,,
61836,1,67401,1,,
61837,11,67402,1,,
61838,1,67402,2,,
61839,23,67403,1,,
61840,2,67403,2,,
61841,19,67405,1,,
61842,102,67406,1,,
61843,24,67407,1,,
61844,100,67408,1,,
61845,34,67409,1,,
61846,27,67410,1,,
61847,2,67410,2,,
61848,55,67411,1,,
61849,1,67411,2,,
61850,3,67412,1,,
61851,1,67413,1,,
61852,11,67414,1,,
61853,1,67414,2,,
61854,23,67415,1,,
61855,2,67415,2,,
61856,19,67417,1,,
61857,102,67418,1,,
61858,24,67419,1,,
61859,100,67420,1,,
61860,34,67421,1,,
61861,27,67422,1,,
61862,2,67422,2,,
61863,55,67423,1,,
61864,1,67423,2,,
61865,3,67424,1,,
61866,1,67425,1,,
61867,11,67426,1,,
61868,1,67426,2,,
61869,23,67427,1,,
61870,2,67427,2,,
61871,19,67429,1,,
61872,102,67430,1,,
61873,24,67431,1,,
61874,100,67432,1,,
61875,34,67433,1,,
61876,27,67434,1,,
61877,2,67434,2,,
61878,55,67435,1,,
61879,1,67435,2,,
61880,3,67436,1,,
61881,1,67437,1,,
61882,11,67438,1,,
61883,1,67438,2,,
61884,23,67439,1,,
61885,2,67439,2,,
61886,19,67441,1,,
61887,102,67442,1,,
61888,24,67443,1,,
61889,100,67444,1,,
61890,34,67445,1,,
61891,27,67446,1,,
61892,2,67446,2,,
61893,55,67447,1,,
61894,1,67447,2,,
61895,3,67448,1,,
61896,1,67449,1,,
61897,11,67450,1,,
61898,1,67450,2,,
61899,23,67451,1,,
61900,2,67451,2,,
61901,19,67453,1,,
61902,102,67454,1,,
61903,24,67455,1,,
61904,100,67456,1,,
61905,34,67457,1,,
61906,27,67458,1,,
61907,2,67458,2,,
61908,55,67459,1,,
61909,1,67459,2,,
61910,3,67460,1,,
61911,1,67461,1,,
61912,11,67462,1,,
61913,1,67462,2,,
61914,23,67463,1,,
61915,2,67463,2,,
61916,19,67465,1,,
61917,102,67466,1,,
61918,24,67467,1,,
61919,100,67468,1,,
61920,34,67469,1,,
61921,27,67470,1,,
61922,2,67470,2,,
61923,55,67471,1,,
61924,1,67471,2,,
61925,3,67472,1,,
61926,1,67473,1,,
61927,11,67474,1,,
61928,1,67474,2,,
61929,23,67475,1,,
61930,2,67475,2,,
61931,19,67477,1,,
61932,102,67478,1,,
61933,24,67479,1,,
61934,100,67480,1,,
61935,34,67481,1,,
61936,27,67482,1,,
61937,2,67482,2,,
61938,55,67483,1,,
61939,1,67483,2,,
61940,3,67484,1,,
61941,1,67485,1,,
61942,11,67486,1,,
61943,1,67486,2,,
61944,23,67487,1,,
61945,2,67487,2,,
61946,19,67489,1,,
61947,102,67490,1,,
61948,24,67491,1,,
61949,100,67492,1,,
61950,34,67493,1,,
61951,27,67494,1,,
61952,2,67494,2,,
61953,55,67495,1,,
61954,1,67495,2,,
61955,3,67496,1,,
61956,1,67497,1,,
61957,11,67498,1,,
61958,1,67498,2,,
61959,23,67499,1,,
61960,2,67499,2,,
61961,19,67501,1,,
61962,102,67502,1,,
61963,24,67503,1,,
61964,100,67504,1,,
61965,34,67505,1,,
61966,27,67506,1,,
61967,2,67506,2,,
61968,55,67507,1,,
61969,1,67507,2,,
61970,3,67508,1,,
61971,1,67509,1,,
61972,11,67510,1,,
61973,1,67510,2,,
61974,23,67511,1,,
61975,2,67511,2,,
61976,19,67513,1,,
61977,102,67514,1,,
61978,24,67515,1,,
61979,100,67516,1,,
61980,34,67517,1,,
61981,27,67518,1,,
61982,2,67518,2,,
61983,60,67519,1,,
61984,1,67519,2,,
61985,3,67520,1,,
61986,1,67521,1,,
61987,11,67522,1,,
61988,1,67522,2,,
61989,23,67523,1,,
61990,2,67523,2,,
61991,19,67525,1,,
61992,102,67526,1,,
61993,24,67527,1,,
61994,100,67528,1,,
61995,34,67529,1,,
61996,27,67530,1,,
61997,2,67530,2,,
61998,60,67531,1,,
61999,1,67531,2,,
62000,3,67532,1,,
62001,1,67533,1,,
62002,11,67534,1,,
62003,1,67534,2,,
62004,23,67535,1,,
62005,2,67535,2,,
62006,19,67537,1,,
62007,102,67538,1,,
62008,24,67539,1,,
62009,100,67540,1,,
62010,34,67541,1,,
62011,27,67542,1,,
62012,2,67542,2,,
62013,60,67543,1,,
62014,1,67543,2,,
62015,3,67544,1,,
62016,1,67545,1,,
62017,11,67546,1,,
62018,1,67546,2,,
62019,23,67547,1,,
62020,2,67547,2,,
62021,19,67549,1,,
62022,102,67550,1,,
62023,24,67551,1,,
62024,100,67552,1,,
62025,34,67553,1,,
62026,27,67554,1,,
62027,2,67554,2,,
62028,60,67555,1,,
62029,1,67555,2,,
62030,3,67556,1,,
62031,1,67557,1,,
62032,11,67558,1,,
62033,1,67558,2,,
62034,23,67559,1,,
62035,2,67559,2,,
62036,19,67561,1,,
62037,102,67562,1,,
62038,24,67563,1,,
62039,100,67564,1,,
62040,34,67565,1,,
62041,27,67566,1,,
62042,2,67566,2,,
62043,60,67567,1,,
62044,1,67567,2,,
62045,3,67568,1,,
62046,1,67569,1,,
62047,11,67570,1,,
62048,1,67570,2,,
62049,23,67571,1,,
62050,2,67571,2,,
62051,19,67573,1,,
62052,102,67574,1,,
62053,24,67575,1,,
62054,100,67576,1,,
62055,34,67577,1,,
62056,27,67578,1,,
62057,2,67578,2,,
62058,60,67579,1,,
62059,1,67579,2,,
62060,3,67580,1,,
62061,1,67581,1,,
62062,11,67582,1,,
62063,1,67582,2,,
62064,23,67583,1,,
62065,2,67583,2,,
62066,19,67585,1,,
62067,102,67586,1,,
62068,24,67587,1,,
62069,100,67588,1,,
62070,34,67589,1,,
62071,27,67590,1,,
62072,2,67590,2,,
62073,60,67591,1,,
62074,1,67591,2,,
62075,3,67592,1,,
62076,1,67593,1,,
62077,11,67594,1,,
62078,1,67594,2,,
62079,23,67595,1,,
62080,2,67595,2,,
62081,19,67597,1,,
62082,102,67598,1,,
62083,24,67599,1,,
62084,100,67600,1,,
62085,34,67601,1,,
62086,27,67602,1,,
62087,2,67602,2,,
62088,60,67603,1,,
62089,1,67603,2,,
62090,3,67604,1,,
62091,1,67605,1,,
62092,11,67606,1,,
62093,1,67606,2,,
62094,23,67607,1,,
62095,2,67607,2,,
62096,19,67609,1,,
62097,102,67610,1,,
62098,24,67611,1,,
62099,100,67612,1,,
62100,34,67613,1,,
62101,27,67614,1,,
62102,2,67614,2,,
62103,60,67615,1,,
62104,1,67615,2,,
62105,3,67616,1,,
62106,1,67617,1,,
62107,11,67618,1,,
62108,1,67618,2,,
62109,23,67619,1,,
62110,2,67619,2,,
62111,19,67621,1,,
62112,102,67622,1,,
62113,24,67623,1,,
62114,100,67624,1,,
62115,34,67625,1,,
62116,27,67626,1,,
62117,2,67626,2,,
62118,60,67627,1,,
62119,1,67627,2,,
62120,3,67628,1,,
62121,1,67629,1,,
62122,11,67630,1,,
62123,1,67630,2,,
62124,23,67631,1,,
62125,2,67631,2,,
62126,19,67633,1,,
62127,102,67634,1,,
62128,24,67635,1,,
62129,100,67636,1,,
62130,34,67637,1,,
62131,27,67638,1,,
62132,2,67638,2,,
62133,60,67639,1,,
62134,1,67639,2,,
62135,3,67640,1,,
62136,1,67641,1,,
62137,11,67642,1,,
62138,1,67642,2,,
62139,23,67643,1,,
62140,2,67643,2,,
62141,19,67645,1,,
62142,102,67646,1,,
62143,24,67647,1,,
62144,100,67648,1,,
62145,34,67649,1,,
62146,27,67650,1,,
62147,2,67650,2,,
62148,60,67651,1,,
62149,1,67651,2,,
62150,3,67652,1,,
62151,1,67653,1,,
62152,11,67654,1,,
62153,1,67654,2,,
62154,23,67655,1,,
62155,2,67655,2,,
62156,19,67657,1,,
62157,102,67658,1,,
62158,24,67659,1,,
62159,100,67660,1,,
62160,34,67661,1,,
62161,42,67662,1,,
62162,2,67662,2,,
62163,73,67663,1,,
62164,2,67663,2,,
62165,3,67664,1,,
62166,2,67665,1,,
62167,11,67666,1,,
62168,1,67666,2,,
62169,23,67667,1,,
62170,2,67667,2,,
62171,19,67669,1,,
62172,102,67670,1,,
62173,24,67671,1,,
62174,100,67672,1,,
62175,34,67673,1,,
62176,42,67674,1,,
62177,2,67674,2,,
62178,73,67675,1,,
62179,2,67675,2,,
62180,3,67676,1,,
62181,2,67677,1,,
62182,11,67678,1,,
62183,1,67678,2,,
62184,23,67679,1,,
62185,2,67679,2,,
62186,19,67681,1,,
62187,102,67682,1,,
62188,24,67683,1,,
62189,100,67684,1,,
62190,34,67685,1,,
62191,42,67686,1,,
62192,2,67686,2,,
62193,73,67687,1,,
62194,2,67687,2,,
62195,3,67688,1,,
62196,2,67689,1,,
62197,11,67690,1,,
62198,1,67690,2,,
62199,23,67691,1,,
62200,2,67691,2,,
62201,19,67693,1,,
62202,105,67694,1,,
62203,31,67695,1,,
62204,162,67696,1,,
62205,122,67697,1,,
62206,42,67698,1,,
62207,2,67698,2,,
62208,73,67699,1,,
62209,2,67699,2,,
62210,3,67700,1,,
62211,2,67701,1,,
62212,11,67702,1,,
62213,1,67702,2,,
62214,23,67703,1,,
62215,2,67703,2,,
62216,19,67705,1,,
62217,105,67706,1,,
62218,31,67707,1,,
62219,162,67708,1,,
62220,122,67709,1,,
62221,42,67710,1,,
62222,2,67710,2,,
62223,73,67711,1,,
62224,2,67711,2,,
62225,3,67712,1,,
62226,2,67713,1,,
62227,11,67714,1,,
62228,1,67714,2,,
62229,23,67715,1,,
62230,2,67715,2,,
62231,19,67717,1,,
62232,105,67718,1,,
62233,31,67719,1,,
62234,162,67720,1,,
62235,122,67721,1,,
62236,42,67722,1,,
62237,2,67722,2,,
62238,73,67723,1,,
62239,2,67723,2,,
62240,3,67724,1,,
62241,2,67725,1,,
62242,11,67726,1,,
62243,1,67726,2,,
62244,23,67727,1,,
62245,2,67727,2,,
62246,19,67729,1,,
62247,105,67730,1,,
62248,31,67731,1,,
62249,162,67732,1,,
62250,122,67733,1,,
62251,42,67734,1,,
62252,2,67734,2,,
62253,73,67735,1,,
62254,2,67735,2,,
62255,3,67736,1,,
62256,2,67737,1,,
62257,11,67738,1,,
62258,1,67738,2,,
62259,23,67739,1,,
62260,2,67739,2,,
62261,19,67741,1,,
62262,105,67742,1,,
62263,31,67743,1,,
62264,162,67744,1,,
62265,122,67745,1,,
62266,42,67746,1,,
62267,2,67746,2,,
62268,73,67747,1,,
62269,2,67747,2,,
62270,3,67748,1,,
62271,2,67749,1,,
62272,11,67750,1,,
62273,1,67750,2,,
62274,23,67751,1,,
62275,2,67751,2,,
62276,19,67753,1,,
62277,105,67754,1,,
62278,31,67755,1,,
62279,162,67756,1,,
62280,122,67757,1,,
62281,42,67758,1,,
62282,2,67758,2,,
62283,73,67759,1,,
62284,2,67759,2,,
62285,3,67760,1,,
62286,2,67761,1,,
62287,11,67762,1,,
62288,1,67762,2,,
62289,23,67763,1,,
62290,2,67763,2,,
62291,19,67765,1,,
62292,105,67766,1,,
62293,31,67767,1,,
62294,162,67768,1,,
62295,122,67769,1,,
62296,42,67770,1,,
62297,2,67770,2,,
62298,73,67771,1,,
62299,2,67771,2,,
62300,3,67772,1,,
62301,2,67773,1,,
62302,11,67774,1,,
62303,1,67774,2,,
62304,23,67775,1,,
62305,2,67775,2,,
62306,19,67777,1,,
62307,105,67778,1,,
62308,31,67779,1,,
62309,162,67780,1,,
62310,122,67781,1,,
62311,42,67782,1,,
62312,2,67782,2,,
62313,73,67783,1,,
62314,2,67783,2,,
62315,3,67784,1,,
62316,2,67785,1,,
62317,11,67786,1,,
62318,1,67786,2,,
62319,23,67787,1,,
62320,2,67787,2,,
62321,19,67789,1,,
62322,105,67790,1,,
62323,31,67791,1,,
62324,162,67792,1,,
62325,122,67793,1,,
62326,42,67794,1,,
62327,2,67794,2,,
62328,73,67795,1,,
62329,2,67795,2,,
62330,3,67796,1,,
62331,2,67797,1,,
62332,11,67798,1,,
62333,1,67798,2,,
62334,23,67799,1,,
62335,2,67799,2,,
62336,19,67801,1,,
62337,105,67802,1,,
62338,31,67803,1,,
62339,162,67804,1,,
62340,122,67805,1,,
62341,63,67806,1,,
62342,2,67806,2,,
62343,80,67807,1,,
62344,2,67807,2,,
62345,3,67808,1,,
62346,2,67809,1,,
62347,11,67810,1,,
62348,1,67810,2,,
62349,23,67811,1,,
62350,2,67811,2,,
62351,19,67813,1,,
62352,105,67814,1,,
62353,31,67815,1,,
62354,162,67816,1,,
62355,122,67817,1,,
62356,63,67818,1,,
62357,2,67818,2,,
62358,80,67819,1,,
62359,2,67819,2,,
62360,3,67820,1,,
62361,2,67821,1,,
62362,11,67822,1,,
62363,1,67822,2,,
62364,23,67823,1,,
62365,2,67823,2,,
62366,19,67825,1,,
62367,105,67826,1,,
62368,31,67827,1,,
62369,162,67828,1,,
62370,122,67829,1,,
62371,63,67830,1,,
62372,2,67830,2,,
62373,80,67831,1,,
62374,2,67831,2,,
62375,3,67832,1,,
62376,2,67833,1,,
62377,11,67834,1,,
62378,1,67834,2,,
62379,23,67835,1,,
62380,2,67835,2,,
62381,19,67837,1,,
62382,169,67838,1,,
62383,34,67839,1,,
62384,177,67840,1,,
62385,128,67841,1,,
62386,63,67842,1,,
62387,2,67842,2,,
62388,80,67843,1,,
62389,2,67843,2,,
62390,6,67844,1,,
62391,2,67845,1,,
62392,15,67846,1,,
62393,1,67846,2,,
62394,23,67847,1,,
62395,2,67847,2,,
62396,19,67849,1,,
62397,169,67850,1,,
62398,34,67851,1,,
62399,177,67852,1,,
62400,128,67853,1,,
62401,63,67854,1,,
62402,2,67854,2,,
62403,80,67855,1,,
62404,2,67855,2,,
62405,6,67856,1,,
62406,2,67857,1,,
62407,15,67858,1,,
62408,1,67858,2,,
62409,23,67859,1,,
62410,2,67859,2,,
62411,19,67861,1,,
62412,169,67862,1,,
62413,34,67863,1,,
62414,177,67864,1,,
62415,128,67865,1,,
62416,63,67866,1,,
62417,2,67866,2,,
62418,80,67867,1,,
62419,2,67867,2,,
62420,6,67868,1,,
62421,2,67869,1,,
62422,15,67870,1,,
62423,1,67870,2,,
62424,23,67871,1,,
62425,2,67871,2,,
62426,19,67873,1,,
62427,169,67874,1,,
62428,34,67875,1,,
62429,177,67876,1,,
62430,128,67877,1,,
62431,63,67878,1,,
62432,2,67878,2,,
62433,80,67879,1,,
62434,2,67879,2,,
62435,6,67880,1,,
62436,2,67881,1,,
62437,15,67882,1,,
62438,1,67882,2,,
62439,23,67883,1,,
62440,2,67883,2,,
62441,19,67885,1,,
62442,169,67886,1,,
62443,34,67887,1,,
62444,177,67888,1,,
62445,128,67889,1,,
62446,63,67890,1,,
62447,2,67890,2,,
62448,80,67891,1,,
62449,2,67891,2,,
62450,6,67892,1,,
62451,2,67893,1,,
62452,15,67894,1,,
62453,1,67894,2,,
62454,23,67895,1,,
62455,2,67895,2,,
62456,19,67897,1,,
62457,169,67898,1,,
62458,34,67899,1,,
62459,177,67900,1,,
62460,128,67901,1,,
62461,63,67902,1,,
62462,2,67902,2,,
62463,80,67903,1,,
62464,2,67903,2,,
62465,6,67904,1,,
62466,2,67905,1,,
62467,15,67906,1,,
62468,1,67906,2,,
62469,23,67907,1,,
62470,2,67907,2,,
62471,19,67909,1,,
62472,169,67910,1,,
62473,34,67911,1,,
62474,177,67912,1,,
62475,128,67913,1,,
62476,63,67914,1,,
62477,2,67914,2,,
62478,80,67915,1,,
62479,2,67915,2,,
62480,6,67916,1,,
62481,2,67917,1,,
62482,15,67918,1,,
62483,1,67918,2,,
62484,23,67919,1,,
62485,2,67919,2,,
62486,19,67921,1,,
62487,169,67922,1,,
62488,34,67923,1,,
62489,177,67924,1,,
62490,128,67925,1,,
62491,63,67926,1,,
62492,2,67926,2,,
62493,80,67927,1,,
62494,2,67927,2,,
62495,6,67928,1,,
62496,2,67929,1,,
62497,15,67930,1,,
62498,1,67930,2,,
62499,23,67931,1,,
62500,2,67931,2,,
62501,19,67933,1,,
62502,169,67934,1,,
62503,34,67935,1,,
62504,177,67936,1,,
62505,128,67937,1,,
62506,63,67938,1,,
62507,2,67938,2,,
62508,80,67939,1,,
62509,2,67939,2,,
62510,6,67940,1,,
62511,2,67941,1,,
62512,15,67942,1,,
62513,1,67942,2,,
62514,23,67943,1,,
62515,2,67943,2,,
62516,19,67945,1,,
62517,169,67946,1,,
62518,34,67947,1,,
62519,177,67948,1,,
62520,128,67949,1,,
62521,64,67950,1,,
62522,2,67950,2,,
62523,80,67951,1,,
62524,2,67951,2,,
62525,6,67952,1,,
62526,2,67953,1,,
62527,15,67954,1,,
62528,1,67954,2,,
62529,23,67955,1,,
62530,2,67955,2,,
62531,19,67957,1,,
62532,169,67958,1,,
62533,34,67959,1,,
62534,177,67960,1,,
62535,128,67961,1,,
62536,64,67962,1,,
62537,2,67962,2,,
62538,80,67963,1,,
62539,2,67963,2,,
62540,6,67964,1,,
62541,2,67965,1,,
62542,15,67966,1,,
62543,1,67966,2,,
62544,23,67967,1,,
62545,2,67967,2,,
62546,19,67969,1,,
62547,169,67970,1,,
62548,34,67971,1,,
62549,177,67972,1,,
62550,128,67973,1,,
62551,64,67974,1,,
62552,2,67974,2,,
62553,80,67975,1,,
62554,2,67975,2,,
62555,6,67976,1,,
62556,2,67977,1,,
62557,15,67978,1,,
62558,1,67978,2,,
62559,23,67979,1,,
62560,2,67979,2,,
62561,19,67981,1,,
62562,200,67982,1,,
62563,34,67983,1,,
62564,177,67984,1,,
62565,128,67985,1,,
62566,64,67986,1,,
62567,2,67986,2,,
62568,80,67987,1,,
62569,2,67987,2,,
62570,9,67988,1,,
62571,2,67989,1,,
62572,15,67990,1,,
62573,1,67990,2,,
62574,23,67991,1,,
62575,2,67991,2,,
62576,19,67993,1,,
62577,200,67994,1,,
62578,34,67995,1,,
62579,177,67996,1,,
62580,128,67997,1,,
62581,64,67998,1,,
62582,2,67998,2,,
62583,80,67999,1,,
62584,2,67999,2,,
62585,9,68000,1,,
62586,2,68001,1,,
62587,15,68002,1,,
62588,1,68002,2,,
62589,23,68003,1,,
62590,2,68003,2,,
62591,19,68005,1,,
62592,200,68006,1,,
62593,34,68007,1,,
62594,177,68008,1,,
62595,128,68009,1,,
62596,64,68010,1,,
62597,2,68010,2,,
62598,80,68011,1,,
62599,2,68011,2,,
62600,9,68012,1,,
62601,2,68013,1,,
62602,15,68014,1,,
62603,1,68014,2,,
62604,23,68015,1,,
62605,2,68015,2,,
62606,19,68017,1,,
62607,200,68018,1,,
62608,34,68019,1,,
62609,177,68020,1,,
62610,128,68021,1,,
62611,64,68022,1,,
62612,2,68022,2,,
62613,80,68023,1,,
62614,2,68023,2,,
62615,9,68024,1,,
62616,2,68025,1,,
62617,15,68026,1,,
62618,1,68026,2,,
62619,23,68027,1,,
62620,2,68027,2,,
62621,19,68029,1,,
62622,200,68030,1,,
62623,34,68031,1,,
62624,177,68032,1,,
62625,128,68033,1,,
62626,64,68034,1,,
62627,2,68034,2,,
62628,80,68035,1,,
62629,2,68035,2,,
62630,9,68036,1,,
62631,2,68037,1,,
62632,15,68038,1,,
62633,1,68038,2,,
62634,23,68039,1,,
62635,2,68039,2,,
62636,19,68041,1,,
62637,200,68042,1,,
62638,34,68043,1,,
62639,177,68044,1,,
62640,128,68045,1,,
62641,64,68046,1,,
62642,2,68046,2,,
62643,80,68047,1,,
62644,2,68047,2,,
62645,9,68048,1,,
62646,2,68049,1,,
62647,15,68050,1,,
62648,1,68050,2,,
62649,23,68051,1,,
62650,2,68051,2,,
62651,19,68053,1,,
62652,200,68054,1,,
62653,34,68055,1,,
62654,177,68056,1,,
62655,128,68057,1,,
62656,64,68058,1,,
62657,2,68058,2,,
62658,80,68059,1,,
62659,2,68059,2,,
62660,9,68060,1,,
62661,2,68061,1,,
62662,15,68062,1,,
62663,1,68062,2,,
62664,23,68063,1,,
62665,2,68063,2,,
62666,19,68065,1,,
62667,200,68066,1,,
62668,34,68067,1,,
62669,177,68068,1,,
62670,128,68069,1,,
62671,64,68070,1,,
62672,2,68070,2,,
62673,80,68071,1,,
62674,2,68071,2,,
62675,9,68072,1,,
62676,2,68073,1,,
62677,15,68074,1,,
62678,1,68074,2,,
62679,23,68075,1,,
62680,2,68075,2,,
62681,19,68077,1,,
62682,200,68078,1,,
62683,34,68079,1,,
62684,177,68080,1,,
62685,128,68081,1,,
62686,64,68082,1,,
62687,2,68082,2,,
62688,80,68083,1,,
62689,2,68083,2,,
62690,9,68084,1,,
62691,2,68085,1,,
62692,15,68086,1,,
62693,1,68086,2,,
62694,23,68087,1,,
62695,2,68087,2,,
62696,19,68089,1,,
62697,200,68090,1,,
62698,34,68091,1,,
62699,177,68092,1,,
62700,128,68093,1,,
62701,72,68094,1,,
62702,2,68094,2,,
62703,81,68095,1,,
62704,2,68095,2,,
62705,9,68096,1,,
62706,2,68097,1,,
62707,15,68098,1,,
62708,1,68098,2,,
62709,23,68099,1,,
62710,2,68099,2,,
62711,19,68101,1,,
62712,200,68102,1,,
62713,34,68103,1,,
62714,177,68104,1,,
62715,128,68105,1,,
62716,72,68106,1,,
62717,2,68106,2,,
62718,81,68107,1,,
62719,2,68107,2,,
62720,9,68108,1,,
62721,2,68109,1,,
62722,15,68110,1,,
62723,1,68110,2,,
62724,23,68111,1,,
62725,2,68111,2,,
62726,19,68113,1,,
62727,200,68114,1,,
62728,34,68115,1,,
62729,177,68116,1,,
62730,128,68117,1,,
62731,72,68118,1,,
62732,2,68118,2,,
62733,81,68119,1,,
62734,2,68119,2,,
62735,9,68120,1,,
62736,2,68121,1,,
62737,15,68122,1,,
62738,1,68122,2,,
62739,23,68123,1,,
62740,2,68123,2,,
62741,19,68125,1,,
62742,200,68126,1,,
62743,34,68127,1,,
62744,177,68128,1,,
62745,128,68129,1,,
62746,72,68130,1,,
62747,2,68130,2,,
62748,81,68131,1,,
62749,2,68131,2,,
62750,9,68132,1,,
62751,2,68133,1,,
62752,15,68134,1,,
62753,1,68134,2,,
62754,23,68135,1,,
62755,2,68135,2,,
62756,19,68137,1,,
62757,200,68138,1,,
62758,34,68139,1,,
62759,177,68140,1,,
62760,128,68141,1,,
62761,72,68142,1,,
62762,2,68142,2,,
62763,81,68143,1,,
62764,2,68143,2,,
62765,9,68144,1,,
62766,2,68145,1,,
62767,15,68146,1,,
62768,1,68146,2,,
62769,23,68147,1,,
62770,2,68147,2,,
62771,19,68149,1,,
62772,200,68150,1,,
62773,34,68151,1,,
62774,177,68152,1,,
62775,128,68153,1,,
62776,72,68154,1,,
62777,2,68154,2,,
62778,81,68155,1,,
62779,2,68155,2,,
62780,9,68156,1,,
62781,2,68157,1,,
62782,15,68158,1,,
62783,1,68158,2,,
62784,23,68159,1,,
62785,2,68159,2,,
62786,19,68161,1,,
62787,200,68162,1,,
62788,34,68163,1,,
62789,177,68164,1,,
62790,128,68165,1,,
62791,72,68166,1,,
62792,2,68166,2,,
62793,81,68167,1,,
62794,2,68167,2,,
62795,9,68168,1,,
62796,2,68169,1,,
62797,15,68170,1,,
62798,1,68170,2,,
62799,23,68171,1,,
62800,2,68171,2,,
62801,19,68173,1,,
62802,200,68174,1,,
62803,34,68175,1,,
62804,177,68176,1,,
62805,128,68177,1,,
62806,72,68178,1,,
62807,2,68178,2,,
62808,81,68179,1,,
62809,2,68179,2,,
62810,9,68180,1,,
62811,2,68181,1,,
62812,15,68182,1,,
62813,1,68182,2,,
62814,23,68183,1,,
62815,2,68183,2,,
62816,19,68185,1,,
62817,200,68186,1,,
62818,34,68187,1,,
62819,177,68188,1,,
62820,128,68189,1,,
62821,72,68190,1,,
62822,2,68190,2,,
62823,81,68191,1,,
62824,2,68191,2,,
62825,9,68192,1,,
62826,2,68193,1,,
62827,15,68194,1,,
62828,1,68194,2,,
62829,23,68195,1,,
62830,2,68195,2,,
62831,19,68197,1,,
62832,200,68198,1,,
62833,34,68199,1,,
62834,177,68200,1,,
62835,128,68201,1,,
62836,72,68202,1,,
62837,2,68202,2,,
62838,81,68203,1,,
62839,2,68203,2,,
62840,9,68204,1,,
62841,2,68205,1,,
62842,15,68206,1,,
62843,1,68206,2,,
62844,23,68207,1,,
62845,2,68207,2,,
62846,19,68209,1,,
62847,200,68210,1,,
62848,34,68211,1,,
62849,177,68212,1,,
62850,128,68213,1,,
62851,72,68214,1,,
62852,2,68214,2,,
62853,81,68215,1,,
62854,2,68215,2,,
62855,9,68216,1,,
62856,2,68217,1,,
62857,15,68218,1,,
62858,1,68218,2,,
62859,23,68219,1,,
62860,2,68219,2,,
62861,19,68221,1,,
62862,200,68222,1,,
62863,34,68223,1,,
62864,177,68224,1,,
62865,128,68225,1,,
62866,72,68226,1,,
62867,2,68226,2,,
62868,9,68227,1,,
62869,2,68228,1,,
62870,15,68229,1,,
62871,1,68229,2,,
62872,23,68230,1,,
62873,2,68230,2,,
62874,19,68232,1,,
62875,200,68233,1,,
62876,34,68234,1,,
62877,177,68235,1,,
62878,128,68236,1,,
62879,72,68237,1,,
62880,2,68237,2,,
62881,9,68238,1,,
62882,2,68239,1,,
62883,15,68240,1,,
62884,1,68240,2,,
62885,23,68241,1,,
62886,2,68241,2,,
62887,19,68243,1,,
62888,200,68244,1,,
62889,34,68245,1,,
62890,177,68246,1,,
62891,128,68247,1,,
62892,72,68248,1,,
62893,2,68248,2,,
62894,9,68249,1,,
62895,2,68250,1,,
62896,15,68251,1,,
62897,1,68251,2,,
62898,23,68252,1,,
62899,2,68252,2,,
62900,19,68254,1,,
62901,200,68255,1,,
62902,34,68256,1,,
62903,177,68257,1,,
62904,128,68258,1,,
62905,72,68259,1,,
62906,2,68259,2,,
62907,9,68260,1,,
62908,2,68261,1,,
62909,15,68262,1,,
62910,1,68262,2,,
62911,23,68263,1,,
62912,2,68263,2,,
62913,19,68265,1,,
62914,164,68266,1,,
62915,35,68267,1,,
62916,177,68268,1,,
62917,127,68269,1,,
62918,72,68270,1,,
62919,2,68270,2,,
62920,7,68271,1,,
62921,2,68272,1,,
62922,15,68273,1,,
62923,1,68273,2,,
62924,23,68274,1,,
62925,2,68274,2,,
62926,19,68276,1,,
62927,164,68277,1,,
62928,35,68278,1,,
62929,177,68279,1,,
62930,127,68280,1,,
62931,72,68281,1,,
62932,2,68281,2,,
62933,7,68282,1,,
62934,2,68283,1,,
62935,15,68284,1,,
62936,1,68284,2,,
62937,23,68285,1,,
62938,2,68285,2,,
62939,19,68287,1,,
62940,164,68288,1,,
62941,35,68289,1,,
62942,177,68290,1,,
62943,127,68291,1,,
62944,72,68292,1,,
62945,2,68292,2,,
62946,7,68293,1,,
62947,2,68294,1,,
62948,15,68295,1,,
62949,1,68295,2,,
62950,23,68296,1,,
62951,2,68296,2,,
62952,19,68298,1,,
62953,164,68299,1,,
62954,35,68300,1,,
62955,177,68301,1,,
62956,127,68302,1,,
62957,70,68303,1,,
62958,2,68303,2,,
62959,7,68304,1,,
62960,3,68305,1,,
62961,15,68306,1,,
62962,1,68306,2,,
62963,23,68307,1,,
62964,2,68307,2,,
62965,19,68309,1,,
62966,164,68310,1,,
62967,35,68311,1,,
62968,177,68312,1,,
62969,127,68313,1,,
62970,70,68314,1,,
62971,2,68314,2,,
62972,7,68315,1,,
62973,3,68316,1,,
62974,15,68317,1,,
62975,1,68317,2,,
62976,23,68318,1,,
62977,2,68318,2,,
62978,19,68320,1,,
62979,164,68321,1,,
62980,35,68322,1,,
62981,177,68323,1,,
62982,127,68324,1,,
62983,70,68325,1,,
62984,2,68325,2,,
62985,7,68326,1,,
62986,3,68327,1,,
62987,15,68328,1,,
62988,1,68328,2,,
62989,23,68329,1,,
62990,2,68329,2,,
62991,19,68331,1,,
62992,164,68332,1,,
62993,35,68333,1,,
62994,177,68334,1,,
62995,127,68335,1,,
62996,70,68336,1,,
62997,2,68336,2,,
62998,7,68337,1,,
62999,3,68338,1,,
63000,15,68339,1,,
63001,1,68339,2,,
63002,23,68340,1,,
63003,2,68340,2,,
63004,19,68342,1,,
63005,164,68343,1,,
63006,35,68344,1,,
63007,177,68345,1,,
63008,127,68346,1,,
63009,70,68347,1,,
63010,2,68347,2,,
63011,7,68348,1,,
63012,3,68349,1,,
63013,15,68350,1,,
63014,1,68350,2,,
63015,23,68351,1,,
63016,2,68351,2,,
63017,19,68353,1,,
63018,164,68354,1,,
63019,35,68355,1,,
63020,177,68356,1,,
63021,127,68357,1,,
63022,70,68358,1,,
63023,2,68358,2,,
63024,7,68359,1,,
63025,3,68360,1,,
63026,15,68361,1,,
63027,1,68361,2,,
63028,23,68362,1,,
63029,2,68362,2,,
63030,19,68364,1,,
63031,164,68365,1,,
63032,35,68366,1,,
63033,177,68367,1,,
63034,127,68368,1,,
63035,67,68369,1,,
63036,2,68369,2,,
63037,7,68370,1,,
63038,3,68371,1,,
63039,15,68372,1,,
63040,1,68372,2,,
63041,23,68373,1,,
63042,2,68373,2,,
63043,19,68375,1,,
63044,164,68376,1,,
63045,35,68377,1,,
63046,177,68378,1,,
63047,127,68379,1,,
63048,67,68380,1,,
63049,2,68380,2,,
63050,7,68381,1,,
63051,3,68382,1,,
63052,15,68383,1,,
63053,1,68383,2,,
63054,23,68384,1,,
63055,2,68384,2,,
63056,19,68386,1,,
63057,164,68387,1,,
63058,35,68388,1,,
63059,177,68389,1,,
63060,127,68390,1,,
63061,67,68391,1,,
63062,2,68391,2,,
63063,7,68392,1,,
63064,3,68393,1,,
63065,15,68394,1,,
63066,1,68394,2,,
63067,19,68396,1,,
63068,157,68397,1,,
63069,34,68398,1,,
63070,184,68399,1,,
63071,220,68400,1,,
63072,67,68401,1,,
63073,2,68401,2,,
63074,6,68402,1,,
63075,3,68403,1,,
63076,21,68404,1,,
63077,2,68404,2,,
63078,20,68406,1,,
63079,157,68407,1,,
63080,34,68408,1,,
63081,184,68409,1,,
63082,220,68410,1,,
63083,67,68411,1,,
63084,2,68411,2,,
63085,6,68412,1,,
63086,3,68413,1,,
63087,21,68414,1,,
63088,2,68414,2,,
63089,20,68416,1,,
63090,157,68417,1,,
63091,34,68418,1,,
63092,184,68419,1,,
63093,220,68420,1,,
63094,67,68421,1,,
63095,2,68421,2,,
63096,6,68422,1,,
63097,3,68423,1,,
63098,21,68424,1,,
63099,2,68424,2,,
63100,20,68426,1,,
63101,157,68427,1,,
63102,34,68428,1,,
63103,184,68429,1,,
63104,220,68430,1,,
63105,67,68431,1,,
63106,2,68431,2,,
63107,6,68432,1,,
63108,3,68433,1,,
63109,21,68434,1,,
63110,2,68434,2,,
63111,20,68436,1,,
63112,157,68437,1,,
63113,34,68438,1,,
63114,184,68439,1,,
63115,220,68440,1,,
63116,67,68441,1,,
63117,2,68441,2,,
63118,6,68442,1,,
63119,3,68443,1,,
63120,21,68444,1,,
63121,2,68444,2,,
63122,20,68446,1,,
63123,157,68447,1,,
63124,34,68448,1,,
63125,184,68449,1,,
63126,220,68450,1,,
63127,67,68451,1,,
63128,2,68451,2,,
63129,6,68452,1,,
63130,3,68453,1,,
63131,21,68454,1,,
63132,2,68454,2,,
63133,20,68456,1,,
63134,157,68457,1,,
63135,34,68458,1,,
63136,184,68459,1,,
63137,220,68460,1,,
63138,67,68461,1,,
63139,2,68461,2,,
63140,6,68462,1,,
63141,3,68463,1,,
63142,21,68464,1,,
63143,2,68464,2,,
63144,20,68466,1,,
63145,157,68467,1,,
63146,34,68468,1,,
63147,184,68469,1,,
63148,220,68470,1,,
63149,67,68471,1,,
63150,2,68471,2,,
63151,6,68472,1,,
63152,3,68473,1,,
63153,21,68474,1,,
63154,2,68474,2,,
63155,20,68476,1,,
63156,157,68477,1,,
63157,34,68478,1,,
63158,184,68479,1,,
63159,220,68480,1,,
63160,67,68481,1,,
63161,2,68481,2,,
63162,6,68482,1,,
63163,3,68483,1,,
63164,21,68484,1,,
63165,2,68484,2,,
63166,20,68486,1,,
63167,157,68487,1,,
63168,34,68488,1,,
63169,184,68489,1,,
63170,220,68490,1,,
63171,82,68491,1,,
63172,2,68491,2,,
63173,6,68492,1,,
63174,3,68493,1,,
63175,21,68494,1,,
63176,2,68494,2,,
63177,20,68496,1,,
63178,157,68497,1,,
63179,34,68498,1,,
63180,184,68499,1,,
63181,220,68500,1,,
63182,82,68501,1,,
63183,2,68501,2,,
63184,6,68502,1,,
63185,3,68503,1,,
63186,21,68504,1,,
63187,2,68504,2,,
63188,20,68506,1,,
63189,157,68507,1,,
63190,34,68508,1,,
63191,184,68509,1,,
63192,220,68510,1,,
63193,82,68511,1,,
63194,2,68511,2,,
63195,6,68512,1,,
63196,3,68513,1,,
63197,21,68514,1,,
63198,2,68514,2,,
63199,20,68516,1,,
63200,157,68517,1,,
63201,48,68518,1,,
63202,169,68519,1,,
63203,221,68520,1,,
63204,82,68521,1,,
63205,2,68521,2,,
63206,6,68522,1,,
63207,3,68523,1,,
63208,21,68524,1,,
63209,2,68524,2,,
63210,19,68526,1,,
63211,1,68526,2,,
63212,157,68527,1,,
63213,48,68528,1,,
63214,169,68529,1,,
63215,221,68530,1,,
63216,82,68531,1,,
63217,2,68531,2,,
63218,6,68532,1,,
63219,3,68533,1,,
63220,21,68534,1,,
63221,2,68534,2,,
63222,19,68536,1,,
63223,1,68536,2,,
63224,157,68537,1,,
63225,48,68538,1,,
63226,169,68539,1,,
63227,221,68540,1,,
63228,82,68541,1,,
63229,2,68541,2,,
63230,6,68542,1,,
63231,3,68543,1,,
63232,21,68544,1,,
63233,2,68544,2,,
63234,19,68546,1,,
63235,1,68546,2,,
63236,157,68547,1,,
63237,48,68548,1,,
63238,169,68549,1,,
63239,221,68550,1,,
63240,82,68551,1,,
63241,2,68551,2,,
63242,6,68552,1,,
63243,3,68553,1,,
63244,21,68554,1,,
63245,2,68554,2,,
63246,19,68556,1,,
63247,1,68556,2,,
63248,157,68557,1,,
63249,48,68558,1,,
63250,169,68559,1,,
63251,221,68560,1,,
63252,82,68561,1,,
63253,2,68561,2,,
63254,6,68562,1,,
63255,3,68563,1,,
63256,21,68564,1,,
63257,2,68564,2,,
63258,19,68566,1,,
63259,1,68566,2,,
63260,157,68567,1,,
63261,48,68568,1,,
63262,169,68569,1,,
63263,221,68570,1,,
63264,82,68571,1,,
63265,2,68571,2,,
63266,6,68572,1,,
63267,3,68573,1,,
63268,21,68574,1,,
63269,2,68574,2,,
63270,19,68576,1,,
63271,1,68576,2,,
63272,157,68577,1,,
63273,48,68578,1,,
63274,169,68579,1,,
63275,221,68580,1,,
63276,82,68581,1,,
63277,2,68581,2,,
63278,6,68582,1,,
63279,3,68583,1,,
63280,21,68584,1,,
63281,2,68584,2,,
63282,19,68586,1,,
63283,1,68586,2,,
63284,157,68587,1,,
63285,48,68588,1,,
63286,169,68589,1,,
63287,221,68590,1,,
63288,82,68591,1,,
63289,2,68591,2,,
63290,6,68592,1,,
63291,3,68593,1,,
63292,21,68594,1,,
63293,2,68594,2,,
63294,19,68596,1,,
63295,1,68596,2,,
63296,157,68597,1,,
63297,48,68598,1,,
63298,169,68599,1,,
63299,221,68600,1,,
63300,82,68601,1,,
63301,2,68601,2,,
63302,6,68602,1,,
63303,3,68603,1,,
63304,21,68604,1,,
63305,2,68604,2,,
63306,19,68606,1,,
63307,1,68606,2,,
63308,157,68607,1,,
63309,48,68608,1,,
63310,169,68609,1,,
63311,221,68610,1,,
63312,80,68611,1,,
63313,2,68611,2,,
63314,6,68612,1,,
63315,3,68613,1,,
63316,21,68614,1,,
63317,2,68614,2,,
63318,19,68616,1,,
63319,1,68616,2,,
63320,157,68617,1,,
63321,48,68618,1,,
63322,169,68619,1,,
63323,221,68620,1,,
63324,80,68621,1,,
63325,2,68621,2,,
63326,6,68622,1,,
63327,3,68623,1,,
63328,21,68624,1,,
63329,2,68624,2,,
63330,19,68626,1,,
63331,1,68626,2,,
63332,157,68627,1,,
63333,48,68628,1,,
63334,169,68629,1,,
63335,221,68630,1,,
63336,80,68631,1,,
63337,2,68631,2,,
63338,6,68632,1,,
63339,3,68633,1,,
63340,21,68634,1,,
63341,2,68634,2,,
63342,19,68636,1,,
63343,1,68636,2,,
63344,156,68637,1,,
63345,48,68638,1,,
63346,169,68639,1,,
63347,221,68640,1,,
63348,80,68641,1,,
63349,2,68641,2,,
63350,6,68642,1,,
63351,3,68643,1,,
63352,21,68644,1,,
63353,2,68644,2,,
63354,18,68645,1,,
63355,19,68646,1,,
63356,1,68646,2,,
63357,156,68647,1,,
63358,48,68648,1,,
63359,169,68649,1,,
63360,221,68650,1,,
63361,80,68651,1,,
63362,2,68651,2,,
63363,6,68652,1,,
63364,3,68653,1,,
63365,21,68654,1,,
63366,2,68654,2,,
63367,18,68655,1,,
63368,19,68656,1,,
63369,1,68656,2,,
63370,156,68657,1,,
63371,48,68658,1,,
63372,169,68659,1,,
63373,221,68660,1,,
63374,80,68661,1,,
63375,2,68661,2,,
63376,6,68662,1,,
63377,3,68663,1,,
63378,21,68664,1,,
63379,2,68664,2,,
63380,18,68665,1,,
63381,19,68666,1,,
63382,1,68666,2,,
63383,156,68667,1,,
63384,48,68668,1,,
63385,169,68669,1,,
63386,221,68670,1,,
63387,80,68671,1,,
63388,2,68671,2,,
63389,6,68672,1,,
63390,3,68673,1,,
63391,21,68674,1,,
63392,2,68674,2,,
63393,18,68675,1,,
63394,19,68676,1,,
63395,1,68676,2,,
63396,156,68677,1,,
63397,48,68678,1,,
63398,169,68679,1,,
63399,221,68680,1,,
63400,80,68681,1,,
63401,2,68681,2,,
63402,6,68682,1,,
63403,3,68683,1,,
63404,21,68684,1,,
63405,2,68684,2,,
63406,18,68685,1,,
63407,19,68686,1,,
63408,1,68686,2,,
63409,156,68687,1,,
63410,48,68688,1,,
63411,169,68689,1,,
63412,221,68690,1,,
63413,80,68691,1,,
63414,2,68691,2,,
63415,6,68692,1,,
63416,3,68693,1,,
63417,21,68694,1,,
63418,2,68694,2,,
63419,18,68695,1,,
63420,19,68696,1,,
63421,1,68696,2,,
63422,156,68697,1,,
63423,48,68698,1,,
63424,169,68699,1,,
63425,221,68700,1,,
63426,80,68701,1,,
63427,2,68701,2,,
63428,6,68702,1,,
63429,3,68703,1,,
63430,21,68704,1,,
63431,2,68704,2,,
63432,18,68705,1,,
63433,19,68706,1,,
63434,1,68706,2,,
63435,156,68707,1,,
63436,48,68708,1,,
63437,169,68709,1,,
63438,221,68710,1,,
63439,80,68711,1,,
63440,2,68711,2,,
63441,6,68712,1,,
63442,3,68713,1,,
63443,21,68714,1,,
63444,2,68714,2,,
63445,18,68715,1,,
63446,19,68716,1,,
63447,1,68716,2,,
63448,156,68717,1,,
63449,48,68718,1,,
63450,169,68719,1,,
63451,221,68720,1,,
63452,80,68721,1,,
63453,2,68721,2,,
63454,6,68722,1,,
63455,3,68723,1,,
63456,21,68724,1,,
63457,2,68724,2,,
63458,18,68725,1,,
63459,19,68726,1,,
63460,1,68726,2,,
63461,156,68727,1,,
63462,48,68728,1,,
63463,169,68729,1,,
63464,221,68730,1,,
63465,83,68731,1,,
63466,3,68731,2,,
63467,6,68732,1,,
63468,4,68733,1,,
63469,21,68734,1,,
63470,2,68734,2,,
63471,18,68735,1,,
63472,19,68736,1,,
63473,1,68736,2,,
63474,156,68737,1,,
63475,48,68738,1,,
63476,169,68739,1,,
63477,221,68740,1,,
63478,83,68741,1,,
63479,3,68741,2,,
63480,6,68742,1,,
63481,4,68743,1,,
63482,21,68744,1,,
63483,2,68744,2,,
63484,18,68745,1,,
63485,19,68746,1,,
63486,1,68746,2,,
63487,156,68747,1,,
63488,48,68748,1,,
63489,169,68749,1,,
63490,221,68750,1,,
63491,83,68751,1,,
63492,3,68751,2,,
63493,6,68752,1,,
63494,4,68753,1,,
63495,21,68754,1,,
63496,2,68754,2,,
63497,18,68755,1,,
63498,19,68756,1,,
63499,1,68756,2,,
63500,167,68757,1,,
63501,52,68758,1,,
63502,160,68759,1,,
63503,223,68760,1,,
63504,83,68761,1,,
63505,3,68761,2,,
63506,6,68762,1,,
63507,4,68763,1,,
63508,21,68764,1,,
63509,2,68764,2,,
63510,18,68765,1,,
63511,19,68766,1,,
63512,1,68766,2,,
63513,167,68767,1,,
63514,52,68768,1,,
63515,160,68769,1,,
63516,223,68770,1,,
63517,83,68771,1,,
63518,3,68771,2,,
63519,6,68772,1,,
63520,4,68773,1,,
63521,21,68774,1,,
63522,2,68774,2,,
63523,18,68775,1,,
63524,19,68776,1,,
63525,1,68776,2,,
63526,167,68777,1,,
63527,52,68778,1,,
63528,160,68779,1,,
63529,223,68780,1,,
63530,83,68781,1,,
63531,3,68781,2,,
63532,6,68782,1,,
63533,4,68783,1,,
63534,21,68784,1,,
63535,2,68784,2,,
63536,18,68785,1,,
63537,19,68786,1,,
63538,1,68786,2,,
63539,167,68787,1,,
63540,52,68788,1,,
63541,160,68789,1,,
63542,223,68790,1,,
63543,83,68791,1,,
63544,3,68791,2,,
63545,6,68792,1,,
63546,4,68793,1,,
63547,21,68794,1,,
63548,2,68794,2,,
63549,18,68795,1,,
63550,19,68796,1,,
63551,1,68796,2,,
63552,167,68797,1,,
63553,52,68798,1,,
63554,160,68799,1,,
63555,223,68800,1,,
63556,83,68801,1,,
63557,3,68801,2,,
63558,6,68802,1,,
63559,4,68803,1,,
63560,21,68804,1,,
63561,2,68804,2,,
63562,18,68805,1,,
63563,19,68806,1,,
63564,1,68806,2,,
63565,167,68807,1,,
63566,52,68808,1,,
63567,160,68809,1,,
63568,223,68810,1,,
63569,83,68811,1,,
63570,3,68811,2,,
63571,6,68812,1,,
63572,4,68813,1,,
63573,21,68814,1,,
63574,2,68814,2,,
63575,18,68815,1,,
63576,19,68816,1,,
63577,1,68816,2,,
63578,167,68817,1,,
63579,52,68818,1,,
63580,160,68819,1,,
63581,223,68820,1,,
63582,83,68821,1,,
63583,3,68821,2,,
63584,6,68822,1,,
63585,4,68823,1,,
63586,21,68824,1,,
63587,2,68824,2,,
63588,18,68825,1,,
63589,19,68826,1,,
63590,1,68826,2,,
63591,167,68827,1,,
63592,52,68828,1,,
63593,160,68829,1,,
63594,223,68830,1,,
63595,83,68831,1,,
63596,3,68831,2,,
63597,6,68832,1,,
63598,4,68833,1,,
63599,21,68834,1,,
63600,2,68834,2,,
63601,18,68835,1,,
63602,19,68836,1,,
63603,1,68836,2,,
63604,167,68837,1,,
63605,52,68838,1,,
63606,160,68839,1,,
63607,223,68840,1,,
63608,83,68841,1,,
63609,3,68841,2,,
63610,6,68842,1,,
63611,4,68843,1,,
63612,21,68844,1,,
63613,2,68844,2,,
63614,18,68845,1,,
63615,19,68846,1,,
63616,1,68846,2,,
63617,167,68847,1,,
63618,52,68848,1,,
63619,160,68849,1,,
63620,223,68850,1,,
63621,83,68851,1,,
63622,3,68851,2,,
63623,6,68852,1,,
63624,4,68853,1,,
63625,21,68854,1,,
63626,2,68854,2,,
63627,18,68855,1,,
63628,19,68856,1,,
63629,1,68856,2,,
63630,167,68857,1,,
63631,52,68858,1,,
63632,160,68859,1,,
63633,223,68860,1,,
63634,83,68861,1,,
63635,3,68861,2,,
63636,6,68862,1,,
63637,4,68863,1,,
63638,21,68864,1,,
63639,2,68864,2,,
63640,18,68865,1,,
63641,19,68866,1,,
63642,1,68866,2,,
63643,167,68867,1,,
63644,52,68868,1,,
63645,160,68869,1,,
63646,223,68870,1,,
63647,83,68871,1,,
63648,3,68871,2,,
63649,6,68872,1,,
63650,4,68873,1,,
63651,21,68874,1,,
63652,2,68874,2,,
63653,18,68875,1,,
63654,19,68876,1,,
63655,1,68876,2,,
63656,166,68877,1,,
63657,59,68878,1,,
63658,151,68879,1,,
63659,223,68880,1,,
63660,83,68881,1,,
63661,3,68881,2,,
63662,6,68882,1,,
63663,4,68883,1,,
63664,22,68884,1,,
63665,2,68884,2,,
63666,21,68885,1,,
63667,21,68886,1,,
63668,1,68886,2,,
63669,166,68887,1,,
63670,59,68888,1,,
63671,151,68889,1,,
63672,223,68890,1,,
63673,83,68891,1,,
63674,3,68891,2,,
63675,6,68892,1,,
63676,4,68893,1,,
63677,22,68894,1,,
63678,2,68894,2,,
63679,21,68895,1,,
63680,21,68896,1,,
63681,1,68896,2,,
63682,166,68897,1,,
63683,59,68898,1,,
63684,151,68899,1,,
63685,223,68900,1,,
63686,83,68901,1,,
63687,3,68901,2,,
63688,6,68902,1,,
63689,4,68903,1,,
63690,22,68904,1,,
63691,2,68904,2,,
63692,21,68905,1,,
63693,21,68906,1,,
63694,1,68906,2,,
63695,166,68907,1,,
63696,59,68908,1,,
63697,151,68909,1,,
63698,223,68910,1,,
63699,83,68911,1,,
63700,3,68911,2,,
63701,6,68912,1,,
63702,4,68913,1,,
63703,22,68914,1,,
63704,2,68914,2,,
63705,21,68915,1,,
63706,21,68916,1,,
63707,1,68916,2,,
63708,166,68917,1,,
63709,59,68918,1,,
63710,151,68919,1,,
63711,223,68920,1,,
63712,83,68921,1,,
63713,3,68921,2,,
63714,6,68922,1,,
63715,4,68923,1,,
63716,22,68924,1,,
63717,2,68924,2,,
63718,21,68925,1,,
63719,21,68926,1,,
63720,1,68926,2,,
63721,166,68927,1,,
63722,59,68928,1,,
63723,151,68929,1,,
63724,223,68930,1,,
63725,83,68931,1,,
63726,3,68931,2,,
63727,6,68932,1,,
63728,4,68933,1,,
63729,22,68934,1,,
63730,2,68934,2,,
63731,21,68935,1,,
63732,21,68936,1,,
63733,1,68936,2,,
63734,166,68937,1,,
63735,59,68938,1,,
63736,151,68939,1,,
63737,223,68940,1,,
63738,83,68941,1,,
63739,3,68941,2,,
63740,6,68942,1,,
63741,4,68943,1,,
63742,22,68944,1,,
63743,2,68944,2,,
63744,21,68945,1,,
63745,21,68946,1,,
63746,1,68946,2,,
63747,166,68947,1,,
63748,59,68948,1,,
63749,151,68949,1,,
63750,223,68950,1,,
63751,83,68951,1,,
63752,3,68951,2,,
63753,6,68952,1,,
63754,4,68953,1,,
63755,22,68954,1,,
63756,2,68954,2,,
63757,21,68955,1,,
63758,21,68956,1,,
63759,1,68956,2,,
63760,166,68957,1,,
63761,59,68958,1,,
63762,151,68959,1,,
63763,223,68960,1,,
63764,83,68961,1,,
63765,3,68961,2,,
63766,6,68962,1,,
63767,4,68963,1,,
63768,22,68964,1,,
63769,2,68964,2,,
63770,21,68965,1,,
63771,21,68966,1,,
63772,1,68966,2,,
63773,166,68967,1,,
63774,59,68968,1,,
63775,151,68969,1,,
63776,223,68970,1,,
63777,80,68971,1,,
63778,3,68971,2,,
63779,6,68972,1,,
63780,4,68973,1,,
63781,22,68974,1,,
63782,2,68974,2,,
63783,21,68975,1,,
63784,21,68976,1,,
63785,1,68976,2,,
63786,166,68977,1,,
63787,59,68978,1,,
63788,151,68979,1,,
63789,223,68980,1,,
63790,80,68981,1,,
63791,3,68981,2,,
63792,6,68982,1,,
63793,4,68983,1,,
63794,22,68984,1,,
63795,2,68984,2,,
63796,21,68985,1,,
63797,21,68986,1,,
63798,1,68986,2,,
63799,166,68987,1,,
63800,59,68988,1,,
63801,151,68989,1,,
63802,223,68990,1,,
63803,80,68991,1,,
63804,3,68991,2,,
63805,6,68992,1,,
63806,4,68993,1,,
63807,22,68994,1,,
63808,2,68994,2,,
63809,21,68995,1,,
63810,21,68996,1,,
63811,1,68996,2,,
63812,158,68997,1,,
63813,55,68998,1,,
63814,145,68999,1,,
63815,213,69000,1,,
63816,80,69001,1,,
63817,3,69001,2,,
63818,6,69002,1,,
63819,4,69003,1,,
63820,22,69004,1,,
63821,2,69004,2,,
63822,36,69005,1,,
63823,18,69006,1,,
63824,1,69006,2,,
63825,158,69007,1,,
63826,55,69008,1,,
63827,145,69009,1,,
63828,213,69010,1,,
63829,80,69011,1,,
63830,3,69011,2,,
63831,6,69012,1,,
63832,4,69013,1,,
63833,22,69014,1,,
63834,2,69014,2,,
63835,36,69015,1,,
63836,18,69016,1,,
63837,1,69016,2,,
63838,158,69017,1,,
63839,55,69018,1,,
63840,145,69019,1,,
63841,213,69020,1,,
63842,80,69021,1,,
63843,3,69021,2,,
63844,6,69022,1,,
63845,4,69023,1,,
63846,22,69024,1,,
63847,2,69024,2,,
63848,36,69025,1,,
63849,18,69026,1,,
63850,1,69026,2,,
63851,158,69027,1,,
63852,55,69028,1,,
63853,145,69029,1,,
63854,213,69030,1,,
63855,80,69031,1,,
63856,3,69031,2,,
63857,6,69032,1,,
63858,4,69033,1,,
63859,22,69034,1,,
63860,2,69034,2,,
63861,36,69035,1,,
63862,18,69036,1,,
63863,1,69036,2,,
63864,158,69037,1,,
63865,55,69038,1,,
63866,145,69039,1,,
63867,213,69040,1,,
63868,80,69041,1,,
63869,3,69041,2,,
63870,6,69042,1,,
63871,4,69043,1,,
63872,22,69044,1,,
63873,2,69044,2,,
63874,36,69045,1,,
63875,18,69046,1,,
63876,1,69046,2,,
63877,158,69047,1,,
63878,55,69048,1,,
63879,145,69049,1,,
63880,213,69050,1,,
63881,80,69051,1,,
63882,3,69051,2,,
63883,6,69052,1,,
63884,4,69053,1,,
63885,22,69054,1,,
63886,2,69054,2,,
63887,36,69055,1,,
63888,18,69056,1,,
63889,1,69056,2,,
63890,158,69057,1,,
63891,55,69058,1,,
63892,145,69059,1,,
63893,213,69060,1,,
63894,80,69061,1,,
63895,3,69061,2,,
63896,6,69062,1,,
63897,4,69063,1,,
63898,22,69064,1,,
63899,2,69064,2,,
63900,36,69065,1,,
63901,18,69066,1,,
63902,1,69066,2,,
63903,158,69067,1,,
63904,55,69068,1,,
63905,145,69069,1,,
63906,213,69070,1,,
63907,80,69071,1,,
63908,3,69071,2,,
63909,6,69072,1,,
63910,4,69073,1,,
63911,22,69074,1,,
63912,2,69074,2,,
63913,36,69075,1,,
63914,18,69076,1,,
63915,1,69076,2,,
63916,158,69077,1,,
63917,55,69078,1,,
63918,145,69079,1,,
63919,213,69080,1,,
63920,80,69081,1,,
63921,3,69081,2,,
63922,6,69082,1,,
63923,4,69083,1,,
63924,22,69084,1,,
63925,2,69084,2,,
63926,36,69085,1,,
63927,18,69086,1,,
63928,1,69086,2,,
63929,158,69087,1,,
63930,55,69088,1,,
63931,145,69089,1,,
63932,213,69090,1,,
63933,74,69091,1,,
63934,3,69091,2,,
63935,6,69092,1,,
63936,4,69093,1,,
63937,22,69094,1,,
63938,2,69094,2,,
63939,36,69095,1,,
63940,18,69096,1,,
63941,1,69096,2,,
63942,158,69097,1,,
63943,55,69098,1,,
63944,145,69099,1,,
63945,213,69100,1,,
63946,74,69101,1,,
63947,3,69101,2,,
63948,6,69102,1,,
63949,4,69103,1,,
63950,22,69104,1,,
63951,2,69104,2,,
63952,36,69105,1,,
63953,18,69106,1,,
63954,1,69106,2,,
63955,158,69107,1,,
63956,55,69108,1,,
63957,145,69109,1,,
63958,213,69110,1,,
63959,74,69111,1,,
63960,3,69111,2,,
63961,6,69112,1,,
63962,4,69113,1,,
63963,22,69114,1,,
63964,2,69114,2,,
63965,36,69115,1,,
63966,18,69116,1,,
63967,1,69116,2,,
63968,158,69117,1,,
63969,55,69118,1,,
63970,145,69119,1,,
63971,213,69120,1,,
63972,74,69121,1,,
63973,3,69121,2,,
63974,6,69122,1,,
63975,4,69123,1,,
63976,22,69124,1,,
63977,2,69124,2,,
63978,36,69125,1,,
63979,18,69126,1,,
63980,1,69126,2,,
63981,158,69127,1,,
63982,55,69128,1,,
63983,145,69129,1,,
63984,213,69130,1,,
63985,74,69131,1,,
63986,3,69131,2,,
63987,6,69132,1,,
63988,4,69133,1,,
63989,22,69134,1,,
63990,2,69134,2,,
63991,36,69135,1,,
63992,18,69136,1,,
63993,1,69136,2,,
63994,158,69137,1,,
63995,55,69138,1,,
63996,145,69139,1,,
63997,213,69140,1,,
63998,74,69141,1,,
63999,3,69141,2,,
64000,6,69142,1,,
64001,4,69143,1,,
64002,22,69144,1,,
64003,2,69144,2,,
64004,36,69145,1,,
64005,18,69146,1,,
64006,1,69146,2,,
64007,158,69147,1,,
64008,55,69148,1,,
64009,145,69149,1,,
64010,213,69150,1,,
64011,74,69151,1,,
64012,3,69151,2,,
64013,6,69152,1,,
64014,4,69153,1,,
64015,22,69154,1,,
64016,2,69154,2,,
64017,36,69155,1,,
64018,18,69156,1,,
64019,1,69156,2,,
64020,158,69157,1,,
64021,55,69158,1,,
64022,145,69159,1,,
64023,213,69160,1,,
64024,74,69161,1,,
64025,3,69161,2,,
64026,6,69162,1,,
64027,4,69163,1,,
64028,22,69164,1,,
64029,2,69164,2,,
64030,36,69165,1,,
64031,18,69166,1,,
64032,1,69166,2,,
64033,158,69167,1,,
64034,55,69168,1,,
64035,145,69169,1,,
64036,213,69170,1,,
64037,74,69171,1,,
64038,3,69171,2,,
64039,6,69172,1,,
64040,4,69173,1,,
64041,22,69174,1,,
64042,2,69174,2,,
64043,36,69175,1,,
64044,18,69176,1,,
64045,1,69176,2,,
64046,158,69177,1,,
64047,55,69178,1,,
64048,145,69179,1,,
64049,213,69180,1,,
64050,74,69181,1,,
64051,3,69181,2,,
64052,6,69182,1,,
64053,4,69183,1,,
64054,22,69184,1,,
64055,2,69184,2,,
64056,36,69185,1,,
64057,18,69186,1,,
64058,1,69186,2,,
64059,158,69187,1,,
64060,55,69188,1,,
64061,145,69189,1,,
64062,213,69190,1,,
64063,74,69191,1,,
64064,3,69191,2,,
64065,6,69192,1,,
64066,4,69193,1,,
64067,22,69194,1,,
64068,2,69194,2,,
64069,36,69195,1,,
64070,18,69196,1,,
64071,1,69196,2,,
64072,158,69197,1,,
64073,55,69198,1,,
64074,145,69199,1,,
64075,213,69200,1,,
64076,74,69201,1,,
64077,3,69201,2,,
64078,6,69202,1,,
64079,4,69203,1,,
64080,22,69204,1,,
64081,2,69204,2,,
64082,36,69205,1,,
64083,18,69206,1,,
64084,1,69206,2,,
64085,158,69207,1,,
64086,55,69208,1,,
64087,145,69209,1,,
64088,213,69210,1,,
64089,75,69211,1,,
64090,1,69211,2,,
64091,6,69212,1,,
64092,4,69213,1,,
64093,22,69214,1,,
64094,2,69214,2,,
64095,36,69215,1,,
64096,18,69216,1,,
64097,1,69216,2,,
64098,158,69217,1,,
64099,55,69218,1,,
64100,145,69219,1,,
64101,213,69220,1,,
64102,75,69221,1,,
64103,1,69221,2,,
64104,6,69222,1,,
64105,4,69223,1,,
64106,22,69224,1,,
64107,2,69224,2,,
64108,36,69225,1,,
64109,18,69226,1,,
64110,1,69226,2,,
64111,158,69227,1,,
64112,55,69228,1,,
64113,145,69229,1,,
64114,213,69230,1,,
64115,75,69231,1,,
64116,1,69231,2,,
64117,6,69232,1,,
64118,4,69233,1,,
64119,22,69234,1,,
64120,2,69234,2,,
64121,36,69235,1,,
64122,18,69236,1,,
64123,1,69236,2,,
64124,166,69237,1,,
64125,65,69238,1,,
64126,150,69239,1,,
64127,241,69240,1,,
64128,75,69241,1,,
64129,1,69241,2,,
64130,6,69242,1,,
64131,4,69243,1,,
64132,22,69244,1,,
64133,2,69244,2,,
64134,36,69245,1,,
64135,18,69246,1,,
64136,1,69246,2,,
64137,166,69247,1,,
64138,65,69248,1,,
64139,150,69249,1,,
64140,241,69250,1,,
64141,75,69251,1,,
64142,1,69251,2,,
64143,6,69252,1,,
64144,4,69253,1,,
64145,22,69254,1,,
64146,2,69254,2,,
64147,36,69255,1,,
64148,18,69256,1,,
64149,1,69256,2,,
64150,166,69257,1,,
64151,65,69258,1,,
64152,150,69259,1,,
64153,241,69260,1,,
64154,75,69261,1,,
64155,1,69261,2,,
64156,6,69262,1,,
64157,4,69263,1,,
64158,22,69264,1,,
64159,2,69264,2,,
64160,36,69265,1,,
64161,18,69266,1,,
64162,1,69266,2,,
64163,166,69267,1,,
64164,65,69268,1,,
64165,150,69269,1,,
64166,241,69270,1,,
64167,75,69271,1,,
64168,1,69271,2,,
64169,6,69272,1,,
64170,4,69273,1,,
64171,22,69274,1,,
64172,2,69274,2,,
64173,36,69275,1,,
64174,18,69276,1,,
64175,1,69276,2,,
64176,166,69277,1,,
64177,65,69278,1,,
64178,150,69279,1,,
64179,241,69280,1,,
64180,75,69281,1,,
64181,1,69281,2,,
64182,6,69282,1,,
64183,4,69283,1,,
64184,22,69284,1,,
64185,2,69284,2,,
64186,36,69285,1,,
64187,18,69286,1,,
64188,1,69286,2,,
64189,166,69287,1,,
64190,65,69288,1,,
64191,150,69289,1,,
64192,241,69290,1,,
64193,75,69291,1,,
64194,1,69291,2,,
64195,6,69292,1,,
64196,4,69293,1,,
64197,22,69294,1,,
64198,2,69294,2,,
64199,36,69295,1,,
64200,18,69296,1,,
64201,1,69296,2,,
64202,166,69297,1,,
64203,65,69298,1,,
64204,150,69299,1,,
64205,241,69300,1,,
64206,75,69301,1,,
64207,1,69301,2,,
64208,6,69302,1,,
64209,4,69303,1,,
64210,22,69304,1,,
64211,2,69304,2,,
64212,36,69305,1,,
64213,18,69306,1,,
64214,1,69306,2,,
64215,166,69307,1,,
64216,65,69308,1,,
64217,150,69309,1,,
64218,241,69310,1,,
64219,75,69311,1,,
64220,1,69311,2,,
64221,6,69312,1,,
64222,4,69313,1,,
64223,22,69314,1,,
64224,2,69314,2,,
64225,36,69315,1,,
64226,18,69316,1,,
64227,1,69316,2,,
64228,166,69317,1,,
64229,65,69318,1,,
64230,150,69319,1,,
64231,241,69320,1,,
64232,75,69321,1,,
64233,1,69321,2,,
64234,6,69322,1,,
64235,4,69323,1,,
64236,22,69324,1,,
64237,2,69324,2,,
64238,36,69325,1,,
64239,18,69326,1,,
64240,1,69326,2,,
64241,166,69327,1,,
64242,65,69328,1,,
64243,150,69329,1,,
64244,241,69330,1,,
64245,77,69331,1,,
64246,1,69331,2,,
64247,6,69332,1,,
64248,4,69333,1,,
64249,22,69334,1,,
64250,2,69334,2,,
64251,36,69335,1,,
64252,18,69336,1,,
64253,1,69336,2,,
64254,166,69337,1,,
64255,65,69338,1,,
64256,150,69339,1,,
64257,241,69340,1,,
64258,77,69341,1,,
64259,1,69341,2,,
64260,6,69342,1,,
64261,4,69343,1,,
64262,18,69344,1,,
64263,2,69344,2,,
64264,36,69345,1,,
64265,18,69346,1,,
64266,1,69346,2,,
64267,166,69347,1,,
64268,65,69348,1,,
64269,150,69349,1,,
64270,241,69350,1,,
64271,77,69351,1,,
64272,1,69351,2,,
64273,6,69352,1,,
64274,4,69353,1,,
64275,18,69354,1,,
64276,2,69354,2,,
64277,36,69355,1,,
64278,18,69356,1,,
64279,1,69356,2,,
64280,172,69357,1,,
64281,63,69358,1,,
64282,147,69359,1,,
64283,241,69360,1,,
64284,77,69361,1,,
64285,1,69361,2,,
64286,6,69362,1,,
64287,4,69363,1,,
64288,18,69364,1,,
64289,2,69364,2,,
64290,23,69365,1,,
64291,15,69366,1,,
64292,1,69366,2,,
64293,172,69367,1,,
64294,63,69368,1,,
64295,147,69369,1,,
64296,241,69370,1,,
64297,77,69371,1,,
64298,1,69371,2,,
64299,6,69372,1,,
64300,4,69373,1,,
64301,18,69374,1,,
64302,2,69374,2,,
64303,23,69375,1,,
64304,15,69376,1,,
64305,1,69376,2,,
64306,172,69377,1,,
64307,63,69378,1,,
64308,147,69379,1,,
64309,241,69380,1,,
64310,77,69381,1,,
64311,1,69381,2,,
64312,6,69382,1,,
64313,4,69383,1,,
64314,18,69384,1,,
64315,2,69384,2,,
64316,23,69385,1,,
64317,15,69386,1,,
64318,1,69386,2,,
64319,172,69387,1,,
64320,63,69388,1,,
64321,147,69389,1,,
64322,241,69390,1,,
64323,77,69391,1,,
64324,1,69391,2,,
64325,6,69392,1,,
64326,4,69393,1,,
64327,18,69394,1,,
64328,2,69394,2,,
64329,23,69395,1,,
64330,15,69396,1,,
64331,1,69396,2,,
64332,172,69397,1,,
64333,63,69398,1,,
64334,147,69399,1,,
64335,241,69400,1,,
64336,77,69401,1,,
64337,1,69401,2,,
64338,6,69402,1,,
64339,4,69403,1,,
64340,18,69404,1,,
64341,2,69404,2,,
64342,23,69405,1,,
64343,15,69406,1,,
64344,1,69406,2,,
64345,172,69407,1,,
64346,63,69408,1,,
64347,147,69409,1,,
64348,241,69410,1,,
64349,77,69411,1,,
64350,1,69411,2,,
64351,6,69412,1,,
64352,4,69413,1,,
64353,18,69414,1,,
64354,2,69414,2,,
64355,23,69415,1,,
64356,15,69416,1,,
64357,1,69416,2,,
64358,172,69417,1,,
64359,63,69418,1,,
64360,147,69419,1,,
64361,241,69420,1,,
64362,77,69421,1,,
64363,1,69421,2,,
64364,6,69422,1,,
64365,4,69423,1,,
64366,18,69424,1,,
64367,2,69424,2,,
64368,23,69425,1,,
64369,15,69426,1,,
64370,1,69426,2,,
64371,172,69427,1,,
64372,63,69428,1,,
64373,147,69429,1,,
64374,241,69430,1,,
64375,77,69431,1,,
64376,1,69431,2,,
64377,6,69432,1,,
64378,4,69433,1,,
64379,18,69434,1,,
64380,2,69434,2,,
64381,23,69435,1,,
64382,15,69436,1,,
64383,1,69436,2,,
64384,172,69437,1,,
64385,63,69438,1,,
64386,147,69439,1,,
64387,241,69440,1,,
64388,77,69441,1,,
64389,1,69441,2,,
64390,6,69442,1,,
64391,4,69443,1,,
64392,18,69444,1,,
64393,2,69444,2,,
64394,23,69445,1,,
64395,15,69446,1,,
64396,1,69446,2,,
64397,172,69447,1,,
64398,63,69448,1,,
64399,147,69449,1,,
64400,241,69450,1,,
64401,87,69451,1,,
64402,2,69451,2,,
64403,6,69452,1,,
64404,4,69453,1,,
64405,18,69454,1,,
64406,2,69454,2,,
64407,23,69455,1,,
64408,15,69456,1,,
64409,1,69456,2,,
64410,172,69457,1,,
64411,63,69458,1,,
64412,147,69459,1,,
64413,241,69460,1,,
64414,87,69461,1,,
64415,2,69461,2,,
64416,6,69462,1,,
64417,4,69463,1,,
64418,18,69464,1,,
64419,2,69464,2,,
64420,23,69465,1,,
64421,15,69466,1,,
64422,1,69466,2,,
64423,172,69467,1,,
64424,63,69468,1,,
64425,147,69469,1,,
64426,241,69470,1,,
64427,87,69471,1,,
64428,2,69471,2,,
64429,6,69472,1,,
64430,4,69473,1,,
64431,18,69474,1,,
64432,2,69474,2,,
64433,23,69475,1,,
64434,15,69476,1,,
64435,1,69476,2,,
64436,169,69477,1,,
64437,61,69478,1,,
64438,149,69479,1,,
64439,242,69480,1,,
64440,87,69481,1,,
64441,2,69481,2,,
64442,5,69482,1,,
64443,4,69483,1,,
64444,18,69484,1,,
64445,2,69484,2,,
64446,21,69485,1,,
64447,15,69486,1,,
64448,1,69486,2,,
64449,169,69487,1,,
64450,61,69488,1,,
64451,149,69489,1,,
64452,242,69490,1,,
64453,87,69491,1,,
64454,2,69491,2,,
64455,5,69492,1,,
64456,4,69493,1,,
64457,18,69494,1,,
64458,2,69494,2,,
64459,21,69495,1,,
64460,15,69496,1,,
64461,1,69496,2,,
64462,169,69497,1,,
64463,61,69498,1,,
64464,149,69499,1,,
64465,242,69500,1,,
64466,87,69501,1,,
64467,2,69501,2,,
64468,5,69502,1,,
64469,4,69503,1,,
64470,18,69504,1,,
64471,2,69504,2,,
64472,21,69505,1,,
64473,15,69506,1,,
64474,1,69506,2,,
64475,169,69507,1,,
64476,61,69508,1,,
64477,149,69509,1,,
64478,242,69510,1,,
64479,87,69511,1,,
64480,2,69511,2,,
64481,5,69512,1,,
64482,4,69513,1,,
64483,18,69514,1,,
64484,2,69514,2,,
64485,21,69515,1,,
64486,15,69516,1,,
64487,1,69516,2,,
64488,169,69517,1,,
64489,61,69518,1,,
64490,149,69519,1,,
64491,242,69520,1,,
64492,87,69521,1,,
64493,2,69521,2,,
64494,5,69522,1,,
64495,4,69523,1,,
64496,18,69524,1,,
64497,2,69524,2,,
64498,21,69525,1,,
64499,15,69526,1,,
64500,1,69526,2,,
64501,169,69527,1,,
64502,61,69528,1,,
64503,149,69529,1,,
64504,242,69530,1,,
64505,87,69531,1,,
64506,2,69531,2,,
64507,5,69532,1,,
64508,4,69533,1,,
64509,18,69534,1,,
64510,2,69534,2,,
64511,21,69535,1,,
64512,15,69536,1,,
64513,1,69536,2,,
64514,169,69537,1,,
64515,61,69538,1,,
64516,149,69539,1,,
64517,242,69540,1,,
64518,87,69541,1,,
64519,2,69541,2,,
64520,5,69542,1,,
64521,4,69543,1,,
64522,18,69544,1,,
64523,2,69544,2,,
64524,21,69545,1,,
64525,15,69546,1,,
64526,1,69546,2,,
64527,169,69547,1,,
64528,61,69548,1,,
64529,149,69549,1,,
64530,242,69550,1,,
64531,87,69551,1,,
64532,2,69551,2,,
64533,5,69552,1,,
64534,4,69553,1,,
64535,18,69554,1,,
64536,2,69554,2,,
64537,21,69555,1,,
64538,15,69556,1,,
64539,1,69556,2,,
64540,169,69557,1,,
64541,61,69558,1,,
64542,149,69559,1,,
64543,242,69560,1,,
64544,87,69561,1,,
64545,2,69561,2,,
64546,5,69562,1,,
64547,4,69563,1,,
64548,18,69564,1,,
64549,2,69564,2,,
64550,21,69565,1,,
64551,15,69566,1,,
64552,1,69566,2,,
64553,169,69567,1,,
64554,61,69568,1,,
64555,149,69569,1,,
64556,242,69570,1,,
64557,90,69571,1,,
64558,2,69571,2,,
64559,5,69572,1,,
64560,4,69573,1,,
64561,18,69574,1,,
64562,2,69574,2,,
64563,21,69575,1,,
64564,15,69576,1,,
64565,1,69576,2,,
64566,169,69577,1,,
64567,61,69578,1,,
64568,149,69579,1,,
64569,242,69580,1,,
64570,90,69581,1,,
64571,2,69581,2,,
64572,5,69582,1,,
64573,4,69583,1,,
64574,18,69584,1,,
64575,2,69584,2,,
64576,21,69585,1,,
64577,15,69586,1,,
64578,1,69586,2,,
64579,169,69587,1,,
64580,61,69588,1,,
64581,149,69589,1,,
64582,242,69590,1,,
64583,90,69591,1,,
64584,2,69591,2,,
64585,5,69592,1,,
64586,4,69593,1,,
64587,18,69594,1,,
64588,2,69594,2,,
64589,21,69595,1,,
64590,15,69596,1,,
64591,1,69596,2,,
64592,169,69597,1,,
64593,100,69598,1,,
64594,165,69599,1,,
64595,252,69600,1,,
64596,90,69601,1,,
64597,2,69601,2,,
64598,5,69602,1,,
64599,4,69603,1,,
64600,18,69604,1,,
64601,2,69604,2,,
64602,21,69605,1,,
64603,15,69606,1,,
64604,1,69606,2,,
64605,169,69607,1,,
64606,100,69608,1,,
64607,165,69609,1,,
64608,252,69610,1,,
64609,90,69611,1,,
64610,2,69611,2,,
64611,5,69612,1,,
64612,4,69613,1,,
64613,18,69614,1,,
64614,2,69614,2,,
64615,21,69615,1,,
64616,15,69616,1,,
64617,1,69616,2,,
64618,169,69617,1,,
64619,100,69618,1,,
64620,165,69619,1,,
64621,252,69620,1,,
64622,90,69621,1,,
64623,2,69621,2,,
64624,5,69622,1,,
64625,4,69623,1,,
64626,18,69624,1,,
64627,2,69624,2,,
64628,21,69625,1,,
64629,15,69626,1,,
64630,1,69626,2,,
64631,169,69627,1,,
64632,100,69628,1,,
64633,165,69629,1,,
64634,252,69630,1,,
64635,90,69631,1,,
64636,2,69631,2,,
64637,5,69632,1,,
64638,4,69633,1,,
64639,18,69634,1,,
64640,2,69634,2,,
64641,21,69635,1,,
64642,15,69636,1,,
64643,1,69636,2,,
64644,169,69637,1,,
64645,100,69638,1,,
64646,165,69639,1,,
64647,252,69640,1,,
64648,90,69641,1,,
64649,2,69641,2,,
64650,5,69642,1,,
64651,4,69643,1,,
64652,18,69644,1,,
64653,2,69644,2,,
64654,21,69645,1,,
64655,15,69646,1,,
64656,1,69646,2,,
64657,169,69647,1,,
64658,100,69648,1,,
64659,165,69649,1,,
64660,252,69650,1,,
64661,90,69651,1,,
64662,2,69651,2,,
64663,5,69652,1,,
64664,4,69653,1,,
64665,18,69654,1,,
64666,2,69654,2,,
64667,21,69655,1,,
64668,15,69656,1,,
64669,1,69656,2,,
64670,169,69657,1,,
64671,100,69658,1,,
64672,165,69659,1,,
64673,252,69660,1,,
64674,90,69661,1,,
64675,2,69661,2,,
64676,5,69662,1,,
64677,4,69663,1,,
64678,18,69664,1,,
64679,2,69664,2,,
64680,21,69665,1,,
64681,15,69666,1,,
64682,1,69666,2,,
64683,169,69667,1,,
64684,100,69668,1,,
64685,165,69669,1,,
64686,252,69670,1,,
64687,90,69671,1,,
64688,2,69671,2,,
64689,5,69672,1,,
64690,4,69673,1,,
64691,18,69674,1,,
64692,2,69674,2,,
64693,21,69675,1,,
64694,15,69676,1,,
64695,1,69676,2,,
64696,169,69677,1,,
64697,100,69678,1,,
64698,165,69679,1,,
64699,252,69680,1,,
64700,90,69681,1,,
64701,2,69681,2,,
64702,5,69682,1,,
64703,4,69683,1,,
64704,18,69684,1,,
64705,2,69684,2,,
64706,21,69685,1,,
64707,15,69686,1,,
64708,1,69686,2,,
64709,169,69687,1,,
64710,100,69688,1,,
64711,165,69689,1,,
64712,252,69690,1,,
64713,123,69691,1,,
64714,5,69691,2,,
64715,5,69692,1,,
64716,6,69693,1,,
64717,18,69694,1,,
64718,2,69694,2,,
64719,21,69695,1,,
64720,15,69696,1,,
64721,1,69696,2,,
64722,169,69697,1,,
64723,100,69698,1,,
64724,165,69699,1,,
64725,252,69700,1,,
64726,123,69701,1,,
64727,5,69701,2,,
64728,5,69702,1,,
64729,6,69703,1,,
64730,18,69704,1,,
64731,2,69704,2,,
64732,21,69705,1,,
64733,15,69706,1,,
64734,1,69706,2,,
64735,169,69707,1,,
64736,100,69708,1,,
64737,165,69709,1,,
64738,252,69710,1,,
64739,123,69711,1,,
64740,5,69711,2,,
64741,5,69712,1,,
64742,6,69713,1,,
64743,18,69714,1,,
64744,2,69714,2,,
64745,21,69715,1,,
64746,15,69716,1,,
64747,1,69716,2,,
64748,168,69717,1,,
64749,100,69718,1,,
64750,170,69719,1,,
64751,250,69720,1,,
64752,123,69721,1,,
64753,5,69721,2,,
64754,5,69722,1,,
64755,6,69723,1,,
64756,18,69724,1,,
64757,2,69724,2,,
64758,19,69725,1,,
64759,15,69726,1,,
64760,1,69726,2,,
64761,168,69727,1,,
64762,100,69728,1,,
64763,170,69729,1,,
64764,250,69730,1,,
64765,123,69731,1,,
64766,5,69731,2,,
64767,5,69732,1,,
64768,6,69733,1,,
64769,18,69734,1,,
64770,2,69734,2,,
64771,19,69735,1,,
64772,15,69736,1,,
64773,1,69736,2,,
64774,168,69737,1,,
64775,100,69738,1,,
64776,170,69739,1,,
64777,250,69740,1,,
64778,123,69741,1,,
64779,5,69741,2,,
64780,5,69742,1,,
64781,6,69743,1,,
64782,18,69744,1,,
64783,2,69744,2,,
64784,19,69745,1,,
64785,15,69746,1,,
64786,1,69746,2,,
64787,168,69747,1,,
64788,100,69748,1,,
64789,170,69749,1,,
64790,250,69750,1,,
64791,123,69751,1,,
64792,5,69751,2,,
64793,5,69752,1,,
64794,6,69753,1,,
64795,18,69754,1,,
64796,2,69754,2,,
64797,19,69755,1,,
64798,15,69756,1,,
64799,1,69756,2,,
64800,168,69757,1,,
64801,100,69758,1,,
64802,170,69759,1,,
64803,250,69760,1,,
64804,123,69761,1,,
64805,5,69761,2,,
64806,5,69762,1,,
64807,6,69763,1,,
64808,18,69764,1,,
64809,2,69764,2,,
64810,19,69765,1,,
64811,15,69766,1,,
64812,1,69766,2,,
64813,168,69767,1,,
64814,100,69768,1,,
64815,170,69769,1,,
64816,250,69770,1,,
64817,123,69771,1,,
64818,5,69771,2,,
64819,5,69772,1,,
64820,6,69773,1,,
64821,18,69774,1,,
64822,2,69774,2,,
64823,19,69775,1,,
64824,15,69776,1,,
64825,1,69776,2,,
64826,168,69777,1,,
64827,100,69778,1,,
64828,170,69779,1,,
64829,250,69780,1,,
64830,123,69781,1,,
64831,5,69781,2,,
64832,5,69782,1,,
64833,6,69783,1,,
64834,18,69784,1,,
64835,2,69784,2,,
64836,19,69785,1,,
64837,15,69786,1,,
64838,1,69786,2,,
64839,168,69787,1,,
64840,100,69788,1,,
64841,170,69789,1,,
64842,250,69790,1,,
64843,123,69791,1,,
64844,5,69791,2,,
64845,5,69792,1,,
64846,6,69793,1,,
64847,18,69794,1,,
64848,2,69794,2,,
64849,19,69795,1,,
64850,15,69796,1,,
64851,1,69796,2,,
64852,168,69797,1,,
64853,100,69798,1,,
64854,170,69799,1,,
64855,250,69800,1,,
64856,123,69801,1,,
64857,5,69801,2,,
64858,5,69802,1,,
64859,6,69803,1,,
64860,18,69804,1,,
64861,2,69804,2,,
64862,19,69805,1,,
64863,15,69806,1,,
64864,1,69806,2,,
64865,168,69807,1,,
64866,100,69808,1,,
64867,170,69809,1,,
64868,250,69810,1,,
64869,131,69811,1,,
64870,5,69811,2,,
64871,5,69812,1,,
64872,6,69813,1,,
64873,18,69814,1,,
64874,2,69814,2,,
64875,19,69815,1,,
64876,15,69816,1,,
64877,1,69816,2,,
64878,168,69817,1,,
64879,100,69818,1,,
64880,170,69819,1,,
64881,250,69820,1,,
64882,131,69821,1,,
64883,5,69821,2,,
64884,5,69822,1,,
64885,6,69823,1,,
64886,18,69824,1,,
64887,2,69824,2,,
64888,19,69825,1,,
64889,15,69826,1,,
64890,1,69826,2,,
64891,168,69827,1,,
64892,100,69828,1,,
64893,170,69829,1,,
64894,250,69830,1,,
64895,131,69831,1,,
64896,5,69831,2,,
64897,5,69832,1,,
64898,6,69833,1,,
64899,18,69834,1,,
64900,2,69834,2,,
64901,19,69835,1,,
64902,15,69836,1,,
64903,1,69836,2,,
64904,174,69837,1,,
64905,104,69838,1,,
64906,172,69839,1,,
64907,250,69840,1,,
64908,131,69841,1,,
64909,5,69841,2,,
64910,7,69842,1,,
64911,6,69843,1,,
64912,14,69844,1,,
64913,2,69844,2,,
64914,19,69845,1,,
64915,15,69846,1,,
64916,1,69846,2,,
64917,174,69847,1,,
64918,104,69848,1,,
64919,172,69849,1,,
64920,250,69850,1,,
64921,131,69851,1,,
64922,5,69851,2,,
64923,7,69852,1,,
64924,6,69853,1,,
64925,14,69854,1,,
64926,2,69854,2,,
64927,19,69855,1,,
64928,15,69856,1,,
64929,1,69856,2,,
64930,174,69857,1,,
64931,104,69858,1,,
64932,172,69859,1,,
64933,250,69860,1,,
64934,131,69861,1,,
64935,5,69861,2,,
64936,7,69862,1,,
64937,6,69863,1,,
64938,14,69864,1,,
64939,2,69864,2,,
64940,19,69865,1,,
64941,15,69866,1,,
64942,1,69866,2,,
64943,174,69867,1,,
64944,104,69868,1,,
64945,172,69869,1,,
64946,250,69870,1,,
64947,131,69871,1,,
64948,5,69871,2,,
64949,7,69872,1,,
64950,6,69873,1,,
64951,14,69874,1,,
64952,2,69874,2,,
64953,19,69875,1,,
64954,15,69876,1,,
64955,1,69876,2,,
64956,174,69877,1,,
64957,104,69878,1,,
64958,172,69879,1,,
64959,250,69880,1,,
64960,131,69881,1,,
64961,5,69881,2,,
64962,7,69882,1,,
64963,6,69883,1,,
64964,14,69884,1,,
64965,2,69884,2,,
64966,19,69885,1,,
64967,15,69886,1,,
64968,1,69886,2,,
64969,174,69887,1,,
64970,104,69888,1,,
64971,172,69889,1,,
64972,250,69890,1,,
64973,131,69891,1,,
64974,5,69891,2,,
64975,7,69892,1,,
64976,6,69893,1,,
64977,14,69894,1,,
64978,2,69894,2,,
64979,19,69895,1,,
64980,15,69896,1,,
64981,1,69896,2,,
64982,174,69897,1,,
64983,104,69898,1,,
64984,172,69899,1,,
64985,250,69900,1,,
64986,131,69901,1,,
64987,5,69901,2,,
64988,7,69902,1,,
64989,6,69903,1,,
64990,14,69904,1,,
64991,2,69904,2,,
64992,19,69905,1,,
64993,15,69906,1,,
64994,1,69906,2,,
64995,174,69907,1,,
64996,104,69908,1,,
64997,172,69909,1,,
64998,250,69910,1,,
64999,131,69911,1,,
65000,5,69911,2,,
65001,7,69912,1,,
65002,6,69913,1,,
65003,14,69914,1,,
65004,2,69914,2,,
65005,19,69915,1,,
65006,15,69916,1,,
65007,1,69916,2,,
65008,174,69917,1,,
65009,104,69918,1,,
65010,172,69919,1,,
65011,250,69920,1,,
65012,131,69921,1,,
65013,5,69921,2,,
65014,7,69922,1,,
65015,6,69923,1,,
65016,14,69924,1,,
65017,2,69924,2,,
65018,19,69925,1,,
65019,15,69926,1,,
65020,1,69926,2,,
65021,174,69927,1,,
65022,104,69928,1,,
65023,172,69929,1,,
65024,250,69930,1,,
65025,128,69931,1,,
65026,6,69931,2,,
65027,7,69932,1,,
65028,7,69933,1,,
65029,14,69934,1,,
65030,2,69934,2,,
65031,19,69935,1,,
65032,15,69936,1,,
65033,1,69936,2,,
65034,174,69937,1,,
65035,104,69938,1,,
65036,172,69939,1,,
65037,250,69940,1,,
65038,128,69941,1,,
65039,6,69941,2,,
65040,7,69942,1,,
65041,7,69943,1,,
65042,14,69944,1,,
65043,2,69944,2,,
65044,19,69945,1,,
65045,15,69946,1,,
65046,1,69946,2,,
65047,174,69947,1,,
65048,104,69948,1,,
65049,172,69949,1,,
65050,250,69950,1,,
65051,128,69951,1,,
65052,6,69951,2,,
65053,7,69952,1,,
65054,7,69953,1,,
65055,14,69954,1,,
65056,2,69954,2,,
65057,19,69955,1,,
65058,15,69956,1,,
65059,1,69956,2,,
65060,174,69957,1,,
65061,97,69958,1,,
65062,177,69959,1,,
65063,249,69960,1,,
65064,128,69961,1,,
65065,6,69961,2,,
65066,7,69962,1,,
65067,7,69963,1,,
65068,14,69964,1,,
65069,2,69964,2,,
65070,19,69965,1,,
65071,17,69966,1,,
65072,1,69966,2,,
65073,174,69967,1,,
65074,97,69968,1,,
65075,177,69969,1,,
65076,249,69970,1,,
65077,128,69971,1,,
65078,6,69971,2,,
65079,7,69972,1,,
65080,7,69973,1,,
65081,14,69974,1,,
65082,2,69974,2,,
65083,19,69975,1,,
65084,17,69976,1,,
65085,1,69976,2,,
65086,174,69977,1,,
65087,97,69978,1,,
65088,177,69979,1,,
65089,249,69980,1,,
65090,128,69981,1,,
65091,6,69981,2,,
65092,7,69982,1,,
65093,7,69983,1,,
65094,14,69984,1,,
65095,2,69984,2,,
65096,19,69985,1,,
65097,17,69986,1,,
65098,1,69986,2,,
65099,174,69987,1,,
65100,97,69988,1,,
65101,177,69989,1,,
65102,249,69990,1,,
65103,128,69991,1,,
65104,6,69991,2,,
65105,7,69992,1,,
65106,7,69993,1,,
65107,14,69994,1,,
65108,2,69994,2,,
65109,19,69995,1,,
65110,17,69996,1,,
65111,1,69996,2,,
65112,174,69997,1,,
65113,97,69998,1,,
65114,177,69999,1,,
65115,249,70000,1,,
65116,128,70001,1,,
65117,6,70001,2,,
65118,7,70002,1,,
65119,7,70003,1,,
65120,14,70004,1,,
65121,2,70004,2,,
65122,19,70005,1,,
65123,17,70006,1,,
65124,1,70006,2,,
65125,174,70007,1,,
65126,97,70008,1,,
65127,177,70009,1,,
65128,249,70010,1,,
65129,128,70011,1,,
65130,6,70011,2,,
65131,7,70012,1,,
65132,7,70013,1,,
65133,14,70014,1,,
65134,2,70014,2,,
65135,19,70015,1,,
65136,17,70016,1,,
65137,1,70016,2,,
65138,174,70017,1,,
65139,97,70018,1,,
65140,177,70019,1,,
65141,249,70020,1,,
65142,128,70021,1,,
65143,6,70021,2,,
65144,7,70022,1,,
65145,7,70023,1,,
65146,14,70024,1,,
65147,2,70024,2,,
65148,19,70025,1,,
65149,17,70026,1,,
65150,1,70026,2,,
65151,174,70027,1,,
65152,97,70028,1,,
65153,177,70029,1,,
65154,249,70030,1,,
65155,128,70031,1,,
65156,6,70031,2,,
65157,7,70032,1,,
65158,7,70033,1,,
65159,14,70034,1,,
65160,2,70034,2,,
65161,19,70035,1,,
65162,17,70036,1,,
65163,1,70036,2,,
65164,174,70037,1,,
65165,97,70038,1,,
65166,177,70039,1,,
65167,249,70040,1,,
65168,128,70041,1,,
65169,6,70041,2,,
65170,7,70042,1,,
65171,7,70043,1,,
65172,14,70044,1,,
65173,2,70044,2,,
65174,19,70045,1,,
65175,17,70046,1,,
65176,1,70046,2,,
65177,174,70047,1,,
65178,97,70048,1,,
65179,177,70049,1,,
65180,249,70050,1,,
65181,130,70051,1,,
65182,6,70051,2,,
65183,7,70052,1,,
65184,7,70053,1,,
65185,14,70054,1,,
65186,2,70054,2,,
65187,19,70055,1,,
65188,17,70056,1,,
65189,1,70056,2,,
65190,174,70057,1,,
65191,97,70058,1,,
65192,177,70059,1,,
65193,249,70060,1,,
65194,130,70061,1,,
65195,6,70061,2,,
65196,7,70062,1,,
65197,7,70063,1,,
65198,14,70064,1,,
65199,2,70064,2,,
65200,19,70065,1,,
65201,17,70066,1,,
65202,1,70066,2,,
65203,174,70067,1,,
65204,97,70068,1,,
65205,177,70069,1,,
65206,249,70070,1,,
65207,130,70071,1,,
65208,6,70071,2,,
65209,7,70072,1,,
65210,7,70073,1,,
65211,14,70074,1,,
65212,2,70074,2,,
65213,19,70075,1,,
65214,17,70076,1,,
65215,1,70076,2,,
65216,187,70077,1,,
65217,166,70078,1,,
65218,213,70079,1,,
65219,249,70080,1,,
65220,130,70081,1,,
65221,6,70081,2,,
65222,12,70082,1,,
65223,7,70083,1,,
65224,14,70084,1,,
65225,2,70084,2,,
65226,23,70085,1,,
65227,17,70086,1,,
65228,1,70086,2,,
65229,187,70087,1,,
65230,166,70088,1,,
65231,213,70089,1,,
65232,249,70090,1,,
65233,130,70091,1,,
65234,6,70091,2,,
65235,12,70092,1,,
65236,7,70093,1,,
65237,14,70094,1,,
65238,2,70094,2,,
65239,23,70095,1,,
65240,17,70096,1,,
65241,1,70096,2,,
65242,187,70097,1,,
65243,166,70098,1,,
65244,213,70099,1,,
65245,249,70100,1,,
65246,130,70101,1,,
65247,6,70101,2,,
65248,12,70102,1,,
65249,7,70103,1,,
65250,14,70104,1,,
65251,2,70104,2,,
65252,23,70105,1,,
65253,17,70106,1,,
65254,1,70106,2,,
65255,187,70107,1,,
65256,166,70108,1,,
65257,213,70109,1,,
65258,249,70110,1,,
65259,130,70111,1,,
65260,6,70111,2,,
65261,12,70112,1,,
65262,7,70113,1,,
65263,14,70114,1,,
65264,2,70114,2,,
65265,23,70115,1,,
65266,17,70116,1,,
65267,1,70116,2,,
65268,187,70117,1,,
65269,166,70118,1,,
65270,213,70119,1,,
65271,249,70120,1,,
65272,130,70121,1,,
65273,6,70121,2,,
65274,12,70122,1,,
65275,7,70123,1,,
65276,14,70124,1,,
65277,2,70124,2,,
65278,23,70125,1,,
65279,17,70126,1,,
65280,1,70126,2,,
65281,187,70127,1,,
65282,166,70128,1,,
65283,213,70129,1,,
65284,249,70130,1,,
65285,130,70131,1,,
65286,6,70131,2,,
65287,12,70132,1,,
65288,7,70133,1,,
65289,14,70134,1,,
65290,2,70134,2,,
65291,23,70135,1,,
65292,17,70136,1,,
65293,1,70136,2,,
65294,187,70137,1,,
65295,166,70138,1,,
65296,213,70139,1,,
65297,249,70140,1,,
65298,130,70141,1,,
65299,6,70141,2,,
65300,12,70142,1,,
65301,7,70143,1,,
65302,14,70144,1,,
65303,2,70144,2,,
65304,23,70145,1,,
65305,17,70146,1,,
65306,1,70146,2,,
65307,187,70147,1,,
65308,166,70148,1,,
65309,213,70149,1,,
65310,249,70150,1,,
65311,130,70151,1,,
65312,6,70151,2,,
65313,12,70152,1,,
65314,7,70153,1,,
65315,14,70154,1,,
65316,2,70154,2,,
65317,23,70155,1,,
65318,17,70156,1,,
65319,1,70156,2,,
65320,187,70157,1,,
65321,166,70158,1,,
65322,213,70159,1,,
65323,249,70160,1,,
65324,130,70161,1,,
65325,6,70161,2,,
65326,12,70162,1,,
65327,7,70163,1,,
65328,14,70164,1,,
65329,2,70164,2,,
65330,23,70165,1,,
65331,17,70166,1,,
65332,1,70166,2,,
65333,187,70167,1,,
65334,166,70168,1,,
65335,213,70169,1,,
65336,249,70170,1,,
65337,125,70171,1,,
65338,4,70171,2,,
65339,12,70172,1,,
65340,6,70173,1,,
65341,14,70174,1,,
65342,2,70174,2,,
65343,23,70175,1,,
65344,17,70176,1,,
65345,1,70176,2,,
65346,187,70177,1,,
65347,166,70178,1,,
65348,213,70179,1,,
65349,249,70180,1,,
65350,125,70181,1,,
65351,4,70181,2,,
65352,12,70182,1,,
65353,6,70183,1,,
65354,14,70184,1,,
65355,2,70184,2,,
65356,23,70185,1,,
65357,17,70186,1,,
65358,1,70186,2,,
65359,187,70187,1,,
65360,166,70188,1,,
65361,213,70189,1,,
65362,249,70190,1,,
65363,125,70191,1,,
65364,4,70191,2,,
65365,12,70192,1,,
65366,6,70193,1,,
65367,23,70194,1,,
65368,17,70195,1,,
65369,1,70195,2,,
65370,189,70196,1,,
65371,166,70197,1,,
65372,208,70198,1,,
65373,240,70199,1,,
65374,125,70200,1,,
65375,4,70200,2,,
65376,12,70201,1,,
65377,6,70202,1,,
65378,23,70203,1,,
65379,17,70204,1,,
65380,1,70204,2,,
65381,189,70205,1,,
65382,166,70206,1,,
65383,208,70207,1,,
65384,240,70208,1,,
65385,125,70209,1,,
65386,4,70209,2,,
65387,12,70210,1,,
65388,6,70211,1,,
65389,23,70212,1,,
65390,17,70213,1,,
65391,1,70213,2,,
65392,189,70214,1,,
65393,166,70215,1,,
65394,208,70216,1,,
65395,240,70217,1,,
65396,125,70218,1,,
65397,4,70218,2,,
65398,12,70219,1,,
65399,6,70220,1,,
65400,23,70221,1,,
65401,17,70222,1,,
65402,1,70222,2,,
65403,189,70223,1,,
65404,166,70224,1,,
65405,208,70225,1,,
65406,240,70226,1,,
65407,125,70227,1,,
65408,4,70227,2,,
65409,12,70228,1,,
65410,6,70229,1,,
65411,23,70230,1,,
65412,17,70231,1,,
65413,1,70231,2,,
65414,189,70232,1,,
65415,166,70233,1,,
65416,208,70234,1,,
65417,240,70235,1,,
65418,125,70236,1,,
65419,4,70236,2,,
65420,12,70237,1,,
65421,6,70238,1,,
65422,23,70239,1,,
65423,17,70240,1,,
65424,1,70240,2,,
65425,189,70241,1,,
65426,166,70242,1,,
65427,208,70243,1,,
65428,240,70244,1,,
65429,125,70245,1,,
65430,4,70245,2,,
65431,12,70246,1,,
65432,6,70247,1,,
65433,23,70248,1,,
65434,17,70249,1,,
65435,1,70249,2,,
65436,189,70250,1,,
65437,166,70251,1,,
65438,208,70252,1,,
65439,240,70253,1,,
65440,125,70254,1,,
65441,4,70254,2,,
65442,12,70255,1,,
65443,6,70256,1,,
65444,23,70257,1,,
65445,17,70258,1,,
65446,1,70258,2,,
65447,189,70259,1,,
65448,166,70260,1,,
65449,208,70261,1,,
65450,240,70262,1,,
65451,125,70263,1,,
65452,4,70263,2,,
65453,12,70264,1,,
65454,6,70265,1,,
65455,23,70266,1,,
65456,17,70267,1,,
65457,1,70267,2,,
65458,189,70268,1,,
65459,166,70269,1,,
65460,208,70270,1,,
65461,240,70271,1,,
65462,125,70272,1,,
65463,4,70272,2,,
65464,12,70273,1,,
65465,6,70274,1,,
65466,23,70275,1,,
65467,17,70276,1,,
65468,1,70276,2,,
65469,189,70277,1,,
65470,166,70278,1,,
65471,208,70279,1,,
65472,240,70280,1,,
65473,129,70281,1,,
65474,5,70281,2,,
65475,12,70282,1,,
65476,6,70283,1,,
65477,23,70284,1,,
65478,17,70285,1,,
65479,1,70285,2,,
65480,189,70286,1,,
65481,166,70287,1,,
65482,208,70288,1,,
65483,240,70289,1,,
65484,129,70290,1,,
65485,5,70290,2,,
65486,12,70291,1,,
65487,6,70292,1,,
65488,23,70293,1,,
65489,17,70294,1,,
65490,1,70294,2,,
65491,189,70295,1,,
65492,166,70296,1,,
65493,208,70297,1,,
65494,240,70298,1,,
65495,129,70299,1,,
65496,5,70299,2,,
65497,12,70300,1,,
65498,6,70301,1,,
65499,23,70302,1,,
65500,17,70303,1,,
65501,1,70303,2,,
65502,183,70304,1,,
65503,174,70305,1,,
65504,228,70306,1,,
65505,274,70307,1,,
65506,129,70308,1,,
65507,5,70308,2,,
65508,16,70309,1,,
65509,6,70310,1,,
65510,23,70311,1,,
65511,17,70312,1,,
65512,1,70312,2,,
65513,183,70313,1,,
65514,174,70314,1,,
65515,228,70315,1,,
65516,274,70316,1,,
65517,129,70317,1,,
65518,5,70317,2,,
65519,16,70318,1,,
65520,6,70319,1,,
65521,23,70320,1,,
65522,17,70321,1,,
65523,1,70321,2,,
65524,183,70322,1,,
65525,174,70323,1,,
65526,228,70324,1,,
65527,274,70325,1,,
65528,129,70326,1,,
65529,5,70326,2,,
65530,16,70327,1,,
65531,6,70328,1,,
65532,23,70329,1,,
65533,17,70330,1,,
65534,1,70330,2,,
65535,183,70331,1,,
65536,174,70332,1,,
65537,228,70333,1,,
65538,274,70334,1,,
65539,129,70335,1,,
65540,5,70335,2,,
65541,16,70336,1,,
65542,6,70337,1,,
65543,23,70338,1,,
65544,17,70339,1,,
65545,1,70339,2,,
65546,183,70340,1,,
65547,174,70341,1,,
65548,228,70342,1,,
65549,274,70343,1,,
65550,129,70344,1,,
65551,5,70344,2,,
65552,16,70345,1,,
65553,6,70346,1,,
65554,23,70347,1,,
65555,17,70348,1,,
65556,1,70348,2,,
65557,183,70349,1,,
65558,174,70350,1,,
65559,228,70351,1,,
65560,274,70352,1,,
65561,129,70353,1,,
65562,5,70353,2,,
65563,16,70354,1,,
65564,6,70355,1,,
65565,23,70356,1,,
65566,17,70357,1,,
65567,1,70357,2,,
65568,183,70358,1,,
65569,174,70359,1,,
65570,228,70360,1,,
65571,274,70361,1,,
65572,129,70362,1,,
65573,5,70362,2,,
65574,16,70363,1,,
65575,6,70364,1,,
65576,23,70365,1,,
65577,17,70366,1,,
65578,1,70366,2,,
65579,183,70367,1,,
65580,174,70368,1,,
65581,228,70369,1,,
65582,274,70370,1,,
65583,129,70371,1,,
65584,5,70371,2,,
65585,16,70372,1,,
65586,6,70373,1,,
65587,23,70374,1,,
65588,17,70375,1,,
65589,1,70375,2,,
65590,183,70376,1,,
65591,174,70377,1,,
65592,228,70378,1,,
65593,274,70379,1,,
65594,129,70380,1,,
65595,5,70380,2,,
65596,16,70381,1,,
65597,6,70382,1,,
65598,23,70383,1,,
65599,17,70384,1,,
65600,1,70384,2,,
65601,183,70385,1,,
65602,174,70386,1,,
65603,228,70387,1,,
65604,274,70388,1,,
65605,128,70389,1,,
65606,5,70389,2,,
65607,16,70390,1,,
65608,7,70391,1,,
65609,23,70392,1,,
65610,17,70393,1,,
65611,1,70393,2,,
65612,183,70394,1,,
65613,174,70395,1,,
65614,228,70396,1,,
65615,274,70397,1,,
65616,128,70398,1,,
65617,5,70398,2,,
65618,16,70399,1,,
65619,7,70400,1,,
65620,23,70401,1,,
65621,17,70402,1,,
65622,1,70402,2,,
65623,183,70403,1,,
65624,174,70404,1,,
65625,228,70405,1,,
65626,274,70406,1,,
65627,128,70407,1,,
65628,5,70407,2,,
65629,16,70408,1,,
65630,7,70409,1,,
65631,23,70410,1,,
65632,17,70411,1,,
65633,1,70411,2,,
65634,184,70412,1,,
65635,175,70413,1,,
65636,234,70414,1,,
65637,282,70415,1,,
65638,128,70416,1,,
65639,5,70416,2,,
65640,16,70417,1,,
65641,7,70418,1,,
65642,24,70419,1,,
65643,14,70420,1,,
65644,1,70420,2,,
65645,184,70421,1,,
65646,175,70422,1,,
65647,234,70423,1,,
65648,282,70424,1,,
65649,128,70425,1,,
65650,5,70425,2,,
65651,16,70426,1,,
65652,7,70427,1,,
65653,24,70428,1,,
65654,14,70429,1,,
65655,1,70429,2,,
65656,184,70430,1,,
65657,175,70431,1,,
65658,234,70432,1,,
65659,282,70433,1,,
65660,128,70434,1,,
65661,5,70434,2,,
65662,16,70435,1,,
65663,7,70436,1,,
65664,24,70437,1,,
65665,14,70438,1,,
65666,1,70438,2,,
65667,184,70439,1,,
65668,175,70440,1,,
65669,234,70441,1,,
65670,282,70442,1,,
65671,128,70443,1,,
65672,5,70443,2,,
65673,16,70444,1,,
65674,7,70445,1,,
65675,24,70446,1,,
65676,14,70447,1,,
65677,1,70447,2,,
65678,184,70448,1,,
65679,175,70449,1,,
65680,234,70450,1,,
65681,282,70451,1,,
65682,128,70452,1,,
65683,5,70452,2,,
65684,16,70453,1,,
65685,7,70454,1,,
65686,24,70455,1,,
65687,14,70456,1,,
65688,1,70456,2,,
65689,184,70457,1,,
65690,175,70458,1,,
65691,234,70459,1,,
65692,282,70460,1,,
65693,128,70461,1,,
65694,5,70461,2,,
65695,16,70462,1,,
65696,7,70463,1,,
65697,24,70464,1,,
65698,14,70465,1,,
65699,1,70465,2,,
65700,184,70466,1,,
65701,175,70467,1,,
65702,234,70468,1,,
65703,282,70469,1,,
65704,128,70470,1,,
65705,5,70470,2,,
65706,16,70471,1,,
65707,7,70472,1,,
65708,24,70473,1,,
65709,14,70474,1,,
65710,1,70474,2,,
65711,184,70475,1,,
65712,175,70476,1,,
65713,234,70477,1,,
65714,282,70478,1,,
65715,128,70479,1,,
65716,5,70479,2,,
65717,16,70480,1,,
65718,7,70481,1,,
65719,24,70482,1,,
65720,14,70483,1,,
65721,1,70483,2,,
65722,184,70484,1,,
65723,175,70485,1,,
65724,234,70486,1,,
65725,282,70487,1,,
65726,128,70488,1,,
65727,5,70488,2,,
65728,16,70489,1,,
65729,7,70490,1,,
65730,24,70491,1,,
65731,14,70492,1,,
65732,1,70492,2,,
65733,184,70493,1,,
65734,175,70494,1,,
65735,234,70495,1,,
65736,282,70496,1,,
65737,129,70497,1,,
65738,5,70497,2,,
65739,16,70498,1,,
65740,7,70499,1,,
65741,24,70500,1,,
65742,14,70501,1,,
65743,1,70501,2,,
65744,184,70502,1,,
65745,175,70503,1,,
65746,234,70504,1,,
65747,282,70505,1,,
65748,129,70506,1,,
65749,5,70506,2,,
65750,16,70507,1,,
65751,7,70508,1,,
65752,24,70509,1,,
65753,14,70510,1,,
65754,1,70510,2,,
65755,184,70511,1,,
65756,175,70512,1,,
65757,234,70513,1,,
65758,282,70514,1,,
65759,129,70515,1,,
65760,5,70515,2,,
65761,16,70516,1,,
65762,7,70517,1,,
65763,24,70518,1,,
65764,14,70519,1,,
65765,1,70519,2,,
65766,184,70520,1,,
65767,193,70521,1,,
65768,256,70522,1,,
65769,326,70523,1,,
65770,129,70524,1,,
65771,5,70524,2,,
65772,16,70525,1,,
65773,7,70526,1,,
65774,16,70527,1,,
65775,14,70528,1,,
65776,1,70528,2,,
65777,184,70529,1,,
65778,193,70530,1,,
65779,256,70531,1,,
65780,326,70532,1,,
65781,129,70533,1,,
65782,5,70533,2,,
65783,16,70534,1,,
65784,7,70535,1,,
65785,16,70536,1,,
65786,14,70537,1,,
65787,1,70537,2,,
65788,184,70538,1,,
65789,193,70539,1,,
65790,256,70540,1,,
65791,326,70541,1,,
65792,129,70542,1,,
65793,5,70542,2,,
65794,16,70543,1,,
65795,7,70544,1,,
65796,16,70545,1,,
65797,14,70546,1,,
65798,1,70546,2,,
65799,184,70547,1,,
65800,193,70548,1,,
65801,256,70549,1,,
65802,326,70550,1,,
65803,129,70551,1,,
65804,5,70551,2,,
65805,16,70552,1,,
65806,7,70553,1,,
65807,16,70554,1,,
65808,14,70555,1,,
65809,1,70555,2,,
65810,184,70556,1,,
65811,193,70557,1,,
65812,256,70558,1,,
65813,326,70559,1,,
65814,129,70560,1,,
65815,5,70560,2,,
65816,16,70561,1,,
65817,7,70562,1,,
65818,16,70563,1,,
65819,14,70564,1,,
65820,1,70564,2,,
65821,184,70565,1,,
65822,193,70566,1,,
65823,256,70567,1,,
65824,326,70568,1,,
65825,129,70569,1,,
65826,5,70569,2,,
65827,16,70570,1,,
65828,7,70571,1,,
65829,16,70572,1,,
65830,14,70573,1,,
65831,1,70573,2,,
65832,184,70574,1,,
65833,193,70575,1,,
65834,256,70576,1,,
65835,326,70577,1,,
65836,129,70578,1,,
65837,5,70578,2,,
65838,16,70579,1,,
65839,7,70580,1,,
65840,16,70581,1,,
65841,14,70582,1,,
65842,1,70582,2,,
65843,184,70583,1,,
65844,193,70584,1,,
65845,256,70585,1,,
65846,326,70586,1,,
65847,129,70587,1,,
65848,5,70587,2,,
65849,16,70588,1,,
65850,7,70589,1,,
65851,16,70590,1,,
65852,14,70591,1,,
65853,1,70591,2,,
65854,184,70592,1,,
65855,193,70593,1,,
65856,256,70594,1,,
65857,326,70595,1,,
65858,129,70596,1,,
65859,5,70596,2,,
65860,16,70597,1,,
65861,7,70598,1,,
65862,16,70599,1,,
65863,14,70600,1,,
65864,1,70600,2,,
65865,184,70601,1,,
65866,193,70602,1,,
65867,256,70603,1,,
65868,326,70604,1,,
65869,131,70605,1,,
65870,5,70605,2,,
65871,16,70606,1,,
65872,7,70607,1,,
65873,16,70608,1,,
65874,14,70609,1,,
65875,1,70609,2,,
65876,184,70610,1,,
65877,193,70611,1,,
65878,256,70612,1,,
65879,326,70613,1,,
65880,131,70614,1,,
65881,5,70614,2,,
65882,16,70615,1,,
65883,7,70616,1,,
65884,16,70617,1,,
65885,14,70618,1,,
65886,1,70618,2,,
65887,184,70619,1,,
65888,193,70620,1,,
65889,256,70621,1,,
65890,326,70622,1,,
65891,131,70623,1,,
65892,5,70623,2,,
65893,16,70624,1,,
65894,7,70625,1,,
65895,16,70626,1,,
65896,14,70627,1,,
65897,1,70627,2,,
65898,183,70628,1,,
65899,270,70629,1,,
65900,280,70630,1,,
65901,351,70631,1,,
65902,131,70632,1,,
65903,5,70632,2,,
65904,17,70633,1,,
65905,7,70634,1,,
65906,16,70635,1,,
65907,14,70636,1,,
65908,1,70636,2,,
65909,183,70637,1,,
65910,270,70638,1,,
65911,280,70639,1,,
65912,351,70640,1,,
65913,131,70641,1,,
65914,5,70641,2,,
65915,17,70642,1,,
65916,7,70643,1,,
65917,16,70644,1,,
65918,14,70645,1,,
65919,1,70645,2,,
65920,183,70646,1,,
65921,270,70647,1,,
65922,280,70648,1,,
65923,351,70649,1,,
65924,131,70650,1,,
65925,5,70650,2,,
65926,17,70651,1,,
65927,7,70652,1,,
65928,16,70653,1,,
65929,14,70654,1,,
65930,1,70654,2,,
65931,183,70655,1,,
65932,270,70656,1,,
65933,280,70657,1,,
65934,351,70658,1,,
65935,131,70659,1,,
65936,5,70659,2,,
65937,17,70660,1,,
65938,7,70661,1,,
65939,16,70662,1,,
65940,14,70663,1,,
65941,1,70663,2,,
65942,183,70664,1,,
65943,270,70665,1,,
65944,280,70666,1,,
65945,351,70667,1,,
65946,131,70668,1,,
65947,5,70668,2,,
65948,17,70669,1,,
65949,7,70670,1,,
65950,16,70671,1,,
65951,14,70672,1,,
65952,1,70672,2,,
65953,183,70673,1,,
65954,270,70674,1,,
65955,280,70675,1,,
65956,351,70676,1,,
65957,131,70677,1,,
65958,5,70677,2,,
65959,17,70678,1,,
65960,7,70679,1,,
65961,16,70680,1,,
65962,14,70681,1,,
65963,1,70681,2,,
65964,183,70682,1,,
65965,270,70683,1,,
65966,280,70684,1,,
65967,351,70685,1,,
65968,131,70686,1,,
65969,5,70686,2,,
65970,17,70687,1,,
65971,7,70688,1,,
65972,16,70689,1,,
65973,14,70690,1,,
65974,1,70690,2,,
65975,183,70691,1,,
65976,270,70692,1,,
65977,280,70693,1,,
65978,351,70694,1,,
65979,131,70695,1,,
65980,5,70695,2,,
65981,17,70696,1,,
65982,7,70697,1,,
65983,16,70698,1,,
65984,14,70699,1,,
65985,1,70699,2,,
65986,183,70700,1,,
65987,270,70701,1,,
65988,280,70702,1,,
65989,351,70703,1,,
65990,131,70704,1,,
65991,5,70704,2,,
65992,17,70705,1,,
65993,7,70706,1,,
65994,16,70707,1,,
65995,14,70708,1,,
65996,1,70708,2,,
65997,183,70709,1,,
65998,270,70710,1,,
65999,280,70711,1,,
66000,351,70712,1,,
66001,124,70713,1,,
66002,5,70713,2,,
66003,17,70714,1,,
66004,7,70715,1,,
66005,16,70716,1,,
66006,14,70717,1,,
66007,1,70717,2,,
66008,183,70718,1,,
66009,270,70719,1,,
66010,280,70720,1,,
66011,351,70721,1,,
66012,124,70722,1,,
66013,5,70722,2,,
66014,17,70723,1,,
66015,7,70724,1,,
66016,16,70725,1,,
66017,14,70726,1,,
66018,1,70726,2,,
66019,183,70727,1,,
66020,270,70728,1,,
66021,280,70729,1,,
66022,351,70730,1,,
66023,124,70731,1,,
66024,5,70731,2,,
66025,17,70732,1,,
66026,7,70733,1,,
66027,16,70734,1,,
66028,14,70735,1,,
66029,1,70735,2,,
66030,184,70736,1,,
66031,296,70737,1,,
66032,298,70738,1,,
66033,350,70739,1,,
66034,124,70740,1,,
66035,5,70740,2,,
66036,18,70741,1,,
66037,7,70742,1,,
66038,16,70743,1,,
66039,14,70744,1,,
66040,1,70744,2,,
66041,184,70745,1,,
66042,296,70746,1,,
66043,298,70747,1,,
66044,350,70748,1,,
66045,124,70749,1,,
66046,5,70749,2,,
66047,18,70750,1,,
66048,7,70751,1,,
66049,16,70752,1,,
66050,14,70753,1,,
66051,1,70753,2,,
66052,184,70754,1,,
66053,296,70755,1,,
66054,298,70756,1,,
66055,350,70757,1,,
66056,124,70758,1,,
66057,5,70758,2,,
66058,18,70759,1,,
66059,7,70760,1,,
66060,16,70761,1,,
66061,14,70762,1,,
66062,1,70762,2,,
66063,184,70763,1,,
66064,296,70764,1,,
66065,298,70765,1,,
66066,350,70766,1,,
66067,124,70767,1,,
66068,5,70767,2,,
66069,18,70768,1,,
66070,7,70769,1,,
66071,16,70770,1,,
66072,14,70771,1,,
66073,1,70771,2,,
66074,184,70772,1,,
66075,296,70773,1,,
66076,298,70774,1,,
66077,350,70775,1,,
66078,124,70776,1,,
66079,5,70776,2,,
66080,18,70777,1,,
66081,7,70778,1,,
66082,16,70779,1,,
66083,14,70780,1,,
66084,1,70780,2,,
66085,184,70781,1,,
66086,296,70782,1,,
66087,298,70783,1,,
66088,350,70784,1,,
66089,124,70785,1,,
66090,5,70785,2,,
66091,18,70786,1,,
66092,7,70787,1,,
66093,16,70788,1,,
66094,14,70789,1,,
66095,1,70789,2,,
66096,184,70790,1,,
66097,296,70791,1,,
66098,298,70792,1,,
66099,350,70793,1,,
66100,124,70794,1,,
66101,5,70794,2,,
66102,18,70795,1,,
66103,7,70796,1,,
66104,16,70797,1,,
66105,14,70798,1,,
66106,1,70798,2,,
66107,184,70799,1,,
66108,296,70800,1,,
66109,298,70801,1,,
66110,350,70802,1,,
66111,124,70803,1,,
66112,5,70803,2,,
66113,18,70804,1,,
66114,7,70805,1,,
66115,16,70806,1,,
66116,14,70807,1,,
66117,1,70807,2,,
66118,184,70808,1,,
66119,296,70809,1,,
66120,298,70810,1,,
66121,350,70811,1,,
66122,124,70812,1,,
66123,5,70812,2,,
66124,18,70813,1,,
66125,7,70814,1,,
66126,16,70815,1,,
66127,14,70816,1,,
66128,1,70816,2,,
66129,184,70817,1,,
66130,296,70818,1,,
66131,298,70819,1,,
66132,350,70820,1,,
66133,125,70821,1,,
66134,4,70821,2,,
66135,18,70822,1,,
66136,7,70823,1,,
66137,16,70824,1,,
66138,14,70825,1,,
66139,1,70825,2,,
66140,184,70826,1,,
66141,296,70827,1,,
66142,298,70828,1,,
66143,350,70829,1,,
66144,125,70830,1,,
66145,4,70830,2,,
66146,18,70831,1,,
66147,7,70832,1,,
66148,16,70833,1,,
66149,14,70834,1,,
66150,1,70834,2,,
66151,184,70835,1,,
66152,296,70836,1,,
66153,298,70837,1,,
66154,350,70838,1,,
66155,125,70839,1,,
66156,4,70839,2,,
66157,18,70840,1,,
66158,7,70841,1,,
66159,16,70842,1,,
66160,14,70843,1,,
66161,1,70843,2,,
66162,187,70844,1,,
66163,303,70845,1,,
66164,302,70846,1,,
66165,339,70847,1,,
66166,125,70848,1,,
66167,4,70848,2,,
66168,18,70849,1,,
66169,7,70850,1,,
66170,16,70851,1,,
66171,16,70852,1,,
66172,2,70852,2,,
66173,187,70853,1,,
66174,303,70854,1,,
66175,302,70855,1,,
66176,339,70856,1,,
66177,125,70857,1,,
66178,4,70857,2,,
66179,18,70858,1,,
66180,7,70859,1,,
66181,16,70860,1,,
66182,16,70861,1,,
66183,2,70861,2,,
66184,187,70862,1,,
66185,303,70863,1,,
66186,302,70864,1,,
66187,339,70865,1,,
66188,125,70866,1,,
66189,4,70866,2,,
66190,18,70867,1,,
66191,7,70868,1,,
66192,16,70869,1,,
66193,16,70870,1,,
66194,2,70870,2,,
66195,187,70871,1,,
66196,303,70872,1,,
66197,302,70873,1,,
66198,339,70874,1,,
66199,125,70875,1,,
66200,4,70875,2,,
66201,18,70876,1,,
66202,7,70877,1,,
66203,16,70878,1,,
66204,16,70879,1,,
66205,2,70879,2,,
66206,187,70880,1,,
66207,303,70881,1,,
66208,302,70882,1,,
66209,339,70883,1,,
66210,125,70884,1,,
66211,4,70884,2,,
66212,18,70885,1,,
66213,7,70886,1,,
66214,16,70887,1,,
66215,16,70888,1,,
66216,2,70888,2,,
66217,187,70889,1,,
66218,303,70890,1,,
66219,302,70891,1,,
66220,339,70892,1,,
66221,125,70893,1,,
66222,4,70893,2,,
66223,18,70894,1,,
66224,7,70895,1,,
66225,16,70896,1,,
66226,16,70897,1,,
66227,2,70897,2,,
66228,187,70898,1,,
66229,303,70899,1,,
66230,302,70900,1,,
66231,339,70901,1,,
66232,125,70902,1,,
66233,4,70902,2,,
66234,18,70903,1,,
66235,7,70904,1,,
66236,16,70905,1,,
66237,16,70906,1,,
66238,2,70906,2,,
66239,187,70907,1,,
66240,303,70908,1,,
66241,302,70909,1,,
66242,339,70910,1,,
66243,125,70911,1,,
66244,4,70911,2,,
66245,18,70912,1,,
66246,7,70913,1,,
66247,16,70914,1,,
66248,16,70915,1,,
66249,2,70915,2,,
66250,187,70916,1,,
66251,303,70917,1,,
66252,302,70918,1,,
66253,339,70919,1,,
66254,125,70920,1,,
66255,4,70920,2,,
66256,18,70921,1,,
66257,7,70922,1,,
66258,16,70923,1,,
66259,16,70924,1,,
66260,2,70924,2,,
66261,187,70925,1,,
66262,303,70926,1,,
66263,302,70927,1,,
66264,339,70928,1,,
66265,125,70929,1,,
66266,5,70929,2,,
66267,18,70930,1,,
66268,7,70931,1,,
66269,16,70932,1,,
66270,16,70933,1,,
66271,2,70933,2,,
66272,187,70934,1,,
66273,303,70935,1,,
66274,302,70936,1,,
66275,339,70937,1,,
66276,125,70938,1,,
66277,5,70938,2,,
66278,18,70939,1,,
66279,7,70940,1,,
66280,16,70941,1,,
66281,16,70942,1,,
66282,2,70942,2,,
66283,187,70943,1,,
66284,303,70944,1,,
66285,302,70945,1,,
66286,339,70946,1,,
66287,125,70947,1,,
66288,5,70947,2,,
66289,18,70948,1,,
66290,7,70949,1,,
66291,16,70950,1,,
66292,16,70951,1,,
66293,2,70951,2,,
66294,184,70952,1,,
66295,286,70953,1,,
66296,297,70954,1,,
66297,338,70955,1,,
66298,125,70956,1,,
66299,5,70956,2,,
66300,18,70957,1,,
66301,7,70958,1,,
66302,16,70959,1,,
66303,16,70960,1,,
66304,2,70960,2,,
66305,184,70961,1,,
66306,286,70962,1,,
66307,297,70963,1,,
66308,338,70964,1,,
66309,125,70965,1,,
66310,5,70965,2,,
66311,18,70966,1,,
66312,7,70967,1,,
66313,16,70968,1,,
66314,16,70969,1,,
66315,2,70969,2,,
66316,184,70970,1,,
66317,286,70971,1,,
66318,297,70972,1,,
66319,338,70973,1,,
66320,125,70974,1,,
66321,5,70974,2,,
66322,18,70975,1,,
66323,7,70976,1,,
66324,16,70977,1,,
66325,16,70978,1,,
66326,2,70978,2,,
66327,184,70979,1,,
66328,286,70980,1,,
66329,297,70981,1,,
66330,338,70982,1,,
66331,125,70983,1,,
66332,5,70983,2,,
66333,18,70984,1,,
66334,7,70985,1,,
66335,16,70986,1,,
66336,16,70987,1,,
66337,2,70987,2,,
66338,184,70988,1,,
66339,286,70989,1,,
66340,297,70990,1,,
66341,338,70991,1,,
66342,125,70992,1,,
66343,5,70992,2,,
66344,18,70993,1,,
66345,7,70994,1,,
66346,16,70995,1,,
66347,16,70996,1,,
66348,2,70996,2,,
66349,184,70997,1,,
66350,286,70998,1,,
66351,297,70999,1,,
66352,338,71000,1,,
66353,125,71001,1,,
66354,5,71001,2,,
66355,18,71002,1,,
66356,7,71003,1,,
66357,16,71004,1,,
66358,16,71005,1,,
66359,2,71005,2,,
66360,184,71006,1,,
66361,286,71007,1,,
66362,297,71008,1,,
66363,338,71009,1,,
66364,125,71010,1,,
66365,5,71010,2,,
66366,18,71011,1,,
66367,7,71012,1,,
66368,16,71013,1,,
66369,16,71014,1,,
66370,2,71014,2,,
66371,184,71015,1,,
66372,286,71016,1,,
66373,297,71017,1,,
66374,338,71018,1,,
66375,125,71019,1,,
66376,5,71019,2,,
66377,18,71020,1,,
66378,7,71021,1,,
66379,16,71022,1,,
66380,16,71023,1,,
66381,2,71023,2,,
66382,184,71024,1,,
66383,286,71025,1,,
66384,297,71026,1,,
66385,338,71027,1,,
66386,125,71028,1,,
66387,5,71028,2,,
66388,18,71029,1,,
66389,7,71030,1,,
66390,16,71031,1,,
66391,16,71032,1,,
66392,2,71032,2,,
66393,184,71033,1,,
66394,286,71034,1,,
66395,297,71035,1,,
66396,338,71036,1,,
66397,125,71037,1,,
66398,5,71037,2,,
66399,18,71038,1,,
66400,7,71039,1,,
66401,16,71040,1,,
66402,16,71041,1,,
66403,2,71041,2,,
66404,184,71042,1,,
66405,286,71043,1,,
66406,297,71044,1,,
66407,338,71045,1,,
66408,125,71046,1,,
66409,5,71046,2,,
66410,18,71047,1,,
66411,7,71048,1,,
66412,16,71049,1,,
66413,16,71050,1,,
66414,2,71050,2,,
66415,184,71051,1,,
66416,286,71052,1,,
66417,297,71053,1,,
66418,338,71054,1,,
66419,125,71055,1,,
66420,5,71055,2,,
66421,18,71056,1,,
66422,7,71057,1,,
66423,16,71058,1,,
66424,16,71059,1,,
66425,2,71059,2,,
66426,183,71060,1,,
66427,290,71061,1,,
66428,297,71062,1,,
66429,338,71063,1,,
66430,125,71064,1,,
66431,5,71064,2,,
66432,18,71065,1,,
66433,7,71066,1,,
66434,16,71067,1,,
66435,16,71068,1,,
66436,2,71068,2,,
66437,183,71069,1,,
66438,290,71070,1,,
66439,297,71071,1,,
66440,338,71072,1,,
66441,125,71073,1,,
66442,5,71073,2,,
66443,18,71074,1,,
66444,7,71075,1,,
66445,16,71076,1,,
66446,16,71077,1,,
66447,2,71077,2,,
66448,183,71078,1,,
66449,290,71079,1,,
66450,297,71080,1,,
66451,338,71081,1,,
66452,125,71082,1,,
66453,5,71082,2,,
66454,18,71083,1,,
66455,7,71084,1,,
66456,16,71085,1,,
66457,16,71086,1,,
66458,2,71086,2,,
66459,183,71087,1,,
66460,290,71088,1,,
66461,297,71089,1,,
66462,338,71090,1,,
66463,128,71091,1,,
66464,4,71091,2,,
66465,18,71092,1,,
66466,7,71093,1,,
66467,16,71094,1,,
66468,16,71095,1,,
66469,2,71095,2,,
66470,183,71096,1,,
66471,290,71097,1,,
66472,297,71098,1,,
66473,338,71099,1,,
66474,128,71100,1,,
66475,4,71100,2,,
66476,18,71101,1,,
66477,7,71102,1,,
66478,16,71103,1,,
66479,16,71104,1,,
66480,2,71104,2,,
66481,183,71105,1,,
66482,290,71106,1,,
66483,297,71107,1,,
66484,338,71108,1,,
66485,128,71109,1,,
66486,4,71109,2,,
66487,18,71110,1,,
66488,7,71111,1,,
66489,16,71112,1,,
66490,16,71113,1,,
66491,2,71113,2,,
66492,183,71114,1,,
66493,290,71115,1,,
66494,297,71116,1,,
66495,338,71117,1,,
66496,128,71118,1,,
66497,4,71118,2,,
66498,18,71119,1,,
66499,7,71120,1,,
66500,16,71121,1,,
66501,16,71122,1,,
66502,2,71122,2,,
66503,183,71123,1,,
66504,290,71124,1,,
66505,297,71125,1,,
66506,338,71126,1,,
66507,142,71127,1,,
66508,4,71127,2,,
66509,18,71128,1,,
66510,8,71129,1,,
66511,16,71130,1,,
66512,16,71131,1,,
66513,2,71131,2,,
66514,183,71132,1,,
66515,290,71133,1,,
66516,297,71134,1,,
66517,338,71135,1,,
66518,142,71136,1,,
66519,4,71136,2,,
66520,18,71137,1,,
66521,8,71138,1,,
66522,16,71139,1,,
66523,16,71140,1,,
66524,2,71140,2,,
66525,183,71141,1,,
66526,290,71142,1,,
66527,297,71143,1,,
66528,338,71144,1,,
66529,142,71145,1,,
66530,4,71145,2,,
66531,18,71146,1,,
66532,8,71147,1,,
66533,16,71148,1,,
66534,16,71149,1,,
66535,2,71149,2,,
66536,183,71150,1,,
66537,290,71151,1,,
66538,297,71152,1,,
66539,338,71153,1,,
66540,142,71154,1,,
66541,4,71154,2,,
66542,18,71155,1,,
66543,8,71156,1,,
66544,16,71157,1,,
66545,16,71158,1,,
66546,2,71158,2,,
66547,183,71159,1,,
66548,290,71160,1,,
66549,297,71161,1,,
66550,338,71162,1,,
66551,142,71163,1,,
66552,4,71163,2,,
66553,18,71164,1,,
66554,8,71165,1,,
66555,16,71166,1,,
66556,16,71167,1,,
66557,2,71167,2,,
66558,182,71168,1,,
66559,292,71169,1,,
66560,295,71170,1,,
66561,338,71171,1,,
66562,142,71172,1,,
66563,4,71172,2,,
66564,21,71173,1,,
66565,8,71174,1,,
66566,16,71175,1,,
66567,16,71176,1,,
66568,2,71176,2,,
66569,182,71177,1,,
66570,292,71178,1,,
66571,295,71179,1,,
66572,338,71180,1,,
66573,142,71181,1,,
66574,4,71181,2,,
66575,21,71182,1,,
66576,8,71183,1,,
66577,16,71184,1,,
66578,16,71185,1,,
66579,2,71185,2,,
66580,182,71186,1,,
66581,292,71187,1,,
66582,295,71188,1,,
66583,338,71189,1,,
66584,142,71190,1,,
66585,4,71190,2,,
66586,21,71191,1,,
66587,8,71192,1,,
66588,16,71193,1,,
66589,16,71194,1,,
66590,2,71194,2,,
66591,182,71195,1,,
66592,292,71196,1,,
66593,295,71197,1,,
66594,338,71198,1,,
66595,142,71199,1,,
66596,4,71199,2,,
66597,21,71200,1,,
66598,8,71201,1,,
66599,16,71202,1,,
66600,16,71203,1,,
66601,2,71203,2,,
66602,182,71204,1,,
66603,292,71205,1,,
66604,295,71206,1,,
66605,338,71207,1,,
66606,142,71208,1,,
66607,4,71208,2,,
66608,21,71209,1,,
66609,8,71210,1,,
66610,16,71211,1,,
66611,16,71212,1,,
66612,2,71212,2,,
66613,182,71213,1,,
66614,292,71214,1,,
66615,295,71215,1,,
66616,338,71216,1,,
66617,142,71217,1,,
66618,4,71217,2,,
66619,21,71218,1,,
66620,8,71219,1,,
66621,16,71220,1,,
66622,16,71221,1,,
66623,2,71221,2,,
66624,182,71222,1,,
66625,292,71223,1,,
66626,295,71224,1,,
66627,338,71225,1,,
66628,142,71226,1,,
66629,4,71226,2,,
66630,21,71227,1,,
66631,8,71228,1,,
66632,16,71229,1,,
66633,16,71230,1,,
66634,2,71230,2,,
66635,182,71231,1,,
66636,292,71232,1,,
66637,295,71233,1,,
66638,338,71234,1,,
66639,142,71235,1,,
66640,4,71235,2,,
66641,21,71236,1,,
66642,8,71237,1,,
66643,16,71238,1,,
66644,16,71239,1,,
66645,2,71239,2,,
66646,182,71240,1,,
66647,292,71241,1,,
66648,295,71242,1,,
66649,338,71243,1,,
66650,142,71244,1,,
66651,4,71244,2,,
66652,21,71245,1,,
66653,8,71246,1,,
66654,16,71247,1,,
66655,16,71248,1,,
66656,2,71248,2,,
66657,182,71249,1,,
66658,292,71250,1,,
66659,295,71251,1,,
66660,338,71252,1,,
66661,150,71253,1,,
66662,3,71253,2,,
66663,21,71254,1,,
66664,8,71255,1,,
66665,16,71256,1,,
66666,16,71257,1,,
66667,2,71257,2,,
66668,182,71258,1,,
66669,292,71259,1,,
66670,295,71260,1,,
66671,338,71261,1,,
66672,150,71262,1,,
66673,3,71262,2,,
66674,21,71263,1,,
66675,8,71264,1,,
66676,16,71265,1,,
66677,16,71266,1,,
66678,2,71266,2,,
66679,182,71267,1,,
66680,292,71268,1,,
66681,295,71269,1,,
66682,338,71270,1,,
66683,150,71271,1,,
66684,3,71271,2,,
66685,21,71272,1,,
66686,8,71273,1,,
66687,16,71274,1,,
66688,16,71275,1,,
66689,2,71275,2,,
66690,179,71276,1,,
66691,290,71277,1,,
66692,283,71278,1,,
66693,337,71279,1,,
66694,150,71280,1,,
66695,3,71280,2,,
66696,22,71281,1,,
66697,8,71282,1,,
66698,17,71283,1,,
66699,12,71284,1,,
66700,1,71284,2,,
66701,179,71285,1,,
66702,290,71286,1,,
66703,283,71287,1,,
66704,337,71288,1,,
66705,150,71289,1,,
66706,3,71289,2,,
66707,22,71290,1,,
66708,8,71291,1,,
66709,17,71292,1,,
66710,12,71293,1,,
66711,1,71293,2,,
66712,179,71294,1,,
66713,290,71295,1,,
66714,283,71296,1,,
66715,337,71297,1,,
66716,150,71298,1,,
66717,3,71298,2,,
66718,22,71299,1,,
66719,8,71300,1,,
66720,17,71301,1,,
66721,12,71302,1,,
66722,1,71302,2,,
66723,179,71303,1,,
66724,290,71304,1,,
66725,283,71305,1,,
66726,337,71306,1,,
66727,150,71307,1,,
66728,3,71307,2,,
66729,22,71308,1,,
66730,8,71309,1,,
66731,17,71310,1,,
66732,12,71311,1,,
66733,1,71311,2,,
66734,179,71312,1,,
66735,290,71313,1,,
66736,283,71314,1,,
66737,337,71315,1,,
66738,150,71316,1,,
66739,3,71316,2,,
66740,22,71317,1,,
66741,8,71318,1,,
66742,17,71319,1,,
66743,12,71320,1,,
66744,1,71320,2,,
66745,179,71321,1,,
66746,290,71322,1,,
66747,283,71323,1,,
66748,337,71324,1,,
66749,150,71325,1,,
66750,3,71325,2,,
66751,22,71326,1,,
66752,8,71327,1,,
66753,17,71328,1,,
66754,12,71329,1,,
66755,1,71329,2,,
66756,179,71330,1,,
66757,290,71331,1,,
66758,283,71332,1,,
66759,337,71333,1,,
66760,150,71334,1,,
66761,3,71334,2,,
66762,22,71335,1,,
66763,8,71336,1,,
66764,17,71337,1,,
66765,12,71338,1,,
66766,1,71338,2,,
66767,179,71339,1,,
66768,290,71340,1,,
66769,283,71341,1,,
66770,337,71342,1,,
66771,150,71343,1,,
66772,3,71343,2,,
66773,22,71344,1,,
66774,8,71345,1,,
66775,17,71346,1,,
66776,12,71347,1,,
66777,1,71347,2,,
66778,179,71348,1,,
66779,290,71349,1,,
66780,283,71350,1,,
66781,337,71351,1,,
66782,150,71352,1,,
66783,3,71352,2,,
66784,22,71353,1,,
66785,8,71354,1,,
66786,17,71355,1,,
66787,12,71356,1,,
66788,1,71356,2,,
66789,179,71357,1,,
66790,290,71358,1,,
66791,283,71359,1,,
66792,337,71360,1,,
66793,160,71361,1,,
66794,3,71361,2,,
66795,22,71362,1,,
66796,9,71363,1,,
66797,17,71364,1,,
66798,12,71365,1,,
66799,1,71365,2,,
66800,179,71366,1,,
66801,290,71367,1,,
66802,283,71368,1,,
66803,337,71369,1,,
66804,160,71370,1,,
66805,3,71370,2,,
66806,22,71371,1,,
66807,9,71372,1,,
66808,17,71373,1,,
66809,12,71374,1,,
66810,1,71374,2,,
66811,179,71375,1,,
66812,290,71376,1,,
66813,283,71377,1,,
66814,337,71378,1,,
66815,160,71379,1,,
66816,3,71379,2,,
66817,22,71380,1,,
66818,9,71381,1,,
66819,17,71382,1,,
66820,12,71383,1,,
66821,1,71383,2,,
66822,178,71384,1,,
66823,290,71385,1,,
66824,285,71386,1,,
66825,334,71387,1,,
66826,160,71388,1,,
66827,3,71388,2,,
66828,22,71389,1,,
66829,9,71390,1,,
66830,17,71391,1,,
66831,12,71392,1,,
66832,1,71392,2,,
66833,178,71393,1,,
66834,290,71394,1,,
66835,285,71395,1,,
66836,334,71396,1,,
66837,160,71397,1,,
66838,3,71397,2,,
66839,22,71398,1,,
66840,9,71399,1,,
66841,17,71400,1,,
66842,12,71401,1,,
66843,1,71401,2,,
66844,178,71402,1,,
66845,290,71403,1,,
66846,285,71404,1,,
66847,334,71405,1,,
66848,160,71406,1,,
66849,3,71406,2,,
66850,22,71407,1,,
66851,9,71408,1,,
66852,17,71409,1,,
66853,12,71410,1,,
66854,1,71410,2,,
66855,178,71411,1,,
66856,290,71412,1,,
66857,285,71413,1,,
66858,334,71414,1,,
66859,160,71415,1,,
66860,3,71415,2,,
66861,22,71416,1,,
66862,9,71417,1,,
66863,17,71418,1,,
66864,12,71419,1,,
66865,1,71419,2,,
66866,178,71420,1,,
66867,290,71421,1,,
66868,285,71422,1,,
66869,334,71423,1,,
66870,160,71424,1,,
66871,3,71424,2,,
66872,22,71425,1,,
66873,9,71426,1,,
66874,17,71427,1,,
66875,12,71428,1,,
66876,1,71428,2,,
66877,178,71429,1,,
66878,290,71430,1,,
66879,285,71431,1,,
66880,334,71432,1,,
66881,160,71433,1,,
66882,3,71433,2,,
66883,22,71434,1,,
66884,9,71435,1,,
66885,17,71436,1,,
66886,12,71437,1,,
66887,1,71437,2,,
66888,178,71438,1,,
66889,290,71439,1,,
66890,285,71440,1,,
66891,334,71441,1,,
66892,160,71442,1,,
66893,3,71442,2,,
66894,22,71443,1,,
66895,9,71444,1,,
66896,17,71445,1,,
66897,12,71446,1,,
66898,1,71446,2,,
66899,178,71447,1,,
66900,290,71448,1,,
66901,285,71449,1,,
66902,334,71450,1,,
66903,160,71451,1,,
66904,3,71451,2,,
66905,22,71452,1,,
66906,9,71453,1,,
66907,17,71454,1,,
66908,12,71455,1,,
66909,1,71455,2,,
66910,178,71456,1,,
66911,290,71457,1,,
66912,285,71458,1,,
66913,334,71459,1,,
66914,160,71460,1,,
66915,3,71460,2,,
66916,22,71461,1,,
66917,9,71462,1,,
66918,17,71463,1,,
66919,12,71464,1,,
66920,1,71464,2,,
66921,178,71465,1,,
66922,290,71466,1,,
66923,285,71467,1,,
66924,334,71468,1,,
66925,165,71469,1,,
66926,3,71469,2,,
66927,22,71470,1,,
66928,10,71471,1,,
66929,17,71472,1,,
66930,12,71473,1,,
66931,1,71473,2,,
66932,178,71474,1,,
66933,290,71475,1,,
66934,285,71476,1,,
66935,334,71477,1,,
66936,165,71478,1,,
66937,3,71478,2,,
66938,22,71479,1,,
66939,10,71480,1,,
66940,17,71481,1,,
66941,12,71482,1,,
66942,1,71482,2,,
66943,178,71483,1,,
66944,290,71484,1,,
66945,285,71485,1,,
66946,334,71486,1,,
66947,165,71487,1,,
66948,3,71487,2,,
66949,22,71488,1,,
66950,10,71489,1,,
66951,17,71490,1,,
66952,12,71491,1,,
66953,1,71491,2,,
66954,177,71492,1,,
66955,283,71493,1,,
66956,303,71494,1,,
66957,337,71495,1,,
66958,165,71496,1,,
66959,3,71496,2,,
66960,22,71497,1,,
66961,10,71498,1,,
66962,17,71499,1,,
66963,12,71500,1,,
66964,1,71500,2,,
66965,177,71501,1,,
66966,283,71502,1,,
66967,303,71503,1,,
66968,337,71504,1,,
66969,165,71505,1,,
66970,3,71505,2,,
66971,22,71506,1,,
66972,10,71507,1,,
66973,17,71508,1,,
66974,12,71509,1,,
66975,1,71509,2,,
66976,177,71510,1,,
66977,283,71511,1,,
66978,303,71512,1,,
66979,337,71513,1,,
66980,165,71514,1,,
66981,3,71514,2,,
66982,22,71515,1,,
66983,10,71516,1,,
66984,17,71517,1,,
66985,12,71518,1,,
66986,1,71518,2,,
66987,177,71519,1,,
66988,283,71520,1,,
66989,303,71521,1,,
66990,337,71522,1,,
66991,165,71523,1,,
66992,3,71523,2,,
66993,22,71524,1,,
66994,10,71525,1,,
66995,17,71526,1,,
66996,12,71527,1,,
66997,1,71527,2,,
66998,177,71528,1,,
66999,283,71529,1,,
67000,303,71530,1,,
67001,337,71531,1,,
67002,165,71532,1,,
67003,3,71532,2,,
67004,22,71533,1,,
67005,10,71534,1,,
67006,17,71535,1,,
67007,12,71536,1,,
67008,1,71536,2,,
67009,177,71537,1,,
67010,283,71538,1,,
67011,303,71539,1,,
67012,337,71540,1,,
67013,165,71541,1,,
67014,3,71541,2,,
67015,22,71542,1,,
67016,10,71543,1,,
67017,17,71544,1,,
67018,12,71545,1,,
67019,1,71545,2,,
67020,177,71546,1,,
67021,283,71547,1,,
67022,303,71548,1,,
67023,337,71549,1,,
67024,165,71550,1,,
67025,3,71550,2,,
67026,22,71551,1,,
67027,10,71552,1,,
67028,17,71553,1,,
67029,12,71554,1,,
67030,1,71554,2,,
67031,177,71555,1,,
67032,283,71556,1,,
67033,303,71557,1,,
67034,337,71558,1,,
67035,165,71559,1,,
67036,3,71559,2,,
67037,22,71560,1,,
67038,10,71561,1,,
67039,17,71562,1,,
67040,12,71563,1,,
67041,1,71563,2,,
67042,177,71564,1,,
67043,283,71565,1,,
67044,303,71566,1,,
67045,337,71567,1,,
67046,165,71568,1,,
67047,3,71568,2,,
67048,22,71569,1,,
67049,10,71570,1,,
67050,17,71571,1,,
67051,12,71572,1,,
67052,1,71572,2,,
67053,177,71573,1,,
67054,283,71574,1,,
67055,303,71575,1,,
67056,337,71576,1,,
67057,159,71577,1,,
67058,3,71577,2,,
67059,22,71578,1,,
67060,10,71579,1,,
67061,17,71580,1,,
67062,12,71581,1,,
67063,1,71581,2,,
67064,177,71582,1,,
67065,283,71583,1,,
67066,303,71584,1,,
67067,337,71585,1,,
67068,159,71586,1,,
67069,3,71586,2,,
67070,22,71587,1,,
67071,10,71588,1,,
67072,17,71589,1,,
67073,12,71590,1,,
67074,1,71590,2,,
67075,177,71591,1,,
67076,283,71592,1,,
67077,303,71593,1,,
67078,337,71594,1,,
67079,159,71595,1,,
67080,3,71595,2,,
67081,22,71596,1,,
67082,10,71597,1,,
67083,17,71598,1,,
67084,12,71599,1,,
67085,1,71599,2,,
67086,177,71600,1,,
67087,279,71601,1,,
67088,298,71602,1,,
67089,341,71603,1,,
67090,159,71604,1,,
67091,3,71604,2,,
67092,22,71605,1,,
67093,10,71606,1,,
67094,14,71607,1,,
67095,12,71608,1,,
67096,1,71608,2,,
67097,177,71609,1,,
67098,279,71610,1,,
67099,298,71611,1,,
67100,341,71612,1,,
67101,159,71613,1,,
67102,3,71613,2,,
67103,22,71614,1,,
67104,10,71615,1,,
67105,14,71616,1,,
67106,12,71617,1,,
67107,1,71617,2,,
67108,177,71618,1,,
67109,279,71619,1,,
67110,298,71620,1,,
67111,341,71621,1,,
67112,159,71622,1,,
67113,3,71622,2,,
67114,22,71623,1,,
67115,10,71624,1,,
67116,14,71625,1,,
67117,12,71626,1,,
67118,1,71626,2,,
67119,177,71627,1,,
67120,279,71628,1,,
67121,298,71629,1,,
67122,341,71630,1,,
67123,159,71631,1,,
67124,3,71631,2,,
67125,22,71632,1,,
67126,10,71633,1,,
67127,14,71634,1,,
67128,12,71635,1,,
67129,1,71635,2,,
67130,177,71636,1,,
67131,279,71637,1,,
67132,298,71638,1,,
67133,341,71639,1,,
67134,159,71640,1,,
67135,3,71640,2,,
67136,22,71641,1,,
67137,10,71642,1,,
67138,14,71643,1,,
67139,12,71644,1,,
67140,1,71644,2,,
67141,177,71645,1,,
67142,279,71646,1,,
67143,298,71647,1,,
67144,341,71648,1,,
67145,159,71649,1,,
67146,3,71649,2,,
67147,22,71650,1,,
67148,10,71651,1,,
67149,14,71652,1,,
67150,12,71653,1,,
67151,1,71653,2,,
67152,177,71654,1,,
67153,279,71655,1,,
67154,298,71656,1,,
67155,341,71657,1,,
67156,159,71658,1,,
67157,3,71658,2,,
67158,22,71659,1,,
67159,10,71660,1,,
67160,14,71661,1,,
67161,12,71662,1,,
67162,1,71662,2,,
67163,177,71663,1,,
67164,279,71664,1,,
67165,298,71665,1,,
67166,341,71666,1,,
67167,159,71667,1,,
67168,3,71667,2,,
67169,22,71668,1,,
67170,10,71669,1,,
67171,14,71670,1,,
67172,12,71671,1,,
67173,1,71671,2,,
67174,177,71672,1,,
67175,279,71673,1,,
67176,298,71674,1,,
67177,341,71675,1,,
67178,159,71676,1,,
67179,3,71676,2,,
67180,22,71677,1,,
67181,10,71678,1,,
67182,14,71679,1,,
67183,12,71680,1,,
67184,1,71680,2,,
67185,177,71681,1,,
67186,279,71682,1,,
67187,298,71683,1,,
67188,341,71684,1,,
67189,159,71685,1,,
67190,3,71685,2,,
67191,22,71686,1,,
67192,10,71687,1,,
67193,14,71688,1,,
67194,12,71689,1,,
67195,1,71689,2,,
67196,177,71690,1,,
67197,279,71691,1,,
67198,298,71692,1,,
67199,341,71693,1,,
67200,159,71694,1,,
67201,3,71694,2,,
67202,22,71695,1,,
67203,10,71696,1,,
67204,14,71697,1,,
67205,12,71698,1,,
67206,1,71698,2,,
67207,177,71699,1,,
67208,279,71700,1,,
67209,298,71701,1,,
67210,341,71702,1,,
67211,159,71703,1,,
67212,3,71703,2,,
67213,22,71704,1,,
67214,10,71705,1,,
67215,14,71706,1,,
67216,12,71707,1,,
67217,1,71707,2,,
67218,175,71708,1,,
67219,288,71709,1,,
67220,286,71710,1,,
67221,338,71711,1,,
67222,159,71712,1,,
67223,3,71712,2,,
67224,21,71713,1,,
67225,10,71714,1,,
67226,10,71715,1,,
67227,9,71716,1,,
67228,1,71716,2,,
67229,175,71717,1,,
67230,288,71718,1,,
67231,286,71719,1,,
67232,338,71720,1,,
67233,159,71721,1,,
67234,3,71721,2,,
67235,21,71722,1,,
67236,10,71723,1,,
67237,10,71724,1,,
67238,9,71725,1,,
67239,1,71725,2,,
67240,175,71726,1,,
67241,288,71727,1,,
67242,286,71728,1,,
67243,338,71729,1,,
67244,159,71730,1,,
67245,3,71730,2,,
67246,21,71731,1,,
67247,10,71732,1,,
67248,10,71733,1,,
67249,9,71734,1,,
67250,1,71734,2,,
67251,175,71735,1,,
67252,288,71736,1,,
67253,286,71737,1,,
67254,338,71738,1,,
67255,159,71739,1,,
67256,3,71739,2,,
67257,21,71740,1,,
67258,10,71741,1,,
67259,10,71742,1,,
67260,9,71743,1,,
67261,1,71743,2,,
67262,175,71744,1,,
67263,288,71745,1,,
67264,286,71746,1,,
67265,338,71747,1,,
67266,159,71748,1,,
67267,3,71748,2,,
67268,21,71749,1,,
67269,10,71750,1,,
67270,10,71751,1,,
67271,9,71752,1,,
67272,1,71752,2,,
67273,175,71753,1,,
67274,288,71754,1,,
67275,286,71755,1,,
67276,338,71756,1,,
67277,159,71757,1,,
67278,3,71757,2,,
67279,21,71758,1,,
67280,10,71759,1,,
67281,10,71760,1,,
67282,9,71761,1,,
67283,1,71761,2,,
67284,175,71762,1,,
67285,288,71763,1,,
67286,286,71764,1,,
67287,338,71765,1,,
67288,159,71766,1,,
67289,3,71766,2,,
67290,21,71767,1,,
67291,10,71768,1,,
67292,10,71769,1,,
67293,9,71770,1,,
67294,1,71770,2,,
67295,175,71771,1,,
67296,288,71772,1,,
67297,286,71773,1,,
67298,338,71774,1,,
67299,159,71775,1,,
67300,3,71775,2,,
67301,21,71776,1,,
67302,10,71777,1,,
67303,10,71778,1,,
67304,9,71779,1,,
67305,1,71779,2,,
67306,175,71780,1,,
67307,288,71781,1,,
67308,286,71782,1,,
67309,338,71783,1,,
67310,159,71784,1,,
67311,3,71784,2,,
67312,21,71785,1,,
67313,10,71786,1,,
67314,10,71787,1,,
67315,9,71788,1,,
67316,1,71788,2,,
67317,175,71789,1,,
67318,288,71790,1,,
67319,286,71791,1,,
67320,338,71792,1,,
67321,157,71793,1,,
67322,3,71793,2,,
67323,21,71794,1,,
67324,10,71795,1,,
67325,10,71796,1,,
67326,9,71797,1,,
67327,1,71797,2,,
67328,175,71798,1,,
67329,288,71799,1,,
67330,286,71800,1,,
67331,338,71801,1,,
67332,157,71802,1,,
67333,3,71802,2,,
67334,21,71803,1,,
67335,10,71804,1,,
67336,10,71805,1,,
67337,9,71806,1,,
67338,1,71806,2,,
67339,175,71807,1,,
67340,288,71808,1,,
67341,286,71809,1,,
67342,338,71810,1,,
67343,157,71811,1,,
67344,3,71811,2,,
67345,21,71812,1,,
67346,10,71813,1,,
67347,10,71814,1,,
67348,9,71815,1,,
67349,1,71815,2,,
67350,175,71816,1,,
67351,320,71817,1,,
67352,281,71818,1,,
67353,331,71819,1,,
67354,157,71820,1,,
67355,3,71820,2,,
67356,21,71821,1,,
67357,10,71822,1,,
67358,11,71823,1,,
67359,9,71824,1,,
67360,1,71824,2,,
67361,175,71825,1,,
67362,320,71826,1,,
67363,281,71827,1,,
67364,331,71828,1,,
67365,157,71829,1,,
67366,3,71829,2,,
67367,21,71830,1,,
67368,10,71831,1,,
67369,11,71832,1,,
67370,9,71833,1,,
67371,1,71833,2,,
67372,175,71834,1,,
67373,320,71835,1,,
67374,281,71836,1,,
67375,331,71837,1,,
67376,157,71838,1,,
67377,3,71838,2,,
67378,21,71839,1,,
67379,10,71840,1,,
67380,11,71841,1,,
67381,9,71842,1,,
67382,1,71842,2,,
67383,175,71843,1,,
67384,320,71844,1,,
67385,281,71845,1,,
67386,331,71846,1,,
67387,157,71847,1,,
67388,3,71847,2,,
67389,21,71848,1,,
67390,10,71849,1,,
67391,11,71850,1,,
67392,9,71851,1,,
67393,1,71851,2,,
67394,175,71852,1,,
67395,320,71853,1,,
67396,281,71854,1,,
67397,331,71855,1,,
67398,157,71856,1,,
67399,3,71856,2,,
67400,21,71857,1,,
67401,10,71858,1,,
67402,11,71859,1,,
67403,9,71860,1,,
67404,1,71860,2,,
67405,175,71861,1,,
67406,320,71862,1,,
67407,281,71863,1,,
67408,331,71864,1,,
67409,157,71865,1,,
67410,3,71865,2,,
67411,21,71866,1,,
67412,10,71867,1,,
67413,11,71868,1,,
67414,9,71869,1,,
67415,1,71869,2,,
67416,175,71870,1,,
67417,320,71871,1,,
67418,281,71872,1,,
67419,331,71873,1,,
67420,157,71874,1,,
67421,3,71874,2,,
67422,21,71875,1,,
67423,10,71876,1,,
67424,11,71877,1,,
67425,9,71878,1,,
67426,1,71878,2,,
67427,175,71879,1,,
67428,320,71880,1,,
67429,281,71881,1,,
67430,331,71882,1,,
67431,157,71883,1,,
67432,3,71883,2,,
67433,21,71884,1,,
67434,10,71885,1,,
67435,11,71886,1,,
67436,9,71887,1,,
67437,1,71887,2,,
67438,175,71888,1,,
67439,320,71889,1,,
67440,281,71890,1,,
67441,331,71891,1,,
67442,21,71892,1,,
67443,11,71893,1,,
67444,9,71894,1,,
67445,1,71894,2,,
67446,175,71895,1,,
67447,320,71896,1,,
67448,281,71897,1,,
67449,331,71898,1,,
67450,21,71899,1,,
67451,11,71900,1,,
67452,9,71901,1,,
67453,1,71901,2,,
67454,175,71902,1,,
67455,320,71903,1,,
67456,281,71904,1,,
67457,331,71905,1,,
67458,21,71906,1,,
67459,11,71907,1,,
67460,9,71908,1,,
67461,1,71908,2,,
67462,175,71909,1,,
67463,320,71910,1,,
67464,281,71911,1,,
67465,331,71912,1,,
67466,21,71913,1,,
67467,11,71914,1,,
67468,9,71915,1,,
67469,1,71915,2,,
67470,173,71916,1,,
67471,301,71917,1,,
67472,309,71918,1,,
67473,337,71919,1,,
67474,22,71920,1,,
67475,11,71921,1,,
67476,9,71922,1,,
67477,1,71922,2,,
67478,173,71923,1,,
67479,301,71924,1,,
67480,309,71925,1,,
67481,337,71926,1,,
67482,22,71927,1,,
67483,11,71928,1,,
67484,9,71929,1,,
67485,1,71929,2,,
67486,173,71930,1,,
67487,301,71931,1,,
67488,309,71932,1,,
67489,337,71933,1,,
67490,22,71934,1,,
67491,11,71935,1,,
67492,9,71936,1,,
67493,1,71936,2,,
67494,173,71937,1,,
67495,301,71938,1,,
67496,309,71939,1,,
67497,337,71940,1,,
67498,22,71941,1,,
67499,11,71942,1,,
67500,9,71943,1,,
67501,1,71943,2,,
67502,173,71944,1,,
67503,301,71945,1,,
67504,309,71946,1,,
67505,337,71947,1,,
67506,22,71948,1,,
67507,11,71949,1,,
67508,9,71950,1,,
67509,1,71950,2,,
67510,173,71951,1,,
67511,301,71952,1,,
67512,309,71953,1,,
67513,337,71954,1,,
67514,22,71955,1,,
67515,11,71956,1,,
67516,9,71957,1,,
67517,1,71957,2,,
67518,173,71958,1,,
67519,301,71959,1,,
67520,309,71960,1,,
67521,337,71961,1,,
67522,22,71962,1,,
67523,11,71963,1,,
67524,9,71964,1,,
67525,1,71964,2,,
67526,173,71965,1,,
67527,301,71966,1,,
67528,309,71967,1,,
67529,337,71968,1,,
67530,22,71969,1,,
67531,11,71970,1,,
67532,9,71971,1,,
67533,1,71971,2,,
67534,173,71972,1,,
67535,301,71973,1,,
67536,309,71974,1,,
67537,337,71975,1,,
67538,22,71976,1,,
67539,11,71977,1,,
67540,9,71978,1,,
67541,1,71978,2,,
67542,173,71979,1,,
67543,301,71980,1,,
67544,309,71981,1,,
67545,337,71982,1,,
67546,22,71983,1,,
67547,11,71984,1,,
67548,9,71985,1,,
67549,1,71985,2,,
67550,173,71986,1,,
67551,301,71987,1,,
67552,309,71988,1,,
67553,337,71989,1,,
67554,22,71990,1,,
67555,11,71991,1,,
67556,9,71992,1,,
67557,1,71992,2,,
67558,173,71993,1,,
67559,301,71994,1,,
67560,309,71995,1,,
67561,337,71996,1,,
67562,22,71997,1,,
67563,11,71998,1,,
67564,9,71999,1,,
67565,1,71999,2,,
67566,174,72000,1,,
67567,290,72001,1,,
67568,309,72002,1,,
67569,346,72003,1,,
67570,23,72004,1,,
67571,11,72005,1,,
67572,9,72006,1,,
67573,1,72006,2,,
67574,174,72007,1,,
67575,290,72008,1,,
67576,309,72009,1,,
67577,346,72010,1,,
67578,23,72011,1,,
67579,11,72012,1,,
67580,9,72013,1,,
67581,1,72013,2,,
67582,174,72014,1,,
67583,290,72015,1,,
67584,309,72016,1,,
67585,346,72017,1,,
67586,23,72018,1,,
67587,11,72019,1,,
67588,9,72020,1,,
67589,1,72020,2,,
67590,174,72021,1,,
67591,290,72022,1,,
67592,309,72023,1,,
67593,346,72024,1,,
67594,23,72025,1,,
67595,11,72026,1,,
67596,9,72027,1,,
67597,1,72027,2,,
67598,174,72028,1,,
67599,290,72029,1,,
67600,309,72030,1,,
67601,346,72031,1,,
67602,23,72032,1,,
67603,11,72033,1,,
67604,9,72034,1,,
67605,1,72034,2,,
67606,174,72035,1,,
67607,290,72036,1,,
67608,309,72037,1,,
67609,346,72038,1,,
67610,23,72039,1,,
67611,11,72040,1,,
67612,9,72041,1,,
67613,1,72041,2,,
67614,174,72042,1,,
67615,290,72043,1,,
67616,309,72044,1,,
67617,346,72045,1,,
67618,23,72046,1,,
67619,11,72047,1,,
67620,9,72048,1,,
67621,1,72048,2,,
67622,174,72049,1,,
67623,290,72050,1,,
67624,309,72051,1,,
67625,346,72052,1,,
67626,23,72053,1,,
67627,11,72054,1,,
67628,9,72055,1,,
67629,1,72055,2,,
67630,174,72056,1,,
67631,290,72057,1,,
67632,309,72058,1,,
67633,346,72059,1,,
67634,23,72060,1,,
67635,11,72061,1,,
67636,9,72062,1,,
67637,1,72062,2,,
67638,174,72063,1,,
67639,290,72064,1,,
67640,309,72065,1,,
67641,346,72066,1,,
67642,23,72067,1,,
67643,11,72068,1,,
67644,9,72069,1,,
67645,1,72069,2,,
67646,174,72070,1,,
67647,290,72071,1,,
67648,309,72072,1,,
67649,346,72073,1,,
67650,23,72074,1,,
67651,11,72075,1,,
67652,9,72076,1,,
67653,1,72076,2,,
67654,174,72077,1,,
67655,290,72078,1,,
67656,309,72079,1,,
67657,346,72080,1,,
67658,23,72081,1,,
67659,11,72082,1,,
67660,9,72083,1,,
67661,1,72083,2,,
67662,175,72084,1,,
67663,286,72085,1,,
67664,313,72086,1,,
67665,348,72087,1,,
67666,25,72088,1,,
67667,12,72089,1,,
67668,10,72090,1,,
67669,1,72090,2,,
67670,175,72091,1,,
67671,286,72092,1,,
67672,313,72093,1,,
67673,348,72094,1,,
67674,25,72095,1,,
67675,12,72096,1,,
67676,10,72097,1,,
67677,1,72097,2,,
67678,175,72098,1,,
67679,286,72099,1,,
67680,313,72100,1,,
67681,348,72101,1,,
67682,25,72102,1,,
67683,12,72103,1,,
67684,10,72104,1,,
67685,1,72104,2,,
67686,175,72105,1,,
67687,286,72106,1,,
67688,313,72107,1,,
67689,348,72108,1,,
67690,25,72109,1,,
67691,12,72110,1,,
67692,10,72111,1,,
67693,1,72111,2,,
67694,175,72112,1,,
67695,286,72113,1,,
67696,313,72114,1,,
67697,348,72115,1,,
67698,25,72116,1,,
67699,12,72117,1,,
67700,10,72118,1,,
67701,1,72118,2,,
67702,175,72119,1,,
67703,286,72120,1,,
67704,313,72121,1,,
67705,348,72122,1,,
67706,25,72123,1,,
67707,12,72124,1,,
67708,10,72125,1,,
67709,1,72125,2,,
67710,175,72126,1,,
67711,286,72127,1,,
67712,313,72128,1,,
67713,348,72129,1,,
67714,25,72130,1,,
67715,12,72131,1,,
67716,10,72132,1,,
67717,1,72132,2,,
67718,175,72133,1,,
67719,286,72134,1,,
67720,313,72135,1,,
67721,348,72136,1,,
67722,25,72137,1,,
67723,12,72138,1,,
67724,10,72139,1,,
67725,1,72139,2,,
67726,175,72140,1,,
67727,286,72141,1,,
67728,313,72142,1,,
67729,348,72143,1,,
67730,25,72144,1,,
67731,12,72145,1,,
67732,10,72146,1,,
67733,1,72146,2,,
67734,175,72147,1,,
67735,286,72148,1,,
67736,313,72149,1,,
67737,348,72150,1,,
67738,25,72151,1,,
67739,12,72152,1,,
67740,10,72153,1,,
67741,1,72153,2,,
67742,175,72154,1,,
67743,286,72155,1,,
67744,313,72156,1,,
67745,348,72157,1,,
67746,25,72158,1,,
67747,12,72159,1,,
67748,10,72160,1,,
67749,1,72160,2,,
67750,175,72161,1,,
67751,286,72162,1,,
67752,313,72163,1,,
67753,348,72164,1,,
67754,25,72165,1,,
67755,12,72166,1,,
67756,10,72167,1,,
67757,1,72167,2,,
67758,175,72168,1,,
67759,288,72169,1,,
67760,317,72170,1,,
67761,357,72171,1,,
67762,25,72172,1,,
67763,11,72173,1,,
67764,10,72174,1,,
67765,1,72174,2,,
67766,175,72175,1,,
67767,288,72176,1,,
67768,317,72177,1,,
67769,357,72178,1,,
67770,25,72179,1,,
67771,11,72180,1,,
67772,10,72181,1,,
67773,1,72181,2,,
67774,175,72182,1,,
67775,288,72183,1,,
67776,317,72184,1,,
67777,357,72185,1,,
67778,25,72186,1,,
67779,11,72187,1,,
67780,10,72188,1,,
67781,1,72188,2,,
67782,175,72189,1,,
67783,288,72190,1,,
67784,317,72191,1,,
67785,357,72192,1,,
67786,25,72193,1,,
67787,11,72194,1,,
67788,10,72195,1,,
67789,1,72195,2,,
67790,175,72196,1,,
67791,288,72197,1,,
67792,317,72198,1,,
67793,357,72199,1,,
67794,25,72200,1,,
67795,11,72201,1,,
67796,10,72202,1,,
67797,1,72202,2,,
67798,175,72203,1,,
67799,288,72204,1,,
67800,317,72205,1,,
67801,357,72206,1,,
67802,25,72207,1,,
67803,11,72208,1,,
67804,10,72209,1,,
67805,1,72209,2,,
67806,175,72210,1,,
67807,288,72211,1,,
67808,317,72212,1,,
67809,357,72213,1,,
67810,25,72214,1,,
67811,11,72215,1,,
67812,10,72216,1,,
67813,1,72216,2,,
67814,175,72217,1,,
67815,288,72218,1,,
67816,317,72219,1,,
67817,357,72220,1,,
67818,25,72221,1,,
67819,11,72222,1,,
67820,10,72223,1,,
67821,1,72223,2,,
67822,175,72224,1,,
67823,288,72225,1,,
67824,317,72226,1,,
67825,357,72227,1,,
67826,25,72228,1,,
67827,11,72229,1,,
67828,10,72230,1,,
67829,1,72230,2,,
67830,175,72231,1,,
67831,288,72232,1,,
67832,317,72233,1,,
67833,357,72234,1,,
67834,25,72235,1,,
67835,11,72236,1,,
67836,10,72237,1,,
67837,1,72237,2,,
67838,175,72238,1,,
67839,288,72239,1,,
67840,317,72240,1,,
67841,357,72241,1,,
67842,25,72242,1,,
67843,11,72243,1,,
67844,10,72244,1,,
67845,1,72244,2,,
67846,175,72245,1,,
67847,288,72246,1,,
67848,317,72247,1,,
67849,357,72248,1,,
67850,25,72249,1,,
67851,11,72250,1,,
67852,10,72251,1,,
67853,1,72251,2,,
67854,172,72252,1,,
67855,280,72253,1,,
67856,325,72254,1,,
67857,363,72255,1,,
67858,26,72256,1,,
67859,11,72257,1,,
67860,10,72258,1,,
67861,1,72258,2,,
67862,172,72259,1,,
67863,280,72260,1,,
67864,325,72261,1,,
67865,363,72262,1,,
67866,26,72263,1,,
67867,11,72264,1,,
67868,10,72265,1,,
67869,1,72265,2,,
67870,172,72266,1,,
67871,280,72267,1,,
67872,325,72268,1,,
67873,363,72269,1,,
67874,26,72270,1,,
67875,11,72271,1,,
67876,10,72272,1,,
67877,1,72272,2,,
67878,172,72273,1,,
67879,280,72274,1,,
67880,325,72275,1,,
67881,363,72276,1,,
67882,26,72277,1,,
67883,11,72278,1,,
67884,10,72279,1,,
67885,1,72279,2,,
67886,172,72280,1,,
67887,280,72281,1,,
67888,325,72282,1,,
67889,363,72283,1,,
67890,26,72284,1,,
67891,11,72285,1,,
67892,10,72286,1,,
67893,1,72286,2,,
67894,172,72287,1,,
67895,280,72288,1,,
67896,325,72289,1,,
67897,363,72290,1,,
67898,26,72291,1,,
67899,11,72292,1,,
67900,10,72293,1,,
67901,1,72293,2,,
67902,172,72294,1,,
67903,280,72295,1,,
67904,325,72296,1,,
67905,363,72297,1,,
67906,26,72298,1,,
67907,11,72299,1,,
67908,10,72300,1,,
67909,1,72300,2,,
67910,172,72301,1,,
67911,280,72302,1,,
67912,325,72303,1,,
67913,363,72304,1,,
67914,26,72305,1,,
67915,11,72306,1,,
67916,10,72307,1,,
67917,1,72307,2,,
67918,172,72308,1,,
67919,280,72309,1,,
67920,325,72310,1,,
67921,363,72311,1,,
67922,26,72312,1,,
67923,11,72313,1,,
67924,10,72314,1,,
67925,1,72314,2,,
67926,172,72315,1,,
67927,280,72316,1,,
67928,325,72317,1,,
67929,363,72318,1,,
67930,26,72319,1,,
67931,11,72320,1,,
67932,10,72321,1,,
67933,1,72321,2,,
67934,172,72322,1,,
67935,280,72323,1,,
67936,325,72324,1,,
67937,363,72325,1,,
67938,26,72326,1,,
67939,11,72327,1,,
67940,10,72328,1,,
67941,1,72328,2,,
67942,172,72329,1,,
67943,280,72330,1,,
67944,325,72331,1,,
67945,363,72332,1,,
67946,26,72333,1,,
67947,11,72334,1,,
67948,10,72335,1,,
67949,1,72335,2,,
67950,169,72336,1,,
67951,283,72337,1,,
67952,330,72338,1,,
67953,366,72339,1,,
67954,28,72340,1,,
67955,13,72341,1,,
67956,10,72342,1,,
67957,1,72342,2,,
67958,169,72343,1,,
67959,283,72344,1,,
67960,330,72345,1,,
67961,366,72346,1,,
67962,28,72347,1,,
67963,13,72348,1,,
67964,10,72349,1,,
67965,1,72349,2,,
67966,169,72350,1,,
67967,283,72351,1,,
67968,330,72352,1,,
67969,366,72353,1,,
67970,28,72354,1,,
67971,13,72355,1,,
67972,10,72356,1,,
67973,1,72356,2,,
67974,169,72357,1,,
67975,283,72358,1,,
67976,330,72359,1,,
67977,366,72360,1,,
67978,28,72361,1,,
67979,13,72362,1,,
67980,10,72363,1,,
67981,1,72363,2,,
67982,169,72364,1,,
67983,283,72365,1,,
67984,330,72366,1,,
67985,366,72367,1,,
67986,28,72368,1,,
67987,13,72369,1,,
67988,10,72370,1,,
67989,1,72370,2,,
67990,169,72371,1,,
67991,283,72372,1,,
67992,330,72373,1,,
67993,366,72374,1,,
67994,28,72375,1,,
67995,13,72376,1,,
67996,10,72377,1,,
67997,1,72377,2,,
67998,169,72378,1,,
67999,283,72379,1,,
68000,330,72380,1,,
68001,366,72381,1,,
68002,28,72382,1,,
68003,13,72383,1,,
68004,10,72384,1,,
68005,1,72384,2,,
68006,169,72385,1,,
68007,283,72386,1,,
68008,330,72387,1,,
68009,366,72388,1,,
68010,28,72389,1,,
68011,13,72390,1,,
68012,10,72391,1,,
68013,1,72391,2,,
68014,169,72392,1,,
68015,283,72393,1,,
68016,330,72394,1,,
68017,366,72395,1,,
68018,28,72396,1,,
68019,13,72397,1,,
68020,10,72398,1,,
68021,1,72398,2,,
68022,169,72399,1,,
68023,283,72400,1,,
68024,330,72401,1,,
68025,366,72402,1,,
68026,28,72403,1,,
68027,13,72404,1,,
68028,10,72405,1,,
68029,1,72405,2,,
68030,169,72406,1,,
68031,283,72407,1,,
68032,330,72408,1,,
68033,366,72409,1,,
68034,28,72410,1,,
68035,13,72411,1,,
68036,10,72412,1,,
68037,1,72412,2,,
68038,169,72413,1,,
68039,283,72414,1,,
68040,330,72415,1,,
68041,366,72416,1,,
68042,28,72417,1,,
68043,13,72418,1,,
68044,10,72419,1,,
68045,1,72419,2,,
68046,167,72420,1,,
68047,313,72421,1,,
68048,363,72422,1,,
68049,378,72423,1,,
68050,29,72424,1,,
68051,12,72425,1,,
68052,14,72426,1,,
68053,1,72426,2,,
68054,167,72427,1,,
68055,313,72428,1,,
68056,363,72429,1,,
68057,378,72430,1,,
68058,29,72431,1,,
68059,12,72432,1,,
68060,14,72433,1,,
68061,1,72433,2,,
68062,167,72434,1,,
68063,313,72435,1,,
68064,363,72436,1,,
68065,378,72437,1,,
68066,29,72438,1,,
68067,12,72439,1,,
68068,14,72440,1,,
68069,1,72440,2,,
68070,167,72441,1,,
68071,313,72442,1,,
68072,363,72443,1,,
68073,378,72444,1,,
68074,29,72445,1,,
68075,12,72446,1,,
68076,14,72447,1,,
68077,1,72447,2,,
68078,167,72448,1,,
68079,313,72449,1,,
68080,363,72450,1,,
68081,378,72451,1,,
68082,29,72452,1,,
68083,12,72453,1,,
68084,14,72454,1,,
68085,1,72454,2,,
68086,167,72455,1,,
68087,313,72456,1,,
68088,363,72457,1,,
68089,378,72458,1,,
68090,29,72459,1,,
68091,12,72460,1,,
68092,14,72461,1,,
68093,1,72461,2,,
68094,167,72462,1,,
68095,313,72463,1,,
68096,363,72464,1,,
68097,378,72465,1,,
68098,29,72466,1,,
68099,12,72467,1,,
68100,14,72468,1,,
68101,1,72468,2,,
68102,167,72469,1,,
68103,313,72470,1,,
68104,363,72471,1,,
68105,378,72472,1,,
68106,29,72473,1,,
68107,12,72474,1,,
68108,14,72475,1,,
68109,1,72475,2,,
68110,167,72476,1,,
68111,313,72477,1,,
68112,363,72478,1,,
68113,378,72479,1,,
68114,29,72480,1,,
68115,12,72481,1,,
68116,14,72482,1,,
68117,1,72482,2,,
68118,167,72483,1,,
68119,313,72484,1,,
68120,363,72485,1,,
68121,378,72486,1,,
68122,29,72487,1,,
68123,12,72488,1,,
68124,14,72489,1,,
68125,1,72489,2,,
68126,167,72490,1,,
68127,313,72491,1,,
68128,363,72492,1,,
68129,378,72493,1,,
68130,29,72494,1,,
68131,12,72495,1,,
68132,14,72496,1,,
68133,1,72496,2,,
68134,167,72497,1,,
68135,313,72498,1,,
68136,363,72499,1,,
68137,378,72500,1,,
68138,29,72501,1,,
68139,12,72502,1,,
68140,14,72503,1,,
68141,1,72503,2,,
68142,167,72504,1,,
68143,318,72505,1,,
68144,366,72506,1,,
68145,376,72507,1,,
68146,29,72508,1,,
68147,10,72509,1,,
68148,14,72510,1,,
68149,1,72510,2,,
68150,167,72511,1,,
68151,318,72512,1,,
68152,366,72513,1,,
68153,376,72514,1,,
68154,29,72515,1,,
68155,10,72516,1,,
68156,14,72517,1,,
68157,1,72517,2,,
68158,167,72518,1,,
68159,318,72519,1,,
68160,366,72520,1,,
68161,376,72521,1,,
68162,29,72522,1,,
68163,10,72523,1,,
68164,14,72524,1,,
68165,1,72524,2,,
68166,167,72525,1,,
68167,318,72526,1,,
68168,366,72527,1,,
68169,376,72528,1,,
68170,29,72529,1,,
68171,10,72530,1,,
68172,14,72531,1,,
68173,1,72531,2,,
68174,167,72532,1,,
68175,318,72533,1,,
68176,366,72534,1,,
68177,376,72535,1,,
68178,29,72536,1,,
68179,10,72537,1,,
68180,14,72538,1,,
68181,1,72538,2,,
68182,167,72539,1,,
68183,318,72540,1,,
68184,366,72541,1,,
68185,376,72542,1,,
68186,29,72543,1,,
68187,10,72544,1,,
68188,14,72545,1,,
68189,1,72545,2,,
68190,167,72546,1,,
68191,318,72547,1,,
68192,366,72548,1,,
68193,376,72549,1,,
68194,29,72550,1,,
68195,10,72551,1,,
68196,14,72552,1,,
68197,1,72552,2,,
68198,167,72553,1,,
68199,318,72554,1,,
68200,366,72555,1,,
68201,376,72556,1,,
68202,29,72557,1,,
68203,10,72558,1,,
68204,14,72559,1,,
68205,1,72559,2,,
68206,167,72560,1,,
68207,318,72561,1,,
68208,366,72562,1,,
68209,376,72563,1,,
68210,29,72564,1,,
68211,10,72565,1,,
68212,14,72566,1,,
68213,1,72566,2,,
68214,167,72567,1,,
68215,318,72568,1,,
68216,366,72569,1,,
68217,376,72570,1,,
68218,29,72571,1,,
68219,10,72572,1,,
68220,14,72573,1,,
68221,1,72573,2,,
68222,167,72574,1,,
68223,318,72575,1,,
68224,366,72576,1,,
68225,376,72577,1,,
68226,29,72578,1,,
68227,10,72579,1,,
68228,14,72580,1,,
68229,1,72580,2,,
68230,167,72581,1,,
68231,318,72582,1,,
68232,366,72583,1,,
68233,376,72584,1,,
68234,29,72585,1,,
68235,10,72586,1,,
68236,14,72587,1,,
68237,1,72587,2,,
68238,165,72588,1,,
68239,325,72589,1,,
68240,367,72590,1,,
68241,376,72591,1,,
68242,30,72592,1,,
68243,10,72593,1,,
68244,14,72594,1,,
68245,1,72594,2,,
68246,165,72595,1,,
68247,325,72596,1,,
68248,367,72597,1,,
68249,376,72598,1,,
68250,30,72599,1,,
68251,10,72600,1,,
68252,14,72601,1,,
68253,1,72601,2,,
68254,165,72602,1,,
68255,325,72603,1,,
68256,367,72604,1,,
68257,376,72605,1,,
68258,30,72606,1,,
68259,10,72607,1,,
68260,14,72608,1,,
68261,1,72608,2,,
68262,165,72609,1,,
68263,325,72610,1,,
68264,367,72611,1,,
68265,376,72612,1,,
68266,30,72613,1,,
68267,10,72614,1,,
68268,14,72615,1,,
68269,1,72615,2,,
68270,165,72616,1,,
68271,325,72617,1,,
68272,367,72618,1,,
68273,376,72619,1,,
68274,30,72620,1,,
68275,10,72621,1,,
68276,14,72622,1,,
68277,1,72622,2,,
68278,165,72623,1,,
68279,325,72624,1,,
68280,367,72625,1,,
68281,376,72626,1,,
68282,30,72627,1,,
68283,10,72628,1,,
68284,14,72629,1,,
68285,1,72629,2,,
68286,165,72630,1,,
68287,325,72631,1,,
68288,367,72632,1,,
68289,376,72633,1,,
68290,30,72634,1,,
68291,10,72635,1,,
68292,14,72636,1,,
68293,1,72636,2,,
68294,165,72637,1,,
68295,325,72638,1,,
68296,367,72639,1,,
68297,376,72640,1,,
68298,30,72641,1,,
68299,10,72642,1,,
68300,14,72643,1,,
68301,1,72643,2,,
68302,165,72644,1,,
68303,325,72645,1,,
68304,367,72646,1,,
68305,376,72647,1,,
68306,30,72648,1,,
68307,10,72649,1,,
68308,14,72650,1,,
68309,1,72650,2,,
68310,165,72651,1,,
68311,325,72652,1,,
68312,367,72653,1,,
68313,376,72654,1,,
68314,30,72655,1,,
68315,10,72656,1,,
68316,14,72657,1,,
68317,1,72657,2,,
68318,165,72658,1,,
68319,325,72659,1,,
68320,367,72660,1,,
68321,376,72661,1,,
68322,30,72662,1,,
68323,10,72663,1,,
68324,14,72664,1,,
68325,1,72664,2,,
68326,165,72665,1,,
68327,325,72666,1,,
68328,367,72667,1,,
68329,376,72668,1,,
68330,30,72669,1,,
68331,10,72670,1,,
68332,14,72671,1,,
68333,1,72671,2,,
68334,165,72672,1,,
68335,343,72673,1,,
68336,363,72674,1,,
68337,374,72675,1,,
68338,29,72676,1,,
68339,9,72677,1,,
68340,14,72678,1,,
68341,1,72678,2,,
68342,165,72679,1,,
68343,343,72680,1,,
68344,363,72681,1,,
68345,374,72682,1,,
68346,29,72683,1,,
68347,9,72684,1,,
68348,14,72685,1,,
68349,1,72685,2,,
68350,165,72686,1,,
68351,343,72687,1,,
68352,363,72688,1,,
68353,374,72689,1,,
68354,29,72690,1,,
68355,9,72691,1,,
68356,14,72692,1,,
68357,1,72692,2,,
68358,165,72693,1,,
68359,343,72694,1,,
68360,363,72695,1,,
68361,374,72696,1,,
68362,29,72697,1,,
68363,9,72698,1,,
68364,14,72699,1,,
68365,1,72699,2,,
68366,165,72700,1,,
68367,343,72701,1,,
68368,363,72702,1,,
68369,374,72703,1,,
68370,29,72704,1,,
68371,9,72705,1,,
68372,14,72706,1,,
68373,1,72706,2,,
68374,165,72707,1,,
68375,343,72708,1,,
68376,363,72709,1,,
68377,374,72710,1,,
68378,29,72711,1,,
68379,9,72712,1,,
68380,14,72713,1,,
68381,1,72713,2,,
68382,165,72714,1,,
68383,343,72715,1,,
68384,363,72716,1,,
68385,374,72717,1,,
68386,29,72718,1,,
68387,9,72719,1,,
68388,14,72720,1,,
68389,1,72720,2,,
68390,165,72721,1,,
68391,343,72722,1,,
68392,363,72723,1,,
68393,374,72724,1,,
68394,29,72725,1,,
68395,9,72726,1,,
68396,14,72727,1,,
68397,1,72727,2,,
68398,165,72728,1,,
68399,343,72729,1,,
68400,363,72730,1,,
68401,374,72731,1,,
68402,29,72732,1,,
68403,9,72733,1,,
68404,14,72734,1,,
68405,1,72734,2,,
68406,165,72735,1,,
68407,343,72736,1,,
68408,363,72737,1,,
68409,374,72738,1,,
68410,29,72739,1,,
68411,9,72740,1,,
68412,14,72741,1,,
68413,1,72741,2,,
68414,165,72742,1,,
68415,343,72743,1,,
68416,363,72744,1,,
68417,374,72745,1,,
68418,29,72746,1,,
68419,9,72747,1,,
68420,14,72748,1,,
68421,1,72748,2,,
68422,165,72749,1,,
68423,343,72750,1,,
68424,363,72751,1,,
68425,374,72752,1,,
68426,29,72753,1,,
68427,9,72754,1,,
68428,14,72755,1,,
68429,1,72755,2,,
68430,167,72756,1,,
68431,1,72756,2,,
68432,345,72757,1,,
68433,360,72758,1,,
68434,375,72759,1,,
68435,30,72760,1,,
68436,9,72761,1,,
68437,14,72762,1,,
68438,2,72762,2,,
68439,167,72763,1,,
68440,1,72763,2,,
68441,345,72764,1,,
68442,360,72765,1,,
68443,375,72766,1,,
68444,30,72767,1,,
68445,9,72768,1,,
68446,14,72769,1,,
68447,2,72769,2,,
68448,167,72770,1,,
68449,1,72770,2,,
68450,345,72771,1,,
68451,360,72772,1,,
68452,375,72773,1,,
68453,30,72774,1,,
68454,9,72775,1,,
68455,14,72776,1,,
68456,2,72776,2,,
68457,167,72777,1,,
68458,1,72777,2,,
68459,345,72778,1,,
68460,360,72779,1,,
68461,375,72780,1,,
68462,30,72781,1,,
68463,9,72782,1,,
68464,14,72783,1,,
68465,2,72783,2,,
68466,167,72784,1,,
68467,1,72784,2,,
68468,345,72785,1,,
68469,360,72786,1,,
68470,375,72787,1,,
68471,30,72788,1,,
68472,9,72789,1,,
68473,14,72790,1,,
68474,2,72790,2,,
68475,167,72791,1,,
68476,1,72791,2,,
68477,345,72792,1,,
68478,360,72793,1,,
68479,375,72794,1,,
68480,30,72795,1,,
68481,9,72796,1,,
68482,14,72797,1,,
68483,2,72797,2,,
68484,167,72798,1,,
68485,1,72798,2,,
68486,345,72799,1,,
68487,360,72800,1,,
68488,375,72801,1,,
68489,30,72802,1,,
68490,9,72803,1,,
68491,14,72804,1,,
68492,2,72804,2,,
68493,167,72805,1,,
68494,1,72805,2,,
68495,345,72806,1,,
68496,360,72807,1,,
68497,375,72808,1,,
68498,30,72809,1,,
68499,9,72810,1,,
68500,14,72811,1,,
68501,2,72811,2,,
68502,167,72812,1,,
68503,1,72812,2,,
68504,345,72813,1,,
68505,360,72814,1,,
68506,375,72815,1,,
68507,30,72816,1,,
68508,9,72817,1,,
68509,14,72818,1,,
68510,2,72818,2,,
68511,167,72819,1,,
68512,1,72819,2,,
68513,345,72820,1,,
68514,360,72821,1,,
68515,375,72822,1,,
68516,30,72823,1,,
68517,9,72824,1,,
68518,14,72825,1,,
68519,2,72825,2,,
68520,167,72826,1,,
68521,1,72826,2,,
68522,345,72827,1,,
68523,360,72828,1,,
68524,375,72829,1,,
68525,30,72830,1,,
68526,9,72831,1,,
68527,14,72832,1,,
68528,2,72832,2,,
68529,167,72833,1,,
68530,1,72833,2,,
68531,345,72834,1,,
68532,360,72835,1,,
68533,375,72836,1,,
68534,30,72837,1,,
68535,9,72838,1,,
68536,14,72839,1,,
68537,2,72839,2,,
68538,167,72840,1,,
68539,1,72840,2,,
68540,341,72841,1,,
68541,361,72842,1,,
68542,385,72843,1,,
68543,30,72844,1,,
68544,6,72845,1,,
68545,14,72846,1,,
68546,2,72846,2,,
68547,167,72847,1,,
68548,1,72847,2,,
68549,341,72848,1,,
68550,361,72849,1,,
68551,385,72850,1,,
68552,30,72851,1,,
68553,6,72852,1,,
68554,14,72853,1,,
68555,2,72853,2,,
68556,167,72854,1,,
68557,1,72854,2,,
68558,341,72855,1,,
68559,361,72856,1,,
68560,385,72857,1,,
68561,30,72858,1,,
68562,6,72859,1,,
68563,14,72860,1,,
68564,2,72860,2,,
68565,167,72861,1,,
68566,1,72861,2,,
68567,341,72862,1,,
68568,361,72863,1,,
68569,385,72864,1,,
68570,30,72865,1,,
68571,6,72866,1,,
68572,14,72867,1,,
68573,2,72867,2,,
68574,167,72868,1,,
68575,1,72868,2,,
68576,341,72869,1,,
68577,361,72870,1,,
68578,385,72871,1,,
68579,30,72872,1,,
68580,6,72873,1,,
68581,14,72874,1,,
68582,2,72874,2,,
68583,167,72875,1,,
68584,1,72875,2,,
68585,341,72876,1,,
68586,361,72877,1,,
68587,385,72878,1,,
68588,30,72879,1,,
68589,6,72880,1,,
68590,14,72881,1,,
68591,2,72881,2,,
68592,167,72882,1,,
68593,1,72882,2,,
68594,341,72883,1,,
68595,361,72884,1,,
68596,385,72885,1,,
68597,30,72886,1,,
68598,6,72887,1,,
68599,14,72888,1,,
68600,2,72888,2,,
68601,167,72889,1,,
68602,1,72889,2,,
68603,341,72890,1,,
68604,361,72891,1,,
68605,385,72892,1,,
68606,30,72893,1,,
68607,6,72894,1,,
68608,14,72895,1,,
68609,2,72895,2,,
68610,167,72896,1,,
68611,1,72896,2,,
68612,341,72897,1,,
68613,361,72898,1,,
68614,385,72899,1,,
68615,30,72900,1,,
68616,6,72901,1,,
68617,14,72902,1,,
68618,2,72902,2,,
68619,167,72903,1,,
68620,1,72903,2,,
68621,341,72904,1,,
68622,361,72905,1,,
68623,385,72906,1,,
68624,30,72907,1,,
68625,6,72908,1,,
68626,14,72909,1,,
68627,2,72909,2,,
68628,167,72910,1,,
68629,1,72910,2,,
68630,341,72911,1,,
68631,361,72912,1,,
68632,385,72913,1,,
68633,30,72914,1,,
68634,6,72915,1,,
68635,14,72916,1,,
68636,2,72916,2,,
68637,167,72917,1,,
68638,1,72917,2,,
68639,341,72918,1,,
68640,361,72919,1,,
68641,385,72920,1,,
68642,30,72921,1,,
68643,6,72922,1,,
68644,14,72923,1,,
68645,2,72923,2,,
68646,172,72924,1,,
68647,7,72924,2,,
68648,331,72925,1,,
68649,364,72926,1,,
68650,392,72927,1,,
68651,33,72928,1,,
68652,6,72929,1,,
68653,14,72930,1,,
68654,2,72930,2,,
68655,172,72931,1,,
68656,7,72931,2,,
68657,331,72932,1,,
68658,364,72933,1,,
68659,392,72934,1,,
68660,33,72935,1,,
68661,6,72936,1,,
68662,14,72937,1,,
68663,2,72937,2,,
68664,172,72938,1,,
68665,7,72938,2,,
68666,331,72939,1,,
68667,364,72940,1,,
68668,392,72941,1,,
68669,33,72942,1,,
68670,6,72943,1,,
68671,14,72944,1,,
68672,2,72944,2,,
68673,172,72945,1,,
68674,7,72945,2,,
68675,331,72946,1,,
68676,364,72947,1,,
68677,392,72948,1,,
68678,33,72949,1,,
68679,6,72950,1,,
68680,14,72951,1,,
68681,2,72951,2,,
68682,172,72952,1,,
68683,7,72952,2,,
68684,331,72953,1,,
68685,364,72954,1,,
68686,392,72955,1,,
68687,33,72956,1,,
68688,6,72957,1,,
68689,14,72958,1,,
68690,2,72958,2,,
68691,172,72959,1,,
68692,7,72959,2,,
68693,331,72960,1,,
68694,364,72961,1,,
68695,392,72962,1,,
68696,33,72963,1,,
68697,6,72964,1,,
68698,14,72965,1,,
68699,2,72965,2,,
68700,172,72966,1,,
68701,7,72966,2,,
68702,331,72967,1,,
68703,364,72968,1,,
68704,392,72969,1,,
68705,33,72970,1,,
68706,6,72971,1,,
68707,14,72972,1,,
68708,2,72972,2,,
68709,172,72973,1,,
68710,7,72973,2,,
68711,331,72974,1,,
68712,364,72975,1,,
68713,392,72976,1,,
68714,33,72977,1,,
68715,6,72978,1,,
68716,14,72979,1,,
68717,2,72979,2,,
68718,172,72980,1,,
68719,7,72980,2,,
68720,331,72981,1,,
68721,364,72982,1,,
68722,392,72983,1,,
68723,33,72984,1,,
68724,6,72985,1,,
68725,14,72986,1,,
68726,2,72986,2,,
68727,172,72987,1,,
68728,7,72987,2,,
68729,331,72988,1,,
68730,364,72989,1,,
68731,392,72990,1,,
68732,33,72991,1,,
68733,6,72992,1,,
68734,14,72993,1,,
68735,2,72993,2,,
68736,172,72994,1,,
68737,7,72994,2,,
68738,331,72995,1,,
68739,364,72996,1,,
68740,392,72997,1,,
68741,33,72998,1,,
68742,6,72999,1,,
68743,14,73000,1,,
68744,2,73000,2,,
68745,172,73001,1,,
68746,7,73001,2,,
68747,331,73002,1,,
68748,364,73003,1,,
68749,392,73004,1,,
68750,33,73005,1,,
68751,6,73006,1,,
68752,14,73007,1,,
68753,2,73007,2,,
68754,176,73008,1,,
68755,7,73008,2,,
68756,324,73009,1,,
68757,385,73010,1,,
68758,393,73011,1,,
68759,37,73012,1,,
68760,6,73013,1,,
68761,14,73014,1,,
68762,2,73014,2,,
68763,176,73015,1,,
68764,7,73015,2,,
68765,324,73016,1,,
68766,385,73017,1,,
68767,393,73018,1,,
68768,37,73019,1,,
68769,6,73020,1,,
68770,14,73021,1,,
68771,2,73021,2,,
68772,176,73022,1,,
68773,7,73022,2,,
68774,324,73023,1,,
68775,385,73024,1,,
68776,393,73025,1,,
68777,37,73026,1,,
68778,6,73027,1,,
68779,14,73028,1,,
68780,2,73028,2,,
68781,176,73029,1,,
68782,7,73029,2,,
68783,324,73030,1,,
68784,385,73031,1,,
68785,393,73032,1,,
68786,37,73033,1,,
68787,6,73034,1,,
68788,14,73035,1,,
68789,2,73035,2,,
68790,176,73036,1,,
68791,7,73036,2,,
68792,324,73037,1,,
68793,385,73038,1,,
68794,393,73039,1,,
68795,37,73040,1,,
68796,6,73041,1,,
68797,14,73042,1,,
68798,2,73042,2,,
68799,176,73043,1,,
68800,7,73043,2,,
68801,324,73044,1,,
68802,385,73045,1,,
68803,393,73046,1,,
68804,37,73047,1,,
68805,6,73048,1,,
68806,14,73049,1,,
68807,2,73049,2,,
68808,176,73050,1,,
68809,7,73050,2,,
68810,324,73051,1,,
68811,385,73052,1,,
68812,393,73053,1,,
68813,37,73054,1,,
68814,6,73055,1,,
68815,14,73056,1,,
68816,2,73056,2,,
68817,176,73057,1,,
68818,7,73057,2,,
68819,324,73058,1,,
68820,385,73059,1,,
68821,393,73060,1,,
68822,37,73061,1,,
68823,6,73062,1,,
68824,14,73063,1,,
68825,2,73063,2,,
68826,176,73064,1,,
68827,7,73064,2,,
68828,324,73065,1,,
68829,385,73066,1,,
68830,393,73067,1,,
68831,37,73068,1,,
68832,6,73069,1,,
68833,14,73070,1,,
68834,2,73070,2,,
68835,176,73071,1,,
68836,7,73071,2,,
68837,324,73072,1,,
68838,385,73073,1,,
68839,393,73074,1,,
68840,37,73075,1,,
68841,6,73076,1,,
68842,14,73077,1,,
68843,2,73077,2,,
68844,176,73078,1,,
68845,7,73078,2,,
68846,324,73079,1,,
68847,385,73080,1,,
68848,393,73081,1,,
68849,37,73082,1,,
68850,6,73083,1,,
68851,14,73084,1,,
68852,2,73084,2,,
68853,176,73085,1,,
68854,7,73085,2,,
68855,324,73086,1,,
68856,385,73087,1,,
68857,393,73088,1,,
68858,37,73089,1,,
68859,6,73090,1,,
68860,14,73091,1,,
68861,2,73091,2,,
68862,179,73092,1,,
68863,7,73092,2,,
68864,327,73093,1,,
68865,389,73094,1,,
68866,387,73095,1,,
68867,39,73096,1,,
68868,6,73097,1,,
68869,14,73098,1,,
68870,2,73098,2,,
68871,179,73099,1,,
68872,7,73099,2,,
68873,327,73100,1,,
68874,389,73101,1,,
68875,387,73102,1,,
68876,39,73103,1,,
68877,6,73104,1,,
68878,14,73105,1,,
68879,2,73105,2,,
68880,179,73106,1,,
68881,7,73106,2,,
68882,327,73107,1,,
68883,389,73108,1,,
68884,387,73109,1,,
68885,39,73110,1,,
68886,6,73111,1,,
68887,14,73112,1,,
68888,2,73112,2,,
68889,179,73113,1,,
68890,7,73113,2,,
68891,327,73114,1,,
68892,389,73115,1,,
68893,387,73116,1,,
68894,39,73117,1,,
68895,6,73118,1,,
68896,14,73119,1,,
68897,2,73119,2,,
68898,179,73120,1,,
68899,7,73120,2,,
68900,327,73121,1,,
68901,389,73122,1,,
68902,387,73123,1,,
68903,39,73124,1,,
68904,6,73125,1,,
68905,14,73126,1,,
68906,2,73126,2,,
68907,179,73127,1,,
68908,7,73127,2,,
68909,327,73128,1,,
68910,389,73129,1,,
68911,387,73130,1,,
68912,39,73131,1,,
68913,6,73132,1,,
68914,14,73133,1,,
68915,2,73133,2,,
68916,179,73134,1,,
68917,7,73134,2,,
68918,327,73135,1,,
68919,389,73136,1,,
68920,387,73137,1,,
68921,39,73138,1,,
68922,6,73139,1,,
68923,14,73140,1,,
68924,2,73140,2,,
68925,179,73141,1,,
68926,7,73141,2,,
68927,327,73142,1,,
68928,389,73143,1,,
68929,387,73144,1,,
68930,39,73145,1,,
68931,6,73146,1,,
68932,14,73147,1,,
68933,2,73147,2,,
68934,179,73148,1,,
68935,7,73148,2,,
68936,327,73149,1,,
68937,389,73150,1,,
68938,387,73151,1,,
68939,39,73152,1,,
68940,6,73153,1,,
68941,14,73154,1,,
68942,2,73154,2,,
68943,179,73155,1,,
68944,7,73155,2,,
68945,327,73156,1,,
68946,389,73157,1,,
68947,387,73158,1,,
68948,39,73159,1,,
68949,6,73160,1,,
68950,14,73161,1,,
68951,2,73161,2,,
68952,179,73162,1,,
68953,7,73162,2,,
68954,327,73163,1,,
68955,389,73164,1,,
68956,387,73165,1,,
68957,39,73166,1,,
68958,6,73167,1,,
68959,14,73168,1,,
68960,2,73168,2,,
68961,179,73169,1,,
68962,7,73169,2,,
68963,327,73170,1,,
68964,389,73171,1,,
68965,387,73172,1,,
68966,39,73173,1,,
68967,6,73174,1,,
68968,14,73175,1,,
68969,2,73175,2,,
68970,179,73176,1,,
68971,7,73176,2,,
68972,322,73177,1,,
68973,402,73178,1,,
68974,389,73179,1,,
68975,39,73180,1,,
68976,5,73181,1,,
68977,12,73182,1,,
68978,2,73182,2,,
68979,179,73183,1,,
68980,7,73183,2,,
68981,322,73184,1,,
68982,402,73185,1,,
68983,389,73186,1,,
68984,39,73187,1,,
68985,5,73188,1,,
68986,12,73189,1,,
68987,2,73189,2,,
68988,179,73190,1,,
68989,7,73190,2,,
68990,322,73191,1,,
68991,402,73192,1,,
68992,389,73193,1,,
68993,39,73194,1,,
68994,5,73195,1,,
68995,12,73196,1,,
68996,2,73196,2,,
68997,179,73197,1,,
68998,7,73197,2,,
68999,322,73198,1,,
69000,402,73199,1,,
69001,389,73200,1,,
69002,39,73201,1,,
69003,5,73202,1,,
69004,12,73203,1,,
69005,2,73203,2,,
69006,179,73204,1,,
69007,7,73204,2,,
69008,322,73205,1,,
69009,402,73206,1,,
69010,389,73207,1,,
69011,39,73208,1,,
69012,5,73209,1,,
69013,12,73210,1,,
69014,2,73210,2,,
69015,179,73211,1,,
69016,7,73211,2,,
69017,322,73212,1,,
69018,402,73213,1,,
69019,389,73214,1,,
69020,39,73215,1,,
69021,5,73216,1,,
69022,12,73217,1,,
69023,2,73217,2,,
69024,179,73218,1,,
69025,7,73218,2,,
69026,322,73219,1,,
69027,402,73220,1,,
69028,389,73221,1,,
69029,39,73222,1,,
69030,5,73223,1,,
69031,12,73224,1,,
69032,2,73224,2,,
69033,179,73225,1,,
69034,7,73225,2,,
69035,322,73226,1,,
69036,402,73227,1,,
69037,389,73228,1,,
69038,39,73229,1,,
69039,5,73230,1,,
69040,12,73231,1,,
69041,2,73231,2,,
69042,179,73232,1,,
69043,7,73232,2,,
69044,322,73233,1,,
69045,402,73234,1,,
69046,389,73235,1,,
69047,39,73236,1,,
69048,5,73237,1,,
69049,12,73238,1,,
69050,2,73238,2,,
69051,179,73239,1,,
69052,7,73239,2,,
69053,322,73240,1,,
69054,402,73241,1,,
69055,389,73242,1,,
69056,39,73243,1,,
69057,5,73244,1,,
69058,12,73245,1,,
69059,2,73245,2,,
69060,179,73246,1,,
69061,7,73246,2,,
69062,322,73247,1,,
69063,402,73248,1,,
69064,389,73249,1,,
69065,39,73250,1,,
69066,5,73251,1,,
69067,12,73252,1,,
69068,2,73252,2,,
69069,179,73253,1,,
69070,7,73253,2,,
69071,322,73254,1,,
69072,402,73255,1,,
69073,389,73256,1,,
69074,39,73257,1,,
69075,5,73258,1,,
69076,173,73259,1,,
69077,8,73259,2,,
69078,325,73260,1,,
69079,402,73261,1,,
69080,386,73262,1,,
69081,38,73263,1,,
69082,5,73264,1,,
69083,173,73265,1,,
69084,8,73265,2,,
69085,325,73266,1,,
69086,402,73267,1,,
69087,386,73268,1,,
69088,38,73269,1,,
69089,5,73270,1,,
69090,173,73271,1,,
69091,8,73271,2,,
69092,325,73272,1,,
69093,402,73273,1,,
69094,386,73274,1,,
69095,38,73275,1,,
69096,5,73276,1,,
69097,173,73277,1,,
69098,8,73277,2,,
69099,325,73278,1,,
69100,402,73279,1,,
69101,386,73280,1,,
69102,38,73281,1,,
69103,5,73282,1,,
69104,173,73283,1,,
69105,8,73283,2,,
69106,325,73284,1,,
69107,402,73285,1,,
69108,386,73286,1,,
69109,38,73287,1,,
69110,5,73288,1,,
69111,173,73289,1,,
69112,8,73289,2,,
69113,325,73290,1,,
69114,402,73291,1,,
69115,386,73292,1,,
69116,38,73293,1,,
69117,5,73294,1,,
69118,173,73295,1,,
69119,8,73295,2,,
69120,325,73296,1,,
69121,402,73297,1,,
69122,386,73298,1,,
69123,38,73299,1,,
69124,5,73300,1,,
69125,173,73301,1,,
69126,8,73301,2,,
69127,325,73302,1,,
69128,402,73303,1,,
69129,386,73304,1,,
69130,38,73305,1,,
69131,5,73306,1,,
69132,173,73307,1,,
69133,8,73307,2,,
69134,325,73308,1,,
69135,402,73309,1,,
69136,386,73310,1,,
69137,38,73311,1,,
69138,5,73312,1,,
69139,173,73313,1,,
69140,8,73313,2,,
69141,325,73314,1,,
69142,402,73315,1,,
69143,386,73316,1,,
69144,38,73317,1,,
69145,5,73318,1,,
69146,173,73319,1,,
69147,8,73319,2,,
69148,325,73320,1,,
69149,402,73321,1,,
69150,386,73322,1,,
69151,38,73323,1,,
69152,5,73324,1,,
69153,173,73325,1,,
69154,8,73325,2,,
69155,325,73326,1,,
69156,402,73327,1,,
69157,386,73328,1,,
69158,38,73329,1,,
69159,5,73330,1,,
69160,168,73331,1,,
69161,8,73331,2,,
69162,331,73332,1,,
69163,404,73333,1,,
69164,386,73334,1,,
69165,35,73335,1,,
69166,4,73336,1,,
69167,168,73337,1,,
69168,8,73337,2,,
69169,331,73338,1,,
69170,404,73339,1,,
69171,386,73340,1,,
69172,35,73341,1,,
69173,4,73342,1,,
69174,168,73343,1,,
69175,8,73343,2,,
69176,331,73344,1,,
69177,404,73345,1,,
69178,386,73346,1,,
69179,35,73347,1,,
69180,4,73348,1,,
69181,168,73349,1,,
69182,8,73349,2,,
69183,331,73350,1,,
69184,404,73351,1,,
69185,386,73352,1,,
69186,35,73353,1,,
69187,4,73354,1,,
69188,168,73355,1,,
69189,8,73355,2,,
69190,331,73356,1,,
69191,404,73357,1,,
69192,386,73358,1,,
69193,35,73359,1,,
69194,4,73360,1,,
69195,168,73361,1,,
69196,8,73361,2,,
69197,331,73362,1,,
69198,404,73363,1,,
69199,386,73364,1,,
69200,35,73365,1,,
69201,4,73366,1,,
69202,168,73367,1,,
69203,8,73367,2,,
69204,331,73368,1,,
69205,404,73369,1,,
69206,386,73370,1,,
69207,35,73371,1,,
69208,4,73372,1,,
69209,168,73373,1,,
69210,8,73373,2,,
69211,331,73374,1,,
69212,404,73375,1,,
69213,386,73376,1,,
69214,35,73377,1,,
69215,4,73378,1,,
69216,168,73379,1,,
69217,8,73379,2,,
69218,331,73380,1,,
69219,404,73381,1,,
69220,386,73382,1,,
69221,35,73383,1,,
69222,4,73384,1,,
69223,168,73385,1,,
69224,8,73385,2,,
69225,331,73386,1,,
69226,404,73387,1,,
69227,386,73388,1,,
69228,35,73389,1,,
69229,4,73390,1,,
69230,168,73391,1,,
69231,8,73391,2,,
69232,331,73392,1,,
69233,404,73393,1,,
69234,386,73394,1,,
69235,35,73395,1,,
69236,4,73396,1,,
69237,168,73397,1,,
69238,8,73397,2,,
69239,331,73398,1,,
69240,404,73399,1,,
69241,386,73400,1,,
69242,35,73401,1,,
69243,4,73402,1,,
69244,167,73403,1,,
69245,8,73403,2,,
69246,330,73404,1,,
69247,402,73405,1,,
69248,390,73406,1,,
69249,32,73407,1,,
69250,4,73408,1,,
69251,167,73409,1,,
69252,8,73409,2,,
69253,330,73410,1,,
69254,402,73411,1,,
69255,390,73412,1,,
69256,32,73413,1,,
69257,4,73414,1,,
69258,167,73415,1,,
69259,8,73415,2,,
69260,330,73416,1,,
69261,402,73417,1,,
69262,390,73418,1,,
69263,32,73419,1,,
69264,4,73420,1,,
69265,167,73421,1,,
69266,8,73421,2,,
69267,330,73422,1,,
69268,402,73423,1,,
69269,390,73424,1,,
69270,32,73425,1,,
69271,4,73426,1,,
69272,167,73427,1,,
69273,8,73427,2,,
69274,330,73428,1,,
69275,402,73429,1,,
69276,390,73430,1,,
69277,32,73431,1,,
69278,4,73432,1,,
69279,167,73433,1,,
69280,8,73433,2,,
69281,330,73434,1,,
69282,402,73435,1,,
69283,390,73436,1,,
69284,32,73437,1,,
69285,4,73438,1,,
69286,167,73439,1,,
69287,8,73439,2,,
69288,330,73440,1,,
69289,402,73441,1,,
69290,390,73442,1,,
69291,32,73443,1,,
69292,4,73444,1,,
69293,167,73445,1,,
69294,8,73445,2,,
69295,330,73446,1,,
69296,402,73447,1,,
69297,390,73448,1,,
69298,32,73449,1,,
69299,4,73450,1,,
69300,167,73451,1,,
69301,8,73451,2,,
69302,330,73452,1,,
69303,402,73453,1,,
69304,390,73454,1,,
69305,32,73455,1,,
69306,4,73456,1,,
69307,167,73457,1,,
69308,8,73457,2,,
69309,330,73458,1,,
69310,402,73459,1,,
69311,390,73460,1,,
69312,32,73461,1,,
69313,4,73462,1,,
69314,167,73463,1,,
69315,8,73463,2,,
69316,330,73464,1,,
69317,402,73465,1,,
69318,390,73466,1,,
69319,32,73467,1,,
69320,4,73468,1,,
69321,167,73469,1,,
69322,8,73469,2,,
69323,330,73470,1,,
69324,402,73471,1,,
69325,390,73472,1,,
69326,32,73473,1,,
69327,4,73474,1,,
69328,167,73475,1,,
69329,8,73475,2,,
69330,339,73476,1,,
69331,399,73477,1,,
69332,404,73478,1,,
69333,32,73479,1,,
69334,4,73480,1,,
69335,167,73481,1,,
69336,8,73481,2,,
69337,339,73482,1,,
69338,399,73483,1,,
69339,404,73484,1,,
69340,32,73485,1,,
69341,4,73486,1,,
69342,167,73487,1,,
69343,8,73487,2,,
69344,339,73488,1,,
69345,399,73489,1,,
69346,404,73490,1,,
69347,32,73491,1,,
69348,4,73492,1,,
69349,167,73493,1,,
69350,8,73493,2,,
69351,339,73494,1,,
69352,399,73495,1,,
69353,404,73496,1,,
69354,32,73497,1,,
69355,4,73498,1,,
69356,167,73499,1,,
69357,8,73499,2,,
69358,339,73500,1,,
69359,399,73501,1,,
69360,404,73502,1,,
69361,32,73503,1,,
69362,4,73504,1,,
69363,167,73505,1,,
69364,8,73505,2,,
69365,339,73506,1,,
69366,399,73507,1,,
69367,404,73508,1,,
69368,32,73509,1,,
69369,4,73510,1,,
69370,167,73511,1,,
69371,8,73511,2,,
69372,339,73512,1,,
69373,399,73513,1,,
69374,404,73514,1,,
69375,32,73515,1,,
69376,4,73516,1,,
69377,167,73517,1,,
69378,8,73517,2,,
69379,339,73518,1,,
69380,399,73519,1,,
69381,404,73520,1,,
69382,32,73521,1,,
69383,4,73522,1,,
69384,167,73523,1,,
69385,8,73523,2,,
69386,339,73524,1,,
69387,399,73525,1,,
69388,404,73526,1,,
69389,32,73527,1,,
69390,4,73528,1,,
69391,167,73529,1,,
69392,8,73529,2,,
69393,339,73530,1,,
69394,399,73531,1,,
69395,404,73532,1,,
69396,32,73533,1,,
69397,4,73534,1,,
69398,167,73535,1,,
69399,8,73535,2,,
69400,339,73536,1,,
69401,399,73537,1,,
69402,404,73538,1,,
69403,32,73539,1,,
69404,4,73540,1,,
69405,167,73541,1,,
69406,8,73541,2,,
69407,339,73542,1,,
69408,399,73543,1,,
69409,404,73544,1,,
69410,32,73545,1,,
69411,4,73546,1,,
69412,167,73547,1,,
69413,7,73547,2,,
69414,336,73548,1,,
69415,393,73549,1,,
69416,399,73550,1,,
69417,30,73551,1,,
69418,4,73552,1,,
69419,167,73553,1,,
69420,7,73553,2,,
69421,336,73554,1,,
69422,393,73555,1,,
69423,399,73556,1,,
69424,30,73557,1,,
69425,4,73558,1,,
69426,167,73559,1,,
69427,7,73559,2,,
69428,336,73560,1,,
69429,393,73561,1,,
69430,399,73562,1,,
69431,30,73563,1,,
69432,4,73564,1,,
69433,167,73565,1,,
69434,7,73565,2,,
69435,336,73566,1,,
69436,393,73567,1,,
69437,399,73568,1,,
69438,30,73569,1,,
69439,4,73570,1,,
69440,167,73571,1,,
69441,7,73571,2,,
69442,336,73572,1,,
69443,393,73573,1,,
69444,399,73574,1,,
69445,30,73575,1,,
69446,4,73576,1,,
69447,167,73577,1,,
69448,7,73577,2,,
69449,336,73578,1,,
69450,393,73579,1,,
69451,399,73580,1,,
69452,30,73581,1,,
69453,4,73582,1,,
69454,167,73583,1,,
69455,7,73583,2,,
69456,336,73584,1,,
69457,393,73585,1,,
69458,399,73586,1,,
69459,30,73587,1,,
69460,4,73588,1,,
69461,167,73589,1,,
69462,7,73589,2,,
69463,336,73590,1,,
69464,393,73591,1,,
69465,399,73592,1,,
69466,30,73593,1,,
69467,4,73594,1,,
69468,167,73595,1,,
69469,7,73595,2,,
69470,336,73596,1,,
69471,393,73597,1,,
69472,399,73598,1,,
69473,30,73599,1,,
69474,4,73600,1,,
69475,167,73601,1,,
69476,7,73601,2,,
69477,336,73602,1,,
69478,393,73603,1,,
69479,399,73604,1,,
69480,30,73605,1,,
69481,4,73606,1,,
69482,167,73607,1,,
69483,7,73607,2,,
69484,336,73608,1,,
69485,393,73609,1,,
69486,399,73610,1,,
69487,30,73611,1,,
69488,4,73612,1,,
69489,167,73613,1,,
69490,7,73613,2,,
69491,336,73614,1,,
69492,393,73615,1,,
69493,399,73616,1,,
69494,30,73617,1,,
69495,4,73618,1,,
69496,173,73619,1,,
69497,7,73619,2,,
69498,329,73620,1,,
69499,394,73621,1,,
69500,398,73622,1,,
69501,26,73623,1,,
69502,4,73624,1,,
69503,173,73625,1,,
69504,7,73625,2,,
69505,329,73626,1,,
69506,394,73627,1,,
69507,398,73628,1,,
69508,26,73629,1,,
69509,4,73630,1,,
69510,173,73631,1,,
69511,7,73631,2,,
69512,329,73632,1,,
69513,394,73633,1,,
69514,398,73634,1,,
69515,26,73635,1,,
69516,4,73636,1,,
69517,173,73637,1,,
69518,7,73637,2,,
69519,329,73638,1,,
69520,394,73639,1,,
69521,398,73640,1,,
69522,26,73641,1,,
69523,4,73642,1,,
69524,173,73643,1,,
69525,7,73643,2,,
69526,329,73644,1,,
69527,394,73645,1,,
69528,398,73646,1,,
69529,26,73647,1,,
69530,4,73648,1,,
69531,173,73649,1,,
69532,7,73649,2,,
69533,329,73650,1,,
69534,394,73651,1,,
69535,398,73652,1,,
69536,26,73653,1,,
69537,4,73654,1,,
69538,173,73655,1,,
69539,7,73655,2,,
69540,329,73656,1,,
69541,394,73657,1,,
69542,398,73658,1,,
69543,26,73659,1,,
69544,4,73660,1,,
69545,173,73661,1,,
69546,7,73661,2,,
69547,329,73662,1,,
69548,394,73663,1,,
69549,398,73664,1,,
69550,26,73665,1,,
69551,4,73666,1,,
69552,173,73667,1,,
69553,7,73667,2,,
69554,329,73668,1,,
69555,394,73669,1,,
69556,398,73670,1,,
69557,26,73671,1,,
69558,4,73672,1,,
69559,173,73673,1,,
69560,7,73673,2,,
69561,329,73674,1,,
69562,394,73675,1,,
69563,398,73676,1,,
69564,26,73677,1,,
69565,4,73678,1,,
69566,173,73679,1,,
69567,7,73679,2,,
69568,329,73680,1,,
69569,394,73681,1,,
69570,398,73682,1,,
69571,26,73683,1,,
69572,4,73684,1,,
69573,173,73685,1,,
69574,7,73685,2,,
69575,329,73686,1,,
69576,394,73687,1,,
69577,398,73688,1,,
69578,26,73689,1,,
69579,4,73690,1,,
69580,176,73691,1,,
69581,7,73691,2,,
69582,326,73692,1,,
69583,392,73693,1,,
69584,397,73694,1,,
69585,24,73695,1,,
69586,3,73696,1,,
69587,176,73697,1,,
69588,7,73697,2,,
69589,326,73698,1,,
69590,392,73699,1,,
69591,397,73700,1,,
69592,24,73701,1,,
69593,3,73702,1,,
69594,176,73703,1,,
69595,7,73703,2,,
69596,326,73704,1,,
69597,392,73705,1,,
69598,397,73706,1,,
69599,24,73707,1,,
69600,3,73708,1,,
69601,176,73709,1,,
69602,7,73709,2,,
69603,326,73710,1,,
69604,392,73711,1,,
69605,397,73712,1,,
69606,24,73713,1,,
69607,3,73714,1,,
69608,176,73715,1,,
69609,7,73715,2,,
69610,326,73716,1,,
69611,392,73717,1,,
69612,397,73718,1,,
69613,24,73719,1,,
69614,3,73720,1,,
69615,176,73721,1,,
69616,7,73721,2,,
69617,326,73722,1,,
69618,392,73723,1,,
69619,397,73724,1,,
69620,24,73725,1,,
69621,3,73726,1,,
69622,176,73727,1,,
69623,7,73727,2,,
69624,326,73728,1,,
69625,392,73729,1,,
69626,397,73730,1,,
69627,24,73731,1,,
69628,3,73732,1,,
69629,176,73733,1,,
69630,7,73733,2,,
69631,326,73734,1,,
69632,392,73735,1,,
69633,397,73736,1,,
69634,24,73737,1,,
69635,3,73738,1,,
69636,176,73739,1,,
69637,7,73739,2,,
69638,326,73740,1,,
69639,392,73741,1,,
69640,397,73742,1,,
69641,24,73743,1,,
69642,3,73744,1,,
69643,176,73745,1,,
69644,7,73745,2,,
69645,326,73746,1,,
69646,392,73747,1,,
69647,397,73748,1,,
69648,24,73749,1,,
69649,3,73750,1,,
69650,176,73751,1,,
69651,7,73751,2,,
69652,326,73752,1,,
69653,392,73753,1,,
69654,397,73754,1,,
69655,24,73755,1,,
69656,3,73756,1,,
69657,176,73757,1,,
69658,7,73757,2,,
69659,326,73758,1,,
69660,392,73759,1,,
69661,397,73760,1,,
69662,24,73761,1,,
69663,3,73762,1,,
69664,176,73763,1,,
69665,7,73763,2,,
69666,321,73764,1,,
69667,396,73765,1,,
69668,441,73766,1,,
69669,24,73767,1,,
69670,3,73768,1,,
69671,176,73769,1,,
69672,7,73769,2,,
69673,321,73770,1,,
69674,396,73771,1,,
69675,441,73772,1,,
69676,24,73773,1,,
69677,3,73774,1,,
69678,176,73775,1,,
69679,7,73775,2,,
69680,321,73776,1,,
69681,396,73777,1,,
69682,441,73778,1,,
69683,24,73779,1,,
69684,3,73780,1,,
69685,176,73781,1,,
69686,7,73781,2,,
69687,321,73782,1,,
69688,396,73783,1,,
69689,441,73784,1,,
69690,24,73785,1,,
69691,3,73786,1,,
69692,176,73787,1,,
69693,7,73787,2,,
69694,321,73788,1,,
69695,396,73789,1,,
69696,441,73790,1,,
69697,24,73791,1,,
69698,3,73792,1,,
69699,176,73793,1,,
69700,7,73793,2,,
69701,321,73794,1,,
69702,396,73795,1,,
69703,441,73796,1,,
69704,24,73797,1,,
69705,3,73798,1,,
69706,176,73799,1,,
69707,7,73799,2,,
69708,321,73800,1,,
69709,396,73801,1,,
69710,441,73802,1,,
69711,24,73803,1,,
69712,3,73804,1,,
69713,176,73805,1,,
69714,7,73805,2,,
69715,321,73806,1,,
69716,396,73807,1,,
69717,441,73808,1,,
69718,24,73809,1,,
69719,3,73810,1,,
69720,176,73811,1,,
69721,7,73811,2,,
69722,321,73812,1,,
69723,396,73813,1,,
69724,441,73814,1,,
69725,24,73815,1,,
69726,3,73816,1,,
69727,176,73817,1,,
69728,7,73817,2,,
69729,321,73818,1,,
69730,396,73819,1,,
69731,441,73820,1,,
69732,24,73821,1,,
69733,3,73822,1,,
69734,176,73823,1,,
69735,7,73823,2,,
69736,321,73824,1,,
69737,396,73825,1,,
69738,441,73826,1,,
69739,24,73827,1,,
69740,3,73828,1,,
69741,176,73829,1,,
69742,7,73829,2,,
69743,321,73830,1,,
69744,396,73831,1,,
69745,441,73832,1,,
69746,24,73833,1,,
69747,3,73834,1,,
69748,176,73835,1,,
69749,7,73835,2,,
69750,319,73836,1,,
69751,437,73837,1,,
69752,448,73838,1,,
69753,24,73839,1,,
69754,3,73840,1,,
69755,176,73841,1,,
69756,7,73841,2,,
69757,319,73842,1,,
69758,437,73843,1,,
69759,448,73844,1,,
69760,24,73845,1,,
69761,3,73846,1,,
69762,176,73847,1,,
69763,7,73847,2,,
69764,319,73848,1,,
69765,437,73849,1,,
69766,448,73850,1,,
69767,24,73851,1,,
69768,3,73852,1,,
69769,176,73853,1,,
69770,7,73853,2,,
69771,319,73854,1,,
69772,437,73855,1,,
69773,448,73856,1,,
69774,24,73857,1,,
69775,3,73858,1,,
69776,176,73859,1,,
69777,7,73859,2,,
69778,319,73860,1,,
69779,437,73861,1,,
69780,448,73862,1,,
69781,24,73863,1,,
69782,3,73864,1,,
69783,176,73865,1,,
69784,7,73865,2,,
69785,319,73866,1,,
69786,437,73867,1,,
69787,448,73868,1,,
69788,24,73869,1,,
69789,3,73870,1,,
69790,178,73871,1,,
69791,7,73871,2,,
69792,319,73872,1,,
69793,437,73873,1,,
69794,448,73874,1,,
69795,27,73875,1,,
69796,3,73876,1,,
69797,178,73877,1,,
69798,7,73877,2,,
69799,319,73878,1,,
69800,437,73879,1,,
69801,448,73880,1,,
69802,27,73881,1,,
69803,3,73882,1,,
69804,178,73883,1,,
69805,7,73883,2,,
69806,319,73884,1,,
69807,437,73885,1,,
69808,448,73886,1,,
69809,27,73887,1,,
69810,3,73888,1,,
69811,178,73889,1,,
69812,7,73889,2,,
69813,319,73890,1,,
69814,437,73891,1,,
69815,448,73892,1,,
69816,27,73893,1,,
69817,3,73894,1,,
69818,178,73895,1,,
69819,7,73895,2,,
69820,319,73896,1,,
69821,437,73897,1,,
69822,448,73898,1,,
69823,27,73899,1,,
69824,3,73900,1,,
69825,178,73901,1,,
69826,7,73901,2,,
69827,319,73902,1,,
69828,437,73903,1,,
69829,448,73904,1,,
69830,27,73905,1,,
69831,3,73906,1,,
69832,193,73907,1,,
69833,7,73907,2,,
69834,321,73908,1,,
69835,426,73909,1,,
69836,502,73910,1,,
69837,29,73911,1,,
69838,4,73912,1,,
69839,193,73913,1,,
69840,7,73913,2,,
69841,321,73914,1,,
69842,426,73915,1,,
69843,502,73916,1,,
69844,29,73917,1,,
69845,4,73918,1,,
69846,193,73919,1,,
69847,7,73919,2,,
69848,321,73920,1,,
69849,426,73921,1,,
69850,502,73922,1,,
69851,29,73923,1,,
69852,4,73924,1,,
69853,193,73925,1,,
69854,7,73925,2,,
69855,321,73926,1,,
69856,426,73927,1,,
69857,502,73928,1,,
69858,29,73929,1,,
69859,4,73930,1,,
69860,193,73931,1,,
69861,7,73931,2,,
69862,321,73932,1,,
69863,426,73933,1,,
69864,502,73934,1,,
69865,29,73935,1,,
69866,4,73936,1,,
69867,193,73937,1,,
69868,7,73937,2,,
69869,321,73938,1,,
69870,426,73939,1,,
69871,502,73940,1,,
69872,29,73941,1,,
69873,4,73942,1,,
69874,193,73943,1,,
69875,7,73943,2,,
69876,321,73944,1,,
69877,426,73945,1,,
69878,502,73946,1,,
69879,29,73947,1,,
69880,4,73948,1,,
69881,193,73949,1,,
69882,7,73949,2,,
69883,321,73950,1,,
69884,426,73951,1,,
69885,502,73952,1,,
69886,29,73953,1,,
69887,4,73954,1,,
69888,193,73955,1,,
69889,7,73955,2,,
69890,321,73956,1,,
69891,426,73957,1,,
69892,502,73958,1,,
69893,29,73959,1,,
69894,4,73960,1,,
69895,193,73961,1,,
69896,7,73961,2,,
69897,321,73962,1,,
69898,426,73963,1,,
69899,502,73964,1,,
69900,29,73965,1,,
69901,4,73966,1,,
69902,193,73967,1,,
69903,7,73967,2,,
69904,321,73968,1,,
69905,426,73969,1,,
69906,502,73970,1,,
69907,29,73971,1,,
69908,4,73972,1,,
69909,193,73973,1,,
69910,7,73973,2,,
69911,321,73974,1,,
69912,426,73975,1,,
69913,502,73976,1,,
69914,29,73977,1,,
69915,4,73978,1,,
69916,203,73979,1,,
69917,7,73979,2,,
69918,322,73980,1,,
69919,425,73981,1,,
69920,506,73982,1,,
69921,30,73983,1,,
69922,3,73984,1,,
69923,203,73985,1,,
69924,7,73985,2,,
69925,322,73986,1,,
69926,425,73987,1,,
69927,506,73988,1,,
69928,30,73989,1,,
69929,3,73990,1,,
69930,203,73991,1,,
69931,7,73991,2,,
69932,322,73992,1,,
69933,425,73993,1,,
69934,506,73994,1,,
69935,30,73995,1,,
69936,3,73996,1,,
69937,203,73997,1,,
69938,7,73997,2,,
69939,322,73998,1,,
69940,425,73999,1,,
69941,506,74000,1,,
69942,30,74001,1,,
69943,3,74002,1,,
69944,203,74003,1,,
69945,7,74003,2,,
69946,322,74004,1,,
69947,425,74005,1,,
69948,506,74006,1,,
69949,30,74007,1,,
69950,3,74008,1,,
69951,203,74009,1,,
69952,7,74009,2,,
69953,322,74010,1,,
69954,425,74011,1,,
69955,506,74012,1,,
69956,30,74013,1,,
69957,3,74014,1,,
69958,203,74015,1,,
69959,7,74015,2,,
69960,322,74016,1,,
69961,425,74017,1,,
69962,506,74018,1,,
69963,30,74019,1,,
69964,3,74020,1,,
69965,203,74021,1,,
69966,7,74021,2,,
69967,322,74022,1,,
69968,425,74023,1,,
69969,506,74024,1,,
69970,30,74025,1,,
69971,3,74026,1,,
69972,203,74027,1,,
69973,7,74027,2,,
69974,322,74028,1,,
69975,425,74029,1,,
69976,506,74030,1,,
69977,30,74031,1,,
69978,3,74032,1,,
69979,203,74033,1,,
69980,7,74033,2,,
69981,322,74034,1,,
69982,425,74035,1,,
69983,506,74036,1,,
69984,30,74037,1,,
69985,3,74038,1,,
69986,203,74039,1,,
69987,7,74039,2,,
69988,322,74040,1,,
69989,425,74041,1,,
69990,506,74042,1,,
69991,30,74043,1,,
69992,3,74044,1,,
69993,203,74045,1,,
69994,7,74045,2,,
69995,322,74046,1,,
69996,425,74047,1,,
69997,506,74048,1,,
69998,30,74049,1,,
69999,3,74050,1,,
70000,210,74051,1,,
70001,7,74051,2,,
70002,320,74052,1,,
70003,429,74053,1,,
70004,510,74054,1,,
70005,30,74055,1,,
70006,3,74056,1,,
70007,210,74057,1,,
70008,7,74057,2,,
70009,320,74058,1,,
70010,429,74059,1,,
70011,510,74060,1,,
70012,30,74061,1,,
70013,3,74062,1,,
70014,210,74063,1,,
70015,7,74063,2,,
70016,320,74064,1,,
70017,429,74065,1,,
70018,510,74066,1,,
70019,30,74067,1,,
70020,3,74068,1,,
70021,210,74069,1,,
70022,7,74069,2,,
70023,320,74070,1,,
70024,429,74071,1,,
70025,510,74072,1,,
70026,30,74073,1,,
70027,3,74074,1,,
70028,210,74075,1,,
70029,7,74075,2,,
70030,320,74076,1,,
70031,429,74077,1,,
70032,510,74078,1,,
70033,30,74079,1,,
70034,3,74080,1,,
70035,210,74081,1,,
70036,7,74081,2,,
70037,320,74082,1,,
70038,429,74083,1,,
70039,510,74084,1,,
70040,30,74085,1,,
70041,3,74086,1,,
70042,210,74087,1,,
70043,7,74087,2,,
70044,320,74088,1,,
70045,429,74089,1,,
70046,510,74090,1,,
70047,30,74091,1,,
70048,3,74092,1,,
70049,210,74093,1,,
70050,7,74093,2,,
70051,320,74094,1,,
70052,429,74095,1,,
70053,510,74096,1,,
70054,30,74097,1,,
70055,3,74098,1,,
70056,210,74099,1,,
70057,7,74099,2,,
70058,320,74100,1,,
70059,429,74101,1,,
70060,510,74102,1,,
70061,30,74103,1,,
70062,3,74104,1,,
70063,210,74105,1,,
70064,7,74105,2,,
70065,320,74106,1,,
70066,429,74107,1,,
70067,510,74108,1,,
70068,30,74109,1,,
70069,3,74110,1,,
70070,210,74111,1,,
70071,7,74111,2,,
70072,320,74112,1,,
70073,429,74113,1,,
70074,510,74114,1,,
70075,30,74115,1,,
70076,3,74116,1,,
70077,210,74117,1,,
70078,7,74117,2,,
70079,320,74118,1,,
70080,429,74119,1,,
70081,510,74120,1,,
70082,30,74121,1,,
70083,3,74122,1,,
70084,211,74123,1,,
70085,9,74123,2,,
70086,322,74124,1,,
70087,437,74125,1,,
70088,516,74126,1,,
70089,31,74127,1,,
70090,3,74128,1,,
70091,211,74129,1,,
70092,9,74129,2,,
70093,322,74130,1,,
70094,437,74131,1,,
70095,516,74132,1,,
70096,31,74133,1,,
70097,3,74134,1,,
70098,211,74135,1,,
70099,9,74135,2,,
70100,322,74136,1,,
70101,437,74137,1,,
70102,516,74138,1,,
70103,31,74139,1,,
70104,3,74140,1,,
70105,211,74141,1,,
70106,9,74141,2,,
70107,322,74142,1,,
70108,437,74143,1,,
70109,516,74144,1,,
70110,31,74145,1,,
70111,3,74146,1,,
70112,211,74147,1,,
70113,9,74147,2,,
70114,322,74148,1,,
70115,437,74149,1,,
70116,516,74150,1,,
70117,31,74151,1,,
70118,3,74152,1,,
70119,211,74153,1,,
70120,9,74153,2,,
70121,322,74154,1,,
70122,437,74155,1,,
70123,516,74156,1,,
70124,31,74157,1,,
70125,3,74158,1,,
70126,211,74159,1,,
70127,9,74159,2,,
70128,322,74160,1,,
70129,437,74161,1,,
70130,516,74162,1,,
70131,31,74163,1,,
70132,3,74164,1,,
70133,211,74165,1,,
70134,9,74165,2,,
70135,322,74166,1,,
70136,437,74167,1,,
70137,516,74168,1,,
70138,31,74169,1,,
70139,3,74170,1,,
70140,211,74171,1,,
70141,9,74171,2,,
70142,322,74172,1,,
70143,437,74173,1,,
70144,516,74174,1,,
70145,31,74175,1,,
70146,3,74176,1,,
70147,211,74177,1,,
70148,9,74177,2,,
70149,322,74178,1,,
70150,437,74179,1,,
70151,516,74180,1,,
70152,31,74181,1,,
70153,3,74182,1,,
70154,211,74183,1,,
70155,9,74183,2,,
70156,322,74184,1,,
70157,437,74185,1,,
70158,516,74186,1,,
70159,31,74187,1,,
70160,3,74188,1,,
70161,211,74189,1,,
70162,9,74189,2,,
70163,322,74190,1,,
70164,437,74191,1,,
70165,516,74192,1,,
70166,31,74193,1,,
70167,3,74194,1,,
70168,247,74195,1,,
70169,9,74195,2,,
70170,324,74196,1,,
70171,445,74197,1,,
70172,510,74198,1,,
70173,30,74199,1,,
70174,3,74200,1,,
70175,247,74201,1,,
70176,9,74201,2,,
70177,324,74202,1,,
70178,445,74203,1,,
70179,510,74204,1,,
70180,30,74205,1,,
70181,3,74206,1,,
70182,247,74207,1,,
70183,9,74207,2,,
70184,324,74208,1,,
70185,445,74209,1,,
70186,510,74210,1,,
70187,30,74211,1,,
70188,3,74212,1,,
70189,247,74213,1,,
70190,9,74213,2,,
70191,324,74214,1,,
70192,445,74215,1,,
70193,510,74216,1,,
70194,30,74217,1,,
70195,3,74218,1,,
70196,247,74219,1,,
70197,9,74219,2,,
70198,324,74220,1,,
70199,445,74221,1,,
70200,510,74222,1,,
70201,30,74223,1,,
70202,3,74224,1,,
70203,247,74225,1,,
70204,9,74225,2,,
70205,324,74226,1,,
70206,445,74227,1,,
70207,510,74228,1,,
70208,30,74229,1,,
70209,3,74230,1,,
70210,247,74231,1,,
70211,9,74231,2,,
70212,324,74232,1,,
70213,445,74233,1,,
70214,510,74234,1,,
70215,30,74235,1,,
70216,3,74236,1,,
70217,247,74237,1,,
70218,9,74237,2,,
70219,324,74238,1,,
70220,445,74239,1,,
70221,510,74240,1,,
70222,30,74241,1,,
70223,3,74242,1,,
70224,247,74243,1,,
70225,9,74243,2,,
70226,324,74244,1,,
70227,445,74245,1,,
70228,510,74246,1,,
70229,30,74247,1,,
70230,3,74248,1,,
70231,247,74249,1,,
70232,9,74249,2,,
70233,324,74250,1,,
70234,445,74251,1,,
70235,510,74252,1,,
70236,30,74253,1,,
70237,3,74254,1,,
70238,247,74255,1,,
70239,9,74255,2,,
70240,324,74256,1,,
70241,445,74257,1,,
70242,510,74258,1,,
70243,30,74259,1,,
70244,3,74260,1,,
70245,247,74261,1,,
70246,9,74261,2,,
70247,324,74262,1,,
70248,445,74263,1,,
70249,510,74264,1,,
70250,30,74265,1,,
70251,3,74266,1,,
70252,276,74267,1,,
70253,9,74267,2,,
70254,324,74268,1,,
70255,445,74269,1,,
70256,511,74270,1,,
70257,30,74271,1,,
70258,4,74272,1,,
70259,276,74273,1,,
70260,9,74273,2,,
70261,324,74274,1,,
70262,445,74275,1,,
70263,511,74276,1,,
70264,30,74277,1,,
70265,4,74278,1,,
70266,276,74279,1,,
70267,9,74279,2,,
70268,324,74280,1,,
70269,445,74281,1,,
70270,511,74282,1,,
70271,30,74283,1,,
70272,4,74284,1,,
70273,276,74285,1,,
70274,9,74285,2,,
70275,324,74286,1,,
70276,445,74287,1,,
70277,511,74288,1,,
70278,30,74289,1,,
70279,4,74290,1,,
70280,276,74291,1,,
70281,9,74291,2,,
70282,324,74292,1,,
70283,445,74293,1,,
70284,511,74294,1,,
70285,30,74295,1,,
70286,4,74296,1,,
70287,276,74297,1,,
70288,9,74297,2,,
70289,324,74298,1,,
70290,445,74299,1,,
70291,511,74300,1,,
70292,30,74301,1,,
70293,4,74302,1,,
70294,276,74303,1,,
70295,9,74303,2,,
70296,324,74304,1,,
70297,445,74305,1,,
70298,511,74306,1,,
70299,30,74307,1,,
70300,4,74308,1,,
70301,276,74309,1,,
70302,9,74309,2,,
70303,324,74310,1,,
70304,445,74311,1,,
70305,511,74312,1,,
70306,30,74313,1,,
70307,4,74314,1,,
70308,276,74315,1,,
70309,9,74315,2,,
70310,324,74316,1,,
70311,445,74317,1,,
70312,511,74318,1,,
70313,30,74319,1,,
70314,4,74320,1,,
70315,276,74321,1,,
70316,9,74321,2,,
70317,324,74322,1,,
70318,445,74323,1,,
70319,511,74324,1,,
70320,30,74325,1,,
70321,4,74326,1,,
70322,276,74327,1,,
70323,9,74327,2,,
70324,324,74328,1,,
70325,445,74329,1,,
70326,511,74330,1,,
70327,30,74331,1,,
70328,4,74332,1,,
70329,276,74333,1,,
70330,9,74333,2,,
70331,324,74334,1,,
70332,445,74335,1,,
70333,511,74336,1,,
70334,30,74337,1,,
70335,4,74338,1,,
70336,298,74339,1,,
70337,8,74339,2,,
70338,336,74340,1,,
70339,459,74341,1,,
70340,531,74342,1,,
70341,30,74343,1,,
70342,4,74344,1,,
70343,298,74345,1,,
70344,8,74345,2,,
70345,336,74346,1,,
70346,459,74347,1,,
70347,531,74348,1,,
70348,30,74349,1,,
70349,4,74350,1,,
70350,298,74351,1,,
70351,8,74351,2,,
70352,336,74352,1,,
70353,459,74353,1,,
70354,531,74354,1,,
70355,30,74355,1,,
70356,4,74356,1,,
70357,298,74357,1,,
70358,8,74357,2,,
70359,336,74358,1,,
70360,459,74359,1,,
70361,531,74360,1,,
70362,30,74361,1,,
70363,4,74362,1,,
70364,298,74363,1,,
70365,8,74363,2,,
70366,336,74364,1,,
70367,459,74365,1,,
70368,531,74366,1,,
70369,30,74367,1,,
70370,4,74368,1,,
70371,298,74369,1,,
70372,8,74369,2,,
70373,336,74370,1,,
70374,459,74371,1,,
70375,531,74372,1,,
70376,30,74373,1,,
70377,4,74374,1,,
70378,298,74375,1,,
70379,8,74375,2,,
70380,336,74376,1,,
70381,459,74377,1,,
70382,531,74378,1,,
70383,30,74379,1,,
70384,4,74380,1,,
70385,298,74381,1,,
70386,8,74381,2,,
70387,336,74382,1,,
70388,459,74383,1,,
70389,531,74384,1,,
70390,30,74385,1,,
70391,4,74386,1,,
70392,298,74387,1,,
70393,8,74387,2,,
70394,336,74388,1,,
70395,459,74389,1,,
70396,531,74390,1,,
70397,30,74391,1,,
70398,4,74392,1,,
70399,298,74393,1,,
70400,8,74393,2,,
70401,336,74394,1,,
70402,459,74395,1,,
70403,531,74396,1,,
70404,30,74397,1,,
70405,4,74398,1,,
70406,298,74399,1,,
70407,8,74399,2,,
70408,336,74400,1,,
70409,459,74401,1,,
70410,531,74402,1,,
70411,30,74403,1,,
70412,4,74404,1,,
70413,298,74405,1,,
70414,8,74405,2,,
70415,336,74406,1,,
70416,459,74407,1,,
70417,531,74408,1,,
70418,30,74409,1,,
70419,4,74410,1,,
70420,323,74411,1,,
70421,7,74411,2,,
70422,346,74412,1,,
70423,470,74413,1,,
70424,531,74414,1,,
70425,33,74415,1,,
70426,4,74416,1,,
70427,323,74417,1,,
70428,7,74417,2,,
70429,346,74418,1,,
70430,470,74419,1,,
70431,531,74420,1,,
70432,33,74421,1,,
70433,4,74422,1,,
70434,323,74423,1,,
70435,7,74423,2,,
70436,346,74424,1,,
70437,470,74425,1,,
70438,531,74426,1,,
70439,33,74427,1,,
70440,4,74428,1,,
70441,323,74429,1,,
70442,7,74429,2,,
70443,346,74430,1,,
70444,470,74431,1,,
70445,531,74432,1,,
70446,33,74433,1,,
70447,4,74434,1,,
70448,323,74435,1,,
70449,7,74435,2,,
70450,346,74436,1,,
70451,470,74437,1,,
70452,531,74438,1,,
70453,33,74439,1,,
70454,4,74440,1,,
70455,323,74441,1,,
70456,7,74441,2,,
70457,346,74442,1,,
70458,470,74443,1,,
70459,531,74444,1,,
70460,33,74445,1,,
70461,4,74446,1,,
70462,323,74447,1,,
70463,7,74447,2,,
70464,346,74448,1,,
70465,470,74449,1,,
70466,531,74450,1,,
70467,33,74451,1,,
70468,4,74452,1,,
70469,323,74453,1,,
70470,7,74453,2,,
70471,346,74454,1,,
70472,470,74455,1,,
70473,531,74456,1,,
70474,33,74457,1,,
70475,4,74458,1,,
70476,323,74459,1,,
70477,7,74459,2,,
70478,346,74460,1,,
70479,470,74461,1,,
70480,531,74462,1,,
70481,33,74463,1,,
70482,4,74464,1,,
70483,323,74465,1,,
70484,7,74465,2,,
70485,346,74466,1,,
70486,470,74467,1,,
70487,531,74468,1,,
70488,33,74469,1,,
70489,4,74470,1,,
70490,323,74471,1,,
70491,7,74471,2,,
70492,346,74472,1,,
70493,470,74473,1,,
70494,531,74474,1,,
70495,33,74475,1,,
70496,4,74476,1,,
70497,323,74477,1,,
70498,7,74477,2,,
70499,346,74478,1,,
70500,470,74479,1,,
70501,531,74480,1,,
70502,33,74481,1,,
70503,4,74482,1,,
70504,348,74483,1,,
70505,8,74483,2,,
70506,343,74484,1,,
70507,7,74484,2,,
70508,475,74485,1,,
70509,15,74485,2,,
70510,533,74486,1,,
70511,9,74486,2,,
70512,33,74487,1,,
70513,5,74488,1,,
70514,348,74489,1,,
70515,8,74489,2,,
70516,343,74490,1,,
70517,7,74490,2,,
70518,475,74491,1,,
70519,15,74491,2,,
70520,533,74492,1,,
70521,9,74492,2,,
70522,33,74493,1,,
70523,5,74494,1,,
70524,348,74495,1,,
70525,8,74495,2,,
70526,343,74496,1,,
70527,7,74496,2,,
70528,475,74497,1,,
70529,15,74497,2,,
70530,533,74498,1,,
70531,9,74498,2,,
70532,33,74499,1,,
70533,5,74500,1,,
70534,348,74501,1,,
70535,8,74501,2,,
70536,343,74502,1,,
70537,7,74502,2,,
70538,475,74503,1,,
70539,15,74503,2,,
70540,533,74504,1,,
70541,9,74504,2,,
70542,33,74505,1,,
70543,5,74506,1,,
70544,348,74507,1,,
70545,8,74507,2,,
70546,343,74508,1,,
70547,7,74508,2,,
70548,475,74509,1,,
70549,15,74509,2,,
70550,533,74510,1,,
70551,9,74510,2,,
70552,33,74511,1,,
70553,5,74512,1,,
70554,348,74513,1,,
70555,8,74513,2,,
70556,343,74514,1,,
70557,7,74514,2,,
70558,475,74515,1,,
70559,15,74515,2,,
70560,533,74516,1,,
70561,9,74516,2,,
70562,33,74517,1,,
70563,5,74518,1,,
70564,348,74519,1,,
70565,8,74519,2,,
70566,343,74520,1,,
70567,7,74520,2,,
70568,475,74521,1,,
70569,15,74521,2,,
70570,533,74522,1,,
70571,9,74522,2,,
70572,33,74523,1,,
70573,5,74524,1,,
70574,348,74525,1,,
70575,8,74525,2,,
70576,343,74526,1,,
70577,7,74526,2,,
70578,475,74527,1,,
70579,15,74527,2,,
70580,533,74528,1,,
70581,9,74528,2,,
70582,33,74529,1,,
70583,5,74530,1,,
70584,348,74531,1,,
70585,8,74531,2,,
70586,343,74532,1,,
70587,7,74532,2,,
70588,475,74533,1,,
70589,15,74533,2,,
70590,533,74534,1,,
70591,9,74534,2,,
70592,33,74535,1,,
70593,5,74536,1,,
70594,348,74537,1,,
70595,8,74537,2,,
70596,343,74538,1,,
70597,7,74538,2,,
70598,475,74539,1,,
70599,15,74539,2,,
70600,533,74540,1,,
70601,9,74540,2,,
70602,33,74541,1,,
70603,5,74542,1,,
70604,348,74543,1,,
70605,8,74543,2,,
70606,343,74544,1,,
70607,7,74544,2,,
70608,475,74545,1,,
70609,15,74545,2,,
70610,533,74546,1,,
70611,9,74546,2,,
70612,33,74547,1,,
70613,5,74548,1,,
70614,348,74549,1,,
70615,8,74549,2,,
70616,343,74550,1,,
70617,7,74550,2,,
70618,475,74551,1,,
70619,15,74551,2,,
70620,533,74552,1,,
70621,9,74552,2,,
70622,33,74553,1,,
70623,5,74554,1,,
70624,364,74555,1,,
70625,10,74555,2,,
70626,343,74556,1,,
70627,11,74556,2,,
70628,476,74557,1,,
70629,17,74557,2,,
70630,527,74558,1,,
70631,13,74558,2,,
70632,32,74559,1,,
70633,4,74560,1,,
70634,364,74561,1,,
70635,10,74561,2,,
70636,343,74562,1,,
70637,11,74562,2,,
70638,476,74563,1,,
70639,17,74563,2,,
70640,527,74564,1,,
70641,13,74564,2,,
70642,32,74565,1,,
70643,4,74566,1,,
70644,364,74567,1,,
70645,10,74567,2,,
70646,343,74568,1,,
70647,11,74568,2,,
70648,476,74569,1,,
70649,17,74569,2,,
70650,527,74570,1,,
70651,13,74570,2,,
70652,32,74571,1,,
70653,4,74572,1,,
70654,364,74573,1,,
70655,10,74573,2,,
70656,343,74574,1,,
70657,11,74574,2,,
70658,476,74575,1,,
70659,17,74575,2,,
70660,527,74576,1,,
70661,13,74576,2,,
70662,32,74577,1,,
70663,4,74578,1,,
70664,364,74579,1,,
70665,10,74579,2,,
70666,343,74580,1,,
70667,11,74580,2,,
70668,476,74581,1,,
70669,17,74581,2,,
70670,527,74582,1,,
70671,13,74582,2,,
70672,32,74583,1,,
70673,4,74584,1,,
70674,364,74585,1,,
70675,10,74585,2,,
70676,343,74586,1,,
70677,11,74586,2,,
70678,476,74587,1,,
70679,17,74587,2,,
70680,527,74588,1,,
70681,13,74588,2,,
70682,32,74589,1,,
70683,4,74590,1,,
70684,364,74591,1,,
70685,10,74591,2,,
70686,343,74592,1,,
70687,11,74592,2,,
70688,476,74593,1,,
70689,17,74593,2,,
70690,527,74594,1,,
70691,13,74594,2,,
70692,32,74595,1,,
70693,4,74596,1,,
70694,364,74597,1,,
70695,10,74597,2,,
70696,343,74598,1,,
70697,11,74598,2,,
70698,476,74599,1,,
70699,17,74599,2,,
70700,527,74600,1,,
70701,13,74600,2,,
70702,32,74601,1,,
70703,4,74602,1,,
70704,364,74603,1,,
70705,10,74603,2,,
70706,343,74604,1,,
70707,11,74604,2,,
70708,476,74605,1,,
70709,17,74605,2,,
70710,527,74606,1,,
70711,13,74606,2,,
70712,32,74607,1,,
70713,4,74608,1,,
70714,364,74609,1,,
70715,10,74609,2,,
70716,343,74610,1,,
70717,11,74610,2,,
70718,476,74611,1,,
70719,17,74611,2,,
70720,527,74612,1,,
70721,13,74612,2,,
70722,32,74613,1,,
70723,4,74614,1,,
70724,364,74615,1,,
70725,10,74615,2,,
70726,343,74616,1,,
70727,11,74616,2,,
70728,476,74617,1,,
70729,17,74617,2,,
70730,527,74618,1,,
70731,13,74618,2,,
70732,32,74619,1,,
70733,4,74620,1,,
70734,364,74621,1,,
70735,10,74621,2,,
70736,343,74622,1,,
70737,11,74622,2,,
70738,476,74623,1,,
70739,17,74623,2,,
70740,527,74624,1,,
70741,13,74624,2,,
70742,32,74625,1,,
70743,4,74626,1,,
70744,360,74627,1,,
70745,10,74627,2,,
70746,337,74628,1,,
70747,17,74628,2,,
70748,493,74629,1,,
70749,29,74629,2,,
70750,512,74630,1,,
70751,30,74630,2,,
70752,33,74631,1,,
70753,4,74632,1,,
70754,360,74633,1,,
70755,10,74633,2,,
70756,337,74634,1,,
70757,17,74634,2,,
70758,493,74635,1,,
70759,29,74635,2,,
70760,512,74636,1,,
70761,30,74636,2,,
70762,33,74637,1,,
70763,4,74638,1,,
70764,360,74639,1,,
70765,10,74639,2,,
70766,337,74640,1,,
70767,17,74640,2,,
70768,493,74641,1,,
70769,29,74641,2,,
70770,512,74642,1,,
70771,30,74642,2,,
70772,33,74643,1,,
70773,4,74644,1,,
70774,360,74645,1,,
70775,10,74645,2,,
70776,337,74646,1,,
70777,17,74646,2,,
70778,493,74647,1,,
70779,29,74647,2,,
70780,512,74648,1,,
70781,30,74648,2,,
70782,33,74649,1,,
70783,4,74650,1,,
70784,360,74651,1,,
70785,10,74651,2,,
70786,337,74652,1,,
70787,17,74652,2,,
70788,493,74653,1,,
70789,29,74653,2,,
70790,512,74654,1,,
70791,30,74654,2,,
70792,33,74655,1,,
70793,4,74656,1,,
70794,360,74657,1,,
70795,10,74657,2,,
70796,337,74658,1,,
70797,17,74658,2,,
70798,493,74659,1,,
70799,29,74659,2,,
70800,512,74660,1,,
70801,30,74660,2,,
70802,33,74661,1,,
70803,4,74662,1,,
70804,360,74663,1,,
70805,10,74663,2,,
70806,337,74664,1,,
70807,17,74664,2,,
70808,493,74665,1,,
70809,29,74665,2,,
70810,512,74666,1,,
70811,30,74666,2,,
70812,33,74667,1,,
70813,4,74668,1,,
70814,360,74669,1,,
70815,10,74669,2,,
70816,337,74670,1,,
70817,17,74670,2,,
70818,493,74671,1,,
70819,29,74671,2,,
70820,512,74672,1,,
70821,30,74672,2,,
70822,33,74673,1,,
70823,4,74674,1,,
70824,360,74675,1,,
70825,10,74675,2,,
70826,337,74676,1,,
70827,17,74676,2,,
70828,493,74677,1,,
70829,29,74677,2,,
70830,512,74678,1,,
70831,30,74678,2,,
70832,33,74679,1,,
70833,4,74680,1,,
70834,360,74681,1,,
70835,10,74681,2,,
70836,337,74682,1,,
70837,17,74682,2,,
70838,493,74683,1,,
70839,29,74683,2,,
70840,512,74684,1,,
70841,30,74684,2,,
70842,33,74685,1,,
70843,4,74686,1,,
70844,360,74687,1,,
70845,10,74687,2,,
70846,337,74688,1,,
70847,17,74688,2,,
70848,493,74689,1,,
70849,29,74689,2,,
70850,512,74690,1,,
70851,30,74690,2,,
70852,33,74691,1,,
70853,4,74692,1,,
70854,360,74693,1,,
70855,10,74693,2,,
70856,337,74694,1,,
70857,17,74694,2,,
70858,493,74695,1,,
70859,29,74695,2,,
70860,512,74696,1,,
70861,30,74696,2,,
70862,33,74697,1,,
70863,4,74698,1,,
70864,349,74699,1,,
70865,9,74699,2,,
70866,318,74700,1,,
70867,19,74700,2,,
70868,491,74701,1,,
70869,33,74701,2,,
70870,514,74702,1,,
70871,36,74702,2,,
70872,36,74703,1,,
70873,4,74704,1,,
70874,349,74705,1,,
70875,9,74705,2,,
70876,318,74706,1,,
70877,19,74706,2,,
70878,491,74707,1,,
70879,33,74707,2,,
70880,514,74708,1,,
70881,36,74708,2,,
70882,36,74709,1,,
70883,4,74710,1,,
70884,349,74711,1,,
70885,9,74711,2,,
70886,318,74712,1,,
70887,19,74712,2,,
70888,491,74713,1,,
70889,33,74713,2,,
70890,514,74714,1,,
70891,36,74714,2,,
70892,36,74715,1,,
70893,4,74716,1,,
70894,349,74717,1,,
70895,9,74717,2,,
70896,318,74718,1,,
70897,19,74718,2,,
70898,491,74719,1,,
70899,33,74719,2,,
70900,514,74720,1,,
70901,36,74720,2,,
70902,36,74721,1,,
70903,4,74722,1,,
70904,349,74723,1,,
70905,9,74723,2,,
70906,318,74724,1,,
70907,19,74724,2,,
70908,491,74725,1,,
70909,33,74725,2,,
70910,514,74726,1,,
70911,36,74726,2,,
70912,36,74727,1,,
70913,4,74728,1,,
70914,349,74729,1,,
70915,9,74729,2,,
70916,318,74730,1,,
70917,19,74730,2,,
70918,491,74731,1,,
70919,33,74731,2,,
70920,514,74732,1,,
70921,36,74732,2,,
70922,36,74733,1,,
70923,4,74734,1,,
70924,349,74735,1,,
70925,9,74735,2,,
70926,318,74736,1,,
70927,19,74736,2,,
70928,491,74737,1,,
70929,33,74737,2,,
70930,514,74738,1,,
70931,36,74738,2,,
70932,36,74739,1,,
70933,4,74740,1,,
70934,349,74741,1,,
70935,9,74741,2,,
70936,318,74742,1,,
70937,19,74742,2,,
70938,491,74743,1,,
70939,33,74743,2,,
70940,514,74744,1,,
70941,36,74744,2,,
70942,36,74745,1,,
70943,4,74746,1,,
70944,349,74747,1,,
70945,9,74747,2,,
70946,318,74748,1,,
70947,19,74748,2,,
70948,491,74749,1,,
70949,33,74749,2,,
70950,514,74750,1,,
70951,36,74750,2,,
70952,36,74751,1,,
70953,4,74752,1,,
70954,349,74753,1,,
70955,9,74753,2,,
70956,318,74754,1,,
70957,19,74754,2,,
70958,491,74755,1,,
70959,33,74755,2,,
70960,514,74756,1,,
70961,36,74756,2,,
70962,36,74757,1,,
70963,4,74758,1,,
70964,349,74759,1,,
70965,9,74759,2,,
70966,318,74760,1,,
70967,19,74760,2,,
70968,491,74761,1,,
70969,33,74761,2,,
70970,514,74762,1,,
70971,36,74762,2,,
70972,36,74763,1,,
70973,4,74764,1,,
70974,349,74765,1,,
70975,9,74765,2,,
70976,318,74766,1,,
70977,19,74766,2,,
70978,491,74767,1,,
70979,33,74767,2,,
70980,514,74768,1,,
70981,36,74768,2,,
70982,36,74769,1,,
70983,4,74770,1,,
70984,338,74771,1,,
70985,9,74771,2,,
70986,309,74772,1,,
70987,19,74772,2,,
70988,481,74773,1,,
70989,33,74773,2,,
70990,514,74774,1,,
70991,36,74774,2,,
70992,40,74775,1,,
70993,3,74776,1,,
70994,338,74777,1,,
70995,9,74777,2,,
70996,309,74778,1,,
70997,19,74778,2,,
70998,481,74779,1,,
70999,33,74779,2,,
71000,514,74780,1,,
71001,36,74780,2,,
71002,40,74781,1,,
71003,3,74782,1,,
71004,338,74783,1,,
71005,9,74783,2,,
71006,309,74784,1,,
71007,19,74784,2,,
71008,481,74785,1,,
71009,33,74785,2,,
71010,514,74786,1,,
71011,36,74786,2,,
71012,40,74787,1,,
71013,3,74788,1,,
71014,338,74789,1,,
71015,9,74789,2,,
71016,309,74790,1,,
71017,19,74790,2,,
71018,481,74791,1,,
71019,33,74791,2,,
71020,514,74792,1,,
71021,36,74792,2,,
71022,40,74793,1,,
71023,3,74794,1,,
71024,338,74795,1,,
71025,9,74795,2,,
71026,309,74796,1,,
71027,19,74796,2,,
71028,481,74797,1,,
71029,33,74797,2,,
71030,514,74798,1,,
71031,36,74798,2,,
71032,40,74799,1,,
71033,3,74800,1,,
71034,338,74801,1,,
71035,9,74801,2,,
71036,309,74802,1,,
71037,19,74802,2,,
71038,481,74803,1,,
71039,33,74803,2,,
71040,514,74804,1,,
71041,36,74804,2,,
71042,40,74805,1,,
71043,3,74806,1,,
71044,338,74807,1,,
71045,9,74807,2,,
71046,309,74808,1,,
71047,19,74808,2,,
71048,481,74809,1,,
71049,33,74809,2,,
71050,514,74810,1,,
71051,36,74810,2,,
71052,40,74811,1,,
71053,3,74812,1,,
71054,338,74813,1,,
71055,9,74813,2,,
71056,309,74814,1,,
71057,19,74814,2,,
71058,481,74815,1,,
71059,33,74815,2,,
71060,514,74816,1,,
71061,36,74816,2,,
71062,40,74817,1,,
71063,3,74818,1,,
71064,338,74819,1,,
71065,9,74819,2,,
71066,309,74820,1,,
71067,19,74820,2,,
71068,481,74821,1,,
71069,33,74821,2,,
71070,514,74822,1,,
71071,36,74822,2,,
71072,40,74823,1,,
71073,3,74824,1,,
71074,338,74825,1,,
71075,9,74825,2,,
71076,309,74826,1,,
71077,19,74826,2,,
71078,481,74827,1,,
71079,33,74827,2,,
71080,514,74828,1,,
71081,36,74828,2,,
71082,40,74829,1,,
71083,3,74830,1,,
71084,338,74831,1,,
71085,9,74831,2,,
71086,309,74832,1,,
71087,19,74832,2,,
71088,481,74833,1,,
71089,33,74833,2,,
71090,514,74834,1,,
71091,36,74834,2,,
71092,40,74835,1,,
71093,3,74836,1,,
71094,338,74837,1,,
71095,9,74837,2,,
71096,309,74838,1,,
71097,19,74838,2,,
71098,481,74839,1,,
71099,33,74839,2,,
71100,514,74840,1,,
71101,36,74840,2,,
71102,40,74841,1,,
71103,3,74842,1,,
71104,349,74843,1,,
71105,10,74843,2,,
71106,308,74844,1,,
71107,18,74844,2,,
71108,479,74845,1,,
71109,33,74845,2,,
71110,513,74846,1,,
71111,37,74846,2,,
71112,38,74847,1,,
71113,3,74848,1,,
71114,349,74849,1,,
71115,10,74849,2,,
71116,308,74850,1,,
71117,18,74850,2,,
71118,479,74851,1,,
71119,33,74851,2,,
71120,513,74852,1,,
71121,37,74852,2,,
71122,38,74853,1,,
71123,3,74854,1,,
71124,349,74855,1,,
71125,10,74855,2,,
71126,308,74856,1,,
71127,18,74856,2,,
71128,479,74857,1,,
71129,33,74857,2,,
71130,513,74858,1,,
71131,37,74858,2,,
71132,38,74859,1,,
71133,3,74860,1,,
71134,349,74861,1,,
71135,10,74861,2,,
71136,308,74862,1,,
71137,18,74862,2,,
71138,479,74863,1,,
71139,33,74863,2,,
71140,513,74864,1,,
71141,37,74864,2,,
71142,38,74865,1,,
71143,3,74866,1,,
71144,349,74867,1,,
71145,10,74867,2,,
71146,308,74868,1,,
71147,18,74868,2,,
71148,479,74869,1,,
71149,33,74869,2,,
71150,513,74870,1,,
71151,37,74870,2,,
71152,38,74871,1,,
71153,3,74872,1,,
71154,349,74873,1,,
71155,10,74873,2,,
71156,308,74874,1,,
71157,18,74874,2,,
71158,479,74875,1,,
71159,33,74875,2,,
71160,513,74876,1,,
71161,37,74876,2,,
71162,38,74877,1,,
71163,3,74878,1,,
71164,349,74879,1,,
71165,10,74879,2,,
71166,308,74880,1,,
71167,18,74880,2,,
71168,479,74881,1,,
71169,33,74881,2,,
71170,513,74882,1,,
71171,37,74882,2,,
71172,38,74883,1,,
71173,3,74884,1,,
71174,349,74885,1,,
71175,10,74885,2,,
71176,308,74886,1,,
71177,18,74886,2,,
71178,479,74887,1,,
71179,33,74887,2,,
71180,513,74888,1,,
71181,37,74888,2,,
71182,38,74889,1,,
71183,3,74890,1,,
71184,349,74891,1,,
71185,10,74891,2,,
71186,308,74892,1,,
71187,18,74892,2,,
71188,479,74893,1,,
71189,33,74893,2,,
71190,513,74894,1,,
71191,37,74894,2,,
71192,38,74895,1,,
71193,3,74896,1,,
71194,349,74897,1,,
71195,10,74897,2,,
71196,308,74898,1,,
71197,18,74898,2,,
71198,479,74899,1,,
71199,33,74899,2,,
71200,513,74900,1,,
71201,37,74900,2,,
71202,38,74901,1,,
71203,3,74902,1,,
71204,349,74903,1,,
71205,10,74903,2,,
71206,308,74904,1,,
71207,18,74904,2,,
71208,479,74905,1,,
71209,33,74905,2,,
71210,513,74906,1,,
71211,37,74906,2,,
71212,38,74907,1,,
71213,3,74908,1,,
71214,349,74909,1,,
71215,10,74909,2,,
71216,308,74910,1,,
71217,18,74910,2,,
71218,479,74911,1,,
71219,33,74911,2,,
71220,513,74912,1,,
71221,37,74912,2,,
71222,38,74913,1,,
71223,3,74914,1,,
71224,350,74915,1,,
71225,10,74915,2,,
71226,302,74916,1,,
71227,18,74916,2,,
71228,475,74917,1,,
71229,33,74917,2,,
71230,513,74918,1,,
71231,36,74918,2,,
71232,38,74919,1,,
71233,3,74920,1,,
71234,350,74921,1,,
71235,10,74921,2,,
71236,302,74922,1,,
71237,18,74922,2,,
71238,475,74923,1,,
71239,33,74923,2,,
71240,513,74924,1,,
71241,36,74924,2,,
71242,38,74925,1,,
71243,3,74926,1,,
71244,350,74927,1,,
71245,10,74927,2,,
71246,302,74928,1,,
71247,18,74928,2,,
71248,475,74929,1,,
71249,33,74929,2,,
71250,513,74930,1,,
71251,36,74930,2,,
71252,38,74931,1,,
71253,3,74932,1,,
71254,350,74933,1,,
71255,10,74933,2,,
71256,302,74934,1,,
71257,18,74934,2,,
71258,475,74935,1,,
71259,33,74935,2,,
71260,513,74936,1,,
71261,36,74936,2,,
71262,38,74937,1,,
71263,3,74938,1,,
71264,350,74939,1,,
71265,10,74939,2,,
71266,302,74940,1,,
71267,18,74940,2,,
71268,475,74941,1,,
71269,33,74941,2,,
71270,513,74942,1,,
71271,36,74942,2,,
71272,38,74943,1,,
71273,3,74944,1,,
71274,350,74945,1,,
71275,10,74945,2,,
71276,302,74946,1,,
71277,18,74946,2,,
71278,475,74947,1,,
71279,33,74947,2,,
71280,513,74948,1,,
71281,36,74948,2,,
71282,38,74949,1,,
71283,3,74950,1,,
71284,350,74951,1,,
71285,10,74951,2,,
71286,302,74952,1,,
71287,18,74952,2,,
71288,475,74953,1,,
71289,33,74953,2,,
71290,513,74954,1,,
71291,36,74954,2,,
71292,38,74955,1,,
71293,3,74956,1,,
71294,350,74957,1,,
71295,10,74957,2,,
71296,302,74958,1,,
71297,18,74958,2,,
71298,475,74959,1,,
71299,33,74959,2,,
71300,513,74960,1,,
71301,36,74960,2,,
71302,38,74961,1,,
71303,3,74962,1,,
71304,350,74963,1,,
71305,10,74963,2,,
71306,302,74964,1,,
71307,18,74964,2,,
71308,475,74965,1,,
71309,33,74965,2,,
71310,513,74966,1,,
71311,36,74966,2,,
71312,38,74967,1,,
71313,3,74968,1,,
71314,350,74969,1,,
71315,10,74969,2,,
71316,302,74970,1,,
71317,18,74970,2,,
71318,475,74971,1,,
71319,33,74971,2,,
71320,513,74972,1,,
71321,36,74972,2,,
71322,38,74973,1,,
71323,3,74974,1,,
71324,350,74975,1,,
71325,10,74975,2,,
71326,302,74976,1,,
71327,18,74976,2,,
71328,475,74977,1,,
71329,33,74977,2,,
71330,513,74978,1,,
71331,36,74978,2,,
71332,38,74979,1,,
71333,3,74980,1,,
71334,350,74981,1,,
71335,10,74981,2,,
71336,302,74982,1,,
71337,18,74982,2,,
71338,475,74983,1,,
71339,33,74983,2,,
71340,513,74984,1,,
71341,36,74984,2,,
71342,38,74985,1,,
71343,3,74986,1,,
71344,355,74987,1,,
71345,12,74987,2,,
71346,297,74988,1,,
71347,18,74988,2,,
71348,466,74989,1,,
71349,33,74989,2,,
71350,502,74990,1,,
71351,35,74990,2,,
71352,35,74991,1,,
71353,3,74992,1,,
71354,355,74993,1,,
71355,12,74993,2,,
71356,297,74994,1,,
71357,18,74994,2,,
71358,466,74995,1,,
71359,33,74995,2,,
71360,502,74996,1,,
71361,35,74996,2,,
71362,35,74997,1,,
71363,3,74998,1,,
71364,355,74999,1,,
71365,12,74999,2,,
71366,297,75000,1,,
71367,18,75000,2,,
71368,466,75001,1,,
71369,33,75001,2,,
71370,502,75002,1,,
71371,35,75002,2,,
71372,35,75003,1,,
71373,3,75004,1,,
71374,355,75005,1,,
71375,12,75005,2,,
71376,297,75006,1,,
71377,18,75006,2,,
71378,466,75007,1,,
71379,33,75007,2,,
71380,502,75008,1,,
71381,35,75008,2,,
71382,35,75009,1,,
71383,3,75010,1,,
71384,355,75011,1,,
71385,12,75011,2,,
71386,297,75012,1,,
71387,18,75012,2,,
71388,466,75013,1,,
71389,33,75013,2,,
71390,502,75014,1,,
71391,35,75014,2,,
71392,35,75015,1,,
71393,3,75016,1,,
71394,355,75017,1,,
71395,12,75017,2,,
71396,297,75018,1,,
71397,18,75018,2,,
71398,466,75019,1,,
71399,33,75019,2,,
71400,502,75020,1,,
71401,35,75020,2,,
71402,35,75021,1,,
71403,3,75022,1,,
71404,355,75023,1,,
71405,12,75023,2,,
71406,297,75024,1,,
71407,18,75024,2,,
71408,466,75025,1,,
71409,33,75025,2,,
71410,502,75026,1,,
71411,35,75026,2,,
71412,35,75027,1,,
71413,3,75028,1,,
71414,355,75029,1,,
71415,12,75029,2,,
71416,297,75030,1,,
71417,18,75030,2,,
71418,466,75031,1,,
71419,33,75031,2,,
71420,502,75032,1,,
71421,35,75032,2,,
71422,35,75033,1,,
71423,3,75034,1,,
71424,355,75035,1,,
71425,12,75035,2,,
71426,297,75036,1,,
71427,18,75036,2,,
71428,466,75037,1,,
71429,33,75037,2,,
71430,502,75038,1,,
71431,35,75038,2,,
71432,35,75039,1,,
71433,3,75040,1,,
71434,355,75041,1,,
71435,12,75041,2,,
71436,297,75042,1,,
71437,18,75042,2,,
71438,466,75043,1,,
71439,33,75043,2,,
71440,502,75044,1,,
71441,35,75044,2,,
71442,35,75045,1,,
71443,3,75046,1,,
71444,355,75047,1,,
71445,12,75047,2,,
71446,297,75048,1,,
71447,18,75048,2,,
71448,466,75049,1,,
71449,33,75049,2,,
71450,502,75050,1,,
71451,35,75050,2,,
71452,35,75051,1,,
71453,3,75052,1,,
71454,355,75053,1,,
71455,12,75053,2,,
71456,297,75054,1,,
71457,18,75054,2,,
71458,466,75055,1,,
71459,33,75055,2,,
71460,502,75056,1,,
71461,35,75056,2,,
71462,35,75057,1,,
71463,3,75058,1,,
71464,365,75059,1,,
71465,12,75059,2,,
71466,296,75060,1,,
71467,18,75060,2,,
71468,464,75061,1,,
71469,33,75061,2,,
71470,495,75062,1,,
71471,35,75062,2,,
71472,30,75063,1,,
71473,4,75064,1,,
71474,365,75065,1,,
71475,12,75065,2,,
71476,296,75066,1,,
71477,18,75066,2,,
71478,464,75067,1,,
71479,33,75067,2,,
71480,495,75068,1,,
71481,35,75068,2,,
71482,30,75069,1,,
71483,4,75070,1,,
71484,365,75071,1,,
71485,12,75071,2,,
71486,296,75072,1,,
71487,18,75072,2,,
71488,464,75073,1,,
71489,33,75073,2,,
71490,495,75074,1,,
71491,35,75074,2,,
71492,30,75075,1,,
71493,4,75076,1,,
71494,365,75077,1,,
71495,12,75077,2,,
71496,296,75078,1,,
71497,18,75078,2,,
71498,464,75079,1,,
71499,33,75079,2,,
71500,495,75080,1,,
71501,35,75080,2,,
71502,30,75081,1,,
71503,4,75082,1,,
71504,365,75083,1,,
71505,12,75083,2,,
71506,296,75084,1,,
71507,18,75084,2,,
71508,464,75085,1,,
71509,33,75085,2,,
71510,495,75086,1,,
71511,35,75086,2,,
71512,30,75087,1,,
71513,4,75088,1,,
71514,365,75089,1,,
71515,12,75089,2,,
71516,296,75090,1,,
71517,18,75090,2,,
71518,464,75091,1,,
71519,33,75091,2,,
71520,495,75092,1,,
71521,35,75092,2,,
71522,30,75093,1,,
71523,4,75094,1,,
71524,365,75095,1,,
71525,12,75095,2,,
71526,296,75096,1,,
71527,18,75096,2,,
71528,464,75097,1,,
71529,33,75097,2,,
71530,495,75098,1,,
71531,35,75098,2,,
71532,30,75099,1,,
71533,4,75100,1,,
71534,365,75101,1,,
71535,12,75101,2,,
71536,296,75102,1,,
71537,18,75102,2,,
71538,464,75103,1,,
71539,33,75103,2,,
71540,495,75104,1,,
71541,35,75104,2,,
71542,30,75105,1,,
71543,4,75106,1,,
71544,365,75107,1,,
71545,12,75107,2,,
71546,296,75108,1,,
71547,18,75108,2,,
71548,464,75109,1,,
71549,33,75109,2,,
71550,495,75110,1,,
71551,35,75110,2,,
71552,30,75111,1,,
71553,4,75112,1,,
71554,365,75113,1,,
71555,12,75113,2,,
71556,296,75114,1,,
71557,18,75114,2,,
71558,464,75115,1,,
71559,33,75115,2,,
71560,495,75116,1,,
71561,35,75116,2,,
71562,30,75117,1,,
71563,4,75118,1,,
71564,365,75119,1,,
71565,12,75119,2,,
71566,296,75120,1,,
71567,18,75120,2,,
71568,464,75121,1,,
71569,33,75121,2,,
71570,495,75122,1,,
71571,35,75122,2,,
71572,30,75123,1,,
71573,4,75124,1,,
71574,365,75125,1,,
71575,12,75125,2,,
71576,296,75126,1,,
71577,18,75126,2,,
71578,464,75127,1,,
71579,33,75127,2,,
71580,495,75128,1,,
71581,35,75128,2,,
71582,30,75129,1,,
71583,4,75130,1,,
71584,357,75131,1,,
71585,14,75131,2,,
71586,297,75132,1,,
71587,18,75132,2,,
71588,453,75133,1,,
71589,33,75133,2,,
71590,493,75134,1,,
71591,35,75134,2,,
71592,27,75135,1,,
71593,4,75136,1,,
71594,357,75137,1,,
71595,14,75137,2,,
71596,297,75138,1,,
71597,18,75138,2,,
71598,453,75139,1,,
71599,33,75139,2,,
71600,493,75140,1,,
71601,35,75140,2,,
71602,27,75141,1,,
71603,4,75142,1,,
71604,357,75143,1,,
71605,14,75143,2,,
71606,297,75144,1,,
71607,18,75144,2,,
71608,453,75145,1,,
71609,33,75145,2,,
71610,493,75146,1,,
71611,35,75146,2,,
71612,27,75147,1,,
71613,4,75148,1,,
71614,357,75149,1,,
71615,14,75149,2,,
71616,297,75150,1,,
71617,18,75150,2,,
71618,453,75151,1,,
71619,33,75151,2,,
71620,493,75152,1,,
71621,35,75152,2,,
71622,27,75153,1,,
71623,4,75154,1,,
71624,357,75155,1,,
71625,14,75155,2,,
71626,297,75156,1,,
71627,18,75156,2,,
71628,453,75157,1,,
71629,33,75157,2,,
71630,493,75158,1,,
71631,35,75158,2,,
71632,27,75159,1,,
71633,4,75160,1,,
71634,357,75161,1,,
71635,14,75161,2,,
71636,297,75162,1,,
71637,18,75162,2,,
71638,453,75163,1,,
71639,33,75163,2,,
71640,493,75164,1,,
71641,35,75164,2,,
71642,27,75165,1,,
71643,4,75166,1,,
71644,357,75167,1,,
71645,14,75167,2,,
71646,297,75168,1,,
71647,18,75168,2,,
71648,453,75169,1,,
71649,33,75169,2,,
71650,493,75170,1,,
71651,35,75170,2,,
71652,27,75171,1,,
71653,4,75172,1,,
71654,357,75173,1,,
71655,14,75173,2,,
71656,297,75174,1,,
71657,18,75174,2,,
71658,453,75175,1,,
71659,33,75175,2,,
71660,493,75176,1,,
71661,35,75176,2,,
71662,27,75177,1,,
71663,4,75178,1,,
71664,357,75179,1,,
71665,14,75179,2,,
71666,297,75180,1,,
71667,18,75180,2,,
71668,453,75181,1,,
71669,33,75181,2,,
71670,493,75182,1,,
71671,35,75182,2,,
71672,27,75183,1,,
71673,4,75184,1,,
71674,357,75185,1,,
71675,14,75185,2,,
71676,297,75186,1,,
71677,18,75186,2,,
71678,453,75187,1,,
71679,33,75187,2,,
71680,493,75188,1,,
71681,35,75188,2,,
71682,27,75189,1,,
71683,4,75190,1,,
71684,357,75191,1,,
71685,14,75191,2,,
71686,297,75192,1,,
71687,18,75192,2,,
71688,453,75193,1,,
71689,33,75193,2,,
71690,493,75194,1,,
71691,35,75194,2,,
71692,27,75195,1,,
71693,4,75196,1,,
71694,357,75197,1,,
71695,14,75197,2,,
71696,297,75198,1,,
71697,18,75198,2,,
71698,453,75199,1,,
71699,33,75199,2,,
71700,493,75200,1,,
71701,35,75200,2,,
71702,27,75201,1,,
71703,4,75202,1,,
71704,358,75203,1,,
71705,14,75203,2,,
71706,310,75204,1,,
71707,17,75204,2,,
71708,441,75205,1,,
71709,34,75205,2,,
71710,485,75206,1,,
71711,36,75206,2,,
71712,27,75207,1,,
71713,4,75208,1,,
71714,358,75209,1,,
71715,14,75209,2,,
71716,310,75210,1,,
71717,17,75210,2,,
71718,441,75211,1,,
71719,34,75211,2,,
71720,485,75212,1,,
71721,36,75212,2,,
71722,27,75213,1,,
71723,4,75214,1,,
71724,358,75215,1,,
71725,14,75215,2,,
71726,310,75216,1,,
71727,17,75216,2,,
71728,441,75217,1,,
71729,34,75217,2,,
71730,485,75218,1,,
71731,36,75218,2,,
71732,27,75219,1,,
71733,4,75220,1,,
71734,358,75221,1,,
71735,14,75221,2,,
71736,310,75222,1,,
71737,17,75222,2,,
71738,441,75223,1,,
71739,34,75223,2,,
71740,485,75224,1,,
71741,36,75224,2,,
71742,27,75225,1,,
71743,4,75226,1,,
71744,358,75227,1,,
71745,14,75227,2,,
71746,310,75228,1,,
71747,17,75228,2,,
71748,441,75229,1,,
71749,34,75229,2,,
71750,485,75230,1,,
71751,36,75230,2,,
71752,27,75231,1,,
71753,4,75232,1,,
71754,358,75233,1,,
71755,14,75233,2,,
71756,310,75234,1,,
71757,17,75234,2,,
71758,441,75235,1,,
71759,34,75235,2,,
71760,485,75236,1,,
71761,36,75236,2,,
71762,27,75237,1,,
71763,4,75238,1,,
71764,358,75239,1,,
71765,14,75239,2,,
71766,310,75240,1,,
71767,17,75240,2,,
71768,441,75241,1,,
71769,34,75241,2,,
71770,485,75242,1,,
71771,36,75242,2,,
71772,27,75243,1,,
71773,4,75244,1,,
71774,358,75245,1,,
71775,14,75245,2,,
71776,310,75246,1,,
71777,17,75246,2,,
71778,441,75247,1,,
71779,34,75247,2,,
71780,485,75248,1,,
71781,36,75248,2,,
71782,27,75249,1,,
71783,4,75250,1,,
71784,358,75251,1,,
71785,14,75251,2,,
71786,310,75252,1,,
71787,17,75252,2,,
71788,441,75253,1,,
71789,34,75253,2,,
71790,485,75254,1,,
71791,36,75254,2,,
71792,27,75255,1,,
71793,4,75256,1,,
71794,358,75257,1,,
71795,14,75257,2,,
71796,310,75258,1,,
71797,17,75258,2,,
71798,441,75259,1,,
71799,34,75259,2,,
71800,485,75260,1,,
71801,36,75260,2,,
71802,27,75261,1,,
71803,4,75262,1,,
71804,358,75263,1,,
71805,14,75263,2,,
71806,310,75264,1,,
71807,17,75264,2,,
71808,441,75265,1,,
71809,34,75265,2,,
71810,485,75266,1,,
71811,36,75266,2,,
71812,27,75267,1,,
71813,4,75268,1,,
71814,358,75269,1,,
71815,14,75269,2,,
71816,310,75270,1,,
71817,17,75270,2,,
71818,441,75271,1,,
71819,34,75271,2,,
71820,485,75272,1,,
71821,36,75272,2,,
71822,27,75273,1,,
71823,4,75274,1,,
71824,367,75275,1,,
71825,14,75275,2,,
71826,319,75276,1,,
71827,16,75276,2,,
71828,443,75277,1,,
71829,34,75277,2,,
71830,474,75278,1,,
71831,37,75278,2,,
71832,29,75279,1,,
71833,4,75280,1,,
71834,367,75281,1,,
71835,14,75281,2,,
71836,319,75282,1,,
71837,16,75282,2,,
71838,443,75283,1,,
71839,34,75283,2,,
71840,474,75284,1,,
71841,37,75284,2,,
71842,29,75285,1,,
71843,4,75286,1,,
71844,367,75287,1,,
71845,14,75287,2,,
71846,319,75288,1,,
71847,16,75288,2,,
71848,443,75289,1,,
71849,34,75289,2,,
71850,474,75290,1,,
71851,37,75290,2,,
71852,29,75291,1,,
71853,4,75292,1,,
71854,367,75293,1,,
71855,14,75293,2,,
71856,319,75294,1,,
71857,16,75294,2,,
71858,443,75295,1,,
71859,34,75295,2,,
71860,474,75296,1,,
71861,37,75296,2,,
71862,29,75297,1,,
71863,4,75298,1,,
71864,367,75299,1,,
71865,14,75299,2,,
71866,319,75300,1,,
71867,16,75300,2,,
71868,443,75301,1,,
71869,34,75301,2,,
71870,474,75302,1,,
71871,37,75302,2,,
71872,29,75303,1,,
71873,4,75304,1,,
71874,367,75305,1,,
71875,14,75305,2,,
71876,319,75306,1,,
71877,16,75306,2,,
71878,443,75307,1,,
71879,34,75307,2,,
71880,474,75308,1,,
71881,37,75308,2,,
71882,29,75309,1,,
71883,4,75310,1,,
71884,367,75311,1,,
71885,14,75311,2,,
71886,319,75312,1,,
71887,16,75312,2,,
71888,443,75313,1,,
71889,34,75313,2,,
71890,474,75314,1,,
71891,37,75314,2,,
71892,29,75315,1,,
71893,4,75316,1,,
71894,367,75317,1,,
71895,14,75317,2,,
71896,319,75318,1,,
71897,16,75318,2,,
71898,443,75319,1,,
71899,34,75319,2,,
71900,474,75320,1,,
71901,37,75320,2,,
71902,29,75321,1,,
71903,4,75322,1,,
71904,367,75323,1,,
71905,14,75323,2,,
71906,319,75324,1,,
71907,16,75324,2,,
71908,443,75325,1,,
71909,34,75325,2,,
71910,474,75326,1,,
71911,37,75326,2,,
71912,29,75327,1,,
71913,4,75328,1,,
71914,367,75329,1,,
71915,14,75329,2,,
71916,319,75330,1,,
71917,16,75330,2,,
71918,443,75331,1,,
71919,34,75331,2,,
71920,474,75332,1,,
71921,37,75332,2,,
71922,29,75333,1,,
71923,4,75334,1,,
71924,367,75335,1,,
71925,14,75335,2,,
71926,319,75336,1,,
71927,16,75336,2,,
71928,443,75337,1,,
71929,34,75337,2,,
71930,474,75338,1,,
71931,37,75338,2,,
71932,29,75339,1,,
71933,4,75340,1,,
71934,367,75341,1,,
71935,14,75341,2,,
71936,319,75342,1,,
71937,16,75342,2,,
71938,443,75343,1,,
71939,34,75343,2,,
71940,474,75344,1,,
71941,37,75344,2,,
71942,29,75345,1,,
71943,4,75346,1,,
71944,373,75347,1,,
71945,14,75347,2,,
71946,317,75348,1,,
71947,16,75348,2,,
71948,453,75349,1,,
71949,33,75349,2,,
71950,467,75350,1,,
71951,38,75350,2,,
71952,30,75351,1,,
71953,4,75352,1,,
71954,373,75353,1,,
71955,14,75353,2,,
71956,317,75354,1,,
71957,16,75354,2,,
71958,453,75355,1,,
71959,33,75355,2,,
71960,467,75356,1,,
71961,38,75356,2,,
71962,30,75357,1,,
71963,4,75358,1,,
71964,373,75359,1,,
71965,14,75359,2,,
71966,317,75360,1,,
71967,16,75360,2,,
71968,453,75361,1,,
71969,33,75361,2,,
71970,467,75362,1,,
71971,38,75362,2,,
71972,30,75363,1,,
71973,4,75364,1,,
71974,373,75365,1,,
71975,14,75365,2,,
71976,317,75366,1,,
71977,16,75366,2,,
71978,453,75367,1,,
71979,33,75367,2,,
71980,467,75368,1,,
71981,38,75368,2,,
71982,30,75369,1,,
71983,4,75370,1,,
71984,373,75371,1,,
71985,14,75371,2,,
71986,317,75372,1,,
71987,16,75372,2,,
71988,453,75373,1,,
71989,33,75373,2,,
71990,467,75374,1,,
71991,38,75374,2,,
71992,30,75375,1,,
71993,4,75376,1,,
71994,373,75377,1,,
71995,14,75377,2,,
71996,317,75378,1,,
71997,16,75378,2,,
71998,453,75379,1,,
71999,33,75379,2,,
72000,467,75380,1,,
72001,38,75380,2,,
72002,30,75381,1,,
72003,4,75382,1,,
72004,373,75383,1,,
72005,14,75383,2,,
72006,317,75384,1,,
72007,16,75384,2,,
72008,453,75385,1,,
72009,33,75385,2,,
72010,467,75386,1,,
72011,38,75386,2,,
72012,30,75387,1,,
72013,4,75388,1,,
72014,373,75389,1,,
72015,14,75389,2,,
72016,317,75390,1,,
72017,16,75390,2,,
72018,453,75391,1,,
72019,33,75391,2,,
72020,467,75392,1,,
72021,38,75392,2,,
72022,30,75393,1,,
72023,4,75394,1,,
72024,373,75395,1,,
72025,14,75395,2,,
72026,317,75396,1,,
72027,16,75396,2,,
72028,453,75397,1,,
72029,33,75397,2,,
72030,467,75398,1,,
72031,38,75398,2,,
72032,30,75399,1,,
72033,4,75400,1,,
72034,373,75401,1,,
72035,14,75401,2,,
72036,317,75402,1,,
72037,16,75402,2,,
72038,453,75403,1,,
72039,33,75403,2,,
72040,467,75404,1,,
72041,38,75404,2,,
72042,30,75405,1,,
72043,4,75406,1,,
72044,373,75407,1,,
72045,14,75407,2,,
72046,317,75408,1,,
72047,16,75408,2,,
72048,453,75409,1,,
72049,33,75409,2,,
72050,467,75410,1,,
72051,38,75410,2,,
72052,30,75411,1,,
72053,4,75412,1,,
72054,373,75413,1,,
72055,14,75413,2,,
72056,317,75414,1,,
72057,16,75414,2,,
72058,453,75415,1,,
72059,33,75415,2,,
72060,467,75416,1,,
72061,38,75416,2,,
72062,30,75417,1,,
72063,4,75418,1,,
72064,373,75419,1,,
72065,13,75419,2,,
72066,320,75420,1,,
72067,16,75420,2,,
72068,454,75421,1,,
72069,33,75421,2,,
72070,464,75422,1,,
72071,38,75422,2,,
72072,30,75423,1,,
72073,4,75424,1,,
72074,373,75425,1,,
72075,13,75425,2,,
72076,320,75426,1,,
72077,16,75426,2,,
72078,454,75427,1,,
72079,33,75427,2,,
72080,464,75428,1,,
72081,38,75428,2,,
72082,30,75429,1,,
72083,4,75430,1,,
72084,373,75431,1,,
72085,13,75431,2,,
72086,320,75432,1,,
72087,16,75432,2,,
72088,454,75433,1,,
72089,33,75433,2,,
72090,464,75434,1,,
72091,38,75434,2,,
72092,30,75435,1,,
72093,4,75436,1,,
72094,373,75437,1,,
72095,13,75437,2,,
72096,320,75438,1,,
72097,16,75438,2,,
72098,454,75439,1,,
72099,33,75439,2,,
72100,464,75440,1,,
72101,38,75440,2,,
72102,30,75441,1,,
72103,4,75442,1,,
72104,373,75443,1,,
72105,13,75443,2,,
72106,320,75444,1,,
72107,16,75444,2,,
72108,454,75445,1,,
72109,33,75445,2,,
72110,464,75446,1,,
72111,38,75446,2,,
72112,30,75447,1,,
72113,4,75448,1,,
72114,373,75449,1,,
72115,13,75449,2,,
72116,320,75450,1,,
72117,16,75450,2,,
72118,454,75451,1,,
72119,33,75451,2,,
72120,464,75452,1,,
72121,38,75452,2,,
72122,30,75453,1,,
72123,4,75454,1,,
72124,373,75455,1,,
72125,13,75455,2,,
72126,320,75456,1,,
72127,16,75456,2,,
72128,454,75457,1,,
72129,33,75457,2,,
72130,464,75458,1,,
72131,38,75458,2,,
72132,30,75459,1,,
72133,4,75460,1,,
72134,373,75461,1,,
72135,13,75461,2,,
72136,320,75462,1,,
72137,16,75462,2,,
72138,454,75463,1,,
72139,33,75463,2,,
72140,464,75464,1,,
72141,38,75464,2,,
72142,30,75465,1,,
72143,4,75466,1,,
72144,373,75467,1,,
72145,13,75467,2,,
72146,320,75468,1,,
72147,16,75468,2,,
72148,454,75469,1,,
72149,33,75469,2,,
72150,464,75470,1,,
72151,38,75470,2,,
72152,30,75471,1,,
72153,4,75472,1,,
72154,373,75473,1,,
72155,13,75473,2,,
72156,320,75474,1,,
72157,16,75474,2,,
72158,454,75475,1,,
72159,33,75475,2,,
72160,464,75476,1,,
72161,38,75476,2,,
72162,30,75477,1,,
72163,4,75478,1,,
72164,373,75479,1,,
72165,13,75479,2,,
72166,320,75480,1,,
72167,16,75480,2,,
72168,454,75481,1,,
72169,33,75481,2,,
72170,464,75482,1,,
72171,38,75482,2,,
72172,30,75483,1,,
72173,4,75484,1,,
72174,373,75485,1,,
72175,13,75485,2,,
72176,320,75486,1,,
72177,16,75486,2,,
72178,454,75487,1,,
72179,33,75487,2,,
72180,464,75488,1,,
72181,38,75488,2,,
72182,30,75489,1,,
72183,4,75490,1,,
72184,372,75491,1,,
72185,13,75491,2,,
72186,320,75492,1,,
72187,16,75492,2,,
72188,454,75493,1,,
72189,33,75493,2,,
72190,464,75494,1,,
72191,38,75494,2,,
72192,30,75495,1,,
72193,4,75496,1,,
72194,372,75497,1,,
72195,13,75497,2,,
72196,320,75498,1,,
72197,16,75498,2,,
72198,454,75499,1,,
72199,33,75499,2,,
72200,464,75500,1,,
72201,38,75500,2,,
72202,30,75501,1,,
72203,4,75502,1,,
72204,372,75503,1,,
72205,13,75503,2,,
72206,320,75504,1,,
72207,16,75504,2,,
72208,454,75505,1,,
72209,33,75505,2,,
72210,464,75506,1,,
72211,38,75506,2,,
72212,30,75507,1,,
72213,4,75508,1,,
72214,372,75509,1,,
72215,13,75509,2,,
72216,320,75510,1,,
72217,16,75510,2,,
72218,454,75511,1,,
72219,33,75511,2,,
72220,464,75512,1,,
72221,38,75512,2,,
72222,30,75513,1,,
72223,4,75514,1,,
72224,372,75515,1,,
72225,13,75515,2,,
72226,320,75516,1,,
72227,16,75516,2,,
72228,454,75517,1,,
72229,33,75517,2,,
72230,464,75518,1,,
72231,38,75518,2,,
72232,30,75519,1,,
72233,4,75520,1,,
72234,372,75521,1,,
72235,13,75521,2,,
72236,320,75522,1,,
72237,16,75522,2,,
72238,454,75523,1,,
72239,33,75523,2,,
72240,464,75524,1,,
72241,38,75524,2,,
72242,30,75525,1,,
72243,4,75526,1,,
72244,372,75527,1,,
72245,13,75527,2,,
72246,313,75528,1,,
72247,17,75528,2,,
72248,459,75529,1,,
72249,33,75529,2,,
72250,466,75530,1,,
72251,38,75530,2,,
72252,30,75531,1,,
72253,4,75532,1,,
72254,372,75533,1,,
72255,13,75533,2,,
72256,313,75534,1,,
72257,17,75534,2,,
72258,459,75535,1,,
72259,33,75535,2,,
72260,466,75536,1,,
72261,38,75536,2,,
72262,30,75537,1,,
72263,4,75538,1,,
72264,372,75539,1,,
72265,13,75539,2,,
72266,313,75540,1,,
72267,17,75540,2,,
72268,459,75541,1,,
72269,33,75541,2,,
72270,466,75542,1,,
72271,38,75542,2,,
72272,30,75543,1,,
72273,4,75544,1,,
72274,372,75545,1,,
72275,13,75545,2,,
72276,313,75546,1,,
72277,17,75546,2,,
72278,459,75547,1,,
72279,33,75547,2,,
72280,466,75548,1,,
72281,38,75548,2,,
72282,30,75549,1,,
72283,4,75550,1,,
72284,372,75551,1,,
72285,13,75551,2,,
72286,313,75552,1,,
72287,17,75552,2,,
72288,459,75553,1,,
72289,33,75553,2,,
72290,466,75554,1,,
72291,38,75554,2,,
72292,30,75555,1,,
72293,4,75556,1,,
72294,372,75557,1,,
72295,13,75557,2,,
72296,313,75558,1,,
72297,17,75558,2,,
72298,459,75559,1,,
72299,33,75559,2,,
72300,466,75560,1,,
72301,38,75560,2,,
72302,30,75561,1,,
72303,4,75562,1,,
72304,372,75563,1,,
72305,13,75563,2,,
72306,335,75564,1,,
72307,18,75564,2,,
72308,451,75565,1,,
72309,33,75565,2,,
72310,457,75566,1,,
72311,37,75566,2,,
72312,30,75567,1,,
72313,4,75568,1,,
72314,372,75569,1,,
72315,13,75569,2,,
72316,335,75570,1,,
72317,18,75570,2,,
72318,451,75571,1,,
72319,33,75571,2,,
72320,457,75572,1,,
72321,37,75572,2,,
72322,30,75573,1,,
72323,4,75574,1,,
72324,372,75575,1,,
72325,13,75575,2,,
72326,335,75576,1,,
72327,18,75576,2,,
72328,451,75577,1,,
72329,33,75577,2,,
72330,457,75578,1,,
72331,37,75578,2,,
72332,30,75579,1,,
72333,4,75580,1,,
72334,372,75581,1,,
72335,13,75581,2,,
72336,335,75582,1,,
72337,18,75582,2,,
72338,451,75583,1,,
72339,33,75583,2,,
72340,457,75584,1,,
72341,37,75584,2,,
72342,30,75585,1,,
72343,4,75586,1,,
72344,372,75587,1,,
72345,13,75587,2,,
72346,335,75588,1,,
72347,18,75588,2,,
72348,451,75589,1,,
72349,33,75589,2,,
72350,457,75590,1,,
72351,37,75590,2,,
72352,30,75591,1,,
72353,4,75592,1,,
72354,372,75593,1,,
72355,13,75593,2,,
72356,335,75594,1,,
72357,18,75594,2,,
72358,451,75595,1,,
72359,33,75595,2,,
72360,457,75596,1,,
72361,37,75596,2,,
72362,30,75597,1,,
72363,4,75598,1,,
72364,365,75599,1,,
72365,16,75599,2,,
72366,335,75600,1,,
72367,18,75600,2,,
72368,451,75601,1,,
72369,33,75601,2,,
72370,457,75602,1,,
72371,37,75602,2,,
72372,28,75603,1,,
72373,4,75604,1,,
72374,365,75605,1,,
72375,16,75605,2,,
72376,335,75606,1,,
72377,18,75606,2,,
72378,451,75607,1,,
72379,33,75607,2,,
72380,457,75608,1,,
72381,37,75608,2,,
72382,28,75609,1,,
72383,4,75610,1,,
72384,365,75611,1,,
72385,16,75611,2,,
72386,335,75612,1,,
72387,18,75612,2,,
72388,451,75613,1,,
72389,33,75613,2,,
72390,457,75614,1,,
72391,37,75614,2,,
72392,28,75615,1,,
72393,4,75616,1,,
72394,365,75617,1,,
72395,16,75617,2,,
72396,335,75618,1,,
72397,18,75618,2,,
72398,451,75619,1,,
72399,33,75619,2,,
72400,457,75620,1,,
72401,37,75620,2,,
72402,28,75621,1,,
72403,4,75622,1,,
72404,340,75623,1,,
72405,16,75623,2,,
72406,335,75624,1,,
72407,18,75624,2,,
72408,451,75625,1,,
72409,33,75625,2,,
72410,457,75626,1,,
72411,37,75626,2,,
72412,29,75627,1,,
72413,4,75628,1,,
72414,340,75629,1,,
72415,16,75629,2,,
72416,335,75630,1,,
72417,18,75630,2,,
72418,451,75631,1,,
72419,33,75631,2,,
72420,457,75632,1,,
72421,37,75632,2,,
72422,29,75633,1,,
72423,4,75634,1,,
72424,340,75635,1,,
72425,16,75635,2,,
72426,349,75636,1,,
72427,19,75636,2,,
72428,441,75637,1,,
72429,33,75637,2,,
72430,452,75638,1,,
72431,35,75638,2,,
72432,29,75639,1,,
72433,4,75640,1,,
72434,340,75641,1,,
72435,16,75641,2,,
72436,349,75642,1,,
72437,19,75642,2,,
72438,441,75643,1,,
72439,33,75643,2,,
72440,452,75644,1,,
72441,35,75644,2,,
72442,29,75645,1,,
72443,4,75646,1,,
72444,340,75647,1,,
72445,16,75647,2,,
72446,349,75648,1,,
72447,19,75648,2,,
72448,441,75649,1,,
72449,33,75649,2,,
72450,452,75650,1,,
72451,35,75650,2,,
72452,29,75651,1,,
72453,4,75652,1,,
72454,340,75653,1,,
72455,16,75653,2,,
72456,349,75654,1,,
72457,19,75654,2,,
72458,441,75655,1,,
72459,33,75655,2,,
72460,452,75656,1,,
72461,35,75656,2,,
72462,29,75657,1,,
72463,4,75658,1,,
72464,340,75659,1,,
72465,16,75659,2,,
72466,349,75660,1,,
72467,19,75660,2,,
72468,441,75661,1,,
72469,33,75661,2,,
72470,452,75662,1,,
72471,35,75662,2,,
72472,29,75663,1,,
72473,4,75664,1,,
72474,340,75665,1,,
72475,16,75665,2,,
72476,349,75666,1,,
72477,19,75666,2,,
72478,441,75667,1,,
72479,33,75667,2,,
72480,452,75668,1,,
72481,35,75668,2,,
72482,29,75669,1,,
72483,4,75670,1,,
72484,340,75671,1,,
72485,16,75671,2,,
72486,349,75672,1,,
72487,19,75672,2,,
72488,441,75673,1,,
72489,33,75673,2,,
72490,452,75674,1,,
72491,35,75674,2,,
72492,29,75675,1,,
72493,4,75676,1,,
72494,340,75677,1,,
72495,16,75677,2,,
72496,349,75678,1,,
72497,19,75678,2,,
72498,441,75679,1,,
72499,33,75679,2,,
72500,452,75680,1,,
72501,35,75680,2,,
72502,29,75681,1,,
72503,4,75682,1,,
72504,340,75683,1,,
72505,16,75683,2,,
72506,349,75684,1,,
72507,19,75684,2,,
72508,441,75685,1,,
72509,33,75685,2,,
72510,452,75686,1,,
72511,35,75686,2,,
72512,29,75687,1,,
72513,4,75688,1,,
72514,340,75689,1,,
72515,16,75689,2,,
72516,349,75690,1,,
72517,19,75690,2,,
72518,441,75691,1,,
72519,33,75691,2,,
72520,452,75692,1,,
72521,35,75692,2,,
72522,29,75693,1,,
72523,4,75694,1,,
72524,340,75695,1,,
72525,16,75695,2,,
72526,349,75696,1,,
72527,19,75696,2,,
72528,441,75697,1,,
72529,33,75697,2,,
72530,452,75698,1,,
72531,35,75698,2,,
72532,29,75699,1,,
72533,4,75700,1,,
72534,340,75701,1,,
72535,16,75701,2,,
72536,349,75702,1,,
72537,19,75702,2,,
72538,441,75703,1,,
72539,33,75703,2,,
72540,452,75704,1,,
72541,35,75704,2,,
72542,29,75705,1,,
72543,4,75706,1,,
72544,333,75707,1,,
72545,17,75707,2,,
72546,350,75708,1,,
72547,19,75708,2,,
72548,441,75709,1,,
72549,32,75709,2,,
72550,449,75710,1,,
72551,35,75710,2,,
72552,32,75711,1,,
72553,4,75712,1,,
72554,333,75713,1,,
72555,17,75713,2,,
72556,350,75714,1,,
72557,19,75714,2,,
72558,441,75715,1,,
72559,32,75715,2,,
72560,449,75716,1,,
72561,35,75716,2,,
72562,32,75717,1,,
72563,4,75718,1,,
72564,333,75719,1,,
72565,17,75719,2,,
72566,350,75720,1,,
72567,19,75720,2,,
72568,441,75721,1,,
72569,32,75721,2,,
72570,449,75722,1,,
72571,35,75722,2,,
72572,32,75723,1,,
72573,4,75724,1,,
72574,333,75725,1,,
72575,17,75725,2,,
72576,350,75726,1,,
72577,19,75726,2,,
72578,441,75727,1,,
72579,32,75727,2,,
72580,449,75728,1,,
72581,35,75728,2,,
72582,32,75729,1,,
72583,4,75730,1,,
72584,333,75731,1,,
72585,17,75731,2,,
72586,350,75732,1,,
72587,19,75732,2,,
72588,441,75733,1,,
72589,32,75733,2,,
72590,449,75734,1,,
72591,35,75734,2,,
72592,32,75735,1,,
72593,4,75736,1,,
72594,333,75737,1,,
72595,17,75737,2,,
72596,350,75738,1,,
72597,19,75738,2,,
72598,441,75739,1,,
72599,32,75739,2,,
72600,449,75740,1,,
72601,35,75740,2,,
72602,32,75741,1,,
72603,4,75742,1,,
72604,333,75743,1,,
72605,17,75743,2,,
72606,350,75744,1,,
72607,19,75744,2,,
72608,441,75745,1,,
72609,32,75745,2,,
72610,449,75746,1,,
72611,35,75746,2,,
72612,32,75747,1,,
72613,4,75748,1,,
72614,333,75749,1,,
72615,17,75749,2,,
72616,350,75750,1,,
72617,19,75750,2,,
72618,441,75751,1,,
72619,32,75751,2,,
72620,449,75752,1,,
72621,35,75752,2,,
72622,32,75753,1,,
72623,4,75754,1,,
72624,333,75755,1,,
72625,17,75755,2,,
72626,350,75756,1,,
72627,19,75756,2,,
72628,441,75757,1,,
72629,32,75757,2,,
72630,449,75758,1,,
72631,35,75758,2,,
72632,32,75759,1,,
72633,4,75760,1,,
72634,333,75761,1,,
72635,17,75761,2,,
72636,350,75762,1,,
72637,19,75762,2,,
72638,441,75763,1,,
72639,32,75763,2,,
72640,449,75764,1,,
72641,35,75764,2,,
72642,32,75765,1,,
72643,4,75766,1,,
72644,333,75767,1,,
72645,17,75767,2,,
72646,350,75768,1,,
72647,19,75768,2,,
72648,441,75769,1,,
72649,32,75769,2,,
72650,449,75770,1,,
72651,35,75770,2,,
72652,32,75771,1,,
72653,4,75772,1,,
72654,333,75773,1,,
72655,17,75773,2,,
72656,350,75774,1,,
72657,19,75774,2,,
72658,441,75775,1,,
72659,32,75775,2,,
72660,449,75776,1,,
72661,35,75776,2,,
72662,32,75777,1,,
72663,4,75778,1,,
72664,333,75779,1,,
72665,18,75779,2,,
72666,365,75780,1,,
72667,18,75780,2,,
72668,439,75781,1,,
72669,30,75781,2,,
72670,433,75782,1,,
72671,33,75782,2,,
72672,32,75783,1,,
72673,4,75784,1,,
72674,333,75785,1,,
72675,18,75785,2,,
72676,365,75786,1,,
72677,18,75786,2,,
72678,439,75787,1,,
72679,30,75787,2,,
72680,433,75788,1,,
72681,33,75788,2,,
72682,32,75789,1,,
72683,4,75790,1,,
72684,333,75791,1,,
72685,18,75791,2,,
72686,365,75792,1,,
72687,18,75792,2,,
72688,439,75793,1,,
72689,30,75793,2,,
72690,433,75794,1,,
72691,33,75794,2,,
72692,32,75795,1,,
72693,4,75796,1,,
72694,333,75797,1,,
72695,18,75797,2,,
72696,365,75798,1,,
72697,18,75798,2,,
72698,439,75799,1,,
72699,30,75799,2,,
72700,433,75800,1,,
72701,33,75800,2,,
72702,32,75801,1,,
72703,4,75802,1,,
72704,333,75803,1,,
72705,18,75803,2,,
72706,365,75804,1,,
72707,18,75804,2,,
72708,439,75805,1,,
72709,30,75805,2,,
72710,433,75806,1,,
72711,33,75806,2,,
72712,32,75807,1,,
72713,4,75808,1,,
72714,333,75809,1,,
72715,18,75809,2,,
72716,365,75810,1,,
72717,18,75810,2,,
72718,439,75811,1,,
72719,30,75811,2,,
72720,433,75812,1,,
72721,33,75812,2,,
72722,32,75813,1,,
72723,4,75814,1,,
72724,333,75815,1,,
72725,18,75815,2,,
72726,365,75816,1,,
72727,18,75816,2,,
72728,439,75817,1,,
72729,30,75817,2,,
72730,433,75818,1,,
72731,33,75818,2,,
72732,32,75819,1,,
72733,4,75820,1,,
72734,333,75821,1,,
72735,18,75821,2,,
72736,365,75822,1,,
72737,18,75822,2,,
72738,439,75823,1,,
72739,30,75823,2,,
72740,433,75824,1,,
72741,33,75824,2,,
72742,32,75825,1,,
72743,4,75826,1,,
72744,333,75827,1,,
72745,18,75827,2,,
72746,365,75828,1,,
72747,18,75828,2,,
72748,439,75829,1,,
72749,30,75829,2,,
72750,433,75830,1,,
72751,33,75830,2,,
72752,32,75831,1,,
72753,4,75832,1,,
72754,333,75833,1,,
72755,18,75833,2,,
72756,365,75834,1,,
72757,18,75834,2,,
72758,439,75835,1,,
72759,30,75835,2,,
72760,433,75836,1,,
72761,33,75836,2,,
72762,32,75837,1,,
72763,4,75838,1,,
72764,333,75839,1,,
72765,18,75839,2,,
72766,365,75840,1,,
72767,18,75840,2,,
72768,439,75841,1,,
72769,30,75841,2,,
72770,433,75842,1,,
72771,33,75842,2,,
72772,32,75843,1,,
72773,4,75844,1,,
72774,333,75845,1,,
72775,18,75845,2,,
72776,365,75846,1,,
72777,18,75846,2,,
72778,439,75847,1,,
72779,30,75847,2,,
72780,433,75848,1,,
72781,33,75848,2,,
72782,32,75849,1,,
72783,4,75850,1,,
72784,332,75851,1,,
72785,18,75851,2,,
72786,358,75852,1,,
72787,18,75852,2,,
72788,404,75853,1,,
72789,31,75853,2,,
72790,403,75854,1,,
72791,39,75854,2,,
72792,31,75855,1,,
72793,4,75856,1,,
72794,332,75857,1,,
72795,18,75857,2,,
72796,358,75858,1,,
72797,18,75858,2,,
72798,404,75859,1,,
72799,31,75859,2,,
72800,403,75860,1,,
72801,39,75860,2,,
72802,31,75861,1,,
72803,4,75862,1,,
72804,332,75863,1,,
72805,18,75863,2,,
72806,358,75864,1,,
72807,18,75864,2,,
72808,404,75865,1,,
72809,31,75865,2,,
72810,403,75866,1,,
72811,39,75866,2,,
72812,31,75867,1,,
72813,4,75868,1,,
72814,332,75869,1,,
72815,18,75869,2,,
72816,358,75870,1,,
72817,18,75870,2,,
72818,404,75871,1,,
72819,31,75871,2,,
72820,403,75872,1,,
72821,39,75872,2,,
72822,31,75873,1,,
72823,4,75874,1,,
72824,332,75875,1,,
72825,18,75875,2,,
72826,358,75876,1,,
72827,18,75876,2,,
72828,404,75877,1,,
72829,31,75877,2,,
72830,403,75878,1,,
72831,39,75878,2,,
72832,31,75879,1,,
72833,4,75880,1,,
72834,332,75881,1,,
72835,18,75881,2,,
72836,358,75882,1,,
72837,18,75882,2,,
72838,404,75883,1,,
72839,31,75883,2,,
72840,403,75884,1,,
72841,39,75884,2,,
72842,31,75885,1,,
72843,4,75886,1,,
72844,332,75887,1,,
72845,18,75887,2,,
72846,358,75888,1,,
72847,18,75888,2,,
72848,404,75889,1,,
72849,31,75889,2,,
72850,403,75890,1,,
72851,39,75890,2,,
72852,31,75891,1,,
72853,4,75892,1,,
72854,332,75893,1,,
72855,18,75893,2,,
72856,358,75894,1,,
72857,18,75894,2,,
72858,404,75895,1,,
72859,31,75895,2,,
72860,403,75896,1,,
72861,39,75896,2,,
72862,31,75897,1,,
72863,4,75898,1,,
72864,332,75899,1,,
72865,18,75899,2,,
72866,358,75900,1,,
72867,18,75900,2,,
72868,404,75901,1,,
72869,31,75901,2,,
72870,403,75902,1,,
72871,39,75902,2,,
72872,31,75903,1,,
72873,4,75904,1,,
72874,332,75905,1,,
72875,18,75905,2,,
72876,358,75906,1,,
72877,18,75906,2,,
72878,404,75907,1,,
72879,31,75907,2,,
72880,403,75908,1,,
72881,39,75908,2,,
72882,31,75909,1,,
72883,4,75910,1,,
72884,332,75911,1,,
72885,18,75911,2,,
72886,358,75912,1,,
72887,18,75912,2,,
72888,404,75913,1,,
72889,31,75913,2,,
72890,403,75914,1,,
72891,39,75914,2,,
72892,31,75915,1,,
72893,4,75916,1,,
72894,332,75917,1,,
72895,18,75917,2,,
72896,358,75918,1,,
72897,18,75918,2,,
72898,404,75919,1,,
72899,31,75919,2,,
72900,403,75920,1,,
72901,39,75920,2,,
72902,31,75921,1,,
72903,341,75922,1,,
72904,18,75922,2,,
72905,357,75923,1,,
72906,15,75923,2,,
72907,405,75924,1,,
72908,32,75924,2,,
72909,394,75925,1,,
72910,39,75925,2,,
72911,30,75926,1,,
72912,341,75927,1,,
72913,18,75927,2,,
72914,357,75928,1,,
72915,15,75928,2,,
72916,405,75929,1,,
72917,32,75929,2,,
72918,394,75930,1,,
72919,39,75930,2,,
72920,30,75931,1,,
72921,341,75932,1,,
72922,18,75932,2,,
72923,357,75933,1,,
72924,15,75933,2,,
72925,405,75934,1,,
72926,32,75934,2,,
72927,394,75935,1,,
72928,39,75935,2,,
72929,30,75936,1,,
72930,341,75937,1,,
72931,18,75937,2,,
72932,357,75938,1,,
72933,15,75938,2,,
72934,405,75939,1,,
72935,32,75939,2,,
72936,394,75940,1,,
72937,39,75940,2,,
72938,30,75941,1,,
72939,341,75942,1,,
72940,18,75942,2,,
72941,357,75943,1,,
72942,15,75943,2,,
72943,405,75944,1,,
72944,32,75944,2,,
72945,394,75945,1,,
72946,39,75945,2,,
72947,30,75946,1,,
72948,341,75947,1,,
72949,18,75947,2,,
72950,357,75948,1,,
72951,15,75948,2,,
72952,405,75949,1,,
72953,32,75949,2,,
72954,394,75950,1,,
72955,39,75950,2,,
72956,30,75951,1,,
72957,341,75952,1,,
72958,18,75952,2,,
72959,357,75953,1,,
72960,15,75953,2,,
72961,405,75954,1,,
72962,32,75954,2,,
72963,394,75955,1,,
72964,39,75955,2,,
72965,30,75956,1,,
72966,341,75957,1,,
72967,18,75957,2,,
72968,357,75958,1,,
72969,15,75958,2,,
72970,405,75959,1,,
72971,32,75959,2,,
72972,394,75960,1,,
72973,39,75960,2,,
72974,30,75961,1,,
72975,341,75962,1,,
72976,18,75962,2,,
72977,357,75963,1,,
72978,15,75963,2,,
72979,405,75964,1,,
72980,32,75964,2,,
72981,394,75965,1,,
72982,39,75965,2,,
72983,30,75966,1,,
72984,341,75967,1,,
72985,18,75967,2,,
72986,357,75968,1,,
72987,15,75968,2,,
72988,405,75969,1,,
72989,32,75969,2,,
72990,394,75970,1,,
72991,39,75970,2,,
72992,30,75971,1,,
72993,341,75972,1,,
72994,18,75972,2,,
72995,357,75973,1,,
72996,15,75973,2,,
72997,405,75974,1,,
72998,32,75974,2,,
72999,394,75975,1,,
73000,39,75975,2,,
73001,30,75976,1,,
73002,341,75977,1,,
73003,18,75977,2,,
73004,357,75978,1,,
73005,15,75978,2,,
73006,405,75979,1,,
73007,32,75979,2,,
73008,394,75980,1,,
73009,39,75980,2,,
73010,30,75981,1,,
73011,341,75982,1,,
73012,18,75982,2,,
73013,351,75983,1,,
73014,15,75983,2,,
73015,404,75984,1,,
73016,32,75984,2,,
73017,390,75985,1,,
73018,39,75985,2,,
73019,30,75986,1,,
73020,341,75987,1,,
73021,18,75987,2,,
73022,351,75988,1,,
73023,15,75988,2,,
73024,404,75989,1,,
73025,32,75989,2,,
73026,390,75990,1,,
73027,39,75990,2,,
73028,30,75991,1,,
73029,341,75992,1,,
73030,18,75992,2,,
73031,351,75993,1,,
73032,15,75993,2,,
73033,404,75994,1,,
73034,32,75994,2,,
73035,390,75995,1,,
73036,39,75995,2,,
73037,30,75996,1,,
73038,341,75997,1,,
73039,18,75997,2,,
73040,351,75998,1,,
73041,15,75998,2,,
73042,404,75999,1,,
73043,32,75999,2,,
73044,390,76000,1,,
73045,39,76000,2,,
73046,30,76001,1,,
73047,341,76002,1,,
73048,18,76002,2,,
73049,351,76003,1,,
73050,15,76003,2,,
73051,404,76004,1,,
73052,32,76004,2,,
73053,390,76005,1,,
73054,39,76005,2,,
73055,30,76006,1,,
73056,341,76007,1,,
73057,18,76007,2,,
73058,351,76008,1,,
73059,15,76008,2,,
73060,404,76009,1,,
73061,32,76009,2,,
73062,390,76010,1,,
73063,39,76010,2,,
73064,30,76011,1,,
73065,341,76012,1,,
73066,18,76012,2,,
73067,351,76013,1,,
73068,15,76013,2,,
73069,404,76014,1,,
73070,32,76014,2,,
73071,390,76015,1,,
73072,39,76015,2,,
73073,30,76016,1,,
73074,341,76017,1,,
73075,18,76017,2,,
73076,351,76018,1,,
73077,15,76018,2,,
73078,404,76019,1,,
73079,32,76019,2,,
73080,390,76020,1,,
73081,39,76020,2,,
73082,30,76021,1,,
73083,341,76022,1,,
73084,18,76022,2,,
73085,351,76023,1,,
73086,15,76023,2,,
73087,404,76024,1,,
73088,32,76024,2,,
73089,390,76025,1,,
73090,39,76025,2,,
73091,30,76026,1,,
73092,341,76027,1,,
73093,18,76027,2,,
73094,351,76028,1,,
73095,15,76028,2,,
73096,404,76029,1,,
73097,32,76029,2,,
73098,390,76030,1,,
73099,39,76030,2,,
73100,30,76031,1,,
73101,341,76032,1,,
73102,18,76032,2,,
73103,351,76033,1,,
73104,15,76033,2,,
73105,404,76034,1,,
73106,32,76034,2,,
73107,390,76035,1,,
73108,39,76035,2,,
73109,30,76036,1,,
73110,341,76037,1,,
73111,18,76037,2,,
73112,351,76038,1,,
73113,15,76038,2,,
73114,404,76039,1,,
73115,32,76039,2,,
73116,390,76040,1,,
73117,39,76040,2,,
73118,30,76041,1,,
73119,352,76042,1,,
73120,18,76042,2,,
73121,351,76043,1,,
73122,17,76043,2,,
73123,391,76044,1,,
73124,31,76044,2,,
73125,377,76045,1,,
73126,34,76045,2,,
73127,31,76046,1,,
73128,352,76047,1,,
73129,18,76047,2,,
73130,351,76048,1,,
73131,17,76048,2,,
73132,391,76049,1,,
73133,31,76049,2,,
73134,377,76050,1,,
73135,34,76050,2,,
73136,31,76051,1,,
73137,352,76052,1,,
73138,18,76052,2,,
73139,351,76053,1,,
73140,17,76053,2,,
73141,391,76054,1,,
73142,31,76054,2,,
73143,377,76055,1,,
73144,34,76055,2,,
73145,31,76056,1,,
73146,352,76057,1,,
73147,18,76057,2,,
73148,351,76058,1,,
73149,17,76058,2,,
73150,391,76059,1,,
73151,31,76059,2,,
73152,377,76060,1,,
73153,34,76060,2,,
73154,31,76061,1,,
73155,352,76062,1,,
73156,18,76062,2,,
73157,351,76063,1,,
73158,17,76063,2,,
73159,391,76064,1,,
73160,31,76064,2,,
73161,377,76065,1,,
73162,34,76065,2,,
73163,31,76066,1,,
73164,352,76067,1,,
73165,18,76067,2,,
73166,351,76068,1,,
73167,17,76068,2,,
73168,391,76069,1,,
73169,31,76069,2,,
73170,377,76070,1,,
73171,34,76070,2,,
73172,31,76071,1,,
73173,352,76072,1,,
73174,18,76072,2,,
73175,351,76073,1,,
73176,17,76073,2,,
73177,391,76074,1,,
73178,31,76074,2,,
73179,377,76075,1,,
73180,34,76075,2,,
73181,31,76076,1,,
73182,352,76077,1,,
73183,18,76077,2,,
73184,351,76078,1,,
73185,17,76078,2,,
73186,391,76079,1,,
73187,31,76079,2,,
73188,377,76080,1,,
73189,34,76080,2,,
73190,31,76081,1,,
73191,352,76082,1,,
73192,18,76082,2,,
73193,351,76083,1,,
73194,17,76083,2,,
73195,391,76084,1,,
73196,31,76084,2,,
73197,377,76085,1,,
73198,34,76085,2,,
73199,31,76086,1,,
73200,352,76087,1,,
73201,18,76087,2,,
73202,351,76088,1,,
73203,17,76088,2,,
73204,391,76089,1,,
73205,31,76089,2,,
73206,377,76090,1,,
73207,34,76090,2,,
73208,31,76091,1,,
73209,352,76092,1,,
73210,18,76092,2,,
73211,351,76093,1,,
73212,17,76093,2,,
73213,391,76094,1,,
73214,31,76094,2,,
73215,377,76095,1,,
73216,34,76095,2,,
73217,31,76096,1,,
73218,351,76097,1,,
73219,17,76097,2,,
73220,391,76098,1,,
73221,31,76098,2,,
73222,377,76099,1,,
73223,34,76099,2,,
73224,371,76100,1,,
73225,17,76100,2,,
73226,411,76101,1,,
73227,30,76101,2,,
73228,374,76102,1,,
73229,33,76102,2,,
73230,371,76103,1,,
73231,17,76103,2,,
73232,411,76104,1,,
73233,30,76104,2,,
73234,374,76105,1,,
73235,33,76105,2,,
73236,371,76106,1,,
73237,17,76106,2,,
73238,411,76107,1,,
73239,30,76107,2,,
73240,374,76108,1,,
73241,33,76108,2,,
73242,371,76109,1,,
73243,17,76109,2,,
73244,411,76110,1,,
73245,30,76110,2,,
73246,374,76111,1,,
73247,33,76111,2,,
73248,371,76112,1,,
73249,17,76112,2,,
73250,411,76113,1,,
73251,30,76113,2,,
73252,374,76114,1,,
73253,33,76114,2,,
73254,371,76115,1,,
73255,17,76115,2,,
73256,411,76116,1,,
73257,30,76116,2,,
73258,374,76117,1,,
73259,33,76117,2,,
73260,371,76118,1,,
73261,17,76118,2,,
73262,411,76119,1,,
73263,30,76119,2,,
73264,374,76120,1,,
73265,33,76120,2,,
73266,371,76121,1,,
73267,17,76121,2,,
73268,411,76122,1,,
73269,30,76122,2,,
73270,374,76123,1,,
73271,33,76123,2,,
73272,371,76124,1,,
73273,17,76124,2,,
73274,411,76125,1,,
73275,30,76125,2,,
73276,374,76126,1,,
73277,33,76126,2,,
73278,371,76127,1,,
73279,17,76127,2,,
73280,411,76128,1,,
73281,30,76128,2,,
73282,374,76129,1,,
73283,33,76129,2,,
73284,371,76130,1,,
73285,17,76130,2,,
73286,411,76131,1,,
73287,30,76131,2,,
73288,374,76132,1,,
73289,33,76132,2,,
73290,371,76133,1,,
73291,17,76133,2,,
73292,411,76134,1,,
73293,30,76134,2,,
73294,374,76135,1,,
73295,33,76135,2,,
73296,384,76136,1,,
73297,19,76136,2,,
73298,396,76137,1,,
73299,29,76137,2,,
73300,360,76138,1,,
73301,31,76138,2,,
73302,384,76139,1,,
73303,19,76139,2,,
73304,396,76140,1,,
73305,29,76140,2,,
73306,360,76141,1,,
73307,31,76141,2,,
73308,384,76142,1,,
73309,19,76142,2,,
73310,396,76143,1,,
73311,29,76143,2,,
73312,360,76144,1,,
73313,31,76144,2,,
73314,384,76145,1,,
73315,19,76145,2,,
73316,396,76146,1,,
73317,29,76146,2,,
73318,360,76147,1,,
73319,31,76147,2,,
73320,384,76148,1,,
73321,19,76148,2,,
73322,396,76149,1,,
73323,29,76149,2,,
73324,360,76150,1,,
73325,31,76150,2,,
73326,384,76151,1,,
73327,19,76151,2,,
73328,396,76152,1,,
73329,29,76152,2,,
73330,360,76153,1,,
73331,31,76153,2,,
73332,384,76154,1,,
73333,19,76154,2,,
73334,396,76155,1,,
73335,29,76155,2,,
73336,360,76156,1,,
73337,31,76156,2,,
73338,384,76157,1,,
73339,19,76157,2,,
73340,396,76158,1,,
73341,29,76158,2,,
73342,360,76159,1,,
73343,31,76159,2,,
73344,384,76160,1,,
73345,19,76160,2,,
73346,396,76161,1,,
73347,29,76161,2,,
73348,360,76162,1,,
73349,31,76162,2,,
73350,384,76163,1,,
73351,19,76163,2,,
73352,396,76164,1,,
73353,29,76164,2,,
73354,360,76165,1,,
73355,31,76165,2,,
73356,384,76166,1,,
73357,19,76166,2,,
73358,396,76167,1,,
73359,29,76167,2,,
73360,360,76168,1,,
73361,31,76168,2,,
73362,384,76169,1,,
73363,19,76169,2,,
73364,396,76170,1,,
73365,29,76170,2,,
73366,360,76171,1,,
73367,31,76171,2,,
73368,372,76172,1,,
73369,19,76172,2,,
73370,373,76173,1,,
73371,29,76173,2,,
73372,351,76174,1,,
73373,31,76174,2,,
73374,372,76175,1,,
73375,19,76175,2,,
73376,373,76176,1,,
73377,29,76176,2,,
73378,351,76177,1,,
73379,31,76177,2,,
73380,372,76178,1,,
73381,19,76178,2,,
73382,373,76179,1,,
73383,29,76179,2,,
73384,351,76180,1,,
73385,31,76180,2,,
73386,372,76181,1,,
73387,19,76181,2,,
73388,373,76182,1,,
73389,29,76182,2,,
73390,351,76183,1,,
73391,31,76183,2,,
73392,372,76184,1,,
73393,19,76184,2,,
73394,373,76185,1,,
73395,29,76185,2,,
73396,351,76186,1,,
73397,31,76186,2,,
73398,372,76187,1,,
73399,19,76187,2,,
73400,373,76188,1,,
73401,29,76188,2,,
73402,351,76189,1,,
73403,31,76189,2,,
73404,372,76190,1,,
73405,19,76190,2,,
73406,373,76191,1,,
73407,29,76191,2,,
73408,351,76192,1,,
73409,31,76192,2,,
73410,372,76193,1,,
73411,19,76193,2,,
73412,373,76194,1,,
73413,29,76194,2,,
73414,351,76195,1,,
73415,31,76195,2,,
73416,372,76196,1,,
73417,19,76196,2,,
73418,373,76197,1,,
73419,29,76197,2,,
73420,351,76198,1,,
73421,31,76198,2,,
73422,372,76199,1,,
73423,19,76199,2,,
73424,373,76200,1,,
73425,29,76200,2,,
73426,351,76201,1,,
73427,31,76201,2,,
73428,372,76202,1,,
73429,19,76202,2,,
73430,373,76203,1,,
73431,29,76203,2,,
73432,351,76204,1,,
73433,31,76204,2,,
73434,372,76205,1,,
73435,19,76205,2,,
73436,373,76206,1,,
73437,29,76206,2,,
73438,351,76207,1,,
73439,31,76207,2,,
73440,349,76208,1,,
73441,17,76208,2,,
73442,376,76209,1,,
73443,29,76209,2,,
73444,331,76210,1,,
73445,32,76210,2,,
73446,349,76211,1,,
73447,17,76211,2,,
73448,376,76212,1,,
73449,29,76212,2,,
73450,331,76213,1,,
73451,32,76213,2,,
73452,349,76214,1,,
73453,17,76214,2,,
73454,376,76215,1,,
73455,29,76215,2,,
73456,331,76216,1,,
73457,32,76216,2,,
73458,349,76217,1,,
73459,17,76217,2,,
73460,376,76218,1,,
73461,29,76218,2,,
73462,331,76219,1,,
73463,32,76219,2,,
73464,349,76220,1,,
73465,17,76220,2,,
73466,376,76221,1,,
73467,29,76221,2,,
73468,331,76222,1,,
73469,32,76222,2,,
73470,349,76223,1,,
73471,17,76223,2,,
73472,376,76224,1,,
73473,29,76224,2,,
73474,331,76225,1,,
73475,32,76225,2,,
73476,349,76226,1,,
73477,17,76226,2,,
73478,376,76227,1,,
73479,29,76227,2,,
73480,331,76228,1,,
73481,32,76228,2,,
73482,349,76229,1,,
73483,17,76229,2,,
73484,376,76230,1,,
73485,29,76230,2,,
73486,331,76231,1,,
73487,32,76231,2,,
73488,349,76232,1,,
73489,17,76232,2,,
73490,376,76233,1,,
73491,29,76233,2,,
73492,331,76234,1,,
73493,32,76234,2,,
73494,349,76235,1,,
73495,17,76235,2,,
73496,376,76236,1,,
73497,29,76236,2,,
73498,331,76237,1,,
73499,32,76237,2,,
73500,349,76238,1,,
73501,17,76238,2,,
73502,376,76239,1,,
73503,29,76239,2,,
73504,331,76240,1,,
73505,32,76240,2,,
73506,349,76241,1,,
73507,17,76241,2,,
73508,376,76242,1,,
73509,29,76242,2,,
73510,331,76243,1,,
73511,32,76243,2,,
73512,327,76244,1,,
73513,17,76244,2,,
73514,370,76245,1,,
73515,28,76245,2,,
73516,332,76246,1,,
73517,32,76246,2,,
73518,327,76247,1,,
73519,17,76247,2,,
73520,370,76248,1,,
73521,28,76248,2,,
73522,332,76249,1,,
73523,32,76249,2,,
73524,327,76250,1,,
73525,17,76250,2,,
73526,370,76251,1,,
73527,28,76251,2,,
73528,332,76252,1,,
73529,32,76252,2,,
73530,327,76253,1,,
73531,17,76253,2,,
73532,370,76254,1,,
73533,28,76254,2,,
73534,332,76255,1,,
73535,32,76255,2,,
73536,327,76256,1,,
73537,17,76256,2,,
73538,370,76257,1,,
73539,28,76257,2,,
73540,332,76258,1,,
73541,32,76258,2,,
73542,327,76259,1,,
73543,17,76259,2,,
73544,370,76260,1,,
73545,28,76260,2,,
73546,332,76261,1,,
73547,32,76261,2,,
73548,327,76262,1,,
73549,17,76262,2,,
73550,370,76263,1,,
73551,28,76263,2,,
73552,332,76264,1,,
73553,32,76264,2,,
73554,327,76265,1,,
73555,17,76265,2,,
73556,370,76266,1,,
73557,28,76266,2,,
73558,332,76267,1,,
73559,32,76267,2,,
73560,327,76268,1,,
73561,17,76268,2,,
73562,370,76269,1,,
73563,28,76269,2,,
73564,332,76270,1,,
73565,32,76270,2,,
73566,327,76271,1,,
73567,17,76271,2,,
73568,370,76272,1,,
73569,28,76272,2,,
73570,332,76273,1,,
73571,32,76273,2,,
73572,327,76274,1,,
73573,17,76274,2,,
73574,370,76275,1,,
73575,28,76275,2,,
73576,332,76276,1,,
73577,32,76276,2,,
73578,327,76277,1,,
73579,17,76277,2,,
73580,370,76278,1,,
73581,28,76278,2,,
73582,332,76279,1,,
73583,32,76279,2,,
73584,296,76280,1,,
73585,17,76280,2,,
73586,354,76281,1,,
73587,27,76281,2,,
73588,319,76282,1,,
73589,33,76282,2,,
73590,296,76283,1,,
73591,17,76283,2,,
73592,354,76284,1,,
73593,27,76284,2,,
73594,319,76285,1,,
73595,33,76285,2,,
73596,296,76286,1,,
73597,17,76286,2,,
73598,354,76287,1,,
73599,27,76287,2,,
73600,319,76288,1,,
73601,33,76288,2,,
73602,296,76289,1,,
73603,17,76289,2,,
73604,354,76290,1,,
73605,27,76290,2,,
73606,319,76291,1,,
73607,33,76291,2,,
73608,296,76292,1,,
73609,17,76292,2,,
73610,354,76293,1,,
73611,27,76293,2,,
73612,319,76294,1,,
73613,33,76294,2,,
73614,296,76295,1,,
73615,17,76295,2,,
73616,354,76296,1,,
73617,27,76296,2,,
73618,319,76297,1,,
73619,33,76297,2,,
73620,296,76298,1,,
73621,17,76298,2,,
73622,354,76299,1,,
73623,27,76299,2,,
73624,319,76300,1,,
73625,33,76300,2,,
73626,296,76301,1,,
73627,17,76301,2,,
73628,354,76302,1,,
73629,27,76302,2,,
73630,319,76303,1,,
73631,33,76303,2,,
73632,296,76304,1,,
73633,17,76304,2,,
73634,354,76305,1,,
73635,27,76305,2,,
73636,319,76306,1,,
73637,33,76306,2,,
73638,296,76307,1,,
73639,17,76307,2,,
73640,354,76308,1,,
73641,27,76308,2,,
73642,319,76309,1,,
73643,33,76309,2,,
73644,296,76310,1,,
73645,17,76310,2,,
73646,354,76311,1,,
73647,27,76311,2,,
73648,319,76312,1,,
73649,33,76312,2,,
73650,296,76313,1,,
73651,17,76313,2,,
73652,354,76314,1,,
73653,27,76314,2,,
73654,319,76315,1,,
73655,33,76315,2,,
73656,292,76316,1,,
73657,17,76316,2,,
73658,351,76317,1,,
73659,27,76317,2,,
73660,321,76318,1,,
73661,33,76318,2,,
73662,292,76319,1,,
73663,17,76319,2,,
73664,351,76320,1,,
73665,27,76320,2,,
73666,321,76321,1,,
73667,33,76321,2,,
73668,292,76322,1,,
73669,17,76322,2,,
73670,351,76323,1,,
73671,27,76323,2,,
73672,321,76324,1,,
73673,33,76324,2,,
73674,292,76325,1,,
73675,17,76325,2,,
73676,351,76326,1,,
73677,27,76326,2,,
73678,321,76327,1,,
73679,33,76327,2,,
73680,292,76328,1,,
73681,17,76328,2,,
73682,351,76329,1,,
73683,27,76329,2,,
73684,321,76330,1,,
73685,33,76330,2,,
73686,292,76331,1,,
73687,17,76331,2,,
73688,351,76332,1,,
73689,27,76332,2,,
73690,321,76333,1,,
73691,33,76333,2,,
73692,292,76334,1,,
73693,17,76334,2,,
73694,351,76335,1,,
73695,27,76335,2,,
73696,321,76336,1,,
73697,33,76336,2,,
73698,292,76337,1,,
73699,17,76337,2,,
73700,351,76338,1,,
73701,27,76338,2,,
73702,321,76339,1,,
73703,33,76339,2,,
73704,292,76340,1,,
73705,17,76340,2,,
73706,351,76341,1,,
73707,27,76341,2,,
73708,321,76342,1,,
73709,33,76342,2,,
73710,292,76343,1,,
73711,17,76343,2,,
73712,351,76344,1,,
73713,27,76344,2,,
73714,321,76345,1,,
73715,33,76345,2,,
73716,292,76346,1,,
73717,17,76346,2,,
73718,351,76347,1,,
73719,27,76347,2,,
73720,321,76348,1,,
73721,33,76348,2,,
73722,292,76349,1,,
73723,17,76349,2,,
73724,351,76350,1,,
73725,27,76350,2,,
73726,321,76351,1,,
73727,33,76351,2,,
73728,282,76352,1,,
73729,18,76352,2,,
73730,327,76353,1,,
73731,28,76353,2,,
73732,342,76354,1,,
73733,33,76354,2,,
73734,282,76355,1,,
73735,18,76355,2,,
73736,327,76356,1,,
73737,28,76356,2,,
73738,342,76357,1,,
73739,33,76357,2,,
73740,282,76358,1,,
73741,18,76358,2,,
73742,327,76359,1,,
73743,28,76359,2,,
73744,342,76360,1,,
73745,33,76360,2,,
73746,282,76361,1,,
73747,18,76361,2,,
73748,327,76362,1,,
73749,28,76362,2,,
73750,342,76363,1,,
73751,33,76363,2,,
73752,282,76364,1,,
73753,18,76364,2,,
73754,327,76365,1,,
73755,28,76365,2,,
73756,342,76366,1,,
73757,33,76366,2,,
73758,282,76367,1,,
73759,18,76367,2,,
73760,327,76368,1,,
73761,28,76368,2,,
73762,342,76369,1,,
73763,33,76369,2,,
73764,282,76370,1,,
73765,18,76370,2,,
73766,327,76371,1,,
73767,28,76371,2,,
73768,342,76372,1,,
73769,33,76372,2,,
73770,282,76373,1,,
73771,18,76373,2,,
73772,327,76374,1,,
73773,28,76374,2,,
73774,342,76375,1,,
73775,33,76375,2,,
73776,282,76376,1,,
73777,18,76376,2,,
73778,327,76377,1,,
73779,28,76377,2,,
73780,342,76378,1,,
73781,33,76378,2,,
73782,282,76379,1,,
73783,18,76379,2,,
73784,327,76380,1,,
73785,28,76380,2,,
73786,342,76381,1,,
73787,33,76381,2,,
73788,282,76382,1,,
73789,18,76382,2,,
73790,327,76383,1,,
73791,28,76383,2,,
73792,342,76384,1,,
73793,33,76384,2,,
73794,282,76385,1,,
73795,18,76385,2,,
73796,327,76386,1,,
73797,28,76386,2,,
73798,342,76387,1,,
73799,33,76387,2,,
73800,284,76388,1,,
73801,18,76388,2,,
73802,301,76389,1,,
73803,27,76389,2,,
73804,326,76390,1,,
73805,33,76390,2,,
73806,284,76391,1,,
73807,18,76391,2,,
73808,301,76392,1,,
73809,27,76392,2,,
73810,326,76393,1,,
73811,33,76393,2,,
73812,284,76394,1,,
73813,18,76394,2,,
73814,301,76395,1,,
73815,27,76395,2,,
73816,326,76396,1,,
73817,33,76396,2,,
73818,284,76397,1,,
73819,18,76397,2,,
73820,301,76398,1,,
73821,27,76398,2,,
73822,326,76399,1,,
73823,33,76399,2,,
73824,284,76400,1,,
73825,18,76400,2,,
73826,301,76401,1,,
73827,27,76401,2,,
73828,326,76402,1,,
73829,33,76402,2,,
73830,284,76403,1,,
73831,18,76403,2,,
73832,301,76404,1,,
73833,27,76404,2,,
73834,326,76405,1,,
73835,33,76405,2,,
73836,284,76406,1,,
73837,18,76406,2,,
73838,301,76407,1,,
73839,27,76407,2,,
73840,326,76408,1,,
73841,33,76408,2,,
73842,284,76409,1,,
73843,18,76409,2,,
73844,301,76410,1,,
73845,27,76410,2,,
73846,326,76411,1,,
73847,33,76411,2,,
73848,284,76412,1,,
73849,18,76412,2,,
73850,301,76413,1,,
73851,27,76413,2,,
73852,326,76414,1,,
73853,33,76414,2,,
73854,284,76415,1,,
73855,18,76415,2,,
73856,301,76416,1,,
73857,27,76416,2,,
73858,326,76417,1,,
73859,33,76417,2,,
73860,284,76418,1,,
73861,18,76418,2,,
73862,301,76419,1,,
73863,27,76419,2,,
73864,326,76420,1,,
73865,33,76420,2,,
73866,284,76421,1,,
73867,18,76421,2,,
73868,301,76422,1,,
73869,27,76422,2,,
73870,326,76423,1,,
73871,33,76423,2,,
73872,288,76424,1,,
73873,17,76424,2,,
73874,306,76425,1,,
73875,28,76425,2,,
73876,325,76426,1,,
73877,31,76426,2,,
73878,288,76427,1,,
73879,17,76427,2,,
73880,306,76428,1,,
73881,28,76428,2,,
73882,325,76429,1,,
73883,31,76429,2,,
73884,288,76430,1,,
73885,17,76430,2,,
73886,306,76431,1,,
73887,28,76431,2,,
73888,325,76432,1,,
73889,31,76432,2,,
73890,288,76433,1,,
73891,17,76433,2,,
73892,306,76434,1,,
73893,28,76434,2,,
73894,325,76435,1,,
73895,31,76435,2,,
73896,288,76436,1,,
73897,17,76436,2,,
73898,306,76437,1,,
73899,28,76437,2,,
73900,325,76438,1,,
73901,31,76438,2,,
73902,288,76439,1,,
73903,17,76439,2,,
73904,306,76440,1,,
73905,28,76440,2,,
73906,325,76441,1,,
73907,31,76441,2,,
73908,288,76442,1,,
73909,17,76442,2,,
73910,306,76443,1,,
73911,28,76443,2,,
73912,325,76444,1,,
73913,31,76444,2,,
73914,288,76445,1,,
73915,17,76445,2,,
73916,306,76446,1,,
73917,28,76446,2,,
73918,325,76447,1,,
73919,31,76447,2,,
73920,288,76448,1,,
73921,17,76448,2,,
73922,306,76449,1,,
73923,28,76449,2,,
73924,325,76450,1,,
73925,31,76450,2,,
73926,288,76451,1,,
73927,17,76451,2,,
73928,306,76452,1,,
73929,28,76452,2,,
73930,325,76453,1,,
73931,31,76453,2,,
73932,288,76454,1,,
73933,17,76454,2,,
73934,306,76455,1,,
73935,28,76455,2,,
73936,325,76456,1,,
73937,31,76456,2,,
73938,288,76457,1,,
73939,17,76457,2,,
73940,306,76458,1,,
73941,28,76458,2,,
73942,325,76459,1,,
73943,31,76459,2,,
73944,286,76460,1,,
73945,17,76460,2,,
73946,305,76461,1,,
73947,28,76461,2,,
73948,322,76462,1,,
73949,30,76462,2,,
73950,286,76463,1,,
73951,17,76463,2,,
73952,305,76464,1,,
73953,28,76464,2,,
73954,322,76465,1,,
73955,30,76465,2,,
73956,286,76466,1,,
73957,17,76466,2,,
73958,305,76467,1,,
73959,28,76467,2,,
73960,322,76468,1,,
73961,30,76468,2,,
73962,286,76469,1,,
73963,17,76469,2,,
73964,305,76470,1,,
73965,28,76470,2,,
73966,322,76471,1,,
73967,30,76471,2,,
73968,286,76472,1,,
73969,17,76472,2,,
73970,305,76473,1,,
73971,28,76473,2,,
73972,322,76474,1,,
73973,30,76474,2,,
73974,286,76475,1,,
73975,17,76475,2,,
73976,305,76476,1,,
73977,28,76476,2,,
73978,322,76477,1,,
73979,30,76477,2,,
73980,286,76478,1,,
73981,17,76478,2,,
73982,305,76479,1,,
73983,28,76479,2,,
73984,322,76480,1,,
73985,30,76480,2,,
73986,286,76481,1,,
73987,17,76481,2,,
73988,305,76482,1,,
73989,28,76482,2,,
73990,322,76483,1,,
73991,30,76483,2,,
73992,286,76484,1,,
73993,17,76484,2,,
73994,305,76485,1,,
73995,28,76485,2,,
73996,322,76486,1,,
73997,30,76486,2,,
73998,286,76487,1,,
73999,17,76487,2,,
74000,305,76488,1,,
74001,28,76488,2,,
74002,322,76489,1,,
74003,30,76489,2,,
74004,286,76490,1,,
74005,17,76490,2,,
74006,305,76491,1,,
74007,28,76491,2,,
74008,322,76492,1,,
74009,30,76492,2,,
74010,286,76493,1,,
74011,17,76493,2,,
74012,305,76494,1,,
74013,28,76494,2,,
74014,322,76495,1,,
74015,30,76495,2,,
74016,282,76496,1,,
74017,16,76496,2,,
74018,302,76497,1,,
74019,28,76497,2,,
74020,304,76498,1,,
74021,30,76498,2,,
74022,282,76499,1,,
74023,16,76499,2,,
74024,302,76500,1,,
74025,28,76500,2,,
74026,304,76501,1,,
74027,30,76501,2,,
74028,282,76502,1,,
74029,16,76502,2,,
74030,302,76503,1,,
74031,28,76503,2,,
74032,304,76504,1,,
74033,30,76504,2,,
74034,282,76505,1,,
74035,16,76505,2,,
74036,302,76506,1,,
74037,28,76506,2,,
74038,304,76507,1,,
74039,30,76507,2,,
74040,282,76508,1,,
74041,16,76508,2,,
74042,302,76509,1,,
74043,28,76509,2,,
74044,304,76510,1,,
74045,30,76510,2,,
74046,282,76511,1,,
74047,16,76511,2,,
74048,302,76512,1,,
74049,28,76512,2,,
74050,304,76513,1,,
74051,30,76513,2,,
74052,282,76514,1,,
74053,16,76514,2,,
74054,302,76515,1,,
74055,28,76515,2,,
74056,304,76516,1,,
74057,30,76516,2,,
74058,282,76517,1,,
74059,16,76517,2,,
74060,302,76518,1,,
74061,28,76518,2,,
74062,304,76519,1,,
74063,30,76519,2,,
74064,282,76520,1,,
74065,16,76520,2,,
74066,302,76521,1,,
74067,28,76521,2,,
74068,304,76522,1,,
74069,30,76522,2,,
74070,282,76523,1,,
74071,16,76523,2,,
74072,302,76524,1,,
74073,28,76524,2,,
74074,304,76525,1,,
74075,30,76525,2,,
74076,282,76526,1,,
74077,16,76526,2,,
74078,302,76527,1,,
74079,28,76527,2,,
74080,304,76528,1,,
74081,30,76528,2,,
74082,282,76529,1,,
74083,16,76529,2,,
74084,302,76530,1,,
74085,28,76530,2,,
74086,304,76531,1,,
74087,30,76531,2,,
74088,284,76532,1,,
74089,14,76532,2,,
74090,315,76533,1,,
74091,26,76533,2,,
74092,299,76534,1,,
74093,29,76534,2,,
74094,284,76535,1,,
74095,14,76535,2,,
74096,315,76536,1,,
74097,26,76536,2,,
74098,299,76537,1,,
74099,29,76537,2,,
74100,284,76538,1,,
74101,14,76538,2,,
74102,315,76539,1,,
74103,26,76539,2,,
74104,299,76540,1,,
74105,29,76540,2,,
74106,284,76541,1,,
74107,14,76541,2,,
74108,315,76542,1,,
74109,26,76542,2,,
74110,299,76543,1,,
74111,29,76543,2,,
74112,284,76544,1,,
74113,14,76544,2,,
74114,315,76545,1,,
74115,26,76545,2,,
74116,299,76546,1,,
74117,29,76546,2,,
74118,284,76547,1,,
74119,14,76547,2,,
74120,315,76548,1,,
74121,26,76548,2,,
74122,299,76549,1,,
74123,29,76549,2,,
74124,284,76550,1,,
74125,14,76550,2,,
74126,315,76551,1,,
74127,26,76551,2,,
74128,299,76552,1,,
74129,29,76552,2,,
74130,284,76553,1,,
74131,14,76553,2,,
74132,315,76554,1,,
74133,26,76554,2,,
74134,299,76555,1,,
74135,29,76555,2,,
74136,284,76556,1,,
74137,14,76556,2,,
74138,315,76557,1,,
74139,26,76557,2,,
74140,299,76558,1,,
74141,29,76558,2,,
74142,284,76559,1,,
74143,14,76559,2,,
74144,315,76560,1,,
74145,26,76560,2,,
74146,299,76561,1,,
74147,29,76561,2,,
74148,284,76562,1,,
74149,14,76562,2,,
74150,315,76563,1,,
74151,26,76563,2,,
74152,299,76564,1,,
74153,29,76564,2,,
74154,284,76565,1,,
74155,14,76565,2,,
74156,315,76566,1,,
74157,26,76566,2,,
74158,299,76567,1,,
74159,29,76567,2,,
74160,286,76568,1,,
74161,14,76568,2,,
74162,322,76569,1,,
74163,27,76569,2,,
74164,288,76570,1,,
74165,29,76570,2,,
74166,286,76571,1,,
74167,14,76571,2,,
74168,322,76572,1,,
74169,27,76572,2,,
74170,288,76573,1,,
74171,29,76573,2,,
74172,286,76574,1,,
74173,14,76574,2,,
74174,322,76575,1,,
74175,27,76575,2,,
74176,288,76576,1,,
74177,29,76576,2,,
74178,286,76577,1,,
74179,14,76577,2,,
74180,322,76578,1,,
74181,27,76578,2,,
74182,288,76579,1,,
74183,29,76579,2,,
74184,286,76580,1,,
74185,14,76580,2,,
74186,322,76581,1,,
74187,27,76581,2,,
74188,288,76582,1,,
74189,29,76582,2,,
74190,286,76583,1,,
74191,14,76583,2,,
74192,322,76584,1,,
74193,27,76584,2,,
74194,288,76585,1,,
74195,29,76585,2,,
74196,286,76586,1,,
74197,14,76586,2,,
74198,322,76587,1,,
74199,27,76587,2,,
74200,288,76588,1,,
74201,29,76588,2,,
74202,286,76589,1,,
74203,14,76589,2,,
74204,322,76590,1,,
74205,27,76590,2,,
74206,288,76591,1,,
74207,29,76591,2,,
74208,286,76592,1,,
74209,14,76592,2,,
74210,322,76593,1,,
74211,27,76593,2,,
74212,288,76594,1,,
74213,29,76594,2,,
74214,286,76595,1,,
74215,14,76595,2,,
74216,322,76596,1,,
74217,27,76596,2,,
74218,288,76597,1,,
74219,29,76597,2,,
74220,286,76598,1,,
74221,14,76598,2,,
74222,322,76599,1,,
74223,27,76599,2,,
74224,288,76600,1,,
74225,29,76600,2,,
74226,286,76601,1,,
74227,14,76601,2,,
74228,322,76602,1,,
74229,27,76602,2,,
74230,288,76603,1,,
74231,29,76603,2,,
74232,290,76604,1,,
74233,14,76604,2,,
74234,322,76605,1,,
74235,26,76605,2,,
74236,286,76606,1,,
74237,29,76606,2,,
74238,290,76607,1,,
74239,14,76607,2,,
74240,322,76608,1,,
74241,26,76608,2,,
74242,286,76609,1,,
74243,29,76609,2,,
74244,290,76610,1,,
74245,14,76610,2,,
74246,322,76611,1,,
74247,26,76611,2,,
74248,286,76612,1,,
74249,29,76612,2,,
74250,290,76613,1,,
74251,14,76613,2,,
74252,322,76614,1,,
74253,26,76614,2,,
74254,286,76615,1,,
74255,29,76615,2,,
74256,290,76616,1,,
74257,14,76616,2,,
74258,322,76617,1,,
74259,26,76617,2,,
74260,286,76618,1,,
74261,29,76618,2,,
74262,290,76619,1,,
74263,14,76619,2,,
74264,322,76620,1,,
74265,26,76620,2,,
74266,286,76621,1,,
74267,29,76621,2,,
74268,290,76622,1,,
74269,14,76622,2,,
74270,322,76623,1,,
74271,26,76623,2,,
74272,286,76624,1,,
74273,29,76624,2,,
74274,290,76625,1,,
74275,14,76625,2,,
74276,322,76626,1,,
74277,26,76626,2,,
74278,286,76627,1,,
74279,29,76627,2,,
74280,290,76628,1,,
74281,14,76628,2,,
74282,322,76629,1,,
74283,26,76629,2,,
74284,286,76630,1,,
74285,29,76630,2,,
74286,290,76631,1,,
74287,14,76631,2,,
74288,322,76632,1,,
74289,26,76632,2,,
74290,286,76633,1,,
74291,29,76633,2,,
74292,290,76634,1,,
74293,14,76634,2,,
74294,322,76635,1,,
74295,26,76635,2,,
74296,286,76636,1,,
74297,29,76636,2,,
74298,290,76637,1,,
74299,14,76637,2,,
74300,322,76638,1,,
74301,26,76638,2,,
74302,286,76639,1,,
74303,29,76639,2,,
74304,290,76640,1,,
74305,14,76640,2,,
74306,322,76641,1,,
74307,26,76641,2,,
74308,286,76642,1,,
74309,29,76642,2,,
74310,290,76643,1,,
74311,14,76643,2,,
74312,322,76644,1,,
74313,26,76644,2,,
74314,286,76645,1,,
74315,29,76645,2,,
74316,290,76646,1,,
74317,14,76646,2,,
74318,322,76647,1,,
74319,26,76647,2,,
74320,286,76648,1,,
74321,29,76648,2,,
74322,290,76649,1,,
74323,14,76649,2,,
74324,322,76650,1,,
74325,26,76650,2,,
74326,286,76651,1,,
74327,29,76651,2,,
74328,290,76652,1,,
74329,14,76652,2,,
74330,322,76653,1,,
74331,26,76653,2,,
74332,286,76654,1,,
74333,29,76654,2,,
74334,290,76655,1,,
74335,14,76655,2,,
74336,322,76656,1,,
74337,26,76656,2,,
74338,286,76657,1,,
74339,29,76657,2,,
74340,301,76658,1,,
74341,13,76658,2,,
74342,322,76659,1,,
74343,24,76659,2,,
74344,277,76660,1,,
74345,29,76660,2,,
74346,301,76661,1,,
74347,13,76661,2,,
74348,322,76662,1,,
74349,24,76662,2,,
74350,277,76663,1,,
74351,29,76663,2,,
74352,301,76664,1,,
74353,13,76664,2,,
74354,322,76665,1,,
74355,24,76665,2,,
74356,277,76666,1,,
74357,29,76666,2,,
74358,301,76667,1,,
74359,13,76667,2,,
74360,322,76668,1,,
74361,24,76668,2,,
74362,277,76669,1,,
74363,29,76669,2,,
74364,306,76670,1,,
74365,13,76670,2,,
74366,317,76671,1,,
74367,24,76671,2,,
74368,269,76672,1,,
74369,28,76672,2,,
74370,306,76673,1,,
74371,13,76673,2,,
74372,317,76674,1,,
74373,24,76674,2,,
74374,269,76675,1,,
74375,28,76675,2,,
74376,306,76676,1,,
74377,13,76676,2,,
74378,317,76677,1,,
74379,24,76677,2,,
74380,269,76678,1,,
74381,28,76678,2,,
74382,306,76679,1,,
74383,13,76679,2,,
74384,317,76680,1,,
74385,24,76680,2,,
74386,269,76681,1,,
74387,28,76681,2,,
74388,306,76682,1,,
74389,13,76682,2,,
74390,317,76683,1,,
74391,24,76683,2,,
74392,269,76684,1,,
74393,28,76684,2,,
74394,306,76685,1,,
74395,13,76685,2,,
74396,317,76686,1,,
74397,24,76686,2,,
74398,269,76687,1,,
74399,28,76687,2,,
74400,306,76688,1,,
74401,13,76688,2,,
74402,317,76689,1,,
74403,24,76689,2,,
74404,269,76690,1,,
74405,28,76690,2,,
74406,306,76691,1,,
74407,13,76691,2,,
74408,317,76692,1,,
74409,24,76692,2,,
74410,269,76693,1,,
74411,28,76693,2,,
74412,306,76694,1,,
74413,13,76694,2,,
74414,317,76695,1,,
74415,24,76695,2,,
74416,269,76696,1,,
74417,28,76696,2,,
74418,306,76697,1,,
74419,13,76697,2,,
74420,317,76698,1,,
74421,24,76698,2,,
74422,269,76699,1,,
74423,28,76699,2,,
74424,306,76700,1,,
74425,13,76700,2,,
74426,317,76701,1,,
74427,24,76701,2,,
74428,269,76702,1,,
74429,28,76702,2,,
74430,306,76703,1,,
74431,13,76703,2,,
74432,317,76704,1,,
74433,24,76704,2,,
74434,269,76705,1,,
74435,28,76705,2,,
74436,306,76706,1,,
74437,13,76706,2,,
74438,317,76707,1,,
74439,24,76707,2,,
74440,269,76708,1,,
74441,28,76708,2,,
74442,306,76709,1,,
74443,13,76709,2,,
74444,317,76710,1,,
74445,24,76710,2,,
74446,269,76711,1,,
74447,28,76711,2,,
74448,301,76712,1,,
74449,15,76712,2,,
74450,308,76713,1,,
74451,22,76713,2,,
74452,267,76714,1,,
74453,27,76714,2,,
74454,301,76715,1,,
74455,15,76715,2,,
74456,308,76716,1,,
74457,22,76716,2,,
74458,267,76717,1,,
74459,27,76717,2,,
74460,301,76718,1,,
74461,15,76718,2,,
74462,308,76719,1,,
74463,22,76719,2,,
74464,267,76720,1,,
74465,27,76720,2,,
74466,301,76721,1,,
74467,15,76721,2,,
74468,308,76722,1,,
74469,22,76722,2,,
74470,267,76723,1,,
74471,27,76723,2,,
74472,301,76724,1,,
74473,15,76724,2,,
74474,308,76725,1,,
74475,22,76725,2,,
74476,267,76726,1,,
74477,27,76726,2,,
74478,301,76727,1,,
74479,15,76727,2,,
74480,308,76728,1,,
74481,22,76728,2,,
74482,267,76729,1,,
74483,27,76729,2,,
74484,301,76730,1,,
74485,15,76730,2,,
74486,308,76731,1,,
74487,22,76731,2,,
74488,267,76732,1,,
74489,27,76732,2,,
74490,301,76733,1,,
74491,15,76733,2,,
74492,308,76734,1,,
74493,22,76734,2,,
74494,267,76735,1,,
74495,27,76735,2,,
74496,301,76736,1,,
74497,15,76736,2,,
74498,308,76737,1,,
74499,22,76737,2,,
74500,267,76738,1,,
74501,27,76738,2,,
74502,301,76739,1,,
74503,15,76739,2,,
74504,308,76740,1,,
74505,22,76740,2,,
74506,267,76741,1,,
74507,27,76741,2,,
74508,301,76742,1,,
74509,15,76742,2,,
74510,308,76743,1,,
74511,22,76743,2,,
74512,267,76744,1,,
74513,27,76744,2,,
74514,301,76745,1,,
74515,15,76745,2,,
74516,308,76746,1,,
74517,22,76746,2,,
74518,267,76747,1,,
74519,27,76747,2,,
74520,291,76748,1,,
74521,14,76748,2,,
74522,306,76749,1,,
74523,24,76749,2,,
74524,293,76750,1,,
74525,28,76750,2,,
74526,291,76751,1,,
74527,14,76751,2,,
74528,306,76752,1,,
74529,24,76752,2,,
74530,293,76753,1,,
74531,28,76753,2,,
74532,291,76754,1,,
74533,14,76754,2,,
74534,306,76755,1,,
74535,24,76755,2,,
74536,293,76756,1,,
74537,28,76756,2,,
74538,291,76757,1,,
74539,14,76757,2,,
74540,306,76758,1,,
74541,24,76758,2,,
74542,293,76759,1,,
74543,28,76759,2,,
74544,291,76760,1,,
74545,14,76760,2,,
74546,306,76761,1,,
74547,24,76761,2,,
74548,293,76762,1,,
74549,28,76762,2,,
74550,291,76763,1,,
74551,14,76763,2,,
74552,306,76764,1,,
74553,24,76764,2,,
74554,293,76765,1,,
74555,28,76765,2,,
74556,291,76766,1,,
74557,14,76766,2,,
74558,306,76767,1,,
74559,24,76767,2,,
74560,293,76768,1,,
74561,28,76768,2,,
74562,291,76769,1,,
74563,14,76769,2,,
74564,306,76770,1,,
74565,24,76770,2,,
74566,293,76771,1,,
74567,28,76771,2,,
74568,291,76772,1,,
74569,14,76772,2,,
74570,306,76773,1,,
74571,24,76773,2,,
74572,293,76774,1,,
74573,28,76774,2,,
74574,291,76775,1,,
74575,14,76775,2,,
74576,306,76776,1,,
74577,24,76776,2,,
74578,293,76777,1,,
74579,28,76777,2,,
74580,291,76778,1,,
74581,14,76778,2,,
74582,306,76779,1,,
74583,24,76779,2,,
74584,293,76780,1,,
74585,28,76780,2,,
74586,291,76781,1,,
74587,14,76781,2,,
74588,306,76782,1,,
74589,24,76782,2,,
74590,293,76783,1,,
74591,28,76783,2,,
74592,281,76784,1,,
74593,15,76784,2,,
74594,307,76785,1,,
74595,22,76785,2,,
74596,317,76786,1,,
74597,31,76786,2,,
74598,281,76787,1,,
74599,15,76787,2,,
74600,307,76788,1,,
74601,22,76788,2,,
74602,317,76789,1,,
74603,31,76789,2,,
74604,281,76790,1,,
74605,15,76790,2,,
74606,307,76791,1,,
74607,22,76791,2,,
74608,317,76792,1,,
74609,31,76792,2,,
74610,281,76793,1,,
74611,15,76793,2,,
74612,307,76794,1,,
74613,22,76794,2,,
74614,317,76795,1,,
74615,31,76795,2,,
74616,281,76796,1,,
74617,15,76796,2,,
74618,307,76797,1,,
74619,22,76797,2,,
74620,317,76798,1,,
74621,31,76798,2,,
74622,281,76799,1,,
74623,15,76799,2,,
74624,307,76800,1,,
74625,22,76800,2,,
74626,317,76801,1,,
74627,31,76801,2,,
74628,281,76802,1,,
74629,15,76802,2,,
74630,307,76803,1,,
74631,22,76803,2,,
74632,317,76804,1,,
74633,31,76804,2,,
74634,281,76805,1,,
74635,15,76805,2,,
74636,307,76806,1,,
74637,22,76806,2,,
74638,317,76807,1,,
74639,31,76807,2,,
74640,281,76808,1,,
74641,15,76808,2,,
74642,307,76809,1,,
74643,22,76809,2,,
74644,317,76810,1,,
74645,31,76810,2,,
74646,281,76811,1,,
74647,15,76811,2,,
74648,307,76812,1,,
74649,22,76812,2,,
74650,317,76813,1,,
74651,31,76813,2,,
74652,281,76814,1,,
74653,15,76814,2,,
74654,307,76815,1,,
74655,22,76815,2,,
74656,317,76816,1,,
74657,31,76816,2,,
74658,281,76817,1,,
74659,15,76817,2,,
74660,307,76818,1,,
74661,22,76818,2,,
74662,317,76819,1,,
74663,31,76819,2,,
74664,280,76820,1,,
74665,16,76820,2,,
74666,302,76821,1,,
74667,22,76821,2,,
74668,328,76822,1,,
74669,32,76822,2,,
74670,280,76823,1,,
74671,16,76823,2,,
74672,302,76824,1,,
74673,22,76824,2,,
74674,328,76825,1,,
74675,32,76825,2,,
74676,280,76826,1,,
74677,16,76826,2,,
74678,302,76827,1,,
74679,22,76827,2,,
74680,328,76828,1,,
74681,32,76828,2,,
74682,280,76829,1,,
74683,16,76829,2,,
74684,302,76830,1,,
74685,22,76830,2,,
74686,328,76831,1,,
74687,32,76831,2,,
74688,280,76832,1,,
74689,16,76832,2,,
74690,302,76833,1,,
74691,22,76833,2,,
74692,328,76834,1,,
74693,32,76834,2,,
74694,280,76835,1,,
74695,16,76835,2,,
74696,302,76836,1,,
74697,22,76836,2,,
74698,328,76837,1,,
74699,32,76837,2,,
74700,280,76838,1,,
74701,16,76838,2,,
74702,302,76839,1,,
74703,22,76839,2,,
74704,328,76840,1,,
74705,32,76840,2,,
74706,280,76841,1,,
74707,16,76841,2,,
74708,302,76842,1,,
74709,22,76842,2,,
74710,328,76843,1,,
74711,32,76843,2,,
74712,280,76844,1,,
74713,16,76844,2,,
74714,302,76845,1,,
74715,22,76845,2,,
74716,328,76846,1,,
74717,32,76846,2,,
74718,280,76847,1,,
74719,16,76847,2,,
74720,302,76848,1,,
74721,22,76848,2,,
74722,328,76849,1,,
74723,32,76849,2,,
74724,280,76850,1,,
74725,16,76850,2,,
74726,302,76851,1,,
74727,22,76851,2,,
74728,328,76852,1,,
74729,32,76852,2,,
74730,280,76853,1,,
74731,16,76853,2,,
74732,302,76854,1,,
74733,22,76854,2,,
74734,328,76855,1,,
74735,32,76855,2,,
74736,280,76856,1,,
74737,16,76856,2,,
74738,302,76857,1,,
74739,22,76857,2,,
74740,328,76858,1,,
74741,32,76858,2,,
74742,280,76859,1,,
74743,16,76859,2,,
74744,302,76860,1,,
74745,22,76860,2,,
74746,328,76861,1,,
74747,32,76861,2,,
74748,280,76862,1,,
74749,16,76862,2,,
74750,302,76863,1,,
74751,22,76863,2,,
74752,328,76864,1,,
74753,32,76864,2,,
74754,280,76865,1,,
74755,16,76865,2,,
74756,302,76866,1,,
74757,22,76866,2,,
74758,328,76867,1,,
74759,32,76867,2,,
74760,280,76868,1,,
74761,16,76868,2,,
74762,302,76869,1,,
74763,22,76869,2,,
74764,328,76870,1,,
74765,32,76870,2,,
74766,280,76871,1,,
74767,16,76871,2,,
74768,302,76872,1,,
74769,22,76872,2,,
74770,328,76873,1,,
74771,32,76873,2,,
74772,280,76874,1,,
74773,16,76874,2,,
74774,302,76875,1,,
74775,22,76875,2,,
74776,328,76876,1,,
74777,32,76876,2,,
74778,280,76877,1,,
74779,16,76877,2,,
74780,302,76878,1,,
74781,22,76878,2,,
74782,328,76879,1,,
74783,32,76879,2,,
74784,280,76880,1,,
74785,16,76880,2,,
74786,302,76881,1,,
74787,22,76881,2,,
74788,328,76882,1,,
74789,32,76882,2,,
74790,280,76883,1,,
74791,16,76883,2,,
74792,302,76884,1,,
74793,22,76884,2,,
74794,328,76885,1,,
74795,32,76885,2,,
74796,280,76886,1,,
74797,16,76886,2,,
74798,302,76887,1,,
74799,22,76887,2,,
74800,328,76888,1,,
74801,32,76888,2,,
74802,280,76889,1,,
74803,16,76889,2,,
74804,302,76890,1,,
74805,22,76890,2,,
74806,328,76891,1,,
74807,32,76891,2,,
74808,281,76892,1,,
74809,14,76892,2,,
74810,296,76893,1,,
74811,23,76893,2,,
74812,326,76894,1,,
74813,33,76894,2,,
74814,281,76895,1,,
74815,14,76895,2,,
74816,296,76896,1,,
74817,23,76896,2,,
74818,326,76897,1,,
74819,33,76897,2,,
74820,281,76898,1,,
74821,14,76898,2,,
74822,296,76899,1,,
74823,23,76899,2,,
74824,326,76900,1,,
74825,33,76900,2,,
74826,281,76901,1,,
74827,14,76901,2,,
74828,296,76902,1,,
74829,23,76902,2,,
74830,326,76903,1,,
74831,33,76903,2,,
74832,281,76904,1,,
74833,14,76904,2,,
74834,296,76905,1,,
74835,23,76905,2,,
74836,326,76906,1,,
74837,33,76906,2,,
74838,281,76907,1,,
74839,14,76907,2,,
74840,296,76908,1,,
74841,23,76908,2,,
74842,326,76909,1,,
74843,33,76909,2,,
74844,281,76910,1,,
74845,14,76910,2,,
74846,296,76911,1,,
74847,23,76911,2,,
74848,326,76912,1,,
74849,33,76912,2,,
74850,281,76913,1,,
74851,14,76913,2,,
74852,296,76914,1,,
74853,23,76914,2,,
74854,326,76915,1,,
74855,33,76915,2,,
74856,281,76916,1,,
74857,14,76916,2,,
74858,296,76917,1,,
74859,23,76917,2,,
74860,326,76918,1,,
74861,33,76918,2,,
74862,281,76919,1,,
74863,14,76919,2,,
74864,296,76920,1,,
74865,23,76920,2,,
74866,326,76921,1,,
74867,33,76921,2,,
74868,281,76922,1,,
74869,14,76922,2,,
74870,296,76923,1,,
74871,23,76923,2,,
74872,326,76924,1,,
74873,33,76924,2,,
