electoral_round_id,election_id,identifier,turnout_rate,notes,sources,date_precision,date_datetime,date_notes,date_sources
1,1,ch-fedparl-nat-2023,,,,exact,2023-10-22T12:00:00,,
2,2,ch-fedparl-nat-2019,,,,exact,2019-10-20T12:00:00,,
3,3,ch-fedparl-nat-2015,,,,exact,2015-10-18T12:00:00,,
4,4,ch-fedparl-nat-2011,,,,exact,2011-10-23T12:00:00,,
5,5,ch-fedparl-nat-2007,,,,exact,2007-10-21T12:00:00,,
6,6,ch-fedparl-nat-2003,,,,exact,2003-10-19T12:00:00,,
7,7,ch-fedparl-nat-1999,,,,exact,1999-10-24T12:00:00,,
8,8,ch-fedparl-nat-1995,,,,exact,1995-10-22T12:00:00,,
9,9,ch-fedparl-nat-1991,,,,exact,1991-10-20T12:00:00,,
10,10,ch-fedparl-nat-1987,,,,exact,1987-10-18T12:00:00,,
11,11,ch-fedparl-nat-1983,,,,exact,1983-10-23T12:00:00,,
12,12,ch-fedparl-nat-1979,,,,exact,1979-10-21T12:00:00,,
13,13,ch-fedparl-nat-1975,,,,exact,1975-10-26T12:00:00,,
14,14,ch-fedparl-nat-1971,,,,exact,1971-10-31T12:00:00,,
15,15,ch-fedparl-nat-1967,,,,exact,1967-10-29T12:00:00,,
16,16,ch-fedparl-nat-1963,,,,exact,1963-10-27T12:00:00,,
17,17,ch-fedparl-nat-1959,,,,exact,1959-10-25T12:00:00,,
18,18,ch-fedparl-nat-1955,,,,exact,1955-10-30T12:00:00,,
19,19,ch-fedparl-nat-1951,,,,exact,1951-10-28T12:00:00,,
20,20,ch-fedparl-nat-1947,,,,exact,1947-10-26T12:00:00,,
21,21,ch-fedparl-nat-1943,,,,exact,1943-10-31T12:00:00,,
22,22,ch-fedparl-nat-1939,,,,exact,1939-10-29T12:00:00,,
23,23,ch-fedparl-nat-1935,,,,exact,1935-10-27T12:00:00,,
24,24,ch-fedparl-nat-1931,,,,exact,1931-10-25T12:00:00,,
25,25,ch-fedparl-nat-1928,,,,exact,1928-10-28T12:00:00,,
26,26,ch-fedparl-nat-1925,,,,exact,1925-10-25T12:00:00,,
27,27,ch-fedparl-nat-1922,,,,exact,1922-10-29T12:00:00,,
28,28,ch-fedparl-nat-1919,,,,exact,1919-10-26T12:00:00,,
29,29,ch-fedparl-states-2023,,,,exact,2023-10-22T12:00:00,,
30,30,ch-fedparl-states-2019,,,,exact,2019-10-20T12:00:00,,
31,31,ch-fedparl-states-2015,,,,exact,2015-10-18T12:00:00,,
32,32,ch-fedparl-states-2011,,,,exact,2011-10-23T12:00:00,,
33,33,ch-fedparl-states-2007,,,,exact,2007-10-21T12:00:00,,
34,34,ch-fedparl-states-2003,,,,exact,2003-10-19T12:00:00,,
35,35,ch-fedparl-states-1999,,,,exact,1999-10-24T12:00:00,,
36,36,ch-fedparl-states-1995,,,,exact,1995-10-22T12:00:00,,
37,37,ch-fedparl-states-1991,,,,exact,1991-10-20T12:00:00,,
38,38,ch-fedparl-states-1987,,,,exact,1987-10-18T12:00:00,,
39,39,ch-fedparl-states-1983,,,,exact,1983-10-23T12:00:00,,
40,40,ch-fedparl-states-1979,,,,exact,1979-10-21T12:00:00,,
41,41,ch-fedparl-states-1975,,,,exact,1975-10-26T12:00:00,,
42,42,ch-fedparl-states-1971,,,,exact,1971-10-31T12:00:00,,
43,43,zh-cantparl-1935,,,,year,1935-07-01T00:00:00,,
44,44,zh-cantparl-1939,,,,year,1939-07-01T00:00:00,,
45,45,zh-cantparl-1943,,,,year,1943-07-01T00:00:00,,
46,46,zh-cantparl-1947,,,,year,1947-07-01T00:00:00,,
47,47,zh-cantparl-1951,,,,year,1951-07-01T00:00:00,,
48,48,zh-cantparl-1955,,,,year,1955-07-01T00:00:00,,
49,49,zh-cantparl-1959,,,,year,1959-07-01T00:00:00,,
50,50,zh-cantparl-1963,,,,year,1963-07-01T00:00:00,,
51,51,zh-cantparl-1967,,,,year,1967-07-01T00:00:00,,
52,52,zh-cantparl-1971,,,,year,1971-07-01T00:00:00,,
53,53,zh-cantparl-1975,,,,year,1975-07-01T00:00:00,,
54,54,zh-cantparl-1979,,,,year,1979-07-01T00:00:00,,
55,55,zh-cantparl-1983,,,,year,1983-07-01T00:00:00,,
56,56,zh-cantparl-1987,,,,year,1987-07-01T00:00:00,,
57,57,zh-cantparl-1991,,,,year,1991-07-01T00:00:00,,
58,58,zh-cantparl-1995,,,,year,1995-07-01T00:00:00,,
59,59,zh-cantparl-1999,,,,year,1999-07-01T00:00:00,,
60,60,zh-cantparl-2003,,,,year,2003-07-01T00:00:00,,
61,61,zh-cantparl-2007,,,,year,2007-07-01T00:00:00,,
62,62,zh-cantparl-2011,,,,year,2011-07-01T00:00:00,,
63,63,zh-cantparl-2015,,,,year,2015-07-01T00:00:00,,
64,64,zh-cantparl-2019,,,,year,2019-07-01T00:00:00,,
65,65,zh-cantparl-2023,,,,year,2023-07-01T00:00:00,,
66,66,zh-cantgov-1983,,,,year,1983-07-01T00:00:00,,
67,67,zh-cantgov-1987,,,,year,1987-07-01T00:00:00,,
68,68,zh-cantgov-1991,,,,year,1991-07-01T00:00:00,,
69,69,zh-cantgov-1995,,,,year,1995-07-01T00:00:00,,
70,70,zh-cantgov-1999,,,,year,1999-07-01T00:00:00,,
71,71,zh-cantgov-2003,,,,year,2003-07-01T00:00:00,,
72,72,zh-cantgov-2007,,,,year,2007-07-01T00:00:00,,
73,73,zh-cantgov-2011,,,,year,2011-07-01T00:00:00,,
74,74,zh-cantgov-2015,,,,year,2015-07-01T00:00:00,,
75,75,zh-cantgov-2019,,,,year,2019-07-01T00:00:00,,
76,76,zh-cantgov-2023,,,,year,2023-07-01T00:00:00,,
77,105,zh-fedparl-nat-1919,,,,year,1919-07-01T12:00:00,,
78,120,zh-fedparl-states-1971,,,,exact,1971-10-31T12:00:00,,
79,91,zh-fedparl-nat-1971,,,,exact,1971-10-31T12:00:00,,
188,107,zh-fedparl-states-2023,,,,exact,2023-10-22T12:00:00,,
189,108,zh-fedparl-states-2019,,,,exact,2019-10-20T12:00:00,,
190,109,zh-fedparl-states-2015,,,,exact,2015-10-18T12:00:00,,
191,110,zh-fedparl-states-2011,,,,exact,2011-10-23T12:00:00,,
192,111,zh-fedparl-states-2007,,,,exact,2007-10-21T12:00:00,,
193,112,zh-fedparl-states-2003,,,,exact,2003-10-19T12:00:00,,
194,113,zh-fedparl-states-1999,,,,exact,1999-10-24T12:00:00,,
195,114,zh-fedparl-states-1995,,,,exact,1995-10-22T12:00:00,,
196,115,zh-fedparl-states-1991,,,,exact,1991-10-20T12:00:00,,
197,116,zh-fedparl-states-1987,,,,exact,1987-10-18T12:00:00,,
198,117,zh-fedparl-states-1983,,,,exact,1983-10-23T12:00:00,,
199,118,zh-fedparl-states-1979,,,,exact,1979-10-21T12:00:00,,
200,119,zh-fedparl-states-1975,,,,exact,1975-10-26T12:00:00,,
201,78,zh-fedparl-nat-2023,,,,exact,2023-10-22T12:00:00,,
202,79,zh-fedparl-nat-2019,,,,exact,2019-10-20T12:00:00,,
203,80,zh-fedparl-nat-2015,,,,exact,2015-10-18T12:00:00,,
204,81,zh-fedparl-nat-2011,,,,exact,2011-10-23T12:00:00,,
205,82,zh-fedparl-nat-2007,,,,exact,2007-10-21T12:00:00,,
206,83,zh-fedparl-nat-2003,,,,exact,2003-10-19T12:00:00,,
207,84,zh-fedparl-nat-1999,,,,exact,1999-10-24T12:00:00,,
208,85,zh-fedparl-nat-1995,,,,exact,1995-10-22T12:00:00,,
209,86,zh-fedparl-nat-1991,,,,exact,1991-10-20T12:00:00,,
210,87,zh-fedparl-nat-1987,,,,exact,1987-10-18T12:00:00,,
211,88,zh-fedparl-nat-1983,,,,exact,1983-10-23T12:00:00,,
212,89,zh-fedparl-nat-1979,,,,exact,1979-10-21T12:00:00,,
213,90,zh-fedparl-nat-1975,,,,exact,1975-10-26T12:00:00,,
214,92,zh-fedparl-nat-1967,,,,year,1967-07-01T00:00:00,,
215,93,zh-fedparl-nat-1963,,,,year,1963-07-01T00:00:00,,
216,94,zh-fedparl-nat-1959,,,,year,1959-07-01T00:00:00,,
217,95,zh-fedparl-nat-1955,,,,year,1955-07-01T00:00:00,,
218,96,zh-fedparl-nat-1951,,,,year,1951-07-01T00:00:00,,
219,97,zh-fedparl-nat-1947,,,,year,1947-07-01T00:00:00,,
220,98,zh-fedparl-nat-1943,,,,year,1943-07-01T00:00:00,,
221,99,zh-fedparl-nat-1939,,,,year,1939-07-01T00:00:00,,
222,100,zh-fedparl-nat-1935,,,,year,1935-07-01T00:00:00,,
223,101,zh-fedparl-nat-1931,,,,year,1931-07-01T00:00:00,,
224,102,zh-fedparl-nat-1928,,,,year,1928-07-01T00:00:00,,
225,103,zh-fedparl-nat-1925,,,,year,1925-07-01T00:00:00,,
226,104,zh-fedparl-nat-1922,,,,year,1922-07-01T00:00:00,,
227,121,be-fedparl-nat-2019,,,,exact,2019-10-20T12:00:00,,
228,122,be-fedparl-nat-2015,,,,exact,2015-10-18T12:00:00,,
229,123,be-fedparl-nat-2011,,,,exact,2011-10-23T12:00:00,,
230,124,be-fedparl-nat-2007,,,,exact,2007-10-21T12:00:00,,
231,125,be-fedparl-nat-2003,,,,exact,2003-10-19T12:00:00,,
232,126,be-fedparl-nat-1999,,,,exact,1999-10-24T12:00:00,,
233,127,be-fedparl-nat-1995,,,,exact,1995-10-22T12:00:00,,
234,128,be-fedparl-nat-1991,,,,exact,1991-10-20T12:00:00,,
235,129,be-fedparl-nat-1987,,,,exact,1987-10-18T12:00:00,,
236,130,be-fedparl-nat-1983,,,,exact,1983-10-23T12:00:00,,
237,131,be-fedparl-nat-1979,,,,exact,1979-10-21T12:00:00,,
238,132,be-fedparl-nat-1975,,,,exact,1975-10-26T12:00:00,,
239,133,be-fedparl-nat-1971,,,,exact,1971-10-31T12:00:00,,
240,134,be-fedparl-nat-1967,,,,year,1967-07-01T00:00:00,,
241,135,be-fedparl-nat-1963,,,,year,1963-07-01T00:00:00,,
242,136,be-fedparl-nat-1959,,,,year,1959-07-01T00:00:00,,
243,137,be-fedparl-nat-1955,,,,year,1955-07-01T00:00:00,,
244,138,be-fedparl-nat-1951,,,,year,1951-07-01T00:00:00,,
245,139,be-fedparl-nat-1947,,,,year,1947-07-01T00:00:00,,
246,140,be-fedparl-nat-1943,,,,year,1943-07-01T00:00:00,,
247,141,be-fedparl-nat-1939,,,,year,1939-07-01T00:00:00,,
248,142,be-fedparl-nat-1935,,,,year,1935-07-01T00:00:00,,
249,143,be-fedparl-nat-1931,,,,year,1931-07-01T00:00:00,,
250,144,be-fedparl-nat-1928,,,,year,1928-07-01T00:00:00,,
251,145,be-fedparl-nat-1925,,,,year,1925-07-01T00:00:00,,
252,146,be-fedparl-nat-1922,,,,year,1922-07-01T00:00:00,,
253,147,be-fedparl-nat-1919,,,,year,1919-07-01T12:00:00,,
254,148,be-fedparl-states-2023,,,,exact,2023-10-22T12:00:00,,
255,149,be-fedparl-states-2019,,,,exact,2019-10-20T12:00:00,,
256,150,be-fedparl-states-2015,,,,exact,2015-10-18T12:00:00,,
257,151,be-fedparl-states-2011,,,,exact,2011-10-23T12:00:00,,
258,152,be-fedparl-states-2007,,,,exact,2007-10-21T12:00:00,,
259,153,be-fedparl-states-2003,,,,exact,2003-10-19T12:00:00,,
260,154,be-fedparl-states-1999,,,,exact,1999-10-24T12:00:00,,
261,155,be-fedparl-states-1995,,,,exact,1995-10-22T12:00:00,,
262,156,be-fedparl-states-1991,,,,exact,1991-10-20T12:00:00,,
263,157,be-fedparl-states-1987,,,,exact,1987-10-18T12:00:00,,
264,162,be-cantparl-1922,,,,year,1922-07-01T00:00:00,,
265,163,be-cantparl-1926,,,,year,1926-07-01T00:00:00,,
266,164,be-cantparl-1930,,,,year,1930-07-01T00:00:00,,
267,165,be-cantparl-1934,,,,year,1934-07-01T00:00:00,,
268,166,be-cantparl-1938,,,,year,1938-07-01T00:00:00,,
269,167,be-cantparl-1942,,,,year,1942-07-01T00:00:00,,
270,168,be-cantparl-1946,,,,year,1946-07-01T00:00:00,,
271,169,be-cantparl-1950,,,,year,1950-07-01T00:00:00,,
272,170,be-cantparl-1954,,,,year,1954-07-01T00:00:00,,
273,171,be-cantparl-1958,,,,year,1958-07-01T00:00:00,,
274,172,be-cantparl-1962,,,,year,1962-07-01T00:00:00,,
275,173,be-cantparl-1966,,,,year,1966-07-01T00:00:00,,
276,174,be-cantparl-1970,,,,year,1970-07-01T00:00:00,,
277,175,be-cantparl-1974,,,,year,1974-07-01T00:00:00,,
278,176,be-cantparl-1978,,,,year,1978-07-01T00:00:00,,
279,177,be-cantparl-1982,,,,year,1982-07-01T00:00:00,,
280,178,be-cantparl-1986,,,,year,1986-07-01T00:00:00,,
281,179,be-cantparl-1990,,,,year,1990-07-01T00:00:00,,
282,180,be-cantparl-1994,,,,year,1994-07-01T12:00:00,,
283,181,be-cantparl-1998,,,,year,1998-07-01T00:00:00,,
284,182,be-cantparl-2002,,,,year,2002-07-01T00:00:00,,
285,183,be-cantparl-2006,,,,year,2006-07-01T00:00:00,,
286,184,be-cantparl-2010,,,,year,2010-07-01T00:00:00,,
287,185,be-cantparl-2014,,,,year,2014-07-01T00:00:00,,
288,186,be-cantparl-2018,,,,year,2018-07-01T12:00:00,,
289,187,be-cantparl-2022,,,,year,2022-07-01T00:00:00,,
290,188,be-cantgov-1982,,,,year,1982-07-01T00:00:00,,
291,189,be-cantgov-1986,,,,year,1986-07-01T00:00:00,,
292,190,be-cantgov-1990,,,,year,1990-07-01T00:00:00,,
293,191,be-cantgov-1994,,,,year,1994-07-01T12:00:00,,
294,192,be-cantgov-1998,,,,year,1998-07-01T00:00:00,,
295,193,be-cantgov-2002,,,,year,2002-07-01T00:00:00,,
296,194,be-cantgov-2006,,,,year,2006-07-01T00:00:00,,
297,195,be-cantgov-2010,,,,year,2010-07-01T00:00:00,,
298,196,be-cantgov-2014,,,,year,2014-07-01T00:00:00,,
299,197,be-cantgov-2018,,,,year,2018-07-01T12:00:00,,
300,198,be-cantgov-2022,,,,year,2022-07-01T00:00:00,,
301,199,be-fedparl-nat-2023,,,,exact,2023-10-22T12:00:00,,
302,201,lu-fedparl-nat-2023,,,,exact,2023-10-22T12:00:00,,
303,202,lu-fedparl-nat-2019,,,,exact,2019-10-20T12:00:00,,
304,203,lu-fedparl-nat-2015,,,,exact,2015-10-18T12:00:00,,
305,204,lu-fedparl-nat-2011,,,,exact,2011-10-23T12:00:00,,
306,205,lu-fedparl-nat-2007,,,,exact,2007-10-21T12:00:00,,
307,206,lu-fedparl-nat-2003,,,,exact,2003-10-19T12:00:00,,
308,207,lu-fedparl-nat-1999,,,,exact,1999-10-24T12:00:00,,
309,208,lu-fedparl-nat-1995,,,,exact,1995-10-22T12:00:00,,
310,209,lu-fedparl-nat-1991,,,,exact,1991-10-20T12:00:00,,
311,210,lu-fedparl-nat-1987,,,,exact,1987-10-18T12:00:00,,
312,211,lu-fedparl-nat-1983,,,,exact,1983-10-23T12:00:00,,
313,212,lu-fedparl-nat-1979,,,,exact,1979-10-21T12:00:00,,
314,213,lu-fedparl-nat-1975,,,,exact,1975-10-26T12:00:00,,
315,214,lu-fedparl-nat-1971,,,,exact,1971-10-31T12:00:00,,
316,215,lu-fedparl-nat-1967,,,,year,1967-07-01T00:00:00,,
317,216,lu-fedparl-nat-1963,,,,year,1963-07-01T00:00:00,,
318,217,lu-fedparl-nat-1959,,,,year,1959-07-01T00:00:00,,
319,218,lu-fedparl-nat-1955,,,,year,1955-07-01T00:00:00,,
320,219,lu-fedparl-nat-1951,,,,year,1951-07-01T00:00:00,,
321,220,lu-fedparl-nat-1947,,,,year,1947-07-01T00:00:00,,
322,221,lu-fedparl-nat-1943,,,,year,1943-07-01T00:00:00,,
323,222,lu-fedparl-nat-1939,,,,year,1939-07-01T00:00:00,,
324,223,lu-fedparl-nat-1935,,,,year,1935-07-01T00:00:00,,
325,224,lu-fedparl-nat-1931,,,,year,1931-07-01T00:00:00,,
326,225,lu-fedparl-nat-1928,,,,year,1928-07-01T00:00:00,,
327,226,lu-fedparl-nat-1925,,,,year,1925-07-01T00:00:00,,
328,227,lu-fedparl-nat-1922,,,,year,1922-07-01T00:00:00,,
329,228,lu-fedparl-nat-1919,,,,year,1919-07-01T12:00:00,,
330,229,lu-fedparl-states-2023,,,,exact,2023-10-22T12:00:00,,
331,230,lu-fedparl-states-2019,,,,exact,2019-10-20T12:00:00,,
332,231,lu-fedparl-states-2015,,,,exact,2015-10-18T12:00:00,,
333,232,lu-fedparl-states-2011,,,,exact,2011-10-23T12:00:00,,
334,233,lu-fedparl-states-2007,,,,exact,2007-10-21T12:00:00,,
335,234,lu-fedparl-states-2003,,,,exact,2003-10-19T12:00:00,,
336,235,lu-fedparl-states-1999,,,,exact,1999-10-24T12:00:00,,
337,236,lu-fedparl-states-1995,,,,exact,1995-10-22T12:00:00,,
338,237,lu-fedparl-states-1991,,,,exact,1991-10-20T12:00:00,,
339,238,lu-fedparl-states-1987,,,,exact,1987-10-18T12:00:00,,
340,239,lu-fedparl-states-1983,,,,exact,1983-10-23T12:00:00,,
341,240,lu-fedparl-states-1979,,,,exact,1979-10-21T12:00:00,,
342,241,lu-fedparl-states-1975,,,,exact,1975-10-26T12:00:00,,
343,242,lu-fedparl-states-1971,,,,exact,1971-10-31T12:00:00,,
344,243,lu-cantparl-1911,,,,year,1911-07-01T00:00:00,,
345,244,lu-cantparl-1915,,,,year,1915-07-01T00:00:00,,
346,245,lu-cantparl-1919,,,,year,1919-07-01T00:00:00,,
347,246,lu-cantparl-1923,,,,year,1923-07-01T00:00:00,,
348,247,lu-cantparl-1927,,,,year,1927-07-01T00:00:00,,
349,248,lu-cantparl-1931,,,,year,1931-07-01T00:00:00,,
350,249,lu-cantparl-1935,,,,year,1935-07-01T00:00:00,,
351,250,lu-cantparl-1939,,,,year,1939-07-01T00:00:00,,
352,251,lu-cantparl-1943,,,,year,1943-07-01T00:00:00,,
353,252,lu-cantparl-1947,,,,year,1947-07-01T00:00:00,,
354,253,lu-cantparl-1951,,,,year,1951-07-01T00:00:00,,
355,254,lu-cantparl-1955,,,,year,1955-07-01T00:00:00,,
356,255,lu-cantparl-1959,,,,year,1959-07-01T00:00:00,,
357,256,lu-cantparl-1963,,,,year,1963-07-01T00:00:00,,
358,257,lu-cantparl-1967,,,,year,1967-07-01T00:00:00,,
359,258,lu-cantparl-1971,,,,year,1971-07-01T00:00:00,,
360,259,lu-cantparl-1975,,,,year,1975-07-01T00:00:00,,
361,260,lu-cantparl-1979,,,,year,1979-07-01T00:00:00,,
362,261,lu-cantparl-1983,,,,year,1983-07-01T00:00:00,,
363,262,lu-cantparl-1987,,,,year,1987-07-01T00:00:00,,
364,263,lu-cantparl-1991,,,,year,1991-07-01T00:00:00,,
365,264,lu-cantparl-1995,,,,year,1995-07-01T00:00:00,,
366,265,lu-cantparl-1999,,,,year,1999-07-01T00:00:00,,
367,266,lu-cantparl-2003,,,,year,2003-07-01T00:00:00,,
368,267,lu-cantparl-2007,,,,year,2007-07-01T00:00:00,,
369,268,lu-cantparl-2011,,,,year,2011-07-01T00:00:00,,
370,269,lu-cantparl-2015,,,,year,2015-07-01T00:00:00,,
371,270,lu-cantparl-2019,,,,year,2019-07-01T00:00:00,,
372,271,lu-cantparl-2023,,,,year,2023-07-01T00:00:00,,
373,272,lu-cantgov-1983,,,,year,1983-07-01T00:00:00,,
374,273,lu-cantgov-1987,,,,year,1987-07-01T00:00:00,,
375,274,lu-cantgov-1991,,,,year,1991-07-01T00:00:00,,
376,275,lu-cantgov-1995,,,,year,1995-07-01T00:00:00,,
377,276,lu-cantgov-1999,,,,year,1999-07-01T00:00:00,,
378,277,lu-cantgov-2003,,,,year,2003-07-01T00:00:00,,
379,278,lu-cantgov-2007,,,,year,2007-07-01T00:00:00,,
380,279,lu-cantgov-2011,,,,year,2011-07-01T00:00:00,,
381,280,lu-cantgov-2015,,,,year,2015-07-01T00:00:00,,
382,281,lu-cantgov-2019,,,,year,2019-07-01T00:00:00,,
383,282,lu-cantgov-2023,,,,year,2023-07-01T00:00:00,,
384,283,ur-fedparl-nat-2023,,,,exact,2023-10-22T12:00:00,,
385,284,ur-fedparl-nat-2019,,,,exact,2019-10-20T12:00:00,,
386,285,ur-fedparl-nat-2015,,,,exact,2015-10-18T12:00:00,,
387,286,ur-fedparl-nat-2011,,,,exact,2011-10-23T12:00:00,,
388,287,ur-fedparl-nat-2007,,,,exact,2007-10-21T12:00:00,,
389,288,ur-fedparl-nat-2003,,,,exact,2003-10-19T12:00:00,,
390,289,ur-fedparl-nat-1999,,,,exact,1999-10-24T12:00:00,,
391,290,ur-fedparl-nat-1995,,,,exact,1995-10-22T12:00:00,,
392,291,ur-fedparl-nat-1991,,,,exact,1991-10-20T12:00:00,,
393,292,ur-fedparl-nat-1987,,,,exact,1987-10-18T12:00:00,,
394,293,ur-fedparl-nat-1983,,,,exact,1983-10-23T12:00:00,,
395,294,ur-fedparl-nat-1979,,,,exact,1979-10-21T12:00:00,,
396,295,ur-fedparl-nat-1975,,,,exact,1975-10-26T12:00:00,,
397,296,ur-fedparl-nat-1971,,,,exact,1971-10-31T12:00:00,,
398,297,ur-fedparl-nat-1967,,,,year,1967-07-01T00:00:00,,
399,298,ur-fedparl-nat-1963,,,,year,1963-07-01T00:00:00,,
400,299,ur-fedparl-nat-1959,,,,year,1959-07-01T00:00:00,,
401,300,ur-fedparl-nat-1955,,,,year,1955-07-01T00:00:00,,
402,301,ur-fedparl-nat-1951,,,,year,1951-07-01T00:00:00,,
403,302,ur-fedparl-nat-1947,,,,year,1947-07-01T00:00:00,,
404,303,ur-fedparl-nat-1943,,,,year,1943-07-01T00:00:00,,
405,304,ur-fedparl-nat-1939,,,,year,1939-07-01T00:00:00,,
406,305,ur-fedparl-nat-1935,,,,year,1935-07-01T00:00:00,,
407,306,ur-fedparl-nat-1931,,,,year,1931-07-01T00:00:00,,
408,307,ur-fedparl-nat-1928,,,,year,1928-07-01T00:00:00,,
409,308,ur-fedparl-nat-1925,,,,year,1925-07-01T00:00:00,,
410,309,ur-fedparl-nat-1922,,,,year,1922-07-01T00:00:00,,
411,310,ur-fedparl-nat-1919,,,,year,1919-07-01T12:00:00,,
412,311,ur-fedparl-states-2023,,,,exact,2023-10-22T12:00:00,,
413,312,ur-fedparl-states-2019,,,,exact,2019-10-20T12:00:00,,
414,313,ur-fedparl-states-2015,,,,exact,2015-10-18T12:00:00,,
415,314,ur-fedparl-states-2011,,,,exact,2011-10-23T12:00:00,,
416,315,ur-fedparl-states-2007,,,,exact,2007-10-21T12:00:00,,
417,316,ur-fedparl-states-2003,,,,exact,2003-10-19T12:00:00,,
418,317,ur-fedparl-states-1999,,,,exact,1999-10-24T12:00:00,,
419,318,ur-fedparl-states-1995,,,,exact,1995-10-22T12:00:00,,
420,319,ur-fedparl-states-1991,,,,exact,1991-10-20T12:00:00,,
421,320,ur-fedparl-states-1987,,,,exact,1987-10-18T12:00:00,,
422,321,ur-fedparl-states-1983,,,,exact,1983-10-23T12:00:00,,
423,322,ur-fedparl-states-1979,,,,exact,1979-10-21T12:00:00,,
424,323,ur-fedparl-states-1975,,,,exact,1975-10-26T12:00:00,,
425,324,ur-fedparl-states-1971,,,,exact,1971-10-31T12:00:00,,
426,325,ur-cantparl-1932,,,,year,1932-07-01T00:00:00,,
427,326,ur-cantparl-1936,,,,year,1936-07-01T00:00:00,,
428,327,ur-cantparl-1940,,,,year,1940-07-01T00:00:00,,
429,328,ur-cantparl-1944,,,,year,1944-07-01T00:00:00,,
430,329,ur-cantparl-1948,,,,year,1948-07-01T00:00:00,,
431,330,ur-cantparl-1952,,,,year,1952-07-01T00:00:00,,
432,331,ur-cantparl-1956,,,,year,1956-07-01T00:00:00,,
433,332,ur-cantparl-1960,,,,year,1960-07-01T00:00:00,,
434,333,ur-cantparl-1964,,,,year,1964-07-01T00:00:00,,
435,334,ur-cantparl-1968,,,,year,1968-07-01T00:00:00,,
436,335,ur-cantparl-1972,,,,year,1972-07-01T00:00:00,,
437,336,ur-cantparl-1976,,,,year,1976-07-01T00:00:00,,
438,337,ur-cantparl-1980,,,,year,1980-07-01T00:00:00,,
439,338,ur-cantparl-1984,,,,year,1984-07-01T00:00:00,,
440,339,ur-cantparl-1988,,,,year,1988-07-01T00:00:00,,
441,340,ur-cantparl-1992,,,,year,1992-07-01T00:00:00,,
442,341,ur-cantparl-1996,,,,year,1996-07-01T00:00:00,,
443,342,ur-cantparl-2000,,,,year,2000-07-01T00:00:00,,
444,343,ur-cantparl-2004,,,,year,2004-07-01T00:00:00,,
445,344,ur-cantparl-2008,,,,year,2008-07-01T00:00:00,,
446,345,ur-cantparl-2012,,,,year,2012-07-01T00:00:00,,
447,346,ur-cantparl-2016,,,,year,2016-07-01T00:00:00,,
448,347,ur-cantparl-2020,,,,year,2020-07-01T00:00:00,,
449,348,ur-cantparl-2024,,,,year,2024-07-01T00:00:00,,
450,349,ur-cantgov-1980,,,,year,1980-07-01T00:00:00,,
451,350,ur-cantgov-1984,,,,year,1984-07-01T00:00:00,,
452,351,ur-cantgov-1988,,,,year,1988-07-01T00:00:00,,
453,352,ur-cantgov-1992,,,,year,1992-07-01T00:00:00,,
454,353,ur-cantgov-1996,,,,year,1996-07-01T00:00:00,,
455,354,ur-cantgov-2000,,,,year,2000-07-01T00:00:00,,
456,355,ur-cantgov-2004,,,,year,2004-07-01T00:00:00,,
457,356,ur-cantgov-2008,,,,year,2008-07-01T00:00:00,,
458,357,ur-cantgov-2012,,,,year,2012-07-01T00:00:00,,
459,358,ur-cantgov-2016,,,,year,2016-07-01T00:00:00,,
460,359,ur-cantgov-2020,,,,year,2020-07-01T00:00:00,,
461,360,ur-cantgov-2024,,,,year,2024-07-01T00:00:00,,
462,361,bs-fedparl-nat-1919,,,,year,1919-07-01T12:00:00,,
463,362,bs-fedparl-nat-1922,,,,year,1922-07-01T00:00:00,,
464,363,bs-fedparl-nat-1925,,,,year,1925-07-01T00:00:00,,
465,364,bs-fedparl-nat-1928,,,,year,1928-07-01T00:00:00,,
466,365,bs-fedparl-nat-1931,,,,year,1931-07-01T00:00:00,,
467,366,bs-fedparl-nat-1935,,,,year,1935-07-01T00:00:00,,
468,367,bs-fedparl-nat-1939,,,,year,1939-07-01T00:00:00,,
469,368,bs-fedparl-nat-1943,,,,year,1943-07-01T00:00:00,,
470,369,bs-fedparl-nat-1947,,,,year,1947-07-01T00:00:00,,
471,370,bs-fedparl-nat-1951,,,,year,1951-07-01T00:00:00,,
472,371,bs-fedparl-nat-1955,,,,year,1955-07-01T00:00:00,,
473,372,bs-fedparl-nat-1959,,,,year,1959-07-01T00:00:00,,
474,373,bs-fedparl-nat-1963,,,,year,1963-07-01T00:00:00,,
475,374,bs-fedparl-nat-1967,,,,year,1967-07-01T00:00:00,,
476,375,bs-fedparl-nat-1971,,,,exact,1971-10-31T12:00:00,,
477,376,bs-fedparl-nat-1975,,,,exact,1975-10-26T12:00:00,,
478,377,bs-fedparl-nat-1979,,,,exact,1979-10-21T12:00:00,,
479,378,bs-fedparl-nat-1983,,,,exact,1983-10-23T12:00:00,,
480,379,bs-fedparl-nat-1987,,,,exact,1987-10-18T12:00:00,,
481,380,bs-fedparl-nat-1991,,,,exact,1991-10-20T12:00:00,,
482,381,bs-fedparl-nat-1995,,,,exact,1995-10-22T12:00:00,,
483,382,bs-fedparl-nat-1999,,,,exact,1999-10-24T12:00:00,,
484,383,bs-fedparl-nat-2003,,,,exact,2003-10-19T12:00:00,,
485,384,bs-fedparl-nat-2007,,,,exact,2007-10-21T12:00:00,,
486,385,bs-fedparl-nat-2011,,,,exact,2011-10-23T12:00:00,,
487,386,bs-fedparl-nat-2015,,,,exact,2015-10-18T12:00:00,,
488,387,bs-fedparl-nat-2019,,,,exact,2019-10-20T12:00:00,,
489,388,bs-fedparl-nat-2023,,,,exact,2023-10-22T12:00:00,,
490,389,bs-fedparl-states-1971,,,,exact,1971-10-31T12:00:00,,
491,390,bs-fedparl-states-1975,,,,exact,1975-10-26T12:00:00,,
492,391,bs-fedparl-states-1979,,,,exact,1979-10-21T12:00:00,,
493,392,bs-fedparl-states-1983,,,,exact,1983-10-23T12:00:00,,
494,393,bs-fedparl-states-1987,,,,exact,1987-10-18T12:00:00,,
495,394,bs-fedparl-states-1991,,,,exact,1991-10-20T12:00:00,,
496,395,bs-fedparl-states-1995,,,,exact,1995-10-22T12:00:00,,
497,396,bs-fedparl-states-1999,,,,exact,1999-10-24T12:00:00,,
498,397,bs-fedparl-states-2003,,,,exact,2003-10-19T12:00:00,,
499,398,bs-fedparl-states-2007,,,,exact,2007-10-21T12:00:00,,
500,399,bs-fedparl-states-2011,,,,exact,2011-10-23T12:00:00,,
501,400,bs-fedparl-states-2015,,,,exact,2015-10-18T12:00:00,,
502,401,bs-fedparl-states-2019,,,,exact,2019-10-20T12:00:00,,
503,402,bs-fedparl-states-2023,,,,exact,2023-10-22T12:00:00,,
504,403,bs-cantparl-1926,,,,year,1926-07-01T00:00:00,,
505,404,bs-cantparl-1929,,,,year,1929-07-01T00:00:00,,
506,405,bs-cantparl-1932,,,,year,1932-07-01T00:00:00,,
507,406,bs-cantparl-1935,,,,year,1935-07-01T00:00:00,,
508,407,bs-cantparl-1938,,,,year,1938-07-01T00:00:00,,
509,408,bs-cantparl-1941,,,,year,1941-07-01T00:00:00,,
510,409,bs-cantparl-1944,,,,year,1944-07-01T00:00:00,,
511,410,bs-cantparl-1947,,,,year,1947-07-01T00:00:00,,
512,411,bs-cantparl-1950,,,,year,1950-07-01T00:00:00,,
513,412,bs-cantparl-1953,,,,year,1953-07-01T00:00:00,,
514,413,bs-cantparl-1956,,,,year,1956-07-01T00:00:00,,
515,414,bs-cantparl-1960,,,,year,1960-07-01T00:00:00,,
516,415,bs-cantparl-1964,,,,year,1964-07-01T00:00:00,,
517,416,bs-cantparl-1968,,,,year,1968-07-01T00:00:00,,
518,417,bs-cantparl-1972,,,,year,1972-07-01T00:00:00,,
519,418,bs-cantparl-1976,,,,year,1976-07-01T00:00:00,,
520,419,bs-cantparl-1980,,,,year,1980-07-01T00:00:00,,
521,420,bs-cantparl-1984,,,,year,1984-07-01T00:00:00,,
522,421,bs-cantparl-1988,,,,year,1988-07-01T00:00:00,,
523,422,bs-cantparl-1992,,,,year,1992-07-01T00:00:00,,
524,423,bs-cantparl-1996,,,,year,1996-07-01T00:00:00,,
525,424,bs-cantparl-2000,,,,year,2000-07-01T00:00:00,,
526,425,bs-cantparl-2004,,,,year,2004-07-01T00:00:00,,
527,426,bs-cantparl-2008,,,,year,2008-07-01T00:00:00,,
528,427,bs-cantparl-2012,,,,year,2012-07-01T00:00:00,,
529,428,bs-cantparl-2016,,,,year,2016-07-01T00:00:00,,
530,429,bs-cantparl-2020,,,,year,2020-07-01T00:00:00,,
531,430,bs-cantparl-2024,,,,year,2024-07-01T00:00:00,,
532,431,bs-cantgov-1980,,,,year,1980-07-01T00:00:00,,
533,432,bs-cantgov-1984,,,,year,1984-07-01T00:00:00,,
534,433,bs-cantgov-1988,,,,year,1988-07-01T00:00:00,,
535,434,bs-cantgov-1992,,,,year,1992-07-01T00:00:00,,
536,435,bs-cantgov-1996,,,,year,1996-07-01T00:00:00,,
537,436,bs-cantgov-2000,,,,year,2000-07-01T00:00:00,,
538,437,bs-cantgov-2004,,,,year,2004-07-01T00:00:00,,
539,438,bs-cantgov-2008,,,,year,2008-07-01T00:00:00,,
540,439,bs-cantgov-2012,,,,year,2012-07-01T00:00:00,,
541,440,bs-cantgov-2016,,,,year,2016-07-01T00:00:00,,
542,441,bs-cantgov-2020,,,,year,2020-07-01T00:00:00,,
543,442,bs-cantgov-2024,,,,year,2024-07-01T00:00:00,,
544,443,bl-fedparl-nat-1919,,,,year,1919-07-01T12:00:00,,
545,444,bl-fedparl-nat-1922,,,,year,1922-07-01T00:00:00,,
546,445,bl-fedparl-nat-1925,,,,year,1925-07-01T00:00:00,,
547,446,bl-fedparl-nat-1928,,,,year,1928-07-01T00:00:00,,
548,447,bl-fedparl-nat-1931,,,,year,1931-07-01T00:00:00,,
549,448,bl-fedparl-nat-1935,,,,year,1935-07-01T00:00:00,,
550,449,bl-fedparl-nat-1939,,,,year,1939-07-01T00:00:00,,
551,450,bl-fedparl-nat-1943,,,,year,1943-07-01T00:00:00,,
552,451,bl-fedparl-nat-1947,,,,year,1947-07-01T00:00:00,,
553,452,bl-fedparl-nat-1951,,,,year,1951-07-01T00:00:00,,
554,453,bl-fedparl-nat-1955,,,,year,1955-07-01T00:00:00,,
555,454,bl-fedparl-nat-1959,,,,year,1959-07-01T00:00:00,,
556,455,bl-fedparl-nat-1963,,,,year,1963-07-01T00:00:00,,
557,456,bl-fedparl-nat-1967,,,,year,1967-07-01T00:00:00,,
558,457,bl-fedparl-nat-1971,,,,exact,1971-10-31T12:00:00,,
559,458,bl-fedparl-nat-1975,,,,exact,1975-10-26T12:00:00,,
560,459,bl-fedparl-nat-1979,,,,exact,1979-10-21T12:00:00,,
561,460,bl-fedparl-nat-1983,,,,exact,1983-10-23T12:00:00,,
562,461,bl-fedparl-nat-1987,,,,exact,1987-10-18T12:00:00,,
563,462,bl-fedparl-nat-1991,,,,exact,1991-10-20T12:00:00,,
564,463,bl-fedparl-nat-1995,,,,exact,1995-10-22T12:00:00,,
565,464,bl-fedparl-nat-1999,,,,exact,1999-10-24T12:00:00,,
566,465,bl-fedparl-nat-2003,,,,exact,2003-10-19T12:00:00,,
567,466,bl-fedparl-nat-2007,,,,exact,2007-10-21T12:00:00,,
568,467,bl-fedparl-nat-2011,,,,exact,2011-10-23T12:00:00,,
569,468,bl-fedparl-nat-2015,,,,exact,2015-10-18T12:00:00,,
570,469,bl-fedparl-nat-2019,,,,exact,2019-10-20T12:00:00,,
571,470,bl-fedparl-nat-2023,,,,exact,2023-10-22T12:00:00,,
572,471,bl-fedparl-states-1971,,,,exact,1971-10-31T12:00:00,,
573,472,bl-fedparl-states-1975,,,,exact,1975-10-26T12:00:00,,
574,473,bl-fedparl-states-1979,,,,exact,1979-10-21T12:00:00,,
575,474,bl-fedparl-states-1983,,,,exact,1983-10-23T12:00:00,,
576,475,bl-fedparl-states-1987,,,,exact,1987-10-18T12:00:00,,
577,476,bl-fedparl-states-1991,,,,exact,1991-10-20T12:00:00,,
578,477,bl-fedparl-states-1995,,,,exact,1995-10-22T12:00:00,,
579,478,bl-fedparl-states-1999,,,,exact,1999-10-24T12:00:00,,
580,479,bl-fedparl-states-2003,,,,exact,2003-10-19T12:00:00,,
581,480,bl-fedparl-states-2007,,,,exact,2007-10-21T12:00:00,,
582,481,bl-fedparl-states-2011,,,,exact,2011-10-23T12:00:00,,
583,482,bl-fedparl-states-2015,,,,exact,2015-10-18T12:00:00,,
584,483,bl-fedparl-states-2019,,,,exact,2019-10-20T12:00:00,,
585,484,bl-fedparl-states-2023,,,,exact,2023-10-22T12:00:00,,
586,486,bl-cantparl-1953,,,,year,1953-07-01T00:00:00,,
587,487,bl-cantparl-1956,,,,year,1956-07-01T00:00:00,,
588,488,bl-cantparl-1959,,,,year,1959-07-01T00:00:00,,
589,489,bl-cantparl-1963,,,,year,1963-07-01T00:00:00,,
590,490,bl-cantparl-1967,,,,year,1967-07-01T00:00:00,,
591,491,bl-cantparl-1971,,,,year,1971-07-01T00:00:00,,
592,492,bl-cantparl-1975,,,,year,1975-07-01T00:00:00,,
593,493,bl-cantparl-1979,,,,year,1979-07-01T00:00:00,,
594,494,bl-cantparl-1983,,,,year,1983-07-01T00:00:00,,
595,495,bl-cantparl-1987,,,,year,1987-07-01T00:00:00,,
596,496,bl-cantparl-1991,,,,year,1991-07-01T00:00:00,,
597,497,bl-cantparl-1995,,,,year,1995-07-01T00:00:00,,
598,498,bl-cantparl-1999,,,,year,1999-07-01T00:00:00,,
599,499,bl-cantparl-2003,,,,year,2003-07-01T00:00:00,,
600,500,bl-cantparl-2007,,,,year,2007-07-01T00:00:00,,
601,501,bl-cantparl-2011,,,,year,2011-07-01T00:00:00,,
602,502,bl-cantparl-2015,,,,year,2015-07-01T00:00:00,,
603,503,bl-cantparl-2019,,,,year,2019-07-01T00:00:00,,
604,504,bl-cantparl-2023,,,,year,2023-07-01T00:00:00,,
605,505,bl-cantgov-1983,,,,year,1983-07-01T00:00:00,,
606,506,bl-cantgov-1987,,,,year,1987-07-01T00:00:00,,
607,507,bl-cantgov-1991,,,,year,1991-07-01T00:00:00,,
608,508,bl-cantgov-1995,,,,year,1995-07-01T00:00:00,,
609,509,bl-cantgov-1999,,,,year,1999-07-01T00:00:00,,
610,510,bl-cantgov-2003,,,,year,2003-07-01T00:00:00,,
611,511,bl-cantgov-2007,,,,year,2007-07-01T00:00:00,,
612,512,bl-cantgov-2011,,,,year,2011-07-01T00:00:00,,
613,513,bl-cantgov-2015,,,,year,2015-07-01T00:00:00,,
614,514,bl-cantgov-2019,,,,year,2019-07-01T00:00:00,,
615,515,bl-cantgov-2023,,,,year,2023-07-01T00:00:00,,
616,516,ju-fedparl-nat-1979,,,,exact,1979-10-21T12:00:00,,
617,517,ju-fedparl-nat-1983,,,,exact,1983-10-23T12:00:00,,
618,518,ju-fedparl-nat-1987,,,,exact,1987-10-18T12:00:00,,
619,519,ju-fedparl-nat-1991,,,,exact,1991-10-20T12:00:00,,
620,520,ju-fedparl-nat-1995,,,,exact,1995-10-22T12:00:00,,
621,521,ju-fedparl-nat-1999,,,,exact,1999-10-24T12:00:00,,
622,522,ju-fedparl-nat-2003,,,,exact,2003-10-19T12:00:00,,
623,523,ju-fedparl-nat-2007,,,,exact,2007-10-21T12:00:00,,
624,524,ju-fedparl-nat-2011,,,,exact,2011-10-23T12:00:00,,
625,525,ju-fedparl-nat-2015,,,,exact,2015-10-18T12:00:00,,
626,526,ju-fedparl-nat-2019,,,,exact,2019-10-20T12:00:00,,
627,527,ju-fedparl-nat-2023,,,,exact,2023-10-22T12:00:00,,
628,528,ju-fedparl-states-1979,,,,exact,1979-10-21T12:00:00,,
629,529,ju-fedparl-states-1983,,,,exact,1983-10-23T12:00:00,,
630,530,ju-fedparl-states-1987,,,,exact,1987-10-18T12:00:00,,
631,531,ju-fedparl-states-1991,,,,exact,1991-10-20T12:00:00,,
632,532,ju-fedparl-states-1995,,,,exact,1995-10-22T12:00:00,,
633,533,ju-fedparl-states-1999,,,,exact,1999-10-24T12:00:00,,
634,534,ju-fedparl-states-2003,,,,exact,2003-10-19T12:00:00,,
635,535,ju-fedparl-states-2007,,,,exact,2007-10-21T12:00:00,,
636,536,ju-fedparl-states-2011,,,,exact,2011-10-23T12:00:00,,
637,537,ju-fedparl-states-2015,,,,exact,2015-10-18T12:00:00,,
638,538,ju-fedparl-states-2019,,,,exact,2019-10-20T12:00:00,,
639,539,ju-fedparl-states-2023,,,,exact,2023-10-22T12:00:00,,
640,540,ju-cantparl-1978,,,,year,1978-07-01T00:00:00,,
641,541,ju-cantparl-1982,,,,year,1982-07-01T00:00:00,,
642,542,ju-cantparl-1986,,,,year,1986-07-01T00:00:00,,
643,543,ju-cantparl-1990,,,,year,1990-07-01T00:00:00,,
644,544,ju-cantparl-1994,,,,year,1994-07-01T12:00:00,,
645,545,ju-cantparl-1998,,,,year,1998-07-01T00:00:00,,
646,546,ju-cantparl-2002,,,,year,2002-07-01T00:00:00,,
647,547,ju-cantparl-2006,,,,year,2006-07-01T00:00:00,,
648,548,ju-cantparl-2010,,,,year,2010-07-01T00:00:00,,
649,549,ju-cantparl-2014,,,,year,2014-07-01T00:00:00,,
650,550,ju-cantparl-2018,,,,year,2018-07-01T12:00:00,,
651,551,ju-cantgov-1982,,,,year,1982-07-01T00:00:00,,
652,552,ju-cantgov-1986,,,,year,1986-07-01T00:00:00,,
653,553,ju-cantgov-1990,,,,year,1990-07-01T00:00:00,,
654,554,ju-cantgov-1994,,,,year,1994-07-01T12:00:00,,
655,555,ju-cantgov-1998,,,,year,1998-07-01T00:00:00,,
656,556,ju-cantgov-2002,,,,year,2002-07-01T00:00:00,,
657,557,ju-cantgov-2006,,,,year,2006-07-01T00:00:00,,
658,558,ju-cantgov-2010,,,,year,2010-07-01T00:00:00,,
659,559,ju-cantgov-2015,,,,year,2015-07-01T00:00:00,,
660,560,ju-cantgov-2020,,,,year,2020-07-01T00:00:00,,
661,561,ti-fedparl-nat-1919,,,,year,1919-07-01T12:00:00,,
662,562,ti-fedparl-nat-1922,,,,year,1922-07-01T00:00:00,,
663,563,ti-fedparl-nat-1925,,,,year,1925-07-01T00:00:00,,
664,564,ti-fedparl-nat-1928,,,,year,1928-07-01T00:00:00,,
665,565,ti-fedparl-nat-1931,,,,year,1931-07-01T00:00:00,,
666,566,ti-fedparl-nat-1935,,,,year,1935-07-01T00:00:00,,
667,567,ti-fedparl-nat-1939,,,,year,1939-07-01T00:00:00,,
668,568,ti-fedparl-nat-1943,,,,year,1943-07-01T00:00:00,,
669,569,ti-fedparl-nat-1947,,,,year,1947-07-01T00:00:00,,
670,570,ti-fedparl-nat-1951,,,,year,1951-07-01T00:00:00,,
671,571,ti-fedparl-nat-1955,,,,year,1955-07-01T00:00:00,,
672,572,ti-fedparl-nat-1959,,,,year,1959-07-01T00:00:00,,
673,573,ti-fedparl-nat-1963,,,,year,1963-07-01T00:00:00,,
674,574,ti-fedparl-nat-1967,,,,year,1967-07-01T00:00:00,,
675,575,ti-fedparl-nat-1971,,,,exact,1971-10-31T12:00:00,,
676,576,ti-fedparl-nat-1975,,,,exact,1975-10-26T12:00:00,,
677,577,ti-fedparl-nat-1979,,,,exact,1979-10-21T12:00:00,,
678,578,ti-fedparl-nat-1983,,,,exact,1983-10-23T12:00:00,,
679,579,ti-fedparl-nat-1987,,,,exact,1987-10-18T12:00:00,,
680,580,ti-fedparl-nat-1991,,,,exact,1991-10-20T12:00:00,,
681,581,ti-fedparl-nat-1995,,,,exact,1995-10-22T12:00:00,,
682,582,ti-fedparl-nat-1999,,,,exact,1999-10-24T12:00:00,,
683,583,ti-fedparl-nat-2003,,,,exact,2003-10-19T12:00:00,,
684,584,ti-fedparl-nat-2007,,,,exact,2007-10-21T12:00:00,,
685,585,ti-fedparl-nat-2011,,,,exact,2011-10-23T12:00:00,,
686,586,ti-fedparl-nat-2015,,,,exact,2015-10-18T12:00:00,,
687,587,ti-fedparl-nat-2019,,,,exact,2019-10-20T12:00:00,,
688,588,ti-fedparl-nat-2023,,,,exact,2023-10-22T12:00:00,,
689,589,ti-fedparl-states-1971,,,,exact,1971-10-31T12:00:00,,
690,590,ti-fedparl-states-1975,,,,exact,1975-10-26T12:00:00,,
691,591,ti-fedparl-states-1979,,,,exact,1979-10-21T12:00:00,,
692,592,ti-fedparl-states-1983,,,,exact,1983-10-23T12:00:00,,
693,593,ti-fedparl-states-1987,,,,exact,1987-10-18T12:00:00,,
694,594,ti-fedparl-states-1991,,,,exact,1991-10-20T12:00:00,,
695,595,ti-fedparl-states-1995,,,,exact,1995-10-22T12:00:00,,
696,596,ti-fedparl-states-1999,,,,exact,1999-10-24T12:00:00,,
697,597,ti-fedparl-states-2003,,,,exact,2003-10-19T12:00:00,,
698,598,ti-fedparl-states-2007,,,,exact,2007-10-21T12:00:00,,
699,599,ti-fedparl-states-2011,,,,exact,2011-10-23T12:00:00,,
700,600,ti-fedparl-states-2015,,,,exact,2015-10-18T12:00:00,,
701,601,ti-fedparl-states-2019,,,,exact,2019-10-20T12:00:00,,
702,602,ti-fedparl-states-2023,,,,exact,2023-10-22T12:00:00,,
703,603,ti-cantparl-1921,,,,year,1921-07-01T00:00:00,,
704,604,ti-cantparl-1923,,,,year,1923-07-01T00:00:00,,
705,605,ti-cantparl-1927,,,,year,1927-07-01T00:00:00,,
706,606,ti-cantparl-1931,,,,year,1931-07-01T00:00:00,,
707,607,ti-cantparl-1935,,,,year,1935-07-01T00:00:00,,
708,608,ti-cantparl-1939,,,,year,1939-07-01T00:00:00,,
709,609,ti-cantparl-1943,,,,year,1943-07-01T00:00:00,,
710,610,ti-cantparl-1947,,,,year,1947-07-01T00:00:00,,
711,611,ti-cantparl-1951,,,,year,1951-07-01T00:00:00,,
712,612,ti-cantparl-1955,,,,year,1955-07-01T00:00:00,,
713,613,ti-cantparl-1959,,,,year,1959-07-01T00:00:00,,
714,614,ti-cantparl-1963,,,,year,1963-07-01T00:00:00,,
715,615,ti-cantparl-1967,,,,year,1967-07-01T00:00:00,,
716,616,ti-cantparl-1971,,,,year,1971-07-01T00:00:00,,
717,617,ti-cantparl-1975,,,,year,1975-07-01T00:00:00,,
718,618,ti-cantparl-1979,,,,year,1979-07-01T00:00:00,,
719,619,ti-cantparl-1983,,,,year,1983-07-01T00:00:00,,
720,620,ti-cantparl-1987,,,,year,1987-07-01T00:00:00,,
721,621,ti-cantparl-1991,,,,year,1991-07-01T00:00:00,,
722,622,ti-cantparl-1995,,,,year,1995-07-01T00:00:00,,
723,623,ti-cantparl-1999,,,,year,1999-07-01T00:00:00,,
724,624,ti-cantparl-2003,,,,year,2003-07-01T00:00:00,,
725,625,ti-cantparl-2007,,,,year,2007-07-01T00:00:00,,
726,626,ti-cantparl-2011,,,,year,2011-07-01T00:00:00,,
727,627,ti-cantparl-2015,,,,year,2015-07-01T00:00:00,,
728,628,ti-cantparl-2019,,,,year,2019-07-01T00:00:00,,
729,629,ti-cantparl-2023,,,,year,2023-07-01T00:00:00,,
730,630,ti-cantgov-1983,,,,year,1983-07-01T00:00:00,,
731,631,ti-cantgov-1987,,,,year,1987-07-01T00:00:00,,
732,632,ti-cantgov-1991,,,,year,1991-07-01T00:00:00,,
733,633,ti-cantgov-1995,,,,year,1995-07-01T00:00:00,,
734,634,ti-cantgov-1999,,,,year,1999-07-01T00:00:00,,
735,635,ti-cantgov-2003,,,,year,2003-07-01T00:00:00,,
736,636,ti-cantgov-2007,,,,year,2007-07-01T00:00:00,,
737,637,ti-cantgov-2011,,,,year,2011-07-01T00:00:00,,
738,638,ti-cantgov-2015,,,,year,2015-07-01T00:00:00,,
739,639,ti-cantgov-2019,,,,year,2019-07-01T00:00:00,,
740,640,ti-cantgov-2023,,,,year,2023-07-01T00:00:00,,
741,641,sz-fedparl-nat-1919,,,,year,1919-07-01T12:00:00,,
742,642,sz-fedparl-nat-1922,,,,year,1922-07-01T00:00:00,,
743,643,sz-fedparl-nat-1925,,,,year,1925-07-01T00:00:00,,
744,644,sz-fedparl-nat-1928,,,,year,1928-07-01T00:00:00,,
745,645,sz-fedparl-nat-1931,,,,year,1931-07-01T00:00:00,,
746,646,sz-fedparl-nat-1935,,,,year,1935-07-01T00:00:00,,
747,647,sz-fedparl-nat-1939,,,,year,1939-07-01T00:00:00,,
748,648,sz-fedparl-nat-1943,,,,year,1943-07-01T00:00:00,,
749,649,sz-fedparl-nat-1947,,,,year,1947-07-01T00:00:00,,
750,650,sz-fedparl-nat-1951,,,,year,1951-07-01T00:00:00,,
751,651,sz-fedparl-nat-1955,,,,year,1955-07-01T00:00:00,,
752,652,sz-fedparl-nat-1959,,,,year,1959-07-01T00:00:00,,
753,653,sz-fedparl-nat-1963,,,,year,1963-07-01T00:00:00,,
754,654,sz-fedparl-nat-1967,,,,year,1967-07-01T00:00:00,,
755,655,sz-fedparl-nat-1971,,,,exact,1971-10-31T12:00:00,,
756,656,sz-fedparl-nat-1975,,,,exact,1975-10-26T12:00:00,,
757,657,sz-fedparl-nat-1979,,,,exact,1979-10-21T12:00:00,,
758,658,sz-fedparl-nat-1983,,,,exact,1983-10-23T12:00:00,,
759,659,sz-fedparl-nat-1987,,,,exact,1987-10-18T12:00:00,,
760,660,sz-fedparl-nat-1991,,,,exact,1991-10-20T12:00:00,,
761,661,sz-fedparl-nat-1995,,,,exact,1995-10-22T12:00:00,,
762,662,sz-fedparl-nat-1999,,,,exact,1999-10-24T12:00:00,,
763,663,sz-fedparl-nat-2003,,,,exact,2003-10-19T12:00:00,,
764,664,sz-fedparl-nat-2007,,,,exact,2007-10-21T12:00:00,,
765,665,sz-fedparl-nat-2011,,,,exact,2011-10-23T12:00:00,,
766,666,sz-fedparl-nat-2015,,,,exact,2015-10-18T12:00:00,,
767,667,sz-fedparl-nat-2019,,,,exact,2019-10-20T12:00:00,,
768,668,sz-fedparl-nat-2023,,,,exact,2023-10-22T12:00:00,,
769,669,sz-fedparl-states-1971,,,,exact,1971-10-31T12:00:00,,
770,670,sz-fedparl-states-1975,,,,exact,1975-10-26T12:00:00,,
771,671,sz-fedparl-states-1979,,,,exact,1979-10-21T12:00:00,,
772,672,sz-fedparl-states-1983,,,,exact,1983-10-23T12:00:00,,
773,673,sz-fedparl-states-1987,,,,exact,1987-10-18T12:00:00,,
774,674,sz-fedparl-states-1991,,,,exact,1991-10-20T12:00:00,,
775,675,sz-fedparl-states-1995,,,,exact,1995-10-22T12:00:00,,
776,676,sz-fedparl-states-1999,,,,exact,1999-10-24T12:00:00,,
777,677,sz-fedparl-states-2003,,,,exact,2003-10-19T12:00:00,,
778,678,sz-fedparl-states-2007,,,,exact,2007-10-21T12:00:00,,
779,679,sz-fedparl-states-2011,,,,exact,2011-10-23T12:00:00,,
780,680,sz-fedparl-states-2015,,,,exact,2015-10-18T12:00:00,,
781,681,sz-fedparl-states-2019,,,,exact,2019-10-20T12:00:00,,
782,682,sz-fedparl-states-2023,,,,exact,2023-10-22T12:00:00,,
783,683,sz-cantparl-1900,,,,year,1900-07-01T00:00:00,,
784,684,sz-cantparl-1904,,,,year,1904-07-01T00:00:00,,
785,685,sz-cantparl-1908,,,,year,1908-07-01T00:00:00,,
786,686,sz-cantparl-1912,,,,year,1912-07-01T00:00:00,,
787,687,sz-cantparl-1916,,,,year,1916-07-01T00:00:00,,
788,688,sz-cantparl-1920,,,,year,1920-07-01T00:00:00,,
789,689,sz-cantparl-1924,,,,year,1924-07-01T00:00:00,,
790,690,sz-cantparl-1928,,,,year,1928-07-01T00:00:00,,
791,691,sz-cantparl-1932,,,,year,1932-07-01T00:00:00,,
792,692,sz-cantparl-1936,,,,year,1936-07-01T00:00:00,,
793,693,sz-cantparl-1940,,,,year,1940-07-01T00:00:00,,
794,694,sz-cantparl-1944,,,,year,1944-07-01T00:00:00,,
795,695,sz-cantparl-1948,,,,year,1948-07-01T00:00:00,,
796,696,sz-cantparl-1952,,,,year,1952-07-01T00:00:00,,
797,697,sz-cantparl-1956,,,,year,1956-07-01T00:00:00,,
798,698,sz-cantparl-1960,,,,year,1960-07-01T00:00:00,,
799,699,sz-cantparl-1964,,,,year,1964-07-01T00:00:00,,
800,700,sz-cantparl-1968,,,,year,1968-07-01T00:00:00,,
801,701,sz-cantparl-1972,,,,year,1972-07-01T00:00:00,,
802,702,sz-cantparl-1976,,,,year,1976-07-01T00:00:00,,
803,703,sz-cantparl-1980,,,,year,1980-07-01T00:00:00,,
804,704,sz-cantparl-1984,,,,year,1984-07-01T00:00:00,,
805,705,sz-cantparl-1988,,,,year,1988-07-01T00:00:00,,
806,706,sz-cantparl-1992,,,,year,1992-07-01T00:00:00,,
807,707,sz-cantparl-1996,,,,year,1996-07-01T00:00:00,,
808,708,sz-cantparl-2000,,,,year,2000-07-01T00:00:00,,
809,709,sz-cantparl-2004,,,,year,2004-07-01T00:00:00,,
810,710,sz-cantparl-2008,,,,year,2008-07-01T00:00:00,,
811,711,sz-cantparl-2012,,,,year,2012-07-01T00:00:00,,
812,712,sz-cantparl-2016,,,,year,2016-07-01T00:00:00,,
813,713,sz-cantparl-2020,,,,year,2020-07-01T00:00:00,,
814,714,sz-cantparl-2024,,,,year,2024-07-01T00:00:00,,
815,715,sz-cantgov-1980,,,,year,1980-07-01T00:00:00,,
816,716,sz-cantgov-1984,,,,year,1984-07-01T00:00:00,,
817,717,sz-cantgov-1988,,,,year,1988-07-01T00:00:00,,
818,718,sz-cantgov-1992,,,,year,1992-07-01T00:00:00,,
819,719,sz-cantgov-1996,,,,year,1996-07-01T00:00:00,,
820,720,sz-cantgov-2000,,,,year,2000-07-01T00:00:00,,
821,721,sz-cantgov-2004,,,,year,2004-07-01T00:00:00,,
822,722,sz-cantgov-2008,,,,year,2008-07-01T00:00:00,,
823,723,sz-cantgov-2012,,,,year,2012-07-01T00:00:00,,
824,724,sz-cantgov-2016,,,,year,2016-07-01T00:00:00,,
825,725,sz-cantgov-2020,,,,year,2020-07-01T00:00:00,,
826,726,sz-cantgov-2024,,,,year,2024-07-01T00:00:00,,
827,727,ow-fedparl-nat-1919,,,,year,1919-07-01T12:00:00,,
828,728,ow-fedparl-nat-1922,,,,year,1922-07-01T00:00:00,,
829,729,ow-fedparl-nat-1925,,,,year,1925-07-01T00:00:00,,
830,730,ow-fedparl-nat-1928,,,,year,1928-07-01T00:00:00,,
831,731,ow-fedparl-nat-1931,,,,year,1931-07-01T00:00:00,,
832,732,ow-fedparl-nat-1935,,,,year,1935-07-01T00:00:00,,
833,733,ow-fedparl-nat-1939,,,,year,1939-07-01T00:00:00,,
834,734,ow-fedparl-nat-1943,,,,year,1943-07-01T00:00:00,,
835,735,ow-fedparl-nat-1947,,,,year,1947-07-01T00:00:00,,
836,736,ow-fedparl-nat-1951,,,,year,1951-07-01T00:00:00,,
837,737,ow-fedparl-nat-1955,,,,year,1955-07-01T00:00:00,,
838,738,ow-fedparl-nat-1959,,,,year,1959-07-01T00:00:00,,
839,739,ow-fedparl-nat-1963,,,,year,1963-07-01T00:00:00,,
840,740,ow-fedparl-nat-1967,,,,year,1967-07-01T00:00:00,,
841,741,ow-fedparl-nat-1971,,,,exact,1971-10-31T12:00:00,,
842,742,ow-fedparl-nat-1975,,,,exact,1975-10-26T12:00:00,,
843,743,ow-fedparl-nat-1979,,,,exact,1979-10-21T12:00:00,,
844,744,ow-fedparl-nat-1983,,,,exact,1983-10-23T12:00:00,,
845,745,ow-fedparl-nat-1987,,,,exact,1987-10-18T12:00:00,,
846,746,ow-fedparl-nat-1991,,,,exact,1991-10-20T12:00:00,,
847,747,ow-fedparl-nat-1995,,,,exact,1995-10-22T12:00:00,,
848,748,ow-fedparl-nat-1999,,,,exact,1999-10-24T12:00:00,,
849,749,ow-fedparl-nat-2003,,,,exact,2003-10-19T12:00:00,,
850,750,ow-fedparl-nat-2007,,,,exact,2007-10-21T12:00:00,,
851,751,ow-fedparl-nat-2011,,,,exact,2011-10-23T12:00:00,,
852,752,ow-fedparl-nat-2015,,,,exact,2015-10-18T12:00:00,,
853,753,ow-fedparl-nat-2019,,,,exact,2019-10-20T12:00:00,,
854,754,ow-fedparl-nat-2023,,,,exact,2023-10-22T12:00:00,,
855,755,ow-fedparl-states-1971,,,,exact,1971-10-31T12:00:00,,
856,756,ow-fedparl-states-1975,,,,exact,1975-10-26T12:00:00,,
857,757,ow-fedparl-states-1979,,,,exact,1979-10-21T12:00:00,,
858,758,ow-fedparl-states-1983,,,,exact,1983-10-23T12:00:00,,
859,759,ow-fedparl-states-1987,,,,exact,1987-10-18T12:00:00,,
860,760,ow-fedparl-states-1991,,,,exact,1991-10-20T12:00:00,,
861,761,ow-fedparl-states-1995,,,,exact,1995-10-22T12:00:00,,
862,762,ow-fedparl-states-1999,,,,exact,1999-10-24T12:00:00,,
863,763,ow-fedparl-states-2003,,,,exact,2003-10-19T12:00:00,,
864,764,ow-fedparl-states-2007,,,,exact,2007-10-21T12:00:00,,
865,765,ow-fedparl-states-2011,,,,exact,2011-10-23T12:00:00,,
866,766,ow-fedparl-states-2015,,,,exact,2015-10-18T12:00:00,,
867,767,ow-fedparl-states-2019,,,,exact,2019-10-20T12:00:00,,
868,768,ow-fedparl-states-2023,,,,exact,2023-10-22T12:00:00,,
869,769,ow-cantparl-1966,,,,year,1966-07-01T00:00:00,,
870,770,ow-cantparl-1970,,,,year,1970-07-01T00:00:00,,
871,771,ow-cantparl-1974,,,,year,1974-07-01T00:00:00,,
872,772,ow-cantparl-1978,,,,year,1978-07-01T00:00:00,,
873,773,ow-cantparl-1982,,,,year,1982-07-01T00:00:00,,
874,774,ow-cantparl-1986,,,,year,1986-07-01T00:00:00,,
875,775,ow-cantparl-1990,,,,year,1990-07-01T00:00:00,,
876,776,ow-cantparl-1994,,,,year,1994-07-01T12:00:00,,
877,777,ow-cantparl-1998,,,,year,1998-07-01T00:00:00,,
878,778,ow-cantparl-2002,,,,year,2002-07-01T00:00:00,,
879,779,ow-cantparl-2006,,,,year,2006-07-01T00:00:00,,
880,780,ow-cantparl-2010,,,,year,2010-07-01T00:00:00,,
881,781,ow-cantparl-2014,,,,year,2014-07-01T00:00:00,,
882,782,ow-cantparl-2018,,,,year,2018-07-01T12:00:00,,
883,783,ow-cantparl-2022,,,,year,2022-07-01T00:00:00,,
884,784,ow-cantparl-2026,,,,year,2026-07-01T00:00:00,,
885,785,ow-cantgov-1978,,,,year,1978-07-01T00:00:00,,
886,786,ow-cantgov-1982,,,,year,1982-07-01T00:00:00,,
887,787,ow-cantgov-1986,,,,year,1986-07-01T00:00:00,,
888,788,ow-cantgov-1990,,,,year,1990-07-01T00:00:00,,
889,789,ow-cantgov-1994,,,,year,1994-07-01T12:00:00,,
890,790,ow-cantgov-1998,,,,year,1998-07-01T00:00:00,,
891,791,ow-cantgov-2002,,,,year,2002-07-01T00:00:00,,
892,792,ow-cantgov-2006,,,,year,2006-07-01T00:00:00,,
893,793,ow-cantgov-2010,,,,year,2010-07-01T00:00:00,,
894,794,ow-cantgov-2014,,,,year,2014-07-01T00:00:00,,
895,795,ow-cantgov-2018,,,,year,2018-07-01T12:00:00,,
896,796,ow-cantgov-2022,,,,year,2022-07-01T00:00:00,,
897,797,ow-cantgov-2026,,,,year,2026-07-01T00:00:00,,
898,798,nw-fedparl-nat-1919,,,,year,1919-07-01T12:00:00,,
899,799,nw-fedparl-nat-1922,,,,year,1922-07-01T00:00:00,,
900,800,nw-fedparl-nat-1925,,,,year,1925-07-01T00:00:00,,
901,801,nw-fedparl-nat-1928,,,,year,1928-07-01T00:00:00,,
902,802,nw-fedparl-nat-1931,,,,year,1931-07-01T00:00:00,,
903,803,nw-fedparl-nat-1935,,,,year,1935-07-01T00:00:00,,
904,804,nw-fedparl-nat-1939,,,,year,1939-07-01T00:00:00,,
905,805,nw-fedparl-nat-1943,,,,year,1943-07-01T00:00:00,,
906,806,nw-fedparl-nat-1947,,,,year,1947-07-01T00:00:00,,
907,807,nw-fedparl-nat-1951,,,,year,1951-07-01T00:00:00,,
908,808,nw-fedparl-nat-1955,,,,year,1955-07-01T00:00:00,,
909,809,nw-fedparl-nat-1959,,,,year,1959-07-01T00:00:00,,
910,810,nw-fedparl-nat-1963,,,,year,1963-07-01T00:00:00,,
911,811,nw-fedparl-nat-1967,,,,year,1967-07-01T00:00:00,,
912,812,nw-fedparl-nat-1971,,,,exact,1971-10-31T12:00:00,,
913,813,nw-fedparl-nat-1975,,,,exact,1975-10-26T12:00:00,,
914,814,nw-fedparl-nat-1979,,,,exact,1979-10-21T12:00:00,,
915,815,nw-fedparl-nat-1983,,,,exact,1983-10-23T12:00:00,,
916,816,nw-fedparl-nat-1987,,,,exact,1987-10-18T12:00:00,,
917,817,nw-fedparl-nat-1991,,,,exact,1991-10-20T12:00:00,,
918,818,nw-fedparl-nat-1995,,,,exact,1995-10-22T12:00:00,,
919,819,nw-fedparl-nat-1999,,,,exact,1999-10-24T12:00:00,,
920,820,nw-fedparl-nat-2003,,,,exact,2003-10-19T12:00:00,,
921,821,nw-fedparl-nat-2007,,,,exact,2007-10-21T12:00:00,,
922,822,nw-fedparl-nat-2011,,,,exact,2011-10-23T12:00:00,,
923,823,nw-fedparl-nat-2015,,,,exact,2015-10-18T12:00:00,,
924,824,nw-fedparl-nat-2019,,,,exact,2019-10-20T12:00:00,,
925,825,nw-fedparl-nat-2023,,,,exact,2023-10-22T12:00:00,,
926,826,nw-fedparl-states-1971,,,,exact,1971-10-31T12:00:00,,
927,827,nw-fedparl-states-1975,,,,exact,1975-10-26T12:00:00,,
928,828,nw-fedparl-states-1979,,,,exact,1979-10-21T12:00:00,,
929,829,nw-fedparl-states-1983,,,,exact,1983-10-23T12:00:00,,
930,830,nw-fedparl-states-1987,,,,exact,1987-10-18T12:00:00,,
931,831,nw-fedparl-states-1991,,,,exact,1991-10-20T12:00:00,,
932,832,nw-fedparl-states-1995,,,,exact,1995-10-22T12:00:00,,
933,833,nw-fedparl-states-1999,,,,exact,1999-10-24T12:00:00,,
934,834,nw-fedparl-states-2003,,,,exact,2003-10-19T12:00:00,,
935,835,nw-fedparl-states-2007,,,,exact,2007-10-21T12:00:00,,
936,836,nw-fedparl-states-2011,,,,exact,2011-10-23T12:00:00,,
937,837,nw-fedparl-states-2015,,,,exact,2015-10-18T12:00:00,,
938,838,nw-fedparl-states-2019,,,,exact,2019-10-20T12:00:00,,
939,839,nw-fedparl-states-2023,,,,exact,2023-10-22T12:00:00,,
940,840,nw-cantparl-1943,,,,year,1943-07-01T00:00:00,,
941,841,nw-cantparl-1949,,,,year,1949-07-01T00:00:00,,
942,842,nw-cantparl-1955,,,,year,1955-07-01T00:00:00,,
943,843,nw-cantparl-1958,,,,year,1958-07-01T00:00:00,,
944,844,nw-cantparl-1962,,,,year,1962-07-01T00:00:00,,
945,845,nw-cantparl-1966,,,,year,1966-07-01T00:00:00,,
946,846,nw-cantparl-1970,,,,year,1970-07-01T00:00:00,,
947,847,nw-cantparl-1974,,,,year,1974-07-01T00:00:00,,
948,848,nw-cantparl-1978,,,,year,1978-07-01T00:00:00,,
949,849,nw-cantparl-1982,,,,year,1982-07-01T00:00:00,,
950,850,nw-cantparl-1986,,,,year,1986-07-01T00:00:00,,
951,851,nw-cantparl-1990,,,,year,1990-07-01T00:00:00,,
952,852,nw-cantparl-1994,,,,year,1994-07-01T12:00:00,,
953,853,nw-cantparl-1998,,,,year,1998-07-01T00:00:00,,
954,854,nw-cantparl-2002,,,,year,2002-07-01T00:00:00,,
955,855,nw-cantparl-2006,,,,year,2006-07-01T00:00:00,,
956,856,nw-cantparl-2010,,,,year,2010-07-01T00:00:00,,
957,857,nw-cantparl-2014,,,,year,2014-07-01T00:00:00,,
958,858,nw-cantparl-2018,,,,year,2018-07-01T12:00:00,,
959,859,nw-cantparl-2022,,,,year,2022-07-01T00:00:00,,
960,860,nw-cantparl-2026,,,,year,2026-07-01T00:00:00,,
961,861,nw-cantgov-1982,,,,year,1982-07-01T00:00:00,,
962,862,nw-cantgov-1986,,,,year,1986-07-01T00:00:00,,
963,863,nw-cantgov-1990,,,,year,1990-07-01T00:00:00,,
964,864,nw-cantgov-1994,,,,year,1994-07-01T12:00:00,,
965,865,nw-cantgov-1998,,,,year,1998-07-01T00:00:00,,
966,866,nw-cantgov-2002,,,,year,2002-07-01T00:00:00,,
967,867,nw-cantgov-2006,,,,year,2006-07-01T00:00:00,,
968,868,nw-cantgov-2010,,,,year,2010-07-01T00:00:00,,
969,869,nw-cantgov-2014,,,,year,2014-07-01T00:00:00,,
970,870,nw-cantgov-2018,,,,year,2018-07-01T12:00:00,,
971,871,nw-cantgov-2022,,,,year,2022-07-01T00:00:00,,
972,872,nw-cantgov-2026,,,,year,2026-07-01T00:00:00,,
973,873,gl-fedparl-nat-1919,,,,year,1919-07-01T12:00:00,,
974,874,gl-fedparl-nat-1922,,,,year,1922-07-01T00:00:00,,
975,875,gl-fedparl-nat-1925,,,,year,1925-07-01T00:00:00,,
976,876,gl-fedparl-nat-1928,,,,year,1928-07-01T00:00:00,,
977,877,gl-fedparl-nat-1931,,,,year,1931-07-01T00:00:00,,
978,878,gl-fedparl-nat-1935,,,,year,1935-07-01T00:00:00,,
979,879,gl-fedparl-nat-1939,,,,year,1939-07-01T00:00:00,,
980,880,gl-fedparl-nat-1943,,,,year,1943-07-01T00:00:00,,
981,881,gl-fedparl-nat-1947,,,,year,1947-07-01T00:00:00,,
982,882,gl-fedparl-nat-1951,,,,year,1951-07-01T00:00:00,,
983,883,gl-fedparl-nat-1955,,,,year,1955-07-01T00:00:00,,
984,884,gl-fedparl-nat-1959,,,,year,1959-07-01T00:00:00,,
985,885,gl-fedparl-nat-1963,,,,year,1963-07-01T00:00:00,,
986,886,gl-fedparl-nat-1967,,,,year,1967-07-01T00:00:00,,
987,887,gl-fedparl-nat-1971,,,,exact,1971-10-31T12:00:00,,
988,888,gl-fedparl-nat-1975,,,,exact,1975-10-26T12:00:00,,
989,889,gl-fedparl-nat-1979,,,,exact,1979-10-21T12:00:00,,
990,890,gl-fedparl-nat-1983,,,,exact,1983-10-23T12:00:00,,
991,891,gl-fedparl-nat-1987,,,,exact,1987-10-18T12:00:00,,
992,892,gl-fedparl-nat-1991,,,,exact,1991-10-20T12:00:00,,
993,893,gl-fedparl-nat-1995,,,,exact,1995-10-22T12:00:00,,
994,894,gl-fedparl-nat-1999,,,,exact,1999-10-24T12:00:00,,
995,895,gl-fedparl-nat-2003,,,,exact,2003-10-19T12:00:00,,
996,896,gl-fedparl-nat-2007,,,,exact,2007-10-21T12:00:00,,
997,897,gl-fedparl-nat-2011,,,,exact,2011-10-23T12:00:00,,
998,898,gl-fedparl-nat-2015,,,,exact,2015-10-18T12:00:00,,
999,899,gl-fedparl-nat-2019,,,,exact,2019-10-20T12:00:00,,
1000,900,gl-fedparl-nat-2023,,,,exact,2023-10-22T12:00:00,,
1001,901,gl-fedparl-states-1971,,,,exact,1971-10-31T12:00:00,,
1002,902,gl-fedparl-states-1975,,,,exact,1975-10-26T12:00:00,,
1003,903,gl-fedparl-states-1979,,,,exact,1979-10-21T12:00:00,,
1004,904,gl-fedparl-states-1983,,,,exact,1983-10-23T12:00:00,,
1005,905,gl-fedparl-states-1987,,,,exact,1987-10-18T12:00:00,,
1006,906,gl-fedparl-states-1991,,,,exact,1991-10-20T12:00:00,,
1007,907,gl-fedparl-states-1995,,,,exact,1995-10-22T12:00:00,,
1008,908,gl-fedparl-states-1999,,,,exact,1999-10-24T12:00:00,,
1009,909,gl-fedparl-states-2003,,,,exact,2003-10-19T12:00:00,,
1010,910,gl-fedparl-states-2007,,,,exact,2007-10-21T12:00:00,,
1011,911,gl-fedparl-states-2011,,,,exact,2011-10-23T12:00:00,,
1012,912,gl-fedparl-states-2015,,,,exact,2015-10-18T12:00:00,,
1013,913,gl-fedparl-states-2019,,,,exact,2019-10-20T12:00:00,,
1014,914,gl-fedparl-states-2023,,,,exact,2023-10-22T12:00:00,,
1015,915,gl-cantparl-1935,,,,year,1935-07-01T00:00:00,,
1016,916,gl-cantparl-1938,,,,year,1938-07-01T00:00:00,,
1017,917,gl-cantparl-1941,,,,year,1941-07-01T00:00:00,,
1018,918,gl-cantparl-1944,,,,year,1944-07-01T00:00:00,,
1019,919,gl-cantparl-1947,,,,year,1947-07-01T00:00:00,,
1020,920,gl-cantparl-1950,,,,year,1950-07-01T00:00:00,,
1021,921,gl-cantparl-1953,,,,year,1953-07-01T00:00:00,,
1022,922,gl-cantparl-1956,,,,year,1956-07-01T00:00:00,,
1023,923,gl-cantparl-1959,,,,year,1959-07-01T00:00:00,,
1024,924,gl-cantparl-1962,,,,year,1962-07-01T00:00:00,,
1025,925,gl-cantparl-1965,,,,year,1965-07-01T00:00:00,,
1026,926,gl-cantparl-1968,,,,year,1968-07-01T00:00:00,,
1027,927,gl-cantparl-1971,,,,year,1971-07-01T00:00:00,,
1028,928,gl-cantparl-1974,,,,year,1974-07-01T00:00:00,,
1029,929,gl-cantparl-1978,,,,year,1978-07-01T00:00:00,,
1030,930,gl-cantparl-1982,,,,year,1982-07-01T00:00:00,,
1031,931,gl-cantparl-1986,,,,year,1986-07-01T00:00:00,,
1032,932,gl-cantparl-1990,,,,year,1990-07-01T00:00:00,,
1033,933,gl-cantparl-1994,,,,year,1994-07-01T12:00:00,,
1034,934,gl-cantparl-1998,,,,year,1998-07-01T00:00:00,,
1035,935,gl-cantparl-2002,,,,year,2002-07-01T00:00:00,,
1036,936,gl-cantparl-2006,,,,year,2006-07-01T00:00:00,,
1037,937,gl-cantparl-2010,,,,year,2010-07-01T00:00:00,,
1038,938,gl-cantparl-2014,,,,year,2014-07-01T00:00:00,,
1039,939,gl-cantparl-2018,,,,year,2018-07-01T12:00:00,,
1040,940,gl-cantparl-2022,,,,year,2022-07-01T00:00:00,,
1041,941,gl-cantgov-1982,,,,year,1982-07-01T00:00:00,,
1042,942,gl-cantgov-1986,,,,year,1986-07-01T00:00:00,,
1043,943,gl-cantgov-1990,,,,year,1990-07-01T00:00:00,,
1044,944,gl-cantgov-1994,,,,year,1994-07-01T12:00:00,,
1045,945,gl-cantgov-1998,,,,year,1998-07-01T00:00:00,,
1046,946,gl-cantgov-2002,,,,year,2002-07-01T00:00:00,,
1047,947,gl-cantgov-2006,,,,year,2006-07-01T00:00:00,,
1048,948,gl-cantgov-2010,,,,year,2010-07-01T00:00:00,,
1049,949,gl-cantgov-2014,,,,year,2014-07-01T00:00:00,,
1050,950,gl-cantgov-2018,,,,year,2018-07-01T12:00:00,,
1051,951,gl-cantgov-2022,,,,year,2022-07-01T00:00:00,,
1052,952,zg-fedparl-nat-1919,,,,year,1919-07-01T12:00:00,,
1053,953,zg-fedparl-nat-1922,,,,year,1922-07-01T00:00:00,,
1054,954,zg-fedparl-nat-1925,,,,year,1925-07-01T00:00:00,,
1055,955,zg-fedparl-nat-1928,,,,year,1928-07-01T00:00:00,,
1056,956,zg-fedparl-nat-1931,,,,year,1931-07-01T00:00:00,,
1057,957,zg-fedparl-nat-1935,,,,year,1935-07-01T00:00:00,,
1058,958,zg-fedparl-nat-1939,,,,year,1939-07-01T00:00:00,,
1059,959,zg-fedparl-nat-1943,,,,year,1943-07-01T00:00:00,,
1060,960,zg-fedparl-nat-1947,,,,year,1947-07-01T00:00:00,,
1061,961,zg-fedparl-nat-1951,,,,year,1951-07-01T00:00:00,,
1062,962,zg-fedparl-nat-1955,,,,year,1955-07-01T00:00:00,,
1063,963,zg-fedparl-nat-1959,,,,year,1959-07-01T00:00:00,,
1064,964,zg-fedparl-nat-1963,,,,year,1963-07-01T00:00:00,,
1065,965,zg-fedparl-nat-1967,,,,year,1967-07-01T00:00:00,,
1066,966,zg-fedparl-nat-1971,,,,exact,1971-10-31T12:00:00,,
1067,967,zg-fedparl-nat-1975,,,,exact,1975-10-26T12:00:00,,
1068,968,zg-fedparl-nat-1979,,,,exact,1979-10-21T12:00:00,,
1069,969,zg-fedparl-nat-1983,,,,exact,1983-10-23T12:00:00,,
1070,970,zg-fedparl-nat-1987,,,,exact,1987-10-18T12:00:00,,
1071,971,zg-fedparl-nat-1991,,,,exact,1991-10-20T12:00:00,,
1072,972,zg-fedparl-nat-1995,,,,exact,1995-10-22T12:00:00,,
1073,973,zg-fedparl-nat-1999,,,,exact,1999-10-24T12:00:00,,
1074,974,zg-fedparl-nat-2003,,,,exact,2003-10-19T12:00:00,,
1075,975,zg-fedparl-nat-2007,,,,exact,2007-10-21T12:00:00,,
1076,976,zg-fedparl-nat-2011,,,,exact,2011-10-23T12:00:00,,
1077,977,zg-fedparl-nat-2015,,,,exact,2015-10-18T12:00:00,,
1078,978,zg-fedparl-nat-2019,,,,exact,2019-10-20T12:00:00,,
1079,979,zg-fedparl-nat-2023,,,,exact,2023-10-22T12:00:00,,
1080,980,zg-fedparl-states-1971,,,,exact,1971-10-31T12:00:00,,
1081,981,zg-fedparl-states-1975,,,,exact,1975-10-26T12:00:00,,
1082,982,zg-fedparl-states-1979,,,,exact,1979-10-21T12:00:00,,
1083,983,zg-fedparl-states-1983,,,,exact,1983-10-23T12:00:00,,
1084,984,zg-fedparl-states-1987,,,,exact,1987-10-18T12:00:00,,
1085,985,zg-fedparl-states-1991,,,,exact,1991-10-20T12:00:00,,
1086,986,zg-fedparl-states-1995,,,,exact,1995-10-22T12:00:00,,
1087,987,zg-fedparl-states-1999,,,,exact,1999-10-24T12:00:00,,
1088,988,zg-fedparl-states-2003,,,,exact,2003-10-19T12:00:00,,
1089,989,zg-fedparl-states-2007,,,,exact,2007-10-21T12:00:00,,
1090,990,zg-fedparl-states-2011,,,,exact,2011-10-23T12:00:00,,
1091,991,zg-fedparl-states-2015,,,,exact,2015-10-18T12:00:00,,
1092,992,zg-fedparl-states-2019,,,,exact,2019-10-20T12:00:00,,
1093,993,zg-fedparl-states-2023,,,,exact,2023-10-22T12:00:00,,
1094,994,zg-cantparl-1934,,,,year,1934-07-01T00:00:00,,
1095,995,zg-cantparl-1938,,,,year,1938-07-01T00:00:00,,
1096,996,zg-cantparl-1942,,,,year,1942-07-01T00:00:00,,
1097,997,zg-cantparl-1946,,,,year,1946-07-01T00:00:00,,
1098,998,zg-cantparl-1950,,,,year,1950-07-01T00:00:00,,
1099,999,zg-cantparl-1954,,,,year,1954-07-01T00:00:00,,
1100,1000,zg-cantparl-1958,,,,year,1958-07-01T00:00:00,,
1101,1001,zg-cantparl-1962,,,,year,1962-07-01T00:00:00,,
1102,1002,zg-cantparl-1966,,,,year,1966-07-01T00:00:00,,
1103,1003,zg-cantparl-1970,,,,year,1970-07-01T00:00:00,,
1104,1004,zg-cantparl-1974,,,,year,1974-07-01T00:00:00,,
1105,1005,zg-cantparl-1978,,,,year,1978-07-01T00:00:00,,
1106,1006,zg-cantparl-1982,,,,year,1982-07-01T00:00:00,,
1107,1007,zg-cantparl-1986,,,,year,1986-07-01T00:00:00,,
1108,1008,zg-cantparl-1990,,,,year,1990-07-01T00:00:00,,
1109,1009,zg-cantparl-1994,,,,year,1994-07-01T12:00:00,,
1110,1010,zg-cantparl-1998,,,,year,1998-07-01T00:00:00,,
1111,1011,zg-cantparl-2002,,,,year,2002-07-01T00:00:00,,
1112,1012,zg-cantparl-2006,,,,year,2006-07-01T00:00:00,,
1113,1013,zg-cantparl-2010,,,,year,2010-07-01T00:00:00,,
1114,1014,zg-cantparl-2014,,,,year,2014-07-01T00:00:00,,
1115,1015,zg-cantparl-2018,,,,year,2018-07-01T12:00:00,,
1116,1016,zg-cantparl-2022,,,,year,2022-07-01T00:00:00,,
1117,1017,zg-cantgov-1982,,,,year,1982-07-01T00:00:00,,
1118,1018,zg-cantgov-1986,,,,year,1986-07-01T00:00:00,,
1119,1019,zg-cantgov-1990,,,,year,1990-07-01T00:00:00,,
1120,1020,zg-cantgov-1994,,,,year,1994-07-01T12:00:00,,
1121,1021,zg-cantgov-1998,,,,year,1998-07-01T00:00:00,,
1122,1022,zg-cantgov-2002,,,,year,2002-07-01T00:00:00,,
1123,1023,zg-cantgov-2006,,,,year,2006-07-01T00:00:00,,
1124,1024,zg-cantgov-2010,,,,year,2010-07-01T00:00:00,,
1125,1025,zg-cantgov-2014,,,,year,2014-07-01T00:00:00,,
1126,1026,zg-cantgov-2018,,,,year,2018-07-01T12:00:00,,
1127,1027,zg-cantgov-2022,,,,year,2022-07-01T00:00:00,,
1128,1028,fr-fedparl-nat-1919,,,,year,1919-07-01T12:00:00,,
1129,1029,fr-fedparl-nat-1922,,,,year,1922-07-01T00:00:00,,
1130,1030,fr-fedparl-nat-1925,,,,year,1925-07-01T00:00:00,,
1131,1031,fr-fedparl-nat-1928,,,,year,1928-07-01T00:00:00,,
1132,1032,fr-fedparl-nat-1931,,,,year,1931-07-01T00:00:00,,
1133,1033,fr-fedparl-nat-1935,,,,year,1935-07-01T00:00:00,,
1134,1034,fr-fedparl-nat-1939,,,,year,1939-07-01T00:00:00,,
1135,1035,fr-fedparl-nat-1943,,,,year,1943-07-01T00:00:00,,
1136,1036,fr-fedparl-nat-1947,,,,year,1947-07-01T00:00:00,,
1137,1037,fr-fedparl-nat-1951,,,,year,1951-07-01T00:00:00,,
1138,1038,fr-fedparl-nat-1955,,,,year,1955-07-01T00:00:00,,
1139,1039,fr-fedparl-nat-1959,,,,year,1959-07-01T00:00:00,,
1140,1040,fr-fedparl-nat-1963,,,,year,1963-07-01T00:00:00,,
1141,1041,fr-fedparl-nat-1967,,,,year,1967-07-01T00:00:00,,
1142,1042,fr-fedparl-nat-1971,,,,exact,1971-10-31T12:00:00,,
1143,1043,fr-fedparl-nat-1975,,,,exact,1975-10-26T12:00:00,,
1144,1044,fr-fedparl-nat-1979,,,,exact,1979-10-21T12:00:00,,
1145,1045,fr-fedparl-nat-1983,,,,exact,1983-10-23T12:00:00,,
1146,1046,fr-fedparl-nat-1987,,,,exact,1987-10-18T12:00:00,,
1147,1047,fr-fedparl-nat-1991,,,,exact,1991-10-20T12:00:00,,
1148,1048,fr-fedparl-nat-1995,,,,exact,1995-10-22T12:00:00,,
1149,1049,fr-fedparl-nat-1999,,,,exact,1999-10-24T12:00:00,,
1150,1050,fr-fedparl-nat-2003,,,,exact,2003-10-19T12:00:00,,
1151,1051,fr-fedparl-nat-2007,,,,exact,2007-10-21T12:00:00,,
1152,1052,fr-fedparl-nat-2011,,,,exact,2011-10-23T12:00:00,,
1153,1053,fr-fedparl-nat-2015,,,,exact,2015-10-18T12:00:00,,
1154,1054,fr-fedparl-nat-2019,,,,exact,2019-10-20T12:00:00,,
1155,1055,fr-fedparl-nat-2023,,,,exact,2023-10-22T12:00:00,,
1156,1056,fr-fedparl-states-1971,,,,exact,1971-10-31T12:00:00,,
1157,1057,fr-fedparl-states-1975,,,,exact,1975-10-26T12:00:00,,
1158,1058,fr-fedparl-states-1979,,,,exact,1979-10-21T12:00:00,,
1159,1059,fr-fedparl-states-1983,,,,exact,1983-10-23T12:00:00,,
1160,1060,fr-fedparl-states-1987,,,,exact,1987-10-18T12:00:00,,
1161,1061,fr-fedparl-states-1991,,,,exact,1991-10-20T12:00:00,,
1162,1062,fr-fedparl-states-1995,,,,exact,1995-10-22T12:00:00,,
1163,1063,fr-fedparl-states-1999,,,,exact,1999-10-24T12:00:00,,
1164,1064,fr-fedparl-states-2003,,,,exact,2003-10-19T12:00:00,,
1165,1065,fr-fedparl-states-2007,,,,exact,2007-10-21T12:00:00,,
1166,1066,fr-fedparl-states-2011,,,,exact,2011-10-23T12:00:00,,
1167,1067,fr-fedparl-states-2015,,,,exact,2015-10-18T12:00:00,,
1168,1068,fr-fedparl-states-2019,,,,exact,2019-10-20T12:00:00,,
1169,1069,fr-fedparl-states-2023,,,,exact,2023-10-22T12:00:00,,
1170,1070,fr-cantparl-1916,,,,year,1916-07-01T00:00:00,,
1171,1071,fr-cantparl-1921,,,,year,1921-07-01T00:00:00,,
1172,1072,fr-cantparl-1926,,,,year,1926-07-01T00:00:00,,
1173,1073,fr-cantparl-1931,,,,year,1931-07-01T00:00:00,,
1174,1074,fr-cantparl-1936,,,,year,1936-07-01T00:00:00,,
1175,1075,fr-cantparl-1941,,,,year,1941-07-01T00:00:00,,
1176,1076,fr-cantparl-1946,,,,year,1946-07-01T00:00:00,,
1177,1077,fr-cantparl-1951,,,,year,1951-07-01T00:00:00,,
1178,1078,fr-cantparl-1956,,,,year,1956-07-01T00:00:00,,
1179,1079,fr-cantparl-1961,,,,year,1961-07-01T00:00:00,,
1180,1080,fr-cantparl-1966,,,,year,1966-07-01T00:00:00,,
1181,1081,fr-cantparl-1971,,,,year,1971-07-01T00:00:00,,
1182,1082,fr-cantparl-1976,,,,year,1976-07-01T00:00:00,,
1183,1083,fr-cantparl-1981,,,,year,1981-07-01T00:00:00,,
1184,1084,fr-cantparl-1986,,,,year,1986-07-01T00:00:00,,
1185,1085,fr-cantparl-1991,,,,year,1991-07-01T00:00:00,,
1186,1086,fr-cantparl-1996,,,,year,1996-07-01T00:00:00,,
1187,1087,fr-cantparl-2001,,,,year,2001-07-01T00:00:00,,
1188,1088,fr-cantparl-2006,,,,year,2006-07-01T00:00:00,,
1189,1089,fr-cantparl-2011,,,,year,2011-07-01T00:00:00,,
1190,1090,fr-cantparl-2016,,,,year,2016-07-01T00:00:00,,
1191,1091,fr-cantparl-2021,,,,year,2021-07-01T00:00:00,,
1192,1092,fr-cantgov-1981,,,,year,1981-07-01T00:00:00,,
1193,1093,fr-cantgov-1986,,,,year,1986-07-01T00:00:00,,
1194,1094,fr-cantgov-1991,,,,year,1991-07-01T00:00:00,,
1195,1095,fr-cantgov-1996,,,,year,1996-07-01T00:00:00,,
1196,1096,fr-cantgov-2001,,,,year,2001-07-01T00:00:00,,
1197,1097,fr-cantgov-2006,,,,year,2006-07-01T00:00:00,,
1198,1098,fr-cantgov-2011,,,,year,2011-07-01T00:00:00,,
1199,1099,fr-cantgov-2016,,,,year,2016-07-01T00:00:00,,
1200,1100,fr-cantgov-2021,,,,year,2021-07-01T00:00:00,,
1201,1101,so-fedparl-nat-1919,,,,year,1919-07-01T12:00:00,,
1202,1102,so-fedparl-nat-1922,,,,year,1922-07-01T00:00:00,,
1203,1103,so-fedparl-nat-1925,,,,year,1925-07-01T00:00:00,,
1204,1104,so-fedparl-nat-1928,,,,year,1928-07-01T00:00:00,,
1205,1105,so-fedparl-nat-1931,,,,year,1931-07-01T00:00:00,,
1206,1106,so-fedparl-nat-1935,,,,year,1935-07-01T00:00:00,,
1207,1107,so-fedparl-nat-1939,,,,year,1939-07-01T00:00:00,,
1208,1108,so-fedparl-nat-1943,,,,year,1943-07-01T00:00:00,,
1209,1109,so-fedparl-nat-1947,,,,year,1947-07-01T00:00:00,,
1210,1110,so-fedparl-nat-1951,,,,year,1951-07-01T00:00:00,,
1211,1111,so-fedparl-nat-1955,,,,year,1955-07-01T00:00:00,,
1212,1112,so-fedparl-nat-1959,,,,year,1959-07-01T00:00:00,,
1213,1113,so-fedparl-nat-1963,,,,year,1963-07-01T00:00:00,,
1214,1114,so-fedparl-nat-1967,,,,year,1967-07-01T00:00:00,,
1215,1115,so-fedparl-nat-1971,,,,exact,1971-10-31T12:00:00,,
1216,1116,so-fedparl-nat-1975,,,,exact,1975-10-26T12:00:00,,
1217,1117,so-fedparl-nat-1979,,,,exact,1979-10-21T12:00:00,,
1218,1118,so-fedparl-nat-1983,,,,exact,1983-10-23T12:00:00,,
1219,1119,so-fedparl-nat-1987,,,,exact,1987-10-18T12:00:00,,
1220,1120,so-fedparl-nat-1991,,,,exact,1991-10-20T12:00:00,,
1221,1121,so-fedparl-nat-1995,,,,exact,1995-10-22T12:00:00,,
1222,1122,so-fedparl-nat-1999,,,,exact,1999-10-24T12:00:00,,
1223,1123,so-fedparl-nat-2003,,,,exact,2003-10-19T12:00:00,,
1224,1124,so-fedparl-nat-2007,,,,exact,2007-10-21T12:00:00,,
1226,1125,so-fedparl-nat-2011,,,,exact,2011-10-23T12:00:00,,
1227,1126,so-fedparl-nat-2015,,,,exact,2015-10-18T12:00:00,,
1228,1127,so-fedparl-nat-2019,,,,exact,2019-10-20T12:00:00,,
1229,1128,so-fedparl-nat-2023,,,,exact,2023-10-22T12:00:00,,
1230,1129,so-fedparl-states-1971,,,,exact,1971-10-31T12:00:00,,
1231,1130,so-fedparl-states-1975,,,,exact,1975-10-26T12:00:00,,
1232,1131,so-fedparl-states-1979,,,,exact,1979-10-21T12:00:00,,
1233,1132,so-fedparl-states-1983,,,,exact,1983-10-23T12:00:00,,
1234,1133,so-fedparl-states-1987,,,,exact,1987-10-18T12:00:00,,
1235,1134,so-fedparl-states-1991,,,,exact,1991-10-20T12:00:00,,
1236,1135,so-fedparl-states-1995,,,,exact,1995-10-22T12:00:00,,
1237,1136,so-fedparl-states-1999,,,,exact,1999-10-24T12:00:00,,
1238,1137,so-fedparl-states-2003,,,,exact,2003-10-19T12:00:00,,
1239,1138,so-fedparl-states-2007,,,,exact,2007-10-21T12:00:00,,
1240,1139,so-fedparl-states-2011,,,,exact,2011-10-23T12:00:00,,
1241,1140,so-fedparl-states-2015,,,,exact,2015-10-18T12:00:00,,
1242,1141,so-fedparl-states-2019,,,,exact,2019-10-20T12:00:00,,
1243,1142,so-fedparl-states-2023,,,,exact,2023-10-22T12:00:00,,
1244,1143,so-cantparl-1896,,,,year,1896-07-01T00:00:00,,
1245,1144,so-cantparl-1900,,,,year,1900-07-01T00:00:00,,
1246,1145,so-cantparl-1904,,,,year,1904-07-01T00:00:00,,
1247,1146,so-cantparl-1908,,,,year,1908-07-01T00:00:00,,
1248,1147,so-cantparl-1912,,,,year,1912-07-01T00:00:00,,
1249,1148,so-cantparl-1917,,,,year,1917-07-01T00:00:00,,
1250,1149,so-cantparl-1921,,,,year,1921-07-01T00:00:00,,
1251,1150,so-cantparl-1925,,,,year,1925-07-01T00:00:00,,
1252,1151,so-cantparl-1929,,,,year,1929-07-01T00:00:00,,
1253,1152,so-cantparl-1933,,,,year,1933-07-01T00:00:00,,
1254,1153,so-cantparl-1937,,,,year,1937-07-01T00:00:00,,
1255,1154,so-cantparl-1941,,,,year,1941-07-01T00:00:00,,
1256,1155,so-cantparl-1945,,,,year,1945-07-01T00:00:00,,
1257,1156,so-cantparl-1949,,,,year,1949-07-01T00:00:00,,
1258,1157,so-cantparl-1953,,,,year,1953-07-01T00:00:00,,
1259,1158,so-cantparl-1957,,,,year,1957-07-01T00:00:00,,
1260,1159,so-cantparl-1961,,,,year,1961-07-01T00:00:00,,
1261,1160,so-cantparl-1965,,,,year,1965-07-01T00:00:00,,
1262,1161,so-cantparl-1969,,,,year,1969-07-01T00:00:00,,
1263,1162,so-cantparl-1973,,,,year,1973-07-01T00:00:00,,
1264,1163,so-cantparl-1977,,,,year,1977-07-01T00:00:00,,
1265,1164,so-cantparl-1981,,,,year,1981-07-01T00:00:00,,
1266,1165,so-cantparl-1985,,,,year,1985-07-01T00:00:00,,
1267,1166,so-cantparl-1989,,,,year,1989-07-01T00:00:00,,
1268,1167,so-cantparl-1993,,,,year,1993-07-01T00:00:00,,
1269,1168,so-cantparl-1997,,,,year,1997-07-01T00:00:00,,
1270,1169,so-cantparl-2001,,,,year,2001-07-01T00:00:00,,
1271,1170,so-cantparl-2005,,,,year,2005-07-01T00:00:00,,
1272,1171,so-cantparl-2009,,,,year,2009-07-01T00:00:00,,
1273,1172,so-cantparl-2013,,,,year,2013-07-01T00:00:00,,
1274,1173,so-cantparl-2017,,,,year,2017-07-01T00:00:00,,
1275,1174,so-cantparl-2021,,,,year,2021-07-01T00:00:00,,
1276,1175,so-cantgov-1981,,,,year,1981-07-01T00:00:00,,
1277,1176,so-cantgov-1985,,,,year,1985-07-01T00:00:00,,
1278,1177,so-cantgov-1989,,,,year,1989-07-01T00:00:00,,
1279,1178,so-cantgov-1993,,,,year,1993-07-01T00:00:00,,
1280,1179,so-cantgov-1997,,,,year,1997-07-01T00:00:00,,
1281,1180,so-cantgov-2001,,,,year,2001-07-01T00:00:00,,
1282,1181,so-cantgov-2005,,,,year,2005-07-01T00:00:00,,
1283,1182,so-cantgov-2009,,,,year,2009-07-01T00:00:00,,
1284,1183,so-cantgov-2013,,,,year,2013-07-01T00:00:00,,
1285,1184,so-cantgov-2017,,,,year,2017-07-01T00:00:00,,
1286,1185,so-cantgov-2021,,,,year,2021-07-01T00:00:00,,
1287,1186,sh-fedparl-nat-1919,,,,year,1919-07-01T12:00:00,,
1288,1187,sh-fedparl-nat-1922,,,,year,1922-07-01T00:00:00,,
1289,1188,sh-fedparl-nat-1925,,,,year,1925-07-01T00:00:00,,
1290,1189,sh-fedparl-nat-1928,,,,year,1928-07-01T00:00:00,,
1291,1190,sh-fedparl-nat-1931,,,,year,1931-07-01T00:00:00,,
1292,1191,sh-fedparl-nat-1935,,,,year,1935-07-01T00:00:00,,
1293,1192,sh-fedparl-nat-1939,,,,year,1939-07-01T00:00:00,,
1294,1193,sh-fedparl-nat-1943,,,,year,1943-07-01T00:00:00,,
1295,1194,sh-fedparl-nat-1947,,,,year,1947-07-01T00:00:00,,
1296,1195,sh-fedparl-nat-1951,,,,year,1951-07-01T00:00:00,,
1297,1196,sh-fedparl-nat-1955,,,,year,1955-07-01T00:00:00,,
1298,1197,sh-fedparl-nat-1959,,,,year,1959-07-01T00:00:00,,
1299,1198,sh-fedparl-nat-1963,,,,year,1963-07-01T00:00:00,,
1300,1199,sh-fedparl-nat-1967,,,,year,1967-07-01T00:00:00,,
1301,1200,sh-fedparl-nat-1971,,,,exact,1971-10-31T12:00:00,,
1302,1201,sh-fedparl-nat-1975,,,,exact,1975-10-26T12:00:00,,
1303,1202,sh-fedparl-nat-1979,,,,exact,1979-10-21T12:00:00,,
1304,1203,sh-fedparl-nat-1983,,,,exact,1983-10-23T12:00:00,,
1305,1204,sh-fedparl-nat-1987,,,,exact,1987-10-18T12:00:00,,
1306,1205,sh-fedparl-nat-1991,,,,exact,1991-10-20T12:00:00,,
1307,1206,sh-fedparl-nat-1995,,,,exact,1995-10-22T12:00:00,,
1308,1207,sh-fedparl-nat-1999,,,,exact,1999-10-24T12:00:00,,
1309,1208,sh-fedparl-nat-2003,,,,exact,2003-10-19T12:00:00,,
1310,1209,sh-fedparl-nat-2007,,,,exact,2007-10-21T12:00:00,,
1311,1210,sh-fedparl-nat-2011,,,,exact,2011-10-23T12:00:00,,
1312,1211,sh-fedparl-nat-2015,,,,exact,2015-10-18T12:00:00,,
1313,1212,sh-fedparl-nat-2019,,,,exact,2019-10-20T12:00:00,,
1314,1213,sh-fedparl-nat-2023,,,,exact,2023-10-22T12:00:00,,
1315,1214,sh-fedparl-states-1971,,,,exact,1971-10-31T12:00:00,,
1316,1215,sh-fedparl-states-1975,,,,exact,1975-10-26T12:00:00,,
1317,1216,sh-fedparl-states-1979,,,,exact,1979-10-21T12:00:00,,
1318,1217,sh-fedparl-states-1983,,,,exact,1983-10-23T12:00:00,,
1319,1218,sh-fedparl-states-1987,,,,exact,1987-10-18T12:00:00,,
1320,1219,sh-fedparl-states-1991,,,,exact,1991-10-20T12:00:00,,
1321,1220,sh-fedparl-states-1995,,,,exact,1995-10-22T12:00:00,,
1322,1221,sh-fedparl-states-1999,,,,exact,1999-10-24T12:00:00,,
1323,1222,sh-fedparl-states-2003,,,,exact,2003-10-19T12:00:00,,
1324,1223,sh-fedparl-states-2007,,,,exact,2007-10-21T12:00:00,,
1325,1224,sh-fedparl-states-2011,,,,exact,2011-10-23T12:00:00,,
1326,1225,sh-fedparl-states-2015,,,,exact,2015-10-18T12:00:00,,
1327,1226,sh-fedparl-states-2019,,,,exact,2019-10-20T12:00:00,,
1328,1227,sh-fedparl-states-2023,,,,exact,2023-10-22T12:00:00,,
1329,1228,sh-cantparl-1936,,,,year,1936-07-01T00:00:00,,
1330,1229,sh-cantparl-1940,,,,year,1940-07-01T00:00:00,,
1331,1230,sh-cantparl-1944,,,,year,1944-07-01T00:00:00,,
1332,1231,sh-cantparl-1948,,,,year,1948-07-01T00:00:00,,
1333,1232,sh-cantparl-1952,,,,year,1952-07-01T00:00:00,,
1334,1233,sh-cantparl-1956,,,,year,1956-07-01T00:00:00,,
1335,1234,sh-cantparl-1960,,,,year,1960-07-01T00:00:00,,
1336,1235,sh-cantparl-1964,,,,year,1964-07-01T00:00:00,,
1337,1236,sh-cantparl-1968,,,,year,1968-07-01T00:00:00,,
1338,1237,sh-cantparl-1972,,,,year,1972-07-01T00:00:00,,
1339,1238,sh-cantparl-1976,,,,year,1976-07-01T00:00:00,,
1340,1239,sh-cantparl-1980,,,,year,1980-07-01T00:00:00,,
1341,1240,sh-cantparl-1984,,,,year,1984-07-01T00:00:00,,
1342,1241,sh-cantparl-1988,,,,year,1988-07-01T00:00:00,,
1343,1242,sh-cantparl-1992,,,,year,1992-07-01T00:00:00,,
1344,1243,sh-cantparl-1996,,,,year,1996-07-01T00:00:00,,
1345,1244,sh-cantparl-2000,,,,year,2000-07-01T00:00:00,,
1346,1245,sh-cantparl-2004,,,,year,2004-07-01T00:00:00,,
1347,1246,sh-cantparl-2008,,,,year,2008-07-01T00:00:00,,
1348,1247,sh-cantparl-2012,,,,year,2012-07-01T00:00:00,,
1349,1248,sh-cantparl-2016,,,,year,2016-07-01T00:00:00,,
1350,1249,sh-cantparl-2020,,,,year,2020-07-01T00:00:00,,
1351,1250,sh-cantparl-2024,,,,year,2024-07-01T00:00:00,,
1352,1251,sh-cantgov-1980,,,,year,1980-07-01T00:00:00,,
1353,1252,sh-cantgov-1984,,,,year,1984-07-01T00:00:00,,
1354,1253,sh-cantgov-1988,,,,year,1988-07-01T00:00:00,,
1355,1254,sh-cantgov-1992,,,,year,1992-07-01T00:00:00,,
1356,1255,sh-cantgov-1996,,,,year,1996-07-01T00:00:00,,
1357,1256,sh-cantgov-2000,,,,year,2000-07-01T00:00:00,,
1358,1257,sh-cantgov-2004,,,,year,2004-07-01T00:00:00,,
1359,1258,sh-cantgov-2008,,,,year,2008-07-01T00:00:00,,
1360,1259,sh-cantgov-2012,,,,year,2012-07-01T00:00:00,,
1361,1260,sh-cantgov-2016,,,,year,2016-07-01T00:00:00,,
1362,1261,sh-cantgov-2020,,,,year,2020-07-01T00:00:00,,
1363,1262,sh-cantgov-2024,,,,year,2024-07-01T00:00:00,,
1364,1263,ar-fedparl-nat-1919,,,,year,1919-07-01T12:00:00,,
1365,1264,ar-fedparl-nat-1922,,,,year,1922-07-01T00:00:00,,
1366,1265,ar-fedparl-nat-1925,,,,year,1925-07-01T00:00:00,,
1367,1266,ar-fedparl-nat-1928,,,,year,1928-07-01T00:00:00,,
1368,1267,ar-fedparl-nat-1931,,,,year,1931-07-01T00:00:00,,
1369,1268,ar-fedparl-nat-1935,,,,year,1935-07-01T00:00:00,,
1370,1269,ar-fedparl-nat-1939,,,,year,1939-07-01T00:00:00,,
1371,1270,ar-fedparl-nat-1943,,,,year,1943-07-01T00:00:00,,
1372,1271,ar-fedparl-nat-1947,,,,year,1947-07-01T00:00:00,,
1373,1272,ar-fedparl-nat-1951,,,,year,1951-07-01T00:00:00,,
1374,1273,ar-fedparl-nat-1955,,,,year,1955-07-01T00:00:00,,
1375,1274,ar-fedparl-nat-1959,,,,year,1959-07-01T00:00:00,,
1376,1275,ar-fedparl-nat-1963,,,,year,1963-07-01T00:00:00,,
1377,1276,ar-fedparl-nat-1967,,,,year,1967-07-01T00:00:00,,
1378,1277,ar-fedparl-nat-1971,,,,exact,1971-10-31T12:00:00,,
1379,1278,ar-fedparl-nat-1975,,,,exact,1975-10-26T12:00:00,,
1380,1279,ar-fedparl-nat-1979,,,,exact,1979-10-21T12:00:00,,
1381,1280,ar-fedparl-nat-1983,,,,exact,1983-10-23T12:00:00,,
1382,1281,ar-fedparl-nat-1987,,,,exact,1987-10-18T12:00:00,,
1383,1282,ar-fedparl-nat-1991,,,,exact,1991-10-20T12:00:00,,
1384,1283,ar-fedparl-nat-1995,,,,exact,1995-10-22T12:00:00,,
1385,1284,ar-fedparl-nat-1999,,,,exact,1999-10-24T12:00:00,,
1386,1285,ar-fedparl-nat-2003,,,,exact,2003-10-19T12:00:00,,
1387,1286,ar-fedparl-nat-2007,,,,exact,2007-10-21T12:00:00,,
1388,1287,ar-fedparl-nat-2011,,,,exact,2011-10-23T12:00:00,,
1389,1288,ar-fedparl-nat-2015,,,,exact,2015-10-18T12:00:00,,
1390,1289,ar-fedparl-nat-2019,,,,exact,2019-10-20T12:00:00,,
1391,1290,ar-fedparl-nat-2023,,,,exact,2023-10-22T12:00:00,,
1392,1291,ar-fedparl-states-1971,,,,exact,1971-10-31T12:00:00,,
1393,1292,ar-fedparl-states-1975,,,,exact,1975-10-26T12:00:00,,
1394,1293,ar-fedparl-states-1979,,,,exact,1979-10-21T12:00:00,,
1395,1294,ar-fedparl-states-1983,,,,exact,1983-10-23T12:00:00,,
1396,1295,ar-fedparl-states-1987,,,,exact,1987-10-18T12:00:00,,
1397,1296,ar-fedparl-states-1991,,,,exact,1991-10-20T12:00:00,,
1398,1297,ar-fedparl-states-1995,,,,exact,1995-10-22T12:00:00,,
1399,1298,ar-fedparl-states-1999,,,,exact,1999-10-24T12:00:00,,
1400,1299,ar-fedparl-states-2003,,,,exact,2003-10-19T12:00:00,,
1401,1300,ar-fedparl-states-2007,,,,exact,2007-10-21T12:00:00,,
1402,1301,ar-fedparl-states-2011,,,,exact,2011-10-23T12:00:00,,
1403,1302,ar-fedparl-states-2015,,,,exact,2015-10-18T12:00:00,,
1404,1303,ar-fedparl-states-2019,,,,exact,2019-10-20T12:00:00,,
1405,1304,ar-fedparl-states-2023,,,,exact,2023-10-22T12:00:00,,
1406,1305,ar-cantparl-2003,,,,year,2003-07-01T00:00:00,,
1407,1306,ar-cantparl-2007,,,,year,2007-07-01T00:00:00,,
1408,1307,ar-cantparl-2011,,,,year,2011-07-01T00:00:00,,
1409,1308,ar-cantparl-2015,,,,year,2015-07-01T00:00:00,,
1410,1309,ar-cantparl-2019,,,,year,2019-07-01T00:00:00,,
1411,1310,ar-cantparl-2023,,,,year,2023-07-01T00:00:00,,
1412,1311,ar-cantgov-2003,,,,year,2003-07-01T00:00:00,,
1413,1312,ar-cantgov-2007,,,,year,2007-07-01T00:00:00,,
1414,1313,ar-cantgov-2011,,,,year,2011-07-01T00:00:00,,
1415,1314,ar-cantgov-2015,,,,year,2015-07-01T00:00:00,,
1416,1315,ar-cantgov-2019,,,,year,2019-07-01T00:00:00,,
1417,1316,ar-cantgov-2023,,,,year,2023-07-01T00:00:00,,
1418,1317,ar-cantgov-1980,,,,year,1980-07-01T00:00:00,,
1419,1318,ar-cantgov-1981,,,,year,1981-07-01T00:00:00,,
1420,1319,ar-cantgov-1982,,,,year,1982-07-01T00:00:00,,
1421,1320,ar-cantgov-1983,,,,year,1983-07-01T00:00:00,,
1422,1321,ar-cantgov-1984,,,,year,1984-07-01T00:00:00,,
1423,1322,ar-cantgov-1985,,,,year,1985-07-01T00:00:00,,
1424,1323,ar-cantgov-1986,,,,year,1986-07-01T00:00:00,,
1425,1324,ar-cantgov-1987,,,,year,1987-07-01T00:00:00,,
1426,1325,ar-cantgov-1988,,,,year,1988-07-01T00:00:00,,
1427,1326,ar-cantgov-1989,,,,year,1989-07-01T00:00:00,,
1428,1327,ar-cantgov-1990,,,,year,1990-07-01T00:00:00,,
1429,1328,ar-cantgov-1991,,,,year,1991-07-01T00:00:00,,
1430,1329,ar-cantgov-1992,,,,year,1992-07-01T00:00:00,,
1431,1330,ar-cantgov-1993,,,,year,1993-07-01T00:00:00,,
1432,1331,ar-cantgov-1994,,,,year,1994-07-01T12:00:00,,
1433,1332,ar-cantgov-1995,,,,year,1995-07-01T00:00:00,,
1434,1333,ar-cantgov-1996,,,,year,1996-07-01T00:00:00,,
1435,1334,ar-cantgov-1997,,,,year,1997-07-01T00:00:00,,
1436,1335,ar-cantgov-1998,,,,year,1998-07-01T00:00:00,,
1437,1336,ar-cantgov-1999,,,,year,1999-07-01T00:00:00,,
1438,1337,ai-fedparl-nat-1919,,,,year,1919-07-01T12:00:00,,
1439,1338,ai-fedparl-nat-1922,,,,year,1922-07-01T00:00:00,,
1440,1339,ai-fedparl-nat-1925,,,,year,1925-07-01T00:00:00,,
1441,1340,ai-fedparl-nat-1928,,,,year,1928-07-01T00:00:00,,
1442,1341,ai-fedparl-nat-1931,,,,year,1931-07-01T00:00:00,,
1443,1342,ai-fedparl-nat-1935,,,,year,1935-07-01T00:00:00,,
1444,1343,ai-fedparl-nat-1939,,,,year,1939-07-01T00:00:00,,
1445,1344,ai-fedparl-nat-1943,,,,year,1943-07-01T00:00:00,,
1446,1345,ai-fedparl-nat-1947,,,,year,1947-07-01T00:00:00,,
1447,1346,ai-fedparl-nat-1951,,,,year,1951-07-01T00:00:00,,
1448,1347,ai-fedparl-nat-1955,,,,year,1955-07-01T00:00:00,,
1449,1348,ai-fedparl-nat-1959,,,,year,1959-07-01T00:00:00,,
1450,1349,ai-fedparl-nat-1963,,,,year,1963-07-01T00:00:00,,
1451,1350,ai-fedparl-nat-1967,,,,year,1967-07-01T00:00:00,,
1452,1351,ai-fedparl-nat-1971,,,,exact,1971-10-31T12:00:00,,
1453,1352,ai-fedparl-nat-1975,,,,exact,1975-10-26T12:00:00,,
1454,1353,ai-fedparl-nat-1979,,,,exact,1979-10-21T12:00:00,,
1455,1354,ai-fedparl-nat-1983,,,,exact,1983-10-23T12:00:00,,
1456,1355,ai-fedparl-nat-1987,,,,exact,1987-10-18T12:00:00,,
1457,1356,ai-fedparl-nat-1991,,,,exact,1991-10-20T12:00:00,,
1458,1357,ai-fedparl-nat-1995,,,,exact,1995-10-22T12:00:00,,
1459,1358,ai-fedparl-nat-1999,,,,exact,1999-10-24T12:00:00,,
1460,1359,ai-fedparl-nat-2003,,,,exact,2003-10-19T12:00:00,,
1461,1360,ai-fedparl-nat-2007,,,,exact,2007-10-21T12:00:00,,
1462,1361,ai-fedparl-nat-2011,,,,exact,2011-10-23T12:00:00,,
1463,1362,ai-fedparl-nat-2015,,,,exact,2015-10-18T12:00:00,,
1464,1363,ai-fedparl-nat-2019,,,,exact,2019-10-20T12:00:00,,
1465,1364,ai-fedparl-nat-2023,,,,exact,2023-10-22T12:00:00,,
1466,1365,ai-fedparl-states-1971,,,,exact,1971-10-31T12:00:00,,
1467,1366,ai-fedparl-states-1975,,,,exact,1975-10-26T12:00:00,,
1468,1367,ai-fedparl-states-1979,,,,exact,1979-10-21T12:00:00,,
1469,1368,ai-fedparl-states-1983,,,,exact,1983-10-23T12:00:00,,
1470,1369,ai-fedparl-states-1987,,,,exact,1987-10-18T12:00:00,,
1471,1370,ai-fedparl-states-1991,,,,exact,1991-10-20T12:00:00,,
1472,1371,ai-fedparl-states-1995,,,,exact,1995-10-22T12:00:00,,
1473,1372,ai-fedparl-states-1999,,,,exact,1999-10-24T12:00:00,,
1474,1373,ai-fedparl-states-2003,,,,exact,2003-10-19T12:00:00,,
1475,1374,ai-fedparl-states-2007,,,,exact,2007-10-21T12:00:00,,
1476,1375,ai-fedparl-states-2011,,,,exact,2011-10-23T12:00:00,,
1477,1376,ai-fedparl-states-2015,,,,exact,2015-10-18T12:00:00,,
1478,1377,ai-fedparl-states-2019,,,,exact,2019-10-20T12:00:00,,
1479,1378,ai-fedparl-states-2023,,,,exact,2023-10-22T12:00:00,,
1480,1379,ai-cantgov-1980,,,,year,1980-07-01T00:00:00,,
1481,1380,ai-cantgov-1981,,,,year,1981-07-01T00:00:00,,
1482,1381,ai-cantgov-1982,,,,year,1982-07-01T00:00:00,,
1483,1382,ai-cantgov-1983,,,,year,1983-07-01T00:00:00,,
1484,1383,ai-cantgov-1984,,,,year,1984-07-01T00:00:00,,
1485,1384,ai-cantgov-1985,,,,year,1985-07-01T00:00:00,,
1486,1385,ai-cantgov-1986,,,,year,1986-07-01T00:00:00,,
1487,1386,ai-cantgov-1987,,,,year,1987-07-01T00:00:00,,
1488,1387,ai-cantgov-1988,,,,year,1988-07-01T00:00:00,,
1489,1388,ai-cantgov-1989,,,,year,1989-07-01T00:00:00,,
1490,1389,ai-cantgov-1990,,,,year,1990-07-01T00:00:00,,
1491,1390,ai-cantgov-1991,,,,year,1991-07-01T00:00:00,,
1492,1391,ai-cantgov-1992,,,,year,1992-07-01T00:00:00,,
1493,1392,ai-cantgov-1993,,,,year,1993-07-01T00:00:00,,
1494,1393,ai-cantgov-1994,,,,year,1994-07-01T12:00:00,,
1495,1394,ai-cantgov-1995,,,,year,1995-07-01T00:00:00,,
1496,1395,ai-cantgov-1996,,,,year,1996-07-01T00:00:00,,
1497,1396,ai-cantgov-1997,,,,year,1997-07-01T00:00:00,,
1498,1397,ai-cantgov-1998,,,,year,1998-07-01T00:00:00,,
1499,1398,ai-cantgov-1999,,,,year,1999-07-01T00:00:00,,
1500,1399,ai-cantgov-2000,,,,year,2000-07-01T00:00:00,,
1501,1400,ai-cantgov-2001,,,,year,2001-07-01T00:00:00,,
1502,1401,ai-cantgov-2002,,,,year,2002-07-01T00:00:00,,
1503,1402,ai-cantgov-2003,,,,year,2003-07-01T00:00:00,,
1504,1403,ai-cantgov-2004,,,,year,2004-07-01T00:00:00,,
1505,1404,ai-cantgov-2005,,,,year,2005-07-01T00:00:00,,
1506,1405,ai-cantgov-2006,,,,year,2006-07-01T00:00:00,,
1507,1406,ai-cantgov-2007,,,,year,2007-07-01T00:00:00,,
1508,1407,ai-cantgov-2008,,,,year,2008-07-01T00:00:00,,
1509,1408,ai-cantgov-2009,,,,year,2009-07-01T00:00:00,,
1510,1409,ai-cantgov-2010,,,,year,2010-07-01T00:00:00,,
1511,1410,ai-cantgov-2011,,,,year,2011-07-01T00:00:00,,
1512,1411,ai-cantgov-2012,,,,year,2012-07-01T00:00:00,,
1513,1412,ai-cantgov-2013,,,,year,2013-07-01T00:00:00,,
1514,1413,ai-cantgov-2014,,,,year,2014-07-01T00:00:00,,
1515,1414,ai-cantgov-2015,,,,year,2015-07-01T00:00:00,,
1516,1415,ai-cantgov-2016,,,,year,2016-07-01T00:00:00,,
1517,1416,ai-cantgov-2017,,,,year,2017-07-01T00:00:00,,
1518,1417,ai-cantgov-2018,,,,year,2018-07-01T12:00:00,,
1519,1418,ai-cantgov-2019,,,,year,2019-07-01T00:00:00,,
1520,1419,ai-cantgov-2020,,,,year,2020-07-01T00:00:00,,
1521,1420,ai-cantgov-2021,,,,year,2021-07-01T00:00:00,,
1522,1421,ai-cantgov-2022,,,,year,2022-07-01T00:00:00,,
1523,1422,ai-cantgov-2023,,,,year,2023-07-01T00:00:00,,
1524,1423,ai-cantgov-2024,,,,year,2024-07-01T00:00:00,,
1525,1424,sg-fedparl-nat-1919,,,,year,1919-07-01T12:00:00,,
1526,1425,sg-fedparl-nat-1922,,,,year,1922-07-01T00:00:00,,
1527,1426,sg-fedparl-nat-1925,,,,year,1925-07-01T00:00:00,,
1528,1427,sg-fedparl-nat-1928,,,,year,1928-07-01T00:00:00,,
1529,1428,sg-fedparl-nat-1931,,,,year,1931-07-01T00:00:00,,
1530,1429,sg-fedparl-nat-1935,,,,year,1935-07-01T00:00:00,,
1531,1430,sg-fedparl-nat-1939,,,,year,1939-07-01T00:00:00,,
1532,1431,sg-fedparl-nat-1943,,,,year,1943-07-01T00:00:00,,
1533,1432,sg-fedparl-nat-1947,,,,year,1947-07-01T00:00:00,,
1534,1433,sg-fedparl-nat-1951,,,,year,1951-07-01T00:00:00,,
1535,1434,sg-fedparl-nat-1955,,,,year,1955-07-01T00:00:00,,
1536,1435,sg-fedparl-nat-1959,,,,year,1959-07-01T00:00:00,,
1537,1436,sg-fedparl-nat-1963,,,,year,1963-07-01T00:00:00,,
1538,1437,sg-fedparl-nat-1967,,,,year,1967-07-01T00:00:00,,
1539,1438,sg-fedparl-nat-1971,,,,exact,1971-10-31T12:00:00,,
1540,1439,sg-fedparl-nat-1975,,,,exact,1975-10-26T12:00:00,,
1541,1440,sg-fedparl-nat-1979,,,,exact,1979-10-21T12:00:00,,
1542,1441,sg-fedparl-nat-1983,,,,exact,1983-10-23T12:00:00,,
1543,1442,sg-fedparl-nat-1987,,,,exact,1987-10-18T12:00:00,,
1544,1443,sg-fedparl-nat-1991,,,,exact,1991-10-20T12:00:00,,
1545,1444,sg-fedparl-nat-1995,,,,exact,1995-10-22T12:00:00,,
1546,1445,sg-fedparl-nat-1999,,,,exact,1999-10-24T12:00:00,,
1547,1446,sg-fedparl-nat-2003,,,,exact,2003-10-19T12:00:00,,
1548,1447,sg-fedparl-nat-2007,,,,exact,2007-10-21T12:00:00,,
1549,1448,sg-fedparl-nat-2011,,,,exact,2011-10-23T12:00:00,,
1550,1449,sg-fedparl-nat-2015,,,,exact,2015-10-18T12:00:00,,
1551,1450,sg-fedparl-nat-2019,,,,exact,2019-10-20T12:00:00,,
1552,1451,sg-fedparl-nat-2023,,,,exact,2023-10-22T12:00:00,,
1553,1452,sg-fedparl-states-1971,,,,exact,1971-10-31T12:00:00,,
1554,1453,sg-fedparl-states-1975,,,,exact,1975-10-26T12:00:00,,
1555,1454,sg-fedparl-states-1979,,,,exact,1979-10-21T12:00:00,,
1556,1455,sg-fedparl-states-1983,,,,exact,1983-10-23T12:00:00,,
1557,1456,sg-fedparl-states-1987,,,,exact,1987-10-18T12:00:00,,
1558,1457,sg-fedparl-states-1991,,,,exact,1991-10-20T12:00:00,,
1559,1458,sg-fedparl-states-1995,,,,exact,1995-10-22T12:00:00,,
1560,1459,sg-fedparl-states-1999,,,,exact,1999-10-24T12:00:00,,
1561,1460,sg-fedparl-states-2003,,,,exact,2003-10-19T12:00:00,,
1562,1461,sg-fedparl-states-2007,,,,exact,2007-10-21T12:00:00,,
1563,1462,sg-fedparl-states-2011,,,,exact,2011-10-23T12:00:00,,
1564,1463,sg-fedparl-states-2015,,,,exact,2015-10-18T12:00:00,,
1565,1464,sg-fedparl-states-2019,,,,exact,2019-10-20T12:00:00,,
1566,1465,sg-fedparl-states-2023,,,,exact,2023-10-22T12:00:00,,
1567,1466,sg-cantparl-1912,,,,year,1912-07-01T00:00:00,,
1568,1467,sg-cantparl-1915,,,,year,1915-07-01T00:00:00,,
1569,1468,sg-cantparl-1918,,,,year,1918-07-01T00:00:00,,
1570,1469,sg-cantparl-1921,,,,year,1921-07-01T00:00:00,,
1571,1470,sg-cantparl-1924,,,,year,1924-07-01T00:00:00,,
1572,1471,sg-cantparl-1927,,,,year,1927-07-01T00:00:00,,
1573,1472,sg-cantparl-1930,,,,year,1930-07-01T00:00:00,,
1574,1473,sg-cantparl-1933,,,,year,1933-07-01T00:00:00,,
1575,1474,sg-cantparl-1936,,,,year,1936-07-01T00:00:00,,
1576,1475,sg-cantparl-1939,,,,year,1939-07-01T00:00:00,,
1577,1476,sg-cantparl-1942,,,,year,1942-07-01T00:00:00,,
1578,1477,sg-cantparl-1945,,,,year,1945-07-01T00:00:00,,
1579,1478,sg-cantparl-1948,,,,year,1948-07-01T00:00:00,,
1580,1479,sg-cantparl-1951,,,,year,1951-07-01T00:00:00,,
1581,1480,sg-cantparl-1954,,,,year,1954-07-01T00:00:00,,
1582,1481,sg-cantparl-1957,,,,year,1957-07-01T00:00:00,,
1583,1482,sg-cantparl-1960,,,,year,1960-07-01T00:00:00,,
1584,1483,sg-cantparl-1964,,,,year,1964-07-01T00:00:00,,
1585,1484,sg-cantparl-1968,,,,year,1968-07-01T00:00:00,,
1586,1485,sg-cantparl-1972,,,,year,1972-07-01T00:00:00,,
1587,1486,sg-cantparl-1976,,,,year,1976-07-01T00:00:00,,
1588,1487,sg-cantparl-1980,,,,year,1980-07-01T00:00:00,,
1589,1488,sg-cantparl-1984,,,,year,1984-07-01T00:00:00,,
1590,1489,sg-cantparl-1988,,,,year,1988-07-01T00:00:00,,
1591,1490,sg-cantparl-1992,,,,year,1992-07-01T00:00:00,,
1592,1491,sg-cantparl-1996,,,,year,1996-07-01T00:00:00,,
1593,1492,sg-cantparl-2000,,,,year,2000-07-01T00:00:00,,
1594,1493,sg-cantparl-2004,,,,year,2004-07-01T00:00:00,,
1595,1494,sg-cantparl-2008,,,,year,2008-07-01T00:00:00,,
1596,1495,sg-cantparl-2012,,,,year,2012-07-01T00:00:00,,
1597,1496,sg-cantparl-2016,,,,year,2016-07-01T00:00:00,,
1598,1497,sg-cantparl-2020,,,,year,2020-07-01T00:00:00,,
1599,1498,sg-cantparl-2024,,,,year,2024-07-01T00:00:00,,
1600,1499,sg-cantgov-1980,,,,year,1980-07-01T00:00:00,,
1601,1500,sg-cantgov-1984,,,,year,1984-07-01T00:00:00,,
1602,1501,sg-cantgov-1988,,,,year,1988-07-01T00:00:00,,
1603,1502,sg-cantgov-1992,,,,year,1992-07-01T00:00:00,,
1604,1503,sg-cantgov-1996,,,,year,1996-07-01T00:00:00,,
1605,1504,sg-cantgov-2000,,,,year,2000-07-01T00:00:00,,
1606,1505,sg-cantgov-2004,,,,year,2004-07-01T00:00:00,,
1607,1506,sg-cantgov-2008,,,,year,2008-07-01T00:00:00,,
1608,1507,sg-cantgov-2012,,,,year,2012-07-01T00:00:00,,
1609,1508,sg-cantgov-2016,,,,year,2016-07-01T00:00:00,,
1610,1509,sg-cantgov-2020,,,,year,2020-07-01T00:00:00,,
1611,1510,sg-cantgov-2024,,,,year,2024-07-01T00:00:00,,
1612,1511,ch-fedparl-states-1919,,,,exact,1919-10-26T12:00:00,,
1613,1512,ch-fedparl-states-1922,,,,exact,1922-10-29T12:00:00,,
1614,1513,ch-fedparl-states-1925,,,,exact,1925-10-25T12:00:00,,
1615,1514,ch-fedparl-states-1928,,,,exact,1928-10-28T12:00:00,,
1616,1515,ch-fedparl-states-1931,,,,exact,1931-10-25T12:00:00,,
1617,1516,ch-fedparl-states-1935,,,,exact,1935-10-27T12:00:00,,
1618,1517,ch-fedparl-states-1939,,,,exact,1939-10-29T12:00:00,,
1619,1518,ch-fedparl-states-1943,,,,exact,1943-10-31T12:00:00,,
1620,1519,ch-fedparl-states-1947,,,,exact,1947-10-26T12:00:00,,
1621,1520,ch-fedparl-states-1951,,,,exact,1951-10-28T12:00:00,,
1622,1521,ch-fedparl-states-1955,,,,exact,1955-10-30T12:00:00,,
1623,1522,ch-fedparl-states-1959,,,,exact,1959-10-25T12:00:00,,
1624,1523,ch-fedparl-states-1963,,,,exact,1963-10-27T12:00:00,,
1625,1524,ch-fedparl-states-1967,,,,exact,1967-10-29T12:00:00,,
1626,1525,gr-fedparl-nat-1919,,,,exact,1919-10-26T12:00:00,,
1627,1526,gr-fedparl-nat-1922,,,,exact,1922-10-29T12:00:00,,
1628,1527,gr-fedparl-nat-1925,,,,exact,1925-10-25T12:00:00,,
1629,1528,gr-fedparl-nat-1928,,,,exact,1928-10-28T12:00:00,,
1630,1529,gr-fedparl-nat-1931,,,,exact,1931-10-25T12:00:00,,
1631,1530,gr-fedparl-nat-1935,,,,exact,1935-10-27T12:00:00,,
1632,1531,gr-fedparl-nat-1939,,,,exact,1939-10-29T12:00:00,,
1633,1532,gr-fedparl-nat-1943,,,,exact,1943-10-31T12:00:00,,
1634,1533,gr-fedparl-nat-1947,,,,exact,1947-10-26T12:00:00,,
1635,1534,gr-fedparl-nat-1951,,,,exact,1951-10-28T12:00:00,,
1636,1535,gr-fedparl-nat-1955,,,,exact,1955-10-30T12:00:00,,
1637,1536,gr-fedparl-nat-1959,,,,exact,1959-10-25T12:00:00,,
1638,1537,gr-fedparl-nat-1963,,,,exact,1963-10-27T12:00:00,,
1639,1538,gr-fedparl-nat-1967,,,,exact,1967-10-29T12:00:00,,
1640,1539,gr-fedparl-nat-1971,,,,exact,1971-10-31T12:00:00,,
1641,1540,gr-fedparl-nat-1975,,,,exact,1975-10-26T12:00:00,,
1642,1541,gr-fedparl-nat-1979,,,,exact,1979-10-21T12:00:00,,
1643,1542,gr-fedparl-nat-1983,,,,exact,1983-10-23T12:00:00,,
1644,1543,gr-fedparl-nat-1987,,,,exact,1987-10-18T12:00:00,,
1645,1544,gr-fedparl-nat-1991,,,,exact,1991-10-20T12:00:00,,
1646,1545,gr-fedparl-nat-1995,,,,exact,1995-10-22T12:00:00,,
1647,1546,gr-fedparl-nat-1999,,,,exact,1999-10-24T12:00:00,,
1648,1547,gr-fedparl-nat-2003,,,,exact,2003-10-19T12:00:00,,
1649,1548,gr-fedparl-nat-2007,,,,exact,2007-10-21T12:00:00,,
1650,1549,gr-fedparl-nat-2011,,,,exact,2011-10-23T12:00:00,,
1651,1550,gr-fedparl-nat-2015,,,,exact,2015-10-18T12:00:00,,
1652,1551,gr-fedparl-nat-2019,,,,exact,2019-10-20T12:00:00,,
1653,1552,gr-fedparl-nat-2023,,,,exact,2023-10-22T12:00:00,,
1654,1553,gr-fedparl-states-1971,,,,exact,1971-10-31T12:00:00,,
1655,1554,gr-fedparl-states-1975,,,,exact,1975-10-26T12:00:00,,
1656,1555,gr-fedparl-states-1979,,,,exact,1979-10-21T12:00:00,,
1657,1556,gr-fedparl-states-1983,,,,exact,1983-10-23T12:00:00,,
1658,1557,gr-fedparl-states-1987,,,,exact,1987-10-18T12:00:00,,
1659,1558,gr-fedparl-states-1991,,,,exact,1991-10-20T12:00:00,,
1660,1559,gr-fedparl-states-1995,,,,exact,1995-10-22T12:00:00,,
1661,1560,gr-fedparl-states-1999,,,,exact,1999-10-24T12:00:00,,
1662,1561,gr-fedparl-states-2003,,,,exact,2003-10-19T12:00:00,,
1663,1562,gr-fedparl-states-2007,,,,exact,2007-10-21T12:00:00,,
1664,1563,gr-fedparl-states-2011,,,,exact,2011-10-23T12:00:00,,
1665,1564,gr-fedparl-states-2015,,,,exact,2015-10-18T12:00:00,,
1666,1565,gr-fedparl-states-2019,,,,exact,2019-10-20T12:00:00,,
1667,1566,gr-fedparl-states-2023,,,,exact,2023-10-22T12:00:00,,
1668,1567,gr-cantparl-1919,,,,year,1919-07-01T00:00:00,,
1669,1568,gr-cantparl-1921,,,,year,1921-07-01T00:00:00,,
1670,1569,gr-cantparl-1923,,,,year,1923-07-01T00:00:00,,
1671,1570,gr-cantparl-1925,,,,year,1925-07-01T00:00:00,,
1672,1571,gr-cantparl-1927,,,,year,1927-07-01T00:00:00,,
1673,1572,gr-cantparl-1929,,,,year,1929-07-01T00:00:00,,
1674,1573,gr-cantparl-1931,,,,year,1931-07-01T00:00:00,,
1675,1574,gr-cantparl-1933,,,,year,1933-07-01T00:00:00,,
1676,1575,gr-cantparl-1935,,,,year,1935-07-01T00:00:00,,
1677,1576,gr-cantparl-1937,,,,year,1937-07-01T00:00:00,,
1678,1577,gr-cantparl-1939,,,,year,1939-07-01T00:00:00,,
1679,1578,gr-cantparl-1941,,,,year,1941-07-01T00:00:00,,
1680,1579,gr-cantparl-1943,,,,year,1943-07-01T00:00:00,,
1681,1580,gr-cantparl-1945,,,,year,1945-07-01T00:00:00,,
1682,1581,gr-cantparl-1947,,,,year,1947-07-01T00:00:00,,
1683,1582,gr-cantparl-1949,,,,year,1949-07-01T00:00:00,,
1684,1583,gr-cantparl-1951,,,,year,1951-07-01T00:00:00,,
1685,1584,gr-cantparl-1953,,,,year,1953-07-01T00:00:00,,
1686,1585,gr-cantparl-1955,,,,year,1955-07-01T00:00:00,,
1687,1586,gr-cantparl-1957,,,,year,1957-07-01T00:00:00,,
1688,1587,gr-cantparl-1959,,,,year,1959-07-01T00:00:00,,
1689,1588,gr-cantparl-1961,,,,year,1961-07-01T00:00:00,,
1690,1589,gr-cantparl-1963,,,,year,1963-07-01T00:00:00,,
1691,1590,gr-cantparl-1965,,,,year,1965-07-01T00:00:00,,
1692,1591,gr-cantparl-1967,,,,year,1967-07-01T00:00:00,,
1693,1592,gr-cantparl-1969,,,,year,1969-07-01T00:00:00,,
1694,1593,gr-cantparl-1971,,,,year,1971-07-01T00:00:00,,
1695,1594,gr-cantparl-1973,,,,year,1973-07-01T00:00:00,,
1696,1595,gr-cantparl-1975,,,,year,1975-07-01T00:00:00,,
1697,1596,gr-cantparl-1977,,,,year,1977-07-01T00:00:00,,
1698,1597,gr-cantparl-1979,,,,year,1979-07-01T00:00:00,,
1699,1598,gr-cantparl-1981,,,,year,1981-07-01T00:00:00,,
1700,1599,gr-cantparl-1983,,,,year,1983-07-01T00:00:00,,
1701,1600,gr-cantparl-1985,,,,year,1985-07-01T00:00:00,,
1702,1601,gr-cantparl-1987,,,,year,1987-07-01T00:00:00,,
1703,1602,gr-cantparl-1989,,,,year,1989-07-01T00:00:00,,
1704,1603,gr-cantparl-1991,,,,year,1991-07-01T00:00:00,,
1705,1604,gr-cantparl-1994,,,,year,1994-07-01T12:00:00,,
1706,1605,gr-cantparl-1997,,,,year,1997-07-01T00:00:00,,
1707,1606,gr-cantparl-2000,,,,year,2000-07-01T00:00:00,,
1708,1607,gr-cantparl-2003,,,,year,2003-07-01T00:00:00,,
1709,1608,gr-cantparl-2006,,,,year,2006-07-01T00:00:00,,
1710,1609,gr-cantparl-2010,,,,year,2010-07-01T00:00:00,,
1711,1610,gr-cantparl-2014,,,,year,2014-07-01T00:00:00,,
1712,1611,gr-cantparl-2018,,,,year,2018-07-01T12:00:00,,
1713,1612,gr-cantparl-2022,,,,year,2022-07-01T00:00:00,,
1714,1613,gr-cantgov-1982,,,,year,1982-07-01T00:00:00,,
1715,1614,gr-cantgov-1986,,,,year,1986-07-01T00:00:00,,
1716,1615,gr-cantgov-1990,,,,year,1990-07-01T00:00:00,,
1717,1616,gr-cantgov-1994,,,,year,1994-07-01T12:00:00,,
1718,1617,gr-cantgov-1998,,,,year,1998-07-01T00:00:00,,
1719,1618,gr-cantgov-2002,,,,year,2002-07-01T00:00:00,,
1720,1619,gr-cantgov-2006,,,,year,2006-07-01T00:00:00,,
1721,1620,gr-cantgov-2010,,,,year,2010-07-01T00:00:00,,
1722,1621,gr-cantgov-2014,,,,year,2014-07-01T00:00:00,,
1723,1622,gr-cantgov-2018,,,,year,2018-07-01T12:00:00,,
1724,1623,gr-cantgov-2022,,,,year,2022-07-01T00:00:00,,
1725,1624,ag-fedparl-nat-1919,,,,exact,1919-10-26T12:00:00,,
1726,1625,ag-fedparl-nat-1922,,,,exact,1922-10-29T12:00:00,,
1727,1626,ag-fedparl-nat-1925,,,,exact,1925-10-25T12:00:00,,
1728,1627,ag-fedparl-nat-1928,,,,exact,1928-10-28T12:00:00,,
1729,1628,ag-fedparl-nat-1931,,,,exact,1931-10-25T12:00:00,,
1730,1629,ag-fedparl-nat-1935,,,,exact,1935-10-27T12:00:00,,
1731,1630,ag-fedparl-nat-1939,,,,exact,1939-10-29T12:00:00,,
1732,1631,ag-fedparl-nat-1943,,,,exact,1943-10-31T12:00:00,,
1733,1632,ag-fedparl-nat-1947,,,,exact,1947-10-26T12:00:00,,
1734,1633,ag-fedparl-nat-1951,,,,exact,1951-10-28T12:00:00,,
1735,1634,ag-fedparl-nat-1955,,,,exact,1955-10-30T12:00:00,,
1736,1635,ag-fedparl-nat-1959,,,,exact,1959-10-25T12:00:00,,
1737,1636,ag-fedparl-nat-1963,,,,exact,1963-10-27T12:00:00,,
1738,1637,ag-fedparl-nat-1967,,,,exact,1967-10-29T12:00:00,,
1739,1638,ag-fedparl-nat-1971,,,,exact,1971-10-31T12:00:00,,
1740,1639,ag-fedparl-nat-1975,,,,exact,1975-10-26T12:00:00,,
1741,1640,ag-fedparl-nat-1979,,,,exact,1979-10-21T12:00:00,,
1742,1641,ag-fedparl-nat-1983,,,,exact,1983-10-23T12:00:00,,
1743,1642,ag-fedparl-nat-1987,,,,exact,1987-10-18T12:00:00,,
1744,1643,ag-fedparl-nat-1991,,,,exact,1991-10-20T12:00:00,,
1745,1644,ag-fedparl-nat-1995,,,,exact,1995-10-22T12:00:00,,
1746,1645,ag-fedparl-nat-1999,,,,exact,1999-10-24T12:00:00,,
1747,1646,ag-fedparl-nat-2003,,,,exact,2003-10-19T12:00:00,,
1748,1647,ag-fedparl-nat-2007,,,,exact,2007-10-21T12:00:00,,
1749,1648,ag-fedparl-nat-2011,,,,exact,2011-10-23T12:00:00,,
1750,1649,ag-fedparl-nat-2015,,,,exact,2015-10-18T12:00:00,,
1751,1650,ag-fedparl-nat-2019,,,,exact,2019-10-20T12:00:00,,
1752,1651,ag-fedparl-nat-2023,,,,exact,2023-10-22T12:00:00,,
1753,1652,ag-fedparl-states-1971,,,,exact,1971-10-31T12:00:00,,
1754,1653,ag-fedparl-states-1975,,,,exact,1975-10-26T12:00:00,,
1755,1654,ag-fedparl-states-1979,,,,exact,1979-10-21T12:00:00,,
1756,1655,ag-fedparl-states-1983,,,,exact,1983-10-23T12:00:00,,
1757,1656,ag-fedparl-states-1987,,,,exact,1987-10-18T12:00:00,,
1758,1657,ag-fedparl-states-1991,,,,exact,1991-10-20T12:00:00,,
1759,1658,ag-fedparl-states-1995,,,,exact,1995-10-22T12:00:00,,
1760,1659,ag-fedparl-states-1999,,,,exact,1999-10-24T12:00:00,,
1761,1660,ag-fedparl-states-2003,,,,exact,2003-10-19T12:00:00,,
1762,1661,ag-fedparl-states-2007,,,,exact,2007-10-21T12:00:00,,
1763,1662,ag-fedparl-states-2011,,,,exact,2011-10-23T12:00:00,,
1764,1663,ag-fedparl-states-2015,,,,exact,2015-10-18T12:00:00,,
1765,1664,ag-fedparl-states-2019,,,,exact,2019-10-20T12:00:00,,
1766,1665,ag-fedparl-states-2023,,,,exact,2023-10-22T12:00:00,,
1767,1666,ag-cantparl-1933,,,,year,1933-07-01T00:00:00,,
1768,1667,ag-cantparl-1937,,,,year,1937-07-01T00:00:00,,
1769,1668,ag-cantparl-1941,,,,year,1941-07-01T00:00:00,,
1770,1669,ag-cantparl-1945,,,,year,1945-07-01T00:00:00,,
1771,1670,ag-cantparl-1949,,,,year,1949-07-01T00:00:00,,
1772,1671,ag-cantparl-1953,,,,year,1953-07-01T00:00:00,,
1773,1672,ag-cantparl-1957,,,,year,1957-07-01T00:00:00,,
1774,1673,ag-cantparl-1961,,,,year,1961-07-01T00:00:00,,
1775,1674,ag-cantparl-1965,,,,year,1965-07-01T00:00:00,,
1776,1675,ag-cantparl-1969,,,,year,1969-07-01T00:00:00,,
1777,1676,ag-cantparl-1973,,,,year,1973-07-01T00:00:00,,
1778,1677,ag-cantparl-1977,,,,year,1977-07-01T00:00:00,,
1779,1678,ag-cantparl-1981,,,,year,1981-07-01T00:00:00,,
1780,1679,ag-cantparl-1985,,,,year,1985-07-01T00:00:00,,
1781,1680,ag-cantparl-1989,,,,year,1989-07-01T00:00:00,,
1782,1681,ag-cantparl-1993,,,,year,1993-07-01T00:00:00,,
1783,1682,ag-cantparl-1997,,,,year,1997-07-01T00:00:00,,
1784,1683,ag-cantparl-2001,,,,year,2001-07-01T00:00:00,,
1785,1684,ag-cantparl-2005,,,,year,2005-07-01T00:00:00,,
1786,1685,ag-cantparl-2009,,,,year,2009-07-01T00:00:00,,
1787,1686,ag-cantparl-2012,,,,year,2012-07-01T00:00:00,,
1788,1687,ag-cantparl-2016,,,,year,2016-07-01T00:00:00,,
1789,1688,ag-cantparl-2020,,,,year,2020-07-01T00:00:00,,
1790,1689,ag-cantparl-2024,,,,year,2024-07-01T00:00:00,,
1791,1690,ag-cantgov-1977,,,,year,1977-07-01T00:00:00,,
1792,1691,ag-cantgov-1981,,,,year,1981-07-01T00:00:00,,
1793,1692,ag-cantgov-1985,,,,year,1985-07-01T00:00:00,,
1794,1693,ag-cantgov-1988,,,,year,1988-07-01T00:00:00,,
1795,1694,ag-cantgov-1992,,,,year,1992-07-01T00:00:00,,
1796,1695,ag-cantgov-1996,,,,year,1996-07-01T00:00:00,,
1797,1696,ag-cantgov-2000,,,,year,2000-07-01T00:00:00,,
1798,1697,ag-cantgov-2004,,,,year,2004-07-01T00:00:00,,
1799,1698,ag-cantgov-2008,,,,year,2008-07-01T00:00:00,,
1800,1699,ag-cantgov-2012,,,,year,2012-07-01T00:00:00,,
1801,1700,ag-cantgov-2016,,,,year,2016-07-01T00:00:00,,
1802,1701,ag-cantgov-2020,,,,year,2020-07-01T00:00:00,,
1803,1702,ag-cantgov-2024,,,,year,2024-07-01T00:00:00,,
1804,1703,tg-fedparl-nat-1919,,,,exact,1919-10-26T12:00:00,,
1805,1704,tg-fedparl-nat-1922,,,,exact,1922-10-29T12:00:00,,
1806,1705,tg-fedparl-nat-1925,,,,exact,1925-10-25T12:00:00,,
1807,1706,tg-fedparl-nat-1928,,,,exact,1928-10-28T12:00:00,,
1808,1707,tg-fedparl-nat-1931,,,,exact,1931-10-25T12:00:00,,
1809,1708,tg-fedparl-nat-1935,,,,exact,1935-10-27T12:00:00,,
1810,1709,tg-fedparl-nat-1939,,,,exact,1939-10-29T12:00:00,,
1811,1710,tg-fedparl-nat-1943,,,,exact,1943-10-31T12:00:00,,
1812,1711,tg-fedparl-nat-1947,,,,exact,1947-10-26T12:00:00,,
1813,1712,tg-fedparl-nat-1951,,,,exact,1951-10-28T12:00:00,,
1814,1713,tg-fedparl-nat-1955,,,,exact,1955-10-30T12:00:00,,
1815,1714,tg-fedparl-nat-1959,,,,exact,1959-10-25T12:00:00,,
1816,1715,tg-fedparl-nat-1963,,,,exact,1963-10-27T12:00:00,,
1817,1716,tg-fedparl-nat-1967,,,,exact,1967-10-29T12:00:00,,
1818,1717,tg-fedparl-nat-1971,,,,exact,1971-10-31T12:00:00,,
1819,1718,tg-fedparl-nat-1975,,,,exact,1975-10-26T12:00:00,,
1820,1719,tg-fedparl-nat-1979,,,,exact,1979-10-21T12:00:00,,
1821,1720,tg-fedparl-nat-1983,,,,exact,1983-10-23T12:00:00,,
1822,1721,tg-fedparl-nat-1987,,,,exact,1987-10-18T12:00:00,,
1823,1722,tg-fedparl-nat-1991,,,,exact,1991-10-20T12:00:00,,
1824,1723,tg-fedparl-nat-1995,,,,exact,1995-10-22T12:00:00,,
1825,1724,tg-fedparl-nat-1999,,,,exact,1999-10-24T12:00:00,,
1826,1725,tg-fedparl-nat-2003,,,,exact,2003-10-19T12:00:00,,
1827,1726,tg-fedparl-nat-2007,,,,exact,2007-10-21T12:00:00,,
1828,1727,tg-fedparl-nat-2011,,,,exact,2011-10-23T12:00:00,,
1829,1728,tg-fedparl-nat-2015,,,,exact,2015-10-18T12:00:00,,
1830,1729,tg-fedparl-nat-2019,,,,exact,2019-10-20T12:00:00,,
1831,1730,tg-fedparl-nat-2023,,,,exact,2023-10-22T12:00:00,,
1832,1731,tg-fedparl-states-1971,,,,exact,1971-10-31T12:00:00,,
1833,1732,tg-fedparl-states-1975,,,,exact,1975-10-26T12:00:00,,
1834,1733,tg-fedparl-states-1979,,,,exact,1979-10-21T12:00:00,,
1835,1734,tg-fedparl-states-1983,,,,exact,1983-10-23T12:00:00,,
1836,1735,tg-fedparl-states-1987,,,,exact,1987-10-18T12:00:00,,
1837,1736,tg-fedparl-states-1991,,,,exact,1991-10-20T12:00:00,,
1838,1737,tg-fedparl-states-1995,,,,exact,1995-10-22T12:00:00,,
1839,1738,tg-fedparl-states-1999,,,,exact,1999-10-24T12:00:00,,
1840,1739,tg-fedparl-states-2003,,,,exact,2003-10-19T12:00:00,,
1841,1740,tg-fedparl-states-2007,,,,exact,2007-10-21T12:00:00,,
1842,1741,tg-fedparl-states-2011,,,,exact,2011-10-23T12:00:00,,
1843,1742,tg-fedparl-states-2015,,,,exact,2015-10-18T12:00:00,,
1844,1743,tg-fedparl-states-2019,,,,exact,2019-10-20T12:00:00,,
1845,1744,tg-fedparl-states-2023,,,,exact,2023-10-22T12:00:00,,
1846,1745,tg-cantparl-1920,,,,year,1920-07-01T00:00:00,,
1847,1746,tg-cantparl-1923,,,,year,1923-07-01T00:00:00,,
1848,1747,tg-cantparl-1926,,,,year,1926-07-01T00:00:00,,
1849,1748,tg-cantparl-1929,,,,year,1929-07-01T00:00:00,,
1850,1749,tg-cantparl-1932,,,,year,1932-07-01T00:00:00,,
1851,1750,tg-cantparl-1935,,,,year,1935-07-01T00:00:00,,
1852,1751,tg-cantparl-1938,,,,year,1938-07-01T00:00:00,,
1853,1752,tg-cantparl-1941,,,,year,1941-07-01T00:00:00,,
1854,1753,tg-cantparl-1944,,,,year,1944-07-01T00:00:00,,
1855,1754,tg-cantparl-1947,,,,year,1947-07-01T00:00:00,,
1856,1755,tg-cantparl-1950,,,,year,1950-07-01T00:00:00,,
1857,1756,tg-cantparl-1953,,,,year,1953-07-01T00:00:00,,
1858,1757,tg-cantparl-1956,,,,year,1956-07-01T00:00:00,,
1859,1758,tg-cantparl-1959,,,,year,1959-07-01T00:00:00,,
1860,1759,tg-cantparl-1962,,,,year,1962-07-01T00:00:00,,
1861,1760,tg-cantparl-1965,,,,year,1965-07-01T00:00:00,,
1862,1761,tg-cantparl-1968,,,,year,1968-07-01T00:00:00,,
1863,1762,tg-cantparl-1972,,,,year,1972-07-01T00:00:00,,
1864,1763,tg-cantparl-1976,,,,year,1976-07-01T00:00:00,,
1865,1764,tg-cantparl-1980,,,,year,1980-07-01T00:00:00,,
1866,1765,tg-cantparl-1984,,,,year,1984-07-01T00:00:00,,
1867,1766,tg-cantparl-1988,,,,year,1988-07-01T00:00:00,,
1868,1767,tg-cantparl-1992,,,,year,1992-07-01T00:00:00,,
1869,1768,tg-cantparl-1996,,,,year,1996-07-01T00:00:00,,
1870,1769,tg-cantparl-2000,,,,year,2000-07-01T00:00:00,,
1871,1770,tg-cantparl-2004,,,,year,2004-07-01T00:00:00,,
1872,1771,tg-cantparl-2008,,,,year,2008-07-01T00:00:00,,
1873,1772,tg-cantparl-2012,,,,year,2012-07-01T00:00:00,,
1874,1773,tg-cantparl-2016,,,,year,2016-07-01T00:00:00,,
1875,1774,tg-cantparl-2020,,,,year,2020-07-01T00:00:00,,
1876,1775,tg-cantparl-2024,,,,year,2024-07-01T00:00:00,,
1877,1776,tg-cantgov-1980,,,,year,1980-07-01T00:00:00,,
1878,1777,tg-cantgov-1984,,,,year,1984-07-01T00:00:00,,
1879,1778,tg-cantgov-1988,,,,year,1988-07-01T00:00:00,,
1880,1779,tg-cantgov-1992,,,,year,1992-07-01T00:00:00,,
1881,1780,tg-cantgov-1996,,,,year,1996-07-01T00:00:00,,
1882,1781,tg-cantgov-2000,,,,year,2000-07-01T00:00:00,,
1883,1782,tg-cantgov-2004,,,,year,2004-07-01T00:00:00,,
1884,1783,tg-cantgov-2008,,,,year,2008-07-01T00:00:00,,
1885,1784,tg-cantgov-2012,,,,year,2012-07-01T00:00:00,,
1886,1785,tg-cantgov-2016,,,,year,2016-07-01T00:00:00,,
1887,1786,tg-cantgov-2020,,,,year,2020-07-01T00:00:00,,
1888,1787,tg-cantgov-2024,,,,year,2024-07-01T00:00:00,,
1889,1788,vd-fedparl-nat-1919,,,,exact,1919-10-26T12:00:00,,
1890,1789,vd-fedparl-nat-1922,,,,exact,1922-10-29T12:00:00,,
1891,1790,vd-fedparl-nat-1925,,,,exact,1925-10-25T12:00:00,,
1892,1791,vd-fedparl-nat-1928,,,,exact,1928-10-28T12:00:00,,
1893,1792,vd-fedparl-nat-1931,,,,exact,1931-10-25T12:00:00,,
1894,1793,vd-fedparl-nat-1935,,,,exact,1935-10-27T12:00:00,,
1895,1794,vd-fedparl-nat-1939,,,,exact,1939-10-29T12:00:00,,
1896,1795,vd-fedparl-nat-1943,,,,exact,1943-10-31T12:00:00,,
1897,1796,vd-fedparl-nat-1947,,,,exact,1947-10-26T12:00:00,,
1898,1797,vd-fedparl-nat-1951,,,,exact,1951-10-28T12:00:00,,
1899,1798,vd-fedparl-nat-1955,,,,exact,1955-10-30T12:00:00,,
1900,1799,vd-fedparl-nat-1959,,,,exact,1959-10-25T12:00:00,,
1901,1800,vd-fedparl-nat-1963,,,,exact,1963-10-27T12:00:00,,
1902,1801,vd-fedparl-nat-1967,,,,exact,1967-10-29T12:00:00,,
1903,1802,vd-fedparl-nat-1971,,,,exact,1971-10-31T12:00:00,,
1904,1803,vd-fedparl-nat-1975,,,,exact,1975-10-26T12:00:00,,
1905,1804,vd-fedparl-nat-1979,,,,exact,1979-10-21T12:00:00,,
1906,1805,vd-fedparl-nat-1983,,,,exact,1983-10-23T12:00:00,,
1907,1806,vd-fedparl-nat-1987,,,,exact,1987-10-18T12:00:00,,
1908,1807,vd-fedparl-nat-1991,,,,exact,1991-10-20T12:00:00,,
1909,1808,vd-fedparl-nat-1995,,,,exact,1995-10-22T12:00:00,,
1910,1809,vd-fedparl-nat-1999,,,,exact,1999-10-24T12:00:00,,
1911,1810,vd-fedparl-nat-2003,,,,exact,2003-10-19T12:00:00,,
1912,1811,vd-fedparl-nat-2007,,,,exact,2007-10-21T12:00:00,,
1913,1812,vd-fedparl-nat-2011,,,,exact,2011-10-23T12:00:00,,
1914,1813,vd-fedparl-nat-2015,,,,exact,2015-10-18T12:00:00,,
1915,1814,vd-fedparl-nat-2019,,,,exact,2019-10-20T12:00:00,,
1916,1815,vd-fedparl-nat-2023,,,,exact,2023-10-22T12:00:00,,
1917,1816,vd-fedparl-states-1971,,,,exact,1971-10-31T12:00:00,,
1918,1817,vd-fedparl-states-1975,,,,exact,1975-10-26T12:00:00,,
1919,1818,vd-fedparl-states-1979,,,,exact,1979-10-21T12:00:00,,
1920,1819,vd-fedparl-states-1983,,,,exact,1983-10-23T12:00:00,,
1921,1820,vd-fedparl-states-1987,,,,exact,1987-10-18T12:00:00,,
1922,1821,vd-fedparl-states-1991,,,,exact,1991-10-20T12:00:00,,
1923,1822,vd-fedparl-states-1995,,,,exact,1995-10-22T12:00:00,,
1924,1823,vd-fedparl-states-1999,,,,exact,1999-10-24T12:00:00,,
1925,1824,vd-fedparl-states-2003,,,,exact,2003-10-19T12:00:00,,
1926,1825,vd-fedparl-states-2007,,,,exact,2007-10-21T12:00:00,,
1927,1826,vd-fedparl-states-2011,,,,exact,2011-10-23T12:00:00,,
1928,1827,vd-fedparl-states-2015,,,,exact,2015-10-18T12:00:00,,
1929,1828,vd-fedparl-states-2019,,,,exact,2019-10-20T12:00:00,,
1930,1829,vd-fedparl-states-2023,,,,exact,2023-10-22T12:00:00,,
1931,1830,vd-cantparl-1945,,,,year,1945-07-01T00:00:00,,
1932,1831,vd-cantparl-1949,,,,year,1949-07-01T00:00:00,,
1933,1832,vd-cantparl-1953,,,,year,1953-07-01T00:00:00,,
1934,1833,vd-cantparl-1957,,,,year,1957-07-01T00:00:00,,
1935,1834,vd-cantparl-1962,,,,year,1962-07-01T00:00:00,,
1936,1835,vd-cantparl-1966,,,,year,1966-07-01T00:00:00,,
1937,1836,vd-cantparl-1970,,,,year,1970-07-01T00:00:00,,
1938,1837,vd-cantparl-1974,,,,year,1974-07-01T00:00:00,,
1939,1838,vd-cantparl-1978,,,,year,1978-07-01T00:00:00,,
1940,1839,vd-cantparl-1982,,,,year,1982-07-01T00:00:00,,
1941,1840,vd-cantparl-1986,,,,year,1986-07-01T00:00:00,,
1942,1841,vd-cantparl-1990,,,,year,1990-07-01T00:00:00,,
1943,1842,vd-cantparl-1994,,,,year,1994-07-01T12:00:00,,
1944,1843,vd-cantparl-1998,,,,year,1998-07-01T00:00:00,,
1945,1844,vd-cantparl-2002,,,,year,2002-07-01T00:00:00,,
1946,1845,vd-cantparl-2007,,,,year,2007-07-01T00:00:00,,
1947,1846,vd-cantparl-2012,,,,year,2012-07-01T00:00:00,,
1948,1847,vd-cantparl-2017,,,,year,2017-07-01T00:00:00,,
1949,1848,vd-cantparl-2022,,,,year,2022-07-01T00:00:00,,
1950,1849,vd-cantgov-1982,,,,year,1982-07-01T00:00:00,,
1951,1850,vd-cantgov-1986,,,,year,1986-07-01T00:00:00,,
1952,1851,vd-cantgov-1990,,,,year,1990-07-01T00:00:00,,
1953,1852,vd-cantgov-1994,,,,year,1994-07-01T12:00:00,,
1954,1853,vd-cantgov-1998,,,,year,1998-07-01T00:00:00,,
1955,1854,vd-cantgov-2002,,,,year,2002-07-01T00:00:00,,
1956,1855,vd-cantgov-2007,,,,year,2007-07-01T00:00:00,,
1957,1856,vd-cantgov-2012,,,,year,2012-07-01T00:00:00,,
1958,1857,vd-cantgov-2017,,,,year,2017-07-01T00:00:00,,
1959,1858,vd-cantgov-2022,,,,year,2022-07-01T00:00:00,,
1960,1859,ne-fedparl-nat-1919,,,,exact,1919-10-26T12:00:00,,
1961,1860,ne-fedparl-nat-1922,,,,exact,1922-10-29T12:00:00,,
1962,1861,ne-fedparl-nat-1925,,,,exact,1925-10-25T12:00:00,,
1963,1862,ne-fedparl-nat-1928,,,,exact,1928-10-28T12:00:00,,
1964,1863,ne-fedparl-nat-1931,,,,exact,1931-10-25T12:00:00,,
1965,1864,ne-fedparl-nat-1935,,,,exact,1935-10-27T12:00:00,,
1966,1865,ne-fedparl-nat-1939,,,,exact,1939-10-29T12:00:00,,
1967,1866,ne-fedparl-nat-1943,,,,exact,1943-10-31T12:00:00,,
1968,1867,ne-fedparl-nat-1947,,,,exact,1947-10-26T12:00:00,,
1969,1868,ne-fedparl-nat-1951,,,,exact,1951-10-28T12:00:00,,
1970,1869,ne-fedparl-nat-1955,,,,exact,1955-10-30T12:00:00,,
1971,1870,ne-fedparl-nat-1959,,,,exact,1959-10-25T12:00:00,,
1972,1871,ne-fedparl-nat-1963,,,,exact,1963-10-27T12:00:00,,
1973,1872,ne-fedparl-nat-1967,,,,exact,1967-10-29T12:00:00,,
1974,1873,ne-fedparl-nat-1971,,,,exact,1971-10-31T12:00:00,,
1975,1874,ne-fedparl-nat-1975,,,,exact,1975-10-26T12:00:00,,
1976,1875,ne-fedparl-nat-1979,,,,exact,1979-10-21T12:00:00,,
1977,1876,ne-fedparl-nat-1983,,,,exact,1983-10-23T12:00:00,,
1978,1877,ne-fedparl-nat-1987,,,,exact,1987-10-18T12:00:00,,
1979,1878,ne-fedparl-nat-1991,,,,exact,1991-10-20T12:00:00,,
1980,1879,ne-fedparl-nat-1995,,,,exact,1995-10-22T12:00:00,,
1981,1880,ne-fedparl-nat-1999,,,,exact,1999-10-24T12:00:00,,
1982,1881,ne-fedparl-nat-2003,,,,exact,2003-10-19T12:00:00,,
1983,1882,ne-fedparl-nat-2007,,,,exact,2007-10-21T12:00:00,,
1984,1883,ne-fedparl-nat-2011,,,,exact,2011-10-23T12:00:00,,
1985,1884,ne-fedparl-nat-2015,,,,exact,2015-10-18T12:00:00,,
1986,1885,ne-fedparl-nat-2019,,,,exact,2019-10-20T12:00:00,,
1987,1886,ne-fedparl-nat-2023,,,,exact,2023-10-22T12:00:00,,
1988,1887,ne-fedparl-states-1971,,,,exact,1971-10-31T12:00:00,,
1989,1888,ne-fedparl-states-1975,,,,exact,1975-10-26T12:00:00,,
1990,1889,ne-fedparl-states-1979,,,,exact,1979-10-21T12:00:00,,
1991,1890,ne-fedparl-states-1983,,,,exact,1983-10-23T12:00:00,,
1992,1891,ne-fedparl-states-1987,,,,exact,1987-10-18T12:00:00,,
1993,1892,ne-fedparl-states-1991,,,,exact,1991-10-20T12:00:00,,
1994,1893,ne-fedparl-states-1995,,,,exact,1995-10-22T12:00:00,,
1995,1894,ne-fedparl-states-1999,,,,exact,1999-10-24T12:00:00,,
1996,1895,ne-fedparl-states-2003,,,,exact,2003-10-19T12:00:00,,
1997,1896,ne-fedparl-states-2007,,,,exact,2007-10-21T12:00:00,,
1998,1897,ne-fedparl-states-2011,,,,exact,2011-10-23T12:00:00,,
1999,1898,ne-fedparl-states-2015,,,,exact,2015-10-18T12:00:00,,
2000,1899,ne-fedparl-states-2019,,,,exact,2019-10-20T12:00:00,,
2001,1900,ne-fedparl-states-2023,,,,exact,2023-10-22T12:00:00,,
2002,1901,ne-cantparl-1953,,,,year,1953-07-01T00:00:00,,
2003,1902,ne-cantparl-1957,,,,year,1957-07-01T00:00:00,,
2004,1903,ne-cantparl-1961,,,,year,1961-07-01T00:00:00,,
2005,1904,ne-cantparl-1965,,,,year,1965-07-01T00:00:00,,
2006,1905,ne-cantparl-1969,,,,year,1969-07-01T00:00:00,,
2007,1906,ne-cantparl-1973,,,,year,1973-07-01T00:00:00,,
2008,1907,ne-cantparl-1977,,,,year,1977-07-01T00:00:00,,
2009,1908,ne-cantparl-1981,,,,year,1981-07-01T00:00:00,,
2010,1909,ne-cantparl-1985,,,,year,1985-07-01T00:00:00,,
2011,1910,ne-cantparl-1989,,,,year,1989-07-01T00:00:00,,
2012,1911,ne-cantparl-1993,,,,year,1993-07-01T00:00:00,,
2013,1912,ne-cantparl-1997,,,,year,1997-07-01T00:00:00,,
2014,1913,ne-cantparl-2001,,,,year,2001-07-01T00:00:00,,
2015,1914,ne-cantparl-2005,,,,year,2005-07-01T00:00:00,,
2016,1915,ne-cantparl-2009,,,,year,2009-07-01T00:00:00,,
2017,1916,ne-cantparl-2013,,,,year,2013-07-01T00:00:00,,
2018,1917,ne-cantparl-2017,,,,year,2017-07-01T00:00:00,,
2019,1918,ne-cantparl-2021,,,,year,2021-07-01T00:00:00,,
2020,1919,ne-cantgov-1981,,,,year,1981-07-01T00:00:00,,
2021,1920,ne-cantgov-1985,,,,year,1985-07-01T00:00:00,,
2022,1921,ne-cantgov-1989,,,,year,1989-07-01T00:00:00,,
2023,1922,ne-cantgov-1993,,,,year,1993-07-01T00:00:00,,
2024,1923,ne-cantgov-1997,,,,year,1997-07-01T00:00:00,,
2025,1924,ne-cantgov-2001,,,,year,2001-07-01T00:00:00,,
2026,1925,ne-cantgov-2005,,,,year,2005-07-01T00:00:00,,
2027,1926,ne-cantgov-2009,,,,year,2009-07-01T00:00:00,,
2028,1927,ne-cantgov-2013,,,,year,2013-07-01T00:00:00,,
2029,1928,ne-cantgov-2017,,,,year,2017-07-01T00:00:00,,
2030,1929,ne-cantgov-2021,,,,year,2021-07-01T00:00:00,,
2031,1930,ge-fedparl-nat-1919,,,,exact,1919-10-26T12:00:00,,
2032,1931,ge-fedparl-nat-1922,,,,exact,1922-10-29T12:00:00,,
2033,1932,ge-fedparl-nat-1925,,,,exact,1925-10-25T12:00:00,,
2034,1933,ge-fedparl-nat-1928,,,,exact,1928-10-28T12:00:00,,
2035,1934,ge-fedparl-nat-1931,,,,exact,1931-10-25T12:00:00,,
2036,1935,ge-fedparl-nat-1935,,,,exact,1935-10-27T12:00:00,,
2037,1936,ge-fedparl-nat-1939,,,,exact,1939-10-29T12:00:00,,
2038,1937,ge-fedparl-nat-1943,,,,exact,1943-10-31T12:00:00,,
2039,1938,ge-fedparl-nat-1947,,,,exact,1947-10-26T12:00:00,,
2040,1939,ge-fedparl-nat-1951,,,,exact,1951-10-28T12:00:00,,
2041,1940,ge-fedparl-nat-1955,,,,exact,1955-10-30T12:00:00,,
2042,1941,ge-fedparl-nat-1959,,,,exact,1959-10-25T12:00:00,,
2043,1942,ge-fedparl-nat-1963,,,,exact,1963-10-27T12:00:00,,
2044,1943,ge-fedparl-nat-1967,,,,exact,1967-10-29T12:00:00,,
2045,1944,ge-fedparl-nat-1971,,,,exact,1971-10-31T12:00:00,,
2046,1945,ge-fedparl-nat-1975,,,,exact,1975-10-26T12:00:00,,
2047,1946,ge-fedparl-nat-1979,,,,exact,1979-10-21T12:00:00,,
2048,1947,ge-fedparl-nat-1983,,,,exact,1983-10-23T12:00:00,,
2049,1948,ge-fedparl-nat-1987,,,,exact,1987-10-18T12:00:00,,
2050,1949,ge-fedparl-nat-1991,,,,exact,1991-10-20T12:00:00,,
2051,1950,ge-fedparl-nat-1995,,,,exact,1995-10-22T12:00:00,,
2052,1951,ge-fedparl-nat-1999,,,,exact,1999-10-24T12:00:00,,
2053,1952,ge-fedparl-nat-2003,,,,exact,2003-10-19T12:00:00,,
2054,1953,ge-fedparl-nat-2007,,,,exact,2007-10-21T12:00:00,,
2055,1954,ge-fedparl-nat-2011,,,,exact,2011-10-23T12:00:00,,
2056,1955,ge-fedparl-nat-2015,,,,exact,2015-10-18T12:00:00,,
2057,1956,ge-fedparl-nat-2019,,,,exact,2019-10-20T12:00:00,,
2058,1957,ge-fedparl-nat-2023,,,,exact,2023-10-22T12:00:00,,
2059,1958,ge-fedparl-states-1971,,,,exact,1971-10-31T12:00:00,,
2060,1959,ge-fedparl-states-1975,,,,exact,1975-10-26T12:00:00,,
2061,1960,ge-fedparl-states-1979,,,,exact,1979-10-21T12:00:00,,
2062,1961,ge-fedparl-states-1983,,,,exact,1983-10-23T12:00:00,,
2063,1962,ge-fedparl-states-1987,,,,exact,1987-10-18T12:00:00,,
2064,1963,ge-fedparl-states-1991,,,,exact,1991-10-20T12:00:00,,
2065,1964,ge-fedparl-states-1995,,,,exact,1995-10-22T12:00:00,,
2066,1965,ge-fedparl-states-1999,,,,exact,1999-10-24T12:00:00,,
2067,1966,ge-fedparl-states-2003,,,,exact,2003-10-19T12:00:00,,
2068,1967,ge-fedparl-states-2007,,,,exact,2007-10-21T12:00:00,,
2069,1968,ge-fedparl-states-2011,,,,exact,2011-10-23T12:00:00,,
2070,1969,ge-fedparl-states-2015,,,,exact,2015-10-18T12:00:00,,
2071,1970,ge-fedparl-states-2019,,,,exact,2019-10-20T12:00:00,,
2072,1971,ge-fedparl-states-2023,,,,exact,2023-10-22T12:00:00,,
2073,1972,ge-cantparl-1919,,,,year,1919-07-01T00:00:00,,
2074,1973,ge-cantparl-1923,,,,year,1923-07-01T00:00:00,,
2075,1974,ge-cantparl-1927,,,,year,1927-07-01T00:00:00,,
2076,1975,ge-cantparl-1930,,,,year,1930-07-01T00:00:00,,
2077,1976,ge-cantparl-1933,,,,year,1933-07-01T00:00:00,,
2078,1977,ge-cantparl-1936,,,,year,1936-07-01T00:00:00,,
2079,1978,ge-cantparl-1939,,,,year,1939-07-01T00:00:00,,
2080,1979,ge-cantparl-1942,,,,year,1942-07-01T00:00:00,,
2081,1980,ge-cantparl-1945,,,,year,1945-07-01T00:00:00,,
2082,1981,ge-cantparl-1948,,,,year,1948-07-01T00:00:00,,
2083,1982,ge-cantparl-1951,,,,year,1951-07-01T00:00:00,,
2084,1983,ge-cantparl-1954,,,,year,1954-07-01T00:00:00,,
2085,1984,ge-cantparl-1957,,,,year,1957-07-01T00:00:00,,
2086,1985,ge-cantparl-1961,,,,year,1961-07-01T00:00:00,,
2087,1986,ge-cantparl-1965,,,,year,1965-07-01T00:00:00,,
2088,1987,ge-cantparl-1969,,,,year,1969-07-01T00:00:00,,
2089,1988,ge-cantparl-1973,,,,year,1973-07-01T00:00:00,,
2090,1989,ge-cantparl-1977,,,,year,1977-07-01T00:00:00,,
2091,1990,ge-cantparl-1981,,,,year,1981-07-01T00:00:00,,
2092,1991,ge-cantparl-1985,,,,year,1985-07-01T00:00:00,,
2093,1992,ge-cantparl-1989,,,,year,1989-07-01T00:00:00,,
2094,1993,ge-cantparl-1993,,,,year,1993-07-01T00:00:00,,
2095,1994,ge-cantparl-1997,,,,year,1997-07-01T00:00:00,,
2096,1995,ge-cantparl-2001,,,,year,2001-07-01T00:00:00,,
2097,1996,ge-cantparl-2005,,,,year,2005-07-01T00:00:00,,
2098,1997,ge-cantparl-2009,,,,year,2009-07-01T00:00:00,,
2099,1998,ge-cantparl-2013,,,,year,2013-07-01T00:00:00,,
2100,1999,ge-cantparl-2018,,,,year,2018-07-01T12:00:00,,
2101,2000,ge-cantparl-2023,,,,year,2023-07-01T00:00:00,,
2102,2001,ge-cantgov-1981,,,,year,1981-07-01T00:00:00,,
2103,2002,ge-cantgov-1985,,,,year,1985-07-01T00:00:00,,
2104,2003,ge-cantgov-1989,,,,year,1989-07-01T00:00:00,,
2105,2004,ge-cantgov-1993,,,,year,1993-07-01T00:00:00,,
2106,2005,ge-cantgov-1997,,,,year,1997-07-01T00:00:00,,
2107,2006,ge-cantgov-2001,,,,year,2001-07-01T00:00:00,,
2108,2007,ge-cantgov-2005,,,,year,2005-07-01T00:00:00,,
2109,2008,ge-cantgov-2009,,,,year,2009-07-01T00:00:00,,
2110,2009,ge-cantgov-2013,,,,year,2013-07-01T00:00:00,,
2111,2010,ge-cantgov-2018,,,,year,2018-07-01T12:00:00,,
2112,2011,ge-cantgov-2023,,,,year,2023-07-01T00:00:00,,
