election_values_demographics_id,institution_type_id,demography_type_id,demography_characteristic_id,demography_count,election_values_by_party_month_id,notes,sources
1,1,1,1,2,65542,,
2,1,1,2,10,65542,,
3,2,1,2,1,65543,,
4,1,1,1,2,65554,,
5,1,1,2,10,65554,,
6,2,1,2,1,65555,,
7,1,1,1,2,65566,,
8,1,1,2,10,65566,,
9,2,1,2,1,65567,,
10,1,1,1,2,65578,,
11,1,1,2,10,65578,,
12,2,1,2,1,65579,,
13,1,1,1,2,65590,,
14,1,1,2,10,65590,,
15,2,1,2,1,65591,,
16,1,1,1,2,65602,,
17,1,1,2,10,65602,,
18,2,1,2,1,65603,,
19,1,1,1,2,65614,,
20,1,1,2,10,65614,,
21,2,1,2,1,65615,,
22,1,1,1,2,65626,,
23,1,1,2,10,65626,,
24,2,1,2,1,65627,,
25,1,1,1,2,65638,,
26,1,1,2,10,65638,,
27,2,1,2,1,65639,,
28,1,1,1,1,65647,,
29,1,1,2,4,65647,,
30,1,1,1,2,65650,,
31,1,1,2,10,65650,,
32,2,1,2,1,65651,,
33,1,1,1,1,65659,,
34,1,1,2,4,65659,,
35,1,1,1,2,65662,,
36,1,1,2,10,65662,,
37,2,1,2,1,65663,,
38,1,1,1,1,65671,,
39,1,1,2,4,65671,,
40,1,1,1,2,65674,,
41,1,1,2,10,65674,,
42,2,1,2,1,65675,,
43,1,1,1,1,65683,,
44,1,1,2,4,65683,,
45,1,1,1,2,65686,,
46,1,1,2,10,65686,,
47,2,1,2,1,65687,,
48,1,1,1,1,65695,,
49,1,1,2,4,65695,,
50,1,1,1,2,65698,,
51,1,1,2,10,65698,,
52,2,1,2,1,65699,,
53,1,1,1,1,65707,,
54,1,1,2,4,65707,,
55,1,1,1,2,65710,,
56,1,1,2,10,65710,,
57,2,1,2,1,65711,,
58,1,1,1,1,65719,,
59,1,1,2,4,65719,,
60,1,1,1,2,65722,,
61,1,1,2,10,65722,,
62,2,1,2,1,65723,,
63,1,1,1,1,65731,,
64,1,1,2,4,65731,,
65,1,1,1,2,65734,,
66,1,1,2,10,65734,,
67,2,1,2,1,65735,,
68,1,1,1,1,65743,,
69,1,1,2,4,65743,,
70,1,1,1,2,65746,,
71,1,1,2,10,65746,,
72,2,1,2,1,65747,,
73,1,1,1,1,65755,,
74,1,1,2,4,65755,,
75,1,1,1,2,65758,,
76,1,1,2,10,65758,,
77,2,1,2,1,65759,,
78,1,1,1,1,65767,,
79,1,1,2,4,65767,,
80,1,1,1,2,65770,,
81,1,1,2,10,65770,,
82,2,1,2,1,65771,,
83,1,1,1,1,65779,,
84,1,1,2,4,65779,,
85,1,1,1,2,65782,,
86,1,1,2,10,65782,,
87,2,1,2,1,65783,,
88,1,1,1,1,65791,,
89,1,1,2,6,65791,,
90,1,1,1,2,65794,,
91,1,1,2,10,65794,,
92,2,1,2,1,65795,,
93,1,1,1,1,65803,,
94,1,1,2,6,65803,,
95,1,1,1,2,65806,,
96,1,1,2,10,65806,,
97,2,1,2,1,65807,,
98,1,1,1,1,65815,,
99,1,1,2,6,65815,,
100,1,1,1,2,65818,,
101,1,1,2,10,65818,,
102,2,1,2,1,65819,,
103,1,1,1,1,65827,,
104,1,1,2,6,65827,,
105,1,1,1,2,65830,,
106,1,1,2,10,65830,,
107,2,1,2,1,65831,,
108,1,1,1,1,65839,,
109,1,1,2,6,65839,,
110,1,1,1,2,65842,,
111,1,1,2,10,65842,,
112,2,1,2,1,65843,,
113,1,1,1,1,65851,,
114,1,1,2,6,65851,,
115,1,1,1,2,65854,,
116,1,1,2,10,65854,,
117,2,1,2,1,65855,,
118,1,1,1,1,65863,,
119,1,1,2,6,65863,,
120,1,1,1,2,65866,,
121,1,1,2,10,65866,,
122,2,1,2,1,65867,,
123,1,1,1,1,65875,,
124,1,1,2,6,65875,,
125,1,1,1,2,65878,,
126,1,1,2,10,65878,,
127,2,1,2,1,65879,,
128,1,1,1,1,65887,,
129,1,1,2,6,65887,,
130,1,1,1,2,65890,,
131,1,1,2,10,65890,,
132,2,1,2,1,65891,,
133,1,1,1,1,65899,,
134,1,1,2,6,65899,,
135,1,1,1,2,65902,,
136,1,1,2,10,65902,,
137,2,1,2,1,65903,,
138,1,1,1,1,65911,,
139,1,1,2,6,65911,,
140,1,1,1,2,65914,,
141,1,1,2,10,65914,,
142,2,1,2,1,65915,,
143,1,1,1,1,65923,,
144,1,1,2,6,65923,,
145,1,1,1,2,65926,,
146,1,1,2,10,65926,,
147,2,1,2,1,65927,,
148,1,1,1,3,65935,,
149,1,1,2,10,65935,,
150,1,1,2,1,65937,,
151,1,1,1,2,65938,,
152,1,1,2,10,65938,,
153,2,1,2,1,65939,,
154,1,1,1,3,65947,,
155,1,1,2,10,65947,,
156,1,1,2,1,65949,,
157,1,1,1,2,65950,,
158,1,1,2,10,65950,,
159,2,1,2,1,65951,,
160,1,1,1,3,65959,,
161,1,1,2,10,65959,,
162,1,1,2,1,65961,,
163,1,1,1,2,65962,,
164,1,1,2,10,65962,,
165,2,1,2,1,65963,,
166,1,1,1,3,65971,,
167,1,1,2,10,65971,,
168,1,1,2,1,65973,,
169,1,1,1,2,65974,,
170,1,1,2,10,65974,,
171,2,1,2,1,65975,,
172,1,1,1,3,65983,,
173,1,1,2,10,65983,,
174,1,1,2,1,65985,,
175,1,1,1,2,65986,,
176,1,1,2,10,65986,,
177,2,1,2,1,65987,,
178,1,1,1,3,65995,,
179,1,1,2,10,65995,,
180,1,1,2,1,65997,,
181,1,1,1,2,65998,,
182,1,1,2,10,65998,,
183,2,1,2,1,65999,,
184,1,1,1,3,66007,,
185,1,1,2,10,66007,,
186,1,1,2,1,66009,,
187,1,1,1,2,66010,,
188,1,1,2,10,66010,,
189,2,1,2,1,66011,,
190,1,1,1,3,66019,,
191,1,1,2,10,66019,,
192,1,1,2,1,66021,,
193,1,1,1,2,66022,,
194,1,1,2,10,66022,,
195,2,1,2,1,66023,,
196,1,1,1,3,66031,,
197,1,1,2,10,66031,,
198,1,1,2,1,66033,,
199,1,1,1,2,66034,,
200,1,1,2,10,66034,,
201,2,1,2,1,66035,,
202,1,1,1,3,66043,,
203,1,1,2,10,66043,,
204,1,1,2,1,66045,,
205,1,1,1,2,66046,,
206,1,1,2,10,66046,,
207,2,1,2,1,66047,,
208,1,1,1,3,66055,,
209,1,1,2,10,66055,,
210,1,1,2,1,66057,,
211,1,1,1,2,66058,,
212,1,1,2,10,66058,,
213,2,1,2,1,66059,,
214,1,1,1,3,66067,,
215,1,1,2,10,66067,,
216,1,1,2,1,66069,,
217,1,1,1,2,66070,,
218,1,1,2,10,66070,,
219,2,1,2,1,66071,,
220,1,1,1,5,66079,,
221,1,1,2,19,66079,,
222,1,1,2,1,66081,,
223,1,1,1,2,66082,,
224,1,1,2,10,66082,,
225,2,1,2,1,66083,,
226,1,1,1,5,66091,,
227,1,1,2,19,66091,,
228,1,1,2,1,66093,,
229,1,1,1,2,66094,,
230,1,1,2,10,66094,,
231,2,1,2,1,66095,,
232,1,1,1,5,66103,,
233,1,1,2,19,66103,,
234,1,1,2,1,66105,,
235,1,1,1,2,66106,,
236,1,1,2,10,66106,,
237,2,1,2,1,66107,,
238,1,1,1,5,66115,,
239,1,1,2,19,66115,,
240,1,1,2,1,66117,,
241,1,1,1,1,66118,,
242,1,1,2,15,66118,,
243,2,1,2,1,66118,,
244,1,1,1,5,66119,,
245,1,1,2,30,66119,,
246,2,1,1,1,66119,,
247,2,1,2,1,66119,,
248,1,1,1,5,66127,,
249,1,1,2,19,66127,,
250,1,1,2,1,66129,,
251,1,1,1,1,66130,,
252,1,1,2,15,66130,,
253,2,1,2,1,66130,,
254,1,1,1,5,66131,,
255,1,1,2,30,66131,,
256,2,1,1,1,66131,,
257,2,1,2,1,66131,,
258,1,1,1,5,66139,,
259,1,1,2,19,66139,,
260,1,1,2,1,66141,,
261,1,1,1,1,66142,,
262,1,1,2,15,66142,,
263,2,1,2,1,66142,,
264,1,1,1,5,66143,,
265,1,1,2,30,66143,,
266,2,1,1,1,66143,,
267,2,1,2,1,66143,,
268,1,1,1,5,66151,,
269,1,1,2,19,66151,,
270,1,1,2,1,66153,,
271,1,1,1,1,66154,,
272,1,1,2,15,66154,,
273,2,1,2,1,66154,,
274,1,1,1,5,66155,,
275,1,1,2,30,66155,,
276,2,1,1,1,66155,,
277,2,1,2,1,66155,,
278,1,1,1,5,66163,,
279,1,1,2,19,66163,,
280,1,1,2,1,66165,,
281,1,1,1,1,66166,,
282,1,1,2,15,66166,,
283,2,1,2,1,66166,,
284,1,1,1,5,66167,,
285,1,1,2,30,66167,,
286,2,1,1,1,66167,,
287,2,1,2,1,66167,,
288,1,1,1,5,66175,,
289,1,1,2,19,66175,,
290,1,1,2,1,66177,,
291,1,1,1,1,66178,,
292,1,1,2,15,66178,,
293,2,1,2,1,66178,,
294,1,1,1,5,66179,,
295,1,1,2,30,66179,,
296,2,1,1,1,66179,,
297,2,1,2,1,66179,,
298,1,1,1,5,66187,,
299,1,1,2,19,66187,,
300,1,1,2,1,66189,,
301,1,1,1,1,66190,,
302,1,1,2,15,66190,,
303,2,1,2,1,66190,,
304,1,1,1,5,66191,,
305,1,1,2,30,66191,,
306,2,1,1,1,66191,,
307,2,1,2,1,66191,,
308,1,1,1,5,66199,,
309,1,1,2,19,66199,,
310,1,1,2,1,66201,,
311,1,1,1,1,66202,,
312,1,1,2,15,66202,,
313,2,1,2,1,66202,,
314,1,1,1,5,66203,,
315,1,1,2,30,66203,,
316,2,1,1,1,66203,,
317,2,1,2,1,66203,,
318,1,1,1,5,66211,,
319,1,1,2,19,66211,,
320,1,1,2,1,66213,,
321,1,1,1,1,66214,,
322,1,1,2,15,66214,,
323,2,1,2,1,66214,,
324,1,1,1,5,66215,,
325,1,1,2,30,66215,,
326,2,1,1,1,66215,,
327,2,1,2,1,66215,,
328,1,1,1,5,66223,,
329,1,1,2,19,66223,,
330,1,1,2,1,66225,,
331,1,1,1,1,66226,,
332,1,1,2,15,66226,,
333,2,1,2,1,66226,,
334,1,1,1,5,66227,,
335,1,1,2,30,66227,,
336,2,1,1,1,66227,,
337,2,1,2,1,66227,,
338,1,1,1,5,66235,,
339,1,1,2,19,66235,,
340,1,1,2,1,66237,,
341,1,1,1,1,66238,,
342,1,1,2,15,66238,,
343,2,1,2,1,66238,,
344,1,1,1,5,66239,,
345,1,1,2,30,66239,,
346,2,1,1,1,66239,,
347,2,1,2,1,66239,,
348,1,1,1,5,66247,,
349,1,1,2,19,66247,,
350,1,1,2,1,66249,,
351,1,1,1,1,66250,,
352,1,1,2,15,66250,,
353,2,1,2,1,66250,,
354,1,1,1,5,66251,,
355,1,1,2,30,66251,,
356,2,1,1,1,66251,,
357,2,1,2,1,66251,,
358,1,1,1,5,66259,,
359,1,1,2,19,66259,,
360,1,1,2,1,66261,,
361,1,1,1,1,66262,,
362,1,1,2,15,66262,,
363,2,1,2,1,66262,,
364,1,1,1,6,66263,,
365,1,1,2,35,66263,,
366,2,1,1,1,66263,,
367,2,1,2,1,66263,,
368,1,1,1,5,66271,,
369,1,1,2,19,66271,,
370,1,1,2,1,66273,,
371,1,1,1,1,66274,,
372,1,1,2,15,66274,,
373,2,1,2,1,66274,,
374,1,1,1,6,66275,,
375,1,1,2,35,66275,,
376,2,1,1,1,66275,,
377,2,1,2,1,66275,,
378,1,1,1,5,66283,,
379,1,1,2,19,66283,,
380,1,1,2,1,66285,,
381,1,1,1,1,66286,,
382,1,1,2,15,66286,,
383,2,1,2,1,66286,,
384,1,1,1,6,66287,,
385,1,1,2,35,66287,,
386,2,1,1,1,66287,,
387,2,1,2,1,66287,,
388,1,1,1,5,66295,,
389,1,1,2,19,66295,,
390,1,1,2,1,66297,,
391,1,1,1,1,66298,,
392,1,1,2,15,66298,,
393,2,1,2,1,66298,,
394,1,1,1,6,66299,,
395,1,1,2,35,66299,,
396,2,1,1,1,66299,,
397,2,1,2,1,66299,,
398,1,1,1,5,66307,,
399,1,1,2,19,66307,,
400,1,1,2,1,66309,,
401,1,1,1,1,66310,,
402,1,1,2,15,66310,,
403,2,1,2,1,66310,,
404,1,1,1,6,66311,,
405,1,1,2,35,66311,,
406,2,1,1,1,66311,,
407,2,1,2,1,66311,,
408,1,1,1,5,66319,,
409,1,1,2,19,66319,,
410,1,1,2,1,66321,,
411,1,1,1,1,66322,,
412,1,1,2,15,66322,,
413,2,1,2,1,66322,,
414,1,1,1,6,66323,,
415,1,1,2,35,66323,,
416,2,1,1,1,66323,,
417,2,1,2,1,66323,,
418,1,1,1,5,66331,,
419,1,1,2,19,66331,,
420,1,1,2,1,66333,,
421,1,1,1,1,66334,,
422,1,1,2,15,66334,,
423,2,1,2,1,66334,,
424,1,1,1,6,66335,,
425,1,1,2,35,66335,,
426,2,1,1,1,66335,,
427,2,1,2,1,66335,,
428,1,1,1,5,66343,,
429,1,1,2,19,66343,,
430,1,1,2,1,66345,,
431,1,1,1,1,66346,,
432,1,1,2,15,66346,,
433,2,1,2,1,66346,,
434,1,1,1,6,66347,,
435,1,1,2,35,66347,,
436,2,1,1,1,66347,,
437,2,1,2,1,66347,,
438,1,1,1,5,66355,,
439,1,1,2,19,66355,,
440,1,1,2,1,66357,,
441,1,1,1,1,66358,,
442,1,1,2,15,66358,,
443,2,1,2,1,66358,,
444,1,1,1,6,66359,,
445,1,1,2,35,66359,,
446,2,1,1,1,66359,,
447,2,1,2,1,66359,,
448,1,1,1,7,66367,,
449,1,1,2,19,66367,,
450,1,1,2,1,66369,,
451,1,1,1,1,66370,,
452,1,1,2,15,66370,,
453,2,1,2,1,66370,,
454,1,1,1,6,66371,,
455,1,1,2,35,66371,,
456,2,1,1,1,66371,,
457,2,1,2,1,66371,,
458,1,1,1,7,66379,,
459,1,1,2,19,66379,,
460,1,1,2,1,66381,,
461,1,1,1,1,66382,,
462,1,1,2,15,66382,,
463,2,1,2,1,66382,,
464,1,1,1,6,66383,,
465,1,1,2,35,66383,,
466,2,1,1,1,66383,,
467,2,1,2,1,66383,,
468,1,1,1,7,66391,,
469,1,1,2,19,66391,,
470,1,1,2,1,66393,,
471,1,1,1,1,66394,,
472,1,1,2,15,66394,,
473,2,1,2,1,66394,,
474,1,1,1,6,66395,,
475,1,1,2,35,66395,,
476,2,1,1,1,66395,,
477,2,1,2,1,66395,,
478,1,1,1,7,66403,,
479,1,1,2,19,66403,,
480,1,1,2,1,66405,,
481,1,1,1,1,66406,,
482,1,1,2,15,66406,,
483,2,1,2,1,66406,,
484,1,1,1,6,66407,,
485,1,1,2,35,66407,,
486,2,1,1,1,66407,,
487,2,1,2,1,66407,,
488,1,1,1,7,66415,,
489,1,1,2,19,66415,,
490,1,1,2,1,66417,,
491,1,1,1,1,66418,,
492,1,1,2,15,66418,,
493,2,1,2,1,66418,,
494,1,1,1,6,66419,,
495,1,1,2,35,66419,,
496,2,1,1,1,66419,,
497,2,1,2,1,66419,,
498,1,1,1,7,66427,,
499,1,1,2,19,66427,,
500,1,1,2,1,66429,,
501,1,1,1,1,66430,,
502,1,1,2,15,66430,,
503,2,1,2,1,66430,,
504,1,1,1,6,66431,,
505,1,1,2,35,66431,,
506,2,1,1,1,66431,,
507,2,1,2,1,66431,,
508,1,1,1,7,66439,,
509,1,1,2,19,66439,,
510,1,1,2,1,66441,,
511,1,1,1,1,66442,,
512,1,1,2,15,66442,,
513,2,1,2,1,66442,,
514,1,1,1,6,66443,,
515,1,1,2,35,66443,,
516,2,1,1,1,66443,,
517,2,1,2,1,66443,,
518,1,1,1,7,66451,,
519,1,1,2,19,66451,,
520,1,1,2,1,66453,,
521,1,1,1,1,66454,,
522,1,1,2,15,66454,,
523,2,1,2,1,66454,,
524,1,1,1,6,66455,,
525,1,1,2,35,66455,,
526,2,1,1,1,66455,,
527,2,1,2,1,66455,,
528,1,1,1,7,66463,,
529,1,1,2,19,66463,,
530,1,1,2,1,66465,,
531,1,1,1,1,66466,,
532,1,1,2,15,66466,,
533,2,1,2,1,66466,,
534,1,1,1,6,66467,,
535,1,1,2,35,66467,,
536,2,1,1,1,66467,,
537,2,1,2,1,66467,,
538,1,1,1,7,66475,,
539,1,1,2,19,66475,,
540,1,1,2,1,66477,,
541,1,1,1,1,66478,,
542,1,1,2,15,66478,,
543,2,1,2,1,66478,,
544,1,1,1,6,66479,,
545,1,1,2,35,66479,,
546,2,1,1,1,66479,,
547,2,1,2,1,66479,,
548,1,1,1,7,66487,,
549,1,1,2,19,66487,,
550,1,1,2,1,66489,,
551,1,1,1,1,66490,,
552,1,1,2,15,66490,,
553,2,1,2,1,66490,,
554,1,1,1,6,66491,,
555,1,1,2,35,66491,,
556,2,1,1,1,66491,,
557,2,1,2,1,66491,,
558,1,1,1,7,66499,,
559,1,1,2,19,66499,,
560,1,1,2,1,66501,,
561,1,1,1,1,66502,,
562,1,1,2,15,66502,,
563,2,1,2,1,66502,,
564,1,1,1,6,66503,,
565,1,1,2,35,66503,,
566,2,1,1,1,66503,,
567,2,1,2,1,66503,,
568,1,1,2,1,66510,,
569,1,1,1,12,66511,,
570,1,1,2,25,66511,,
571,1,1,2,1,66513,,
572,1,1,1,1,66514,,
573,1,1,2,15,66514,,
574,2,1,2,1,66514,,
575,1,1,1,6,66515,,
576,1,1,2,35,66515,,
577,2,1,1,1,66515,,
578,2,1,2,1,66515,,
579,1,1,2,1,66522,,
580,1,1,1,12,66523,,
581,1,1,2,25,66523,,
582,1,1,2,1,66525,,
583,1,1,1,1,66526,,
584,1,1,2,15,66526,,
585,2,1,2,1,66526,,
586,1,1,1,6,66527,,
587,1,1,2,35,66527,,
588,2,1,1,1,66527,,
589,2,1,2,1,66527,,
590,1,1,2,1,66534,,
591,1,1,1,12,66535,,
592,1,1,2,25,66535,,
593,1,1,2,1,66537,,
594,1,1,1,1,66538,,
595,1,1,2,15,66538,,
596,2,1,2,1,66538,,
597,1,1,1,6,66539,,
598,1,1,2,35,66539,,
599,2,1,1,1,66539,,
600,2,1,2,1,66539,,
601,1,1,2,1,66546,,
602,1,1,1,12,66547,,
603,1,1,2,25,66547,,
604,1,1,2,1,66549,,
605,1,1,1,1,66550,,
606,1,1,2,15,66550,,
607,2,1,2,1,66550,,
608,1,1,1,6,66551,,
609,1,1,2,37,66551,,
610,2,1,1,1,66551,,
611,2,1,2,1,66551,,
612,1,1,2,1,66558,,
613,1,1,1,12,66559,,
614,1,1,2,25,66559,,
615,1,1,2,1,66561,,
616,1,1,1,1,66562,,
617,1,1,2,15,66562,,
618,2,1,2,1,66562,,
619,1,1,1,6,66563,,
620,1,1,2,37,66563,,
621,2,1,1,1,66563,,
622,2,1,2,1,66563,,
623,1,1,2,1,66570,,
624,1,1,1,12,66571,,
625,1,1,2,25,66571,,
626,1,1,2,1,66573,,
627,1,1,1,1,66574,,
628,1,1,2,15,66574,,
629,2,1,2,1,66574,,
630,1,1,1,6,66575,,
631,1,1,2,37,66575,,
632,2,1,1,1,66575,,
633,2,1,2,1,66575,,
634,1,1,2,1,66582,,
635,1,1,1,12,66583,,
636,1,1,2,25,66583,,
637,1,1,2,1,66585,,
638,1,1,1,1,66586,,
639,1,1,2,15,66586,,
640,2,1,2,1,66586,,
641,1,1,1,6,66587,,
642,1,1,2,37,66587,,
643,2,1,1,1,66587,,
644,2,1,2,1,66587,,
645,1,1,2,1,66594,,
646,1,1,1,12,66595,,
647,1,1,2,25,66595,,
648,1,1,2,1,66597,,
649,1,1,1,1,66598,,
650,1,1,2,15,66598,,
651,2,1,2,1,66598,,
652,1,1,1,6,66599,,
653,1,1,2,37,66599,,
654,2,1,1,1,66599,,
655,2,1,2,1,66599,,
656,1,1,2,1,66606,,
657,1,1,1,12,66607,,
658,1,1,2,25,66607,,
659,1,1,2,1,66609,,
660,1,1,1,1,66610,,
661,1,1,2,15,66610,,
662,2,1,2,1,66610,,
663,1,1,1,6,66611,,
664,1,1,2,37,66611,,
665,2,1,1,1,66611,,
666,2,1,2,1,66611,,
667,1,1,2,1,66618,,
668,1,1,1,12,66619,,
669,1,1,2,25,66619,,
670,1,1,2,1,66621,,
671,1,1,1,1,66622,,
672,1,1,2,15,66622,,
673,2,1,2,1,66622,,
674,1,1,1,6,66623,,
675,1,1,2,37,66623,,
676,2,1,1,1,66623,,
677,2,1,2,1,66623,,
678,1,1,2,1,66630,,
679,1,1,1,12,66631,,
680,1,1,2,25,66631,,
681,1,1,2,1,66633,,
682,1,1,1,1,66634,,
683,1,1,2,15,66634,,
684,2,1,2,1,66634,,
685,1,1,1,6,66635,,
686,1,1,2,37,66635,,
687,2,1,1,1,66635,,
688,2,1,2,1,66635,,
689,1,1,2,1,66642,,
690,1,1,1,12,66643,,
691,1,1,2,25,66643,,
692,1,1,2,1,66645,,
693,1,1,1,1,66646,,
694,1,1,2,15,66646,,
695,2,1,2,1,66646,,
696,1,1,1,6,66647,,
697,1,1,2,37,66647,,
698,2,1,1,1,66647,,
699,2,1,2,1,66647,,
700,1,1,2,1,66654,,
701,1,1,1,13,66655,,
702,1,1,2,23,66655,,
703,1,1,2,1,66657,,
704,1,1,1,1,66658,,
705,1,1,2,15,66658,,
706,2,1,2,1,66658,,
707,1,1,1,6,66659,,
708,1,1,2,37,66659,,
709,2,1,1,1,66659,,
710,2,1,2,1,66659,,
711,1,1,2,1,66666,,
712,1,1,1,13,66667,,
713,1,1,2,23,66667,,
714,1,1,2,1,66669,,
715,1,1,1,1,66670,,
716,1,1,2,15,66670,,
717,2,1,2,1,66670,,
718,1,1,1,6,66671,,
719,1,1,2,37,66671,,
720,2,1,1,1,66671,,
721,2,1,2,1,66671,,
722,1,1,2,1,66678,,
723,1,1,1,13,66679,,
724,1,1,2,23,66679,,
725,1,1,2,1,66681,,
726,1,1,1,1,66682,,
727,1,1,2,15,66682,,
728,2,1,2,1,66682,,
729,1,1,1,6,66683,,
730,1,1,2,37,66683,,
731,2,1,1,1,66683,,
732,2,1,2,1,66683,,
733,1,1,2,1,66690,,
734,1,1,1,13,66691,,
735,1,1,2,23,66691,,
736,1,1,2,1,66693,,
737,1,1,2,16,66694,,
738,2,1,2,1,66694,,
739,1,1,1,7,66695,,
740,1,1,2,24,66695,,
741,2,1,1,1,66695,,
742,2,1,2,1,66695,,
743,1,1,2,1,66702,,
744,1,1,1,13,66703,,
745,1,1,2,23,66703,,
746,1,1,2,1,66705,,
747,1,1,2,16,66706,,
748,2,1,2,1,66706,,
749,1,1,1,7,66707,,
750,1,1,2,24,66707,,
751,2,1,1,1,66707,,
752,2,1,2,1,66707,,
753,1,1,2,1,66714,,
754,1,1,1,13,66715,,
755,1,1,2,23,66715,,
756,1,1,2,1,66717,,
757,1,1,2,16,66718,,
758,2,1,2,1,66718,,
759,1,1,1,7,66719,,
760,1,1,2,24,66719,,
761,2,1,1,1,66719,,
762,2,1,2,1,66719,,
763,1,1,2,1,66726,,
764,1,1,1,13,66727,,
765,1,1,2,23,66727,,
766,1,1,2,1,66729,,
767,1,1,2,16,66730,,
768,2,1,2,1,66730,,
769,1,1,1,7,66731,,
770,1,1,2,24,66731,,
771,2,1,1,1,66731,,
772,2,1,2,1,66731,,
773,1,1,2,1,66738,,
774,1,1,1,13,66739,,
775,1,1,2,23,66739,,
776,1,1,2,1,66741,,
777,1,1,2,16,66742,,
778,2,1,2,1,66742,,
779,1,1,1,7,66743,,
780,1,1,2,24,66743,,
781,2,1,1,1,66743,,
782,2,1,2,1,66743,,
783,1,1,2,1,66750,,
784,1,1,1,13,66751,,
785,1,1,2,23,66751,,
786,1,1,2,1,66753,,
787,1,1,2,16,66754,,
788,2,1,2,1,66754,,
789,1,1,1,7,66755,,
790,1,1,2,24,66755,,
791,2,1,1,1,66755,,
792,2,1,2,1,66755,,
793,1,1,2,1,66762,,
794,1,1,1,13,66763,,
795,1,1,2,23,66763,,
796,1,1,2,1,66765,,
797,1,1,2,16,66766,,
798,2,1,2,1,66766,,
799,1,1,1,7,66767,,
800,1,1,2,24,66767,,
801,2,1,1,1,66767,,
802,2,1,2,1,66767,,
803,1,1,2,1,66774,,
804,1,1,1,13,66775,,
805,1,1,2,23,66775,,
806,1,1,2,1,66777,,
807,1,1,2,16,66778,,
808,2,1,2,1,66778,,
809,1,1,1,7,66779,,
810,1,1,2,24,66779,,
811,2,1,1,1,66779,,
812,2,1,2,1,66779,,
813,1,1,2,1,66786,,
814,1,1,1,13,66787,,
815,1,1,2,23,66787,,
816,1,1,2,1,66789,,
817,1,1,2,16,66790,,
818,2,1,2,1,66790,,
819,1,1,1,7,66791,,
820,1,1,2,24,66791,,
821,2,1,1,1,66791,,
822,2,1,2,1,66791,,
823,1,1,2,1,66798,,
824,1,1,1,17,66799,,
825,1,1,2,21,66799,,
826,1,1,2,1,66801,,
827,1,1,2,16,66802,,
828,2,1,2,1,66802,,
829,1,1,1,7,66803,,
830,1,1,2,24,66803,,
831,2,1,1,1,66803,,
832,2,1,2,1,66803,,
833,1,1,2,1,66810,,
834,1,1,1,17,66811,,
835,1,1,2,21,66811,,
836,1,1,2,1,66813,,
837,1,1,2,16,66814,,
838,2,1,2,1,66814,,
839,1,1,1,7,66815,,
840,1,1,2,24,66815,,
841,2,1,1,1,66815,,
842,2,1,2,1,66815,,
843,1,1,2,1,66822,,
844,1,1,1,17,66823,,
845,1,1,2,21,66823,,
846,1,1,2,1,66825,,
847,1,1,2,16,66826,,
848,2,1,2,1,66826,,
849,1,1,1,7,66827,,
850,1,1,2,24,66827,,
851,2,1,1,1,66827,,
852,2,1,2,1,66827,,
853,1,1,2,1,66834,,
854,1,1,1,17,66835,,
855,1,1,2,21,66835,,
856,1,1,2,1,66837,,
857,1,1,2,16,66838,,
858,2,1,2,1,66838,,
859,1,1,1,7,66839,,
860,1,1,2,21,66839,,
861,2,1,1,1,66839,,
862,2,1,2,1,66839,,
863,1,1,1,4,66841,,
864,1,1,2,15,66841,,
865,1,1,2,1,66846,,
866,1,1,1,17,66847,,
867,1,1,2,21,66847,,
868,1,1,2,1,66849,,
869,1,1,2,16,66850,,
870,2,1,2,1,66850,,
871,1,1,1,7,66851,,
872,1,1,2,21,66851,,
873,2,1,1,1,66851,,
874,2,1,2,1,66851,,
875,1,1,1,4,66853,,
876,1,1,2,15,66853,,
877,1,1,2,1,66858,,
878,1,1,1,17,66859,,
879,1,1,2,21,66859,,
880,1,1,2,1,66861,,
881,1,1,2,16,66862,,
882,2,1,2,1,66862,,
883,1,1,1,7,66863,,
884,1,1,2,21,66863,,
885,2,1,1,1,66863,,
886,2,1,2,1,66863,,
887,1,1,1,4,66865,,
888,1,1,2,15,66865,,
889,1,1,2,1,66870,,
890,1,1,1,17,66871,,
891,1,1,2,21,66871,,
892,1,1,2,1,66873,,
893,1,1,2,16,66874,,
894,2,1,2,1,66874,,
895,1,1,1,7,66875,,
896,1,1,2,21,66875,,
897,2,1,1,1,66875,,
898,2,1,2,1,66875,,
899,1,1,1,4,66877,,
900,1,1,2,15,66877,,
901,1,1,2,1,66882,,
902,1,1,1,17,66883,,
903,1,1,2,21,66883,,
904,1,1,2,1,66885,,
905,1,1,2,16,66886,,
906,2,1,2,1,66886,,
907,1,1,1,7,66887,,
908,1,1,2,21,66887,,
909,2,1,1,1,66887,,
910,2,1,2,1,66887,,
911,1,1,1,4,66889,,
912,1,1,2,15,66889,,
913,1,1,2,1,66894,,
914,1,1,1,17,66895,,
915,1,1,2,21,66895,,
916,1,1,2,1,66897,,
917,1,1,2,16,66898,,
918,2,1,2,1,66898,,
919,1,1,1,7,66899,,
920,1,1,2,21,66899,,
921,2,1,1,1,66899,,
922,2,1,2,1,66899,,
923,1,1,1,4,66901,,
924,1,1,2,15,66901,,
925,1,1,2,1,66906,,
926,1,1,1,17,66907,,
927,1,1,2,21,66907,,
928,1,1,2,1,66909,,
929,1,1,2,16,66910,,
930,2,1,2,1,66910,,
931,1,1,1,7,66911,,
932,1,1,2,21,66911,,
933,2,1,1,1,66911,,
934,2,1,2,1,66911,,
935,1,1,1,4,66913,,
936,1,1,2,15,66913,,
937,1,1,2,1,66918,,
938,1,1,1,17,66919,,
939,1,1,2,21,66919,,
940,1,1,2,1,66921,,
941,1,1,2,16,66922,,
942,2,1,2,1,66922,,
943,1,1,1,7,66923,,
944,1,1,2,21,66923,,
945,2,1,1,1,66923,,
946,2,1,2,1,66923,,
947,1,1,1,4,66925,,
948,1,1,2,15,66925,,
949,1,1,2,1,66930,,
950,1,1,1,17,66931,,
951,1,1,2,21,66931,,
952,1,1,2,1,66933,,
953,1,1,2,16,66934,,
954,2,1,2,1,66934,,
955,1,1,1,7,66935,,
956,1,1,2,21,66935,,
957,2,1,1,1,66935,,
958,2,1,2,1,66935,,
959,1,1,1,4,66937,,
960,1,1,2,15,66937,,
961,1,1,2,1,66942,,
962,1,1,1,17,66943,,
963,1,1,2,20,66943,,
964,1,1,2,1,66945,,
965,1,1,2,16,66946,,
966,2,1,2,1,66946,,
967,1,1,1,7,66947,,
968,1,1,2,21,66947,,
969,2,1,1,1,66947,,
970,2,1,2,1,66947,,
971,1,1,1,4,66949,,
972,1,1,2,15,66949,,
973,1,1,2,1,66954,,
974,1,1,1,17,66955,,
975,1,1,2,20,66955,,
976,1,1,2,1,66957,,
977,1,1,2,16,66958,,
978,2,1,2,1,66958,,
979,1,1,1,7,66959,,
980,1,1,2,21,66959,,
981,2,1,1,1,66959,,
982,2,1,2,1,66959,,
983,1,1,1,4,66961,,
984,1,1,2,15,66961,,
985,1,1,2,1,66966,,
986,1,1,1,17,66967,,
987,1,1,2,20,66967,,
988,1,1,2,1,66969,,
989,1,1,2,16,66970,,
990,2,1,2,1,66970,,
991,1,1,1,7,66971,,
992,1,1,2,21,66971,,
993,2,1,1,1,66971,,
994,2,1,2,1,66971,,
995,1,1,1,4,66973,,
996,1,1,2,15,66973,,
997,1,1,2,1,66978,,
998,1,1,1,17,66979,,
999,1,1,2,20,66979,,
1000,1,1,2,1,66981,,
1001,1,1,2,16,66982,,
1002,2,1,2,1,66982,,
1003,1,1,1,7,66983,,
1004,1,1,2,19,66983,,
1005,2,1,1,1,66983,,
1006,2,1,2,1,66983,,
1007,1,1,1,4,66985,,
1008,1,1,2,15,66985,,
1009,1,1,2,1,66990,,
1010,1,1,1,17,66991,,
1011,1,1,2,20,66991,,
1012,1,1,2,1,66993,,
1013,1,1,2,16,66994,,
1014,2,1,2,1,66994,,
1015,1,1,1,7,66995,,
1016,1,1,2,19,66995,,
1017,2,1,1,1,66995,,
1018,2,1,2,1,66995,,
1019,1,1,1,4,66997,,
1020,1,1,2,15,66997,,
1021,1,1,2,1,67002,,
1022,1,1,1,17,67003,,
1023,1,1,2,20,67003,,
1024,1,1,2,1,67005,,
1025,1,1,2,16,67006,,
1026,2,1,2,1,67006,,
1027,1,1,1,7,67007,,
1028,1,1,2,19,67007,,
1029,2,1,1,1,67007,,
1030,2,1,2,1,67007,,
1031,1,1,1,4,67009,,
1032,1,1,2,15,67009,,
1033,1,1,2,1,67014,,
1034,1,1,1,17,67015,,
1035,1,1,2,20,67015,,
1036,1,1,2,1,67017,,
1037,1,1,2,16,67018,,
1038,2,1,2,1,67018,,
1039,1,1,1,7,67019,,
1040,1,1,2,19,67019,,
1041,2,1,1,1,67019,,
1042,2,1,2,1,67019,,
1043,1,1,1,4,67021,,
1044,1,1,2,15,67021,,
1045,1,1,2,1,67026,,
1046,1,1,1,17,67027,,
1047,1,1,2,20,67027,,
1048,1,1,2,1,67029,,
1049,1,1,2,16,67030,,
1050,2,1,2,1,67030,,
1051,1,1,1,7,67031,,
1052,1,1,2,19,67031,,
1053,2,1,1,1,67031,,
1054,2,1,2,1,67031,,
1055,1,1,1,4,67033,,
1056,1,1,2,15,67033,,
1057,1,1,2,1,67038,,
1058,1,1,1,17,67039,,
1059,1,1,2,20,67039,,
1060,1,1,2,1,67041,,
1061,1,1,2,16,67042,,
1062,2,1,2,1,67042,,
1063,1,1,1,7,67043,,
1064,1,1,2,19,67043,,
1065,2,1,1,1,67043,,
1066,2,1,2,1,67043,,
1067,1,1,1,4,67045,,
1068,1,1,2,15,67045,,
1069,1,1,2,1,67050,,
1070,1,1,1,17,67051,,
1071,1,1,2,20,67051,,
1072,1,1,2,1,67053,,
1073,1,1,2,16,67054,,
1074,2,1,2,1,67054,,
1075,1,1,1,7,67055,,
1076,1,1,2,19,67055,,
1077,2,1,1,1,67055,,
1078,2,1,2,1,67055,,
1079,1,1,1,4,67057,,
1080,1,1,2,15,67057,,
1081,1,1,2,1,67062,,
1082,1,1,1,17,67063,,
1083,1,1,2,20,67063,,
1084,1,1,2,1,67065,,
1085,1,1,2,16,67066,,
1086,2,1,2,1,67066,,
1087,1,1,1,7,67067,,
1088,1,1,2,19,67067,,
1089,2,1,1,1,67067,,
1090,2,1,2,1,67067,,
1091,1,1,1,4,67069,,
1092,1,1,2,15,67069,,
1093,1,1,2,1,67074,,
1094,1,1,1,17,67075,,
1095,1,1,2,20,67075,,
1096,1,1,2,1,67077,,
1097,1,1,2,16,67078,,
1098,2,1,2,1,67078,,
1099,1,1,1,7,67079,,
1100,1,1,2,19,67079,,
1101,2,1,1,1,67079,,
1102,2,1,2,1,67079,,
1103,1,1,1,4,67081,,
1104,1,1,2,15,67081,,
1105,1,1,2,3,67086,,
1106,2,1,1,1,67086,,
1107,2,1,2,1,67086,,
1108,1,1,1,17,67087,,
1109,1,1,2,20,67087,,
1110,1,1,2,1,67089,,
1111,1,1,2,16,67090,,
1112,2,1,2,1,67090,,
1113,1,1,1,7,67091,,
1114,1,1,2,19,67091,,
1115,2,1,1,1,67091,,
1116,2,1,2,1,67091,,
1117,1,1,1,4,67093,,
1118,1,1,2,15,67093,,
1119,1,1,2,3,67098,,
1120,2,1,1,1,67098,,
1121,2,1,2,1,67098,,
1122,1,1,1,17,67099,,
1123,1,1,2,20,67099,,
1124,1,1,2,1,67101,,
1125,1,1,2,16,67102,,
1126,2,1,2,1,67102,,
1127,1,1,1,7,67103,,
1128,1,1,2,19,67103,,
1129,2,1,1,1,67103,,
1130,2,1,2,1,67103,,
1131,1,1,1,4,67105,,
1132,1,1,2,15,67105,,
1133,1,1,2,3,67110,,
1134,2,1,1,1,67110,,
1135,2,1,2,1,67110,,
1136,1,1,1,17,67111,,
1137,1,1,2,20,67111,,
1138,1,1,2,1,67113,,
1139,1,1,2,16,67114,,
1140,2,1,2,1,67114,,
1141,1,1,1,7,67115,,
1142,1,1,2,19,67115,,
1143,2,1,1,1,67115,,
1144,2,1,2,1,67115,,
1145,1,1,1,4,67117,,
1146,1,1,2,15,67117,,
1147,1,1,2,3,67122,,
1148,2,1,1,1,67122,,
1149,2,1,2,1,67122,,
1150,1,1,1,17,67123,,
1151,1,1,2,20,67123,,
1152,1,1,2,1,67125,,
1153,1,1,2,16,67126,,
1154,2,1,2,1,67126,,
1155,1,1,1,7,67127,,
1156,1,1,2,19,67127,,
1157,2,1,1,1,67127,,
1158,2,1,2,1,67127,,
1159,1,1,1,4,67129,,
1160,1,1,2,15,67129,,
1161,1,1,2,3,67134,,
1162,2,1,1,1,67134,,
1163,2,1,2,1,67134,,
1164,1,1,1,17,67135,,
1165,1,1,2,20,67135,,
1166,1,1,2,1,67137,,
1167,1,1,2,16,67138,,
1168,2,1,2,1,67138,,
1169,1,1,1,7,67139,,
1170,1,1,2,19,67139,,
1171,2,1,1,1,67139,,
1172,2,1,2,1,67139,,
1173,1,1,1,4,67141,,
1174,1,1,2,15,67141,,
1175,1,1,2,3,67146,,
1176,2,1,1,1,67146,,
1177,2,1,2,1,67146,,
1178,1,1,1,17,67147,,
1179,1,1,2,20,67147,,
1180,1,1,2,1,67149,,
1181,1,1,2,16,67150,,
1182,2,1,2,1,67150,,
1183,1,1,1,7,67151,,
1184,1,1,2,19,67151,,
1185,2,1,1,1,67151,,
1186,2,1,2,1,67151,,
1187,1,1,1,4,67153,,
1188,1,1,2,15,67153,,
1189,1,1,2,3,67158,,
1190,2,1,1,1,67158,,
1191,2,1,2,1,67158,,
1192,1,1,1,15,67159,,
1193,1,1,2,26,67159,,
1194,1,1,2,1,67161,,
1195,1,1,2,16,67162,,
1196,2,1,2,1,67162,,
1197,1,1,1,7,67163,,
1198,1,1,2,19,67163,,
1199,2,1,1,1,67163,,
1200,2,1,2,1,67163,,
1201,1,1,1,4,67165,,
1202,1,1,2,15,67165,,
1203,1,1,2,3,67170,,
1204,2,1,1,1,67170,,
1205,2,1,2,1,67170,,
1206,1,1,1,15,67171,,
1207,1,1,2,26,67171,,
1208,1,1,2,1,67173,,
1209,1,1,2,16,67174,,
1210,2,1,2,1,67174,,
1211,1,1,1,7,67175,,
1212,1,1,2,19,67175,,
1213,2,1,1,1,67175,,
1214,2,1,2,1,67175,,
1215,1,1,1,4,67177,,
1216,1,1,2,15,67177,,
1217,1,1,2,3,67182,,
1218,2,1,1,1,67182,,
1219,2,1,2,1,67182,,
1220,1,1,1,15,67183,,
1221,1,1,2,26,67183,,
1222,1,1,2,1,67185,,
1223,1,1,2,16,67186,,
1224,2,1,2,1,67186,,
1225,1,1,1,7,67187,,
1226,1,1,2,19,67187,,
1227,2,1,1,1,67187,,
1228,2,1,2,1,67187,,
1229,1,1,1,4,67189,,
1230,1,1,2,15,67189,,
1231,1,1,2,3,67194,,
1232,2,1,1,1,67194,,
1233,2,1,2,1,67194,,
1234,1,1,1,15,67195,,
1235,1,1,2,26,67195,,
1236,1,1,2,1,67197,,
1237,1,1,2,16,67198,,
1238,2,1,2,1,67198,,
1239,1,1,1,7,67199,,
1240,1,1,2,19,67199,,
1241,2,1,1,1,67199,,
1242,2,1,2,1,67199,,
1243,1,1,1,4,67201,,
1244,1,1,2,15,67201,,
1245,1,1,2,3,67206,,
1246,2,1,1,1,67206,,
1247,2,1,2,1,67206,,
1248,1,1,1,17,67207,,
1249,1,1,2,27,67207,,
1250,1,1,2,1,67209,,
1251,1,1,2,16,67210,,
1252,2,1,2,1,67210,,
1253,1,1,1,7,67211,,
1254,1,1,2,19,67211,,
1255,2,1,1,1,67211,,
1256,2,1,2,1,67211,,
1257,1,1,1,4,67213,,
1258,1,1,2,15,67213,,
1259,1,1,2,3,67218,,
1260,2,1,1,1,67218,,
1261,2,1,2,1,67218,,
1262,1,1,1,17,67219,,
1263,1,1,2,27,67219,,
1264,1,1,2,1,67221,,
1265,1,1,2,16,67222,,
1266,2,1,2,1,67222,,
1267,1,1,1,7,67223,,
1268,1,1,2,19,67223,,
1269,2,1,1,1,67223,,
1270,2,1,2,1,67223,,
1271,1,1,1,4,67225,,
1272,1,1,2,15,67225,,
1273,1,1,2,5,67230,,
1274,2,1,1,1,67230,,
1275,2,1,2,1,67230,,
1276,1,1,1,17,67231,,
1277,1,1,2,27,67231,,
1278,1,1,2,1,67233,,
1279,1,1,2,16,67234,,
1280,2,1,2,1,67234,,
1281,1,1,1,7,67235,,
1282,1,1,2,19,67235,,
1283,2,1,1,1,67235,,
1284,2,1,2,1,67235,,
1285,1,1,1,4,67237,,
1286,1,1,2,15,67237,,
1287,1,1,2,5,67242,,
1288,2,1,1,1,67242,,
1289,2,1,2,1,67242,,
1290,1,1,1,17,67243,,
1291,1,1,2,27,67243,,
1292,1,1,2,1,67245,,
1293,1,1,2,16,67246,,
1294,2,1,2,1,67246,,
1295,1,1,1,7,67247,,
1296,1,1,2,19,67247,,
1297,2,1,1,1,67247,,
1298,2,1,2,1,67247,,
1299,1,1,1,4,67249,,
1300,1,1,2,15,67249,,
1301,1,1,2,5,67254,,
1302,2,1,1,1,67254,,
1303,2,1,2,1,67254,,
1304,1,1,1,17,67255,,
1305,1,1,2,27,67255,,
1306,1,1,2,1,67257,,
1307,1,1,2,16,67258,,
1308,2,1,2,1,67258,,
1309,1,1,1,7,67259,,
1310,1,1,2,19,67259,,
1311,2,1,1,1,67259,,
1312,2,1,2,1,67259,,
1313,1,1,1,4,67261,,
1314,1,1,2,15,67261,,
1315,1,1,2,5,67266,,
1316,2,1,1,1,67266,,
1317,2,1,2,1,67266,,
1318,1,1,1,17,67267,,
1319,1,1,2,27,67267,,
1320,1,1,2,1,67269,,
1321,1,1,2,11,67270,,
1322,2,1,2,1,67270,,
1323,1,1,1,7,67271,,
1324,1,1,2,19,67271,,
1325,2,1,1,1,67271,,
1326,2,1,2,1,67271,,
1327,1,1,1,4,67273,,
1328,1,1,2,15,67273,,
1329,1,1,2,5,67278,,
1330,2,1,1,1,67278,,
1331,2,1,2,1,67278,,
1332,1,1,1,17,67279,,
1333,1,1,2,27,67279,,
1334,1,1,2,1,67281,,
1335,1,1,2,11,67282,,
1336,2,1,2,1,67282,,
1337,1,1,1,7,67283,,
1338,1,1,2,19,67283,,
1339,2,1,1,1,67283,,
1340,2,1,2,1,67283,,
1341,1,1,1,4,67285,,
1342,1,1,2,15,67285,,
1343,1,1,2,5,67290,,
1344,2,1,1,1,67290,,
1345,2,1,2,1,67290,,
1346,1,1,1,17,67291,,
1347,1,1,2,27,67291,,
1348,1,1,2,1,67293,,
1349,1,1,2,11,67294,,
1350,2,1,2,1,67294,,
1351,1,1,1,7,67295,,
1352,1,1,2,19,67295,,
1353,2,1,1,1,67295,,
1354,2,1,2,1,67295,,
1355,1,1,1,4,67297,,
1356,1,1,2,15,67297,,
1357,1,1,2,5,67302,,
1358,2,1,1,1,67302,,
1359,2,1,2,1,67302,,
1360,1,1,1,17,67303,,
1361,1,1,2,27,67303,,
1362,1,1,2,1,67305,,
1363,1,1,2,11,67306,,
1364,2,1,2,1,67306,,
1365,1,1,1,7,67307,,
1366,1,1,2,19,67307,,
1367,2,1,1,1,67307,,
1368,2,1,2,1,67307,,
1369,1,1,1,4,67309,,
1370,1,1,2,15,67309,,
1371,1,1,2,5,67314,,
1372,2,1,1,1,67314,,
1373,2,1,2,1,67314,,
1374,1,1,1,17,67315,,
1375,1,1,2,27,67315,,
1376,1,1,2,1,67317,,
1377,1,1,2,11,67318,,
1378,2,1,2,1,67318,,
1379,1,1,1,7,67319,,
1380,1,1,2,19,67319,,
1381,2,1,1,1,67319,,
1382,2,1,2,1,67319,,
1383,1,1,1,4,67321,,
1384,1,1,2,15,67321,,
1385,1,1,2,5,67326,,
1386,2,1,1,1,67326,,
1387,2,1,2,1,67326,,
1388,1,1,1,17,67327,,
1389,1,1,2,27,67327,,
1390,1,1,2,1,67329,,
1391,1,1,2,11,67330,,
1392,2,1,2,1,67330,,
1393,1,1,1,7,67331,,
1394,1,1,2,19,67331,,
1395,2,1,1,1,67331,,
1396,2,1,2,1,67331,,
1397,1,1,1,4,67333,,
1398,1,1,2,15,67333,,
1399,1,1,2,5,67338,,
1400,2,1,1,1,67338,,
1401,2,1,2,1,67338,,
1402,1,1,1,17,67339,,
1403,1,1,2,27,67339,,
1404,1,1,2,1,67341,,
1405,1,1,2,11,67342,,
1406,2,1,2,1,67342,,
1407,1,1,1,6,67343,,
1408,1,1,2,18,67343,,
1409,2,1,1,1,67343,,
1410,2,1,2,1,67343,,
1411,1,1,1,4,67345,,
1412,1,1,2,15,67345,,
1413,1,1,2,5,67350,,
1414,2,1,1,1,67350,,
1415,2,1,2,1,67350,,
1416,1,1,1,17,67351,,
1417,1,1,2,27,67351,,
1418,1,1,2,1,67353,,
1419,1,1,2,11,67354,,
1420,2,1,2,1,67354,,
1421,1,1,1,6,67355,,
1422,1,1,2,18,67355,,
1423,2,1,1,1,67355,,
1424,2,1,2,1,67355,,
1425,1,1,1,4,67357,,
1426,1,1,2,15,67357,,
1427,1,1,2,5,67362,,
1428,2,1,1,1,67362,,
1429,2,1,2,1,67362,,
1430,1,1,1,17,67363,,
1431,1,1,2,27,67363,,
1432,1,1,2,1,67365,,
1433,1,1,2,11,67366,,
1434,2,1,2,1,67366,,
1435,1,1,1,6,67367,,
1436,1,1,2,18,67367,,
1437,2,1,1,1,67367,,
1438,2,1,2,1,67367,,
1439,1,1,1,4,67369,,
1440,1,1,2,15,67369,,
1441,1,1,2,7,67374,,
1442,2,1,1,1,67374,,
1443,2,1,2,1,67374,,
1444,1,1,1,18,67375,,
1445,1,1,2,31,67375,,
1446,2,1,1,1,67375,,
1447,1,1,2,1,67377,,
1448,1,1,2,11,67378,,
1449,2,1,2,1,67378,,
1450,1,1,1,6,67379,,
1451,1,1,2,18,67379,,
1452,2,1,1,1,67379,,
1453,2,1,2,1,67379,,
1454,1,1,1,4,67381,,
1455,1,1,2,15,67381,,
1456,1,1,2,7,67386,,
1457,2,1,1,1,67386,,
1458,2,1,2,1,67386,,
1459,1,1,1,18,67387,,
1460,1,1,2,31,67387,,
1461,2,1,1,1,67387,,
1462,1,1,2,1,67389,,
1463,1,1,2,11,67390,,
1464,2,1,2,1,67390,,
1465,1,1,1,5,67391,,
1466,1,1,2,18,67391,,
1467,2,1,1,1,67391,,
1468,2,1,2,1,67391,,
1469,1,1,1,4,67393,,
1470,1,1,2,15,67393,,
1471,1,1,2,7,67398,,
1472,2,1,1,1,67398,,
1473,2,1,2,1,67398,,
1474,1,1,1,18,67399,,
1475,1,1,2,31,67399,,
1476,2,1,1,1,67399,,
1477,1,1,2,1,67401,,
1478,1,1,2,11,67402,,
1479,2,1,2,1,67402,,
1480,1,1,1,5,67403,,
1481,1,1,2,18,67403,,
1482,2,1,1,1,67403,,
1483,2,1,2,1,67403,,
1484,1,1,1,4,67405,,
1485,1,1,2,15,67405,,
1486,1,1,2,7,67410,,
1487,2,1,1,1,67410,,
1488,2,1,2,1,67410,,
1489,1,1,1,18,67411,,
1490,1,1,2,31,67411,,
1491,2,1,1,1,67411,,
1492,1,1,2,1,67413,,
1493,1,1,2,11,67414,,
1494,2,1,2,1,67414,,
1495,1,1,1,5,67415,,
1496,1,1,2,18,67415,,
1497,2,1,1,1,67415,,
1498,2,1,2,1,67415,,
1499,1,1,1,5,67417,,
1500,1,1,2,14,67417,,
1501,1,1,2,7,67422,,
1502,2,1,1,1,67422,,
1503,2,1,2,1,67422,,
1504,1,1,1,18,67423,,
1505,1,1,2,31,67423,,
1506,2,1,1,1,67423,,
1507,1,1,2,1,67425,,
1508,1,1,2,11,67426,,
1509,2,1,2,1,67426,,
1510,1,1,1,5,67427,,
1511,1,1,2,18,67427,,
1512,2,1,1,1,67427,,
1513,2,1,2,1,67427,,
1514,1,1,1,5,67429,,
1515,1,1,2,14,67429,,
1516,1,1,2,7,67434,,
1517,2,1,1,1,67434,,
1518,2,1,2,1,67434,,
1519,1,1,1,18,67435,,
1520,1,1,2,31,67435,,
1521,2,1,1,1,67435,,
1522,1,1,2,1,67437,,
1523,1,1,2,11,67438,,
1524,2,1,2,1,67438,,
1525,1,1,1,5,67439,,
1526,1,1,2,18,67439,,
1527,2,1,1,1,67439,,
1528,2,1,2,1,67439,,
1529,1,1,1,5,67441,,
1530,1,1,2,14,67441,,
1531,1,1,2,7,67446,,
1532,2,1,1,1,67446,,
1533,2,1,2,1,67446,,
1534,1,1,1,18,67447,,
1535,1,1,2,31,67447,,
1536,2,1,1,1,67447,,
1537,1,1,2,1,67449,,
1538,1,1,2,11,67450,,
1539,2,1,2,1,67450,,
1540,1,1,1,5,67451,,
1541,1,1,2,18,67451,,
1542,2,1,1,1,67451,,
1543,2,1,2,1,67451,,
1544,1,1,1,5,67453,,
1545,1,1,2,14,67453,,
1546,1,1,2,7,67458,,
1547,2,1,1,1,67458,,
1548,2,1,2,1,67458,,
1549,1,1,1,18,67459,,
1550,1,1,2,31,67459,,
1551,2,1,1,1,67459,,
1552,1,1,2,1,67461,,
1553,1,1,2,11,67462,,
1554,2,1,2,1,67462,,
1555,1,1,1,5,67463,,
1556,1,1,2,18,67463,,
1557,2,1,1,1,67463,,
1558,2,1,2,1,67463,,
1559,1,1,1,5,67465,,
1560,1,1,2,14,67465,,
1561,1,1,2,7,67470,,
1562,2,1,1,1,67470,,
1563,2,1,2,1,67470,,
1564,1,1,1,18,67471,,
1565,1,1,2,31,67471,,
1566,2,1,1,1,67471,,
1567,1,1,2,1,67473,,
1568,1,1,2,11,67474,,
1569,2,1,2,1,67474,,
1570,1,1,1,5,67475,,
1571,1,1,2,18,67475,,
1572,2,1,1,1,67475,,
1573,2,1,2,1,67475,,
1574,1,1,1,5,67477,,
1575,1,1,2,14,67477,,
1576,1,1,2,7,67482,,
1577,2,1,1,1,67482,,
1578,2,1,2,1,67482,,
1579,1,1,1,18,67483,,
1580,1,1,2,31,67483,,
1581,2,1,1,1,67483,,
1582,1,1,2,1,67485,,
1583,1,1,2,11,67486,,
1584,2,1,2,1,67486,,
1585,1,1,1,5,67487,,
1586,1,1,2,18,67487,,
1587,2,1,1,1,67487,,
1588,2,1,2,1,67487,,
1589,1,1,1,5,67489,,
1590,1,1,2,14,67489,,
1591,1,1,2,7,67494,,
1592,2,1,1,1,67494,,
1593,2,1,2,1,67494,,
1594,1,1,1,18,67495,,
1595,1,1,2,31,67495,,
1596,2,1,1,1,67495,,
1597,1,1,2,1,67497,,
1598,1,1,2,11,67498,,
1599,2,1,2,1,67498,,
1600,1,1,1,5,67499,,
1601,1,1,2,18,67499,,
1602,2,1,1,1,67499,,
1603,2,1,2,1,67499,,
1604,1,1,1,5,67501,,
1605,1,1,2,14,67501,,
1606,1,1,2,7,67506,,
1607,2,1,1,1,67506,,
1608,2,1,2,1,67506,,
1609,1,1,1,18,67507,,
1610,1,1,2,31,67507,,
1611,2,1,1,1,67507,,
1612,1,1,2,1,67509,,
1613,1,1,2,11,67510,,
1614,2,1,2,1,67510,,
1615,1,1,1,5,67511,,
1616,1,1,2,18,67511,,
1617,2,1,1,1,67511,,
1618,2,1,2,1,67511,,
1619,1,1,1,5,67513,,
1620,1,1,2,14,67513,,
1621,1,1,2,7,67518,,
1622,2,1,1,1,67518,,
1623,2,1,2,1,67518,,
1624,1,1,1,20,67519,,
1625,1,1,2,34,67519,,
1626,2,1,1,1,67519,,
1627,1,1,2,1,67521,,
1628,1,1,2,11,67522,,
1629,2,1,2,1,67522,,
1630,1,1,1,5,67523,,
1631,1,1,2,18,67523,,
1632,2,1,1,1,67523,,
1633,2,1,2,1,67523,,
1634,1,1,1,5,67525,,
1635,1,1,2,14,67525,,
1636,1,1,2,7,67530,,
1637,2,1,1,1,67530,,
1638,2,1,2,1,67530,,
1639,1,1,1,20,67531,,
1640,1,1,2,34,67531,,
1641,2,1,1,1,67531,,
1642,1,1,2,1,67533,,
1643,1,1,2,11,67534,,
1644,2,1,2,1,67534,,
1645,1,1,1,5,67535,,
1646,1,1,2,18,67535,,
1647,2,1,1,1,67535,,
1648,2,1,2,1,67535,,
1649,1,1,1,5,67537,,
1650,1,1,2,14,67537,,
1651,1,1,2,7,67542,,
1652,2,1,1,1,67542,,
1653,2,1,2,1,67542,,
1654,1,1,1,20,67543,,
1655,1,1,2,34,67543,,
1656,2,1,1,1,67543,,
1657,1,1,2,1,67545,,
1658,1,1,2,11,67546,,
1659,2,1,2,1,67546,,
1660,1,1,1,5,67547,,
1661,1,1,2,18,67547,,
1662,2,1,1,1,67547,,
1663,2,1,2,1,67547,,
1664,1,1,1,5,67549,,
1665,1,1,2,14,67549,,
1666,1,1,2,7,67554,,
1667,2,1,1,1,67554,,
1668,2,1,2,1,67554,,
1669,1,1,1,20,67555,,
1670,1,1,2,34,67555,,
1671,2,1,1,1,67555,,
1672,1,1,2,1,67557,,
1673,1,1,2,11,67558,,
1674,2,1,2,1,67558,,
1675,1,1,1,5,67559,,
1676,1,1,2,18,67559,,
1677,2,1,1,1,67559,,
1678,2,1,2,1,67559,,
1679,1,1,1,5,67561,,
1680,1,1,2,14,67561,,
1681,1,1,2,7,67566,,
1682,2,1,1,1,67566,,
1683,2,1,2,1,67566,,
1684,1,1,1,20,67567,,
1685,1,1,2,34,67567,,
1686,2,1,1,1,67567,,
1687,1,1,2,1,67569,,
1688,1,1,2,11,67570,,
1689,2,1,2,1,67570,,
1690,1,1,1,5,67571,,
1691,1,1,2,18,67571,,
1692,2,1,1,1,67571,,
1693,2,1,2,1,67571,,
1694,1,1,1,5,67573,,
1695,1,1,2,14,67573,,
1696,1,1,2,7,67578,,
1697,2,1,1,1,67578,,
1698,2,1,2,1,67578,,
1699,1,1,1,20,67579,,
1700,1,1,2,34,67579,,
1701,2,1,1,1,67579,,
1702,1,1,2,1,67581,,
1703,1,1,2,11,67582,,
1704,2,1,2,1,67582,,
1705,1,1,1,5,67583,,
1706,1,1,2,18,67583,,
1707,2,1,1,1,67583,,
1708,2,1,2,1,67583,,
1709,1,1,1,5,67585,,
1710,1,1,2,14,67585,,
1711,1,1,2,7,67590,,
1712,2,1,1,1,67590,,
1713,2,1,2,1,67590,,
1714,1,1,1,20,67591,,
1715,1,1,2,34,67591,,
1716,2,1,1,1,67591,,
1717,1,1,2,1,67593,,
1718,1,1,2,11,67594,,
1719,2,1,2,1,67594,,
1720,1,1,1,5,67595,,
1721,1,1,2,18,67595,,
1722,2,1,1,1,67595,,
1723,2,1,2,1,67595,,
1724,1,1,1,5,67597,,
1725,1,1,2,14,67597,,
1726,1,1,2,7,67602,,
1727,2,1,1,1,67602,,
1728,2,1,2,1,67602,,
1729,1,1,1,20,67603,,
1730,1,1,2,34,67603,,
1731,2,1,1,1,67603,,
1732,1,1,2,1,67605,,
1733,1,1,2,11,67606,,
1734,2,1,2,1,67606,,
1735,1,1,1,5,67607,,
1736,1,1,2,18,67607,,
1737,2,1,1,1,67607,,
1738,2,1,2,1,67607,,
1739,1,1,1,5,67609,,
1740,1,1,2,14,67609,,
1741,1,1,2,7,67614,,
1742,2,1,1,1,67614,,
1743,2,1,2,1,67614,,
1744,1,1,1,20,67615,,
1745,1,1,2,34,67615,,
1746,2,1,1,1,67615,,
1747,1,1,2,1,67617,,
1748,1,1,2,11,67618,,
1749,2,1,2,1,67618,,
1750,1,1,1,5,67619,,
1751,1,1,2,18,67619,,
1752,2,1,1,1,67619,,
1753,2,1,2,1,67619,,
1754,1,1,1,5,67621,,
1755,1,1,2,14,67621,,
1756,1,1,2,7,67626,,
1757,2,1,1,1,67626,,
1758,2,1,2,1,67626,,
1759,1,1,1,20,67627,,
1760,1,1,2,34,67627,,
1761,2,1,1,1,67627,,
1762,1,1,2,1,67629,,
1763,1,1,2,11,67630,,
1764,2,1,2,1,67630,,
1765,1,1,1,5,67631,,
1766,1,1,2,18,67631,,
1767,2,1,1,1,67631,,
1768,2,1,2,1,67631,,
1769,1,1,1,5,67633,,
1770,1,1,2,14,67633,,
1771,1,1,2,7,67638,,
1772,2,1,1,1,67638,,
1773,2,1,2,1,67638,,
1774,1,1,1,20,67639,,
1775,1,1,2,34,67639,,
1776,2,1,1,1,67639,,
1777,1,1,2,1,67641,,
1778,1,1,2,11,67642,,
1779,2,1,2,1,67642,,
1780,1,1,1,5,67643,,
1781,1,1,2,18,67643,,
1782,2,1,1,1,67643,,
1783,2,1,2,1,67643,,
1784,1,1,1,5,67645,,
1785,1,1,2,14,67645,,
1786,1,1,2,7,67650,,
1787,2,1,1,1,67650,,
1788,2,1,2,1,67650,,
1789,1,1,1,20,67651,,
1790,1,1,2,34,67651,,
1791,2,1,1,1,67651,,
1792,1,1,2,1,67653,,
1793,1,1,2,11,67654,,
1794,2,1,2,1,67654,,
1795,1,1,1,5,67655,,
1796,1,1,2,18,67655,,
1797,2,1,1,1,67655,,
1798,2,1,2,1,67655,,
1799,1,1,1,5,67657,,
1800,1,1,2,14,67657,,
1801,1,1,1,2,67662,,
1802,1,1,2,13,67662,,
1803,2,1,1,1,67662,,
1804,2,1,2,1,67662,,
1805,1,1,1,24,67663,,
1806,1,1,2,40,67663,,
1807,2,1,1,1,67663,,
1808,2,1,2,1,67663,,
1809,1,1,2,2,67665,,
1810,1,1,2,11,67666,,
1811,2,1,2,1,67666,,
1812,1,1,1,5,67667,,
1813,1,1,2,18,67667,,
1814,2,1,1,1,67667,,
1815,2,1,2,1,67667,,
1816,1,1,1,5,67669,,
1817,1,1,2,14,67669,,
1818,1,1,1,2,67674,,
1819,1,1,2,13,67674,,
1820,2,1,1,1,67674,,
1821,2,1,2,1,67674,,
1822,1,1,1,24,67675,,
1823,1,1,2,40,67675,,
1824,2,1,1,1,67675,,
1825,2,1,2,1,67675,,
1826,1,1,2,2,67677,,
1827,1,1,2,11,67678,,
1828,2,1,2,1,67678,,
1829,1,1,1,5,67679,,
1830,1,1,2,18,67679,,
1831,2,1,1,1,67679,,
1832,2,1,2,1,67679,,
1833,1,1,1,5,67681,,
1834,1,1,2,14,67681,,
1835,1,1,1,2,67686,,
1836,1,1,2,13,67686,,
1837,2,1,1,1,67686,,
1838,2,1,2,1,67686,,
1839,1,1,1,24,67687,,
1840,1,1,2,40,67687,,
1841,2,1,1,1,67687,,
1842,2,1,2,1,67687,,
1843,1,1,2,2,67689,,
1844,1,1,2,11,67690,,
1845,2,1,2,1,67690,,
1846,1,1,1,5,67691,,
1847,1,1,2,18,67691,,
1848,2,1,1,1,67691,,
1849,2,1,2,1,67691,,
1850,1,1,1,5,67693,,
1851,1,1,2,14,67693,,
1852,1,1,1,2,67698,,
1853,1,1,2,13,67698,,
1854,2,1,1,1,67698,,
1855,2,1,2,1,67698,,
1856,1,1,1,24,67699,,
1857,1,1,2,40,67699,,
1858,2,1,1,1,67699,,
1859,2,1,2,1,67699,,
1860,1,1,2,2,67701,,
1861,1,1,2,11,67702,,
1862,2,1,2,1,67702,,
1863,1,1,1,5,67703,,
1864,1,1,2,18,67703,,
1865,2,1,1,1,67703,,
1866,2,1,2,1,67703,,
1867,1,1,1,5,67705,,
1868,1,1,2,14,67705,,
1869,1,1,1,2,67710,,
1870,1,1,2,13,67710,,
1871,2,1,1,1,67710,,
1872,2,1,2,1,67710,,
1873,1,1,1,24,67711,,
1874,1,1,2,40,67711,,
1875,2,1,1,1,67711,,
1876,2,1,2,1,67711,,
1877,1,1,2,2,67713,,
1878,1,1,2,11,67714,,
1879,2,1,2,1,67714,,
1880,1,1,1,5,67715,,
1881,1,1,2,18,67715,,
1882,2,1,1,1,67715,,
1883,2,1,2,1,67715,,
1884,1,1,1,5,67717,,
1885,1,1,2,14,67717,,
1886,1,1,1,2,67722,,
1887,1,1,2,13,67722,,
1888,2,1,1,1,67722,,
1889,2,1,2,1,67722,,
1890,1,1,1,24,67723,,
1891,1,1,2,40,67723,,
1892,2,1,1,1,67723,,
1893,2,1,2,1,67723,,
1894,1,1,2,2,67725,,
1895,1,1,2,11,67726,,
1896,2,1,2,1,67726,,
1897,1,1,1,5,67727,,
1898,1,1,2,18,67727,,
1899,2,1,1,1,67727,,
1900,2,1,2,1,67727,,
1901,1,1,1,5,67729,,
1902,1,1,2,14,67729,,
1903,1,1,1,2,67734,,
1904,1,1,2,13,67734,,
1905,2,1,1,1,67734,,
1906,2,1,2,1,67734,,
1907,1,1,1,24,67735,,
1908,1,1,2,40,67735,,
1909,2,1,1,1,67735,,
1910,2,1,2,1,67735,,
1911,1,1,2,2,67737,,
1912,1,1,2,11,67738,,
1913,2,1,2,1,67738,,
1914,1,1,1,5,67739,,
1915,1,1,2,18,67739,,
1916,2,1,1,1,67739,,
1917,2,1,2,1,67739,,
1918,1,1,1,5,67741,,
1919,1,1,2,14,67741,,
1920,1,1,1,2,67746,,
1921,1,1,2,13,67746,,
1922,2,1,1,1,67746,,
1923,2,1,2,1,67746,,
1924,1,1,1,24,67747,,
1925,1,1,2,40,67747,,
1926,2,1,1,1,67747,,
1927,2,1,2,1,67747,,
1928,1,1,2,2,67749,,
1929,1,1,2,11,67750,,
1930,2,1,2,1,67750,,
1931,1,1,1,5,67751,,
1932,1,1,2,18,67751,,
1933,2,1,1,1,67751,,
1934,2,1,2,1,67751,,
1935,1,1,1,5,67753,,
1936,1,1,2,14,67753,,
1937,1,1,1,2,67758,,
1938,1,1,2,13,67758,,
1939,2,1,1,1,67758,,
1940,2,1,2,1,67758,,
1941,1,1,1,24,67759,,
1942,1,1,2,40,67759,,
1943,2,1,1,1,67759,,
1944,2,1,2,1,67759,,
1945,1,1,2,2,67761,,
1946,1,1,2,11,67762,,
1947,2,1,2,1,67762,,
1948,1,1,1,5,67763,,
1949,1,1,2,18,67763,,
1950,2,1,1,1,67763,,
1951,2,1,2,1,67763,,
1952,1,1,1,5,67765,,
1953,1,1,2,14,67765,,
1954,1,1,1,2,67770,,
1955,1,1,2,13,67770,,
1956,2,1,1,1,67770,,
1957,2,1,2,1,67770,,
1958,1,1,1,24,67771,,
1959,1,1,2,40,67771,,
1960,2,1,1,1,67771,,
1961,2,1,2,1,67771,,
1962,1,1,2,2,67773,,
1963,1,1,2,11,67774,,
1964,2,1,2,1,67774,,
1965,1,1,1,5,67775,,
1966,1,1,2,18,67775,,
1967,2,1,1,1,67775,,
1968,2,1,2,1,67775,,
1969,1,1,1,5,67777,,
1970,1,1,2,14,67777,,
1971,1,1,1,2,67782,,
1972,1,1,2,13,67782,,
1973,2,1,1,1,67782,,
1974,2,1,2,1,67782,,
1975,1,1,1,24,67783,,
1976,1,1,2,40,67783,,
1977,2,1,1,1,67783,,
1978,2,1,2,1,67783,,
1979,1,1,2,2,67785,,
1980,1,1,2,11,67786,,
1981,2,1,2,1,67786,,
1982,1,1,1,5,67787,,
1983,1,1,2,18,67787,,
1984,2,1,1,1,67787,,
1985,2,1,2,1,67787,,
1986,1,1,1,5,67789,,
1987,1,1,2,14,67789,,
1988,1,1,1,2,67794,,
1989,1,1,2,13,67794,,
1990,2,1,1,1,67794,,
1991,2,1,2,1,67794,,
1992,1,1,1,24,67795,,
1993,1,1,2,40,67795,,
1994,2,1,1,1,67795,,
1995,2,1,2,1,67795,,
1996,1,1,2,2,67797,,
1997,1,1,2,11,67798,,
1998,2,1,2,1,67798,,
1999,1,1,1,5,67799,,
2000,1,1,2,18,67799,,
2001,2,1,1,1,67799,,
2002,2,1,2,1,67799,,
2003,1,1,1,5,67801,,
2004,1,1,2,14,67801,,
2005,1,1,1,12,67806,,
2006,1,1,2,24,67806,,
2007,2,1,1,1,67806,,
2008,2,1,2,1,67806,,
2009,1,1,1,29,67807,,
2010,1,1,2,42,67807,,
2011,2,1,1,1,67807,,
2012,2,1,2,1,67807,,
2013,1,1,2,2,67809,,
2014,1,1,2,11,67810,,
2015,2,1,2,1,67810,,
2016,1,1,1,5,67811,,
2017,1,1,2,18,67811,,
2018,2,1,1,1,67811,,
2019,2,1,2,1,67811,,
2020,1,1,1,5,67813,,
2021,1,1,2,14,67813,,
2022,1,1,1,12,67818,,
2023,1,1,2,24,67818,,
2024,2,1,1,1,67818,,
2025,2,1,2,1,67818,,
2026,1,1,1,29,67819,,
2027,1,1,2,42,67819,,
2028,2,1,1,1,67819,,
2029,2,1,2,1,67819,,
2030,1,1,2,2,67821,,
2031,1,1,2,11,67822,,
2032,2,1,2,1,67822,,
2033,1,1,1,5,67823,,
2034,1,1,2,18,67823,,
2035,2,1,1,1,67823,,
2036,2,1,2,1,67823,,
2037,1,1,1,5,67825,,
2038,1,1,2,14,67825,,
2039,1,1,1,12,67830,,
2040,1,1,2,24,67830,,
2041,2,1,1,1,67830,,
2042,2,1,2,1,67830,,
2043,1,1,1,29,67831,,
2044,1,1,2,42,67831,,
2045,2,1,1,1,67831,,
2046,2,1,2,1,67831,,
2047,1,1,2,2,67833,,
2048,1,1,2,11,67834,,
2049,2,1,2,1,67834,,
2050,1,1,1,5,67835,,
2051,1,1,2,18,67835,,
2052,2,1,1,1,67835,,
2053,2,1,2,1,67835,,
2054,1,1,1,5,67837,,
2055,1,1,2,14,67837,,
2056,1,1,1,12,67842,,
2057,1,1,2,24,67842,,
2058,2,1,1,1,67842,,
2059,2,1,2,1,67842,,
2060,1,1,1,29,67843,,
2061,1,1,2,42,67843,,
2062,2,1,1,1,67843,,
2063,2,1,2,1,67843,,
2064,1,1,2,2,67845,,
2065,1,1,1,1,67846,,
2066,1,1,2,14,67846,,
2067,2,1,2,1,67846,,
2068,1,1,1,5,67847,,
2069,1,1,2,18,67847,,
2070,2,1,1,1,67847,,
2071,2,1,2,1,67847,,
2072,1,1,1,5,67849,,
2073,1,1,2,14,67849,,
2074,1,1,1,12,67854,,
2075,1,1,2,24,67854,,
2076,2,1,1,1,67854,,
2077,2,1,2,1,67854,,
2078,1,1,1,29,67855,,
2079,1,1,2,42,67855,,
2080,2,1,1,1,67855,,
2081,2,1,2,1,67855,,
2082,1,1,2,2,67857,,
2083,1,1,1,1,67858,,
2084,1,1,2,14,67858,,
2085,2,1,2,1,67858,,
2086,1,1,1,5,67859,,
2087,1,1,2,18,67859,,
2088,2,1,1,1,67859,,
2089,2,1,2,1,67859,,
2090,1,1,1,5,67861,,
2091,1,1,2,14,67861,,
2092,1,1,1,12,67866,,
2093,1,1,2,24,67866,,
2094,2,1,1,1,67866,,
2095,2,1,2,1,67866,,
2096,1,1,1,29,67867,,
2097,1,1,2,42,67867,,
2098,2,1,1,1,67867,,
2099,2,1,2,1,67867,,
2100,1,1,2,2,67869,,
2101,1,1,1,1,67870,,
2102,1,1,2,14,67870,,
2103,2,1,2,1,67870,,
2104,1,1,1,5,67871,,
2105,1,1,2,18,67871,,
2106,2,1,1,1,67871,,
2107,2,1,2,1,67871,,
2108,1,1,1,5,67873,,
2109,1,1,2,14,67873,,
2110,1,1,1,12,67878,,
2111,1,1,2,24,67878,,
2112,2,1,1,1,67878,,
2113,2,1,2,1,67878,,
2114,1,1,1,29,67879,,
2115,1,1,2,42,67879,,
2116,2,1,1,1,67879,,
2117,2,1,2,1,67879,,
2118,1,1,2,2,67881,,
2119,1,1,1,1,67882,,
2120,1,1,2,14,67882,,
2121,2,1,2,1,67882,,
2122,1,1,1,5,67883,,
2123,1,1,2,18,67883,,
2124,2,1,1,1,67883,,
2125,2,1,2,1,67883,,
2126,1,1,1,5,67885,,
2127,1,1,2,14,67885,,
2128,1,1,1,12,67890,,
2129,1,1,2,24,67890,,
2130,2,1,1,1,67890,,
2131,2,1,2,1,67890,,
2132,1,1,1,29,67891,,
2133,1,1,2,42,67891,,
2134,2,1,1,1,67891,,
2135,2,1,2,1,67891,,
2136,1,1,2,2,67893,,
2137,1,1,1,1,67894,,
2138,1,1,2,14,67894,,
2139,2,1,2,1,67894,,
2140,1,1,1,5,67895,,
2141,1,1,2,18,67895,,
2142,2,1,1,1,67895,,
2143,2,1,2,1,67895,,
2144,1,1,1,5,67897,,
2145,1,1,2,14,67897,,
2146,1,1,1,12,67902,,
2147,1,1,2,24,67902,,
2148,2,1,1,1,67902,,
2149,2,1,2,1,67902,,
2150,1,1,1,29,67903,,
2151,1,1,2,42,67903,,
2152,2,1,1,1,67903,,
2153,2,1,2,1,67903,,
2154,1,1,2,2,67905,,
2155,1,1,1,1,67906,,
2156,1,1,2,14,67906,,
2157,2,1,2,1,67906,,
2158,1,1,1,5,67907,,
2159,1,1,2,18,67907,,
2160,2,1,1,1,67907,,
2161,2,1,2,1,67907,,
2162,1,1,1,5,67909,,
2163,1,1,2,14,67909,,
2164,1,1,1,12,67914,,
2165,1,1,2,24,67914,,
2166,2,1,1,1,67914,,
2167,2,1,2,1,67914,,
2168,1,1,1,29,67915,,
2169,1,1,2,42,67915,,
2170,2,1,1,1,67915,,
2171,2,1,2,1,67915,,
2172,1,1,2,2,67917,,
2173,1,1,1,1,67918,,
2174,1,1,2,14,67918,,
2175,2,1,2,1,67918,,
2176,1,1,1,5,67919,,
2177,1,1,2,18,67919,,
2178,2,1,1,1,67919,,
2179,2,1,2,1,67919,,
2180,1,1,1,5,67921,,
2181,1,1,2,14,67921,,
2182,1,1,1,12,67926,,
2183,1,1,2,24,67926,,
2184,2,1,1,1,67926,,
2185,2,1,2,1,67926,,
2186,1,1,1,29,67927,,
2187,1,1,2,42,67927,,
2188,2,1,1,1,67927,,
2189,2,1,2,1,67927,,
2190,1,1,2,2,67929,,
2191,1,1,1,1,67930,,
2192,1,1,2,14,67930,,
2193,2,1,2,1,67930,,
2194,1,1,1,5,67931,,
2195,1,1,2,18,67931,,
2196,2,1,1,1,67931,,
2197,2,1,2,1,67931,,
2198,1,1,1,5,67933,,
2199,1,1,2,14,67933,,
2200,1,1,1,12,67938,,
2201,1,1,2,24,67938,,
2202,2,1,1,1,67938,,
2203,2,1,2,1,67938,,
2204,1,1,1,29,67939,,
2205,1,1,2,42,67939,,
2206,2,1,1,1,67939,,
2207,2,1,2,1,67939,,
2208,1,1,2,2,67941,,
2209,1,1,1,1,67942,,
2210,1,1,2,14,67942,,
2211,2,1,2,1,67942,,
2212,1,1,1,5,67943,,
2213,1,1,2,18,67943,,
2214,2,1,1,1,67943,,
2215,2,1,2,1,67943,,
2216,1,1,1,5,67945,,
2217,1,1,2,14,67945,,
2218,1,1,1,13,67950,,
2219,1,1,2,26,67950,,
2220,2,1,1,1,67950,,
2221,2,1,2,1,67950,,
2222,1,1,1,29,67951,,
2223,1,1,2,42,67951,,
2224,2,1,1,1,67951,,
2225,2,1,2,1,67951,,
2226,1,1,2,2,67953,,
2227,1,1,1,1,67954,,
2228,1,1,2,14,67954,,
2229,2,1,2,1,67954,,
2230,1,1,1,5,67955,,
2231,1,1,2,18,67955,,
2232,2,1,1,1,67955,,
2233,2,1,2,1,67955,,
2234,1,1,1,5,67957,,
2235,1,1,2,14,67957,,
2236,1,1,1,13,67962,,
2237,1,1,2,26,67962,,
2238,2,1,1,1,67962,,
2239,2,1,2,1,67962,,
2240,1,1,1,29,67963,,
2241,1,1,2,42,67963,,
2242,2,1,1,1,67963,,
2243,2,1,2,1,67963,,
2244,1,1,2,2,67965,,
2245,1,1,1,1,67966,,
2246,1,1,2,14,67966,,
2247,2,1,2,1,67966,,
2248,1,1,1,5,67967,,
2249,1,1,2,18,67967,,
2250,2,1,1,1,67967,,
2251,2,1,2,1,67967,,
2252,1,1,1,5,67969,,
2253,1,1,2,14,67969,,
2254,1,1,1,13,67974,,
2255,1,1,2,26,67974,,
2256,2,1,1,1,67974,,
2257,2,1,2,1,67974,,
2258,1,1,1,29,67975,,
2259,1,1,2,42,67975,,
2260,2,1,1,1,67975,,
2261,2,1,2,1,67975,,
2262,1,1,2,2,67977,,
2263,1,1,1,1,67978,,
2264,1,1,2,14,67978,,
2265,2,1,2,1,67978,,
2266,1,1,1,5,67979,,
2267,1,1,2,18,67979,,
2268,2,1,1,1,67979,,
2269,2,1,2,1,67979,,
2270,1,1,1,5,67981,,
2271,1,1,2,14,67981,,
2272,1,1,1,13,67986,,
2273,1,1,2,26,67986,,
2274,2,1,1,1,67986,,
2275,2,1,2,1,67986,,
2276,1,1,1,29,67987,,
2277,1,1,2,42,67987,,
2278,2,1,1,1,67987,,
2279,2,1,2,1,67987,,
2280,1,1,2,2,67989,,
2281,1,1,1,1,67990,,
2282,1,1,2,14,67990,,
2283,2,1,2,1,67990,,
2284,1,1,1,5,67991,,
2285,1,1,2,18,67991,,
2286,2,1,1,1,67991,,
2287,2,1,2,1,67991,,
2288,1,1,1,5,67993,,
2289,1,1,2,14,67993,,
2290,1,1,1,13,67998,,
2291,1,1,2,26,67998,,
2292,2,1,1,1,67998,,
2293,2,1,2,1,67998,,
2294,1,1,1,29,67999,,
2295,1,1,2,42,67999,,
2296,2,1,1,1,67999,,
2297,2,1,2,1,67999,,
2298,1,1,2,2,68001,,
2299,1,1,1,1,68002,,
2300,1,1,2,14,68002,,
2301,2,1,2,1,68002,,
2302,1,1,1,5,68003,,
2303,1,1,2,18,68003,,
2304,2,1,1,1,68003,,
2305,2,1,2,1,68003,,
2306,1,1,1,5,68005,,
2307,1,1,2,14,68005,,
2308,1,1,1,13,68010,,
2309,1,1,2,26,68010,,
2310,2,1,1,1,68010,,
2311,2,1,2,1,68010,,
2312,1,1,1,29,68011,,
2313,1,1,2,42,68011,,
2314,2,1,1,1,68011,,
2315,2,1,2,1,68011,,
2316,1,1,2,2,68013,,
2317,1,1,1,1,68014,,
2318,1,1,2,14,68014,,
2319,2,1,2,1,68014,,
2320,1,1,1,5,68015,,
2321,1,1,2,18,68015,,
2322,2,1,1,1,68015,,
2323,2,1,2,1,68015,,
2324,1,1,1,5,68017,,
2325,1,1,2,14,68017,,
2326,1,1,1,13,68022,,
2327,1,1,2,26,68022,,
2328,2,1,1,1,68022,,
2329,2,1,2,1,68022,,
2330,1,1,1,29,68023,,
2331,1,1,2,42,68023,,
2332,2,1,1,1,68023,,
2333,2,1,2,1,68023,,
2334,1,1,2,2,68025,,
2335,1,1,1,1,68026,,
2336,1,1,2,14,68026,,
2337,2,1,2,1,68026,,
2338,1,1,1,5,68027,,
2339,1,1,2,18,68027,,
2340,2,1,1,1,68027,,
2341,2,1,2,1,68027,,
2342,1,1,1,5,68029,,
2343,1,1,2,14,68029,,
2344,1,1,1,13,68034,,
2345,1,1,2,26,68034,,
2346,2,1,1,1,68034,,
2347,2,1,2,1,68034,,
2348,1,1,1,29,68035,,
2349,1,1,2,42,68035,,
2350,2,1,1,1,68035,,
2351,2,1,2,1,68035,,
2352,1,1,2,2,68037,,
2353,1,1,1,1,68038,,
2354,1,1,2,14,68038,,
2355,2,1,2,1,68038,,
2356,1,1,1,5,68039,,
2357,1,1,2,18,68039,,
2358,2,1,1,1,68039,,
2359,2,1,2,1,68039,,
2360,1,1,1,5,68041,,
2361,1,1,2,14,68041,,
2362,1,1,1,13,68046,,
2363,1,1,2,26,68046,,
2364,2,1,1,1,68046,,
2365,2,1,2,1,68046,,
2366,1,1,1,29,68047,,
2367,1,1,2,42,68047,,
2368,2,1,1,1,68047,,
2369,2,1,2,1,68047,,
2370,1,1,2,2,68049,,
2371,1,1,1,1,68050,,
2372,1,1,2,14,68050,,
2373,2,1,2,1,68050,,
2374,1,1,1,5,68051,,
2375,1,1,2,18,68051,,
2376,2,1,1,1,68051,,
2377,2,1,2,1,68051,,
2378,1,1,1,5,68053,,
2379,1,1,2,14,68053,,
2380,1,1,1,13,68058,,
2381,1,1,2,26,68058,,
2382,2,1,1,1,68058,,
2383,2,1,2,1,68058,,
2384,1,1,1,29,68059,,
2385,1,1,2,42,68059,,
2386,2,1,1,1,68059,,
2387,2,1,2,1,68059,,
2388,1,1,2,2,68061,,
2389,1,1,1,1,68062,,
2390,1,1,2,14,68062,,
2391,2,1,2,1,68062,,
2392,1,1,1,5,68063,,
2393,1,1,2,18,68063,,
2394,2,1,1,1,68063,,
2395,2,1,2,1,68063,,
2396,1,1,1,5,68065,,
2397,1,1,2,14,68065,,
2398,1,1,1,13,68070,,
2399,1,1,2,26,68070,,
2400,2,1,1,1,68070,,
2401,2,1,2,1,68070,,
2402,1,1,1,29,68071,,
2403,1,1,2,42,68071,,
2404,2,1,1,1,68071,,
2405,2,1,2,1,68071,,
2406,1,1,2,2,68073,,
2407,1,1,1,1,68074,,
2408,1,1,2,14,68074,,
2409,2,1,2,1,68074,,
2410,1,1,1,5,68075,,
2411,1,1,2,18,68075,,
2412,2,1,1,1,68075,,
2413,2,1,2,1,68075,,
2414,1,1,1,5,68077,,
2415,1,1,2,14,68077,,
2416,1,1,1,13,68082,,
2417,1,1,2,26,68082,,
2418,2,1,1,1,68082,,
2419,2,1,2,1,68082,,
2420,1,1,1,29,68083,,
2421,1,1,2,42,68083,,
2422,2,1,1,1,68083,,
2423,2,1,2,1,68083,,
2424,1,1,2,2,68085,,
2425,1,1,1,1,68086,,
2426,1,1,2,14,68086,,
2427,2,1,2,1,68086,,
2428,1,1,1,5,68087,,
2429,1,1,2,18,68087,,
2430,2,1,1,1,68087,,
2431,2,1,2,1,68087,,
2432,1,1,1,5,68089,,
2433,1,1,2,14,68089,,
2434,1,1,1,20,68094,,
2435,1,1,2,27,68094,,
2436,2,1,1,1,68094,,
2437,2,1,2,1,68094,,
2438,1,1,1,29,68095,,
2439,1,1,2,44,68095,,
2440,2,1,1,1,68095,,
2441,2,1,2,1,68095,,
2442,1,1,2,2,68097,,
2443,1,1,1,1,68098,,
2444,1,1,2,14,68098,,
2445,2,1,2,1,68098,,
2446,1,1,1,5,68099,,
2447,1,1,2,18,68099,,
2448,2,1,1,1,68099,,
2449,2,1,2,1,68099,,
2450,1,1,1,5,68101,,
2451,1,1,2,14,68101,,
2452,1,1,1,20,68106,,
2453,1,1,2,27,68106,,
2454,2,1,1,1,68106,,
2455,2,1,2,1,68106,,
2456,1,1,1,29,68107,,
2457,1,1,2,44,68107,,
2458,2,1,1,1,68107,,
2459,2,1,2,1,68107,,
2460,1,1,2,2,68109,,
2461,1,1,1,1,68110,,
2462,1,1,2,14,68110,,
2463,2,1,2,1,68110,,
2464,1,1,1,5,68111,,
2465,1,1,2,18,68111,,
2466,2,1,1,1,68111,,
2467,2,1,2,1,68111,,
2468,1,1,1,5,68113,,
2469,1,1,2,14,68113,,
2470,1,1,1,20,68118,,
2471,1,1,2,27,68118,,
2472,2,1,1,1,68118,,
2473,2,1,2,1,68118,,
2474,1,1,1,29,68119,,
2475,1,1,2,44,68119,,
2476,2,1,1,1,68119,,
2477,2,1,2,1,68119,,
2478,1,1,2,2,68121,,
2479,1,1,1,1,68122,,
2480,1,1,2,14,68122,,
2481,2,1,2,1,68122,,
2482,1,1,1,5,68123,,
2483,1,1,2,18,68123,,
2484,2,1,1,1,68123,,
2485,2,1,2,1,68123,,
2486,1,1,1,5,68125,,
2487,1,1,2,14,68125,,
2488,1,1,1,20,68130,,
2489,1,1,2,27,68130,,
2490,2,1,1,1,68130,,
2491,2,1,2,1,68130,,
2492,1,1,1,29,68131,,
2493,1,1,2,44,68131,,
2494,2,1,1,1,68131,,
2495,2,1,2,1,68131,,
2496,1,1,2,2,68133,,
2497,1,1,1,1,68134,,
2498,1,1,2,14,68134,,
2499,2,1,2,1,68134,,
2500,1,1,1,5,68135,,
2501,1,1,2,18,68135,,
2502,2,1,1,1,68135,,
2503,2,1,2,1,68135,,
2504,1,1,1,5,68137,,
2505,1,1,2,14,68137,,
2506,1,1,1,20,68142,,
2507,1,1,2,27,68142,,
2508,2,1,1,1,68142,,
2509,2,1,2,1,68142,,
2510,1,1,1,29,68143,,
2511,1,1,2,44,68143,,
2512,2,1,1,1,68143,,
2513,2,1,2,1,68143,,
2514,1,1,2,2,68145,,
2515,1,1,1,1,68146,,
2516,1,1,2,14,68146,,
2517,2,1,2,1,68146,,
2518,1,1,1,5,68147,,
2519,1,1,2,18,68147,,
2520,2,1,1,1,68147,,
2521,2,1,2,1,68147,,
2522,1,1,1,5,68149,,
2523,1,1,2,14,68149,,
2524,1,1,1,20,68154,,
2525,1,1,2,27,68154,,
2526,2,1,1,1,68154,,
2527,2,1,2,1,68154,,
2528,1,1,1,29,68155,,
2529,1,1,2,44,68155,,
2530,2,1,1,1,68155,,
2531,2,1,2,1,68155,,
2532,1,1,2,2,68157,,
2533,1,1,1,1,68158,,
2534,1,1,2,14,68158,,
2535,2,1,2,1,68158,,
2536,1,1,1,5,68159,,
2537,1,1,2,18,68159,,
2538,2,1,1,1,68159,,
2539,2,1,2,1,68159,,
2540,1,1,1,5,68161,,
2541,1,1,2,14,68161,,
2542,1,1,1,20,68166,,
2543,1,1,2,27,68166,,
2544,2,1,1,1,68166,,
2545,2,1,2,1,68166,,
2546,1,1,1,29,68167,,
2547,1,1,2,44,68167,,
2548,2,1,1,1,68167,,
2549,2,1,2,1,68167,,
2550,1,1,2,2,68169,,
2551,1,1,1,1,68170,,
2552,1,1,2,14,68170,,
2553,2,1,2,1,68170,,
2554,1,1,1,5,68171,,
2555,1,1,2,18,68171,,
2556,2,1,1,1,68171,,
2557,2,1,2,1,68171,,
2558,1,1,1,5,68173,,
2559,1,1,2,14,68173,,
2560,1,1,1,20,68178,,
2561,1,1,2,27,68178,,
2562,2,1,1,1,68178,,
2563,2,1,2,1,68178,,
2564,1,1,1,29,68179,,
2565,1,1,2,44,68179,,
2566,2,1,1,1,68179,,
2567,2,1,2,1,68179,,
2568,1,1,2,2,68181,,
2569,1,1,1,1,68182,,
2570,1,1,2,14,68182,,
2571,2,1,2,1,68182,,
2572,1,1,1,5,68183,,
2573,1,1,2,18,68183,,
2574,2,1,1,1,68183,,
2575,2,1,2,1,68183,,
2576,1,1,1,5,68185,,
2577,1,1,2,14,68185,,
2578,1,1,1,20,68190,,
2579,1,1,2,27,68190,,
2580,2,1,1,1,68190,,
2581,2,1,2,1,68190,,
2582,1,1,1,29,68191,,
2583,1,1,2,44,68191,,
2584,2,1,1,1,68191,,
2585,2,1,2,1,68191,,
2586,1,1,2,2,68193,,
2587,1,1,1,1,68194,,
2588,1,1,2,14,68194,,
2589,2,1,2,1,68194,,
2590,1,1,1,5,68195,,
2591,1,1,2,18,68195,,
2592,2,1,1,1,68195,,
2593,2,1,2,1,68195,,
2594,1,1,1,5,68197,,
2595,1,1,2,14,68197,,
2596,1,1,1,20,68202,,
2597,1,1,2,27,68202,,
2598,2,1,1,1,68202,,
2599,2,1,2,1,68202,,
2600,1,1,1,29,68203,,
2601,1,1,2,44,68203,,
2602,2,1,1,1,68203,,
2603,2,1,2,1,68203,,
2604,1,1,2,2,68205,,
2605,1,1,1,1,68206,,
2606,1,1,2,14,68206,,
2607,2,1,2,1,68206,,
2608,1,1,1,5,68207,,
2609,1,1,2,18,68207,,
2610,2,1,1,1,68207,,
2611,2,1,2,1,68207,,
2612,1,1,1,5,68209,,
2613,1,1,2,14,68209,,
2614,1,1,1,20,68214,,
2615,1,1,2,27,68214,,
2616,2,1,1,1,68214,,
2617,2,1,2,1,68214,,
2618,1,1,1,29,68215,,
2619,1,1,2,44,68215,,
2620,2,1,1,1,68215,,
2621,2,1,2,1,68215,,
2622,1,1,2,2,68217,,
2623,1,1,1,1,68218,,
2624,1,1,2,14,68218,,
2625,2,1,2,1,68218,,
2626,1,1,1,5,68219,,
2627,1,1,2,18,68219,,
2628,2,1,1,1,68219,,
2629,2,1,2,1,68219,,
2630,1,1,1,5,68221,,
2631,1,1,2,14,68221,,
2632,1,1,1,20,68226,,
2633,1,1,2,27,68226,,
2634,2,1,1,1,68226,,
2635,2,1,2,1,68226,,
2636,1,1,2,2,68228,,
2637,1,1,1,1,68229,,
2638,1,1,2,14,68229,,
2639,2,1,2,1,68229,,
2640,1,1,1,5,68230,,
2641,1,1,2,18,68230,,
2642,2,1,1,1,68230,,
2643,2,1,2,1,68230,,
2644,1,1,1,5,68232,,
2645,1,1,2,14,68232,,
2646,1,1,1,20,68237,,
2647,1,1,2,27,68237,,
2648,2,1,1,1,68237,,
2649,2,1,2,1,68237,,
2650,1,1,2,2,68239,,
2651,1,1,1,1,68240,,
2652,1,1,2,14,68240,,
2653,2,1,2,1,68240,,
2654,1,1,1,5,68241,,
2655,1,1,2,18,68241,,
2656,2,1,1,1,68241,,
2657,2,1,2,1,68241,,
2658,1,1,1,5,68243,,
2659,1,1,2,14,68243,,
2660,1,1,1,20,68248,,
2661,1,1,2,27,68248,,
2662,2,1,1,1,68248,,
2663,2,1,2,1,68248,,
2664,1,1,2,2,68250,,
2665,1,1,1,1,68251,,
2666,1,1,2,14,68251,,
2667,2,1,2,1,68251,,
2668,1,1,1,5,68252,,
2669,1,1,2,18,68252,,
2670,2,1,1,1,68252,,
2671,2,1,2,1,68252,,
2672,1,1,1,5,68254,,
2673,1,1,2,14,68254,,
2674,1,1,1,20,68259,,
2675,1,1,2,27,68259,,
2676,2,1,1,1,68259,,
2677,2,1,2,1,68259,,
2678,1,1,2,2,68261,,
2679,1,1,1,1,68262,,
2680,1,1,2,14,68262,,
2681,2,1,2,1,68262,,
2682,1,1,1,5,68263,,
2683,1,1,2,18,68263,,
2684,2,1,1,1,68263,,
2685,2,1,2,1,68263,,
2686,1,1,1,5,68265,,
2687,1,1,2,14,68265,,
2688,1,1,1,20,68270,,
2689,1,1,2,27,68270,,
2690,2,1,1,1,68270,,
2691,2,1,2,1,68270,,
2692,1,1,2,2,68272,,
2693,1,1,1,1,68273,,
2694,1,1,2,14,68273,,
2695,2,1,2,1,68273,,
2696,1,1,1,5,68274,,
2697,1,1,2,18,68274,,
2698,2,1,1,1,68274,,
2699,2,1,2,1,68274,,
2700,1,1,1,5,68276,,
2701,1,1,2,14,68276,,
2702,1,1,1,20,68281,,
2703,1,1,2,27,68281,,
2704,2,1,1,1,68281,,
2705,2,1,2,1,68281,,
2706,1,1,2,2,68283,,
2707,1,1,1,1,68284,,
2708,1,1,2,14,68284,,
2709,2,1,2,1,68284,,
2710,1,1,1,5,68285,,
2711,1,1,2,18,68285,,
2712,2,1,1,1,68285,,
2713,2,1,2,1,68285,,
2714,1,1,1,5,68287,,
2715,1,1,2,14,68287,,
2716,1,1,1,20,68292,,
2717,1,1,2,27,68292,,
2718,2,1,1,1,68292,,
2719,2,1,2,1,68292,,
2720,1,1,2,2,68294,,
2721,1,1,1,1,68295,,
2722,1,1,2,14,68295,,
2723,2,1,2,1,68295,,
2724,1,1,1,5,68296,,
2725,1,1,2,18,68296,,
2726,2,1,1,1,68296,,
2727,2,1,2,1,68296,,
2728,1,1,1,5,68298,,
2729,1,1,2,14,68298,,
2730,1,1,1,18,68303,,
2731,1,1,2,27,68303,,
2732,2,1,1,1,68303,,
2733,2,1,2,1,68303,,
2734,1,1,2,3,68305,,
2735,1,1,1,1,68306,,
2736,1,1,2,14,68306,,
2737,2,1,2,1,68306,,
2738,1,1,1,5,68307,,
2739,1,1,2,18,68307,,
2740,2,1,1,1,68307,,
2741,2,1,2,1,68307,,
2742,1,1,1,5,68309,,
2743,1,1,2,14,68309,,
2744,1,1,1,18,68314,,
2745,1,1,2,27,68314,,
2746,2,1,1,1,68314,,
2747,2,1,2,1,68314,,
2748,1,1,2,3,68316,,
2749,1,1,1,1,68317,,
2750,1,1,2,14,68317,,
2751,2,1,2,1,68317,,
2752,1,1,1,5,68318,,
2753,1,1,2,18,68318,,
2754,2,1,1,1,68318,,
2755,2,1,2,1,68318,,
2756,1,1,1,5,68320,,
2757,1,1,2,14,68320,,
2758,1,1,1,18,68325,,
2759,1,1,2,27,68325,,
2760,2,1,1,1,68325,,
2761,2,1,2,1,68325,,
2762,1,1,2,3,68327,,
2763,1,1,1,1,68328,,
2764,1,1,2,14,68328,,
2765,2,1,2,1,68328,,
2766,1,1,1,5,68329,,
2767,1,1,2,18,68329,,
2768,2,1,1,1,68329,,
2769,2,1,2,1,68329,,
2770,1,1,1,5,68331,,
2771,1,1,2,14,68331,,
2772,1,1,1,18,68336,,
2773,1,1,2,27,68336,,
2774,2,1,1,1,68336,,
2775,2,1,2,1,68336,,
2776,1,1,2,3,68338,,
2777,1,1,1,1,68339,,
2778,1,1,2,14,68339,,
2779,2,1,2,1,68339,,
2780,1,1,1,5,68340,,
2781,1,1,2,18,68340,,
2782,2,1,1,1,68340,,
2783,2,1,2,1,68340,,
2784,1,1,1,5,68342,,
2785,1,1,2,14,68342,,
2786,1,1,1,18,68347,,
2787,1,1,2,27,68347,,
2788,2,1,1,1,68347,,
2789,2,1,2,1,68347,,
2790,1,1,2,3,68349,,
2791,1,1,1,1,68350,,
2792,1,1,2,14,68350,,
2793,2,1,2,1,68350,,
2794,1,1,1,5,68351,,
2795,1,1,2,18,68351,,
2796,2,1,1,1,68351,,
2797,2,1,2,1,68351,,
2798,1,1,1,5,68353,,
2799,1,1,2,14,68353,,
2800,1,1,1,18,68358,,
2801,1,1,2,27,68358,,
2802,2,1,1,1,68358,,
2803,2,1,2,1,68358,,
2804,1,1,2,3,68360,,
2805,1,1,1,1,68361,,
2806,1,1,2,14,68361,,
2807,2,1,2,1,68361,,
2808,1,1,1,5,68362,,
2809,1,1,2,18,68362,,
2810,2,1,1,1,68362,,
2811,2,1,2,1,68362,,
2812,1,1,1,5,68364,,
2813,1,1,2,14,68364,,
2814,1,1,1,19,68369,,
2815,1,1,2,25,68369,,
2816,2,1,1,1,68369,,
2817,2,1,2,1,68369,,
2818,1,1,2,3,68371,,
2819,1,1,1,1,68372,,
2820,1,1,2,14,68372,,
2821,2,1,2,1,68372,,
2822,1,1,1,5,68373,,
2823,1,1,2,18,68373,,
2824,2,1,1,1,68373,,
2825,2,1,2,1,68373,,
2826,1,1,1,5,68375,,
2827,1,1,2,14,68375,,
2828,1,1,1,19,68380,,
2829,1,1,2,25,68380,,
2830,2,1,1,1,68380,,
2831,2,1,2,1,68380,,
2832,1,1,2,3,68382,,
2833,1,1,1,1,68383,,
2834,1,1,2,14,68383,,
2835,2,1,2,1,68383,,
2836,1,1,1,5,68384,,
2837,1,1,2,18,68384,,
2838,2,1,1,1,68384,,
2839,2,1,2,1,68384,,
2840,1,1,1,5,68386,,
2841,1,1,2,14,68386,,
2842,1,1,1,19,68391,,
2843,1,1,2,25,68391,,
2844,2,1,1,1,68391,,
2845,2,1,2,1,68391,,
2846,1,1,2,3,68393,,
2847,1,1,1,1,68394,,
2848,1,1,2,14,68394,,
2849,2,1,2,1,68394,,
2850,1,1,1,5,68396,,
2851,1,1,2,14,68396,,
2852,1,1,1,19,68401,,
2853,1,1,2,25,68401,,
2854,2,1,1,1,68401,,
2855,2,1,2,1,68401,,
2856,1,1,2,3,68403,,
2857,1,1,1,1,68404,,
2858,1,1,2,20,68404,,
2859,2,1,2,2,68404,,
2860,1,1,1,5,68406,,
2861,1,1,2,15,68406,,
2862,1,1,1,19,68411,,
2863,1,1,2,25,68411,,
2864,2,1,1,1,68411,,
2865,2,1,2,1,68411,,
2866,1,1,2,3,68413,,
2867,1,1,1,1,68414,,
2868,1,1,2,20,68414,,
2869,2,1,2,2,68414,,
2870,1,1,1,5,68416,,
2871,1,1,2,15,68416,,
2872,1,1,1,19,68421,,
2873,1,1,2,25,68421,,
2874,2,1,1,1,68421,,
2875,2,1,2,1,68421,,
2876,1,1,2,3,68423,,
2877,1,1,1,1,68424,,
2878,1,1,2,20,68424,,
2879,2,1,2,2,68424,,
2880,1,1,1,5,68426,,
2881,1,1,2,15,68426,,
2882,1,1,1,19,68431,,
2883,1,1,2,25,68431,,
2884,2,1,1,1,68431,,
2885,2,1,2,1,68431,,
2886,1,1,2,3,68433,,
2887,1,1,1,1,68434,,
2888,1,1,2,20,68434,,
2889,2,1,2,2,68434,,
2890,1,1,1,5,68436,,
2891,1,1,2,15,68436,,
2892,1,1,1,19,68441,,
2893,1,1,2,25,68441,,
2894,2,1,1,1,68441,,
2895,2,1,2,1,68441,,
2896,1,1,2,3,68443,,
2897,1,1,1,1,68444,,
2898,1,1,2,20,68444,,
2899,2,1,2,2,68444,,
2900,1,1,1,5,68446,,
2901,1,1,2,15,68446,,
2902,1,1,1,19,68451,,
2903,1,1,2,25,68451,,
2904,2,1,1,1,68451,,
2905,2,1,2,1,68451,,
2906,1,1,2,3,68453,,
2907,1,1,1,1,68454,,
2908,1,1,2,20,68454,,
2909,2,1,2,2,68454,,
2910,1,1,1,5,68456,,
2911,1,1,2,15,68456,,
2912,1,1,1,19,68461,,
2913,1,1,2,25,68461,,
2914,2,1,1,1,68461,,
2915,2,1,2,1,68461,,
2916,1,1,2,3,68463,,
2917,1,1,1,1,68464,,
2918,1,1,2,20,68464,,
2919,2,1,2,2,68464,,
2920,1,1,1,5,68466,,
2921,1,1,2,15,68466,,
2922,1,1,1,19,68471,,
2923,1,1,2,25,68471,,
2924,2,1,1,1,68471,,
2925,2,1,2,1,68471,,
2926,1,1,2,3,68473,,
2927,1,1,1,1,68474,,
2928,1,1,2,20,68474,,
2929,2,1,2,2,68474,,
2930,1,1,1,5,68476,,
2931,1,1,2,15,68476,,
2932,1,1,1,19,68481,,
2933,1,1,2,25,68481,,
2934,2,1,1,1,68481,,
2935,2,1,2,1,68481,,
2936,1,1,2,3,68483,,
2937,1,1,1,1,68484,,
2938,1,1,2,20,68484,,
2939,2,1,2,2,68484,,
2940,1,1,1,5,68486,,
2941,1,1,2,15,68486,,
2942,1,1,1,27,68491,,
2943,1,1,2,33,68491,,
2944,2,1,1,1,68491,,
2945,2,1,2,1,68491,,
2946,1,1,2,3,68493,,
2947,1,1,1,1,68494,,
2948,1,1,2,20,68494,,
2949,2,1,2,2,68494,,
2950,1,1,1,5,68496,,
2951,1,1,2,15,68496,,
2952,1,1,1,27,68501,,
2953,1,1,2,33,68501,,
2954,2,1,1,1,68501,,
2955,2,1,2,1,68501,,
2956,1,1,2,3,68503,,
2957,1,1,1,1,68504,,
2958,1,1,2,20,68504,,
2959,2,1,2,2,68504,,
2960,1,1,1,5,68506,,
2961,1,1,2,15,68506,,
2962,1,1,1,27,68511,,
2963,1,1,2,33,68511,,
2964,2,1,1,1,68511,,
2965,2,1,2,1,68511,,
2966,1,1,2,3,68513,,
2967,1,1,1,1,68514,,
2968,1,1,2,20,68514,,
2969,2,1,2,2,68514,,
2970,1,1,1,5,68516,,
2971,1,1,2,15,68516,,
2972,1,1,1,27,68521,,
2973,1,1,2,33,68521,,
2974,2,1,1,1,68521,,
2975,2,1,2,1,68521,,
2976,1,1,2,3,68523,,
2977,1,1,1,1,68524,,
2978,1,1,2,20,68524,,
2979,2,1,2,2,68524,,
2980,1,1,1,2,68526,,
2981,1,1,2,17,68526,,
2982,2,1,2,1,68526,,
2983,1,1,1,27,68531,,
2984,1,1,2,33,68531,,
2985,2,1,1,1,68531,,
2986,2,1,2,1,68531,,
2987,1,1,2,3,68533,,
2988,1,1,1,1,68534,,
2989,1,1,2,20,68534,,
2990,2,1,2,2,68534,,
2991,1,1,1,2,68536,,
2992,1,1,2,17,68536,,
2993,2,1,2,1,68536,,
2994,1,1,1,27,68541,,
2995,1,1,2,33,68541,,
2996,2,1,1,1,68541,,
2997,2,1,2,1,68541,,
2998,1,1,2,3,68543,,
2999,1,1,1,1,68544,,
3000,1,1,2,20,68544,,
3001,2,1,2,2,68544,,
3002,1,1,1,2,68546,,
3003,1,1,2,17,68546,,
3004,2,1,2,1,68546,,
3005,1,1,1,27,68551,,
3006,1,1,2,33,68551,,
3007,2,1,1,1,68551,,
3008,2,1,2,1,68551,,
3009,1,1,2,3,68553,,
3010,1,1,1,1,68554,,
3011,1,1,2,20,68554,,
3012,2,1,2,2,68554,,
3013,1,1,1,2,68556,,
3014,1,1,2,17,68556,,
3015,2,1,2,1,68556,,
3016,1,1,1,27,68561,,
3017,1,1,2,33,68561,,
3018,2,1,1,1,68561,,
3019,2,1,2,1,68561,,
3020,1,1,2,3,68563,,
3021,1,1,1,1,68564,,
3022,1,1,2,20,68564,,
3023,2,1,2,2,68564,,
3024,1,1,1,2,68566,,
3025,1,1,2,17,68566,,
3026,2,1,2,1,68566,,
3027,1,1,1,27,68571,,
3028,1,1,2,33,68571,,
3029,2,1,1,1,68571,,
3030,2,1,2,1,68571,,
3031,1,1,2,3,68573,,
3032,1,1,1,1,68574,,
3033,1,1,2,20,68574,,
3034,2,1,2,2,68574,,
3035,1,1,1,2,68576,,
3036,1,1,2,17,68576,,
3037,2,1,2,1,68576,,
3038,1,1,1,27,68581,,
3039,1,1,2,33,68581,,
3040,2,1,1,1,68581,,
3041,2,1,2,1,68581,,
3042,1,1,2,3,68583,,
3043,1,1,1,1,68584,,
3044,1,1,2,20,68584,,
3045,2,1,2,2,68584,,
3046,1,1,1,2,68586,,
3047,1,1,2,17,68586,,
3048,2,1,2,1,68586,,
3049,1,1,1,27,68591,,
3050,1,1,2,33,68591,,
3051,2,1,1,1,68591,,
3052,2,1,2,1,68591,,
3053,1,1,2,3,68593,,
3054,1,1,1,1,68594,,
3055,1,1,2,20,68594,,
3056,2,1,2,2,68594,,
3057,1,1,1,2,68596,,
3058,1,1,2,17,68596,,
3059,2,1,2,1,68596,,
3060,1,1,1,27,68601,,
3061,1,1,2,33,68601,,
3062,2,1,1,1,68601,,
3063,2,1,2,1,68601,,
3064,1,1,2,3,68603,,
3065,1,1,1,1,68604,,
3066,1,1,2,20,68604,,
3067,2,1,2,2,68604,,
3068,1,1,1,2,68606,,
3069,1,1,2,17,68606,,
3070,2,1,2,1,68606,,
3071,1,1,1,24,68611,,
3072,1,1,2,34,68611,,
3073,2,1,1,1,68611,,
3074,2,1,2,1,68611,,
3075,1,1,2,3,68613,,
3076,1,1,1,1,68614,,
3077,1,1,2,20,68614,,
3078,2,1,2,2,68614,,
3079,1,1,1,2,68616,,
3080,1,1,2,17,68616,,
3081,2,1,2,1,68616,,
3082,1,1,1,24,68621,,
3083,1,1,2,34,68621,,
3084,2,1,1,1,68621,,
3085,2,1,2,1,68621,,
3086,1,1,2,3,68623,,
3087,1,1,1,1,68624,,
3088,1,1,2,20,68624,,
3089,2,1,2,2,68624,,
3090,1,1,1,2,68626,,
3091,1,1,2,17,68626,,
3092,2,1,2,1,68626,,
3093,1,1,1,24,68631,,
3094,1,1,2,34,68631,,
3095,2,1,1,1,68631,,
3096,2,1,2,1,68631,,
3097,1,1,2,3,68633,,
3098,1,1,1,1,68634,,
3099,1,1,2,20,68634,,
3100,2,1,2,2,68634,,
3101,1,1,1,2,68636,,
3102,1,1,2,17,68636,,
3103,2,1,2,1,68636,,
3104,1,1,1,24,68641,,
3105,1,1,2,34,68641,,
3106,2,1,1,1,68641,,
3107,2,1,2,1,68641,,
3108,1,1,2,3,68643,,
3109,1,1,1,1,68644,,
3110,1,1,2,20,68644,,
3111,2,1,2,2,68644,,
3112,1,1,1,2,68646,,
3113,1,1,2,17,68646,,
3114,2,1,2,1,68646,,
3115,1,1,1,24,68651,,
3116,1,1,2,34,68651,,
3117,2,1,1,1,68651,,
3118,2,1,2,1,68651,,
3119,1,1,2,3,68653,,
3120,1,1,1,1,68654,,
3121,1,1,2,20,68654,,
3122,2,1,2,2,68654,,
3123,1,1,1,2,68656,,
3124,1,1,2,17,68656,,
3125,2,1,2,1,68656,,
3126,1,1,1,24,68661,,
3127,1,1,2,34,68661,,
3128,2,1,1,1,68661,,
3129,2,1,2,1,68661,,
3130,1,1,2,3,68663,,
3131,1,1,1,1,68664,,
3132,1,1,2,20,68664,,
3133,2,1,2,2,68664,,
3134,1,1,1,2,68666,,
3135,1,1,2,17,68666,,
3136,2,1,2,1,68666,,
3137,1,1,1,24,68671,,
3138,1,1,2,34,68671,,
3139,2,1,1,1,68671,,
3140,2,1,2,1,68671,,
3141,1,1,2,3,68673,,
3142,1,1,1,1,68674,,
3143,1,1,2,20,68674,,
3144,2,1,2,2,68674,,
3145,1,1,1,2,68676,,
3146,1,1,2,17,68676,,
3147,2,1,2,1,68676,,
3148,1,1,1,24,68681,,
3149,1,1,2,34,68681,,
3150,2,1,1,1,68681,,
3151,2,1,2,1,68681,,
3152,1,1,2,3,68683,,
3153,1,1,1,1,68684,,
3154,1,1,2,20,68684,,
3155,2,1,2,2,68684,,
3156,1,1,1,2,68686,,
3157,1,1,2,17,68686,,
3158,2,1,2,1,68686,,
3159,1,1,1,24,68691,,
3160,1,1,2,34,68691,,
3161,2,1,1,1,68691,,
3162,2,1,2,1,68691,,
3163,1,1,2,3,68693,,
3164,1,1,1,1,68694,,
3165,1,1,2,20,68694,,
3166,2,1,2,2,68694,,
3167,1,1,1,2,68696,,
3168,1,1,2,17,68696,,
3169,2,1,2,1,68696,,
3170,1,1,1,24,68701,,
3171,1,1,2,34,68701,,
3172,2,1,1,1,68701,,
3173,2,1,2,1,68701,,
3174,1,1,2,3,68703,,
3175,1,1,1,1,68704,,
3176,1,1,2,20,68704,,
3177,2,1,2,2,68704,,
3178,1,1,1,2,68706,,
3179,1,1,2,17,68706,,
3180,2,1,2,1,68706,,
3181,1,1,1,24,68711,,
3182,1,1,2,34,68711,,
3183,2,1,1,1,68711,,
3184,2,1,2,1,68711,,
3185,1,1,2,3,68713,,
3186,1,1,1,1,68714,,
3187,1,1,2,20,68714,,
3188,2,1,2,2,68714,,
3189,1,1,1,2,68716,,
3190,1,1,2,17,68716,,
3191,2,1,2,1,68716,,
3192,1,1,1,24,68721,,
3193,1,1,2,34,68721,,
3194,2,1,1,1,68721,,
3195,2,1,2,1,68721,,
3196,1,1,2,3,68723,,
3197,1,1,1,1,68724,,
3198,1,1,2,20,68724,,
3199,2,1,2,2,68724,,
3200,1,1,1,2,68726,,
3201,1,1,2,17,68726,,
3202,2,1,2,1,68726,,
3203,1,1,1,27,68731,,
3204,1,1,2,35,68731,,
3205,2,1,1,1,68731,,
3206,2,1,2,2,68731,,
3207,1,1,2,4,68733,,
3208,1,1,1,1,68734,,
3209,1,1,2,20,68734,,
3210,2,1,2,2,68734,,
3211,1,1,1,2,68736,,
3212,1,1,2,17,68736,,
3213,2,1,2,1,68736,,
3214,1,1,1,27,68741,,
3215,1,1,2,35,68741,,
3216,2,1,1,1,68741,,
3217,2,1,2,2,68741,,
3218,1,1,2,4,68743,,
3219,1,1,1,1,68744,,
3220,1,1,2,20,68744,,
3221,2,1,2,2,68744,,
3222,1,1,1,2,68746,,
3223,1,1,2,17,68746,,
3224,2,1,2,1,68746,,
3225,1,1,1,27,68751,,
3226,1,1,2,35,68751,,
3227,2,1,1,1,68751,,
3228,2,1,2,2,68751,,
3229,1,1,2,4,68753,,
3230,1,1,1,1,68754,,
3231,1,1,2,20,68754,,
3232,2,1,2,2,68754,,
3233,1,1,1,2,68756,,
3234,1,1,2,17,68756,,
3235,2,1,2,1,68756,,
3236,1,1,1,27,68761,,
3237,1,1,2,35,68761,,
3238,2,1,1,1,68761,,
3239,2,1,2,2,68761,,
3240,1,1,2,4,68763,,
3241,1,1,1,1,68764,,
3242,1,1,2,20,68764,,
3243,2,1,2,2,68764,,
3244,1,1,1,2,68766,,
3245,1,1,2,17,68766,,
3246,2,1,2,1,68766,,
3247,1,1,1,27,68771,,
3248,1,1,2,35,68771,,
3249,2,1,1,1,68771,,
3250,2,1,2,2,68771,,
3251,1,1,2,4,68773,,
3252,1,1,1,1,68774,,
3253,1,1,2,20,68774,,
3254,2,1,2,2,68774,,
3255,1,1,1,2,68776,,
3256,1,1,2,17,68776,,
3257,2,1,2,1,68776,,
3258,1,1,1,27,68781,,
3259,1,1,2,35,68781,,
3260,2,1,1,1,68781,,
3261,2,1,2,2,68781,,
3262,1,1,2,4,68783,,
3263,1,1,1,1,68784,,
3264,1,1,2,20,68784,,
3265,2,1,2,2,68784,,
3266,1,1,1,2,68786,,
3267,1,1,2,17,68786,,
3268,2,1,2,1,68786,,
3269,1,1,1,27,68791,,
3270,1,1,2,35,68791,,
3271,2,1,1,1,68791,,
3272,2,1,2,2,68791,,
3273,1,1,2,4,68793,,
3274,1,1,1,1,68794,,
3275,1,1,2,20,68794,,
3276,2,1,2,2,68794,,
3277,1,1,1,2,68796,,
3278,1,1,2,17,68796,,
3279,2,1,2,1,68796,,
3280,1,1,1,27,68801,,
3281,1,1,2,35,68801,,
3282,2,1,1,1,68801,,
3283,2,1,2,2,68801,,
3284,1,1,2,4,68803,,
3285,1,1,1,1,68804,,
3286,1,1,2,20,68804,,
3287,2,1,2,2,68804,,
3288,1,1,1,2,68806,,
3289,1,1,2,17,68806,,
3290,2,1,2,1,68806,,
3291,1,1,1,27,68811,,
3292,1,1,2,35,68811,,
3293,2,1,1,1,68811,,
3294,2,1,2,2,68811,,
3295,1,1,2,4,68813,,
3296,1,1,1,1,68814,,
3297,1,1,2,20,68814,,
3298,2,1,2,2,68814,,
3299,1,1,1,2,68816,,
3300,1,1,2,17,68816,,
3301,2,1,2,1,68816,,
3302,1,1,1,27,68821,,
3303,1,1,2,35,68821,,
3304,2,1,1,1,68821,,
3305,2,1,2,2,68821,,
3306,1,1,2,4,68823,,
3307,1,1,1,1,68824,,
3308,1,1,2,20,68824,,
3309,2,1,2,2,68824,,
3310,1,1,1,2,68826,,
3311,1,1,2,17,68826,,
3312,2,1,2,1,68826,,
3313,1,1,1,27,68831,,
3314,1,1,2,35,68831,,
3315,2,1,1,1,68831,,
3316,2,1,2,2,68831,,
3317,1,1,2,4,68833,,
3318,1,1,1,1,68834,,
3319,1,1,2,20,68834,,
3320,2,1,2,2,68834,,
3321,1,1,1,2,68836,,
3322,1,1,2,17,68836,,
3323,2,1,2,1,68836,,
3324,1,1,1,27,68841,,
3325,1,1,2,35,68841,,
3326,2,1,1,1,68841,,
3327,2,1,2,2,68841,,
3328,1,1,2,4,68843,,
3329,1,1,1,1,68844,,
3330,1,1,2,20,68844,,
3331,2,1,2,2,68844,,
3332,1,1,1,2,68846,,
3333,1,1,2,17,68846,,
3334,2,1,2,1,68846,,
3335,1,1,1,26,68851,,
3336,1,1,2,38,68851,,
3337,2,1,1,1,68851,,
3338,2,1,2,2,68851,,
3339,1,1,2,4,68853,,
3340,1,1,1,1,68854,,
3341,1,1,2,20,68854,,
3342,2,1,2,2,68854,,
3343,1,1,1,2,68856,,
3344,1,1,2,17,68856,,
3345,2,1,2,1,68856,,
3346,1,1,1,26,68861,,
3347,1,1,2,38,68861,,
3348,2,1,1,1,68861,,
3349,2,1,2,2,68861,,
3350,1,1,2,4,68863,,
3351,1,1,1,1,68864,,
3352,1,1,2,20,68864,,
3353,2,1,2,2,68864,,
3354,1,1,1,2,68866,,
3355,1,1,2,17,68866,,
3356,2,1,2,1,68866,,
3357,1,1,1,26,68871,,
3358,1,1,2,38,68871,,
3359,2,1,1,1,68871,,
3360,2,1,2,2,68871,,
3361,1,1,2,4,68873,,
3362,1,1,1,1,68874,,
3363,1,1,2,20,68874,,
3364,2,1,2,2,68874,,
3365,1,1,1,2,68876,,
3366,1,1,2,17,68876,,
3367,2,1,2,1,68876,,
3368,1,1,1,26,68881,,
3369,1,1,2,38,68881,,
3370,2,1,1,1,68881,,
3371,2,1,2,2,68881,,
3372,1,1,2,4,68883,,
3373,1,1,1,6,68884,,
3374,1,1,2,16,68884,,
3375,2,1,2,2,68884,,
3376,1,1,1,2,68886,,
3377,1,1,2,19,68886,,
3378,2,1,2,1,68886,,
3379,1,1,1,26,68891,,
3380,1,1,2,38,68891,,
3381,2,1,1,1,68891,,
3382,2,1,2,2,68891,,
3383,1,1,2,4,68893,,
3384,1,1,1,6,68894,,
3385,1,1,2,16,68894,,
3386,2,1,2,2,68894,,
3387,1,1,1,2,68896,,
3388,1,1,2,19,68896,,
3389,2,1,2,1,68896,,
3390,1,1,1,26,68901,,
3391,1,1,2,38,68901,,
3392,2,1,1,1,68901,,
3393,2,1,2,2,68901,,
3394,1,1,2,4,68903,,
3395,1,1,1,6,68904,,
3396,1,1,2,16,68904,,
3397,2,1,2,2,68904,,
3398,1,1,1,2,68906,,
3399,1,1,2,19,68906,,
3400,2,1,2,1,68906,,
3401,1,1,1,26,68911,,
3402,1,1,2,38,68911,,
3403,2,1,1,1,68911,,
3404,2,1,2,2,68911,,
3405,1,1,2,4,68913,,
3406,1,1,1,6,68914,,
3407,1,1,2,16,68914,,
3408,2,1,2,2,68914,,
3409,1,1,1,2,68916,,
3410,1,1,2,19,68916,,
3411,2,1,2,1,68916,,
3412,1,1,1,26,68921,,
3413,1,1,2,38,68921,,
3414,2,1,1,1,68921,,
3415,2,1,2,2,68921,,
3416,1,1,2,4,68923,,
3417,1,1,1,6,68924,,
3418,1,1,2,16,68924,,
3419,2,1,2,2,68924,,
3420,1,1,1,2,68926,,
3421,1,1,2,19,68926,,
3422,2,1,2,1,68926,,
3423,1,1,1,26,68931,,
3424,1,1,2,38,68931,,
3425,2,1,1,1,68931,,
3426,2,1,2,2,68931,,
3427,1,1,2,4,68933,,
3428,1,1,1,6,68934,,
3429,1,1,2,16,68934,,
3430,2,1,2,2,68934,,
3431,1,1,1,2,68936,,
3432,1,1,2,19,68936,,
3433,2,1,2,1,68936,,
3434,1,1,1,26,68941,,
3435,1,1,2,38,68941,,
3436,2,1,1,1,68941,,
3437,2,1,2,2,68941,,
3438,1,1,2,4,68943,,
3439,1,1,1,6,68944,,
3440,1,1,2,16,68944,,
3441,2,1,2,2,68944,,
3442,1,1,1,2,68946,,
3443,1,1,2,19,68946,,
3444,2,1,2,1,68946,,
3445,1,1,1,26,68951,,
3446,1,1,2,38,68951,,
3447,2,1,1,1,68951,,
3448,2,1,2,2,68951,,
3449,1,1,2,4,68953,,
3450,1,1,1,6,68954,,
3451,1,1,2,16,68954,,
3452,2,1,2,2,68954,,
3453,1,1,1,2,68956,,
3454,1,1,2,19,68956,,
3455,2,1,2,1,68956,,
3456,1,1,1,26,68961,,
3457,1,1,2,38,68961,,
3458,2,1,1,1,68961,,
3459,2,1,2,2,68961,,
3460,1,1,2,4,68963,,
3461,1,1,1,6,68964,,
3462,1,1,2,16,68964,,
3463,2,1,2,2,68964,,
3464,1,1,1,2,68966,,
3465,1,1,2,19,68966,,
3466,2,1,2,1,68966,,
3467,1,1,1,19,68971,,
3468,1,1,2,35,68971,,
3469,2,1,1,1,68971,,
3470,2,1,2,2,68971,,
3471,1,1,2,4,68973,,
3472,1,1,1,6,68974,,
3473,1,1,2,16,68974,,
3474,2,1,2,2,68974,,
3475,1,1,1,2,68976,,
3476,1,1,2,19,68976,,
3477,2,1,2,1,68976,,
3478,1,1,1,19,68981,,
3479,1,1,2,35,68981,,
3480,2,1,1,1,68981,,
3481,2,1,2,2,68981,,
3482,1,1,2,4,68983,,
3483,1,1,1,6,68984,,
3484,1,1,2,16,68984,,
3485,2,1,2,2,68984,,
3486,1,1,1,2,68986,,
3487,1,1,2,19,68986,,
3488,2,1,2,1,68986,,
3489,1,1,1,19,68991,,
3490,1,1,2,35,68991,,
3491,2,1,1,1,68991,,
3492,2,1,2,2,68991,,
3493,1,1,2,4,68993,,
3494,1,1,1,6,68994,,
3495,1,1,2,16,68994,,
3496,2,1,2,2,68994,,
3497,1,1,1,2,68996,,
3498,1,1,2,19,68996,,
3499,2,1,2,1,68996,,
3500,1,1,1,19,69001,,
3501,1,1,2,35,69001,,
3502,2,1,1,1,69001,,
3503,2,1,2,2,69001,,
3504,1,1,2,4,69003,,
3505,1,1,1,6,69004,,
3506,1,1,2,16,69004,,
3507,2,1,2,2,69004,,
3508,1,1,1,4,69006,,
3509,1,1,2,14,69006,,
3510,2,1,2,1,69006,,
3511,1,1,1,19,69011,,
3512,1,1,2,35,69011,,
3513,2,1,1,1,69011,,
3514,2,1,2,2,69011,,
3515,1,1,2,4,69013,,
3516,1,1,1,6,69014,,
3517,1,1,2,16,69014,,
3518,2,1,2,2,69014,,
3519,1,1,1,4,69016,,
3520,1,1,2,14,69016,,
3521,2,1,2,1,69016,,
3522,1,1,1,19,69021,,
3523,1,1,2,35,69021,,
3524,2,1,1,1,69021,,
3525,2,1,2,2,69021,,
3526,1,1,2,4,69023,,
3527,1,1,1,6,69024,,
3528,1,1,2,16,69024,,
3529,2,1,2,2,69024,,
3530,1,1,1,4,69026,,
3531,1,1,2,14,69026,,
3532,2,1,2,1,69026,,
3533,1,1,1,19,69031,,
3534,1,1,2,35,69031,,
3535,2,1,1,1,69031,,
3536,2,1,2,2,69031,,
3537,1,1,2,4,69033,,
3538,1,1,1,6,69034,,
3539,1,1,2,16,69034,,
3540,2,1,2,2,69034,,
3541,1,1,1,4,69036,,
3542,1,1,2,14,69036,,
3543,2,1,2,1,69036,,
3544,1,1,1,19,69041,,
3545,1,1,2,35,69041,,
3546,2,1,1,1,69041,,
3547,2,1,2,2,69041,,
3548,1,1,2,4,69043,,
3549,1,1,1,6,69044,,
3550,1,1,2,16,69044,,
3551,2,1,2,2,69044,,
3552,1,1,1,4,69046,,
3553,1,1,2,14,69046,,
3554,2,1,2,1,69046,,
3555,1,1,1,19,69051,,
3556,1,1,2,35,69051,,
3557,2,1,1,1,69051,,
3558,2,1,2,2,69051,,
3559,1,1,2,4,69053,,
3560,1,1,1,6,69054,,
3561,1,1,2,16,69054,,
3562,2,1,2,2,69054,,
3563,1,1,1,4,69056,,
3564,1,1,2,14,69056,,
3565,2,1,2,1,69056,,
3566,1,1,1,19,69061,,
3567,1,1,2,35,69061,,
3568,2,1,1,1,69061,,
3569,2,1,2,2,69061,,
3570,1,1,2,4,69063,,
3571,1,1,1,6,69064,,
3572,1,1,2,16,69064,,
3573,2,1,2,2,69064,,
3574,1,1,1,4,69066,,
3575,1,1,2,14,69066,,
3576,2,1,2,1,69066,,
3577,1,1,1,19,69071,,
3578,1,1,2,35,69071,,
3579,2,1,1,1,69071,,
3580,2,1,2,2,69071,,
3581,1,1,2,4,69073,,
3582,1,1,1,6,69074,,
3583,1,1,2,16,69074,,
3584,2,1,2,2,69074,,
3585,1,1,1,4,69076,,
3586,1,1,2,14,69076,,
3587,2,1,2,1,69076,,
3588,1,1,1,19,69081,,
3589,1,1,2,35,69081,,
3590,2,1,1,1,69081,,
3591,2,1,2,2,69081,,
3592,1,1,2,4,69083,,
3593,1,1,1,6,69084,,
3594,1,1,2,16,69084,,
3595,2,1,2,2,69084,,
3596,1,1,1,4,69086,,
3597,1,1,2,14,69086,,
3598,2,1,2,1,69086,,
3599,1,1,1,16,69091,,
3600,1,1,2,32,69091,,
3601,2,1,1,1,69091,,
3602,2,1,2,2,69091,,
3603,1,1,2,4,69093,,
3604,1,1,1,6,69094,,
3605,1,1,2,16,69094,,
3606,2,1,2,2,69094,,
3607,1,1,1,4,69096,,
3608,1,1,2,14,69096,,
3609,2,1,2,1,69096,,
3610,1,1,1,16,69101,,
3611,1,1,2,32,69101,,
3612,2,1,1,1,69101,,
3613,2,1,2,2,69101,,
3614,1,1,2,4,69103,,
3615,1,1,1,6,69104,,
3616,1,1,2,16,69104,,
3617,2,1,2,2,69104,,
3618,1,1,1,4,69106,,
3619,1,1,2,14,69106,,
3620,2,1,2,1,69106,,
3621,1,1,1,16,69111,,
3622,1,1,2,32,69111,,
3623,2,1,1,1,69111,,
3624,2,1,2,2,69111,,
3625,1,1,2,4,69113,,
3626,1,1,1,6,69114,,
3627,1,1,2,16,69114,,
3628,2,1,2,2,69114,,
3629,1,1,1,4,69116,,
3630,1,1,2,14,69116,,
3631,2,1,2,1,69116,,
3632,1,1,1,16,69121,,
3633,1,1,2,32,69121,,
3634,2,1,1,1,69121,,
3635,2,1,2,2,69121,,
3636,1,1,2,4,69123,,
3637,1,1,1,6,69124,,
3638,1,1,2,16,69124,,
3639,2,1,2,2,69124,,
3640,1,1,1,4,69126,,
3641,1,1,2,14,69126,,
3642,2,1,2,1,69126,,
3643,1,1,1,16,69131,,
3644,1,1,2,32,69131,,
3645,2,1,1,1,69131,,
3646,2,1,2,2,69131,,
3647,1,1,2,4,69133,,
3648,1,1,1,6,69134,,
3649,1,1,2,16,69134,,
3650,2,1,2,2,69134,,
3651,1,1,1,4,69136,,
3652,1,1,2,14,69136,,
3653,2,1,2,1,69136,,
3654,1,1,1,16,69141,,
3655,1,1,2,32,69141,,
3656,2,1,1,1,69141,,
3657,2,1,2,2,69141,,
3658,1,1,2,4,69143,,
3659,1,1,1,6,69144,,
3660,1,1,2,16,69144,,
3661,2,1,2,2,69144,,
3662,1,1,1,4,69146,,
3663,1,1,2,14,69146,,
3664,2,1,2,1,69146,,
3665,1,1,1,16,69151,,
3666,1,1,2,32,69151,,
3667,2,1,1,1,69151,,
3668,2,1,2,2,69151,,
3669,1,1,2,4,69153,,
3670,1,1,1,6,69154,,
3671,1,1,2,16,69154,,
3672,2,1,2,2,69154,,
3673,1,1,1,4,69156,,
3674,1,1,2,14,69156,,
3675,2,1,2,1,69156,,
3676,1,1,1,16,69161,,
3677,1,1,2,32,69161,,
3678,2,1,1,1,69161,,
3679,2,1,2,2,69161,,
3680,1,1,2,4,69163,,
3681,1,1,1,6,69164,,
3682,1,1,2,16,69164,,
3683,2,1,2,2,69164,,
3684,1,1,1,4,69166,,
3685,1,1,2,14,69166,,
3686,2,1,2,1,69166,,
3687,1,1,1,16,69171,,
3688,1,1,2,32,69171,,
3689,2,1,1,1,69171,,
3690,2,1,2,2,69171,,
3691,1,1,2,4,69173,,
3692,1,1,1,6,69174,,
3693,1,1,2,16,69174,,
3694,2,1,2,2,69174,,
3695,1,1,1,4,69176,,
3696,1,1,2,14,69176,,
3697,2,1,2,1,69176,,
3698,1,1,1,16,69181,,
3699,1,1,2,32,69181,,
3700,2,1,1,1,69181,,
3701,2,1,2,2,69181,,
3702,1,1,2,4,69183,,
3703,1,1,1,6,69184,,
3704,1,1,2,16,69184,,
3705,2,1,2,2,69184,,
3706,1,1,1,4,69186,,
3707,1,1,2,14,69186,,
3708,2,1,2,1,69186,,
3709,1,1,1,16,69191,,
3710,1,1,2,32,69191,,
3711,2,1,1,1,69191,,
3712,2,1,2,2,69191,,
3713,1,1,2,4,69193,,
3714,1,1,1,6,69194,,
3715,1,1,2,16,69194,,
3716,2,1,2,2,69194,,
3717,1,1,1,4,69196,,
3718,1,1,2,14,69196,,
3719,2,1,2,1,69196,,
3720,1,1,1,16,69201,,
3721,1,1,2,32,69201,,
3722,2,1,1,1,69201,,
3723,2,1,2,2,69201,,
3724,1,1,2,4,69203,,
3725,1,1,1,6,69204,,
3726,1,1,2,16,69204,,
3727,2,1,2,2,69204,,
3728,1,1,1,4,69206,,
3729,1,1,2,14,69206,,
3730,2,1,2,1,69206,,
3731,1,1,1,18,69211,,
3732,1,1,2,30,69211,,
3733,2,1,1,1,69211,,
3734,2,1,2,1,69211,,
3735,1,1,2,4,69213,,
3736,1,1,1,6,69214,,
3737,1,1,2,16,69214,,
3738,2,1,2,2,69214,,
3739,1,1,1,4,69216,,
3740,1,1,2,14,69216,,
3741,2,1,2,1,69216,,
3742,1,1,1,18,69221,,
3743,1,1,2,30,69221,,
3744,2,1,1,1,69221,,
3745,2,1,2,1,69221,,
3746,1,1,2,4,69223,,
3747,1,1,1,6,69224,,
3748,1,1,2,16,69224,,
3749,2,1,2,2,69224,,
3750,1,1,1,4,69226,,
3751,1,1,2,14,69226,,
3752,2,1,2,1,69226,,
3753,1,1,1,18,69231,,
3754,1,1,2,30,69231,,
3755,2,1,1,1,69231,,
3756,2,1,2,1,69231,,
3757,1,1,2,4,69233,,
3758,1,1,1,6,69234,,
3759,1,1,2,16,69234,,
3760,2,1,2,2,69234,,
3761,1,1,1,4,69236,,
3762,1,1,2,14,69236,,
3763,2,1,2,1,69236,,
3764,1,1,1,18,69241,,
3765,1,1,2,30,69241,,
3766,2,1,1,1,69241,,
3767,2,1,2,1,69241,,
3768,1,1,2,4,69243,,
3769,1,1,1,6,69244,,
3770,1,1,2,16,69244,,
3771,2,1,2,2,69244,,
3772,1,1,1,4,69246,,
3773,1,1,2,14,69246,,
3774,2,1,2,1,69246,,
3775,1,1,1,18,69251,,
3776,1,1,2,30,69251,,
3777,2,1,1,1,69251,,
3778,2,1,2,1,69251,,
3779,1,1,2,4,69253,,
3780,1,1,1,6,69254,,
3781,1,1,2,16,69254,,
3782,2,1,2,2,69254,,
3783,1,1,1,4,69256,,
3784,1,1,2,14,69256,,
3785,2,1,2,1,69256,,
3786,1,1,1,18,69261,,
3787,1,1,2,30,69261,,
3788,2,1,1,1,69261,,
3789,2,1,2,1,69261,,
3790,1,1,2,4,69263,,
3791,1,1,1,6,69264,,
3792,1,1,2,16,69264,,
3793,2,1,2,2,69264,,
3794,1,1,1,4,69266,,
3795,1,1,2,14,69266,,
3796,2,1,2,1,69266,,
3797,1,1,1,18,69271,,
3798,1,1,2,30,69271,,
3799,2,1,1,1,69271,,
3800,2,1,2,1,69271,,
3801,1,1,2,4,69273,,
3802,1,1,1,6,69274,,
3803,1,1,2,16,69274,,
3804,2,1,2,2,69274,,
3805,1,1,1,4,69276,,
3806,1,1,2,14,69276,,
3807,2,1,2,1,69276,,
3808,1,1,1,18,69281,,
3809,1,1,2,30,69281,,
3810,2,1,1,1,69281,,
3811,2,1,2,1,69281,,
3812,1,1,2,4,69283,,
3813,1,1,1,6,69284,,
3814,1,1,2,16,69284,,
3815,2,1,2,2,69284,,
3816,1,1,1,4,69286,,
3817,1,1,2,14,69286,,
3818,2,1,2,1,69286,,
3819,1,1,1,18,69291,,
3820,1,1,2,30,69291,,
3821,2,1,1,1,69291,,
3822,2,1,2,1,69291,,
3823,1,1,2,4,69293,,
3824,1,1,1,6,69294,,
3825,1,1,2,16,69294,,
3826,2,1,2,2,69294,,
3827,1,1,1,4,69296,,
3828,1,1,2,14,69296,,
3829,2,1,2,1,69296,,
3830,1,1,1,18,69301,,
3831,1,1,2,30,69301,,
3832,2,1,1,1,69301,,
3833,2,1,2,1,69301,,
3834,1,1,2,4,69303,,
3835,1,1,1,6,69304,,
3836,1,1,2,16,69304,,
3837,2,1,2,2,69304,,
3838,1,1,1,4,69306,,
3839,1,1,2,14,69306,,
3840,2,1,2,1,69306,,
3841,1,1,1,18,69311,,
3842,1,1,2,30,69311,,
3843,2,1,1,1,69311,,
3844,2,1,2,1,69311,,
3845,1,1,2,4,69313,,
3846,1,1,1,6,69314,,
3847,1,1,2,16,69314,,
3848,2,1,2,2,69314,,
3849,1,1,1,4,69316,,
3850,1,1,2,14,69316,,
3851,2,1,2,1,69316,,
3852,1,1,1,18,69321,,
3853,1,1,2,30,69321,,
3854,2,1,1,1,69321,,
3855,2,1,2,1,69321,,
3856,1,1,2,4,69323,,
3857,1,1,1,6,69324,,
3858,1,1,2,16,69324,,
3859,2,1,2,2,69324,,
3860,1,1,1,4,69326,,
3861,1,1,2,14,69326,,
3862,2,1,2,1,69326,,
3863,1,1,1,16,69331,,
3864,1,1,2,34,69331,,
3865,2,1,1,1,69331,,
3866,2,1,2,1,69331,,
3867,1,1,2,4,69333,,
3868,1,1,1,6,69334,,
3869,1,1,2,16,69334,,
3870,2,1,2,2,69334,,
3871,1,1,1,4,69336,,
3872,1,1,2,14,69336,,
3873,2,1,2,1,69336,,
3874,1,1,1,16,69341,,
3875,1,1,2,34,69341,,
3876,2,1,1,1,69341,,
3877,2,1,2,1,69341,,
3878,1,1,2,4,69343,,
3879,1,1,1,3,69344,,
3880,1,1,2,15,69344,,
3881,2,1,2,2,69344,,
3882,1,1,1,4,69346,,
3883,1,1,2,14,69346,,
3884,2,1,2,1,69346,,
3885,1,1,1,16,69351,,
3886,1,1,2,34,69351,,
3887,2,1,1,1,69351,,
3888,2,1,2,1,69351,,
3889,1,1,2,4,69353,,
3890,1,1,1,3,69354,,
3891,1,1,2,15,69354,,
3892,2,1,2,2,69354,,
3893,1,1,1,4,69356,,
3894,1,1,2,14,69356,,
3895,2,1,2,1,69356,,
3896,1,1,1,16,69361,,
3897,1,1,2,34,69361,,
3898,2,1,1,1,69361,,
3899,2,1,2,1,69361,,
3900,1,1,2,4,69363,,
3901,1,1,1,3,69364,,
3902,1,1,2,15,69364,,
3903,2,1,2,2,69364,,
3904,1,1,1,4,69366,,
3905,1,1,2,11,69366,,
3906,2,1,2,1,69366,,
3907,1,1,1,16,69371,,
3908,1,1,2,34,69371,,
3909,2,1,1,1,69371,,
3910,2,1,2,1,69371,,
3911,1,1,2,4,69373,,
3912,1,1,1,3,69374,,
3913,1,1,2,15,69374,,
3914,2,1,2,2,69374,,
3915,1,1,1,4,69376,,
3916,1,1,2,11,69376,,
3917,2,1,2,1,69376,,
3918,1,1,1,16,69381,,
3919,1,1,2,34,69381,,
3920,2,1,1,1,69381,,
3921,2,1,2,1,69381,,
3922,1,1,2,4,69383,,
3923,1,1,1,3,69384,,
3924,1,1,2,15,69384,,
3925,2,1,2,2,69384,,
3926,1,1,1,4,69386,,
3927,1,1,2,11,69386,,
3928,2,1,2,1,69386,,
3929,1,1,1,16,69391,,
3930,1,1,2,34,69391,,
3931,2,1,1,1,69391,,
3932,2,1,2,1,69391,,
3933,1,1,2,4,69393,,
3934,1,1,1,3,69394,,
3935,1,1,2,15,69394,,
3936,2,1,2,2,69394,,
3937,1,1,1,4,69396,,
3938,1,1,2,11,69396,,
3939,2,1,2,1,69396,,
3940,1,1,1,16,69401,,
3941,1,1,2,34,69401,,
3942,2,1,1,1,69401,,
3943,2,1,2,1,69401,,
3944,1,1,2,4,69403,,
3945,1,1,1,3,69404,,
3946,1,1,2,15,69404,,
3947,2,1,2,2,69404,,
3948,1,1,1,4,69406,,
3949,1,1,2,11,69406,,
3950,2,1,2,1,69406,,
3951,1,1,1,16,69411,,
3952,1,1,2,34,69411,,
3953,2,1,1,1,69411,,
3954,2,1,2,1,69411,,
3955,1,1,2,4,69413,,
3956,1,1,1,3,69414,,
3957,1,1,2,15,69414,,
3958,2,1,2,2,69414,,
3959,1,1,1,4,69416,,
3960,1,1,2,11,69416,,
3961,2,1,2,1,69416,,
3962,1,1,1,16,69421,,
3963,1,1,2,34,69421,,
3964,2,1,1,1,69421,,
3965,2,1,2,1,69421,,
3966,1,1,2,4,69423,,
3967,1,1,1,3,69424,,
3968,1,1,2,15,69424,,
3969,2,1,2,2,69424,,
3970,1,1,1,4,69426,,
3971,1,1,2,11,69426,,
3972,2,1,2,1,69426,,
3973,1,1,1,16,69431,,
3974,1,1,2,34,69431,,
3975,2,1,1,1,69431,,
3976,2,1,2,1,69431,,
3977,1,1,2,4,69433,,
3978,1,1,1,3,69434,,
3979,1,1,2,15,69434,,
3980,2,1,2,2,69434,,
3981,1,1,1,4,69436,,
3982,1,1,2,11,69436,,
3983,2,1,2,1,69436,,
3984,1,1,1,16,69441,,
3985,1,1,2,34,69441,,
3986,2,1,1,1,69441,,
3987,2,1,2,1,69441,,
3988,1,1,2,4,69443,,
3989,1,1,1,3,69444,,
3990,1,1,2,15,69444,,
3991,2,1,2,2,69444,,
3992,1,1,1,4,69446,,
3993,1,1,2,11,69446,,
3994,2,1,2,1,69446,,
3995,1,1,1,16,69451,,
3996,1,1,2,35,69451,,
3997,2,1,1,1,69451,,
3998,2,1,2,2,69451,,
3999,1,1,2,4,69453,,
4000,1,1,1,3,69454,,
4001,1,1,2,15,69454,,
4002,2,1,2,2,69454,,
4003,1,1,1,4,69456,,
4004,1,1,2,11,69456,,
4005,2,1,2,1,69456,,
4006,1,1,1,16,69461,,
4007,1,1,2,35,69461,,
4008,2,1,1,1,69461,,
4009,2,1,2,2,69461,,
4010,1,1,2,4,69463,,
4011,1,1,1,3,69464,,
4012,1,1,2,15,69464,,
4013,2,1,2,2,69464,,
4014,1,1,1,4,69466,,
4015,1,1,2,11,69466,,
4016,2,1,2,1,69466,,
4017,1,1,1,16,69471,,
4018,1,1,2,35,69471,,
4019,2,1,1,1,69471,,
4020,2,1,2,2,69471,,
4021,1,1,2,4,69473,,
4022,1,1,1,3,69474,,
4023,1,1,2,15,69474,,
4024,2,1,2,2,69474,,
4025,1,1,1,4,69476,,
4026,1,1,2,11,69476,,
4027,2,1,2,1,69476,,
4028,1,1,1,16,69481,,
4029,1,1,2,35,69481,,
4030,2,1,1,1,69481,,
4031,2,1,2,2,69481,,
4032,1,1,2,4,69483,,
4033,1,1,1,3,69484,,
4034,1,1,2,15,69484,,
4035,2,1,2,2,69484,,
4036,1,1,1,5,69486,,
4037,1,1,2,10,69486,,
4038,2,1,2,1,69486,,
4039,1,1,1,16,69491,,
4040,1,1,2,35,69491,,
4041,2,1,1,1,69491,,
4042,2,1,2,2,69491,,
4043,1,1,2,4,69493,,
4044,1,1,1,3,69494,,
4045,1,1,2,15,69494,,
4046,2,1,2,2,69494,,
4047,1,1,1,5,69496,,
4048,1,1,2,10,69496,,
4049,2,1,2,1,69496,,
4050,1,1,1,16,69501,,
4051,1,1,2,35,69501,,
4052,2,1,1,1,69501,,
4053,2,1,2,2,69501,,
4054,1,1,2,4,69503,,
4055,1,1,1,3,69504,,
4056,1,1,2,15,69504,,
4057,2,1,2,2,69504,,
4058,1,1,1,5,69506,,
4059,1,1,2,10,69506,,
4060,2,1,2,1,69506,,
4061,1,1,1,16,69511,,
4062,1,1,2,35,69511,,
4063,2,1,1,1,69511,,
4064,2,1,2,2,69511,,
4065,1,1,2,4,69513,,
4066,1,1,1,3,69514,,
4067,1,1,2,15,69514,,
4068,2,1,2,2,69514,,
4069,1,1,1,5,69516,,
4070,1,1,2,10,69516,,
4071,2,1,2,1,69516,,
4072,1,1,1,16,69521,,
4073,1,1,2,35,69521,,
4074,2,1,1,1,69521,,
4075,2,1,2,2,69521,,
4076,1,1,2,4,69523,,
4077,1,1,1,3,69524,,
4078,1,1,2,15,69524,,
4079,2,1,2,2,69524,,
4080,1,1,1,5,69526,,
4081,1,1,2,10,69526,,
4082,2,1,2,1,69526,,
4083,1,1,1,16,69531,,
4084,1,1,2,35,69531,,
4085,2,1,1,1,69531,,
4086,2,1,2,2,69531,,
4087,1,1,2,4,69533,,
4088,1,1,1,3,69534,,
4089,1,1,2,15,69534,,
4090,2,1,2,2,69534,,
4091,1,1,1,5,69536,,
4092,1,1,2,10,69536,,
4093,2,1,2,1,69536,,
4094,1,1,1,16,69541,,
4095,1,1,2,35,69541,,
4096,2,1,1,1,69541,,
4097,2,1,2,2,69541,,
4098,1,1,2,4,69543,,
4099,1,1,1,3,69544,,
4100,1,1,2,15,69544,,
4101,2,1,2,2,69544,,
4102,1,1,1,5,69546,,
4103,1,1,2,10,69546,,
4104,2,1,2,1,69546,,
4105,1,1,1,16,69551,,
4106,1,1,2,35,69551,,
4107,2,1,1,1,69551,,
4108,2,1,2,2,69551,,
4109,1,1,2,4,69553,,
4110,1,1,1,3,69554,,
4111,1,1,2,15,69554,,
4112,2,1,2,2,69554,,
4113,1,1,1,5,69556,,
4114,1,1,2,10,69556,,
4115,2,1,2,1,69556,,
4116,1,1,1,16,69561,,
4117,1,1,2,35,69561,,
4118,2,1,1,1,69561,,
4119,2,1,2,2,69561,,
4120,1,1,2,4,69563,,
4121,1,1,1,3,69564,,
4122,1,1,2,15,69564,,
4123,2,1,2,2,69564,,
4124,1,1,1,5,69566,,
4125,1,1,2,10,69566,,
4126,2,1,2,1,69566,,
4127,1,1,1,19,69571,,
4128,1,1,2,35,69571,,
4129,2,1,1,1,69571,,
4130,2,1,2,2,69571,,
4131,1,1,2,4,69573,,
4132,1,1,1,3,69574,,
4133,1,1,2,15,69574,,
4134,2,1,2,2,69574,,
4135,1,1,1,5,69576,,
4136,1,1,2,10,69576,,
4137,2,1,2,1,69576,,
4138,1,1,1,19,69581,,
4139,1,1,2,35,69581,,
4140,2,1,1,1,69581,,
4141,2,1,2,2,69581,,
4142,1,1,2,4,69583,,
4143,1,1,1,3,69584,,
4144,1,1,2,15,69584,,
4145,2,1,2,2,69584,,
4146,1,1,1,5,69586,,
4147,1,1,2,10,69586,,
4148,2,1,2,1,69586,,
4149,1,1,1,19,69591,,
4150,1,1,2,35,69591,,
4151,2,1,1,1,69591,,
4152,2,1,2,2,69591,,
4153,1,1,2,4,69593,,
4154,1,1,1,3,69594,,
4155,1,1,2,15,69594,,
4156,2,1,2,2,69594,,
4157,1,1,1,5,69596,,
4158,1,1,2,10,69596,,
4159,2,1,2,1,69596,,
4160,1,1,1,19,69601,,
4161,1,1,2,35,69601,,
4162,2,1,1,1,69601,,
4163,2,1,2,2,69601,,
4164,1,1,2,4,69603,,
4165,1,1,1,3,69604,,
4166,1,1,2,15,69604,,
4167,2,1,2,2,69604,,
4168,1,1,1,5,69606,,
4169,1,1,2,10,69606,,
4170,2,1,2,1,69606,,
4171,1,1,1,19,69611,,
4172,1,1,2,35,69611,,
4173,2,1,1,1,69611,,
4174,2,1,2,2,69611,,
4175,1,1,2,4,69613,,
4176,1,1,1,3,69614,,
4177,1,1,2,15,69614,,
4178,2,1,2,2,69614,,
4179,1,1,1,5,69616,,
4180,1,1,2,10,69616,,
4181,2,1,2,1,69616,,
4182,1,1,1,19,69621,,
4183,1,1,2,35,69621,,
4184,2,1,1,1,69621,,
4185,2,1,2,2,69621,,
4186,1,1,2,4,69623,,
4187,1,1,1,3,69624,,
4188,1,1,2,15,69624,,
4189,2,1,2,2,69624,,
4190,1,1,1,5,69626,,
4191,1,1,2,10,69626,,
4192,2,1,2,1,69626,,
4193,1,1,1,19,69631,,
4194,1,1,2,35,69631,,
4195,2,1,1,1,69631,,
4196,2,1,2,2,69631,,
4197,1,1,2,4,69633,,
4198,1,1,1,3,69634,,
4199,1,1,2,15,69634,,
4200,2,1,2,2,69634,,
4201,1,1,1,5,69636,,
4202,1,1,2,10,69636,,
4203,2,1,2,1,69636,,
4204,1,1,1,19,69641,,
4205,1,1,2,35,69641,,
4206,2,1,1,1,69641,,
4207,2,1,2,2,69641,,
4208,1,1,2,4,69643,,
4209,1,1,1,3,69644,,
4210,1,1,2,15,69644,,
4211,2,1,2,2,69644,,
4212,1,1,1,5,69646,,
4213,1,1,2,10,69646,,
4214,2,1,2,1,69646,,
4215,1,1,1,19,69651,,
4216,1,1,2,35,69651,,
4217,2,1,1,1,69651,,
4218,2,1,2,2,69651,,
4219,1,1,2,4,69653,,
4220,1,1,1,3,69654,,
4221,1,1,2,15,69654,,
4222,2,1,2,2,69654,,
4223,1,1,1,5,69656,,
4224,1,1,2,10,69656,,
4225,2,1,2,1,69656,,
4226,1,1,1,19,69661,,
4227,1,1,2,35,69661,,
4228,2,1,1,1,69661,,
4229,2,1,2,2,69661,,
4230,1,1,2,4,69663,,
4231,1,1,1,3,69664,,
4232,1,1,2,15,69664,,
4233,2,1,2,2,69664,,
4234,1,1,1,5,69666,,
4235,1,1,2,10,69666,,
4236,2,1,2,1,69666,,
4237,1,1,1,19,69671,,
4238,1,1,2,35,69671,,
4239,2,1,1,1,69671,,
4240,2,1,2,2,69671,,
4241,1,1,2,4,69673,,
4242,1,1,1,3,69674,,
4243,1,1,2,15,69674,,
4244,2,1,2,2,69674,,
4245,1,1,1,5,69676,,
4246,1,1,2,10,69676,,
4247,2,1,2,1,69676,,
4248,1,1,1,19,69681,,
4249,1,1,2,35,69681,,
4250,2,1,1,1,69681,,
4251,2,1,2,2,69681,,
4252,1,1,2,4,69683,,
4253,1,1,1,3,69684,,
4254,1,1,2,15,69684,,
4255,2,1,2,2,69684,,
4256,1,1,1,5,69686,,
4257,1,1,2,10,69686,,
4258,2,1,2,1,69686,,
4259,1,1,1,38,69691,,
4260,1,1,2,49,69691,,
4261,2,1,1,2,69691,,
4262,2,1,2,4,69691,,
4263,1,1,2,6,69693,,
4264,1,1,1,3,69694,,
4265,1,1,2,15,69694,,
4266,2,1,2,2,69694,,
4267,1,1,1,5,69696,,
4268,1,1,2,10,69696,,
4269,2,1,2,1,69696,,
4270,1,1,1,38,69701,,
4271,1,1,2,49,69701,,
4272,2,1,1,2,69701,,
4273,2,1,2,4,69701,,
4274,1,1,2,6,69703,,
4275,1,1,1,3,69704,,
4276,1,1,2,15,69704,,
4277,2,1,2,2,69704,,
4278,1,1,1,5,69706,,
4279,1,1,2,10,69706,,
4280,2,1,2,1,69706,,
4281,1,1,1,38,69711,,
4282,1,1,2,49,69711,,
4283,2,1,1,2,69711,,
4284,2,1,2,4,69711,,
4285,1,1,2,6,69713,,
4286,1,1,1,3,69714,,
4287,1,1,2,15,69714,,
4288,2,1,2,2,69714,,
4289,1,1,1,5,69716,,
4290,1,1,2,10,69716,,
4291,2,1,2,1,69716,,
4292,1,1,1,38,69721,,
4293,1,1,2,49,69721,,
4294,2,1,1,2,69721,,
4295,2,1,2,4,69721,,
4296,1,1,2,6,69723,,
4297,1,1,1,3,69724,,
4298,1,1,2,15,69724,,
4299,2,1,2,2,69724,,
4300,1,1,1,5,69726,,
4301,1,1,2,10,69726,,
4302,2,1,2,1,69726,,
4303,1,1,1,38,69731,,
4304,1,1,2,49,69731,,
4305,2,1,1,2,69731,,
4306,2,1,2,4,69731,,
4307,1,1,2,6,69733,,
4308,1,1,1,3,69734,,
4309,1,1,2,15,69734,,
4310,2,1,2,2,69734,,
4311,1,1,1,5,69736,,
4312,1,1,2,10,69736,,
4313,2,1,2,1,69736,,
4314,1,1,1,38,69741,,
4315,1,1,2,49,69741,,
4316,2,1,1,2,69741,,
4317,2,1,2,4,69741,,
4318,1,1,2,6,69743,,
4319,1,1,1,3,69744,,
4320,1,1,2,15,69744,,
4321,2,1,2,2,69744,,
4322,1,1,1,5,69746,,
4323,1,1,2,10,69746,,
4324,2,1,2,1,69746,,
4325,1,1,1,38,69751,,
4326,1,1,2,49,69751,,
4327,2,1,1,2,69751,,
4328,2,1,2,4,69751,,
4329,1,1,2,6,69753,,
4330,1,1,1,3,69754,,
4331,1,1,2,15,69754,,
4332,2,1,2,2,69754,,
4333,1,1,1,5,69756,,
4334,1,1,2,10,69756,,
4335,2,1,2,1,69756,,
4336,1,1,1,38,69761,,
4337,1,1,2,49,69761,,
4338,2,1,1,2,69761,,
4339,2,1,2,4,69761,,
4340,1,1,2,6,69763,,
4341,1,1,1,3,69764,,
4342,1,1,2,15,69764,,
4343,2,1,2,2,69764,,
4344,1,1,1,5,69766,,
4345,1,1,2,10,69766,,
4346,2,1,2,1,69766,,
4347,1,1,1,38,69771,,
4348,1,1,2,49,69771,,
4349,2,1,1,2,69771,,
4350,2,1,2,4,69771,,
4351,1,1,2,6,69773,,
4352,1,1,1,3,69774,,
4353,1,1,2,15,69774,,
4354,2,1,2,2,69774,,
4355,1,1,1,5,69776,,
4356,1,1,2,10,69776,,
4357,2,1,2,1,69776,,
4358,1,1,1,38,69781,,
4359,1,1,2,49,69781,,
4360,2,1,1,2,69781,,
4361,2,1,2,4,69781,,
4362,1,1,2,6,69783,,
4363,1,1,1,3,69784,,
4364,1,1,2,15,69784,,
4365,2,1,2,2,69784,,
4366,1,1,1,5,69786,,
4367,1,1,2,10,69786,,
4368,2,1,2,1,69786,,
4369,1,1,1,38,69791,,
4370,1,1,2,49,69791,,
4371,2,1,1,2,69791,,
4372,2,1,2,4,69791,,
4373,1,1,2,6,69793,,
4374,1,1,1,3,69794,,
4375,1,1,2,15,69794,,
4376,2,1,2,2,69794,,
4377,1,1,1,5,69796,,
4378,1,1,2,10,69796,,
4379,2,1,2,1,69796,,
4380,1,1,1,38,69801,,
4381,1,1,2,49,69801,,
4382,2,1,1,2,69801,,
4383,2,1,2,4,69801,,
4384,1,1,2,6,69803,,
4385,1,1,1,3,69804,,
4386,1,1,2,15,69804,,
4387,2,1,2,2,69804,,
4388,1,1,1,5,69806,,
4389,1,1,2,10,69806,,
4390,2,1,2,1,69806,,
4391,1,1,1,40,69811,,
4392,1,1,2,55,69811,,
4393,2,1,1,2,69811,,
4394,2,1,2,4,69811,,
4395,1,1,2,7,69813,,
4396,1,1,1,3,69814,,
4397,1,1,2,15,69814,,
4398,2,1,2,2,69814,,
4399,1,1,1,5,69816,,
4400,1,1,2,10,69816,,
4401,2,1,2,1,69816,,
4402,1,1,1,40,69821,,
4403,1,1,2,55,69821,,
4404,2,1,1,2,69821,,
4405,2,1,2,4,69821,,
4406,1,1,2,7,69823,,
4407,1,1,1,3,69824,,
4408,1,1,2,15,69824,,
4409,2,1,2,2,69824,,
4410,1,1,1,5,69826,,
4411,1,1,2,10,69826,,
4412,2,1,2,1,69826,,
4413,1,1,1,40,69831,,
4414,1,1,2,55,69831,,
4415,2,1,1,2,69831,,
4416,2,1,2,4,69831,,
4417,1,1,2,7,69833,,
4418,1,1,1,3,69834,,
4419,1,1,2,15,69834,,
4420,2,1,2,2,69834,,
4421,1,1,1,5,69836,,
4422,1,1,2,10,69836,,
4423,2,1,2,1,69836,,
4424,1,1,1,40,69841,,
4425,1,1,2,55,69841,,
4426,2,1,1,2,69841,,
4427,2,1,2,4,69841,,
4428,1,1,2,7,69843,,
4429,1,1,1,2,69844,,
4430,1,1,2,12,69844,,
4431,2,1,2,2,69844,,
4432,1,1,1,5,69846,,
4433,1,1,2,10,69846,,
4434,2,1,2,1,69846,,
4435,1,1,1,40,69851,,
4436,1,1,2,55,69851,,
4437,2,1,1,2,69851,,
4438,2,1,2,4,69851,,
4439,1,1,2,7,69853,,
4440,1,1,1,2,69854,,
4441,1,1,2,12,69854,,
4442,2,1,2,2,69854,,
4443,1,1,1,5,69856,,
4444,1,1,2,10,69856,,
4445,2,1,2,1,69856,,
4446,1,1,1,40,69861,,
4447,1,1,2,55,69861,,
4448,2,1,1,2,69861,,
4449,2,1,2,4,69861,,
4450,1,1,2,7,69863,,
4451,1,1,1,2,69864,,
4452,1,1,2,12,69864,,
4453,2,1,2,2,69864,,
4454,1,1,1,5,69866,,
4455,1,1,2,10,69866,,
4456,2,1,2,1,69866,,
4457,1,1,1,40,69871,,
4458,1,1,2,55,69871,,
4459,2,1,1,2,69871,,
4460,2,1,2,4,69871,,
4461,1,1,2,7,69873,,
4462,1,1,1,2,69874,,
4463,1,1,2,12,69874,,
4464,2,1,2,2,69874,,
4465,1,1,1,5,69876,,
4466,1,1,2,10,69876,,
4467,2,1,2,1,69876,,
4468,1,1,1,40,69881,,
4469,1,1,2,55,69881,,
4470,2,1,1,2,69881,,
4471,2,1,2,4,69881,,
4472,1,1,2,7,69883,,
4473,1,1,1,2,69884,,
4474,1,1,2,12,69884,,
4475,2,1,2,2,69884,,
4476,1,1,1,5,69886,,
4477,1,1,2,10,69886,,
4478,2,1,2,1,69886,,
4479,1,1,1,40,69891,,
4480,1,1,2,55,69891,,
4481,2,1,1,2,69891,,
4482,2,1,2,4,69891,,
4483,1,1,2,7,69893,,
4484,1,1,1,2,69894,,
4485,1,1,2,12,69894,,
4486,2,1,2,2,69894,,
4487,1,1,1,5,69896,,
4488,1,1,2,10,69896,,
4489,2,1,2,1,69896,,
4490,1,1,1,40,69901,,
4491,1,1,2,55,69901,,
4492,2,1,1,2,69901,,
4493,2,1,2,4,69901,,
4494,1,1,2,7,69903,,
4495,1,1,1,2,69904,,
4496,1,1,2,12,69904,,
4497,2,1,2,2,69904,,
4498,1,1,1,5,69906,,
4499,1,1,2,10,69906,,
4500,2,1,2,1,69906,,
4501,1,1,1,40,69911,,
4502,1,1,2,55,69911,,
4503,2,1,1,2,69911,,
4504,2,1,2,4,69911,,
4505,1,1,2,7,69913,,
4506,1,1,1,2,69914,,
4507,1,1,2,12,69914,,
4508,2,1,2,2,69914,,
4509,1,1,1,5,69916,,
4510,1,1,2,10,69916,,
4511,2,1,2,1,69916,,
4512,1,1,1,40,69921,,
4513,1,1,2,55,69921,,
4514,2,1,1,2,69921,,
4515,2,1,2,4,69921,,
4516,1,1,2,7,69923,,
4517,1,1,1,2,69924,,
4518,1,1,2,12,69924,,
4519,2,1,2,2,69924,,
4520,1,1,1,5,69926,,
4521,1,1,2,10,69926,,
4522,2,1,2,1,69926,,
4523,1,1,1,41,69931,,
4524,1,1,2,54,69931,,
4525,2,1,1,2,69931,,
4526,2,1,2,4,69931,,
4527,1,1,2,8,69933,,
4528,1,1,1,2,69934,,
4529,1,1,2,12,69934,,
4530,2,1,2,2,69934,,
4531,1,1,1,5,69936,,
4532,1,1,2,10,69936,,
4533,2,1,2,1,69936,,
4534,1,1,1,41,69941,,
4535,1,1,2,54,69941,,
4536,2,1,1,2,69941,,
4537,2,1,2,4,69941,,
4538,1,1,2,8,69943,,
4539,1,1,1,2,69944,,
4540,1,1,2,12,69944,,
4541,2,1,2,2,69944,,
4542,1,1,1,5,69946,,
4543,1,1,2,10,69946,,
4544,2,1,2,1,69946,,
4545,1,1,1,41,69951,,
4546,1,1,2,54,69951,,
4547,2,1,1,2,69951,,
4548,2,1,2,4,69951,,
4549,1,1,2,8,69953,,
4550,1,1,1,2,69954,,
4551,1,1,2,12,69954,,
4552,2,1,2,2,69954,,
4553,1,1,1,5,69956,,
4554,1,1,2,10,69956,,
4555,2,1,2,1,69956,,
4556,1,1,1,41,69961,,
4557,1,1,2,54,69961,,
4558,2,1,1,2,69961,,
4559,2,1,2,4,69961,,
4560,1,1,2,8,69963,,
4561,1,1,1,2,69964,,
4562,1,1,2,12,69964,,
4563,2,1,2,2,69964,,
4564,1,1,1,3,69966,,
4565,1,1,2,14,69966,,
4566,2,1,2,1,69966,,
4567,1,1,1,41,69971,,
4568,1,1,2,54,69971,,
4569,2,1,1,2,69971,,
4570,2,1,2,4,69971,,
4571,1,1,2,8,69973,,
4572,1,1,1,2,69974,,
4573,1,1,2,12,69974,,
4574,2,1,2,2,69974,,
4575,1,1,1,3,69976,,
4576,1,1,2,14,69976,,
4577,2,1,2,1,69976,,
4578,1,1,1,41,69981,,
4579,1,1,2,54,69981,,
4580,2,1,1,2,69981,,
4581,2,1,2,4,69981,,
4582,1,1,2,8,69983,,
4583,1,1,1,2,69984,,
4584,1,1,2,12,69984,,
4585,2,1,2,2,69984,,
4586,1,1,1,3,69986,,
4587,1,1,2,14,69986,,
4588,2,1,2,1,69986,,
4589,1,1,1,41,69991,,
4590,1,1,2,54,69991,,
4591,2,1,1,2,69991,,
4592,2,1,2,4,69991,,
4593,1,1,2,8,69993,,
4594,1,1,1,2,69994,,
4595,1,1,2,12,69994,,
4596,2,1,2,2,69994,,
4597,1,1,1,3,69996,,
4598,1,1,2,14,69996,,
4599,2,1,2,1,69996,,
4600,1,1,1,41,70001,,
4601,1,1,2,54,70001,,
4602,2,1,1,2,70001,,
4603,2,1,2,4,70001,,
4604,1,1,2,8,70003,,
4605,1,1,1,2,70004,,
4606,1,1,2,12,70004,,
4607,2,1,2,2,70004,,
4608,1,1,1,3,70006,,
4609,1,1,2,14,70006,,
4610,2,1,2,1,70006,,
4611,1,1,1,41,70011,,
4612,1,1,2,54,70011,,
4613,2,1,1,2,70011,,
4614,2,1,2,4,70011,,
4615,1,1,2,8,70013,,
4616,1,1,1,2,70014,,
4617,1,1,2,12,70014,,
4618,2,1,2,2,70014,,
4619,1,1,1,3,70016,,
4620,1,1,2,14,70016,,
4621,2,1,2,1,70016,,
4622,1,1,1,41,70021,,
4623,1,1,2,54,70021,,
4624,2,1,1,2,70021,,
4625,2,1,2,4,70021,,
4626,1,1,2,8,70023,,
4627,1,1,1,2,70024,,
4628,1,1,2,12,70024,,
4629,2,1,2,2,70024,,
4630,1,1,1,3,70026,,
4631,1,1,2,14,70026,,
4632,2,1,2,1,70026,,
4633,1,1,1,41,70031,,
4634,1,1,2,54,70031,,
4635,2,1,1,2,70031,,
4636,2,1,2,4,70031,,
4637,1,1,2,8,70033,,
4638,1,1,1,2,70034,,
4639,1,1,2,12,70034,,
4640,2,1,2,2,70034,,
4641,1,1,1,3,70036,,
4642,1,1,2,14,70036,,
4643,2,1,2,1,70036,,
4644,1,1,1,41,70041,,
4645,1,1,2,54,70041,,
4646,2,1,1,2,70041,,
4647,2,1,2,4,70041,,
4648,1,1,2,8,70043,,
4649,1,1,1,2,70044,,
4650,1,1,2,12,70044,,
4651,2,1,2,2,70044,,
4652,1,1,1,3,70046,,
4653,1,1,2,14,70046,,
4654,2,1,2,1,70046,,
4655,1,1,1,41,70051,,
4656,1,1,2,56,70051,,
4657,2,1,1,2,70051,,
4658,2,1,2,4,70051,,
4659,1,1,2,8,70053,,
4660,1,1,1,2,70054,,
4661,1,1,2,12,70054,,
4662,2,1,2,2,70054,,
4663,1,1,1,3,70056,,
4664,1,1,2,14,70056,,
4665,2,1,2,1,70056,,
4666,1,1,1,41,70061,,
4667,1,1,2,56,70061,,
4668,2,1,1,2,70061,,
4669,2,1,2,4,70061,,
4670,1,1,2,8,70063,,
4671,1,1,1,2,70064,,
4672,1,1,2,12,70064,,
4673,2,1,2,2,70064,,
4674,1,1,1,3,70066,,
4675,1,1,2,14,70066,,
4676,2,1,2,1,70066,,
4677,1,1,1,41,70071,,
4678,1,1,2,56,70071,,
4679,2,1,1,2,70071,,
4680,2,1,2,4,70071,,
4681,1,1,2,8,70073,,
4682,1,1,1,2,70074,,
4683,1,1,2,12,70074,,
4684,2,1,2,2,70074,,
4685,1,1,1,3,70076,,
4686,1,1,2,14,70076,,
4687,2,1,2,1,70076,,
4688,1,1,1,41,70081,,
4689,1,1,2,56,70081,,
4690,2,1,1,2,70081,,
4691,2,1,2,4,70081,,
4692,1,1,2,8,70083,,
4693,1,1,1,2,70084,,
4694,1,1,2,12,70084,,
4695,2,1,2,2,70084,,
4696,1,1,1,3,70086,,
4697,1,1,2,14,70086,,
4698,2,1,2,1,70086,,
4699,1,1,1,41,70091,,
4700,1,1,2,56,70091,,
4701,2,1,1,2,70091,,
4702,2,1,2,4,70091,,
4703,1,1,2,8,70093,,
4704,1,1,1,2,70094,,
4705,1,1,2,12,70094,,
4706,2,1,2,2,70094,,
4707,1,1,1,3,70096,,
4708,1,1,2,14,70096,,
4709,2,1,2,1,70096,,
4710,1,1,1,41,70101,,
4711,1,1,2,56,70101,,
4712,2,1,1,2,70101,,
4713,2,1,2,4,70101,,
4714,1,1,2,8,70103,,
4715,1,1,1,2,70104,,
4716,1,1,2,12,70104,,
4717,2,1,2,2,70104,,
4718,1,1,1,3,70106,,
4719,1,1,2,14,70106,,
4720,2,1,2,1,70106,,
4721,1,1,1,41,70111,,
4722,1,1,2,56,70111,,
4723,2,1,1,2,70111,,
4724,2,1,2,4,70111,,
4725,1,1,2,8,70113,,
4726,1,1,1,2,70114,,
4727,1,1,2,12,70114,,
4728,2,1,2,2,70114,,
4729,1,1,1,3,70116,,
4730,1,1,2,14,70116,,
4731,2,1,2,1,70116,,
4732,1,1,1,41,70121,,
4733,1,1,2,56,70121,,
4734,2,1,1,2,70121,,
4735,2,1,2,4,70121,,
4736,1,1,2,8,70123,,
4737,1,1,1,2,70124,,
4738,1,1,2,12,70124,,
4739,2,1,2,2,70124,,
4740,1,1,1,3,70126,,
4741,1,1,2,14,70126,,
4742,2,1,2,1,70126,,
4743,1,1,1,41,70131,,
4744,1,1,2,56,70131,,
4745,2,1,1,2,70131,,
4746,2,1,2,4,70131,,
4747,1,1,2,8,70133,,
4748,1,1,1,2,70134,,
4749,1,1,2,12,70134,,
4750,2,1,2,2,70134,,
4751,1,1,1,3,70136,,
4752,1,1,2,14,70136,,
4753,2,1,2,1,70136,,
4754,1,1,1,41,70141,,
4755,1,1,2,56,70141,,
4756,2,1,1,2,70141,,
4757,2,1,2,4,70141,,
4758,1,1,2,8,70143,,
4759,1,1,1,2,70144,,
4760,1,1,2,12,70144,,
4761,2,1,2,2,70144,,
4762,1,1,1,3,70146,,
4763,1,1,2,14,70146,,
4764,2,1,2,1,70146,,
4765,1,1,1,41,70151,,
4766,1,1,2,56,70151,,
4767,2,1,1,2,70151,,
4768,2,1,2,4,70151,,
4769,1,1,2,8,70153,,
4770,1,1,1,2,70154,,
4771,1,1,2,12,70154,,
4772,2,1,2,2,70154,,
4773,1,1,1,3,70156,,
4774,1,1,2,14,70156,,
4775,2,1,2,1,70156,,
4776,1,1,1,41,70161,,
4777,1,1,2,56,70161,,
4778,2,1,1,2,70161,,
4779,2,1,2,4,70161,,
4780,1,1,2,8,70163,,
4781,1,1,1,2,70164,,
4782,1,1,2,12,70164,,
4783,2,1,2,2,70164,,
4784,1,1,1,3,70166,,
4785,1,1,2,14,70166,,
4786,2,1,2,1,70166,,
4787,1,1,1,36,70171,,
4788,1,1,2,56,70171,,
4789,2,1,1,2,70171,,
4790,2,1,2,2,70171,,
4791,1,1,2,7,70173,,
4792,1,1,1,2,70174,,
4793,1,1,2,12,70174,,
4794,2,1,2,2,70174,,
4795,1,1,1,3,70176,,
4796,1,1,2,14,70176,,
4797,2,1,2,1,70176,,
4798,1,1,1,36,70181,,
4799,1,1,2,56,70181,,
4800,2,1,1,2,70181,,
4801,2,1,2,2,70181,,
4802,1,1,2,7,70183,,
4803,1,1,1,2,70184,,
4804,1,1,2,12,70184,,
4805,2,1,2,2,70184,,
4806,1,1,1,3,70186,,
4807,1,1,2,14,70186,,
4808,2,1,2,1,70186,,
4809,1,1,1,36,70191,,
4810,1,1,2,56,70191,,
4811,2,1,1,2,70191,,
4812,2,1,2,2,70191,,
4813,1,1,2,7,70193,,
4814,1,1,1,3,70195,,
4815,1,1,2,14,70195,,
4816,2,1,2,1,70195,,
4817,1,1,1,36,70200,,
4818,1,1,2,56,70200,,
4819,2,1,1,2,70200,,
4820,2,1,2,2,70200,,
4821,1,1,2,7,70202,,
4822,1,1,1,3,70204,,
4823,1,1,2,14,70204,,
4824,2,1,2,1,70204,,
4825,1,1,1,36,70209,,
4826,1,1,2,56,70209,,
4827,2,1,1,2,70209,,
4828,2,1,2,2,70209,,
4829,1,1,2,7,70211,,
4830,1,1,1,3,70213,,
4831,1,1,2,14,70213,,
4832,2,1,2,1,70213,,
4833,1,1,1,36,70218,,
4834,1,1,2,56,70218,,
4835,2,1,1,2,70218,,
4836,2,1,2,2,70218,,
4837,1,1,2,7,70220,,
4838,1,1,1,3,70222,,
4839,1,1,2,14,70222,,
4840,2,1,2,1,70222,,
4841,1,1,1,36,70227,,
4842,1,1,2,56,70227,,
4843,2,1,1,2,70227,,
4844,2,1,2,2,70227,,
4845,1,1,2,7,70229,,
4846,1,1,1,3,70231,,
4847,1,1,2,14,70231,,
4848,2,1,2,1,70231,,
4849,1,1,1,36,70236,,
4850,1,1,2,56,70236,,
4851,2,1,1,2,70236,,
4852,2,1,2,2,70236,,
4853,1,1,2,7,70238,,
4854,1,1,1,3,70240,,
4855,1,1,2,14,70240,,
4856,2,1,2,1,70240,,
4857,1,1,1,36,70245,,
4858,1,1,2,56,70245,,
4859,2,1,1,2,70245,,
4860,2,1,2,2,70245,,
4861,1,1,2,7,70247,,
4862,1,1,1,3,70249,,
4863,1,1,2,14,70249,,
4864,2,1,2,1,70249,,
4865,1,1,1,36,70254,,
4866,1,1,2,56,70254,,
4867,2,1,1,2,70254,,
4868,2,1,2,2,70254,,
4869,1,1,2,7,70256,,
4870,1,1,1,3,70258,,
4871,1,1,2,14,70258,,
4872,2,1,2,1,70258,,
4873,1,1,1,36,70263,,
4874,1,1,2,56,70263,,
4875,2,1,1,2,70263,,
4876,2,1,2,2,70263,,
4877,1,1,2,7,70265,,
4878,1,1,1,3,70267,,
4879,1,1,2,14,70267,,
4880,2,1,2,1,70267,,
4881,1,1,1,36,70272,,
4882,1,1,2,56,70272,,
4883,2,1,1,2,70272,,
4884,2,1,2,2,70272,,
4885,1,1,2,7,70274,,
4886,1,1,1,3,70276,,
4887,1,1,2,14,70276,,
4888,2,1,2,1,70276,,
4889,1,1,1,43,70281,,
4890,1,1,2,53,70281,,
4891,2,1,1,3,70281,,
4892,2,1,2,2,70281,,
4893,1,1,2,7,70283,,
4894,1,1,1,3,70285,,
4895,1,1,2,14,70285,,
4896,2,1,2,1,70285,,
4897,1,1,1,43,70290,,
4898,1,1,2,53,70290,,
4899,2,1,1,3,70290,,
4900,2,1,2,2,70290,,
4901,1,1,2,7,70292,,
4902,1,1,1,3,70294,,
4903,1,1,2,14,70294,,
4904,2,1,2,1,70294,,
4905,1,1,1,43,70299,,
4906,1,1,2,53,70299,,
4907,2,1,1,3,70299,,
4908,2,1,2,2,70299,,
4909,1,1,2,7,70301,,
4910,1,1,1,3,70303,,
4911,1,1,2,14,70303,,
4912,2,1,2,1,70303,,
4913,1,1,1,43,70308,,
4914,1,1,2,53,70308,,
4915,2,1,1,3,70308,,
4916,2,1,2,2,70308,,
4917,1,1,2,7,70310,,
4918,1,1,1,3,70312,,
4919,1,1,2,14,70312,,
4920,2,1,2,1,70312,,
4921,1,1,1,43,70317,,
4922,1,1,2,53,70317,,
4923,2,1,1,3,70317,,
4924,2,1,2,2,70317,,
4925,1,1,2,7,70319,,
4926,1,1,1,3,70321,,
4927,1,1,2,14,70321,,
4928,2,1,2,1,70321,,
4929,1,1,1,43,70326,,
4930,1,1,2,53,70326,,
4931,2,1,1,3,70326,,
4932,2,1,2,2,70326,,
4933,1,1,2,7,70328,,
4934,1,1,1,3,70330,,
4935,1,1,2,14,70330,,
4936,2,1,2,1,70330,,
4937,1,1,1,43,70335,,
4938,1,1,2,53,70335,,
4939,2,1,1,3,70335,,
4940,2,1,2,2,70335,,
4941,1,1,2,7,70337,,
4942,1,1,1,3,70339,,
4943,1,1,2,14,70339,,
4944,2,1,2,1,70339,,
4945,1,1,1,43,70344,,
4946,1,1,2,53,70344,,
4947,2,1,1,3,70344,,
4948,2,1,2,2,70344,,
4949,1,1,2,7,70346,,
4950,1,1,1,3,70348,,
4951,1,1,2,14,70348,,
4952,2,1,2,1,70348,,
4953,1,1,1,43,70353,,
4954,1,1,2,53,70353,,
4955,2,1,1,3,70353,,
4956,2,1,2,2,70353,,
4957,1,1,2,7,70355,,
4958,1,1,1,3,70357,,
4959,1,1,2,14,70357,,
4960,2,1,2,1,70357,,
4961,1,1,1,43,70362,,
4962,1,1,2,53,70362,,
4963,2,1,1,3,70362,,
4964,2,1,2,2,70362,,
4965,1,1,2,7,70364,,
4966,1,1,1,3,70366,,
4967,1,1,2,14,70366,,
4968,2,1,2,1,70366,,
4969,1,1,1,43,70371,,
4970,1,1,2,53,70371,,
4971,2,1,1,3,70371,,
4972,2,1,2,2,70371,,
4973,1,1,2,7,70373,,
4974,1,1,1,3,70375,,
4975,1,1,2,14,70375,,
4976,2,1,2,1,70375,,
4977,1,1,1,43,70380,,
4978,1,1,2,53,70380,,
4979,2,1,1,3,70380,,
4980,2,1,2,2,70380,,
4981,1,1,2,7,70382,,
4982,1,1,1,3,70384,,
4983,1,1,2,14,70384,,
4984,2,1,2,1,70384,,
4985,1,1,1,42,70389,,
4986,1,1,2,52,70389,,
4987,2,1,1,3,70389,,
4988,2,1,2,3,70389,,
4989,1,1,2,8,70391,,
4990,1,1,1,3,70393,,
4991,1,1,2,14,70393,,
4992,2,1,2,1,70393,,
4993,1,1,1,42,70398,,
4994,1,1,2,52,70398,,
4995,2,1,1,3,70398,,
4996,2,1,2,3,70398,,
4997,1,1,2,8,70400,,
4998,1,1,1,3,70402,,
4999,1,1,2,14,70402,,
5000,2,1,2,1,70402,,
5001,1,1,1,42,70407,,
5002,1,1,2,52,70407,,
5003,2,1,1,3,70407,,
5004,2,1,2,3,70407,,
5005,1,1,2,8,70409,,
5006,1,1,1,3,70411,,
5007,1,1,2,14,70411,,
5008,2,1,2,1,70411,,
5009,1,1,1,42,70416,,
5010,1,1,2,52,70416,,
5011,2,1,1,3,70416,,
5012,2,1,2,3,70416,,
5013,1,1,2,8,70418,,
5014,1,1,1,1,70420,,
5015,1,1,2,13,70420,,
5016,2,1,2,1,70420,,
5017,1,1,1,42,70425,,
5018,1,1,2,52,70425,,
5019,2,1,1,3,70425,,
5020,2,1,2,3,70425,,
5021,1,1,2,8,70427,,
5022,1,1,1,1,70429,,
5023,1,1,2,13,70429,,
5024,2,1,2,1,70429,,
5025,1,1,1,42,70434,,
5026,1,1,2,52,70434,,
5027,2,1,1,3,70434,,
5028,2,1,2,3,70434,,
5029,1,1,2,8,70436,,
5030,1,1,1,1,70438,,
5031,1,1,2,13,70438,,
5032,2,1,2,1,70438,,
5033,1,1,1,42,70443,,
5034,1,1,2,52,70443,,
5035,2,1,1,3,70443,,
5036,2,1,2,3,70443,,
5037,1,1,2,8,70445,,
5038,1,1,1,1,70447,,
5039,1,1,2,13,70447,,
5040,2,1,2,1,70447,,
5041,1,1,1,42,70452,,
5042,1,1,2,52,70452,,
5043,2,1,1,3,70452,,
5044,2,1,2,3,70452,,
5045,1,1,2,8,70454,,
5046,1,1,1,1,70456,,
5047,1,1,2,13,70456,,
5048,2,1,2,1,70456,,
5049,1,1,1,42,70461,,
5050,1,1,2,52,70461,,
5051,2,1,1,3,70461,,
5052,2,1,2,3,70461,,
5053,1,1,2,8,70463,,
5054,1,1,1,1,70465,,
5055,1,1,2,13,70465,,
5056,2,1,2,1,70465,,
5057,1,1,1,42,70470,,
5058,1,1,2,52,70470,,
5059,2,1,1,3,70470,,
5060,2,1,2,3,70470,,
5061,1,1,2,8,70472,,
5062,1,1,1,1,70474,,
5063,1,1,2,13,70474,,
5064,2,1,2,1,70474,,
5065,1,1,1,42,70479,,
5066,1,1,2,52,70479,,
5067,2,1,1,3,70479,,
5068,2,1,2,3,70479,,
5069,1,1,2,8,70481,,
5070,1,1,1,1,70483,,
5071,1,1,2,13,70483,,
5072,2,1,2,1,70483,,
5073,1,1,1,42,70488,,
5074,1,1,2,52,70488,,
5075,2,1,1,3,70488,,
5076,2,1,2,3,70488,,
5077,1,1,2,8,70490,,
5078,1,1,1,1,70492,,
5079,1,1,2,13,70492,,
5080,2,1,2,1,70492,,
5081,1,1,1,43,70497,,
5082,1,1,2,52,70497,,
5083,2,1,1,3,70497,,
5084,2,1,2,3,70497,,
5085,1,1,2,8,70499,,
5086,1,1,1,1,70501,,
5087,1,1,2,13,70501,,
5088,2,1,2,1,70501,,
5089,1,1,1,43,70506,,
5090,1,1,2,52,70506,,
5091,2,1,1,3,70506,,
5092,2,1,2,3,70506,,
5093,1,1,2,8,70508,,
5094,1,1,1,1,70510,,
5095,1,1,2,13,70510,,
5096,2,1,2,1,70510,,
5097,1,1,1,43,70515,,
5098,1,1,2,52,70515,,
5099,2,1,1,3,70515,,
5100,2,1,2,3,70515,,
5101,1,1,2,8,70517,,
5102,1,1,1,1,70519,,
5103,1,1,2,13,70519,,
5104,2,1,2,1,70519,,
5105,1,1,1,43,70524,,
5106,1,1,2,52,70524,,
5107,2,1,1,3,70524,,
5108,2,1,2,3,70524,,
5109,1,1,2,8,70526,,
5110,1,1,1,1,70528,,
5111,1,1,2,13,70528,,
5112,2,1,2,1,70528,,
5113,1,1,1,43,70533,,
5114,1,1,2,52,70533,,
5115,2,1,1,3,70533,,
5116,2,1,2,3,70533,,
5117,1,1,2,8,70535,,
5118,1,1,1,1,70537,,
5119,1,1,2,13,70537,,
5120,2,1,2,1,70537,,
5121,1,1,1,43,70542,,
5122,1,1,2,52,70542,,
5123,2,1,1,3,70542,,
5124,2,1,2,3,70542,,
5125,1,1,2,8,70544,,
5126,1,1,1,1,70546,,
5127,1,1,2,13,70546,,
5128,2,1,2,1,70546,,
5129,1,1,1,43,70551,,
5130,1,1,2,52,70551,,
5131,2,1,1,3,70551,,
5132,2,1,2,3,70551,,
5133,1,1,2,8,70553,,
5134,1,1,1,1,70555,,
5135,1,1,2,13,70555,,
5136,2,1,2,1,70555,,
5137,1,1,1,43,70560,,
5138,1,1,2,52,70560,,
5139,2,1,1,3,70560,,
5140,2,1,2,3,70560,,
5141,1,1,2,8,70562,,
5142,1,1,1,1,70564,,
5143,1,1,2,13,70564,,
5144,2,1,2,1,70564,,
5145,1,1,1,43,70569,,
5146,1,1,2,52,70569,,
5147,2,1,1,3,70569,,
5148,2,1,2,3,70569,,
5149,1,1,2,8,70571,,
5150,1,1,1,1,70573,,
5151,1,1,2,13,70573,,
5152,2,1,2,1,70573,,
5153,1,1,1,43,70578,,
5154,1,1,2,52,70578,,
5155,2,1,1,3,70578,,
5156,2,1,2,3,70578,,
5157,1,1,2,8,70580,,
5158,1,1,1,1,70582,,
5159,1,1,2,13,70582,,
5160,2,1,2,1,70582,,
5161,1,1,1,43,70587,,
5162,1,1,2,52,70587,,
5163,2,1,1,3,70587,,
5164,2,1,2,3,70587,,
5165,1,1,2,8,70589,,
5166,1,1,1,1,70591,,
5167,1,1,2,13,70591,,
5168,2,1,2,1,70591,,
5169,1,1,1,43,70596,,
5170,1,1,2,52,70596,,
5171,2,1,1,3,70596,,
5172,2,1,2,3,70596,,
5173,1,1,2,8,70598,,
5174,1,1,1,1,70600,,
5175,1,1,2,13,70600,,
5176,2,1,2,1,70600,,
5177,1,1,1,46,70605,,
5178,1,1,2,54,70605,,
5179,2,1,1,3,70605,,
5180,2,1,2,3,70605,,
5181,1,1,2,8,70607,,
5182,1,1,1,1,70609,,
5183,1,1,2,13,70609,,
5184,2,1,2,1,70609,,
5185,1,1,1,46,70614,,
5186,1,1,2,54,70614,,
5187,2,1,1,3,70614,,
5188,2,1,2,3,70614,,
5189,1,1,2,8,70616,,
5190,1,1,1,1,70618,,
5191,1,1,2,13,70618,,
5192,2,1,2,1,70618,,
5193,1,1,1,46,70623,,
5194,1,1,2,54,70623,,
5195,2,1,1,3,70623,,
5196,2,1,2,3,70623,,
5197,1,1,2,8,70625,,
5198,1,1,1,1,70627,,
5199,1,1,2,13,70627,,
5200,2,1,2,1,70627,,
5201,1,1,1,46,70632,,
5202,1,1,2,54,70632,,
5203,2,1,1,3,70632,,
5204,2,1,2,3,70632,,
5205,1,1,2,8,70634,,
5206,1,1,1,1,70636,,
5207,1,1,2,13,70636,,
5208,2,1,2,1,70636,,
5209,1,1,1,46,70641,,
5210,1,1,2,54,70641,,
5211,2,1,1,3,70641,,
5212,2,1,2,3,70641,,
5213,1,1,2,8,70643,,
5214,1,1,1,1,70645,,
5215,1,1,2,13,70645,,
5216,2,1,2,1,70645,,
5217,1,1,1,46,70650,,
5218,1,1,2,54,70650,,
5219,2,1,1,3,70650,,
5220,2,1,2,3,70650,,
5221,1,1,2,8,70652,,
5222,1,1,1,1,70654,,
5223,1,1,2,13,70654,,
5224,2,1,2,1,70654,,
5225,1,1,1,46,70659,,
5226,1,1,2,54,70659,,
5227,2,1,1,3,70659,,
5228,2,1,2,3,70659,,
5229,1,1,2,8,70661,,
5230,1,1,1,1,70663,,
5231,1,1,2,13,70663,,
5232,2,1,2,1,70663,,
5233,1,1,1,46,70668,,
5234,1,1,2,54,70668,,
5235,2,1,1,3,70668,,
5236,2,1,2,3,70668,,
5237,1,1,2,8,70670,,
5238,1,1,1,1,70672,,
5239,1,1,2,13,70672,,
5240,2,1,2,1,70672,,
5241,1,1,1,46,70677,,
5242,1,1,2,54,70677,,
5243,2,1,1,3,70677,,
5244,2,1,2,3,70677,,
5245,1,1,2,8,70679,,
5246,1,1,1,1,70681,,
5247,1,1,2,13,70681,,
5248,2,1,2,1,70681,,
5249,1,1,1,46,70686,,
5250,1,1,2,54,70686,,
5251,2,1,1,3,70686,,
5252,2,1,2,3,70686,,
5253,1,1,2,8,70688,,
5254,1,1,1,1,70690,,
5255,1,1,2,13,70690,,
5256,2,1,2,1,70690,,
5257,1,1,1,46,70695,,
5258,1,1,2,54,70695,,
5259,2,1,1,3,70695,,
5260,2,1,2,3,70695,,
5261,1,1,2,8,70697,,
5262,1,1,1,1,70699,,
5263,1,1,2,13,70699,,
5264,2,1,2,1,70699,,
5265,1,1,1,46,70704,,
5266,1,1,2,54,70704,,
5267,2,1,1,3,70704,,
5268,2,1,2,3,70704,,
5269,1,1,2,8,70706,,
5270,1,1,1,1,70708,,
5271,1,1,2,13,70708,,
5272,2,1,2,1,70708,,
5273,1,1,1,45,70713,,
5274,1,1,2,48,70713,,
5275,2,1,1,3,70713,,
5276,2,1,2,3,70713,,
5277,1,1,2,8,70715,,
5278,1,1,1,1,70717,,
5279,1,1,2,13,70717,,
5280,2,1,2,1,70717,,
5281,1,1,1,45,70722,,
5282,1,1,2,48,70722,,
5283,2,1,1,3,70722,,
5284,2,1,2,3,70722,,
5285,1,1,2,8,70724,,
5286,1,1,1,1,70726,,
5287,1,1,2,13,70726,,
5288,2,1,2,1,70726,,
5289,1,1,1,45,70731,,
5290,1,1,2,48,70731,,
5291,2,1,1,3,70731,,
5292,2,1,2,3,70731,,
5293,1,1,2,8,70733,,
5294,1,1,1,1,70735,,
5295,1,1,2,13,70735,,
5296,2,1,2,1,70735,,
5297,1,1,1,45,70740,,
5298,1,1,2,48,70740,,
5299,2,1,1,3,70740,,
5300,2,1,2,3,70740,,
5301,1,1,2,8,70742,,
5302,1,1,1,1,70744,,
5303,1,1,2,13,70744,,
5304,2,1,2,1,70744,,
5305,1,1,1,45,70749,,
5306,1,1,2,48,70749,,
5307,2,1,1,3,70749,,
5308,2,1,2,3,70749,,
5309,1,1,2,8,70751,,
5310,1,1,1,1,70753,,
5311,1,1,2,13,70753,,
5312,2,1,2,1,70753,,
5313,1,1,1,45,70758,,
5314,1,1,2,48,70758,,
5315,2,1,1,3,70758,,
5316,2,1,2,3,70758,,
5317,1,1,2,8,70760,,
5318,1,1,1,1,70762,,
5319,1,1,2,13,70762,,
5320,2,1,2,1,70762,,
5321,1,1,1,45,70767,,
5322,1,1,2,48,70767,,
5323,2,1,1,3,70767,,
5324,2,1,2,3,70767,,
5325,1,1,2,8,70769,,
5326,1,1,1,1,70771,,
5327,1,1,2,13,70771,,
5328,2,1,2,1,70771,,
5329,1,1,1,45,70776,,
5330,1,1,2,48,70776,,
5331,2,1,1,3,70776,,
5332,2,1,2,3,70776,,
5333,1,1,2,8,70778,,
5334,1,1,1,1,70780,,
5335,1,1,2,13,70780,,
5336,2,1,2,1,70780,,
5337,1,1,1,45,70785,,
5338,1,1,2,48,70785,,
5339,2,1,1,3,70785,,
5340,2,1,2,3,70785,,
5341,1,1,2,8,70787,,
5342,1,1,1,1,70789,,
5343,1,1,2,13,70789,,
5344,2,1,2,1,70789,,
5345,1,1,1,45,70794,,
5346,1,1,2,48,70794,,
5347,2,1,1,3,70794,,
5348,2,1,2,3,70794,,
5349,1,1,2,8,70796,,
5350,1,1,1,1,70798,,
5351,1,1,2,13,70798,,
5352,2,1,2,1,70798,,
5353,1,1,1,45,70803,,
5354,1,1,2,48,70803,,
5355,2,1,1,3,70803,,
5356,2,1,2,3,70803,,
5357,1,1,2,8,70805,,
5358,1,1,1,1,70807,,
5359,1,1,2,13,70807,,
5360,2,1,2,1,70807,,
5361,1,1,1,45,70812,,
5362,1,1,2,48,70812,,
5363,2,1,1,3,70812,,
5364,2,1,2,3,70812,,
5365,1,1,2,8,70814,,
5366,1,1,1,1,70816,,
5367,1,1,2,13,70816,,
5368,2,1,2,1,70816,,
5369,1,1,1,43,70821,,
5370,1,1,2,50,70821,,
5371,2,1,1,4,70821,,
5372,2,1,2,1,70821,,
5373,1,1,2,8,70823,,
5374,1,1,1,1,70825,,
5375,1,1,2,13,70825,,
5376,2,1,2,1,70825,,
5377,1,1,1,43,70830,,
5378,1,1,2,50,70830,,
5379,2,1,1,4,70830,,
5380,2,1,2,1,70830,,
5381,1,1,2,8,70832,,
5382,1,1,1,1,70834,,
5383,1,1,2,13,70834,,
5384,2,1,2,1,70834,,
5385,1,1,1,43,70839,,
5386,1,1,2,50,70839,,
5387,2,1,1,4,70839,,
5388,2,1,2,1,70839,,
5389,1,1,2,8,70841,,
5390,1,1,1,1,70843,,
5391,1,1,2,13,70843,,
5392,2,1,2,1,70843,,
5393,1,1,1,43,70848,,
5394,1,1,2,50,70848,,
5395,2,1,1,4,70848,,
5396,2,1,2,1,70848,,
5397,1,1,2,8,70850,,
5398,1,1,1,3,70852,,
5399,1,1,2,13,70852,,
5400,2,1,2,2,70852,,
5401,1,1,1,43,70857,,
5402,1,1,2,50,70857,,
5403,2,1,1,4,70857,,
5404,2,1,2,1,70857,,
5405,1,1,2,8,70859,,
5406,1,1,1,3,70861,,
5407,1,1,2,13,70861,,
5408,2,1,2,2,70861,,
5409,1,1,1,43,70866,,
5410,1,1,2,50,70866,,
5411,2,1,1,4,70866,,
5412,2,1,2,1,70866,,
5413,1,1,2,8,70868,,
5414,1,1,1,3,70870,,
5415,1,1,2,13,70870,,
5416,2,1,2,2,70870,,
5417,1,1,1,43,70875,,
5418,1,1,2,50,70875,,
5419,2,1,1,4,70875,,
5420,2,1,2,1,70875,,
5421,1,1,2,8,70877,,
5422,1,1,1,3,70879,,
5423,1,1,2,13,70879,,
5424,2,1,2,2,70879,,
5425,1,1,1,43,70884,,
5426,1,1,2,50,70884,,
5427,2,1,1,4,70884,,
5428,2,1,2,1,70884,,
5429,1,1,2,8,70886,,
5430,1,1,1,3,70888,,
5431,1,1,2,13,70888,,
5432,2,1,2,2,70888,,
5433,1,1,1,43,70893,,
5434,1,1,2,50,70893,,
5435,2,1,1,4,70893,,
5436,2,1,2,1,70893,,
5437,1,1,2,8,70895,,
5438,1,1,1,3,70897,,
5439,1,1,2,13,70897,,
5440,2,1,2,2,70897,,
5441,1,1,1,43,70902,,
5442,1,1,2,50,70902,,
5443,2,1,1,4,70902,,
5444,2,1,2,1,70902,,
5445,1,1,2,8,70904,,
5446,1,1,1,3,70906,,
5447,1,1,2,13,70906,,
5448,2,1,2,2,70906,,
5449,1,1,1,43,70911,,
5450,1,1,2,50,70911,,
5451,2,1,1,4,70911,,
5452,2,1,2,1,70911,,
5453,1,1,2,8,70913,,
5454,1,1,1,3,70915,,
5455,1,1,2,13,70915,,
5456,2,1,2,2,70915,,
5457,1,1,1,43,70920,,
5458,1,1,2,50,70920,,
5459,2,1,1,4,70920,,
5460,2,1,2,1,70920,,
5461,1,1,2,8,70922,,
5462,1,1,1,3,70924,,
5463,1,1,2,13,70924,,
5464,2,1,2,2,70924,,
5465,1,1,1,42,70929,,
5466,1,1,2,51,70929,,
5467,2,1,1,5,70929,,
5468,2,1,2,1,70929,,
5469,1,1,2,8,70931,,
5470,1,1,1,3,70933,,
5471,1,1,2,13,70933,,
5472,2,1,2,2,70933,,
5473,1,1,1,42,70938,,
5474,1,1,2,51,70938,,
5475,2,1,1,5,70938,,
5476,2,1,2,1,70938,,
5477,1,1,2,8,70940,,
5478,1,1,1,3,70942,,
5479,1,1,2,13,70942,,
5480,2,1,2,2,70942,,
5481,1,1,1,42,70947,,
5482,1,1,2,51,70947,,
5483,2,1,1,5,70947,,
5484,2,1,2,1,70947,,
5485,1,1,2,8,70949,,
5486,1,1,1,3,70951,,
5487,1,1,2,13,70951,,
5488,2,1,2,2,70951,,
5489,1,1,1,42,70956,,
5490,1,1,2,51,70956,,
5491,2,1,1,5,70956,,
5492,2,1,2,1,70956,,
5493,1,1,2,8,70958,,
5494,1,1,1,3,70960,,
5495,1,1,2,13,70960,,
5496,2,1,2,2,70960,,
5497,1,1,1,42,70965,,
5498,1,1,2,51,70965,,
5499,2,1,1,5,70965,,
5500,2,1,2,1,70965,,
5501,1,1,2,8,70967,,
5502,1,1,1,3,70969,,
5503,1,1,2,13,70969,,
5504,2,1,2,2,70969,,
5505,1,1,1,42,70974,,
5506,1,1,2,51,70974,,
5507,2,1,1,5,70974,,
5508,2,1,2,1,70974,,
5509,1,1,2,8,70976,,
5510,1,1,1,3,70978,,
5511,1,1,2,13,70978,,
5512,2,1,2,2,70978,,
5513,1,1,1,42,70983,,
5514,1,1,2,51,70983,,
5515,2,1,1,5,70983,,
5516,2,1,2,1,70983,,
5517,1,1,2,8,70985,,
5518,1,1,1,3,70987,,
5519,1,1,2,13,70987,,
5520,2,1,2,2,70987,,
5521,1,1,1,42,70992,,
5522,1,1,2,51,70992,,
5523,2,1,1,5,70992,,
5524,2,1,2,1,70992,,
5525,1,1,2,8,70994,,
5526,1,1,1,3,70996,,
5527,1,1,2,13,70996,,
5528,2,1,2,2,70996,,
5529,1,1,1,42,71001,,
5530,1,1,2,51,71001,,
5531,2,1,1,5,71001,,
5532,2,1,2,1,71001,,
5533,1,1,2,8,71003,,
5534,1,1,1,3,71005,,
5535,1,1,2,13,71005,,
5536,2,1,2,2,71005,,
5537,1,1,1,42,71010,,
5538,1,1,2,51,71010,,
5539,2,1,1,5,71010,,
5540,2,1,2,1,71010,,
5541,1,1,2,8,71012,,
5542,1,1,1,3,71014,,
5543,1,1,2,13,71014,,
5544,2,1,2,2,71014,,
5545,1,1,1,42,71019,,
5546,1,1,2,51,71019,,
5547,2,1,1,5,71019,,
5548,2,1,2,1,71019,,
5549,1,1,2,8,71021,,
5550,1,1,1,3,71023,,
5551,1,1,2,13,71023,,
5552,2,1,2,2,71023,,
5553,1,1,1,42,71028,,
5554,1,1,2,51,71028,,
5555,2,1,1,5,71028,,
5556,2,1,2,1,71028,,
5557,1,1,2,8,71030,,
5558,1,1,1,3,71032,,
5559,1,1,2,13,71032,,
5560,2,1,2,2,71032,,
5561,1,1,1,42,71037,,
5562,1,1,2,51,71037,,
5563,2,1,1,5,71037,,
5564,2,1,2,1,71037,,
5565,1,1,2,8,71039,,
5566,1,1,1,3,71041,,
5567,1,1,2,13,71041,,
5568,2,1,2,2,71041,,
5569,1,1,1,42,71046,,
5570,1,1,2,51,71046,,
5571,2,1,1,5,71046,,
5572,2,1,2,1,71046,,
5573,1,1,2,8,71048,,
5574,1,1,1,3,71050,,
5575,1,1,2,13,71050,,
5576,2,1,2,2,71050,,
5577,1,1,1,42,71055,,
5578,1,1,2,51,71055,,
5579,2,1,1,5,71055,,
5580,2,1,2,1,71055,,
5581,1,1,2,8,71057,,
5582,1,1,1,3,71059,,
5583,1,1,2,13,71059,,
5584,2,1,2,2,71059,,
5585,1,1,1,42,71064,,
5586,1,1,2,51,71064,,
5587,2,1,1,5,71064,,
5588,2,1,2,1,71064,,
5589,1,1,2,8,71066,,
5590,1,1,1,3,71068,,
5591,1,1,2,13,71068,,
5592,2,1,2,2,71068,,
5593,1,1,1,42,71073,,
5594,1,1,2,51,71073,,
5595,2,1,1,5,71073,,
5596,2,1,2,1,71073,,
5597,1,1,2,8,71075,,
5598,1,1,1,3,71077,,
5599,1,1,2,13,71077,,
5600,2,1,2,2,71077,,
5601,1,1,1,42,71082,,
5602,1,1,2,51,71082,,
5603,2,1,1,5,71082,,
5604,2,1,2,1,71082,,
5605,1,1,2,8,71084,,
5606,1,1,1,3,71086,,
5607,1,1,2,13,71086,,
5608,2,1,2,2,71086,,
5609,1,1,1,42,71091,,
5610,1,1,2,53,71091,,
5611,2,1,1,5,71091,,
5612,1,1,1,1,71093,,
5613,1,1,2,7,71093,,
5614,1,1,1,3,71095,,
5615,1,1,2,13,71095,,
5616,2,1,2,2,71095,,
5617,1,1,1,42,71100,,
5618,1,1,2,53,71100,,
5619,2,1,1,5,71100,,
5620,1,1,1,1,71102,,
5621,1,1,2,7,71102,,
5622,1,1,1,3,71104,,
5623,1,1,2,13,71104,,
5624,2,1,2,2,71104,,
5625,1,1,1,42,71109,,
5626,1,1,2,53,71109,,
5627,2,1,1,5,71109,,
5628,1,1,1,1,71111,,
5629,1,1,2,7,71111,,
5630,1,1,1,3,71113,,
5631,1,1,2,13,71113,,
5632,2,1,2,2,71113,,
5633,1,1,1,42,71118,,
5634,1,1,2,53,71118,,
5635,2,1,1,5,71118,,
5636,1,1,1,1,71120,,
5637,1,1,2,7,71120,,
5638,1,1,1,3,71122,,
5639,1,1,2,13,71122,,
5640,2,1,2,2,71122,,
5641,1,1,1,48,71127,,
5642,1,1,2,61,71127,,
5643,2,1,1,5,71127,,
5644,1,1,1,1,71129,,
5645,1,1,2,8,71129,,
5646,1,1,1,3,71131,,
5647,1,1,2,13,71131,,
5648,2,1,2,2,71131,,
5649,1,1,1,48,71136,,
5650,1,1,2,61,71136,,
5651,2,1,1,5,71136,,
5652,1,1,1,1,71138,,
5653,1,1,2,8,71138,,
5654,1,1,1,3,71140,,
5655,1,1,2,13,71140,,
5656,2,1,2,2,71140,,
5657,1,1,1,48,71145,,
5658,1,1,2,61,71145,,
5659,2,1,1,5,71145,,
5660,1,1,1,1,71147,,
5661,1,1,2,8,71147,,
5662,1,1,1,3,71149,,
5663,1,1,2,13,71149,,
5664,2,1,2,2,71149,,
5665,1,1,1,48,71154,,
5666,1,1,2,61,71154,,
5667,2,1,1,5,71154,,
5668,1,1,1,1,71156,,
5669,1,1,2,8,71156,,
5670,1,1,1,3,71158,,
5671,1,1,2,13,71158,,
5672,2,1,2,2,71158,,
5673,1,1,1,48,71163,,
5674,1,1,2,61,71163,,
5675,2,1,1,5,71163,,
5676,1,1,1,1,71165,,
5677,1,1,2,8,71165,,
5678,1,1,1,3,71167,,
5679,1,1,2,13,71167,,
5680,2,1,2,2,71167,,
5681,1,1,1,48,71172,,
5682,1,1,2,61,71172,,
5683,2,1,1,5,71172,,
5684,1,1,1,1,71174,,
5685,1,1,2,8,71174,,
5686,1,1,1,3,71176,,
5687,1,1,2,13,71176,,
5688,2,1,2,2,71176,,
5689,1,1,1,48,71181,,
5690,1,1,2,61,71181,,
5691,2,1,1,5,71181,,
5692,1,1,1,1,71183,,
5693,1,1,2,8,71183,,
5694,1,1,1,3,71185,,
5695,1,1,2,13,71185,,
5696,2,1,2,2,71185,,
5697,1,1,1,48,71190,,
5698,1,1,2,61,71190,,
5699,2,1,1,5,71190,,
5700,1,1,1,1,71192,,
5701,1,1,2,8,71192,,
5702,1,1,1,3,71194,,
5703,1,1,2,13,71194,,
5704,2,1,2,2,71194,,
5705,1,1,1,48,71199,,
5706,1,1,2,61,71199,,
5707,2,1,1,5,71199,,
5708,1,1,1,1,71201,,
5709,1,1,2,8,71201,,
5710,1,1,1,3,71203,,
5711,1,1,2,13,71203,,
5712,2,1,2,2,71203,,
5713,1,1,1,48,71208,,
5714,1,1,2,61,71208,,
5715,2,1,1,5,71208,,
5716,1,1,1,1,71210,,
5717,1,1,2,8,71210,,
5718,1,1,1,3,71212,,
5719,1,1,2,13,71212,,
5720,2,1,2,2,71212,,
5721,1,1,1,48,71217,,
5722,1,1,2,61,71217,,
5723,2,1,1,5,71217,,
5724,1,1,1,1,71219,,
5725,1,1,2,8,71219,,
5726,1,1,1,3,71221,,
5727,1,1,2,13,71221,,
5728,2,1,2,2,71221,,
5729,1,1,1,48,71226,,
5730,1,1,2,61,71226,,
5731,2,1,1,5,71226,,
5732,1,1,1,1,71228,,
5733,1,1,2,8,71228,,
5734,1,1,1,3,71230,,
5735,1,1,2,13,71230,,
5736,2,1,2,2,71230,,
5737,1,1,1,48,71235,,
5738,1,1,2,61,71235,,
5739,2,1,1,5,71235,,
5740,1,1,1,1,71237,,
5741,1,1,2,8,71237,,
5742,1,1,1,3,71239,,
5743,1,1,2,13,71239,,
5744,2,1,2,2,71239,,
5745,1,1,1,48,71244,,
5746,1,1,2,61,71244,,
5747,2,1,1,5,71244,,
5748,1,1,1,1,71246,,
5749,1,1,2,8,71246,,
5750,1,1,1,3,71248,,
5751,1,1,2,13,71248,,
5752,2,1,2,2,71248,,
5753,1,1,1,51,71253,,
5754,1,1,2,62,71253,,
5755,2,1,1,4,71253,,
5756,1,1,1,1,71255,,
5757,1,1,2,8,71255,,
5758,1,1,1,3,71257,,
5759,1,1,2,13,71257,,
5760,2,1,2,2,71257,,
5761,1,1,1,51,71262,,
5762,1,1,2,62,71262,,
5763,2,1,1,4,71262,,
5764,1,1,1,1,71264,,
5765,1,1,2,8,71264,,
5766,1,1,1,3,71266,,
5767,1,1,2,13,71266,,
5768,2,1,2,2,71266,,
5769,1,1,1,51,71271,,
5770,1,1,2,62,71271,,
5771,2,1,1,4,71271,,
5772,1,1,1,1,71273,,
5773,1,1,2,8,71273,,
5774,1,1,1,3,71275,,
5775,1,1,2,13,71275,,
5776,2,1,2,2,71275,,
5777,1,1,1,51,71280,,
5778,1,1,2,62,71280,,
5779,2,1,1,4,71280,,
5780,1,1,1,1,71282,,
5781,1,1,2,8,71282,,
5782,1,1,1,2,71284,,
5783,1,1,2,10,71284,,
5784,2,1,2,1,71284,,
5785,1,1,1,51,71289,,
5786,1,1,2,62,71289,,
5787,2,1,1,4,71289,,
5788,1,1,1,1,71291,,
5789,1,1,2,8,71291,,
5790,1,1,1,2,71293,,
5791,1,1,2,10,71293,,
5792,2,1,2,1,71293,,
5793,1,1,1,51,71298,,
5794,1,1,2,62,71298,,
5795,2,1,1,4,71298,,
5796,1,1,1,1,71300,,
5797,1,1,2,8,71300,,
5798,1,1,1,2,71302,,
5799,1,1,2,10,71302,,
5800,2,1,2,1,71302,,
5801,1,1,1,51,71307,,
5802,1,1,2,62,71307,,
5803,2,1,1,4,71307,,
5804,1,1,1,1,71309,,
5805,1,1,2,8,71309,,
5806,1,1,1,2,71311,,
5807,1,1,2,10,71311,,
5808,2,1,2,1,71311,,
5809,1,1,1,51,71316,,
5810,1,1,2,62,71316,,
5811,2,1,1,4,71316,,
5812,1,1,1,1,71318,,
5813,1,1,2,8,71318,,
5814,1,1,1,2,71320,,
5815,1,1,2,10,71320,,
5816,2,1,2,1,71320,,
5817,1,1,1,51,71325,,
5818,1,1,2,62,71325,,
5819,2,1,1,4,71325,,
5820,1,1,1,1,71327,,
5821,1,1,2,8,71327,,
5822,1,1,1,2,71329,,
5823,1,1,2,10,71329,,
5824,2,1,2,1,71329,,
5825,1,1,1,51,71334,,
5826,1,1,2,62,71334,,
5827,2,1,1,4,71334,,
5828,1,1,1,1,71336,,
5829,1,1,2,8,71336,,
5830,1,1,1,2,71338,,
5831,1,1,2,10,71338,,
5832,2,1,2,1,71338,,
5833,1,1,1,51,71343,,
5834,1,1,2,62,71343,,
5835,2,1,1,4,71343,,
5836,1,1,1,1,71345,,
5837,1,1,2,8,71345,,
5838,1,1,1,2,71347,,
5839,1,1,2,10,71347,,
5840,2,1,2,1,71347,,
5841,1,1,1,51,71352,,
5842,1,1,2,62,71352,,
5843,2,1,1,4,71352,,
5844,1,1,1,1,71354,,
5845,1,1,2,8,71354,,
5846,1,1,1,2,71356,,
5847,1,1,2,10,71356,,
5848,2,1,2,1,71356,,
5849,1,1,1,57,71361,,
5850,1,1,2,66,71361,,
5851,2,1,1,4,71361,,
5852,1,1,1,1,71363,,
5853,1,1,2,9,71363,,
5854,1,1,1,2,71365,,
5855,1,1,2,10,71365,,
5856,2,1,2,1,71365,,
5857,1,1,1,57,71370,,
5858,1,1,2,66,71370,,
5859,2,1,1,4,71370,,
5860,1,1,1,1,71372,,
5861,1,1,2,9,71372,,
5862,1,1,1,2,71374,,
5863,1,1,2,10,71374,,
5864,2,1,2,1,71374,,
5865,1,1,1,57,71379,,
5866,1,1,2,66,71379,,
5867,2,1,1,4,71379,,
5868,1,1,1,1,71381,,
5869,1,1,2,9,71381,,
5870,1,1,1,2,71383,,
5871,1,1,2,10,71383,,
5872,2,1,2,1,71383,,
5873,1,1,1,57,71388,,
5874,1,1,2,66,71388,,
5875,2,1,1,4,71388,,
5876,1,1,1,1,71390,,
5877,1,1,2,9,71390,,
5878,1,1,1,1,71391,,
5879,1,1,2,7,71391,,
5880,1,1,1,2,71392,,
5881,1,1,2,10,71392,,
5882,2,1,2,1,71392,,
5883,1,1,1,57,71397,,
5884,1,1,2,66,71397,,
5885,2,1,1,4,71397,,
5886,1,1,1,1,71399,,
5887,1,1,2,9,71399,,
5888,1,1,1,1,71400,,
5889,1,1,2,7,71400,,
5890,1,1,1,2,71401,,
5891,1,1,2,10,71401,,
5892,2,1,2,1,71401,,
5893,1,1,1,57,71406,,
5894,1,1,2,66,71406,,
5895,2,1,1,4,71406,,
5896,1,1,1,1,71408,,
5897,1,1,2,9,71408,,
5898,1,1,1,1,71409,,
5899,1,1,2,7,71409,,
5900,1,1,1,2,71410,,
5901,1,1,2,10,71410,,
5902,2,1,2,1,71410,,
5903,1,1,1,57,71415,,
5904,1,1,2,66,71415,,
5905,2,1,1,4,71415,,
5906,1,1,1,1,71417,,
5907,1,1,2,9,71417,,
5908,1,1,1,1,71418,,
5909,1,1,2,7,71418,,
5910,1,1,1,2,71419,,
5911,1,1,2,10,71419,,
5912,2,1,2,1,71419,,
5913,1,1,1,57,71424,,
5914,1,1,2,66,71424,,
5915,2,1,1,4,71424,,
5916,1,1,1,1,71426,,
5917,1,1,2,9,71426,,
5918,1,1,1,1,71427,,
5919,1,1,2,7,71427,,
5920,1,1,1,2,71428,,
5921,1,1,2,10,71428,,
5922,2,1,2,1,71428,,
5923,1,1,1,57,71433,,
5924,1,1,2,66,71433,,
5925,2,1,1,4,71433,,
5926,1,1,1,1,71435,,
5927,1,1,2,9,71435,,
5928,1,1,1,1,71436,,
5929,1,1,2,7,71436,,
5930,1,1,1,2,71437,,
5931,1,1,2,10,71437,,
5932,2,1,2,1,71437,,
5933,1,1,1,57,71442,,
5934,1,1,2,66,71442,,
5935,2,1,1,4,71442,,
5936,1,1,1,1,71444,,
5937,1,1,2,9,71444,,
5938,1,1,1,1,71445,,
5939,1,1,2,7,71445,,
5940,1,1,1,2,71446,,
5941,1,1,2,10,71446,,
5942,2,1,2,1,71446,,
5943,1,1,1,57,71451,,
5944,1,1,2,66,71451,,
5945,2,1,1,4,71451,,
5946,1,1,1,1,71453,,
5947,1,1,2,9,71453,,
5948,1,1,1,1,71454,,
5949,1,1,2,7,71454,,
5950,1,1,1,2,71455,,
5951,1,1,2,10,71455,,
5952,2,1,2,1,71455,,
5953,1,1,1,57,71460,,
5954,1,1,2,66,71460,,
5955,2,1,1,4,71460,,
5956,1,1,1,1,71462,,
5957,1,1,2,9,71462,,
5958,1,1,1,1,71463,,
5959,1,1,2,7,71463,,
5960,1,1,1,2,71464,,
5961,1,1,2,10,71464,,
5962,2,1,2,1,71464,,
5963,1,1,1,60,71469,,
5964,1,1,2,68,71469,,
5965,2,1,1,4,71469,,
5966,1,1,1,1,71471,,
5967,1,1,2,10,71471,,
5968,1,1,1,1,71472,,
5969,1,1,2,7,71472,,
5970,1,1,1,2,71473,,
5971,1,1,2,10,71473,,
5972,2,1,2,1,71473,,
5973,1,1,1,60,71478,,
5974,1,1,2,68,71478,,
5975,2,1,1,4,71478,,
5976,1,1,1,1,71480,,
5977,1,1,2,10,71480,,
5978,1,1,1,1,71481,,
5979,1,1,2,7,71481,,
5980,1,1,1,2,71482,,
5981,1,1,2,10,71482,,
5982,2,1,2,1,71482,,
5983,1,1,1,60,71487,,
5984,1,1,2,68,71487,,
5985,2,1,1,4,71487,,
5986,1,1,1,1,71489,,
5987,1,1,2,10,71489,,
5988,1,1,1,1,71490,,
5989,1,1,2,7,71490,,
5990,1,1,1,2,71491,,
5991,1,1,2,10,71491,,
5992,2,1,2,1,71491,,
5993,1,1,1,60,71496,,
5994,1,1,2,68,71496,,
5995,2,1,1,4,71496,,
5996,1,1,1,1,71498,,
5997,1,1,2,10,71498,,
5998,1,1,1,1,71499,,
5999,1,1,2,7,71499,,
6000,1,1,1,2,71500,,
6001,1,1,2,10,71500,,
6002,2,1,2,1,71500,,
6003,1,1,1,60,71505,,
6004,1,1,2,68,71505,,
6005,2,1,1,4,71505,,
6006,1,1,1,1,71507,,
6007,1,1,2,10,71507,,
6008,1,1,1,1,71508,,
6009,1,1,2,7,71508,,
6010,1,1,1,2,71509,,
6011,1,1,2,10,71509,,
6012,2,1,2,1,71509,,
6013,1,1,1,60,71514,,
6014,1,1,2,68,71514,,
6015,2,1,1,4,71514,,
6016,1,1,1,1,71516,,
6017,1,1,2,10,71516,,
6018,1,1,1,1,71517,,
6019,1,1,2,7,71517,,
6020,1,1,1,2,71518,,
6021,1,1,2,10,71518,,
6022,2,1,2,1,71518,,
6023,1,1,1,60,71523,,
6024,1,1,2,68,71523,,
6025,2,1,1,4,71523,,
6026,1,1,1,1,71525,,
6027,1,1,2,10,71525,,
6028,1,1,1,1,71526,,
6029,1,1,2,7,71526,,
6030,1,1,1,2,71527,,
6031,1,1,2,10,71527,,
6032,2,1,2,1,71527,,
6033,1,1,1,60,71532,,
6034,1,1,2,68,71532,,
6035,2,1,1,4,71532,,
6036,1,1,1,1,71534,,
6037,1,1,2,10,71534,,
6038,1,1,1,1,71535,,
6039,1,1,2,7,71535,,
6040,1,1,1,2,71536,,
6041,1,1,2,10,71536,,
6042,2,1,2,1,71536,,
6043,1,1,1,60,71541,,
6044,1,1,2,68,71541,,
6045,2,1,1,4,71541,,
6046,1,1,1,1,71543,,
6047,1,1,2,10,71543,,
6048,1,1,1,1,71544,,
6049,1,1,2,7,71544,,
6050,1,1,1,2,71545,,
6051,1,1,2,10,71545,,
6052,2,1,2,1,71545,,
6053,1,1,1,60,71550,,
6054,1,1,2,68,71550,,
6055,2,1,1,4,71550,,
6056,1,1,1,1,71552,,
6057,1,1,2,10,71552,,
6058,1,1,1,1,71553,,
6059,1,1,2,7,71553,,
6060,1,1,1,2,71554,,
6061,1,1,2,10,71554,,
6062,2,1,2,1,71554,,
6063,1,1,1,60,71559,,
6064,1,1,2,68,71559,,
6065,2,1,1,4,71559,,
6066,1,1,1,1,71561,,
6067,1,1,2,10,71561,,
6068,1,1,1,1,71562,,
6069,1,1,2,7,71562,,
6070,1,1,1,2,71563,,
6071,1,1,2,10,71563,,
6072,2,1,2,1,71563,,
6073,1,1,1,60,71568,,
6074,1,1,2,68,71568,,
6075,2,1,1,4,71568,,
6076,1,1,1,1,71570,,
6077,1,1,2,10,71570,,
6078,1,1,1,1,71571,,
6079,1,1,2,7,71571,,
6080,1,1,1,2,71572,,
6081,1,1,2,10,71572,,
6082,2,1,2,1,71572,,
6083,1,1,1,56,71577,,
6084,1,1,2,66,71577,,
6085,2,1,1,4,71577,,
6086,1,1,1,1,71579,,
6087,1,1,2,10,71579,,
6088,1,1,1,1,71580,,
6089,1,1,2,7,71580,,
6090,1,1,1,2,71581,,
6091,1,1,2,10,71581,,
6092,2,1,2,1,71581,,
6093,1,1,1,56,71586,,
6094,1,1,2,66,71586,,
6095,2,1,1,4,71586,,
6096,1,1,1,1,71588,,
6097,1,1,2,10,71588,,
6098,1,1,1,1,71589,,
6099,1,1,2,7,71589,,
6100,1,1,1,2,71590,,
6101,1,1,2,10,71590,,
6102,2,1,2,1,71590,,
6103,1,1,1,56,71595,,
6104,1,1,2,66,71595,,
6105,2,1,1,4,71595,,
6106,1,1,1,1,71597,,
6107,1,1,2,10,71597,,
6108,1,1,1,1,71598,,
6109,1,1,2,7,71598,,
6110,1,1,1,2,71599,,
6111,1,1,2,10,71599,,
6112,2,1,2,1,71599,,
6113,1,1,1,56,71604,,
6114,1,1,2,66,71604,,
6115,2,1,1,4,71604,,
6116,1,1,1,1,71606,,
6117,1,1,2,10,71606,,
6118,1,1,1,1,71607,,
6119,1,1,2,7,71607,,
6120,1,1,1,2,71608,,
6121,1,1,2,10,71608,,
6122,2,1,2,1,71608,,
6123,1,1,1,56,71613,,
6124,1,1,2,66,71613,,
6125,2,1,1,4,71613,,
6126,1,1,1,1,71615,,
6127,1,1,2,10,71615,,
6128,1,1,1,1,71616,,
6129,1,1,2,7,71616,,
6130,1,1,1,2,71617,,
6131,1,1,2,10,71617,,
6132,2,1,2,1,71617,,
6133,1,1,1,56,71622,,
6134,1,1,2,66,71622,,
6135,2,1,1,4,71622,,
6136,1,1,1,1,71624,,
6137,1,1,2,10,71624,,
6138,1,1,1,1,71625,,
6139,1,1,2,7,71625,,
6140,1,1,1,2,71626,,
6141,1,1,2,10,71626,,
6142,2,1,2,1,71626,,
6143,1,1,1,56,71631,,
6144,1,1,2,66,71631,,
6145,2,1,1,4,71631,,
6146,1,1,1,1,71633,,
6147,1,1,2,10,71633,,
6148,1,1,1,1,71634,,
6149,1,1,2,7,71634,,
6150,1,1,1,2,71635,,
6151,1,1,2,10,71635,,
6152,2,1,2,1,71635,,
6153,1,1,1,56,71640,,
6154,1,1,2,66,71640,,
6155,2,1,1,4,71640,,
6156,1,1,1,1,71642,,
6157,1,1,2,10,71642,,
6158,1,1,1,1,71643,,
6159,1,1,2,7,71643,,
6160,1,1,1,2,71644,,
6161,1,1,2,10,71644,,
6162,2,1,2,1,71644,,
6163,1,1,1,56,71649,,
6164,1,1,2,66,71649,,
6165,2,1,1,4,71649,,
6166,1,1,1,1,71651,,
6167,1,1,2,10,71651,,
6168,1,1,1,1,71652,,
6169,1,1,2,7,71652,,
6170,1,1,1,2,71653,,
6171,1,1,2,10,71653,,
6172,2,1,2,1,71653,,
6173,1,1,1,56,71658,,
6174,1,1,2,66,71658,,
6175,2,1,1,4,71658,,
6176,1,1,1,1,71660,,
6177,1,1,2,10,71660,,
6178,1,1,1,1,71661,,
6179,1,1,2,7,71661,,
6180,1,1,1,2,71662,,
6181,1,1,2,10,71662,,
6182,2,1,2,1,71662,,
6183,1,1,1,56,71667,,
6184,1,1,2,66,71667,,
6185,2,1,1,4,71667,,
6186,1,1,1,1,71669,,
6187,1,1,2,10,71669,,
6188,1,1,1,1,71670,,
6189,1,1,2,7,71670,,
6190,1,1,1,2,71671,,
6191,1,1,2,10,71671,,
6192,2,1,2,1,71671,,
6193,1,1,1,56,71676,,
6194,1,1,2,66,71676,,
6195,2,1,1,4,71676,,
6196,1,1,1,1,71678,,
6197,1,1,2,10,71678,,
6198,1,1,1,1,71679,,
6199,1,1,2,7,71679,,
6200,1,1,1,2,71680,,
6201,1,1,2,10,71680,,
6202,2,1,2,1,71680,,
6203,1,1,1,56,71685,,
6204,1,1,2,66,71685,,
6205,2,1,1,4,71685,,
6206,1,1,1,1,71687,,
6207,1,1,2,10,71687,,
6208,1,1,1,1,71688,,
6209,1,1,2,7,71688,,
6210,1,1,1,2,71689,,
6211,1,1,2,10,71689,,
6212,2,1,2,1,71689,,
6213,1,1,1,56,71694,,
6214,1,1,2,66,71694,,
6215,2,1,1,4,71694,,
6216,1,1,1,1,71696,,
6217,1,1,2,10,71696,,
6218,1,1,1,1,71697,,
6219,1,1,2,7,71697,,
6220,1,1,1,2,71698,,
6221,1,1,2,10,71698,,
6222,2,1,2,1,71698,,
6223,1,1,1,56,71703,,
6224,1,1,2,66,71703,,
6225,2,1,1,4,71703,,
6226,1,1,1,1,71705,,
6227,1,1,2,10,71705,,
6228,1,1,1,1,71706,,
6229,1,1,2,7,71706,,
6230,1,1,1,2,71707,,
6231,1,1,2,10,71707,,
6232,2,1,2,1,71707,,
6233,1,1,1,56,71712,,
6234,1,1,2,66,71712,,
6235,2,1,1,4,71712,,
6236,1,1,1,1,71713,,
6237,1,1,2,4,71713,,
6238,1,1,1,1,71714,,
6239,1,1,2,10,71714,,
6240,1,1,1,1,71715,,
6241,1,1,2,9,71715,,
6242,1,1,1,2,71716,,
6243,1,1,2,7,71716,,
6244,2,1,2,1,71716,,
6245,1,1,1,56,71721,,
6246,1,1,2,66,71721,,
6247,2,1,1,4,71721,,
6248,1,1,1,1,71722,,
6249,1,1,2,4,71722,,
6250,1,1,1,1,71723,,
6251,1,1,2,10,71723,,
6252,1,1,1,1,71724,,
6253,1,1,2,9,71724,,
6254,1,1,1,2,71725,,
6255,1,1,2,7,71725,,
6256,2,1,2,1,71725,,
6257,1,1,1,56,71730,,
6258,1,1,2,66,71730,,
6259,2,1,1,4,71730,,
6260,1,1,1,1,71731,,
6261,1,1,2,4,71731,,
6262,1,1,1,1,71732,,
6263,1,1,2,10,71732,,
6264,1,1,1,1,71733,,
6265,1,1,2,9,71733,,
6266,1,1,1,2,71734,,
6267,1,1,2,7,71734,,
6268,2,1,2,1,71734,,
6269,1,1,1,56,71739,,
6270,1,1,2,66,71739,,
6271,2,1,1,4,71739,,
6272,1,1,1,1,71740,,
6273,1,1,2,4,71740,,
6274,1,1,1,1,71741,,
6275,1,1,2,10,71741,,
6276,1,1,1,1,71742,,
6277,1,1,2,9,71742,,
6278,1,1,1,2,71743,,
6279,1,1,2,7,71743,,
6280,2,1,2,1,71743,,
6281,1,1,1,56,71748,,
6282,1,1,2,66,71748,,
6283,2,1,1,4,71748,,
6284,1,1,1,1,71749,,
6285,1,1,2,4,71749,,
6286,1,1,1,1,71750,,
6287,1,1,2,10,71750,,
6288,1,1,1,1,71751,,
6289,1,1,2,9,71751,,
6290,1,1,1,2,71752,,
6291,1,1,2,7,71752,,
6292,2,1,2,1,71752,,
6293,1,1,1,56,71757,,
6294,1,1,2,66,71757,,
6295,2,1,1,4,71757,,
6296,1,1,1,1,71758,,
6297,1,1,2,4,71758,,
6298,1,1,1,1,71759,,
6299,1,1,2,10,71759,,
6300,1,1,1,1,71760,,
6301,1,1,2,9,71760,,
6302,1,1,1,2,71761,,
6303,1,1,2,7,71761,,
6304,2,1,2,1,71761,,
6305,1,1,1,56,71766,,
6306,1,1,2,66,71766,,
6307,2,1,1,4,71766,,
6308,1,1,1,1,71767,,
6309,1,1,2,4,71767,,
6310,1,1,1,1,71768,,
6311,1,1,2,10,71768,,
6312,1,1,1,1,71769,,
6313,1,1,2,9,71769,,
6314,1,1,1,2,71770,,
6315,1,1,2,7,71770,,
6316,2,1,2,1,71770,,
6317,1,1,1,56,71775,,
6318,1,1,2,66,71775,,
6319,2,1,1,4,71775,,
6320,1,1,1,1,71776,,
6321,1,1,2,4,71776,,
6322,1,1,1,1,71777,,
6323,1,1,2,10,71777,,
6324,1,1,1,1,71778,,
6325,1,1,2,9,71778,,
6326,1,1,1,2,71779,,
6327,1,1,2,7,71779,,
6328,2,1,2,1,71779,,
6329,1,1,1,56,71784,,
6330,1,1,2,66,71784,,
6331,2,1,1,4,71784,,
6332,1,1,1,1,71785,,
6333,1,1,2,4,71785,,
6334,1,1,1,1,71786,,
6335,1,1,2,10,71786,,
6336,1,1,1,1,71787,,
6337,1,1,2,9,71787,,
6338,1,1,1,2,71788,,
6339,1,1,2,7,71788,,
6340,2,1,2,1,71788,,
6341,1,1,1,65,71793,,
6342,1,1,2,73,71793,,
6343,2,1,1,4,71793,,
6344,1,1,1,1,71794,,
6345,1,1,2,4,71794,,
6346,1,1,1,2,71795,,
6347,1,1,2,9,71795,,
6348,1,1,1,1,71796,,
6349,1,1,2,9,71796,,
6350,1,1,1,2,71797,,
6351,1,1,2,7,71797,,
6352,2,1,2,1,71797,,
6353,1,1,1,65,71802,,
6354,1,1,2,73,71802,,
6355,2,1,1,4,71802,,
6356,1,1,1,1,71803,,
6357,1,1,2,4,71803,,
6358,1,1,1,2,71804,,
6359,1,1,2,9,71804,,
6360,1,1,1,1,71805,,
6361,1,1,2,9,71805,,
6362,1,1,1,2,71806,,
6363,1,1,2,7,71806,,
6364,2,1,2,1,71806,,
6365,1,1,1,65,71811,,
6366,1,1,2,73,71811,,
6367,2,1,1,4,71811,,
6368,1,1,1,1,71812,,
6369,1,1,2,4,71812,,
6370,1,1,1,2,71813,,
6371,1,1,2,9,71813,,
6372,1,1,1,1,71814,,
6373,1,1,2,9,71814,,
6374,1,1,1,2,71815,,
6375,1,1,2,7,71815,,
6376,2,1,2,1,71815,,
6377,1,1,1,65,71820,,
6378,1,1,2,73,71820,,
6379,2,1,1,4,71820,,
6380,1,1,1,1,71821,,
6381,1,1,2,4,71821,,
6382,1,1,1,2,71822,,
6383,1,1,2,9,71822,,
6384,1,1,1,1,71823,,
6385,1,1,2,10,71823,,
6386,1,1,1,2,71824,,
6387,1,1,2,7,71824,,
6388,2,1,2,1,71824,,
6389,1,1,1,65,71829,,
6390,1,1,2,73,71829,,
6391,2,1,1,4,71829,,
6392,1,1,1,1,71830,,
6393,1,1,2,4,71830,,
6394,1,1,1,2,71831,,
6395,1,1,2,9,71831,,
6396,1,1,1,1,71832,,
6397,1,1,2,10,71832,,
6398,1,1,1,2,71833,,
6399,1,1,2,7,71833,,
6400,2,1,2,1,71833,,
6401,1,1,1,65,71838,,
6402,1,1,2,73,71838,,
6403,2,1,1,4,71838,,
6404,1,1,1,1,71839,,
6405,1,1,2,4,71839,,
6406,1,1,1,2,71840,,
6407,1,1,2,9,71840,,
6408,1,1,1,1,71841,,
6409,1,1,2,10,71841,,
6410,1,1,1,2,71842,,
6411,1,1,2,7,71842,,
6412,2,1,2,1,71842,,
6413,1,1,1,65,71847,,
6414,1,1,2,73,71847,,
6415,2,1,1,4,71847,,
6416,1,1,1,1,71848,,
6417,1,1,2,4,71848,,
6418,1,1,1,2,71849,,
6419,1,1,2,9,71849,,
6420,1,1,1,1,71850,,
6421,1,1,2,10,71850,,
6422,1,1,1,2,71851,,
6423,1,1,2,7,71851,,
6424,2,1,2,1,71851,,
6425,1,1,1,65,71856,,
6426,1,1,2,73,71856,,
6427,2,1,1,4,71856,,
6428,1,1,1,1,71857,,
6429,1,1,2,4,71857,,
6430,1,1,1,2,71858,,
6431,1,1,2,9,71858,,
6432,1,1,1,1,71859,,
6433,1,1,2,10,71859,,
6434,1,1,1,2,71860,,
6435,1,1,2,7,71860,,
6436,2,1,2,1,71860,,
6437,1,1,1,65,71865,,
6438,1,1,2,73,71865,,
6439,2,1,1,4,71865,,
6440,1,1,1,1,71866,,
6441,1,1,2,4,71866,,
6442,1,1,1,2,71867,,
6443,1,1,2,9,71867,,
6444,1,1,1,1,71868,,
6445,1,1,2,10,71868,,
6446,1,1,1,2,71869,,
6447,1,1,2,7,71869,,
6448,2,1,2,1,71869,,
6449,1,1,1,65,71874,,
6450,1,1,2,73,71874,,
6451,2,1,1,4,71874,,
6452,1,1,1,1,71875,,
6453,1,1,2,4,71875,,
6454,1,1,1,2,71876,,
6455,1,1,2,9,71876,,
6456,1,1,1,1,71877,,
6457,1,1,2,10,71877,,
6458,1,1,1,2,71878,,
6459,1,1,2,7,71878,,
6460,2,1,2,1,71878,,
6461,1,1,1,65,71883,,
6462,1,1,2,73,71883,,
6463,2,1,1,4,71883,,
6464,1,1,1,1,71884,,
6465,1,1,2,4,71884,,
6466,1,1,1,2,71885,,
6467,1,1,2,9,71885,,
6468,1,1,1,1,71886,,
6469,1,1,2,10,71886,,
6470,1,1,1,2,71887,,
6471,1,1,2,7,71887,,
6472,2,1,2,1,71887,,
6473,1,1,1,1,71892,,
6474,1,1,2,4,71892,,
6475,1,1,1,1,71893,,
6476,1,1,2,10,71893,,
6477,1,1,1,2,71894,,
6478,1,1,2,7,71894,,
6479,2,1,2,1,71894,,
6480,1,1,1,1,71899,,
6481,1,1,2,4,71899,,
6482,1,1,1,1,71900,,
6483,1,1,2,10,71900,,
6484,1,1,1,2,71901,,
6485,1,1,2,7,71901,,
6486,2,1,2,1,71901,,
6487,1,1,1,1,71906,,
6488,1,1,2,4,71906,,
6489,1,1,1,1,71907,,
6490,1,1,2,10,71907,,
6491,1,1,1,2,71908,,
6492,1,1,2,7,71908,,
6493,2,1,2,1,71908,,
6494,1,1,1,1,71913,,
6495,1,1,2,4,71913,,
6496,1,1,1,1,71914,,
6497,1,1,2,10,71914,,
6498,1,1,1,2,71915,,
6499,1,1,2,7,71915,,
6500,2,1,2,1,71915,,
6501,1,1,1,1,71920,,
6502,1,1,2,4,71920,,
6503,1,1,1,1,71921,,
6504,1,1,2,10,71921,,
6505,1,1,1,2,71922,,
6506,1,1,2,7,71922,,
6507,2,1,2,1,71922,,
6508,1,1,1,1,71927,,
6509,1,1,2,4,71927,,
6510,1,1,1,1,71928,,
6511,1,1,2,10,71928,,
6512,1,1,1,2,71929,,
6513,1,1,2,7,71929,,
6514,2,1,2,1,71929,,
6515,1,1,1,1,71934,,
6516,1,1,2,4,71934,,
6517,1,1,1,1,71935,,
6518,1,1,2,10,71935,,
6519,1,1,1,2,71936,,
6520,1,1,2,7,71936,,
6521,2,1,2,1,71936,,
6522,1,1,1,1,71941,,
6523,1,1,2,4,71941,,
6524,1,1,1,1,71942,,
6525,1,1,2,10,71942,,
6526,1,1,1,2,71943,,
6527,1,1,2,7,71943,,
6528,2,1,2,1,71943,,
6529,1,1,1,1,71948,,
6530,1,1,2,4,71948,,
6531,1,1,1,1,71949,,
6532,1,1,2,10,71949,,
6533,1,1,1,2,71950,,
6534,1,1,2,7,71950,,
6535,2,1,2,1,71950,,
6536,1,1,1,1,71955,,
6537,1,1,2,4,71955,,
6538,1,1,1,1,71956,,
6539,1,1,2,10,71956,,
6540,1,1,1,2,71957,,
6541,1,1,2,7,71957,,
6542,2,1,2,1,71957,,
6543,1,1,1,1,71962,,
6544,1,1,2,4,71962,,
6545,1,1,1,1,71963,,
6546,1,1,2,10,71963,,
6547,1,1,1,2,71964,,
6548,1,1,2,7,71964,,
6549,2,1,2,1,71964,,
6550,1,1,1,1,71969,,
6551,1,1,2,4,71969,,
6552,1,1,1,1,71970,,
6553,1,1,2,10,71970,,
6554,1,1,1,2,71971,,
6555,1,1,2,7,71971,,
6556,2,1,2,1,71971,,
6557,1,1,1,1,71976,,
6558,1,1,2,4,71976,,
6559,1,1,1,1,71977,,
6560,1,1,2,10,71977,,
6561,1,1,1,2,71978,,
6562,1,1,2,7,71978,,
6563,2,1,2,1,71978,,
6564,1,1,1,1,71983,,
6565,1,1,2,4,71983,,
6566,1,1,1,1,71984,,
6567,1,1,2,10,71984,,
6568,1,1,1,2,71985,,
6569,1,1,2,7,71985,,
6570,2,1,2,1,71985,,
6571,1,1,1,1,71990,,
6572,1,1,2,4,71990,,
6573,1,1,1,1,71991,,
6574,1,1,2,10,71991,,
6575,1,1,1,2,71992,,
6576,1,1,2,7,71992,,
6577,2,1,2,1,71992,,
6578,1,1,1,1,71997,,
6579,1,1,2,4,71997,,
6580,1,1,1,1,71998,,
6581,1,1,2,10,71998,,
6582,1,1,1,2,71999,,
6583,1,1,2,7,71999,,
6584,2,1,2,1,71999,,
6585,1,1,2,44,72000,,
6586,1,1,1,1,72004,,
6587,1,1,2,6,72004,,
6588,1,1,1,1,72005,,
6589,1,1,2,10,72005,,
6590,1,1,1,2,72006,,
6591,1,1,2,7,72006,,
6592,2,1,2,1,72006,,
6593,1,1,2,44,72007,,
6594,1,1,1,1,72011,,
6595,1,1,2,6,72011,,
6596,1,1,1,1,72012,,
6597,1,1,2,10,72012,,
6598,1,1,1,2,72013,,
6599,1,1,2,7,72013,,
6600,2,1,2,1,72013,,
6601,1,1,2,44,72014,,
6602,1,1,1,1,72018,,
6603,1,1,2,6,72018,,
6604,1,1,1,1,72019,,
6605,1,1,2,10,72019,,
6606,1,1,1,2,72020,,
6607,1,1,2,7,72020,,
6608,2,1,2,1,72020,,
6609,1,1,2,44,72021,,
6610,1,1,1,1,72025,,
6611,1,1,2,6,72025,,
6612,1,1,1,1,72026,,
6613,1,1,2,10,72026,,
6614,1,1,1,2,72027,,
6615,1,1,2,7,72027,,
6616,2,1,2,1,72027,,
6617,1,1,2,44,72028,,
6618,1,1,1,1,72032,,
6619,1,1,2,6,72032,,
6620,1,1,1,1,72033,,
6621,1,1,2,10,72033,,
6622,1,1,1,2,72034,,
6623,1,1,2,7,72034,,
6624,2,1,2,1,72034,,
6625,1,1,2,44,72035,,
6626,1,1,1,1,72039,,
6627,1,1,2,6,72039,,
6628,1,1,1,1,72040,,
6629,1,1,2,10,72040,,
6630,1,1,1,2,72041,,
6631,1,1,2,7,72041,,
6632,2,1,2,1,72041,,
6633,1,1,2,44,72042,,
6634,1,1,1,1,72046,,
6635,1,1,2,6,72046,,
6636,1,1,1,1,72047,,
6637,1,1,2,10,72047,,
6638,1,1,1,2,72048,,
6639,1,1,2,7,72048,,
6640,2,1,2,1,72048,,
6641,1,1,2,44,72049,,
6642,1,1,1,1,72053,,
6643,1,1,2,6,72053,,
6644,1,1,1,1,72054,,
6645,1,1,2,10,72054,,
6646,1,1,1,2,72055,,
6647,1,1,2,7,72055,,
6648,2,1,2,1,72055,,
6649,1,1,2,44,72056,,
6650,1,1,1,1,72060,,
6651,1,1,2,6,72060,,
6652,1,1,1,1,72061,,
6653,1,1,2,10,72061,,
6654,1,1,1,2,72062,,
6655,1,1,2,7,72062,,
6656,2,1,2,1,72062,,
6657,1,1,2,44,72063,,
6658,1,1,1,1,72067,,
6659,1,1,2,6,72067,,
6660,1,1,1,1,72068,,
6661,1,1,2,10,72068,,
6662,1,1,1,2,72069,,
6663,1,1,2,7,72069,,
6664,2,1,2,1,72069,,
6665,1,1,2,44,72070,,
6666,1,1,1,1,72074,,
6667,1,1,2,6,72074,,
6668,1,1,1,1,72075,,
6669,1,1,2,10,72075,,
6670,1,1,1,2,72076,,
6671,1,1,2,7,72076,,
6672,2,1,2,1,72076,,
6673,1,1,2,44,72077,,
6674,1,1,1,1,72081,,
6675,1,1,2,6,72081,,
6676,1,1,1,1,72082,,
6677,1,1,2,10,72082,,
6678,1,1,1,2,72083,,
6679,1,1,2,7,72083,,
6680,2,1,2,1,72083,,
6681,1,1,2,61,72084,,
6682,1,1,1,1,72088,,
6683,1,1,2,9,72088,,
6684,1,1,1,1,72089,,
6685,1,1,2,11,72089,,
6686,1,1,1,2,72090,,
6687,1,1,2,8,72090,,
6688,2,1,2,1,72090,,
6689,1,1,2,61,72091,,
6690,1,1,1,1,72095,,
6691,1,1,2,9,72095,,
6692,1,1,1,1,72096,,
6693,1,1,2,11,72096,,
6694,1,1,1,2,72097,,
6695,1,1,2,8,72097,,
6696,2,1,2,1,72097,,
6697,1,1,2,61,72098,,
6698,1,1,1,1,72102,,
6699,1,1,2,9,72102,,
6700,1,1,1,1,72103,,
6701,1,1,2,11,72103,,
6702,1,1,1,2,72104,,
6703,1,1,2,8,72104,,
6704,2,1,2,1,72104,,
6705,1,1,2,61,72105,,
6706,1,1,1,1,72109,,
6707,1,1,2,9,72109,,
6708,1,1,1,1,72110,,
6709,1,1,2,11,72110,,
6710,1,1,1,2,72111,,
6711,1,1,2,8,72111,,
6712,2,1,2,1,72111,,
6713,1,1,2,61,72112,,
6714,1,1,1,1,72116,,
6715,1,1,2,9,72116,,
6716,1,1,1,1,72117,,
6717,1,1,2,11,72117,,
6718,1,1,1,2,72118,,
6719,1,1,2,8,72118,,
6720,2,1,2,1,72118,,
6721,1,1,2,61,72119,,
6722,1,1,1,1,72123,,
6723,1,1,2,9,72123,,
6724,1,1,1,1,72124,,
6725,1,1,2,11,72124,,
6726,1,1,1,2,72125,,
6727,1,1,2,8,72125,,
6728,2,1,2,1,72125,,
6729,1,1,2,61,72126,,
6730,1,1,1,1,72130,,
6731,1,1,2,9,72130,,
6732,1,1,1,1,72131,,
6733,1,1,2,11,72131,,
6734,1,1,1,2,72132,,
6735,1,1,2,8,72132,,
6736,2,1,2,1,72132,,
6737,1,1,2,61,72133,,
6738,1,1,1,1,72137,,
6739,1,1,2,9,72137,,
6740,1,1,1,1,72138,,
6741,1,1,2,11,72138,,
6742,1,1,1,2,72139,,
6743,1,1,2,8,72139,,
6744,2,1,2,1,72139,,
6745,1,1,2,61,72140,,
6746,1,1,1,1,72144,,
6747,1,1,2,9,72144,,
6748,1,1,1,1,72145,,
6749,1,1,2,11,72145,,
6750,1,1,1,2,72146,,
6751,1,1,2,8,72146,,
6752,2,1,2,1,72146,,
6753,1,1,2,61,72147,,
6754,1,1,1,1,72151,,
6755,1,1,2,9,72151,,
6756,1,1,1,1,72152,,
6757,1,1,2,11,72152,,
6758,1,1,1,2,72153,,
6759,1,1,2,8,72153,,
6760,2,1,2,1,72153,,
6761,1,1,2,61,72154,,
6762,1,1,1,1,72158,,
6763,1,1,2,9,72158,,
6764,1,1,1,1,72159,,
6765,1,1,2,11,72159,,
6766,1,1,1,2,72160,,
6767,1,1,2,8,72160,,
6768,2,1,2,1,72160,,
6769,1,1,2,61,72161,,
6770,1,1,1,1,72165,,
6771,1,1,2,9,72165,,
6772,1,1,1,1,72166,,
6773,1,1,2,11,72166,,
6774,1,1,1,2,72167,,
6775,1,1,2,8,72167,,
6776,2,1,2,1,72167,,
6777,1,1,2,61,72168,,
6778,1,1,1,1,72172,,
6779,1,1,2,9,72172,,
6780,1,1,1,1,72173,,
6781,1,1,2,10,72173,,
6782,1,1,1,2,72174,,
6783,1,1,2,8,72174,,
6784,2,1,2,1,72174,,
6785,1,1,2,61,72175,,
6786,1,1,1,1,72179,,
6787,1,1,2,9,72179,,
6788,1,1,1,1,72180,,
6789,1,1,2,10,72180,,
6790,1,1,1,2,72181,,
6791,1,1,2,8,72181,,
6792,2,1,2,1,72181,,
6793,1,1,2,61,72182,,
6794,1,1,1,1,72186,,
6795,1,1,2,9,72186,,
6796,1,1,1,1,72187,,
6797,1,1,2,10,72187,,
6798,1,1,1,2,72188,,
6799,1,1,2,8,72188,,
6800,2,1,2,1,72188,,
6801,1,1,2,61,72189,,
6802,1,1,1,1,72193,,
6803,1,1,2,9,72193,,
6804,1,1,1,1,72194,,
6805,1,1,2,10,72194,,
6806,1,1,1,2,72195,,
6807,1,1,2,8,72195,,
6808,2,1,2,1,72195,,
6809,1,1,2,61,72196,,
6810,1,1,1,1,72200,,
6811,1,1,2,9,72200,,
6812,1,1,1,1,72201,,
6813,1,1,2,10,72201,,
6814,1,1,1,2,72202,,
6815,1,1,2,8,72202,,
6816,2,1,2,1,72202,,
6817,1,1,2,61,72203,,
6818,1,1,1,1,72207,,
6819,1,1,2,9,72207,,
6820,1,1,1,1,72208,,
6821,1,1,2,10,72208,,
6822,1,1,1,2,72209,,
6823,1,1,2,8,72209,,
6824,2,1,2,1,72209,,
6825,1,1,2,61,72210,,
6826,1,1,1,1,72214,,
6827,1,1,2,9,72214,,
6828,1,1,1,1,72215,,
6829,1,1,2,10,72215,,
6830,1,1,1,2,72216,,
6831,1,1,2,8,72216,,
6832,2,1,2,1,72216,,
6833,1,1,2,61,72217,,
6834,1,1,1,1,72221,,
6835,1,1,2,9,72221,,
6836,1,1,1,1,72222,,
6837,1,1,2,10,72222,,
6838,1,1,1,2,72223,,
6839,1,1,2,8,72223,,
6840,2,1,2,1,72223,,
6841,1,1,2,61,72224,,
6842,1,1,1,1,72228,,
6843,1,1,2,9,72228,,
6844,1,1,1,1,72229,,
6845,1,1,2,10,72229,,
6846,1,1,1,2,72230,,
6847,1,1,2,8,72230,,
6848,2,1,2,1,72230,,
6849,1,1,2,61,72231,,
6850,1,1,1,1,72235,,
6851,1,1,2,9,72235,,
6852,1,1,1,1,72236,,
6853,1,1,2,10,72236,,
6854,1,1,1,2,72237,,
6855,1,1,2,8,72237,,
6856,2,1,2,1,72237,,
6857,1,1,2,61,72238,,
6858,1,1,1,1,72242,,
6859,1,1,2,9,72242,,
6860,1,1,1,1,72243,,
6861,1,1,2,10,72243,,
6862,1,1,1,2,72244,,
6863,1,1,2,8,72244,,
6864,2,1,2,1,72244,,
6865,1,1,2,61,72245,,
6866,1,1,1,1,72249,,
6867,1,1,2,9,72249,,
6868,1,1,1,1,72250,,
6869,1,1,2,10,72250,,
6870,1,1,1,2,72251,,
6871,1,1,2,8,72251,,
6872,2,1,2,1,72251,,
6873,1,1,1,4,72252,,
6874,1,1,2,133,72252,,
6875,1,1,1,1,72256,,
6876,1,1,2,12,72256,,
6877,1,1,1,1,72257,,
6878,1,1,2,10,72257,,
6879,1,1,1,2,72258,,
6880,1,1,2,8,72258,,
6881,2,1,2,1,72258,,
6882,1,1,1,4,72259,,
6883,1,1,2,133,72259,,
6884,1,1,1,1,72263,,
6885,1,1,2,12,72263,,
6886,1,1,1,1,72264,,
6887,1,1,2,10,72264,,
6888,1,1,1,2,72265,,
6889,1,1,2,8,72265,,
6890,2,1,2,1,72265,,
6891,1,1,1,4,72266,,
6892,1,1,2,133,72266,,
6893,1,1,1,1,72270,,
6894,1,1,2,12,72270,,
6895,1,1,1,1,72271,,
6896,1,1,2,10,72271,,
6897,1,1,1,2,72272,,
6898,1,1,2,8,72272,,
6899,2,1,2,1,72272,,
6900,1,1,1,4,72273,,
6901,1,1,2,133,72273,,
6902,1,1,1,1,72277,,
6903,1,1,2,12,72277,,
6904,1,1,1,1,72278,,
6905,1,1,2,10,72278,,
6906,1,1,1,2,72279,,
6907,1,1,2,8,72279,,
6908,2,1,2,1,72279,,
6909,1,1,1,4,72280,,
6910,1,1,2,133,72280,,
6911,1,1,1,1,72284,,
6912,1,1,2,12,72284,,
6913,1,1,1,1,72285,,
6914,1,1,2,10,72285,,
6915,1,1,1,2,72286,,
6916,1,1,2,8,72286,,
6917,2,1,2,1,72286,,
6918,1,1,1,4,72287,,
6919,1,1,2,133,72287,,
6920,1,1,1,1,72291,,
6921,1,1,2,12,72291,,
6922,1,1,1,1,72292,,
6923,1,1,2,10,72292,,
6924,1,1,1,2,72293,,
6925,1,1,2,8,72293,,
6926,2,1,2,1,72293,,
6927,1,1,1,4,72294,,
6928,1,1,2,133,72294,,
6929,1,1,1,1,72298,,
6930,1,1,2,12,72298,,
6931,1,1,1,1,72299,,
6932,1,1,2,10,72299,,
6933,1,1,1,2,72300,,
6934,1,1,2,8,72300,,
6935,2,1,2,1,72300,,
6936,1,1,1,4,72301,,
6937,1,1,2,133,72301,,
6938,1,1,1,1,72305,,
6939,1,1,2,12,72305,,
6940,1,1,1,1,72306,,
6941,1,1,2,10,72306,,
6942,1,1,1,2,72307,,
6943,1,1,2,8,72307,,
6944,2,1,2,1,72307,,
6945,1,1,1,4,72308,,
6946,1,1,2,133,72308,,
6947,1,1,1,1,72312,,
6948,1,1,2,12,72312,,
6949,1,1,1,1,72313,,
6950,1,1,2,10,72313,,
6951,1,1,1,2,72314,,
6952,1,1,2,8,72314,,
6953,2,1,2,1,72314,,
6954,1,1,1,4,72315,,
6955,1,1,2,133,72315,,
6956,1,1,1,1,72319,,
6957,1,1,2,12,72319,,
6958,1,1,1,1,72320,,
6959,1,1,2,10,72320,,
6960,1,1,1,2,72321,,
6961,1,1,2,8,72321,,
6962,2,1,2,1,72321,,
6963,1,1,1,4,72322,,
6964,1,1,2,133,72322,,
6965,1,1,1,1,72326,,
6966,1,1,2,12,72326,,
6967,1,1,1,1,72327,,
6968,1,1,2,10,72327,,
6969,1,1,1,2,72328,,
6970,1,1,2,8,72328,,
6971,2,1,2,1,72328,,
6972,1,1,1,4,72329,,
6973,1,1,2,133,72329,,
6974,1,1,1,1,72333,,
6975,1,1,2,12,72333,,
6976,1,1,1,1,72334,,
6977,1,1,2,10,72334,,
6978,1,1,1,2,72335,,
6979,1,1,2,8,72335,,
6980,2,1,2,1,72335,,
6981,1,1,1,4,72336,,
6982,1,1,2,131,72336,,
6983,1,1,1,1,72340,,
6984,1,1,2,12,72340,,
6985,1,1,1,1,72341,,
6986,1,1,2,12,72341,,
6987,1,1,1,2,72342,,
6988,1,1,2,8,72342,,
6989,2,1,2,1,72342,,
6990,1,1,1,4,72343,,
6991,1,1,2,131,72343,,
6992,1,1,1,1,72347,,
6993,1,1,2,12,72347,,
6994,1,1,1,1,72348,,
6995,1,1,2,12,72348,,
6996,1,1,1,2,72349,,
6997,1,1,2,8,72349,,
6998,2,1,2,1,72349,,
6999,1,1,1,4,72350,,
7000,1,1,2,131,72350,,
7001,1,1,1,1,72354,,
7002,1,1,2,12,72354,,
7003,1,1,1,1,72355,,
7004,1,1,2,12,72355,,
7005,1,1,1,2,72356,,
7006,1,1,2,8,72356,,
7007,2,1,2,1,72356,,
7008,1,1,1,4,72357,,
7009,1,1,2,131,72357,,
7010,1,1,1,1,72361,,
7011,1,1,2,12,72361,,
7012,1,1,1,1,72362,,
7013,1,1,2,12,72362,,
7014,1,1,1,2,72363,,
7015,1,1,2,8,72363,,
7016,2,1,2,1,72363,,
7017,1,1,1,4,72364,,
7018,1,1,2,131,72364,,
7019,1,1,1,1,72368,,
7020,1,1,2,12,72368,,
7021,1,1,1,1,72369,,
7022,1,1,2,12,72369,,
7023,1,1,1,2,72370,,
7024,1,1,2,8,72370,,
7025,2,1,2,1,72370,,
7026,1,1,1,4,72371,,
7027,1,1,2,131,72371,,
7028,1,1,1,1,72375,,
7029,1,1,2,12,72375,,
7030,1,1,1,1,72376,,
7031,1,1,2,12,72376,,
7032,1,1,1,2,72377,,
7033,1,1,2,8,72377,,
7034,2,1,2,1,72377,,
7035,1,1,1,4,72378,,
7036,1,1,2,131,72378,,
7037,1,1,1,1,72382,,
7038,1,1,2,12,72382,,
7039,1,1,1,1,72383,,
7040,1,1,2,12,72383,,
7041,1,1,1,2,72384,,
7042,1,1,2,8,72384,,
7043,2,1,2,1,72384,,
7044,1,1,1,4,72385,,
7045,1,1,2,131,72385,,
7046,1,1,1,1,72389,,
7047,1,1,2,12,72389,,
7048,1,1,1,1,72390,,
7049,1,1,2,12,72390,,
7050,1,1,1,2,72391,,
7051,1,1,2,8,72391,,
7052,2,1,2,1,72391,,
7053,1,1,1,4,72392,,
7054,1,1,2,131,72392,,
7055,1,1,1,1,72396,,
7056,1,1,2,12,72396,,
7057,1,1,1,1,72397,,
7058,1,1,2,12,72397,,
7059,1,1,1,2,72398,,
7060,1,1,2,8,72398,,
7061,2,1,2,1,72398,,
7062,1,1,1,4,72399,,
7063,1,1,2,131,72399,,
7064,1,1,1,1,72403,,
7065,1,1,2,12,72403,,
7066,1,1,1,1,72404,,
7067,1,1,2,12,72404,,
7068,1,1,1,2,72405,,
7069,1,1,2,8,72405,,
7070,2,1,2,1,72405,,
7071,1,1,1,4,72406,,
7072,1,1,2,131,72406,,
7073,1,1,1,1,72410,,
7074,1,1,2,12,72410,,
7075,1,1,1,1,72411,,
7076,1,1,2,12,72411,,
7077,1,1,1,2,72412,,
7078,1,1,2,8,72412,,
7079,2,1,2,1,72412,,
7080,1,1,1,4,72413,,
7081,1,1,2,131,72413,,
7082,1,1,1,1,72417,,
7083,1,1,2,12,72417,,
7084,1,1,1,1,72418,,
7085,1,1,2,12,72418,,
7086,1,1,1,2,72419,,
7087,1,1,2,8,72419,,
7088,2,1,2,1,72419,,
7089,1,1,1,5,72420,,
7090,1,1,2,129,72420,,
7091,1,1,1,2,72424,,
7092,1,1,2,12,72424,,
7093,1,1,1,1,72425,,
7094,1,1,2,11,72425,,
7095,1,1,1,2,72426,,
7096,1,1,2,12,72426,,
7097,2,1,2,1,72426,,
7098,1,1,1,5,72427,,
7099,1,1,2,129,72427,,
7100,1,1,1,2,72431,,
7101,1,1,2,12,72431,,
7102,1,1,1,1,72432,,
7103,1,1,2,11,72432,,
7104,1,1,1,2,72433,,
7105,1,1,2,12,72433,,
7106,2,1,2,1,72433,,
7107,1,1,1,5,72434,,
7108,1,1,2,129,72434,,
7109,1,1,1,2,72438,,
7110,1,1,2,12,72438,,
7111,1,1,1,1,72439,,
7112,1,1,2,11,72439,,
7113,1,1,1,2,72440,,
7114,1,1,2,12,72440,,
7115,2,1,2,1,72440,,
7116,1,1,1,5,72441,,
7117,1,1,2,129,72441,,
7118,1,1,1,2,72445,,
7119,1,1,2,12,72445,,
7120,1,1,1,1,72446,,
7121,1,1,2,11,72446,,
7122,1,1,1,2,72447,,
7123,1,1,2,12,72447,,
7124,2,1,2,1,72447,,
7125,1,1,1,5,72448,,
7126,1,1,2,129,72448,,
7127,1,1,1,2,72452,,
7128,1,1,2,12,72452,,
7129,1,1,1,1,72453,,
7130,1,1,2,11,72453,,
7131,1,1,1,2,72454,,
7132,1,1,2,12,72454,,
7133,2,1,2,1,72454,,
7134,1,1,1,5,72455,,
7135,1,1,2,129,72455,,
7136,1,1,1,2,72459,,
7137,1,1,2,12,72459,,
7138,1,1,1,1,72460,,
7139,1,1,2,11,72460,,
7140,1,1,1,2,72461,,
7141,1,1,2,12,72461,,
7142,2,1,2,1,72461,,
7143,1,1,1,5,72462,,
7144,1,1,2,129,72462,,
7145,1,1,1,2,72466,,
7146,1,1,2,12,72466,,
7147,1,1,1,1,72467,,
7148,1,1,2,11,72467,,
7149,1,1,1,2,72468,,
7150,1,1,2,12,72468,,
7151,2,1,2,1,72468,,
7152,1,1,1,5,72469,,
7153,1,1,2,129,72469,,
7154,1,1,1,2,72473,,
7155,1,1,2,12,72473,,
7156,1,1,1,1,72474,,
7157,1,1,2,11,72474,,
7158,1,1,1,2,72475,,
7159,1,1,2,12,72475,,
7160,2,1,2,1,72475,,
7161,1,1,1,5,72476,,
7162,1,1,2,129,72476,,
7163,1,1,1,2,72480,,
7164,1,1,2,12,72480,,
7165,1,1,1,1,72481,,
7166,1,1,2,11,72481,,
7167,1,1,1,2,72482,,
7168,1,1,2,12,72482,,
7169,2,1,2,1,72482,,
7170,1,1,1,5,72483,,
7171,1,1,2,129,72483,,
7172,1,1,1,2,72487,,
7173,1,1,2,12,72487,,
7174,1,1,1,1,72488,,
7175,1,1,2,11,72488,,
7176,1,1,1,2,72489,,
7177,1,1,2,12,72489,,
7178,2,1,2,1,72489,,
7179,1,1,1,5,72490,,
7180,1,1,2,129,72490,,
7181,1,1,1,2,72494,,
7182,1,1,2,12,72494,,
7183,1,1,1,1,72495,,
7184,1,1,2,11,72495,,
7185,1,1,1,2,72496,,
7186,1,1,2,12,72496,,
7187,2,1,2,1,72496,,
7188,1,1,1,5,72497,,
7189,1,1,2,129,72497,,
7190,1,1,1,2,72501,,
7191,1,1,2,12,72501,,
7192,1,1,1,1,72502,,
7193,1,1,2,11,72502,,
7194,1,1,1,2,72503,,
7195,1,1,2,12,72503,,
7196,2,1,2,1,72503,,
7197,1,1,1,5,72504,,
7198,1,1,2,129,72504,,
7199,1,1,1,2,72508,,
7200,1,1,2,12,72508,,
7201,1,1,1,1,72509,,
7202,1,1,2,9,72509,,
7203,1,1,1,2,72510,,
7204,1,1,2,12,72510,,
7205,2,1,2,1,72510,,
7206,1,1,1,5,72511,,
7207,1,1,2,129,72511,,
7208,1,1,1,2,72515,,
7209,1,1,2,12,72515,,
7210,1,1,1,1,72516,,
7211,1,1,2,9,72516,,
7212,1,1,1,2,72517,,
7213,1,1,2,12,72517,,
7214,2,1,2,1,72517,,
7215,1,1,1,5,72518,,
7216,1,1,2,129,72518,,
7217,1,1,1,2,72522,,
7218,1,1,2,12,72522,,
7219,1,1,1,1,72523,,
7220,1,1,2,9,72523,,
7221,1,1,1,2,72524,,
7222,1,1,2,12,72524,,
7223,2,1,2,1,72524,,
7224,1,1,1,5,72525,,
7225,1,1,2,129,72525,,
7226,1,1,1,2,72529,,
7227,1,1,2,12,72529,,
7228,1,1,1,1,72530,,
7229,1,1,2,9,72530,,
7230,1,1,1,2,72531,,
7231,1,1,2,12,72531,,
7232,2,1,2,1,72531,,
7233,1,1,1,5,72532,,
7234,1,1,2,129,72532,,
7235,1,1,1,2,72536,,
7236,1,1,2,12,72536,,
7237,1,1,1,1,72537,,
7238,1,1,2,9,72537,,
7239,1,1,1,2,72538,,
7240,1,1,2,12,72538,,
7241,2,1,2,1,72538,,
7242,1,1,1,5,72539,,
7243,1,1,2,129,72539,,
7244,1,1,1,2,72543,,
7245,1,1,2,12,72543,,
7246,1,1,1,1,72544,,
7247,1,1,2,9,72544,,
7248,1,1,1,2,72545,,
7249,1,1,2,12,72545,,
7250,2,1,2,1,72545,,
7251,1,1,1,5,72546,,
7252,1,1,2,129,72546,,
7253,1,1,1,2,72550,,
7254,1,1,2,12,72550,,
7255,1,1,1,1,72551,,
7256,1,1,2,9,72551,,
7257,1,1,1,2,72552,,
7258,1,1,2,12,72552,,
7259,2,1,2,1,72552,,
7260,1,1,1,5,72553,,
7261,1,1,2,129,72553,,
7262,1,1,1,2,72557,,
7263,1,1,2,12,72557,,
7264,1,1,1,1,72558,,
7265,1,1,2,9,72558,,
7266,1,1,1,2,72559,,
7267,1,1,2,12,72559,,
7268,2,1,2,1,72559,,
7269,1,1,1,5,72560,,
7270,1,1,2,129,72560,,
7271,1,1,1,2,72564,,
7272,1,1,2,12,72564,,
7273,1,1,1,1,72565,,
7274,1,1,2,9,72565,,
7275,1,1,1,2,72566,,
7276,1,1,2,12,72566,,
7277,2,1,2,1,72566,,
7278,1,1,1,5,72567,,
7279,1,1,2,129,72567,,
7280,1,1,1,2,72571,,
7281,1,1,2,12,72571,,
7282,1,1,1,1,72572,,
7283,1,1,2,9,72572,,
7284,1,1,1,2,72573,,
7285,1,1,2,12,72573,,
7286,2,1,2,1,72573,,
7287,1,1,1,5,72574,,
7288,1,1,2,129,72574,,
7289,1,1,1,2,72578,,
7290,1,1,2,12,72578,,
7291,1,1,1,1,72579,,
7292,1,1,2,9,72579,,
7293,1,1,1,2,72580,,
7294,1,1,2,12,72580,,
7295,2,1,2,1,72580,,
7296,1,1,1,5,72581,,
7297,1,1,2,129,72581,,
7298,1,1,1,2,72585,,
7299,1,1,2,12,72585,,
7300,1,1,1,1,72586,,
7301,1,1,2,9,72586,,
7302,1,1,1,2,72587,,
7303,1,1,2,12,72587,,
7304,2,1,2,1,72587,,
7305,1,1,1,4,72588,,
7306,1,1,2,128,72588,,
7307,1,1,1,2,72592,,
7308,1,1,2,13,72592,,
7309,1,1,1,1,72593,,
7310,1,1,2,9,72593,,
7311,1,1,1,2,72594,,
7312,1,1,2,12,72594,,
7313,2,1,2,1,72594,,
7314,1,1,1,4,72595,,
7315,1,1,2,128,72595,,
7316,1,1,1,2,72599,,
7317,1,1,2,13,72599,,
7318,1,1,1,1,72600,,
7319,1,1,2,9,72600,,
7320,1,1,1,2,72601,,
7321,1,1,2,12,72601,,
7322,2,1,2,1,72601,,
7323,1,1,1,4,72602,,
7324,1,1,2,128,72602,,
7325,1,1,1,2,72606,,
7326,1,1,2,13,72606,,
7327,1,1,1,1,72607,,
7328,1,1,2,9,72607,,
7329,1,1,1,2,72608,,
7330,1,1,2,12,72608,,
7331,2,1,2,1,72608,,
7332,1,1,1,4,72609,,
7333,1,1,2,128,72609,,
7334,1,1,1,2,72613,,
7335,1,1,2,13,72613,,
7336,1,1,1,1,72614,,
7337,1,1,2,9,72614,,
7338,1,1,1,2,72615,,
7339,1,1,2,12,72615,,
7340,2,1,2,1,72615,,
7341,1,1,1,4,72616,,
7342,1,1,2,128,72616,,
7343,1,1,1,2,72620,,
7344,1,1,2,13,72620,,
7345,1,1,1,1,72621,,
7346,1,1,2,9,72621,,
7347,1,1,1,2,72622,,
7348,1,1,2,12,72622,,
7349,2,1,2,1,72622,,
7350,1,1,1,4,72623,,
7351,1,1,2,128,72623,,
7352,1,1,1,2,72627,,
7353,1,1,2,13,72627,,
7354,1,1,1,1,72628,,
7355,1,1,2,9,72628,,
7356,1,1,1,2,72629,,
7357,1,1,2,12,72629,,
7358,2,1,2,1,72629,,
7359,1,1,1,4,72630,,
7360,1,1,2,128,72630,,
7361,1,1,1,2,72634,,
7362,1,1,2,13,72634,,
7363,1,1,1,1,72635,,
7364,1,1,2,9,72635,,
7365,1,1,1,2,72636,,
7366,1,1,2,12,72636,,
7367,2,1,2,1,72636,,
7368,1,1,1,4,72637,,
7369,1,1,2,128,72637,,
7370,1,1,1,2,72641,,
7371,1,1,2,13,72641,,
7372,1,1,1,1,72642,,
7373,1,1,2,9,72642,,
7374,1,1,1,2,72643,,
7375,1,1,2,12,72643,,
7376,2,1,2,1,72643,,
7377,1,1,1,4,72644,,
7378,1,1,2,128,72644,,
7379,1,1,1,2,72648,,
7380,1,1,2,13,72648,,
7381,1,1,1,1,72649,,
7382,1,1,2,9,72649,,
7383,1,1,1,2,72650,,
7384,1,1,2,12,72650,,
7385,2,1,2,1,72650,,
7386,1,1,1,4,72651,,
7387,1,1,2,128,72651,,
7388,1,1,1,2,72655,,
7389,1,1,2,13,72655,,
7390,1,1,1,1,72656,,
7391,1,1,2,9,72656,,
7392,1,1,1,2,72657,,
7393,1,1,2,12,72657,,
7394,2,1,2,1,72657,,
7395,1,1,1,4,72658,,
7396,1,1,2,128,72658,,
7397,1,1,1,2,72662,,
7398,1,1,2,13,72662,,
7399,1,1,1,1,72663,,
7400,1,1,2,9,72663,,
7401,1,1,1,2,72664,,
7402,1,1,2,12,72664,,
7403,2,1,2,1,72664,,
7404,1,1,1,4,72665,,
7405,1,1,2,128,72665,,
7406,1,1,1,2,72669,,
7407,1,1,2,13,72669,,
7408,1,1,1,1,72670,,
7409,1,1,2,9,72670,,
7410,1,1,1,2,72671,,
7411,1,1,2,12,72671,,
7412,2,1,2,1,72671,,
7413,1,1,1,4,72672,,
7414,1,1,2,128,72672,,
7415,1,1,1,2,72676,,
7416,1,1,2,13,72676,,
7417,1,1,1,1,72677,,
7418,1,1,2,8,72677,,
7419,1,1,1,2,72678,,
7420,1,1,2,12,72678,,
7421,2,1,2,1,72678,,
7422,1,1,1,4,72679,,
7423,1,1,2,128,72679,,
7424,1,1,1,2,72683,,
7425,1,1,2,13,72683,,
7426,1,1,1,1,72684,,
7427,1,1,2,8,72684,,
7428,1,1,1,2,72685,,
7429,1,1,2,12,72685,,
7430,2,1,2,1,72685,,
7431,1,1,1,4,72686,,
7432,1,1,2,128,72686,,
7433,1,1,1,2,72690,,
7434,1,1,2,13,72690,,
7435,1,1,1,1,72691,,
7436,1,1,2,8,72691,,
7437,1,1,1,2,72692,,
7438,1,1,2,12,72692,,
7439,2,1,2,1,72692,,
7440,1,1,1,4,72693,,
7441,1,1,2,128,72693,,
7442,1,1,1,2,72697,,
7443,1,1,2,13,72697,,
7444,1,1,1,1,72698,,
7445,1,1,2,8,72698,,
7446,1,1,1,2,72699,,
7447,1,1,2,12,72699,,
7448,2,1,2,1,72699,,
7449,1,1,1,4,72700,,
7450,1,1,2,128,72700,,
7451,1,1,1,2,72704,,
7452,1,1,2,13,72704,,
7453,1,1,1,1,72705,,
7454,1,1,2,8,72705,,
7455,1,1,1,2,72706,,
7456,1,1,2,12,72706,,
7457,2,1,2,1,72706,,
7458,1,1,1,4,72707,,
7459,1,1,2,128,72707,,
7460,1,1,1,2,72711,,
7461,1,1,2,13,72711,,
7462,1,1,1,1,72712,,
7463,1,1,2,8,72712,,
7464,1,1,1,2,72713,,
7465,1,1,2,12,72713,,
7466,2,1,2,1,72713,,
7467,1,1,1,4,72714,,
7468,1,1,2,128,72714,,
7469,1,1,1,2,72718,,
7470,1,1,2,13,72718,,
7471,1,1,1,1,72719,,
7472,1,1,2,8,72719,,
7473,1,1,1,2,72720,,
7474,1,1,2,12,72720,,
7475,2,1,2,1,72720,,
7476,1,1,1,4,72721,,
7477,1,1,2,128,72721,,
7478,1,1,1,2,72725,,
7479,1,1,2,13,72725,,
7480,1,1,1,1,72726,,
7481,1,1,2,8,72726,,
7482,1,1,1,2,72727,,
7483,1,1,2,12,72727,,
7484,2,1,2,1,72727,,
7485,1,1,1,4,72728,,
7486,1,1,2,128,72728,,
7487,1,1,1,2,72732,,
7488,1,1,2,13,72732,,
7489,1,1,1,1,72733,,
7490,1,1,2,8,72733,,
7491,1,1,1,2,72734,,
7492,1,1,2,12,72734,,
7493,2,1,2,1,72734,,
7494,1,1,1,4,72735,,
7495,1,1,2,128,72735,,
7496,1,1,1,2,72739,,
7497,1,1,2,13,72739,,
7498,1,1,1,1,72740,,
7499,1,1,2,8,72740,,
7500,1,1,1,2,72741,,
7501,1,1,2,12,72741,,
7502,2,1,2,1,72741,,
7503,1,1,1,4,72742,,
7504,1,1,2,128,72742,,
7505,1,1,1,2,72746,,
7506,1,1,2,13,72746,,
7507,1,1,1,1,72747,,
7508,1,1,2,8,72747,,
7509,1,1,1,2,72748,,
7510,1,1,2,12,72748,,
7511,2,1,2,1,72748,,
7512,1,1,1,4,72749,,
7513,1,1,2,128,72749,,
7514,1,1,1,2,72753,,
7515,1,1,2,13,72753,,
7516,1,1,1,1,72754,,
7517,1,1,2,8,72754,,
7518,1,1,1,2,72755,,
7519,1,1,2,12,72755,,
7520,2,1,2,1,72755,,
7521,1,1,1,4,72756,,
7522,1,1,2,128,72756,,
7523,2,1,2,1,72756,,
7524,1,1,1,1,72760,,
7525,1,1,2,15,72760,,
7526,1,1,1,2,72761,,
7527,1,1,2,7,72761,,
7528,1,1,1,5,72762,,
7529,1,1,2,9,72762,,
7530,2,1,1,1,72762,,
7531,2,1,2,1,72762,,
7532,1,1,1,4,72763,,
7533,1,1,2,128,72763,,
7534,2,1,2,1,72763,,
7535,1,1,1,1,72767,,
7536,1,1,2,15,72767,,
7537,1,1,1,2,72768,,
7538,1,1,2,7,72768,,
7539,1,1,1,5,72769,,
7540,1,1,2,9,72769,,
7541,2,1,1,1,72769,,
7542,2,1,2,1,72769,,
7543,1,1,1,4,72770,,
7544,1,1,2,128,72770,,
7545,2,1,2,1,72770,,
7546,1,1,1,1,72774,,
7547,1,1,2,15,72774,,
7548,1,1,1,2,72775,,
7549,1,1,2,7,72775,,
7550,1,1,1,5,72776,,
7551,1,1,2,9,72776,,
7552,2,1,1,1,72776,,
7553,2,1,2,1,72776,,
7554,1,1,1,4,72777,,
7555,1,1,2,128,72777,,
7556,2,1,2,1,72777,,
7557,1,1,1,1,72781,,
7558,1,1,2,15,72781,,
7559,1,1,1,2,72782,,
7560,1,1,2,7,72782,,
7561,1,1,1,5,72783,,
7562,1,1,2,9,72783,,
7563,2,1,1,1,72783,,
7564,2,1,2,1,72783,,
7565,1,1,1,4,72784,,
7566,1,1,2,128,72784,,
7567,2,1,2,1,72784,,
7568,1,1,1,1,72788,,
7569,1,1,2,15,72788,,
7570,1,1,1,2,72789,,
7571,1,1,2,7,72789,,
7572,1,1,1,5,72790,,
7573,1,1,2,9,72790,,
7574,2,1,1,1,72790,,
7575,2,1,2,1,72790,,
7576,1,1,1,4,72791,,
7577,1,1,2,128,72791,,
7578,2,1,2,1,72791,,
7579,1,1,1,1,72795,,
7580,1,1,2,15,72795,,
7581,1,1,1,2,72796,,
7582,1,1,2,7,72796,,
7583,1,1,1,5,72797,,
7584,1,1,2,9,72797,,
7585,2,1,1,1,72797,,
7586,2,1,2,1,72797,,
7587,1,1,1,4,72798,,
7588,1,1,2,128,72798,,
7589,2,1,2,1,72798,,
7590,1,1,1,1,72802,,
7591,1,1,2,15,72802,,
7592,1,1,1,2,72803,,
7593,1,1,2,7,72803,,
7594,1,1,1,5,72804,,
7595,1,1,2,9,72804,,
7596,2,1,1,1,72804,,
7597,2,1,2,1,72804,,
7598,1,1,1,4,72805,,
7599,1,1,2,128,72805,,
7600,2,1,2,1,72805,,
7601,1,1,1,1,72809,,
7602,1,1,2,15,72809,,
7603,1,1,1,2,72810,,
7604,1,1,2,7,72810,,
7605,1,1,1,5,72811,,
7606,1,1,2,9,72811,,
7607,2,1,1,1,72811,,
7608,2,1,2,1,72811,,
7609,1,1,1,4,72812,,
7610,1,1,2,128,72812,,
7611,2,1,2,1,72812,,
7612,1,1,1,1,72816,,
7613,1,1,2,15,72816,,
7614,1,1,1,2,72817,,
7615,1,1,2,7,72817,,
7616,1,1,1,5,72818,,
7617,1,1,2,9,72818,,
7618,2,1,1,1,72818,,
7619,2,1,2,1,72818,,
7620,1,1,1,4,72819,,
7621,1,1,2,128,72819,,
7622,2,1,2,1,72819,,
7623,1,1,1,1,72823,,
7624,1,1,2,15,72823,,
7625,1,1,1,2,72824,,
7626,1,1,2,7,72824,,
7627,1,1,1,5,72825,,
7628,1,1,2,9,72825,,
7629,2,1,1,1,72825,,
7630,2,1,2,1,72825,,
7631,1,1,1,4,72826,,
7632,1,1,2,128,72826,,
7633,2,1,2,1,72826,,
7634,1,1,1,1,72830,,
7635,1,1,2,15,72830,,
7636,1,1,1,2,72831,,
7637,1,1,2,7,72831,,
7638,1,1,1,5,72832,,
7639,1,1,2,9,72832,,
7640,2,1,1,1,72832,,
7641,2,1,2,1,72832,,
7642,1,1,1,4,72833,,
7643,1,1,2,128,72833,,
7644,2,1,2,1,72833,,
7645,1,1,1,1,72837,,
7646,1,1,2,15,72837,,
7647,1,1,1,2,72838,,
7648,1,1,2,7,72838,,
7649,1,1,1,5,72839,,
7650,1,1,2,9,72839,,
7651,2,1,1,1,72839,,
7652,2,1,2,1,72839,,
7653,1,1,1,4,72840,,
7654,1,1,2,128,72840,,
7655,2,1,2,1,72840,,
7656,1,1,1,1,72844,,
7657,1,1,2,15,72844,,
7658,1,1,1,2,72845,,
7659,1,1,2,4,72845,,
7660,1,1,1,5,72846,,
7661,1,1,2,9,72846,,
7662,2,1,1,1,72846,,
7663,2,1,2,1,72846,,
7664,1,1,1,4,72847,,
7665,1,1,2,128,72847,,
7666,2,1,2,1,72847,,
7667,1,1,1,1,72851,,
7668,1,1,2,15,72851,,
7669,1,1,1,2,72852,,
7670,1,1,2,4,72852,,
7671,1,1,1,5,72853,,
7672,1,1,2,9,72853,,
7673,2,1,1,1,72853,,
7674,2,1,2,1,72853,,
7675,1,1,1,4,72854,,
7676,1,1,2,128,72854,,
7677,2,1,2,1,72854,,
7678,1,1,1,1,72858,,
7679,1,1,2,15,72858,,
7680,1,1,1,2,72859,,
7681,1,1,2,4,72859,,
7682,1,1,1,5,72860,,
7683,1,1,2,9,72860,,
7684,2,1,1,1,72860,,
7685,2,1,2,1,72860,,
7686,1,1,1,4,72861,,
7687,1,1,2,128,72861,,
7688,2,1,2,1,72861,,
7689,1,1,1,1,72865,,
7690,1,1,2,15,72865,,
7691,1,1,1,2,72866,,
7692,1,1,2,4,72866,,
7693,1,1,1,5,72867,,
7694,1,1,2,9,72867,,
7695,2,1,1,1,72867,,
7696,2,1,2,1,72867,,
7697,1,1,1,4,72868,,
7698,1,1,2,128,72868,,
7699,2,1,2,1,72868,,
7700,1,1,1,1,72872,,
7701,1,1,2,15,72872,,
7702,1,1,1,2,72873,,
7703,1,1,2,4,72873,,
7704,1,1,1,5,72874,,
7705,1,1,2,9,72874,,
7706,2,1,1,1,72874,,
7707,2,1,2,1,72874,,
7708,1,1,1,4,72875,,
7709,1,1,2,128,72875,,
7710,2,1,2,1,72875,,
7711,1,1,1,1,72879,,
7712,1,1,2,15,72879,,
7713,1,1,1,2,72880,,
7714,1,1,2,4,72880,,
7715,1,1,1,5,72881,,
7716,1,1,2,9,72881,,
7717,2,1,1,1,72881,,
7718,2,1,2,1,72881,,
7719,1,1,1,4,72882,,
7720,1,1,2,128,72882,,
7721,2,1,2,1,72882,,
7722,1,1,1,1,72886,,
7723,1,1,2,15,72886,,
7724,1,1,1,2,72887,,
7725,1,1,2,4,72887,,
7726,1,1,1,5,72888,,
7727,1,1,2,9,72888,,
7728,2,1,1,1,72888,,
7729,2,1,2,1,72888,,
7730,1,1,1,4,72889,,
7731,1,1,2,128,72889,,
7732,2,1,2,1,72889,,
7733,1,1,1,1,72893,,
7734,1,1,2,15,72893,,
7735,1,1,1,2,72894,,
7736,1,1,2,4,72894,,
7737,1,1,1,5,72895,,
7738,1,1,2,9,72895,,
7739,2,1,1,1,72895,,
7740,2,1,2,1,72895,,
7741,1,1,1,4,72896,,
7742,1,1,2,128,72896,,
7743,2,1,2,1,72896,,
7744,1,1,1,1,72900,,
7745,1,1,2,15,72900,,
7746,1,1,1,2,72901,,
7747,1,1,2,4,72901,,
7748,1,1,1,5,72902,,
7749,1,1,2,9,72902,,
7750,2,1,1,1,72902,,
7751,2,1,2,1,72902,,
7752,1,1,1,4,72903,,
7753,1,1,2,128,72903,,
7754,2,1,2,1,72903,,
7755,1,1,1,1,72907,,
7756,1,1,2,15,72907,,
7757,1,1,1,2,72908,,
7758,1,1,2,4,72908,,
7759,1,1,1,5,72909,,
7760,1,1,2,9,72909,,
7761,2,1,1,1,72909,,
7762,2,1,2,1,72909,,
7763,1,1,1,4,72910,,
7764,1,1,2,128,72910,,
7765,2,1,2,1,72910,,
7766,1,1,1,1,72914,,
7767,1,1,2,15,72914,,
7768,1,1,1,2,72915,,
7769,1,1,2,4,72915,,
7770,1,1,1,5,72916,,
7771,1,1,2,9,72916,,
7772,2,1,1,1,72916,,
7773,2,1,2,1,72916,,
7774,1,1,1,4,72917,,
7775,1,1,2,128,72917,,
7776,2,1,2,1,72917,,
7777,1,1,1,1,72921,,
7778,1,1,2,15,72921,,
7779,1,1,1,2,72922,,
7780,1,1,2,4,72922,,
7781,1,1,1,5,72923,,
7782,1,1,2,9,72923,,
7783,2,1,1,1,72923,,
7784,2,1,2,1,72923,,
7785,1,1,1,7,72924,,
7786,1,1,2,130,72924,,
7787,2,1,2,7,72924,,
7788,1,1,1,1,72928,,
7789,1,1,2,18,72928,,
7790,1,1,1,2,72929,,
7791,1,1,2,4,72929,,
7792,1,1,1,5,72930,,
7793,1,1,2,9,72930,,
7794,2,1,1,1,72930,,
7795,2,1,2,1,72930,,
7796,1,1,1,7,72931,,
7797,1,1,2,130,72931,,
7798,2,1,2,7,72931,,
7799,1,1,1,1,72935,,
7800,1,1,2,18,72935,,
7801,1,1,1,2,72936,,
7802,1,1,2,4,72936,,
7803,1,1,1,5,72937,,
7804,1,1,2,9,72937,,
7805,2,1,1,1,72937,,
7806,2,1,2,1,72937,,
7807,1,1,1,7,72938,,
7808,1,1,2,130,72938,,
7809,2,1,2,7,72938,,
7810,1,1,1,1,72942,,
7811,1,1,2,18,72942,,
7812,1,1,1,2,72943,,
7813,1,1,2,4,72943,,
7814,1,1,1,5,72944,,
7815,1,1,2,9,72944,,
7816,2,1,1,1,72944,,
7817,2,1,2,1,72944,,
7818,1,1,1,7,72945,,
7819,1,1,2,130,72945,,
7820,2,1,2,7,72945,,
7821,1,1,1,1,72949,,
7822,1,1,2,18,72949,,
7823,1,1,1,2,72950,,
7824,1,1,2,4,72950,,
7825,1,1,1,5,72951,,
7826,1,1,2,9,72951,,
7827,2,1,1,1,72951,,
7828,2,1,2,1,72951,,
7829,1,1,1,7,72952,,
7830,1,1,2,130,72952,,
7831,2,1,2,7,72952,,
7832,1,1,1,1,72956,,
7833,1,1,2,18,72956,,
7834,1,1,1,2,72957,,
7835,1,1,2,4,72957,,
7836,1,1,1,5,72958,,
7837,1,1,2,9,72958,,
7838,2,1,1,1,72958,,
7839,2,1,2,1,72958,,
7840,1,1,1,7,72959,,
7841,1,1,2,130,72959,,
7842,2,1,2,7,72959,,
7843,1,1,1,1,72963,,
7844,1,1,2,18,72963,,
7845,1,1,1,2,72964,,
7846,1,1,2,4,72964,,
7847,1,1,1,5,72965,,
7848,1,1,2,9,72965,,
7849,2,1,1,1,72965,,
7850,2,1,2,1,72965,,
7851,1,1,1,7,72966,,
7852,1,1,2,130,72966,,
7853,2,1,2,7,72966,,
7854,1,1,1,1,72970,,
7855,1,1,2,18,72970,,
7856,1,1,1,2,72971,,
7857,1,1,2,4,72971,,
7858,1,1,1,5,72972,,
7859,1,1,2,9,72972,,
7860,2,1,1,1,72972,,
7861,2,1,2,1,72972,,
7862,1,1,1,7,72973,,
7863,1,1,2,130,72973,,
7864,2,1,2,7,72973,,
7865,1,1,1,1,72977,,
7866,1,1,2,18,72977,,
7867,1,1,1,2,72978,,
7868,1,1,2,4,72978,,
7869,1,1,1,5,72979,,
7870,1,1,2,9,72979,,
7871,2,1,1,1,72979,,
7872,2,1,2,1,72979,,
7873,1,1,1,7,72980,,
7874,1,1,2,130,72980,,
7875,2,1,2,7,72980,,
7876,1,1,1,1,72984,,
7877,1,1,2,18,72984,,
7878,1,1,1,2,72985,,
7879,1,1,2,4,72985,,
7880,1,1,1,5,72986,,
7881,1,1,2,9,72986,,
7882,2,1,1,1,72986,,
7883,2,1,2,1,72986,,
7884,1,1,1,7,72987,,
7885,1,1,2,130,72987,,
7886,2,1,2,7,72987,,
7887,1,1,1,1,72991,,
7888,1,1,2,18,72991,,
7889,1,1,1,2,72992,,
7890,1,1,2,4,72992,,
7891,1,1,1,5,72993,,
7892,1,1,2,9,72993,,
7893,2,1,1,1,72993,,
7894,2,1,2,1,72993,,
7895,1,1,1,7,72994,,
7896,1,1,2,130,72994,,
7897,2,1,2,7,72994,,
7898,1,1,1,1,72998,,
7899,1,1,2,18,72998,,
7900,1,1,1,2,72999,,
7901,1,1,2,4,72999,,
7902,1,1,1,5,73000,,
7903,1,1,2,9,73000,,
7904,2,1,1,1,73000,,
7905,2,1,2,1,73000,,
7906,1,1,1,7,73001,,
7907,1,1,2,130,73001,,
7908,2,1,2,7,73001,,
7909,1,1,1,1,73005,,
7910,1,1,2,18,73005,,
7911,1,1,1,2,73006,,
7912,1,1,2,4,73006,,
7913,1,1,1,5,73007,,
7914,1,1,2,9,73007,,
7915,2,1,1,1,73007,,
7916,2,1,2,1,73007,,
7917,1,1,1,7,73008,,
7918,1,1,2,131,73008,,
7919,2,1,2,7,73008,,
7920,1,1,1,3,73012,,
7921,1,1,2,18,73012,,
7922,1,1,1,2,73013,,
7923,1,1,2,4,73013,,
7924,1,1,1,5,73014,,
7925,1,1,2,9,73014,,
7926,2,1,1,1,73014,,
7927,2,1,2,1,73014,,
7928,1,1,1,7,73015,,
7929,1,1,2,131,73015,,
7930,2,1,2,7,73015,,
7931,1,1,1,3,73019,,
7932,1,1,2,18,73019,,
7933,1,1,1,2,73020,,
7934,1,1,2,4,73020,,
7935,1,1,1,5,73021,,
7936,1,1,2,9,73021,,
7937,2,1,1,1,73021,,
7938,2,1,2,1,73021,,
7939,1,1,1,7,73022,,
7940,1,1,2,131,73022,,
7941,2,1,2,7,73022,,
7942,1,1,1,3,73026,,
7943,1,1,2,18,73026,,
7944,1,1,1,2,73027,,
7945,1,1,2,4,73027,,
7946,1,1,1,5,73028,,
7947,1,1,2,9,73028,,
7948,2,1,1,1,73028,,
7949,2,1,2,1,73028,,
7950,1,1,1,7,73029,,
7951,1,1,2,131,73029,,
7952,2,1,2,7,73029,,
7953,1,1,1,3,73033,,
7954,1,1,2,18,73033,,
7955,1,1,1,2,73034,,
7956,1,1,2,4,73034,,
7957,1,1,1,5,73035,,
7958,1,1,2,9,73035,,
7959,2,1,1,1,73035,,
7960,2,1,2,1,73035,,
7961,1,1,1,7,73036,,
7962,1,1,2,131,73036,,
7963,2,1,2,7,73036,,
7964,1,1,1,3,73040,,
7965,1,1,2,18,73040,,
7966,1,1,1,2,73041,,
7967,1,1,2,4,73041,,
7968,1,1,1,5,73042,,
7969,1,1,2,9,73042,,
7970,2,1,1,1,73042,,
7971,2,1,2,1,73042,,
7972,1,1,1,7,73043,,
7973,1,1,2,131,73043,,
7974,2,1,2,7,73043,,
7975,1,1,1,3,73047,,
7976,1,1,2,18,73047,,
7977,1,1,1,2,73048,,
7978,1,1,2,4,73048,,
7979,1,1,1,5,73049,,
7980,1,1,2,9,73049,,
7981,2,1,1,1,73049,,
7982,2,1,2,1,73049,,
7983,1,1,1,7,73050,,
7984,1,1,2,131,73050,,
7985,2,1,2,7,73050,,
7986,1,1,1,3,73054,,
7987,1,1,2,18,73054,,
7988,1,1,1,2,73055,,
7989,1,1,2,4,73055,,
7990,1,1,1,5,73056,,
7991,1,1,2,9,73056,,
7992,2,1,1,1,73056,,
7993,2,1,2,1,73056,,
7994,1,1,1,7,73057,,
7995,1,1,2,131,73057,,
7996,2,1,2,7,73057,,
7997,1,1,1,3,73061,,
7998,1,1,2,18,73061,,
7999,1,1,1,2,73062,,
8000,1,1,2,4,73062,,
8001,1,1,1,5,73063,,
8002,1,1,2,9,73063,,
8003,2,1,1,1,73063,,
8004,2,1,2,1,73063,,
8005,1,1,1,7,73064,,
8006,1,1,2,131,73064,,
8007,2,1,2,7,73064,,
8008,1,1,1,3,73068,,
8009,1,1,2,18,73068,,
8010,1,1,1,2,73069,,
8011,1,1,2,4,73069,,
8012,1,1,1,5,73070,,
8013,1,1,2,9,73070,,
8014,2,1,1,1,73070,,
8015,2,1,2,1,73070,,
8016,1,1,1,7,73071,,
8017,1,1,2,131,73071,,
8018,2,1,2,7,73071,,
8019,1,1,1,3,73075,,
8020,1,1,2,18,73075,,
8021,1,1,1,2,73076,,
8022,1,1,2,4,73076,,
8023,1,1,1,5,73077,,
8024,1,1,2,9,73077,,
8025,2,1,1,1,73077,,
8026,2,1,2,1,73077,,
8027,1,1,1,7,73078,,
8028,1,1,2,131,73078,,
8029,2,1,2,7,73078,,
8030,1,1,1,3,73082,,
8031,1,1,2,18,73082,,
8032,1,1,1,2,73083,,
8033,1,1,2,4,73083,,
8034,1,1,1,5,73084,,
8035,1,1,2,9,73084,,
8036,2,1,1,1,73084,,
8037,2,1,2,1,73084,,
8038,1,1,1,7,73085,,
8039,1,1,2,131,73085,,
8040,2,1,2,7,73085,,
8041,1,1,1,3,73089,,
8042,1,1,2,18,73089,,
8043,1,1,1,2,73090,,
8044,1,1,2,4,73090,,
8045,1,1,1,5,73091,,
8046,1,1,2,9,73091,,
8047,2,1,1,1,73091,,
8048,2,1,2,1,73091,,
8049,1,1,1,8,73092,,
8050,1,1,2,132,73092,,
8051,2,1,2,7,73092,,
8052,1,1,1,4,73096,,
8053,1,1,2,19,73096,,
8054,1,1,1,3,73097,,
8055,1,1,2,3,73097,,
8056,1,1,1,5,73098,,
8057,1,1,2,9,73098,,
8058,2,1,1,1,73098,,
8059,2,1,2,1,73098,,
8060,1,1,1,8,73099,,
8061,1,1,2,132,73099,,
8062,2,1,2,7,73099,,
8063,1,1,1,4,73103,,
8064,1,1,2,19,73103,,
8065,1,1,1,3,73104,,
8066,1,1,2,3,73104,,
8067,1,1,1,5,73105,,
8068,1,1,2,9,73105,,
8069,2,1,1,1,73105,,
8070,2,1,2,1,73105,,
8071,1,1,1,8,73106,,
8072,1,1,2,132,73106,,
8073,2,1,2,7,73106,,
8074,1,1,1,4,73110,,
8075,1,1,2,19,73110,,
8076,1,1,1,3,73111,,
8077,1,1,2,3,73111,,
8078,1,1,1,5,73112,,
8079,1,1,2,9,73112,,
8080,2,1,1,1,73112,,
8081,2,1,2,1,73112,,
8082,1,1,1,8,73113,,
8083,1,1,2,132,73113,,
8084,2,1,2,7,73113,,
8085,1,1,1,4,73117,,
8086,1,1,2,19,73117,,
8087,1,1,1,3,73118,,
8088,1,1,2,3,73118,,
8089,1,1,1,5,73119,,
8090,1,1,2,9,73119,,
8091,2,1,1,1,73119,,
8092,2,1,2,1,73119,,
8093,1,1,1,8,73120,,
8094,1,1,2,132,73120,,
8095,2,1,2,7,73120,,
8096,1,1,1,4,73124,,
8097,1,1,2,19,73124,,
8098,1,1,1,3,73125,,
8099,1,1,2,3,73125,,
8100,1,1,1,5,73126,,
8101,1,1,2,9,73126,,
8102,2,1,1,1,73126,,
8103,2,1,2,1,73126,,
8104,1,1,1,8,73127,,
8105,1,1,2,132,73127,,
8106,2,1,2,7,73127,,
8107,1,1,1,4,73131,,
8108,1,1,2,19,73131,,
8109,1,1,1,3,73132,,
8110,1,1,2,3,73132,,
8111,1,1,1,5,73133,,
8112,1,1,2,9,73133,,
8113,2,1,1,1,73133,,
8114,2,1,2,1,73133,,
8115,1,1,1,8,73134,,
8116,1,1,2,132,73134,,
8117,2,1,2,7,73134,,
8118,1,1,1,4,73138,,
8119,1,1,2,19,73138,,
8120,1,1,1,3,73139,,
8121,1,1,2,3,73139,,
8122,1,1,1,5,73140,,
8123,1,1,2,9,73140,,
8124,2,1,1,1,73140,,
8125,2,1,2,1,73140,,
8126,1,1,1,8,73141,,
8127,1,1,2,132,73141,,
8128,2,1,2,7,73141,,
8129,1,1,1,4,73145,,
8130,1,1,2,19,73145,,
8131,1,1,1,3,73146,,
8132,1,1,2,3,73146,,
8133,1,1,1,5,73147,,
8134,1,1,2,9,73147,,
8135,2,1,1,1,73147,,
8136,2,1,2,1,73147,,
8137,1,1,1,8,73148,,
8138,1,1,2,132,73148,,
8139,2,1,2,7,73148,,
8140,1,1,1,4,73152,,
8141,1,1,2,19,73152,,
8142,1,1,1,3,73153,,
8143,1,1,2,3,73153,,
8144,1,1,1,5,73154,,
8145,1,1,2,9,73154,,
8146,2,1,1,1,73154,,
8147,2,1,2,1,73154,,
8148,1,1,1,8,73155,,
8149,1,1,2,132,73155,,
8150,2,1,2,7,73155,,
8151,1,1,1,4,73159,,
8152,1,1,2,19,73159,,
8153,1,1,1,3,73160,,
8154,1,1,2,3,73160,,
8155,1,1,1,5,73161,,
8156,1,1,2,9,73161,,
8157,2,1,1,1,73161,,
8158,2,1,2,1,73161,,
8159,1,1,1,8,73162,,
8160,1,1,2,132,73162,,
8161,2,1,2,7,73162,,
8162,1,1,1,4,73166,,
8163,1,1,2,19,73166,,
8164,1,1,1,3,73167,,
8165,1,1,2,3,73167,,
8166,1,1,1,5,73168,,
8167,1,1,2,9,73168,,
8168,2,1,1,1,73168,,
8169,2,1,2,1,73168,,
8170,1,1,1,8,73169,,
8171,1,1,2,132,73169,,
8172,2,1,2,7,73169,,
8173,1,1,1,4,73173,,
8174,1,1,2,19,73173,,
8175,1,1,1,3,73174,,
8176,1,1,2,3,73174,,
8177,1,1,1,5,73175,,
8178,1,1,2,9,73175,,
8179,2,1,1,1,73175,,
8180,2,1,2,1,73175,,
8181,1,1,1,8,73176,,
8182,1,1,2,132,73176,,
8183,2,1,2,7,73176,,
8184,1,1,1,4,73180,,
8185,1,1,2,19,73180,,
8186,1,1,1,3,73181,,
8187,1,1,2,2,73181,,
8188,1,1,1,5,73182,,
8189,1,1,2,7,73182,,
8190,2,1,1,1,73182,,
8191,2,1,2,1,73182,,
8192,1,1,1,8,73183,,
8193,1,1,2,132,73183,,
8194,2,1,2,7,73183,,
8195,1,1,1,4,73187,,
8196,1,1,2,19,73187,,
8197,1,1,1,3,73188,,
8198,1,1,2,2,73188,,
8199,1,1,1,5,73189,,
8200,1,1,2,7,73189,,
8201,2,1,1,1,73189,,
8202,2,1,2,1,73189,,
8203,1,1,1,8,73190,,
8204,1,1,2,132,73190,,
8205,2,1,2,7,73190,,
8206,1,1,1,4,73194,,
8207,1,1,2,19,73194,,
8208,1,1,1,3,73195,,
8209,1,1,2,2,73195,,
8210,1,1,1,5,73196,,
8211,1,1,2,7,73196,,
8212,2,1,1,1,73196,,
8213,2,1,2,1,73196,,
8214,1,1,1,8,73197,,
8215,1,1,2,132,73197,,
8216,2,1,2,7,73197,,
8217,1,1,1,4,73201,,
8218,1,1,2,19,73201,,
8219,1,1,1,3,73202,,
8220,1,1,2,2,73202,,
8221,1,1,1,5,73203,,
8222,1,1,2,7,73203,,
8223,2,1,1,1,73203,,
8224,2,1,2,1,73203,,
8225,1,1,1,8,73204,,
8226,1,1,2,132,73204,,
8227,2,1,2,7,73204,,
8228,1,1,1,4,73208,,
8229,1,1,2,19,73208,,
8230,1,1,1,3,73209,,
8231,1,1,2,2,73209,,
8232,1,1,1,5,73210,,
8233,1,1,2,7,73210,,
8234,2,1,1,1,73210,,
8235,2,1,2,1,73210,,
8236,1,1,1,8,73211,,
8237,1,1,2,132,73211,,
8238,2,1,2,7,73211,,
8239,1,1,1,4,73215,,
8240,1,1,2,19,73215,,
8241,1,1,1,3,73216,,
8242,1,1,2,2,73216,,
8243,1,1,1,5,73217,,
8244,1,1,2,7,73217,,
8245,2,1,1,1,73217,,
8246,2,1,2,1,73217,,
8247,1,1,1,8,73218,,
8248,1,1,2,132,73218,,
8249,2,1,2,7,73218,,
8250,1,1,1,4,73222,,
8251,1,1,2,19,73222,,
8252,1,1,1,3,73223,,
8253,1,1,2,2,73223,,
8254,1,1,1,5,73224,,
8255,1,1,2,7,73224,,
8256,2,1,1,1,73224,,
8257,2,1,2,1,73224,,
8258,1,1,1,8,73225,,
8259,1,1,2,132,73225,,
8260,2,1,2,7,73225,,
8261,1,1,1,4,73229,,
8262,1,1,2,19,73229,,
8263,1,1,1,3,73230,,
8264,1,1,2,2,73230,,
8265,1,1,1,5,73231,,
8266,1,1,2,7,73231,,
8267,2,1,1,1,73231,,
8268,2,1,2,1,73231,,
8269,1,1,1,8,73232,,
8270,1,1,2,132,73232,,
8271,2,1,2,7,73232,,
8272,1,1,1,4,73236,,
8273,1,1,2,19,73236,,
8274,1,1,1,3,73237,,
8275,1,1,2,2,73237,,
8276,1,1,1,5,73238,,
8277,1,1,2,7,73238,,
8278,2,1,1,1,73238,,
8279,2,1,2,1,73238,,
8280,1,1,1,8,73239,,
8281,1,1,2,132,73239,,
8282,2,1,2,7,73239,,
8283,1,1,1,4,73243,,
8284,1,1,2,19,73243,,
8285,1,1,1,3,73244,,
8286,1,1,2,2,73244,,
8287,1,1,1,5,73245,,
8288,1,1,2,7,73245,,
8289,2,1,1,1,73245,,
8290,2,1,2,1,73245,,
8291,1,1,1,8,73246,,
8292,1,1,2,132,73246,,
8293,2,1,2,7,73246,,
8294,1,1,1,4,73250,,
8295,1,1,2,19,73250,,
8296,1,1,1,3,73251,,
8297,1,1,2,2,73251,,
8298,1,1,1,5,73252,,
8299,1,1,2,7,73252,,
8300,2,1,1,1,73252,,
8301,2,1,2,1,73252,,
8302,1,1,1,8,73253,,
8303,1,1,2,132,73253,,
8304,2,1,2,7,73253,,
8305,1,1,1,4,73257,,
8306,1,1,2,19,73257,,
8307,1,1,1,3,73258,,
8308,1,1,2,2,73258,,
8309,1,1,1,7,73259,,
8310,1,1,2,127,73259,,
8311,2,1,2,8,73259,,
8312,1,1,1,6,73263,,
8313,1,1,2,16,73263,,
8314,1,1,1,3,73264,,
8315,1,1,2,2,73264,,
8316,1,1,1,7,73265,,
8317,1,1,2,127,73265,,
8318,2,1,2,8,73265,,
8319,1,1,1,6,73269,,
8320,1,1,2,16,73269,,
8321,1,1,1,3,73270,,
8322,1,1,2,2,73270,,
8323,1,1,1,7,73271,,
8324,1,1,2,127,73271,,
8325,2,1,2,8,73271,,
8326,1,1,1,6,73275,,
8327,1,1,2,16,73275,,
8328,1,1,1,3,73276,,
8329,1,1,2,2,73276,,
8330,1,1,1,7,73277,,
8331,1,1,2,127,73277,,
8332,2,1,2,8,73277,,
8333,1,1,1,6,73281,,
8334,1,1,2,16,73281,,
8335,1,1,1,3,73282,,
8336,1,1,2,2,73282,,
8337,1,1,1,7,73283,,
8338,1,1,2,127,73283,,
8339,2,1,2,8,73283,,
8340,1,1,1,6,73287,,
8341,1,1,2,16,73287,,
8342,1,1,1,3,73288,,
8343,1,1,2,2,73288,,
8344,1,1,1,7,73289,,
8345,1,1,2,127,73289,,
8346,2,1,2,8,73289,,
8347,1,1,1,6,73293,,
8348,1,1,2,16,73293,,
8349,1,1,1,3,73294,,
8350,1,1,2,2,73294,,
8351,1,1,1,7,73295,,
8352,1,1,2,127,73295,,
8353,2,1,2,8,73295,,
8354,1,1,1,6,73299,,
8355,1,1,2,16,73299,,
8356,1,1,1,3,73300,,
8357,1,1,2,2,73300,,
8358,1,1,1,7,73301,,
8359,1,1,2,127,73301,,
8360,2,1,2,8,73301,,
8361,1,1,1,6,73305,,
8362,1,1,2,16,73305,,
8363,1,1,1,3,73306,,
8364,1,1,2,2,73306,,
8365,1,1,1,7,73307,,
8366,1,1,2,127,73307,,
8367,2,1,2,8,73307,,
8368,1,1,1,6,73311,,
8369,1,1,2,16,73311,,
8370,1,1,1,3,73312,,
8371,1,1,2,2,73312,,
8372,1,1,1,7,73313,,
8373,1,1,2,127,73313,,
8374,2,1,2,8,73313,,
8375,1,1,1,6,73317,,
8376,1,1,2,16,73317,,
8377,1,1,1,3,73318,,
8378,1,1,2,2,73318,,
8379,1,1,1,7,73319,,
8380,1,1,2,127,73319,,
8381,2,1,2,8,73319,,
8382,1,1,1,6,73323,,
8383,1,1,2,16,73323,,
8384,1,1,1,3,73324,,
8385,1,1,2,2,73324,,
8386,1,1,1,7,73325,,
8387,1,1,2,127,73325,,
8388,2,1,2,8,73325,,
8389,1,1,1,6,73329,,
8390,1,1,2,16,73329,,
8391,1,1,1,3,73330,,
8392,1,1,2,2,73330,,
8393,1,1,1,7,73331,,
8394,1,1,2,126,73331,,
8395,2,1,2,8,73331,,
8396,1,1,1,5,73335,,
8397,1,1,2,17,73335,,
8398,1,1,1,3,73336,,
8399,1,1,2,1,73336,,
8400,1,1,1,7,73337,,
8401,1,1,2,126,73337,,
8402,2,1,2,8,73337,,
8403,1,1,1,5,73341,,
8404,1,1,2,17,73341,,
8405,1,1,1,3,73342,,
8406,1,1,2,1,73342,,
8407,1,1,1,7,73343,,
8408,1,1,2,126,73343,,
8409,2,1,2,8,73343,,
8410,1,1,1,5,73347,,
8411,1,1,2,17,73347,,
8412,1,1,1,3,73348,,
8413,1,1,2,1,73348,,
8414,1,1,1,7,73349,,
8415,1,1,2,126,73349,,
8416,2,1,2,8,73349,,
8417,1,1,1,5,73353,,
8418,1,1,2,17,73353,,
8419,1,1,1,3,73354,,
8420,1,1,2,1,73354,,
8421,1,1,1,7,73355,,
8422,1,1,2,126,73355,,
8423,2,1,2,8,73355,,
8424,1,1,1,5,73359,,
8425,1,1,2,17,73359,,
8426,1,1,1,3,73360,,
8427,1,1,2,1,73360,,
8428,1,1,1,7,73361,,
8429,1,1,2,126,73361,,
8430,2,1,2,8,73361,,
8431,1,1,1,5,73365,,
8432,1,1,2,17,73365,,
8433,1,1,1,3,73366,,
8434,1,1,2,1,73366,,
8435,1,1,1,7,73367,,
8436,1,1,2,126,73367,,
8437,2,1,2,8,73367,,
8438,1,1,1,5,73371,,
8439,1,1,2,17,73371,,
8440,1,1,1,3,73372,,
8441,1,1,2,1,73372,,
8442,1,1,1,7,73373,,
8443,1,1,2,126,73373,,
8444,2,1,2,8,73373,,
8445,1,1,1,5,73377,,
8446,1,1,2,17,73377,,
8447,1,1,1,3,73378,,
8448,1,1,2,1,73378,,
8449,1,1,1,7,73379,,
8450,1,1,2,126,73379,,
8451,2,1,2,8,73379,,
8452,1,1,1,5,73383,,
8453,1,1,2,17,73383,,
8454,1,1,1,3,73384,,
8455,1,1,2,1,73384,,
8456,1,1,1,7,73385,,
8457,1,1,2,126,73385,,
8458,2,1,2,8,73385,,
8459,1,1,1,5,73389,,
8460,1,1,2,17,73389,,
8461,1,1,1,3,73390,,
8462,1,1,2,1,73390,,
8463,1,1,1,7,73391,,
8464,1,1,2,126,73391,,
8465,2,1,2,8,73391,,
8466,1,1,1,5,73395,,
8467,1,1,2,17,73395,,
8468,1,1,1,3,73396,,
8469,1,1,2,1,73396,,
8470,1,1,1,7,73397,,
8471,1,1,2,126,73397,,
8472,2,1,2,8,73397,,
8473,1,1,1,5,73401,,
8474,1,1,2,17,73401,,
8475,1,1,1,3,73402,,
8476,1,1,2,1,73402,,
8477,1,1,1,9,73403,,
8478,1,1,2,123,73403,,
8479,2,1,2,8,73403,,
8480,1,1,1,4,73407,,
8481,1,1,2,15,73407,,
8482,1,1,1,3,73408,,
8483,1,1,2,1,73408,,
8484,1,1,1,9,73409,,
8485,1,1,2,123,73409,,
8486,2,1,2,8,73409,,
8487,1,1,1,4,73413,,
8488,1,1,2,15,73413,,
8489,1,1,1,3,73414,,
8490,1,1,2,1,73414,,
8491,1,1,1,9,73415,,
8492,1,1,2,123,73415,,
8493,2,1,2,8,73415,,
8494,1,1,1,4,73419,,
8495,1,1,2,15,73419,,
8496,1,1,1,3,73420,,
8497,1,1,2,1,73420,,
8498,1,1,1,9,73421,,
8499,1,1,2,123,73421,,
8500,2,1,2,8,73421,,
8501,1,1,1,4,73425,,
8502,1,1,2,15,73425,,
8503,1,1,1,3,73426,,
8504,1,1,2,1,73426,,
8505,1,1,1,9,73427,,
8506,1,1,2,123,73427,,
8507,2,1,2,8,73427,,
8508,1,1,1,4,73431,,
8509,1,1,2,15,73431,,
8510,1,1,1,3,73432,,
8511,1,1,2,1,73432,,
8512,1,1,1,9,73433,,
8513,1,1,2,123,73433,,
8514,2,1,2,8,73433,,
8515,1,1,1,4,73437,,
8516,1,1,2,15,73437,,
8517,1,1,1,3,73438,,
8518,1,1,2,1,73438,,
8519,1,1,1,9,73439,,
8520,1,1,2,123,73439,,
8521,2,1,2,8,73439,,
8522,1,1,1,4,73443,,
8523,1,1,2,15,73443,,
8524,1,1,1,3,73444,,
8525,1,1,2,1,73444,,
8526,1,1,1,9,73445,,
8527,1,1,2,123,73445,,
8528,2,1,2,8,73445,,
8529,1,1,1,4,73449,,
8530,1,1,2,15,73449,,
8531,1,1,1,3,73450,,
8532,1,1,2,1,73450,,
8533,1,1,1,9,73451,,
8534,1,1,2,123,73451,,
8535,2,1,2,8,73451,,
8536,1,1,1,4,73455,,
8537,1,1,2,15,73455,,
8538,1,1,1,3,73456,,
8539,1,1,2,1,73456,,
8540,1,1,1,9,73457,,
8541,1,1,2,123,73457,,
8542,2,1,2,8,73457,,
8543,1,1,1,4,73461,,
8544,1,1,2,15,73461,,
8545,1,1,1,3,73462,,
8546,1,1,2,1,73462,,
8547,1,1,1,9,73463,,
8548,1,1,2,123,73463,,
8549,2,1,2,8,73463,,
8550,1,1,1,4,73467,,
8551,1,1,2,15,73467,,
8552,1,1,1,3,73468,,
8553,1,1,2,1,73468,,
8554,1,1,1,9,73469,,
8555,1,1,2,123,73469,,
8556,2,1,2,8,73469,,
8557,1,1,1,4,73473,,
8558,1,1,2,15,73473,,
8559,1,1,1,3,73474,,
8560,1,1,2,1,73474,,
8561,1,1,1,9,73475,,
8562,1,1,2,123,73475,,
8563,2,1,2,8,73475,,
8564,1,1,1,4,73479,,
8565,1,1,2,15,73479,,
8566,1,1,1,3,73480,,
8567,1,1,2,1,73480,,
8568,1,1,1,9,73481,,
8569,1,1,2,123,73481,,
8570,2,1,2,8,73481,,
8571,1,1,1,4,73485,,
8572,1,1,2,15,73485,,
8573,1,1,1,3,73486,,
8574,1,1,2,1,73486,,
8575,1,1,1,9,73487,,
8576,1,1,2,123,73487,,
8577,2,1,2,8,73487,,
8578,1,1,1,4,73491,,
8579,1,1,2,15,73491,,
8580,1,1,1,3,73492,,
8581,1,1,2,1,73492,,
8582,1,1,1,9,73493,,
8583,1,1,2,123,73493,,
8584,2,1,2,8,73493,,
8585,1,1,1,4,73497,,
8586,1,1,2,15,73497,,
8587,1,1,1,3,73498,,
8588,1,1,2,1,73498,,
8589,1,1,1,9,73499,,
8590,1,1,2,123,73499,,
8591,2,1,2,8,73499,,
8592,1,1,1,4,73503,,
8593,1,1,2,15,73503,,
8594,1,1,1,3,73504,,
8595,1,1,2,1,73504,,
8596,1,1,1,9,73505,,
8597,1,1,2,123,73505,,
8598,2,1,2,8,73505,,
8599,1,1,1,4,73509,,
8600,1,1,2,15,73509,,
8601,1,1,1,3,73510,,
8602,1,1,2,1,73510,,
8603,1,1,1,9,73511,,
8604,1,1,2,123,73511,,
8605,2,1,2,8,73511,,
8606,1,1,1,4,73515,,
8607,1,1,2,15,73515,,
8608,1,1,1,3,73516,,
8609,1,1,2,1,73516,,
8610,1,1,1,9,73517,,
8611,1,1,2,123,73517,,
8612,2,1,2,8,73517,,
8613,1,1,1,4,73521,,
8614,1,1,2,15,73521,,
8615,1,1,1,3,73522,,
8616,1,1,2,1,73522,,
8617,1,1,1,9,73523,,
8618,1,1,2,123,73523,,
8619,2,1,2,8,73523,,
8620,1,1,1,4,73527,,
8621,1,1,2,15,73527,,
8622,1,1,1,3,73528,,
8623,1,1,2,1,73528,,
8624,1,1,1,9,73529,,
8625,1,1,2,123,73529,,
8626,2,1,2,8,73529,,
8627,1,1,1,4,73533,,
8628,1,1,2,15,73533,,
8629,1,1,1,3,73534,,
8630,1,1,2,1,73534,,
8631,1,1,1,9,73535,,
8632,1,1,2,123,73535,,
8633,2,1,2,8,73535,,
8634,1,1,1,4,73539,,
8635,1,1,2,15,73539,,
8636,1,1,1,3,73540,,
8637,1,1,2,1,73540,,
8638,1,1,1,9,73541,,
8639,1,1,2,123,73541,,
8640,2,1,2,8,73541,,
8641,1,1,1,4,73545,,
8642,1,1,2,15,73545,,
8643,1,1,1,3,73546,,
8644,1,1,2,1,73546,,
8645,1,1,1,13,73547,,
8646,1,1,2,119,73547,,
8647,2,1,2,7,73547,,
8648,1,1,1,2,73551,,
8649,1,1,2,15,73551,,
8650,1,1,1,3,73552,,
8651,1,1,2,1,73552,,
8652,1,1,1,13,73553,,
8653,1,1,2,119,73553,,
8654,2,1,2,7,73553,,
8655,1,1,1,2,73557,,
8656,1,1,2,15,73557,,
8657,1,1,1,3,73558,,
8658,1,1,2,1,73558,,
8659,1,1,1,13,73559,,
8660,1,1,2,119,73559,,
8661,2,1,2,7,73559,,
8662,1,1,1,2,73563,,
8663,1,1,2,15,73563,,
8664,1,1,1,3,73564,,
8665,1,1,2,1,73564,,
8666,1,1,1,13,73565,,
8667,1,1,2,119,73565,,
8668,2,1,2,7,73565,,
8669,1,1,1,2,73569,,
8670,1,1,2,15,73569,,
8671,1,1,1,3,73570,,
8672,1,1,2,1,73570,,
8673,1,1,1,13,73571,,
8674,1,1,2,119,73571,,
8675,2,1,2,7,73571,,
8676,1,1,1,2,73575,,
8677,1,1,2,15,73575,,
8678,1,1,1,3,73576,,
8679,1,1,2,1,73576,,
8680,1,1,1,13,73577,,
8681,1,1,2,119,73577,,
8682,2,1,2,7,73577,,
8683,1,1,1,2,73581,,
8684,1,1,2,15,73581,,
8685,1,1,1,3,73582,,
8686,1,1,2,1,73582,,
8687,1,1,1,13,73583,,
8688,1,1,2,119,73583,,
8689,2,1,2,7,73583,,
8690,1,1,1,2,73587,,
8691,1,1,2,15,73587,,
8692,1,1,1,3,73588,,
8693,1,1,2,1,73588,,
8694,1,1,1,13,73589,,
8695,1,1,2,119,73589,,
8696,2,1,2,7,73589,,
8697,1,1,1,2,73593,,
8698,1,1,2,15,73593,,
8699,1,1,1,3,73594,,
8700,1,1,2,1,73594,,
8701,1,1,1,13,73595,,
8702,1,1,2,119,73595,,
8703,2,1,2,7,73595,,
8704,1,1,1,2,73599,,
8705,1,1,2,15,73599,,
8706,1,1,1,3,73600,,
8707,1,1,2,1,73600,,
8708,1,1,1,13,73601,,
8709,1,1,2,119,73601,,
8710,2,1,2,7,73601,,
8711,1,1,1,2,73605,,
8712,1,1,2,15,73605,,
8713,1,1,1,3,73606,,
8714,1,1,2,1,73606,,
8715,1,1,1,13,73607,,
8716,1,1,2,119,73607,,
8717,2,1,2,7,73607,,
8718,1,1,1,2,73611,,
8719,1,1,2,15,73611,,
8720,1,1,1,3,73612,,
8721,1,1,2,1,73612,,
8722,1,1,1,13,73613,,
8723,1,1,2,119,73613,,
8724,2,1,2,7,73613,,
8725,1,1,1,2,73617,,
8726,1,1,2,15,73617,,
8727,1,1,1,3,73618,,
8728,1,1,2,1,73618,,
8729,1,1,1,13,73619,,
8730,1,1,2,119,73619,,
8731,2,1,2,7,73619,,
8732,1,1,1,3,73620,,
8733,1,1,2,33,73620,,
8734,1,1,1,4,73621,,
8735,1,1,2,35,73621,,
8736,1,1,1,1,73622,,
8737,1,1,2,19,73622,,
8738,1,1,1,3,73623,,
8739,1,1,2,14,73623,,
8740,1,1,1,3,73624,,
8741,1,1,2,1,73624,,
8742,1,1,1,13,73625,,
8743,1,1,2,119,73625,,
8744,2,1,2,7,73625,,
8745,1,1,1,3,73626,,
8746,1,1,2,33,73626,,
8747,1,1,1,4,73627,,
8748,1,1,2,35,73627,,
8749,1,1,1,1,73628,,
8750,1,1,2,19,73628,,
8751,1,1,1,3,73629,,
8752,1,1,2,14,73629,,
8753,1,1,1,3,73630,,
8754,1,1,2,1,73630,,
8755,1,1,1,13,73631,,
8756,1,1,2,119,73631,,
8757,2,1,2,7,73631,,
8758,1,1,1,3,73632,,
8759,1,1,2,33,73632,,
8760,1,1,1,4,73633,,
8761,1,1,2,35,73633,,
8762,1,1,1,1,73634,,
8763,1,1,2,19,73634,,
8764,1,1,1,3,73635,,
8765,1,1,2,14,73635,,
8766,1,1,1,3,73636,,
8767,1,1,2,1,73636,,
8768,1,1,1,13,73637,,
8769,1,1,2,119,73637,,
8770,2,1,2,7,73637,,
8771,1,1,1,3,73638,,
8772,1,1,2,33,73638,,
8773,1,1,1,4,73639,,
8774,1,1,2,35,73639,,
8775,1,1,1,1,73640,,
8776,1,1,2,19,73640,,
8777,1,1,1,3,73641,,
8778,1,1,2,14,73641,,
8779,1,1,1,3,73642,,
8780,1,1,2,1,73642,,
8781,1,1,1,13,73643,,
8782,1,1,2,119,73643,,
8783,2,1,2,7,73643,,
8784,1,1,1,3,73644,,
8785,1,1,2,33,73644,,
8786,1,1,1,4,73645,,
8787,1,1,2,35,73645,,
8788,1,1,1,1,73646,,
8789,1,1,2,19,73646,,
8790,1,1,1,3,73647,,
8791,1,1,2,14,73647,,
8792,1,1,1,3,73648,,
8793,1,1,2,1,73648,,
8794,1,1,1,13,73649,,
8795,1,1,2,119,73649,,
8796,2,1,2,7,73649,,
8797,1,1,1,3,73650,,
8798,1,1,2,33,73650,,
8799,1,1,1,4,73651,,
8800,1,1,2,35,73651,,
8801,1,1,1,1,73652,,
8802,1,1,2,19,73652,,
8803,1,1,1,3,73653,,
8804,1,1,2,14,73653,,
8805,1,1,1,3,73654,,
8806,1,1,2,1,73654,,
8807,1,1,1,13,73655,,
8808,1,1,2,119,73655,,
8809,2,1,2,7,73655,,
8810,1,1,1,3,73656,,
8811,1,1,2,33,73656,,
8812,1,1,1,4,73657,,
8813,1,1,2,35,73657,,
8814,1,1,1,1,73658,,
8815,1,1,2,19,73658,,
8816,1,1,1,3,73659,,
8817,1,1,2,14,73659,,
8818,1,1,1,3,73660,,
8819,1,1,2,1,73660,,
8820,1,1,1,13,73661,,
8821,1,1,2,119,73661,,
8822,2,1,2,7,73661,,
8823,1,1,1,3,73662,,
8824,1,1,2,33,73662,,
8825,1,1,1,4,73663,,
8826,1,1,2,35,73663,,
8827,1,1,1,1,73664,,
8828,1,1,2,19,73664,,
8829,1,1,1,3,73665,,
8830,1,1,2,14,73665,,
8831,1,1,1,3,73666,,
8832,1,1,2,1,73666,,
8833,1,1,1,13,73667,,
8834,1,1,2,119,73667,,
8835,2,1,2,7,73667,,
8836,1,1,1,3,73668,,
8837,1,1,2,33,73668,,
8838,1,1,1,4,73669,,
8839,1,1,2,35,73669,,
8840,1,1,1,1,73670,,
8841,1,1,2,19,73670,,
8842,1,1,1,3,73671,,
8843,1,1,2,14,73671,,
8844,1,1,1,3,73672,,
8845,1,1,2,1,73672,,
8846,1,1,1,13,73673,,
8847,1,1,2,119,73673,,
8848,2,1,2,7,73673,,
8849,1,1,1,3,73674,,
8850,1,1,2,33,73674,,
8851,1,1,1,4,73675,,
8852,1,1,2,35,73675,,
8853,1,1,1,1,73676,,
8854,1,1,2,19,73676,,
8855,1,1,1,3,73677,,
8856,1,1,2,14,73677,,
8857,1,1,1,3,73678,,
8858,1,1,2,1,73678,,
8859,1,1,1,13,73679,,
8860,1,1,2,119,73679,,
8861,2,1,2,7,73679,,
8862,1,1,1,3,73680,,
8863,1,1,2,33,73680,,
8864,1,1,1,4,73681,,
8865,1,1,2,35,73681,,
8866,1,1,1,1,73682,,
8867,1,1,2,19,73682,,
8868,1,1,1,3,73683,,
8869,1,1,2,14,73683,,
8870,1,1,1,3,73684,,
8871,1,1,2,1,73684,,
8872,1,1,1,13,73685,,
8873,1,1,2,119,73685,,
8874,2,1,2,7,73685,,
8875,1,1,1,3,73686,,
8876,1,1,2,33,73686,,
8877,1,1,1,4,73687,,
8878,1,1,2,35,73687,,
8879,1,1,1,1,73688,,
8880,1,1,2,19,73688,,
8881,1,1,1,3,73689,,
8882,1,1,2,14,73689,,
8883,1,1,1,3,73690,,
8884,1,1,2,1,73690,,
8885,1,1,1,11,73691,,
8886,1,1,2,123,73691,,
8887,2,1,2,7,73691,,
8888,1,1,1,3,73692,,
8889,1,1,2,33,73692,,
8890,1,1,1,4,73693,,
8891,1,1,2,35,73693,,
8892,1,1,1,1,73694,,
8893,1,1,2,19,73694,,
8894,1,1,1,3,73695,,
8895,1,1,2,12,73695,,
8896,1,1,1,1,73696,,
8897,1,1,2,2,73696,,
8898,1,1,1,11,73697,,
8899,1,1,2,123,73697,,
8900,2,1,2,7,73697,,
8901,1,1,1,3,73698,,
8902,1,1,2,33,73698,,
8903,1,1,1,4,73699,,
8904,1,1,2,35,73699,,
8905,1,1,1,1,73700,,
8906,1,1,2,19,73700,,
8907,1,1,1,3,73701,,
8908,1,1,2,12,73701,,
8909,1,1,1,1,73702,,
8910,1,1,2,2,73702,,
8911,1,1,1,11,73703,,
8912,1,1,2,123,73703,,
8913,2,1,2,7,73703,,
8914,1,1,1,3,73704,,
8915,1,1,2,33,73704,,
8916,1,1,1,4,73705,,
8917,1,1,2,35,73705,,
8918,1,1,1,1,73706,,
8919,1,1,2,19,73706,,
8920,1,1,1,3,73707,,
8921,1,1,2,12,73707,,
8922,1,1,1,1,73708,,
8923,1,1,2,2,73708,,
8924,1,1,1,11,73709,,
8925,1,1,2,123,73709,,
8926,2,1,2,7,73709,,
8927,1,1,1,3,73710,,
8928,1,1,2,33,73710,,
8929,1,1,1,4,73711,,
8930,1,1,2,35,73711,,
8931,1,1,1,1,73712,,
8932,1,1,2,19,73712,,
8933,1,1,1,3,73713,,
8934,1,1,2,12,73713,,
8935,1,1,1,1,73714,,
8936,1,1,2,2,73714,,
8937,1,1,1,11,73715,,
8938,1,1,2,123,73715,,
8939,2,1,2,7,73715,,
8940,1,1,1,3,73716,,
8941,1,1,2,33,73716,,
8942,1,1,1,4,73717,,
8943,1,1,2,35,73717,,
8944,1,1,1,1,73718,,
8945,1,1,2,19,73718,,
8946,1,1,1,3,73719,,
8947,1,1,2,12,73719,,
8948,1,1,1,1,73720,,
8949,1,1,2,2,73720,,
8950,1,1,1,11,73721,,
8951,1,1,2,123,73721,,
8952,2,1,2,7,73721,,
8953,1,1,1,3,73722,,
8954,1,1,2,33,73722,,
8955,1,1,1,4,73723,,
8956,1,1,2,35,73723,,
8957,1,1,1,1,73724,,
8958,1,1,2,19,73724,,
8959,1,1,1,3,73725,,
8960,1,1,2,12,73725,,
8961,1,1,1,1,73726,,
8962,1,1,2,2,73726,,
8963,1,1,1,11,73727,,
8964,1,1,2,123,73727,,
8965,2,1,2,7,73727,,
8966,1,1,1,3,73728,,
8967,1,1,2,33,73728,,
8968,1,1,1,4,73729,,
8969,1,1,2,35,73729,,
8970,1,1,1,1,73730,,
8971,1,1,2,19,73730,,
8972,1,1,1,3,73731,,
8973,1,1,2,12,73731,,
8974,1,1,1,1,73732,,
8975,1,1,2,2,73732,,
8976,1,1,1,11,73733,,
8977,1,1,2,123,73733,,
8978,2,1,2,7,73733,,
8979,1,1,1,3,73734,,
8980,1,1,2,33,73734,,
8981,1,1,1,4,73735,,
8982,1,1,2,35,73735,,
8983,1,1,1,1,73736,,
8984,1,1,2,19,73736,,
8985,1,1,1,3,73737,,
8986,1,1,2,12,73737,,
8987,1,1,1,1,73738,,
8988,1,1,2,2,73738,,
8989,1,1,1,11,73739,,
8990,1,1,2,123,73739,,
8991,2,1,2,7,73739,,
8992,1,1,1,3,73740,,
8993,1,1,2,33,73740,,
8994,1,1,1,4,73741,,
8995,1,1,2,35,73741,,
8996,1,1,1,1,73742,,
8997,1,1,2,19,73742,,
8998,1,1,1,3,73743,,
8999,1,1,2,12,73743,,
9000,1,1,1,1,73744,,
9001,1,1,2,2,73744,,
9002,1,1,1,11,73745,,
9003,1,1,2,123,73745,,
9004,2,1,2,7,73745,,
9005,1,1,1,3,73746,,
9006,1,1,2,33,73746,,
9007,1,1,1,4,73747,,
9008,1,1,2,35,73747,,
9009,1,1,1,1,73748,,
9010,1,1,2,19,73748,,
9011,1,1,1,3,73749,,
9012,1,1,2,12,73749,,
9013,1,1,1,1,73750,,
9014,1,1,2,2,73750,,
9015,1,1,1,11,73751,,
9016,1,1,2,123,73751,,
9017,2,1,2,7,73751,,
9018,1,1,1,3,73752,,
9019,1,1,2,33,73752,,
9020,1,1,1,4,73753,,
9021,1,1,2,35,73753,,
9022,1,1,1,1,73754,,
9023,1,1,2,19,73754,,
9024,1,1,1,3,73755,,
9025,1,1,2,12,73755,,
9026,1,1,1,1,73756,,
9027,1,1,2,2,73756,,
9028,1,1,1,11,73757,,
9029,1,1,2,123,73757,,
9030,2,1,2,7,73757,,
9031,1,1,1,3,73758,,
9032,1,1,2,33,73758,,
9033,1,1,1,4,73759,,
9034,1,1,2,35,73759,,
9035,1,1,1,1,73760,,
9036,1,1,2,19,73760,,
9037,1,1,1,3,73761,,
9038,1,1,2,12,73761,,
9039,1,1,1,1,73762,,
9040,1,1,2,2,73762,,
9041,1,1,1,11,73763,,
9042,1,1,2,123,73763,,
9043,2,1,2,7,73763,,
9044,1,1,1,3,73764,,
9045,1,1,2,41,73764,,
9046,1,1,1,4,73765,,
9047,1,1,2,60,73765,,
9048,1,1,1,1,73766,,
9049,1,1,2,60,73766,,
9050,1,1,1,3,73767,,
9051,1,1,2,12,73767,,
9052,1,1,1,1,73768,,
9053,1,1,2,2,73768,,
9054,1,1,1,11,73769,,
9055,1,1,2,123,73769,,
9056,2,1,2,7,73769,,
9057,1,1,1,3,73770,,
9058,1,1,2,41,73770,,
9059,1,1,1,4,73771,,
9060,1,1,2,60,73771,,
9061,1,1,1,1,73772,,
9062,1,1,2,60,73772,,
9063,1,1,1,3,73773,,
9064,1,1,2,12,73773,,
9065,1,1,1,1,73774,,
9066,1,1,2,2,73774,,
9067,1,1,1,11,73775,,
9068,1,1,2,123,73775,,
9069,2,1,2,7,73775,,
9070,1,1,1,3,73776,,
9071,1,1,2,41,73776,,
9072,1,1,1,4,73777,,
9073,1,1,2,60,73777,,
9074,1,1,1,1,73778,,
9075,1,1,2,60,73778,,
9076,1,1,1,3,73779,,
9077,1,1,2,12,73779,,
9078,1,1,1,1,73780,,
9079,1,1,2,2,73780,,
9080,1,1,1,11,73781,,
9081,1,1,2,123,73781,,
9082,2,1,2,7,73781,,
9083,1,1,1,3,73782,,
9084,1,1,2,41,73782,,
9085,1,1,1,4,73783,,
9086,1,1,2,60,73783,,
9087,1,1,1,1,73784,,
9088,1,1,2,60,73784,,
9089,1,1,1,3,73785,,
9090,1,1,2,12,73785,,
9091,1,1,1,1,73786,,
9092,1,1,2,2,73786,,
9093,1,1,1,11,73787,,
9094,1,1,2,123,73787,,
9095,2,1,2,7,73787,,
9096,1,1,1,3,73788,,
9097,1,1,2,41,73788,,
9098,1,1,1,4,73789,,
9099,1,1,2,60,73789,,
9100,1,1,1,1,73790,,
9101,1,1,2,60,73790,,
9102,1,1,1,3,73791,,
9103,1,1,2,12,73791,,
9104,1,1,1,1,73792,,
9105,1,1,2,2,73792,,
9106,1,1,1,11,73793,,
9107,1,1,2,123,73793,,
9108,2,1,2,7,73793,,
9109,1,1,1,3,73794,,
9110,1,1,2,41,73794,,
9111,1,1,1,4,73795,,
9112,1,1,2,60,73795,,
9113,1,1,1,1,73796,,
9114,1,1,2,60,73796,,
9115,1,1,1,3,73797,,
9116,1,1,2,12,73797,,
9117,1,1,1,1,73798,,
9118,1,1,2,2,73798,,
9119,1,1,1,11,73799,,
9120,1,1,2,123,73799,,
9121,2,1,2,7,73799,,
9122,1,1,1,3,73800,,
9123,1,1,2,41,73800,,
9124,1,1,1,4,73801,,
9125,1,1,2,60,73801,,
9126,1,1,1,1,73802,,
9127,1,1,2,60,73802,,
9128,1,1,1,3,73803,,
9129,1,1,2,12,73803,,
9130,1,1,1,1,73804,,
9131,1,1,2,2,73804,,
9132,1,1,1,11,73805,,
9133,1,1,2,123,73805,,
9134,2,1,2,7,73805,,
9135,1,1,1,3,73806,,
9136,1,1,2,41,73806,,
9137,1,1,1,4,73807,,
9138,1,1,2,60,73807,,
9139,1,1,1,1,73808,,
9140,1,1,2,60,73808,,
9141,1,1,1,3,73809,,
9142,1,1,2,12,73809,,
9143,1,1,1,1,73810,,
9144,1,1,2,2,73810,,
9145,1,1,1,11,73811,,
9146,1,1,2,123,73811,,
9147,2,1,2,7,73811,,
9148,1,1,1,3,73812,,
9149,1,1,2,41,73812,,
9150,1,1,1,4,73813,,
9151,1,1,2,60,73813,,
9152,1,1,1,1,73814,,
9153,1,1,2,60,73814,,
9154,1,1,1,3,73815,,
9155,1,1,2,12,73815,,
9156,1,1,1,1,73816,,
9157,1,1,2,2,73816,,
9158,1,1,1,11,73817,,
9159,1,1,2,123,73817,,
9160,2,1,2,7,73817,,
9161,1,1,1,3,73818,,
9162,1,1,2,41,73818,,
9163,1,1,1,4,73819,,
9164,1,1,2,60,73819,,
9165,1,1,1,1,73820,,
9166,1,1,2,60,73820,,
9167,1,1,1,3,73821,,
9168,1,1,2,12,73821,,
9169,1,1,1,1,73822,,
9170,1,1,2,2,73822,,
9171,1,1,1,11,73823,,
9172,1,1,2,123,73823,,
9173,2,1,2,7,73823,,
9174,1,1,1,3,73824,,
9175,1,1,2,41,73824,,
9176,1,1,1,4,73825,,
9177,1,1,2,60,73825,,
9178,1,1,1,1,73826,,
9179,1,1,2,60,73826,,
9180,1,1,1,3,73827,,
9181,1,1,2,12,73827,,
9182,1,1,1,1,73828,,
9183,1,1,2,2,73828,,
9184,1,1,1,11,73829,,
9185,1,1,2,123,73829,,
9186,2,1,2,7,73829,,
9187,1,1,1,3,73830,,
9188,1,1,2,41,73830,,
9189,1,1,1,4,73831,,
9190,1,1,2,60,73831,,
9191,1,1,1,1,73832,,
9192,1,1,2,60,73832,,
9193,1,1,1,3,73833,,
9194,1,1,2,12,73833,,
9195,1,1,1,1,73834,,
9196,1,1,2,2,73834,,
9197,1,1,1,11,73835,,
9198,1,1,2,123,73835,,
9199,2,1,2,7,73835,,
9200,1,1,1,8,73836,,
9201,1,1,2,166,73836,,
9202,1,1,1,14,73837,,
9203,1,1,2,227,73837,,
9204,1,1,1,15,73838,,
9205,1,1,2,262,73838,,
9206,1,1,1,3,73839,,
9207,1,1,2,12,73839,,
9208,1,1,1,1,73840,,
9209,1,1,2,2,73840,,
9210,1,1,1,11,73841,,
9211,1,1,2,123,73841,,
9212,2,1,2,7,73841,,
9213,1,1,1,8,73842,,
9214,1,1,2,166,73842,,
9215,1,1,1,14,73843,,
9216,1,1,2,227,73843,,
9217,1,1,1,15,73844,,
9218,1,1,2,262,73844,,
9219,1,1,1,3,73845,,
9220,1,1,2,12,73845,,
9221,1,1,1,1,73846,,
9222,1,1,2,2,73846,,
9223,1,1,1,11,73847,,
9224,1,1,2,123,73847,,
9225,2,1,2,7,73847,,
9226,1,1,1,8,73848,,
9227,1,1,2,166,73848,,
9228,1,1,1,14,73849,,
9229,1,1,2,227,73849,,
9230,1,1,1,15,73850,,
9231,1,1,2,262,73850,,
9232,1,1,1,3,73851,,
9233,1,1,2,12,73851,,
9234,1,1,1,1,73852,,
9235,1,1,2,2,73852,,
9236,1,1,1,11,73853,,
9237,1,1,2,123,73853,,
9238,2,1,2,7,73853,,
9239,1,1,1,8,73854,,
9240,1,1,2,166,73854,,
9241,1,1,1,14,73855,,
9242,1,1,2,227,73855,,
9243,1,1,1,15,73856,,
9244,1,1,2,262,73856,,
9245,1,1,1,3,73857,,
9246,1,1,2,12,73857,,
9247,1,1,1,1,73858,,
9248,1,1,2,2,73858,,
9249,1,1,1,11,73859,,
9250,1,1,2,123,73859,,
9251,2,1,2,7,73859,,
9252,1,1,1,8,73860,,
9253,1,1,2,166,73860,,
9254,1,1,1,14,73861,,
9255,1,1,2,227,73861,,
9256,1,1,1,15,73862,,
9257,1,1,2,262,73862,,
9258,1,1,1,3,73863,,
9259,1,1,2,12,73863,,
9260,1,1,1,1,73864,,
9261,1,1,2,2,73864,,
9262,1,1,1,11,73865,,
9263,1,1,2,123,73865,,
9264,2,1,2,7,73865,,
9265,1,1,1,8,73866,,
9266,1,1,2,166,73866,,
9267,1,1,1,14,73867,,
9268,1,1,2,227,73867,,
9269,1,1,1,15,73868,,
9270,1,1,2,262,73868,,
9271,1,1,1,3,73869,,
9272,1,1,2,12,73869,,
9273,1,1,1,1,73870,,
9274,1,1,2,2,73870,,
9275,1,1,1,14,73871,,
9276,1,1,2,122,73871,,
9277,2,1,1,1,73871,,
9278,2,1,2,6,73871,,
9279,1,1,1,8,73872,,
9280,1,1,2,166,73872,,
9281,1,1,1,14,73873,,
9282,1,1,2,227,73873,,
9283,1,1,1,15,73874,,
9284,1,1,2,262,73874,,
9285,1,1,1,4,73875,,
9286,1,1,2,14,73875,,
9287,1,1,1,1,73876,,
9288,1,1,2,2,73876,,
9289,1,1,1,14,73877,,
9290,1,1,2,122,73877,,
9291,2,1,1,1,73877,,
9292,2,1,2,6,73877,,
9293,1,1,1,8,73878,,
9294,1,1,2,166,73878,,
9295,1,1,1,14,73879,,
9296,1,1,2,227,73879,,
9297,1,1,1,15,73880,,
9298,1,1,2,262,73880,,
9299,1,1,1,4,73881,,
9300,1,1,2,14,73881,,
9301,1,1,1,1,73882,,
9302,1,1,2,2,73882,,
9303,1,1,1,14,73883,,
9304,1,1,2,122,73883,,
9305,2,1,1,1,73883,,
9306,2,1,2,6,73883,,
9307,1,1,1,8,73884,,
9308,1,1,2,166,73884,,
9309,1,1,1,14,73885,,
9310,1,1,2,227,73885,,
9311,1,1,1,15,73886,,
9312,1,1,2,262,73886,,
9313,1,1,1,4,73887,,
9314,1,1,2,14,73887,,
9315,1,1,1,1,73888,,
9316,1,1,2,2,73888,,
9317,1,1,1,14,73889,,
9318,1,1,2,122,73889,,
9319,2,1,1,1,73889,,
9320,2,1,2,6,73889,,
9321,1,1,1,8,73890,,
9322,1,1,2,166,73890,,
9323,1,1,1,14,73891,,
9324,1,1,2,227,73891,,
9325,1,1,1,15,73892,,
9326,1,1,2,262,73892,,
9327,1,1,1,4,73893,,
9328,1,1,2,14,73893,,
9329,1,1,1,1,73894,,
9330,1,1,2,2,73894,,
9331,1,1,1,14,73895,,
9332,1,1,2,122,73895,,
9333,2,1,1,1,73895,,
9334,2,1,2,6,73895,,
9335,1,1,1,8,73896,,
9336,1,1,2,166,73896,,
9337,1,1,1,14,73897,,
9338,1,1,2,227,73897,,
9339,1,1,1,15,73898,,
9340,1,1,2,262,73898,,
9341,1,1,1,4,73899,,
9342,1,1,2,14,73899,,
9343,1,1,1,1,73900,,
9344,1,1,2,2,73900,,
9345,1,1,1,14,73901,,
9346,1,1,2,122,73901,,
9347,2,1,1,1,73901,,
9348,2,1,2,6,73901,,
9349,1,1,1,8,73902,,
9350,1,1,2,166,73902,,
9351,1,1,1,14,73903,,
9352,1,1,2,227,73903,,
9353,1,1,1,15,73904,,
9354,1,1,2,262,73904,,
9355,1,1,1,4,73905,,
9356,1,1,2,14,73905,,
9357,1,1,1,1,73906,,
9358,1,1,2,2,73906,,
9359,1,1,1,15,73907,,
9360,1,1,2,133,73907,,
9361,2,1,1,1,73907,,
9362,2,1,2,6,73907,,
9363,1,1,1,12,73908,,
9364,1,1,2,194,73908,,
9365,1,1,1,17,73909,,
9366,1,1,2,253,73909,,
9367,1,1,1,17,73910,,
9368,1,1,2,307,73910,,
9369,1,1,1,4,73911,,
9370,1,1,2,14,73911,,
9371,1,1,1,1,73912,,
9372,1,1,2,3,73912,,
9373,1,1,1,15,73913,,
9374,1,1,2,133,73913,,
9375,2,1,1,1,73913,,
9376,2,1,2,6,73913,,
9377,1,1,1,12,73914,,
9378,1,1,2,194,73914,,
9379,1,1,1,17,73915,,
9380,1,1,2,253,73915,,
9381,1,1,1,17,73916,,
9382,1,1,2,307,73916,,
9383,1,1,1,4,73917,,
9384,1,1,2,14,73917,,
9385,1,1,1,1,73918,,
9386,1,1,2,3,73918,,
9387,1,1,1,15,73919,,
9388,1,1,2,133,73919,,
9389,2,1,1,1,73919,,
9390,2,1,2,6,73919,,
9391,1,1,1,12,73920,,
9392,1,1,2,194,73920,,
9393,1,1,1,17,73921,,
9394,1,1,2,253,73921,,
9395,1,1,1,17,73922,,
9396,1,1,2,307,73922,,
9397,1,1,1,4,73923,,
9398,1,1,2,14,73923,,
9399,1,1,1,1,73924,,
9400,1,1,2,3,73924,,
9401,1,1,1,15,73925,,
9402,1,1,2,133,73925,,
9403,2,1,1,1,73925,,
9404,2,1,2,6,73925,,
9405,1,1,1,12,73926,,
9406,1,1,2,194,73926,,
9407,1,1,1,17,73927,,
9408,1,1,2,253,73927,,
9409,1,1,1,17,73928,,
9410,1,1,2,307,73928,,
9411,1,1,1,4,73929,,
9412,1,1,2,14,73929,,
9413,1,1,1,1,73930,,
9414,1,1,2,3,73930,,
9415,1,1,1,15,73931,,
9416,1,1,2,133,73931,,
9417,2,1,1,1,73931,,
9418,2,1,2,6,73931,,
9419,1,1,1,12,73932,,
9420,1,1,2,194,73932,,
9421,1,1,1,17,73933,,
9422,1,1,2,253,73933,,
9423,1,1,1,17,73934,,
9424,1,1,2,307,73934,,
9425,1,1,1,4,73935,,
9426,1,1,2,14,73935,,
9427,1,1,1,1,73936,,
9428,1,1,2,3,73936,,
9429,1,1,1,15,73937,,
9430,1,1,2,133,73937,,
9431,2,1,1,1,73937,,
9432,2,1,2,6,73937,,
9433,1,1,1,12,73938,,
9434,1,1,2,194,73938,,
9435,1,1,1,17,73939,,
9436,1,1,2,253,73939,,
9437,1,1,1,17,73940,,
9438,1,1,2,307,73940,,
9439,1,1,1,4,73941,,
9440,1,1,2,14,73941,,
9441,1,1,1,1,73942,,
9442,1,1,2,3,73942,,
9443,1,1,1,15,73943,,
9444,1,1,2,133,73943,,
9445,2,1,1,1,73943,,
9446,2,1,2,6,73943,,
9447,1,1,1,12,73944,,
9448,1,1,2,194,73944,,
9449,1,1,1,17,73945,,
9450,1,1,2,253,73945,,
9451,1,1,1,17,73946,,
9452,1,1,2,307,73946,,
9453,1,1,1,4,73947,,
9454,1,1,2,14,73947,,
9455,1,1,1,1,73948,,
9456,1,1,2,3,73948,,
9457,1,1,1,15,73949,,
9458,1,1,2,133,73949,,
9459,2,1,1,1,73949,,
9460,2,1,2,6,73949,,
9461,1,1,1,12,73950,,
9462,1,1,2,194,73950,,
9463,1,1,1,17,73951,,
9464,1,1,2,253,73951,,
9465,1,1,1,17,73952,,
9466,1,1,2,307,73952,,
9467,1,1,1,4,73953,,
9468,1,1,2,14,73953,,
9469,1,1,1,1,73954,,
9470,1,1,2,3,73954,,
9471,1,1,1,15,73955,,
9472,1,1,2,133,73955,,
9473,2,1,1,1,73955,,
9474,2,1,2,6,73955,,
9475,1,1,1,12,73956,,
9476,1,1,2,194,73956,,
9477,1,1,1,17,73957,,
9478,1,1,2,253,73957,,
9479,1,1,1,17,73958,,
9480,1,1,2,307,73958,,
9481,1,1,1,4,73959,,
9482,1,1,2,14,73959,,
9483,1,1,1,1,73960,,
9484,1,1,2,3,73960,,
9485,1,1,1,15,73961,,
9486,1,1,2,133,73961,,
9487,2,1,1,1,73961,,
9488,2,1,2,6,73961,,
9489,1,1,1,12,73962,,
9490,1,1,2,194,73962,,
9491,1,1,1,17,73963,,
9492,1,1,2,253,73963,,
9493,1,1,1,17,73964,,
9494,1,1,2,307,73964,,
9495,1,1,1,4,73965,,
9496,1,1,2,14,73965,,
9497,1,1,1,1,73966,,
9498,1,1,2,3,73966,,
9499,1,1,1,15,73967,,
9500,1,1,2,133,73967,,
9501,2,1,1,1,73967,,
9502,2,1,2,6,73967,,
9503,1,1,1,12,73968,,
9504,1,1,2,194,73968,,
9505,1,1,1,17,73969,,
9506,1,1,2,253,73969,,
9507,1,1,1,17,73970,,
9508,1,1,2,307,73970,,
9509,1,1,1,4,73971,,
9510,1,1,2,14,73971,,
9511,1,1,1,1,73972,,
9512,1,1,2,3,73972,,
9513,1,1,1,15,73973,,
9514,1,1,2,133,73973,,
9515,2,1,1,1,73973,,
9516,2,1,2,6,73973,,
9517,1,1,1,12,73974,,
9518,1,1,2,194,73974,,
9519,1,1,1,17,73975,,
9520,1,1,2,253,73975,,
9521,1,1,1,17,73976,,
9522,1,1,2,307,73976,,
9523,1,1,1,4,73977,,
9524,1,1,2,14,73977,,
9525,1,1,1,1,73978,,
9526,1,1,2,3,73978,,
9527,1,1,1,16,73979,,
9528,1,1,2,135,73979,,
9529,2,1,1,1,73979,,
9530,2,1,2,6,73979,,
9531,1,1,1,12,73980,,
9532,1,1,2,231,73980,,
9533,1,1,1,20,73981,,
9534,1,1,2,315,73981,,
9535,1,1,1,19,73982,,
9536,1,1,2,345,73982,,
9537,1,1,1,4,73983,,
9538,1,1,2,15,73983,,
9539,1,1,1,1,73984,,
9540,1,1,2,2,73984,,
9541,1,1,1,16,73985,,
9542,1,1,2,135,73985,,
9543,2,1,1,1,73985,,
9544,2,1,2,6,73985,,
9545,1,1,1,12,73986,,
9546,1,1,2,231,73986,,
9547,1,1,1,20,73987,,
9548,1,1,2,315,73987,,
9549,1,1,1,19,73988,,
9550,1,1,2,345,73988,,
9551,1,1,1,4,73989,,
9552,1,1,2,15,73989,,
9553,1,1,1,1,73990,,
9554,1,1,2,2,73990,,
9555,1,1,1,16,73991,,
9556,1,1,2,135,73991,,
9557,2,1,1,1,73991,,
9558,2,1,2,6,73991,,
9559,1,1,1,12,73992,,
9560,1,1,2,231,73992,,
9561,1,1,1,20,73993,,
9562,1,1,2,315,73993,,
9563,1,1,1,19,73994,,
9564,1,1,2,345,73994,,
9565,1,1,1,4,73995,,
9566,1,1,2,15,73995,,
9567,1,1,1,1,73996,,
9568,1,1,2,2,73996,,
9569,1,1,1,16,73997,,
9570,1,1,2,135,73997,,
9571,2,1,1,1,73997,,
9572,2,1,2,6,73997,,
9573,1,1,1,12,73998,,
9574,1,1,2,231,73998,,
9575,1,1,1,20,73999,,
9576,1,1,2,315,73999,,
9577,1,1,1,19,74000,,
9578,1,1,2,345,74000,,
9579,1,1,1,4,74001,,
9580,1,1,2,15,74001,,
9581,1,1,1,1,74002,,
9582,1,1,2,2,74002,,
9583,1,1,1,16,74003,,
9584,1,1,2,135,74003,,
9585,2,1,1,1,74003,,
9586,2,1,2,6,74003,,
9587,1,1,1,12,74004,,
9588,1,1,2,231,74004,,
9589,1,1,1,20,74005,,
9590,1,1,2,315,74005,,
9591,1,1,1,19,74006,,
9592,1,1,2,345,74006,,
9593,1,1,1,4,74007,,
9594,1,1,2,15,74007,,
9595,1,1,1,1,74008,,
9596,1,1,2,2,74008,,
9597,1,1,1,16,74009,,
9598,1,1,2,135,74009,,
9599,2,1,1,1,74009,,
9600,2,1,2,6,74009,,
9601,1,1,1,12,74010,,
9602,1,1,2,231,74010,,
9603,1,1,1,20,74011,,
9604,1,1,2,315,74011,,
9605,1,1,1,19,74012,,
9606,1,1,2,345,74012,,
9607,1,1,1,4,74013,,
9608,1,1,2,15,74013,,
9609,1,1,1,1,74014,,
9610,1,1,2,2,74014,,
9611,1,1,1,16,74015,,
9612,1,1,2,135,74015,,
9613,2,1,1,1,74015,,
9614,2,1,2,6,74015,,
9615,1,1,1,12,74016,,
9616,1,1,2,231,74016,,
9617,1,1,1,20,74017,,
9618,1,1,2,315,74017,,
9619,1,1,1,19,74018,,
9620,1,1,2,345,74018,,
9621,1,1,1,4,74019,,
9622,1,1,2,15,74019,,
9623,1,1,1,1,74020,,
9624,1,1,2,2,74020,,
9625,1,1,1,16,74021,,
9626,1,1,2,135,74021,,
9627,2,1,1,1,74021,,
9628,2,1,2,6,74021,,
9629,1,1,1,12,74022,,
9630,1,1,2,231,74022,,
9631,1,1,1,20,74023,,
9632,1,1,2,315,74023,,
9633,1,1,1,19,74024,,
9634,1,1,2,345,74024,,
9635,1,1,1,4,74025,,
9636,1,1,2,15,74025,,
9637,1,1,1,1,74026,,
9638,1,1,2,2,74026,,
9639,1,1,1,16,74027,,
9640,1,1,2,135,74027,,
9641,2,1,1,1,74027,,
9642,2,1,2,6,74027,,
9643,1,1,1,12,74028,,
9644,1,1,2,231,74028,,
9645,1,1,1,20,74029,,
9646,1,1,2,315,74029,,
9647,1,1,1,19,74030,,
9648,1,1,2,345,74030,,
9649,1,1,1,4,74031,,
9650,1,1,2,15,74031,,
9651,1,1,1,1,74032,,
9652,1,1,2,2,74032,,
9653,1,1,1,16,74033,,
9654,1,1,2,135,74033,,
9655,2,1,1,1,74033,,
9656,2,1,2,6,74033,,
9657,1,1,1,12,74034,,
9658,1,1,2,231,74034,,
9659,1,1,1,20,74035,,
9660,1,1,2,315,74035,,
9661,1,1,1,19,74036,,
9662,1,1,2,345,74036,,
9663,1,1,1,4,74037,,
9664,1,1,2,15,74037,,
9665,1,1,1,1,74038,,
9666,1,1,2,2,74038,,
9667,1,1,1,16,74039,,
9668,1,1,2,135,74039,,
9669,2,1,1,1,74039,,
9670,2,1,2,6,74039,,
9671,1,1,1,12,74040,,
9672,1,1,2,231,74040,,
9673,1,1,1,20,74041,,
9674,1,1,2,315,74041,,
9675,1,1,1,19,74042,,
9676,1,1,2,345,74042,,
9677,1,1,1,4,74043,,
9678,1,1,2,15,74043,,
9679,1,1,1,1,74044,,
9680,1,1,2,2,74044,,
9681,1,1,1,16,74045,,
9682,1,1,2,135,74045,,
9683,2,1,1,1,74045,,
9684,2,1,2,6,74045,,
9685,1,1,1,12,74046,,
9686,1,1,2,231,74046,,
9687,1,1,1,20,74047,,
9688,1,1,2,315,74047,,
9689,1,1,1,19,74048,,
9690,1,1,2,345,74048,,
9691,1,1,1,4,74049,,
9692,1,1,2,15,74049,,
9693,1,1,1,1,74050,,
9694,1,1,2,2,74050,,
9695,1,1,1,16,74051,,
9696,1,1,2,142,74051,,
9697,2,1,1,1,74051,,
9698,2,1,2,6,74051,,
9699,1,1,1,15,74052,,
9700,1,1,2,289,74052,,
9701,1,1,1,26,74053,,
9702,1,1,2,376,74053,,
9703,1,1,1,21,74054,,
9704,1,1,2,434,74054,,
9705,1,1,1,4,74055,,
9706,1,1,2,15,74055,,
9707,1,1,1,1,74056,,
9708,1,1,2,2,74056,,
9709,1,1,1,16,74057,,
9710,1,1,2,142,74057,,
9711,2,1,1,1,74057,,
9712,2,1,2,6,74057,,
9713,1,1,1,15,74058,,
9714,1,1,2,289,74058,,
9715,1,1,1,26,74059,,
9716,1,1,2,376,74059,,
9717,1,1,1,21,74060,,
9718,1,1,2,434,74060,,
9719,1,1,1,4,74061,,
9720,1,1,2,15,74061,,
9721,1,1,1,1,74062,,
9722,1,1,2,2,74062,,
9723,1,1,1,16,74063,,
9724,1,1,2,142,74063,,
9725,2,1,1,1,74063,,
9726,2,1,2,6,74063,,
9727,1,1,1,15,74064,,
9728,1,1,2,289,74064,,
9729,1,1,1,26,74065,,
9730,1,1,2,376,74065,,
9731,1,1,1,21,74066,,
9732,1,1,2,434,74066,,
9733,1,1,1,4,74067,,
9734,1,1,2,15,74067,,
9735,1,1,1,1,74068,,
9736,1,1,2,2,74068,,
9737,1,1,1,16,74069,,
9738,1,1,2,142,74069,,
9739,2,1,1,1,74069,,
9740,2,1,2,6,74069,,
9741,1,1,1,15,74070,,
9742,1,1,2,289,74070,,
9743,1,1,1,26,74071,,
9744,1,1,2,376,74071,,
9745,1,1,1,21,74072,,
9746,1,1,2,434,74072,,
9747,1,1,1,4,74073,,
9748,1,1,2,15,74073,,
9749,1,1,1,1,74074,,
9750,1,1,2,2,74074,,
9751,1,1,1,16,74075,,
9752,1,1,2,142,74075,,
9753,2,1,1,1,74075,,
9754,2,1,2,6,74075,,
9755,1,1,1,15,74076,,
9756,1,1,2,289,74076,,
9757,1,1,1,26,74077,,
9758,1,1,2,376,74077,,
9759,1,1,1,21,74078,,
9760,1,1,2,434,74078,,
9761,1,1,1,4,74079,,
9762,1,1,2,15,74079,,
9763,1,1,1,1,74080,,
9764,1,1,2,2,74080,,
9765,1,1,1,16,74081,,
9766,1,1,2,142,74081,,
9767,2,1,1,1,74081,,
9768,2,1,2,6,74081,,
9769,1,1,1,15,74082,,
9770,1,1,2,289,74082,,
9771,1,1,1,26,74083,,
9772,1,1,2,376,74083,,
9773,1,1,1,21,74084,,
9774,1,1,2,434,74084,,
9775,1,1,1,4,74085,,
9776,1,1,2,15,74085,,
9777,1,1,1,1,74086,,
9778,1,1,2,2,74086,,
9779,1,1,1,16,74087,,
9780,1,1,2,142,74087,,
9781,2,1,1,1,74087,,
9782,2,1,2,6,74087,,
9783,1,1,1,15,74088,,
9784,1,1,2,289,74088,,
9785,1,1,1,26,74089,,
9786,1,1,2,376,74089,,
9787,1,1,1,21,74090,,
9788,1,1,2,434,74090,,
9789,1,1,1,4,74091,,
9790,1,1,2,15,74091,,
9791,1,1,1,1,74092,,
9792,1,1,2,2,74092,,
9793,1,1,1,16,74093,,
9794,1,1,2,142,74093,,
9795,2,1,1,1,74093,,
9796,2,1,2,6,74093,,
9797,1,1,1,15,74094,,
9798,1,1,2,289,74094,,
9799,1,1,1,26,74095,,
9800,1,1,2,376,74095,,
9801,1,1,1,21,74096,,
9802,1,1,2,434,74096,,
9803,1,1,1,4,74097,,
9804,1,1,2,15,74097,,
9805,1,1,1,1,74098,,
9806,1,1,2,2,74098,,
9807,1,1,1,16,74099,,
9808,1,1,2,142,74099,,
9809,2,1,1,1,74099,,
9810,2,1,2,6,74099,,
9811,1,1,1,15,74100,,
9812,1,1,2,289,74100,,
9813,1,1,1,26,74101,,
9814,1,1,2,376,74101,,
9815,1,1,1,21,74102,,
9816,1,1,2,434,74102,,
9817,1,1,1,4,74103,,
9818,1,1,2,15,74103,,
9819,1,1,1,1,74104,,
9820,1,1,2,2,74104,,
9821,1,1,1,16,74105,,
9822,1,1,2,142,74105,,
9823,2,1,1,1,74105,,
9824,2,1,2,6,74105,,
9825,1,1,1,15,74106,,
9826,1,1,2,289,74106,,
9827,1,1,1,26,74107,,
9828,1,1,2,376,74107,,
9829,1,1,1,21,74108,,
9830,1,1,2,434,74108,,
9831,1,1,1,4,74109,,
9832,1,1,2,15,74109,,
9833,1,1,1,1,74110,,
9834,1,1,2,2,74110,,
9835,1,1,1,16,74111,,
9836,1,1,2,142,74111,,
9837,2,1,1,1,74111,,
9838,2,1,2,6,74111,,
9839,1,1,1,15,74112,,
9840,1,1,2,289,74112,,
9841,1,1,1,26,74113,,
9842,1,1,2,376,74113,,
9843,1,1,1,21,74114,,
9844,1,1,2,434,74114,,
9845,1,1,1,4,74115,,
9846,1,1,2,15,74115,,
9847,1,1,1,1,74116,,
9848,1,1,2,2,74116,,
9849,1,1,1,16,74117,,
9850,1,1,2,142,74117,,
9851,2,1,1,1,74117,,
9852,2,1,2,6,74117,,
9853,1,1,1,15,74118,,
9854,1,1,2,289,74118,,
9855,1,1,1,26,74119,,
9856,1,1,2,376,74119,,
9857,1,1,1,21,74120,,
9858,1,1,2,434,74120,,
9859,1,1,1,4,74121,,
9860,1,1,2,15,74121,,
9861,1,1,1,1,74122,,
9862,1,1,2,2,74122,,
9863,1,1,1,20,74123,,
9864,1,1,2,139,74123,,
9865,2,1,1,1,74123,,
9866,2,1,2,8,74123,,
9867,1,1,1,24,74124,,
9868,1,1,2,282,74124,,
9869,1,1,1,29,74125,,
9870,1,1,2,381,74125,,
9871,1,1,1,23,74126,,
9872,1,1,2,438,74126,,
9873,1,1,1,3,74127,,
9874,1,1,2,17,74127,,
9875,1,1,1,1,74128,,
9876,1,1,2,2,74128,,
9877,1,1,1,20,74129,,
9878,1,1,2,139,74129,,
9879,2,1,1,1,74129,,
9880,2,1,2,8,74129,,
9881,1,1,1,24,74130,,
9882,1,1,2,282,74130,,
9883,1,1,1,29,74131,,
9884,1,1,2,381,74131,,
9885,1,1,1,23,74132,,
9886,1,1,2,438,74132,,
9887,1,1,1,3,74133,,
9888,1,1,2,17,74133,,
9889,1,1,1,1,74134,,
9890,1,1,2,2,74134,,
9891,1,1,1,20,74135,,
9892,1,1,2,139,74135,,
9893,2,1,1,1,74135,,
9894,2,1,2,8,74135,,
9895,1,1,1,24,74136,,
9896,1,1,2,282,74136,,
9897,1,1,1,29,74137,,
9898,1,1,2,381,74137,,
9899,1,1,1,23,74138,,
9900,1,1,2,438,74138,,
9901,1,1,1,3,74139,,
9902,1,1,2,17,74139,,
9903,1,1,1,1,74140,,
9904,1,1,2,2,74140,,
9905,1,1,1,20,74141,,
9906,1,1,2,139,74141,,
9907,2,1,1,1,74141,,
9908,2,1,2,8,74141,,
9909,1,1,1,24,74142,,
9910,1,1,2,282,74142,,
9911,1,1,1,29,74143,,
9912,1,1,2,381,74143,,
9913,1,1,1,23,74144,,
9914,1,1,2,438,74144,,
9915,1,1,1,3,74145,,
9916,1,1,2,17,74145,,
9917,1,1,1,1,74146,,
9918,1,1,2,2,74146,,
9919,1,1,1,20,74147,,
9920,1,1,2,139,74147,,
9921,2,1,1,1,74147,,
9922,2,1,2,8,74147,,
9923,1,1,1,24,74148,,
9924,1,1,2,282,74148,,
9925,1,1,1,29,74149,,
9926,1,1,2,381,74149,,
9927,1,1,1,23,74150,,
9928,1,1,2,438,74150,,
9929,1,1,1,3,74151,,
9930,1,1,2,17,74151,,
9931,1,1,1,1,74152,,
9932,1,1,2,2,74152,,
9933,1,1,1,20,74153,,
9934,1,1,2,139,74153,,
9935,2,1,1,1,74153,,
9936,2,1,2,8,74153,,
9937,1,1,1,24,74154,,
9938,1,1,2,282,74154,,
9939,1,1,1,29,74155,,
9940,1,1,2,381,74155,,
9941,1,1,1,23,74156,,
9942,1,1,2,438,74156,,
9943,1,1,1,3,74157,,
9944,1,1,2,17,74157,,
9945,1,1,1,1,74158,,
9946,1,1,2,2,74158,,
9947,1,1,1,20,74159,,
9948,1,1,2,139,74159,,
9949,2,1,1,1,74159,,
9950,2,1,2,8,74159,,
9951,1,1,1,24,74160,,
9952,1,1,2,282,74160,,
9953,1,1,1,29,74161,,
9954,1,1,2,381,74161,,
9955,1,1,1,23,74162,,
9956,1,1,2,438,74162,,
9957,1,1,1,3,74163,,
9958,1,1,2,17,74163,,
9959,1,1,1,1,74164,,
9960,1,1,2,2,74164,,
9961,1,1,1,20,74165,,
9962,1,1,2,139,74165,,
9963,2,1,1,1,74165,,
9964,2,1,2,8,74165,,
9965,1,1,1,24,74166,,
9966,1,1,2,282,74166,,
9967,1,1,1,29,74167,,
9968,1,1,2,381,74167,,
9969,1,1,1,23,74168,,
9970,1,1,2,438,74168,,
9971,1,1,1,3,74169,,
9972,1,1,2,17,74169,,
9973,1,1,1,1,74170,,
9974,1,1,2,2,74170,,
9975,1,1,1,20,74171,,
9976,1,1,2,139,74171,,
9977,2,1,1,1,74171,,
9978,2,1,2,8,74171,,
9979,1,1,1,24,74172,,
9980,1,1,2,282,74172,,
9981,1,1,1,29,74173,,
9982,1,1,2,381,74173,,
9983,1,1,1,23,74174,,
9984,1,1,2,438,74174,,
9985,1,1,1,3,74175,,
9986,1,1,2,17,74175,,
9987,1,1,1,1,74176,,
9988,1,1,2,2,74176,,
9989,1,1,1,20,74177,,
9990,1,1,2,139,74177,,
9991,2,1,1,1,74177,,
9992,2,1,2,8,74177,,
9993,1,1,1,24,74178,,
9994,1,1,2,282,74178,,
9995,1,1,1,29,74179,,
9996,1,1,2,381,74179,,
9997,1,1,1,23,74180,,
9998,1,1,2,438,74180,,
9999,1,1,1,3,74181,,
10000,1,1,2,17,74181,,
10001,1,1,1,1,74182,,
10002,1,1,2,2,74182,,
10003,1,1,1,20,74183,,
10004,1,1,2,139,74183,,
10005,2,1,1,1,74183,,
10006,2,1,2,8,74183,,
10007,1,1,1,24,74184,,
10008,1,1,2,282,74184,,
10009,1,1,1,29,74185,,
10010,1,1,2,381,74185,,
10011,1,1,1,23,74186,,
10012,1,1,2,438,74186,,
10013,1,1,1,3,74187,,
10014,1,1,2,17,74187,,
10015,1,1,1,1,74188,,
10016,1,1,2,2,74188,,
10017,1,1,1,20,74189,,
10018,1,1,2,139,74189,,
10019,2,1,1,1,74189,,
10020,2,1,2,8,74189,,
10021,1,1,1,24,74190,,
10022,1,1,2,282,74190,,
10023,1,1,1,29,74191,,
10024,1,1,2,381,74191,,
10025,1,1,1,23,74192,,
10026,1,1,2,438,74192,,
10027,1,1,1,3,74193,,
10028,1,1,2,17,74193,,
10029,1,1,1,1,74194,,
10030,1,1,2,2,74194,,
10031,1,1,1,23,74195,,
10032,1,1,2,152,74195,,
10033,2,1,1,1,74195,,
10034,2,1,2,8,74195,,
10035,1,1,1,27,74196,,
10036,1,1,2,280,74196,,
10037,1,1,1,28,74197,,
10038,1,1,2,388,74197,,
10039,1,1,1,23,74198,,
10040,1,1,2,435,74198,,
10041,1,1,1,2,74199,,
10042,1,1,2,17,74199,,
10043,1,1,1,1,74200,,
10044,1,1,2,2,74200,,
10045,1,1,1,23,74201,,
10046,1,1,2,152,74201,,
10047,2,1,1,1,74201,,
10048,2,1,2,8,74201,,
10049,1,1,1,27,74202,,
10050,1,1,2,280,74202,,
10051,1,1,1,28,74203,,
10052,1,1,2,388,74203,,
10053,1,1,1,23,74204,,
10054,1,1,2,435,74204,,
10055,1,1,1,2,74205,,
10056,1,1,2,17,74205,,
10057,1,1,1,1,74206,,
10058,1,1,2,2,74206,,
10059,1,1,1,23,74207,,
10060,1,1,2,152,74207,,
10061,2,1,1,1,74207,,
10062,2,1,2,8,74207,,
10063,1,1,1,27,74208,,
10064,1,1,2,280,74208,,
10065,1,1,1,28,74209,,
10066,1,1,2,388,74209,,
10067,1,1,1,23,74210,,
10068,1,1,2,435,74210,,
10069,1,1,1,2,74211,,
10070,1,1,2,17,74211,,
10071,1,1,1,1,74212,,
10072,1,1,2,2,74212,,
10073,1,1,1,23,74213,,
10074,1,1,2,152,74213,,
10075,2,1,1,1,74213,,
10076,2,1,2,8,74213,,
10077,1,1,1,27,74214,,
10078,1,1,2,280,74214,,
10079,1,1,1,28,74215,,
10080,1,1,2,388,74215,,
10081,1,1,1,23,74216,,
10082,1,1,2,435,74216,,
10083,1,1,1,2,74217,,
10084,1,1,2,17,74217,,
10085,1,1,1,1,74218,,
10086,1,1,2,2,74218,,
10087,1,1,1,23,74219,,
10088,1,1,2,152,74219,,
10089,2,1,1,1,74219,,
10090,2,1,2,8,74219,,
10091,1,1,1,27,74220,,
10092,1,1,2,280,74220,,
10093,1,1,1,28,74221,,
10094,1,1,2,388,74221,,
10095,1,1,1,23,74222,,
10096,1,1,2,435,74222,,
10097,1,1,1,2,74223,,
10098,1,1,2,17,74223,,
10099,1,1,1,1,74224,,
10100,1,1,2,2,74224,,
10101,1,1,1,23,74225,,
10102,1,1,2,152,74225,,
10103,2,1,1,1,74225,,
10104,2,1,2,8,74225,,
10105,1,1,1,27,74226,,
10106,1,1,2,280,74226,,
10107,1,1,1,28,74227,,
10108,1,1,2,388,74227,,
10109,1,1,1,23,74228,,
10110,1,1,2,435,74228,,
10111,1,1,1,2,74229,,
10112,1,1,2,17,74229,,
10113,1,1,1,1,74230,,
10114,1,1,2,2,74230,,
10115,1,1,1,23,74231,,
10116,1,1,2,152,74231,,
10117,2,1,1,1,74231,,
10118,2,1,2,8,74231,,
10119,1,1,1,27,74232,,
10120,1,1,2,280,74232,,
10121,1,1,1,28,74233,,
10122,1,1,2,388,74233,,
10123,1,1,1,23,74234,,
10124,1,1,2,435,74234,,
10125,1,1,1,2,74235,,
10126,1,1,2,17,74235,,
10127,1,1,1,1,74236,,
10128,1,1,2,2,74236,,
10129,1,1,1,23,74237,,
10130,1,1,2,152,74237,,
10131,2,1,1,1,74237,,
10132,2,1,2,8,74237,,
10133,1,1,1,27,74238,,
10134,1,1,2,280,74238,,
10135,1,1,1,28,74239,,
10136,1,1,2,388,74239,,
10137,1,1,1,23,74240,,
10138,1,1,2,435,74240,,
10139,1,1,1,2,74241,,
10140,1,1,2,17,74241,,
10141,1,1,1,1,74242,,
10142,1,1,2,2,74242,,
10143,1,1,1,23,74243,,
10144,1,1,2,152,74243,,
10145,2,1,1,1,74243,,
10146,2,1,2,8,74243,,
10147,1,1,1,27,74244,,
10148,1,1,2,280,74244,,
10149,1,1,1,28,74245,,
10150,1,1,2,388,74245,,
10151,1,1,1,23,74246,,
10152,1,1,2,435,74246,,
10153,1,1,1,2,74247,,
10154,1,1,2,17,74247,,
10155,1,1,1,1,74248,,
10156,1,1,2,2,74248,,
10157,1,1,1,23,74249,,
10158,1,1,2,152,74249,,
10159,2,1,1,1,74249,,
10160,2,1,2,8,74249,,
10161,1,1,1,27,74250,,
10162,1,1,2,280,74250,,
10163,1,1,1,28,74251,,
10164,1,1,2,388,74251,,
10165,1,1,1,23,74252,,
10166,1,1,2,435,74252,,
10167,1,1,1,2,74253,,
10168,1,1,2,17,74253,,
10169,1,1,1,1,74254,,
10170,1,1,2,2,74254,,
10171,1,1,1,23,74255,,
10172,1,1,2,152,74255,,
10173,2,1,1,1,74255,,
10174,2,1,2,8,74255,,
10175,1,1,1,27,74256,,
10176,1,1,2,280,74256,,
10177,1,1,1,28,74257,,
10178,1,1,2,388,74257,,
10179,1,1,1,23,74258,,
10180,1,1,2,435,74258,,
10181,1,1,1,2,74259,,
10182,1,1,2,17,74259,,
10183,1,1,1,1,74260,,
10184,1,1,2,2,74260,,
10185,1,1,1,23,74261,,
10186,1,1,2,152,74261,,
10187,2,1,1,1,74261,,
10188,2,1,2,8,74261,,
10189,1,1,1,27,74262,,
10190,1,1,2,280,74262,,
10191,1,1,1,28,74263,,
10192,1,1,2,388,74263,,
10193,1,1,1,23,74264,,
10194,1,1,2,435,74264,,
10195,1,1,1,2,74265,,
10196,1,1,2,17,74265,,
10197,1,1,1,1,74266,,
10198,1,1,2,2,74266,,
10199,1,1,1,26,74267,,
10200,1,1,2,170,74267,,
10201,2,1,1,1,74267,,
10202,2,1,2,8,74267,,
10203,1,1,1,28,74268,,
10204,1,1,2,279,74268,,
10205,1,1,1,28,74269,,
10206,1,1,2,388,74269,,
10207,1,1,1,24,74270,,
10208,1,1,2,435,74270,,
10209,1,1,1,4,74271,,
10210,1,1,2,15,74271,,
10211,1,1,1,1,74272,,
10212,1,1,2,3,74272,,
10213,1,1,1,26,74273,,
10214,1,1,2,170,74273,,
10215,2,1,1,1,74273,,
10216,2,1,2,8,74273,,
10217,1,1,1,28,74274,,
10218,1,1,2,279,74274,,
10219,1,1,1,28,74275,,
10220,1,1,2,388,74275,,
10221,1,1,1,24,74276,,
10222,1,1,2,435,74276,,
10223,1,1,1,4,74277,,
10224,1,1,2,15,74277,,
10225,1,1,1,1,74278,,
10226,1,1,2,3,74278,,
10227,1,1,1,26,74279,,
10228,1,1,2,170,74279,,
10229,2,1,1,1,74279,,
10230,2,1,2,8,74279,,
10231,1,1,1,28,74280,,
10232,1,1,2,279,74280,,
10233,1,1,1,28,74281,,
10234,1,1,2,388,74281,,
10235,1,1,1,24,74282,,
10236,1,1,2,435,74282,,
10237,1,1,1,4,74283,,
10238,1,1,2,15,74283,,
10239,1,1,1,1,74284,,
10240,1,1,2,3,74284,,
10241,1,1,1,26,74285,,
10242,1,1,2,170,74285,,
10243,2,1,1,1,74285,,
10244,2,1,2,8,74285,,
10245,1,1,1,28,74286,,
10246,1,1,2,279,74286,,
10247,1,1,1,28,74287,,
10248,1,1,2,388,74287,,
10249,1,1,1,24,74288,,
10250,1,1,2,435,74288,,
10251,1,1,1,4,74289,,
10252,1,1,2,15,74289,,
10253,1,1,1,1,74290,,
10254,1,1,2,3,74290,,
10255,1,1,1,26,74291,,
10256,1,1,2,170,74291,,
10257,2,1,1,1,74291,,
10258,2,1,2,8,74291,,
10259,1,1,1,28,74292,,
10260,1,1,2,279,74292,,
10261,1,1,1,28,74293,,
10262,1,1,2,388,74293,,
10263,1,1,1,24,74294,,
10264,1,1,2,435,74294,,
10265,1,1,1,4,74295,,
10266,1,1,2,15,74295,,
10267,1,1,1,1,74296,,
10268,1,1,2,3,74296,,
10269,1,1,1,26,74297,,
10270,1,1,2,170,74297,,
10271,2,1,1,1,74297,,
10272,2,1,2,8,74297,,
10273,1,1,1,28,74298,,
10274,1,1,2,279,74298,,
10275,1,1,1,28,74299,,
10276,1,1,2,388,74299,,
10277,1,1,1,24,74300,,
10278,1,1,2,435,74300,,
10279,1,1,1,4,74301,,
10280,1,1,2,15,74301,,
10281,1,1,1,1,74302,,
10282,1,1,2,3,74302,,
10283,1,1,1,26,74303,,
10284,1,1,2,170,74303,,
10285,2,1,1,1,74303,,
10286,2,1,2,8,74303,,
10287,1,1,1,28,74304,,
10288,1,1,2,279,74304,,
10289,1,1,1,28,74305,,
10290,1,1,2,388,74305,,
10291,1,1,1,24,74306,,
10292,1,1,2,435,74306,,
10293,1,1,1,4,74307,,
10294,1,1,2,15,74307,,
10295,1,1,1,1,74308,,
10296,1,1,2,3,74308,,
10297,1,1,1,26,74309,,
10298,1,1,2,170,74309,,
10299,2,1,1,1,74309,,
10300,2,1,2,8,74309,,
10301,1,1,1,28,74310,,
10302,1,1,2,279,74310,,
10303,1,1,1,28,74311,,
10304,1,1,2,388,74311,,
10305,1,1,1,24,74312,,
10306,1,1,2,435,74312,,
10307,1,1,1,4,74313,,
10308,1,1,2,15,74313,,
10309,1,1,1,1,74314,,
10310,1,1,2,3,74314,,
10311,1,1,1,26,74315,,
10312,1,1,2,170,74315,,
10313,2,1,1,1,74315,,
10314,2,1,2,8,74315,,
10315,1,1,1,28,74316,,
10316,1,1,2,279,74316,,
10317,1,1,1,28,74317,,
10318,1,1,2,388,74317,,
10319,1,1,1,24,74318,,
10320,1,1,2,435,74318,,
10321,1,1,1,4,74319,,
10322,1,1,2,15,74319,,
10323,1,1,1,1,74320,,
10324,1,1,2,3,74320,,
10325,1,1,1,26,74321,,
10326,1,1,2,170,74321,,
10327,2,1,1,1,74321,,
10328,2,1,2,8,74321,,
10329,1,1,1,28,74322,,
10330,1,1,2,279,74322,,
10331,1,1,1,28,74323,,
10332,1,1,2,388,74323,,
10333,1,1,1,24,74324,,
10334,1,1,2,435,74324,,
10335,1,1,1,4,74325,,
10336,1,1,2,15,74325,,
10337,1,1,1,1,74326,,
10338,1,1,2,3,74326,,
10339,1,1,1,26,74327,,
10340,1,1,2,170,74327,,
10341,2,1,1,1,74327,,
10342,2,1,2,8,74327,,
10343,1,1,1,28,74328,,
10344,1,1,2,279,74328,,
10345,1,1,1,28,74329,,
10346,1,1,2,388,74329,,
10347,1,1,1,24,74330,,
10348,1,1,2,435,74330,,
10349,1,1,1,4,74331,,
10350,1,1,2,15,74331,,
10351,1,1,1,1,74332,,
10352,1,1,2,3,74332,,
10353,1,1,1,26,74333,,
10354,1,1,2,170,74333,,
10355,2,1,1,1,74333,,
10356,2,1,2,8,74333,,
10357,1,1,1,28,74334,,
10358,1,1,2,279,74334,,
10359,1,1,1,28,74335,,
10360,1,1,2,388,74335,,
10361,1,1,1,24,74336,,
10362,1,1,2,435,74336,,
10363,1,1,1,4,74337,,
10364,1,1,2,15,74337,,
10365,1,1,1,1,74338,,
10366,1,1,2,3,74338,,
10367,1,1,1,28,74339,,
10368,1,1,2,190,74339,,
10369,2,1,1,1,74339,,
10370,2,1,2,7,74339,,
10371,1,1,1,33,74340,,
10372,1,1,2,286,74340,,
10373,1,1,1,31,74341,,
10374,1,1,2,399,74341,,
10375,1,1,1,28,74342,,
10376,1,1,2,451,74342,,
10377,1,1,1,4,74343,,
10378,1,1,2,15,74343,,
10379,1,1,1,1,74344,,
10380,1,1,2,3,74344,,
10381,1,1,1,28,74345,,
10382,1,1,2,190,74345,,
10383,2,1,1,1,74345,,
10384,2,1,2,7,74345,,
10385,1,1,1,33,74346,,
10386,1,1,2,286,74346,,
10387,1,1,1,31,74347,,
10388,1,1,2,399,74347,,
10389,1,1,1,28,74348,,
10390,1,1,2,451,74348,,
10391,1,1,1,4,74349,,
10392,1,1,2,15,74349,,
10393,1,1,1,1,74350,,
10394,1,1,2,3,74350,,
10395,1,1,1,28,74351,,
10396,1,1,2,190,74351,,
10397,2,1,1,1,74351,,
10398,2,1,2,7,74351,,
10399,1,1,1,33,74352,,
10400,1,1,2,286,74352,,
10401,1,1,1,31,74353,,
10402,1,1,2,399,74353,,
10403,1,1,1,28,74354,,
10404,1,1,2,451,74354,,
10405,1,1,1,4,74355,,
10406,1,1,2,15,74355,,
10407,1,1,1,1,74356,,
10408,1,1,2,3,74356,,
10409,1,1,1,28,74357,,
10410,1,1,2,190,74357,,
10411,2,1,1,1,74357,,
10412,2,1,2,7,74357,,
10413,1,1,1,33,74358,,
10414,1,1,2,286,74358,,
10415,1,1,1,31,74359,,
10416,1,1,2,399,74359,,
10417,1,1,1,28,74360,,
10418,1,1,2,451,74360,,
10419,1,1,1,4,74361,,
10420,1,1,2,15,74361,,
10421,1,1,1,1,74362,,
10422,1,1,2,3,74362,,
10423,1,1,1,28,74363,,
10424,1,1,2,190,74363,,
10425,2,1,1,1,74363,,
10426,2,1,2,7,74363,,
10427,1,1,1,33,74364,,
10428,1,1,2,286,74364,,
10429,1,1,1,31,74365,,
10430,1,1,2,399,74365,,
10431,1,1,1,28,74366,,
10432,1,1,2,451,74366,,
10433,1,1,1,4,74367,,
10434,1,1,2,15,74367,,
10435,1,1,1,1,74368,,
10436,1,1,2,3,74368,,
10437,1,1,1,28,74369,,
10438,1,1,2,190,74369,,
10439,2,1,1,1,74369,,
10440,2,1,2,7,74369,,
10441,1,1,1,33,74370,,
10442,1,1,2,286,74370,,
10443,1,1,1,31,74371,,
10444,1,1,2,399,74371,,
10445,1,1,1,28,74372,,
10446,1,1,2,451,74372,,
10447,1,1,1,4,74373,,
10448,1,1,2,15,74373,,
10449,1,1,1,1,74374,,
10450,1,1,2,3,74374,,
10451,1,1,1,28,74375,,
10452,1,1,2,190,74375,,
10453,2,1,1,1,74375,,
10454,2,1,2,7,74375,,
10455,1,1,1,33,74376,,
10456,1,1,2,286,74376,,
10457,1,1,1,31,74377,,
10458,1,1,2,399,74377,,
10459,1,1,1,28,74378,,
10460,1,1,2,451,74378,,
10461,1,1,1,4,74379,,
10462,1,1,2,15,74379,,
10463,1,1,1,1,74380,,
10464,1,1,2,3,74380,,
10465,1,1,1,28,74381,,
10466,1,1,2,190,74381,,
10467,2,1,1,1,74381,,
10468,2,1,2,7,74381,,
10469,1,1,1,33,74382,,
10470,1,1,2,286,74382,,
10471,1,1,1,31,74383,,
10472,1,1,2,399,74383,,
10473,1,1,1,28,74384,,
10474,1,1,2,451,74384,,
10475,1,1,1,4,74385,,
10476,1,1,2,15,74385,,
10477,1,1,1,1,74386,,
10478,1,1,2,3,74386,,
10479,1,1,1,28,74387,,
10480,1,1,2,190,74387,,
10481,2,1,1,1,74387,,
10482,2,1,2,7,74387,,
10483,1,1,1,33,74388,,
10484,1,1,2,286,74388,,
10485,1,1,1,31,74389,,
10486,1,1,2,399,74389,,
10487,1,1,1,28,74390,,
10488,1,1,2,451,74390,,
10489,1,1,1,4,74391,,
10490,1,1,2,15,74391,,
10491,1,1,1,1,74392,,
10492,1,1,2,3,74392,,
10493,1,1,1,28,74393,,
10494,1,1,2,190,74393,,
10495,2,1,1,1,74393,,
10496,2,1,2,7,74393,,
10497,1,1,1,33,74394,,
10498,1,1,2,286,74394,,
10499,1,1,1,31,74395,,
10500,1,1,2,399,74395,,
10501,1,1,1,28,74396,,
10502,1,1,2,451,74396,,
10503,1,1,1,4,74397,,
10504,1,1,2,15,74397,,
10505,1,1,1,1,74398,,
10506,1,1,2,3,74398,,
10507,1,1,1,28,74399,,
10508,1,1,2,190,74399,,
10509,2,1,1,1,74399,,
10510,2,1,2,7,74399,,
10511,1,1,1,33,74400,,
10512,1,1,2,286,74400,,
10513,1,1,1,31,74401,,
10514,1,1,2,399,74401,,
10515,1,1,1,28,74402,,
10516,1,1,2,451,74402,,
10517,1,1,1,4,74403,,
10518,1,1,2,15,74403,,
10519,1,1,1,1,74404,,
10520,1,1,2,3,74404,,
10521,1,1,1,28,74405,,
10522,1,1,2,190,74405,,
10523,2,1,1,1,74405,,
10524,2,1,2,7,74405,,
10525,1,1,1,33,74406,,
10526,1,1,2,286,74406,,
10527,1,1,1,31,74407,,
10528,1,1,2,399,74407,,
10529,1,1,1,28,74408,,
10530,1,1,2,451,74408,,
10531,1,1,1,4,74409,,
10532,1,1,2,15,74409,,
10533,1,1,1,1,74410,,
10534,1,1,2,3,74410,,
10535,1,1,1,25,74411,,
10536,1,1,2,218,74411,,
10537,2,1,1,1,74411,,
10538,2,1,2,6,74411,,
10539,1,1,1,40,74412,,
10540,1,1,2,289,74412,,
10541,1,1,1,35,74413,,
10542,1,1,2,406,74413,,
10543,1,1,1,31,74414,,
10544,1,1,2,448,74414,,
10545,1,1,1,7,74415,,
10546,1,1,2,15,74415,,
10547,1,1,1,1,74416,,
10548,1,1,2,3,74416,,
10549,1,1,1,25,74417,,
10550,1,1,2,218,74417,,
10551,2,1,1,1,74417,,
10552,2,1,2,6,74417,,
10553,1,1,1,40,74418,,
10554,1,1,2,289,74418,,
10555,1,1,1,35,74419,,
10556,1,1,2,406,74419,,
10557,1,1,1,31,74420,,
10558,1,1,2,448,74420,,
10559,1,1,1,7,74421,,
10560,1,1,2,15,74421,,
10561,1,1,1,1,74422,,
10562,1,1,2,3,74422,,
10563,1,1,1,25,74423,,
10564,1,1,2,218,74423,,
10565,2,1,1,1,74423,,
10566,2,1,2,6,74423,,
10567,1,1,1,40,74424,,
10568,1,1,2,289,74424,,
10569,1,1,1,35,74425,,
10570,1,1,2,406,74425,,
10571,1,1,1,31,74426,,
10572,1,1,2,448,74426,,
10573,1,1,1,7,74427,,
10574,1,1,2,15,74427,,
10575,1,1,1,1,74428,,
10576,1,1,2,3,74428,,
10577,1,1,1,25,74429,,
10578,1,1,2,218,74429,,
10579,2,1,1,1,74429,,
10580,2,1,2,6,74429,,
10581,1,1,1,40,74430,,
10582,1,1,2,289,74430,,
10583,1,1,1,35,74431,,
10584,1,1,2,406,74431,,
10585,1,1,1,31,74432,,
10586,1,1,2,448,74432,,
10587,1,1,1,7,74433,,
10588,1,1,2,15,74433,,
10589,1,1,1,1,74434,,
10590,1,1,2,3,74434,,
10591,1,1,1,25,74435,,
10592,1,1,2,218,74435,,
10593,2,1,1,1,74435,,
10594,2,1,2,6,74435,,
10595,1,1,1,40,74436,,
10596,1,1,2,289,74436,,
10597,1,1,1,35,74437,,
10598,1,1,2,406,74437,,
10599,1,1,1,31,74438,,
10600,1,1,2,448,74438,,
10601,1,1,1,7,74439,,
10602,1,1,2,15,74439,,
10603,1,1,1,1,74440,,
10604,1,1,2,3,74440,,
10605,1,1,1,25,74441,,
10606,1,1,2,218,74441,,
10607,2,1,1,1,74441,,
10608,2,1,2,6,74441,,
10609,1,1,1,40,74442,,
10610,1,1,2,289,74442,,
10611,1,1,1,35,74443,,
10612,1,1,2,406,74443,,
10613,1,1,1,31,74444,,
10614,1,1,2,448,74444,,
10615,1,1,1,7,74445,,
10616,1,1,2,15,74445,,
10617,1,1,1,1,74446,,
10618,1,1,2,3,74446,,
10619,1,1,1,25,74447,,
10620,1,1,2,218,74447,,
10621,2,1,1,1,74447,,
10622,2,1,2,6,74447,,
10623,1,1,1,40,74448,,
10624,1,1,2,289,74448,,
10625,1,1,1,35,74449,,
10626,1,1,2,406,74449,,
10627,1,1,1,31,74450,,
10628,1,1,2,448,74450,,
10629,1,1,1,7,74451,,
10630,1,1,2,15,74451,,
10631,1,1,1,1,74452,,
10632,1,1,2,3,74452,,
10633,1,1,1,25,74453,,
10634,1,1,2,218,74453,,
10635,2,1,1,1,74453,,
10636,2,1,2,6,74453,,
10637,1,1,1,40,74454,,
10638,1,1,2,289,74454,,
10639,1,1,1,35,74455,,
10640,1,1,2,406,74455,,
10641,1,1,1,31,74456,,
10642,1,1,2,448,74456,,
10643,1,1,1,7,74457,,
10644,1,1,2,15,74457,,
10645,1,1,1,1,74458,,
10646,1,1,2,3,74458,,
10647,1,1,1,25,74459,,
10648,1,1,2,218,74459,,
10649,2,1,1,1,74459,,
10650,2,1,2,6,74459,,
10651,1,1,1,40,74460,,
10652,1,1,2,289,74460,,
10653,1,1,1,35,74461,,
10654,1,1,2,406,74461,,
10655,1,1,1,31,74462,,
10656,1,1,2,448,74462,,
10657,1,1,1,7,74463,,
10658,1,1,2,15,74463,,
10659,1,1,1,1,74464,,
10660,1,1,2,3,74464,,
10661,1,1,1,25,74465,,
10662,1,1,2,218,74465,,
10663,2,1,1,1,74465,,
10664,2,1,2,6,74465,,
10665,1,1,1,40,74466,,
10666,1,1,2,289,74466,,
10667,1,1,1,35,74467,,
10668,1,1,2,406,74467,,
10669,1,1,1,31,74468,,
10670,1,1,2,448,74468,,
10671,1,1,1,7,74469,,
10672,1,1,2,15,74469,,
10673,1,1,1,1,74470,,
10674,1,1,2,3,74470,,
10675,1,1,1,25,74471,,
10676,1,1,2,218,74471,,
10677,2,1,1,1,74471,,
10678,2,1,2,6,74471,,
10679,1,1,1,40,74472,,
10680,1,1,2,289,74472,,
10681,1,1,1,35,74473,,
10682,1,1,2,406,74473,,
10683,1,1,1,31,74474,,
10684,1,1,2,448,74474,,
10685,1,1,1,7,74475,,
10686,1,1,2,15,74475,,
10687,1,1,1,1,74476,,
10688,1,1,2,3,74476,,
10689,1,1,1,25,74477,,
10690,1,1,2,218,74477,,
10691,2,1,1,1,74477,,
10692,2,1,2,6,74477,,
10693,1,1,1,40,74478,,
10694,1,1,2,289,74478,,
10695,1,1,1,35,74479,,
10696,1,1,2,406,74479,,
10697,1,1,1,31,74480,,
10698,1,1,2,448,74480,,
10699,1,1,1,7,74481,,
10700,1,1,2,15,74481,,
10701,1,1,1,1,74482,,
10702,1,1,2,3,74482,,
10703,1,1,1,26,74483,,
10704,1,1,2,241,74483,,
10705,2,1,1,1,74483,,
10706,2,1,2,7,74483,,
10707,1,1,1,41,74484,,
10708,1,1,2,287,74484,,
10709,2,1,2,6,74484,,
10710,1,1,1,35,74485,,
10711,1,1,2,411,74485,,
10712,2,1,2,9,74485,,
10713,1,1,1,32,74486,,
10714,1,1,2,448,74486,,
10715,2,1,2,9,74486,,
10716,1,1,1,7,74487,,
10717,1,1,2,15,74487,,
10718,1,1,1,1,74488,,
10719,1,1,2,4,74488,,
10720,1,1,1,26,74489,,
10721,1,1,2,241,74489,,
10722,2,1,1,1,74489,,
10723,2,1,2,7,74489,,
10724,1,1,1,41,74490,,
10725,1,1,2,287,74490,,
10726,2,1,2,6,74490,,
10727,1,1,1,35,74491,,
10728,1,1,2,411,74491,,
10729,2,1,2,9,74491,,
10730,1,1,1,32,74492,,
10731,1,1,2,448,74492,,
10732,2,1,2,9,74492,,
10733,1,1,1,7,74493,,
10734,1,1,2,15,74493,,
10735,1,1,1,1,74494,,
10736,1,1,2,4,74494,,
10737,1,1,1,26,74495,,
10738,1,1,2,241,74495,,
10739,2,1,1,1,74495,,
10740,2,1,2,7,74495,,
10741,1,1,1,41,74496,,
10742,1,1,2,287,74496,,
10743,2,1,2,6,74496,,
10744,1,1,1,35,74497,,
10745,1,1,2,411,74497,,
10746,2,1,2,9,74497,,
10747,1,1,1,32,74498,,
10748,1,1,2,448,74498,,
10749,2,1,2,9,74498,,
10750,1,1,1,7,74499,,
10751,1,1,2,15,74499,,
10752,1,1,1,1,74500,,
10753,1,1,2,4,74500,,
10754,1,1,1,26,74501,,
10755,1,1,2,241,74501,,
10756,2,1,1,1,74501,,
10757,2,1,2,7,74501,,
10758,1,1,1,41,74502,,
10759,1,1,2,287,74502,,
10760,2,1,2,6,74502,,
10761,1,1,1,35,74503,,
10762,1,1,2,411,74503,,
10763,2,1,2,9,74503,,
10764,1,1,1,32,74504,,
10765,1,1,2,448,74504,,
10766,2,1,2,9,74504,,
10767,1,1,1,7,74505,,
10768,1,1,2,15,74505,,
10769,1,1,1,1,74506,,
10770,1,1,2,4,74506,,
10771,1,1,1,26,74507,,
10772,1,1,2,241,74507,,
10773,2,1,1,1,74507,,
10774,2,1,2,7,74507,,
10775,1,1,1,41,74508,,
10776,1,1,2,287,74508,,
10777,2,1,2,6,74508,,
10778,1,1,1,35,74509,,
10779,1,1,2,411,74509,,
10780,2,1,2,9,74509,,
10781,1,1,1,32,74510,,
10782,1,1,2,448,74510,,
10783,2,1,2,9,74510,,
10784,1,1,1,7,74511,,
10785,1,1,2,15,74511,,
10786,1,1,1,1,74512,,
10787,1,1,2,4,74512,,
10788,1,1,1,26,74513,,
10789,1,1,2,241,74513,,
10790,2,1,1,1,74513,,
10791,2,1,2,7,74513,,
10792,1,1,1,41,74514,,
10793,1,1,2,287,74514,,
10794,2,1,2,6,74514,,
10795,1,1,1,35,74515,,
10796,1,1,2,411,74515,,
10797,2,1,2,9,74515,,
10798,1,1,1,32,74516,,
10799,1,1,2,448,74516,,
10800,2,1,2,9,74516,,
10801,1,1,1,7,74517,,
10802,1,1,2,15,74517,,
10803,1,1,1,1,74518,,
10804,1,1,2,4,74518,,
10805,1,1,1,26,74519,,
10806,1,1,2,241,74519,,
10807,2,1,1,1,74519,,
10808,2,1,2,7,74519,,
10809,1,1,1,41,74520,,
10810,1,1,2,287,74520,,
10811,2,1,2,6,74520,,
10812,1,1,1,35,74521,,
10813,1,1,2,411,74521,,
10814,2,1,2,9,74521,,
10815,1,1,1,32,74522,,
10816,1,1,2,448,74522,,
10817,2,1,2,9,74522,,
10818,1,1,1,7,74523,,
10819,1,1,2,15,74523,,
10820,1,1,1,1,74524,,
10821,1,1,2,4,74524,,
10822,1,1,1,26,74525,,
10823,1,1,2,241,74525,,
10824,2,1,1,1,74525,,
10825,2,1,2,7,74525,,
10826,1,1,1,41,74526,,
10827,1,1,2,287,74526,,
10828,2,1,2,6,74526,,
10829,1,1,1,35,74527,,
10830,1,1,2,411,74527,,
10831,2,1,2,9,74527,,
10832,1,1,1,32,74528,,
10833,1,1,2,448,74528,,
10834,2,1,2,9,74528,,
10835,1,1,1,7,74529,,
10836,1,1,2,15,74529,,
10837,1,1,1,1,74530,,
10838,1,1,2,4,74530,,
10839,1,1,1,26,74531,,
10840,1,1,2,241,74531,,
10841,2,1,1,1,74531,,
10842,2,1,2,7,74531,,
10843,1,1,1,41,74532,,
10844,1,1,2,287,74532,,
10845,2,1,2,6,74532,,
10846,1,1,1,35,74533,,
10847,1,1,2,411,74533,,
10848,2,1,2,9,74533,,
10849,1,1,1,32,74534,,
10850,1,1,2,448,74534,,
10851,2,1,2,9,74534,,
10852,1,1,1,7,74535,,
10853,1,1,2,15,74535,,
10854,1,1,1,1,74536,,
10855,1,1,2,4,74536,,
10856,1,1,1,26,74537,,
10857,1,1,2,241,74537,,
10858,2,1,1,1,74537,,
10859,2,1,2,7,74537,,
10860,1,1,1,41,74538,,
10861,1,1,2,287,74538,,
10862,2,1,2,6,74538,,
10863,1,1,1,35,74539,,
10864,1,1,2,411,74539,,
10865,2,1,2,9,74539,,
10866,1,1,1,32,74540,,
10867,1,1,2,448,74540,,
10868,2,1,2,9,74540,,
10869,1,1,1,7,74541,,
10870,1,1,2,15,74541,,
10871,1,1,1,1,74542,,
10872,1,1,2,4,74542,,
10873,1,1,1,26,74543,,
10874,1,1,2,241,74543,,
10875,2,1,1,1,74543,,
10876,2,1,2,7,74543,,
10877,1,1,1,41,74544,,
10878,1,1,2,287,74544,,
10879,2,1,2,6,74544,,
10880,1,1,1,35,74545,,
10881,1,1,2,411,74545,,
10882,2,1,2,9,74545,,
10883,1,1,1,32,74546,,
10884,1,1,2,448,74546,,
10885,2,1,2,9,74546,,
10886,1,1,1,7,74547,,
10887,1,1,2,15,74547,,
10888,1,1,1,1,74548,,
10889,1,1,2,4,74548,,
10890,1,1,1,26,74549,,
10891,1,1,2,241,74549,,
10892,2,1,1,1,74549,,
10893,2,1,2,7,74549,,
10894,1,1,1,41,74550,,
10895,1,1,2,287,74550,,
10896,2,1,2,6,74550,,
10897,1,1,1,35,74551,,
10898,1,1,2,411,74551,,
10899,2,1,2,9,74551,,
10900,1,1,1,32,74552,,
10901,1,1,2,448,74552,,
10902,2,1,2,9,74552,,
10903,1,1,1,7,74553,,
10904,1,1,2,15,74553,,
10905,1,1,1,1,74554,,
10906,1,1,2,4,74554,,
10907,1,1,1,25,74555,,
10908,1,1,2,251,74555,,
10909,2,1,1,2,74555,,
10910,2,1,2,8,74555,,
10911,1,1,1,44,74556,,
10912,1,1,2,284,74556,,
10913,2,1,2,10,74556,,
10914,1,1,1,35,74557,,
10915,1,1,2,412,74557,,
10916,2,1,2,11,74557,,
10917,1,1,1,30,74558,,
10918,1,1,2,444,74558,,
10919,2,1,2,13,74558,,
10920,1,1,1,6,74559,,
10921,1,1,2,15,74559,,
10922,1,1,1,1,74560,,
10923,1,1,2,4,74560,,
10924,1,1,1,25,74561,,
10925,1,1,2,251,74561,,
10926,2,1,1,2,74561,,
10927,2,1,2,8,74561,,
10928,1,1,1,44,74562,,
10929,1,1,2,284,74562,,
10930,2,1,2,10,74562,,
10931,1,1,1,35,74563,,
10932,1,1,2,412,74563,,
10933,2,1,2,11,74563,,
10934,1,1,1,30,74564,,
10935,1,1,2,444,74564,,
10936,2,1,2,13,74564,,
10937,1,1,1,6,74565,,
10938,1,1,2,15,74565,,
10939,1,1,1,1,74566,,
10940,1,1,2,4,74566,,
10941,1,1,1,25,74567,,
10942,1,1,2,251,74567,,
10943,2,1,1,2,74567,,
10944,2,1,2,8,74567,,
10945,1,1,1,44,74568,,
10946,1,1,2,284,74568,,
10947,2,1,2,10,74568,,
10948,1,1,1,35,74569,,
10949,1,1,2,412,74569,,
10950,2,1,2,11,74569,,
10951,1,1,1,30,74570,,
10952,1,1,2,444,74570,,
10953,2,1,2,13,74570,,
10954,1,1,1,6,74571,,
10955,1,1,2,15,74571,,
10956,1,1,1,1,74572,,
10957,1,1,2,4,74572,,
10958,1,1,1,25,74573,,
10959,1,1,2,251,74573,,
10960,2,1,1,2,74573,,
10961,2,1,2,8,74573,,
10962,1,1,1,44,74574,,
10963,1,1,2,284,74574,,
10964,2,1,2,10,74574,,
10965,1,1,1,35,74575,,
10966,1,1,2,412,74575,,
10967,2,1,2,11,74575,,
10968,1,1,1,30,74576,,
10969,1,1,2,444,74576,,
10970,2,1,2,13,74576,,
10971,1,1,1,6,74577,,
10972,1,1,2,15,74577,,
10973,1,1,1,1,74578,,
10974,1,1,2,4,74578,,
10975,1,1,1,25,74579,,
10976,1,1,2,251,74579,,
10977,2,1,1,2,74579,,
10978,2,1,2,8,74579,,
10979,1,1,1,44,74580,,
10980,1,1,2,284,74580,,
10981,2,1,2,10,74580,,
10982,1,1,1,35,74581,,
10983,1,1,2,412,74581,,
10984,2,1,2,11,74581,,
10985,1,1,1,30,74582,,
10986,1,1,2,444,74582,,
10987,2,1,2,13,74582,,
10988,1,1,1,6,74583,,
10989,1,1,2,15,74583,,
10990,1,1,1,1,74584,,
10991,1,1,2,4,74584,,
10992,1,1,1,25,74585,,
10993,1,1,2,251,74585,,
10994,2,1,1,2,74585,,
10995,2,1,2,8,74585,,
10996,1,1,1,44,74586,,
10997,1,1,2,284,74586,,
10998,2,1,2,10,74586,,
10999,1,1,1,35,74587,,
11000,1,1,2,412,74587,,
11001,2,1,2,11,74587,,
11002,1,1,1,30,74588,,
11003,1,1,2,444,74588,,
11004,2,1,2,13,74588,,
11005,1,1,1,6,74589,,
11006,1,1,2,15,74589,,
11007,1,1,1,1,74590,,
11008,1,1,2,4,74590,,
11009,1,1,1,25,74591,,
11010,1,1,2,251,74591,,
11011,2,1,1,2,74591,,
11012,2,1,2,8,74591,,
11013,1,1,1,44,74592,,
11014,1,1,2,284,74592,,
11015,2,1,2,10,74592,,
11016,1,1,1,35,74593,,
11017,1,1,2,412,74593,,
11018,2,1,2,11,74593,,
11019,1,1,1,30,74594,,
11020,1,1,2,444,74594,,
11021,2,1,2,13,74594,,
11022,1,1,1,6,74595,,
11023,1,1,2,15,74595,,
11024,1,1,1,1,74596,,
11025,1,1,2,4,74596,,
11026,1,1,1,25,74597,,
11027,1,1,2,251,74597,,
11028,2,1,1,2,74597,,
11029,2,1,2,8,74597,,
11030,1,1,1,44,74598,,
11031,1,1,2,284,74598,,
11032,2,1,2,10,74598,,
11033,1,1,1,35,74599,,
11034,1,1,2,412,74599,,
11035,2,1,2,11,74599,,
11036,1,1,1,30,74600,,
11037,1,1,2,444,74600,,
11038,2,1,2,13,74600,,
11039,1,1,1,6,74601,,
11040,1,1,2,15,74601,,
11041,1,1,1,1,74602,,
11042,1,1,2,4,74602,,
11043,1,1,1,25,74603,,
11044,1,1,2,251,74603,,
11045,2,1,1,2,74603,,
11046,2,1,2,8,74603,,
11047,1,1,1,44,74604,,
11048,1,1,2,284,74604,,
11049,2,1,2,10,74604,,
11050,1,1,1,35,74605,,
11051,1,1,2,412,74605,,
11052,2,1,2,11,74605,,
11053,1,1,1,30,74606,,
11054,1,1,2,444,74606,,
11055,2,1,2,13,74606,,
11056,1,1,1,6,74607,,
11057,1,1,2,15,74607,,
11058,1,1,1,1,74608,,
11059,1,1,2,4,74608,,
11060,1,1,1,25,74609,,
11061,1,1,2,251,74609,,
11062,2,1,1,2,74609,,
11063,2,1,2,8,74609,,
11064,1,1,1,44,74610,,
11065,1,1,2,284,74610,,
11066,2,1,2,10,74610,,
11067,1,1,1,35,74611,,
11068,1,1,2,412,74611,,
11069,2,1,2,11,74611,,
11070,1,1,1,30,74612,,
11071,1,1,2,444,74612,,
11072,2,1,2,13,74612,,
11073,1,1,1,6,74613,,
11074,1,1,2,15,74613,,
11075,1,1,1,1,74614,,
11076,1,1,2,4,74614,,
11077,1,1,1,25,74615,,
11078,1,1,2,251,74615,,
11079,2,1,1,2,74615,,
11080,2,1,2,8,74615,,
11081,1,1,1,44,74616,,
11082,1,1,2,284,74616,,
11083,2,1,2,10,74616,,
11084,1,1,1,35,74617,,
11085,1,1,2,412,74617,,
11086,2,1,2,11,74617,,
11087,1,1,1,30,74618,,
11088,1,1,2,444,74618,,
11089,2,1,2,13,74618,,
11090,1,1,1,6,74619,,
11091,1,1,2,15,74619,,
11092,1,1,1,1,74620,,
11093,1,1,2,4,74620,,
11094,1,1,1,25,74621,,
11095,1,1,2,251,74621,,
11096,2,1,1,2,74621,,
11097,2,1,2,8,74621,,
11098,1,1,1,44,74622,,
11099,1,1,2,284,74622,,
11100,2,1,2,10,74622,,
11101,1,1,1,35,74623,,
11102,1,1,2,412,74623,,
11103,2,1,2,11,74623,,
11104,1,1,1,30,74624,,
11105,1,1,2,444,74624,,
11106,2,1,2,13,74624,,
11107,1,1,1,6,74625,,
11108,1,1,2,15,74625,,
11109,1,1,1,1,74626,,
11110,1,1,2,4,74626,,
11111,1,1,1,25,74627,,
11112,1,1,2,247,74627,,
11113,2,1,1,2,74627,,
11114,2,1,2,8,74627,,
11115,1,1,1,45,74628,,
11116,1,1,2,278,74628,,
11117,2,1,2,16,74628,,
11118,1,1,1,40,74629,,
11119,1,1,2,424,74629,,
11120,2,1,2,23,74629,,
11121,1,1,1,35,74630,,
11122,1,1,2,424,74630,,
11123,2,1,2,30,74630,,
11124,1,1,1,6,74631,,
11125,1,1,2,16,74631,,
11126,1,1,1,1,74632,,
11127,1,1,2,4,74632,,
11128,1,1,1,25,74633,,
11129,1,1,2,247,74633,,
11130,2,1,1,2,74633,,
11131,2,1,2,8,74633,,
11132,1,1,1,45,74634,,
11133,1,1,2,278,74634,,
11134,2,1,2,16,74634,,
11135,1,1,1,40,74635,,
11136,1,1,2,424,74635,,
11137,2,1,2,23,74635,,
11138,1,1,1,35,74636,,
11139,1,1,2,424,74636,,
11140,2,1,2,30,74636,,
11141,1,1,1,6,74637,,
11142,1,1,2,16,74637,,
11143,1,1,1,1,74638,,
11144,1,1,2,4,74638,,
11145,1,1,1,25,74639,,
11146,1,1,2,247,74639,,
11147,2,1,1,2,74639,,
11148,2,1,2,8,74639,,
11149,1,1,1,45,74640,,
11150,1,1,2,278,74640,,
11151,2,1,2,16,74640,,
11152,1,1,1,40,74641,,
11153,1,1,2,424,74641,,
11154,2,1,2,23,74641,,
11155,1,1,1,35,74642,,
11156,1,1,2,424,74642,,
11157,2,1,2,30,74642,,
11158,1,1,1,6,74643,,
11159,1,1,2,16,74643,,
11160,1,1,1,1,74644,,
11161,1,1,2,4,74644,,
11162,1,1,1,25,74645,,
11163,1,1,2,247,74645,,
11164,2,1,1,2,74645,,
11165,2,1,2,8,74645,,
11166,1,1,1,45,74646,,
11167,1,1,2,278,74646,,
11168,2,1,2,16,74646,,
11169,1,1,1,40,74647,,
11170,1,1,2,424,74647,,
11171,2,1,2,23,74647,,
11172,1,1,1,35,74648,,
11173,1,1,2,424,74648,,
11174,2,1,2,30,74648,,
11175,1,1,1,6,74649,,
11176,1,1,2,16,74649,,
11177,1,1,1,1,74650,,
11178,1,1,2,4,74650,,
11179,1,1,1,25,74651,,
11180,1,1,2,247,74651,,
11181,2,1,1,2,74651,,
11182,2,1,2,8,74651,,
11183,1,1,1,45,74652,,
11184,1,1,2,278,74652,,
11185,2,1,2,16,74652,,
11186,1,1,1,40,74653,,
11187,1,1,2,424,74653,,
11188,2,1,2,23,74653,,
11189,1,1,1,35,74654,,
11190,1,1,2,424,74654,,
11191,2,1,2,30,74654,,
11192,1,1,1,6,74655,,
11193,1,1,2,16,74655,,
11194,1,1,1,1,74656,,
11195,1,1,2,4,74656,,
11196,1,1,1,25,74657,,
11197,1,1,2,247,74657,,
11198,2,1,1,2,74657,,
11199,2,1,2,8,74657,,
11200,1,1,1,45,74658,,
11201,1,1,2,278,74658,,
11202,2,1,2,16,74658,,
11203,1,1,1,40,74659,,
11204,1,1,2,424,74659,,
11205,2,1,2,23,74659,,
11206,1,1,1,35,74660,,
11207,1,1,2,424,74660,,
11208,2,1,2,30,74660,,
11209,1,1,1,6,74661,,
11210,1,1,2,16,74661,,
11211,1,1,1,1,74662,,
11212,1,1,2,4,74662,,
11213,1,1,1,25,74663,,
11214,1,1,2,247,74663,,
11215,2,1,1,2,74663,,
11216,2,1,2,8,74663,,
11217,1,1,1,45,74664,,
11218,1,1,2,278,74664,,
11219,2,1,2,16,74664,,
11220,1,1,1,40,74665,,
11221,1,1,2,424,74665,,
11222,2,1,2,23,74665,,
11223,1,1,1,35,74666,,
11224,1,1,2,424,74666,,
11225,2,1,2,30,74666,,
11226,1,1,1,6,74667,,
11227,1,1,2,16,74667,,
11228,1,1,1,1,74668,,
11229,1,1,2,4,74668,,
11230,1,1,1,25,74669,,
11231,1,1,2,247,74669,,
11232,2,1,1,2,74669,,
11233,2,1,2,8,74669,,
11234,1,1,1,45,74670,,
11235,1,1,2,278,74670,,
11236,2,1,2,16,74670,,
11237,1,1,1,40,74671,,
11238,1,1,2,424,74671,,
11239,2,1,2,23,74671,,
11240,1,1,1,35,74672,,
11241,1,1,2,424,74672,,
11242,2,1,2,30,74672,,
11243,1,1,1,6,74673,,
11244,1,1,2,16,74673,,
11245,1,1,1,1,74674,,
11246,1,1,2,4,74674,,
11247,1,1,1,25,74675,,
11248,1,1,2,247,74675,,
11249,2,1,1,2,74675,,
11250,2,1,2,8,74675,,
11251,1,1,1,45,74676,,
11252,1,1,2,278,74676,,
11253,2,1,2,16,74676,,
11254,1,1,1,40,74677,,
11255,1,1,2,424,74677,,
11256,2,1,2,23,74677,,
11257,1,1,1,35,74678,,
11258,1,1,2,424,74678,,
11259,2,1,2,30,74678,,
11260,1,1,1,6,74679,,
11261,1,1,2,16,74679,,
11262,1,1,1,1,74680,,
11263,1,1,2,4,74680,,
11264,1,1,1,25,74681,,
11265,1,1,2,247,74681,,
11266,2,1,1,2,74681,,
11267,2,1,2,8,74681,,
11268,1,1,1,45,74682,,
11269,1,1,2,278,74682,,
11270,2,1,2,16,74682,,
11271,1,1,1,40,74683,,
11272,1,1,2,424,74683,,
11273,2,1,2,23,74683,,
11274,1,1,1,35,74684,,
11275,1,1,2,424,74684,,
11276,2,1,2,30,74684,,
11277,1,1,1,6,74685,,
11278,1,1,2,16,74685,,
11279,1,1,1,1,74686,,
11280,1,1,2,4,74686,,
11281,1,1,1,25,74687,,
11282,1,1,2,247,74687,,
11283,2,1,1,2,74687,,
11284,2,1,2,8,74687,,
11285,1,1,1,45,74688,,
11286,1,1,2,278,74688,,
11287,2,1,2,16,74688,,
11288,1,1,1,40,74689,,
11289,1,1,2,424,74689,,
11290,2,1,2,23,74689,,
11291,1,1,1,35,74690,,
11292,1,1,2,424,74690,,
11293,2,1,2,30,74690,,
11294,1,1,1,6,74691,,
11295,1,1,2,16,74691,,
11296,1,1,1,1,74692,,
11297,1,1,2,4,74692,,
11298,1,1,1,25,74693,,
11299,1,1,2,247,74693,,
11300,2,1,1,2,74693,,
11301,2,1,2,8,74693,,
11302,1,1,1,45,74694,,
11303,1,1,2,278,74694,,
11304,2,1,2,16,74694,,
11305,1,1,1,40,74695,,
11306,1,1,2,424,74695,,
11307,2,1,2,23,74695,,
11308,1,1,1,35,74696,,
11309,1,1,2,424,74696,,
11310,2,1,2,30,74696,,
11311,1,1,1,6,74697,,
11312,1,1,2,16,74697,,
11313,1,1,1,1,74698,,
11314,1,1,2,4,74698,,
11315,1,1,1,26,74699,,
11316,1,1,2,235,74699,,
11317,2,1,1,1,74699,,
11318,2,1,2,8,74699,,
11319,1,1,1,43,74700,,
11320,1,1,2,261,74700,,
11321,2,1,2,18,74700,,
11322,1,1,1,41,74701,,
11323,1,1,2,421,74701,,
11324,2,1,2,27,74701,,
11325,1,1,1,36,74702,,
11326,1,1,2,425,74702,,
11327,2,1,2,36,74702,,
11328,1,1,1,6,74703,,
11329,1,1,2,19,74703,,
11330,1,1,1,1,74704,,
11331,1,1,2,4,74704,,
11332,1,1,1,26,74705,,
11333,1,1,2,235,74705,,
11334,2,1,1,1,74705,,
11335,2,1,2,8,74705,,
11336,1,1,1,43,74706,,
11337,1,1,2,261,74706,,
11338,2,1,2,18,74706,,
11339,1,1,1,41,74707,,
11340,1,1,2,421,74707,,
11341,2,1,2,27,74707,,
11342,1,1,1,36,74708,,
11343,1,1,2,425,74708,,
11344,2,1,2,36,74708,,
11345,1,1,1,6,74709,,
11346,1,1,2,19,74709,,
11347,1,1,1,1,74710,,
11348,1,1,2,4,74710,,
11349,1,1,1,26,74711,,
11350,1,1,2,235,74711,,
11351,2,1,1,1,74711,,
11352,2,1,2,8,74711,,
11353,1,1,1,43,74712,,
11354,1,1,2,261,74712,,
11355,2,1,2,18,74712,,
11356,1,1,1,41,74713,,
11357,1,1,2,421,74713,,
11358,2,1,2,27,74713,,
11359,1,1,1,36,74714,,
11360,1,1,2,425,74714,,
11361,2,1,2,36,74714,,
11362,1,1,1,6,74715,,
11363,1,1,2,19,74715,,
11364,1,1,1,1,74716,,
11365,1,1,2,4,74716,,
11366,1,1,1,26,74717,,
11367,1,1,2,235,74717,,
11368,2,1,1,1,74717,,
11369,2,1,2,8,74717,,
11370,1,1,1,43,74718,,
11371,1,1,2,261,74718,,
11372,2,1,2,18,74718,,
11373,1,1,1,41,74719,,
11374,1,1,2,421,74719,,
11375,2,1,2,27,74719,,
11376,1,1,1,36,74720,,
11377,1,1,2,425,74720,,
11378,2,1,2,36,74720,,
11379,1,1,1,6,74721,,
11380,1,1,2,19,74721,,
11381,1,1,1,1,74722,,
11382,1,1,2,4,74722,,
11383,1,1,1,26,74723,,
11384,1,1,2,235,74723,,
11385,2,1,1,1,74723,,
11386,2,1,2,8,74723,,
11387,1,1,1,43,74724,,
11388,1,1,2,261,74724,,
11389,2,1,2,18,74724,,
11390,1,1,1,41,74725,,
11391,1,1,2,421,74725,,
11392,2,1,2,27,74725,,
11393,1,1,1,36,74726,,
11394,1,1,2,425,74726,,
11395,2,1,2,36,74726,,
11396,1,1,1,6,74727,,
11397,1,1,2,19,74727,,
11398,1,1,1,1,74728,,
11399,1,1,2,4,74728,,
11400,1,1,1,26,74729,,
11401,1,1,2,235,74729,,
11402,2,1,1,1,74729,,
11403,2,1,2,8,74729,,
11404,1,1,1,43,74730,,
11405,1,1,2,261,74730,,
11406,2,1,2,18,74730,,
11407,1,1,1,41,74731,,
11408,1,1,2,421,74731,,
11409,2,1,2,27,74731,,
11410,1,1,1,36,74732,,
11411,1,1,2,425,74732,,
11412,2,1,2,36,74732,,
11413,1,1,1,6,74733,,
11414,1,1,2,19,74733,,
11415,1,1,1,1,74734,,
11416,1,1,2,4,74734,,
11417,1,1,1,26,74735,,
11418,1,1,2,235,74735,,
11419,2,1,1,1,74735,,
11420,2,1,2,8,74735,,
11421,1,1,1,43,74736,,
11422,1,1,2,261,74736,,
11423,2,1,2,18,74736,,
11424,1,1,1,41,74737,,
11425,1,1,2,421,74737,,
11426,2,1,2,27,74737,,
11427,1,1,1,36,74738,,
11428,1,1,2,425,74738,,
11429,2,1,2,36,74738,,
11430,1,1,1,6,74739,,
11431,1,1,2,19,74739,,
11432,1,1,1,1,74740,,
11433,1,1,2,4,74740,,
11434,1,1,1,26,74741,,
11435,1,1,2,235,74741,,
11436,2,1,1,1,74741,,
11437,2,1,2,8,74741,,
11438,1,1,1,43,74742,,
11439,1,1,2,261,74742,,
11440,2,1,2,18,74742,,
11441,1,1,1,41,74743,,
11442,1,1,2,421,74743,,
11443,2,1,2,27,74743,,
11444,1,1,1,36,74744,,
11445,1,1,2,425,74744,,
11446,2,1,2,36,74744,,
11447,1,1,1,6,74745,,
11448,1,1,2,19,74745,,
11449,1,1,1,1,74746,,
11450,1,1,2,4,74746,,
11451,1,1,1,26,74747,,
11452,1,1,2,235,74747,,
11453,2,1,1,1,74747,,
11454,2,1,2,8,74747,,
11455,1,1,1,43,74748,,
11456,1,1,2,261,74748,,
11457,2,1,2,18,74748,,
11458,1,1,1,41,74749,,
11459,1,1,2,421,74749,,
11460,2,1,2,27,74749,,
11461,1,1,1,36,74750,,
11462,1,1,2,425,74750,,
11463,2,1,2,36,74750,,
11464,1,1,1,6,74751,,
11465,1,1,2,19,74751,,
11466,1,1,1,1,74752,,
11467,1,1,2,4,74752,,
11468,1,1,1,26,74753,,
11469,1,1,2,235,74753,,
11470,2,1,1,1,74753,,
11471,2,1,2,8,74753,,
11472,1,1,1,43,74754,,
11473,1,1,2,261,74754,,
11474,2,1,2,18,74754,,
11475,1,1,1,41,74755,,
11476,1,1,2,421,74755,,
11477,2,1,2,27,74755,,
11478,1,1,1,36,74756,,
11479,1,1,2,425,74756,,
11480,2,1,2,36,74756,,
11481,1,1,1,6,74757,,
11482,1,1,2,19,74757,,
11483,1,1,1,1,74758,,
11484,1,1,2,4,74758,,
11485,1,1,1,26,74759,,
11486,1,1,2,235,74759,,
11487,2,1,1,1,74759,,
11488,2,1,2,8,74759,,
11489,1,1,1,43,74760,,
11490,1,1,2,261,74760,,
11491,2,1,2,18,74760,,
11492,1,1,1,41,74761,,
11493,1,1,2,421,74761,,
11494,2,1,2,27,74761,,
11495,1,1,1,36,74762,,
11496,1,1,2,425,74762,,
11497,2,1,2,36,74762,,
11498,1,1,1,6,74763,,
11499,1,1,2,19,74763,,
11500,1,1,1,1,74764,,
11501,1,1,2,4,74764,,
11502,1,1,1,26,74765,,
11503,1,1,2,235,74765,,
11504,2,1,1,1,74765,,
11505,2,1,2,8,74765,,
11506,1,1,1,43,74766,,
11507,1,1,2,261,74766,,
11508,2,1,2,18,74766,,
11509,1,1,1,41,74767,,
11510,1,1,2,421,74767,,
11511,2,1,2,27,74767,,
11512,1,1,1,36,74768,,
11513,1,1,2,425,74768,,
11514,2,1,2,36,74768,,
11515,1,1,1,6,74769,,
11516,1,1,2,19,74769,,
11517,1,1,1,1,74770,,
11518,1,1,2,4,74770,,
11519,1,1,1,28,74771,,
11520,1,1,2,227,74771,,
11521,2,1,1,1,74771,,
11522,2,1,2,8,74771,,
11523,1,1,1,48,74772,,
11524,1,1,2,247,74772,,
11525,2,1,2,18,74772,,
11526,1,1,1,44,74773,,
11527,1,1,2,412,74773,,
11528,2,1,2,27,74773,,
11529,1,1,1,39,74774,,
11530,1,1,2,420,74774,,
11531,2,1,2,36,74774,,
11532,1,1,1,6,74775,,
11533,1,1,2,22,74775,,
11534,1,1,1,1,74776,,
11535,1,1,2,3,74776,,
11536,1,1,1,28,74777,,
11537,1,1,2,227,74777,,
11538,2,1,1,1,74777,,
11539,2,1,2,8,74777,,
11540,1,1,1,48,74778,,
11541,1,1,2,247,74778,,
11542,2,1,2,18,74778,,
11543,1,1,1,44,74779,,
11544,1,1,2,412,74779,,
11545,2,1,2,27,74779,,
11546,1,1,1,39,74780,,
11547,1,1,2,420,74780,,
11548,2,1,2,36,74780,,
11549,1,1,1,6,74781,,
11550,1,1,2,22,74781,,
11551,1,1,1,1,74782,,
11552,1,1,2,3,74782,,
11553,1,1,1,28,74783,,
11554,1,1,2,227,74783,,
11555,2,1,1,1,74783,,
11556,2,1,2,8,74783,,
11557,1,1,1,48,74784,,
11558,1,1,2,247,74784,,
11559,2,1,2,18,74784,,
11560,1,1,1,44,74785,,
11561,1,1,2,412,74785,,
11562,2,1,2,27,74785,,
11563,1,1,1,39,74786,,
11564,1,1,2,420,74786,,
11565,2,1,2,36,74786,,
11566,1,1,1,6,74787,,
11567,1,1,2,22,74787,,
11568,1,1,1,1,74788,,
11569,1,1,2,3,74788,,
11570,1,1,1,28,74789,,
11571,1,1,2,227,74789,,
11572,2,1,1,1,74789,,
11573,2,1,2,8,74789,,
11574,1,1,1,48,74790,,
11575,1,1,2,247,74790,,
11576,2,1,2,18,74790,,
11577,1,1,1,44,74791,,
11578,1,1,2,412,74791,,
11579,2,1,2,27,74791,,
11580,1,1,1,39,74792,,
11581,1,1,2,420,74792,,
11582,2,1,2,36,74792,,
11583,1,1,1,6,74793,,
11584,1,1,2,22,74793,,
11585,1,1,1,1,74794,,
11586,1,1,2,3,74794,,
11587,1,1,1,28,74795,,
11588,1,1,2,227,74795,,
11589,2,1,1,1,74795,,
11590,2,1,2,8,74795,,
11591,1,1,1,48,74796,,
11592,1,1,2,247,74796,,
11593,2,1,2,18,74796,,
11594,1,1,1,44,74797,,
11595,1,1,2,412,74797,,
11596,2,1,2,27,74797,,
11597,1,1,1,39,74798,,
11598,1,1,2,420,74798,,
11599,2,1,2,36,74798,,
11600,1,1,1,6,74799,,
11601,1,1,2,22,74799,,
11602,1,1,1,1,74800,,
11603,1,1,2,3,74800,,
11604,1,1,1,28,74801,,
11605,1,1,2,227,74801,,
11606,2,1,1,1,74801,,
11607,2,1,2,8,74801,,
11608,1,1,1,48,74802,,
11609,1,1,2,247,74802,,
11610,2,1,2,18,74802,,
11611,1,1,1,44,74803,,
11612,1,1,2,412,74803,,
11613,2,1,2,27,74803,,
11614,1,1,1,39,74804,,
11615,1,1,2,420,74804,,
11616,2,1,2,36,74804,,
11617,1,1,1,6,74805,,
11618,1,1,2,22,74805,,
11619,1,1,1,1,74806,,
11620,1,1,2,3,74806,,
11621,1,1,1,28,74807,,
11622,1,1,2,227,74807,,
11623,2,1,1,1,74807,,
11624,2,1,2,8,74807,,
11625,1,1,1,48,74808,,
11626,1,1,2,247,74808,,
11627,2,1,2,18,74808,,
11628,1,1,1,44,74809,,
11629,1,1,2,412,74809,,
11630,2,1,2,27,74809,,
11631,1,1,1,39,74810,,
11632,1,1,2,420,74810,,
11633,2,1,2,36,74810,,
11634,1,1,1,6,74811,,
11635,1,1,2,22,74811,,
11636,1,1,1,1,74812,,
11637,1,1,2,3,74812,,
11638,1,1,1,28,74813,,
11639,1,1,2,227,74813,,
11640,2,1,1,1,74813,,
11641,2,1,2,8,74813,,
11642,1,1,1,48,74814,,
11643,1,1,2,247,74814,,
11644,2,1,2,18,74814,,
11645,1,1,1,44,74815,,
11646,1,1,2,412,74815,,
11647,2,1,2,27,74815,,
11648,1,1,1,39,74816,,
11649,1,1,2,420,74816,,
11650,2,1,2,36,74816,,
11651,1,1,1,6,74817,,
11652,1,1,2,22,74817,,
11653,1,1,1,1,74818,,
11654,1,1,2,3,74818,,
11655,1,1,1,28,74819,,
11656,1,1,2,227,74819,,
11657,2,1,1,1,74819,,
11658,2,1,2,8,74819,,
11659,1,1,1,48,74820,,
11660,1,1,2,247,74820,,
11661,2,1,2,18,74820,,
11662,1,1,1,44,74821,,
11663,1,1,2,412,74821,,
11664,2,1,2,27,74821,,
11665,1,1,1,39,74822,,
11666,1,1,2,420,74822,,
11667,2,1,2,36,74822,,
11668,1,1,1,6,74823,,
11669,1,1,2,22,74823,,
11670,1,1,1,1,74824,,
11671,1,1,2,3,74824,,
11672,1,1,1,28,74825,,
11673,1,1,2,227,74825,,
11674,2,1,1,1,74825,,
11675,2,1,2,8,74825,,
11676,1,1,1,48,74826,,
11677,1,1,2,247,74826,,
11678,2,1,2,18,74826,,
11679,1,1,1,44,74827,,
11680,1,1,2,412,74827,,
11681,2,1,2,27,74827,,
11682,1,1,1,39,74828,,
11683,1,1,2,420,74828,,
11684,2,1,2,36,74828,,
11685,1,1,1,6,74829,,
11686,1,1,2,22,74829,,
11687,1,1,1,1,74830,,
11688,1,1,2,3,74830,,
11689,1,1,1,28,74831,,
11690,1,1,2,227,74831,,
11691,2,1,1,1,74831,,
11692,2,1,2,8,74831,,
11693,1,1,1,48,74832,,
11694,1,1,2,247,74832,,
11695,2,1,2,18,74832,,
11696,1,1,1,44,74833,,
11697,1,1,2,412,74833,,
11698,2,1,2,27,74833,,
11699,1,1,1,39,74834,,
11700,1,1,2,420,74834,,
11701,2,1,2,36,74834,,
11702,1,1,1,6,74835,,
11703,1,1,2,22,74835,,
11704,1,1,1,1,74836,,
11705,1,1,2,3,74836,,
11706,1,1,1,28,74837,,
11707,1,1,2,227,74837,,
11708,2,1,1,1,74837,,
11709,2,1,2,8,74837,,
11710,1,1,1,48,74838,,
11711,1,1,2,247,74838,,
11712,2,1,2,18,74838,,
11713,1,1,1,44,74839,,
11714,1,1,2,412,74839,,
11715,2,1,2,27,74839,,
11716,1,1,1,39,74840,,
11717,1,1,2,420,74840,,
11718,2,1,2,36,74840,,
11719,1,1,1,6,74841,,
11720,1,1,2,22,74841,,
11721,1,1,1,1,74842,,
11722,1,1,2,3,74842,,
11723,1,1,1,27,74843,,
11724,1,1,2,225,74843,,
11725,2,1,1,1,74843,,
11726,2,1,2,9,74843,,
11727,1,1,1,50,74844,,
11728,1,1,2,244,74844,,
11729,2,1,2,17,74844,,
11730,1,1,1,47,74845,,
11731,1,1,2,407,74845,,
11732,2,1,2,27,74845,,
11733,1,1,1,40,74846,,
11734,1,1,2,418,74846,,
11735,2,1,2,37,74846,,
11736,1,1,1,6,74847,,
11737,1,1,2,20,74847,,
11738,1,1,1,1,74848,,
11739,1,1,2,3,74848,,
11740,1,1,1,27,74849,,
11741,1,1,2,225,74849,,
11742,2,1,1,1,74849,,
11743,2,1,2,9,74849,,
11744,1,1,1,50,74850,,
11745,1,1,2,244,74850,,
11746,2,1,2,17,74850,,
11747,1,1,1,47,74851,,
11748,1,1,2,407,74851,,
11749,2,1,2,27,74851,,
11750,1,1,1,40,74852,,
11751,1,1,2,418,74852,,
11752,2,1,2,37,74852,,
11753,1,1,1,6,74853,,
11754,1,1,2,20,74853,,
11755,1,1,1,1,74854,,
11756,1,1,2,3,74854,,
11757,1,1,1,27,74855,,
11758,1,1,2,225,74855,,
11759,2,1,1,1,74855,,
11760,2,1,2,9,74855,,
11761,1,1,1,50,74856,,
11762,1,1,2,244,74856,,
11763,2,1,2,17,74856,,
11764,1,1,1,47,74857,,
11765,1,1,2,407,74857,,
11766,2,1,2,27,74857,,
11767,1,1,1,40,74858,,
11768,1,1,2,418,74858,,
11769,2,1,2,37,74858,,
11770,1,1,1,6,74859,,
11771,1,1,2,20,74859,,
11772,1,1,1,1,74860,,
11773,1,1,2,3,74860,,
11774,1,1,1,27,74861,,
11775,1,1,2,225,74861,,
11776,2,1,1,1,74861,,
11777,2,1,2,9,74861,,
11778,1,1,1,50,74862,,
11779,1,1,2,244,74862,,
11780,2,1,2,17,74862,,
11781,1,1,1,47,74863,,
11782,1,1,2,407,74863,,
11783,2,1,2,27,74863,,
11784,1,1,1,40,74864,,
11785,1,1,2,418,74864,,
11786,2,1,2,37,74864,,
11787,1,1,1,6,74865,,
11788,1,1,2,20,74865,,
11789,1,1,1,1,74866,,
11790,1,1,2,3,74866,,
11791,1,1,1,27,74867,,
11792,1,1,2,225,74867,,
11793,2,1,1,1,74867,,
11794,2,1,2,9,74867,,
11795,1,1,1,50,74868,,
11796,1,1,2,244,74868,,
11797,2,1,2,17,74868,,
11798,1,1,1,47,74869,,
11799,1,1,2,407,74869,,
11800,2,1,2,27,74869,,
11801,1,1,1,40,74870,,
11802,1,1,2,418,74870,,
11803,2,1,2,37,74870,,
11804,1,1,1,6,74871,,
11805,1,1,2,20,74871,,
11806,1,1,1,1,74872,,
11807,1,1,2,3,74872,,
11808,1,1,1,27,74873,,
11809,1,1,2,225,74873,,
11810,2,1,1,1,74873,,
11811,2,1,2,9,74873,,
11812,1,1,1,50,74874,,
11813,1,1,2,244,74874,,
11814,2,1,2,17,74874,,
11815,1,1,1,47,74875,,
11816,1,1,2,407,74875,,
11817,2,1,2,27,74875,,
11818,1,1,1,40,74876,,
11819,1,1,2,418,74876,,
11820,2,1,2,37,74876,,
11821,1,1,1,6,74877,,
11822,1,1,2,20,74877,,
11823,1,1,1,1,74878,,
11824,1,1,2,3,74878,,
11825,1,1,1,27,74879,,
11826,1,1,2,225,74879,,
11827,2,1,1,1,74879,,
11828,2,1,2,9,74879,,
11829,1,1,1,50,74880,,
11830,1,1,2,244,74880,,
11831,2,1,2,17,74880,,
11832,1,1,1,47,74881,,
11833,1,1,2,407,74881,,
11834,2,1,2,27,74881,,
11835,1,1,1,40,74882,,
11836,1,1,2,418,74882,,
11837,2,1,2,37,74882,,
11838,1,1,1,6,74883,,
11839,1,1,2,20,74883,,
11840,1,1,1,1,74884,,
11841,1,1,2,3,74884,,
11842,1,1,1,27,74885,,
11843,1,1,2,225,74885,,
11844,2,1,1,1,74885,,
11845,2,1,2,9,74885,,
11846,1,1,1,50,74886,,
11847,1,1,2,244,74886,,
11848,2,1,2,17,74886,,
11849,1,1,1,47,74887,,
11850,1,1,2,407,74887,,
11851,2,1,2,27,74887,,
11852,1,1,1,40,74888,,
11853,1,1,2,418,74888,,
11854,2,1,2,37,74888,,
11855,1,1,1,6,74889,,
11856,1,1,2,20,74889,,
11857,1,1,1,1,74890,,
11858,1,1,2,3,74890,,
11859,1,1,1,27,74891,,
11860,1,1,2,225,74891,,
11861,2,1,1,1,74891,,
11862,2,1,2,9,74891,,
11863,1,1,1,50,74892,,
11864,1,1,2,244,74892,,
11865,2,1,2,17,74892,,
11866,1,1,1,47,74893,,
11867,1,1,2,407,74893,,
11868,2,1,2,27,74893,,
11869,1,1,1,40,74894,,
11870,1,1,2,418,74894,,
11871,2,1,2,37,74894,,
11872,1,1,1,6,74895,,
11873,1,1,2,20,74895,,
11874,1,1,1,1,74896,,
11875,1,1,2,3,74896,,
11876,1,1,1,27,74897,,
11877,1,1,2,225,74897,,
11878,2,1,1,1,74897,,
11879,2,1,2,9,74897,,
11880,1,1,1,50,74898,,
11881,1,1,2,244,74898,,
11882,2,1,2,17,74898,,
11883,1,1,1,47,74899,,
11884,1,1,2,407,74899,,
11885,2,1,2,27,74899,,
11886,1,1,1,40,74900,,
11887,1,1,2,418,74900,,
11888,2,1,2,37,74900,,
11889,1,1,1,6,74901,,
11890,1,1,2,20,74901,,
11891,1,1,1,1,74902,,
11892,1,1,2,3,74902,,
11893,1,1,1,27,74903,,
11894,1,1,2,225,74903,,
11895,2,1,1,1,74903,,
11896,2,1,2,9,74903,,
11897,1,1,1,50,74904,,
11898,1,1,2,244,74904,,
11899,2,1,2,17,74904,,
11900,1,1,1,47,74905,,
11901,1,1,2,407,74905,,
11902,2,1,2,27,74905,,
11903,1,1,1,40,74906,,
11904,1,1,2,418,74906,,
11905,2,1,2,37,74906,,
11906,1,1,1,6,74907,,
11907,1,1,2,20,74907,,
11908,1,1,1,1,74908,,
11909,1,1,2,3,74908,,
11910,1,1,1,27,74909,,
11911,1,1,2,225,74909,,
11912,2,1,1,1,74909,,
11913,2,1,2,9,74909,,
11914,1,1,1,50,74910,,
11915,1,1,2,244,74910,,
11916,2,1,2,17,74910,,
11917,1,1,1,47,74911,,
11918,1,1,2,407,74911,,
11919,2,1,2,27,74911,,
11920,1,1,1,40,74912,,
11921,1,1,2,418,74912,,
11922,2,1,2,37,74912,,
11923,1,1,1,6,74913,,
11924,1,1,2,20,74913,,
11925,1,1,1,1,74914,,
11926,1,1,2,3,74914,,
11927,1,1,1,26,74915,,
11928,1,1,2,227,74915,,
11929,2,1,1,1,74915,,
11930,2,1,2,9,74915,,
11931,1,1,1,52,74916,,
11932,1,1,2,236,74916,,
11933,2,1,2,17,74916,,
11934,1,1,1,46,74917,,
11935,1,1,2,404,74917,,
11936,2,1,2,27,74917,,
11937,1,1,1,37,74918,,
11938,1,1,2,421,74918,,
11939,2,1,1,1,74918,,
11940,2,1,2,35,74918,,
11941,1,1,1,6,74919,,
11942,1,1,2,20,74919,,
11943,1,1,1,1,74920,,
11944,1,1,2,3,74920,,
11945,1,1,1,26,74921,,
11946,1,1,2,227,74921,,
11947,2,1,1,1,74921,,
11948,2,1,2,9,74921,,
11949,1,1,1,52,74922,,
11950,1,1,2,236,74922,,
11951,2,1,2,17,74922,,
11952,1,1,1,46,74923,,
11953,1,1,2,404,74923,,
11954,2,1,2,27,74923,,
11955,1,1,1,37,74924,,
11956,1,1,2,421,74924,,
11957,2,1,1,1,74924,,
11958,2,1,2,35,74924,,
11959,1,1,1,6,74925,,
11960,1,1,2,20,74925,,
11961,1,1,1,1,74926,,
11962,1,1,2,3,74926,,
11963,1,1,1,26,74927,,
11964,1,1,2,227,74927,,
11965,2,1,1,1,74927,,
11966,2,1,2,9,74927,,
11967,1,1,1,52,74928,,
11968,1,1,2,236,74928,,
11969,2,1,2,17,74928,,
11970,1,1,1,46,74929,,
11971,1,1,2,404,74929,,
11972,2,1,2,27,74929,,
11973,1,1,1,37,74930,,
11974,1,1,2,421,74930,,
11975,2,1,1,1,74930,,
11976,2,1,2,35,74930,,
11977,1,1,1,6,74931,,
11978,1,1,2,20,74931,,
11979,1,1,1,1,74932,,
11980,1,1,2,3,74932,,
11981,1,1,1,26,74933,,
11982,1,1,2,227,74933,,
11983,2,1,1,1,74933,,
11984,2,1,2,9,74933,,
11985,1,1,1,52,74934,,
11986,1,1,2,236,74934,,
11987,2,1,2,17,74934,,
11988,1,1,1,46,74935,,
11989,1,1,2,404,74935,,
11990,2,1,2,27,74935,,
11991,1,1,1,37,74936,,
11992,1,1,2,421,74936,,
11993,2,1,1,1,74936,,
11994,2,1,2,35,74936,,
11995,1,1,1,6,74937,,
11996,1,1,2,20,74937,,
11997,1,1,1,1,74938,,
11998,1,1,2,3,74938,,
11999,1,1,1,26,74939,,
12000,1,1,2,227,74939,,
12001,2,1,1,1,74939,,
12002,2,1,2,9,74939,,
12003,1,1,1,52,74940,,
12004,1,1,2,236,74940,,
12005,2,1,2,17,74940,,
12006,1,1,1,46,74941,,
12007,1,1,2,404,74941,,
12008,2,1,2,27,74941,,
12009,1,1,1,37,74942,,
12010,1,1,2,421,74942,,
12011,2,1,1,1,74942,,
12012,2,1,2,35,74942,,
12013,1,1,1,6,74943,,
12014,1,1,2,20,74943,,
12015,1,1,1,1,74944,,
12016,1,1,2,3,74944,,
12017,1,1,1,26,74945,,
12018,1,1,2,227,74945,,
12019,2,1,1,1,74945,,
12020,2,1,2,9,74945,,
12021,1,1,1,52,74946,,
12022,1,1,2,236,74946,,
12023,2,1,2,17,74946,,
12024,1,1,1,46,74947,,
12025,1,1,2,404,74947,,
12026,2,1,2,27,74947,,
12027,1,1,1,37,74948,,
12028,1,1,2,421,74948,,
12029,2,1,1,1,74948,,
12030,2,1,2,35,74948,,
12031,1,1,1,6,74949,,
12032,1,1,2,20,74949,,
12033,1,1,1,1,74950,,
12034,1,1,2,3,74950,,
12035,1,1,1,26,74951,,
12036,1,1,2,227,74951,,
12037,2,1,1,1,74951,,
12038,2,1,2,9,74951,,
12039,1,1,1,52,74952,,
12040,1,1,2,236,74952,,
12041,2,1,2,17,74952,,
12042,1,1,1,46,74953,,
12043,1,1,2,404,74953,,
12044,2,1,2,27,74953,,
12045,1,1,1,37,74954,,
12046,1,1,2,421,74954,,
12047,2,1,1,1,74954,,
12048,2,1,2,35,74954,,
12049,1,1,1,6,74955,,
12050,1,1,2,20,74955,,
12051,1,1,1,1,74956,,
12052,1,1,2,3,74956,,
12053,1,1,1,26,74957,,
12054,1,1,2,227,74957,,
12055,2,1,1,1,74957,,
12056,2,1,2,9,74957,,
12057,1,1,1,52,74958,,
12058,1,1,2,236,74958,,
12059,2,1,2,17,74958,,
12060,1,1,1,46,74959,,
12061,1,1,2,404,74959,,
12062,2,1,2,27,74959,,
12063,1,1,1,37,74960,,
12064,1,1,2,421,74960,,
12065,2,1,1,1,74960,,
12066,2,1,2,35,74960,,
12067,1,1,1,6,74961,,
12068,1,1,2,20,74961,,
12069,1,1,1,1,74962,,
12070,1,1,2,3,74962,,
12071,1,1,1,26,74963,,
12072,1,1,2,227,74963,,
12073,2,1,1,1,74963,,
12074,2,1,2,9,74963,,
12075,1,1,1,52,74964,,
12076,1,1,2,236,74964,,
12077,2,1,2,17,74964,,
12078,1,1,1,46,74965,,
12079,1,1,2,404,74965,,
12080,2,1,2,27,74965,,
12081,1,1,1,37,74966,,
12082,1,1,2,421,74966,,
12083,2,1,1,1,74966,,
12084,2,1,2,35,74966,,
12085,1,1,1,6,74967,,
12086,1,1,2,20,74967,,
12087,1,1,1,1,74968,,
12088,1,1,2,3,74968,,
12089,1,1,1,26,74969,,
12090,1,1,2,227,74969,,
12091,2,1,1,1,74969,,
12092,2,1,2,9,74969,,
12093,1,1,1,52,74970,,
12094,1,1,2,236,74970,,
12095,2,1,2,17,74970,,
12096,1,1,1,46,74971,,
12097,1,1,2,404,74971,,
12098,2,1,2,27,74971,,
12099,1,1,1,37,74972,,
12100,1,1,2,421,74972,,
12101,2,1,1,1,74972,,
12102,2,1,2,35,74972,,
12103,1,1,1,6,74973,,
12104,1,1,2,20,74973,,
12105,1,1,1,1,74974,,
12106,1,1,2,3,74974,,
12107,1,1,1,26,74975,,
12108,1,1,2,227,74975,,
12109,2,1,1,1,74975,,
12110,2,1,2,9,74975,,
12111,1,1,1,52,74976,,
12112,1,1,2,236,74976,,
12113,2,1,2,17,74976,,
12114,1,1,1,46,74977,,
12115,1,1,2,404,74977,,
12116,2,1,2,27,74977,,
12117,1,1,1,37,74978,,
12118,1,1,2,421,74978,,
12119,2,1,1,1,74978,,
12120,2,1,2,35,74978,,
12121,1,1,1,6,74979,,
12122,1,1,2,20,74979,,
12123,1,1,1,1,74980,,
12124,1,1,2,3,74980,,
12125,1,1,1,26,74981,,
12126,1,1,2,227,74981,,
12127,2,1,1,1,74981,,
12128,2,1,2,9,74981,,
12129,1,1,1,52,74982,,
12130,1,1,2,236,74982,,
12131,2,1,2,17,74982,,
12132,1,1,1,46,74983,,
12133,1,1,2,404,74983,,
12134,2,1,2,27,74983,,
12135,1,1,1,37,74984,,
12136,1,1,2,421,74984,,
12137,2,1,1,1,74984,,
12138,2,1,2,35,74984,,
12139,1,1,1,6,74985,,
12140,1,1,2,20,74985,,
12141,1,1,1,1,74986,,
12142,1,1,2,3,74986,,
12143,1,1,1,25,74987,,
12144,1,1,2,233,74987,,
12145,2,1,1,1,74987,,
12146,2,1,2,11,74987,,
12147,1,1,1,56,74988,,
12148,1,1,2,227,74988,,
12149,2,1,2,17,74988,,
12150,1,1,1,47,74989,,
12151,1,1,2,394,74989,,
12152,2,1,2,27,74989,,
12153,1,1,1,41,74990,,
12154,1,1,2,406,74990,,
12155,2,1,1,2,74990,,
12156,2,1,2,33,74990,,
12157,1,1,1,5,74991,,
12158,1,1,2,18,74991,,
12159,1,1,1,1,74992,,
12160,1,1,2,3,74992,,
12161,1,1,1,25,74993,,
12162,1,1,2,233,74993,,
12163,2,1,1,1,74993,,
12164,2,1,2,11,74993,,
12165,1,1,1,56,74994,,
12166,1,1,2,227,74994,,
12167,2,1,2,17,74994,,
12168,1,1,1,47,74995,,
12169,1,1,2,394,74995,,
12170,2,1,2,27,74995,,
12171,1,1,1,41,74996,,
12172,1,1,2,406,74996,,
12173,2,1,1,2,74996,,
12174,2,1,2,33,74996,,
12175,1,1,1,5,74997,,
12176,1,1,2,18,74997,,
12177,1,1,1,1,74998,,
12178,1,1,2,3,74998,,
12179,1,1,1,25,74999,,
12180,1,1,2,233,74999,,
12181,2,1,1,1,74999,,
12182,2,1,2,11,74999,,
12183,1,1,1,56,75000,,
12184,1,1,2,227,75000,,
12185,2,1,2,17,75000,,
12186,1,1,1,47,75001,,
12187,1,1,2,394,75001,,
12188,2,1,2,27,75001,,
12189,1,1,1,41,75002,,
12190,1,1,2,406,75002,,
12191,2,1,1,2,75002,,
12192,2,1,2,33,75002,,
12193,1,1,1,5,75003,,
12194,1,1,2,18,75003,,
12195,1,1,1,1,75004,,
12196,1,1,2,3,75004,,
12197,1,1,1,25,75005,,
12198,1,1,2,233,75005,,
12199,2,1,1,1,75005,,
12200,2,1,2,11,75005,,
12201,1,1,1,56,75006,,
12202,1,1,2,227,75006,,
12203,2,1,2,17,75006,,
12204,1,1,1,47,75007,,
12205,1,1,2,394,75007,,
12206,2,1,2,27,75007,,
12207,1,1,1,41,75008,,
12208,1,1,2,406,75008,,
12209,2,1,1,2,75008,,
12210,2,1,2,33,75008,,
12211,1,1,1,5,75009,,
12212,1,1,2,18,75009,,
12213,1,1,1,1,75010,,
12214,1,1,2,3,75010,,
12215,1,1,1,25,75011,,
12216,1,1,2,233,75011,,
12217,2,1,1,1,75011,,
12218,2,1,2,11,75011,,
12219,1,1,1,56,75012,,
12220,1,1,2,227,75012,,
12221,2,1,2,17,75012,,
12222,1,1,1,47,75013,,
12223,1,1,2,394,75013,,
12224,2,1,2,27,75013,,
12225,1,1,1,41,75014,,
12226,1,1,2,406,75014,,
12227,2,1,1,2,75014,,
12228,2,1,2,33,75014,,
12229,1,1,1,5,75015,,
12230,1,1,2,18,75015,,
12231,1,1,1,1,75016,,
12232,1,1,2,3,75016,,
12233,1,1,1,25,75017,,
12234,1,1,2,233,75017,,
12235,2,1,1,1,75017,,
12236,2,1,2,11,75017,,
12237,1,1,1,56,75018,,
12238,1,1,2,227,75018,,
12239,2,1,2,17,75018,,
12240,1,1,1,47,75019,,
12241,1,1,2,394,75019,,
12242,2,1,2,27,75019,,
12243,1,1,1,41,75020,,
12244,1,1,2,406,75020,,
12245,2,1,1,2,75020,,
12246,2,1,2,33,75020,,
12247,1,1,1,5,75021,,
12248,1,1,2,18,75021,,
12249,1,1,1,1,75022,,
12250,1,1,2,3,75022,,
12251,1,1,1,25,75023,,
12252,1,1,2,233,75023,,
12253,2,1,1,1,75023,,
12254,2,1,2,11,75023,,
12255,1,1,1,56,75024,,
12256,1,1,2,227,75024,,
12257,2,1,2,17,75024,,
12258,1,1,1,47,75025,,
12259,1,1,2,394,75025,,
12260,2,1,2,27,75025,,
12261,1,1,1,41,75026,,
12262,1,1,2,406,75026,,
12263,2,1,1,2,75026,,
12264,2,1,2,33,75026,,
12265,1,1,1,5,75027,,
12266,1,1,2,18,75027,,
12267,1,1,1,1,75028,,
12268,1,1,2,3,75028,,
12269,1,1,1,25,75029,,
12270,1,1,2,233,75029,,
12271,2,1,1,1,75029,,
12272,2,1,2,11,75029,,
12273,1,1,1,56,75030,,
12274,1,1,2,227,75030,,
12275,2,1,2,17,75030,,
12276,1,1,1,47,75031,,
12277,1,1,2,394,75031,,
12278,2,1,2,27,75031,,
12279,1,1,1,41,75032,,
12280,1,1,2,406,75032,,
12281,2,1,1,2,75032,,
12282,2,1,2,33,75032,,
12283,1,1,1,5,75033,,
12284,1,1,2,18,75033,,
12285,1,1,1,1,75034,,
12286,1,1,2,3,75034,,
12287,1,1,1,25,75035,,
12288,1,1,2,233,75035,,
12289,2,1,1,1,75035,,
12290,2,1,2,11,75035,,
12291,1,1,1,56,75036,,
12292,1,1,2,227,75036,,
12293,2,1,2,17,75036,,
12294,1,1,1,47,75037,,
12295,1,1,2,394,75037,,
12296,2,1,2,27,75037,,
12297,1,1,1,41,75038,,
12298,1,1,2,406,75038,,
12299,2,1,1,2,75038,,
12300,2,1,2,33,75038,,
12301,1,1,1,5,75039,,
12302,1,1,2,18,75039,,
12303,1,1,1,1,75040,,
12304,1,1,2,3,75040,,
12305,1,1,1,25,75041,,
12306,1,1,2,233,75041,,
12307,2,1,1,1,75041,,
12308,2,1,2,11,75041,,
12309,1,1,1,56,75042,,
12310,1,1,2,227,75042,,
12311,2,1,2,17,75042,,
12312,1,1,1,47,75043,,
12313,1,1,2,394,75043,,
12314,2,1,2,27,75043,,
12315,1,1,1,41,75044,,
12316,1,1,2,406,75044,,
12317,2,1,1,2,75044,,
12318,2,1,2,33,75044,,
12319,1,1,1,5,75045,,
12320,1,1,2,18,75045,,
12321,1,1,1,1,75046,,
12322,1,1,2,3,75046,,
12323,1,1,1,25,75047,,
12324,1,1,2,233,75047,,
12325,2,1,1,1,75047,,
12326,2,1,2,11,75047,,
12327,1,1,1,56,75048,,
12328,1,1,2,227,75048,,
12329,2,1,2,17,75048,,
12330,1,1,1,47,75049,,
12331,1,1,2,394,75049,,
12332,2,1,2,27,75049,,
12333,1,1,1,41,75050,,
12334,1,1,2,406,75050,,
12335,2,1,1,2,75050,,
12336,2,1,2,33,75050,,
12337,1,1,1,5,75051,,
12338,1,1,2,18,75051,,
12339,1,1,1,1,75052,,
12340,1,1,2,3,75052,,
12341,1,1,1,25,75053,,
12342,1,1,2,233,75053,,
12343,2,1,1,1,75053,,
12344,2,1,2,11,75053,,
12345,1,1,1,56,75054,,
12346,1,1,2,227,75054,,
12347,2,1,2,17,75054,,
12348,1,1,1,47,75055,,
12349,1,1,2,394,75055,,
12350,2,1,2,27,75055,,
12351,1,1,1,41,75056,,
12352,1,1,2,406,75056,,
12353,2,1,1,2,75056,,
12354,2,1,2,33,75056,,
12355,1,1,1,5,75057,,
12356,1,1,2,18,75057,,
12357,1,1,1,1,75058,,
12358,1,1,2,3,75058,,
12359,1,1,1,27,75059,,
12360,1,1,2,243,75059,,
12361,2,1,1,1,75059,,
12362,2,1,2,11,75059,,
12363,1,1,1,56,75060,,
12364,1,1,2,227,75060,,
12365,2,1,2,17,75060,,
12366,1,1,1,50,75061,,
12367,1,1,2,384,75061,,
12368,2,1,2,27,75061,,
12369,1,1,1,42,75062,,
12370,1,1,2,404,75062,,
12371,2,1,1,3,75062,,
12372,2,1,2,32,75062,,
12373,1,1,1,6,75063,,
12374,1,1,2,15,75063,,
12375,1,1,1,1,75064,,
12376,1,1,2,4,75064,,
12377,1,1,1,27,75065,,
12378,1,1,2,243,75065,,
12379,2,1,1,1,75065,,
12380,2,1,2,11,75065,,
12381,1,1,1,56,75066,,
12382,1,1,2,227,75066,,
12383,2,1,2,17,75066,,
12384,1,1,1,50,75067,,
12385,1,1,2,384,75067,,
12386,2,1,2,27,75067,,
12387,1,1,1,42,75068,,
12388,1,1,2,404,75068,,
12389,2,1,1,3,75068,,
12390,2,1,2,32,75068,,
12391,1,1,1,6,75069,,
12392,1,1,2,15,75069,,
12393,1,1,1,1,75070,,
12394,1,1,2,4,75070,,
12395,1,1,1,27,75071,,
12396,1,1,2,243,75071,,
12397,2,1,1,1,75071,,
12398,2,1,2,11,75071,,
12399,1,1,1,56,75072,,
12400,1,1,2,227,75072,,
12401,2,1,2,17,75072,,
12402,1,1,1,50,75073,,
12403,1,1,2,384,75073,,
12404,2,1,2,27,75073,,
12405,1,1,1,42,75074,,
12406,1,1,2,404,75074,,
12407,2,1,1,3,75074,,
12408,2,1,2,32,75074,,
12409,1,1,1,6,75075,,
12410,1,1,2,15,75075,,
12411,1,1,1,1,75076,,
12412,1,1,2,4,75076,,
12413,1,1,1,27,75077,,
12414,1,1,2,243,75077,,
12415,2,1,1,1,75077,,
12416,2,1,2,11,75077,,
12417,1,1,1,56,75078,,
12418,1,1,2,227,75078,,
12419,2,1,2,17,75078,,
12420,1,1,1,50,75079,,
12421,1,1,2,384,75079,,
12422,2,1,2,27,75079,,
12423,1,1,1,42,75080,,
12424,1,1,2,404,75080,,
12425,2,1,1,3,75080,,
12426,2,1,2,32,75080,,
12427,1,1,1,6,75081,,
12428,1,1,2,15,75081,,
12429,1,1,1,1,75082,,
12430,1,1,2,4,75082,,
12431,1,1,1,27,75083,,
12432,1,1,2,243,75083,,
12433,2,1,1,1,75083,,
12434,2,1,2,11,75083,,
12435,1,1,1,56,75084,,
12436,1,1,2,227,75084,,
12437,2,1,2,17,75084,,
12438,1,1,1,50,75085,,
12439,1,1,2,384,75085,,
12440,2,1,2,27,75085,,
12441,1,1,1,42,75086,,
12442,1,1,2,404,75086,,
12443,2,1,1,3,75086,,
12444,2,1,2,32,75086,,
12445,1,1,1,6,75087,,
12446,1,1,2,15,75087,,
12447,1,1,1,1,75088,,
12448,1,1,2,4,75088,,
12449,1,1,1,27,75089,,
12450,1,1,2,243,75089,,
12451,2,1,1,1,75089,,
12452,2,1,2,11,75089,,
12453,1,1,1,56,75090,,
12454,1,1,2,227,75090,,
12455,2,1,2,17,75090,,
12456,1,1,1,50,75091,,
12457,1,1,2,384,75091,,
12458,2,1,2,27,75091,,
12459,1,1,1,42,75092,,
12460,1,1,2,404,75092,,
12461,2,1,1,3,75092,,
12462,2,1,2,32,75092,,
12463,1,1,1,6,75093,,
12464,1,1,2,15,75093,,
12465,1,1,1,1,75094,,
12466,1,1,2,4,75094,,
12467,1,1,1,27,75095,,
12468,1,1,2,243,75095,,
12469,2,1,1,1,75095,,
12470,2,1,2,11,75095,,
12471,1,1,1,56,75096,,
12472,1,1,2,227,75096,,
12473,2,1,2,17,75096,,
12474,1,1,1,50,75097,,
12475,1,1,2,384,75097,,
12476,2,1,2,27,75097,,
12477,1,1,1,42,75098,,
12478,1,1,2,404,75098,,
12479,2,1,1,3,75098,,
12480,2,1,2,32,75098,,
12481,1,1,1,6,75099,,
12482,1,1,2,15,75099,,
12483,1,1,1,1,75100,,
12484,1,1,2,4,75100,,
12485,1,1,1,27,75101,,
12486,1,1,2,243,75101,,
12487,2,1,1,1,75101,,
12488,2,1,2,11,75101,,
12489,1,1,1,56,75102,,
12490,1,1,2,227,75102,,
12491,2,1,2,17,75102,,
12492,1,1,1,50,75103,,
12493,1,1,2,384,75103,,
12494,2,1,2,27,75103,,
12495,1,1,1,42,75104,,
12496,1,1,2,404,75104,,
12497,2,1,1,3,75104,,
12498,2,1,2,32,75104,,
12499,1,1,1,6,75105,,
12500,1,1,2,15,75105,,
12501,1,1,1,1,75106,,
12502,1,1,2,4,75106,,
12503,1,1,1,27,75107,,
12504,1,1,2,243,75107,,
12505,2,1,1,1,75107,,
12506,2,1,2,11,75107,,
12507,1,1,1,56,75108,,
12508,1,1,2,227,75108,,
12509,2,1,2,17,75108,,
12510,1,1,1,50,75109,,
12511,1,1,2,384,75109,,
12512,2,1,2,27,75109,,
12513,1,1,1,42,75110,,
12514,1,1,2,404,75110,,
12515,2,1,1,3,75110,,
12516,2,1,2,32,75110,,
12517,1,1,1,6,75111,,
12518,1,1,2,15,75111,,
12519,1,1,1,1,75112,,
12520,1,1,2,4,75112,,
12521,1,1,1,27,75113,,
12522,1,1,2,243,75113,,
12523,2,1,1,1,75113,,
12524,2,1,2,11,75113,,
12525,1,1,1,56,75114,,
12526,1,1,2,227,75114,,
12527,2,1,2,17,75114,,
12528,1,1,1,50,75115,,
12529,1,1,2,384,75115,,
12530,2,1,2,27,75115,,
12531,1,1,1,42,75116,,
12532,1,1,2,404,75116,,
12533,2,1,1,3,75116,,
12534,2,1,2,32,75116,,
12535,1,1,1,6,75117,,
12536,1,1,2,15,75117,,
12537,1,1,1,1,75118,,
12538,1,1,2,4,75118,,
12539,1,1,1,27,75119,,
12540,1,1,2,243,75119,,
12541,2,1,1,1,75119,,
12542,2,1,2,11,75119,,
12543,1,1,1,56,75120,,
12544,1,1,2,227,75120,,
12545,2,1,2,17,75120,,
12546,1,1,1,50,75121,,
12547,1,1,2,384,75121,,
12548,2,1,2,27,75121,,
12549,1,1,1,42,75122,,
12550,1,1,2,404,75122,,
12551,2,1,1,3,75122,,
12552,2,1,2,32,75122,,
12553,1,1,1,6,75123,,
12554,1,1,2,15,75123,,
12555,1,1,1,1,75124,,
12556,1,1,2,4,75124,,
12557,1,1,1,27,75125,,
12558,1,1,2,243,75125,,
12559,2,1,1,1,75125,,
12560,2,1,2,11,75125,,
12561,1,1,1,56,75126,,
12562,1,1,2,227,75126,,
12563,2,1,2,17,75126,,
12564,1,1,1,50,75127,,
12565,1,1,2,384,75127,,
12566,2,1,2,27,75127,,
12567,1,1,1,42,75128,,
12568,1,1,2,404,75128,,
12569,2,1,1,3,75128,,
12570,2,1,2,32,75128,,
12571,1,1,1,6,75129,,
12572,1,1,2,15,75129,,
12573,1,1,1,1,75130,,
12574,1,1,2,4,75130,,
12575,1,1,1,27,75131,,
12576,1,1,2,241,75131,,
12577,2,1,1,1,75131,,
12578,2,1,2,13,75131,,
12579,1,1,1,57,75132,,
12580,1,1,2,227,75132,,
12581,2,1,2,17,75132,,
12582,1,1,1,48,75133,,
12583,1,1,2,375,75133,,
12584,2,1,1,1,75133,,
12585,2,1,2,26,75133,,
12586,1,1,1,44,75134,,
12587,1,1,2,400,75134,,
12588,2,1,1,3,75134,,
12589,2,1,2,32,75134,,
12590,1,1,1,5,75135,,
12591,1,1,2,13,75135,,
12592,1,1,1,1,75136,,
12593,1,1,2,4,75136,,
12594,1,1,1,27,75137,,
12595,1,1,2,241,75137,,
12596,2,1,1,1,75137,,
12597,2,1,2,13,75137,,
12598,1,1,1,57,75138,,
12599,1,1,2,227,75138,,
12600,2,1,2,17,75138,,
12601,1,1,1,48,75139,,
12602,1,1,2,375,75139,,
12603,2,1,1,1,75139,,
12604,2,1,2,26,75139,,
12605,1,1,1,44,75140,,
12606,1,1,2,400,75140,,
12607,2,1,1,3,75140,,
12608,2,1,2,32,75140,,
12609,1,1,1,5,75141,,
12610,1,1,2,13,75141,,
12611,1,1,1,1,75142,,
12612,1,1,2,4,75142,,
12613,1,1,1,27,75143,,
12614,1,1,2,241,75143,,
12615,2,1,1,1,75143,,
12616,2,1,2,13,75143,,
12617,1,1,1,57,75144,,
12618,1,1,2,227,75144,,
12619,2,1,2,17,75144,,
12620,1,1,1,48,75145,,
12621,1,1,2,375,75145,,
12622,2,1,1,1,75145,,
12623,2,1,2,26,75145,,
12624,1,1,1,44,75146,,
12625,1,1,2,400,75146,,
12626,2,1,1,3,75146,,
12627,2,1,2,32,75146,,
12628,1,1,1,5,75147,,
12629,1,1,2,13,75147,,
12630,1,1,1,1,75148,,
12631,1,1,2,4,75148,,
12632,1,1,1,27,75149,,
12633,1,1,2,241,75149,,
12634,2,1,1,1,75149,,
12635,2,1,2,13,75149,,
12636,1,1,1,57,75150,,
12637,1,1,2,227,75150,,
12638,2,1,2,17,75150,,
12639,1,1,1,48,75151,,
12640,1,1,2,375,75151,,
12641,2,1,1,1,75151,,
12642,2,1,2,26,75151,,
12643,1,1,1,44,75152,,
12644,1,1,2,400,75152,,
12645,2,1,1,3,75152,,
12646,2,1,2,32,75152,,
12647,1,1,1,5,75153,,
12648,1,1,2,13,75153,,
12649,1,1,1,1,75154,,
12650,1,1,2,4,75154,,
12651,1,1,1,27,75155,,
12652,1,1,2,241,75155,,
12653,2,1,1,1,75155,,
12654,2,1,2,13,75155,,
12655,1,1,1,57,75156,,
12656,1,1,2,227,75156,,
12657,2,1,2,17,75156,,
12658,1,1,1,48,75157,,
12659,1,1,2,375,75157,,
12660,2,1,1,1,75157,,
12661,2,1,2,26,75157,,
12662,1,1,1,44,75158,,
12663,1,1,2,400,75158,,
12664,2,1,1,3,75158,,
12665,2,1,2,32,75158,,
12666,1,1,1,5,75159,,
12667,1,1,2,13,75159,,
12668,1,1,1,1,75160,,
12669,1,1,2,4,75160,,
12670,1,1,1,27,75161,,
12671,1,1,2,241,75161,,
12672,2,1,1,1,75161,,
12673,2,1,2,13,75161,,
12674,1,1,1,57,75162,,
12675,1,1,2,227,75162,,
12676,2,1,2,17,75162,,
12677,1,1,1,48,75163,,
12678,1,1,2,375,75163,,
12679,2,1,1,1,75163,,
12680,2,1,2,26,75163,,
12681,1,1,1,44,75164,,
12682,1,1,2,400,75164,,
12683,2,1,1,3,75164,,
12684,2,1,2,32,75164,,
12685,1,1,1,5,75165,,
12686,1,1,2,13,75165,,
12687,1,1,1,1,75166,,
12688,1,1,2,4,75166,,
12689,1,1,1,27,75167,,
12690,1,1,2,241,75167,,
12691,2,1,1,1,75167,,
12692,2,1,2,13,75167,,
12693,1,1,1,57,75168,,
12694,1,1,2,227,75168,,
12695,2,1,2,17,75168,,
12696,1,1,1,48,75169,,
12697,1,1,2,375,75169,,
12698,2,1,1,1,75169,,
12699,2,1,2,26,75169,,
12700,1,1,1,44,75170,,
12701,1,1,2,400,75170,,
12702,2,1,1,3,75170,,
12703,2,1,2,32,75170,,
12704,1,1,1,5,75171,,
12705,1,1,2,13,75171,,
12706,1,1,1,1,75172,,
12707,1,1,2,4,75172,,
12708,1,1,1,27,75173,,
12709,1,1,2,241,75173,,
12710,2,1,1,1,75173,,
12711,2,1,2,13,75173,,
12712,1,1,1,57,75174,,
12713,1,1,2,227,75174,,
12714,2,1,2,17,75174,,
12715,1,1,1,48,75175,,
12716,1,1,2,375,75175,,
12717,2,1,1,1,75175,,
12718,2,1,2,26,75175,,
12719,1,1,1,44,75176,,
12720,1,1,2,400,75176,,
12721,2,1,1,3,75176,,
12722,2,1,2,32,75176,,
12723,1,1,1,5,75177,,
12724,1,1,2,13,75177,,
12725,1,1,1,1,75178,,
12726,1,1,2,4,75178,,
12727,1,1,1,27,75179,,
12728,1,1,2,241,75179,,
12729,2,1,1,1,75179,,
12730,2,1,2,13,75179,,
12731,1,1,1,57,75180,,
12732,1,1,2,227,75180,,
12733,2,1,2,17,75180,,
12734,1,1,1,48,75181,,
12735,1,1,2,375,75181,,
12736,2,1,1,1,75181,,
12737,2,1,2,26,75181,,
12738,1,1,1,44,75182,,
12739,1,1,2,400,75182,,
12740,2,1,1,3,75182,,
12741,2,1,2,32,75182,,
12742,1,1,1,5,75183,,
12743,1,1,2,13,75183,,
12744,1,1,1,1,75184,,
12745,1,1,2,4,75184,,
12746,1,1,1,27,75185,,
12747,1,1,2,241,75185,,
12748,2,1,1,1,75185,,
12749,2,1,2,13,75185,,
12750,1,1,1,57,75186,,
12751,1,1,2,227,75186,,
12752,2,1,2,17,75186,,
12753,1,1,1,48,75187,,
12754,1,1,2,375,75187,,
12755,2,1,1,1,75187,,
12756,2,1,2,26,75187,,
12757,1,1,1,44,75188,,
12758,1,1,2,400,75188,,
12759,2,1,1,3,75188,,
12760,2,1,2,32,75188,,
12761,1,1,1,5,75189,,
12762,1,1,2,13,75189,,
12763,1,1,1,1,75190,,
12764,1,1,2,4,75190,,
12765,1,1,1,27,75191,,
12766,1,1,2,241,75191,,
12767,2,1,1,1,75191,,
12768,2,1,2,13,75191,,
12769,1,1,1,57,75192,,
12770,1,1,2,227,75192,,
12771,2,1,2,17,75192,,
12772,1,1,1,48,75193,,
12773,1,1,2,375,75193,,
12774,2,1,1,1,75193,,
12775,2,1,2,26,75193,,
12776,1,1,1,44,75194,,
12777,1,1,2,400,75194,,
12778,2,1,1,3,75194,,
12779,2,1,2,32,75194,,
12780,1,1,1,5,75195,,
12781,1,1,2,13,75195,,
12782,1,1,1,1,75196,,
12783,1,1,2,4,75196,,
12784,1,1,1,27,75197,,
12785,1,1,2,241,75197,,
12786,2,1,1,1,75197,,
12787,2,1,2,13,75197,,
12788,1,1,1,57,75198,,
12789,1,1,2,227,75198,,
12790,2,1,2,17,75198,,
12791,1,1,1,48,75199,,
12792,1,1,2,375,75199,,
12793,2,1,1,1,75199,,
12794,2,1,2,26,75199,,
12795,1,1,1,44,75200,,
12796,1,1,2,400,75200,,
12797,2,1,1,3,75200,,
12798,2,1,2,32,75200,,
12799,1,1,1,5,75201,,
12800,1,1,2,13,75201,,
12801,1,1,1,1,75202,,
12802,1,1,2,4,75202,,
12803,1,1,1,28,75203,,
12804,1,1,2,241,75203,,
12805,2,1,1,1,75203,,
12806,2,1,2,13,75203,,
12807,1,1,1,71,75204,,
12808,1,1,2,226,75204,,
12809,2,1,2,17,75204,,
12810,1,1,1,48,75205,,
12811,1,1,2,363,75205,,
12812,2,1,1,1,75205,,
12813,2,1,2,33,75205,,
12814,1,1,1,47,75206,,
12815,1,1,2,389,75206,,
12816,2,1,1,3,75206,,
12817,2,1,2,33,75206,,
12818,1,1,1,5,75207,,
12819,1,1,2,13,75207,,
12820,1,1,1,1,75208,,
12821,1,1,2,4,75208,,
12822,1,1,1,28,75209,,
12823,1,1,2,241,75209,,
12824,2,1,1,1,75209,,
12825,2,1,2,13,75209,,
12826,1,1,1,71,75210,,
12827,1,1,2,226,75210,,
12828,2,1,2,17,75210,,
12829,1,1,1,48,75211,,
12830,1,1,2,363,75211,,
12831,2,1,1,1,75211,,
12832,2,1,2,33,75211,,
12833,1,1,1,47,75212,,
12834,1,1,2,389,75212,,
12835,2,1,1,3,75212,,
12836,2,1,2,33,75212,,
12837,1,1,1,5,75213,,
12838,1,1,2,13,75213,,
12839,1,1,1,1,75214,,
12840,1,1,2,4,75214,,
12841,1,1,1,28,75215,,
12842,1,1,2,241,75215,,
12843,2,1,1,1,75215,,
12844,2,1,2,13,75215,,
12845,1,1,1,71,75216,,
12846,1,1,2,226,75216,,
12847,2,1,2,17,75216,,
12848,1,1,1,48,75217,,
12849,1,1,2,363,75217,,
12850,2,1,1,1,75217,,
12851,2,1,2,33,75217,,
12852,1,1,1,47,75218,,
12853,1,1,2,389,75218,,
12854,2,1,1,3,75218,,
12855,2,1,2,33,75218,,
12856,1,1,1,5,75219,,
12857,1,1,2,13,75219,,
12858,1,1,1,1,75220,,
12859,1,1,2,4,75220,,
12860,1,1,1,28,75221,,
12861,1,1,2,241,75221,,
12862,2,1,1,1,75221,,
12863,2,1,2,13,75221,,
12864,1,1,1,71,75222,,
12865,1,1,2,226,75222,,
12866,2,1,2,17,75222,,
12867,1,1,1,48,75223,,
12868,1,1,2,363,75223,,
12869,2,1,1,1,75223,,
12870,2,1,2,33,75223,,
12871,1,1,1,47,75224,,
12872,1,1,2,389,75224,,
12873,2,1,1,3,75224,,
12874,2,1,2,33,75224,,
12875,1,1,1,5,75225,,
12876,1,1,2,13,75225,,
12877,1,1,1,1,75226,,
12878,1,1,2,4,75226,,
12879,1,1,1,28,75227,,
12880,1,1,2,241,75227,,
12881,2,1,1,1,75227,,
12882,2,1,2,13,75227,,
12883,1,1,1,71,75228,,
12884,1,1,2,226,75228,,
12885,2,1,2,17,75228,,
12886,1,1,1,48,75229,,
12887,1,1,2,363,75229,,
12888,2,1,1,1,75229,,
12889,2,1,2,33,75229,,
12890,1,1,1,47,75230,,
12891,1,1,2,389,75230,,
12892,2,1,1,3,75230,,
12893,2,1,2,33,75230,,
12894,1,1,1,5,75231,,
12895,1,1,2,13,75231,,
12896,1,1,1,1,75232,,
12897,1,1,2,4,75232,,
12898,1,1,1,28,75233,,
12899,1,1,2,241,75233,,
12900,2,1,1,1,75233,,
12901,2,1,2,13,75233,,
12902,1,1,1,71,75234,,
12903,1,1,2,226,75234,,
12904,2,1,2,17,75234,,
12905,1,1,1,48,75235,,
12906,1,1,2,363,75235,,
12907,2,1,1,1,75235,,
12908,2,1,2,33,75235,,
12909,1,1,1,47,75236,,
12910,1,1,2,389,75236,,
12911,2,1,1,3,75236,,
12912,2,1,2,33,75236,,
12913,1,1,1,5,75237,,
12914,1,1,2,13,75237,,
12915,1,1,1,1,75238,,
12916,1,1,2,4,75238,,
12917,1,1,1,28,75239,,
12918,1,1,2,241,75239,,
12919,2,1,1,1,75239,,
12920,2,1,2,13,75239,,
12921,1,1,1,71,75240,,
12922,1,1,2,226,75240,,
12923,2,1,2,17,75240,,
12924,1,1,1,48,75241,,
12925,1,1,2,363,75241,,
12926,2,1,1,1,75241,,
12927,2,1,2,33,75241,,
12928,1,1,1,47,75242,,
12929,1,1,2,389,75242,,
12930,2,1,1,3,75242,,
12931,2,1,2,33,75242,,
12932,1,1,1,5,75243,,
12933,1,1,2,13,75243,,
12934,1,1,1,1,75244,,
12935,1,1,2,4,75244,,
12936,1,1,1,28,75245,,
12937,1,1,2,241,75245,,
12938,2,1,1,1,75245,,
12939,2,1,2,13,75245,,
12940,1,1,1,71,75246,,
12941,1,1,2,226,75246,,
12942,2,1,2,17,75246,,
12943,1,1,1,48,75247,,
12944,1,1,2,363,75247,,
12945,2,1,1,1,75247,,
12946,2,1,2,33,75247,,
12947,1,1,1,47,75248,,
12948,1,1,2,389,75248,,
12949,2,1,1,3,75248,,
12950,2,1,2,33,75248,,
12951,1,1,1,5,75249,,
12952,1,1,2,13,75249,,
12953,1,1,1,1,75250,,
12954,1,1,2,4,75250,,
12955,1,1,1,28,75251,,
12956,1,1,2,241,75251,,
12957,2,1,1,1,75251,,
12958,2,1,2,13,75251,,
12959,1,1,1,71,75252,,
12960,1,1,2,226,75252,,
12961,2,1,2,17,75252,,
12962,1,1,1,48,75253,,
12963,1,1,2,363,75253,,
12964,2,1,1,1,75253,,
12965,2,1,2,33,75253,,
12966,1,1,1,47,75254,,
12967,1,1,2,389,75254,,
12968,2,1,1,3,75254,,
12969,2,1,2,33,75254,,
12970,1,1,1,5,75255,,
12971,1,1,2,13,75255,,
12972,1,1,1,1,75256,,
12973,1,1,2,4,75256,,
12974,1,1,1,28,75257,,
12975,1,1,2,241,75257,,
12976,2,1,1,1,75257,,
12977,2,1,2,13,75257,,
12978,1,1,1,71,75258,,
12979,1,1,2,226,75258,,
12980,2,1,2,17,75258,,
12981,1,1,1,48,75259,,
12982,1,1,2,363,75259,,
12983,2,1,1,1,75259,,
12984,2,1,2,33,75259,,
12985,1,1,1,47,75260,,
12986,1,1,2,389,75260,,
12987,2,1,1,3,75260,,
12988,2,1,2,33,75260,,
12989,1,1,1,5,75261,,
12990,1,1,2,13,75261,,
12991,1,1,1,1,75262,,
12992,1,1,2,4,75262,,
12993,1,1,1,28,75263,,
12994,1,1,2,241,75263,,
12995,2,1,1,1,75263,,
12996,2,1,2,13,75263,,
12997,1,1,1,71,75264,,
12998,1,1,2,226,75264,,
12999,2,1,2,17,75264,,
13000,1,1,1,48,75265,,
13001,1,1,2,363,75265,,
13002,2,1,1,1,75265,,
13003,2,1,2,33,75265,,
13004,1,1,1,47,75266,,
13005,1,1,2,389,75266,,
13006,2,1,1,3,75266,,
13007,2,1,2,33,75266,,
13008,1,1,1,5,75267,,
13009,1,1,2,13,75267,,
13010,1,1,1,1,75268,,
13011,1,1,2,4,75268,,
13012,1,1,1,28,75269,,
13013,1,1,2,241,75269,,
13014,2,1,1,1,75269,,
13015,2,1,2,13,75269,,
13016,1,1,1,71,75270,,
13017,1,1,2,226,75270,,
13018,2,1,2,17,75270,,
13019,1,1,1,48,75271,,
13020,1,1,2,363,75271,,
13021,2,1,1,1,75271,,
13022,2,1,2,33,75271,,
13023,1,1,1,47,75272,,
13024,1,1,2,389,75272,,
13025,2,1,1,3,75272,,
13026,2,1,2,33,75272,,
13027,1,1,1,5,75273,,
13028,1,1,2,13,75273,,
13029,1,1,1,1,75274,,
13030,1,1,2,4,75274,,
13031,1,1,1,31,75275,,
13032,1,1,2,247,75275,,
13033,2,1,1,2,75275,,
13034,2,1,2,12,75275,,
13035,1,1,1,92,75276,,
13036,1,1,2,214,75276,,
13037,2,1,1,1,75276,,
13038,2,1,2,15,75276,,
13039,1,1,1,51,75277,,
13040,1,1,2,362,75277,,
13041,2,1,1,1,75277,,
13042,2,1,2,33,75277,,
13043,1,1,1,48,75278,,
13044,1,1,2,377,75278,,
13045,2,1,1,2,75278,,
13046,2,1,2,35,75278,,
13047,1,1,1,6,75279,,
13048,1,1,2,14,75279,,
13049,1,1,1,1,75280,,
13050,1,1,2,4,75280,,
13051,1,1,1,31,75281,,
13052,1,1,2,247,75281,,
13053,2,1,1,2,75281,,
13054,2,1,2,12,75281,,
13055,1,1,1,92,75282,,
13056,1,1,2,214,75282,,
13057,2,1,1,1,75282,,
13058,2,1,2,15,75282,,
13059,1,1,1,51,75283,,
13060,1,1,2,362,75283,,
13061,2,1,1,1,75283,,
13062,2,1,2,33,75283,,
13063,1,1,1,48,75284,,
13064,1,1,2,377,75284,,
13065,2,1,1,2,75284,,
13066,2,1,2,35,75284,,
13067,1,1,1,6,75285,,
13068,1,1,2,14,75285,,
13069,1,1,1,1,75286,,
13070,1,1,2,4,75286,,
13071,1,1,1,31,75287,,
13072,1,1,2,247,75287,,
13073,2,1,1,2,75287,,
13074,2,1,2,12,75287,,
13075,1,1,1,92,75288,,
13076,1,1,2,214,75288,,
13077,2,1,1,1,75288,,
13078,2,1,2,15,75288,,
13079,1,1,1,51,75289,,
13080,1,1,2,362,75289,,
13081,2,1,1,1,75289,,
13082,2,1,2,33,75289,,
13083,1,1,1,48,75290,,
13084,1,1,2,377,75290,,
13085,2,1,1,2,75290,,
13086,2,1,2,35,75290,,
13087,1,1,1,6,75291,,
13088,1,1,2,14,75291,,
13089,1,1,1,1,75292,,
13090,1,1,2,4,75292,,
13091,1,1,1,31,75293,,
13092,1,1,2,247,75293,,
13093,2,1,1,2,75293,,
13094,2,1,2,12,75293,,
13095,1,1,1,92,75294,,
13096,1,1,2,214,75294,,
13097,2,1,1,1,75294,,
13098,2,1,2,15,75294,,
13099,1,1,1,51,75295,,
13100,1,1,2,362,75295,,
13101,2,1,1,1,75295,,
13102,2,1,2,33,75295,,
13103,1,1,1,48,75296,,
13104,1,1,2,377,75296,,
13105,2,1,1,2,75296,,
13106,2,1,2,35,75296,,
13107,1,1,1,6,75297,,
13108,1,1,2,14,75297,,
13109,1,1,1,1,75298,,
13110,1,1,2,4,75298,,
13111,1,1,1,31,75299,,
13112,1,1,2,247,75299,,
13113,2,1,1,2,75299,,
13114,2,1,2,12,75299,,
13115,1,1,1,92,75300,,
13116,1,1,2,214,75300,,
13117,2,1,1,1,75300,,
13118,2,1,2,15,75300,,
13119,1,1,1,51,75301,,
13120,1,1,2,362,75301,,
13121,2,1,1,1,75301,,
13122,2,1,2,33,75301,,
13123,1,1,1,48,75302,,
13124,1,1,2,377,75302,,
13125,2,1,1,2,75302,,
13126,2,1,2,35,75302,,
13127,1,1,1,6,75303,,
13128,1,1,2,14,75303,,
13129,1,1,1,1,75304,,
13130,1,1,2,4,75304,,
13131,1,1,1,31,75305,,
13132,1,1,2,247,75305,,
13133,2,1,1,2,75305,,
13134,2,1,2,12,75305,,
13135,1,1,1,92,75306,,
13136,1,1,2,214,75306,,
13137,2,1,1,1,75306,,
13138,2,1,2,15,75306,,
13139,1,1,1,51,75307,,
13140,1,1,2,362,75307,,
13141,2,1,1,1,75307,,
13142,2,1,2,33,75307,,
13143,1,1,1,48,75308,,
13144,1,1,2,377,75308,,
13145,2,1,1,2,75308,,
13146,2,1,2,35,75308,,
13147,1,1,1,6,75309,,
13148,1,1,2,14,75309,,
13149,1,1,1,1,75310,,
13150,1,1,2,4,75310,,
13151,1,1,1,31,75311,,
13152,1,1,2,247,75311,,
13153,2,1,1,2,75311,,
13154,2,1,2,12,75311,,
13155,1,1,1,92,75312,,
13156,1,1,2,214,75312,,
13157,2,1,1,1,75312,,
13158,2,1,2,15,75312,,
13159,1,1,1,51,75313,,
13160,1,1,2,362,75313,,
13161,2,1,1,1,75313,,
13162,2,1,2,33,75313,,
13163,1,1,1,48,75314,,
13164,1,1,2,377,75314,,
13165,2,1,1,2,75314,,
13166,2,1,2,35,75314,,
13167,1,1,1,6,75315,,
13168,1,1,2,14,75315,,
13169,1,1,1,1,75316,,
13170,1,1,2,4,75316,,
13171,1,1,1,31,75317,,
13172,1,1,2,247,75317,,
13173,2,1,1,2,75317,,
13174,2,1,2,12,75317,,
13175,1,1,1,92,75318,,
13176,1,1,2,214,75318,,
13177,2,1,1,1,75318,,
13178,2,1,2,15,75318,,
13179,1,1,1,51,75319,,
13180,1,1,2,362,75319,,
13181,2,1,1,1,75319,,
13182,2,1,2,33,75319,,
13183,1,1,1,48,75320,,
13184,1,1,2,377,75320,,
13185,2,1,1,2,75320,,
13186,2,1,2,35,75320,,
13187,1,1,1,6,75321,,
13188,1,1,2,14,75321,,
13189,1,1,1,1,75322,,
13190,1,1,2,4,75322,,
13191,1,1,1,31,75323,,
13192,1,1,2,247,75323,,
13193,2,1,1,2,75323,,
13194,2,1,2,12,75323,,
13195,1,1,1,92,75324,,
13196,1,1,2,214,75324,,
13197,2,1,1,1,75324,,
13198,2,1,2,15,75324,,
13199,1,1,1,51,75325,,
13200,1,1,2,362,75325,,
13201,2,1,1,1,75325,,
13202,2,1,2,33,75325,,
13203,1,1,1,48,75326,,
13204,1,1,2,377,75326,,
13205,2,1,1,2,75326,,
13206,2,1,2,35,75326,,
13207,1,1,1,6,75327,,
13208,1,1,2,14,75327,,
13209,1,1,1,1,75328,,
13210,1,1,2,4,75328,,
13211,1,1,1,31,75329,,
13212,1,1,2,247,75329,,
13213,2,1,1,2,75329,,
13214,2,1,2,12,75329,,
13215,1,1,1,92,75330,,
13216,1,1,2,214,75330,,
13217,2,1,1,1,75330,,
13218,2,1,2,15,75330,,
13219,1,1,1,51,75331,,
13220,1,1,2,362,75331,,
13221,2,1,1,1,75331,,
13222,2,1,2,33,75331,,
13223,1,1,1,48,75332,,
13224,1,1,2,377,75332,,
13225,2,1,1,2,75332,,
13226,2,1,2,35,75332,,
13227,1,1,1,6,75333,,
13228,1,1,2,14,75333,,
13229,1,1,1,1,75334,,
13230,1,1,2,4,75334,,
13231,1,1,1,31,75335,,
13232,1,1,2,247,75335,,
13233,2,1,1,2,75335,,
13234,2,1,2,12,75335,,
13235,1,1,1,92,75336,,
13236,1,1,2,214,75336,,
13237,2,1,1,1,75336,,
13238,2,1,2,15,75336,,
13239,1,1,1,51,75337,,
13240,1,1,2,362,75337,,
13241,2,1,1,1,75337,,
13242,2,1,2,33,75337,,
13243,1,1,1,48,75338,,
13244,1,1,2,377,75338,,
13245,2,1,1,2,75338,,
13246,2,1,2,35,75338,,
13247,1,1,1,6,75339,,
13248,1,1,2,14,75339,,
13249,1,1,1,1,75340,,
13250,1,1,2,4,75340,,
13251,1,1,1,31,75341,,
13252,1,1,2,247,75341,,
13253,2,1,1,2,75341,,
13254,2,1,2,12,75341,,
13255,1,1,1,92,75342,,
13256,1,1,2,214,75342,,
13257,2,1,1,1,75342,,
13258,2,1,2,15,75342,,
13259,1,1,1,51,75343,,
13260,1,1,2,362,75343,,
13261,2,1,1,1,75343,,
13262,2,1,2,33,75343,,
13263,1,1,1,48,75344,,
13264,1,1,2,377,75344,,
13265,2,1,1,2,75344,,
13266,2,1,2,35,75344,,
13267,1,1,1,6,75345,,
13268,1,1,2,14,75345,,
13269,1,1,1,1,75346,,
13270,1,1,2,4,75346,,
13271,1,1,1,34,75347,,
13272,1,1,2,250,75347,,
13273,2,1,1,2,75347,,
13274,2,1,2,12,75347,,
13275,1,1,1,95,75348,,
13276,1,1,2,211,75348,,
13277,2,1,1,2,75348,,
13278,2,1,2,14,75348,,
13279,1,1,1,52,75349,,
13280,1,1,2,367,75349,,
13281,2,1,1,1,75349,,
13282,2,1,2,32,75349,,
13283,1,1,1,48,75350,,
13284,1,1,2,371,75350,,
13285,2,1,1,2,75350,,
13286,2,1,2,36,75350,,
13287,1,1,1,7,75351,,
13288,1,1,2,13,75351,,
13289,1,1,1,1,75352,,
13290,1,1,2,4,75352,,
13291,1,1,1,34,75353,,
13292,1,1,2,250,75353,,
13293,2,1,1,2,75353,,
13294,2,1,2,12,75353,,
13295,1,1,1,95,75354,,
13296,1,1,2,211,75354,,
13297,2,1,1,2,75354,,
13298,2,1,2,14,75354,,
13299,1,1,1,52,75355,,
13300,1,1,2,367,75355,,
13301,2,1,1,1,75355,,
13302,2,1,2,32,75355,,
13303,1,1,1,48,75356,,
13304,1,1,2,371,75356,,
13305,2,1,1,2,75356,,
13306,2,1,2,36,75356,,
13307,1,1,1,7,75357,,
13308,1,1,2,13,75357,,
13309,1,1,1,1,75358,,
13310,1,1,2,4,75358,,
13311,1,1,1,34,75359,,
13312,1,1,2,250,75359,,
13313,2,1,1,2,75359,,
13314,2,1,2,12,75359,,
13315,1,1,1,95,75360,,
13316,1,1,2,211,75360,,
13317,2,1,1,2,75360,,
13318,2,1,2,14,75360,,
13319,1,1,1,52,75361,,
13320,1,1,2,367,75361,,
13321,2,1,1,1,75361,,
13322,2,1,2,32,75361,,
13323,1,1,1,48,75362,,
13324,1,1,2,371,75362,,
13325,2,1,1,2,75362,,
13326,2,1,2,36,75362,,
13327,1,1,1,7,75363,,
13328,1,1,2,13,75363,,
13329,1,1,1,1,75364,,
13330,1,1,2,4,75364,,
13331,1,1,1,34,75365,,
13332,1,1,2,250,75365,,
13333,2,1,1,2,75365,,
13334,2,1,2,12,75365,,
13335,1,1,1,95,75366,,
13336,1,1,2,211,75366,,
13337,2,1,1,2,75366,,
13338,2,1,2,14,75366,,
13339,1,1,1,52,75367,,
13340,1,1,2,367,75367,,
13341,2,1,1,1,75367,,
13342,2,1,2,32,75367,,
13343,1,1,1,48,75368,,
13344,1,1,2,371,75368,,
13345,2,1,1,2,75368,,
13346,2,1,2,36,75368,,
13347,1,1,1,7,75369,,
13348,1,1,2,13,75369,,
13349,1,1,1,1,75370,,
13350,1,1,2,4,75370,,
13351,1,1,1,34,75371,,
13352,1,1,2,250,75371,,
13353,2,1,1,2,75371,,
13354,2,1,2,12,75371,,
13355,1,1,1,95,75372,,
13356,1,1,2,211,75372,,
13357,2,1,1,2,75372,,
13358,2,1,2,14,75372,,
13359,1,1,1,52,75373,,
13360,1,1,2,367,75373,,
13361,2,1,1,1,75373,,
13362,2,1,2,32,75373,,
13363,1,1,1,48,75374,,
13364,1,1,2,371,75374,,
13365,2,1,1,2,75374,,
13366,2,1,2,36,75374,,
13367,1,1,1,7,75375,,
13368,1,1,2,13,75375,,
13369,1,1,1,1,75376,,
13370,1,1,2,4,75376,,
13371,1,1,1,34,75377,,
13372,1,1,2,250,75377,,
13373,2,1,1,2,75377,,
13374,2,1,2,12,75377,,
13375,1,1,1,95,75378,,
13376,1,1,2,211,75378,,
13377,2,1,1,2,75378,,
13378,2,1,2,14,75378,,
13379,1,1,1,52,75379,,
13380,1,1,2,367,75379,,
13381,2,1,1,1,75379,,
13382,2,1,2,32,75379,,
13383,1,1,1,48,75380,,
13384,1,1,2,371,75380,,
13385,2,1,1,2,75380,,
13386,2,1,2,36,75380,,
13387,1,1,1,7,75381,,
13388,1,1,2,13,75381,,
13389,1,1,1,1,75382,,
13390,1,1,2,4,75382,,
13391,1,1,1,34,75383,,
13392,1,1,2,250,75383,,
13393,2,1,1,2,75383,,
13394,2,1,2,12,75383,,
13395,1,1,1,95,75384,,
13396,1,1,2,211,75384,,
13397,2,1,1,2,75384,,
13398,2,1,2,14,75384,,
13399,1,1,1,52,75385,,
13400,1,1,2,367,75385,,
13401,2,1,1,1,75385,,
13402,2,1,2,32,75385,,
13403,1,1,1,48,75386,,
13404,1,1,2,371,75386,,
13405,2,1,1,2,75386,,
13406,2,1,2,36,75386,,
13407,1,1,1,7,75387,,
13408,1,1,2,13,75387,,
13409,1,1,1,1,75388,,
13410,1,1,2,4,75388,,
13411,1,1,1,34,75389,,
13412,1,1,2,250,75389,,
13413,2,1,1,2,75389,,
13414,2,1,2,12,75389,,
13415,1,1,1,95,75390,,
13416,1,1,2,211,75390,,
13417,2,1,1,2,75390,,
13418,2,1,2,14,75390,,
13419,1,1,1,52,75391,,
13420,1,1,2,367,75391,,
13421,2,1,1,1,75391,,
13422,2,1,2,32,75391,,
13423,1,1,1,48,75392,,
13424,1,1,2,371,75392,,
13425,2,1,1,2,75392,,
13426,2,1,2,36,75392,,
13427,1,1,1,7,75393,,
13428,1,1,2,13,75393,,
13429,1,1,1,1,75394,,
13430,1,1,2,4,75394,,
13431,1,1,1,34,75395,,
13432,1,1,2,250,75395,,
13433,2,1,1,2,75395,,
13434,2,1,2,12,75395,,
13435,1,1,1,95,75396,,
13436,1,1,2,211,75396,,
13437,2,1,1,2,75396,,
13438,2,1,2,14,75396,,
13439,1,1,1,52,75397,,
13440,1,1,2,367,75397,,
13441,2,1,1,1,75397,,
13442,2,1,2,32,75397,,
13443,1,1,1,48,75398,,
13444,1,1,2,371,75398,,
13445,2,1,1,2,75398,,
13446,2,1,2,36,75398,,
13447,1,1,1,7,75399,,
13448,1,1,2,13,75399,,
13449,1,1,1,1,75400,,
13450,1,1,2,4,75400,,
13451,1,1,1,34,75401,,
13452,1,1,2,250,75401,,
13453,2,1,1,2,75401,,
13454,2,1,2,12,75401,,
13455,1,1,1,95,75402,,
13456,1,1,2,211,75402,,
13457,2,1,1,2,75402,,
13458,2,1,2,14,75402,,
13459,1,1,1,52,75403,,
13460,1,1,2,367,75403,,
13461,2,1,1,1,75403,,
13462,2,1,2,32,75403,,
13463,1,1,1,48,75404,,
13464,1,1,2,371,75404,,
13465,2,1,1,2,75404,,
13466,2,1,2,36,75404,,
13467,1,1,1,7,75405,,
13468,1,1,2,13,75405,,
13469,1,1,1,1,75406,,
13470,1,1,2,4,75406,,
13471,1,1,1,34,75407,,
13472,1,1,2,250,75407,,
13473,2,1,1,2,75407,,
13474,2,1,2,12,75407,,
13475,1,1,1,95,75408,,
13476,1,1,2,211,75408,,
13477,2,1,1,2,75408,,
13478,2,1,2,14,75408,,
13479,1,1,1,52,75409,,
13480,1,1,2,367,75409,,
13481,2,1,1,1,75409,,
13482,2,1,2,32,75409,,
13483,1,1,1,48,75410,,
13484,1,1,2,371,75410,,
13485,2,1,1,2,75410,,
13486,2,1,2,36,75410,,
13487,1,1,1,7,75411,,
13488,1,1,2,13,75411,,
13489,1,1,1,1,75412,,
13490,1,1,2,4,75412,,
13491,1,1,1,34,75413,,
13492,1,1,2,250,75413,,
13493,2,1,1,2,75413,,
13494,2,1,2,12,75413,,
13495,1,1,1,95,75414,,
13496,1,1,2,211,75414,,
13497,2,1,1,2,75414,,
13498,2,1,2,14,75414,,
13499,1,1,1,52,75415,,
13500,1,1,2,367,75415,,
13501,2,1,1,1,75415,,
13502,2,1,2,32,75415,,
13503,1,1,1,48,75416,,
13504,1,1,2,371,75416,,
13505,2,1,1,2,75416,,
13506,2,1,2,36,75416,,
13507,1,1,1,7,75417,,
13508,1,1,2,13,75417,,
13509,1,1,1,1,75418,,
13510,1,1,2,4,75418,,
13511,1,1,1,37,75419,,
13512,1,1,2,249,75419,,
13513,2,1,1,2,75419,,
13514,2,1,2,11,75419,,
13515,1,1,1,108,75420,,
13516,1,1,2,201,75420,,
13517,2,1,1,2,75420,,
13518,2,1,2,14,75420,,
13519,1,1,1,62,75421,,
13520,1,1,2,358,75421,,
13521,2,1,1,1,75421,,
13522,2,1,2,32,75421,,
13523,1,1,1,54,75422,,
13524,1,1,2,362,75422,,
13525,2,1,1,2,75422,,
13526,2,1,2,36,75422,,
13527,1,1,1,7,75423,,
13528,1,1,2,13,75423,,
13529,1,1,1,1,75424,,
13530,1,1,2,4,75424,,
13531,1,1,1,37,75425,,
13532,1,1,2,249,75425,,
13533,2,1,1,2,75425,,
13534,2,1,2,11,75425,,
13535,1,1,1,108,75426,,
13536,1,1,2,201,75426,,
13537,2,1,1,2,75426,,
13538,2,1,2,14,75426,,
13539,1,1,1,62,75427,,
13540,1,1,2,358,75427,,
13541,2,1,1,1,75427,,
13542,2,1,2,32,75427,,
13543,1,1,1,54,75428,,
13544,1,1,2,362,75428,,
13545,2,1,1,2,75428,,
13546,2,1,2,36,75428,,
13547,1,1,1,7,75429,,
13548,1,1,2,13,75429,,
13549,1,1,1,1,75430,,
13550,1,1,2,4,75430,,
13551,1,1,1,37,75431,,
13552,1,1,2,249,75431,,
13553,2,1,1,2,75431,,
13554,2,1,2,11,75431,,
13555,1,1,1,108,75432,,
13556,1,1,2,201,75432,,
13557,2,1,1,2,75432,,
13558,2,1,2,14,75432,,
13559,1,1,1,62,75433,,
13560,1,1,2,358,75433,,
13561,2,1,1,1,75433,,
13562,2,1,2,32,75433,,
13563,1,1,1,54,75434,,
13564,1,1,2,362,75434,,
13565,2,1,1,2,75434,,
13566,2,1,2,36,75434,,
13567,1,1,1,7,75435,,
13568,1,1,2,13,75435,,
13569,1,1,1,1,75436,,
13570,1,1,2,4,75436,,
13571,1,1,1,37,75437,,
13572,1,1,2,249,75437,,
13573,2,1,1,2,75437,,
13574,2,1,2,11,75437,,
13575,1,1,1,108,75438,,
13576,1,1,2,201,75438,,
13577,2,1,1,2,75438,,
13578,2,1,2,14,75438,,
13579,1,1,1,62,75439,,
13580,1,1,2,358,75439,,
13581,2,1,1,1,75439,,
13582,2,1,2,32,75439,,
13583,1,1,1,54,75440,,
13584,1,1,2,362,75440,,
13585,2,1,1,2,75440,,
13586,2,1,2,36,75440,,
13587,1,1,1,7,75441,,
13588,1,1,2,13,75441,,
13589,1,1,1,1,75442,,
13590,1,1,2,4,75442,,
13591,1,1,1,37,75443,,
13592,1,1,2,249,75443,,
13593,2,1,1,2,75443,,
13594,2,1,2,11,75443,,
13595,1,1,1,108,75444,,
13596,1,1,2,201,75444,,
13597,2,1,1,2,75444,,
13598,2,1,2,14,75444,,
13599,1,1,1,62,75445,,
13600,1,1,2,358,75445,,
13601,2,1,1,1,75445,,
13602,2,1,2,32,75445,,
13603,1,1,1,54,75446,,
13604,1,1,2,362,75446,,
13605,2,1,1,2,75446,,
13606,2,1,2,36,75446,,
13607,1,1,1,7,75447,,
13608,1,1,2,13,75447,,
13609,1,1,1,1,75448,,
13610,1,1,2,4,75448,,
13611,1,1,1,37,75449,,
13612,1,1,2,249,75449,,
13613,2,1,1,2,75449,,
13614,2,1,2,11,75449,,
13615,1,1,1,108,75450,,
13616,1,1,2,201,75450,,
13617,2,1,1,2,75450,,
13618,2,1,2,14,75450,,
13619,1,1,1,62,75451,,
13620,1,1,2,358,75451,,
13621,2,1,1,1,75451,,
13622,2,1,2,32,75451,,
13623,1,1,1,54,75452,,
13624,1,1,2,362,75452,,
13625,2,1,1,2,75452,,
13626,2,1,2,36,75452,,
13627,1,1,1,7,75453,,
13628,1,1,2,13,75453,,
13629,1,1,1,1,75454,,
13630,1,1,2,4,75454,,
13631,1,1,1,37,75455,,
13632,1,1,2,249,75455,,
13633,2,1,1,2,75455,,
13634,2,1,2,11,75455,,
13635,1,1,1,108,75456,,
13636,1,1,2,201,75456,,
13637,2,1,1,2,75456,,
13638,2,1,2,14,75456,,
13639,1,1,1,62,75457,,
13640,1,1,2,358,75457,,
13641,2,1,1,1,75457,,
13642,2,1,2,32,75457,,
13643,1,1,1,54,75458,,
13644,1,1,2,362,75458,,
13645,2,1,1,2,75458,,
13646,2,1,2,36,75458,,
13647,1,1,1,7,75459,,
13648,1,1,2,13,75459,,
13649,1,1,1,1,75460,,
13650,1,1,2,4,75460,,
13651,1,1,1,37,75461,,
13652,1,1,2,249,75461,,
13653,2,1,1,2,75461,,
13654,2,1,2,11,75461,,
13655,1,1,1,108,75462,,
13656,1,1,2,201,75462,,
13657,2,1,1,2,75462,,
13658,2,1,2,14,75462,,
13659,1,1,1,62,75463,,
13660,1,1,2,358,75463,,
13661,2,1,1,1,75463,,
13662,2,1,2,32,75463,,
13663,1,1,1,54,75464,,
13664,1,1,2,362,75464,,
13665,2,1,1,2,75464,,
13666,2,1,2,36,75464,,
13667,1,1,1,7,75465,,
13668,1,1,2,13,75465,,
13669,1,1,1,1,75466,,
13670,1,1,2,4,75466,,
13671,1,1,1,37,75467,,
13672,1,1,2,249,75467,,
13673,2,1,1,2,75467,,
13674,2,1,2,11,75467,,
13675,1,1,1,108,75468,,
13676,1,1,2,201,75468,,
13677,2,1,1,2,75468,,
13678,2,1,2,14,75468,,
13679,1,1,1,62,75469,,
13680,1,1,2,358,75469,,
13681,2,1,1,1,75469,,
13682,2,1,2,32,75469,,
13683,1,1,1,54,75470,,
13684,1,1,2,362,75470,,
13685,2,1,1,2,75470,,
13686,2,1,2,36,75470,,
13687,1,1,1,7,75471,,
13688,1,1,2,13,75471,,
13689,1,1,1,1,75472,,
13690,1,1,2,4,75472,,
13691,1,1,1,37,75473,,
13692,1,1,2,249,75473,,
13693,2,1,1,2,75473,,
13694,2,1,2,11,75473,,
13695,1,1,1,108,75474,,
13696,1,1,2,201,75474,,
13697,2,1,1,2,75474,,
13698,2,1,2,14,75474,,
13699,1,1,1,62,75475,,
13700,1,1,2,358,75475,,
13701,2,1,1,1,75475,,
13702,2,1,2,32,75475,,
13703,1,1,1,54,75476,,
13704,1,1,2,362,75476,,
13705,2,1,1,2,75476,,
13706,2,1,2,36,75476,,
13707,1,1,1,7,75477,,
13708,1,1,2,13,75477,,
13709,1,1,1,1,75478,,
13710,1,1,2,4,75478,,
13711,1,1,1,37,75479,,
13712,1,1,2,249,75479,,
13713,2,1,1,2,75479,,
13714,2,1,2,11,75479,,
13715,1,1,1,108,75480,,
13716,1,1,2,201,75480,,
13717,2,1,1,2,75480,,
13718,2,1,2,14,75480,,
13719,1,1,1,62,75481,,
13720,1,1,2,358,75481,,
13721,2,1,1,1,75481,,
13722,2,1,2,32,75481,,
13723,1,1,1,54,75482,,
13724,1,1,2,362,75482,,
13725,2,1,1,2,75482,,
13726,2,1,2,36,75482,,
13727,1,1,1,7,75483,,
13728,1,1,2,13,75483,,
13729,1,1,1,1,75484,,
13730,1,1,2,4,75484,,
13731,1,1,1,37,75485,,
13732,1,1,2,249,75485,,
13733,2,1,1,2,75485,,
13734,2,1,2,11,75485,,
13735,1,1,1,108,75486,,
13736,1,1,2,201,75486,,
13737,2,1,1,2,75486,,
13738,2,1,2,14,75486,,
13739,1,1,1,62,75487,,
13740,1,1,2,358,75487,,
13741,2,1,1,1,75487,,
13742,2,1,2,32,75487,,
13743,1,1,1,54,75488,,
13744,1,1,2,362,75488,,
13745,2,1,1,2,75488,,
13746,2,1,2,36,75488,,
13747,1,1,1,7,75489,,
13748,1,1,2,13,75489,,
13749,1,1,1,1,75490,,
13750,1,1,2,4,75490,,
13751,1,1,1,38,75491,,
13752,1,1,2,247,75491,,
13753,2,1,1,2,75491,,
13754,2,1,2,11,75491,,
13755,1,1,1,108,75492,,
13756,1,1,2,201,75492,,
13757,2,1,1,2,75492,,
13758,2,1,2,14,75492,,
13759,1,1,1,62,75493,,
13760,1,1,2,358,75493,,
13761,2,1,1,1,75493,,
13762,2,1,2,32,75493,,
13763,1,1,1,54,75494,,
13764,1,1,2,362,75494,,
13765,2,1,1,2,75494,,
13766,2,1,2,36,75494,,
13767,1,1,1,7,75495,,
13768,1,1,2,13,75495,,
13769,1,1,1,1,75496,,
13770,1,1,2,4,75496,,
13771,1,1,1,38,75497,,
13772,1,1,2,247,75497,,
13773,2,1,1,2,75497,,
13774,2,1,2,11,75497,,
13775,1,1,1,108,75498,,
13776,1,1,2,201,75498,,
13777,2,1,1,2,75498,,
13778,2,1,2,14,75498,,
13779,1,1,1,62,75499,,
13780,1,1,2,358,75499,,
13781,2,1,1,1,75499,,
13782,2,1,2,32,75499,,
13783,1,1,1,54,75500,,
13784,1,1,2,362,75500,,
13785,2,1,1,2,75500,,
13786,2,1,2,36,75500,,
13787,1,1,1,7,75501,,
13788,1,1,2,13,75501,,
13789,1,1,1,1,75502,,
13790,1,1,2,4,75502,,
13791,1,1,1,38,75503,,
13792,1,1,2,247,75503,,
13793,2,1,1,2,75503,,
13794,2,1,2,11,75503,,
13795,1,1,1,108,75504,,
13796,1,1,2,201,75504,,
13797,2,1,1,2,75504,,
13798,2,1,2,14,75504,,
13799,1,1,1,62,75505,,
13800,1,1,2,358,75505,,
13801,2,1,1,1,75505,,
13802,2,1,2,32,75505,,
13803,1,1,1,54,75506,,
13804,1,1,2,362,75506,,
13805,2,1,1,2,75506,,
13806,2,1,2,36,75506,,
13807,1,1,1,7,75507,,
13808,1,1,2,13,75507,,
13809,1,1,1,1,75508,,
13810,1,1,2,4,75508,,
13811,1,1,1,38,75509,,
13812,1,1,2,247,75509,,
13813,2,1,1,2,75509,,
13814,2,1,2,11,75509,,
13815,1,1,1,108,75510,,
13816,1,1,2,201,75510,,
13817,2,1,1,2,75510,,
13818,2,1,2,14,75510,,
13819,1,1,1,62,75511,,
13820,1,1,2,358,75511,,
13821,2,1,1,1,75511,,
13822,2,1,2,32,75511,,
13823,1,1,1,54,75512,,
13824,1,1,2,362,75512,,
13825,2,1,1,2,75512,,
13826,2,1,2,36,75512,,
13827,1,1,1,7,75513,,
13828,1,1,2,13,75513,,
13829,1,1,1,1,75514,,
13830,1,1,2,4,75514,,
13831,1,1,1,38,75515,,
13832,1,1,2,247,75515,,
13833,2,1,1,2,75515,,
13834,2,1,2,11,75515,,
13835,1,1,1,108,75516,,
13836,1,1,2,201,75516,,
13837,2,1,1,2,75516,,
13838,2,1,2,14,75516,,
13839,1,1,1,62,75517,,
13840,1,1,2,358,75517,,
13841,2,1,1,1,75517,,
13842,2,1,2,32,75517,,
13843,1,1,1,54,75518,,
13844,1,1,2,362,75518,,
13845,2,1,1,2,75518,,
13846,2,1,2,36,75518,,
13847,1,1,1,7,75519,,
13848,1,1,2,13,75519,,
13849,1,1,1,1,75520,,
13850,1,1,2,4,75520,,
13851,1,1,1,38,75521,,
13852,1,1,2,247,75521,,
13853,2,1,1,2,75521,,
13854,2,1,2,11,75521,,
13855,1,1,1,108,75522,,
13856,1,1,2,201,75522,,
13857,2,1,1,2,75522,,
13858,2,1,2,14,75522,,
13859,1,1,1,62,75523,,
13860,1,1,2,358,75523,,
13861,2,1,1,1,75523,,
13862,2,1,2,32,75523,,
13863,1,1,1,54,75524,,
13864,1,1,2,362,75524,,
13865,2,1,1,2,75524,,
13866,2,1,2,36,75524,,
13867,1,1,1,7,75525,,
13868,1,1,2,13,75525,,
13869,1,1,1,1,75526,,
13870,1,1,2,4,75526,,
13871,1,1,1,38,75527,,
13872,1,1,2,247,75527,,
13873,2,1,1,2,75527,,
13874,2,1,2,11,75527,,
13875,1,1,1,117,75528,,
13876,1,1,2,185,75528,,
13877,2,1,1,3,75528,,
13878,2,1,2,14,75528,,
13879,1,1,1,69,75529,,
13880,1,1,2,356,75529,,
13881,2,1,1,6,75529,,
13882,2,1,2,27,75529,,
13883,1,1,1,67,75530,,
13884,1,1,2,351,75530,,
13885,2,1,1,3,75530,,
13886,2,1,2,35,75530,,
13887,1,1,1,7,75531,,
13888,1,1,2,13,75531,,
13889,1,1,1,1,75532,,
13890,1,1,2,4,75532,,
13891,1,1,1,38,75533,,
13892,1,1,2,247,75533,,
13893,2,1,1,2,75533,,
13894,2,1,2,11,75533,,
13895,1,1,1,117,75534,,
13896,1,1,2,185,75534,,
13897,2,1,1,3,75534,,
13898,2,1,2,14,75534,,
13899,1,1,1,69,75535,,
13900,1,1,2,356,75535,,
13901,2,1,1,6,75535,,
13902,2,1,2,27,75535,,
13903,1,1,1,67,75536,,
13904,1,1,2,351,75536,,
13905,2,1,1,3,75536,,
13906,2,1,2,35,75536,,
13907,1,1,1,7,75537,,
13908,1,1,2,13,75537,,
13909,1,1,1,1,75538,,
13910,1,1,2,4,75538,,
13911,1,1,1,38,75539,,
13912,1,1,2,247,75539,,
13913,2,1,1,2,75539,,
13914,2,1,2,11,75539,,
13915,1,1,1,117,75540,,
13916,1,1,2,185,75540,,
13917,2,1,1,3,75540,,
13918,2,1,2,14,75540,,
13919,1,1,1,69,75541,,
13920,1,1,2,356,75541,,
13921,2,1,1,6,75541,,
13922,2,1,2,27,75541,,
13923,1,1,1,67,75542,,
13924,1,1,2,351,75542,,
13925,2,1,1,3,75542,,
13926,2,1,2,35,75542,,
13927,1,1,1,7,75543,,
13928,1,1,2,13,75543,,
13929,1,1,1,1,75544,,
13930,1,1,2,4,75544,,
13931,1,1,1,38,75545,,
13932,1,1,2,247,75545,,
13933,2,1,1,2,75545,,
13934,2,1,2,11,75545,,
13935,1,1,1,117,75546,,
13936,1,1,2,185,75546,,
13937,2,1,1,3,75546,,
13938,2,1,2,14,75546,,
13939,1,1,1,69,75547,,
13940,1,1,2,356,75547,,
13941,2,1,1,6,75547,,
13942,2,1,2,27,75547,,
13943,1,1,1,67,75548,,
13944,1,1,2,351,75548,,
13945,2,1,1,3,75548,,
13946,2,1,2,35,75548,,
13947,1,1,1,7,75549,,
13948,1,1,2,13,75549,,
13949,1,1,1,1,75550,,
13950,1,1,2,4,75550,,
13951,1,1,1,38,75551,,
13952,1,1,2,247,75551,,
13953,2,1,1,2,75551,,
13954,2,1,2,11,75551,,
13955,1,1,1,117,75552,,
13956,1,1,2,185,75552,,
13957,2,1,1,3,75552,,
13958,2,1,2,14,75552,,
13959,1,1,1,69,75553,,
13960,1,1,2,356,75553,,
13961,2,1,1,6,75553,,
13962,2,1,2,27,75553,,
13963,1,1,1,67,75554,,
13964,1,1,2,351,75554,,
13965,2,1,1,3,75554,,
13966,2,1,2,35,75554,,
13967,1,1,1,7,75555,,
13968,1,1,2,13,75555,,
13969,1,1,1,1,75556,,
13970,1,1,2,4,75556,,
13971,1,1,1,38,75557,,
13972,1,1,2,247,75557,,
13973,2,1,1,2,75557,,
13974,2,1,2,11,75557,,
13975,1,1,1,117,75558,,
13976,1,1,2,185,75558,,
13977,2,1,1,3,75558,,
13978,2,1,2,14,75558,,
13979,1,1,1,69,75559,,
13980,1,1,2,356,75559,,
13981,2,1,1,6,75559,,
13982,2,1,2,27,75559,,
13983,1,1,1,67,75560,,
13984,1,1,2,351,75560,,
13985,2,1,1,3,75560,,
13986,2,1,2,35,75560,,
13987,1,1,1,7,75561,,
13988,1,1,2,13,75561,,
13989,1,1,1,1,75562,,
13990,1,1,2,4,75562,,
13991,1,1,1,38,75563,,
13992,1,1,2,247,75563,,
13993,2,1,1,2,75563,,
13994,2,1,2,11,75563,,
13995,1,1,1,134,75564,,
13996,1,1,2,190,75564,,
13997,2,1,1,3,75564,,
13998,2,1,2,15,75564,,
13999,1,1,1,77,75565,,
14000,1,1,2,340,75565,,
14001,2,1,1,7,75565,,
14002,2,1,2,26,75565,,
14003,1,1,1,69,75566,,
14004,1,1,2,340,75566,,
14005,2,1,1,3,75566,,
14006,2,1,2,34,75566,,
14007,1,1,1,7,75567,,
14008,1,1,2,13,75567,,
14009,1,1,1,1,75568,,
14010,1,1,2,4,75568,,
14011,1,1,1,38,75569,,
14012,1,1,2,247,75569,,
14013,2,1,1,2,75569,,
14014,2,1,2,11,75569,,
14015,1,1,1,134,75570,,
14016,1,1,2,190,75570,,
14017,2,1,1,3,75570,,
14018,2,1,2,15,75570,,
14019,1,1,1,77,75571,,
14020,1,1,2,340,75571,,
14021,2,1,1,7,75571,,
14022,2,1,2,26,75571,,
14023,1,1,1,69,75572,,
14024,1,1,2,340,75572,,
14025,2,1,1,3,75572,,
14026,2,1,2,34,75572,,
14027,1,1,1,7,75573,,
14028,1,1,2,13,75573,,
14029,1,1,1,1,75574,,
14030,1,1,2,4,75574,,
14031,1,1,1,38,75575,,
14032,1,1,2,247,75575,,
14033,2,1,1,2,75575,,
14034,2,1,2,11,75575,,
14035,1,1,1,134,75576,,
14036,1,1,2,190,75576,,
14037,2,1,1,3,75576,,
14038,2,1,2,15,75576,,
14039,1,1,1,77,75577,,
14040,1,1,2,340,75577,,
14041,2,1,1,7,75577,,
14042,2,1,2,26,75577,,
14043,1,1,1,69,75578,,
14044,1,1,2,340,75578,,
14045,2,1,1,3,75578,,
14046,2,1,2,34,75578,,
14047,1,1,1,7,75579,,
14048,1,1,2,13,75579,,
14049,1,1,1,1,75580,,
14050,1,1,2,4,75580,,
14051,1,1,1,38,75581,,
14052,1,1,2,247,75581,,
14053,2,1,1,2,75581,,
14054,2,1,2,11,75581,,
14055,1,1,1,134,75582,,
14056,1,1,2,190,75582,,
14057,2,1,1,3,75582,,
14058,2,1,2,15,75582,,
14059,1,1,1,77,75583,,
14060,1,1,2,340,75583,,
14061,2,1,1,7,75583,,
14062,2,1,2,26,75583,,
14063,1,1,1,69,75584,,
14064,1,1,2,340,75584,,
14065,2,1,1,3,75584,,
14066,2,1,2,34,75584,,
14067,1,1,1,7,75585,,
14068,1,1,2,13,75585,,
14069,1,1,1,1,75586,,
14070,1,1,2,4,75586,,
14071,1,1,1,38,75587,,
14072,1,1,2,247,75587,,
14073,2,1,1,2,75587,,
14074,2,1,2,11,75587,,
14075,1,1,1,134,75588,,
14076,1,1,2,190,75588,,
14077,2,1,1,3,75588,,
14078,2,1,2,15,75588,,
14079,1,1,1,77,75589,,
14080,1,1,2,340,75589,,
14081,2,1,1,7,75589,,
14082,2,1,2,26,75589,,
14083,1,1,1,69,75590,,
14084,1,1,2,340,75590,,
14085,2,1,1,3,75590,,
14086,2,1,2,34,75590,,
14087,1,1,1,7,75591,,
14088,1,1,2,13,75591,,
14089,1,1,1,1,75592,,
14090,1,1,2,4,75592,,
14091,1,1,1,38,75593,,
14092,1,1,2,247,75593,,
14093,2,1,1,2,75593,,
14094,2,1,2,11,75593,,
14095,1,1,1,134,75594,,
14096,1,1,2,190,75594,,
14097,2,1,1,3,75594,,
14098,2,1,2,15,75594,,
14099,1,1,1,77,75595,,
14100,1,1,2,340,75595,,
14101,2,1,1,7,75595,,
14102,2,1,2,26,75595,,
14103,1,1,1,69,75596,,
14104,1,1,2,340,75596,,
14105,2,1,1,3,75596,,
14106,2,1,2,34,75596,,
14107,1,1,1,7,75597,,
14108,1,1,2,13,75597,,
14109,1,1,1,1,75598,,
14110,1,1,2,4,75598,,
14111,1,1,1,40,75599,,
14112,1,1,2,238,75599,,
14113,2,1,1,3,75599,,
14114,2,1,2,13,75599,,
14115,1,1,1,134,75600,,
14116,1,1,2,190,75600,,
14117,2,1,1,3,75600,,
14118,2,1,2,15,75600,,
14119,1,1,1,77,75601,,
14120,1,1,2,340,75601,,
14121,2,1,1,7,75601,,
14122,2,1,2,26,75601,,
14123,1,1,1,69,75602,,
14124,1,1,2,340,75602,,
14125,2,1,1,3,75602,,
14126,2,1,2,34,75602,,
14127,1,1,1,8,75603,,
14128,1,1,2,10,75603,,
14129,1,1,1,1,75604,,
14130,1,1,2,4,75604,,
14131,1,1,1,40,75605,,
14132,1,1,2,238,75605,,
14133,2,1,1,3,75605,,
14134,2,1,2,13,75605,,
14135,1,1,1,134,75606,,
14136,1,1,2,190,75606,,
14137,2,1,1,3,75606,,
14138,2,1,2,15,75606,,
14139,1,1,1,77,75607,,
14140,1,1,2,340,75607,,
14141,2,1,1,7,75607,,
14142,2,1,2,26,75607,,
14143,1,1,1,69,75608,,
14144,1,1,2,340,75608,,
14145,2,1,1,3,75608,,
14146,2,1,2,34,75608,,
14147,1,1,1,8,75609,,
14148,1,1,2,10,75609,,
14149,1,1,1,1,75610,,
14150,1,1,2,4,75610,,
14151,1,1,1,40,75611,,
14152,1,1,2,238,75611,,
14153,2,1,1,3,75611,,
14154,2,1,2,13,75611,,
14155,1,1,1,134,75612,,
14156,1,1,2,190,75612,,
14157,2,1,1,3,75612,,
14158,2,1,2,15,75612,,
14159,1,1,1,77,75613,,
14160,1,1,2,340,75613,,
14161,2,1,1,7,75613,,
14162,2,1,2,26,75613,,
14163,1,1,1,69,75614,,
14164,1,1,2,340,75614,,
14165,2,1,1,3,75614,,
14166,2,1,2,34,75614,,
14167,1,1,1,8,75615,,
14168,1,1,2,10,75615,,
14169,1,1,1,1,75616,,
14170,1,1,2,4,75616,,
14171,1,1,1,40,75617,,
14172,1,1,2,238,75617,,
14173,2,1,1,3,75617,,
14174,2,1,2,13,75617,,
14175,1,1,1,134,75618,,
14176,1,1,2,190,75618,,
14177,2,1,1,3,75618,,
14178,2,1,2,15,75618,,
14179,1,1,1,77,75619,,
14180,1,1,2,340,75619,,
14181,2,1,1,7,75619,,
14182,2,1,2,26,75619,,
14183,1,1,1,69,75620,,
14184,1,1,2,340,75620,,
14185,2,1,1,3,75620,,
14186,2,1,2,34,75620,,
14187,1,1,1,8,75621,,
14188,1,1,2,10,75621,,
14189,1,1,1,1,75622,,
14190,1,1,2,4,75622,,
14191,1,1,1,38,75623,,
14192,1,1,2,224,75623,,
14193,2,1,1,3,75623,,
14194,2,1,2,13,75623,,
14195,1,1,1,134,75624,,
14196,1,1,2,190,75624,,
14197,2,1,1,3,75624,,
14198,2,1,2,15,75624,,
14199,1,1,1,77,75625,,
14200,1,1,2,340,75625,,
14201,2,1,1,7,75625,,
14202,2,1,2,26,75625,,
14203,1,1,1,69,75626,,
14204,1,1,2,340,75626,,
14205,2,1,1,3,75626,,
14206,2,1,2,34,75626,,
14207,1,1,1,8,75627,,
14208,1,1,2,11,75627,,
14209,1,1,1,1,75628,,
14210,1,1,2,4,75628,,
14211,1,1,1,38,75629,,
14212,1,1,2,224,75629,,
14213,2,1,1,3,75629,,
14214,2,1,2,13,75629,,
14215,1,1,1,134,75630,,
14216,1,1,2,190,75630,,
14217,2,1,1,3,75630,,
14218,2,1,2,15,75630,,
14219,1,1,1,77,75631,,
14220,1,1,2,340,75631,,
14221,2,1,1,7,75631,,
14222,2,1,2,26,75631,,
14223,1,1,1,69,75632,,
14224,1,1,2,340,75632,,
14225,2,1,1,3,75632,,
14226,2,1,2,34,75632,,
14227,1,1,1,8,75633,,
14228,1,1,2,11,75633,,
14229,1,1,1,1,75634,,
14230,1,1,2,4,75634,,
14231,1,1,1,38,75635,,
14232,1,1,2,224,75635,,
14233,2,1,1,3,75635,,
14234,2,1,2,13,75635,,
14235,1,1,1,143,75636,,
14236,1,1,2,195,75636,,
14237,2,1,1,4,75636,,
14238,2,1,2,15,75636,,
14239,1,1,1,74,75637,,
14240,1,1,2,338,75637,,
14241,2,1,1,8,75637,,
14242,2,1,2,26,75637,,
14243,1,1,1,71,75638,,
14244,1,1,2,335,75638,,
14245,2,1,1,2,75638,,
14246,2,1,2,33,75638,,
14247,1,1,1,8,75639,,
14248,1,1,2,11,75639,,
14249,1,1,1,1,75640,,
14250,1,1,2,4,75640,,
14251,1,1,1,38,75641,,
14252,1,1,2,224,75641,,
14253,2,1,1,3,75641,,
14254,2,1,2,13,75641,,
14255,1,1,1,143,75642,,
14256,1,1,2,195,75642,,
14257,2,1,1,4,75642,,
14258,2,1,2,15,75642,,
14259,1,1,1,74,75643,,
14260,1,1,2,338,75643,,
14261,2,1,1,8,75643,,
14262,2,1,2,26,75643,,
14263,1,1,1,71,75644,,
14264,1,1,2,335,75644,,
14265,2,1,1,2,75644,,
14266,2,1,2,33,75644,,
14267,1,1,1,8,75645,,
14268,1,1,2,11,75645,,
14269,1,1,1,1,75646,,
14270,1,1,2,4,75646,,
14271,1,1,1,38,75647,,
14272,1,1,2,224,75647,,
14273,2,1,1,3,75647,,
14274,2,1,2,13,75647,,
14275,1,1,1,143,75648,,
14276,1,1,2,195,75648,,
14277,2,1,1,4,75648,,
14278,2,1,2,15,75648,,
14279,1,1,1,74,75649,,
14280,1,1,2,338,75649,,
14281,2,1,1,8,75649,,
14282,2,1,2,26,75649,,
14283,1,1,1,71,75650,,
14284,1,1,2,335,75650,,
14285,2,1,1,2,75650,,
14286,2,1,2,33,75650,,
14287,1,1,1,8,75651,,
14288,1,1,2,11,75651,,
14289,1,1,1,1,75652,,
14290,1,1,2,4,75652,,
14291,1,1,1,38,75653,,
14292,1,1,2,224,75653,,
14293,2,1,1,3,75653,,
14294,2,1,2,13,75653,,
14295,1,1,1,143,75654,,
14296,1,1,2,195,75654,,
14297,2,1,1,4,75654,,
14298,2,1,2,15,75654,,
14299,1,1,1,74,75655,,
14300,1,1,2,338,75655,,
14301,2,1,1,8,75655,,
14302,2,1,2,26,75655,,
14303,1,1,1,71,75656,,
14304,1,1,2,335,75656,,
14305,2,1,1,2,75656,,
14306,2,1,2,33,75656,,
14307,1,1,1,8,75657,,
14308,1,1,2,11,75657,,
14309,1,1,1,1,75658,,
14310,1,1,2,4,75658,,
14311,1,1,1,38,75659,,
14312,1,1,2,224,75659,,
14313,2,1,1,3,75659,,
14314,2,1,2,13,75659,,
14315,1,1,1,143,75660,,
14316,1,1,2,195,75660,,
14317,2,1,1,4,75660,,
14318,2,1,2,15,75660,,
14319,1,1,1,74,75661,,
14320,1,1,2,338,75661,,
14321,2,1,1,8,75661,,
14322,2,1,2,26,75661,,
14323,1,1,1,71,75662,,
14324,1,1,2,335,75662,,
14325,2,1,1,2,75662,,
14326,2,1,2,33,75662,,
14327,1,1,1,8,75663,,
14328,1,1,2,11,75663,,
14329,1,1,1,1,75664,,
14330,1,1,2,4,75664,,
14331,1,1,1,38,75665,,
14332,1,1,2,224,75665,,
14333,2,1,1,3,75665,,
14334,2,1,2,13,75665,,
14335,1,1,1,143,75666,,
14336,1,1,2,195,75666,,
14337,2,1,1,4,75666,,
14338,2,1,2,15,75666,,
14339,1,1,1,74,75667,,
14340,1,1,2,338,75667,,
14341,2,1,1,8,75667,,
14342,2,1,2,26,75667,,
14343,1,1,1,71,75668,,
14344,1,1,2,335,75668,,
14345,2,1,1,2,75668,,
14346,2,1,2,33,75668,,
14347,1,1,1,8,75669,,
14348,1,1,2,11,75669,,
14349,1,1,1,1,75670,,
14350,1,1,2,4,75670,,
14351,1,1,1,38,75671,,
14352,1,1,2,224,75671,,
14353,2,1,1,3,75671,,
14354,2,1,2,13,75671,,
14355,1,1,1,143,75672,,
14356,1,1,2,195,75672,,
14357,2,1,1,4,75672,,
14358,2,1,2,15,75672,,
14359,1,1,1,74,75673,,
14360,1,1,2,338,75673,,
14361,2,1,1,8,75673,,
14362,2,1,2,26,75673,,
14363,1,1,1,71,75674,,
14364,1,1,2,335,75674,,
14365,2,1,1,2,75674,,
14366,2,1,2,33,75674,,
14367,1,1,1,8,75675,,
14368,1,1,2,11,75675,,
14369,1,1,1,1,75676,,
14370,1,1,2,4,75676,,
14371,1,1,1,38,75677,,
14372,1,1,2,224,75677,,
14373,2,1,1,3,75677,,
14374,2,1,2,13,75677,,
14375,1,1,1,143,75678,,
14376,1,1,2,195,75678,,
14377,2,1,1,4,75678,,
14378,2,1,2,15,75678,,
14379,1,1,1,74,75679,,
14380,1,1,2,338,75679,,
14381,2,1,1,8,75679,,
14382,2,1,2,26,75679,,
14383,1,1,1,71,75680,,
14384,1,1,2,335,75680,,
14385,2,1,1,2,75680,,
14386,2,1,2,33,75680,,
14387,1,1,1,8,75681,,
14388,1,1,2,11,75681,,
14389,1,1,1,1,75682,,
14390,1,1,2,4,75682,,
14391,1,1,1,38,75683,,
14392,1,1,2,224,75683,,
14393,2,1,1,3,75683,,
14394,2,1,2,13,75683,,
14395,1,1,1,143,75684,,
14396,1,1,2,195,75684,,
14397,2,1,1,4,75684,,
14398,2,1,2,15,75684,,
14399,1,1,1,74,75685,,
14400,1,1,2,338,75685,,
14401,2,1,1,8,75685,,
14402,2,1,2,26,75685,,
14403,1,1,1,71,75686,,
14404,1,1,2,335,75686,,
14405,2,1,1,2,75686,,
14406,2,1,2,33,75686,,
14407,1,1,1,8,75687,,
14408,1,1,2,11,75687,,
14409,1,1,1,1,75688,,
14410,1,1,2,4,75688,,
14411,1,1,1,38,75689,,
14412,1,1,2,224,75689,,
14413,2,1,1,3,75689,,
14414,2,1,2,13,75689,,
14415,1,1,1,143,75690,,
14416,1,1,2,195,75690,,
14417,2,1,1,4,75690,,
14418,2,1,2,15,75690,,
14419,1,1,1,74,75691,,
14420,1,1,2,338,75691,,
14421,2,1,1,8,75691,,
14422,2,1,2,26,75691,,
14423,1,1,1,71,75692,,
14424,1,1,2,335,75692,,
14425,2,1,1,2,75692,,
14426,2,1,2,33,75692,,
14427,1,1,1,8,75693,,
14428,1,1,2,11,75693,,
14429,1,1,1,1,75694,,
14430,1,1,2,4,75694,,
14431,1,1,1,38,75695,,
14432,1,1,2,224,75695,,
14433,2,1,1,3,75695,,
14434,2,1,2,13,75695,,
14435,1,1,1,143,75696,,
14436,1,1,2,195,75696,,
14437,2,1,1,4,75696,,
14438,2,1,2,15,75696,,
14439,1,1,1,74,75697,,
14440,1,1,2,338,75697,,
14441,2,1,1,8,75697,,
14442,2,1,2,26,75697,,
14443,1,1,1,71,75698,,
14444,1,1,2,335,75698,,
14445,2,1,1,2,75698,,
14446,2,1,2,33,75698,,
14447,1,1,1,8,75699,,
14448,1,1,2,11,75699,,
14449,1,1,1,1,75700,,
14450,1,1,2,4,75700,,
14451,1,1,1,38,75701,,
14452,1,1,2,224,75701,,
14453,2,1,1,3,75701,,
14454,2,1,2,13,75701,,
14455,1,1,1,143,75702,,
14456,1,1,2,195,75702,,
14457,2,1,1,4,75702,,
14458,2,1,2,15,75702,,
14459,1,1,1,74,75703,,
14460,1,1,2,338,75703,,
14461,2,1,1,8,75703,,
14462,2,1,2,26,75703,,
14463,1,1,1,71,75704,,
14464,1,1,2,335,75704,,
14465,2,1,1,2,75704,,
14466,2,1,2,33,75704,,
14467,1,1,1,8,75705,,
14468,1,1,2,11,75705,,
14469,1,1,1,1,75706,,
14470,1,1,2,4,75706,,
14471,1,1,1,38,75707,,
14472,1,1,2,217,75707,,
14473,2,1,1,3,75707,,
14474,2,1,2,14,75707,,
14475,1,1,1,138,75708,,
14476,1,1,2,201,75708,,
14477,2,1,1,4,75708,,
14478,2,1,2,15,75708,,
14479,1,1,1,76,75709,,
14480,1,1,2,336,75709,,
14481,2,1,1,8,75709,,
14482,2,1,2,25,75709,,
14483,1,1,1,69,75710,,
14484,1,1,2,334,75710,,
14485,2,1,1,2,75710,,
14486,2,1,2,33,75710,,
14487,1,1,1,9,75711,,
14488,1,1,2,13,75711,,
14489,1,1,1,1,75712,,
14490,1,1,2,4,75712,,
14491,1,1,1,38,75713,,
14492,1,1,2,217,75713,,
14493,2,1,1,3,75713,,
14494,2,1,2,14,75713,,
14495,1,1,1,138,75714,,
14496,1,1,2,201,75714,,
14497,2,1,1,4,75714,,
14498,2,1,2,15,75714,,
14499,1,1,1,76,75715,,
14500,1,1,2,336,75715,,
14501,2,1,1,8,75715,,
14502,2,1,2,25,75715,,
14503,1,1,1,69,75716,,
14504,1,1,2,334,75716,,
14505,2,1,1,2,75716,,
14506,2,1,2,33,75716,,
14507,1,1,1,9,75717,,
14508,1,1,2,13,75717,,
14509,1,1,1,1,75718,,
14510,1,1,2,4,75718,,
14511,1,1,1,38,75719,,
14512,1,1,2,217,75719,,
14513,2,1,1,3,75719,,
14514,2,1,2,14,75719,,
14515,1,1,1,138,75720,,
14516,1,1,2,201,75720,,
14517,2,1,1,4,75720,,
14518,2,1,2,15,75720,,
14519,1,1,1,76,75721,,
14520,1,1,2,336,75721,,
14521,2,1,1,8,75721,,
14522,2,1,2,25,75721,,
14523,1,1,1,69,75722,,
14524,1,1,2,334,75722,,
14525,2,1,1,2,75722,,
14526,2,1,2,33,75722,,
14527,1,1,1,9,75723,,
14528,1,1,2,13,75723,,
14529,1,1,1,1,75724,,
14530,1,1,2,4,75724,,
14531,1,1,1,38,75725,,
14532,1,1,2,217,75725,,
14533,2,1,1,3,75725,,
14534,2,1,2,14,75725,,
14535,1,1,1,138,75726,,
14536,1,1,2,201,75726,,
14537,2,1,1,4,75726,,
14538,2,1,2,15,75726,,
14539,1,1,1,76,75727,,
14540,1,1,2,336,75727,,
14541,2,1,1,8,75727,,
14542,2,1,2,25,75727,,
14543,1,1,1,69,75728,,
14544,1,1,2,334,75728,,
14545,2,1,1,2,75728,,
14546,2,1,2,33,75728,,
14547,1,1,1,9,75729,,
14548,1,1,2,13,75729,,
14549,1,1,1,1,75730,,
14550,1,1,2,4,75730,,
14551,1,1,1,38,75731,,
14552,1,1,2,217,75731,,
14553,2,1,1,3,75731,,
14554,2,1,2,14,75731,,
14555,1,1,1,138,75732,,
14556,1,1,2,201,75732,,
14557,2,1,1,4,75732,,
14558,2,1,2,15,75732,,
14559,1,1,1,76,75733,,
14560,1,1,2,336,75733,,
14561,2,1,1,8,75733,,
14562,2,1,2,25,75733,,
14563,1,1,1,69,75734,,
14564,1,1,2,334,75734,,
14565,2,1,1,2,75734,,
14566,2,1,2,33,75734,,
14567,1,1,1,9,75735,,
14568,1,1,2,13,75735,,
14569,1,1,1,1,75736,,
14570,1,1,2,4,75736,,
14571,1,1,1,38,75737,,
14572,1,1,2,217,75737,,
14573,2,1,1,3,75737,,
14574,2,1,2,14,75737,,
14575,1,1,1,138,75738,,
14576,1,1,2,201,75738,,
14577,2,1,1,4,75738,,
14578,2,1,2,15,75738,,
14579,1,1,1,76,75739,,
14580,1,1,2,336,75739,,
14581,2,1,1,8,75739,,
14582,2,1,2,25,75739,,
14583,1,1,1,69,75740,,
14584,1,1,2,334,75740,,
14585,2,1,1,2,75740,,
14586,2,1,2,33,75740,,
14587,1,1,1,9,75741,,
14588,1,1,2,13,75741,,
14589,1,1,1,1,75742,,
14590,1,1,2,4,75742,,
14591,1,1,1,38,75743,,
14592,1,1,2,217,75743,,
14593,2,1,1,3,75743,,
14594,2,1,2,14,75743,,
14595,1,1,1,138,75744,,
14596,1,1,2,201,75744,,
14597,2,1,1,4,75744,,
14598,2,1,2,15,75744,,
14599,1,1,1,76,75745,,
14600,1,1,2,336,75745,,
14601,2,1,1,8,75745,,
14602,2,1,2,25,75745,,
14603,1,1,1,69,75746,,
14604,1,1,2,334,75746,,
14605,2,1,1,2,75746,,
14606,2,1,2,33,75746,,
14607,1,1,1,9,75747,,
14608,1,1,2,13,75747,,
14609,1,1,1,1,75748,,
14610,1,1,2,4,75748,,
14611,1,1,1,38,75749,,
14612,1,1,2,217,75749,,
14613,2,1,1,3,75749,,
14614,2,1,2,14,75749,,
14615,1,1,1,138,75750,,
14616,1,1,2,201,75750,,
14617,2,1,1,4,75750,,
14618,2,1,2,15,75750,,
14619,1,1,1,76,75751,,
14620,1,1,2,336,75751,,
14621,2,1,1,8,75751,,
14622,2,1,2,25,75751,,
14623,1,1,1,69,75752,,
14624,1,1,2,334,75752,,
14625,2,1,1,2,75752,,
14626,2,1,2,33,75752,,
14627,1,1,1,9,75753,,
14628,1,1,2,13,75753,,
14629,1,1,1,1,75754,,
14630,1,1,2,4,75754,,
14631,1,1,1,38,75755,,
14632,1,1,2,217,75755,,
14633,2,1,1,3,75755,,
14634,2,1,2,14,75755,,
14635,1,1,1,138,75756,,
14636,1,1,2,201,75756,,
14637,2,1,1,4,75756,,
14638,2,1,2,15,75756,,
14639,1,1,1,76,75757,,
14640,1,1,2,336,75757,,
14641,2,1,1,8,75757,,
14642,2,1,2,25,75757,,
14643,1,1,1,69,75758,,
14644,1,1,2,334,75758,,
14645,2,1,1,2,75758,,
14646,2,1,2,33,75758,,
14647,1,1,1,9,75759,,
14648,1,1,2,13,75759,,
14649,1,1,1,1,75760,,
14650,1,1,2,4,75760,,
14651,1,1,1,38,75761,,
14652,1,1,2,217,75761,,
14653,2,1,1,3,75761,,
14654,2,1,2,14,75761,,
14655,1,1,1,138,75762,,
14656,1,1,2,201,75762,,
14657,2,1,1,4,75762,,
14658,2,1,2,15,75762,,
14659,1,1,1,76,75763,,
14660,1,1,2,336,75763,,
14661,2,1,1,8,75763,,
14662,2,1,2,25,75763,,
14663,1,1,1,69,75764,,
14664,1,1,2,334,75764,,
14665,2,1,1,2,75764,,
14666,2,1,2,33,75764,,
14667,1,1,1,9,75765,,
14668,1,1,2,13,75765,,
14669,1,1,1,1,75766,,
14670,1,1,2,4,75766,,
14671,1,1,1,38,75767,,
14672,1,1,2,217,75767,,
14673,2,1,1,3,75767,,
14674,2,1,2,14,75767,,
14675,1,1,1,138,75768,,
14676,1,1,2,201,75768,,
14677,2,1,1,4,75768,,
14678,2,1,2,15,75768,,
14679,1,1,1,76,75769,,
14680,1,1,2,336,75769,,
14681,2,1,1,8,75769,,
14682,2,1,2,25,75769,,
14683,1,1,1,69,75770,,
14684,1,1,2,334,75770,,
14685,2,1,1,2,75770,,
14686,2,1,2,33,75770,,
14687,1,1,1,9,75771,,
14688,1,1,2,13,75771,,
14689,1,1,1,1,75772,,
14690,1,1,2,4,75772,,
14691,1,1,1,38,75773,,
14692,1,1,2,217,75773,,
14693,2,1,1,3,75773,,
14694,2,1,2,14,75773,,
14695,1,1,1,138,75774,,
14696,1,1,2,201,75774,,
14697,2,1,1,4,75774,,
14698,2,1,2,15,75774,,
14699,1,1,1,76,75775,,
14700,1,1,2,336,75775,,
14701,2,1,1,8,75775,,
14702,2,1,2,25,75775,,
14703,1,1,1,69,75776,,
14704,1,1,2,334,75776,,
14705,2,1,1,2,75776,,
14706,2,1,2,33,75776,,
14707,1,1,1,9,75777,,
14708,1,1,2,13,75777,,
14709,1,1,1,1,75778,,
14710,1,1,2,4,75778,,
14711,1,1,1,39,75779,,
14712,1,1,2,216,75779,,
14713,2,1,1,3,75779,,
14714,2,1,2,15,75779,,
14715,1,1,1,148,75780,,
14716,1,1,2,206,75780,,
14717,2,1,1,5,75780,,
14718,2,1,2,13,75780,,
14719,1,1,1,82,75781,,
14720,1,1,2,328,75781,,
14721,2,1,1,10,75781,,
14722,2,1,2,21,75781,,
14723,1,1,1,73,75782,,
14724,1,1,2,314,75782,,
14725,2,1,1,2,75782,,
14726,2,1,2,31,75782,,
14727,1,1,1,9,75783,,
14728,1,1,2,13,75783,,
14729,1,1,1,1,75784,,
14730,1,1,2,4,75784,,
14731,1,1,1,39,75785,,
14732,1,1,2,216,75785,,
14733,2,1,1,3,75785,,
14734,2,1,2,15,75785,,
14735,1,1,1,148,75786,,
14736,1,1,2,206,75786,,
14737,2,1,1,5,75786,,
14738,2,1,2,13,75786,,
14739,1,1,1,82,75787,,
14740,1,1,2,328,75787,,
14741,2,1,1,10,75787,,
14742,2,1,2,21,75787,,
14743,1,1,1,73,75788,,
14744,1,1,2,314,75788,,
14745,2,1,1,2,75788,,
14746,2,1,2,31,75788,,
14747,1,1,1,9,75789,,
14748,1,1,2,13,75789,,
14749,1,1,1,1,75790,,
14750,1,1,2,4,75790,,
14751,1,1,1,39,75791,,
14752,1,1,2,216,75791,,
14753,2,1,1,3,75791,,
14754,2,1,2,15,75791,,
14755,1,1,1,148,75792,,
14756,1,1,2,206,75792,,
14757,2,1,1,5,75792,,
14758,2,1,2,13,75792,,
14759,1,1,1,82,75793,,
14760,1,1,2,328,75793,,
14761,2,1,1,10,75793,,
14762,2,1,2,21,75793,,
14763,1,1,1,73,75794,,
14764,1,1,2,314,75794,,
14765,2,1,1,2,75794,,
14766,2,1,2,31,75794,,
14767,1,1,1,9,75795,,
14768,1,1,2,13,75795,,
14769,1,1,1,1,75796,,
14770,1,1,2,4,75796,,
14771,1,1,1,39,75797,,
14772,1,1,2,216,75797,,
14773,2,1,1,3,75797,,
14774,2,1,2,15,75797,,
14775,1,1,1,148,75798,,
14776,1,1,2,206,75798,,
14777,2,1,1,5,75798,,
14778,2,1,2,13,75798,,
14779,1,1,1,82,75799,,
14780,1,1,2,328,75799,,
14781,2,1,1,10,75799,,
14782,2,1,2,21,75799,,
14783,1,1,1,73,75800,,
14784,1,1,2,314,75800,,
14785,2,1,1,2,75800,,
14786,2,1,2,31,75800,,
14787,1,1,1,9,75801,,
14788,1,1,2,13,75801,,
14789,1,1,1,1,75802,,
14790,1,1,2,4,75802,,
14791,1,1,1,39,75803,,
14792,1,1,2,216,75803,,
14793,2,1,1,3,75803,,
14794,2,1,2,15,75803,,
14795,1,1,1,148,75804,,
14796,1,1,2,206,75804,,
14797,2,1,1,5,75804,,
14798,2,1,2,13,75804,,
14799,1,1,1,82,75805,,
14800,1,1,2,328,75805,,
14801,2,1,1,10,75805,,
14802,2,1,2,21,75805,,
14803,1,1,1,73,75806,,
14804,1,1,2,314,75806,,
14805,2,1,1,2,75806,,
14806,2,1,2,31,75806,,
14807,1,1,1,9,75807,,
14808,1,1,2,13,75807,,
14809,1,1,1,1,75808,,
14810,1,1,2,4,75808,,
14811,1,1,1,39,75809,,
14812,1,1,2,216,75809,,
14813,2,1,1,3,75809,,
14814,2,1,2,15,75809,,
14815,1,1,1,148,75810,,
14816,1,1,2,206,75810,,
14817,2,1,1,5,75810,,
14818,2,1,2,13,75810,,
14819,1,1,1,82,75811,,
14820,1,1,2,328,75811,,
14821,2,1,1,10,75811,,
14822,2,1,2,21,75811,,
14823,1,1,1,73,75812,,
14824,1,1,2,314,75812,,
14825,2,1,1,2,75812,,
14826,2,1,2,31,75812,,
14827,1,1,1,9,75813,,
14828,1,1,2,13,75813,,
14829,1,1,1,1,75814,,
14830,1,1,2,4,75814,,
14831,1,1,1,39,75815,,
14832,1,1,2,216,75815,,
14833,2,1,1,3,75815,,
14834,2,1,2,15,75815,,
14835,1,1,1,148,75816,,
14836,1,1,2,206,75816,,
14837,2,1,1,5,75816,,
14838,2,1,2,13,75816,,
14839,1,1,1,82,75817,,
14840,1,1,2,328,75817,,
14841,2,1,1,10,75817,,
14842,2,1,2,21,75817,,
14843,1,1,1,73,75818,,
14844,1,1,2,314,75818,,
14845,2,1,1,2,75818,,
14846,2,1,2,31,75818,,
14847,1,1,1,9,75819,,
14848,1,1,2,13,75819,,
14849,1,1,1,1,75820,,
14850,1,1,2,4,75820,,
14851,1,1,1,39,75821,,
14852,1,1,2,216,75821,,
14853,2,1,1,3,75821,,
14854,2,1,2,15,75821,,
14855,1,1,1,148,75822,,
14856,1,1,2,206,75822,,
14857,2,1,1,5,75822,,
14858,2,1,2,13,75822,,
14859,1,1,1,82,75823,,
14860,1,1,2,328,75823,,
14861,2,1,1,10,75823,,
14862,2,1,2,21,75823,,
14863,1,1,1,73,75824,,
14864,1,1,2,314,75824,,
14865,2,1,1,2,75824,,
14866,2,1,2,31,75824,,
14867,1,1,1,9,75825,,
14868,1,1,2,13,75825,,
14869,1,1,1,1,75826,,
14870,1,1,2,4,75826,,
14871,1,1,1,39,75827,,
14872,1,1,2,216,75827,,
14873,2,1,1,3,75827,,
14874,2,1,2,15,75827,,
14875,1,1,1,148,75828,,
14876,1,1,2,206,75828,,
14877,2,1,1,5,75828,,
14878,2,1,2,13,75828,,
14879,1,1,1,82,75829,,
14880,1,1,2,328,75829,,
14881,2,1,1,10,75829,,
14882,2,1,2,21,75829,,
14883,1,1,1,73,75830,,
14884,1,1,2,314,75830,,
14885,2,1,1,2,75830,,
14886,2,1,2,31,75830,,
14887,1,1,1,9,75831,,
14888,1,1,2,13,75831,,
14889,1,1,1,1,75832,,
14890,1,1,2,4,75832,,
14891,1,1,1,39,75833,,
14892,1,1,2,216,75833,,
14893,2,1,1,3,75833,,
14894,2,1,2,15,75833,,
14895,1,1,1,148,75834,,
14896,1,1,2,206,75834,,
14897,2,1,1,5,75834,,
14898,2,1,2,13,75834,,
14899,1,1,1,82,75835,,
14900,1,1,2,328,75835,,
14901,2,1,1,10,75835,,
14902,2,1,2,21,75835,,
14903,1,1,1,73,75836,,
14904,1,1,2,314,75836,,
14905,2,1,1,2,75836,,
14906,2,1,2,31,75836,,
14907,1,1,1,9,75837,,
14908,1,1,2,13,75837,,
14909,1,1,1,1,75838,,
14910,1,1,2,4,75838,,
14911,1,1,1,39,75839,,
14912,1,1,2,216,75839,,
14913,2,1,1,3,75839,,
14914,2,1,2,15,75839,,
14915,1,1,1,148,75840,,
14916,1,1,2,206,75840,,
14917,2,1,1,5,75840,,
14918,2,1,2,13,75840,,
14919,1,1,1,82,75841,,
14920,1,1,2,328,75841,,
14921,2,1,1,10,75841,,
14922,2,1,2,21,75841,,
14923,1,1,1,73,75842,,
14924,1,1,2,314,75842,,
14925,2,1,1,2,75842,,
14926,2,1,2,31,75842,,
14927,1,1,1,9,75843,,
14928,1,1,2,13,75843,,
14929,1,1,1,1,75844,,
14930,1,1,2,4,75844,,
14931,1,1,1,39,75845,,
14932,1,1,2,216,75845,,
14933,2,1,1,3,75845,,
14934,2,1,2,15,75845,,
14935,1,1,1,148,75846,,
14936,1,1,2,206,75846,,
14937,2,1,1,5,75846,,
14938,2,1,2,13,75846,,
14939,1,1,1,82,75847,,
14940,1,1,2,328,75847,,
14941,2,1,1,10,75847,,
14942,2,1,2,21,75847,,
14943,1,1,1,73,75848,,
14944,1,1,2,314,75848,,
14945,2,1,1,2,75848,,
14946,2,1,2,31,75848,,
14947,1,1,1,9,75849,,
14948,1,1,2,13,75849,,
14949,1,1,1,1,75850,,
14950,1,1,2,4,75850,,
14951,1,1,1,40,75851,,
14952,1,1,2,214,75851,,
14953,2,1,1,3,75851,,
14954,2,1,2,15,75851,,
14955,1,1,1,137,75852,,
14956,1,1,2,210,75852,,
14957,2,1,1,6,75852,,
14958,2,1,2,12,75852,,
14959,1,1,1,80,75853,,
14960,1,1,2,295,75853,,
14961,2,1,1,10,75853,,
14962,2,1,2,22,75853,,
14963,1,1,1,72,75854,,
14964,1,1,2,285,75854,,
14965,2,1,1,2,75854,,
14966,2,1,2,37,75854,,
14967,1,1,1,9,75855,,
14968,1,1,2,12,75855,,
14969,1,1,1,1,75856,,
14970,1,1,2,4,75856,,
14971,1,1,1,40,75857,,
14972,1,1,2,214,75857,,
14973,2,1,1,3,75857,,
14974,2,1,2,15,75857,,
14975,1,1,1,137,75858,,
14976,1,1,2,210,75858,,
14977,2,1,1,6,75858,,
14978,2,1,2,12,75858,,
14979,1,1,1,80,75859,,
14980,1,1,2,295,75859,,
14981,2,1,1,10,75859,,
14982,2,1,2,22,75859,,
14983,1,1,1,72,75860,,
14984,1,1,2,285,75860,,
14985,2,1,1,2,75860,,
14986,2,1,2,37,75860,,
14987,1,1,1,9,75861,,
14988,1,1,2,12,75861,,
14989,1,1,1,1,75862,,
14990,1,1,2,4,75862,,
14991,1,1,1,40,75863,,
14992,1,1,2,214,75863,,
14993,2,1,1,3,75863,,
14994,2,1,2,15,75863,,
14995,1,1,1,137,75864,,
14996,1,1,2,210,75864,,
14997,2,1,1,6,75864,,
14998,2,1,2,12,75864,,
14999,1,1,1,80,75865,,
15000,1,1,2,295,75865,,
15001,2,1,1,10,75865,,
15002,2,1,2,22,75865,,
15003,1,1,1,72,75866,,
15004,1,1,2,285,75866,,
15005,2,1,1,2,75866,,
15006,2,1,2,37,75866,,
15007,1,1,1,9,75867,,
15008,1,1,2,12,75867,,
15009,1,1,1,1,75868,,
15010,1,1,2,4,75868,,
15011,1,1,1,40,75869,,
15012,1,1,2,214,75869,,
15013,2,1,1,3,75869,,
15014,2,1,2,15,75869,,
15015,1,1,1,137,75870,,
15016,1,1,2,210,75870,,
15017,2,1,1,6,75870,,
15018,2,1,2,12,75870,,
15019,1,1,1,80,75871,,
15020,1,1,2,295,75871,,
15021,2,1,1,10,75871,,
15022,2,1,2,22,75871,,
15023,1,1,1,72,75872,,
15024,1,1,2,285,75872,,
15025,2,1,1,2,75872,,
15026,2,1,2,37,75872,,
15027,1,1,1,9,75873,,
15028,1,1,2,12,75873,,
15029,1,1,1,1,75874,,
15030,1,1,2,4,75874,,
15031,1,1,1,40,75875,,
15032,1,1,2,214,75875,,
15033,2,1,1,3,75875,,
15034,2,1,2,15,75875,,
15035,1,1,1,137,75876,,
15036,1,1,2,210,75876,,
15037,2,1,1,6,75876,,
15038,2,1,2,12,75876,,
15039,1,1,1,80,75877,,
15040,1,1,2,295,75877,,
15041,2,1,1,10,75877,,
15042,2,1,2,22,75877,,
15043,1,1,1,72,75878,,
15044,1,1,2,285,75878,,
15045,2,1,1,2,75878,,
15046,2,1,2,37,75878,,
15047,1,1,1,9,75879,,
15048,1,1,2,12,75879,,
15049,1,1,1,1,75880,,
15050,1,1,2,4,75880,,
15051,1,1,1,40,75881,,
15052,1,1,2,214,75881,,
15053,2,1,1,3,75881,,
15054,2,1,2,15,75881,,
15055,1,1,1,137,75882,,
15056,1,1,2,210,75882,,
15057,2,1,1,6,75882,,
15058,2,1,2,12,75882,,
15059,1,1,1,80,75883,,
15060,1,1,2,295,75883,,
15061,2,1,1,10,75883,,
15062,2,1,2,22,75883,,
15063,1,1,1,72,75884,,
15064,1,1,2,285,75884,,
15065,2,1,1,2,75884,,
15066,2,1,2,37,75884,,
15067,1,1,1,9,75885,,
15068,1,1,2,12,75885,,
15069,1,1,1,1,75886,,
15070,1,1,2,4,75886,,
15071,1,1,1,40,75887,,
15072,1,1,2,214,75887,,
15073,2,1,1,3,75887,,
15074,2,1,2,15,75887,,
15075,1,1,1,137,75888,,
15076,1,1,2,210,75888,,
15077,2,1,1,6,75888,,
15078,2,1,2,12,75888,,
15079,1,1,1,80,75889,,
15080,1,1,2,295,75889,,
15081,2,1,1,10,75889,,
15082,2,1,2,22,75889,,
15083,1,1,1,72,75890,,
15084,1,1,2,285,75890,,
15085,2,1,1,2,75890,,
15086,2,1,2,37,75890,,
15087,1,1,1,9,75891,,
15088,1,1,2,12,75891,,
15089,1,1,1,1,75892,,
15090,1,1,2,4,75892,,
15091,1,1,1,40,75893,,
15092,1,1,2,214,75893,,
15093,2,1,1,3,75893,,
15094,2,1,2,15,75893,,
15095,1,1,1,137,75894,,
15096,1,1,2,210,75894,,
15097,2,1,1,6,75894,,
15098,2,1,2,12,75894,,
15099,1,1,1,80,75895,,
15100,1,1,2,295,75895,,
15101,2,1,1,10,75895,,
15102,2,1,2,22,75895,,
15103,1,1,1,72,75896,,
15104,1,1,2,285,75896,,
15105,2,1,1,2,75896,,
15106,2,1,2,37,75896,,
15107,1,1,1,9,75897,,
15108,1,1,2,12,75897,,
15109,1,1,1,1,75898,,
15110,1,1,2,4,75898,,
15111,1,1,1,40,75899,,
15112,1,1,2,214,75899,,
15113,2,1,1,3,75899,,
15114,2,1,2,15,75899,,
15115,1,1,1,137,75900,,
15116,1,1,2,210,75900,,
15117,2,1,1,6,75900,,
15118,2,1,2,12,75900,,
15119,1,1,1,80,75901,,
15120,1,1,2,295,75901,,
15121,2,1,1,10,75901,,
15122,2,1,2,22,75901,,
15123,1,1,1,72,75902,,
15124,1,1,2,285,75902,,
15125,2,1,1,2,75902,,
15126,2,1,2,37,75902,,
15127,1,1,1,9,75903,,
15128,1,1,2,12,75903,,
15129,1,1,1,1,75904,,
15130,1,1,2,4,75904,,
15131,1,1,1,40,75905,,
15132,1,1,2,214,75905,,
15133,2,1,1,3,75905,,
15134,2,1,2,15,75905,,
15135,1,1,1,137,75906,,
15136,1,1,2,210,75906,,
15137,2,1,1,6,75906,,
15138,2,1,2,12,75906,,
15139,1,1,1,80,75907,,
15140,1,1,2,295,75907,,
15141,2,1,1,10,75907,,
15142,2,1,2,22,75907,,
15143,1,1,1,72,75908,,
15144,1,1,2,285,75908,,
15145,2,1,1,2,75908,,
15146,2,1,2,37,75908,,
15147,1,1,1,9,75909,,
15148,1,1,2,12,75909,,
15149,1,1,1,1,75910,,
15150,1,1,2,4,75910,,
15151,1,1,1,40,75911,,
15152,1,1,2,214,75911,,
15153,2,1,1,3,75911,,
15154,2,1,2,15,75911,,
15155,1,1,1,137,75912,,
15156,1,1,2,210,75912,,
15157,2,1,1,6,75912,,
15158,2,1,2,12,75912,,
15159,1,1,1,80,75913,,
15160,1,1,2,295,75913,,
15161,2,1,1,10,75913,,
15162,2,1,2,22,75913,,
15163,1,1,1,72,75914,,
15164,1,1,2,285,75914,,
15165,2,1,1,2,75914,,
15166,2,1,2,37,75914,,
15167,1,1,1,9,75915,,
15168,1,1,2,12,75915,,
15169,1,1,1,1,75916,,
15170,1,1,2,4,75916,,
15171,1,1,1,40,75917,,
15172,1,1,2,214,75917,,
15173,2,1,1,3,75917,,
15174,2,1,2,15,75917,,
15175,1,1,1,137,75918,,
15176,1,1,2,210,75918,,
15177,2,1,1,6,75918,,
15178,2,1,2,12,75918,,
15179,1,1,1,80,75919,,
15180,1,1,2,295,75919,,
15181,2,1,1,10,75919,,
15182,2,1,2,22,75919,,
15183,1,1,1,72,75920,,
15184,1,1,2,285,75920,,
15185,2,1,1,2,75920,,
15186,2,1,2,37,75920,,
15187,1,1,1,9,75921,,
15188,1,1,2,12,75921,,
15189,1,1,1,57,75922,,
15190,1,1,2,251,75922,,
15191,2,1,1,3,75922,,
15192,2,1,2,15,75922,,
15193,1,1,1,146,75923,,
15194,1,1,2,200,75923,,
15195,2,1,1,5,75923,,
15196,2,1,2,10,75923,,
15197,1,1,1,83,75924,,
15198,1,1,2,296,75924,,
15199,2,1,1,10,75924,,
15200,2,1,2,22,75924,,
15201,1,1,1,75,75925,,
15202,1,1,2,276,75925,,
15203,2,1,1,2,75925,,
15204,2,1,2,37,75925,,
15205,1,1,1,9,75926,,
15206,1,1,2,12,75926,,
15207,1,1,1,57,75927,,
15208,1,1,2,251,75927,,
15209,2,1,1,3,75927,,
15210,2,1,2,15,75927,,
15211,1,1,1,146,75928,,
15212,1,1,2,200,75928,,
15213,2,1,1,5,75928,,
15214,2,1,2,10,75928,,
15215,1,1,1,83,75929,,
15216,1,1,2,296,75929,,
15217,2,1,1,10,75929,,
15218,2,1,2,22,75929,,
15219,1,1,1,75,75930,,
15220,1,1,2,276,75930,,
15221,2,1,1,2,75930,,
15222,2,1,2,37,75930,,
15223,1,1,1,9,75931,,
15224,1,1,2,12,75931,,
15225,1,1,1,57,75932,,
15226,1,1,2,251,75932,,
15227,2,1,1,3,75932,,
15228,2,1,2,15,75932,,
15229,1,1,1,146,75933,,
15230,1,1,2,200,75933,,
15231,2,1,1,5,75933,,
15232,2,1,2,10,75933,,
15233,1,1,1,83,75934,,
15234,1,1,2,296,75934,,
15235,2,1,1,10,75934,,
15236,2,1,2,22,75934,,
15237,1,1,1,75,75935,,
15238,1,1,2,276,75935,,
15239,2,1,1,2,75935,,
15240,2,1,2,37,75935,,
15241,1,1,1,9,75936,,
15242,1,1,2,12,75936,,
15243,1,1,1,57,75937,,
15244,1,1,2,251,75937,,
15245,2,1,1,3,75937,,
15246,2,1,2,15,75937,,
15247,1,1,1,146,75938,,
15248,1,1,2,200,75938,,
15249,2,1,1,5,75938,,
15250,2,1,2,10,75938,,
15251,1,1,1,83,75939,,
15252,1,1,2,296,75939,,
15253,2,1,1,10,75939,,
15254,2,1,2,22,75939,,
15255,1,1,1,75,75940,,
15256,1,1,2,276,75940,,
15257,2,1,1,2,75940,,
15258,2,1,2,37,75940,,
15259,1,1,1,9,75941,,
15260,1,1,2,12,75941,,
15261,1,1,1,57,75942,,
15262,1,1,2,251,75942,,
15263,2,1,1,3,75942,,
15264,2,1,2,15,75942,,
15265,1,1,1,146,75943,,
15266,1,1,2,200,75943,,
15267,2,1,1,5,75943,,
15268,2,1,2,10,75943,,
15269,1,1,1,83,75944,,
15270,1,1,2,296,75944,,
15271,2,1,1,10,75944,,
15272,2,1,2,22,75944,,
15273,1,1,1,75,75945,,
15274,1,1,2,276,75945,,
15275,2,1,1,2,75945,,
15276,2,1,2,37,75945,,
15277,1,1,1,9,75946,,
15278,1,1,2,12,75946,,
15279,1,1,1,57,75947,,
15280,1,1,2,251,75947,,
15281,2,1,1,3,75947,,
15282,2,1,2,15,75947,,
15283,1,1,1,146,75948,,
15284,1,1,2,200,75948,,
15285,2,1,1,5,75948,,
15286,2,1,2,10,75948,,
15287,1,1,1,83,75949,,
15288,1,1,2,296,75949,,
15289,2,1,1,10,75949,,
15290,2,1,2,22,75949,,
15291,1,1,1,75,75950,,
15292,1,1,2,276,75950,,
15293,2,1,1,2,75950,,
15294,2,1,2,37,75950,,
15295,1,1,1,9,75951,,
15296,1,1,2,12,75951,,
15297,1,1,1,57,75952,,
15298,1,1,2,251,75952,,
15299,2,1,1,3,75952,,
15300,2,1,2,15,75952,,
15301,1,1,1,146,75953,,
15302,1,1,2,200,75953,,
15303,2,1,1,5,75953,,
15304,2,1,2,10,75953,,
15305,1,1,1,83,75954,,
15306,1,1,2,296,75954,,
15307,2,1,1,10,75954,,
15308,2,1,2,22,75954,,
15309,1,1,1,75,75955,,
15310,1,1,2,276,75955,,
15311,2,1,1,2,75955,,
15312,2,1,2,37,75955,,
15313,1,1,1,9,75956,,
15314,1,1,2,12,75956,,
15315,1,1,1,57,75957,,
15316,1,1,2,251,75957,,
15317,2,1,1,3,75957,,
15318,2,1,2,15,75957,,
15319,1,1,1,146,75958,,
15320,1,1,2,200,75958,,
15321,2,1,1,5,75958,,
15322,2,1,2,10,75958,,
15323,1,1,1,83,75959,,
15324,1,1,2,296,75959,,
15325,2,1,1,10,75959,,
15326,2,1,2,22,75959,,
15327,1,1,1,75,75960,,
15328,1,1,2,276,75960,,
15329,2,1,1,2,75960,,
15330,2,1,2,37,75960,,
15331,1,1,1,9,75961,,
15332,1,1,2,12,75961,,
15333,1,1,1,57,75962,,
15334,1,1,2,251,75962,,
15335,2,1,1,3,75962,,
15336,2,1,2,15,75962,,
15337,1,1,1,146,75963,,
15338,1,1,2,200,75963,,
15339,2,1,1,5,75963,,
15340,2,1,2,10,75963,,
15341,1,1,1,83,75964,,
15342,1,1,2,296,75964,,
15343,2,1,1,10,75964,,
15344,2,1,2,22,75964,,
15345,1,1,1,75,75965,,
15346,1,1,2,276,75965,,
15347,2,1,1,2,75965,,
15348,2,1,2,37,75965,,
15349,1,1,1,9,75966,,
15350,1,1,2,12,75966,,
15351,1,1,1,57,75967,,
15352,1,1,2,251,75967,,
15353,2,1,1,3,75967,,
15354,2,1,2,15,75967,,
15355,1,1,1,146,75968,,
15356,1,1,2,200,75968,,
15357,2,1,1,5,75968,,
15358,2,1,2,10,75968,,
15359,1,1,1,83,75969,,
15360,1,1,2,296,75969,,
15361,2,1,1,10,75969,,
15362,2,1,2,22,75969,,
15363,1,1,1,75,75970,,
15364,1,1,2,276,75970,,
15365,2,1,1,2,75970,,
15366,2,1,2,37,75970,,
15367,1,1,1,9,75971,,
15368,1,1,2,12,75971,,
15369,1,1,1,57,75972,,
15370,1,1,2,251,75972,,
15371,2,1,1,3,75972,,
15372,2,1,2,15,75972,,
15373,1,1,1,146,75973,,
15374,1,1,2,200,75973,,
15375,2,1,1,5,75973,,
15376,2,1,2,10,75973,,
15377,1,1,1,83,75974,,
15378,1,1,2,296,75974,,
15379,2,1,1,10,75974,,
15380,2,1,2,22,75974,,
15381,1,1,1,75,75975,,
15382,1,1,2,276,75975,,
15383,2,1,1,2,75975,,
15384,2,1,2,37,75975,,
15385,1,1,1,9,75976,,
15386,1,1,2,12,75976,,
15387,1,1,1,57,75977,,
15388,1,1,2,251,75977,,
15389,2,1,1,3,75977,,
15390,2,1,2,15,75977,,
15391,1,1,1,146,75978,,
15392,1,1,2,200,75978,,
15393,2,1,1,5,75978,,
15394,2,1,2,10,75978,,
15395,1,1,1,83,75979,,
15396,1,1,2,296,75979,,
15397,2,1,1,10,75979,,
15398,2,1,2,22,75979,,
15399,1,1,1,75,75980,,
15400,1,1,2,276,75980,,
15401,2,1,1,2,75980,,
15402,2,1,2,37,75980,,
15403,1,1,1,9,75981,,
15404,1,1,2,12,75981,,
15405,1,1,1,57,75982,,
15406,1,1,2,251,75982,,
15407,2,1,1,3,75982,,
15408,2,1,2,15,75982,,
15409,1,1,1,144,75983,,
15410,1,1,2,196,75983,,
15411,2,1,1,5,75983,,
15412,2,1,2,10,75983,,
15413,1,1,1,77,75984,,
15414,1,1,2,301,75984,,
15415,2,1,1,10,75984,,
15416,2,1,2,22,75984,,
15417,1,1,1,78,75985,,
15418,1,1,2,269,75985,,
15419,2,1,1,3,75985,,
15420,2,1,2,36,75985,,
15421,1,1,1,9,75986,,
15422,1,1,2,12,75986,,
15423,1,1,1,57,75987,,
15424,1,1,2,251,75987,,
15425,2,1,1,3,75987,,
15426,2,1,2,15,75987,,
15427,1,1,1,144,75988,,
15428,1,1,2,196,75988,,
15429,2,1,1,5,75988,,
15430,2,1,2,10,75988,,
15431,1,1,1,77,75989,,
15432,1,1,2,301,75989,,
15433,2,1,1,10,75989,,
15434,2,1,2,22,75989,,
15435,1,1,1,78,75990,,
15436,1,1,2,269,75990,,
15437,2,1,1,3,75990,,
15438,2,1,2,36,75990,,
15439,1,1,1,9,75991,,
15440,1,1,2,12,75991,,
15441,1,1,1,57,75992,,
15442,1,1,2,251,75992,,
15443,2,1,1,3,75992,,
15444,2,1,2,15,75992,,
15445,1,1,1,144,75993,,
15446,1,1,2,196,75993,,
15447,2,1,1,5,75993,,
15448,2,1,2,10,75993,,
15449,1,1,1,77,75994,,
15450,1,1,2,301,75994,,
15451,2,1,1,10,75994,,
15452,2,1,2,22,75994,,
15453,1,1,1,78,75995,,
15454,1,1,2,269,75995,,
15455,2,1,1,3,75995,,
15456,2,1,2,36,75995,,
15457,1,1,1,9,75996,,
15458,1,1,2,12,75996,,
15459,1,1,1,57,75997,,
15460,1,1,2,251,75997,,
15461,2,1,1,3,75997,,
15462,2,1,2,15,75997,,
15463,1,1,1,144,75998,,
15464,1,1,2,196,75998,,
15465,2,1,1,5,75998,,
15466,2,1,2,10,75998,,
15467,1,1,1,77,75999,,
15468,1,1,2,301,75999,,
15469,2,1,1,10,75999,,
15470,2,1,2,22,75999,,
15471,1,1,1,78,76000,,
15472,1,1,2,269,76000,,
15473,2,1,1,3,76000,,
15474,2,1,2,36,76000,,
15475,1,1,1,9,76001,,
15476,1,1,2,12,76001,,
15477,1,1,1,57,76002,,
15478,1,1,2,251,76002,,
15479,2,1,1,3,76002,,
15480,2,1,2,15,76002,,
15481,1,1,1,144,76003,,
15482,1,1,2,196,76003,,
15483,2,1,1,5,76003,,
15484,2,1,2,10,76003,,
15485,1,1,1,77,76004,,
15486,1,1,2,301,76004,,
15487,2,1,1,10,76004,,
15488,2,1,2,22,76004,,
15489,1,1,1,78,76005,,
15490,1,1,2,269,76005,,
15491,2,1,1,3,76005,,
15492,2,1,2,36,76005,,
15493,1,1,1,9,76006,,
15494,1,1,2,12,76006,,
15495,1,1,1,57,76007,,
15496,1,1,2,251,76007,,
15497,2,1,1,3,76007,,
15498,2,1,2,15,76007,,
15499,1,1,1,144,76008,,
15500,1,1,2,196,76008,,
15501,2,1,1,5,76008,,
15502,2,1,2,10,76008,,
15503,1,1,1,77,76009,,
15504,1,1,2,301,76009,,
15505,2,1,1,10,76009,,
15506,2,1,2,22,76009,,
15507,1,1,1,78,76010,,
15508,1,1,2,269,76010,,
15509,2,1,1,3,76010,,
15510,2,1,2,36,76010,,
15511,1,1,1,9,76011,,
15512,1,1,2,12,76011,,
15513,1,1,1,57,76012,,
15514,1,1,2,251,76012,,
15515,2,1,1,3,76012,,
15516,2,1,2,15,76012,,
15517,1,1,1,144,76013,,
15518,1,1,2,196,76013,,
15519,2,1,1,5,76013,,
15520,2,1,2,10,76013,,
15521,1,1,1,77,76014,,
15522,1,1,2,301,76014,,
15523,2,1,1,10,76014,,
15524,2,1,2,22,76014,,
15525,1,1,1,78,76015,,
15526,1,1,2,269,76015,,
15527,2,1,1,3,76015,,
15528,2,1,2,36,76015,,
15529,1,1,1,9,76016,,
15530,1,1,2,12,76016,,
15531,1,1,1,57,76017,,
15532,1,1,2,251,76017,,
15533,2,1,1,3,76017,,
15534,2,1,2,15,76017,,
15535,1,1,1,144,76018,,
15536,1,1,2,196,76018,,
15537,2,1,1,5,76018,,
15538,2,1,2,10,76018,,
15539,1,1,1,77,76019,,
15540,1,1,2,301,76019,,
15541,2,1,1,10,76019,,
15542,2,1,2,22,76019,,
15543,1,1,1,78,76020,,
15544,1,1,2,269,76020,,
15545,2,1,1,3,76020,,
15546,2,1,2,36,76020,,
15547,1,1,1,9,76021,,
15548,1,1,2,12,76021,,
15549,1,1,1,57,76022,,
15550,1,1,2,251,76022,,
15551,2,1,1,3,76022,,
15552,2,1,2,15,76022,,
15553,1,1,1,144,76023,,
15554,1,1,2,196,76023,,
15555,2,1,1,5,76023,,
15556,2,1,2,10,76023,,
15557,1,1,1,77,76024,,
15558,1,1,2,301,76024,,
15559,2,1,1,10,76024,,
15560,2,1,2,22,76024,,
15561,1,1,1,78,76025,,
15562,1,1,2,269,76025,,
15563,2,1,1,3,76025,,
15564,2,1,2,36,76025,,
15565,1,1,1,9,76026,,
15566,1,1,2,12,76026,,
15567,1,1,1,57,76027,,
15568,1,1,2,251,76027,,
15569,2,1,1,3,76027,,
15570,2,1,2,15,76027,,
15571,1,1,1,144,76028,,
15572,1,1,2,196,76028,,
15573,2,1,1,5,76028,,
15574,2,1,2,10,76028,,
15575,1,1,1,77,76029,,
15576,1,1,2,301,76029,,
15577,2,1,1,10,76029,,
15578,2,1,2,22,76029,,
15579,1,1,1,78,76030,,
15580,1,1,2,269,76030,,
15581,2,1,1,3,76030,,
15582,2,1,2,36,76030,,
15583,1,1,1,9,76031,,
15584,1,1,2,12,76031,,
15585,1,1,1,57,76032,,
15586,1,1,2,251,76032,,
15587,2,1,1,3,76032,,
15588,2,1,2,15,76032,,
15589,1,1,1,144,76033,,
15590,1,1,2,196,76033,,
15591,2,1,1,5,76033,,
15592,2,1,2,10,76033,,
15593,1,1,1,77,76034,,
15594,1,1,2,301,76034,,
15595,2,1,1,10,76034,,
15596,2,1,2,22,76034,,
15597,1,1,1,78,76035,,
15598,1,1,2,269,76035,,
15599,2,1,1,3,76035,,
15600,2,1,2,36,76035,,
15601,1,1,1,9,76036,,
15602,1,1,2,12,76036,,
15603,1,1,1,57,76037,,
15604,1,1,2,251,76037,,
15605,2,1,1,3,76037,,
15606,2,1,2,15,76037,,
15607,1,1,1,144,76038,,
15608,1,1,2,196,76038,,
15609,2,1,1,5,76038,,
15610,2,1,2,10,76038,,
15611,1,1,1,77,76039,,
15612,1,1,2,301,76039,,
15613,2,1,1,10,76039,,
15614,2,1,2,22,76039,,
15615,1,1,1,78,76040,,
15616,1,1,2,269,76040,,
15617,2,1,1,3,76040,,
15618,2,1,2,36,76040,,
15619,1,1,1,9,76041,,
15620,1,1,2,12,76041,,
15621,1,1,1,60,76042,,
15622,1,1,2,254,76042,,
15623,2,1,1,3,76042,,
15624,2,1,2,15,76042,,
15625,1,1,1,144,76043,,
15626,1,1,2,196,76043,,
15627,2,1,1,6,76043,,
15628,2,1,2,11,76043,,
15629,1,1,1,79,76044,,
15630,1,1,2,286,76044,,
15631,2,1,1,9,76044,,
15632,2,1,2,22,76044,,
15633,1,1,1,70,76045,,
15634,1,1,2,264,76045,,
15635,2,1,1,4,76045,,
15636,2,1,2,32,76045,,
15637,1,1,1,9,76046,,
15638,1,1,2,13,76046,,
15639,1,1,1,60,76047,,
15640,1,1,2,254,76047,,
15641,2,1,1,3,76047,,
15642,2,1,2,15,76047,,
15643,1,1,1,144,76048,,
15644,1,1,2,196,76048,,
15645,2,1,1,6,76048,,
15646,2,1,2,11,76048,,
15647,1,1,1,79,76049,,
15648,1,1,2,286,76049,,
15649,2,1,1,9,76049,,
15650,2,1,2,22,76049,,
15651,1,1,1,70,76050,,
15652,1,1,2,264,76050,,
15653,2,1,1,4,76050,,
15654,2,1,2,32,76050,,
15655,1,1,1,9,76051,,
15656,1,1,2,13,76051,,
15657,1,1,1,60,76052,,
15658,1,1,2,254,76052,,
15659,2,1,1,3,76052,,
15660,2,1,2,15,76052,,
15661,1,1,1,144,76053,,
15662,1,1,2,196,76053,,
15663,2,1,1,6,76053,,
15664,2,1,2,11,76053,,
15665,1,1,1,79,76054,,
15666,1,1,2,286,76054,,
15667,2,1,1,9,76054,,
15668,2,1,2,22,76054,,
15669,1,1,1,70,76055,,
15670,1,1,2,264,76055,,
15671,2,1,1,4,76055,,
15672,2,1,2,32,76055,,
15673,1,1,1,9,76056,,
15674,1,1,2,13,76056,,
15675,1,1,1,60,76057,,
15676,1,1,2,254,76057,,
15677,2,1,1,3,76057,,
15678,2,1,2,15,76057,,
15679,1,1,1,144,76058,,
15680,1,1,2,196,76058,,
15681,2,1,1,6,76058,,
15682,2,1,2,11,76058,,
15683,1,1,1,79,76059,,
15684,1,1,2,286,76059,,
15685,2,1,1,9,76059,,
15686,2,1,2,22,76059,,
15687,1,1,1,70,76060,,
15688,1,1,2,264,76060,,
15689,2,1,1,4,76060,,
15690,2,1,2,32,76060,,
15691,1,1,1,9,76061,,
15692,1,1,2,13,76061,,
15693,1,1,1,60,76062,,
15694,1,1,2,254,76062,,
15695,2,1,1,3,76062,,
15696,2,1,2,15,76062,,
15697,1,1,1,144,76063,,
15698,1,1,2,196,76063,,
15699,2,1,1,6,76063,,
15700,2,1,2,11,76063,,
15701,1,1,1,79,76064,,
15702,1,1,2,286,76064,,
15703,2,1,1,9,76064,,
15704,2,1,2,22,76064,,
15705,1,1,1,70,76065,,
15706,1,1,2,264,76065,,
15707,2,1,1,4,76065,,
15708,2,1,2,32,76065,,
15709,1,1,1,9,76066,,
15710,1,1,2,13,76066,,
15711,1,1,1,60,76067,,
15712,1,1,2,254,76067,,
15713,2,1,1,3,76067,,
15714,2,1,2,15,76067,,
15715,1,1,1,144,76068,,
15716,1,1,2,196,76068,,
15717,2,1,1,6,76068,,
15718,2,1,2,11,76068,,
15719,1,1,1,79,76069,,
15720,1,1,2,286,76069,,
15721,2,1,1,9,76069,,
15722,2,1,2,22,76069,,
15723,1,1,1,70,76070,,
15724,1,1,2,264,76070,,
15725,2,1,1,4,76070,,
15726,2,1,2,32,76070,,
15727,1,1,1,9,76071,,
15728,1,1,2,13,76071,,
15729,1,1,1,60,76072,,
15730,1,1,2,254,76072,,
15731,2,1,1,3,76072,,
15732,2,1,2,15,76072,,
15733,1,1,1,144,76073,,
15734,1,1,2,196,76073,,
15735,2,1,1,6,76073,,
15736,2,1,2,11,76073,,
15737,1,1,1,79,76074,,
15738,1,1,2,286,76074,,
15739,2,1,1,9,76074,,
15740,2,1,2,22,76074,,
15741,1,1,1,70,76075,,
15742,1,1,2,264,76075,,
15743,2,1,1,4,76075,,
15744,2,1,2,32,76075,,
15745,1,1,1,9,76076,,
15746,1,1,2,13,76076,,
15747,1,1,1,60,76077,,
15748,1,1,2,254,76077,,
15749,2,1,1,3,76077,,
15750,2,1,2,15,76077,,
15751,1,1,1,144,76078,,
15752,1,1,2,196,76078,,
15753,2,1,1,6,76078,,
15754,2,1,2,11,76078,,
15755,1,1,1,79,76079,,
15756,1,1,2,286,76079,,
15757,2,1,1,9,76079,,
15758,2,1,2,22,76079,,
15759,1,1,1,70,76080,,
15760,1,1,2,264,76080,,
15761,2,1,1,4,76080,,
15762,2,1,2,32,76080,,
15763,1,1,1,9,76081,,
15764,1,1,2,13,76081,,
15765,1,1,1,60,76082,,
15766,1,1,2,254,76082,,
15767,2,1,1,3,76082,,
15768,2,1,2,15,76082,,
15769,1,1,1,144,76083,,
15770,1,1,2,196,76083,,
15771,2,1,1,6,76083,,
15772,2,1,2,11,76083,,
15773,1,1,1,79,76084,,
15774,1,1,2,286,76084,,
15775,2,1,1,9,76084,,
15776,2,1,2,22,76084,,
15777,1,1,1,70,76085,,
15778,1,1,2,264,76085,,
15779,2,1,1,4,76085,,
15780,2,1,2,32,76085,,
15781,1,1,1,9,76086,,
15782,1,1,2,13,76086,,
15783,1,1,1,60,76087,,
15784,1,1,2,254,76087,,
15785,2,1,1,3,76087,,
15786,2,1,2,15,76087,,
15787,1,1,1,144,76088,,
15788,1,1,2,196,76088,,
15789,2,1,1,6,76088,,
15790,2,1,2,11,76088,,
15791,1,1,1,79,76089,,
15792,1,1,2,286,76089,,
15793,2,1,1,9,76089,,
15794,2,1,2,22,76089,,
15795,1,1,1,70,76090,,
15796,1,1,2,264,76090,,
15797,2,1,1,4,76090,,
15798,2,1,2,32,76090,,
15799,1,1,1,9,76091,,
15800,1,1,2,13,76091,,
15801,1,1,1,60,76092,,
15802,1,1,2,254,76092,,
15803,2,1,1,3,76092,,
15804,2,1,2,15,76092,,
15805,1,1,1,144,76093,,
15806,1,1,2,196,76093,,
15807,2,1,1,6,76093,,
15808,2,1,2,11,76093,,
15809,1,1,1,79,76094,,
15810,1,1,2,286,76094,,
15811,2,1,1,9,76094,,
15812,2,1,2,22,76094,,
15813,1,1,1,70,76095,,
15814,1,1,2,264,76095,,
15815,2,1,1,4,76095,,
15816,2,1,2,32,76095,,
15817,1,1,1,9,76096,,
15818,1,1,2,13,76096,,
15819,1,1,1,144,76097,,
15820,1,1,2,196,76097,,
15821,2,1,1,6,76097,,
15822,2,1,2,11,76097,,
15823,1,1,1,79,76098,,
15824,1,1,2,286,76098,,
15825,2,1,1,9,76098,,
15826,2,1,2,22,76098,,
15827,1,1,1,70,76099,,
15828,1,1,2,264,76099,,
15829,2,1,1,4,76099,,
15830,2,1,2,32,76099,,
15831,1,1,1,155,76100,,
15832,1,1,2,205,76100,,
15833,2,1,1,7,76100,,
15834,2,1,2,10,76100,,
15835,1,1,1,85,76101,,
15836,1,1,2,300,76101,,
15837,2,1,1,8,76101,,
15838,2,1,2,22,76101,,
15839,1,1,1,70,76102,,
15840,1,1,2,261,76102,,
15841,2,1,1,3,76102,,
15842,2,1,2,32,76102,,
15843,1,1,1,155,76103,,
15844,1,1,2,205,76103,,
15845,2,1,1,7,76103,,
15846,2,1,2,10,76103,,
15847,1,1,1,85,76104,,
15848,1,1,2,300,76104,,
15849,2,1,1,8,76104,,
15850,2,1,2,22,76104,,
15851,1,1,1,70,76105,,
15852,1,1,2,261,76105,,
15853,2,1,1,3,76105,,
15854,2,1,2,32,76105,,
15855,1,1,1,155,76106,,
15856,1,1,2,205,76106,,
15857,2,1,1,7,76106,,
15858,2,1,2,10,76106,,
15859,1,1,1,85,76107,,
15860,1,1,2,300,76107,,
15861,2,1,1,8,76107,,
15862,2,1,2,22,76107,,
15863,1,1,1,70,76108,,
15864,1,1,2,261,76108,,
15865,2,1,1,3,76108,,
15866,2,1,2,32,76108,,
15867,1,1,1,155,76109,,
15868,1,1,2,205,76109,,
15869,2,1,1,7,76109,,
15870,2,1,2,10,76109,,
15871,1,1,1,85,76110,,
15872,1,1,2,300,76110,,
15873,2,1,1,8,76110,,
15874,2,1,2,22,76110,,
15875,1,1,1,70,76111,,
15876,1,1,2,261,76111,,
15877,2,1,1,3,76111,,
15878,2,1,2,32,76111,,
15879,1,1,1,155,76112,,
15880,1,1,2,205,76112,,
15881,2,1,1,7,76112,,
15882,2,1,2,10,76112,,
15883,1,1,1,85,76113,,
15884,1,1,2,300,76113,,
15885,2,1,1,8,76113,,
15886,2,1,2,22,76113,,
15887,1,1,1,70,76114,,
15888,1,1,2,261,76114,,
15889,2,1,1,3,76114,,
15890,2,1,2,32,76114,,
15891,1,1,1,155,76115,,
15892,1,1,2,205,76115,,
15893,2,1,1,7,76115,,
15894,2,1,2,10,76115,,
15895,1,1,1,85,76116,,
15896,1,1,2,300,76116,,
15897,2,1,1,8,76116,,
15898,2,1,2,22,76116,,
15899,1,1,1,70,76117,,
15900,1,1,2,261,76117,,
15901,2,1,1,3,76117,,
15902,2,1,2,32,76117,,
15903,1,1,1,155,76118,,
15904,1,1,2,205,76118,,
15905,2,1,1,7,76118,,
15906,2,1,2,10,76118,,
15907,1,1,1,85,76119,,
15908,1,1,2,300,76119,,
15909,2,1,1,8,76119,,
15910,2,1,2,22,76119,,
15911,1,1,1,70,76120,,
15912,1,1,2,261,76120,,
15913,2,1,1,3,76120,,
15914,2,1,2,32,76120,,
15915,1,1,1,155,76121,,
15916,1,1,2,205,76121,,
15917,2,1,1,7,76121,,
15918,2,1,2,10,76121,,
15919,1,1,1,85,76122,,
15920,1,1,2,300,76122,,
15921,2,1,1,8,76122,,
15922,2,1,2,22,76122,,
15923,1,1,1,70,76123,,
15924,1,1,2,261,76123,,
15925,2,1,1,3,76123,,
15926,2,1,2,32,76123,,
15927,1,1,1,155,76124,,
15928,1,1,2,205,76124,,
15929,2,1,1,7,76124,,
15930,2,1,2,10,76124,,
15931,1,1,1,85,76125,,
15932,1,1,2,300,76125,,
15933,2,1,1,8,76125,,
15934,2,1,2,22,76125,,
15935,1,1,1,70,76126,,
15936,1,1,2,261,76126,,
15937,2,1,1,3,76126,,
15938,2,1,2,32,76126,,
15939,1,1,1,155,76127,,
15940,1,1,2,205,76127,,
15941,2,1,1,7,76127,,
15942,2,1,2,10,76127,,
15943,1,1,1,85,76128,,
15944,1,1,2,300,76128,,
15945,2,1,1,8,76128,,
15946,2,1,2,22,76128,,
15947,1,1,1,70,76129,,
15948,1,1,2,261,76129,,
15949,2,1,1,3,76129,,
15950,2,1,2,32,76129,,
15951,1,1,1,155,76130,,
15952,1,1,2,205,76130,,
15953,2,1,1,7,76130,,
15954,2,1,2,10,76130,,
15955,1,1,1,85,76131,,
15956,1,1,2,300,76131,,
15957,2,1,1,8,76131,,
15958,2,1,2,22,76131,,
15959,1,1,1,70,76132,,
15960,1,1,2,261,76132,,
15961,2,1,1,3,76132,,
15962,2,1,2,32,76132,,
15963,1,1,1,155,76133,,
15964,1,1,2,205,76133,,
15965,2,1,1,7,76133,,
15966,2,1,2,10,76133,,
15967,1,1,1,85,76134,,
15968,1,1,2,300,76134,,
15969,2,1,1,8,76134,,
15970,2,1,2,22,76134,,
15971,1,1,1,70,76135,,
15972,1,1,2,261,76135,,
15973,2,1,1,3,76135,,
15974,2,1,2,32,76135,,
15975,1,1,1,163,76136,,
15976,1,1,2,206,76136,,
15977,2,1,1,9,76136,,
15978,2,1,2,10,76136,,
15979,1,1,1,81,76137,,
15980,1,1,2,291,76137,,
15981,2,1,1,7,76137,,
15982,2,1,2,22,76137,,
15983,1,1,1,68,76138,,
15984,1,1,2,258,76138,,
15985,2,1,1,4,76138,,
15986,2,1,2,29,76138,,
15987,1,1,1,163,76139,,
15988,1,1,2,206,76139,,
15989,2,1,1,9,76139,,
15990,2,1,2,10,76139,,
15991,1,1,1,81,76140,,
15992,1,1,2,291,76140,,
15993,2,1,1,7,76140,,
15994,2,1,2,22,76140,,
15995,1,1,1,68,76141,,
15996,1,1,2,258,76141,,
15997,2,1,1,4,76141,,
15998,2,1,2,29,76141,,
15999,1,1,1,163,76142,,
16000,1,1,2,206,76142,,
16001,2,1,1,9,76142,,
16002,2,1,2,10,76142,,
16003,1,1,1,81,76143,,
16004,1,1,2,291,76143,,
16005,2,1,1,7,76143,,
16006,2,1,2,22,76143,,
16007,1,1,1,68,76144,,
16008,1,1,2,258,76144,,
16009,2,1,1,4,76144,,
16010,2,1,2,29,76144,,
16011,1,1,1,163,76145,,
16012,1,1,2,206,76145,,
16013,2,1,1,9,76145,,
16014,2,1,2,10,76145,,
16015,1,1,1,81,76146,,
16016,1,1,2,291,76146,,
16017,2,1,1,7,76146,,
16018,2,1,2,22,76146,,
16019,1,1,1,68,76147,,
16020,1,1,2,258,76147,,
16021,2,1,1,4,76147,,
16022,2,1,2,29,76147,,
16023,1,1,1,163,76148,,
16024,1,1,2,206,76148,,
16025,2,1,1,9,76148,,
16026,2,1,2,10,76148,,
16027,1,1,1,81,76149,,
16028,1,1,2,291,76149,,
16029,2,1,1,7,76149,,
16030,2,1,2,22,76149,,
16031,1,1,1,68,76150,,
16032,1,1,2,258,76150,,
16033,2,1,1,4,76150,,
16034,2,1,2,29,76150,,
16035,1,1,1,163,76151,,
16036,1,1,2,206,76151,,
16037,2,1,1,9,76151,,
16038,2,1,2,10,76151,,
16039,1,1,1,81,76152,,
16040,1,1,2,291,76152,,
16041,2,1,1,7,76152,,
16042,2,1,2,22,76152,,
16043,1,1,1,68,76153,,
16044,1,1,2,258,76153,,
16045,2,1,1,4,76153,,
16046,2,1,2,29,76153,,
16047,1,1,1,163,76154,,
16048,1,1,2,206,76154,,
16049,2,1,1,9,76154,,
16050,2,1,2,10,76154,,
16051,1,1,1,81,76155,,
16052,1,1,2,291,76155,,
16053,2,1,1,7,76155,,
16054,2,1,2,22,76155,,
16055,1,1,1,68,76156,,
16056,1,1,2,258,76156,,
16057,2,1,1,4,76156,,
16058,2,1,2,29,76156,,
16059,1,1,1,163,76157,,
16060,1,1,2,206,76157,,
16061,2,1,1,9,76157,,
16062,2,1,2,10,76157,,
16063,1,1,1,81,76158,,
16064,1,1,2,291,76158,,
16065,2,1,1,7,76158,,
16066,2,1,2,22,76158,,
16067,1,1,1,68,76159,,
16068,1,1,2,258,76159,,
16069,2,1,1,4,76159,,
16070,2,1,2,29,76159,,
16071,1,1,1,163,76160,,
16072,1,1,2,206,76160,,
16073,2,1,1,9,76160,,
16074,2,1,2,10,76160,,
16075,1,1,1,81,76161,,
16076,1,1,2,291,76161,,
16077,2,1,1,7,76161,,
16078,2,1,2,22,76161,,
16079,1,1,1,68,76162,,
16080,1,1,2,258,76162,,
16081,2,1,1,4,76162,,
16082,2,1,2,29,76162,,
16083,1,1,1,163,76163,,
16084,1,1,2,206,76163,,
16085,2,1,1,9,76163,,
16086,2,1,2,10,76163,,
16087,1,1,1,81,76164,,
16088,1,1,2,291,76164,,
16089,2,1,1,7,76164,,
16090,2,1,2,22,76164,,
16091,1,1,1,68,76165,,
16092,1,1,2,258,76165,,
16093,2,1,1,4,76165,,
16094,2,1,2,29,76165,,
16095,1,1,1,163,76166,,
16096,1,1,2,206,76166,,
16097,2,1,1,9,76166,,
16098,2,1,2,10,76166,,
16099,1,1,1,81,76167,,
16100,1,1,2,291,76167,,
16101,2,1,1,7,76167,,
16102,2,1,2,22,76167,,
16103,1,1,1,68,76168,,
16104,1,1,2,258,76168,,
16105,2,1,1,4,76168,,
16106,2,1,2,29,76168,,
16107,1,1,1,163,76169,,
16108,1,1,2,206,76169,,
16109,2,1,1,9,76169,,
16110,2,1,2,10,76169,,
16111,1,1,1,81,76170,,
16112,1,1,2,291,76170,,
16113,2,1,1,7,76170,,
16114,2,1,2,22,76170,,
16115,1,1,1,68,76171,,
16116,1,1,2,258,76171,,
16117,2,1,1,4,76171,,
16118,2,1,2,29,76171,,
16119,1,1,1,156,76172,,
16120,1,1,2,201,76172,,
16121,2,1,1,9,76172,,
16122,2,1,2,10,76172,,
16123,1,1,1,78,76173,,
16124,1,1,2,271,76173,,
16125,2,1,1,7,76173,,
16126,2,1,2,22,76173,,
16127,1,1,1,63,76174,,
16128,1,1,2,254,76174,,
16129,2,1,1,4,76174,,
16130,2,1,2,29,76174,,
16131,1,1,1,156,76175,,
16132,1,1,2,201,76175,,
16133,2,1,1,9,76175,,
16134,2,1,2,10,76175,,
16135,1,1,1,78,76176,,
16136,1,1,2,271,76176,,
16137,2,1,1,7,76176,,
16138,2,1,2,22,76176,,
16139,1,1,1,63,76177,,
16140,1,1,2,254,76177,,
16141,2,1,1,4,76177,,
16142,2,1,2,29,76177,,
16143,1,1,1,156,76178,,
16144,1,1,2,201,76178,,
16145,2,1,1,9,76178,,
16146,2,1,2,10,76178,,
16147,1,1,1,78,76179,,
16148,1,1,2,271,76179,,
16149,2,1,1,7,76179,,
16150,2,1,2,22,76179,,
16151,1,1,1,63,76180,,
16152,1,1,2,254,76180,,
16153,2,1,1,4,76180,,
16154,2,1,2,29,76180,,
16155,1,1,1,156,76181,,
16156,1,1,2,201,76181,,
16157,2,1,1,9,76181,,
16158,2,1,2,10,76181,,
16159,1,1,1,78,76182,,
16160,1,1,2,271,76182,,
16161,2,1,1,7,76182,,
16162,2,1,2,22,76182,,
16163,1,1,1,63,76183,,
16164,1,1,2,254,76183,,
16165,2,1,1,4,76183,,
16166,2,1,2,29,76183,,
16167,1,1,1,156,76184,,
16168,1,1,2,201,76184,,
16169,2,1,1,9,76184,,
16170,2,1,2,10,76184,,
16171,1,1,1,78,76185,,
16172,1,1,2,271,76185,,
16173,2,1,1,7,76185,,
16174,2,1,2,22,76185,,
16175,1,1,1,63,76186,,
16176,1,1,2,254,76186,,
16177,2,1,1,4,76186,,
16178,2,1,2,29,76186,,
16179,1,1,1,156,76187,,
16180,1,1,2,201,76187,,
16181,2,1,1,9,76187,,
16182,2,1,2,10,76187,,
16183,1,1,1,78,76188,,
16184,1,1,2,271,76188,,
16185,2,1,1,7,76188,,
16186,2,1,2,22,76188,,
16187,1,1,1,63,76189,,
16188,1,1,2,254,76189,,
16189,2,1,1,4,76189,,
16190,2,1,2,29,76189,,
16191,1,1,1,156,76190,,
16192,1,1,2,201,76190,,
16193,2,1,1,9,76190,,
16194,2,1,2,10,76190,,
16195,1,1,1,78,76191,,
16196,1,1,2,271,76191,,
16197,2,1,1,7,76191,,
16198,2,1,2,22,76191,,
16199,1,1,1,63,76192,,
16200,1,1,2,254,76192,,
16201,2,1,1,4,76192,,
16202,2,1,2,29,76192,,
16203,1,1,1,156,76193,,
16204,1,1,2,201,76193,,
16205,2,1,1,9,76193,,
16206,2,1,2,10,76193,,
16207,1,1,1,78,76194,,
16208,1,1,2,271,76194,,
16209,2,1,1,7,76194,,
16210,2,1,2,22,76194,,
16211,1,1,1,63,76195,,
16212,1,1,2,254,76195,,
16213,2,1,1,4,76195,,
16214,2,1,2,29,76195,,
16215,1,1,1,156,76196,,
16216,1,1,2,201,76196,,
16217,2,1,1,9,76196,,
16218,2,1,2,10,76196,,
16219,1,1,1,78,76197,,
16220,1,1,2,271,76197,,
16221,2,1,1,7,76197,,
16222,2,1,2,22,76197,,
16223,1,1,1,63,76198,,
16224,1,1,2,254,76198,,
16225,2,1,1,4,76198,,
16226,2,1,2,29,76198,,
16227,1,1,1,156,76199,,
16228,1,1,2,201,76199,,
16229,2,1,1,9,76199,,
16230,2,1,2,10,76199,,
16231,1,1,1,78,76200,,
16232,1,1,2,271,76200,,
16233,2,1,1,7,76200,,
16234,2,1,2,22,76200,,
16235,1,1,1,63,76201,,
16236,1,1,2,254,76201,,
16237,2,1,1,4,76201,,
16238,2,1,2,29,76201,,
16239,1,1,1,156,76202,,
16240,1,1,2,201,76202,,
16241,2,1,1,9,76202,,
16242,2,1,2,10,76202,,
16243,1,1,1,78,76203,,
16244,1,1,2,271,76203,,
16245,2,1,1,7,76203,,
16246,2,1,2,22,76203,,
16247,1,1,1,63,76204,,
16248,1,1,2,254,76204,,
16249,2,1,1,4,76204,,
16250,2,1,2,29,76204,,
16251,1,1,1,156,76205,,
16252,1,1,2,201,76205,,
16253,2,1,1,9,76205,,
16254,2,1,2,10,76205,,
16255,1,1,1,78,76206,,
16256,1,1,2,271,76206,,
16257,2,1,1,7,76206,,
16258,2,1,2,22,76206,,
16259,1,1,1,63,76207,,
16260,1,1,2,254,76207,,
16261,2,1,1,4,76207,,
16262,2,1,2,29,76207,,
16263,1,1,1,138,76208,,
16264,1,1,2,196,76208,,
16265,2,1,1,8,76208,,
16266,2,1,2,9,76208,,
16267,1,1,1,83,76209,,
16268,1,1,2,269,76209,,
16269,2,1,1,6,76209,,
16270,2,1,2,23,76209,,
16271,1,1,1,66,76210,,
16272,1,1,2,231,76210,,
16273,2,1,1,3,76210,,
16274,2,1,2,29,76210,,
16275,1,1,1,138,76211,,
16276,1,1,2,196,76211,,
16277,2,1,1,8,76211,,
16278,2,1,2,9,76211,,
16279,1,1,1,83,76212,,
16280,1,1,2,269,76212,,
16281,2,1,1,6,76212,,
16282,2,1,2,23,76212,,
16283,1,1,1,66,76213,,
16284,1,1,2,231,76213,,
16285,2,1,1,3,76213,,
16286,2,1,2,29,76213,,
16287,1,1,1,138,76214,,
16288,1,1,2,196,76214,,
16289,2,1,1,8,76214,,
16290,2,1,2,9,76214,,
16291,1,1,1,83,76215,,
16292,1,1,2,269,76215,,
16293,2,1,1,6,76215,,
16294,2,1,2,23,76215,,
16295,1,1,1,66,76216,,
16296,1,1,2,231,76216,,
16297,2,1,1,3,76216,,
16298,2,1,2,29,76216,,
16299,1,1,1,138,76217,,
16300,1,1,2,196,76217,,
16301,2,1,1,8,76217,,
16302,2,1,2,9,76217,,
16303,1,1,1,83,76218,,
16304,1,1,2,269,76218,,
16305,2,1,1,6,76218,,
16306,2,1,2,23,76218,,
16307,1,1,1,66,76219,,
16308,1,1,2,231,76219,,
16309,2,1,1,3,76219,,
16310,2,1,2,29,76219,,
16311,1,1,1,138,76220,,
16312,1,1,2,196,76220,,
16313,2,1,1,8,76220,,
16314,2,1,2,9,76220,,
16315,1,1,1,83,76221,,
16316,1,1,2,269,76221,,
16317,2,1,1,6,76221,,
16318,2,1,2,23,76221,,
16319,1,1,1,66,76222,,
16320,1,1,2,231,76222,,
16321,2,1,1,3,76222,,
16322,2,1,2,29,76222,,
16323,1,1,1,138,76223,,
16324,1,1,2,196,76223,,
16325,2,1,1,8,76223,,
16326,2,1,2,9,76223,,
16327,1,1,1,83,76224,,
16328,1,1,2,269,76224,,
16329,2,1,1,6,76224,,
16330,2,1,2,23,76224,,
16331,1,1,1,66,76225,,
16332,1,1,2,231,76225,,
16333,2,1,1,3,76225,,
16334,2,1,2,29,76225,,
16335,1,1,1,138,76226,,
16336,1,1,2,196,76226,,
16337,2,1,1,8,76226,,
16338,2,1,2,9,76226,,
16339,1,1,1,83,76227,,
16340,1,1,2,269,76227,,
16341,2,1,1,6,76227,,
16342,2,1,2,23,76227,,
16343,1,1,1,66,76228,,
16344,1,1,2,231,76228,,
16345,2,1,1,3,76228,,
16346,2,1,2,29,76228,,
16347,1,1,1,138,76229,,
16348,1,1,2,196,76229,,
16349,2,1,1,8,76229,,
16350,2,1,2,9,76229,,
16351,1,1,1,83,76230,,
16352,1,1,2,269,76230,,
16353,2,1,1,6,76230,,
16354,2,1,2,23,76230,,
16355,1,1,1,66,76231,,
16356,1,1,2,231,76231,,
16357,2,1,1,3,76231,,
16358,2,1,2,29,76231,,
16359,1,1,1,138,76232,,
16360,1,1,2,196,76232,,
16361,2,1,1,8,76232,,
16362,2,1,2,9,76232,,
16363,1,1,1,83,76233,,
16364,1,1,2,269,76233,,
16365,2,1,1,6,76233,,
16366,2,1,2,23,76233,,
16367,1,1,1,66,76234,,
16368,1,1,2,231,76234,,
16369,2,1,1,3,76234,,
16370,2,1,2,29,76234,,
16371,1,1,1,138,76235,,
16372,1,1,2,196,76235,,
16373,2,1,1,8,76235,,
16374,2,1,2,9,76235,,
16375,1,1,1,83,76236,,
16376,1,1,2,269,76236,,
16377,2,1,1,6,76236,,
16378,2,1,2,23,76236,,
16379,1,1,1,66,76237,,
16380,1,1,2,231,76237,,
16381,2,1,1,3,76237,,
16382,2,1,2,29,76237,,
16383,1,1,1,138,76238,,
16384,1,1,2,196,76238,,
16385,2,1,1,8,76238,,
16386,2,1,2,9,76238,,
16387,1,1,1,83,76239,,
16388,1,1,2,269,76239,,
16389,2,1,1,6,76239,,
16390,2,1,2,23,76239,,
16391,1,1,1,66,76240,,
16392,1,1,2,231,76240,,
16393,2,1,1,3,76240,,
16394,2,1,2,29,76240,,
16395,1,1,1,138,76241,,
16396,1,1,2,196,76241,,
16397,2,1,1,8,76241,,
16398,2,1,2,9,76241,,
16399,1,1,1,83,76242,,
16400,1,1,2,269,76242,,
16401,2,1,1,6,76242,,
16402,2,1,2,23,76242,,
16403,1,1,1,66,76243,,
16404,1,1,2,231,76243,,
16405,2,1,1,3,76243,,
16406,2,1,2,29,76243,,
16407,1,1,1,124,76244,,
16408,1,1,2,188,76244,,
16409,2,1,1,8,76244,,
16410,2,1,2,9,76244,,
16411,1,1,1,85,76245,,
16412,1,1,2,261,76245,,
16413,2,1,1,6,76245,,
16414,2,1,2,22,76245,,
16415,1,1,1,66,76246,,
16416,1,1,2,232,76246,,
16417,2,1,1,3,76246,,
16418,2,1,2,29,76246,,
16419,1,1,1,124,76247,,
16420,1,1,2,188,76247,,
16421,2,1,1,8,76247,,
16422,2,1,2,9,76247,,
16423,1,1,1,85,76248,,
16424,1,1,2,261,76248,,
16425,2,1,1,6,76248,,
16426,2,1,2,22,76248,,
16427,1,1,1,66,76249,,
16428,1,1,2,232,76249,,
16429,2,1,1,3,76249,,
16430,2,1,2,29,76249,,
16431,1,1,1,124,76250,,
16432,1,1,2,188,76250,,
16433,2,1,1,8,76250,,
16434,2,1,2,9,76250,,
16435,1,1,1,85,76251,,
16436,1,1,2,261,76251,,
16437,2,1,1,6,76251,,
16438,2,1,2,22,76251,,
16439,1,1,1,66,76252,,
16440,1,1,2,232,76252,,
16441,2,1,1,3,76252,,
16442,2,1,2,29,76252,,
16443,1,1,1,124,76253,,
16444,1,1,2,188,76253,,
16445,2,1,1,8,76253,,
16446,2,1,2,9,76253,,
16447,1,1,1,85,76254,,
16448,1,1,2,261,76254,,
16449,2,1,1,6,76254,,
16450,2,1,2,22,76254,,
16451,1,1,1,66,76255,,
16452,1,1,2,232,76255,,
16453,2,1,1,3,76255,,
16454,2,1,2,29,76255,,
16455,1,1,1,124,76256,,
16456,1,1,2,188,76256,,
16457,2,1,1,8,76256,,
16458,2,1,2,9,76256,,
16459,1,1,1,85,76257,,
16460,1,1,2,261,76257,,
16461,2,1,1,6,76257,,
16462,2,1,2,22,76257,,
16463,1,1,1,66,76258,,
16464,1,1,2,232,76258,,
16465,2,1,1,3,76258,,
16466,2,1,2,29,76258,,
16467,1,1,1,124,76259,,
16468,1,1,2,188,76259,,
16469,2,1,1,8,76259,,
16470,2,1,2,9,76259,,
16471,1,1,1,85,76260,,
16472,1,1,2,261,76260,,
16473,2,1,1,6,76260,,
16474,2,1,2,22,76260,,
16475,1,1,1,66,76261,,
16476,1,1,2,232,76261,,
16477,2,1,1,3,76261,,
16478,2,1,2,29,76261,,
16479,1,1,1,124,76262,,
16480,1,1,2,188,76262,,
16481,2,1,1,8,76262,,
16482,2,1,2,9,76262,,
16483,1,1,1,85,76263,,
16484,1,1,2,261,76263,,
16485,2,1,1,6,76263,,
16486,2,1,2,22,76263,,
16487,1,1,1,66,76264,,
16488,1,1,2,232,76264,,
16489,2,1,1,3,76264,,
16490,2,1,2,29,76264,,
16491,1,1,1,124,76265,,
16492,1,1,2,188,76265,,
16493,2,1,1,8,76265,,
16494,2,1,2,9,76265,,
16495,1,1,1,85,76266,,
16496,1,1,2,261,76266,,
16497,2,1,1,6,76266,,
16498,2,1,2,22,76266,,
16499,1,1,1,66,76267,,
16500,1,1,2,232,76267,,
16501,2,1,1,3,76267,,
16502,2,1,2,29,76267,,
16503,1,1,1,124,76268,,
16504,1,1,2,188,76268,,
16505,2,1,1,8,76268,,
16506,2,1,2,9,76268,,
16507,1,1,1,85,76269,,
16508,1,1,2,261,76269,,
16509,2,1,1,6,76269,,
16510,2,1,2,22,76269,,
16511,1,1,1,66,76270,,
16512,1,1,2,232,76270,,
16513,2,1,1,3,76270,,
16514,2,1,2,29,76270,,
16515,1,1,1,124,76271,,
16516,1,1,2,188,76271,,
16517,2,1,1,8,76271,,
16518,2,1,2,9,76271,,
16519,1,1,1,85,76272,,
16520,1,1,2,261,76272,,
16521,2,1,1,6,76272,,
16522,2,1,2,22,76272,,
16523,1,1,1,66,76273,,
16524,1,1,2,232,76273,,
16525,2,1,1,3,76273,,
16526,2,1,2,29,76273,,
16527,1,1,1,124,76274,,
16528,1,1,2,188,76274,,
16529,2,1,1,8,76274,,
16530,2,1,2,9,76274,,
16531,1,1,1,85,76275,,
16532,1,1,2,261,76275,,
16533,2,1,1,6,76275,,
16534,2,1,2,22,76275,,
16535,1,1,1,66,76276,,
16536,1,1,2,232,76276,,
16537,2,1,1,3,76276,,
16538,2,1,2,29,76276,,
16539,1,1,1,124,76277,,
16540,1,1,2,188,76277,,
16541,2,1,1,8,76277,,
16542,2,1,2,9,76277,,
16543,1,1,1,85,76278,,
16544,1,1,2,261,76278,,
16545,2,1,1,6,76278,,
16546,2,1,2,22,76278,,
16547,1,1,1,66,76279,,
16548,1,1,2,232,76279,,
16549,2,1,1,3,76279,,
16550,2,1,2,29,76279,,
16551,1,1,1,109,76280,,
16552,1,1,2,178,76280,,
16553,2,1,1,7,76280,,
16554,2,1,2,10,76280,,
16555,1,1,1,83,76281,,
16556,1,1,2,250,76281,,
16557,2,1,1,6,76281,,
16558,2,1,2,21,76281,,
16559,1,1,1,65,76282,,
16560,1,1,2,225,76282,,
16561,2,1,1,3,76282,,
16562,2,1,2,30,76282,,
16563,1,1,1,109,76283,,
16564,1,1,2,178,76283,,
16565,2,1,1,7,76283,,
16566,2,1,2,10,76283,,
16567,1,1,1,83,76284,,
16568,1,1,2,250,76284,,
16569,2,1,1,6,76284,,
16570,2,1,2,21,76284,,
16571,1,1,1,65,76285,,
16572,1,1,2,225,76285,,
16573,2,1,1,3,76285,,
16574,2,1,2,30,76285,,
16575,1,1,1,109,76286,,
16576,1,1,2,178,76286,,
16577,2,1,1,7,76286,,
16578,2,1,2,10,76286,,
16579,1,1,1,83,76287,,
16580,1,1,2,250,76287,,
16581,2,1,1,6,76287,,
16582,2,1,2,21,76287,,
16583,1,1,1,65,76288,,
16584,1,1,2,225,76288,,
16585,2,1,1,3,76288,,
16586,2,1,2,30,76288,,
16587,1,1,1,109,76289,,
16588,1,1,2,178,76289,,
16589,2,1,1,7,76289,,
16590,2,1,2,10,76289,,
16591,1,1,1,83,76290,,
16592,1,1,2,250,76290,,
16593,2,1,1,6,76290,,
16594,2,1,2,21,76290,,
16595,1,1,1,65,76291,,
16596,1,1,2,225,76291,,
16597,2,1,1,3,76291,,
16598,2,1,2,30,76291,,
16599,1,1,1,109,76292,,
16600,1,1,2,178,76292,,
16601,2,1,1,7,76292,,
16602,2,1,2,10,76292,,
16603,1,1,1,83,76293,,
16604,1,1,2,250,76293,,
16605,2,1,1,6,76293,,
16606,2,1,2,21,76293,,
16607,1,1,1,65,76294,,
16608,1,1,2,225,76294,,
16609,2,1,1,3,76294,,
16610,2,1,2,30,76294,,
16611,1,1,1,109,76295,,
16612,1,1,2,178,76295,,
16613,2,1,1,7,76295,,
16614,2,1,2,10,76295,,
16615,1,1,1,83,76296,,
16616,1,1,2,250,76296,,
16617,2,1,1,6,76296,,
16618,2,1,2,21,76296,,
16619,1,1,1,65,76297,,
16620,1,1,2,225,76297,,
16621,2,1,1,3,76297,,
16622,2,1,2,30,76297,,
16623,1,1,1,109,76298,,
16624,1,1,2,178,76298,,
16625,2,1,1,7,76298,,
16626,2,1,2,10,76298,,
16627,1,1,1,83,76299,,
16628,1,1,2,250,76299,,
16629,2,1,1,6,76299,,
16630,2,1,2,21,76299,,
16631,1,1,1,65,76300,,
16632,1,1,2,225,76300,,
16633,2,1,1,3,76300,,
16634,2,1,2,30,76300,,
16635,1,1,1,109,76301,,
16636,1,1,2,178,76301,,
16637,2,1,1,7,76301,,
16638,2,1,2,10,76301,,
16639,1,1,1,83,76302,,
16640,1,1,2,250,76302,,
16641,2,1,1,6,76302,,
16642,2,1,2,21,76302,,
16643,1,1,1,65,76303,,
16644,1,1,2,225,76303,,
16645,2,1,1,3,76303,,
16646,2,1,2,30,76303,,
16647,1,1,1,109,76304,,
16648,1,1,2,178,76304,,
16649,2,1,1,7,76304,,
16650,2,1,2,10,76304,,
16651,1,1,1,83,76305,,
16652,1,1,2,250,76305,,
16653,2,1,1,6,76305,,
16654,2,1,2,21,76305,,
16655,1,1,1,65,76306,,
16656,1,1,2,225,76306,,
16657,2,1,1,3,76306,,
16658,2,1,2,30,76306,,
16659,1,1,1,109,76307,,
16660,1,1,2,178,76307,,
16661,2,1,1,7,76307,,
16662,2,1,2,10,76307,,
16663,1,1,1,83,76308,,
16664,1,1,2,250,76308,,
16665,2,1,1,6,76308,,
16666,2,1,2,21,76308,,
16667,1,1,1,65,76309,,
16668,1,1,2,225,76309,,
16669,2,1,1,3,76309,,
16670,2,1,2,30,76309,,
16671,1,1,1,109,76310,,
16672,1,1,2,178,76310,,
16673,2,1,1,7,76310,,
16674,2,1,2,10,76310,,
16675,1,1,1,83,76311,,
16676,1,1,2,250,76311,,
16677,2,1,1,6,76311,,
16678,2,1,2,21,76311,,
16679,1,1,1,65,76312,,
16680,1,1,2,225,76312,,
16681,2,1,1,3,76312,,
16682,2,1,2,30,76312,,
16683,1,1,1,109,76313,,
16684,1,1,2,178,76313,,
16685,2,1,1,7,76313,,
16686,2,1,2,10,76313,,
16687,1,1,1,83,76314,,
16688,1,1,2,250,76314,,
16689,2,1,1,6,76314,,
16690,2,1,2,21,76314,,
16691,1,1,1,65,76315,,
16692,1,1,2,225,76315,,
16693,2,1,1,3,76315,,
16694,2,1,2,30,76315,,
16695,1,1,1,110,76316,,
16696,1,1,2,173,76316,,
16697,2,1,1,7,76316,,
16698,2,1,2,10,76316,,
16699,1,1,1,84,76317,,
16700,1,1,2,246,76317,,
16701,2,1,1,6,76317,,
16702,2,1,2,21,76317,,
16703,1,1,1,68,76318,,
16704,1,1,2,224,76318,,
16705,2,1,1,3,76318,,
16706,2,1,2,30,76318,,
16707,1,1,1,110,76319,,
16708,1,1,2,173,76319,,
16709,2,1,1,7,76319,,
16710,2,1,2,10,76319,,
16711,1,1,1,84,76320,,
16712,1,1,2,246,76320,,
16713,2,1,1,6,76320,,
16714,2,1,2,21,76320,,
16715,1,1,1,68,76321,,
16716,1,1,2,224,76321,,
16717,2,1,1,3,76321,,
16718,2,1,2,30,76321,,
16719,1,1,1,110,76322,,
16720,1,1,2,173,76322,,
16721,2,1,1,7,76322,,
16722,2,1,2,10,76322,,
16723,1,1,1,84,76323,,
16724,1,1,2,246,76323,,
16725,2,1,1,6,76323,,
16726,2,1,2,21,76323,,
16727,1,1,1,68,76324,,
16728,1,1,2,224,76324,,
16729,2,1,1,3,76324,,
16730,2,1,2,30,76324,,
16731,1,1,1,110,76325,,
16732,1,1,2,173,76325,,
16733,2,1,1,7,76325,,
16734,2,1,2,10,76325,,
16735,1,1,1,84,76326,,
16736,1,1,2,246,76326,,
16737,2,1,1,6,76326,,
16738,2,1,2,21,76326,,
16739,1,1,1,68,76327,,
16740,1,1,2,224,76327,,
16741,2,1,1,3,76327,,
16742,2,1,2,30,76327,,
16743,1,1,1,110,76328,,
16744,1,1,2,173,76328,,
16745,2,1,1,7,76328,,
16746,2,1,2,10,76328,,
16747,1,1,1,84,76329,,
16748,1,1,2,246,76329,,
16749,2,1,1,6,76329,,
16750,2,1,2,21,76329,,
16751,1,1,1,68,76330,,
16752,1,1,2,224,76330,,
16753,2,1,1,3,76330,,
16754,2,1,2,30,76330,,
16755,1,1,1,110,76331,,
16756,1,1,2,173,76331,,
16757,2,1,1,7,76331,,
16758,2,1,2,10,76331,,
16759,1,1,1,84,76332,,
16760,1,1,2,246,76332,,
16761,2,1,1,6,76332,,
16762,2,1,2,21,76332,,
16763,1,1,1,68,76333,,
16764,1,1,2,224,76333,,
16765,2,1,1,3,76333,,
16766,2,1,2,30,76333,,
16767,1,1,1,110,76334,,
16768,1,1,2,173,76334,,
16769,2,1,1,7,76334,,
16770,2,1,2,10,76334,,
16771,1,1,1,84,76335,,
16772,1,1,2,246,76335,,
16773,2,1,1,6,76335,,
16774,2,1,2,21,76335,,
16775,1,1,1,68,76336,,
16776,1,1,2,224,76336,,
16777,2,1,1,3,76336,,
16778,2,1,2,30,76336,,
16779,1,1,1,110,76337,,
16780,1,1,2,173,76337,,
16781,2,1,1,7,76337,,
16782,2,1,2,10,76337,,
16783,1,1,1,84,76338,,
16784,1,1,2,246,76338,,
16785,2,1,1,6,76338,,
16786,2,1,2,21,76338,,
16787,1,1,1,68,76339,,
16788,1,1,2,224,76339,,
16789,2,1,1,3,76339,,
16790,2,1,2,30,76339,,
16791,1,1,1,110,76340,,
16792,1,1,2,173,76340,,
16793,2,1,1,7,76340,,
16794,2,1,2,10,76340,,
16795,1,1,1,84,76341,,
16796,1,1,2,246,76341,,
16797,2,1,1,6,76341,,
16798,2,1,2,21,76341,,
16799,1,1,1,68,76342,,
16800,1,1,2,224,76342,,
16801,2,1,1,3,76342,,
16802,2,1,2,30,76342,,
16803,1,1,1,110,76343,,
16804,1,1,2,173,76343,,
16805,2,1,1,7,76343,,
16806,2,1,2,10,76343,,
16807,1,1,1,84,76344,,
16808,1,1,2,246,76344,,
16809,2,1,1,6,76344,,
16810,2,1,2,21,76344,,
16811,1,1,1,68,76345,,
16812,1,1,2,224,76345,,
16813,2,1,1,3,76345,,
16814,2,1,2,30,76345,,
16815,1,1,1,110,76346,,
16816,1,1,2,173,76346,,
16817,2,1,1,7,76346,,
16818,2,1,2,10,76346,,
16819,1,1,1,84,76347,,
16820,1,1,2,246,76347,,
16821,2,1,1,6,76347,,
16822,2,1,2,21,76347,,
16823,1,1,1,68,76348,,
16824,1,1,2,224,76348,,
16825,2,1,1,3,76348,,
16826,2,1,2,30,76348,,
16827,1,1,1,110,76349,,
16828,1,1,2,173,76349,,
16829,2,1,1,7,76349,,
16830,2,1,2,10,76349,,
16831,1,1,1,84,76350,,
16832,1,1,2,246,76350,,
16833,2,1,1,6,76350,,
16834,2,1,2,21,76350,,
16835,1,1,1,68,76351,,
16836,1,1,2,224,76351,,
16837,2,1,1,3,76351,,
16838,2,1,2,30,76351,,
16839,1,1,1,102,76352,,
16840,1,1,2,171,76352,,
16841,2,1,1,8,76352,,
16842,2,1,2,10,76352,,
16843,1,1,1,75,76353,,
16844,1,1,2,231,76353,,
16845,2,1,1,6,76353,,
16846,2,1,2,22,76353,,
16847,1,1,1,69,76354,,
16848,1,1,2,244,76354,,
16849,2,1,1,4,76354,,
16850,2,1,2,29,76354,,
16851,1,1,1,102,76355,,
16852,1,1,2,171,76355,,
16853,2,1,1,8,76355,,
16854,2,1,2,10,76355,,
16855,1,1,1,75,76356,,
16856,1,1,2,231,76356,,
16857,2,1,1,6,76356,,
16858,2,1,2,22,76356,,
16859,1,1,1,69,76357,,
16860,1,1,2,244,76357,,
16861,2,1,1,4,76357,,
16862,2,1,2,29,76357,,
16863,1,1,1,102,76358,,
16864,1,1,2,171,76358,,
16865,2,1,1,8,76358,,
16866,2,1,2,10,76358,,
16867,1,1,1,75,76359,,
16868,1,1,2,231,76359,,
16869,2,1,1,6,76359,,
16870,2,1,2,22,76359,,
16871,1,1,1,69,76360,,
16872,1,1,2,244,76360,,
16873,2,1,1,4,76360,,
16874,2,1,2,29,76360,,
16875,1,1,1,102,76361,,
16876,1,1,2,171,76361,,
16877,2,1,1,8,76361,,
16878,2,1,2,10,76361,,
16879,1,1,1,75,76362,,
16880,1,1,2,231,76362,,
16881,2,1,1,6,76362,,
16882,2,1,2,22,76362,,
16883,1,1,1,69,76363,,
16884,1,1,2,244,76363,,
16885,2,1,1,4,76363,,
16886,2,1,2,29,76363,,
16887,1,1,1,102,76364,,
16888,1,1,2,171,76364,,
16889,2,1,1,8,76364,,
16890,2,1,2,10,76364,,
16891,1,1,1,75,76365,,
16892,1,1,2,231,76365,,
16893,2,1,1,6,76365,,
16894,2,1,2,22,76365,,
16895,1,1,1,69,76366,,
16896,1,1,2,244,76366,,
16897,2,1,1,4,76366,,
16898,2,1,2,29,76366,,
16899,1,1,1,102,76367,,
16900,1,1,2,171,76367,,
16901,2,1,1,8,76367,,
16902,2,1,2,10,76367,,
16903,1,1,1,75,76368,,
16904,1,1,2,231,76368,,
16905,2,1,1,6,76368,,
16906,2,1,2,22,76368,,
16907,1,1,1,69,76369,,
16908,1,1,2,244,76369,,
16909,2,1,1,4,76369,,
16910,2,1,2,29,76369,,
16911,1,1,1,102,76370,,
16912,1,1,2,171,76370,,
16913,2,1,1,8,76370,,
16914,2,1,2,10,76370,,
16915,1,1,1,75,76371,,
16916,1,1,2,231,76371,,
16917,2,1,1,6,76371,,
16918,2,1,2,22,76371,,
16919,1,1,1,69,76372,,
16920,1,1,2,244,76372,,
16921,2,1,1,4,76372,,
16922,2,1,2,29,76372,,
16923,1,1,1,102,76373,,
16924,1,1,2,171,76373,,
16925,2,1,1,8,76373,,
16926,2,1,2,10,76373,,
16927,1,1,1,75,76374,,
16928,1,1,2,231,76374,,
16929,2,1,1,6,76374,,
16930,2,1,2,22,76374,,
16931,1,1,1,69,76375,,
16932,1,1,2,244,76375,,
16933,2,1,1,4,76375,,
16934,2,1,2,29,76375,,
16935,1,1,1,102,76376,,
16936,1,1,2,171,76376,,
16937,2,1,1,8,76376,,
16938,2,1,2,10,76376,,
16939,1,1,1,75,76377,,
16940,1,1,2,231,76377,,
16941,2,1,1,6,76377,,
16942,2,1,2,22,76377,,
16943,1,1,1,69,76378,,
16944,1,1,2,244,76378,,
16945,2,1,1,4,76378,,
16946,2,1,2,29,76378,,
16947,1,1,1,102,76379,,
16948,1,1,2,171,76379,,
16949,2,1,1,8,76379,,
16950,2,1,2,10,76379,,
16951,1,1,1,75,76380,,
16952,1,1,2,231,76380,,
16953,2,1,1,6,76380,,
16954,2,1,2,22,76380,,
16955,1,1,1,69,76381,,
16956,1,1,2,244,76381,,
16957,2,1,1,4,76381,,
16958,2,1,2,29,76381,,
16959,1,1,1,102,76382,,
16960,1,1,2,171,76382,,
16961,2,1,1,8,76382,,
16962,2,1,2,10,76382,,
16963,1,1,1,75,76383,,
16964,1,1,2,231,76383,,
16965,2,1,1,6,76383,,
16966,2,1,2,22,76383,,
16967,1,1,1,69,76384,,
16968,1,1,2,244,76384,,
16969,2,1,1,4,76384,,
16970,2,1,2,29,76384,,
16971,1,1,1,102,76385,,
16972,1,1,2,171,76385,,
16973,2,1,1,8,76385,,
16974,2,1,2,10,76385,,
16975,1,1,1,75,76386,,
16976,1,1,2,231,76386,,
16977,2,1,1,6,76386,,
16978,2,1,2,22,76386,,
16979,1,1,1,69,76387,,
16980,1,1,2,244,76387,,
16981,2,1,1,4,76387,,
16982,2,1,2,29,76387,,
16983,1,1,1,107,76388,,
16984,1,1,2,168,76388,,
16985,2,1,1,7,76388,,
16986,2,1,2,11,76388,,
16987,1,1,1,66,76389,,
16988,1,1,2,214,76389,,
16989,2,1,1,6,76389,,
16990,2,1,2,21,76389,,
16991,1,1,1,67,76390,,
16992,1,1,2,230,76390,,
16993,2,1,1,4,76390,,
16994,2,1,2,29,76390,,
16995,1,1,1,107,76391,,
16996,1,1,2,168,76391,,
16997,2,1,1,7,76391,,
16998,2,1,2,11,76391,,
16999,1,1,1,66,76392,,
17000,1,1,2,214,76392,,
17001,2,1,1,6,76392,,
17002,2,1,2,21,76392,,
17003,1,1,1,67,76393,,
17004,1,1,2,230,76393,,
17005,2,1,1,4,76393,,
17006,2,1,2,29,76393,,
17007,1,1,1,107,76394,,
17008,1,1,2,168,76394,,
17009,2,1,1,7,76394,,
17010,2,1,2,11,76394,,
17011,1,1,1,66,76395,,
17012,1,1,2,214,76395,,
17013,2,1,1,6,76395,,
17014,2,1,2,21,76395,,
17015,1,1,1,67,76396,,
17016,1,1,2,230,76396,,
17017,2,1,1,4,76396,,
17018,2,1,2,29,76396,,
17019,1,1,1,107,76397,,
17020,1,1,2,168,76397,,
17021,2,1,1,7,76397,,
17022,2,1,2,11,76397,,
17023,1,1,1,66,76398,,
17024,1,1,2,214,76398,,
17025,2,1,1,6,76398,,
17026,2,1,2,21,76398,,
17027,1,1,1,67,76399,,
17028,1,1,2,230,76399,,
17029,2,1,1,4,76399,,
17030,2,1,2,29,76399,,
17031,1,1,1,107,76400,,
17032,1,1,2,168,76400,,
17033,2,1,1,7,76400,,
17034,2,1,2,11,76400,,
17035,1,1,1,66,76401,,
17036,1,1,2,214,76401,,
17037,2,1,1,6,76401,,
17038,2,1,2,21,76401,,
17039,1,1,1,67,76402,,
17040,1,1,2,230,76402,,
17041,2,1,1,4,76402,,
17042,2,1,2,29,76402,,
17043,1,1,1,107,76403,,
17044,1,1,2,168,76403,,
17045,2,1,1,7,76403,,
17046,2,1,2,11,76403,,
17047,1,1,1,66,76404,,
17048,1,1,2,214,76404,,
17049,2,1,1,6,76404,,
17050,2,1,2,21,76404,,
17051,1,1,1,67,76405,,
17052,1,1,2,230,76405,,
17053,2,1,1,4,76405,,
17054,2,1,2,29,76405,,
17055,1,1,1,107,76406,,
17056,1,1,2,168,76406,,
17057,2,1,1,7,76406,,
17058,2,1,2,11,76406,,
17059,1,1,1,66,76407,,
17060,1,1,2,214,76407,,
17061,2,1,1,6,76407,,
17062,2,1,2,21,76407,,
17063,1,1,1,67,76408,,
17064,1,1,2,230,76408,,
17065,2,1,1,4,76408,,
17066,2,1,2,29,76408,,
17067,1,1,1,107,76409,,
17068,1,1,2,168,76409,,
17069,2,1,1,7,76409,,
17070,2,1,2,11,76409,,
17071,1,1,1,66,76410,,
17072,1,1,2,214,76410,,
17073,2,1,1,6,76410,,
17074,2,1,2,21,76410,,
17075,1,1,1,67,76411,,
17076,1,1,2,230,76411,,
17077,2,1,1,4,76411,,
17078,2,1,2,29,76411,,
17079,1,1,1,107,76412,,
17080,1,1,2,168,76412,,
17081,2,1,1,7,76412,,
17082,2,1,2,11,76412,,
17083,1,1,1,66,76413,,
17084,1,1,2,214,76413,,
17085,2,1,1,6,76413,,
17086,2,1,2,21,76413,,
17087,1,1,1,67,76414,,
17088,1,1,2,230,76414,,
17089,2,1,1,4,76414,,
17090,2,1,2,29,76414,,
17091,1,1,1,107,76415,,
17092,1,1,2,168,76415,,
17093,2,1,1,7,76415,,
17094,2,1,2,11,76415,,
17095,1,1,1,66,76416,,
17096,1,1,2,214,76416,,
17097,2,1,1,6,76416,,
17098,2,1,2,21,76416,,
17099,1,1,1,67,76417,,
17100,1,1,2,230,76417,,
17101,2,1,1,4,76417,,
17102,2,1,2,29,76417,,
17103,1,1,1,107,76418,,
17104,1,1,2,168,76418,,
17105,2,1,1,7,76418,,
17106,2,1,2,11,76418,,
17107,1,1,1,66,76419,,
17108,1,1,2,214,76419,,
17109,2,1,1,6,76419,,
17110,2,1,2,21,76419,,
17111,1,1,1,67,76420,,
17112,1,1,2,230,76420,,
17113,2,1,1,4,76420,,
17114,2,1,2,29,76420,,
17115,1,1,1,107,76421,,
17116,1,1,2,168,76421,,
17117,2,1,1,7,76421,,
17118,2,1,2,11,76421,,
17119,1,1,1,66,76422,,
17120,1,1,2,214,76422,,
17121,2,1,1,6,76422,,
17122,2,1,2,21,76422,,
17123,1,1,1,67,76423,,
17124,1,1,2,230,76423,,
17125,2,1,1,4,76423,,
17126,2,1,2,29,76423,,
17127,1,1,1,103,76424,,
17128,1,1,2,175,76424,,
17129,2,1,1,7,76424,,
17130,2,1,2,10,76424,,
17131,1,1,1,63,76425,,
17132,1,1,2,220,76425,,
17133,2,1,1,8,76425,,
17134,2,1,2,20,76425,,
17135,1,1,1,70,76426,,
17136,1,1,2,226,76426,,
17137,2,1,1,4,76426,,
17138,2,1,2,27,76426,,
17139,1,1,1,103,76427,,
17140,1,1,2,175,76427,,
17141,2,1,1,7,76427,,
17142,2,1,2,10,76427,,
17143,1,1,1,63,76428,,
17144,1,1,2,220,76428,,
17145,2,1,1,8,76428,,
17146,2,1,2,20,76428,,
17147,1,1,1,70,76429,,
17148,1,1,2,226,76429,,
17149,2,1,1,4,76429,,
17150,2,1,2,27,76429,,
17151,1,1,1,103,76430,,
17152,1,1,2,175,76430,,
17153,2,1,1,7,76430,,
17154,2,1,2,10,76430,,
17155,1,1,1,63,76431,,
17156,1,1,2,220,76431,,
17157,2,1,1,8,76431,,
17158,2,1,2,20,76431,,
17159,1,1,1,70,76432,,
17160,1,1,2,226,76432,,
17161,2,1,1,4,76432,,
17162,2,1,2,27,76432,,
17163,1,1,1,103,76433,,
17164,1,1,2,175,76433,,
17165,2,1,1,7,76433,,
17166,2,1,2,10,76433,,
17167,1,1,1,63,76434,,
17168,1,1,2,220,76434,,
17169,2,1,1,8,76434,,
17170,2,1,2,20,76434,,
17171,1,1,1,70,76435,,
17172,1,1,2,226,76435,,
17173,2,1,1,4,76435,,
17174,2,1,2,27,76435,,
17175,1,1,1,103,76436,,
17176,1,1,2,175,76436,,
17177,2,1,1,7,76436,,
17178,2,1,2,10,76436,,
17179,1,1,1,63,76437,,
17180,1,1,2,220,76437,,
17181,2,1,1,8,76437,,
17182,2,1,2,20,76437,,
17183,1,1,1,70,76438,,
17184,1,1,2,226,76438,,
17185,2,1,1,4,76438,,
17186,2,1,2,27,76438,,
17187,1,1,1,103,76439,,
17188,1,1,2,175,76439,,
17189,2,1,1,7,76439,,
17190,2,1,2,10,76439,,
17191,1,1,1,63,76440,,
17192,1,1,2,220,76440,,
17193,2,1,1,8,76440,,
17194,2,1,2,20,76440,,
17195,1,1,1,70,76441,,
17196,1,1,2,226,76441,,
17197,2,1,1,4,76441,,
17198,2,1,2,27,76441,,
17199,1,1,1,103,76442,,
17200,1,1,2,175,76442,,
17201,2,1,1,7,76442,,
17202,2,1,2,10,76442,,
17203,1,1,1,63,76443,,
17204,1,1,2,220,76443,,
17205,2,1,1,8,76443,,
17206,2,1,2,20,76443,,
17207,1,1,1,70,76444,,
17208,1,1,2,226,76444,,
17209,2,1,1,4,76444,,
17210,2,1,2,27,76444,,
17211,1,1,1,103,76445,,
17212,1,1,2,175,76445,,
17213,2,1,1,7,76445,,
17214,2,1,2,10,76445,,
17215,1,1,1,63,76446,,
17216,1,1,2,220,76446,,
17217,2,1,1,8,76446,,
17218,2,1,2,20,76446,,
17219,1,1,1,70,76447,,
17220,1,1,2,226,76447,,
17221,2,1,1,4,76447,,
17222,2,1,2,27,76447,,
17223,1,1,1,103,76448,,
17224,1,1,2,175,76448,,
17225,2,1,1,7,76448,,
17226,2,1,2,10,76448,,
17227,1,1,1,63,76449,,
17228,1,1,2,220,76449,,
17229,2,1,1,8,76449,,
17230,2,1,2,20,76449,,
17231,1,1,1,70,76450,,
17232,1,1,2,226,76450,,
17233,2,1,1,4,76450,,
17234,2,1,2,27,76450,,
17235,1,1,1,103,76451,,
17236,1,1,2,175,76451,,
17237,2,1,1,7,76451,,
17238,2,1,2,10,76451,,
17239,1,1,1,63,76452,,
17240,1,1,2,220,76452,,
17241,2,1,1,8,76452,,
17242,2,1,2,20,76452,,
17243,1,1,1,70,76453,,
17244,1,1,2,226,76453,,
17245,2,1,1,4,76453,,
17246,2,1,2,27,76453,,
17247,1,1,1,103,76454,,
17248,1,1,2,175,76454,,
17249,2,1,1,7,76454,,
17250,2,1,2,10,76454,,
17251,1,1,1,63,76455,,
17252,1,1,2,220,76455,,
17253,2,1,1,8,76455,,
17254,2,1,2,20,76455,,
17255,1,1,1,70,76456,,
17256,1,1,2,226,76456,,
17257,2,1,1,4,76456,,
17258,2,1,2,27,76456,,
17259,1,1,1,103,76457,,
17260,1,1,2,175,76457,,
17261,2,1,1,7,76457,,
17262,2,1,2,10,76457,,
17263,1,1,1,63,76458,,
17264,1,1,2,220,76458,,
17265,2,1,1,8,76458,,
17266,2,1,2,20,76458,,
17267,1,1,1,70,76459,,
17268,1,1,2,226,76459,,
17269,2,1,1,4,76459,,
17270,2,1,2,27,76459,,
17271,1,1,1,102,76460,,
17272,1,1,2,174,76460,,
17273,2,1,1,7,76460,,
17274,2,1,2,10,76460,,
17275,1,1,1,62,76461,,
17276,1,1,2,220,76461,,
17277,2,1,1,8,76461,,
17278,2,1,2,20,76461,,
17279,1,1,1,72,76462,,
17280,1,1,2,221,76462,,
17281,2,1,1,4,76462,,
17282,2,1,2,26,76462,,
17283,1,1,1,102,76463,,
17284,1,1,2,174,76463,,
17285,2,1,1,7,76463,,
17286,2,1,2,10,76463,,
17287,1,1,1,62,76464,,
17288,1,1,2,220,76464,,
17289,2,1,1,8,76464,,
17290,2,1,2,20,76464,,
17291,1,1,1,72,76465,,
17292,1,1,2,221,76465,,
17293,2,1,1,4,76465,,
17294,2,1,2,26,76465,,
17295,1,1,1,102,76466,,
17296,1,1,2,174,76466,,
17297,2,1,1,7,76466,,
17298,2,1,2,10,76466,,
17299,1,1,1,62,76467,,
17300,1,1,2,220,76467,,
17301,2,1,1,8,76467,,
17302,2,1,2,20,76467,,
17303,1,1,1,72,76468,,
17304,1,1,2,221,76468,,
17305,2,1,1,4,76468,,
17306,2,1,2,26,76468,,
17307,1,1,1,102,76469,,
17308,1,1,2,174,76469,,
17309,2,1,1,7,76469,,
17310,2,1,2,10,76469,,
17311,1,1,1,62,76470,,
17312,1,1,2,220,76470,,
17313,2,1,1,8,76470,,
17314,2,1,2,20,76470,,
17315,1,1,1,72,76471,,
17316,1,1,2,221,76471,,
17317,2,1,1,4,76471,,
17318,2,1,2,26,76471,,
17319,1,1,1,102,76472,,
17320,1,1,2,174,76472,,
17321,2,1,1,7,76472,,
17322,2,1,2,10,76472,,
17323,1,1,1,62,76473,,
17324,1,1,2,220,76473,,
17325,2,1,1,8,76473,,
17326,2,1,2,20,76473,,
17327,1,1,1,72,76474,,
17328,1,1,2,221,76474,,
17329,2,1,1,4,76474,,
17330,2,1,2,26,76474,,
17331,1,1,1,102,76475,,
17332,1,1,2,174,76475,,
17333,2,1,1,7,76475,,
17334,2,1,2,10,76475,,
17335,1,1,1,62,76476,,
17336,1,1,2,220,76476,,
17337,2,1,1,8,76476,,
17338,2,1,2,20,76476,,
17339,1,1,1,72,76477,,
17340,1,1,2,221,76477,,
17341,2,1,1,4,76477,,
17342,2,1,2,26,76477,,
17343,1,1,1,102,76478,,
17344,1,1,2,174,76478,,
17345,2,1,1,7,76478,,
17346,2,1,2,10,76478,,
17347,1,1,1,62,76479,,
17348,1,1,2,220,76479,,
17349,2,1,1,8,76479,,
17350,2,1,2,20,76479,,
17351,1,1,1,72,76480,,
17352,1,1,2,221,76480,,
17353,2,1,1,4,76480,,
17354,2,1,2,26,76480,,
17355,1,1,1,102,76481,,
17356,1,1,2,174,76481,,
17357,2,1,1,7,76481,,
17358,2,1,2,10,76481,,
17359,1,1,1,62,76482,,
17360,1,1,2,220,76482,,
17361,2,1,1,8,76482,,
17362,2,1,2,20,76482,,
17363,1,1,1,72,76483,,
17364,1,1,2,221,76483,,
17365,2,1,1,4,76483,,
17366,2,1,2,26,76483,,
17367,1,1,1,102,76484,,
17368,1,1,2,174,76484,,
17369,2,1,1,7,76484,,
17370,2,1,2,10,76484,,
17371,1,1,1,62,76485,,
17372,1,1,2,220,76485,,
17373,2,1,1,8,76485,,
17374,2,1,2,20,76485,,
17375,1,1,1,72,76486,,
17376,1,1,2,221,76486,,
17377,2,1,1,4,76486,,
17378,2,1,2,26,76486,,
17379,1,1,1,102,76487,,
17380,1,1,2,174,76487,,
17381,2,1,1,7,76487,,
17382,2,1,2,10,76487,,
17383,1,1,1,62,76488,,
17384,1,1,2,220,76488,,
17385,2,1,1,8,76488,,
17386,2,1,2,20,76488,,
17387,1,1,1,72,76489,,
17388,1,1,2,221,76489,,
17389,2,1,1,4,76489,,
17390,2,1,2,26,76489,,
17391,1,1,1,102,76490,,
17392,1,1,2,174,76490,,
17393,2,1,1,7,76490,,
17394,2,1,2,10,76490,,
17395,1,1,1,62,76491,,
17396,1,1,2,220,76491,,
17397,2,1,1,8,76491,,
17398,2,1,2,20,76491,,
17399,1,1,1,72,76492,,
17400,1,1,2,221,76492,,
17401,2,1,1,4,76492,,
17402,2,1,2,26,76492,,
17403,1,1,1,102,76493,,
17404,1,1,2,174,76493,,
17405,2,1,1,7,76493,,
17406,2,1,2,10,76493,,
17407,1,1,1,62,76494,,
17408,1,1,2,220,76494,,
17409,2,1,1,8,76494,,
17410,2,1,2,20,76494,,
17411,1,1,1,72,76495,,
17412,1,1,2,221,76495,,
17413,2,1,1,4,76495,,
17414,2,1,2,26,76495,,
17415,1,1,1,109,76496,,
17416,1,1,2,163,76496,,
17417,2,1,1,6,76496,,
17418,2,1,2,10,76496,,
17419,1,1,1,58,76497,,
17420,1,1,2,221,76497,,
17421,2,1,1,7,76497,,
17422,2,1,2,21,76497,,
17423,1,1,1,74,76498,,
17424,1,1,2,201,76498,,
17425,2,1,1,5,76498,,
17426,2,1,2,25,76498,,
17427,1,1,1,109,76499,,
17428,1,1,2,163,76499,,
17429,2,1,1,6,76499,,
17430,2,1,2,10,76499,,
17431,1,1,1,58,76500,,
17432,1,1,2,221,76500,,
17433,2,1,1,7,76500,,
17434,2,1,2,21,76500,,
17435,1,1,1,74,76501,,
17436,1,1,2,201,76501,,
17437,2,1,1,5,76501,,
17438,2,1,2,25,76501,,
17439,1,1,1,109,76502,,
17440,1,1,2,163,76502,,
17441,2,1,1,6,76502,,
17442,2,1,2,10,76502,,
17443,1,1,1,58,76503,,
17444,1,1,2,221,76503,,
17445,2,1,1,7,76503,,
17446,2,1,2,21,76503,,
17447,1,1,1,74,76504,,
17448,1,1,2,201,76504,,
17449,2,1,1,5,76504,,
17450,2,1,2,25,76504,,
17451,1,1,1,109,76505,,
17452,1,1,2,163,76505,,
17453,2,1,1,6,76505,,
17454,2,1,2,10,76505,,
17455,1,1,1,58,76506,,
17456,1,1,2,221,76506,,
17457,2,1,1,7,76506,,
17458,2,1,2,21,76506,,
17459,1,1,1,74,76507,,
17460,1,1,2,201,76507,,
17461,2,1,1,5,76507,,
17462,2,1,2,25,76507,,
17463,1,1,1,109,76508,,
17464,1,1,2,163,76508,,
17465,2,1,1,6,76508,,
17466,2,1,2,10,76508,,
17467,1,1,1,58,76509,,
17468,1,1,2,221,76509,,
17469,2,1,1,7,76509,,
17470,2,1,2,21,76509,,
17471,1,1,1,74,76510,,
17472,1,1,2,201,76510,,
17473,2,1,1,5,76510,,
17474,2,1,2,25,76510,,
17475,1,1,1,109,76511,,
17476,1,1,2,163,76511,,
17477,2,1,1,6,76511,,
17478,2,1,2,10,76511,,
17479,1,1,1,58,76512,,
17480,1,1,2,221,76512,,
17481,2,1,1,7,76512,,
17482,2,1,2,21,76512,,
17483,1,1,1,74,76513,,
17484,1,1,2,201,76513,,
17485,2,1,1,5,76513,,
17486,2,1,2,25,76513,,
17487,1,1,1,109,76514,,
17488,1,1,2,163,76514,,
17489,2,1,1,6,76514,,
17490,2,1,2,10,76514,,
17491,1,1,1,58,76515,,
17492,1,1,2,221,76515,,
17493,2,1,1,7,76515,,
17494,2,1,2,21,76515,,
17495,1,1,1,74,76516,,
17496,1,1,2,201,76516,,
17497,2,1,1,5,76516,,
17498,2,1,2,25,76516,,
17499,1,1,1,109,76517,,
17500,1,1,2,163,76517,,
17501,2,1,1,6,76517,,
17502,2,1,2,10,76517,,
17503,1,1,1,58,76518,,
17504,1,1,2,221,76518,,
17505,2,1,1,7,76518,,
17506,2,1,2,21,76518,,
17507,1,1,1,74,76519,,
17508,1,1,2,201,76519,,
17509,2,1,1,5,76519,,
17510,2,1,2,25,76519,,
17511,1,1,1,109,76520,,
17512,1,1,2,163,76520,,
17513,2,1,1,6,76520,,
17514,2,1,2,10,76520,,
17515,1,1,1,58,76521,,
17516,1,1,2,221,76521,,
17517,2,1,1,7,76521,,
17518,2,1,2,21,76521,,
17519,1,1,1,74,76522,,
17520,1,1,2,201,76522,,
17521,2,1,1,5,76522,,
17522,2,1,2,25,76522,,
17523,1,1,1,109,76523,,
17524,1,1,2,163,76523,,
17525,2,1,1,6,76523,,
17526,2,1,2,10,76523,,
17527,1,1,1,58,76524,,
17528,1,1,2,221,76524,,
17529,2,1,1,7,76524,,
17530,2,1,2,21,76524,,
17531,1,1,1,74,76525,,
17532,1,1,2,201,76525,,
17533,2,1,1,5,76525,,
17534,2,1,2,25,76525,,
17535,1,1,1,109,76526,,
17536,1,1,2,163,76526,,
17537,2,1,1,6,76526,,
17538,2,1,2,10,76526,,
17539,1,1,1,58,76527,,
17540,1,1,2,221,76527,,
17541,2,1,1,7,76527,,
17542,2,1,2,21,76527,,
17543,1,1,1,74,76528,,
17544,1,1,2,201,76528,,
17545,2,1,1,5,76528,,
17546,2,1,2,25,76528,,
17547,1,1,1,109,76529,,
17548,1,1,2,163,76529,,
17549,2,1,1,6,76529,,
17550,2,1,2,10,76529,,
17551,1,1,1,58,76530,,
17552,1,1,2,221,76530,,
17553,2,1,1,7,76530,,
17554,2,1,2,21,76530,,
17555,1,1,1,74,76531,,
17556,1,1,2,201,76531,,
17557,2,1,1,5,76531,,
17558,2,1,2,25,76531,,
17559,1,1,1,110,76532,,
17560,1,1,2,164,76532,,
17561,2,1,1,5,76532,,
17562,2,1,2,9,76532,,
17563,1,1,1,65,76533,,
17564,1,1,2,227,76533,,
17565,2,1,1,6,76533,,
17566,2,1,2,20,76533,,
17567,1,1,1,74,76534,,
17568,1,1,2,196,76534,,
17569,2,1,1,5,76534,,
17570,2,1,2,24,76534,,
17571,1,1,1,110,76535,,
17572,1,1,2,164,76535,,
17573,2,1,1,5,76535,,
17574,2,1,2,9,76535,,
17575,1,1,1,65,76536,,
17576,1,1,2,227,76536,,
17577,2,1,1,6,76536,,
17578,2,1,2,20,76536,,
17579,1,1,1,74,76537,,
17580,1,1,2,196,76537,,
17581,2,1,1,5,76537,,
17582,2,1,2,24,76537,,
17583,1,1,1,110,76538,,
17584,1,1,2,164,76538,,
17585,2,1,1,5,76538,,
17586,2,1,2,9,76538,,
17587,1,1,1,65,76539,,
17588,1,1,2,227,76539,,
17589,2,1,1,6,76539,,
17590,2,1,2,20,76539,,
17591,1,1,1,74,76540,,
17592,1,1,2,196,76540,,
17593,2,1,1,5,76540,,
17594,2,1,2,24,76540,,
17595,1,1,1,110,76541,,
17596,1,1,2,164,76541,,
17597,2,1,1,5,76541,,
17598,2,1,2,9,76541,,
17599,1,1,1,65,76542,,
17600,1,1,2,227,76542,,
17601,2,1,1,6,76542,,
17602,2,1,2,20,76542,,
17603,1,1,1,74,76543,,
17604,1,1,2,196,76543,,
17605,2,1,1,5,76543,,
17606,2,1,2,24,76543,,
17607,1,1,1,110,76544,,
17608,1,1,2,164,76544,,
17609,2,1,1,5,76544,,
17610,2,1,2,9,76544,,
17611,1,1,1,65,76545,,
17612,1,1,2,227,76545,,
17613,2,1,1,6,76545,,
17614,2,1,2,20,76545,,
17615,1,1,1,74,76546,,
17616,1,1,2,196,76546,,
17617,2,1,1,5,76546,,
17618,2,1,2,24,76546,,
17619,1,1,1,110,76547,,
17620,1,1,2,164,76547,,
17621,2,1,1,5,76547,,
17622,2,1,2,9,76547,,
17623,1,1,1,65,76548,,
17624,1,1,2,227,76548,,
17625,2,1,1,6,76548,,
17626,2,1,2,20,76548,,
17627,1,1,1,74,76549,,
17628,1,1,2,196,76549,,
17629,2,1,1,5,76549,,
17630,2,1,2,24,76549,,
17631,1,1,1,110,76550,,
17632,1,1,2,164,76550,,
17633,2,1,1,5,76550,,
17634,2,1,2,9,76550,,
17635,1,1,1,65,76551,,
17636,1,1,2,227,76551,,
17637,2,1,1,6,76551,,
17638,2,1,2,20,76551,,
17639,1,1,1,74,76552,,
17640,1,1,2,196,76552,,
17641,2,1,1,5,76552,,
17642,2,1,2,24,76552,,
17643,1,1,1,110,76553,,
17644,1,1,2,164,76553,,
17645,2,1,1,5,76553,,
17646,2,1,2,9,76553,,
17647,1,1,1,65,76554,,
17648,1,1,2,227,76554,,
17649,2,1,1,6,76554,,
17650,2,1,2,20,76554,,
17651,1,1,1,74,76555,,
17652,1,1,2,196,76555,,
17653,2,1,1,5,76555,,
17654,2,1,2,24,76555,,
17655,1,1,1,110,76556,,
17656,1,1,2,164,76556,,
17657,2,1,1,5,76556,,
17658,2,1,2,9,76556,,
17659,1,1,1,65,76557,,
17660,1,1,2,227,76557,,
17661,2,1,1,6,76557,,
17662,2,1,2,20,76557,,
17663,1,1,1,74,76558,,
17664,1,1,2,196,76558,,
17665,2,1,1,5,76558,,
17666,2,1,2,24,76558,,
17667,1,1,1,110,76559,,
17668,1,1,2,164,76559,,
17669,2,1,1,5,76559,,
17670,2,1,2,9,76559,,
17671,1,1,1,65,76560,,
17672,1,1,2,227,76560,,
17673,2,1,1,6,76560,,
17674,2,1,2,20,76560,,
17675,1,1,1,74,76561,,
17676,1,1,2,196,76561,,
17677,2,1,1,5,76561,,
17678,2,1,2,24,76561,,
17679,1,1,1,110,76562,,
17680,1,1,2,164,76562,,
17681,2,1,1,5,76562,,
17682,2,1,2,9,76562,,
17683,1,1,1,65,76563,,
17684,1,1,2,227,76563,,
17685,2,1,1,6,76563,,
17686,2,1,2,20,76563,,
17687,1,1,1,74,76564,,
17688,1,1,2,196,76564,,
17689,2,1,1,5,76564,,
17690,2,1,2,24,76564,,
17691,1,1,1,110,76565,,
17692,1,1,2,164,76565,,
17693,2,1,1,5,76565,,
17694,2,1,2,9,76565,,
17695,1,1,1,65,76566,,
17696,1,1,2,227,76566,,
17697,2,1,1,6,76566,,
17698,2,1,2,20,76566,,
17699,1,1,1,74,76567,,
17700,1,1,2,196,76567,,
17701,2,1,1,5,76567,,
17702,2,1,2,24,76567,,
17703,1,1,1,113,76568,,
17704,1,1,2,160,76568,,
17705,2,1,1,4,76568,,
17706,2,1,2,10,76568,,
17707,1,1,1,71,76569,,
17708,1,1,2,229,76569,,
17709,2,1,1,6,76569,,
17710,2,1,2,21,76569,,
17711,1,1,1,77,76570,,
17712,1,1,2,184,76570,,
17713,2,1,1,4,76570,,
17714,2,1,2,25,76570,,
17715,1,1,1,113,76571,,
17716,1,1,2,160,76571,,
17717,2,1,1,4,76571,,
17718,2,1,2,10,76571,,
17719,1,1,1,71,76572,,
17720,1,1,2,229,76572,,
17721,2,1,1,6,76572,,
17722,2,1,2,21,76572,,
17723,1,1,1,77,76573,,
17724,1,1,2,184,76573,,
17725,2,1,1,4,76573,,
17726,2,1,2,25,76573,,
17727,1,1,1,113,76574,,
17728,1,1,2,160,76574,,
17729,2,1,1,4,76574,,
17730,2,1,2,10,76574,,
17731,1,1,1,71,76575,,
17732,1,1,2,229,76575,,
17733,2,1,1,6,76575,,
17734,2,1,2,21,76575,,
17735,1,1,1,77,76576,,
17736,1,1,2,184,76576,,
17737,2,1,1,4,76576,,
17738,2,1,2,25,76576,,
17739,1,1,1,113,76577,,
17740,1,1,2,160,76577,,
17741,2,1,1,4,76577,,
17742,2,1,2,10,76577,,
17743,1,1,1,71,76578,,
17744,1,1,2,229,76578,,
17745,2,1,1,6,76578,,
17746,2,1,2,21,76578,,
17747,1,1,1,77,76579,,
17748,1,1,2,184,76579,,
17749,2,1,1,4,76579,,
17750,2,1,2,25,76579,,
17751,1,1,1,113,76580,,
17752,1,1,2,160,76580,,
17753,2,1,1,4,76580,,
17754,2,1,2,10,76580,,
17755,1,1,1,71,76581,,
17756,1,1,2,229,76581,,
17757,2,1,1,6,76581,,
17758,2,1,2,21,76581,,
17759,1,1,1,77,76582,,
17760,1,1,2,184,76582,,
17761,2,1,1,4,76582,,
17762,2,1,2,25,76582,,
17763,1,1,1,113,76583,,
17764,1,1,2,160,76583,,
17765,2,1,1,4,76583,,
17766,2,1,2,10,76583,,
17767,1,1,1,71,76584,,
17768,1,1,2,229,76584,,
17769,2,1,1,6,76584,,
17770,2,1,2,21,76584,,
17771,1,1,1,77,76585,,
17772,1,1,2,184,76585,,
17773,2,1,1,4,76585,,
17774,2,1,2,25,76585,,
17775,1,1,1,113,76586,,
17776,1,1,2,160,76586,,
17777,2,1,1,4,76586,,
17778,2,1,2,10,76586,,
17779,1,1,1,71,76587,,
17780,1,1,2,229,76587,,
17781,2,1,1,6,76587,,
17782,2,1,2,21,76587,,
17783,1,1,1,77,76588,,
17784,1,1,2,184,76588,,
17785,2,1,1,4,76588,,
17786,2,1,2,25,76588,,
17787,1,1,1,113,76589,,
17788,1,1,2,160,76589,,
17789,2,1,1,4,76589,,
17790,2,1,2,10,76589,,
17791,1,1,1,71,76590,,
17792,1,1,2,229,76590,,
17793,2,1,1,6,76590,,
17794,2,1,2,21,76590,,
17795,1,1,1,77,76591,,
17796,1,1,2,184,76591,,
17797,2,1,1,4,76591,,
17798,2,1,2,25,76591,,
17799,1,1,1,113,76592,,
17800,1,1,2,160,76592,,
17801,2,1,1,4,76592,,
17802,2,1,2,10,76592,,
17803,1,1,1,71,76593,,
17804,1,1,2,229,76593,,
17805,2,1,1,6,76593,,
17806,2,1,2,21,76593,,
17807,1,1,1,77,76594,,
17808,1,1,2,184,76594,,
17809,2,1,1,4,76594,,
17810,2,1,2,25,76594,,
17811,1,1,1,113,76595,,
17812,1,1,2,160,76595,,
17813,2,1,1,4,76595,,
17814,2,1,2,10,76595,,
17815,1,1,1,71,76596,,
17816,1,1,2,229,76596,,
17817,2,1,1,6,76596,,
17818,2,1,2,21,76596,,
17819,1,1,1,77,76597,,
17820,1,1,2,184,76597,,
17821,2,1,1,4,76597,,
17822,2,1,2,25,76597,,
17823,1,1,1,113,76598,,
17824,1,1,2,160,76598,,
17825,2,1,1,4,76598,,
17826,2,1,2,10,76598,,
17827,1,1,1,71,76599,,
17828,1,1,2,229,76599,,
17829,2,1,1,6,76599,,
17830,2,1,2,21,76599,,
17831,1,1,1,77,76600,,
17832,1,1,2,184,76600,,
17833,2,1,1,4,76600,,
17834,2,1,2,25,76600,,
17835,1,1,1,113,76601,,
17836,1,1,2,160,76601,,
17837,2,1,1,4,76601,,
17838,2,1,2,10,76601,,
17839,1,1,1,71,76602,,
17840,1,1,2,229,76602,,
17841,2,1,1,6,76602,,
17842,2,1,2,21,76602,,
17843,1,1,1,77,76603,,
17844,1,1,2,184,76603,,
17845,2,1,1,4,76603,,
17846,2,1,2,25,76603,,
17847,1,1,1,115,76604,,
17848,1,1,2,162,76604,,
17849,2,1,1,5,76604,,
17850,2,1,2,9,76604,,
17851,1,1,1,70,76605,,
17852,1,1,2,230,76605,,
17853,2,1,1,5,76605,,
17854,2,1,2,21,76605,,
17855,1,1,1,75,76606,,
17856,1,1,2,184,76606,,
17857,2,1,1,4,76606,,
17858,2,1,2,25,76606,,
17859,1,1,1,115,76607,,
17860,1,1,2,162,76607,,
17861,2,1,1,5,76607,,
17862,2,1,2,9,76607,,
17863,1,1,1,70,76608,,
17864,1,1,2,230,76608,,
17865,2,1,1,5,76608,,
17866,2,1,2,21,76608,,
17867,1,1,1,75,76609,,
17868,1,1,2,184,76609,,
17869,2,1,1,4,76609,,
17870,2,1,2,25,76609,,
17871,1,1,1,115,76610,,
17872,1,1,2,162,76610,,
17873,2,1,1,5,76610,,
17874,2,1,2,9,76610,,
17875,1,1,1,70,76611,,
17876,1,1,2,230,76611,,
17877,2,1,1,5,76611,,
17878,2,1,2,21,76611,,
17879,1,1,1,75,76612,,
17880,1,1,2,184,76612,,
17881,2,1,1,4,76612,,
17882,2,1,2,25,76612,,
17883,1,1,1,115,76613,,
17884,1,1,2,162,76613,,
17885,2,1,1,5,76613,,
17886,2,1,2,9,76613,,
17887,1,1,1,70,76614,,
17888,1,1,2,230,76614,,
17889,2,1,1,5,76614,,
17890,2,1,2,21,76614,,
17891,1,1,1,75,76615,,
17892,1,1,2,184,76615,,
17893,2,1,1,4,76615,,
17894,2,1,2,25,76615,,
17895,1,1,1,115,76616,,
17896,1,1,2,162,76616,,
17897,2,1,1,5,76616,,
17898,2,1,2,9,76616,,
17899,1,1,1,70,76617,,
17900,1,1,2,230,76617,,
17901,2,1,1,5,76617,,
17902,2,1,2,21,76617,,
17903,1,1,1,75,76618,,
17904,1,1,2,184,76618,,
17905,2,1,1,4,76618,,
17906,2,1,2,25,76618,,
17907,1,1,1,115,76619,,
17908,1,1,2,162,76619,,
17909,2,1,1,5,76619,,
17910,2,1,2,9,76619,,
17911,1,1,1,70,76620,,
17912,1,1,2,230,76620,,
17913,2,1,1,5,76620,,
17914,2,1,2,21,76620,,
17915,1,1,1,75,76621,,
17916,1,1,2,184,76621,,
17917,2,1,1,4,76621,,
17918,2,1,2,25,76621,,
17919,1,1,1,115,76622,,
17920,1,1,2,162,76622,,
17921,2,1,1,5,76622,,
17922,2,1,2,9,76622,,
17923,1,1,1,70,76623,,
17924,1,1,2,230,76623,,
17925,2,1,1,5,76623,,
17926,2,1,2,21,76623,,
17927,1,1,1,75,76624,,
17928,1,1,2,184,76624,,
17929,2,1,1,4,76624,,
17930,2,1,2,25,76624,,
17931,1,1,1,115,76625,,
17932,1,1,2,162,76625,,
17933,2,1,1,5,76625,,
17934,2,1,2,9,76625,,
17935,1,1,1,70,76626,,
17936,1,1,2,230,76626,,
17937,2,1,1,5,76626,,
17938,2,1,2,21,76626,,
17939,1,1,1,75,76627,,
17940,1,1,2,184,76627,,
17941,2,1,1,4,76627,,
17942,2,1,2,25,76627,,
17943,1,1,1,115,76628,,
17944,1,1,2,162,76628,,
17945,2,1,1,5,76628,,
17946,2,1,2,9,76628,,
17947,1,1,1,70,76629,,
17948,1,1,2,230,76629,,
17949,2,1,1,5,76629,,
17950,2,1,2,21,76629,,
17951,1,1,1,75,76630,,
17952,1,1,2,184,76630,,
17953,2,1,1,4,76630,,
17954,2,1,2,25,76630,,
17955,1,1,1,115,76631,,
17956,1,1,2,162,76631,,
17957,2,1,1,5,76631,,
17958,2,1,2,9,76631,,
17959,1,1,1,70,76632,,
17960,1,1,2,230,76632,,
17961,2,1,1,5,76632,,
17962,2,1,2,21,76632,,
17963,1,1,1,75,76633,,
17964,1,1,2,184,76633,,
17965,2,1,1,4,76633,,
17966,2,1,2,25,76633,,
17967,1,1,1,115,76634,,
17968,1,1,2,162,76634,,
17969,2,1,1,5,76634,,
17970,2,1,2,9,76634,,
17971,1,1,1,70,76635,,
17972,1,1,2,230,76635,,
17973,2,1,1,5,76635,,
17974,2,1,2,21,76635,,
17975,1,1,1,75,76636,,
17976,1,1,2,184,76636,,
17977,2,1,1,4,76636,,
17978,2,1,2,25,76636,,
17979,1,1,1,115,76637,,
17980,1,1,2,162,76637,,
17981,2,1,1,5,76637,,
17982,2,1,2,9,76637,,
17983,1,1,1,70,76638,,
17984,1,1,2,230,76638,,
17985,2,1,1,5,76638,,
17986,2,1,2,21,76638,,
17987,1,1,1,75,76639,,
17988,1,1,2,184,76639,,
17989,2,1,1,4,76639,,
17990,2,1,2,25,76639,,
17991,1,1,1,115,76640,,
17992,1,1,2,162,76640,,
17993,2,1,1,5,76640,,
17994,2,1,2,9,76640,,
17995,1,1,1,70,76641,,
17996,1,1,2,230,76641,,
17997,2,1,1,5,76641,,
17998,2,1,2,21,76641,,
17999,1,1,1,75,76642,,
18000,1,1,2,184,76642,,
18001,2,1,1,4,76642,,
18002,2,1,2,25,76642,,
18003,1,1,1,115,76643,,
18004,1,1,2,162,76643,,
18005,2,1,1,5,76643,,
18006,2,1,2,9,76643,,
18007,1,1,1,70,76644,,
18008,1,1,2,230,76644,,
18009,2,1,1,5,76644,,
18010,2,1,2,21,76644,,
18011,1,1,1,75,76645,,
18012,1,1,2,184,76645,,
18013,2,1,1,4,76645,,
18014,2,1,2,25,76645,,
18015,1,1,1,115,76646,,
18016,1,1,2,162,76646,,
18017,2,1,1,5,76646,,
18018,2,1,2,9,76646,,
18019,1,1,1,70,76647,,
18020,1,1,2,230,76647,,
18021,2,1,1,5,76647,,
18022,2,1,2,21,76647,,
18023,1,1,1,75,76648,,
18024,1,1,2,184,76648,,
18025,2,1,1,4,76648,,
18026,2,1,2,25,76648,,
18027,1,1,1,115,76649,,
18028,1,1,2,162,76649,,
18029,2,1,1,5,76649,,
18030,2,1,2,9,76649,,
18031,1,1,1,70,76650,,
18032,1,1,2,230,76650,,
18033,2,1,1,5,76650,,
18034,2,1,2,21,76650,,
18035,1,1,1,75,76651,,
18036,1,1,2,184,76651,,
18037,2,1,1,4,76651,,
18038,2,1,2,25,76651,,
18039,1,1,1,115,76652,,
18040,1,1,2,162,76652,,
18041,2,1,1,5,76652,,
18042,2,1,2,9,76652,,
18043,1,1,1,70,76653,,
18044,1,1,2,230,76653,,
18045,2,1,1,5,76653,,
18046,2,1,2,21,76653,,
18047,1,1,1,75,76654,,
18048,1,1,2,184,76654,,
18049,2,1,1,4,76654,,
18050,2,1,2,25,76654,,
18051,1,1,1,115,76655,,
18052,1,1,2,162,76655,,
18053,2,1,1,5,76655,,
18054,2,1,2,9,76655,,
18055,1,1,1,70,76656,,
18056,1,1,2,230,76656,,
18057,2,1,1,5,76656,,
18058,2,1,2,21,76656,,
18059,1,1,1,75,76657,,
18060,1,1,2,184,76657,,
18061,2,1,1,4,76657,,
18062,2,1,2,25,76657,,
18063,1,1,1,126,76658,,
18064,1,1,2,162,76658,,
18065,2,1,1,5,76658,,
18066,2,1,2,8,76658,,
18067,1,1,1,69,76659,,
18068,1,1,2,231,76659,,
18069,2,1,1,4,76659,,
18070,2,1,2,20,76659,,
18071,1,1,1,73,76660,,
18072,1,1,2,177,76660,,
18073,2,1,1,5,76660,,
18074,2,1,2,24,76660,,
18075,1,1,1,126,76661,,
18076,1,1,2,162,76661,,
18077,2,1,1,5,76661,,
18078,2,1,2,8,76661,,
18079,1,1,1,69,76662,,
18080,1,1,2,231,76662,,
18081,2,1,1,4,76662,,
18082,2,1,2,20,76662,,
18083,1,1,1,73,76663,,
18084,1,1,2,177,76663,,
18085,2,1,1,5,76663,,
18086,2,1,2,24,76663,,
18087,1,1,1,126,76664,,
18088,1,1,2,162,76664,,
18089,2,1,1,5,76664,,
18090,2,1,2,8,76664,,
18091,1,1,1,69,76665,,
18092,1,1,2,231,76665,,
18093,2,1,1,4,76665,,
18094,2,1,2,20,76665,,
18095,1,1,1,73,76666,,
18096,1,1,2,177,76666,,
18097,2,1,1,5,76666,,
18098,2,1,2,24,76666,,
18099,1,1,1,126,76667,,
18100,1,1,2,162,76667,,
18101,2,1,1,5,76667,,
18102,2,1,2,8,76667,,
18103,1,1,1,69,76668,,
18104,1,1,2,231,76668,,
18105,2,1,1,4,76668,,
18106,2,1,2,20,76668,,
18107,1,1,1,73,76669,,
18108,1,1,2,177,76669,,
18109,2,1,1,5,76669,,
18110,2,1,2,24,76669,,
18111,1,1,1,134,76670,,
18112,1,1,2,159,76670,,
18113,2,1,1,5,76670,,
18114,2,1,2,8,76670,,
18115,1,1,1,71,76671,,
18116,1,1,2,224,76671,,
18117,2,1,1,3,76671,,
18118,2,1,2,21,76671,,
18119,1,1,1,71,76672,,
18120,1,1,2,171,76672,,
18121,2,1,1,5,76672,,
18122,2,1,2,23,76672,,
18123,1,1,1,134,76673,,
18124,1,1,2,159,76673,,
18125,2,1,1,5,76673,,
18126,2,1,2,8,76673,,
18127,1,1,1,71,76674,,
18128,1,1,2,224,76674,,
18129,2,1,1,3,76674,,
18130,2,1,2,21,76674,,
18131,1,1,1,71,76675,,
18132,1,1,2,171,76675,,
18133,2,1,1,5,76675,,
18134,2,1,2,23,76675,,
18135,1,1,1,134,76676,,
18136,1,1,2,159,76676,,
18137,2,1,1,5,76676,,
18138,2,1,2,8,76676,,
18139,1,1,1,71,76677,,
18140,1,1,2,224,76677,,
18141,2,1,1,3,76677,,
18142,2,1,2,21,76677,,
18143,1,1,1,71,76678,,
18144,1,1,2,171,76678,,
18145,2,1,1,5,76678,,
18146,2,1,2,23,76678,,
18147,1,1,1,134,76679,,
18148,1,1,2,159,76679,,
18149,2,1,1,5,76679,,
18150,2,1,2,8,76679,,
18151,1,1,1,71,76680,,
18152,1,1,2,224,76680,,
18153,2,1,1,3,76680,,
18154,2,1,2,21,76680,,
18155,1,1,1,71,76681,,
18156,1,1,2,171,76681,,
18157,2,1,1,5,76681,,
18158,2,1,2,23,76681,,
18159,1,1,1,134,76682,,
18160,1,1,2,159,76682,,
18161,2,1,1,5,76682,,
18162,2,1,2,8,76682,,
18163,1,1,1,71,76683,,
18164,1,1,2,224,76683,,
18165,2,1,1,3,76683,,
18166,2,1,2,21,76683,,
18167,1,1,1,71,76684,,
18168,1,1,2,171,76684,,
18169,2,1,1,5,76684,,
18170,2,1,2,23,76684,,
18171,1,1,1,134,76685,,
18172,1,1,2,159,76685,,
18173,2,1,1,5,76685,,
18174,2,1,2,8,76685,,
18175,1,1,1,71,76686,,
18176,1,1,2,224,76686,,
18177,2,1,1,3,76686,,
18178,2,1,2,21,76686,,
18179,1,1,1,71,76687,,
18180,1,1,2,171,76687,,
18181,2,1,1,5,76687,,
18182,2,1,2,23,76687,,
18183,1,1,1,134,76688,,
18184,1,1,2,159,76688,,
18185,2,1,1,5,76688,,
18186,2,1,2,8,76688,,
18187,1,1,1,71,76689,,
18188,1,1,2,224,76689,,
18189,2,1,1,3,76689,,
18190,2,1,2,21,76689,,
18191,1,1,1,71,76690,,
18192,1,1,2,171,76690,,
18193,2,1,1,5,76690,,
18194,2,1,2,23,76690,,
18195,1,1,1,134,76691,,
18196,1,1,2,159,76691,,
18197,2,1,1,5,76691,,
18198,2,1,2,8,76691,,
18199,1,1,1,71,76692,,
18200,1,1,2,224,76692,,
18201,2,1,1,3,76692,,
18202,2,1,2,21,76692,,
18203,1,1,1,71,76693,,
18204,1,1,2,171,76693,,
18205,2,1,1,5,76693,,
18206,2,1,2,23,76693,,
18207,1,1,1,134,76694,,
18208,1,1,2,159,76694,,
18209,2,1,1,5,76694,,
18210,2,1,2,8,76694,,
18211,1,1,1,71,76695,,
18212,1,1,2,224,76695,,
18213,2,1,1,3,76695,,
18214,2,1,2,21,76695,,
18215,1,1,1,71,76696,,
18216,1,1,2,171,76696,,
18217,2,1,1,5,76696,,
18218,2,1,2,23,76696,,
18219,1,1,1,134,76697,,
18220,1,1,2,159,76697,,
18221,2,1,1,5,76697,,
18222,2,1,2,8,76697,,
18223,1,1,1,71,76698,,
18224,1,1,2,224,76698,,
18225,2,1,1,3,76698,,
18226,2,1,2,21,76698,,
18227,1,1,1,71,76699,,
18228,1,1,2,171,76699,,
18229,2,1,1,5,76699,,
18230,2,1,2,23,76699,,
18231,1,1,1,134,76700,,
18232,1,1,2,159,76700,,
18233,2,1,1,5,76700,,
18234,2,1,2,8,76700,,
18235,1,1,1,71,76701,,
18236,1,1,2,224,76701,,
18237,2,1,1,3,76701,,
18238,2,1,2,21,76701,,
18239,1,1,1,71,76702,,
18240,1,1,2,171,76702,,
18241,2,1,1,5,76702,,
18242,2,1,2,23,76702,,
18243,1,1,1,134,76703,,
18244,1,1,2,159,76703,,
18245,2,1,1,5,76703,,
18246,2,1,2,8,76703,,
18247,1,1,1,71,76704,,
18248,1,1,2,224,76704,,
18249,2,1,1,3,76704,,
18250,2,1,2,21,76704,,
18251,1,1,1,71,76705,,
18252,1,1,2,171,76705,,
18253,2,1,1,5,76705,,
18254,2,1,2,23,76705,,
18255,1,1,1,134,76706,,
18256,1,1,2,159,76706,,
18257,2,1,1,5,76706,,
18258,2,1,2,8,76706,,
18259,1,1,1,71,76707,,
18260,1,1,2,224,76707,,
18261,2,1,1,3,76707,,
18262,2,1,2,21,76707,,
18263,1,1,1,71,76708,,
18264,1,1,2,171,76708,,
18265,2,1,1,5,76708,,
18266,2,1,2,23,76708,,
18267,1,1,1,134,76709,,
18268,1,1,2,159,76709,,
18269,2,1,1,5,76709,,
18270,2,1,2,8,76709,,
18271,1,1,1,71,76710,,
18272,1,1,2,224,76710,,
18273,2,1,1,3,76710,,
18274,2,1,2,21,76710,,
18275,1,1,1,71,76711,,
18276,1,1,2,171,76711,,
18277,2,1,1,5,76711,,
18278,2,1,2,23,76711,,
18279,1,1,1,136,76712,,
18280,1,1,2,149,76712,,
18281,2,1,1,6,76712,,
18282,2,1,2,9,76712,,
18283,1,1,1,75,76713,,
18284,1,1,2,213,76713,,
18285,2,1,1,3,76713,,
18286,2,1,2,19,76713,,
18287,1,1,1,70,76714,,
18288,1,1,2,173,76714,,
18289,2,1,1,4,76714,,
18290,2,1,2,23,76714,,
18291,1,1,1,136,76715,,
18292,1,1,2,149,76715,,
18293,2,1,1,6,76715,,
18294,2,1,2,9,76715,,
18295,1,1,1,75,76716,,
18296,1,1,2,213,76716,,
18297,2,1,1,3,76716,,
18298,2,1,2,19,76716,,
18299,1,1,1,70,76717,,
18300,1,1,2,173,76717,,
18301,2,1,1,4,76717,,
18302,2,1,2,23,76717,,
18303,1,1,1,136,76718,,
18304,1,1,2,149,76718,,
18305,2,1,1,6,76718,,
18306,2,1,2,9,76718,,
18307,1,1,1,75,76719,,
18308,1,1,2,213,76719,,
18309,2,1,1,3,76719,,
18310,2,1,2,19,76719,,
18311,1,1,1,70,76720,,
18312,1,1,2,173,76720,,
18313,2,1,1,4,76720,,
18314,2,1,2,23,76720,,
18315,1,1,1,136,76721,,
18316,1,1,2,149,76721,,
18317,2,1,1,6,76721,,
18318,2,1,2,9,76721,,
18319,1,1,1,75,76722,,
18320,1,1,2,213,76722,,
18321,2,1,1,3,76722,,
18322,2,1,2,19,76722,,
18323,1,1,1,70,76723,,
18324,1,1,2,173,76723,,
18325,2,1,1,4,76723,,
18326,2,1,2,23,76723,,
18327,1,1,1,136,76724,,
18328,1,1,2,149,76724,,
18329,2,1,1,6,76724,,
18330,2,1,2,9,76724,,
18331,1,1,1,75,76725,,
18332,1,1,2,213,76725,,
18333,2,1,1,3,76725,,
18334,2,1,2,19,76725,,
18335,1,1,1,70,76726,,
18336,1,1,2,173,76726,,
18337,2,1,1,4,76726,,
18338,2,1,2,23,76726,,
18339,1,1,1,136,76727,,
18340,1,1,2,149,76727,,
18341,2,1,1,6,76727,,
18342,2,1,2,9,76727,,
18343,1,1,1,75,76728,,
18344,1,1,2,213,76728,,
18345,2,1,1,3,76728,,
18346,2,1,2,19,76728,,
18347,1,1,1,70,76729,,
18348,1,1,2,173,76729,,
18349,2,1,1,4,76729,,
18350,2,1,2,23,76729,,
18351,1,1,1,136,76730,,
18352,1,1,2,149,76730,,
18353,2,1,1,6,76730,,
18354,2,1,2,9,76730,,
18355,1,1,1,75,76731,,
18356,1,1,2,213,76731,,
18357,2,1,1,3,76731,,
18358,2,1,2,19,76731,,
18359,1,1,1,70,76732,,
18360,1,1,2,173,76732,,
18361,2,1,1,4,76732,,
18362,2,1,2,23,76732,,
18363,1,1,1,136,76733,,
18364,1,1,2,149,76733,,
18365,2,1,1,6,76733,,
18366,2,1,2,9,76733,,
18367,1,1,1,75,76734,,
18368,1,1,2,213,76734,,
18369,2,1,1,3,76734,,
18370,2,1,2,19,76734,,
18371,1,1,1,70,76735,,
18372,1,1,2,173,76735,,
18373,2,1,1,4,76735,,
18374,2,1,2,23,76735,,
18375,1,1,1,136,76736,,
18376,1,1,2,149,76736,,
18377,2,1,1,6,76736,,
18378,2,1,2,9,76736,,
18379,1,1,1,75,76737,,
18380,1,1,2,213,76737,,
18381,2,1,1,3,76737,,
18382,2,1,2,19,76737,,
18383,1,1,1,70,76738,,
18384,1,1,2,173,76738,,
18385,2,1,1,4,76738,,
18386,2,1,2,23,76738,,
18387,1,1,1,136,76739,,
18388,1,1,2,149,76739,,
18389,2,1,1,6,76739,,
18390,2,1,2,9,76739,,
18391,1,1,1,75,76740,,
18392,1,1,2,213,76740,,
18393,2,1,1,3,76740,,
18394,2,1,2,19,76740,,
18395,1,1,1,70,76741,,
18396,1,1,2,173,76741,,
18397,2,1,1,4,76741,,
18398,2,1,2,23,76741,,
18399,1,1,1,136,76742,,
18400,1,1,2,149,76742,,
18401,2,1,1,6,76742,,
18402,2,1,2,9,76742,,
18403,1,1,1,75,76743,,
18404,1,1,2,213,76743,,
18405,2,1,1,3,76743,,
18406,2,1,2,19,76743,,
18407,1,1,1,70,76744,,
18408,1,1,2,173,76744,,
18409,2,1,1,4,76744,,
18410,2,1,2,23,76744,,
18411,1,1,1,136,76745,,
18412,1,1,2,149,76745,,
18413,2,1,1,6,76745,,
18414,2,1,2,9,76745,,
18415,1,1,1,75,76746,,
18416,1,1,2,213,76746,,
18417,2,1,1,3,76746,,
18418,2,1,2,19,76746,,
18419,1,1,1,70,76747,,
18420,1,1,2,173,76747,,
18421,2,1,1,4,76747,,
18422,2,1,2,23,76747,,
18423,1,1,1,133,76748,,
18424,1,1,2,142,76748,,
18425,2,1,1,5,76748,,
18426,2,1,2,9,76748,,
18427,1,1,1,69,76749,,
18428,1,1,2,217,76749,,
18429,2,1,1,3,76749,,
18430,2,1,2,21,76749,,
18431,1,1,1,80,76750,,
18432,1,1,2,189,76750,,
18433,2,1,1,5,76750,,
18434,2,1,2,23,76750,,
18435,1,1,1,133,76751,,
18436,1,1,2,142,76751,,
18437,2,1,1,5,76751,,
18438,2,1,2,9,76751,,
18439,1,1,1,69,76752,,
18440,1,1,2,217,76752,,
18441,2,1,1,3,76752,,
18442,2,1,2,21,76752,,
18443,1,1,1,80,76753,,
18444,1,1,2,189,76753,,
18445,2,1,1,5,76753,,
18446,2,1,2,23,76753,,
18447,1,1,1,133,76754,,
18448,1,1,2,142,76754,,
18449,2,1,1,5,76754,,
18450,2,1,2,9,76754,,
18451,1,1,1,69,76755,,
18452,1,1,2,217,76755,,
18453,2,1,1,3,76755,,
18454,2,1,2,21,76755,,
18455,1,1,1,80,76756,,
18456,1,1,2,189,76756,,
18457,2,1,1,5,76756,,
18458,2,1,2,23,76756,,
18459,1,1,1,133,76757,,
18460,1,1,2,142,76757,,
18461,2,1,1,5,76757,,
18462,2,1,2,9,76757,,
18463,1,1,1,69,76758,,
18464,1,1,2,217,76758,,
18465,2,1,1,3,76758,,
18466,2,1,2,21,76758,,
18467,1,1,1,80,76759,,
18468,1,1,2,189,76759,,
18469,2,1,1,5,76759,,
18470,2,1,2,23,76759,,
18471,1,1,1,133,76760,,
18472,1,1,2,142,76760,,
18473,2,1,1,5,76760,,
18474,2,1,2,9,76760,,
18475,1,1,1,69,76761,,
18476,1,1,2,217,76761,,
18477,2,1,1,3,76761,,
18478,2,1,2,21,76761,,
18479,1,1,1,80,76762,,
18480,1,1,2,189,76762,,
18481,2,1,1,5,76762,,
18482,2,1,2,23,76762,,
18483,1,1,1,133,76763,,
18484,1,1,2,142,76763,,
18485,2,1,1,5,76763,,
18486,2,1,2,9,76763,,
18487,1,1,1,69,76764,,
18488,1,1,2,217,76764,,
18489,2,1,1,3,76764,,
18490,2,1,2,21,76764,,
18491,1,1,1,80,76765,,
18492,1,1,2,189,76765,,
18493,2,1,1,5,76765,,
18494,2,1,2,23,76765,,
18495,1,1,1,133,76766,,
18496,1,1,2,142,76766,,
18497,2,1,1,5,76766,,
18498,2,1,2,9,76766,,
18499,1,1,1,69,76767,,
18500,1,1,2,217,76767,,
18501,2,1,1,3,76767,,
18502,2,1,2,21,76767,,
18503,1,1,1,80,76768,,
18504,1,1,2,189,76768,,
18505,2,1,1,5,76768,,
18506,2,1,2,23,76768,,
18507,1,1,1,133,76769,,
18508,1,1,2,142,76769,,
18509,2,1,1,5,76769,,
18510,2,1,2,9,76769,,
18511,1,1,1,69,76770,,
18512,1,1,2,217,76770,,
18513,2,1,1,3,76770,,
18514,2,1,2,21,76770,,
18515,1,1,1,80,76771,,
18516,1,1,2,189,76771,,
18517,2,1,1,5,76771,,
18518,2,1,2,23,76771,,
18519,1,1,1,133,76772,,
18520,1,1,2,142,76772,,
18521,2,1,1,5,76772,,
18522,2,1,2,9,76772,,
18523,1,1,1,69,76773,,
18524,1,1,2,217,76773,,
18525,2,1,1,3,76773,,
18526,2,1,2,21,76773,,
18527,1,1,1,80,76774,,
18528,1,1,2,189,76774,,
18529,2,1,1,5,76774,,
18530,2,1,2,23,76774,,
18531,1,1,1,133,76775,,
18532,1,1,2,142,76775,,
18533,2,1,1,5,76775,,
18534,2,1,2,9,76775,,
18535,1,1,1,69,76776,,
18536,1,1,2,217,76776,,
18537,2,1,1,3,76776,,
18538,2,1,2,21,76776,,
18539,1,1,1,80,76777,,
18540,1,1,2,189,76777,,
18541,2,1,1,5,76777,,
18542,2,1,2,23,76777,,
18543,1,1,1,133,76778,,
18544,1,1,2,142,76778,,
18545,2,1,1,5,76778,,
18546,2,1,2,9,76778,,
18547,1,1,1,69,76779,,
18548,1,1,2,217,76779,,
18549,2,1,1,3,76779,,
18550,2,1,2,21,76779,,
18551,1,1,1,80,76780,,
18552,1,1,2,189,76780,,
18553,2,1,1,5,76780,,
18554,2,1,2,23,76780,,
18555,1,1,1,133,76781,,
18556,1,1,2,142,76781,,
18557,2,1,1,5,76781,,
18558,2,1,2,9,76781,,
18559,1,1,1,69,76782,,
18560,1,1,2,217,76782,,
18561,2,1,1,3,76782,,
18562,2,1,2,21,76782,,
18563,1,1,1,80,76783,,
18564,1,1,2,189,76783,,
18565,2,1,1,5,76783,,
18566,2,1,2,23,76783,,
18567,1,1,1,133,76784,,
18568,1,1,2,132,76784,,
18569,2,1,1,5,76784,,
18570,2,1,2,10,76784,,
18571,1,1,1,71,76785,,
18572,1,1,2,216,76785,,
18573,2,1,1,2,76785,,
18574,2,1,2,20,76785,,
18575,1,1,1,83,76786,,
18576,1,1,2,210,76786,,
18577,2,1,1,9,76786,,
18578,2,1,2,22,76786,,
18579,1,1,1,133,76787,,
18580,1,1,2,132,76787,,
18581,2,1,1,5,76787,,
18582,2,1,2,10,76787,,
18583,1,1,1,71,76788,,
18584,1,1,2,216,76788,,
18585,2,1,1,2,76788,,
18586,2,1,2,20,76788,,
18587,1,1,1,83,76789,,
18588,1,1,2,210,76789,,
18589,2,1,1,9,76789,,
18590,2,1,2,22,76789,,
18591,1,1,1,133,76790,,
18592,1,1,2,132,76790,,
18593,2,1,1,5,76790,,
18594,2,1,2,10,76790,,
18595,1,1,1,71,76791,,
18596,1,1,2,216,76791,,
18597,2,1,1,2,76791,,
18598,2,1,2,20,76791,,
18599,1,1,1,83,76792,,
18600,1,1,2,210,76792,,
18601,2,1,1,9,76792,,
18602,2,1,2,22,76792,,
18603,1,1,1,133,76793,,
18604,1,1,2,132,76793,,
18605,2,1,1,5,76793,,
18606,2,1,2,10,76793,,
18607,1,1,1,71,76794,,
18608,1,1,2,216,76794,,
18609,2,1,1,2,76794,,
18610,2,1,2,20,76794,,
18611,1,1,1,83,76795,,
18612,1,1,2,210,76795,,
18613,2,1,1,9,76795,,
18614,2,1,2,22,76795,,
18615,1,1,1,133,76796,,
18616,1,1,2,132,76796,,
18617,2,1,1,5,76796,,
18618,2,1,2,10,76796,,
18619,1,1,1,71,76797,,
18620,1,1,2,216,76797,,
18621,2,1,1,2,76797,,
18622,2,1,2,20,76797,,
18623,1,1,1,83,76798,,
18624,1,1,2,210,76798,,
18625,2,1,1,9,76798,,
18626,2,1,2,22,76798,,
18627,1,1,1,133,76799,,
18628,1,1,2,132,76799,,
18629,2,1,1,5,76799,,
18630,2,1,2,10,76799,,
18631,1,1,1,71,76800,,
18632,1,1,2,216,76800,,
18633,2,1,1,2,76800,,
18634,2,1,2,20,76800,,
18635,1,1,1,83,76801,,
18636,1,1,2,210,76801,,
18637,2,1,1,9,76801,,
18638,2,1,2,22,76801,,
18639,1,1,1,133,76802,,
18640,1,1,2,132,76802,,
18641,2,1,1,5,76802,,
18642,2,1,2,10,76802,,
18643,1,1,1,71,76803,,
18644,1,1,2,216,76803,,
18645,2,1,1,2,76803,,
18646,2,1,2,20,76803,,
18647,1,1,1,83,76804,,
18648,1,1,2,210,76804,,
18649,2,1,1,9,76804,,
18650,2,1,2,22,76804,,
18651,1,1,1,133,76805,,
18652,1,1,2,132,76805,,
18653,2,1,1,5,76805,,
18654,2,1,2,10,76805,,
18655,1,1,1,71,76806,,
18656,1,1,2,216,76806,,
18657,2,1,1,2,76806,,
18658,2,1,2,20,76806,,
18659,1,1,1,83,76807,,
18660,1,1,2,210,76807,,
18661,2,1,1,9,76807,,
18662,2,1,2,22,76807,,
18663,1,1,1,133,76808,,
18664,1,1,2,132,76808,,
18665,2,1,1,5,76808,,
18666,2,1,2,10,76808,,
18667,1,1,1,71,76809,,
18668,1,1,2,216,76809,,
18669,2,1,1,2,76809,,
18670,2,1,2,20,76809,,
18671,1,1,1,83,76810,,
18672,1,1,2,210,76810,,
18673,2,1,1,9,76810,,
18674,2,1,2,22,76810,,
18675,1,1,1,133,76811,,
18676,1,1,2,132,76811,,
18677,2,1,1,5,76811,,
18678,2,1,2,10,76811,,
18679,1,1,1,71,76812,,
18680,1,1,2,216,76812,,
18681,2,1,1,2,76812,,
18682,2,1,2,20,76812,,
18683,1,1,1,83,76813,,
18684,1,1,2,210,76813,,
18685,2,1,1,9,76813,,
18686,2,1,2,22,76813,,
18687,1,1,1,133,76814,,
18688,1,1,2,132,76814,,
18689,2,1,1,5,76814,,
18690,2,1,2,10,76814,,
18691,1,1,1,71,76815,,
18692,1,1,2,216,76815,,
18693,2,1,1,2,76815,,
18694,2,1,2,20,76815,,
18695,1,1,1,83,76816,,
18696,1,1,2,210,76816,,
18697,2,1,1,9,76816,,
18698,2,1,2,22,76816,,
18699,1,1,1,133,76817,,
18700,1,1,2,132,76817,,
18701,2,1,1,5,76817,,
18702,2,1,2,10,76817,,
18703,1,1,1,71,76818,,
18704,1,1,2,216,76818,,
18705,2,1,1,2,76818,,
18706,2,1,2,20,76818,,
18707,1,1,1,83,76819,,
18708,1,1,2,210,76819,,
18709,2,1,1,9,76819,,
18710,2,1,2,22,76819,,
18711,1,1,1,133,76820,,
18712,1,1,2,131,76820,,
18713,2,1,1,7,76820,,
18714,2,1,2,9,76820,,
18715,1,1,1,70,76821,,
18716,1,1,2,212,76821,,
18717,2,1,1,3,76821,,
18718,2,1,2,19,76821,,
18719,1,1,1,93,76822,,
18720,1,1,2,211,76822,,
18721,2,1,1,10,76822,,
18722,2,1,2,22,76822,,
18723,1,1,1,133,76823,,
18724,1,1,2,131,76823,,
18725,2,1,1,7,76823,,
18726,2,1,2,9,76823,,
18727,1,1,1,70,76824,,
18728,1,1,2,212,76824,,
18729,2,1,1,3,76824,,
18730,2,1,2,19,76824,,
18731,1,1,1,93,76825,,
18732,1,1,2,211,76825,,
18733,2,1,1,10,76825,,
18734,2,1,2,22,76825,,
18735,1,1,1,133,76826,,
18736,1,1,2,131,76826,,
18737,2,1,1,7,76826,,
18738,2,1,2,9,76826,,
18739,1,1,1,70,76827,,
18740,1,1,2,212,76827,,
18741,2,1,1,3,76827,,
18742,2,1,2,19,76827,,
18743,1,1,1,93,76828,,
18744,1,1,2,211,76828,,
18745,2,1,1,10,76828,,
18746,2,1,2,22,76828,,
18747,1,1,1,133,76829,,
18748,1,1,2,131,76829,,
18749,2,1,1,7,76829,,
18750,2,1,2,9,76829,,
18751,1,1,1,70,76830,,
18752,1,1,2,212,76830,,
18753,2,1,1,3,76830,,
18754,2,1,2,19,76830,,
18755,1,1,1,93,76831,,
18756,1,1,2,211,76831,,
18757,2,1,1,10,76831,,
18758,2,1,2,22,76831,,
18759,1,1,1,133,76832,,
18760,1,1,2,131,76832,,
18761,2,1,1,7,76832,,
18762,2,1,2,9,76832,,
18763,1,1,1,70,76833,,
18764,1,1,2,212,76833,,
18765,2,1,1,3,76833,,
18766,2,1,2,19,76833,,
18767,1,1,1,93,76834,,
18768,1,1,2,211,76834,,
18769,2,1,1,10,76834,,
18770,2,1,2,22,76834,,
18771,1,1,1,133,76835,,
18772,1,1,2,131,76835,,
18773,2,1,1,7,76835,,
18774,2,1,2,9,76835,,
18775,1,1,1,70,76836,,
18776,1,1,2,212,76836,,
18777,2,1,1,3,76836,,
18778,2,1,2,19,76836,,
18779,1,1,1,93,76837,,
18780,1,1,2,211,76837,,
18781,2,1,1,10,76837,,
18782,2,1,2,22,76837,,
18783,1,1,1,133,76838,,
18784,1,1,2,131,76838,,
18785,2,1,1,7,76838,,
18786,2,1,2,9,76838,,
18787,1,1,1,70,76839,,
18788,1,1,2,212,76839,,
18789,2,1,1,3,76839,,
18790,2,1,2,19,76839,,
18791,1,1,1,93,76840,,
18792,1,1,2,211,76840,,
18793,2,1,1,10,76840,,
18794,2,1,2,22,76840,,
18795,1,1,1,133,76841,,
18796,1,1,2,131,76841,,
18797,2,1,1,7,76841,,
18798,2,1,2,9,76841,,
18799,1,1,1,70,76842,,
18800,1,1,2,212,76842,,
18801,2,1,1,3,76842,,
18802,2,1,2,19,76842,,
18803,1,1,1,93,76843,,
18804,1,1,2,211,76843,,
18805,2,1,1,10,76843,,
18806,2,1,2,22,76843,,
18807,1,1,1,133,76844,,
18808,1,1,2,131,76844,,
18809,2,1,1,7,76844,,
18810,2,1,2,9,76844,,
18811,1,1,1,70,76845,,
18812,1,1,2,212,76845,,
18813,2,1,1,3,76845,,
18814,2,1,2,19,76845,,
18815,1,1,1,93,76846,,
18816,1,1,2,211,76846,,
18817,2,1,1,10,76846,,
18818,2,1,2,22,76846,,
18819,1,1,1,133,76847,,
18820,1,1,2,131,76847,,
18821,2,1,1,7,76847,,
18822,2,1,2,9,76847,,
18823,1,1,1,70,76848,,
18824,1,1,2,212,76848,,
18825,2,1,1,3,76848,,
18826,2,1,2,19,76848,,
18827,1,1,1,93,76849,,
18828,1,1,2,211,76849,,
18829,2,1,1,10,76849,,
18830,2,1,2,22,76849,,
18831,1,1,1,133,76850,,
18832,1,1,2,131,76850,,
18833,2,1,1,7,76850,,
18834,2,1,2,9,76850,,
18835,1,1,1,70,76851,,
18836,1,1,2,212,76851,,
18837,2,1,1,3,76851,,
18838,2,1,2,19,76851,,
18839,1,1,1,93,76852,,
18840,1,1,2,211,76852,,
18841,2,1,1,10,76852,,
18842,2,1,2,22,76852,,
18843,1,1,1,133,76853,,
18844,1,1,2,131,76853,,
18845,2,1,1,7,76853,,
18846,2,1,2,9,76853,,
18847,1,1,1,70,76854,,
18848,1,1,2,212,76854,,
18849,2,1,1,3,76854,,
18850,2,1,2,19,76854,,
18851,1,1,1,93,76855,,
18852,1,1,2,211,76855,,
18853,2,1,1,10,76855,,
18854,2,1,2,22,76855,,
18855,1,1,1,133,76856,,
18856,1,1,2,131,76856,,
18857,2,1,1,7,76856,,
18858,2,1,2,9,76856,,
18859,1,1,1,70,76857,,
18860,1,1,2,212,76857,,
18861,2,1,1,3,76857,,
18862,2,1,2,19,76857,,
18863,1,1,1,93,76858,,
18864,1,1,2,211,76858,,
18865,2,1,1,10,76858,,
18866,2,1,2,22,76858,,
18867,1,1,1,133,76859,,
18868,1,1,2,131,76859,,
18869,2,1,1,7,76859,,
18870,2,1,2,9,76859,,
18871,1,1,1,70,76860,,
18872,1,1,2,212,76860,,
18873,2,1,1,3,76860,,
18874,2,1,2,19,76860,,
18875,1,1,1,93,76861,,
18876,1,1,2,211,76861,,
18877,2,1,1,10,76861,,
18878,2,1,2,22,76861,,
18879,1,1,1,133,76862,,
18880,1,1,2,131,76862,,
18881,2,1,1,7,76862,,
18882,2,1,2,9,76862,,
18883,1,1,1,70,76863,,
18884,1,1,2,212,76863,,
18885,2,1,1,3,76863,,
18886,2,1,2,19,76863,,
18887,1,1,1,93,76864,,
18888,1,1,2,211,76864,,
18889,2,1,1,10,76864,,
18890,2,1,2,22,76864,,
18891,1,1,1,133,76865,,
18892,1,1,2,131,76865,,
18893,2,1,1,7,76865,,
18894,2,1,2,9,76865,,
18895,1,1,1,70,76866,,
18896,1,1,2,212,76866,,
18897,2,1,1,3,76866,,
18898,2,1,2,19,76866,,
18899,1,1,1,93,76867,,
18900,1,1,2,211,76867,,
18901,2,1,1,10,76867,,
18902,2,1,2,22,76867,,
18903,1,1,1,133,76868,,
18904,1,1,2,131,76868,,
18905,2,1,1,7,76868,,
18906,2,1,2,9,76868,,
18907,1,1,1,70,76869,,
18908,1,1,2,212,76869,,
18909,2,1,1,3,76869,,
18910,2,1,2,19,76869,,
18911,1,1,1,93,76870,,
18912,1,1,2,211,76870,,
18913,2,1,1,10,76870,,
18914,2,1,2,22,76870,,
18915,1,1,1,133,76871,,
18916,1,1,2,131,76871,,
18917,2,1,1,7,76871,,
18918,2,1,2,9,76871,,
18919,1,1,1,70,76872,,
18920,1,1,2,212,76872,,
18921,2,1,1,3,76872,,
18922,2,1,2,19,76872,,
18923,1,1,1,93,76873,,
18924,1,1,2,211,76873,,
18925,2,1,1,10,76873,,
18926,2,1,2,22,76873,,
18927,1,1,1,133,76874,,
18928,1,1,2,131,76874,,
18929,2,1,1,7,76874,,
18930,2,1,2,9,76874,,
18931,1,1,1,70,76875,,
18932,1,1,2,212,76875,,
18933,2,1,1,3,76875,,
18934,2,1,2,19,76875,,
18935,1,1,1,93,76876,,
18936,1,1,2,211,76876,,
18937,2,1,1,10,76876,,
18938,2,1,2,22,76876,,
18939,1,1,1,133,76877,,
18940,1,1,2,131,76877,,
18941,2,1,1,7,76877,,
18942,2,1,2,9,76877,,
18943,1,1,1,70,76878,,
18944,1,1,2,212,76878,,
18945,2,1,1,3,76878,,
18946,2,1,2,19,76878,,
18947,1,1,1,93,76879,,
18948,1,1,2,211,76879,,
18949,2,1,1,10,76879,,
18950,2,1,2,22,76879,,
18951,1,1,1,133,76880,,
18952,1,1,2,131,76880,,
18953,2,1,1,7,76880,,
18954,2,1,2,9,76880,,
18955,1,1,1,70,76881,,
18956,1,1,2,212,76881,,
18957,2,1,1,3,76881,,
18958,2,1,2,19,76881,,
18959,1,1,1,93,76882,,
18960,1,1,2,211,76882,,
18961,2,1,1,10,76882,,
18962,2,1,2,22,76882,,
18963,1,1,1,133,76883,,
18964,1,1,2,131,76883,,
18965,2,1,1,7,76883,,
18966,2,1,2,9,76883,,
18967,1,1,1,70,76884,,
18968,1,1,2,212,76884,,
18969,2,1,1,3,76884,,
18970,2,1,2,19,76884,,
18971,1,1,1,93,76885,,
18972,1,1,2,211,76885,,
18973,2,1,1,10,76885,,
18974,2,1,2,22,76885,,
18975,1,1,1,133,76886,,
18976,1,1,2,131,76886,,
18977,2,1,1,7,76886,,
18978,2,1,2,9,76886,,
18979,1,1,1,70,76887,,
18980,1,1,2,212,76887,,
18981,2,1,1,3,76887,,
18982,2,1,2,19,76887,,
18983,1,1,1,93,76888,,
18984,1,1,2,211,76888,,
18985,2,1,1,10,76888,,
18986,2,1,2,22,76888,,
18987,1,1,1,133,76889,,
18988,1,1,2,131,76889,,
18989,2,1,1,7,76889,,
18990,2,1,2,9,76889,,
18991,1,1,1,70,76890,,
18992,1,1,2,212,76890,,
18993,2,1,1,3,76890,,
18994,2,1,2,19,76890,,
18995,1,1,1,93,76891,,
18996,1,1,2,211,76891,,
18997,2,1,1,10,76891,,
18998,2,1,2,22,76891,,
18999,1,1,1,141,76892,,
19000,1,1,2,126,76892,,
19001,2,1,1,7,76892,,
19002,2,1,2,7,76892,,
19003,1,1,1,73,76893,,
19004,1,1,2,204,76893,,
19005,2,1,1,3,76893,,
19006,2,1,2,20,76893,,
19007,1,1,1,89,76894,,
19008,1,1,2,214,76894,,
19009,2,1,1,11,76894,,
19010,2,1,2,22,76894,,
19011,1,1,1,141,76895,,
19012,1,1,2,126,76895,,
19013,2,1,1,7,76895,,
19014,2,1,2,7,76895,,
19015,1,1,1,73,76896,,
19016,1,1,2,204,76896,,
19017,2,1,1,3,76896,,
19018,2,1,2,20,76896,,
19019,1,1,1,89,76897,,
19020,1,1,2,214,76897,,
19021,2,1,1,11,76897,,
19022,2,1,2,22,76897,,
19023,1,1,1,141,76898,,
19024,1,1,2,126,76898,,
19025,2,1,1,7,76898,,
19026,2,1,2,7,76898,,
19027,1,1,1,73,76899,,
19028,1,1,2,204,76899,,
19029,2,1,1,3,76899,,
19030,2,1,2,20,76899,,
19031,1,1,1,89,76900,,
19032,1,1,2,214,76900,,
19033,2,1,1,11,76900,,
19034,2,1,2,22,76900,,
19035,1,1,1,141,76901,,
19036,1,1,2,126,76901,,
19037,2,1,1,7,76901,,
19038,2,1,2,7,76901,,
19039,1,1,1,73,76902,,
19040,1,1,2,204,76902,,
19041,2,1,1,3,76902,,
19042,2,1,2,20,76902,,
19043,1,1,1,89,76903,,
19044,1,1,2,214,76903,,
19045,2,1,1,11,76903,,
19046,2,1,2,22,76903,,
19047,1,1,1,141,76904,,
19048,1,1,2,126,76904,,
19049,2,1,1,7,76904,,
19050,2,1,2,7,76904,,
19051,1,1,1,73,76905,,
19052,1,1,2,204,76905,,
19053,2,1,1,3,76905,,
19054,2,1,2,20,76905,,
19055,1,1,1,89,76906,,
19056,1,1,2,214,76906,,
19057,2,1,1,11,76906,,
19058,2,1,2,22,76906,,
19059,1,1,1,141,76907,,
19060,1,1,2,126,76907,,
19061,2,1,1,7,76907,,
19062,2,1,2,7,76907,,
19063,1,1,1,73,76908,,
19064,1,1,2,204,76908,,
19065,2,1,1,3,76908,,
19066,2,1,2,20,76908,,
19067,1,1,1,89,76909,,
19068,1,1,2,214,76909,,
19069,2,1,1,11,76909,,
19070,2,1,2,22,76909,,
19071,1,1,1,141,76910,,
19072,1,1,2,126,76910,,
19073,2,1,1,7,76910,,
19074,2,1,2,7,76910,,
19075,1,1,1,73,76911,,
19076,1,1,2,204,76911,,
19077,2,1,1,3,76911,,
19078,2,1,2,20,76911,,
19079,1,1,1,89,76912,,
19080,1,1,2,214,76912,,
19081,2,1,1,11,76912,,
19082,2,1,2,22,76912,,
19083,1,1,1,141,76913,,
19084,1,1,2,126,76913,,
19085,2,1,1,7,76913,,
19086,2,1,2,7,76913,,
19087,1,1,1,73,76914,,
19088,1,1,2,204,76914,,
19089,2,1,1,3,76914,,
19090,2,1,2,20,76914,,
19091,1,1,1,89,76915,,
19092,1,1,2,214,76915,,
19093,2,1,1,11,76915,,
19094,2,1,2,22,76915,,
19095,1,1,1,141,76916,,
19096,1,1,2,126,76916,,
19097,2,1,1,7,76916,,
19098,2,1,2,7,76916,,
19099,1,1,1,73,76917,,
19100,1,1,2,204,76917,,
19101,2,1,1,3,76917,,
19102,2,1,2,20,76917,,
19103,1,1,1,89,76918,,
19104,1,1,2,214,76918,,
19105,2,1,1,11,76918,,
19106,2,1,2,22,76918,,
19107,1,1,1,141,76919,,
19108,1,1,2,126,76919,,
19109,2,1,1,7,76919,,
19110,2,1,2,7,76919,,
19111,1,1,1,73,76920,,
19112,1,1,2,204,76920,,
19113,2,1,1,3,76920,,
19114,2,1,2,20,76920,,
19115,1,1,1,89,76921,,
19116,1,1,2,214,76921,,
19117,2,1,1,11,76921,,
19118,2,1,2,22,76921,,
19119,1,1,1,141,76922,,
19120,1,1,2,126,76922,,
19121,2,1,1,7,76922,,
19122,2,1,2,7,76922,,
19123,1,1,1,73,76923,,
19124,1,1,2,204,76923,,
19125,2,1,1,3,76923,,
19126,2,1,2,20,76923,,
19127,1,1,1,89,76924,,
19128,1,1,2,214,76924,,
19129,2,1,1,11,76924,,
19130,2,1,2,22,76924,,
