election_values_by_party_month_id,party_id,date,election_values_total_id,election_values_demographics_id,notes,sources
65534,1,1919-07-01,[],[],,
65535,2,1896-07-01,[60135],[],,
65536,3,1896-07-01,[60136],[],,
65537,4,1896-07-01,[60137],[],,
65538,5,1975-10-01,[],[],,
65539,6,2007-10-01,[],[],,
65540,7,1919-07-01,[],[],,
65541,8,1975-10-01,[],[],,
65542,12,1991-07-01,[60138],"[1,2]",,
65543,13,2006-07-01,[60139],[3],,
65544,14,1922-07-01,[],[],,
65545,15,1959-07-01,[],[],,
65546,1,1919-08-01,[],[],,
65547,2,1896-08-01,[60140],[],,
65548,3,1896-08-01,[60141],[],,
65549,4,1896-08-01,[60142],[],,
65550,5,1975-11-01,[],[],,
65551,6,2007-11-01,[],[],,
65552,7,1919-08-01,[],[],,
65553,8,1975-11-01,[],[],,
65554,12,1991-08-01,[60143],"[4,5]",,
65555,13,2006-08-01,[60144],[6],,
65556,14,1922-08-01,[],[],,
65557,15,1959-08-01,[],[],,
65558,1,1919-09-01,[],[],,
65559,2,1896-09-01,[60145],[],,
65560,3,1896-09-01,[60146],[],,
65561,4,1896-09-01,[60147],[],,
65562,5,1975-12-01,[],[],,
65563,6,2007-12-01,[],[],,
65564,7,1919-09-01,[],[],,
65565,8,1975-12-01,[],[],,
65566,12,1991-09-01,[60148],"[7,8]",,
65567,13,2006-09-01,[60149],[9],,
65568,14,1922-09-01,[],[],,
65569,15,1959-09-01,[],[],,
65570,1,1919-10-01,[],[],,
65571,2,1896-10-01,[60150],[],,
65572,3,1896-10-01,[60151],[],,
65573,4,1896-10-01,[60152],[],,
65574,5,1976-01-01,[],[],,
65575,6,2008-01-01,[],[],,
65576,7,1919-10-01,[],[],,
65577,8,1976-01-01,[],[],,
65578,12,1991-10-01,[60153],"[10,11]",,
65579,13,2006-10-01,[60154],[12],,
65580,14,1922-10-01,[],[],,
65581,15,1959-10-01,[],[],,
65582,1,1919-11-01,[],[],,
65583,2,1896-11-01,[60155],[],,
65584,3,1896-11-01,[60156],[],,
65585,4,1896-11-01,[60157],[],,
65586,5,1976-02-01,[],[],,
65587,6,2008-02-01,[],[],,
65588,7,1919-11-01,[],[],,
65589,8,1976-02-01,[],[],,
65590,12,1991-11-01,[60158],"[13,14]",,
65591,13,2006-11-01,[60159],[15],,
65592,14,1922-11-01,[],[],,
65593,15,1959-11-01,[],[],,
65594,1,1919-12-01,[],[],,
65595,2,1896-12-01,[60160],[],,
65596,3,1896-12-01,[60161],[],,
65597,4,1896-12-01,[60162],[],,
65598,5,1976-03-01,[],[],,
65599,6,2008-03-01,[],[],,
65600,7,1919-12-01,[],[],,
65601,8,1976-03-01,[],[],,
65602,12,1991-12-01,[60163],"[16,17]",,
65603,13,2006-12-01,[60164],[18],,
65604,14,1922-12-01,[],[],,
65605,15,1959-12-01,[],[],,
65606,1,1920-01-01,[],[],,
65607,2,1897-01-01,[60165],[],,
65608,3,1897-01-01,[60166],[],,
65609,4,1897-01-01,[60167],[],,
65610,5,1976-04-01,[],[],,
65611,6,2008-04-01,[],[],,
65612,7,1920-01-01,[],[],,
65613,8,1976-04-01,[],[],,
65614,12,1992-01-01,[60168],"[19,20]",,
65615,13,2007-01-01,[60169],[21],,
65616,14,1923-01-01,[],[],,
65617,15,1960-01-01,[],[],,
65618,1,1920-02-01,[],[],,
65619,2,1897-02-01,[60170],[],,
65620,3,1897-02-01,[60171],[],,
65621,4,1897-02-01,[60172],[],,
65622,5,1976-05-01,[],[],,
65623,6,2008-05-01,[],[],,
65624,7,1920-02-01,[],[],,
65625,8,1976-05-01,[],[],,
65626,12,1992-02-01,[60173],"[22,23]",,
65627,13,2007-02-01,[60174],[24],,
65628,14,1923-02-01,[],[],,
65629,15,1960-02-01,[],[],,
65630,1,1920-03-01,[],[],,
65631,2,1897-03-01,[60175],[],,
65632,3,1897-03-01,[60176],[],,
65633,4,1897-03-01,[60177],[],,
65634,5,1976-06-01,[],[],,
65635,6,2008-06-01,[],[],,
65636,7,1920-03-01,[],[],,
65637,8,1976-06-01,[],[],,
65638,12,1992-03-01,[60178],"[25,26]",,
65639,13,2007-03-01,[60179],[27],,
65640,14,1923-03-01,[],[],,
65641,15,1960-03-01,[],[],,
65642,1,1920-04-01,[],[],,
65643,2,1897-04-01,[60180],[],,
65644,3,1897-04-01,[60181],[],,
65645,4,1897-04-01,[60182],[],,
65646,5,1976-07-01,[],[],,
65647,6,2008-07-01,[60183],"[28,29]",,
65648,7,1920-04-01,[],[],,
65649,8,1976-07-01,[],[],,
65650,12,1992-04-01,[60184],"[30,31]",,
65651,13,2007-04-01,[60185],[32],,
65652,14,1923-04-01,[],[],,
65653,15,1960-04-01,[],[],,
65654,1,1920-05-01,[],[],,
65655,2,1897-05-01,[60186],[],,
65656,3,1897-05-01,[60187],[],,
65657,4,1897-05-01,[60188],[],,
65658,5,1976-08-01,[],[],,
65659,6,2008-08-01,[60189],"[33,34]",,
65660,7,1920-05-01,[],[],,
65661,8,1976-08-01,[],[],,
65662,12,1992-05-01,[60190],"[35,36]",,
65663,13,2007-05-01,[60191],[37],,
65664,14,1923-05-01,[],[],,
65665,15,1960-05-01,[],[],,
65666,1,1920-06-01,[],[],,
65667,2,1897-06-01,[60192],[],,
65668,3,1897-06-01,[60193],[],,
65669,4,1897-06-01,[60194],[],,
65670,5,1976-09-01,[],[],,
65671,6,2008-09-01,[60195],"[38,39]",,
65672,7,1920-06-01,[],[],,
65673,8,1976-09-01,[],[],,
65674,12,1992-06-01,[60196],"[40,41]",,
65675,13,2007-06-01,[60197],[42],,
65676,14,1923-06-01,[],[],,
65677,15,1960-06-01,[],[],,
65678,1,1920-07-01,[],[],,
65679,2,1897-07-01,[60198],[],,
65680,3,1897-07-01,[60199],[],,
65681,4,1897-07-01,[60200],[],,
65682,5,1976-10-01,[],[],,
65683,6,2008-10-01,[60201],"[43,44]",,
65684,7,1920-07-01,[],[],,
65685,8,1976-10-01,[],[],,
65686,12,1992-07-01,[60202],"[45,46]",,
65687,13,2007-07-01,[60203],[47],,
65688,14,1923-07-01,[],[],,
65689,15,1960-07-01,[60204],[],,
65690,1,1920-08-01,[],[],,
65691,2,1897-08-01,[60205],[],,
65692,3,1897-08-01,[60206],[],,
65693,4,1897-08-01,[60207],[],,
65694,5,1976-11-01,[],[],,
65695,6,2008-11-01,[60208],"[48,49]",,
65696,7,1920-08-01,[],[],,
65697,8,1976-11-01,[],[],,
65698,12,1992-08-01,[60209],"[50,51]",,
65699,13,2007-08-01,[60210],[52],,
65700,14,1923-08-01,[],[],,
65701,15,1960-08-01,[60211],[],,
65702,1,1920-09-01,[],[],,
65703,2,1897-09-01,[60212],[],,
65704,3,1897-09-01,[60213],[],,
65705,4,1897-09-01,[60214],[],,
65706,5,1976-12-01,[],[],,
65707,6,2008-12-01,[60215],"[53,54]",,
65708,7,1920-09-01,[],[],,
65709,8,1976-12-01,[],[],,
65710,12,1992-09-01,[60216],"[55,56]",,
65711,13,2007-09-01,[60217],[57],,
65712,14,1923-09-01,[],[],,
65713,15,1960-09-01,[60218],[],,
65714,1,1920-10-01,[],[],,
65715,2,1897-10-01,[60219],[],,
65716,3,1897-10-01,[60220],[],,
65717,4,1897-10-01,[60221],[],,
65718,5,1977-01-01,[],[],,
65719,6,2009-01-01,[60222],"[58,59]",,
65720,7,1920-10-01,[],[],,
65721,8,1977-01-01,[],[],,
65722,12,1992-10-01,[60223],"[60,61]",,
65723,13,2007-10-01,[60224],[62],,
65724,14,1923-10-01,[],[],,
65725,15,1960-10-01,[60225],[],,
65726,1,1920-11-01,[],[],,
65727,2,1897-11-01,[60226],[],,
65728,3,1897-11-01,[60227],[],,
65729,4,1897-11-01,[60228],[],,
65730,5,1977-02-01,[],[],,
65731,6,2009-02-01,[60229],"[63,64]",,
65732,7,1920-11-01,[],[],,
65733,8,1977-02-01,[],[],,
65734,12,1992-11-01,[60230],"[65,66]",,
65735,13,2007-11-01,[60231],[67],,
65736,14,1923-11-01,[],[],,
65737,15,1960-11-01,[60232],[],,
65738,1,1920-12-01,[],[],,
65739,2,1897-12-01,[60233],[],,
65740,3,1897-12-01,[60234],[],,
65741,4,1897-12-01,[60235],[],,
65742,5,1977-03-01,[],[],,
65743,6,2009-03-01,[60236],"[68,69]",,
65744,7,1920-12-01,[],[],,
65745,8,1977-03-01,[],[],,
65746,12,1992-12-01,[60237],"[70,71]",,
65747,13,2007-12-01,[60238],[72],,
65748,14,1923-12-01,[],[],,
65749,15,1960-12-01,[60239],[],,
65750,1,1921-01-01,[],[],,
65751,2,1898-01-01,[60240],[],,
65752,3,1898-01-01,[60241],[],,
65753,4,1898-01-01,[60242],[],,
65754,5,1977-04-01,[],[],,
65755,6,2009-04-01,[60243],"[73,74]",,
65756,7,1921-01-01,[],[],,
65757,8,1977-04-01,[],[],,
65758,12,1993-01-01,[60244],"[75,76]",,
65759,13,2008-01-01,[60245],[77],,
65760,14,1924-01-01,[],[],,
65761,15,1961-01-01,[60246],[],,
65762,1,1921-02-01,[],[],,
65763,2,1898-02-01,[60247],[],,
65764,3,1898-02-01,[60248],[],,
65765,4,1898-02-01,[60249],[],,
65766,5,1977-05-01,[],[],,
65767,6,2009-05-01,[60250],"[78,79]",,
65768,7,1921-02-01,[],[],,
65769,8,1977-05-01,[],[],,
65770,12,1993-02-01,[60251],"[80,81]",,
65771,13,2008-02-01,[60252],[82],,
65772,14,1924-02-01,[],[],,
65773,15,1961-02-01,[60253],[],,
65774,1,1921-03-01,[],[],,
65775,2,1898-03-01,[60254],[],,
65776,3,1898-03-01,[60255],[],,
65777,4,1898-03-01,[60256],[],,
65778,5,1977-06-01,[],[],,
65779,6,2009-06-01,[60257],"[83,84]",,
65780,7,1921-03-01,[],[],,
65781,8,1977-06-01,[],[],,
65782,12,1993-03-01,[60258],"[85,86]",,
65783,13,2008-03-01,[60259],[87],,
65784,14,1924-03-01,[],[],,
65785,15,1961-03-01,[60260],[],,
65786,1,1921-04-01,[],[],,
65787,2,1898-04-01,[60261],[],,
65788,3,1898-04-01,[60262],[],,
65789,4,1898-04-01,[60263],[],,
65790,5,1977-07-01,[],[],,
65791,6,2009-07-01,[60264],"[88,89]",,
65792,7,1921-04-01,[],[],,
65793,8,1977-07-01,[],[],,
65794,12,1993-04-01,[60265],"[90,91]",,
65795,13,2008-04-01,[60266],[92],,
65796,14,1924-04-01,[],[],,
65797,15,1961-04-01,[60267],[],,
65798,1,1921-05-01,[],[],,
65799,2,1898-05-01,[60268],[],,
65800,3,1898-05-01,[60269],[],,
65801,4,1898-05-01,[60270],[],,
65802,5,1977-08-01,[],[],,
65803,6,2009-08-01,[60271],"[93,94]",,
65804,7,1921-05-01,[],[],,
65805,8,1977-08-01,[],[],,
65806,12,1993-05-01,[60272],"[95,96]",,
65807,13,2008-05-01,[60273],[97],,
65808,14,1924-05-01,[],[],,
65809,15,1961-05-01,[60274],[],,
65810,1,1921-06-01,[],[],,
65811,2,1898-06-01,[60275],[],,
65812,3,1898-06-01,[60276],[],,
65813,4,1898-06-01,[60277],[],,
65814,5,1977-09-01,[],[],,
65815,6,2009-09-01,[60278],"[98,99]",,
65816,7,1921-06-01,[],[],,
65817,8,1977-09-01,[],[],,
65818,12,1993-06-01,[60279],"[100,101]",,
65819,13,2008-06-01,[60280],[102],,
65820,14,1924-06-01,[],[],,
65821,15,1961-06-01,[60281],[],,
65822,1,1921-07-01,[],[],,
65823,2,1898-07-01,[60282],[],,
65824,3,1898-07-01,[60283],[],,
65825,4,1898-07-01,[60284],[],,
65826,5,1977-10-01,[],[],,
65827,6,2009-10-01,[60285],"[103,104]",,
65828,7,1921-07-01,[],[],,
65829,8,1977-10-01,[],[],,
65830,12,1993-07-01,[60286],"[105,106]",,
65831,13,2008-07-01,[60287],[107],,
65832,14,1924-07-01,[],[],,
65833,15,1961-07-01,[60288],[],,
65834,1,1921-08-01,[],[],,
65835,2,1898-08-01,[60289],[],,
65836,3,1898-08-01,[60290],[],,
65837,4,1898-08-01,[60291],[],,
65838,5,1977-11-01,[],[],,
65839,6,2009-11-01,[60292],"[108,109]",,
65840,7,1921-08-01,[],[],,
65841,8,1977-11-01,[],[],,
65842,12,1993-08-01,[60293],"[110,111]",,
65843,13,2008-08-01,[60294],[112],,
65844,14,1924-08-01,[],[],,
65845,15,1961-08-01,[60295],[],,
65846,1,1921-09-01,[],[],,
65847,2,1898-09-01,[60296],[],,
65848,3,1898-09-01,[60297],[],,
65849,4,1898-09-01,[60298],[],,
65850,5,1977-12-01,[],[],,
65851,6,2009-12-01,[60299],"[113,114]",,
65852,7,1921-09-01,[],[],,
65853,8,1977-12-01,[],[],,
65854,12,1993-09-01,[60300],"[115,116]",,
65855,13,2008-09-01,[60301],[117],,
65856,14,1924-09-01,[],[],,
65857,15,1961-09-01,[60302],[],,
65858,1,1921-10-01,[],[],,
65859,2,1898-10-01,[60303],[],,
65860,3,1898-10-01,[60304],[],,
65861,4,1898-10-01,[60305],[],,
65862,5,1978-01-01,[],[],,
65863,6,2010-01-01,[60306],"[118,119]",,
65864,7,1921-10-01,[],[],,
65865,8,1978-01-01,[],[],,
65866,12,1993-10-01,[60307],"[120,121]",,
65867,13,2008-10-01,[60308],[122],,
65868,14,1924-10-01,[],[],,
65869,15,1961-10-01,[60309],[],,
65870,1,1921-11-01,[],[],,
65871,2,1898-11-01,[60310],[],,
65872,3,1898-11-01,[60311],[],,
65873,4,1898-11-01,[60312],[],,
65874,5,1978-02-01,[],[],,
65875,6,2010-02-01,[60313],"[123,124]",,
65876,7,1921-11-01,[],[],,
65877,8,1978-02-01,[],[],,
65878,12,1993-11-01,[60314],"[125,126]",,
65879,13,2008-11-01,[60315],[127],,
65880,14,1924-11-01,[],[],,
65881,15,1961-11-01,[60316],[],,
65882,1,1921-12-01,[],[],,
65883,2,1898-12-01,[60317],[],,
65884,3,1898-12-01,[60318],[],,
65885,4,1898-12-01,[60319],[],,
65886,5,1978-03-01,[],[],,
65887,6,2010-03-01,[60320],"[128,129]",,
65888,7,1921-12-01,[],[],,
65889,8,1978-03-01,[],[],,
65890,12,1993-12-01,[60321],"[130,131]",,
65891,13,2008-12-01,[60322],[132],,
65892,14,1924-12-01,[],[],,
65893,15,1961-12-01,[60323],[],,
65894,1,1922-01-01,[],[],,
65895,2,1899-01-01,[60324],[],,
65896,3,1899-01-01,[60325],[],,
65897,4,1899-01-01,[60326],[],,
65898,5,1978-04-01,[],[],,
65899,6,2010-04-01,[60327],"[133,134]",,
65900,7,1922-01-01,[],[],,
65901,8,1978-04-01,[],[],,
65902,12,1994-01-01,[60328],"[135,136]",,
65903,13,2009-01-01,[60329],[137],,
65904,14,1925-01-01,[],[],,
65905,15,1962-01-01,[60330],[],,
65906,1,1922-02-01,[],[],,
65907,2,1899-02-01,[60331],[],,
65908,3,1899-02-01,[60332],[],,
65909,4,1899-02-01,[60333],[],,
65910,5,1978-05-01,[],[],,
65911,6,2010-05-01,[60334],"[138,139]",,
65912,7,1922-02-01,[],[],,
65913,8,1978-05-01,[],[],,
65914,12,1994-02-01,[60335],"[140,141]",,
65915,13,2009-02-01,[60336],[142],,
65916,14,1925-02-01,[],[],,
65917,15,1962-02-01,[60337],[],,
65918,1,1922-03-01,[],[],,
65919,2,1899-03-01,[60338],[],,
65920,3,1899-03-01,[60339],[],,
65921,4,1899-03-01,[60340],[],,
65922,5,1978-06-01,[],[],,
65923,6,2010-06-01,[60341],"[143,144]",,
65924,7,1922-03-01,[],[],,
65925,8,1978-06-01,[],[],,
65926,12,1994-03-01,[60342],"[145,146]",,
65927,13,2009-03-01,[60343],[147],,
65928,14,1925-03-01,[],[],,
65929,15,1962-03-01,[60344],[],,
65930,1,1922-04-01,[],[],,
65931,2,1899-04-01,[60345],[],,
65932,3,1899-04-01,[60346],[],,
65933,4,1899-04-01,[60347],[],,
65934,5,1978-07-01,[60348],[],,
65935,6,2010-07-01,[60349],"[148,149]",,
65936,7,1922-04-01,[],[],,
65937,8,1978-07-01,[60350],[150],,
65938,12,1994-04-01,[60351],"[151,152]",,
65939,13,2009-04-01,[60352],[153],,
65940,14,1925-04-01,[],[],,
65941,15,1962-04-01,[60353],[],,
65942,1,1922-05-01,[],[],,
65943,2,1899-05-01,[60354],[],,
65944,3,1899-05-01,[60355],[],,
65945,4,1899-05-01,[60356],[],,
65946,5,1978-08-01,[60357],[],,
65947,6,2010-08-01,[60358],"[154,155]",,
65948,7,1922-05-01,[],[],,
65949,8,1978-08-01,[60359],[156],,
65950,12,1994-05-01,[60360],"[157,158]",,
65951,13,2009-05-01,[60361],[159],,
65952,14,1925-05-01,[],[],,
65953,15,1962-05-01,[60362],[],,
65954,1,1922-06-01,[],[],,
65955,2,1899-06-01,[60363],[],,
65956,3,1899-06-01,[60364],[],,
65957,4,1899-06-01,[60365],[],,
65958,5,1978-09-01,[60366],[],,
65959,6,2010-09-01,[60367],"[160,161]",,
65960,7,1922-06-01,[],[],,
65961,8,1978-09-01,[60368],[162],,
65962,12,1994-06-01,[60369],"[163,164]",,
65963,13,2009-06-01,[60370],[165],,
65964,14,1925-06-01,[],[],,
65965,15,1962-06-01,[60371],[],,
65966,1,1922-07-01,[],[],,
65967,2,1899-07-01,[60372],[],,
65968,3,1899-07-01,[60373],[],,
65969,4,1899-07-01,[60374],[],,
65970,5,1978-10-01,[60375],[],,
65971,6,2010-10-01,[60376],"[166,167]",,
65972,7,1922-07-01,[],[],,
65973,8,1978-10-01,[60377],[168],,
65974,12,1994-07-01,[60378],"[169,170]",,
65975,13,2009-07-01,[60379],[171],,
65976,14,1925-07-01,[],[],,
65977,15,1962-07-01,[60380],[],,
65978,1,1922-08-01,[],[],,
65979,2,1899-08-01,[60381],[],,
65980,3,1899-08-01,[60382],[],,
65981,4,1899-08-01,[60383],[],,
65982,5,1978-11-01,[60384],[],,
65983,6,2010-11-01,[60385],"[172,173]",,
65984,7,1922-08-01,[],[],,
65985,8,1978-11-01,[60386],[174],,
65986,12,1994-08-01,[60387],"[175,176]",,
65987,13,2009-08-01,[60388],[177],,
65988,14,1925-08-01,[],[],,
65989,15,1962-08-01,[60389],[],,
65990,1,1922-09-01,[],[],,
65991,2,1899-09-01,[60390],[],,
65992,3,1899-09-01,[60391],[],,
65993,4,1899-09-01,[60392],[],,
65994,5,1978-12-01,[60393],[],,
65995,6,2010-12-01,[60394],"[178,179]",,
65996,7,1922-09-01,[],[],,
65997,8,1978-12-01,[60395],[180],,
65998,12,1994-09-01,[60396],"[181,182]",,
65999,13,2009-09-01,[60397],[183],,
66000,14,1925-09-01,[],[],,
66001,15,1962-09-01,[60398],[],,
66002,1,1922-10-01,[],[],,
66003,2,1899-10-01,[60399],[],,
66004,3,1899-10-01,[60400],[],,
66005,4,1899-10-01,[60401],[],,
66006,5,1979-01-01,[60402],[],,
66007,6,2011-01-01,[60403],"[184,185]",,
66008,7,1922-10-01,[],[],,
66009,8,1979-01-01,[60404],[186],,
66010,12,1994-10-01,[60405],"[187,188]",,
66011,13,2009-10-01,[60406],[189],,
66012,14,1925-10-01,[],[],,
66013,15,1962-10-01,[60407],[],,
66014,1,1922-11-01,[],[],,
66015,2,1899-11-01,[60408],[],,
66016,3,1899-11-01,[60409],[],,
66017,4,1899-11-01,[60410],[],,
66018,5,1979-02-01,[60411],[],,
66019,6,2011-02-01,[60412],"[190,191]",,
66020,7,1922-11-01,[],[],,
66021,8,1979-02-01,[60413],[192],,
66022,12,1994-11-01,[60414],"[193,194]",,
66023,13,2009-11-01,[60415],[195],,
66024,14,1925-11-01,[],[],,
66025,15,1962-11-01,[60416],[],,
66026,1,1922-12-01,[],[],,
66027,2,1899-12-01,[60417],[],,
66028,3,1899-12-01,[60418],[],,
66029,4,1899-12-01,[60419],[],,
66030,5,1979-03-01,[60420],[],,
66031,6,2011-03-01,[60421],"[196,197]",,
66032,7,1922-12-01,[],[],,
66033,8,1979-03-01,[60422],[198],,
66034,12,1994-12-01,[60423],"[199,200]",,
66035,13,2009-12-01,[60424],[201],,
66036,14,1925-12-01,[],[],,
66037,15,1962-12-01,[60425],[],,
66038,1,1923-01-01,[],[],,
66039,2,1900-01-01,[60426],[],,
66040,3,1900-01-01,[60427],[],,
66041,4,1900-01-01,[60428],[],,
66042,5,1979-04-01,[60429],[],,
66043,6,2011-04-01,[60430],"[202,203]",,
66044,7,1923-01-01,[],[],,
66045,8,1979-04-01,[60431],[204],,
66046,12,1995-01-01,[60432],"[205,206]",,
66047,13,2010-01-01,[60433],[207],,
66048,14,1926-01-01,[],[],,
66049,15,1963-01-01,[60434],[],,
66050,1,1923-02-01,[],[],,
66051,2,1900-02-01,[60435],[],,
66052,3,1900-02-01,[60436],[],,
66053,4,1900-02-01,[60437],[],,
66054,5,1979-05-01,[60438],[],,
66055,6,2011-05-01,[60439],"[208,209]",,
66056,7,1923-02-01,[],[],,
66057,8,1979-05-01,[60440],[210],,
66058,12,1995-02-01,[60441],"[211,212]",,
66059,13,2010-02-01,[60442],[213],,
66060,14,1926-02-01,[],[],,
66061,15,1963-02-01,[60443],[],,
66062,1,1923-03-01,[],[],,
66063,2,1900-03-01,[60444],[],,
66064,3,1900-03-01,[60445],[],,
66065,4,1900-03-01,[60446],[],,
66066,5,1979-06-01,[60447],[],,
66067,6,2011-06-01,[60448],"[214,215]",,
66068,7,1923-03-01,[],[],,
66069,8,1979-06-01,[60449],[216],,
66070,12,1995-03-01,[60450],"[217,218]",,
66071,13,2010-03-01,[60451],[219],,
66072,14,1926-03-01,[],[],,
66073,15,1963-03-01,[60452],[],,
66074,1,1923-04-01,[],[],,
66075,2,1900-04-01,[60453],[],,
66076,3,1900-04-01,[60454],[],,
66077,4,1900-04-01,[60455],[],,
66078,5,1979-07-01,[60456],[],,
66079,6,2011-07-01,[60457],"[220,221]",,
66080,7,1923-04-01,[],[],,
66081,8,1979-07-01,[60458],[222],,
66082,12,1995-04-01,[60459],"[223,224]",,
66083,13,2010-04-01,[60460],[225],,
66084,14,1926-04-01,[],[],,
66085,15,1963-04-01,[60461],[],,
66086,1,1923-05-01,[],[],,
66087,2,1900-05-01,[60462],[],,
66088,3,1900-05-01,[60463],[],,
66089,4,1900-05-01,[60464],[],,
66090,5,1979-08-01,[60465],[],,
66091,6,2011-08-01,[60466],"[226,227]",,
66092,7,1923-05-01,[],[],,
66093,8,1979-08-01,[60467],[228],,
66094,12,1995-05-01,[60468],"[229,230]",,
66095,13,2010-05-01,[60469],[231],,
66096,14,1926-05-01,[],[],,
66097,15,1963-05-01,[60470],[],,
66098,1,1923-06-01,[],[],,
66099,2,1900-06-01,[60471],[],,
66100,3,1900-06-01,[60472],[],,
66101,4,1900-06-01,[60473],[],,
66102,5,1979-09-01,[60474],[],,
66103,6,2011-09-01,[60475],"[232,233]",,
66104,7,1923-06-01,[],[],,
66105,8,1979-09-01,[60476],[234],,
66106,12,1995-06-01,[60477],"[235,236]",,
66107,13,2010-06-01,[60478],[237],,
66108,14,1926-06-01,[],[],,
66109,15,1963-06-01,[60479],[],,
66110,1,1923-07-01,[60480],[],,
66111,2,1900-07-01,[60481],[],,
66112,3,1900-07-01,[60482],[],,
66113,4,1900-07-01,[60483],[],,
66114,5,1979-10-01,[60484],[],,
66115,6,2011-10-01,[60485],"[238,239]",,
66116,7,1923-07-01,[],[],,
66117,8,1979-10-01,[60486],[240],,
66118,12,1995-07-01,"[60487,60488]","[241,242,243]",,
66119,13,2010-07-01,"[60489,60490]","[244,245,246,247]",,
66120,14,1926-07-01,[],[],,
66121,15,1963-07-01,[60491],[],,
66122,1,1923-08-01,[60492],[],,
66123,2,1900-08-01,[60493],[],,
66124,3,1900-08-01,[60494],[],,
66125,4,1900-08-01,[60495],[],,
66126,5,1979-11-01,[60496],[],,
66127,6,2011-11-01,[60497],"[248,249]",,
66128,7,1923-08-01,[],[],,
66129,8,1979-11-01,[60498],[250],,
66130,12,1995-08-01,"[60499,60500]","[251,252,253]",,
66131,13,2010-08-01,"[60501,60502]","[254,255,256,257]",,
66132,14,1926-08-01,[],[],,
66133,15,1963-08-01,[60503],[],,
66134,1,1923-09-01,[60504],[],,
66135,2,1900-09-01,[60505],[],,
66136,3,1900-09-01,[60506],[],,
66137,4,1900-09-01,[60507],[],,
66138,5,1979-12-01,[60508],[],,
66139,6,2011-12-01,[60509],"[258,259]",,
66140,7,1923-09-01,[],[],,
66141,8,1979-12-01,[60510],[260],,
66142,12,1995-09-01,"[60511,60512]","[261,262,263]",,
66143,13,2010-09-01,"[60513,60514]","[264,265,266,267]",,
66144,14,1926-09-01,[],[],,
66145,15,1963-09-01,[60515],[],,
66146,1,1923-10-01,[60516],[],,
66147,2,1900-10-01,[60517],[],,
66148,3,1900-10-01,[60518],[],,
66149,4,1900-10-01,[60519],[],,
66150,5,1980-01-01,[60520],[],,
66151,6,2012-01-01,[60521],"[268,269]",,
66152,7,1923-10-01,[],[],,
66153,8,1980-01-01,[60522],[270],,
66154,12,1995-10-01,"[60523,60524]","[271,272,273]",,
66155,13,2010-10-01,"[60525,60526]","[274,275,276,277]",,
66156,14,1926-10-01,[],[],,
66157,15,1963-10-01,[60527],[],,
66158,1,1923-11-01,[60528],[],,
66159,2,1900-11-01,[60529],[],,
66160,3,1900-11-01,[60530],[],,
66161,4,1900-11-01,[60531],[],,
66162,5,1980-02-01,[60532],[],,
66163,6,2012-02-01,[60533],"[278,279]",,
66164,7,1923-11-01,[],[],,
66165,8,1980-02-01,[60534],[280],,
66166,12,1995-11-01,"[60535,60536]","[281,282,283]",,
66167,13,2010-11-01,"[60537,60538]","[284,285,286,287]",,
66168,14,1926-11-01,[],[],,
66169,15,1963-11-01,[60539],[],,
66170,1,1923-12-01,[60540],[],,
66171,2,1900-12-01,[60541],[],,
66172,3,1900-12-01,[60542],[],,
66173,4,1900-12-01,[60543],[],,
66174,5,1980-03-01,[60544],[],,
66175,6,2012-03-01,[60545],"[288,289]",,
66176,7,1923-12-01,[],[],,
66177,8,1980-03-01,[60546],[290],,
66178,12,1995-12-01,"[60547,60548]","[291,292,293]",,
66179,13,2010-12-01,"[60549,60550]","[294,295,296,297]",,
66180,14,1926-12-01,[],[],,
66181,15,1963-12-01,[60551],[],,
66182,1,1924-01-01,[60552],[],,
66183,2,1901-01-01,[60553],[],,
66184,3,1901-01-01,[60554],[],,
66185,4,1901-01-01,[60555],[],,
66186,5,1980-04-01,[60556],[],,
66187,6,2012-04-01,[60557],"[298,299]",,
66188,7,1924-01-01,[],[],,
66189,8,1980-04-01,[60558],[300],,
66190,12,1996-01-01,"[60559,60560]","[301,302,303]",,
66191,13,2011-01-01,"[60561,60562]","[304,305,306,307]",,
66192,14,1927-01-01,[],[],,
66193,15,1964-01-01,[60563],[],,
66194,1,1924-02-01,[60564],[],,
66195,2,1901-02-01,[60565],[],,
66196,3,1901-02-01,[60566],[],,
66197,4,1901-02-01,[60567],[],,
66198,5,1980-05-01,[60568],[],,
66199,6,2012-05-01,[60569],"[308,309]",,
66200,7,1924-02-01,[],[],,
66201,8,1980-05-01,[60570],[310],,
66202,12,1996-02-01,"[60571,60572]","[311,312,313]",,
66203,13,2011-02-01,"[60573,60574]","[314,315,316,317]",,
66204,14,1927-02-01,[],[],,
66205,15,1964-02-01,[60575],[],,
66206,1,1924-03-01,[60576],[],,
66207,2,1901-03-01,[60577],[],,
66208,3,1901-03-01,[60578],[],,
66209,4,1901-03-01,[60579],[],,
66210,5,1980-06-01,[60580],[],,
66211,6,2012-06-01,[60581],"[318,319]",,
66212,7,1924-03-01,[],[],,
66213,8,1980-06-01,[60582],[320],,
66214,12,1996-03-01,"[60583,60584]","[321,322,323]",,
66215,13,2011-03-01,"[60585,60586]","[324,325,326,327]",,
66216,14,1927-03-01,[],[],,
66217,15,1964-03-01,[60587],[],,
66218,1,1924-04-01,[60588],[],,
66219,2,1901-04-01,[60589],[],,
66220,3,1901-04-01,[60590],[],,
66221,4,1901-04-01,[60591],[],,
66222,5,1980-07-01,[60592],[],,
66223,6,2012-07-01,[60593],"[328,329]",,
66224,7,1924-04-01,[],[],,
66225,8,1980-07-01,[60594],[330],,
66226,12,1996-04-01,"[60595,60596]","[331,332,333]",,
66227,13,2011-04-01,"[60597,60598]","[334,335,336,337]",,
66228,14,1927-04-01,[],[],,
66229,15,1964-04-01,[60599],[],,
66230,1,1924-05-01,[60600],[],,
66231,2,1901-05-01,[60601],[],,
66232,3,1901-05-01,[60602],[],,
66233,4,1901-05-01,[60603],[],,
66234,5,1980-08-01,[60604],[],,
66235,6,2012-08-01,[60605],"[338,339]",,
66236,7,1924-05-01,[],[],,
66237,8,1980-08-01,[60606],[340],,
66238,12,1996-05-01,"[60607,60608]","[341,342,343]",,
66239,13,2011-05-01,"[60609,60610]","[344,345,346,347]",,
66240,14,1927-05-01,[],[],,
66241,15,1964-05-01,[60611],[],,
66242,1,1924-06-01,[60612],[],,
66243,2,1901-06-01,[60613],[],,
66244,3,1901-06-01,[60614],[],,
66245,4,1901-06-01,[60615],[],,
66246,5,1980-09-01,[60616],[],,
66247,6,2012-09-01,[60617],"[348,349]",,
66248,7,1924-06-01,[],[],,
66249,8,1980-09-01,[60618],[350],,
66250,12,1996-06-01,"[60619,60620]","[351,352,353]",,
66251,13,2011-06-01,"[60621,60622]","[354,355,356,357]",,
66252,14,1927-06-01,[],[],,
66253,15,1964-06-01,[60623],[],,
66254,1,1924-07-01,[60624],[],,
66255,2,1901-07-01,[60625],[],,
66256,3,1901-07-01,[60626],[],,
66257,4,1901-07-01,[60627],[],,
66258,5,1980-10-01,[60628],[],,
66259,6,2012-10-01,[60629],"[358,359]",,
66260,7,1924-07-01,[],[],,
66261,8,1980-10-01,[60630],[360],,
66262,12,1996-07-01,"[60631,60632]","[361,362,363]",,
66263,13,2011-07-01,"[60633,60634]","[364,365,366,367]",,
66264,14,1927-07-01,[],[],,
66265,15,1964-07-01,[60635],[],,
66266,1,1924-08-01,[60636],[],,
66267,2,1901-08-01,[60637],[],,
66268,3,1901-08-01,[60638],[],,
66269,4,1901-08-01,[60639],[],,
66270,5,1980-11-01,[60640],[],,
66271,6,2012-11-01,[60641],"[368,369]",,
66272,7,1924-08-01,[],[],,
66273,8,1980-11-01,[60642],[370],,
66274,12,1996-08-01,"[60643,60644]","[371,372,373]",,
66275,13,2011-08-01,"[60645,60646]","[374,375,376,377]",,
66276,14,1927-08-01,[],[],,
66277,15,1964-08-01,[60647],[],,
66278,1,1924-09-01,[60648],[],,
66279,2,1901-09-01,[60649],[],,
66280,3,1901-09-01,[60650],[],,
66281,4,1901-09-01,[60651],[],,
66282,5,1980-12-01,[60652],[],,
66283,6,2012-12-01,[60653],"[378,379]",,
66284,7,1924-09-01,[],[],,
66285,8,1980-12-01,[60654],[380],,
66286,12,1996-09-01,"[60655,60656]","[381,382,383]",,
66287,13,2011-09-01,"[60657,60658]","[384,385,386,387]",,
66288,14,1927-09-01,[],[],,
66289,15,1964-09-01,[60659],[],,
66290,1,1924-10-01,[60660],[],,
66291,2,1901-10-01,[60661],[],,
66292,3,1901-10-01,[60662],[],,
66293,4,1901-10-01,[60663],[],,
66294,5,1981-01-01,[60664],[],,
66295,6,2013-01-01,[60665],"[388,389]",,
66296,7,1924-10-01,[],[],,
66297,8,1981-01-01,[60666],[390],,
66298,12,1996-10-01,"[60667,60668]","[391,392,393]",,
66299,13,2011-10-01,"[60669,60670]","[394,395,396,397]",,
66300,14,1927-10-01,[],[],,
66301,15,1964-10-01,[60671],[],,
66302,1,1924-11-01,[60672],[],,
66303,2,1901-11-01,[60673],[],,
66304,3,1901-11-01,[60674],[],,
66305,4,1901-11-01,[60675],[],,
66306,5,1981-02-01,[60676],[],,
66307,6,2013-02-01,[60677],"[398,399]",,
66308,7,1924-11-01,[],[],,
66309,8,1981-02-01,[60678],[400],,
66310,12,1996-11-01,"[60679,60680]","[401,402,403]",,
66311,13,2011-11-01,"[60681,60682]","[404,405,406,407]",,
66312,14,1927-11-01,[],[],,
66313,15,1964-11-01,[60683],[],,
66314,1,1924-12-01,[60684],[],,
66315,2,1901-12-01,[60685],[],,
66316,3,1901-12-01,[60686],[],,
66317,4,1901-12-01,[60687],[],,
66318,5,1981-03-01,[60688],[],,
66319,6,2013-03-01,[60689],"[408,409]",,
66320,7,1924-12-01,[],[],,
66321,8,1981-03-01,[60690],[410],,
66322,12,1996-12-01,"[60691,60692]","[411,412,413]",,
66323,13,2011-12-01,"[60693,60694]","[414,415,416,417]",,
66324,14,1927-12-01,[],[],,
66325,15,1964-12-01,[60695],[],,
66326,1,1925-01-01,[60696],[],,
66327,2,1902-01-01,[60697],[],,
66328,3,1902-01-01,[60698],[],,
66329,4,1902-01-01,[60699],[],,
66330,5,1981-04-01,[60700],[],,
66331,6,2013-04-01,[60701],"[418,419]",,
66332,7,1925-01-01,[],[],,
66333,8,1981-04-01,[60702],[420],,
66334,12,1997-01-01,"[60703,60704]","[421,422,423]",,
66335,13,2012-01-01,"[60705,60706]","[424,425,426,427]",,
66336,14,1928-01-01,[],[],,
66337,15,1965-01-01,[60707],[],,
66338,1,1925-02-01,[60708],[],,
66339,2,1902-02-01,[60709],[],,
66340,3,1902-02-01,[60710],[],,
66341,4,1902-02-01,[60711],[],,
66342,5,1981-05-01,[60712],[],,
66343,6,2013-05-01,[60713],"[428,429]",,
66344,7,1925-02-01,[],[],,
66345,8,1981-05-01,[60714],[430],,
66346,12,1997-02-01,"[60715,60716]","[431,432,433]",,
66347,13,2012-02-01,"[60717,60718]","[434,435,436,437]",,
66348,14,1928-02-01,[],[],,
66349,15,1965-02-01,[60719],[],,
66350,1,1925-03-01,[60720],[],,
66351,2,1902-03-01,[60721],[],,
66352,3,1902-03-01,[60722],[],,
66353,4,1902-03-01,[60723],[],,
66354,5,1981-06-01,[60724],[],,
66355,6,2013-06-01,[60725],"[438,439]",,
66356,7,1925-03-01,[],[],,
66357,8,1981-06-01,[60726],[440],,
66358,12,1997-03-01,"[60727,60728]","[441,442,443]",,
66359,13,2012-03-01,"[60729,60730]","[444,445,446,447]",,
66360,14,1928-03-01,[],[],,
66361,15,1965-03-01,[60731],[],,
66362,1,1925-04-01,[60732],[],,
66363,2,1902-04-01,[60733],[],,
66364,3,1902-04-01,[60734],[],,
66365,4,1902-04-01,[60735],[],,
66366,5,1981-07-01,[60736],[],,
66367,6,2013-07-01,[60737],"[448,449]",,
66368,7,1925-04-01,[],[],,
66369,8,1981-07-01,[60738],[450],,
66370,12,1997-04-01,"[60739,60740]","[451,452,453]",,
66371,13,2012-04-01,"[60741,60742]","[454,455,456,457]",,
66372,14,1928-04-01,[],[],,
66373,15,1965-04-01,[60743],[],,
66374,1,1925-05-01,[60744],[],,
66375,2,1902-05-01,[60745],[],,
66376,3,1902-05-01,[60746],[],,
66377,4,1902-05-01,[60747],[],,
66378,5,1981-08-01,[60748],[],,
66379,6,2013-08-01,[60749],"[458,459]",,
66380,7,1925-05-01,[],[],,
66381,8,1981-08-01,[60750],[460],,
66382,12,1997-05-01,"[60751,60752]","[461,462,463]",,
66383,13,2012-05-01,"[60753,60754]","[464,465,466,467]",,
66384,14,1928-05-01,[],[],,
66385,15,1965-05-01,[60755],[],,
66386,1,1925-06-01,[60756],[],,
66387,2,1902-06-01,[60757],[],,
66388,3,1902-06-01,[60758],[],,
66389,4,1902-06-01,[60759],[],,
66390,5,1981-09-01,[60760],[],,
66391,6,2013-09-01,[60761],"[468,469]",,
66392,7,1925-06-01,[],[],,
66393,8,1981-09-01,[60762],[470],,
66394,12,1997-06-01,"[60763,60764]","[471,472,473]",,
66395,13,2012-06-01,"[60765,60766]","[474,475,476,477]",,
66396,14,1928-06-01,[],[],,
66397,15,1965-06-01,[60767],[],,
66398,1,1925-07-01,[60768],[],,
66399,2,1902-07-01,[60769],[],,
66400,3,1902-07-01,[60770],[],,
66401,4,1902-07-01,[60771],[],,
66402,5,1981-10-01,[60772],[],,
66403,6,2013-10-01,[60773],"[478,479]",,
66404,7,1925-07-01,[],[],,
66405,8,1981-10-01,[60774],[480],,
66406,12,1997-07-01,"[60775,60776]","[481,482,483]",,
66407,13,2012-07-01,"[60777,60778]","[484,485,486,487]",,
66408,14,1928-07-01,[],[],,
66409,15,1965-07-01,[60779],[],,
66410,1,1925-08-01,[60780],[],,
66411,2,1902-08-01,[60781],[],,
66412,3,1902-08-01,[60782],[],,
66413,4,1902-08-01,[60783],[],,
66414,5,1981-11-01,[60784],[],,
66415,6,2013-11-01,[60785],"[488,489]",,
66416,7,1925-08-01,[],[],,
66417,8,1981-11-01,[60786],[490],,
66418,12,1997-08-01,"[60787,60788]","[491,492,493]",,
66419,13,2012-08-01,"[60789,60790]","[494,495,496,497]",,
66420,14,1928-08-01,[],[],,
66421,15,1965-08-01,[60791],[],,
66422,1,1925-09-01,[60792],[],,
66423,2,1902-09-01,[60793],[],,
66424,3,1902-09-01,[60794],[],,
66425,4,1902-09-01,[60795],[],,
66426,5,1981-12-01,[60796],[],,
66427,6,2013-12-01,[60797],"[498,499]",,
66428,7,1925-09-01,[],[],,
66429,8,1981-12-01,[60798],[500],,
66430,12,1997-09-01,"[60799,60800]","[501,502,503]",,
66431,13,2012-09-01,"[60801,60802]","[504,505,506,507]",,
66432,14,1928-09-01,[],[],,
66433,15,1965-09-01,[60803],[],,
66434,1,1925-10-01,[60804],[],,
66435,2,1902-10-01,[60805],[],,
66436,3,1902-10-01,[60806],[],,
66437,4,1902-10-01,[60807],[],,
66438,5,1982-01-01,[60808],[],,
66439,6,2014-01-01,[60809],"[508,509]",,
66440,7,1925-10-01,[],[],,
66441,8,1982-01-01,[60810],[510],,
66442,12,1997-10-01,"[60811,60812]","[511,512,513]",,
66443,13,2012-10-01,"[60813,60814]","[514,515,516,517]",,
66444,14,1928-10-01,[],[],,
66445,15,1965-10-01,[60815],[],,
66446,1,1925-11-01,[60816],[],,
66447,2,1902-11-01,[60817],[],,
66448,3,1902-11-01,[60818],[],,
66449,4,1902-11-01,[60819],[],,
66450,5,1982-02-01,[60820],[],,
66451,6,2014-02-01,[60821],"[518,519]",,
66452,7,1925-11-01,[],[],,
66453,8,1982-02-01,[60822],[520],,
66454,12,1997-11-01,"[60823,60824]","[521,522,523]",,
66455,13,2012-11-01,"[60825,60826]","[524,525,526,527]",,
66456,14,1928-11-01,[],[],,
66457,15,1965-11-01,[60827],[],,
66458,1,1925-12-01,[60828],[],,
66459,2,1902-12-01,[60829],[],,
66460,3,1902-12-01,[60830],[],,
66461,4,1902-12-01,[60831],[],,
66462,5,1982-03-01,[60832],[],,
66463,6,2014-03-01,[60833],"[528,529]",,
66464,7,1925-12-01,[],[],,
66465,8,1982-03-01,[60834],[530],,
66466,12,1997-12-01,"[60835,60836]","[531,532,533]",,
66467,13,2012-12-01,"[60837,60838]","[534,535,536,537]",,
66468,14,1928-12-01,[],[],,
66469,15,1965-12-01,[60839],[],,
66470,1,1926-01-01,[60840],[],,
66471,2,1903-01-01,[60841],[],,
66472,3,1903-01-01,[60842],[],,
66473,4,1903-01-01,[60843],[],,
66474,5,1982-04-01,[60844],[],,
66475,6,2014-04-01,[60845],"[538,539]",,
66476,7,1926-01-01,[],[],,
66477,8,1982-04-01,[60846],[540],,
66478,12,1998-01-01,"[60847,60848]","[541,542,543]",,
66479,13,2013-01-01,"[60849,60850]","[544,545,546,547]",,
66480,14,1929-01-01,[],[],,
66481,15,1966-01-01,[60851],[],,
66482,1,1926-02-01,[60852],[],,
66483,2,1903-02-01,[60853],[],,
66484,3,1903-02-01,[60854],[],,
66485,4,1903-02-01,[60855],[],,
66486,5,1982-05-01,[60856],[],,
66487,6,2014-05-01,[60857],"[548,549]",,
66488,7,1926-02-01,[],[],,
66489,8,1982-05-01,[60858],[550],,
66490,12,1998-02-01,"[60859,60860]","[551,552,553]",,
66491,13,2013-02-01,"[60861,60862]","[554,555,556,557]",,
66492,14,1929-02-01,[],[],,
66493,15,1966-02-01,[60863],[],,
66494,1,1926-03-01,[60864],[],,
66495,2,1903-03-01,[60865],[],,
66496,3,1903-03-01,[60866],[],,
66497,4,1903-03-01,[60867],[],,
66498,5,1982-06-01,[60868],[],,
66499,6,2014-06-01,[60869],"[558,559]",,
66500,7,1926-03-01,[],[],,
66501,8,1982-06-01,[60870],[560],,
66502,12,1998-03-01,"[60871,60872]","[561,562,563]",,
66503,13,2013-03-01,"[60873,60874]","[564,565,566,567]",,
66504,14,1929-03-01,[],[],,
66505,15,1966-03-01,[60875],[],,
66506,1,1926-04-01,[60876],[],,
66507,2,1903-04-01,[60877],[],,
66508,3,1903-04-01,[60878],[],,
66509,4,1903-04-01,[60879],[],,
66510,5,1982-07-01,[60880],[568],,
66511,6,2014-07-01,[60881],"[569,570]",,
66512,7,1926-04-01,[],[],,
66513,8,1982-07-01,[60882],[571],,
66514,12,1998-04-01,"[60883,60884]","[572,573,574]",,
66515,13,2013-04-01,"[60885,60886]","[575,576,577,578]",,
66516,14,1929-04-01,[],[],,
66517,15,1966-04-01,[60887],[],,
66518,1,1926-05-01,[60888],[],,
66519,2,1903-05-01,[60889],[],,
66520,3,1903-05-01,[60890],[],,
66521,4,1903-05-01,[60891],[],,
66522,5,1982-08-01,[60892],[579],,
66523,6,2014-08-01,[60893],"[580,581]",,
66524,7,1926-05-01,[],[],,
66525,8,1982-08-01,[60894],[582],,
66526,12,1998-05-01,"[60895,60896]","[583,584,585]",,
66527,13,2013-05-01,"[60897,60898]","[586,587,588,589]",,
66528,14,1929-05-01,[],[],,
66529,15,1966-05-01,[60899],[],,
66530,1,1926-06-01,[60900],[],,
66531,2,1903-06-01,[60901],[],,
66532,3,1903-06-01,[60902],[],,
66533,4,1903-06-01,[60903],[],,
66534,5,1982-09-01,[60904],[590],,
66535,6,2014-09-01,[60905],"[591,592]",,
66536,7,1926-06-01,[],[],,
66537,8,1982-09-01,[60906],[593],,
66538,12,1998-06-01,"[60907,60908]","[594,595,596]",,
66539,13,2013-06-01,"[60909,60910]","[597,598,599,600]",,
66540,14,1929-06-01,[],[],,
66541,15,1966-06-01,[60911],[],,
66542,1,1926-07-01,[60912],[],,
66543,2,1903-07-01,[60913],[],,
66544,3,1903-07-01,[60914],[],,
66545,4,1903-07-01,[60915],[],,
66546,5,1982-10-01,[60916],[601],,
66547,6,2014-10-01,[60917],"[602,603]",,
66548,7,1926-07-01,[],[],,
66549,8,1982-10-01,[60918],[604],,
66550,12,1998-07-01,"[60919,60920]","[605,606,607]",,
66551,13,2013-07-01,"[60921,60922]","[608,609,610,611]",,
66552,14,1929-07-01,[],[],,
66553,15,1966-07-01,[60923],[],,
66554,1,1926-08-01,[60924],[],,
66555,2,1903-08-01,[60925],[],,
66556,3,1903-08-01,[60926],[],,
66557,4,1903-08-01,[60927],[],,
66558,5,1982-11-01,[60928],[612],,
66559,6,2014-11-01,[60929],"[613,614]",,
66560,7,1926-08-01,[],[],,
66561,8,1982-11-01,[60930],[615],,
66562,12,1998-08-01,"[60931,60932]","[616,617,618]",,
66563,13,2013-08-01,"[60933,60934]","[619,620,621,622]",,
66564,14,1929-08-01,[],[],,
66565,15,1966-08-01,[60935],[],,
66566,1,1926-09-01,[60936],[],,
66567,2,1903-09-01,[60937],[],,
66568,3,1903-09-01,[60938],[],,
66569,4,1903-09-01,[60939],[],,
66570,5,1982-12-01,[60940],[623],,
66571,6,2014-12-01,[60941],"[624,625]",,
66572,7,1926-09-01,[],[],,
66573,8,1982-12-01,[60942],[626],,
66574,12,1998-09-01,"[60943,60944]","[627,628,629]",,
66575,13,2013-09-01,"[60945,60946]","[630,631,632,633]",,
66576,14,1929-09-01,[],[],,
66577,15,1966-09-01,[60947],[],,
66578,1,1926-10-01,[60948],[],,
66579,2,1903-10-01,[60949],[],,
66580,3,1903-10-01,[60950],[],,
66581,4,1903-10-01,[60951],[],,
66582,5,1983-01-01,[60952],[634],,
66583,6,2015-01-01,[60953],"[635,636]",,
66584,7,1926-10-01,[],[],,
66585,8,1983-01-01,[60954],[637],,
66586,12,1998-10-01,"[60955,60956]","[638,639,640]",,
66587,13,2013-10-01,"[60957,60958]","[641,642,643,644]",,
66588,14,1929-10-01,[],[],,
66589,15,1966-10-01,[60959],[],,
66590,1,1926-11-01,[60960],[],,
66591,2,1903-11-01,[60961],[],,
66592,3,1903-11-01,[60962],[],,
66593,4,1903-11-01,[60963],[],,
66594,5,1983-02-01,[60964],[645],,
66595,6,2015-02-01,[60965],"[646,647]",,
66596,7,1926-11-01,[],[],,
66597,8,1983-02-01,[60966],[648],,
66598,12,1998-11-01,"[60967,60968]","[649,650,651]",,
66599,13,2013-11-01,"[60969,60970]","[652,653,654,655]",,
66600,14,1929-11-01,[],[],,
66601,15,1966-11-01,[60971],[],,
66602,1,1926-12-01,[60972],[],,
66603,2,1903-12-01,[60973],[],,
66604,3,1903-12-01,[60974],[],,
66605,4,1903-12-01,[60975],[],,
66606,5,1983-03-01,[60976],[656],,
66607,6,2015-03-01,[60977],"[657,658]",,
66608,7,1926-12-01,[],[],,
66609,8,1983-03-01,[60978],[659],,
66610,12,1998-12-01,"[60979,60980]","[660,661,662]",,
66611,13,2013-12-01,"[60981,60982]","[663,664,665,666]",,
66612,14,1929-12-01,[],[],,
66613,15,1966-12-01,[60983],[],,
66614,1,1927-01-01,[60984],[],,
66615,2,1904-01-01,[60985],[],,
66616,3,1904-01-01,[60986],[],,
66617,4,1904-01-01,[60987],[],,
66618,5,1983-04-01,[60988],[667],,
66619,6,2015-04-01,[60989],"[668,669]",,
66620,7,1927-01-01,[],[],,
66621,8,1983-04-01,[60990],[670],,
66622,12,1999-01-01,"[60991,60992]","[671,672,673]",,
66623,13,2014-01-01,"[60993,60994]","[674,675,676,677]",,
66624,14,1930-01-01,[],[],,
66625,15,1967-01-01,[60995],[],,
66626,1,1927-02-01,[60996],[],,
66627,2,1904-02-01,[60997],[],,
66628,3,1904-02-01,[60998],[],,
66629,4,1904-02-01,[60999],[],,
66630,5,1983-05-01,[61000],[678],,
66631,6,2015-05-01,[61001],"[679,680]",,
66632,7,1927-02-01,[],[],,
66633,8,1983-05-01,[61002],[681],,
66634,12,1999-02-01,"[61003,61004]","[682,683,684]",,
66635,13,2014-02-01,"[61005,61006]","[685,686,687,688]",,
66636,14,1930-02-01,[],[],,
66637,15,1967-02-01,[61007],[],,
66638,1,1927-03-01,[61008],[],,
66639,2,1904-03-01,[61009],[],,
66640,3,1904-03-01,[61010],[],,
66641,4,1904-03-01,[61011],[],,
66642,5,1983-06-01,[61012],[689],,
66643,6,2015-06-01,[61013],"[690,691]",,
66644,7,1927-03-01,[],[],,
66645,8,1983-06-01,[61014],[692],,
66646,12,1999-03-01,"[61015,61016]","[693,694,695]",,
66647,13,2014-03-01,"[61017,61018]","[696,697,698,699]",,
66648,14,1930-03-01,[],[],,
66649,15,1967-03-01,[61019],[],,
66650,1,1927-04-01,[61020],[],,
66651,2,1904-04-01,[61021],[],,
66652,3,1904-04-01,[61022],[],,
66653,4,1904-04-01,[61023],[],,
66654,5,1983-07-01,[61024],[700],,
66655,6,2015-07-01,[61025],"[701,702]",,
66656,7,1927-04-01,[],[],,
66657,8,1983-07-01,[61026],[703],,
66658,12,1999-04-01,"[61027,61028]","[704,705,706]",,
66659,13,2014-04-01,"[61029,61030]","[707,708,709,710]",,
66660,14,1930-04-01,[],[],,
66661,15,1967-04-01,[61031],[],,
66662,1,1927-05-01,[61032],[],,
66663,2,1904-05-01,[61033],[],,
66664,3,1904-05-01,[61034],[],,
66665,4,1904-05-01,[61035],[],,
66666,5,1983-08-01,[61036],[711],,
66667,6,2015-08-01,[61037],"[712,713]",,
66668,7,1927-05-01,[],[],,
66669,8,1983-08-01,[61038],[714],,
66670,12,1999-05-01,"[61039,61040]","[715,716,717]",,
66671,13,2014-05-01,"[61041,61042]","[718,719,720,721]",,
66672,14,1930-05-01,[],[],,
66673,15,1967-05-01,[61043],[],,
66674,1,1927-06-01,[61044],[],,
66675,2,1904-06-01,[61045],[],,
66676,3,1904-06-01,[61046],[],,
66677,4,1904-06-01,[61047],[],,
66678,5,1983-09-01,[61048],[722],,
66679,6,2015-09-01,[61049],"[723,724]",,
66680,7,1927-06-01,[],[],,
66681,8,1983-09-01,[61050],[725],,
66682,12,1999-06-01,"[61051,61052]","[726,727,728]",,
66683,13,2014-06-01,"[61053,61054]","[729,730,731,732]",,
66684,14,1930-06-01,[],[],,
66685,15,1967-06-01,[61055],[],,
66686,1,1927-07-01,[61056],[],,
66687,2,1904-07-01,[61057],[],,
66688,3,1904-07-01,[61058],[],,
66689,4,1904-07-01,[61059],[],,
66690,5,1983-10-01,[61060],[733],,
66691,6,2015-10-01,[61061],"[734,735]",,
66692,7,1927-07-01,[],[],,
66693,8,1983-10-01,[61062],[736],,
66694,12,1999-07-01,"[61063,61064]","[737,738]",,
66695,13,2014-07-01,"[61065,61066]","[739,740,741,742]",,
66696,14,1930-07-01,[],[],,
66697,15,1967-07-01,[61067],[],,
66698,1,1927-08-01,[61068],[],,
66699,2,1904-08-01,[61069],[],,
66700,3,1904-08-01,[61070],[],,
66701,4,1904-08-01,[61071],[],,
66702,5,1983-11-01,[61072],[743],,
66703,6,2015-11-01,[61073],"[744,745]",,
66704,7,1927-08-01,[],[],,
66705,8,1983-11-01,[61074],[746],,
66706,12,1999-08-01,"[61075,61076]","[747,748]",,
66707,13,2014-08-01,"[61077,61078]","[749,750,751,752]",,
66708,14,1930-08-01,[],[],,
66709,15,1967-08-01,[61079],[],,
66710,1,1927-09-01,[61080],[],,
66711,2,1904-09-01,[61081],[],,
66712,3,1904-09-01,[61082],[],,
66713,4,1904-09-01,[61083],[],,
66714,5,1983-12-01,[61084],[753],,
66715,6,2015-12-01,[61085],"[754,755]",,
66716,7,1927-09-01,[],[],,
66717,8,1983-12-01,[61086],[756],,
66718,12,1999-09-01,"[61087,61088]","[757,758]",,
66719,13,2014-09-01,"[61089,61090]","[759,760,761,762]",,
66720,14,1930-09-01,[],[],,
66721,15,1967-09-01,[61091],[],,
66722,1,1927-10-01,[61092],[],,
66723,2,1904-10-01,[61093],[],,
66724,3,1904-10-01,[61094],[],,
66725,4,1904-10-01,[61095],[],,
66726,5,1984-01-01,[61096],[763],,
66727,6,2016-01-01,[61097],"[764,765]",,
66728,7,1927-10-01,[],[],,
66729,8,1984-01-01,[61098],[766],,
66730,12,1999-10-01,"[61099,61100]","[767,768]",,
66731,13,2014-10-01,"[61101,61102]","[769,770,771,772]",,
66732,14,1930-10-01,[],[],,
66733,15,1967-10-01,[61103],[],,
66734,1,1927-11-01,[61104],[],,
66735,2,1904-11-01,[61105],[],,
66736,3,1904-11-01,[61106],[],,
66737,4,1904-11-01,[61107],[],,
66738,5,1984-02-01,[61108],[773],,
66739,6,2016-02-01,[61109],"[774,775]",,
66740,7,1927-11-01,[],[],,
66741,8,1984-02-01,[61110],[776],,
66742,12,1999-11-01,"[61111,61112]","[777,778]",,
66743,13,2014-11-01,"[61113,61114]","[779,780,781,782]",,
66744,14,1930-11-01,[],[],,
66745,15,1967-11-01,[61115],[],,
66746,1,1927-12-01,[61116],[],,
66747,2,1904-12-01,[61117],[],,
66748,3,1904-12-01,[61118],[],,
66749,4,1904-12-01,[61119],[],,
66750,5,1984-03-01,[61120],[783],,
66751,6,2016-03-01,[61121],"[784,785]",,
66752,7,1927-12-01,[],[],,
66753,8,1984-03-01,[61122],[786],,
66754,12,1999-12-01,"[61123,61124]","[787,788]",,
66755,13,2014-12-01,"[61125,61126]","[789,790,791,792]",,
66756,14,1930-12-01,[],[],,
66757,15,1967-12-01,[61127],[],,
66758,1,1928-01-01,[61128],[],,
66759,2,1905-01-01,[61129],[],,
66760,3,1905-01-01,[61130],[],,
66761,4,1905-01-01,[61131],[],,
66762,5,1984-04-01,[61132],[793],,
66763,6,2016-04-01,[61133],"[794,795]",,
66764,7,1928-01-01,[],[],,
66765,8,1984-04-01,[61134],[796],,
66766,12,2000-01-01,"[61135,61136]","[797,798]",,
66767,13,2015-01-01,"[61137,61138]","[799,800,801,802]",,
66768,14,1931-01-01,[],[],,
66769,15,1968-01-01,[61139],[],,
66770,1,1928-02-01,[61140],[],,
66771,2,1905-02-01,[61141],[],,
66772,3,1905-02-01,[61142],[],,
66773,4,1905-02-01,[61143],[],,
66774,5,1984-05-01,[61144],[803],,
66775,6,2016-05-01,[61145],"[804,805]",,
66776,7,1928-02-01,[],[],,
66777,8,1984-05-01,[61146],[806],,
66778,12,2000-02-01,"[61147,61148]","[807,808]",,
66779,13,2015-02-01,"[61149,61150]","[809,810,811,812]",,
66780,14,1931-02-01,[],[],,
66781,15,1968-02-01,[61151],[],,
66782,1,1928-03-01,[61152],[],,
66783,2,1905-03-01,[61153],[],,
66784,3,1905-03-01,[61154],[],,
66785,4,1905-03-01,[61155],[],,
66786,5,1984-06-01,[61156],[813],,
66787,6,2016-06-01,[61157],"[814,815]",,
66788,7,1928-03-01,[],[],,
66789,8,1984-06-01,[61158],[816],,
66790,12,2000-03-01,"[61159,61160]","[817,818]",,
66791,13,2015-03-01,"[61161,61162]","[819,820,821,822]",,
66792,14,1931-03-01,[],[],,
66793,15,1968-03-01,[61163],[],,
66794,1,1928-04-01,[61164],[],,
66795,2,1905-04-01,[61165],[],,
66796,3,1905-04-01,[61166],[],,
66797,4,1905-04-01,[61167],[],,
66798,5,1984-07-01,[61168],[823],,
66799,6,2016-07-01,[61169],"[824,825]",,
66800,7,1928-04-01,[],[],,
66801,8,1984-07-01,[61170],[826],,
66802,12,2000-04-01,"[61171,61172]","[827,828]",,
66803,13,2015-04-01,"[61173,61174]","[829,830,831,832]",,
66804,14,1931-04-01,[],[],,
66805,15,1968-04-01,[61175],[],,
66806,1,1928-05-01,[61176],[],,
66807,2,1905-05-01,[61177],[],,
66808,3,1905-05-01,[61178],[],,
66809,4,1905-05-01,[61179],[],,
66810,5,1984-08-01,[61180],[833],,
66811,6,2016-08-01,[61181],"[834,835]",,
66812,7,1928-05-01,[],[],,
66813,8,1984-08-01,[61182],[836],,
66814,12,2000-05-01,"[61183,61184]","[837,838]",,
66815,13,2015-05-01,"[61185,61186]","[839,840,841,842]",,
66816,14,1931-05-01,[],[],,
66817,15,1968-05-01,[61187],[],,
66818,1,1928-06-01,[61188],[],,
66819,2,1905-06-01,[61189],[],,
66820,3,1905-06-01,[61190],[],,
66821,4,1905-06-01,[61191],[],,
66822,5,1984-09-01,[61192],[843],,
66823,6,2016-09-01,[61193],"[844,845]",,
66824,7,1928-06-01,[],[],,
66825,8,1984-09-01,[61194],[846],,
66826,12,2000-06-01,"[61195,61196]","[847,848]",,
66827,13,2015-06-01,"[61197,61198]","[849,850,851,852]",,
66828,14,1931-06-01,[],[],,
66829,15,1968-06-01,[61199],[],,
66830,1,1928-07-01,[61200],[],,
66831,2,1905-07-01,[61201],[],,
66832,3,1905-07-01,[61202],[],,
66833,4,1905-07-01,[61203],[],,
66834,5,1984-10-01,[61204],[853],,
66835,6,2016-10-01,[61205],"[854,855]",,
66836,7,1928-07-01,[],[],,
66837,8,1984-10-01,[61206],[856],,
66838,12,2000-07-01,"[61207,61208]","[857,858]",,
66839,13,2015-07-01,"[61209,61210]","[859,860,861,862]",,
66840,14,1931-07-01,[],[],,
66841,15,1968-07-01,[61211],"[863,864]",,
66842,1,1928-08-01,[61212],[],,
66843,2,1905-08-01,[61213],[],,
66844,3,1905-08-01,[61214],[],,
66845,4,1905-08-01,[61215],[],,
66846,5,1984-11-01,[61216],[865],,
66847,6,2016-11-01,[61217],"[866,867]",,
66848,7,1928-08-01,[],[],,
66849,8,1984-11-01,[61218],[868],,
66850,12,2000-08-01,"[61219,61220]","[869,870]",,
66851,13,2015-08-01,"[61221,61222]","[871,872,873,874]",,
66852,14,1931-08-01,[],[],,
66853,15,1968-08-01,[61223],"[875,876]",,
66854,1,1928-09-01,[61224],[],,
66855,2,1905-09-01,[61225],[],,
66856,3,1905-09-01,[61226],[],,
66857,4,1905-09-01,[61227],[],,
66858,5,1984-12-01,[61228],[877],,
66859,6,2016-12-01,[61229],"[878,879]",,
66860,7,1928-09-01,[],[],,
66861,8,1984-12-01,[61230],[880],,
66862,12,2000-09-01,"[61231,61232]","[881,882]",,
66863,13,2015-09-01,"[61233,61234]","[883,884,885,886]",,
66864,14,1931-09-01,[],[],,
66865,15,1968-09-01,[61235],"[887,888]",,
66866,1,1928-10-01,[61236],[],,
66867,2,1905-10-01,[61237],[],,
66868,3,1905-10-01,[61238],[],,
66869,4,1905-10-01,[61239],[],,
66870,5,1985-01-01,[61240],[889],,
66871,6,2017-01-01,[61241],"[890,891]",,
66872,7,1928-10-01,[],[],,
66873,8,1985-01-01,[61242],[892],,
66874,12,2000-10-01,"[61243,61244]","[893,894]",,
66875,13,2015-10-01,"[61245,61246]","[895,896,897,898]",,
66876,14,1931-10-01,[],[],,
66877,15,1968-10-01,[61247],"[899,900]",,
66878,1,1928-11-01,[61248],[],,
66879,2,1905-11-01,[61249],[],,
66880,3,1905-11-01,[61250],[],,
66881,4,1905-11-01,[61251],[],,
66882,5,1985-02-01,[61252],[901],,
66883,6,2017-02-01,[61253],"[902,903]",,
66884,7,1928-11-01,[],[],,
66885,8,1985-02-01,[61254],[904],,
66886,12,2000-11-01,"[61255,61256]","[905,906]",,
66887,13,2015-11-01,"[61257,61258]","[907,908,909,910]",,
66888,14,1931-11-01,[],[],,
66889,15,1968-11-01,[61259],"[911,912]",,
66890,1,1928-12-01,[61260],[],,
66891,2,1905-12-01,[61261],[],,
66892,3,1905-12-01,[61262],[],,
66893,4,1905-12-01,[61263],[],,
66894,5,1985-03-01,[61264],[913],,
66895,6,2017-03-01,[61265],"[914,915]",,
66896,7,1928-12-01,[],[],,
66897,8,1985-03-01,[61266],[916],,
66898,12,2000-12-01,"[61267,61268]","[917,918]",,
66899,13,2015-12-01,"[61269,61270]","[919,920,921,922]",,
66900,14,1931-12-01,[],[],,
66901,15,1968-12-01,[61271],"[923,924]",,
66902,1,1929-01-01,[61272],[],,
66903,2,1906-01-01,[61273],[],,
66904,3,1906-01-01,[61274],[],,
66905,4,1906-01-01,[61275],[],,
66906,5,1985-04-01,[61276],[925],,
66907,6,2017-04-01,[61277],"[926,927]",,
66908,7,1929-01-01,[],[],,
66909,8,1985-04-01,[61278],[928],,
66910,12,2001-01-01,"[61279,61280]","[929,930]",,
66911,13,2016-01-01,"[61281,61282]","[931,932,933,934]",,
66912,14,1932-01-01,[],[],,
66913,15,1969-01-01,[61283],"[935,936]",,
66914,1,1929-02-01,[61284],[],,
66915,2,1906-02-01,[61285],[],,
66916,3,1906-02-01,[61286],[],,
66917,4,1906-02-01,[61287],[],,
66918,5,1985-05-01,[61288],[937],,
66919,6,2017-05-01,[61289],"[938,939]",,
66920,7,1929-02-01,[],[],,
66921,8,1985-05-01,[61290],[940],,
66922,12,2001-02-01,"[61291,61292]","[941,942]",,
66923,13,2016-02-01,"[61293,61294]","[943,944,945,946]",,
66924,14,1932-02-01,[],[],,
66925,15,1969-02-01,[61295],"[947,948]",,
66926,1,1929-03-01,[61296],[],,
66927,2,1906-03-01,[61297],[],,
66928,3,1906-03-01,[61298],[],,
66929,4,1906-03-01,[61299],[],,
66930,5,1985-06-01,[61300],[949],,
66931,6,2017-06-01,[61301],"[950,951]",,
66932,7,1929-03-01,[],[],,
66933,8,1985-06-01,[61302],[952],,
66934,12,2001-03-01,"[61303,61304]","[953,954]",,
66935,13,2016-03-01,"[61305,61306]","[955,956,957,958]",,
66936,14,1932-03-01,[],[],,
66937,15,1969-03-01,[61307],"[959,960]",,
66938,1,1929-04-01,[61308],[],,
66939,2,1906-04-01,[61309],[],,
66940,3,1906-04-01,[61310],[],,
66941,4,1906-04-01,[61311],[],,
66942,5,1985-07-01,[61312],[961],,
66943,6,2017-07-01,[61313],"[962,963]",,
66944,7,1929-04-01,[],[],,
66945,8,1985-07-01,[61314],[964],,
66946,12,2001-04-01,"[61315,61316]","[965,966]",,
66947,13,2016-04-01,"[61317,61318]","[967,968,969,970]",,
66948,14,1932-04-01,[],[],,
66949,15,1969-04-01,[61319],"[971,972]",,
66950,1,1929-05-01,[61320],[],,
66951,2,1906-05-01,[61321],[],,
66952,3,1906-05-01,[61322],[],,
66953,4,1906-05-01,[61323],[],,
66954,5,1985-08-01,[61324],[973],,
66955,6,2017-08-01,[61325],"[974,975]",,
66956,7,1929-05-01,[],[],,
66957,8,1985-08-01,[61326],[976],,
66958,12,2001-05-01,"[61327,61328]","[977,978]",,
66959,13,2016-05-01,"[61329,61330]","[979,980,981,982]",,
66960,14,1932-05-01,[],[],,
66961,15,1969-05-01,[61331],"[983,984]",,
66962,1,1929-06-01,[61332],[],,
66963,2,1906-06-01,[61333],[],,
66964,3,1906-06-01,[61334],[],,
66965,4,1906-06-01,[61335],[],,
66966,5,1985-09-01,[61336],[985],,
66967,6,2017-09-01,[61337],"[986,987]",,
66968,7,1929-06-01,[],[],,
66969,8,1985-09-01,[61338],[988],,
66970,12,2001-06-01,"[61339,61340]","[989,990]",,
66971,13,2016-06-01,"[61341,61342]","[991,992,993,994]",,
66972,14,1932-06-01,[],[],,
66973,15,1969-06-01,[61343],"[995,996]",,
66974,1,1929-07-01,[61344],[],,
66975,2,1906-07-01,[61345],[],,
66976,3,1906-07-01,[61346],[],,
66977,4,1906-07-01,[61347],[],,
66978,5,1985-10-01,[61348],[997],,
66979,6,2017-10-01,[61349],"[998,999]",,
66980,7,1929-07-01,[61350],[],,
66981,8,1985-10-01,[61351],[1000],,
66982,12,2001-07-01,"[61352,61353]","[1001,1002]",,
66983,13,2016-07-01,"[61354,61355]","[1003,1004,1005,1006]",,
66984,14,1932-07-01,[],[],,
66985,15,1969-07-01,[61356],"[1007,1008]",,
66986,1,1929-08-01,[61357],[],,
66987,2,1906-08-01,[61358],[],,
66988,3,1906-08-01,[61359],[],,
66989,4,1906-08-01,[61360],[],,
66990,5,1985-11-01,[61361],[1009],,
66991,6,2017-11-01,[61362],"[1010,1011]",,
66992,7,1929-08-01,[61363],[],,
66993,8,1985-11-01,[61364],[1012],,
66994,12,2001-08-01,"[61365,61366]","[1013,1014]",,
66995,13,2016-08-01,"[61367,61368]","[1015,1016,1017,1018]",,
66996,14,1932-08-01,[],[],,
66997,15,1969-08-01,[61369],"[1019,1020]",,
66998,1,1929-09-01,[61370],[],,
66999,2,1906-09-01,[61371],[],,
67000,3,1906-09-01,[61372],[],,
67001,4,1906-09-01,[61373],[],,
67002,5,1985-12-01,[61374],[1021],,
67003,6,2017-12-01,[61375],"[1022,1023]",,
67004,7,1929-09-01,[61376],[],,
67005,8,1985-12-01,[61377],[1024],,
67006,12,2001-09-01,"[61378,61379]","[1025,1026]",,
67007,13,2016-09-01,"[61380,61381]","[1027,1028,1029,1030]",,
67008,14,1932-09-01,[],[],,
67009,15,1969-09-01,[61382],"[1031,1032]",,
67010,1,1929-10-01,[61383],[],,
67011,2,1906-10-01,[61384],[],,
67012,3,1906-10-01,[61385],[],,
67013,4,1906-10-01,[61386],[],,
67014,5,1986-01-01,[61387],[1033],,
67015,6,2018-01-01,[61388],"[1034,1035]",,
67016,7,1929-10-01,[61389],[],,
67017,8,1986-01-01,[61390],[1036],,
67018,12,2001-10-01,"[61391,61392]","[1037,1038]",,
67019,13,2016-10-01,"[61393,61394]","[1039,1040,1041,1042]",,
67020,14,1932-10-01,[],[],,
67021,15,1969-10-01,[61395],"[1043,1044]",,
67022,1,1929-11-01,[61396],[],,
67023,2,1906-11-01,[61397],[],,
67024,3,1906-11-01,[61398],[],,
67025,4,1906-11-01,[61399],[],,
67026,5,1986-02-01,[61400],[1045],,
67027,6,2018-02-01,[61401],"[1046,1047]",,
67028,7,1929-11-01,[61402],[],,
67029,8,1986-02-01,[61403],[1048],,
67030,12,2001-11-01,"[61404,61405]","[1049,1050]",,
67031,13,2016-11-01,"[61406,61407]","[1051,1052,1053,1054]",,
67032,14,1932-11-01,[],[],,
67033,15,1969-11-01,[61408],"[1055,1056]",,
67034,1,1929-12-01,[61409],[],,
67035,2,1906-12-01,[61410],[],,
67036,3,1906-12-01,[61411],[],,
67037,4,1906-12-01,[61412],[],,
67038,5,1986-03-01,[61413],[1057],,
67039,6,2018-03-01,[61414],"[1058,1059]",,
67040,7,1929-12-01,[61415],[],,
67041,8,1986-03-01,[61416],[1060],,
67042,12,2001-12-01,"[61417,61418]","[1061,1062]",,
67043,13,2016-12-01,"[61419,61420]","[1063,1064,1065,1066]",,
67044,14,1932-12-01,[],[],,
67045,15,1969-12-01,[61421],"[1067,1068]",,
67046,1,1930-01-01,[61422],[],,
67047,2,1907-01-01,[61423],[],,
67048,3,1907-01-01,[61424],[],,
67049,4,1907-01-01,[61425],[],,
67050,5,1986-04-01,[61426],[1069],,
67051,6,2018-04-01,[61427],"[1070,1071]",,
67052,7,1930-01-01,[61428],[],,
67053,8,1986-04-01,[61429],[1072],,
67054,12,2002-01-01,"[61430,61431]","[1073,1074]",,
67055,13,2017-01-01,"[61432,61433]","[1075,1076,1077,1078]",,
67056,14,1933-01-01,[],[],,
67057,15,1970-01-01,[61434],"[1079,1080]",,
67058,1,1930-02-01,[61435],[],,
67059,2,1907-02-01,[61436],[],,
67060,3,1907-02-01,[61437],[],,
67061,4,1907-02-01,[61438],[],,
67062,5,1986-05-01,[61439],[1081],,
67063,6,2018-05-01,[61440],"[1082,1083]",,
67064,7,1930-02-01,[61441],[],,
67065,8,1986-05-01,[61442],[1084],,
67066,12,2002-02-01,"[61443,61444]","[1085,1086]",,
67067,13,2017-02-01,"[61445,61446]","[1087,1088,1089,1090]",,
67068,14,1933-02-01,[],[],,
67069,15,1970-02-01,[61447],"[1091,1092]",,
67070,1,1930-03-01,[61448],[],,
67071,2,1907-03-01,[61449],[],,
67072,3,1907-03-01,[61450],[],,
67073,4,1907-03-01,[61451],[],,
67074,5,1986-06-01,[61452],[1093],,
67075,6,2018-06-01,[61453],"[1094,1095]",,
67076,7,1930-03-01,[61454],[],,
67077,8,1986-06-01,[61455],[1096],,
67078,12,2002-03-01,"[61456,61457]","[1097,1098]",,
67079,13,2017-03-01,"[61458,61459]","[1099,1100,1101,1102]",,
67080,14,1933-03-01,[],[],,
67081,15,1970-03-01,[61460],"[1103,1104]",,
67082,1,1930-04-01,[61461],[],,
67083,2,1907-04-01,[61462],[],,
67084,3,1907-04-01,[61463],[],,
67085,4,1907-04-01,[61464],[],,
67086,5,1986-07-01,"[61465,61466]","[1105,1106,1107]",,
67087,6,2018-07-01,[61467],"[1108,1109]",,
67088,7,1930-04-01,[61468],[],,
67089,8,1986-07-01,[61469],[1110],,
67090,12,2002-04-01,"[61470,61471]","[1111,1112]",,
67091,13,2017-04-01,"[61472,61473]","[1113,1114,1115,1116]",,
67092,14,1933-04-01,[],[],,
67093,15,1970-04-01,[61474],"[1117,1118]",,
67094,1,1930-05-01,[61475],[],,
67095,2,1907-05-01,[61476],[],,
67096,3,1907-05-01,[61477],[],,
67097,4,1907-05-01,[61478],[],,
67098,5,1986-08-01,"[61479,61480]","[1119,1120,1121]",,
67099,6,2018-08-01,[61481],"[1122,1123]",,
67100,7,1930-05-01,[61482],[],,
67101,8,1986-08-01,[61483],[1124],,
67102,12,2002-05-01,"[61484,61485]","[1125,1126]",,
67103,13,2017-05-01,"[61486,61487]","[1127,1128,1129,1130]",,
67104,14,1933-05-01,[],[],,
67105,15,1970-05-01,[61488],"[1131,1132]",,
67106,1,1930-06-01,[61489],[],,
67107,2,1907-06-01,[61490],[],,
67108,3,1907-06-01,[61491],[],,
67109,4,1907-06-01,[61492],[],,
67110,5,1986-09-01,"[61493,61494]","[1133,1134,1135]",,
67111,6,2018-09-01,[61495],"[1136,1137]",,
67112,7,1930-06-01,[61496],[],,
67113,8,1986-09-01,[61497],[1138],,
67114,12,2002-06-01,"[61498,61499]","[1139,1140]",,
67115,13,2017-06-01,"[61500,61501]","[1141,1142,1143,1144]",,
67116,14,1933-06-01,[],[],,
67117,15,1970-06-01,[61502],"[1145,1146]",,
67118,1,1930-07-01,[61503],[],,
67119,2,1907-07-01,[61504],[],,
67120,3,1907-07-01,[61505],[],,
67121,4,1907-07-01,[61506],[],,
67122,5,1986-10-01,"[61507,61508]","[1147,1148,1149]",,
67123,6,2018-10-01,[61509],"[1150,1151]",,
67124,7,1930-07-01,[61510],[],,
67125,8,1986-10-01,[61511],[1152],,
67126,12,2002-07-01,"[61512,61513]","[1153,1154]",,
67127,13,2017-07-01,"[61514,61515]","[1155,1156,1157,1158]",,
67128,14,1933-07-01,[],[],,
67129,15,1970-07-01,[61516],"[1159,1160]",,
67130,1,1930-08-01,[61517],[],,
67131,2,1907-08-01,[61518],[],,
67132,3,1907-08-01,[61519],[],,
67133,4,1907-08-01,[61520],[],,
67134,5,1986-11-01,"[61521,61522]","[1161,1162,1163]",,
67135,6,2018-11-01,[61523],"[1164,1165]",,
67136,7,1930-08-01,[61524],[],,
67137,8,1986-11-01,[61525],[1166],,
67138,12,2002-08-01,"[61526,61527]","[1167,1168]",,
67139,13,2017-08-01,"[61528,61529]","[1169,1170,1171,1172]",,
67140,14,1933-08-01,[],[],,
67141,15,1970-08-01,[61530],"[1173,1174]",,
67142,1,1930-09-01,[61531],[],,
67143,2,1907-09-01,[61532],[],,
67144,3,1907-09-01,[61533],[],,
67145,4,1907-09-01,[61534],[],,
67146,5,1986-12-01,"[61535,61536]","[1175,1176,1177]",,
67147,6,2018-12-01,[61537],"[1178,1179]",,
67148,7,1930-09-01,[61538],[],,
67149,8,1986-12-01,[61539],[1180],,
67150,12,2002-09-01,"[61540,61541]","[1181,1182]",,
67151,13,2017-09-01,"[61542,61543]","[1183,1184,1185,1186]",,
67152,14,1933-09-01,[],[],,
67153,15,1970-09-01,[61544],"[1187,1188]",,
67154,1,1930-10-01,[61545],[],,
67155,2,1907-10-01,[61546],[],,
67156,3,1907-10-01,[61547],[],,
67157,4,1907-10-01,[61548],[],,
67158,5,1987-01-01,"[61549,61550]","[1189,1190,1191]",,
67159,6,2019-01-01,[61551],"[1192,1193]",,
67160,7,1930-10-01,[61552],[],,
67161,8,1987-01-01,[61553],[1194],,
67162,12,2002-10-01,"[61554,61555]","[1195,1196]",,
67163,13,2017-10-01,"[61556,61557]","[1197,1198,1199,1200]",,
67164,14,1933-10-01,[],[],,
67165,15,1970-10-01,[61558],"[1201,1202]",,
67166,1,1930-11-01,[61559],[],,
67167,2,1907-11-01,[61560],[],,
67168,3,1907-11-01,[61561],[],,
67169,4,1907-11-01,[61562],[],,
67170,5,1987-02-01,"[61563,61564]","[1203,1204,1205]",,
67171,6,2019-02-01,[61565],"[1206,1207]",,
67172,7,1930-11-01,[61566],[],,
67173,8,1987-02-01,[61567],[1208],,
67174,12,2002-11-01,"[61568,61569]","[1209,1210]",,
67175,13,2017-11-01,"[61570,61571]","[1211,1212,1213,1214]",,
67176,14,1933-11-01,[],[],,
67177,15,1970-11-01,[61572],"[1215,1216]",,
67178,1,1930-12-01,[61573],[],,
67179,2,1907-12-01,[61574],[],,
67180,3,1907-12-01,[61575],[],,
67181,4,1907-12-01,[61576],[],,
67182,5,1987-03-01,"[61577,61578]","[1217,1218,1219]",,
67183,6,2019-03-01,[61579],"[1220,1221]",,
67184,7,1930-12-01,[61580],[],,
67185,8,1987-03-01,[61581],[1222],,
67186,12,2002-12-01,"[61582,61583]","[1223,1224]",,
67187,13,2017-12-01,"[61584,61585]","[1225,1226,1227,1228]",,
67188,14,1933-12-01,[],[],,
67189,15,1970-12-01,[61586],"[1229,1230]",,
67190,1,1931-01-01,[61587],[],,
67191,2,1908-01-01,[61588],[],,
67192,3,1908-01-01,[61589],[],,
67193,4,1908-01-01,[61590],[],,
67194,5,1987-04-01,"[61591,61592]","[1231,1232,1233]",,
67195,6,2019-04-01,[61593],"[1234,1235]",,
67196,7,1931-01-01,[61594],[],,
67197,8,1987-04-01,[61595],[1236],,
67198,12,2003-01-01,"[61596,61597]","[1237,1238]",,
67199,13,2018-01-01,"[61598,61599]","[1239,1240,1241,1242]",,
67200,14,1934-01-01,[],[],,
67201,15,1971-01-01,[61600],"[1243,1244]",,
67202,1,1931-02-01,[61601],[],,
67203,2,1908-02-01,[61602],[],,
67204,3,1908-02-01,[61603],[],,
67205,4,1908-02-01,[61604],[],,
67206,5,1987-05-01,"[61605,61606]","[1245,1246,1247]",,
67207,6,2019-05-01,[61607],"[1248,1249]",,
67208,7,1931-02-01,[61608],[],,
67209,8,1987-05-01,[61609],[1250],,
67210,12,2003-02-01,"[61610,61611]","[1251,1252]",,
67211,13,2018-02-01,"[61612,61613]","[1253,1254,1255,1256]",,
67212,14,1934-02-01,[],[],,
67213,15,1971-02-01,[61614],"[1257,1258]",,
67214,1,1931-03-01,[61615],[],,
67215,2,1908-03-01,[61616],[],,
67216,3,1908-03-01,[61617],[],,
67217,4,1908-03-01,[61618],[],,
67218,5,1987-06-01,"[61619,61620]","[1259,1260,1261]",,
67219,6,2019-06-01,[61621],"[1262,1263]",,
67220,7,1931-03-01,[61622],[],,
67221,8,1987-06-01,[61623],[1264],,
67222,12,2003-03-01,"[61624,61625]","[1265,1266]",,
67223,13,2018-03-01,"[61626,61627]","[1267,1268,1269,1270]",,
67224,14,1934-03-01,[],[],,
67225,15,1971-03-01,[61628],"[1271,1272]",,
67226,1,1931-04-01,[61629],[],,
67227,2,1908-04-01,[61630],[],,
67228,3,1908-04-01,[61631],[],,
67229,4,1908-04-01,[61632],[],,
67230,5,1987-07-01,"[61633,61634]","[1273,1274,1275]",,
67231,6,2019-07-01,[61635],"[1276,1277]",,
67232,7,1931-04-01,[61636],[],,
67233,8,1987-07-01,[61637],[1278],,
67234,12,2003-04-01,"[61638,61639]","[1279,1280]",,
67235,13,2018-04-01,"[61640,61641]","[1281,1282,1283,1284]",,
67236,14,1934-04-01,[],[],,
67237,15,1971-04-01,[61642],"[1285,1286]",,
67238,1,1931-05-01,[61643],[],,
67239,2,1908-05-01,[61644],[],,
67240,3,1908-05-01,[61645],[],,
67241,4,1908-05-01,[61646],[],,
67242,5,1987-08-01,"[61647,61648]","[1287,1288,1289]",,
67243,6,2019-08-01,[61649],"[1290,1291]",,
67244,7,1931-05-01,[61650],[],,
67245,8,1987-08-01,[61651],[1292],,
67246,12,2003-05-01,"[61652,61653]","[1293,1294]",,
67247,13,2018-05-01,"[61654,61655]","[1295,1296,1297,1298]",,
67248,14,1934-05-01,[],[],,
67249,15,1971-05-01,[61656],"[1299,1300]",,
67250,1,1931-06-01,[61657],[],,
67251,2,1908-06-01,[61658],[],,
67252,3,1908-06-01,[61659],[],,
67253,4,1908-06-01,[61660],[],,
67254,5,1987-09-01,"[61661,61662]","[1301,1302,1303]",,
67255,6,2019-09-01,[61663],"[1304,1305]",,
67256,7,1931-06-01,[61664],[],,
67257,8,1987-09-01,[61665],[1306],,
67258,12,2003-06-01,"[61666,61667]","[1307,1308]",,
67259,13,2018-06-01,"[61668,61669]","[1309,1310,1311,1312]",,
67260,14,1934-06-01,[],[],,
67261,15,1971-06-01,[61670],"[1313,1314]",,
67262,1,1931-07-01,[61671],[],,
67263,2,1908-07-01,[61672],[],,
67264,3,1908-07-01,[61673],[],,
67265,4,1908-07-01,[61674],[],,
67266,5,1987-10-01,"[61675,61676]","[1315,1316,1317]",,
67267,6,2019-10-01,[61677],"[1318,1319]",,
67268,7,1931-07-01,[61678],[],,
67269,8,1987-10-01,[61679],[1320],,
67270,12,2003-07-01,"[61680,61681]","[1321,1322]",,
67271,13,2018-07-01,"[61682,61683]","[1323,1324,1325,1326]",,
67272,14,1934-07-01,[],[],,
67273,15,1971-07-01,[61684],"[1327,1328]",,
67274,1,1931-08-01,[61685],[],,
67275,2,1908-08-01,[61686],[],,
67276,3,1908-08-01,[61687],[],,
67277,4,1908-08-01,[61688],[],,
67278,5,1987-11-01,"[61689,61690]","[1329,1330,1331]",,
67279,6,2019-11-01,[61691],"[1332,1333]",,
67280,7,1931-08-01,[61692],[],,
67281,8,1987-11-01,[61693],[1334],,
67282,12,2003-08-01,"[61694,61695]","[1335,1336]",,
67283,13,2018-08-01,"[61696,61697]","[1337,1338,1339,1340]",,
67284,14,1934-08-01,[],[],,
67285,15,1971-08-01,[61698],"[1341,1342]",,
67286,1,1931-09-01,[61699],[],,
67287,2,1908-09-01,[61700],[],,
67288,3,1908-09-01,[61701],[],,
67289,4,1908-09-01,[61702],[],,
67290,5,1987-12-01,"[61703,61704]","[1343,1344,1345]",,
67291,6,2019-12-01,[61705],"[1346,1347]",,
67292,7,1931-09-01,[61706],[],,
67293,8,1987-12-01,[61707],[1348],,
67294,12,2003-09-01,"[61708,61709]","[1349,1350]",,
67295,13,2018-09-01,"[61710,61711]","[1351,1352,1353,1354]",,
67296,14,1934-09-01,[],[],,
67297,15,1971-09-01,[61712],"[1355,1356]",,
67298,1,1931-10-01,[61713],[],,
67299,2,1908-10-01,[61714],[],,
67300,3,1908-10-01,[61715],[],,
67301,4,1908-10-01,[61716],[],,
67302,5,1988-01-01,"[61717,61718]","[1357,1358,1359]",,
67303,6,2020-01-01,[61719],"[1360,1361]",,
67304,7,1931-10-01,[61720],[],,
67305,8,1988-01-01,[61721],[1362],,
67306,12,2003-10-01,"[61722,61723]","[1363,1364]",,
67307,13,2018-10-01,"[61724,61725]","[1365,1366,1367,1368]",,
67308,14,1934-10-01,[],[],,
67309,15,1971-10-01,[61726],"[1369,1370]",,
67310,1,1931-11-01,[61727],[],,
67311,2,1908-11-01,[61728],[],,
67312,3,1908-11-01,[61729],[],,
67313,4,1908-11-01,[61730],[],,
67314,5,1988-02-01,"[61731,61732]","[1371,1372,1373]",,
67315,6,2020-02-01,[61733],"[1374,1375]",,
67316,7,1931-11-01,[61734],[],,
67317,8,1988-02-01,[61735],[1376],,
67318,12,2003-11-01,"[61736,61737]","[1377,1378]",,
67319,13,2018-11-01,"[61738,61739]","[1379,1380,1381,1382]",,
67320,14,1934-11-01,[],[],,
67321,15,1971-11-01,[61740],"[1383,1384]",,
67322,1,1931-12-01,[61741],[],,
67323,2,1908-12-01,[61742],[],,
67324,3,1908-12-01,[61743],[],,
67325,4,1908-12-01,[61744],[],,
67326,5,1988-03-01,"[61745,61746]","[1385,1386,1387]",,
67327,6,2020-03-01,[61747],"[1388,1389]",,
67328,7,1931-12-01,[61748],[],,
67329,8,1988-03-01,[61749],[1390],,
67330,12,2003-12-01,"[61750,61751]","[1391,1392]",,
67331,13,2018-12-01,"[61752,61753]","[1393,1394,1395,1396]",,
67332,14,1934-12-01,[],[],,
67333,15,1971-12-01,[61754],"[1397,1398]",,
67334,1,1932-01-01,[61755],[],,
67335,2,1909-01-01,[61756],[],,
67336,3,1909-01-01,[61757],[],,
67337,4,1909-01-01,[61758],[],,
67338,5,1988-04-01,"[61759,61760]","[1399,1400,1401]",,
67339,6,2020-04-01,[61761],"[1402,1403]",,
67340,7,1932-01-01,[61762],[],,
67341,8,1988-04-01,[61763],[1404],,
67342,12,2004-01-01,"[61764,61765]","[1405,1406]",,
67343,13,2019-01-01,"[61766,61767]","[1407,1408,1409,1410]",,
67344,14,1935-01-01,[],[],,
67345,15,1972-01-01,[61768],"[1411,1412]",,
67346,1,1932-02-01,[61769],[],,
67347,2,1909-02-01,[61770],[],,
67348,3,1909-02-01,[61771],[],,
67349,4,1909-02-01,[61772],[],,
67350,5,1988-05-01,"[61773,61774]","[1413,1414,1415]",,
67351,6,2020-05-01,[61775],"[1416,1417]",,
67352,7,1932-02-01,[61776],[],,
67353,8,1988-05-01,[61777],[1418],,
67354,12,2004-02-01,"[61778,61779]","[1419,1420]",,
67355,13,2019-02-01,"[61780,61781]","[1421,1422,1423,1424]",,
67356,14,1935-02-01,[],[],,
67357,15,1972-02-01,[61782],"[1425,1426]",,
67358,1,1932-03-01,[61783],[],,
67359,2,1909-03-01,[61784],[],,
67360,3,1909-03-01,[61785],[],,
67361,4,1909-03-01,[61786],[],,
67362,5,1988-06-01,"[61787,61788]","[1427,1428,1429]",,
67363,6,2020-06-01,[61789],"[1430,1431]",,
67364,7,1932-03-01,[61790],[],,
67365,8,1988-06-01,[61791],[1432],,
67366,12,2004-03-01,"[61792,61793]","[1433,1434]",,
67367,13,2019-03-01,"[61794,61795]","[1435,1436,1437,1438]",,
67368,14,1935-03-01,[],[],,
67369,15,1972-03-01,[61796],"[1439,1440]",,
67370,1,1932-04-01,[61797],[],,
67371,2,1909-04-01,[61798],[],,
67372,3,1909-04-01,[61799],[],,
67373,4,1909-04-01,[61800],[],,
67374,5,1988-07-01,"[61801,61802]","[1441,1442,1443]",,
67375,6,2020-07-01,"[61803,61804]","[1444,1445,1446]",,
67376,7,1932-04-01,[61805],[],,
67377,8,1988-07-01,[61806],[1447],,
67378,12,2004-04-01,"[61807,61808]","[1448,1449]",,
67379,13,2019-04-01,"[61809,61810]","[1450,1451,1452,1453]",,
67380,14,1935-04-01,[],[],,
67381,15,1972-04-01,[61811],"[1454,1455]",,
67382,1,1932-05-01,[61812],[],,
67383,2,1909-05-01,[61813],[],,
67384,3,1909-05-01,[61814],[],,
67385,4,1909-05-01,[61815],[],,
67386,5,1988-08-01,"[61816,61817]","[1456,1457,1458]",,
67387,6,2020-08-01,"[61818,61819]","[1459,1460,1461]",,
67388,7,1932-05-01,[61820],[],,
67389,8,1988-08-01,[61821],[1462],,
67390,12,2004-05-01,"[61822,61823]","[1463,1464]",,
67391,13,2019-05-01,"[61824,61825]","[1465,1466,1467,1468]",,
67392,14,1935-05-01,[],[],,
67393,15,1972-05-01,[61826],"[1469,1470]",,
67394,1,1932-06-01,[61827],[],,
67395,2,1909-06-01,[61828],[],,
67396,3,1909-06-01,[61829],[],,
67397,4,1909-06-01,[61830],[],,
67398,5,1988-09-01,"[61831,61832]","[1471,1472,1473]",,
67399,6,2020-09-01,"[61833,61834]","[1474,1475,1476]",,
67400,7,1932-06-01,[61835],[],,
67401,8,1988-09-01,[61836],[1477],,
67402,12,2004-06-01,"[61837,61838]","[1478,1479]",,
67403,13,2019-06-01,"[61839,61840]","[1480,1481,1482,1483]",,
67404,14,1935-06-01,[],[],,
67405,15,1972-06-01,[61841],"[1484,1485]",,
67406,1,1932-07-01,[61842],[],,
67407,2,1909-07-01,[61843],[],,
67408,3,1909-07-01,[61844],[],,
67409,4,1909-07-01,[61845],[],,
67410,5,1988-10-01,"[61846,61847]","[1486,1487,1488]",,
67411,6,2020-10-01,"[61848,61849]","[1489,1490,1491]",,
67412,7,1932-07-01,[61850],[],,
67413,8,1988-10-01,[61851],[1492],,
67414,12,2004-07-01,"[61852,61853]","[1493,1494]",,
67415,13,2019-07-01,"[61854,61855]","[1495,1496,1497,1498]",,
67416,14,1935-07-01,[],[],,
67417,15,1972-07-01,[61856],"[1499,1500]",,
67418,1,1932-08-01,[61857],[],,
67419,2,1909-08-01,[61858],[],,
67420,3,1909-08-01,[61859],[],,
67421,4,1909-08-01,[61860],[],,
67422,5,1988-11-01,"[61861,61862]","[1501,1502,1503]",,
67423,6,2020-11-01,"[61863,61864]","[1504,1505,1506]",,
67424,7,1932-08-01,[61865],[],,
67425,8,1988-11-01,[61866],[1507],,
67426,12,2004-08-01,"[61867,61868]","[1508,1509]",,
67427,13,2019-08-01,"[61869,61870]","[1510,1511,1512,1513]",,
67428,14,1935-08-01,[],[],,
67429,15,1972-08-01,[61871],"[1514,1515]",,
67430,1,1932-09-01,[61872],[],,
67431,2,1909-09-01,[61873],[],,
67432,3,1909-09-01,[61874],[],,
67433,4,1909-09-01,[61875],[],,
67434,5,1988-12-01,"[61876,61877]","[1516,1517,1518]",,
67435,6,2020-12-01,"[61878,61879]","[1519,1520,1521]",,
67436,7,1932-09-01,[61880],[],,
67437,8,1988-12-01,[61881],[1522],,
67438,12,2004-09-01,"[61882,61883]","[1523,1524]",,
67439,13,2019-09-01,"[61884,61885]","[1525,1526,1527,1528]",,
67440,14,1935-09-01,[],[],,
67441,15,1972-09-01,[61886],"[1529,1530]",,
67442,1,1932-10-01,[61887],[],,
67443,2,1909-10-01,[61888],[],,
67444,3,1909-10-01,[61889],[],,
67445,4,1909-10-01,[61890],[],,
67446,5,1989-01-01,"[61891,61892]","[1531,1532,1533]",,
67447,6,2021-01-01,"[61893,61894]","[1534,1535,1536]",,
67448,7,1932-10-01,[61895],[],,
67449,8,1989-01-01,[61896],[1537],,
67450,12,2004-10-01,"[61897,61898]","[1538,1539]",,
67451,13,2019-10-01,"[61899,61900]","[1540,1541,1542,1543]",,
67452,14,1935-10-01,[],[],,
67453,15,1972-10-01,[61901],"[1544,1545]",,
67454,1,1932-11-01,[61902],[],,
67455,2,1909-11-01,[61903],[],,
67456,3,1909-11-01,[61904],[],,
67457,4,1909-11-01,[61905],[],,
67458,5,1989-02-01,"[61906,61907]","[1546,1547,1548]",,
67459,6,2021-02-01,"[61908,61909]","[1549,1550,1551]",,
67460,7,1932-11-01,[61910],[],,
67461,8,1989-02-01,[61911],[1552],,
67462,12,2004-11-01,"[61912,61913]","[1553,1554]",,
67463,13,2019-11-01,"[61914,61915]","[1555,1556,1557,1558]",,
67464,14,1935-11-01,[],[],,
67465,15,1972-11-01,[61916],"[1559,1560]",,
67466,1,1932-12-01,[61917],[],,
67467,2,1909-12-01,[61918],[],,
67468,3,1909-12-01,[61919],[],,
67469,4,1909-12-01,[61920],[],,
67470,5,1989-03-01,"[61921,61922]","[1561,1562,1563]",,
67471,6,2021-03-01,"[61923,61924]","[1564,1565,1566]",,
67472,7,1932-12-01,[61925],[],,
67473,8,1989-03-01,[61926],[1567],,
67474,12,2004-12-01,"[61927,61928]","[1568,1569]",,
67475,13,2019-12-01,"[61929,61930]","[1570,1571,1572,1573]",,
67476,14,1935-12-01,[],[],,
67477,15,1972-12-01,[61931],"[1574,1575]",,
67478,1,1933-01-01,[61932],[],,
67479,2,1910-01-01,[61933],[],,
67480,3,1910-01-01,[61934],[],,
67481,4,1910-01-01,[61935],[],,
67482,5,1989-04-01,"[61936,61937]","[1576,1577,1578]",,
67483,6,2021-04-01,"[61938,61939]","[1579,1580,1581]",,
67484,7,1933-01-01,[61940],[],,
67485,8,1989-04-01,[61941],[1582],,
67486,12,2005-01-01,"[61942,61943]","[1583,1584]",,
67487,13,2020-01-01,"[61944,61945]","[1585,1586,1587,1588]",,
67488,14,1936-01-01,[],[],,
67489,15,1973-01-01,[61946],"[1589,1590]",,
67490,1,1933-02-01,[61947],[],,
67491,2,1910-02-01,[61948],[],,
67492,3,1910-02-01,[61949],[],,
67493,4,1910-02-01,[61950],[],,
67494,5,1989-05-01,"[61951,61952]","[1591,1592,1593]",,
67495,6,2021-05-01,"[61953,61954]","[1594,1595,1596]",,
67496,7,1933-02-01,[61955],[],,
67497,8,1989-05-01,[61956],[1597],,
67498,12,2005-02-01,"[61957,61958]","[1598,1599]",,
67499,13,2020-02-01,"[61959,61960]","[1600,1601,1602,1603]",,
67500,14,1936-02-01,[],[],,
67501,15,1973-02-01,[61961],"[1604,1605]",,
67502,1,1933-03-01,[61962],[],,
67503,2,1910-03-01,[61963],[],,
67504,3,1910-03-01,[61964],[],,
67505,4,1910-03-01,[61965],[],,
67506,5,1989-06-01,"[61966,61967]","[1606,1607,1608]",,
67507,6,2021-06-01,"[61968,61969]","[1609,1610,1611]",,
67508,7,1933-03-01,[61970],[],,
67509,8,1989-06-01,[61971],[1612],,
67510,12,2005-03-01,"[61972,61973]","[1613,1614]",,
67511,13,2020-03-01,"[61974,61975]","[1615,1616,1617,1618]",,
67512,14,1936-03-01,[],[],,
67513,15,1973-03-01,[61976],"[1619,1620]",,
67514,1,1933-04-01,[61977],[],,
67515,2,1910-04-01,[61978],[],,
67516,3,1910-04-01,[61979],[],,
67517,4,1910-04-01,[61980],[],,
67518,5,1989-07-01,"[61981,61982]","[1621,1622,1623]",,
67519,6,2021-07-01,"[61983,61984]","[1624,1625,1626]",,
67520,7,1933-04-01,[61985],[],,
67521,8,1989-07-01,[61986],[1627],,
67522,12,2005-04-01,"[61987,61988]","[1628,1629]",,
67523,13,2020-04-01,"[61989,61990]","[1630,1631,1632,1633]",,
67524,14,1936-04-01,[],[],,
67525,15,1973-04-01,[61991],"[1634,1635]",,
67526,1,1933-05-01,[61992],[],,
67527,2,1910-05-01,[61993],[],,
67528,3,1910-05-01,[61994],[],,
67529,4,1910-05-01,[61995],[],,
67530,5,1989-08-01,"[61996,61997]","[1636,1637,1638]",,
67531,6,2021-08-01,"[61998,61999]","[1639,1640,1641]",,
67532,7,1933-05-01,[62000],[],,
67533,8,1989-08-01,[62001],[1642],,
67534,12,2005-05-01,"[62002,62003]","[1643,1644]",,
67535,13,2020-05-01,"[62004,62005]","[1645,1646,1647,1648]",,
67536,14,1936-05-01,[],[],,
67537,15,1973-05-01,[62006],"[1649,1650]",,
67538,1,1933-06-01,[62007],[],,
67539,2,1910-06-01,[62008],[],,
67540,3,1910-06-01,[62009],[],,
67541,4,1910-06-01,[62010],[],,
67542,5,1989-09-01,"[62011,62012]","[1651,1652,1653]",,
67543,6,2021-09-01,"[62013,62014]","[1654,1655,1656]",,
67544,7,1933-06-01,[62015],[],,
67545,8,1989-09-01,[62016],[1657],,
67546,12,2005-06-01,"[62017,62018]","[1658,1659]",,
67547,13,2020-06-01,"[62019,62020]","[1660,1661,1662,1663]",,
67548,14,1936-06-01,[],[],,
67549,15,1973-06-01,[62021],"[1664,1665]",,
67550,1,1933-07-01,[62022],[],,
67551,2,1910-07-01,[62023],[],,
67552,3,1910-07-01,[62024],[],,
67553,4,1910-07-01,[62025],[],,
67554,5,1989-10-01,"[62026,62027]","[1666,1667,1668]",,
67555,6,2021-10-01,"[62028,62029]","[1669,1670,1671]",,
67556,7,1933-07-01,[62030],[],,
67557,8,1989-10-01,[62031],[1672],,
67558,12,2005-07-01,"[62032,62033]","[1673,1674]",,
67559,13,2020-07-01,"[62034,62035]","[1675,1676,1677,1678]",,
67560,14,1936-07-01,[],[],,
67561,15,1973-07-01,[62036],"[1679,1680]",,
67562,1,1933-08-01,[62037],[],,
67563,2,1910-08-01,[62038],[],,
67564,3,1910-08-01,[62039],[],,
67565,4,1910-08-01,[62040],[],,
67566,5,1989-11-01,"[62041,62042]","[1681,1682,1683]",,
67567,6,2021-11-01,"[62043,62044]","[1684,1685,1686]",,
67568,7,1933-08-01,[62045],[],,
67569,8,1989-11-01,[62046],[1687],,
67570,12,2005-08-01,"[62047,62048]","[1688,1689]",,
67571,13,2020-08-01,"[62049,62050]","[1690,1691,1692,1693]",,
67572,14,1936-08-01,[],[],,
67573,15,1973-08-01,[62051],"[1694,1695]",,
67574,1,1933-09-01,[62052],[],,
67575,2,1910-09-01,[62053],[],,
67576,3,1910-09-01,[62054],[],,
67577,4,1910-09-01,[62055],[],,
67578,5,1989-12-01,"[62056,62057]","[1696,1697,1698]",,
67579,6,2021-12-01,"[62058,62059]","[1699,1700,1701]",,
67580,7,1933-09-01,[62060],[],,
67581,8,1989-12-01,[62061],[1702],,
67582,12,2005-09-01,"[62062,62063]","[1703,1704]",,
67583,13,2020-09-01,"[62064,62065]","[1705,1706,1707,1708]",,
67584,14,1936-09-01,[],[],,
67585,15,1973-09-01,[62066],"[1709,1710]",,
67586,1,1933-10-01,[62067],[],,
67587,2,1910-10-01,[62068],[],,
67588,3,1910-10-01,[62069],[],,
67589,4,1910-10-01,[62070],[],,
67590,5,1990-01-01,"[62071,62072]","[1711,1712,1713]",,
67591,6,2022-01-01,"[62073,62074]","[1714,1715,1716]",,
67592,7,1933-10-01,[62075],[],,
67593,8,1990-01-01,[62076],[1717],,
67594,12,2005-10-01,"[62077,62078]","[1718,1719]",,
67595,13,2020-10-01,"[62079,62080]","[1720,1721,1722,1723]",,
67596,14,1936-10-01,[],[],,
67597,15,1973-10-01,[62081],"[1724,1725]",,
67598,1,1933-11-01,[62082],[],,
67599,2,1910-11-01,[62083],[],,
67600,3,1910-11-01,[62084],[],,
67601,4,1910-11-01,[62085],[],,
67602,5,1990-02-01,"[62086,62087]","[1726,1727,1728]",,
67603,6,2022-02-01,"[62088,62089]","[1729,1730,1731]",,
67604,7,1933-11-01,[62090],[],,
67605,8,1990-02-01,[62091],[1732],,
67606,12,2005-11-01,"[62092,62093]","[1733,1734]",,
67607,13,2020-11-01,"[62094,62095]","[1735,1736,1737,1738]",,
67608,14,1936-11-01,[],[],,
67609,15,1973-11-01,[62096],"[1739,1740]",,
67610,1,1933-12-01,[62097],[],,
67611,2,1910-12-01,[62098],[],,
67612,3,1910-12-01,[62099],[],,
67613,4,1910-12-01,[62100],[],,
67614,5,1990-03-01,"[62101,62102]","[1741,1742,1743]",,
67615,6,2022-03-01,"[62103,62104]","[1744,1745,1746]",,
67616,7,1933-12-01,[62105],[],,
67617,8,1990-03-01,[62106],[1747],,
67618,12,2005-12-01,"[62107,62108]","[1748,1749]",,
67619,13,2020-12-01,"[62109,62110]","[1750,1751,1752,1753]",,
67620,14,1936-12-01,[],[],,
67621,15,1973-12-01,[62111],"[1754,1755]",,
67622,1,1934-01-01,[62112],[],,
67623,2,1911-01-01,[62113],[],,
67624,3,1911-01-01,[62114],[],,
67625,4,1911-01-01,[62115],[],,
67626,5,1990-04-01,"[62116,62117]","[1756,1757,1758]",,
67627,6,2022-04-01,"[62118,62119]","[1759,1760,1761]",,
67628,7,1934-01-01,[62120],[],,
67629,8,1990-04-01,[62121],[1762],,
67630,12,2006-01-01,"[62122,62123]","[1763,1764]",,
67631,13,2021-01-01,"[62124,62125]","[1765,1766,1767,1768]",,
67632,14,1937-01-01,[],[],,
67633,15,1974-01-01,[62126],"[1769,1770]",,
67634,1,1934-02-01,[62127],[],,
67635,2,1911-02-01,[62128],[],,
67636,3,1911-02-01,[62129],[],,
67637,4,1911-02-01,[62130],[],,
67638,5,1990-05-01,"[62131,62132]","[1771,1772,1773]",,
67639,6,2022-05-01,"[62133,62134]","[1774,1775,1776]",,
67640,7,1934-02-01,[62135],[],,
67641,8,1990-05-01,[62136],[1777],,
67642,12,2006-02-01,"[62137,62138]","[1778,1779]",,
67643,13,2021-02-01,"[62139,62140]","[1780,1781,1782,1783]",,
67644,14,1937-02-01,[],[],,
67645,15,1974-02-01,[62141],"[1784,1785]",,
67646,1,1934-03-01,[62142],[],,
67647,2,1911-03-01,[62143],[],,
67648,3,1911-03-01,[62144],[],,
67649,4,1911-03-01,[62145],[],,
67650,5,1990-06-01,"[62146,62147]","[1786,1787,1788]",,
67651,6,2022-06-01,"[62148,62149]","[1789,1790,1791]",,
67652,7,1934-03-01,[62150],[],,
67653,8,1990-06-01,[62151],[1792],,
67654,12,2006-03-01,"[62152,62153]","[1793,1794]",,
67655,13,2021-03-01,"[62154,62155]","[1795,1796,1797,1798]",,
67656,14,1937-03-01,[],[],,
67657,15,1974-03-01,[62156],"[1799,1800]",,
67658,1,1934-04-01,[62157],[],,
67659,2,1911-04-01,[62158],[],,
67660,3,1911-04-01,[62159],[],,
67661,4,1911-04-01,[62160],[],,
67662,5,1990-07-01,"[62161,62162]","[1801,1802,1803,1804]",,
67663,6,2022-07-01,"[62163,62164]","[1805,1806,1807,1808]",,
67664,7,1934-04-01,[62165],[],,
67665,8,1990-07-01,[62166],[1809],,
67666,12,2006-04-01,"[62167,62168]","[1810,1811]",,
67667,13,2021-04-01,"[62169,62170]","[1812,1813,1814,1815]",,
67668,14,1937-04-01,[],[],,
67669,15,1974-04-01,[62171],"[1816,1817]",,
67670,1,1934-05-01,[62172],[],,
67671,2,1911-05-01,[62173],[],,
67672,3,1911-05-01,[62174],[],,
67673,4,1911-05-01,[62175],[],,
67674,5,1990-08-01,"[62176,62177]","[1818,1819,1820,1821]",,
67675,6,2022-08-01,"[62178,62179]","[1822,1823,1824,1825]",,
67676,7,1934-05-01,[62180],[],,
67677,8,1990-08-01,[62181],[1826],,
67678,12,2006-05-01,"[62182,62183]","[1827,1828]",,
67679,13,2021-05-01,"[62184,62185]","[1829,1830,1831,1832]",,
67680,14,1937-05-01,[],[],,
67681,15,1974-05-01,[62186],"[1833,1834]",,
67682,1,1934-06-01,[62187],[],,
67683,2,1911-06-01,[62188],[],,
67684,3,1911-06-01,[62189],[],,
67685,4,1911-06-01,[62190],[],,
67686,5,1990-09-01,"[62191,62192]","[1835,1836,1837,1838]",,
67687,6,2022-09-01,"[62193,62194]","[1839,1840,1841,1842]",,
67688,7,1934-06-01,[62195],[],,
67689,8,1990-09-01,[62196],[1843],,
67690,12,2006-06-01,"[62197,62198]","[1844,1845]",,
67691,13,2021-06-01,"[62199,62200]","[1846,1847,1848,1849]",,
67692,14,1937-06-01,[],[],,
67693,15,1974-06-01,[62201],"[1850,1851]",,
67694,1,1934-07-01,[62202],[],,
67695,2,1911-07-01,[62203],[],,
67696,3,1911-07-01,[62204],[],,
67697,4,1911-07-01,[62205],[],,
67698,5,1990-10-01,"[62206,62207]","[1852,1853,1854,1855]",,
67699,6,2022-10-01,"[62208,62209]","[1856,1857,1858,1859]",,
67700,7,1934-07-01,[62210],[],,
67701,8,1990-10-01,[62211],[1860],,
67702,12,2006-07-01,"[62212,62213]","[1861,1862]",,
67703,13,2021-07-01,"[62214,62215]","[1863,1864,1865,1866]",,
67704,14,1937-07-01,[],[],,
67705,15,1974-07-01,[62216],"[1867,1868]",,
67706,1,1934-08-01,[62217],[],,
67707,2,1911-08-01,[62218],[],,
67708,3,1911-08-01,[62219],[],,
67709,4,1911-08-01,[62220],[],,
67710,5,1990-11-01,"[62221,62222]","[1869,1870,1871,1872]",,
67711,6,2022-11-01,"[62223,62224]","[1873,1874,1875,1876]",,
67712,7,1934-08-01,[62225],[],,
67713,8,1990-11-01,[62226],[1877],,
67714,12,2006-08-01,"[62227,62228]","[1878,1879]",,
67715,13,2021-08-01,"[62229,62230]","[1880,1881,1882,1883]",,
67716,14,1937-08-01,[],[],,
67717,15,1974-08-01,[62231],"[1884,1885]",,
67718,1,1934-09-01,[62232],[],,
67719,2,1911-09-01,[62233],[],,
67720,3,1911-09-01,[62234],[],,
67721,4,1911-09-01,[62235],[],,
67722,5,1990-12-01,"[62236,62237]","[1886,1887,1888,1889]",,
67723,6,2022-12-01,"[62238,62239]","[1890,1891,1892,1893]",,
67724,7,1934-09-01,[62240],[],,
67725,8,1990-12-01,[62241],[1894],,
67726,12,2006-09-01,"[62242,62243]","[1895,1896]",,
67727,13,2021-09-01,"[62244,62245]","[1897,1898,1899,1900]",,
67728,14,1937-09-01,[],[],,
67729,15,1974-09-01,[62246],"[1901,1902]",,
67730,1,1934-10-01,[62247],[],,
67731,2,1911-10-01,[62248],[],,
67732,3,1911-10-01,[62249],[],,
67733,4,1911-10-01,[62250],[],,
67734,5,1991-01-01,"[62251,62252]","[1903,1904,1905,1906]",,
67735,6,2023-01-01,"[62253,62254]","[1907,1908,1909,1910]",,
67736,7,1934-10-01,[62255],[],,
67737,8,1991-01-01,[62256],[1911],,
67738,12,2006-10-01,"[62257,62258]","[1912,1913]",,
67739,13,2021-10-01,"[62259,62260]","[1914,1915,1916,1917]",,
67740,14,1937-10-01,[],[],,
67741,15,1974-10-01,[62261],"[1918,1919]",,
67742,1,1934-11-01,[62262],[],,
67743,2,1911-11-01,[62263],[],,
67744,3,1911-11-01,[62264],[],,
67745,4,1911-11-01,[62265],[],,
67746,5,1991-02-01,"[62266,62267]","[1920,1921,1922,1923]",,
67747,6,2023-02-01,"[62268,62269]","[1924,1925,1926,1927]",,
67748,7,1934-11-01,[62270],[],,
67749,8,1991-02-01,[62271],[1928],,
67750,12,2006-11-01,"[62272,62273]","[1929,1930]",,
67751,13,2021-11-01,"[62274,62275]","[1931,1932,1933,1934]",,
67752,14,1937-11-01,[],[],,
67753,15,1974-11-01,[62276],"[1935,1936]",,
67754,1,1934-12-01,[62277],[],,
67755,2,1911-12-01,[62278],[],,
67756,3,1911-12-01,[62279],[],,
67757,4,1911-12-01,[62280],[],,
67758,5,1991-03-01,"[62281,62282]","[1937,1938,1939,1940]",,
67759,6,2023-03-01,"[62283,62284]","[1941,1942,1943,1944]",,
67760,7,1934-12-01,[62285],[],,
67761,8,1991-03-01,[62286],[1945],,
67762,12,2006-12-01,"[62287,62288]","[1946,1947]",,
67763,13,2021-12-01,"[62289,62290]","[1948,1949,1950,1951]",,
67764,14,1937-12-01,[],[],,
67765,15,1974-12-01,[62291],"[1952,1953]",,
67766,1,1935-01-01,[62292],[],,
67767,2,1912-01-01,[62293],[],,
67768,3,1912-01-01,[62294],[],,
67769,4,1912-01-01,[62295],[],,
67770,5,1991-04-01,"[62296,62297]","[1954,1955,1956,1957]",,
67771,6,2023-04-01,"[62298,62299]","[1958,1959,1960,1961]",,
67772,7,1935-01-01,[62300],[],,
67773,8,1991-04-01,[62301],[1962],,
67774,12,2007-01-01,"[62302,62303]","[1963,1964]",,
67775,13,2022-01-01,"[62304,62305]","[1965,1966,1967,1968]",,
67776,14,1938-01-01,[],[],,
67777,15,1975-01-01,[62306],"[1969,1970]",,
67778,1,1935-02-01,[62307],[],,
67779,2,1912-02-01,[62308],[],,
67780,3,1912-02-01,[62309],[],,
67781,4,1912-02-01,[62310],[],,
67782,5,1991-05-01,"[62311,62312]","[1971,1972,1973,1974]",,
67783,6,2023-05-01,"[62313,62314]","[1975,1976,1977,1978]",,
67784,7,1935-02-01,[62315],[],,
67785,8,1991-05-01,[62316],[1979],,
67786,12,2007-02-01,"[62317,62318]","[1980,1981]",,
67787,13,2022-02-01,"[62319,62320]","[1982,1983,1984,1985]",,
67788,14,1938-02-01,[],[],,
67789,15,1975-02-01,[62321],"[1986,1987]",,
67790,1,1935-03-01,[62322],[],,
67791,2,1912-03-01,[62323],[],,
67792,3,1912-03-01,[62324],[],,
67793,4,1912-03-01,[62325],[],,
67794,5,1991-06-01,"[62326,62327]","[1988,1989,1990,1991]",,
67795,6,2023-06-01,"[62328,62329]","[1992,1993,1994,1995]",,
67796,7,1935-03-01,[62330],[],,
67797,8,1991-06-01,[62331],[1996],,
67798,12,2007-03-01,"[62332,62333]","[1997,1998]",,
67799,13,2022-03-01,"[62334,62335]","[1999,2000,2001,2002]",,
67800,14,1938-03-01,[],[],,
67801,15,1975-03-01,[62336],"[2003,2004]",,
67802,1,1935-04-01,[62337],[],,
67803,2,1912-04-01,[62338],[],,
67804,3,1912-04-01,[62339],[],,
67805,4,1912-04-01,[62340],[],,
67806,5,1991-07-01,"[62341,62342]","[2005,2006,2007,2008]",,
67807,6,2023-07-01,"[62343,62344]","[2009,2010,2011,2012]",,
67808,7,1935-04-01,[62345],[],,
67809,8,1991-07-01,[62346],[2013],,
67810,12,2007-04-01,"[62347,62348]","[2014,2015]",,
67811,13,2022-04-01,"[62349,62350]","[2016,2017,2018,2019]",,
67812,14,1938-04-01,[],[],,
67813,15,1975-04-01,[62351],"[2020,2021]",,
67814,1,1935-05-01,[62352],[],,
67815,2,1912-05-01,[62353],[],,
67816,3,1912-05-01,[62354],[],,
67817,4,1912-05-01,[62355],[],,
67818,5,1991-08-01,"[62356,62357]","[2022,2023,2024,2025]",,
67819,6,2023-08-01,"[62358,62359]","[2026,2027,2028,2029]",,
67820,7,1935-05-01,[62360],[],,
67821,8,1991-08-01,[62361],[2030],,
67822,12,2007-05-01,"[62362,62363]","[2031,2032]",,
67823,13,2022-05-01,"[62364,62365]","[2033,2034,2035,2036]",,
67824,14,1938-05-01,[],[],,
67825,15,1975-05-01,[62366],"[2037,2038]",,
67826,1,1935-06-01,[62367],[],,
67827,2,1912-06-01,[62368],[],,
67828,3,1912-06-01,[62369],[],,
67829,4,1912-06-01,[62370],[],,
67830,5,1991-09-01,"[62371,62372]","[2039,2040,2041,2042]",,
67831,6,2023-09-01,"[62373,62374]","[2043,2044,2045,2046]",,
67832,7,1935-06-01,[62375],[],,
67833,8,1991-09-01,[62376],[2047],,
67834,12,2007-06-01,"[62377,62378]","[2048,2049]",,
67835,13,2022-06-01,"[62379,62380]","[2050,2051,2052,2053]",,
67836,14,1938-06-01,[],[],,
67837,15,1975-06-01,[62381],"[2054,2055]",,
67838,1,1935-07-01,[62382],[],,
67839,2,1912-07-01,[62383],[],,
67840,3,1912-07-01,[62384],[],,
67841,4,1912-07-01,[62385],[],,
67842,5,1991-10-01,"[62386,62387]","[2056,2057,2058,2059]",,
67843,6,2023-10-01,"[62388,62389]","[2060,2061,2062,2063]",,
67844,7,1935-07-01,[62390],[],,
67845,8,1991-10-01,[62391],[2064],,
67846,12,2007-07-01,"[62392,62393]","[2065,2066,2067]",,
67847,13,2022-07-01,"[62394,62395]","[2068,2069,2070,2071]",,
67848,14,1938-07-01,[],[],,
67849,15,1975-07-01,[62396],"[2072,2073]",,
67850,1,1935-08-01,[62397],[],,
67851,2,1912-08-01,[62398],[],,
67852,3,1912-08-01,[62399],[],,
67853,4,1912-08-01,[62400],[],,
67854,5,1991-11-01,"[62401,62402]","[2074,2075,2076,2077]",,
67855,6,2023-11-01,"[62403,62404]","[2078,2079,2080,2081]",,
67856,7,1935-08-01,[62405],[],,
67857,8,1991-11-01,[62406],[2082],,
67858,12,2007-08-01,"[62407,62408]","[2083,2084,2085]",,
67859,13,2022-08-01,"[62409,62410]","[2086,2087,2088,2089]",,
67860,14,1938-08-01,[],[],,
67861,15,1975-08-01,[62411],"[2090,2091]",,
67862,1,1935-09-01,[62412],[],,
67863,2,1912-09-01,[62413],[],,
67864,3,1912-09-01,[62414],[],,
67865,4,1912-09-01,[62415],[],,
67866,5,1991-12-01,"[62416,62417]","[2092,2093,2094,2095]",,
67867,6,2023-12-01,"[62418,62419]","[2096,2097,2098,2099]",,
67868,7,1935-09-01,[62420],[],,
67869,8,1991-12-01,[62421],[2100],,
67870,12,2007-09-01,"[62422,62423]","[2101,2102,2103]",,
67871,13,2022-09-01,"[62424,62425]","[2104,2105,2106,2107]",,
67872,14,1938-09-01,[],[],,
67873,15,1975-09-01,[62426],"[2108,2109]",,
67874,1,1935-10-01,[62427],[],,
67875,2,1912-10-01,[62428],[],,
67876,3,1912-10-01,[62429],[],,
67877,4,1912-10-01,[62430],[],,
67878,5,1992-01-01,"[62431,62432]","[2110,2111,2112,2113]",,
67879,6,2024-01-01,"[62433,62434]","[2114,2115,2116,2117]",,
67880,7,1935-10-01,[62435],[],,
67881,8,1992-01-01,[62436],[2118],,
67882,12,2007-10-01,"[62437,62438]","[2119,2120,2121]",,
67883,13,2022-10-01,"[62439,62440]","[2122,2123,2124,2125]",,
67884,14,1938-10-01,[],[],,
67885,15,1975-10-01,[62441],"[2126,2127]",,
67886,1,1935-11-01,[62442],[],,
67887,2,1912-11-01,[62443],[],,
67888,3,1912-11-01,[62444],[],,
67889,4,1912-11-01,[62445],[],,
67890,5,1992-02-01,"[62446,62447]","[2128,2129,2130,2131]",,
67891,6,2024-02-01,"[62448,62449]","[2132,2133,2134,2135]",,
67892,7,1935-11-01,[62450],[],,
67893,8,1992-02-01,[62451],[2136],,
67894,12,2007-11-01,"[62452,62453]","[2137,2138,2139]",,
67895,13,2022-11-01,"[62454,62455]","[2140,2141,2142,2143]",,
67896,14,1938-11-01,[],[],,
67897,15,1975-11-01,[62456],"[2144,2145]",,
67898,1,1935-12-01,[62457],[],,
67899,2,1912-12-01,[62458],[],,
67900,3,1912-12-01,[62459],[],,
67901,4,1912-12-01,[62460],[],,
67902,5,1992-03-01,"[62461,62462]","[2146,2147,2148,2149]",,
67903,6,2024-03-01,"[62463,62464]","[2150,2151,2152,2153]",,
67904,7,1935-12-01,[62465],[],,
67905,8,1992-03-01,[62466],[2154],,
67906,12,2007-12-01,"[62467,62468]","[2155,2156,2157]",,
67907,13,2022-12-01,"[62469,62470]","[2158,2159,2160,2161]",,
67908,14,1938-12-01,[],[],,
67909,15,1975-12-01,[62471],"[2162,2163]",,
67910,1,1936-01-01,[62472],[],,
67911,2,1913-01-01,[62473],[],,
67912,3,1913-01-01,[62474],[],,
67913,4,1913-01-01,[62475],[],,
67914,5,1992-04-01,"[62476,62477]","[2164,2165,2166,2167]",,
67915,6,2024-04-01,"[62478,62479]","[2168,2169,2170,2171]",,
67916,7,1936-01-01,[62480],[],,
67917,8,1992-04-01,[62481],[2172],,
67918,12,2008-01-01,"[62482,62483]","[2173,2174,2175]",,
67919,13,2023-01-01,"[62484,62485]","[2176,2177,2178,2179]",,
67920,14,1939-01-01,[],[],,
67921,15,1976-01-01,[62486],"[2180,2181]",,
67922,1,1936-02-01,[62487],[],,
67923,2,1913-02-01,[62488],[],,
67924,3,1913-02-01,[62489],[],,
67925,4,1913-02-01,[62490],[],,
67926,5,1992-05-01,"[62491,62492]","[2182,2183,2184,2185]",,
67927,6,2024-05-01,"[62493,62494]","[2186,2187,2188,2189]",,
67928,7,1936-02-01,[62495],[],,
67929,8,1992-05-01,[62496],[2190],,
67930,12,2008-02-01,"[62497,62498]","[2191,2192,2193]",,
67931,13,2023-02-01,"[62499,62500]","[2194,2195,2196,2197]",,
67932,14,1939-02-01,[],[],,
67933,15,1976-02-01,[62501],"[2198,2199]",,
67934,1,1936-03-01,[62502],[],,
67935,2,1913-03-01,[62503],[],,
67936,3,1913-03-01,[62504],[],,
67937,4,1913-03-01,[62505],[],,
67938,5,1992-06-01,"[62506,62507]","[2200,2201,2202,2203]",,
67939,6,2024-06-01,"[62508,62509]","[2204,2205,2206,2207]",,
67940,7,1936-03-01,[62510],[],,
67941,8,1992-06-01,[62511],[2208],,
67942,12,2008-03-01,"[62512,62513]","[2209,2210,2211]",,
67943,13,2023-03-01,"[62514,62515]","[2212,2213,2214,2215]",,
67944,14,1939-03-01,[],[],,
67945,15,1976-03-01,[62516],"[2216,2217]",,
67946,1,1936-04-01,[62517],[],,
67947,2,1913-04-01,[62518],[],,
67948,3,1913-04-01,[62519],[],,
67949,4,1913-04-01,[62520],[],,
67950,5,1992-07-01,"[62521,62522]","[2218,2219,2220,2221]",,
67951,6,2024-07-01,"[62523,62524]","[2222,2223,2224,2225]",,
67952,7,1936-04-01,[62525],[],,
67953,8,1992-07-01,[62526],[2226],,
67954,12,2008-04-01,"[62527,62528]","[2227,2228,2229]",,
67955,13,2023-04-01,"[62529,62530]","[2230,2231,2232,2233]",,
67956,14,1939-04-01,[],[],,
67957,15,1976-04-01,[62531],"[2234,2235]",,
67958,1,1936-05-01,[62532],[],,
67959,2,1913-05-01,[62533],[],,
67960,3,1913-05-01,[62534],[],,
67961,4,1913-05-01,[62535],[],,
67962,5,1992-08-01,"[62536,62537]","[2236,2237,2238,2239]",,
67963,6,2024-08-01,"[62538,62539]","[2240,2241,2242,2243]",,
67964,7,1936-05-01,[62540],[],,
67965,8,1992-08-01,[62541],[2244],,
67966,12,2008-05-01,"[62542,62543]","[2245,2246,2247]",,
67967,13,2023-05-01,"[62544,62545]","[2248,2249,2250,2251]",,
67968,14,1939-05-01,[],[],,
67969,15,1976-05-01,[62546],"[2252,2253]",,
67970,1,1936-06-01,[62547],[],,
67971,2,1913-06-01,[62548],[],,
67972,3,1913-06-01,[62549],[],,
67973,4,1913-06-01,[62550],[],,
67974,5,1992-09-01,"[62551,62552]","[2254,2255,2256,2257]",,
67975,6,2024-09-01,"[62553,62554]","[2258,2259,2260,2261]",,
67976,7,1936-06-01,[62555],[],,
67977,8,1992-09-01,[62556],[2262],,
67978,12,2008-06-01,"[62557,62558]","[2263,2264,2265]",,
67979,13,2023-06-01,"[62559,62560]","[2266,2267,2268,2269]",,
67980,14,1939-06-01,[],[],,
67981,15,1976-06-01,[62561],"[2270,2271]",,
67982,1,1936-07-01,[62562],[],,
67983,2,1913-07-01,[62563],[],,
67984,3,1913-07-01,[62564],[],,
67985,4,1913-07-01,[62565],[],,
67986,5,1992-10-01,"[62566,62567]","[2272,2273,2274,2275]",,
67987,6,2024-10-01,"[62568,62569]","[2276,2277,2278,2279]",,
67988,7,1936-07-01,[62570],[],,
67989,8,1992-10-01,[62571],[2280],,
67990,12,2008-07-01,"[62572,62573]","[2281,2282,2283]",,
67991,13,2023-07-01,"[62574,62575]","[2284,2285,2286,2287]",,
67992,14,1939-07-01,[],[],,
67993,15,1976-07-01,[62576],"[2288,2289]",,
67994,1,1936-08-01,[62577],[],,
67995,2,1913-08-01,[62578],[],,
67996,3,1913-08-01,[62579],[],,
67997,4,1913-08-01,[62580],[],,
67998,5,1992-11-01,"[62581,62582]","[2290,2291,2292,2293]",,
67999,6,2024-11-01,"[62583,62584]","[2294,2295,2296,2297]",,
68000,7,1936-08-01,[62585],[],,
68001,8,1992-11-01,[62586],[2298],,
68002,12,2008-08-01,"[62587,62588]","[2299,2300,2301]",,
68003,13,2023-08-01,"[62589,62590]","[2302,2303,2304,2305]",,
68004,14,1939-08-01,[],[],,
68005,15,1976-08-01,[62591],"[2306,2307]",,
68006,1,1936-09-01,[62592],[],,
68007,2,1913-09-01,[62593],[],,
68008,3,1913-09-01,[62594],[],,
68009,4,1913-09-01,[62595],[],,
68010,5,1992-12-01,"[62596,62597]","[2308,2309,2310,2311]",,
68011,6,2024-12-01,"[62598,62599]","[2312,2313,2314,2315]",,
68012,7,1936-09-01,[62600],[],,
68013,8,1992-12-01,[62601],[2316],,
68014,12,2008-09-01,"[62602,62603]","[2317,2318,2319]",,
68015,13,2023-09-01,"[62604,62605]","[2320,2321,2322,2323]",,
68016,14,1939-09-01,[],[],,
68017,15,1976-09-01,[62606],"[2324,2325]",,
68018,1,1936-10-01,[62607],[],,
68019,2,1913-10-01,[62608],[],,
68020,3,1913-10-01,[62609],[],,
68021,4,1913-10-01,[62610],[],,
68022,5,1993-01-01,"[62611,62612]","[2326,2327,2328,2329]",,
68023,6,2025-01-01,"[62613,62614]","[2330,2331,2332,2333]",,
68024,7,1936-10-01,[62615],[],,
68025,8,1993-01-01,[62616],[2334],,
68026,12,2008-10-01,"[62617,62618]","[2335,2336,2337]",,
68027,13,2023-10-01,"[62619,62620]","[2338,2339,2340,2341]",,
68028,14,1939-10-01,[],[],,
68029,15,1976-10-01,[62621],"[2342,2343]",,
68030,1,1936-11-01,[62622],[],,
68031,2,1913-11-01,[62623],[],,
68032,3,1913-11-01,[62624],[],,
68033,4,1913-11-01,[62625],[],,
68034,5,1993-02-01,"[62626,62627]","[2344,2345,2346,2347]",,
68035,6,2025-02-01,"[62628,62629]","[2348,2349,2350,2351]",,
68036,7,1936-11-01,[62630],[],,
68037,8,1993-02-01,[62631],[2352],,
68038,12,2008-11-01,"[62632,62633]","[2353,2354,2355]",,
68039,13,2023-11-01,"[62634,62635]","[2356,2357,2358,2359]",,
68040,14,1939-11-01,[],[],,
68041,15,1976-11-01,[62636],"[2360,2361]",,
68042,1,1936-12-01,[62637],[],,
68043,2,1913-12-01,[62638],[],,
68044,3,1913-12-01,[62639],[],,
68045,4,1913-12-01,[62640],[],,
68046,5,1993-03-01,"[62641,62642]","[2362,2363,2364,2365]",,
68047,6,2025-03-01,"[62643,62644]","[2366,2367,2368,2369]",,
68048,7,1936-12-01,[62645],[],,
68049,8,1993-03-01,[62646],[2370],,
68050,12,2008-12-01,"[62647,62648]","[2371,2372,2373]",,
68051,13,2023-12-01,"[62649,62650]","[2374,2375,2376,2377]",,
68052,14,1939-12-01,[],[],,
68053,15,1976-12-01,[62651],"[2378,2379]",,
68054,1,1937-01-01,[62652],[],,
68055,2,1914-01-01,[62653],[],,
68056,3,1914-01-01,[62654],[],,
68057,4,1914-01-01,[62655],[],,
68058,5,1993-04-01,"[62656,62657]","[2380,2381,2382,2383]",,
68059,6,2025-04-01,"[62658,62659]","[2384,2385,2386,2387]",,
68060,7,1937-01-01,[62660],[],,
68061,8,1993-04-01,[62661],[2388],,
68062,12,2009-01-01,"[62662,62663]","[2389,2390,2391]",,
68063,13,2024-01-01,"[62664,62665]","[2392,2393,2394,2395]",,
68064,14,1940-01-01,[],[],,
68065,15,1977-01-01,[62666],"[2396,2397]",,
68066,1,1937-02-01,[62667],[],,
68067,2,1914-02-01,[62668],[],,
68068,3,1914-02-01,[62669],[],,
68069,4,1914-02-01,[62670],[],,
68070,5,1993-05-01,"[62671,62672]","[2398,2399,2400,2401]",,
68071,6,2025-05-01,"[62673,62674]","[2402,2403,2404,2405]",,
68072,7,1937-02-01,[62675],[],,
68073,8,1993-05-01,[62676],[2406],,
68074,12,2009-02-01,"[62677,62678]","[2407,2408,2409]",,
68075,13,2024-02-01,"[62679,62680]","[2410,2411,2412,2413]",,
68076,14,1940-02-01,[],[],,
68077,15,1977-02-01,[62681],"[2414,2415]",,
68078,1,1937-03-01,[62682],[],,
68079,2,1914-03-01,[62683],[],,
68080,3,1914-03-01,[62684],[],,
68081,4,1914-03-01,[62685],[],,
68082,5,1993-06-01,"[62686,62687]","[2416,2417,2418,2419]",,
68083,6,2025-06-01,"[62688,62689]","[2420,2421,2422,2423]",,
68084,7,1937-03-01,[62690],[],,
68085,8,1993-06-01,[62691],[2424],,
68086,12,2009-03-01,"[62692,62693]","[2425,2426,2427]",,
68087,13,2024-03-01,"[62694,62695]","[2428,2429,2430,2431]",,
68088,14,1940-03-01,[],[],,
68089,15,1977-03-01,[62696],"[2432,2433]",,
68090,1,1937-04-01,[62697],[],,
68091,2,1914-04-01,[62698],[],,
68092,3,1914-04-01,[62699],[],,
68093,4,1914-04-01,[62700],[],,
68094,5,1993-07-01,"[62701,62702]","[2434,2435,2436,2437]",,
68095,6,2025-07-01,"[62703,62704]","[2438,2439,2440,2441]",,
68096,7,1937-04-01,[62705],[],,
68097,8,1993-07-01,[62706],[2442],,
68098,12,2009-04-01,"[62707,62708]","[2443,2444,2445]",,
68099,13,2024-04-01,"[62709,62710]","[2446,2447,2448,2449]",,
68100,14,1940-04-01,[],[],,
68101,15,1977-04-01,[62711],"[2450,2451]",,
68102,1,1937-05-01,[62712],[],,
68103,2,1914-05-01,[62713],[],,
68104,3,1914-05-01,[62714],[],,
68105,4,1914-05-01,[62715],[],,
68106,5,1993-08-01,"[62716,62717]","[2452,2453,2454,2455]",,
68107,6,2025-08-01,"[62718,62719]","[2456,2457,2458,2459]",,
68108,7,1937-05-01,[62720],[],,
68109,8,1993-08-01,[62721],[2460],,
68110,12,2009-05-01,"[62722,62723]","[2461,2462,2463]",,
68111,13,2024-05-01,"[62724,62725]","[2464,2465,2466,2467]",,
68112,14,1940-05-01,[],[],,
68113,15,1977-05-01,[62726],"[2468,2469]",,
68114,1,1937-06-01,[62727],[],,
68115,2,1914-06-01,[62728],[],,
68116,3,1914-06-01,[62729],[],,
68117,4,1914-06-01,[62730],[],,
68118,5,1993-09-01,"[62731,62732]","[2470,2471,2472,2473]",,
68119,6,2025-09-01,"[62733,62734]","[2474,2475,2476,2477]",,
68120,7,1937-06-01,[62735],[],,
68121,8,1993-09-01,[62736],[2478],,
68122,12,2009-06-01,"[62737,62738]","[2479,2480,2481]",,
68123,13,2024-06-01,"[62739,62740]","[2482,2483,2484,2485]",,
68124,14,1940-06-01,[],[],,
68125,15,1977-06-01,[62741],"[2486,2487]",,
68126,1,1937-07-01,[62742],[],,
68127,2,1914-07-01,[62743],[],,
68128,3,1914-07-01,[62744],[],,
68129,4,1914-07-01,[62745],[],,
68130,5,1993-10-01,"[62746,62747]","[2488,2489,2490,2491]",,
68131,6,2025-10-01,"[62748,62749]","[2492,2493,2494,2495]",,
68132,7,1937-07-01,[62750],[],,
68133,8,1993-10-01,[62751],[2496],,
68134,12,2009-07-01,"[62752,62753]","[2497,2498,2499]",,
68135,13,2024-07-01,"[62754,62755]","[2500,2501,2502,2503]",,
68136,14,1940-07-01,[],[],,
68137,15,1977-07-01,[62756],"[2504,2505]",,
68138,1,1937-08-01,[62757],[],,
68139,2,1914-08-01,[62758],[],,
68140,3,1914-08-01,[62759],[],,
68141,4,1914-08-01,[62760],[],,
68142,5,1993-11-01,"[62761,62762]","[2506,2507,2508,2509]",,
68143,6,2025-11-01,"[62763,62764]","[2510,2511,2512,2513]",,
68144,7,1937-08-01,[62765],[],,
68145,8,1993-11-01,[62766],[2514],,
68146,12,2009-08-01,"[62767,62768]","[2515,2516,2517]",,
68147,13,2024-08-01,"[62769,62770]","[2518,2519,2520,2521]",,
68148,14,1940-08-01,[],[],,
68149,15,1977-08-01,[62771],"[2522,2523]",,
68150,1,1937-09-01,[62772],[],,
68151,2,1914-09-01,[62773],[],,
68152,3,1914-09-01,[62774],[],,
68153,4,1914-09-01,[62775],[],,
68154,5,1993-12-01,"[62776,62777]","[2524,2525,2526,2527]",,
68155,6,2025-12-01,"[62778,62779]","[2528,2529,2530,2531]",,
68156,7,1937-09-01,[62780],[],,
68157,8,1993-12-01,[62781],[2532],,
68158,12,2009-09-01,"[62782,62783]","[2533,2534,2535]",,
68159,13,2024-09-01,"[62784,62785]","[2536,2537,2538,2539]",,
68160,14,1940-09-01,[],[],,
68161,15,1977-09-01,[62786],"[2540,2541]",,
68162,1,1937-10-01,[62787],[],,
68163,2,1914-10-01,[62788],[],,
68164,3,1914-10-01,[62789],[],,
68165,4,1914-10-01,[62790],[],,
68166,5,1994-01-01,"[62791,62792]","[2542,2543,2544,2545]",,
68167,6,2026-01-01,"[62793,62794]","[2546,2547,2548,2549]",,
68168,7,1937-10-01,[62795],[],,
68169,8,1994-01-01,[62796],[2550],,
68170,12,2009-10-01,"[62797,62798]","[2551,2552,2553]",,
68171,13,2024-10-01,"[62799,62800]","[2554,2555,2556,2557]",,
68172,14,1940-10-01,[],[],,
68173,15,1977-10-01,[62801],"[2558,2559]",,
68174,1,1937-11-01,[62802],[],,
68175,2,1914-11-01,[62803],[],,
68176,3,1914-11-01,[62804],[],,
68177,4,1914-11-01,[62805],[],,
68178,5,1994-02-01,"[62806,62807]","[2560,2561,2562,2563]",,
68179,6,2026-02-01,"[62808,62809]","[2564,2565,2566,2567]",,
68180,7,1937-11-01,[62810],[],,
68181,8,1994-02-01,[62811],[2568],,
68182,12,2009-11-01,"[62812,62813]","[2569,2570,2571]",,
68183,13,2024-11-01,"[62814,62815]","[2572,2573,2574,2575]",,
68184,14,1940-11-01,[],[],,
68185,15,1977-11-01,[62816],"[2576,2577]",,
68186,1,1937-12-01,[62817],[],,
68187,2,1914-12-01,[62818],[],,
68188,3,1914-12-01,[62819],[],,
68189,4,1914-12-01,[62820],[],,
68190,5,1994-03-01,"[62821,62822]","[2578,2579,2580,2581]",,
68191,6,2026-03-01,"[62823,62824]","[2582,2583,2584,2585]",,
68192,7,1937-12-01,[62825],[],,
68193,8,1994-03-01,[62826],[2586],,
68194,12,2009-12-01,"[62827,62828]","[2587,2588,2589]",,
68195,13,2024-12-01,"[62829,62830]","[2590,2591,2592,2593]",,
68196,14,1940-12-01,[],[],,
68197,15,1977-12-01,[62831],"[2594,2595]",,
68198,1,1938-01-01,[62832],[],,
68199,2,1915-01-01,[62833],[],,
68200,3,1915-01-01,[62834],[],,
68201,4,1915-01-01,[62835],[],,
68202,5,1994-04-01,"[62836,62837]","[2596,2597,2598,2599]",,
68203,6,2026-04-01,"[62838,62839]","[2600,2601,2602,2603]",,
68204,7,1938-01-01,[62840],[],,
68205,8,1994-04-01,[62841],[2604],,
68206,12,2010-01-01,"[62842,62843]","[2605,2606,2607]",,
68207,13,2025-01-01,"[62844,62845]","[2608,2609,2610,2611]",,
68208,14,1941-01-01,[],[],,
68209,15,1978-01-01,[62846],"[2612,2613]",,
68210,1,1938-02-01,[62847],[],,
68211,2,1915-02-01,[62848],[],,
68212,3,1915-02-01,[62849],[],,
68213,4,1915-02-01,[62850],[],,
68214,5,1994-05-01,"[62851,62852]","[2614,2615,2616,2617]",,
68215,6,2026-05-01,"[62853,62854]","[2618,2619,2620,2621]",,
68216,7,1938-02-01,[62855],[],,
68217,8,1994-05-01,[62856],[2622],,
68218,12,2010-02-01,"[62857,62858]","[2623,2624,2625]",,
68219,13,2025-02-01,"[62859,62860]","[2626,2627,2628,2629]",,
68220,14,1941-02-01,[],[],,
68221,15,1978-02-01,[62861],"[2630,2631]",,
68222,1,1938-03-01,[62862],[],,
68223,2,1915-03-01,[62863],[],,
68224,3,1915-03-01,[62864],[],,
68225,4,1915-03-01,[62865],[],,
68226,5,1994-06-01,"[62866,62867]","[2632,2633,2634,2635]",,
68227,7,1938-03-01,[62868],[],,
68228,8,1994-06-01,[62869],[2636],,
68229,12,2010-03-01,"[62870,62871]","[2637,2638,2639]",,
68230,13,2025-03-01,"[62872,62873]","[2640,2641,2642,2643]",,
68231,14,1941-03-01,[],[],,
68232,15,1978-03-01,[62874],"[2644,2645]",,
68233,1,1938-04-01,[62875],[],,
68234,2,1915-04-01,[62876],[],,
68235,3,1915-04-01,[62877],[],,
68236,4,1915-04-01,[62878],[],,
68237,5,1994-07-01,"[62879,62880]","[2646,2647,2648,2649]",,
68238,7,1938-04-01,[62881],[],,
68239,8,1994-07-01,[62882],[2650],,
68240,12,2010-04-01,"[62883,62884]","[2651,2652,2653]",,
68241,13,2025-04-01,"[62885,62886]","[2654,2655,2656,2657]",,
68242,14,1941-04-01,[],[],,
68243,15,1978-04-01,[62887],"[2658,2659]",,
68244,1,1938-05-01,[62888],[],,
68245,2,1915-05-01,[62889],[],,
68246,3,1915-05-01,[62890],[],,
68247,4,1915-05-01,[62891],[],,
68248,5,1994-08-01,"[62892,62893]","[2660,2661,2662,2663]",,
68249,7,1938-05-01,[62894],[],,
68250,8,1994-08-01,[62895],[2664],,
68251,12,2010-05-01,"[62896,62897]","[2665,2666,2667]",,
68252,13,2025-05-01,"[62898,62899]","[2668,2669,2670,2671]",,
68253,14,1941-05-01,[],[],,
68254,15,1978-05-01,[62900],"[2672,2673]",,
68255,1,1938-06-01,[62901],[],,
68256,2,1915-06-01,[62902],[],,
68257,3,1915-06-01,[62903],[],,
68258,4,1915-06-01,[62904],[],,
68259,5,1994-09-01,"[62905,62906]","[2674,2675,2676,2677]",,
68260,7,1938-06-01,[62907],[],,
68261,8,1994-09-01,[62908],[2678],,
68262,12,2010-06-01,"[62909,62910]","[2679,2680,2681]",,
68263,13,2025-06-01,"[62911,62912]","[2682,2683,2684,2685]",,
68264,14,1941-06-01,[],[],,
68265,15,1978-06-01,[62913],"[2686,2687]",,
68266,1,1938-07-01,[62914],[],,
68267,2,1915-07-01,[62915],[],,
68268,3,1915-07-01,[62916],[],,
68269,4,1915-07-01,[62917],[],,
68270,5,1994-10-01,"[62918,62919]","[2688,2689,2690,2691]",,
68271,7,1938-07-01,[62920],[],,
68272,8,1994-10-01,[62921],[2692],,
68273,12,2010-07-01,"[62922,62923]","[2693,2694,2695]",,
68274,13,2025-07-01,"[62924,62925]","[2696,2697,2698,2699]",,
68275,14,1941-07-01,[],[],,
68276,15,1978-07-01,[62926],"[2700,2701]",,
68277,1,1938-08-01,[62927],[],,
68278,2,1915-08-01,[62928],[],,
68279,3,1915-08-01,[62929],[],,
68280,4,1915-08-01,[62930],[],,
68281,5,1994-11-01,"[62931,62932]","[2702,2703,2704,2705]",,
68282,7,1938-08-01,[62933],[],,
68283,8,1994-11-01,[62934],[2706],,
68284,12,2010-08-01,"[62935,62936]","[2707,2708,2709]",,
68285,13,2025-08-01,"[62937,62938]","[2710,2711,2712,2713]",,
68286,14,1941-08-01,[],[],,
68287,15,1978-08-01,[62939],"[2714,2715]",,
68288,1,1938-09-01,[62940],[],,
68289,2,1915-09-01,[62941],[],,
68290,3,1915-09-01,[62942],[],,
68291,4,1915-09-01,[62943],[],,
68292,5,1994-12-01,"[62944,62945]","[2716,2717,2718,2719]",,
68293,7,1938-09-01,[62946],[],,
68294,8,1994-12-01,[62947],[2720],,
68295,12,2010-09-01,"[62948,62949]","[2721,2722,2723]",,
68296,13,2025-09-01,"[62950,62951]","[2724,2725,2726,2727]",,
68297,14,1941-09-01,[],[],,
68298,15,1978-09-01,[62952],"[2728,2729]",,
68299,1,1938-10-01,[62953],[],,
68300,2,1915-10-01,[62954],[],,
68301,3,1915-10-01,[62955],[],,
68302,4,1915-10-01,[62956],[],,
68303,5,1995-01-01,"[62957,62958]","[2730,2731,2732,2733]",,
68304,7,1938-10-01,[62959],[],,
68305,8,1995-01-01,[62960],[2734],,
68306,12,2010-10-01,"[62961,62962]","[2735,2736,2737]",,
68307,13,2025-10-01,"[62963,62964]","[2738,2739,2740,2741]",,
68308,14,1941-10-01,[],[],,
68309,15,1978-10-01,[62965],"[2742,2743]",,
68310,1,1938-11-01,[62966],[],,
68311,2,1915-11-01,[62967],[],,
68312,3,1915-11-01,[62968],[],,
68313,4,1915-11-01,[62969],[],,
68314,5,1995-02-01,"[62970,62971]","[2744,2745,2746,2747]",,
68315,7,1938-11-01,[62972],[],,
68316,8,1995-02-01,[62973],[2748],,
68317,12,2010-11-01,"[62974,62975]","[2749,2750,2751]",,
68318,13,2025-11-01,"[62976,62977]","[2752,2753,2754,2755]",,
68319,14,1941-11-01,[],[],,
68320,15,1978-11-01,[62978],"[2756,2757]",,
68321,1,1938-12-01,[62979],[],,
68322,2,1915-12-01,[62980],[],,
68323,3,1915-12-01,[62981],[],,
68324,4,1915-12-01,[62982],[],,
68325,5,1995-03-01,"[62983,62984]","[2758,2759,2760,2761]",,
68326,7,1938-12-01,[62985],[],,
68327,8,1995-03-01,[62986],[2762],,
68328,12,2010-12-01,"[62987,62988]","[2763,2764,2765]",,
68329,13,2025-12-01,"[62989,62990]","[2766,2767,2768,2769]",,
68330,14,1941-12-01,[],[],,
68331,15,1978-12-01,[62991],"[2770,2771]",,
68332,1,1939-01-01,[62992],[],,
68333,2,1916-01-01,[62993],[],,
68334,3,1916-01-01,[62994],[],,
68335,4,1916-01-01,[62995],[],,
68336,5,1995-04-01,"[62996,62997]","[2772,2773,2774,2775]",,
68337,7,1939-01-01,[62998],[],,
68338,8,1995-04-01,[62999],[2776],,
68339,12,2011-01-01,"[63000,63001]","[2777,2778,2779]",,
68340,13,2026-01-01,"[63002,63003]","[2780,2781,2782,2783]",,
68341,14,1942-01-01,[],[],,
68342,15,1979-01-01,[63004],"[2784,2785]",,
68343,1,1939-02-01,[63005],[],,
68344,2,1916-02-01,[63006],[],,
68345,3,1916-02-01,[63007],[],,
68346,4,1916-02-01,[63008],[],,
68347,5,1995-05-01,"[63009,63010]","[2786,2787,2788,2789]",,
68348,7,1939-02-01,[63011],[],,
68349,8,1995-05-01,[63012],[2790],,
68350,12,2011-02-01,"[63013,63014]","[2791,2792,2793]",,
68351,13,2026-02-01,"[63015,63016]","[2794,2795,2796,2797]",,
68352,14,1942-02-01,[],[],,
68353,15,1979-02-01,[63017],"[2798,2799]",,
68354,1,1939-03-01,[63018],[],,
68355,2,1916-03-01,[63019],[],,
68356,3,1916-03-01,[63020],[],,
68357,4,1916-03-01,[63021],[],,
68358,5,1995-06-01,"[63022,63023]","[2800,2801,2802,2803]",,
68359,7,1939-03-01,[63024],[],,
68360,8,1995-06-01,[63025],[2804],,
68361,12,2011-03-01,"[63026,63027]","[2805,2806,2807]",,
68362,13,2026-03-01,"[63028,63029]","[2808,2809,2810,2811]",,
68363,14,1942-03-01,[],[],,
68364,15,1979-03-01,[63030],"[2812,2813]",,
68365,1,1939-04-01,[63031],[],,
68366,2,1916-04-01,[63032],[],,
68367,3,1916-04-01,[63033],[],,
68368,4,1916-04-01,[63034],[],,
68369,5,1995-07-01,"[63035,63036]","[2814,2815,2816,2817]",,
68370,7,1939-04-01,[63037],[],,
68371,8,1995-07-01,[63038],[2818],,
68372,12,2011-04-01,"[63039,63040]","[2819,2820,2821]",,
68373,13,2026-04-01,"[63041,63042]","[2822,2823,2824,2825]",,
68374,14,1942-04-01,[],[],,
68375,15,1979-04-01,[63043],"[2826,2827]",,
68376,1,1939-05-01,[63044],[],,
68377,2,1916-05-01,[63045],[],,
68378,3,1916-05-01,[63046],[],,
68379,4,1916-05-01,[63047],[],,
68380,5,1995-08-01,"[63048,63049]","[2828,2829,2830,2831]",,
68381,7,1939-05-01,[63050],[],,
68382,8,1995-08-01,[63051],[2832],,
68383,12,2011-05-01,"[63052,63053]","[2833,2834,2835]",,
68384,13,2026-05-01,"[63054,63055]","[2836,2837,2838,2839]",,
68385,14,1942-05-01,[],[],,
68386,15,1979-05-01,[63056],"[2840,2841]",,
68387,1,1939-06-01,[63057],[],,
68388,2,1916-06-01,[63058],[],,
68389,3,1916-06-01,[63059],[],,
68390,4,1916-06-01,[63060],[],,
68391,5,1995-09-01,"[63061,63062]","[2842,2843,2844,2845]",,
68392,7,1939-06-01,[63063],[],,
68393,8,1995-09-01,[63064],[2846],,
68394,12,2011-06-01,"[63065,63066]","[2847,2848,2849]",,
68395,14,1942-06-01,[],[],,
68396,15,1979-06-01,[63067],"[2850,2851]",,
68397,1,1939-07-01,[63068],[],,
68398,2,1916-07-01,[63069],[],,
68399,3,1916-07-01,[63070],[],,
68400,4,1916-07-01,[63071],[],,
68401,5,1995-10-01,"[63072,63073]","[2852,2853,2854,2855]",,
68402,7,1939-07-01,[63074],[],,
68403,8,1995-10-01,[63075],[2856],,
68404,12,2011-07-01,"[63076,63077]","[2857,2858,2859]",,
68405,14,1942-07-01,[],[],,
68406,15,1979-07-01,[63078],"[2860,2861]",,
68407,1,1939-08-01,[63079],[],,
68408,2,1916-08-01,[63080],[],,
68409,3,1916-08-01,[63081],[],,
68410,4,1916-08-01,[63082],[],,
68411,5,1995-11-01,"[63083,63084]","[2862,2863,2864,2865]",,
68412,7,1939-08-01,[63085],[],,
68413,8,1995-11-01,[63086],[2866],,
68414,12,2011-08-01,"[63087,63088]","[2867,2868,2869]",,
68415,14,1942-08-01,[],[],,
68416,15,1979-08-01,[63089],"[2870,2871]",,
68417,1,1939-09-01,[63090],[],,
68418,2,1916-09-01,[63091],[],,
68419,3,1916-09-01,[63092],[],,
68420,4,1916-09-01,[63093],[],,
68421,5,1995-12-01,"[63094,63095]","[2872,2873,2874,2875]",,
68422,7,1939-09-01,[63096],[],,
68423,8,1995-12-01,[63097],[2876],,
68424,12,2011-09-01,"[63098,63099]","[2877,2878,2879]",,
68425,14,1942-09-01,[],[],,
68426,15,1979-09-01,[63100],"[2880,2881]",,
68427,1,1939-10-01,[63101],[],,
68428,2,1916-10-01,[63102],[],,
68429,3,1916-10-01,[63103],[],,
68430,4,1916-10-01,[63104],[],,
68431,5,1996-01-01,"[63105,63106]","[2882,2883,2884,2885]",,
68432,7,1939-10-01,[63107],[],,
68433,8,1996-01-01,[63108],[2886],,
68434,12,2011-10-01,"[63109,63110]","[2887,2888,2889]",,
68435,14,1942-10-01,[],[],,
68436,15,1979-10-01,[63111],"[2890,2891]",,
68437,1,1939-11-01,[63112],[],,
68438,2,1916-11-01,[63113],[],,
68439,3,1916-11-01,[63114],[],,
68440,4,1916-11-01,[63115],[],,
68441,5,1996-02-01,"[63116,63117]","[2892,2893,2894,2895]",,
68442,7,1939-11-01,[63118],[],,
68443,8,1996-02-01,[63119],[2896],,
68444,12,2011-11-01,"[63120,63121]","[2897,2898,2899]",,
68445,14,1942-11-01,[],[],,
68446,15,1979-11-01,[63122],"[2900,2901]",,
68447,1,1939-12-01,[63123],[],,
68448,2,1916-12-01,[63124],[],,
68449,3,1916-12-01,[63125],[],,
68450,4,1916-12-01,[63126],[],,
68451,5,1996-03-01,"[63127,63128]","[2902,2903,2904,2905]",,
68452,7,1939-12-01,[63129],[],,
68453,8,1996-03-01,[63130],[2906],,
68454,12,2011-12-01,"[63131,63132]","[2907,2908,2909]",,
68455,14,1942-12-01,[],[],,
68456,15,1979-12-01,[63133],"[2910,2911]",,
68457,1,1940-01-01,[63134],[],,
68458,2,1917-01-01,[63135],[],,
68459,3,1917-01-01,[63136],[],,
68460,4,1917-01-01,[63137],[],,
68461,5,1996-04-01,"[63138,63139]","[2912,2913,2914,2915]",,
68462,7,1940-01-01,[63140],[],,
68463,8,1996-04-01,[63141],[2916],,
68464,12,2012-01-01,"[63142,63143]","[2917,2918,2919]",,
68465,14,1943-01-01,[],[],,
68466,15,1980-01-01,[63144],"[2920,2921]",,
68467,1,1940-02-01,[63145],[],,
68468,2,1917-02-01,[63146],[],,
68469,3,1917-02-01,[63147],[],,
68470,4,1917-02-01,[63148],[],,
68471,5,1996-05-01,"[63149,63150]","[2922,2923,2924,2925]",,
68472,7,1940-02-01,[63151],[],,
68473,8,1996-05-01,[63152],[2926],,
68474,12,2012-02-01,"[63153,63154]","[2927,2928,2929]",,
68475,14,1943-02-01,[],[],,
68476,15,1980-02-01,[63155],"[2930,2931]",,
68477,1,1940-03-01,[63156],[],,
68478,2,1917-03-01,[63157],[],,
68479,3,1917-03-01,[63158],[],,
68480,4,1917-03-01,[63159],[],,
68481,5,1996-06-01,"[63160,63161]","[2932,2933,2934,2935]",,
68482,7,1940-03-01,[63162],[],,
68483,8,1996-06-01,[63163],[2936],,
68484,12,2012-03-01,"[63164,63165]","[2937,2938,2939]",,
68485,14,1943-03-01,[],[],,
68486,15,1980-03-01,[63166],"[2940,2941]",,
68487,1,1940-04-01,[63167],[],,
68488,2,1917-04-01,[63168],[],,
68489,3,1917-04-01,[63169],[],,
68490,4,1917-04-01,[63170],[],,
68491,5,1996-07-01,"[63171,63172]","[2942,2943,2944,2945]",,
68492,7,1940-04-01,[63173],[],,
68493,8,1996-07-01,[63174],[2946],,
68494,12,2012-04-01,"[63175,63176]","[2947,2948,2949]",,
68495,14,1943-04-01,[],[],,
68496,15,1980-04-01,[63177],"[2950,2951]",,
68497,1,1940-05-01,[63178],[],,
68498,2,1917-05-01,[63179],[],,
68499,3,1917-05-01,[63180],[],,
68500,4,1917-05-01,[63181],[],,
68501,5,1996-08-01,"[63182,63183]","[2952,2953,2954,2955]",,
68502,7,1940-05-01,[63184],[],,
68503,8,1996-08-01,[63185],[2956],,
68504,12,2012-05-01,"[63186,63187]","[2957,2958,2959]",,
68505,14,1943-05-01,[],[],,
68506,15,1980-05-01,[63188],"[2960,2961]",,
68507,1,1940-06-01,[63189],[],,
68508,2,1917-06-01,[63190],[],,
68509,3,1917-06-01,[63191],[],,
68510,4,1917-06-01,[63192],[],,
68511,5,1996-09-01,"[63193,63194]","[2962,2963,2964,2965]",,
68512,7,1940-06-01,[63195],[],,
68513,8,1996-09-01,[63196],[2966],,
68514,12,2012-06-01,"[63197,63198]","[2967,2968,2969]",,
68515,14,1943-06-01,[],[],,
68516,15,1980-06-01,[63199],"[2970,2971]",,
68517,1,1940-07-01,[63200],[],,
68518,2,1917-07-01,[63201],[],,
68519,3,1917-07-01,[63202],[],,
68520,4,1917-07-01,[63203],[],,
68521,5,1996-10-01,"[63204,63205]","[2972,2973,2974,2975]",,
68522,7,1940-07-01,[63206],[],,
68523,8,1996-10-01,[63207],[2976],,
68524,12,2012-07-01,"[63208,63209]","[2977,2978,2979]",,
68525,14,1943-07-01,[],[],,
68526,15,1980-07-01,"[63210,63211]","[2980,2981,2982]",,
68527,1,1940-08-01,[63212],[],,
68528,2,1917-08-01,[63213],[],,
68529,3,1917-08-01,[63214],[],,
68530,4,1917-08-01,[63215],[],,
68531,5,1996-11-01,"[63216,63217]","[2983,2984,2985,2986]",,
68532,7,1940-08-01,[63218],[],,
68533,8,1996-11-01,[63219],[2987],,
68534,12,2012-08-01,"[63220,63221]","[2988,2989,2990]",,
68535,14,1943-08-01,[],[],,
68536,15,1980-08-01,"[63222,63223]","[2991,2992,2993]",,
68537,1,1940-09-01,[63224],[],,
68538,2,1917-09-01,[63225],[],,
68539,3,1917-09-01,[63226],[],,
68540,4,1917-09-01,[63227],[],,
68541,5,1996-12-01,"[63228,63229]","[2994,2995,2996,2997]",,
68542,7,1940-09-01,[63230],[],,
68543,8,1996-12-01,[63231],[2998],,
68544,12,2012-09-01,"[63232,63233]","[2999,3000,3001]",,
68545,14,1943-09-01,[],[],,
68546,15,1980-09-01,"[63234,63235]","[3002,3003,3004]",,
68547,1,1940-10-01,[63236],[],,
68548,2,1917-10-01,[63237],[],,
68549,3,1917-10-01,[63238],[],,
68550,4,1917-10-01,[63239],[],,
68551,5,1997-01-01,"[63240,63241]","[3005,3006,3007,3008]",,
68552,7,1940-10-01,[63242],[],,
68553,8,1997-01-01,[63243],[3009],,
68554,12,2012-10-01,"[63244,63245]","[3010,3011,3012]",,
68555,14,1943-10-01,[],[],,
68556,15,1980-10-01,"[63246,63247]","[3013,3014,3015]",,
68557,1,1940-11-01,[63248],[],,
68558,2,1917-11-01,[63249],[],,
68559,3,1917-11-01,[63250],[],,
68560,4,1917-11-01,[63251],[],,
68561,5,1997-02-01,"[63252,63253]","[3016,3017,3018,3019]",,
68562,7,1940-11-01,[63254],[],,
68563,8,1997-02-01,[63255],[3020],,
68564,12,2012-11-01,"[63256,63257]","[3021,3022,3023]",,
68565,14,1943-11-01,[],[],,
68566,15,1980-11-01,"[63258,63259]","[3024,3025,3026]",,
68567,1,1940-12-01,[63260],[],,
68568,2,1917-12-01,[63261],[],,
68569,3,1917-12-01,[63262],[],,
68570,4,1917-12-01,[63263],[],,
68571,5,1997-03-01,"[63264,63265]","[3027,3028,3029,3030]",,
68572,7,1940-12-01,[63266],[],,
68573,8,1997-03-01,[63267],[3031],,
68574,12,2012-12-01,"[63268,63269]","[3032,3033,3034]",,
68575,14,1943-12-01,[],[],,
68576,15,1980-12-01,"[63270,63271]","[3035,3036,3037]",,
68577,1,1941-01-01,[63272],[],,
68578,2,1918-01-01,[63273],[],,
68579,3,1918-01-01,[63274],[],,
68580,4,1918-01-01,[63275],[],,
68581,5,1997-04-01,"[63276,63277]","[3038,3039,3040,3041]",,
68582,7,1941-01-01,[63278],[],,
68583,8,1997-04-01,[63279],[3042],,
68584,12,2013-01-01,"[63280,63281]","[3043,3044,3045]",,
68585,14,1944-01-01,[],[],,
68586,15,1981-01-01,"[63282,63283]","[3046,3047,3048]",,
68587,1,1941-02-01,[63284],[],,
68588,2,1918-02-01,[63285],[],,
68589,3,1918-02-01,[63286],[],,
68590,4,1918-02-01,[63287],[],,
68591,5,1997-05-01,"[63288,63289]","[3049,3050,3051,3052]",,
68592,7,1941-02-01,[63290],[],,
68593,8,1997-05-01,[63291],[3053],,
68594,12,2013-02-01,"[63292,63293]","[3054,3055,3056]",,
68595,14,1944-02-01,[],[],,
68596,15,1981-02-01,"[63294,63295]","[3057,3058,3059]",,
68597,1,1941-03-01,[63296],[],,
68598,2,1918-03-01,[63297],[],,
68599,3,1918-03-01,[63298],[],,
68600,4,1918-03-01,[63299],[],,
68601,5,1997-06-01,"[63300,63301]","[3060,3061,3062,3063]",,
68602,7,1941-03-01,[63302],[],,
68603,8,1997-06-01,[63303],[3064],,
68604,12,2013-03-01,"[63304,63305]","[3065,3066,3067]",,
68605,14,1944-03-01,[],[],,
68606,15,1981-03-01,"[63306,63307]","[3068,3069,3070]",,
68607,1,1941-04-01,[63308],[],,
68608,2,1918-04-01,[63309],[],,
68609,3,1918-04-01,[63310],[],,
68610,4,1918-04-01,[63311],[],,
68611,5,1997-07-01,"[63312,63313]","[3071,3072,3073,3074]",,
68612,7,1941-04-01,[63314],[],,
68613,8,1997-07-01,[63315],[3075],,
68614,12,2013-04-01,"[63316,63317]","[3076,3077,3078]",,
68615,14,1944-04-01,[],[],,
68616,15,1981-04-01,"[63318,63319]","[3079,3080,3081]",,
68617,1,1941-05-01,[63320],[],,
68618,2,1918-05-01,[63321],[],,
68619,3,1918-05-01,[63322],[],,
68620,4,1918-05-01,[63323],[],,
68621,5,1997-08-01,"[63324,63325]","[3082,3083,3084,3085]",,
68622,7,1941-05-01,[63326],[],,
68623,8,1997-08-01,[63327],[3086],,
68624,12,2013-05-01,"[63328,63329]","[3087,3088,3089]",,
68625,14,1944-05-01,[],[],,
68626,15,1981-05-01,"[63330,63331]","[3090,3091,3092]",,
68627,1,1941-06-01,[63332],[],,
68628,2,1918-06-01,[63333],[],,
68629,3,1918-06-01,[63334],[],,
68630,4,1918-06-01,[63335],[],,
68631,5,1997-09-01,"[63336,63337]","[3093,3094,3095,3096]",,
68632,7,1941-06-01,[63338],[],,
68633,8,1997-09-01,[63339],[3097],,
68634,12,2013-06-01,"[63340,63341]","[3098,3099,3100]",,
68635,14,1944-06-01,[],[],,
68636,15,1981-06-01,"[63342,63343]","[3101,3102,3103]",,
68637,1,1941-07-01,[63344],[],,
68638,2,1918-07-01,[63345],[],,
68639,3,1918-07-01,[63346],[],,
68640,4,1918-07-01,[63347],[],,
68641,5,1997-10-01,"[63348,63349]","[3104,3105,3106,3107]",,
68642,7,1941-07-01,[63350],[],,
68643,8,1997-10-01,[63351],[3108],,
68644,12,2013-07-01,"[63352,63353]","[3109,3110,3111]",,
68645,14,1944-07-01,[63354],[],,
68646,15,1981-07-01,"[63355,63356]","[3112,3113,3114]",,
68647,1,1941-08-01,[63357],[],,
68648,2,1918-08-01,[63358],[],,
68649,3,1918-08-01,[63359],[],,
68650,4,1918-08-01,[63360],[],,
68651,5,1997-11-01,"[63361,63362]","[3115,3116,3117,3118]",,
68652,7,1941-08-01,[63363],[],,
68653,8,1997-11-01,[63364],[3119],,
68654,12,2013-08-01,"[63365,63366]","[3120,3121,3122]",,
68655,14,1944-08-01,[63367],[],,
68656,15,1981-08-01,"[63368,63369]","[3123,3124,3125]",,
68657,1,1941-09-01,[63370],[],,
68658,2,1918-09-01,[63371],[],,
68659,3,1918-09-01,[63372],[],,
68660,4,1918-09-01,[63373],[],,
68661,5,1997-12-01,"[63374,63375]","[3126,3127,3128,3129]",,
68662,7,1941-09-01,[63376],[],,
68663,8,1997-12-01,[63377],[3130],,
68664,12,2013-09-01,"[63378,63379]","[3131,3132,3133]",,
68665,14,1944-09-01,[63380],[],,
68666,15,1981-09-01,"[63381,63382]","[3134,3135,3136]",,
68667,1,1941-10-01,[63383],[],,
68668,2,1918-10-01,[63384],[],,
68669,3,1918-10-01,[63385],[],,
68670,4,1918-10-01,[63386],[],,
68671,5,1998-01-01,"[63387,63388]","[3137,3138,3139,3140]",,
68672,7,1941-10-01,[63389],[],,
68673,8,1998-01-01,[63390],[3141],,
68674,12,2013-10-01,"[63391,63392]","[3142,3143,3144]",,
68675,14,1944-10-01,[63393],[],,
68676,15,1981-10-01,"[63394,63395]","[3145,3146,3147]",,
68677,1,1941-11-01,[63396],[],,
68678,2,1918-11-01,[63397],[],,
68679,3,1918-11-01,[63398],[],,
68680,4,1918-11-01,[63399],[],,
68681,5,1998-02-01,"[63400,63401]","[3148,3149,3150,3151]",,
68682,7,1941-11-01,[63402],[],,
68683,8,1998-02-01,[63403],[3152],,
68684,12,2013-11-01,"[63404,63405]","[3153,3154,3155]",,
68685,14,1944-11-01,[63406],[],,
68686,15,1981-11-01,"[63407,63408]","[3156,3157,3158]",,
68687,1,1941-12-01,[63409],[],,
68688,2,1918-12-01,[63410],[],,
68689,3,1918-12-01,[63411],[],,
68690,4,1918-12-01,[63412],[],,
68691,5,1998-03-01,"[63413,63414]","[3159,3160,3161,3162]",,
68692,7,1941-12-01,[63415],[],,
68693,8,1998-03-01,[63416],[3163],,
68694,12,2013-12-01,"[63417,63418]","[3164,3165,3166]",,
68695,14,1944-12-01,[63419],[],,
68696,15,1981-12-01,"[63420,63421]","[3167,3168,3169]",,
68697,1,1942-01-01,[63422],[],,
68698,2,1919-01-01,[63423],[],,
68699,3,1919-01-01,[63424],[],,
68700,4,1919-01-01,[63425],[],,
68701,5,1998-04-01,"[63426,63427]","[3170,3171,3172,3173]",,
68702,7,1942-01-01,[63428],[],,
68703,8,1998-04-01,[63429],[3174],,
68704,12,2014-01-01,"[63430,63431]","[3175,3176,3177]",,
68705,14,1945-01-01,[63432],[],,
68706,15,1982-01-01,"[63433,63434]","[3178,3179,3180]",,
68707,1,1942-02-01,[63435],[],,
68708,2,1919-02-01,[63436],[],,
68709,3,1919-02-01,[63437],[],,
68710,4,1919-02-01,[63438],[],,
68711,5,1998-05-01,"[63439,63440]","[3181,3182,3183,3184]",,
68712,7,1942-02-01,[63441],[],,
68713,8,1998-05-01,[63442],[3185],,
68714,12,2014-02-01,"[63443,63444]","[3186,3187,3188]",,
68715,14,1945-02-01,[63445],[],,
68716,15,1982-02-01,"[63446,63447]","[3189,3190,3191]",,
68717,1,1942-03-01,[63448],[],,
68718,2,1919-03-01,[63449],[],,
68719,3,1919-03-01,[63450],[],,
68720,4,1919-03-01,[63451],[],,
68721,5,1998-06-01,"[63452,63453]","[3192,3193,3194,3195]",,
68722,7,1942-03-01,[63454],[],,
68723,8,1998-06-01,[63455],[3196],,
68724,12,2014-03-01,"[63456,63457]","[3197,3198,3199]",,
68725,14,1945-03-01,[63458],[],,
68726,15,1982-03-01,"[63459,63460]","[3200,3201,3202]",,
68727,1,1942-04-01,[63461],[],,
68728,2,1919-04-01,[63462],[],,
68729,3,1919-04-01,[63463],[],,
68730,4,1919-04-01,[63464],[],,
68731,5,1998-07-01,"[63465,63466]","[3203,3204,3205,3206]",,
68732,7,1942-04-01,[63467],[],,
68733,8,1998-07-01,[63468],[3207],,
68734,12,2014-04-01,"[63469,63470]","[3208,3209,3210]",,
68735,14,1945-04-01,[63471],[],,
68736,15,1982-04-01,"[63472,63473]","[3211,3212,3213]",,
68737,1,1942-05-01,[63474],[],,
68738,2,1919-05-01,[63475],[],,
68739,3,1919-05-01,[63476],[],,
68740,4,1919-05-01,[63477],[],,
68741,5,1998-08-01,"[63478,63479]","[3214,3215,3216,3217]",,
68742,7,1942-05-01,[63480],[],,
68743,8,1998-08-01,[63481],[3218],,
68744,12,2014-05-01,"[63482,63483]","[3219,3220,3221]",,
68745,14,1945-05-01,[63484],[],,
68746,15,1982-05-01,"[63485,63486]","[3222,3223,3224]",,
68747,1,1942-06-01,[63487],[],,
68748,2,1919-06-01,[63488],[],,
68749,3,1919-06-01,[63489],[],,
68750,4,1919-06-01,[63490],[],,
68751,5,1998-09-01,"[63491,63492]","[3225,3226,3227,3228]",,
68752,7,1942-06-01,[63493],[],,
68753,8,1998-09-01,[63494],[3229],,
68754,12,2014-06-01,"[63495,63496]","[3230,3231,3232]",,
68755,14,1945-06-01,[63497],[],,
68756,15,1982-06-01,"[63498,63499]","[3233,3234,3235]",,
68757,1,1942-07-01,[63500],[],,
68758,2,1919-07-01,[63501],[],,
68759,3,1919-07-01,[63502],[],,
68760,4,1919-07-01,[63503],[],,
68761,5,1998-10-01,"[63504,63505]","[3236,3237,3238,3239]",,
68762,7,1942-07-01,[63506],[],,
68763,8,1998-10-01,[63507],[3240],,
68764,12,2014-07-01,"[63508,63509]","[3241,3242,3243]",,
68765,14,1945-07-01,[63510],[],,
68766,15,1982-07-01,"[63511,63512]","[3244,3245,3246]",,
68767,1,1942-08-01,[63513],[],,
68768,2,1919-08-01,[63514],[],,
68769,3,1919-08-01,[63515],[],,
68770,4,1919-08-01,[63516],[],,
68771,5,1998-11-01,"[63517,63518]","[3247,3248,3249,3250]",,
68772,7,1942-08-01,[63519],[],,
68773,8,1998-11-01,[63520],[3251],,
68774,12,2014-08-01,"[63521,63522]","[3252,3253,3254]",,
68775,14,1945-08-01,[63523],[],,
68776,15,1982-08-01,"[63524,63525]","[3255,3256,3257]",,
68777,1,1942-09-01,[63526],[],,
68778,2,1919-09-01,[63527],[],,
68779,3,1919-09-01,[63528],[],,
68780,4,1919-09-01,[63529],[],,
68781,5,1998-12-01,"[63530,63531]","[3258,3259,3260,3261]",,
68782,7,1942-09-01,[63532],[],,
68783,8,1998-12-01,[63533],[3262],,
68784,12,2014-09-01,"[63534,63535]","[3263,3264,3265]",,
68785,14,1945-09-01,[63536],[],,
68786,15,1982-09-01,"[63537,63538]","[3266,3267,3268]",,
68787,1,1942-10-01,[63539],[],,
68788,2,1919-10-01,[63540],[],,
68789,3,1919-10-01,[63541],[],,
68790,4,1919-10-01,[63542],[],,
68791,5,1999-01-01,"[63543,63544]","[3269,3270,3271,3272]",,
68792,7,1942-10-01,[63545],[],,
68793,8,1999-01-01,[63546],[3273],,
68794,12,2014-10-01,"[63547,63548]","[3274,3275,3276]",,
68795,14,1945-10-01,[63549],[],,
68796,15,1982-10-01,"[63550,63551]","[3277,3278,3279]",,
68797,1,1942-11-01,[63552],[],,
68798,2,1919-11-01,[63553],[],,
68799,3,1919-11-01,[63554],[],,
68800,4,1919-11-01,[63555],[],,
68801,5,1999-02-01,"[63556,63557]","[3280,3281,3282,3283]",,
68802,7,1942-11-01,[63558],[],,
68803,8,1999-02-01,[63559],[3284],,
68804,12,2014-11-01,"[63560,63561]","[3285,3286,3287]",,
68805,14,1945-11-01,[63562],[],,
68806,15,1982-11-01,"[63563,63564]","[3288,3289,3290]",,
68807,1,1942-12-01,[63565],[],,
68808,2,1919-12-01,[63566],[],,
68809,3,1919-12-01,[63567],[],,
68810,4,1919-12-01,[63568],[],,
68811,5,1999-03-01,"[63569,63570]","[3291,3292,3293,3294]",,
68812,7,1942-12-01,[63571],[],,
68813,8,1999-03-01,[63572],[3295],,
68814,12,2014-12-01,"[63573,63574]","[3296,3297,3298]",,
68815,14,1945-12-01,[63575],[],,
68816,15,1982-12-01,"[63576,63577]","[3299,3300,3301]",,
68817,1,1943-01-01,[63578],[],,
68818,2,1920-01-01,[63579],[],,
68819,3,1920-01-01,[63580],[],,
68820,4,1920-01-01,[63581],[],,
68821,5,1999-04-01,"[63582,63583]","[3302,3303,3304,3305]",,
68822,7,1943-01-01,[63584],[],,
68823,8,1999-04-01,[63585],[3306],,
68824,12,2015-01-01,"[63586,63587]","[3307,3308,3309]",,
68825,14,1946-01-01,[63588],[],,
68826,15,1983-01-01,"[63589,63590]","[3310,3311,3312]",,
68827,1,1943-02-01,[63591],[],,
68828,2,1920-02-01,[63592],[],,
68829,3,1920-02-01,[63593],[],,
68830,4,1920-02-01,[63594],[],,
68831,5,1999-05-01,"[63595,63596]","[3313,3314,3315,3316]",,
68832,7,1943-02-01,[63597],[],,
68833,8,1999-05-01,[63598],[3317],,
68834,12,2015-02-01,"[63599,63600]","[3318,3319,3320]",,
68835,14,1946-02-01,[63601],[],,
68836,15,1983-02-01,"[63602,63603]","[3321,3322,3323]",,
68837,1,1943-03-01,[63604],[],,
68838,2,1920-03-01,[63605],[],,
68839,3,1920-03-01,[63606],[],,
68840,4,1920-03-01,[63607],[],,
68841,5,1999-06-01,"[63608,63609]","[3324,3325,3326,3327]",,
68842,7,1943-03-01,[63610],[],,
68843,8,1999-06-01,[63611],[3328],,
68844,12,2015-03-01,"[63612,63613]","[3329,3330,3331]",,
68845,14,1946-03-01,[63614],[],,
68846,15,1983-03-01,"[63615,63616]","[3332,3333,3334]",,
68847,1,1943-04-01,[63617],[],,
68848,2,1920-04-01,[63618],[],,
68849,3,1920-04-01,[63619],[],,
68850,4,1920-04-01,[63620],[],,
68851,5,1999-07-01,"[63621,63622]","[3335,3336,3337,3338]",,
68852,7,1943-04-01,[63623],[],,
68853,8,1999-07-01,[63624],[3339],,
68854,12,2015-04-01,"[63625,63626]","[3340,3341,3342]",,
68855,14,1946-04-01,[63627],[],,
68856,15,1983-04-01,"[63628,63629]","[3343,3344,3345]",,
68857,1,1943-05-01,[63630],[],,
68858,2,1920-05-01,[63631],[],,
68859,3,1920-05-01,[63632],[],,
68860,4,1920-05-01,[63633],[],,
68861,5,1999-08-01,"[63634,63635]","[3346,3347,3348,3349]",,
68862,7,1943-05-01,[63636],[],,
68863,8,1999-08-01,[63637],[3350],,
68864,12,2015-05-01,"[63638,63639]","[3351,3352,3353]",,
68865,14,1946-05-01,[63640],[],,
68866,15,1983-05-01,"[63641,63642]","[3354,3355,3356]",,
68867,1,1943-06-01,[63643],[],,
68868,2,1920-06-01,[63644],[],,
68869,3,1920-06-01,[63645],[],,
68870,4,1920-06-01,[63646],[],,
68871,5,1999-09-01,"[63647,63648]","[3357,3358,3359,3360]",,
68872,7,1943-06-01,[63649],[],,
68873,8,1999-09-01,[63650],[3361],,
68874,12,2015-06-01,"[63651,63652]","[3362,3363,3364]",,
68875,14,1946-06-01,[63653],[],,
68876,15,1983-06-01,"[63654,63655]","[3365,3366,3367]",,
68877,1,1943-07-01,[63656],[],,
68878,2,1920-07-01,[63657],[],,
68879,3,1920-07-01,[63658],[],,
68880,4,1920-07-01,[63659],[],,
68881,5,1999-10-01,"[63660,63661]","[3368,3369,3370,3371]",,
68882,7,1943-07-01,[63662],[],,
68883,8,1999-10-01,[63663],[3372],,
68884,12,2015-07-01,"[63664,63665]","[3373,3374,3375]",,
68885,14,1946-07-01,[63666],[],,
68886,15,1983-07-01,"[63667,63668]","[3376,3377,3378]",,
68887,1,1943-08-01,[63669],[],,
68888,2,1920-08-01,[63670],[],,
68889,3,1920-08-01,[63671],[],,
68890,4,1920-08-01,[63672],[],,
68891,5,1999-11-01,"[63673,63674]","[3379,3380,3381,3382]",,
68892,7,1943-08-01,[63675],[],,
68893,8,1999-11-01,[63676],[3383],,
68894,12,2015-08-01,"[63677,63678]","[3384,3385,3386]",,
68895,14,1946-08-01,[63679],[],,
68896,15,1983-08-01,"[63680,63681]","[3387,3388,3389]",,
68897,1,1943-09-01,[63682],[],,
68898,2,1920-09-01,[63683],[],,
68899,3,1920-09-01,[63684],[],,
68900,4,1920-09-01,[63685],[],,
68901,5,1999-12-01,"[63686,63687]","[3390,3391,3392,3393]",,
68902,7,1943-09-01,[63688],[],,
68903,8,1999-12-01,[63689],[3394],,
68904,12,2015-09-01,"[63690,63691]","[3395,3396,3397]",,
68905,14,1946-09-01,[63692],[],,
68906,15,1983-09-01,"[63693,63694]","[3398,3399,3400]",,
68907,1,1943-10-01,[63695],[],,
68908,2,1920-10-01,[63696],[],,
68909,3,1920-10-01,[63697],[],,
68910,4,1920-10-01,[63698],[],,
68911,5,2000-01-01,"[63699,63700]","[3401,3402,3403,3404]",,
68912,7,1943-10-01,[63701],[],,
68913,8,2000-01-01,[63702],[3405],,
68914,12,2015-10-01,"[63703,63704]","[3406,3407,3408]",,
68915,14,1946-10-01,[63705],[],,
68916,15,1983-10-01,"[63706,63707]","[3409,3410,3411]",,
68917,1,1943-11-01,[63708],[],,
68918,2,1920-11-01,[63709],[],,
68919,3,1920-11-01,[63710],[],,
68920,4,1920-11-01,[63711],[],,
68921,5,2000-02-01,"[63712,63713]","[3412,3413,3414,3415]",,
68922,7,1943-11-01,[63714],[],,
68923,8,2000-02-01,[63715],[3416],,
68924,12,2015-11-01,"[63716,63717]","[3417,3418,3419]",,
68925,14,1946-11-01,[63718],[],,
68926,15,1983-11-01,"[63719,63720]","[3420,3421,3422]",,
68927,1,1943-12-01,[63721],[],,
68928,2,1920-12-01,[63722],[],,
68929,3,1920-12-01,[63723],[],,
68930,4,1920-12-01,[63724],[],,
68931,5,2000-03-01,"[63725,63726]","[3423,3424,3425,3426]",,
68932,7,1943-12-01,[63727],[],,
68933,8,2000-03-01,[63728],[3427],,
68934,12,2015-12-01,"[63729,63730]","[3428,3429,3430]",,
68935,14,1946-12-01,[63731],[],,
68936,15,1983-12-01,"[63732,63733]","[3431,3432,3433]",,
68937,1,1944-01-01,[63734],[],,
68938,2,1921-01-01,[63735],[],,
68939,3,1921-01-01,[63736],[],,
68940,4,1921-01-01,[63737],[],,
68941,5,2000-04-01,"[63738,63739]","[3434,3435,3436,3437]",,
68942,7,1944-01-01,[63740],[],,
68943,8,2000-04-01,[63741],[3438],,
68944,12,2016-01-01,"[63742,63743]","[3439,3440,3441]",,
68945,14,1947-01-01,[63744],[],,
68946,15,1984-01-01,"[63745,63746]","[3442,3443,3444]",,
68947,1,1944-02-01,[63747],[],,
68948,2,1921-02-01,[63748],[],,
68949,3,1921-02-01,[63749],[],,
68950,4,1921-02-01,[63750],[],,
68951,5,2000-05-01,"[63751,63752]","[3445,3446,3447,3448]",,
68952,7,1944-02-01,[63753],[],,
68953,8,2000-05-01,[63754],[3449],,
68954,12,2016-02-01,"[63755,63756]","[3450,3451,3452]",,
68955,14,1947-02-01,[63757],[],,
68956,15,1984-02-01,"[63758,63759]","[3453,3454,3455]",,
68957,1,1944-03-01,[63760],[],,
68958,2,1921-03-01,[63761],[],,
68959,3,1921-03-01,[63762],[],,
68960,4,1921-03-01,[63763],[],,
68961,5,2000-06-01,"[63764,63765]","[3456,3457,3458,3459]",,
68962,7,1944-03-01,[63766],[],,
68963,8,2000-06-01,[63767],[3460],,
68964,12,2016-03-01,"[63768,63769]","[3461,3462,3463]",,
68965,14,1947-03-01,[63770],[],,
68966,15,1984-03-01,"[63771,63772]","[3464,3465,3466]",,
68967,1,1944-04-01,[63773],[],,
68968,2,1921-04-01,[63774],[],,
68969,3,1921-04-01,[63775],[],,
68970,4,1921-04-01,[63776],[],,
68971,5,2000-07-01,"[63777,63778]","[3467,3468,3469,3470]",,
68972,7,1944-04-01,[63779],[],,
68973,8,2000-07-01,[63780],[3471],,
68974,12,2016-04-01,"[63781,63782]","[3472,3473,3474]",,
68975,14,1947-04-01,[63783],[],,
68976,15,1984-04-01,"[63784,63785]","[3475,3476,3477]",,
68977,1,1944-05-01,[63786],[],,
68978,2,1921-05-01,[63787],[],,
68979,3,1921-05-01,[63788],[],,
68980,4,1921-05-01,[63789],[],,
68981,5,2000-08-01,"[63790,63791]","[3478,3479,3480,3481]",,
68982,7,1944-05-01,[63792],[],,
68983,8,2000-08-01,[63793],[3482],,
68984,12,2016-05-01,"[63794,63795]","[3483,3484,3485]",,
68985,14,1947-05-01,[63796],[],,
68986,15,1984-05-01,"[63797,63798]","[3486,3487,3488]",,
68987,1,1944-06-01,[63799],[],,
68988,2,1921-06-01,[63800],[],,
68989,3,1921-06-01,[63801],[],,
68990,4,1921-06-01,[63802],[],,
68991,5,2000-09-01,"[63803,63804]","[3489,3490,3491,3492]",,
68992,7,1944-06-01,[63805],[],,
68993,8,2000-09-01,[63806],[3493],,
68994,12,2016-06-01,"[63807,63808]","[3494,3495,3496]",,
68995,14,1947-06-01,[63809],[],,
68996,15,1984-06-01,"[63810,63811]","[3497,3498,3499]",,
68997,1,1944-07-01,[63812],[],,
68998,2,1921-07-01,[63813],[],,
68999,3,1921-07-01,[63814],[],,
69000,4,1921-07-01,[63815],[],,
69001,5,2000-10-01,"[63816,63817]","[3500,3501,3502,3503]",,
69002,7,1944-07-01,[63818],[],,
69003,8,2000-10-01,[63819],[3504],,
69004,12,2016-07-01,"[63820,63821]","[3505,3506,3507]",,
69005,14,1947-07-01,[63822],[],,
69006,15,1984-07-01,"[63823,63824]","[3508,3509,3510]",,
69007,1,1944-08-01,[63825],[],,
69008,2,1921-08-01,[63826],[],,
69009,3,1921-08-01,[63827],[],,
69010,4,1921-08-01,[63828],[],,
69011,5,2000-11-01,"[63829,63830]","[3511,3512,3513,3514]",,
69012,7,1944-08-01,[63831],[],,
69013,8,2000-11-01,[63832],[3515],,
69014,12,2016-08-01,"[63833,63834]","[3516,3517,3518]",,
69015,14,1947-08-01,[63835],[],,
69016,15,1984-08-01,"[63836,63837]","[3519,3520,3521]",,
69017,1,1944-09-01,[63838],[],,
69018,2,1921-09-01,[63839],[],,
69019,3,1921-09-01,[63840],[],,
69020,4,1921-09-01,[63841],[],,
69021,5,2000-12-01,"[63842,63843]","[3522,3523,3524,3525]",,
69022,7,1944-09-01,[63844],[],,
69023,8,2000-12-01,[63845],[3526],,
69024,12,2016-09-01,"[63846,63847]","[3527,3528,3529]",,
69025,14,1947-09-01,[63848],[],,
69026,15,1984-09-01,"[63849,63850]","[3530,3531,3532]",,
69027,1,1944-10-01,[63851],[],,
69028,2,1921-10-01,[63852],[],,
69029,3,1921-10-01,[63853],[],,
69030,4,1921-10-01,[63854],[],,
69031,5,2001-01-01,"[63855,63856]","[3533,3534,3535,3536]",,
69032,7,1944-10-01,[63857],[],,
69033,8,2001-01-01,[63858],[3537],,
69034,12,2016-10-01,"[63859,63860]","[3538,3539,3540]",,
69035,14,1947-10-01,[63861],[],,
69036,15,1984-10-01,"[63862,63863]","[3541,3542,3543]",,
69037,1,1944-11-01,[63864],[],,
69038,2,1921-11-01,[63865],[],,
69039,3,1921-11-01,[63866],[],,
69040,4,1921-11-01,[63867],[],,
69041,5,2001-02-01,"[63868,63869]","[3544,3545,3546,3547]",,
69042,7,1944-11-01,[63870],[],,
69043,8,2001-02-01,[63871],[3548],,
69044,12,2016-11-01,"[63872,63873]","[3549,3550,3551]",,
69045,14,1947-11-01,[63874],[],,
69046,15,1984-11-01,"[63875,63876]","[3552,3553,3554]",,
69047,1,1944-12-01,[63877],[],,
69048,2,1921-12-01,[63878],[],,
69049,3,1921-12-01,[63879],[],,
69050,4,1921-12-01,[63880],[],,
69051,5,2001-03-01,"[63881,63882]","[3555,3556,3557,3558]",,
69052,7,1944-12-01,[63883],[],,
69053,8,2001-03-01,[63884],[3559],,
69054,12,2016-12-01,"[63885,63886]","[3560,3561,3562]",,
69055,14,1947-12-01,[63887],[],,
69056,15,1984-12-01,"[63888,63889]","[3563,3564,3565]",,
69057,1,1945-01-01,[63890],[],,
69058,2,1922-01-01,[63891],[],,
69059,3,1922-01-01,[63892],[],,
69060,4,1922-01-01,[63893],[],,
69061,5,2001-04-01,"[63894,63895]","[3566,3567,3568,3569]",,
69062,7,1945-01-01,[63896],[],,
69063,8,2001-04-01,[63897],[3570],,
69064,12,2017-01-01,"[63898,63899]","[3571,3572,3573]",,
69065,14,1948-01-01,[63900],[],,
69066,15,1985-01-01,"[63901,63902]","[3574,3575,3576]",,
69067,1,1945-02-01,[63903],[],,
69068,2,1922-02-01,[63904],[],,
69069,3,1922-02-01,[63905],[],,
69070,4,1922-02-01,[63906],[],,
69071,5,2001-05-01,"[63907,63908]","[3577,3578,3579,3580]",,
69072,7,1945-02-01,[63909],[],,
69073,8,2001-05-01,[63910],[3581],,
69074,12,2017-02-01,"[63911,63912]","[3582,3583,3584]",,
69075,14,1948-02-01,[63913],[],,
69076,15,1985-02-01,"[63914,63915]","[3585,3586,3587]",,
69077,1,1945-03-01,[63916],[],,
69078,2,1922-03-01,[63917],[],,
69079,3,1922-03-01,[63918],[],,
69080,4,1922-03-01,[63919],[],,
69081,5,2001-06-01,"[63920,63921]","[3588,3589,3590,3591]",,
69082,7,1945-03-01,[63922],[],,
69083,8,2001-06-01,[63923],[3592],,
69084,12,2017-03-01,"[63924,63925]","[3593,3594,3595]",,
69085,14,1948-03-01,[63926],[],,
69086,15,1985-03-01,"[63927,63928]","[3596,3597,3598]",,
69087,1,1945-04-01,[63929],[],,
69088,2,1922-04-01,[63930],[],,
69089,3,1922-04-01,[63931],[],,
69090,4,1922-04-01,[63932],[],,
69091,5,2001-07-01,"[63933,63934]","[3599,3600,3601,3602]",,
69092,7,1945-04-01,[63935],[],,
69093,8,2001-07-01,[63936],[3603],,
69094,12,2017-04-01,"[63937,63938]","[3604,3605,3606]",,
69095,14,1948-04-01,[63939],[],,
69096,15,1985-04-01,"[63940,63941]","[3607,3608,3609]",,
69097,1,1945-05-01,[63942],[],,
69098,2,1922-05-01,[63943],[],,
69099,3,1922-05-01,[63944],[],,
69100,4,1922-05-01,[63945],[],,
69101,5,2001-08-01,"[63946,63947]","[3610,3611,3612,3613]",,
69102,7,1945-05-01,[63948],[],,
69103,8,2001-08-01,[63949],[3614],,
69104,12,2017-05-01,"[63950,63951]","[3615,3616,3617]",,
69105,14,1948-05-01,[63952],[],,
69106,15,1985-05-01,"[63953,63954]","[3618,3619,3620]",,
69107,1,1945-06-01,[63955],[],,
69108,2,1922-06-01,[63956],[],,
69109,3,1922-06-01,[63957],[],,
69110,4,1922-06-01,[63958],[],,
69111,5,2001-09-01,"[63959,63960]","[3621,3622,3623,3624]",,
69112,7,1945-06-01,[63961],[],,
69113,8,2001-09-01,[63962],[3625],,
69114,12,2017-06-01,"[63963,63964]","[3626,3627,3628]",,
69115,14,1948-06-01,[63965],[],,
69116,15,1985-06-01,"[63966,63967]","[3629,3630,3631]",,
69117,1,1945-07-01,[63968],[],,
69118,2,1922-07-01,[63969],[],,
69119,3,1922-07-01,[63970],[],,
69120,4,1922-07-01,[63971],[],,
69121,5,2001-10-01,"[63972,63973]","[3632,3633,3634,3635]",,
69122,7,1945-07-01,[63974],[],,
69123,8,2001-10-01,[63975],[3636],,
69124,12,2017-07-01,"[63976,63977]","[3637,3638,3639]",,
69125,14,1948-07-01,[63978],[],,
69126,15,1985-07-01,"[63979,63980]","[3640,3641,3642]",,
69127,1,1945-08-01,[63981],[],,
69128,2,1922-08-01,[63982],[],,
69129,3,1922-08-01,[63983],[],,
69130,4,1922-08-01,[63984],[],,
69131,5,2001-11-01,"[63985,63986]","[3643,3644,3645,3646]",,
69132,7,1945-08-01,[63987],[],,
69133,8,2001-11-01,[63988],[3647],,
69134,12,2017-08-01,"[63989,63990]","[3648,3649,3650]",,
69135,14,1948-08-01,[63991],[],,
69136,15,1985-08-01,"[63992,63993]","[3651,3652,3653]",,
69137,1,1945-09-01,[63994],[],,
69138,2,1922-09-01,[63995],[],,
69139,3,1922-09-01,[63996],[],,
69140,4,1922-09-01,[63997],[],,
69141,5,2001-12-01,"[63998,63999]","[3654,3655,3656,3657]",,
69142,7,1945-09-01,[64000],[],,
69143,8,2001-12-01,[64001],[3658],,
69144,12,2017-09-01,"[64002,64003]","[3659,3660,3661]",,
69145,14,1948-09-01,[64004],[],,
69146,15,1985-09-01,"[64005,64006]","[3662,3663,3664]",,
69147,1,1945-10-01,[64007],[],,
69148,2,1922-10-01,[64008],[],,
69149,3,1922-10-01,[64009],[],,
69150,4,1922-10-01,[64010],[],,
69151,5,2002-01-01,"[64011,64012]","[3665,3666,3667,3668]",,
69152,7,1945-10-01,[64013],[],,
69153,8,2002-01-01,[64014],[3669],,
69154,12,2017-10-01,"[64015,64016]","[3670,3671,3672]",,
69155,14,1948-10-01,[64017],[],,
69156,15,1985-10-01,"[64018,64019]","[3673,3674,3675]",,
69157,1,1945-11-01,[64020],[],,
69158,2,1922-11-01,[64021],[],,
69159,3,1922-11-01,[64022],[],,
69160,4,1922-11-01,[64023],[],,
69161,5,2002-02-01,"[64024,64025]","[3676,3677,3678,3679]",,
69162,7,1945-11-01,[64026],[],,
69163,8,2002-02-01,[64027],[3680],,
69164,12,2017-11-01,"[64028,64029]","[3681,3682,3683]",,
69165,14,1948-11-01,[64030],[],,
69166,15,1985-11-01,"[64031,64032]","[3684,3685,3686]",,
69167,1,1945-12-01,[64033],[],,
69168,2,1922-12-01,[64034],[],,
69169,3,1922-12-01,[64035],[],,
69170,4,1922-12-01,[64036],[],,
69171,5,2002-03-01,"[64037,64038]","[3687,3688,3689,3690]",,
69172,7,1945-12-01,[64039],[],,
69173,8,2002-03-01,[64040],[3691],,
69174,12,2017-12-01,"[64041,64042]","[3692,3693,3694]",,
69175,14,1948-12-01,[64043],[],,
69176,15,1985-12-01,"[64044,64045]","[3695,3696,3697]",,
69177,1,1946-01-01,[64046],[],,
69178,2,1923-01-01,[64047],[],,
69179,3,1923-01-01,[64048],[],,
69180,4,1923-01-01,[64049],[],,
69181,5,2002-04-01,"[64050,64051]","[3698,3699,3700,3701]",,
69182,7,1946-01-01,[64052],[],,
69183,8,2002-04-01,[64053],[3702],,
69184,12,2018-01-01,"[64054,64055]","[3703,3704,3705]",,
69185,14,1949-01-01,[64056],[],,
69186,15,1986-01-01,"[64057,64058]","[3706,3707,3708]",,
69187,1,1946-02-01,[64059],[],,
69188,2,1923-02-01,[64060],[],,
69189,3,1923-02-01,[64061],[],,
69190,4,1923-02-01,[64062],[],,
69191,5,2002-05-01,"[64063,64064]","[3709,3710,3711,3712]",,
69192,7,1946-02-01,[64065],[],,
69193,8,2002-05-01,[64066],[3713],,
69194,12,2018-02-01,"[64067,64068]","[3714,3715,3716]",,
69195,14,1949-02-01,[64069],[],,
69196,15,1986-02-01,"[64070,64071]","[3717,3718,3719]",,
69197,1,1946-03-01,[64072],[],,
69198,2,1923-03-01,[64073],[],,
69199,3,1923-03-01,[64074],[],,
69200,4,1923-03-01,[64075],[],,
69201,5,2002-06-01,"[64076,64077]","[3720,3721,3722,3723]",,
69202,7,1946-03-01,[64078],[],,
69203,8,2002-06-01,[64079],[3724],,
69204,12,2018-03-01,"[64080,64081]","[3725,3726,3727]",,
69205,14,1949-03-01,[64082],[],,
69206,15,1986-03-01,"[64083,64084]","[3728,3729,3730]",,
69207,1,1946-04-01,[64085],[],,
69208,2,1923-04-01,[64086],[],,
69209,3,1923-04-01,[64087],[],,
69210,4,1923-04-01,[64088],[],,
69211,5,2002-07-01,"[64089,64090]","[3731,3732,3733,3734]",,
69212,7,1946-04-01,[64091],[],,
69213,8,2002-07-01,[64092],[3735],,
69214,12,2018-04-01,"[64093,64094]","[3736,3737,3738]",,
69215,14,1949-04-01,[64095],[],,
69216,15,1986-04-01,"[64096,64097]","[3739,3740,3741]",,
69217,1,1946-05-01,[64098],[],,
69218,2,1923-05-01,[64099],[],,
69219,3,1923-05-01,[64100],[],,
69220,4,1923-05-01,[64101],[],,
69221,5,2002-08-01,"[64102,64103]","[3742,3743,3744,3745]",,
69222,7,1946-05-01,[64104],[],,
69223,8,2002-08-01,[64105],[3746],,
69224,12,2018-05-01,"[64106,64107]","[3747,3748,3749]",,
69225,14,1949-05-01,[64108],[],,
69226,15,1986-05-01,"[64109,64110]","[3750,3751,3752]",,
69227,1,1946-06-01,[64111],[],,
69228,2,1923-06-01,[64112],[],,
69229,3,1923-06-01,[64113],[],,
69230,4,1923-06-01,[64114],[],,
69231,5,2002-09-01,"[64115,64116]","[3753,3754,3755,3756]",,
69232,7,1946-06-01,[64117],[],,
69233,8,2002-09-01,[64118],[3757],,
69234,12,2018-06-01,"[64119,64120]","[3758,3759,3760]",,
69235,14,1949-06-01,[64121],[],,
69236,15,1986-06-01,"[64122,64123]","[3761,3762,3763]",,
69237,1,1946-07-01,[64124],[],,
69238,2,1923-07-01,[64125],[],,
69239,3,1923-07-01,[64126],[],,
69240,4,1923-07-01,[64127],[],,
69241,5,2002-10-01,"[64128,64129]","[3764,3765,3766,3767]",,
69242,7,1946-07-01,[64130],[],,
69243,8,2002-10-01,[64131],[3768],,
69244,12,2018-07-01,"[64132,64133]","[3769,3770,3771]",,
69245,14,1949-07-01,[64134],[],,
69246,15,1986-07-01,"[64135,64136]","[3772,3773,3774]",,
69247,1,1946-08-01,[64137],[],,
69248,2,1923-08-01,[64138],[],,
69249,3,1923-08-01,[64139],[],,
69250,4,1923-08-01,[64140],[],,
69251,5,2002-11-01,"[64141,64142]","[3775,3776,3777,3778]",,
69252,7,1946-08-01,[64143],[],,
69253,8,2002-11-01,[64144],[3779],,
69254,12,2018-08-01,"[64145,64146]","[3780,3781,3782]",,
69255,14,1949-08-01,[64147],[],,
69256,15,1986-08-01,"[64148,64149]","[3783,3784,3785]",,
69257,1,1946-09-01,[64150],[],,
69258,2,1923-09-01,[64151],[],,
69259,3,1923-09-01,[64152],[],,
69260,4,1923-09-01,[64153],[],,
69261,5,2002-12-01,"[64154,64155]","[3786,3787,3788,3789]",,
69262,7,1946-09-01,[64156],[],,
69263,8,2002-12-01,[64157],[3790],,
69264,12,2018-09-01,"[64158,64159]","[3791,3792,3793]",,
69265,14,1949-09-01,[64160],[],,
69266,15,1986-09-01,"[64161,64162]","[3794,3795,3796]",,
69267,1,1946-10-01,[64163],[],,
69268,2,1923-10-01,[64164],[],,
69269,3,1923-10-01,[64165],[],,
69270,4,1923-10-01,[64166],[],,
69271,5,2003-01-01,"[64167,64168]","[3797,3798,3799,3800]",,
69272,7,1946-10-01,[64169],[],,
69273,8,2003-01-01,[64170],[3801],,
69274,12,2018-10-01,"[64171,64172]","[3802,3803,3804]",,
69275,14,1949-10-01,[64173],[],,
69276,15,1986-10-01,"[64174,64175]","[3805,3806,3807]",,
69277,1,1946-11-01,[64176],[],,
69278,2,1923-11-01,[64177],[],,
69279,3,1923-11-01,[64178],[],,
69280,4,1923-11-01,[64179],[],,
69281,5,2003-02-01,"[64180,64181]","[3808,3809,3810,3811]",,
69282,7,1946-11-01,[64182],[],,
69283,8,2003-02-01,[64183],[3812],,
69284,12,2018-11-01,"[64184,64185]","[3813,3814,3815]",,
69285,14,1949-11-01,[64186],[],,
69286,15,1986-11-01,"[64187,64188]","[3816,3817,3818]",,
69287,1,1946-12-01,[64189],[],,
69288,2,1923-12-01,[64190],[],,
69289,3,1923-12-01,[64191],[],,
69290,4,1923-12-01,[64192],[],,
69291,5,2003-03-01,"[64193,64194]","[3819,3820,3821,3822]",,
69292,7,1946-12-01,[64195],[],,
69293,8,2003-03-01,[64196],[3823],,
69294,12,2018-12-01,"[64197,64198]","[3824,3825,3826]",,
69295,14,1949-12-01,[64199],[],,
69296,15,1986-12-01,"[64200,64201]","[3827,3828,3829]",,
69297,1,1947-01-01,[64202],[],,
69298,2,1924-01-01,[64203],[],,
69299,3,1924-01-01,[64204],[],,
69300,4,1924-01-01,[64205],[],,
69301,5,2003-04-01,"[64206,64207]","[3830,3831,3832,3833]",,
69302,7,1947-01-01,[64208],[],,
69303,8,2003-04-01,[64209],[3834],,
69304,12,2019-01-01,"[64210,64211]","[3835,3836,3837]",,
69305,14,1950-01-01,[64212],[],,
69306,15,1987-01-01,"[64213,64214]","[3838,3839,3840]",,
69307,1,1947-02-01,[64215],[],,
69308,2,1924-02-01,[64216],[],,
69309,3,1924-02-01,[64217],[],,
69310,4,1924-02-01,[64218],[],,
69311,5,2003-05-01,"[64219,64220]","[3841,3842,3843,3844]",,
69312,7,1947-02-01,[64221],[],,
69313,8,2003-05-01,[64222],[3845],,
69314,12,2019-02-01,"[64223,64224]","[3846,3847,3848]",,
69315,14,1950-02-01,[64225],[],,
69316,15,1987-02-01,"[64226,64227]","[3849,3850,3851]",,
69317,1,1947-03-01,[64228],[],,
69318,2,1924-03-01,[64229],[],,
69319,3,1924-03-01,[64230],[],,
69320,4,1924-03-01,[64231],[],,
69321,5,2003-06-01,"[64232,64233]","[3852,3853,3854,3855]",,
69322,7,1947-03-01,[64234],[],,
69323,8,2003-06-01,[64235],[3856],,
69324,12,2019-03-01,"[64236,64237]","[3857,3858,3859]",,
69325,14,1950-03-01,[64238],[],,
69326,15,1987-03-01,"[64239,64240]","[3860,3861,3862]",,
69327,1,1947-04-01,[64241],[],,
69328,2,1924-04-01,[64242],[],,
69329,3,1924-04-01,[64243],[],,
69330,4,1924-04-01,[64244],[],,
69331,5,2003-07-01,"[64245,64246]","[3863,3864,3865,3866]",,
69332,7,1947-04-01,[64247],[],,
69333,8,2003-07-01,[64248],[3867],,
69334,12,2019-04-01,"[64249,64250]","[3868,3869,3870]",,
69335,14,1950-04-01,[64251],[],,
69336,15,1987-04-01,"[64252,64253]","[3871,3872,3873]",,
69337,1,1947-05-01,[64254],[],,
69338,2,1924-05-01,[64255],[],,
69339,3,1924-05-01,[64256],[],,
69340,4,1924-05-01,[64257],[],,
69341,5,2003-08-01,"[64258,64259]","[3874,3875,3876,3877]",,
69342,7,1947-05-01,[64260],[],,
69343,8,2003-08-01,[64261],[3878],,
69344,12,2019-05-01,"[64262,64263]","[3879,3880,3881]",,
69345,14,1950-05-01,[64264],[],,
69346,15,1987-05-01,"[64265,64266]","[3882,3883,3884]",,
69347,1,1947-06-01,[64267],[],,
69348,2,1924-06-01,[64268],[],,
69349,3,1924-06-01,[64269],[],,
69350,4,1924-06-01,[64270],[],,
69351,5,2003-09-01,"[64271,64272]","[3885,3886,3887,3888]",,
69352,7,1947-06-01,[64273],[],,
69353,8,2003-09-01,[64274],[3889],,
69354,12,2019-06-01,"[64275,64276]","[3890,3891,3892]",,
69355,14,1950-06-01,[64277],[],,
69356,15,1987-06-01,"[64278,64279]","[3893,3894,3895]",,
69357,1,1947-07-01,[64280],[],,
69358,2,1924-07-01,[64281],[],,
69359,3,1924-07-01,[64282],[],,
69360,4,1924-07-01,[64283],[],,
69361,5,2003-10-01,"[64284,64285]","[3896,3897,3898,3899]",,
69362,7,1947-07-01,[64286],[],,
69363,8,2003-10-01,[64287],[3900],,
69364,12,2019-07-01,"[64288,64289]","[3901,3902,3903]",,
69365,14,1950-07-01,[64290],[],,
69366,15,1987-07-01,"[64291,64292]","[3904,3905,3906]",,
69367,1,1947-08-01,[64293],[],,
69368,2,1924-08-01,[64294],[],,
69369,3,1924-08-01,[64295],[],,
69370,4,1924-08-01,[64296],[],,
69371,5,2003-11-01,"[64297,64298]","[3907,3908,3909,3910]",,
69372,7,1947-08-01,[64299],[],,
69373,8,2003-11-01,[64300],[3911],,
69374,12,2019-08-01,"[64301,64302]","[3912,3913,3914]",,
69375,14,1950-08-01,[64303],[],,
69376,15,1987-08-01,"[64304,64305]","[3915,3916,3917]",,
69377,1,1947-09-01,[64306],[],,
69378,2,1924-09-01,[64307],[],,
69379,3,1924-09-01,[64308],[],,
69380,4,1924-09-01,[64309],[],,
69381,5,2003-12-01,"[64310,64311]","[3918,3919,3920,3921]",,
69382,7,1947-09-01,[64312],[],,
69383,8,2003-12-01,[64313],[3922],,
69384,12,2019-09-01,"[64314,64315]","[3923,3924,3925]",,
69385,14,1950-09-01,[64316],[],,
69386,15,1987-09-01,"[64317,64318]","[3926,3927,3928]",,
69387,1,1947-10-01,[64319],[],,
69388,2,1924-10-01,[64320],[],,
69389,3,1924-10-01,[64321],[],,
69390,4,1924-10-01,[64322],[],,
69391,5,2004-01-01,"[64323,64324]","[3929,3930,3931,3932]",,
69392,7,1947-10-01,[64325],[],,
69393,8,2004-01-01,[64326],[3933],,
69394,12,2019-10-01,"[64327,64328]","[3934,3935,3936]",,
69395,14,1950-10-01,[64329],[],,
69396,15,1987-10-01,"[64330,64331]","[3937,3938,3939]",,
69397,1,1947-11-01,[64332],[],,
69398,2,1924-11-01,[64333],[],,
69399,3,1924-11-01,[64334],[],,
69400,4,1924-11-01,[64335],[],,
69401,5,2004-02-01,"[64336,64337]","[3940,3941,3942,3943]",,
69402,7,1947-11-01,[64338],[],,
69403,8,2004-02-01,[64339],[3944],,
69404,12,2019-11-01,"[64340,64341]","[3945,3946,3947]",,
69405,14,1950-11-01,[64342],[],,
69406,15,1987-11-01,"[64343,64344]","[3948,3949,3950]",,
69407,1,1947-12-01,[64345],[],,
69408,2,1924-12-01,[64346],[],,
69409,3,1924-12-01,[64347],[],,
69410,4,1924-12-01,[64348],[],,
69411,5,2004-03-01,"[64349,64350]","[3951,3952,3953,3954]",,
69412,7,1947-12-01,[64351],[],,
69413,8,2004-03-01,[64352],[3955],,
69414,12,2019-12-01,"[64353,64354]","[3956,3957,3958]",,
69415,14,1950-12-01,[64355],[],,
69416,15,1987-12-01,"[64356,64357]","[3959,3960,3961]",,
69417,1,1948-01-01,[64358],[],,
69418,2,1925-01-01,[64359],[],,
69419,3,1925-01-01,[64360],[],,
69420,4,1925-01-01,[64361],[],,
69421,5,2004-04-01,"[64362,64363]","[3962,3963,3964,3965]",,
69422,7,1948-01-01,[64364],[],,
69423,8,2004-04-01,[64365],[3966],,
69424,12,2020-01-01,"[64366,64367]","[3967,3968,3969]",,
69425,14,1951-01-01,[64368],[],,
69426,15,1988-01-01,"[64369,64370]","[3970,3971,3972]",,
69427,1,1948-02-01,[64371],[],,
69428,2,1925-02-01,[64372],[],,
69429,3,1925-02-01,[64373],[],,
69430,4,1925-02-01,[64374],[],,
69431,5,2004-05-01,"[64375,64376]","[3973,3974,3975,3976]",,
69432,7,1948-02-01,[64377],[],,
69433,8,2004-05-01,[64378],[3977],,
69434,12,2020-02-01,"[64379,64380]","[3978,3979,3980]",,
69435,14,1951-02-01,[64381],[],,
69436,15,1988-02-01,"[64382,64383]","[3981,3982,3983]",,
69437,1,1948-03-01,[64384],[],,
69438,2,1925-03-01,[64385],[],,
69439,3,1925-03-01,[64386],[],,
69440,4,1925-03-01,[64387],[],,
69441,5,2004-06-01,"[64388,64389]","[3984,3985,3986,3987]",,
69442,7,1948-03-01,[64390],[],,
69443,8,2004-06-01,[64391],[3988],,
69444,12,2020-03-01,"[64392,64393]","[3989,3990,3991]",,
69445,14,1951-03-01,[64394],[],,
69446,15,1988-03-01,"[64395,64396]","[3992,3993,3994]",,
69447,1,1948-04-01,[64397],[],,
69448,2,1925-04-01,[64398],[],,
69449,3,1925-04-01,[64399],[],,
69450,4,1925-04-01,[64400],[],,
69451,5,2004-07-01,"[64401,64402]","[3995,3996,3997,3998]",,
69452,7,1948-04-01,[64403],[],,
69453,8,2004-07-01,[64404],[3999],,
69454,12,2020-04-01,"[64405,64406]","[4000,4001,4002]",,
69455,14,1951-04-01,[64407],[],,
69456,15,1988-04-01,"[64408,64409]","[4003,4004,4005]",,
69457,1,1948-05-01,[64410],[],,
69458,2,1925-05-01,[64411],[],,
69459,3,1925-05-01,[64412],[],,
69460,4,1925-05-01,[64413],[],,
69461,5,2004-08-01,"[64414,64415]","[4006,4007,4008,4009]",,
69462,7,1948-05-01,[64416],[],,
69463,8,2004-08-01,[64417],[4010],,
69464,12,2020-05-01,"[64418,64419]","[4011,4012,4013]",,
69465,14,1951-05-01,[64420],[],,
69466,15,1988-05-01,"[64421,64422]","[4014,4015,4016]",,
69467,1,1948-06-01,[64423],[],,
69468,2,1925-06-01,[64424],[],,
69469,3,1925-06-01,[64425],[],,
69470,4,1925-06-01,[64426],[],,
69471,5,2004-09-01,"[64427,64428]","[4017,4018,4019,4020]",,
69472,7,1948-06-01,[64429],[],,
69473,8,2004-09-01,[64430],[4021],,
69474,12,2020-06-01,"[64431,64432]","[4022,4023,4024]",,
69475,14,1951-06-01,[64433],[],,
69476,15,1988-06-01,"[64434,64435]","[4025,4026,4027]",,
69477,1,1948-07-01,[64436],[],,
69478,2,1925-07-01,[64437],[],,
69479,3,1925-07-01,[64438],[],,
69480,4,1925-07-01,[64439],[],,
69481,5,2004-10-01,"[64440,64441]","[4028,4029,4030,4031]",,
69482,7,1948-07-01,[64442],[],,
69483,8,2004-10-01,[64443],[4032],,
69484,12,2020-07-01,"[64444,64445]","[4033,4034,4035]",,
69485,14,1951-07-01,[64446],[],,
69486,15,1988-07-01,"[64447,64448]","[4036,4037,4038]",,
69487,1,1948-08-01,[64449],[],,
69488,2,1925-08-01,[64450],[],,
69489,3,1925-08-01,[64451],[],,
69490,4,1925-08-01,[64452],[],,
69491,5,2004-11-01,"[64453,64454]","[4039,4040,4041,4042]",,
69492,7,1948-08-01,[64455],[],,
69493,8,2004-11-01,[64456],[4043],,
69494,12,2020-08-01,"[64457,64458]","[4044,4045,4046]",,
69495,14,1951-08-01,[64459],[],,
69496,15,1988-08-01,"[64460,64461]","[4047,4048,4049]",,
69497,1,1948-09-01,[64462],[],,
69498,2,1925-09-01,[64463],[],,
69499,3,1925-09-01,[64464],[],,
69500,4,1925-09-01,[64465],[],,
69501,5,2004-12-01,"[64466,64467]","[4050,4051,4052,4053]",,
69502,7,1948-09-01,[64468],[],,
69503,8,2004-12-01,[64469],[4054],,
69504,12,2020-09-01,"[64470,64471]","[4055,4056,4057]",,
69505,14,1951-09-01,[64472],[],,
69506,15,1988-09-01,"[64473,64474]","[4058,4059,4060]",,
69507,1,1948-10-01,[64475],[],,
69508,2,1925-10-01,[64476],[],,
69509,3,1925-10-01,[64477],[],,
69510,4,1925-10-01,[64478],[],,
69511,5,2005-01-01,"[64479,64480]","[4061,4062,4063,4064]",,
69512,7,1948-10-01,[64481],[],,
69513,8,2005-01-01,[64482],[4065],,
69514,12,2020-10-01,"[64483,64484]","[4066,4067,4068]",,
69515,14,1951-10-01,[64485],[],,
69516,15,1988-10-01,"[64486,64487]","[4069,4070,4071]",,
69517,1,1948-11-01,[64488],[],,
69518,2,1925-11-01,[64489],[],,
69519,3,1925-11-01,[64490],[],,
69520,4,1925-11-01,[64491],[],,
69521,5,2005-02-01,"[64492,64493]","[4072,4073,4074,4075]",,
69522,7,1948-11-01,[64494],[],,
69523,8,2005-02-01,[64495],[4076],,
69524,12,2020-11-01,"[64496,64497]","[4077,4078,4079]",,
69525,14,1951-11-01,[64498],[],,
69526,15,1988-11-01,"[64499,64500]","[4080,4081,4082]",,
69527,1,1948-12-01,[64501],[],,
69528,2,1925-12-01,[64502],[],,
69529,3,1925-12-01,[64503],[],,
69530,4,1925-12-01,[64504],[],,
69531,5,2005-03-01,"[64505,64506]","[4083,4084,4085,4086]",,
69532,7,1948-12-01,[64507],[],,
69533,8,2005-03-01,[64508],[4087],,
69534,12,2020-12-01,"[64509,64510]","[4088,4089,4090]",,
69535,14,1951-12-01,[64511],[],,
69536,15,1988-12-01,"[64512,64513]","[4091,4092,4093]",,
69537,1,1949-01-01,[64514],[],,
69538,2,1926-01-01,[64515],[],,
69539,3,1926-01-01,[64516],[],,
69540,4,1926-01-01,[64517],[],,
69541,5,2005-04-01,"[64518,64519]","[4094,4095,4096,4097]",,
69542,7,1949-01-01,[64520],[],,
69543,8,2005-04-01,[64521],[4098],,
69544,12,2021-01-01,"[64522,64523]","[4099,4100,4101]",,
69545,14,1952-01-01,[64524],[],,
69546,15,1989-01-01,"[64525,64526]","[4102,4103,4104]",,
69547,1,1949-02-01,[64527],[],,
69548,2,1926-02-01,[64528],[],,
69549,3,1926-02-01,[64529],[],,
69550,4,1926-02-01,[64530],[],,
69551,5,2005-05-01,"[64531,64532]","[4105,4106,4107,4108]",,
69552,7,1949-02-01,[64533],[],,
69553,8,2005-05-01,[64534],[4109],,
69554,12,2021-02-01,"[64535,64536]","[4110,4111,4112]",,
69555,14,1952-02-01,[64537],[],,
69556,15,1989-02-01,"[64538,64539]","[4113,4114,4115]",,
69557,1,1949-03-01,[64540],[],,
69558,2,1926-03-01,[64541],[],,
69559,3,1926-03-01,[64542],[],,
69560,4,1926-03-01,[64543],[],,
69561,5,2005-06-01,"[64544,64545]","[4116,4117,4118,4119]",,
69562,7,1949-03-01,[64546],[],,
69563,8,2005-06-01,[64547],[4120],,
69564,12,2021-03-01,"[64548,64549]","[4121,4122,4123]",,
69565,14,1952-03-01,[64550],[],,
69566,15,1989-03-01,"[64551,64552]","[4124,4125,4126]",,
69567,1,1949-04-01,[64553],[],,
69568,2,1926-04-01,[64554],[],,
69569,3,1926-04-01,[64555],[],,
69570,4,1926-04-01,[64556],[],,
69571,5,2005-07-01,"[64557,64558]","[4127,4128,4129,4130]",,
69572,7,1949-04-01,[64559],[],,
69573,8,2005-07-01,[64560],[4131],,
69574,12,2021-04-01,"[64561,64562]","[4132,4133,4134]",,
69575,14,1952-04-01,[64563],[],,
69576,15,1989-04-01,"[64564,64565]","[4135,4136,4137]",,
69577,1,1949-05-01,[64566],[],,
69578,2,1926-05-01,[64567],[],,
69579,3,1926-05-01,[64568],[],,
69580,4,1926-05-01,[64569],[],,
69581,5,2005-08-01,"[64570,64571]","[4138,4139,4140,4141]",,
69582,7,1949-05-01,[64572],[],,
69583,8,2005-08-01,[64573],[4142],,
69584,12,2021-05-01,"[64574,64575]","[4143,4144,4145]",,
69585,14,1952-05-01,[64576],[],,
69586,15,1989-05-01,"[64577,64578]","[4146,4147,4148]",,
69587,1,1949-06-01,[64579],[],,
69588,2,1926-06-01,[64580],[],,
69589,3,1926-06-01,[64581],[],,
69590,4,1926-06-01,[64582],[],,
69591,5,2005-09-01,"[64583,64584]","[4149,4150,4151,4152]",,
69592,7,1949-06-01,[64585],[],,
69593,8,2005-09-01,[64586],[4153],,
69594,12,2021-06-01,"[64587,64588]","[4154,4155,4156]",,
69595,14,1952-06-01,[64589],[],,
69596,15,1989-06-01,"[64590,64591]","[4157,4158,4159]",,
69597,1,1949-07-01,[64592],[],,
69598,2,1926-07-01,[64593],[],,
69599,3,1926-07-01,[64594],[],,
69600,4,1926-07-01,[64595],[],,
69601,5,2005-10-01,"[64596,64597]","[4160,4161,4162,4163]",,
69602,7,1949-07-01,[64598],[],,
69603,8,2005-10-01,[64599],[4164],,
69604,12,2021-07-01,"[64600,64601]","[4165,4166,4167]",,
69605,14,1952-07-01,[64602],[],,
69606,15,1989-07-01,"[64603,64604]","[4168,4169,4170]",,
69607,1,1949-08-01,[64605],[],,
69608,2,1926-08-01,[64606],[],,
69609,3,1926-08-01,[64607],[],,
69610,4,1926-08-01,[64608],[],,
69611,5,2005-11-01,"[64609,64610]","[4171,4172,4173,4174]",,
69612,7,1949-08-01,[64611],[],,
69613,8,2005-11-01,[64612],[4175],,
69614,12,2021-08-01,"[64613,64614]","[4176,4177,4178]",,
69615,14,1952-08-01,[64615],[],,
69616,15,1989-08-01,"[64616,64617]","[4179,4180,4181]",,
69617,1,1949-09-01,[64618],[],,
69618,2,1926-09-01,[64619],[],,
69619,3,1926-09-01,[64620],[],,
69620,4,1926-09-01,[64621],[],,
69621,5,2005-12-01,"[64622,64623]","[4182,4183,4184,4185]",,
69622,7,1949-09-01,[64624],[],,
69623,8,2005-12-01,[64625],[4186],,
69624,12,2021-09-01,"[64626,64627]","[4187,4188,4189]",,
69625,14,1952-09-01,[64628],[],,
69626,15,1989-09-01,"[64629,64630]","[4190,4191,4192]",,
69627,1,1949-10-01,[64631],[],,
69628,2,1926-10-01,[64632],[],,
69629,3,1926-10-01,[64633],[],,
69630,4,1926-10-01,[64634],[],,
69631,5,2006-01-01,"[64635,64636]","[4193,4194,4195,4196]",,
69632,7,1949-10-01,[64637],[],,
69633,8,2006-01-01,[64638],[4197],,
69634,12,2021-10-01,"[64639,64640]","[4198,4199,4200]",,
69635,14,1952-10-01,[64641],[],,
69636,15,1989-10-01,"[64642,64643]","[4201,4202,4203]",,
69637,1,1949-11-01,[64644],[],,
69638,2,1926-11-01,[64645],[],,
69639,3,1926-11-01,[64646],[],,
69640,4,1926-11-01,[64647],[],,
69641,5,2006-02-01,"[64648,64649]","[4204,4205,4206,4207]",,
69642,7,1949-11-01,[64650],[],,
69643,8,2006-02-01,[64651],[4208],,
69644,12,2021-11-01,"[64652,64653]","[4209,4210,4211]",,
69645,14,1952-11-01,[64654],[],,
69646,15,1989-11-01,"[64655,64656]","[4212,4213,4214]",,
69647,1,1949-12-01,[64657],[],,
69648,2,1926-12-01,[64658],[],,
69649,3,1926-12-01,[64659],[],,
69650,4,1926-12-01,[64660],[],,
69651,5,2006-03-01,"[64661,64662]","[4215,4216,4217,4218]",,
69652,7,1949-12-01,[64663],[],,
69653,8,2006-03-01,[64664],[4219],,
69654,12,2021-12-01,"[64665,64666]","[4220,4221,4222]",,
69655,14,1952-12-01,[64667],[],,
69656,15,1989-12-01,"[64668,64669]","[4223,4224,4225]",,
69657,1,1950-01-01,[64670],[],,
69658,2,1927-01-01,[64671],[],,
69659,3,1927-01-01,[64672],[],,
69660,4,1927-01-01,[64673],[],,
69661,5,2006-04-01,"[64674,64675]","[4226,4227,4228,4229]",,
69662,7,1950-01-01,[64676],[],,
69663,8,2006-04-01,[64677],[4230],,
69664,12,2022-01-01,"[64678,64679]","[4231,4232,4233]",,
69665,14,1953-01-01,[64680],[],,
69666,15,1990-01-01,"[64681,64682]","[4234,4235,4236]",,
69667,1,1950-02-01,[64683],[],,
69668,2,1927-02-01,[64684],[],,
69669,3,1927-02-01,[64685],[],,
69670,4,1927-02-01,[64686],[],,
69671,5,2006-05-01,"[64687,64688]","[4237,4238,4239,4240]",,
69672,7,1950-02-01,[64689],[],,
69673,8,2006-05-01,[64690],[4241],,
69674,12,2022-02-01,"[64691,64692]","[4242,4243,4244]",,
69675,14,1953-02-01,[64693],[],,
69676,15,1990-02-01,"[64694,64695]","[4245,4246,4247]",,
69677,1,1950-03-01,[64696],[],,
69678,2,1927-03-01,[64697],[],,
69679,3,1927-03-01,[64698],[],,
69680,4,1927-03-01,[64699],[],,
69681,5,2006-06-01,"[64700,64701]","[4248,4249,4250,4251]",,
69682,7,1950-03-01,[64702],[],,
69683,8,2006-06-01,[64703],[4252],,
69684,12,2022-03-01,"[64704,64705]","[4253,4254,4255]",,
69685,14,1953-03-01,[64706],[],,
69686,15,1990-03-01,"[64707,64708]","[4256,4257,4258]",,
69687,1,1950-04-01,[64709],[],,
69688,2,1927-04-01,[64710],[],,
69689,3,1927-04-01,[64711],[],,
69690,4,1927-04-01,[64712],[],,
69691,5,2006-07-01,"[64713,64714]","[4259,4260,4261,4262]",,
69692,7,1950-04-01,[64715],[],,
69693,8,2006-07-01,[64716],[4263],,
69694,12,2022-04-01,"[64717,64718]","[4264,4265,4266]",,
69695,14,1953-04-01,[64719],[],,
69696,15,1990-04-01,"[64720,64721]","[4267,4268,4269]",,
69697,1,1950-05-01,[64722],[],,
69698,2,1927-05-01,[64723],[],,
69699,3,1927-05-01,[64724],[],,
69700,4,1927-05-01,[64725],[],,
69701,5,2006-08-01,"[64726,64727]","[4270,4271,4272,4273]",,
69702,7,1950-05-01,[64728],[],,
69703,8,2006-08-01,[64729],[4274],,
69704,12,2022-05-01,"[64730,64731]","[4275,4276,4277]",,
69705,14,1953-05-01,[64732],[],,
69706,15,1990-05-01,"[64733,64734]","[4278,4279,4280]",,
69707,1,1950-06-01,[64735],[],,
69708,2,1927-06-01,[64736],[],,
69709,3,1927-06-01,[64737],[],,
69710,4,1927-06-01,[64738],[],,
69711,5,2006-09-01,"[64739,64740]","[4281,4282,4283,4284]",,
69712,7,1950-06-01,[64741],[],,
69713,8,2006-09-01,[64742],[4285],,
69714,12,2022-06-01,"[64743,64744]","[4286,4287,4288]",,
69715,14,1953-06-01,[64745],[],,
69716,15,1990-06-01,"[64746,64747]","[4289,4290,4291]",,
69717,1,1950-07-01,[64748],[],,
69718,2,1927-07-01,[64749],[],,
69719,3,1927-07-01,[64750],[],,
69720,4,1927-07-01,[64751],[],,
69721,5,2006-10-01,"[64752,64753]","[4292,4293,4294,4295]",,
69722,7,1950-07-01,[64754],[],,
69723,8,2006-10-01,[64755],[4296],,
69724,12,2022-07-01,"[64756,64757]","[4297,4298,4299]",,
69725,14,1953-07-01,[64758],[],,
69726,15,1990-07-01,"[64759,64760]","[4300,4301,4302]",,
69727,1,1950-08-01,[64761],[],,
69728,2,1927-08-01,[64762],[],,
69729,3,1927-08-01,[64763],[],,
69730,4,1927-08-01,[64764],[],,
69731,5,2006-11-01,"[64765,64766]","[4303,4304,4305,4306]",,
69732,7,1950-08-01,[64767],[],,
69733,8,2006-11-01,[64768],[4307],,
69734,12,2022-08-01,"[64769,64770]","[4308,4309,4310]",,
69735,14,1953-08-01,[64771],[],,
69736,15,1990-08-01,"[64772,64773]","[4311,4312,4313]",,
69737,1,1950-09-01,[64774],[],,
69738,2,1927-09-01,[64775],[],,
69739,3,1927-09-01,[64776],[],,
69740,4,1927-09-01,[64777],[],,
69741,5,2006-12-01,"[64778,64779]","[4314,4315,4316,4317]",,
69742,7,1950-09-01,[64780],[],,
69743,8,2006-12-01,[64781],[4318],,
69744,12,2022-09-01,"[64782,64783]","[4319,4320,4321]",,
69745,14,1953-09-01,[64784],[],,
69746,15,1990-09-01,"[64785,64786]","[4322,4323,4324]",,
69747,1,1950-10-01,[64787],[],,
69748,2,1927-10-01,[64788],[],,
69749,3,1927-10-01,[64789],[],,
69750,4,1927-10-01,[64790],[],,
69751,5,2007-01-01,"[64791,64792]","[4325,4326,4327,4328]",,
69752,7,1950-10-01,[64793],[],,
69753,8,2007-01-01,[64794],[4329],,
69754,12,2022-10-01,"[64795,64796]","[4330,4331,4332]",,
69755,14,1953-10-01,[64797],[],,
69756,15,1990-10-01,"[64798,64799]","[4333,4334,4335]",,
69757,1,1950-11-01,[64800],[],,
69758,2,1927-11-01,[64801],[],,
69759,3,1927-11-01,[64802],[],,
69760,4,1927-11-01,[64803],[],,
69761,5,2007-02-01,"[64804,64805]","[4336,4337,4338,4339]",,
69762,7,1950-11-01,[64806],[],,
69763,8,2007-02-01,[64807],[4340],,
69764,12,2022-11-01,"[64808,64809]","[4341,4342,4343]",,
69765,14,1953-11-01,[64810],[],,
69766,15,1990-11-01,"[64811,64812]","[4344,4345,4346]",,
69767,1,1950-12-01,[64813],[],,
69768,2,1927-12-01,[64814],[],,
69769,3,1927-12-01,[64815],[],,
69770,4,1927-12-01,[64816],[],,
69771,5,2007-03-01,"[64817,64818]","[4347,4348,4349,4350]",,
69772,7,1950-12-01,[64819],[],,
69773,8,2007-03-01,[64820],[4351],,
69774,12,2022-12-01,"[64821,64822]","[4352,4353,4354]",,
69775,14,1953-12-01,[64823],[],,
69776,15,1990-12-01,"[64824,64825]","[4355,4356,4357]",,
69777,1,1951-01-01,[64826],[],,
69778,2,1928-01-01,[64827],[],,
69779,3,1928-01-01,[64828],[],,
69780,4,1928-01-01,[64829],[],,
69781,5,2007-04-01,"[64830,64831]","[4358,4359,4360,4361]",,
69782,7,1951-01-01,[64832],[],,
69783,8,2007-04-01,[64833],[4362],,
69784,12,2023-01-01,"[64834,64835]","[4363,4364,4365]",,
69785,14,1954-01-01,[64836],[],,
69786,15,1991-01-01,"[64837,64838]","[4366,4367,4368]",,
69787,1,1951-02-01,[64839],[],,
69788,2,1928-02-01,[64840],[],,
69789,3,1928-02-01,[64841],[],,
69790,4,1928-02-01,[64842],[],,
69791,5,2007-05-01,"[64843,64844]","[4369,4370,4371,4372]",,
69792,7,1951-02-01,[64845],[],,
69793,8,2007-05-01,[64846],[4373],,
69794,12,2023-02-01,"[64847,64848]","[4374,4375,4376]",,
69795,14,1954-02-01,[64849],[],,
69796,15,1991-02-01,"[64850,64851]","[4377,4378,4379]",,
69797,1,1951-03-01,[64852],[],,
69798,2,1928-03-01,[64853],[],,
69799,3,1928-03-01,[64854],[],,
69800,4,1928-03-01,[64855],[],,
69801,5,2007-06-01,"[64856,64857]","[4380,4381,4382,4383]",,
69802,7,1951-03-01,[64858],[],,
69803,8,2007-06-01,[64859],[4384],,
69804,12,2023-03-01,"[64860,64861]","[4385,4386,4387]",,
69805,14,1954-03-01,[64862],[],,
69806,15,1991-03-01,"[64863,64864]","[4388,4389,4390]",,
69807,1,1951-04-01,[64865],[],,
69808,2,1928-04-01,[64866],[],,
69809,3,1928-04-01,[64867],[],,
69810,4,1928-04-01,[64868],[],,
69811,5,2007-07-01,"[64869,64870]","[4391,4392,4393,4394]",,
69812,7,1951-04-01,[64871],[],,
69813,8,2007-07-01,[64872],[4395],,
69814,12,2023-04-01,"[64873,64874]","[4396,4397,4398]",,
69815,14,1954-04-01,[64875],[],,
69816,15,1991-04-01,"[64876,64877]","[4399,4400,4401]",,
69817,1,1951-05-01,[64878],[],,
69818,2,1928-05-01,[64879],[],,
69819,3,1928-05-01,[64880],[],,
69820,4,1928-05-01,[64881],[],,
69821,5,2007-08-01,"[64882,64883]","[4402,4403,4404,4405]",,
69822,7,1951-05-01,[64884],[],,
69823,8,2007-08-01,[64885],[4406],,
69824,12,2023-05-01,"[64886,64887]","[4407,4408,4409]",,
69825,14,1954-05-01,[64888],[],,
69826,15,1991-05-01,"[64889,64890]","[4410,4411,4412]",,
69827,1,1951-06-01,[64891],[],,
69828,2,1928-06-01,[64892],[],,
69829,3,1928-06-01,[64893],[],,
69830,4,1928-06-01,[64894],[],,
69831,5,2007-09-01,"[64895,64896]","[4413,4414,4415,4416]",,
69832,7,1951-06-01,[64897],[],,
69833,8,2007-09-01,[64898],[4417],,
69834,12,2023-06-01,"[64899,64900]","[4418,4419,4420]",,
69835,14,1954-06-01,[64901],[],,
69836,15,1991-06-01,"[64902,64903]","[4421,4422,4423]",,
69837,1,1951-07-01,[64904],[],,
69838,2,1928-07-01,[64905],[],,
69839,3,1928-07-01,[64906],[],,
69840,4,1928-07-01,[64907],[],,
69841,5,2007-10-01,"[64908,64909]","[4424,4425,4426,4427]",,
69842,7,1951-07-01,[64910],[],,
69843,8,2007-10-01,[64911],[4428],,
69844,12,2023-07-01,"[64912,64913]","[4429,4430,4431]",,
69845,14,1954-07-01,[64914],[],,
69846,15,1991-07-01,"[64915,64916]","[4432,4433,4434]",,
69847,1,1951-08-01,[64917],[],,
69848,2,1928-08-01,[64918],[],,
69849,3,1928-08-01,[64919],[],,
69850,4,1928-08-01,[64920],[],,
69851,5,2007-11-01,"[64921,64922]","[4435,4436,4437,4438]",,
69852,7,1951-08-01,[64923],[],,
69853,8,2007-11-01,[64924],[4439],,
69854,12,2023-08-01,"[64925,64926]","[4440,4441,4442]",,
69855,14,1954-08-01,[64927],[],,
69856,15,1991-08-01,"[64928,64929]","[4443,4444,4445]",,
69857,1,1951-09-01,[64930],[],,
69858,2,1928-09-01,[64931],[],,
69859,3,1928-09-01,[64932],[],,
69860,4,1928-09-01,[64933],[],,
69861,5,2007-12-01,"[64934,64935]","[4446,4447,4448,4449]",,
69862,7,1951-09-01,[64936],[],,
69863,8,2007-12-01,[64937],[4450],,
69864,12,2023-09-01,"[64938,64939]","[4451,4452,4453]",,
69865,14,1954-09-01,[64940],[],,
69866,15,1991-09-01,"[64941,64942]","[4454,4455,4456]",,
69867,1,1951-10-01,[64943],[],,
69868,2,1928-10-01,[64944],[],,
69869,3,1928-10-01,[64945],[],,
69870,4,1928-10-01,[64946],[],,
69871,5,2008-01-01,"[64947,64948]","[4457,4458,4459,4460]",,
69872,7,1951-10-01,[64949],[],,
69873,8,2008-01-01,[64950],[4461],,
69874,12,2023-10-01,"[64951,64952]","[4462,4463,4464]",,
69875,14,1954-10-01,[64953],[],,
69876,15,1991-10-01,"[64954,64955]","[4465,4466,4467]",,
69877,1,1951-11-01,[64956],[],,
69878,2,1928-11-01,[64957],[],,
69879,3,1928-11-01,[64958],[],,
69880,4,1928-11-01,[64959],[],,
69881,5,2008-02-01,"[64960,64961]","[4468,4469,4470,4471]",,
69882,7,1951-11-01,[64962],[],,
69883,8,2008-02-01,[64963],[4472],,
69884,12,2023-11-01,"[64964,64965]","[4473,4474,4475]",,
69885,14,1954-11-01,[64966],[],,
69886,15,1991-11-01,"[64967,64968]","[4476,4477,4478]",,
69887,1,1951-12-01,[64969],[],,
69888,2,1928-12-01,[64970],[],,
69889,3,1928-12-01,[64971],[],,
69890,4,1928-12-01,[64972],[],,
69891,5,2008-03-01,"[64973,64974]","[4479,4480,4481,4482]",,
69892,7,1951-12-01,[64975],[],,
69893,8,2008-03-01,[64976],[4483],,
69894,12,2023-12-01,"[64977,64978]","[4484,4485,4486]",,
69895,14,1954-12-01,[64979],[],,
69896,15,1991-12-01,"[64980,64981]","[4487,4488,4489]",,
69897,1,1952-01-01,[64982],[],,
69898,2,1929-01-01,[64983],[],,
69899,3,1929-01-01,[64984],[],,
69900,4,1929-01-01,[64985],[],,
69901,5,2008-04-01,"[64986,64987]","[4490,4491,4492,4493]",,
69902,7,1952-01-01,[64988],[],,
69903,8,2008-04-01,[64989],[4494],,
69904,12,2024-01-01,"[64990,64991]","[4495,4496,4497]",,
69905,14,1955-01-01,[64992],[],,
69906,15,1992-01-01,"[64993,64994]","[4498,4499,4500]",,
69907,1,1952-02-01,[64995],[],,
69908,2,1929-02-01,[64996],[],,
69909,3,1929-02-01,[64997],[],,
69910,4,1929-02-01,[64998],[],,
69911,5,2008-05-01,"[64999,65000]","[4501,4502,4503,4504]",,
69912,7,1952-02-01,[65001],[],,
69913,8,2008-05-01,[65002],[4505],,
69914,12,2024-02-01,"[65003,65004]","[4506,4507,4508]",,
69915,14,1955-02-01,[65005],[],,
69916,15,1992-02-01,"[65006,65007]","[4509,4510,4511]",,
69917,1,1952-03-01,[65008],[],,
69918,2,1929-03-01,[65009],[],,
69919,3,1929-03-01,[65010],[],,
69920,4,1929-03-01,[65011],[],,
69921,5,2008-06-01,"[65012,65013]","[4512,4513,4514,4515]",,
69922,7,1952-03-01,[65014],[],,
69923,8,2008-06-01,[65015],[4516],,
69924,12,2024-03-01,"[65016,65017]","[4517,4518,4519]",,
69925,14,1955-03-01,[65018],[],,
69926,15,1992-03-01,"[65019,65020]","[4520,4521,4522]",,
69927,1,1952-04-01,[65021],[],,
69928,2,1929-04-01,[65022],[],,
69929,3,1929-04-01,[65023],[],,
69930,4,1929-04-01,[65024],[],,
69931,5,2008-07-01,"[65025,65026]","[4523,4524,4525,4526]",,
69932,7,1952-04-01,[65027],[],,
69933,8,2008-07-01,[65028],[4527],,
69934,12,2024-04-01,"[65029,65030]","[4528,4529,4530]",,
69935,14,1955-04-01,[65031],[],,
69936,15,1992-04-01,"[65032,65033]","[4531,4532,4533]",,
69937,1,1952-05-01,[65034],[],,
69938,2,1929-05-01,[65035],[],,
69939,3,1929-05-01,[65036],[],,
69940,4,1929-05-01,[65037],[],,
69941,5,2008-08-01,"[65038,65039]","[4534,4535,4536,4537]",,
69942,7,1952-05-01,[65040],[],,
69943,8,2008-08-01,[65041],[4538],,
69944,12,2024-05-01,"[65042,65043]","[4539,4540,4541]",,
69945,14,1955-05-01,[65044],[],,
69946,15,1992-05-01,"[65045,65046]","[4542,4543,4544]",,
69947,1,1952-06-01,[65047],[],,
69948,2,1929-06-01,[65048],[],,
69949,3,1929-06-01,[65049],[],,
69950,4,1929-06-01,[65050],[],,
69951,5,2008-09-01,"[65051,65052]","[4545,4546,4547,4548]",,
69952,7,1952-06-01,[65053],[],,
69953,8,2008-09-01,[65054],[4549],,
69954,12,2024-06-01,"[65055,65056]","[4550,4551,4552]",,
69955,14,1955-06-01,[65057],[],,
69956,15,1992-06-01,"[65058,65059]","[4553,4554,4555]",,
69957,1,1952-07-01,[65060],[],,
69958,2,1929-07-01,[65061],[],,
69959,3,1929-07-01,[65062],[],,
69960,4,1929-07-01,[65063],[],,
69961,5,2008-10-01,"[65064,65065]","[4556,4557,4558,4559]",,
69962,7,1952-07-01,[65066],[],,
69963,8,2008-10-01,[65067],[4560],,
69964,12,2024-07-01,"[65068,65069]","[4561,4562,4563]",,
69965,14,1955-07-01,[65070],[],,
69966,15,1992-07-01,"[65071,65072]","[4564,4565,4566]",,
69967,1,1952-08-01,[65073],[],,
69968,2,1929-08-01,[65074],[],,
69969,3,1929-08-01,[65075],[],,
69970,4,1929-08-01,[65076],[],,
69971,5,2008-11-01,"[65077,65078]","[4567,4568,4569,4570]",,
69972,7,1952-08-01,[65079],[],,
69973,8,2008-11-01,[65080],[4571],,
69974,12,2024-08-01,"[65081,65082]","[4572,4573,4574]",,
69975,14,1955-08-01,[65083],[],,
69976,15,1992-08-01,"[65084,65085]","[4575,4576,4577]",,
69977,1,1952-09-01,[65086],[],,
69978,2,1929-09-01,[65087],[],,
69979,3,1929-09-01,[65088],[],,
69980,4,1929-09-01,[65089],[],,
69981,5,2008-12-01,"[65090,65091]","[4578,4579,4580,4581]",,
69982,7,1952-09-01,[65092],[],,
69983,8,2008-12-01,[65093],[4582],,
69984,12,2024-09-01,"[65094,65095]","[4583,4584,4585]",,
69985,14,1955-09-01,[65096],[],,
69986,15,1992-09-01,"[65097,65098]","[4586,4587,4588]",,
69987,1,1952-10-01,[65099],[],,
69988,2,1929-10-01,[65100],[],,
69989,3,1929-10-01,[65101],[],,
69990,4,1929-10-01,[65102],[],,
69991,5,2009-01-01,"[65103,65104]","[4589,4590,4591,4592]",,
69992,7,1952-10-01,[65105],[],,
69993,8,2009-01-01,[65106],[4593],,
69994,12,2024-10-01,"[65107,65108]","[4594,4595,4596]",,
69995,14,1955-10-01,[65109],[],,
69996,15,1992-10-01,"[65110,65111]","[4597,4598,4599]",,
69997,1,1952-11-01,[65112],[],,
69998,2,1929-11-01,[65113],[],,
69999,3,1929-11-01,[65114],[],,
70000,4,1929-11-01,[65115],[],,
70001,5,2009-02-01,"[65116,65117]","[4600,4601,4602,4603]",,
70002,7,1952-11-01,[65118],[],,
70003,8,2009-02-01,[65119],[4604],,
70004,12,2024-11-01,"[65120,65121]","[4605,4606,4607]",,
70005,14,1955-11-01,[65122],[],,
70006,15,1992-11-01,"[65123,65124]","[4608,4609,4610]",,
70007,1,1952-12-01,[65125],[],,
70008,2,1929-12-01,[65126],[],,
70009,3,1929-12-01,[65127],[],,
70010,4,1929-12-01,[65128],[],,
70011,5,2009-03-01,"[65129,65130]","[4611,4612,4613,4614]",,
70012,7,1952-12-01,[65131],[],,
70013,8,2009-03-01,[65132],[4615],,
70014,12,2024-12-01,"[65133,65134]","[4616,4617,4618]",,
70015,14,1955-12-01,[65135],[],,
70016,15,1992-12-01,"[65136,65137]","[4619,4620,4621]",,
70017,1,1953-01-01,[65138],[],,
70018,2,1930-01-01,[65139],[],,
70019,3,1930-01-01,[65140],[],,
70020,4,1930-01-01,[65141],[],,
70021,5,2009-04-01,"[65142,65143]","[4622,4623,4624,4625]",,
70022,7,1953-01-01,[65144],[],,
70023,8,2009-04-01,[65145],[4626],,
70024,12,2025-01-01,"[65146,65147]","[4627,4628,4629]",,
70025,14,1956-01-01,[65148],[],,
70026,15,1993-01-01,"[65149,65150]","[4630,4631,4632]",,
70027,1,1953-02-01,[65151],[],,
70028,2,1930-02-01,[65152],[],,
70029,3,1930-02-01,[65153],[],,
70030,4,1930-02-01,[65154],[],,
70031,5,2009-05-01,"[65155,65156]","[4633,4634,4635,4636]",,
70032,7,1953-02-01,[65157],[],,
70033,8,2009-05-01,[65158],[4637],,
70034,12,2025-02-01,"[65159,65160]","[4638,4639,4640]",,
70035,14,1956-02-01,[65161],[],,
70036,15,1993-02-01,"[65162,65163]","[4641,4642,4643]",,
70037,1,1953-03-01,[65164],[],,
70038,2,1930-03-01,[65165],[],,
70039,3,1930-03-01,[65166],[],,
70040,4,1930-03-01,[65167],[],,
70041,5,2009-06-01,"[65168,65169]","[4644,4645,4646,4647]",,
70042,7,1953-03-01,[65170],[],,
70043,8,2009-06-01,[65171],[4648],,
70044,12,2025-03-01,"[65172,65173]","[4649,4650,4651]",,
70045,14,1956-03-01,[65174],[],,
70046,15,1993-03-01,"[65175,65176]","[4652,4653,4654]",,
70047,1,1953-04-01,[65177],[],,
70048,2,1930-04-01,[65178],[],,
70049,3,1930-04-01,[65179],[],,
70050,4,1930-04-01,[65180],[],,
70051,5,2009-07-01,"[65181,65182]","[4655,4656,4657,4658]",,
70052,7,1953-04-01,[65183],[],,
70053,8,2009-07-01,[65184],[4659],,
70054,12,2025-04-01,"[65185,65186]","[4660,4661,4662]",,
70055,14,1956-04-01,[65187],[],,
70056,15,1993-04-01,"[65188,65189]","[4663,4664,4665]",,
70057,1,1953-05-01,[65190],[],,
70058,2,1930-05-01,[65191],[],,
70059,3,1930-05-01,[65192],[],,
70060,4,1930-05-01,[65193],[],,
70061,5,2009-08-01,"[65194,65195]","[4666,4667,4668,4669]",,
70062,7,1953-05-01,[65196],[],,
70063,8,2009-08-01,[65197],[4670],,
70064,12,2025-05-01,"[65198,65199]","[4671,4672,4673]",,
70065,14,1956-05-01,[65200],[],,
70066,15,1993-05-01,"[65201,65202]","[4674,4675,4676]",,
70067,1,1953-06-01,[65203],[],,
70068,2,1930-06-01,[65204],[],,
70069,3,1930-06-01,[65205],[],,
70070,4,1930-06-01,[65206],[],,
70071,5,2009-09-01,"[65207,65208]","[4677,4678,4679,4680]",,
70072,7,1953-06-01,[65209],[],,
70073,8,2009-09-01,[65210],[4681],,
70074,12,2025-06-01,"[65211,65212]","[4682,4683,4684]",,
70075,14,1956-06-01,[65213],[],,
70076,15,1993-06-01,"[65214,65215]","[4685,4686,4687]",,
70077,1,1953-07-01,[65216],[],,
70078,2,1930-07-01,[65217],[],,
70079,3,1930-07-01,[65218],[],,
70080,4,1930-07-01,[65219],[],,
70081,5,2009-10-01,"[65220,65221]","[4688,4689,4690,4691]",,
70082,7,1953-07-01,[65222],[],,
70083,8,2009-10-01,[65223],[4692],,
70084,12,2025-07-01,"[65224,65225]","[4693,4694,4695]",,
70085,14,1956-07-01,[65226],[],,
70086,15,1993-07-01,"[65227,65228]","[4696,4697,4698]",,
70087,1,1953-08-01,[65229],[],,
70088,2,1930-08-01,[65230],[],,
70089,3,1930-08-01,[65231],[],,
70090,4,1930-08-01,[65232],[],,
70091,5,2009-11-01,"[65233,65234]","[4699,4700,4701,4702]",,
70092,7,1953-08-01,[65235],[],,
70093,8,2009-11-01,[65236],[4703],,
70094,12,2025-08-01,"[65237,65238]","[4704,4705,4706]",,
70095,14,1956-08-01,[65239],[],,
70096,15,1993-08-01,"[65240,65241]","[4707,4708,4709]",,
70097,1,1953-09-01,[65242],[],,
70098,2,1930-09-01,[65243],[],,
70099,3,1930-09-01,[65244],[],,
70100,4,1930-09-01,[65245],[],,
70101,5,2009-12-01,"[65246,65247]","[4710,4711,4712,4713]",,
70102,7,1953-09-01,[65248],[],,
70103,8,2009-12-01,[65249],[4714],,
70104,12,2025-09-01,"[65250,65251]","[4715,4716,4717]",,
70105,14,1956-09-01,[65252],[],,
70106,15,1993-09-01,"[65253,65254]","[4718,4719,4720]",,
70107,1,1953-10-01,[65255],[],,
70108,2,1930-10-01,[65256],[],,
70109,3,1930-10-01,[65257],[],,
70110,4,1930-10-01,[65258],[],,
70111,5,2010-01-01,"[65259,65260]","[4721,4722,4723,4724]",,
70112,7,1953-10-01,[65261],[],,
70113,8,2010-01-01,[65262],[4725],,
70114,12,2025-10-01,"[65263,65264]","[4726,4727,4728]",,
70115,14,1956-10-01,[65265],[],,
70116,15,1993-10-01,"[65266,65267]","[4729,4730,4731]",,
70117,1,1953-11-01,[65268],[],,
70118,2,1930-11-01,[65269],[],,
70119,3,1930-11-01,[65270],[],,
70120,4,1930-11-01,[65271],[],,
70121,5,2010-02-01,"[65272,65273]","[4732,4733,4734,4735]",,
70122,7,1953-11-01,[65274],[],,
70123,8,2010-02-01,[65275],[4736],,
70124,12,2025-11-01,"[65276,65277]","[4737,4738,4739]",,
70125,14,1956-11-01,[65278],[],,
70126,15,1993-11-01,"[65279,65280]","[4740,4741,4742]",,
70127,1,1953-12-01,[65281],[],,
70128,2,1930-12-01,[65282],[],,
70129,3,1930-12-01,[65283],[],,
70130,4,1930-12-01,[65284],[],,
70131,5,2010-03-01,"[65285,65286]","[4743,4744,4745,4746]",,
70132,7,1953-12-01,[65287],[],,
70133,8,2010-03-01,[65288],[4747],,
70134,12,2025-12-01,"[65289,65290]","[4748,4749,4750]",,
70135,14,1956-12-01,[65291],[],,
70136,15,1993-12-01,"[65292,65293]","[4751,4752,4753]",,
70137,1,1954-01-01,[65294],[],,
70138,2,1931-01-01,[65295],[],,
70139,3,1931-01-01,[65296],[],,
70140,4,1931-01-01,[65297],[],,
70141,5,2010-04-01,"[65298,65299]","[4754,4755,4756,4757]",,
70142,7,1954-01-01,[65300],[],,
70143,8,2010-04-01,[65301],[4758],,
70144,12,2026-01-01,"[65302,65303]","[4759,4760,4761]",,
70145,14,1957-01-01,[65304],[],,
70146,15,1994-01-01,"[65305,65306]","[4762,4763,4764]",,
70147,1,1954-02-01,[65307],[],,
70148,2,1931-02-01,[65308],[],,
70149,3,1931-02-01,[65309],[],,
70150,4,1931-02-01,[65310],[],,
70151,5,2010-05-01,"[65311,65312]","[4765,4766,4767,4768]",,
70152,7,1954-02-01,[65313],[],,
70153,8,2010-05-01,[65314],[4769],,
70154,12,2026-02-01,"[65315,65316]","[4770,4771,4772]",,
70155,14,1957-02-01,[65317],[],,
70156,15,1994-02-01,"[65318,65319]","[4773,4774,4775]",,
70157,1,1954-03-01,[65320],[],,
70158,2,1931-03-01,[65321],[],,
70159,3,1931-03-01,[65322],[],,
70160,4,1931-03-01,[65323],[],,
70161,5,2010-06-01,"[65324,65325]","[4776,4777,4778,4779]",,
70162,7,1954-03-01,[65326],[],,
70163,8,2010-06-01,[65327],[4780],,
70164,12,2026-03-01,"[65328,65329]","[4781,4782,4783]",,
70165,14,1957-03-01,[65330],[],,
70166,15,1994-03-01,"[65331,65332]","[4784,4785,4786]",,
70167,1,1954-04-01,[65333],[],,
70168,2,1931-04-01,[65334],[],,
70169,3,1931-04-01,[65335],[],,
70170,4,1931-04-01,[65336],[],,
70171,5,2010-07-01,"[65337,65338]","[4787,4788,4789,4790]",,
70172,7,1954-04-01,[65339],[],,
70173,8,2010-07-01,[65340],[4791],,
70174,12,2026-04-01,"[65341,65342]","[4792,4793,4794]",,
70175,14,1957-04-01,[65343],[],,
70176,15,1994-04-01,"[65344,65345]","[4795,4796,4797]",,
70177,1,1954-05-01,[65346],[],,
70178,2,1931-05-01,[65347],[],,
70179,3,1931-05-01,[65348],[],,
70180,4,1931-05-01,[65349],[],,
70181,5,2010-08-01,"[65350,65351]","[4798,4799,4800,4801]",,
70182,7,1954-05-01,[65352],[],,
70183,8,2010-08-01,[65353],[4802],,
70184,12,2026-05-01,"[65354,65355]","[4803,4804,4805]",,
70185,14,1957-05-01,[65356],[],,
70186,15,1994-05-01,"[65357,65358]","[4806,4807,4808]",,
70187,1,1954-06-01,[65359],[],,
70188,2,1931-06-01,[65360],[],,
70189,3,1931-06-01,[65361],[],,
70190,4,1931-06-01,[65362],[],,
70191,5,2010-09-01,"[65363,65364]","[4809,4810,4811,4812]",,
70192,7,1954-06-01,[65365],[],,
70193,8,2010-09-01,[65366],[4813],,
70194,14,1957-06-01,[65367],[],,
70195,15,1994-06-01,"[65368,65369]","[4814,4815,4816]",,
70196,1,1954-07-01,[65370],[],,
70197,2,1931-07-01,[65371],[],,
70198,3,1931-07-01,[65372],[],,
70199,4,1931-07-01,[65373],[],,
70200,5,2010-10-01,"[65374,65375]","[4817,4818,4819,4820]",,
70201,7,1954-07-01,[65376],[],,
70202,8,2010-10-01,[65377],[4821],,
70203,14,1957-07-01,[65378],[],,
70204,15,1994-07-01,"[65379,65380]","[4822,4823,4824]",,
70205,1,1954-08-01,[65381],[],,
70206,2,1931-08-01,[65382],[],,
70207,3,1931-08-01,[65383],[],,
70208,4,1931-08-01,[65384],[],,
70209,5,2010-11-01,"[65385,65386]","[4825,4826,4827,4828]",,
70210,7,1954-08-01,[65387],[],,
70211,8,2010-11-01,[65388],[4829],,
70212,14,1957-08-01,[65389],[],,
70213,15,1994-08-01,"[65390,65391]","[4830,4831,4832]",,
70214,1,1954-09-01,[65392],[],,
70215,2,1931-09-01,[65393],[],,
70216,3,1931-09-01,[65394],[],,
70217,4,1931-09-01,[65395],[],,
70218,5,2010-12-01,"[65396,65397]","[4833,4834,4835,4836]",,
70219,7,1954-09-01,[65398],[],,
70220,8,2010-12-01,[65399],[4837],,
70221,14,1957-09-01,[65400],[],,
70222,15,1994-09-01,"[65401,65402]","[4838,4839,4840]",,
70223,1,1954-10-01,[65403],[],,
70224,2,1931-10-01,[65404],[],,
70225,3,1931-10-01,[65405],[],,
70226,4,1931-10-01,[65406],[],,
70227,5,2011-01-01,"[65407,65408]","[4841,4842,4843,4844]",,
70228,7,1954-10-01,[65409],[],,
70229,8,2011-01-01,[65410],[4845],,
70230,14,1957-10-01,[65411],[],,
70231,15,1994-10-01,"[65412,65413]","[4846,4847,4848]",,
70232,1,1954-11-01,[65414],[],,
70233,2,1931-11-01,[65415],[],,
70234,3,1931-11-01,[65416],[],,
70235,4,1931-11-01,[65417],[],,
70236,5,2011-02-01,"[65418,65419]","[4849,4850,4851,4852]",,
70237,7,1954-11-01,[65420],[],,
70238,8,2011-02-01,[65421],[4853],,
70239,14,1957-11-01,[65422],[],,
70240,15,1994-11-01,"[65423,65424]","[4854,4855,4856]",,
70241,1,1954-12-01,[65425],[],,
70242,2,1931-12-01,[65426],[],,
70243,3,1931-12-01,[65427],[],,
70244,4,1931-12-01,[65428],[],,
70245,5,2011-03-01,"[65429,65430]","[4857,4858,4859,4860]",,
70246,7,1954-12-01,[65431],[],,
70247,8,2011-03-01,[65432],[4861],,
70248,14,1957-12-01,[65433],[],,
70249,15,1994-12-01,"[65434,65435]","[4862,4863,4864]",,
70250,1,1955-01-01,[65436],[],,
70251,2,1932-01-01,[65437],[],,
70252,3,1932-01-01,[65438],[],,
70253,4,1932-01-01,[65439],[],,
70254,5,2011-04-01,"[65440,65441]","[4865,4866,4867,4868]",,
70255,7,1955-01-01,[65442],[],,
70256,8,2011-04-01,[65443],[4869],,
70257,14,1958-01-01,[65444],[],,
70258,15,1995-01-01,"[65445,65446]","[4870,4871,4872]",,
70259,1,1955-02-01,[65447],[],,
70260,2,1932-02-01,[65448],[],,
70261,3,1932-02-01,[65449],[],,
70262,4,1932-02-01,[65450],[],,
70263,5,2011-05-01,"[65451,65452]","[4873,4874,4875,4876]",,
70264,7,1955-02-01,[65453],[],,
70265,8,2011-05-01,[65454],[4877],,
70266,14,1958-02-01,[65455],[],,
70267,15,1995-02-01,"[65456,65457]","[4878,4879,4880]",,
70268,1,1955-03-01,[65458],[],,
70269,2,1932-03-01,[65459],[],,
70270,3,1932-03-01,[65460],[],,
70271,4,1932-03-01,[65461],[],,
70272,5,2011-06-01,"[65462,65463]","[4881,4882,4883,4884]",,
70273,7,1955-03-01,[65464],[],,
70274,8,2011-06-01,[65465],[4885],,
70275,14,1958-03-01,[65466],[],,
70276,15,1995-03-01,"[65467,65468]","[4886,4887,4888]",,
70277,1,1955-04-01,[65469],[],,
70278,2,1932-04-01,[65470],[],,
70279,3,1932-04-01,[65471],[],,
70280,4,1932-04-01,[65472],[],,
70281,5,2011-07-01,"[65473,65474]","[4889,4890,4891,4892]",,
70282,7,1955-04-01,[65475],[],,
70283,8,2011-07-01,[65476],[4893],,
70284,14,1958-04-01,[65477],[],,
70285,15,1995-04-01,"[65478,65479]","[4894,4895,4896]",,
70286,1,1955-05-01,[65480],[],,
70287,2,1932-05-01,[65481],[],,
70288,3,1932-05-01,[65482],[],,
70289,4,1932-05-01,[65483],[],,
70290,5,2011-08-01,"[65484,65485]","[4897,4898,4899,4900]",,
70291,7,1955-05-01,[65486],[],,
70292,8,2011-08-01,[65487],[4901],,
70293,14,1958-05-01,[65488],[],,
70294,15,1995-05-01,"[65489,65490]","[4902,4903,4904]",,
70295,1,1955-06-01,[65491],[],,
70296,2,1932-06-01,[65492],[],,
70297,3,1932-06-01,[65493],[],,
70298,4,1932-06-01,[65494],[],,
70299,5,2011-09-01,"[65495,65496]","[4905,4906,4907,4908]",,
70300,7,1955-06-01,[65497],[],,
70301,8,2011-09-01,[65498],[4909],,
70302,14,1958-06-01,[65499],[],,
70303,15,1995-06-01,"[65500,65501]","[4910,4911,4912]",,
70304,1,1955-07-01,[65502],[],,
70305,2,1932-07-01,[65503],[],,
70306,3,1932-07-01,[65504],[],,
70307,4,1932-07-01,[65505],[],,
70308,5,2011-10-01,"[65506,65507]","[4913,4914,4915,4916]",,
70309,7,1955-07-01,[65508],[],,
70310,8,2011-10-01,[65509],[4917],,
70311,14,1958-07-01,[65510],[],,
70312,15,1995-07-01,"[65511,65512]","[4918,4919,4920]",,
70313,1,1955-08-01,[65513],[],,
70314,2,1932-08-01,[65514],[],,
70315,3,1932-08-01,[65515],[],,
70316,4,1932-08-01,[65516],[],,
70317,5,2011-11-01,"[65517,65518]","[4921,4922,4923,4924]",,
70318,7,1955-08-01,[65519],[],,
70319,8,2011-11-01,[65520],[4925],,
70320,14,1958-08-01,[65521],[],,
70321,15,1995-08-01,"[65522,65523]","[4926,4927,4928]",,
70322,1,1955-09-01,[65524],[],,
70323,2,1932-09-01,[65525],[],,
70324,3,1932-09-01,[65526],[],,
70325,4,1932-09-01,[65527],[],,
70326,5,2011-12-01,"[65528,65529]","[4929,4930,4931,4932]",,
70327,7,1955-09-01,[65530],[],,
70328,8,2011-12-01,[65531],[4933],,
70329,14,1958-09-01,[65532],[],,
70330,15,1995-09-01,"[65533,65534]","[4934,4935,4936]",,
70331,1,1955-10-01,[65535],[],,
70332,2,1932-10-01,[65536],[],,
70333,3,1932-10-01,[65537],[],,
70334,4,1932-10-01,[65538],[],,
70335,5,2012-01-01,"[65539,65540]","[4937,4938,4939,4940]",,
70336,7,1955-10-01,[65541],[],,
70337,8,2012-01-01,[65542],[4941],,
70338,14,1958-10-01,[65543],[],,
70339,15,1995-10-01,"[65544,65545]","[4942,4943,4944]",,
70340,1,1955-11-01,[65546],[],,
70341,2,1932-11-01,[65547],[],,
70342,3,1932-11-01,[65548],[],,
70343,4,1932-11-01,[65549],[],,
70344,5,2012-02-01,"[65550,65551]","[4945,4946,4947,4948]",,
70345,7,1955-11-01,[65552],[],,
70346,8,2012-02-01,[65553],[4949],,
70347,14,1958-11-01,[65554],[],,
70348,15,1995-11-01,"[65555,65556]","[4950,4951,4952]",,
70349,1,1955-12-01,[65557],[],,
70350,2,1932-12-01,[65558],[],,
70351,3,1932-12-01,[65559],[],,
70352,4,1932-12-01,[65560],[],,
70353,5,2012-03-01,"[65561,65562]","[4953,4954,4955,4956]",,
70354,7,1955-12-01,[65563],[],,
70355,8,2012-03-01,[65564],[4957],,
70356,14,1958-12-01,[65565],[],,
70357,15,1995-12-01,"[65566,65567]","[4958,4959,4960]",,
70358,1,1956-01-01,[65568],[],,
70359,2,1933-01-01,[65569],[],,
70360,3,1933-01-01,[65570],[],,
70361,4,1933-01-01,[65571],[],,
70362,5,2012-04-01,"[65572,65573]","[4961,4962,4963,4964]",,
70363,7,1956-01-01,[65574],[],,
70364,8,2012-04-01,[65575],[4965],,
70365,14,1959-01-01,[65576],[],,
70366,15,1996-01-01,"[65577,65578]","[4966,4967,4968]",,
70367,1,1956-02-01,[65579],[],,
70368,2,1933-02-01,[65580],[],,
70369,3,1933-02-01,[65581],[],,
70370,4,1933-02-01,[65582],[],,
70371,5,2012-05-01,"[65583,65584]","[4969,4970,4971,4972]",,
70372,7,1956-02-01,[65585],[],,
70373,8,2012-05-01,[65586],[4973],,
70374,14,1959-02-01,[65587],[],,
70375,15,1996-02-01,"[65588,65589]","[4974,4975,4976]",,
70376,1,1956-03-01,[65590],[],,
70377,2,1933-03-01,[65591],[],,
70378,3,1933-03-01,[65592],[],,
70379,4,1933-03-01,[65593],[],,
70380,5,2012-06-01,"[65594,65595]","[4977,4978,4979,4980]",,
70381,7,1956-03-01,[65596],[],,
70382,8,2012-06-01,[65597],[4981],,
70383,14,1959-03-01,[65598],[],,
70384,15,1996-03-01,"[65599,65600]","[4982,4983,4984]",,
70385,1,1956-04-01,[65601],[],,
70386,2,1933-04-01,[65602],[],,
70387,3,1933-04-01,[65603],[],,
70388,4,1933-04-01,[65604],[],,
70389,5,2012-07-01,"[65605,65606]","[4985,4986,4987,4988]",,
70390,7,1956-04-01,[65607],[],,
70391,8,2012-07-01,[65608],[4989],,
70392,14,1959-04-01,[65609],[],,
70393,15,1996-04-01,"[65610,65611]","[4990,4991,4992]",,
70394,1,1956-05-01,[65612],[],,
70395,2,1933-05-01,[65613],[],,
70396,3,1933-05-01,[65614],[],,
70397,4,1933-05-01,[65615],[],,
70398,5,2012-08-01,"[65616,65617]","[4993,4994,4995,4996]",,
70399,7,1956-05-01,[65618],[],,
70400,8,2012-08-01,[65619],[4997],,
70401,14,1959-05-01,[65620],[],,
70402,15,1996-05-01,"[65621,65622]","[4998,4999,5000]",,
70403,1,1956-06-01,[65623],[],,
70404,2,1933-06-01,[65624],[],,
70405,3,1933-06-01,[65625],[],,
70406,4,1933-06-01,[65626],[],,
70407,5,2012-09-01,"[65627,65628]","[5001,5002,5003,5004]",,
70408,7,1956-06-01,[65629],[],,
70409,8,2012-09-01,[65630],[5005],,
70410,14,1959-06-01,[65631],[],,
70411,15,1996-06-01,"[65632,65633]","[5006,5007,5008]",,
70412,1,1956-07-01,[65634],[],,
70413,2,1933-07-01,[65635],[],,
70414,3,1933-07-01,[65636],[],,
70415,4,1933-07-01,[65637],[],,
70416,5,2012-10-01,"[65638,65639]","[5009,5010,5011,5012]",,
70417,7,1956-07-01,[65640],[],,
70418,8,2012-10-01,[65641],[5013],,
70419,14,1959-07-01,[65642],[],,
70420,15,1996-07-01,"[65643,65644]","[5014,5015,5016]",,
70421,1,1956-08-01,[65645],[],,
70422,2,1933-08-01,[65646],[],,
70423,3,1933-08-01,[65647],[],,
70424,4,1933-08-01,[65648],[],,
70425,5,2012-11-01,"[65649,65650]","[5017,5018,5019,5020]",,
70426,7,1956-08-01,[65651],[],,
70427,8,2012-11-01,[65652],[5021],,
70428,14,1959-08-01,[65653],[],,
70429,15,1996-08-01,"[65654,65655]","[5022,5023,5024]",,
70430,1,1956-09-01,[65656],[],,
70431,2,1933-09-01,[65657],[],,
70432,3,1933-09-01,[65658],[],,
70433,4,1933-09-01,[65659],[],,
70434,5,2012-12-01,"[65660,65661]","[5025,5026,5027,5028]",,
70435,7,1956-09-01,[65662],[],,
70436,8,2012-12-01,[65663],[5029],,
70437,14,1959-09-01,[65664],[],,
70438,15,1996-09-01,"[65665,65666]","[5030,5031,5032]",,
70439,1,1956-10-01,[65667],[],,
70440,2,1933-10-01,[65668],[],,
70441,3,1933-10-01,[65669],[],,
70442,4,1933-10-01,[65670],[],,
70443,5,2013-01-01,"[65671,65672]","[5033,5034,5035,5036]",,
70444,7,1956-10-01,[65673],[],,
70445,8,2013-01-01,[65674],[5037],,
70446,14,1959-10-01,[65675],[],,
70447,15,1996-10-01,"[65676,65677]","[5038,5039,5040]",,
70448,1,1956-11-01,[65678],[],,
70449,2,1933-11-01,[65679],[],,
70450,3,1933-11-01,[65680],[],,
70451,4,1933-11-01,[65681],[],,
70452,5,2013-02-01,"[65682,65683]","[5041,5042,5043,5044]",,
70453,7,1956-11-01,[65684],[],,
70454,8,2013-02-01,[65685],[5045],,
70455,14,1959-11-01,[65686],[],,
70456,15,1996-11-01,"[65687,65688]","[5046,5047,5048]",,
70457,1,1956-12-01,[65689],[],,
70458,2,1933-12-01,[65690],[],,
70459,3,1933-12-01,[65691],[],,
70460,4,1933-12-01,[65692],[],,
70461,5,2013-03-01,"[65693,65694]","[5049,5050,5051,5052]",,
70462,7,1956-12-01,[65695],[],,
70463,8,2013-03-01,[65696],[5053],,
70464,14,1959-12-01,[65697],[],,
70465,15,1996-12-01,"[65698,65699]","[5054,5055,5056]",,
70466,1,1957-01-01,[65700],[],,
70467,2,1934-01-01,[65701],[],,
70468,3,1934-01-01,[65702],[],,
70469,4,1934-01-01,[65703],[],,
70470,5,2013-04-01,"[65704,65705]","[5057,5058,5059,5060]",,
70471,7,1957-01-01,[65706],[],,
70472,8,2013-04-01,[65707],[5061],,
70473,14,1960-01-01,[65708],[],,
70474,15,1997-01-01,"[65709,65710]","[5062,5063,5064]",,
70475,1,1957-02-01,[65711],[],,
70476,2,1934-02-01,[65712],[],,
70477,3,1934-02-01,[65713],[],,
70478,4,1934-02-01,[65714],[],,
70479,5,2013-05-01,"[65715,65716]","[5065,5066,5067,5068]",,
70480,7,1957-02-01,[65717],[],,
70481,8,2013-05-01,[65718],[5069],,
70482,14,1960-02-01,[65719],[],,
70483,15,1997-02-01,"[65720,65721]","[5070,5071,5072]",,
70484,1,1957-03-01,[65722],[],,
70485,2,1934-03-01,[65723],[],,
70486,3,1934-03-01,[65724],[],,
70487,4,1934-03-01,[65725],[],,
70488,5,2013-06-01,"[65726,65727]","[5073,5074,5075,5076]",,
70489,7,1957-03-01,[65728],[],,
70490,8,2013-06-01,[65729],[5077],,
70491,14,1960-03-01,[65730],[],,
70492,15,1997-03-01,"[65731,65732]","[5078,5079,5080]",,
70493,1,1957-04-01,[65733],[],,
70494,2,1934-04-01,[65734],[],,
70495,3,1934-04-01,[65735],[],,
70496,4,1934-04-01,[65736],[],,
70497,5,2013-07-01,"[65737,65738]","[5081,5082,5083,5084]",,
70498,7,1957-04-01,[65739],[],,
70499,8,2013-07-01,[65740],[5085],,
70500,14,1960-04-01,[65741],[],,
70501,15,1997-04-01,"[65742,65743]","[5086,5087,5088]",,
70502,1,1957-05-01,[65744],[],,
70503,2,1934-05-01,[65745],[],,
70504,3,1934-05-01,[65746],[],,
70505,4,1934-05-01,[65747],[],,
70506,5,2013-08-01,"[65748,65749]","[5089,5090,5091,5092]",,
70507,7,1957-05-01,[65750],[],,
70508,8,2013-08-01,[65751],[5093],,
70509,14,1960-05-01,[65752],[],,
70510,15,1997-05-01,"[65753,65754]","[5094,5095,5096]",,
70511,1,1957-06-01,[65755],[],,
70512,2,1934-06-01,[65756],[],,
70513,3,1934-06-01,[65757],[],,
70514,4,1934-06-01,[65758],[],,
70515,5,2013-09-01,"[65759,65760]","[5097,5098,5099,5100]",,
70516,7,1957-06-01,[65761],[],,
70517,8,2013-09-01,[65762],[5101],,
70518,14,1960-06-01,[65763],[],,
70519,15,1997-06-01,"[65764,65765]","[5102,5103,5104]",,
70520,1,1957-07-01,[65766],[],,
70521,2,1934-07-01,[65767],[],,
70522,3,1934-07-01,[65768],[],,
70523,4,1934-07-01,[65769],[],,
70524,5,2013-10-01,"[65770,65771]","[5105,5106,5107,5108]",,
70525,7,1957-07-01,[65772],[],,
70526,8,2013-10-01,[65773],[5109],,
70527,14,1960-07-01,[65774],[],,
70528,15,1997-07-01,"[65775,65776]","[5110,5111,5112]",,
70529,1,1957-08-01,[65777],[],,
70530,2,1934-08-01,[65778],[],,
70531,3,1934-08-01,[65779],[],,
70532,4,1934-08-01,[65780],[],,
70533,5,2013-11-01,"[65781,65782]","[5113,5114,5115,5116]",,
70534,7,1957-08-01,[65783],[],,
70535,8,2013-11-01,[65784],[5117],,
70536,14,1960-08-01,[65785],[],,
70537,15,1997-08-01,"[65786,65787]","[5118,5119,5120]",,
70538,1,1957-09-01,[65788],[],,
70539,2,1934-09-01,[65789],[],,
70540,3,1934-09-01,[65790],[],,
70541,4,1934-09-01,[65791],[],,
70542,5,2013-12-01,"[65792,65793]","[5121,5122,5123,5124]",,
70543,7,1957-09-01,[65794],[],,
70544,8,2013-12-01,[65795],[5125],,
70545,14,1960-09-01,[65796],[],,
70546,15,1997-09-01,"[65797,65798]","[5126,5127,5128]",,
70547,1,1957-10-01,[65799],[],,
70548,2,1934-10-01,[65800],[],,
70549,3,1934-10-01,[65801],[],,
70550,4,1934-10-01,[65802],[],,
70551,5,2014-01-01,"[65803,65804]","[5129,5130,5131,5132]",,
70552,7,1957-10-01,[65805],[],,
70553,8,2014-01-01,[65806],[5133],,
70554,14,1960-10-01,[65807],[],,
70555,15,1997-10-01,"[65808,65809]","[5134,5135,5136]",,
70556,1,1957-11-01,[65810],[],,
70557,2,1934-11-01,[65811],[],,
70558,3,1934-11-01,[65812],[],,
70559,4,1934-11-01,[65813],[],,
70560,5,2014-02-01,"[65814,65815]","[5137,5138,5139,5140]",,
70561,7,1957-11-01,[65816],[],,
70562,8,2014-02-01,[65817],[5141],,
70563,14,1960-11-01,[65818],[],,
70564,15,1997-11-01,"[65819,65820]","[5142,5143,5144]",,
70565,1,1957-12-01,[65821],[],,
70566,2,1934-12-01,[65822],[],,
70567,3,1934-12-01,[65823],[],,
70568,4,1934-12-01,[65824],[],,
70569,5,2014-03-01,"[65825,65826]","[5145,5146,5147,5148]",,
70570,7,1957-12-01,[65827],[],,
70571,8,2014-03-01,[65828],[5149],,
70572,14,1960-12-01,[65829],[],,
70573,15,1997-12-01,"[65830,65831]","[5150,5151,5152]",,
70574,1,1958-01-01,[65832],[],,
70575,2,1935-01-01,[65833],[],,
70576,3,1935-01-01,[65834],[],,
70577,4,1935-01-01,[65835],[],,
70578,5,2014-04-01,"[65836,65837]","[5153,5154,5155,5156]",,
70579,7,1958-01-01,[65838],[],,
70580,8,2014-04-01,[65839],[5157],,
70581,14,1961-01-01,[65840],[],,
70582,15,1998-01-01,"[65841,65842]","[5158,5159,5160]",,
70583,1,1958-02-01,[65843],[],,
70584,2,1935-02-01,[65844],[],,
70585,3,1935-02-01,[65845],[],,
70586,4,1935-02-01,[65846],[],,
70587,5,2014-05-01,"[65847,65848]","[5161,5162,5163,5164]",,
70588,7,1958-02-01,[65849],[],,
70589,8,2014-05-01,[65850],[5165],,
70590,14,1961-02-01,[65851],[],,
70591,15,1998-02-01,"[65852,65853]","[5166,5167,5168]",,
70592,1,1958-03-01,[65854],[],,
70593,2,1935-03-01,[65855],[],,
70594,3,1935-03-01,[65856],[],,
70595,4,1935-03-01,[65857],[],,
70596,5,2014-06-01,"[65858,65859]","[5169,5170,5171,5172]",,
70597,7,1958-03-01,[65860],[],,
70598,8,2014-06-01,[65861],[5173],,
70599,14,1961-03-01,[65862],[],,
70600,15,1998-03-01,"[65863,65864]","[5174,5175,5176]",,
70601,1,1958-04-01,[65865],[],,
70602,2,1935-04-01,[65866],[],,
70603,3,1935-04-01,[65867],[],,
70604,4,1935-04-01,[65868],[],,
70605,5,2014-07-01,"[65869,65870]","[5177,5178,5179,5180]",,
70606,7,1958-04-01,[65871],[],,
70607,8,2014-07-01,[65872],[5181],,
70608,14,1961-04-01,[65873],[],,
70609,15,1998-04-01,"[65874,65875]","[5182,5183,5184]",,
70610,1,1958-05-01,[65876],[],,
70611,2,1935-05-01,[65877],[],,
70612,3,1935-05-01,[65878],[],,
70613,4,1935-05-01,[65879],[],,
70614,5,2014-08-01,"[65880,65881]","[5185,5186,5187,5188]",,
70615,7,1958-05-01,[65882],[],,
70616,8,2014-08-01,[65883],[5189],,
70617,14,1961-05-01,[65884],[],,
70618,15,1998-05-01,"[65885,65886]","[5190,5191,5192]",,
70619,1,1958-06-01,[65887],[],,
70620,2,1935-06-01,[65888],[],,
70621,3,1935-06-01,[65889],[],,
70622,4,1935-06-01,[65890],[],,
70623,5,2014-09-01,"[65891,65892]","[5193,5194,5195,5196]",,
70624,7,1958-06-01,[65893],[],,
70625,8,2014-09-01,[65894],[5197],,
70626,14,1961-06-01,[65895],[],,
70627,15,1998-06-01,"[65896,65897]","[5198,5199,5200]",,
70628,1,1958-07-01,[65898],[],,
70629,2,1935-07-01,[65899],[],,
70630,3,1935-07-01,[65900],[],,
70631,4,1935-07-01,[65901],[],,
70632,5,2014-10-01,"[65902,65903]","[5201,5202,5203,5204]",,
70633,7,1958-07-01,[65904],[],,
70634,8,2014-10-01,[65905],[5205],,
70635,14,1961-07-01,[65906],[],,
70636,15,1998-07-01,"[65907,65908]","[5206,5207,5208]",,
70637,1,1958-08-01,[65909],[],,
70638,2,1935-08-01,[65910],[],,
70639,3,1935-08-01,[65911],[],,
70640,4,1935-08-01,[65912],[],,
70641,5,2014-11-01,"[65913,65914]","[5209,5210,5211,5212]",,
70642,7,1958-08-01,[65915],[],,
70643,8,2014-11-01,[65916],[5213],,
70644,14,1961-08-01,[65917],[],,
70645,15,1998-08-01,"[65918,65919]","[5214,5215,5216]",,
70646,1,1958-09-01,[65920],[],,
70647,2,1935-09-01,[65921],[],,
70648,3,1935-09-01,[65922],[],,
70649,4,1935-09-01,[65923],[],,
70650,5,2014-12-01,"[65924,65925]","[5217,5218,5219,5220]",,
70651,7,1958-09-01,[65926],[],,
70652,8,2014-12-01,[65927],[5221],,
70653,14,1961-09-01,[65928],[],,
70654,15,1998-09-01,"[65929,65930]","[5222,5223,5224]",,
70655,1,1958-10-01,[65931],[],,
70656,2,1935-10-01,[65932],[],,
70657,3,1935-10-01,[65933],[],,
70658,4,1935-10-01,[65934],[],,
70659,5,2015-01-01,"[65935,65936]","[5225,5226,5227,5228]",,
70660,7,1958-10-01,[65937],[],,
70661,8,2015-01-01,[65938],[5229],,
70662,14,1961-10-01,[65939],[],,
70663,15,1998-10-01,"[65940,65941]","[5230,5231,5232]",,
70664,1,1958-11-01,[65942],[],,
70665,2,1935-11-01,[65943],[],,
70666,3,1935-11-01,[65944],[],,
70667,4,1935-11-01,[65945],[],,
70668,5,2015-02-01,"[65946,65947]","[5233,5234,5235,5236]",,
70669,7,1958-11-01,[65948],[],,
70670,8,2015-02-01,[65949],[5237],,
70671,14,1961-11-01,[65950],[],,
70672,15,1998-11-01,"[65951,65952]","[5238,5239,5240]",,
70673,1,1958-12-01,[65953],[],,
70674,2,1935-12-01,[65954],[],,
70675,3,1935-12-01,[65955],[],,
70676,4,1935-12-01,[65956],[],,
70677,5,2015-03-01,"[65957,65958]","[5241,5242,5243,5244]",,
70678,7,1958-12-01,[65959],[],,
70679,8,2015-03-01,[65960],[5245],,
70680,14,1961-12-01,[65961],[],,
70681,15,1998-12-01,"[65962,65963]","[5246,5247,5248]",,
70682,1,1959-01-01,[65964],[],,
70683,2,1936-01-01,[65965],[],,
70684,3,1936-01-01,[65966],[],,
70685,4,1936-01-01,[65967],[],,
70686,5,2015-04-01,"[65968,65969]","[5249,5250,5251,5252]",,
70687,7,1959-01-01,[65970],[],,
70688,8,2015-04-01,[65971],[5253],,
70689,14,1962-01-01,[65972],[],,
70690,15,1999-01-01,"[65973,65974]","[5254,5255,5256]",,
70691,1,1959-02-01,[65975],[],,
70692,2,1936-02-01,[65976],[],,
70693,3,1936-02-01,[65977],[],,
70694,4,1936-02-01,[65978],[],,
70695,5,2015-05-01,"[65979,65980]","[5257,5258,5259,5260]",,
70696,7,1959-02-01,[65981],[],,
70697,8,2015-05-01,[65982],[5261],,
70698,14,1962-02-01,[65983],[],,
70699,15,1999-02-01,"[65984,65985]","[5262,5263,5264]",,
70700,1,1959-03-01,[65986],[],,
70701,2,1936-03-01,[65987],[],,
70702,3,1936-03-01,[65988],[],,
70703,4,1936-03-01,[65989],[],,
70704,5,2015-06-01,"[65990,65991]","[5265,5266,5267,5268]",,
70705,7,1959-03-01,[65992],[],,
70706,8,2015-06-01,[65993],[5269],,
70707,14,1962-03-01,[65994],[],,
70708,15,1999-03-01,"[65995,65996]","[5270,5271,5272]",,
70709,1,1959-04-01,[65997],[],,
70710,2,1936-04-01,[65998],[],,
70711,3,1936-04-01,[65999],[],,
70712,4,1936-04-01,[66000],[],,
70713,5,2015-07-01,"[66001,66002]","[5273,5274,5275,5276]",,
70714,7,1959-04-01,[66003],[],,
70715,8,2015-07-01,[66004],[5277],,
70716,14,1962-04-01,[66005],[],,
70717,15,1999-04-01,"[66006,66007]","[5278,5279,5280]",,
70718,1,1959-05-01,[66008],[],,
70719,2,1936-05-01,[66009],[],,
70720,3,1936-05-01,[66010],[],,
70721,4,1936-05-01,[66011],[],,
70722,5,2015-08-01,"[66012,66013]","[5281,5282,5283,5284]",,
70723,7,1959-05-01,[66014],[],,
70724,8,2015-08-01,[66015],[5285],,
70725,14,1962-05-01,[66016],[],,
70726,15,1999-05-01,"[66017,66018]","[5286,5287,5288]",,
70727,1,1959-06-01,[66019],[],,
70728,2,1936-06-01,[66020],[],,
70729,3,1936-06-01,[66021],[],,
70730,4,1936-06-01,[66022],[],,
70731,5,2015-09-01,"[66023,66024]","[5289,5290,5291,5292]",,
70732,7,1959-06-01,[66025],[],,
70733,8,2015-09-01,[66026],[5293],,
70734,14,1962-06-01,[66027],[],,
70735,15,1999-06-01,"[66028,66029]","[5294,5295,5296]",,
70736,1,1959-07-01,[66030],[],,
70737,2,1936-07-01,[66031],[],,
70738,3,1936-07-01,[66032],[],,
70739,4,1936-07-01,[66033],[],,
70740,5,2015-10-01,"[66034,66035]","[5297,5298,5299,5300]",,
70741,7,1959-07-01,[66036],[],,
70742,8,2015-10-01,[66037],[5301],,
70743,14,1962-07-01,[66038],[],,
70744,15,1999-07-01,"[66039,66040]","[5302,5303,5304]",,
70745,1,1959-08-01,[66041],[],,
70746,2,1936-08-01,[66042],[],,
70747,3,1936-08-01,[66043],[],,
70748,4,1936-08-01,[66044],[],,
70749,5,2015-11-01,"[66045,66046]","[5305,5306,5307,5308]",,
70750,7,1959-08-01,[66047],[],,
70751,8,2015-11-01,[66048],[5309],,
70752,14,1962-08-01,[66049],[],,
70753,15,1999-08-01,"[66050,66051]","[5310,5311,5312]",,
70754,1,1959-09-01,[66052],[],,
70755,2,1936-09-01,[66053],[],,
70756,3,1936-09-01,[66054],[],,
70757,4,1936-09-01,[66055],[],,
70758,5,2015-12-01,"[66056,66057]","[5313,5314,5315,5316]",,
70759,7,1959-09-01,[66058],[],,
70760,8,2015-12-01,[66059],[5317],,
70761,14,1962-09-01,[66060],[],,
70762,15,1999-09-01,"[66061,66062]","[5318,5319,5320]",,
70763,1,1959-10-01,[66063],[],,
70764,2,1936-10-01,[66064],[],,
70765,3,1936-10-01,[66065],[],,
70766,4,1936-10-01,[66066],[],,
70767,5,2016-01-01,"[66067,66068]","[5321,5322,5323,5324]",,
70768,7,1959-10-01,[66069],[],,
70769,8,2016-01-01,[66070],[5325],,
70770,14,1962-10-01,[66071],[],,
70771,15,1999-10-01,"[66072,66073]","[5326,5327,5328]",,
70772,1,1959-11-01,[66074],[],,
70773,2,1936-11-01,[66075],[],,
70774,3,1936-11-01,[66076],[],,
70775,4,1936-11-01,[66077],[],,
70776,5,2016-02-01,"[66078,66079]","[5329,5330,5331,5332]",,
70777,7,1959-11-01,[66080],[],,
70778,8,2016-02-01,[66081],[5333],,
70779,14,1962-11-01,[66082],[],,
70780,15,1999-11-01,"[66083,66084]","[5334,5335,5336]",,
70781,1,1959-12-01,[66085],[],,
70782,2,1936-12-01,[66086],[],,
70783,3,1936-12-01,[66087],[],,
70784,4,1936-12-01,[66088],[],,
70785,5,2016-03-01,"[66089,66090]","[5337,5338,5339,5340]",,
70786,7,1959-12-01,[66091],[],,
70787,8,2016-03-01,[66092],[5341],,
70788,14,1962-12-01,[66093],[],,
70789,15,1999-12-01,"[66094,66095]","[5342,5343,5344]",,
70790,1,1960-01-01,[66096],[],,
70791,2,1937-01-01,[66097],[],,
70792,3,1937-01-01,[66098],[],,
70793,4,1937-01-01,[66099],[],,
70794,5,2016-04-01,"[66100,66101]","[5345,5346,5347,5348]",,
70795,7,1960-01-01,[66102],[],,
70796,8,2016-04-01,[66103],[5349],,
70797,14,1963-01-01,[66104],[],,
70798,15,2000-01-01,"[66105,66106]","[5350,5351,5352]",,
70799,1,1960-02-01,[66107],[],,
70800,2,1937-02-01,[66108],[],,
70801,3,1937-02-01,[66109],[],,
70802,4,1937-02-01,[66110],[],,
70803,5,2016-05-01,"[66111,66112]","[5353,5354,5355,5356]",,
70804,7,1960-02-01,[66113],[],,
70805,8,2016-05-01,[66114],[5357],,
70806,14,1963-02-01,[66115],[],,
70807,15,2000-02-01,"[66116,66117]","[5358,5359,5360]",,
70808,1,1960-03-01,[66118],[],,
70809,2,1937-03-01,[66119],[],,
70810,3,1937-03-01,[66120],[],,
70811,4,1937-03-01,[66121],[],,
70812,5,2016-06-01,"[66122,66123]","[5361,5362,5363,5364]",,
70813,7,1960-03-01,[66124],[],,
70814,8,2016-06-01,[66125],[5365],,
70815,14,1963-03-01,[66126],[],,
70816,15,2000-03-01,"[66127,66128]","[5366,5367,5368]",,
70817,1,1960-04-01,[66129],[],,
70818,2,1937-04-01,[66130],[],,
70819,3,1937-04-01,[66131],[],,
70820,4,1937-04-01,[66132],[],,
70821,5,2016-07-01,"[66133,66134]","[5369,5370,5371,5372]",,
70822,7,1960-04-01,[66135],[],,
70823,8,2016-07-01,[66136],[5373],,
70824,14,1963-04-01,[66137],[],,
70825,15,2000-04-01,"[66138,66139]","[5374,5375,5376]",,
70826,1,1960-05-01,[66140],[],,
70827,2,1937-05-01,[66141],[],,
70828,3,1937-05-01,[66142],[],,
70829,4,1937-05-01,[66143],[],,
70830,5,2016-08-01,"[66144,66145]","[5377,5378,5379,5380]",,
70831,7,1960-05-01,[66146],[],,
70832,8,2016-08-01,[66147],[5381],,
70833,14,1963-05-01,[66148],[],,
70834,15,2000-05-01,"[66149,66150]","[5382,5383,5384]",,
70835,1,1960-06-01,[66151],[],,
70836,2,1937-06-01,[66152],[],,
70837,3,1937-06-01,[66153],[],,
70838,4,1937-06-01,[66154],[],,
70839,5,2016-09-01,"[66155,66156]","[5385,5386,5387,5388]",,
70840,7,1960-06-01,[66157],[],,
70841,8,2016-09-01,[66158],[5389],,
70842,14,1963-06-01,[66159],[],,
70843,15,2000-06-01,"[66160,66161]","[5390,5391,5392]",,
70844,1,1960-07-01,[66162],[],,
70845,2,1937-07-01,[66163],[],,
70846,3,1937-07-01,[66164],[],,
70847,4,1937-07-01,[66165],[],,
70848,5,2016-10-01,"[66166,66167]","[5393,5394,5395,5396]",,
70849,7,1960-07-01,[66168],[],,
70850,8,2016-10-01,[66169],[5397],,
70851,14,1963-07-01,[66170],[],,
70852,15,2000-07-01,"[66171,66172]","[5398,5399,5400]",,
70853,1,1960-08-01,[66173],[],,
70854,2,1937-08-01,[66174],[],,
70855,3,1937-08-01,[66175],[],,
70856,4,1937-08-01,[66176],[],,
70857,5,2016-11-01,"[66177,66178]","[5401,5402,5403,5404]",,
70858,7,1960-08-01,[66179],[],,
70859,8,2016-11-01,[66180],[5405],,
70860,14,1963-08-01,[66181],[],,
70861,15,2000-08-01,"[66182,66183]","[5406,5407,5408]",,
70862,1,1960-09-01,[66184],[],,
70863,2,1937-09-01,[66185],[],,
70864,3,1937-09-01,[66186],[],,
70865,4,1937-09-01,[66187],[],,
70866,5,2016-12-01,"[66188,66189]","[5409,5410,5411,5412]",,
70867,7,1960-09-01,[66190],[],,
70868,8,2016-12-01,[66191],[5413],,
70869,14,1963-09-01,[66192],[],,
70870,15,2000-09-01,"[66193,66194]","[5414,5415,5416]",,
70871,1,1960-10-01,[66195],[],,
70872,2,1937-10-01,[66196],[],,
70873,3,1937-10-01,[66197],[],,
70874,4,1937-10-01,[66198],[],,
70875,5,2017-01-01,"[66199,66200]","[5417,5418,5419,5420]",,
70876,7,1960-10-01,[66201],[],,
70877,8,2017-01-01,[66202],[5421],,
70878,14,1963-10-01,[66203],[],,
70879,15,2000-10-01,"[66204,66205]","[5422,5423,5424]",,
70880,1,1960-11-01,[66206],[],,
70881,2,1937-11-01,[66207],[],,
70882,3,1937-11-01,[66208],[],,
70883,4,1937-11-01,[66209],[],,
70884,5,2017-02-01,"[66210,66211]","[5425,5426,5427,5428]",,
70885,7,1960-11-01,[66212],[],,
70886,8,2017-02-01,[66213],[5429],,
70887,14,1963-11-01,[66214],[],,
70888,15,2000-11-01,"[66215,66216]","[5430,5431,5432]",,
70889,1,1960-12-01,[66217],[],,
70890,2,1937-12-01,[66218],[],,
70891,3,1937-12-01,[66219],[],,
70892,4,1937-12-01,[66220],[],,
70893,5,2017-03-01,"[66221,66222]","[5433,5434,5435,5436]",,
70894,7,1960-12-01,[66223],[],,
70895,8,2017-03-01,[66224],[5437],,
70896,14,1963-12-01,[66225],[],,
70897,15,2000-12-01,"[66226,66227]","[5438,5439,5440]",,
70898,1,1961-01-01,[66228],[],,
70899,2,1938-01-01,[66229],[],,
70900,3,1938-01-01,[66230],[],,
70901,4,1938-01-01,[66231],[],,
70902,5,2017-04-01,"[66232,66233]","[5441,5442,5443,5444]",,
70903,7,1961-01-01,[66234],[],,
70904,8,2017-04-01,[66235],[5445],,
70905,14,1964-01-01,[66236],[],,
70906,15,2001-01-01,"[66237,66238]","[5446,5447,5448]",,
70907,1,1961-02-01,[66239],[],,
70908,2,1938-02-01,[66240],[],,
70909,3,1938-02-01,[66241],[],,
70910,4,1938-02-01,[66242],[],,
70911,5,2017-05-01,"[66243,66244]","[5449,5450,5451,5452]",,
70912,7,1961-02-01,[66245],[],,
70913,8,2017-05-01,[66246],[5453],,
70914,14,1964-02-01,[66247],[],,
70915,15,2001-02-01,"[66248,66249]","[5454,5455,5456]",,
70916,1,1961-03-01,[66250],[],,
70917,2,1938-03-01,[66251],[],,
70918,3,1938-03-01,[66252],[],,
70919,4,1938-03-01,[66253],[],,
70920,5,2017-06-01,"[66254,66255]","[5457,5458,5459,5460]",,
70921,7,1961-03-01,[66256],[],,
70922,8,2017-06-01,[66257],[5461],,
70923,14,1964-03-01,[66258],[],,
70924,15,2001-03-01,"[66259,66260]","[5462,5463,5464]",,
70925,1,1961-04-01,[66261],[],,
70926,2,1938-04-01,[66262],[],,
70927,3,1938-04-01,[66263],[],,
70928,4,1938-04-01,[66264],[],,
70929,5,2017-07-01,"[66265,66266]","[5465,5466,5467,5468]",,
70930,7,1961-04-01,[66267],[],,
70931,8,2017-07-01,[66268],[5469],,
70932,14,1964-04-01,[66269],[],,
70933,15,2001-04-01,"[66270,66271]","[5470,5471,5472]",,
70934,1,1961-05-01,[66272],[],,
70935,2,1938-05-01,[66273],[],,
70936,3,1938-05-01,[66274],[],,
70937,4,1938-05-01,[66275],[],,
70938,5,2017-08-01,"[66276,66277]","[5473,5474,5475,5476]",,
70939,7,1961-05-01,[66278],[],,
70940,8,2017-08-01,[66279],[5477],,
70941,14,1964-05-01,[66280],[],,
70942,15,2001-05-01,"[66281,66282]","[5478,5479,5480]",,
70943,1,1961-06-01,[66283],[],,
70944,2,1938-06-01,[66284],[],,
70945,3,1938-06-01,[66285],[],,
70946,4,1938-06-01,[66286],[],,
70947,5,2017-09-01,"[66287,66288]","[5481,5482,5483,5484]",,
70948,7,1961-06-01,[66289],[],,
70949,8,2017-09-01,[66290],[5485],,
70950,14,1964-06-01,[66291],[],,
70951,15,2001-06-01,"[66292,66293]","[5486,5487,5488]",,
70952,1,1961-07-01,[66294],[],,
70953,2,1938-07-01,[66295],[],,
70954,3,1938-07-01,[66296],[],,
70955,4,1938-07-01,[66297],[],,
70956,5,2017-10-01,"[66298,66299]","[5489,5490,5491,5492]",,
70957,7,1961-07-01,[66300],[],,
70958,8,2017-10-01,[66301],[5493],,
70959,14,1964-07-01,[66302],[],,
70960,15,2001-07-01,"[66303,66304]","[5494,5495,5496]",,
70961,1,1961-08-01,[66305],[],,
70962,2,1938-08-01,[66306],[],,
70963,3,1938-08-01,[66307],[],,
70964,4,1938-08-01,[66308],[],,
70965,5,2017-11-01,"[66309,66310]","[5497,5498,5499,5500]",,
70966,7,1961-08-01,[66311],[],,
70967,8,2017-11-01,[66312],[5501],,
70968,14,1964-08-01,[66313],[],,
70969,15,2001-08-01,"[66314,66315]","[5502,5503,5504]",,
70970,1,1961-09-01,[66316],[],,
70971,2,1938-09-01,[66317],[],,
70972,3,1938-09-01,[66318],[],,
70973,4,1938-09-01,[66319],[],,
70974,5,2017-12-01,"[66320,66321]","[5505,5506,5507,5508]",,
70975,7,1961-09-01,[66322],[],,
70976,8,2017-12-01,[66323],[5509],,
70977,14,1964-09-01,[66324],[],,
70978,15,2001-09-01,"[66325,66326]","[5510,5511,5512]",,
70979,1,1961-10-01,[66327],[],,
70980,2,1938-10-01,[66328],[],,
70981,3,1938-10-01,[66329],[],,
70982,4,1938-10-01,[66330],[],,
70983,5,2018-01-01,"[66331,66332]","[5513,5514,5515,5516]",,
70984,7,1961-10-01,[66333],[],,
70985,8,2018-01-01,[66334],[5517],,
70986,14,1964-10-01,[66335],[],,
70987,15,2001-10-01,"[66336,66337]","[5518,5519,5520]",,
70988,1,1961-11-01,[66338],[],,
70989,2,1938-11-01,[66339],[],,
70990,3,1938-11-01,[66340],[],,
70991,4,1938-11-01,[66341],[],,
70992,5,2018-02-01,"[66342,66343]","[5521,5522,5523,5524]",,
70993,7,1961-11-01,[66344],[],,
70994,8,2018-02-01,[66345],[5525],,
70995,14,1964-11-01,[66346],[],,
70996,15,2001-11-01,"[66347,66348]","[5526,5527,5528]",,
70997,1,1961-12-01,[66349],[],,
70998,2,1938-12-01,[66350],[],,
70999,3,1938-12-01,[66351],[],,
71000,4,1938-12-01,[66352],[],,
71001,5,2018-03-01,"[66353,66354]","[5529,5530,5531,5532]",,
71002,7,1961-12-01,[66355],[],,
71003,8,2018-03-01,[66356],[5533],,
71004,14,1964-12-01,[66357],[],,
71005,15,2001-12-01,"[66358,66359]","[5534,5535,5536]",,
71006,1,1962-01-01,[66360],[],,
71007,2,1939-01-01,[66361],[],,
71008,3,1939-01-01,[66362],[],,
71009,4,1939-01-01,[66363],[],,
71010,5,2018-04-01,"[66364,66365]","[5537,5538,5539,5540]",,
71011,7,1962-01-01,[66366],[],,
71012,8,2018-04-01,[66367],[5541],,
71013,14,1965-01-01,[66368],[],,
71014,15,2002-01-01,"[66369,66370]","[5542,5543,5544]",,
71015,1,1962-02-01,[66371],[],,
71016,2,1939-02-01,[66372],[],,
71017,3,1939-02-01,[66373],[],,
71018,4,1939-02-01,[66374],[],,
71019,5,2018-05-01,"[66375,66376]","[5545,5546,5547,5548]",,
71020,7,1962-02-01,[66377],[],,
71021,8,2018-05-01,[66378],[5549],,
71022,14,1965-02-01,[66379],[],,
71023,15,2002-02-01,"[66380,66381]","[5550,5551,5552]",,
71024,1,1962-03-01,[66382],[],,
71025,2,1939-03-01,[66383],[],,
71026,3,1939-03-01,[66384],[],,
71027,4,1939-03-01,[66385],[],,
71028,5,2018-06-01,"[66386,66387]","[5553,5554,5555,5556]",,
71029,7,1962-03-01,[66388],[],,
71030,8,2018-06-01,[66389],[5557],,
71031,14,1965-03-01,[66390],[],,
71032,15,2002-03-01,"[66391,66392]","[5558,5559,5560]",,
71033,1,1962-04-01,[66393],[],,
71034,2,1939-04-01,[66394],[],,
71035,3,1939-04-01,[66395],[],,
71036,4,1939-04-01,[66396],[],,
71037,5,2018-07-01,"[66397,66398]","[5561,5562,5563,5564]",,
71038,7,1962-04-01,[66399],[],,
71039,8,2018-07-01,[66400],[5565],,
71040,14,1965-04-01,[66401],[],,
71041,15,2002-04-01,"[66402,66403]","[5566,5567,5568]",,
71042,1,1962-05-01,[66404],[],,
71043,2,1939-05-01,[66405],[],,
71044,3,1939-05-01,[66406],[],,
71045,4,1939-05-01,[66407],[],,
71046,5,2018-08-01,"[66408,66409]","[5569,5570,5571,5572]",,
71047,7,1962-05-01,[66410],[],,
71048,8,2018-08-01,[66411],[5573],,
71049,14,1965-05-01,[66412],[],,
71050,15,2002-05-01,"[66413,66414]","[5574,5575,5576]",,
71051,1,1962-06-01,[66415],[],,
71052,2,1939-06-01,[66416],[],,
71053,3,1939-06-01,[66417],[],,
71054,4,1939-06-01,[66418],[],,
71055,5,2018-09-01,"[66419,66420]","[5577,5578,5579,5580]",,
71056,7,1962-06-01,[66421],[],,
71057,8,2018-09-01,[66422],[5581],,
71058,14,1965-06-01,[66423],[],,
71059,15,2002-06-01,"[66424,66425]","[5582,5583,5584]",,
71060,1,1962-07-01,[66426],[],,
71061,2,1939-07-01,[66427],[],,
71062,3,1939-07-01,[66428],[],,
71063,4,1939-07-01,[66429],[],,
71064,5,2018-10-01,"[66430,66431]","[5585,5586,5587,5588]",,
71065,7,1962-07-01,[66432],[],,
71066,8,2018-10-01,[66433],[5589],,
71067,14,1965-07-01,[66434],[],,
71068,15,2002-07-01,"[66435,66436]","[5590,5591,5592]",,
71069,1,1962-08-01,[66437],[],,
71070,2,1939-08-01,[66438],[],,
71071,3,1939-08-01,[66439],[],,
71072,4,1939-08-01,[66440],[],,
71073,5,2018-11-01,"[66441,66442]","[5593,5594,5595,5596]",,
71074,7,1962-08-01,[66443],[],,
71075,8,2018-11-01,[66444],[5597],,
71076,14,1965-08-01,[66445],[],,
71077,15,2002-08-01,"[66446,66447]","[5598,5599,5600]",,
71078,1,1962-09-01,[66448],[],,
71079,2,1939-09-01,[66449],[],,
71080,3,1939-09-01,[66450],[],,
71081,4,1939-09-01,[66451],[],,
71082,5,2018-12-01,"[66452,66453]","[5601,5602,5603,5604]",,
71083,7,1962-09-01,[66454],[],,
71084,8,2018-12-01,[66455],[5605],,
71085,14,1965-09-01,[66456],[],,
71086,15,2002-09-01,"[66457,66458]","[5606,5607,5608]",,
71087,1,1962-10-01,[66459],[],,
71088,2,1939-10-01,[66460],[],,
71089,3,1939-10-01,[66461],[],,
71090,4,1939-10-01,[66462],[],,
71091,5,2019-01-01,"[66463,66464]","[5609,5610,5611]",,
71092,7,1962-10-01,[66465],[],,
71093,8,2019-01-01,[66466],"[5612,5613]",,
71094,14,1965-10-01,[66467],[],,
71095,15,2002-10-01,"[66468,66469]","[5614,5615,5616]",,
71096,1,1962-11-01,[66470],[],,
71097,2,1939-11-01,[66471],[],,
71098,3,1939-11-01,[66472],[],,
71099,4,1939-11-01,[66473],[],,
71100,5,2019-02-01,"[66474,66475]","[5617,5618,5619]",,
71101,7,1962-11-01,[66476],[],,
71102,8,2019-02-01,[66477],"[5620,5621]",,
71103,14,1965-11-01,[66478],[],,
71104,15,2002-11-01,"[66479,66480]","[5622,5623,5624]",,
71105,1,1962-12-01,[66481],[],,
71106,2,1939-12-01,[66482],[],,
71107,3,1939-12-01,[66483],[],,
71108,4,1939-12-01,[66484],[],,
71109,5,2019-03-01,"[66485,66486]","[5625,5626,5627]",,
71110,7,1962-12-01,[66487],[],,
71111,8,2019-03-01,[66488],"[5628,5629]",,
71112,14,1965-12-01,[66489],[],,
71113,15,2002-12-01,"[66490,66491]","[5630,5631,5632]",,
71114,1,1963-01-01,[66492],[],,
71115,2,1940-01-01,[66493],[],,
71116,3,1940-01-01,[66494],[],,
71117,4,1940-01-01,[66495],[],,
71118,5,2019-04-01,"[66496,66497]","[5633,5634,5635]",,
71119,7,1963-01-01,[66498],[],,
71120,8,2019-04-01,[66499],"[5636,5637]",,
71121,14,1966-01-01,[66500],[],,
71122,15,2003-01-01,"[66501,66502]","[5638,5639,5640]",,
71123,1,1963-02-01,[66503],[],,
71124,2,1940-02-01,[66504],[],,
71125,3,1940-02-01,[66505],[],,
71126,4,1940-02-01,[66506],[],,
71127,5,2019-05-01,"[66507,66508]","[5641,5642,5643]",,
71128,7,1963-02-01,[66509],[],,
71129,8,2019-05-01,[66510],"[5644,5645]",,
71130,14,1966-02-01,[66511],[],,
71131,15,2003-02-01,"[66512,66513]","[5646,5647,5648]",,
71132,1,1963-03-01,[66514],[],,
71133,2,1940-03-01,[66515],[],,
71134,3,1940-03-01,[66516],[],,
71135,4,1940-03-01,[66517],[],,
71136,5,2019-06-01,"[66518,66519]","[5649,5650,5651]",,
71137,7,1963-03-01,[66520],[],,
71138,8,2019-06-01,[66521],"[5652,5653]",,
71139,14,1966-03-01,[66522],[],,
71140,15,2003-03-01,"[66523,66524]","[5654,5655,5656]",,
71141,1,1963-04-01,[66525],[],,
71142,2,1940-04-01,[66526],[],,
71143,3,1940-04-01,[66527],[],,
71144,4,1940-04-01,[66528],[],,
71145,5,2019-07-01,"[66529,66530]","[5657,5658,5659]",,
71146,7,1963-04-01,[66531],[],,
71147,8,2019-07-01,[66532],"[5660,5661]",,
71148,14,1966-04-01,[66533],[],,
71149,15,2003-04-01,"[66534,66535]","[5662,5663,5664]",,
71150,1,1963-05-01,[66536],[],,
71151,2,1940-05-01,[66537],[],,
71152,3,1940-05-01,[66538],[],,
71153,4,1940-05-01,[66539],[],,
71154,5,2019-08-01,"[66540,66541]","[5665,5666,5667]",,
71155,7,1963-05-01,[66542],[],,
71156,8,2019-08-01,[66543],"[5668,5669]",,
71157,14,1966-05-01,[66544],[],,
71158,15,2003-05-01,"[66545,66546]","[5670,5671,5672]",,
71159,1,1963-06-01,[66547],[],,
71160,2,1940-06-01,[66548],[],,
71161,3,1940-06-01,[66549],[],,
71162,4,1940-06-01,[66550],[],,
71163,5,2019-09-01,"[66551,66552]","[5673,5674,5675]",,
71164,7,1963-06-01,[66553],[],,
71165,8,2019-09-01,[66554],"[5676,5677]",,
71166,14,1966-06-01,[66555],[],,
71167,15,2003-06-01,"[66556,66557]","[5678,5679,5680]",,
71168,1,1963-07-01,[66558],[],,
71169,2,1940-07-01,[66559],[],,
71170,3,1940-07-01,[66560],[],,
71171,4,1940-07-01,[66561],[],,
71172,5,2019-10-01,"[66562,66563]","[5681,5682,5683]",,
71173,7,1963-07-01,[66564],[],,
71174,8,2019-10-01,[66565],"[5684,5685]",,
71175,14,1966-07-01,[66566],[],,
71176,15,2003-07-01,"[66567,66568]","[5686,5687,5688]",,
71177,1,1963-08-01,[66569],[],,
71178,2,1940-08-01,[66570],[],,
71179,3,1940-08-01,[66571],[],,
71180,4,1940-08-01,[66572],[],,
71181,5,2019-11-01,"[66573,66574]","[5689,5690,5691]",,
71182,7,1963-08-01,[66575],[],,
71183,8,2019-11-01,[66576],"[5692,5693]",,
71184,14,1966-08-01,[66577],[],,
71185,15,2003-08-01,"[66578,66579]","[5694,5695,5696]",,
71186,1,1963-09-01,[66580],[],,
71187,2,1940-09-01,[66581],[],,
71188,3,1940-09-01,[66582],[],,
71189,4,1940-09-01,[66583],[],,
71190,5,2019-12-01,"[66584,66585]","[5697,5698,5699]",,
71191,7,1963-09-01,[66586],[],,
71192,8,2019-12-01,[66587],"[5700,5701]",,
71193,14,1966-09-01,[66588],[],,
71194,15,2003-09-01,"[66589,66590]","[5702,5703,5704]",,
71195,1,1963-10-01,[66591],[],,
71196,2,1940-10-01,[66592],[],,
71197,3,1940-10-01,[66593],[],,
71198,4,1940-10-01,[66594],[],,
71199,5,2020-01-01,"[66595,66596]","[5705,5706,5707]",,
71200,7,1963-10-01,[66597],[],,
71201,8,2020-01-01,[66598],"[5708,5709]",,
71202,14,1966-10-01,[66599],[],,
71203,15,2003-10-01,"[66600,66601]","[5710,5711,5712]",,
71204,1,1963-11-01,[66602],[],,
71205,2,1940-11-01,[66603],[],,
71206,3,1940-11-01,[66604],[],,
71207,4,1940-11-01,[66605],[],,
71208,5,2020-02-01,"[66606,66607]","[5713,5714,5715]",,
71209,7,1963-11-01,[66608],[],,
71210,8,2020-02-01,[66609],"[5716,5717]",,
71211,14,1966-11-01,[66610],[],,
71212,15,2003-11-01,"[66611,66612]","[5718,5719,5720]",,
71213,1,1963-12-01,[66613],[],,
71214,2,1940-12-01,[66614],[],,
71215,3,1940-12-01,[66615],[],,
71216,4,1940-12-01,[66616],[],,
71217,5,2020-03-01,"[66617,66618]","[5721,5722,5723]",,
71218,7,1963-12-01,[66619],[],,
71219,8,2020-03-01,[66620],"[5724,5725]",,
71220,14,1966-12-01,[66621],[],,
71221,15,2003-12-01,"[66622,66623]","[5726,5727,5728]",,
71222,1,1964-01-01,[66624],[],,
71223,2,1941-01-01,[66625],[],,
71224,3,1941-01-01,[66626],[],,
71225,4,1941-01-01,[66627],[],,
71226,5,2020-04-01,"[66628,66629]","[5729,5730,5731]",,
71227,7,1964-01-01,[66630],[],,
71228,8,2020-04-01,[66631],"[5732,5733]",,
71229,14,1967-01-01,[66632],[],,
71230,15,2004-01-01,"[66633,66634]","[5734,5735,5736]",,
71231,1,1964-02-01,[66635],[],,
71232,2,1941-02-01,[66636],[],,
71233,3,1941-02-01,[66637],[],,
71234,4,1941-02-01,[66638],[],,
71235,5,2020-05-01,"[66639,66640]","[5737,5738,5739]",,
71236,7,1964-02-01,[66641],[],,
71237,8,2020-05-01,[66642],"[5740,5741]",,
71238,14,1967-02-01,[66643],[],,
71239,15,2004-02-01,"[66644,66645]","[5742,5743,5744]",,
71240,1,1964-03-01,[66646],[],,
71241,2,1941-03-01,[66647],[],,
71242,3,1941-03-01,[66648],[],,
71243,4,1941-03-01,[66649],[],,
71244,5,2020-06-01,"[66650,66651]","[5745,5746,5747]",,
71245,7,1964-03-01,[66652],[],,
71246,8,2020-06-01,[66653],"[5748,5749]",,
71247,14,1967-03-01,[66654],[],,
71248,15,2004-03-01,"[66655,66656]","[5750,5751,5752]",,
71249,1,1964-04-01,[66657],[],,
71250,2,1941-04-01,[66658],[],,
71251,3,1941-04-01,[66659],[],,
71252,4,1941-04-01,[66660],[],,
71253,5,2020-07-01,"[66661,66662]","[5753,5754,5755]",,
71254,7,1964-04-01,[66663],[],,
71255,8,2020-07-01,[66664],"[5756,5757]",,
71256,14,1967-04-01,[66665],[],,
71257,15,2004-04-01,"[66666,66667]","[5758,5759,5760]",,
71258,1,1964-05-01,[66668],[],,
71259,2,1941-05-01,[66669],[],,
71260,3,1941-05-01,[66670],[],,
71261,4,1941-05-01,[66671],[],,
71262,5,2020-08-01,"[66672,66673]","[5761,5762,5763]",,
71263,7,1964-05-01,[66674],[],,
71264,8,2020-08-01,[66675],"[5764,5765]",,
71265,14,1967-05-01,[66676],[],,
71266,15,2004-05-01,"[66677,66678]","[5766,5767,5768]",,
71267,1,1964-06-01,[66679],[],,
71268,2,1941-06-01,[66680],[],,
71269,3,1941-06-01,[66681],[],,
71270,4,1941-06-01,[66682],[],,
71271,5,2020-09-01,"[66683,66684]","[5769,5770,5771]",,
71272,7,1964-06-01,[66685],[],,
71273,8,2020-09-01,[66686],"[5772,5773]",,
71274,14,1967-06-01,[66687],[],,
71275,15,2004-06-01,"[66688,66689]","[5774,5775,5776]",,
71276,1,1964-07-01,[66690],[],,
71277,2,1941-07-01,[66691],[],,
71278,3,1941-07-01,[66692],[],,
71279,4,1941-07-01,[66693],[],,
71280,5,2020-10-01,"[66694,66695]","[5777,5778,5779]",,
71281,7,1964-07-01,[66696],[],,
71282,8,2020-10-01,[66697],"[5780,5781]",,
71283,14,1967-07-01,[66698],[],,
71284,15,2004-07-01,"[66699,66700]","[5782,5783,5784]",,
71285,1,1964-08-01,[66701],[],,
71286,2,1941-08-01,[66702],[],,
71287,3,1941-08-01,[66703],[],,
71288,4,1941-08-01,[66704],[],,
71289,5,2020-11-01,"[66705,66706]","[5785,5786,5787]",,
71290,7,1964-08-01,[66707],[],,
71291,8,2020-11-01,[66708],"[5788,5789]",,
71292,14,1967-08-01,[66709],[],,
71293,15,2004-08-01,"[66710,66711]","[5790,5791,5792]",,
71294,1,1964-09-01,[66712],[],,
71295,2,1941-09-01,[66713],[],,
71296,3,1941-09-01,[66714],[],,
71297,4,1941-09-01,[66715],[],,
71298,5,2020-12-01,"[66716,66717]","[5793,5794,5795]",,
71299,7,1964-09-01,[66718],[],,
71300,8,2020-12-01,[66719],"[5796,5797]",,
71301,14,1967-09-01,[66720],[],,
71302,15,2004-09-01,"[66721,66722]","[5798,5799,5800]",,
71303,1,1964-10-01,[66723],[],,
71304,2,1941-10-01,[66724],[],,
71305,3,1941-10-01,[66725],[],,
71306,4,1941-10-01,[66726],[],,
71307,5,2021-01-01,"[66727,66728]","[5801,5802,5803]",,
71308,7,1964-10-01,[66729],[],,
71309,8,2021-01-01,[66730],"[5804,5805]",,
71310,14,1967-10-01,[66731],[],,
71311,15,2004-10-01,"[66732,66733]","[5806,5807,5808]",,
71312,1,1964-11-01,[66734],[],,
71313,2,1941-11-01,[66735],[],,
71314,3,1941-11-01,[66736],[],,
71315,4,1941-11-01,[66737],[],,
71316,5,2021-02-01,"[66738,66739]","[5809,5810,5811]",,
71317,7,1964-11-01,[66740],[],,
71318,8,2021-02-01,[66741],"[5812,5813]",,
71319,14,1967-11-01,[66742],[],,
71320,15,2004-11-01,"[66743,66744]","[5814,5815,5816]",,
71321,1,1964-12-01,[66745],[],,
71322,2,1941-12-01,[66746],[],,
71323,3,1941-12-01,[66747],[],,
71324,4,1941-12-01,[66748],[],,
71325,5,2021-03-01,"[66749,66750]","[5817,5818,5819]",,
71326,7,1964-12-01,[66751],[],,
71327,8,2021-03-01,[66752],"[5820,5821]",,
71328,14,1967-12-01,[66753],[],,
71329,15,2004-12-01,"[66754,66755]","[5822,5823,5824]",,
71330,1,1965-01-01,[66756],[],,
71331,2,1942-01-01,[66757],[],,
71332,3,1942-01-01,[66758],[],,
71333,4,1942-01-01,[66759],[],,
71334,5,2021-04-01,"[66760,66761]","[5825,5826,5827]",,
71335,7,1965-01-01,[66762],[],,
71336,8,2021-04-01,[66763],"[5828,5829]",,
71337,14,1968-01-01,[66764],[],,
71338,15,2005-01-01,"[66765,66766]","[5830,5831,5832]",,
71339,1,1965-02-01,[66767],[],,
71340,2,1942-02-01,[66768],[],,
71341,3,1942-02-01,[66769],[],,
71342,4,1942-02-01,[66770],[],,
71343,5,2021-05-01,"[66771,66772]","[5833,5834,5835]",,
71344,7,1965-02-01,[66773],[],,
71345,8,2021-05-01,[66774],"[5836,5837]",,
71346,14,1968-02-01,[66775],[],,
71347,15,2005-02-01,"[66776,66777]","[5838,5839,5840]",,
71348,1,1965-03-01,[66778],[],,
71349,2,1942-03-01,[66779],[],,
71350,3,1942-03-01,[66780],[],,
71351,4,1942-03-01,[66781],[],,
71352,5,2021-06-01,"[66782,66783]","[5841,5842,5843]",,
71353,7,1965-03-01,[66784],[],,
71354,8,2021-06-01,[66785],"[5844,5845]",,
71355,14,1968-03-01,[66786],[],,
71356,15,2005-03-01,"[66787,66788]","[5846,5847,5848]",,
71357,1,1965-04-01,[66789],[],,
71358,2,1942-04-01,[66790],[],,
71359,3,1942-04-01,[66791],[],,
71360,4,1942-04-01,[66792],[],,
71361,5,2021-07-01,"[66793,66794]","[5849,5850,5851]",,
71362,7,1965-04-01,[66795],[],,
71363,8,2021-07-01,[66796],"[5852,5853]",,
71364,14,1968-04-01,[66797],[],,
71365,15,2005-04-01,"[66798,66799]","[5854,5855,5856]",,
71366,1,1965-05-01,[66800],[],,
71367,2,1942-05-01,[66801],[],,
71368,3,1942-05-01,[66802],[],,
71369,4,1942-05-01,[66803],[],,
71370,5,2021-08-01,"[66804,66805]","[5857,5858,5859]",,
71371,7,1965-05-01,[66806],[],,
71372,8,2021-08-01,[66807],"[5860,5861]",,
71373,14,1968-05-01,[66808],[],,
71374,15,2005-05-01,"[66809,66810]","[5862,5863,5864]",,
71375,1,1965-06-01,[66811],[],,
71376,2,1942-06-01,[66812],[],,
71377,3,1942-06-01,[66813],[],,
71378,4,1942-06-01,[66814],[],,
71379,5,2021-09-01,"[66815,66816]","[5865,5866,5867]",,
71380,7,1965-06-01,[66817],[],,
71381,8,2021-09-01,[66818],"[5868,5869]",,
71382,14,1968-06-01,[66819],[],,
71383,15,2005-06-01,"[66820,66821]","[5870,5871,5872]",,
71384,1,1965-07-01,[66822],[],,
71385,2,1942-07-01,[66823],[],,
71386,3,1942-07-01,[66824],[],,
71387,4,1942-07-01,[66825],[],,
71388,5,2021-10-01,"[66826,66827]","[5873,5874,5875]",,
71389,7,1965-07-01,[66828],[],,
71390,8,2021-10-01,[66829],"[5876,5877]",,
71391,14,1968-07-01,[66830],"[5878,5879]",,
71392,15,2005-07-01,"[66831,66832]","[5880,5881,5882]",,
71393,1,1965-08-01,[66833],[],,
71394,2,1942-08-01,[66834],[],,
71395,3,1942-08-01,[66835],[],,
71396,4,1942-08-01,[66836],[],,
71397,5,2021-11-01,"[66837,66838]","[5883,5884,5885]",,
71398,7,1965-08-01,[66839],[],,
71399,8,2021-11-01,[66840],"[5886,5887]",,
71400,14,1968-08-01,[66841],"[5888,5889]",,
71401,15,2005-08-01,"[66842,66843]","[5890,5891,5892]",,
71402,1,1965-09-01,[66844],[],,
71403,2,1942-09-01,[66845],[],,
71404,3,1942-09-01,[66846],[],,
71405,4,1942-09-01,[66847],[],,
71406,5,2021-12-01,"[66848,66849]","[5893,5894,5895]",,
71407,7,1965-09-01,[66850],[],,
71408,8,2021-12-01,[66851],"[5896,5897]",,
71409,14,1968-09-01,[66852],"[5898,5899]",,
71410,15,2005-09-01,"[66853,66854]","[5900,5901,5902]",,
71411,1,1965-10-01,[66855],[],,
71412,2,1942-10-01,[66856],[],,
71413,3,1942-10-01,[66857],[],,
71414,4,1942-10-01,[66858],[],,
71415,5,2022-01-01,"[66859,66860]","[5903,5904,5905]",,
71416,7,1965-10-01,[66861],[],,
71417,8,2022-01-01,[66862],"[5906,5907]",,
71418,14,1968-10-01,[66863],"[5908,5909]",,
71419,15,2005-10-01,"[66864,66865]","[5910,5911,5912]",,
71420,1,1965-11-01,[66866],[],,
71421,2,1942-11-01,[66867],[],,
71422,3,1942-11-01,[66868],[],,
71423,4,1942-11-01,[66869],[],,
71424,5,2022-02-01,"[66870,66871]","[5913,5914,5915]",,
71425,7,1965-11-01,[66872],[],,
71426,8,2022-02-01,[66873],"[5916,5917]",,
71427,14,1968-11-01,[66874],"[5918,5919]",,
71428,15,2005-11-01,"[66875,66876]","[5920,5921,5922]",,
71429,1,1965-12-01,[66877],[],,
71430,2,1942-12-01,[66878],[],,
71431,3,1942-12-01,[66879],[],,
71432,4,1942-12-01,[66880],[],,
71433,5,2022-03-01,"[66881,66882]","[5923,5924,5925]",,
71434,7,1965-12-01,[66883],[],,
71435,8,2022-03-01,[66884],"[5926,5927]",,
71436,14,1968-12-01,[66885],"[5928,5929]",,
71437,15,2005-12-01,"[66886,66887]","[5930,5931,5932]",,
71438,1,1966-01-01,[66888],[],,
71439,2,1943-01-01,[66889],[],,
71440,3,1943-01-01,[66890],[],,
71441,4,1943-01-01,[66891],[],,
71442,5,2022-04-01,"[66892,66893]","[5933,5934,5935]",,
71443,7,1966-01-01,[66894],[],,
71444,8,2022-04-01,[66895],"[5936,5937]",,
71445,14,1969-01-01,[66896],"[5938,5939]",,
71446,15,2006-01-01,"[66897,66898]","[5940,5941,5942]",,
71447,1,1966-02-01,[66899],[],,
71448,2,1943-02-01,[66900],[],,
71449,3,1943-02-01,[66901],[],,
71450,4,1943-02-01,[66902],[],,
71451,5,2022-05-01,"[66903,66904]","[5943,5944,5945]",,
71452,7,1966-02-01,[66905],[],,
71453,8,2022-05-01,[66906],"[5946,5947]",,
71454,14,1969-02-01,[66907],"[5948,5949]",,
71455,15,2006-02-01,"[66908,66909]","[5950,5951,5952]",,
71456,1,1966-03-01,[66910],[],,
71457,2,1943-03-01,[66911],[],,
71458,3,1943-03-01,[66912],[],,
71459,4,1943-03-01,[66913],[],,
71460,5,2022-06-01,"[66914,66915]","[5953,5954,5955]",,
71461,7,1966-03-01,[66916],[],,
71462,8,2022-06-01,[66917],"[5956,5957]",,
71463,14,1969-03-01,[66918],"[5958,5959]",,
71464,15,2006-03-01,"[66919,66920]","[5960,5961,5962]",,
71465,1,1966-04-01,[66921],[],,
71466,2,1943-04-01,[66922],[],,
71467,3,1943-04-01,[66923],[],,
71468,4,1943-04-01,[66924],[],,
71469,5,2022-07-01,"[66925,66926]","[5963,5964,5965]",,
71470,7,1966-04-01,[66927],[],,
71471,8,2022-07-01,[66928],"[5966,5967]",,
71472,14,1969-04-01,[66929],"[5968,5969]",,
71473,15,2006-04-01,"[66930,66931]","[5970,5971,5972]",,
71474,1,1966-05-01,[66932],[],,
71475,2,1943-05-01,[66933],[],,
71476,3,1943-05-01,[66934],[],,
71477,4,1943-05-01,[66935],[],,
71478,5,2022-08-01,"[66936,66937]","[5973,5974,5975]",,
71479,7,1966-05-01,[66938],[],,
71480,8,2022-08-01,[66939],"[5976,5977]",,
71481,14,1969-05-01,[66940],"[5978,5979]",,
71482,15,2006-05-01,"[66941,66942]","[5980,5981,5982]",,
71483,1,1966-06-01,[66943],[],,
71484,2,1943-06-01,[66944],[],,
71485,3,1943-06-01,[66945],[],,
71486,4,1943-06-01,[66946],[],,
71487,5,2022-09-01,"[66947,66948]","[5983,5984,5985]",,
71488,7,1966-06-01,[66949],[],,
71489,8,2022-09-01,[66950],"[5986,5987]",,
71490,14,1969-06-01,[66951],"[5988,5989]",,
71491,15,2006-06-01,"[66952,66953]","[5990,5991,5992]",,
71492,1,1966-07-01,[66954],[],,
71493,2,1943-07-01,[66955],[],,
71494,3,1943-07-01,[66956],[],,
71495,4,1943-07-01,[66957],[],,
71496,5,2022-10-01,"[66958,66959]","[5993,5994,5995]",,
71497,7,1966-07-01,[66960],[],,
71498,8,2022-10-01,[66961],"[5996,5997]",,
71499,14,1969-07-01,[66962],"[5998,5999]",,
71500,15,2006-07-01,"[66963,66964]","[6000,6001,6002]",,
71501,1,1966-08-01,[66965],[],,
71502,2,1943-08-01,[66966],[],,
71503,3,1943-08-01,[66967],[],,
71504,4,1943-08-01,[66968],[],,
71505,5,2022-11-01,"[66969,66970]","[6003,6004,6005]",,
71506,7,1966-08-01,[66971],[],,
71507,8,2022-11-01,[66972],"[6006,6007]",,
71508,14,1969-08-01,[66973],"[6008,6009]",,
71509,15,2006-08-01,"[66974,66975]","[6010,6011,6012]",,
71510,1,1966-09-01,[66976],[],,
71511,2,1943-09-01,[66977],[],,
71512,3,1943-09-01,[66978],[],,
71513,4,1943-09-01,[66979],[],,
71514,5,2022-12-01,"[66980,66981]","[6013,6014,6015]",,
71515,7,1966-09-01,[66982],[],,
71516,8,2022-12-01,[66983],"[6016,6017]",,
71517,14,1969-09-01,[66984],"[6018,6019]",,
71518,15,2006-09-01,"[66985,66986]","[6020,6021,6022]",,
71519,1,1966-10-01,[66987],[],,
71520,2,1943-10-01,[66988],[],,
71521,3,1943-10-01,[66989],[],,
71522,4,1943-10-01,[66990],[],,
71523,5,2023-01-01,"[66991,66992]","[6023,6024,6025]",,
71524,7,1966-10-01,[66993],[],,
71525,8,2023-01-01,[66994],"[6026,6027]",,
71526,14,1969-10-01,[66995],"[6028,6029]",,
71527,15,2006-10-01,"[66996,66997]","[6030,6031,6032]",,
71528,1,1966-11-01,[66998],[],,
71529,2,1943-11-01,[66999],[],,
71530,3,1943-11-01,[67000],[],,
71531,4,1943-11-01,[67001],[],,
71532,5,2023-02-01,"[67002,67003]","[6033,6034,6035]",,
71533,7,1966-11-01,[67004],[],,
71534,8,2023-02-01,[67005],"[6036,6037]",,
71535,14,1969-11-01,[67006],"[6038,6039]",,
71536,15,2006-11-01,"[67007,67008]","[6040,6041,6042]",,
71537,1,1966-12-01,[67009],[],,
71538,2,1943-12-01,[67010],[],,
71539,3,1943-12-01,[67011],[],,
71540,4,1943-12-01,[67012],[],,
71541,5,2023-03-01,"[67013,67014]","[6043,6044,6045]",,
71542,7,1966-12-01,[67015],[],,
71543,8,2023-03-01,[67016],"[6046,6047]",,
71544,14,1969-12-01,[67017],"[6048,6049]",,
71545,15,2006-12-01,"[67018,67019]","[6050,6051,6052]",,
71546,1,1967-01-01,[67020],[],,
71547,2,1944-01-01,[67021],[],,
71548,3,1944-01-01,[67022],[],,
71549,4,1944-01-01,[67023],[],,
71550,5,2023-04-01,"[67024,67025]","[6053,6054,6055]",,
71551,7,1967-01-01,[67026],[],,
71552,8,2023-04-01,[67027],"[6056,6057]",,
71553,14,1970-01-01,[67028],"[6058,6059]",,
71554,15,2007-01-01,"[67029,67030]","[6060,6061,6062]",,
71555,1,1967-02-01,[67031],[],,
71556,2,1944-02-01,[67032],[],,
71557,3,1944-02-01,[67033],[],,
71558,4,1944-02-01,[67034],[],,
71559,5,2023-05-01,"[67035,67036]","[6063,6064,6065]",,
71560,7,1967-02-01,[67037],[],,
71561,8,2023-05-01,[67038],"[6066,6067]",,
71562,14,1970-02-01,[67039],"[6068,6069]",,
71563,15,2007-02-01,"[67040,67041]","[6070,6071,6072]",,
71564,1,1967-03-01,[67042],[],,
71565,2,1944-03-01,[67043],[],,
71566,3,1944-03-01,[67044],[],,
71567,4,1944-03-01,[67045],[],,
71568,5,2023-06-01,"[67046,67047]","[6073,6074,6075]",,
71569,7,1967-03-01,[67048],[],,
71570,8,2023-06-01,[67049],"[6076,6077]",,
71571,14,1970-03-01,[67050],"[6078,6079]",,
71572,15,2007-03-01,"[67051,67052]","[6080,6081,6082]",,
71573,1,1967-04-01,[67053],[],,
71574,2,1944-04-01,[67054],[],,
71575,3,1944-04-01,[67055],[],,
71576,4,1944-04-01,[67056],[],,
71577,5,2023-07-01,"[67057,67058]","[6083,6084,6085]",,
71578,7,1967-04-01,[67059],[],,
71579,8,2023-07-01,[67060],"[6086,6087]",,
71580,14,1970-04-01,[67061],"[6088,6089]",,
71581,15,2007-04-01,"[67062,67063]","[6090,6091,6092]",,
71582,1,1967-05-01,[67064],[],,
71583,2,1944-05-01,[67065],[],,
71584,3,1944-05-01,[67066],[],,
71585,4,1944-05-01,[67067],[],,
71586,5,2023-08-01,"[67068,67069]","[6093,6094,6095]",,
71587,7,1967-05-01,[67070],[],,
71588,8,2023-08-01,[67071],"[6096,6097]",,
71589,14,1970-05-01,[67072],"[6098,6099]",,
71590,15,2007-05-01,"[67073,67074]","[6100,6101,6102]",,
71591,1,1967-06-01,[67075],[],,
71592,2,1944-06-01,[67076],[],,
71593,3,1944-06-01,[67077],[],,
71594,4,1944-06-01,[67078],[],,
71595,5,2023-09-01,"[67079,67080]","[6103,6104,6105]",,
71596,7,1967-06-01,[67081],[],,
71597,8,2023-09-01,[67082],"[6106,6107]",,
71598,14,1970-06-01,[67083],"[6108,6109]",,
71599,15,2007-06-01,"[67084,67085]","[6110,6111,6112]",,
71600,1,1967-07-01,[67086],[],,
71601,2,1944-07-01,[67087],[],,
71602,3,1944-07-01,[67088],[],,
71603,4,1944-07-01,[67089],[],,
71604,5,2023-10-01,"[67090,67091]","[6113,6114,6115]",,
71605,7,1967-07-01,[67092],[],,
71606,8,2023-10-01,[67093],"[6116,6117]",,
71607,14,1970-07-01,[67094],"[6118,6119]",,
71608,15,2007-07-01,"[67095,67096]","[6120,6121,6122]",,
71609,1,1967-08-01,[67097],[],,
71610,2,1944-08-01,[67098],[],,
71611,3,1944-08-01,[67099],[],,
71612,4,1944-08-01,[67100],[],,
71613,5,2023-11-01,"[67101,67102]","[6123,6124,6125]",,
71614,7,1967-08-01,[67103],[],,
71615,8,2023-11-01,[67104],"[6126,6127]",,
71616,14,1970-08-01,[67105],"[6128,6129]",,
71617,15,2007-08-01,"[67106,67107]","[6130,6131,6132]",,
71618,1,1967-09-01,[67108],[],,
71619,2,1944-09-01,[67109],[],,
71620,3,1944-09-01,[67110],[],,
71621,4,1944-09-01,[67111],[],,
71622,5,2023-12-01,"[67112,67113]","[6133,6134,6135]",,
71623,7,1967-09-01,[67114],[],,
71624,8,2023-12-01,[67115],"[6136,6137]",,
71625,14,1970-09-01,[67116],"[6138,6139]",,
71626,15,2007-09-01,"[67117,67118]","[6140,6141,6142]",,
71627,1,1967-10-01,[67119],[],,
71628,2,1944-10-01,[67120],[],,
71629,3,1944-10-01,[67121],[],,
71630,4,1944-10-01,[67122],[],,
71631,5,2024-01-01,"[67123,67124]","[6143,6144,6145]",,
71632,7,1967-10-01,[67125],[],,
71633,8,2024-01-01,[67126],"[6146,6147]",,
71634,14,1970-10-01,[67127],"[6148,6149]",,
71635,15,2007-10-01,"[67128,67129]","[6150,6151,6152]",,
71636,1,1967-11-01,[67130],[],,
71637,2,1944-11-01,[67131],[],,
71638,3,1944-11-01,[67132],[],,
71639,4,1944-11-01,[67133],[],,
71640,5,2024-02-01,"[67134,67135]","[6153,6154,6155]",,
71641,7,1967-11-01,[67136],[],,
71642,8,2024-02-01,[67137],"[6156,6157]",,
71643,14,1970-11-01,[67138],"[6158,6159]",,
71644,15,2007-11-01,"[67139,67140]","[6160,6161,6162]",,
71645,1,1967-12-01,[67141],[],,
71646,2,1944-12-01,[67142],[],,
71647,3,1944-12-01,[67143],[],,
71648,4,1944-12-01,[67144],[],,
71649,5,2024-03-01,"[67145,67146]","[6163,6164,6165]",,
71650,7,1967-12-01,[67147],[],,
71651,8,2024-03-01,[67148],"[6166,6167]",,
71652,14,1970-12-01,[67149],"[6168,6169]",,
71653,15,2007-12-01,"[67150,67151]","[6170,6171,6172]",,
71654,1,1968-01-01,[67152],[],,
71655,2,1945-01-01,[67153],[],,
71656,3,1945-01-01,[67154],[],,
71657,4,1945-01-01,[67155],[],,
71658,5,2024-04-01,"[67156,67157]","[6173,6174,6175]",,
71659,7,1968-01-01,[67158],[],,
71660,8,2024-04-01,[67159],"[6176,6177]",,
71661,14,1971-01-01,[67160],"[6178,6179]",,
71662,15,2008-01-01,"[67161,67162]","[6180,6181,6182]",,
71663,1,1968-02-01,[67163],[],,
71664,2,1945-02-01,[67164],[],,
71665,3,1945-02-01,[67165],[],,
71666,4,1945-02-01,[67166],[],,
71667,5,2024-05-01,"[67167,67168]","[6183,6184,6185]",,
71668,7,1968-02-01,[67169],[],,
71669,8,2024-05-01,[67170],"[6186,6187]",,
71670,14,1971-02-01,[67171],"[6188,6189]",,
71671,15,2008-02-01,"[67172,67173]","[6190,6191,6192]",,
71672,1,1968-03-01,[67174],[],,
71673,2,1945-03-01,[67175],[],,
71674,3,1945-03-01,[67176],[],,
71675,4,1945-03-01,[67177],[],,
71676,5,2024-06-01,"[67178,67179]","[6193,6194,6195]",,
71677,7,1968-03-01,[67180],[],,
71678,8,2024-06-01,[67181],"[6196,6197]",,
71679,14,1971-03-01,[67182],"[6198,6199]",,
71680,15,2008-03-01,"[67183,67184]","[6200,6201,6202]",,
71681,1,1968-04-01,[67185],[],,
71682,2,1945-04-01,[67186],[],,
71683,3,1945-04-01,[67187],[],,
71684,4,1945-04-01,[67188],[],,
71685,5,2024-07-01,"[67189,67190]","[6203,6204,6205]",,
71686,7,1968-04-01,[67191],[],,
71687,8,2024-07-01,[67192],"[6206,6207]",,
71688,14,1971-04-01,[67193],"[6208,6209]",,
71689,15,2008-04-01,"[67194,67195]","[6210,6211,6212]",,
71690,1,1968-05-01,[67196],[],,
71691,2,1945-05-01,[67197],[],,
71692,3,1945-05-01,[67198],[],,
71693,4,1945-05-01,[67199],[],,
71694,5,2024-08-01,"[67200,67201]","[6213,6214,6215]",,
71695,7,1968-05-01,[67202],[],,
71696,8,2024-08-01,[67203],"[6216,6217]",,
71697,14,1971-05-01,[67204],"[6218,6219]",,
71698,15,2008-05-01,"[67205,67206]","[6220,6221,6222]",,
71699,1,1968-06-01,[67207],[],,
71700,2,1945-06-01,[67208],[],,
71701,3,1945-06-01,[67209],[],,
71702,4,1945-06-01,[67210],[],,
71703,5,2024-09-01,"[67211,67212]","[6223,6224,6225]",,
71704,7,1968-06-01,[67213],[],,
71705,8,2024-09-01,[67214],"[6226,6227]",,
71706,14,1971-06-01,[67215],"[6228,6229]",,
71707,15,2008-06-01,"[67216,67217]","[6230,6231,6232]",,
71708,1,1968-07-01,[67218],[],,
71709,2,1945-07-01,[67219],[],,
71710,3,1945-07-01,[67220],[],,
71711,4,1945-07-01,[67221],[],,
71712,5,2024-10-01,"[67222,67223]","[6233,6234,6235]",,
71713,7,1968-07-01,[67224],"[6236,6237]",,
71714,8,2024-10-01,[67225],"[6238,6239]",,
71715,14,1971-07-01,[67226],"[6240,6241]",,
71716,15,2008-07-01,"[67227,67228]","[6242,6243,6244]",,
71717,1,1968-08-01,[67229],[],,
71718,2,1945-08-01,[67230],[],,
71719,3,1945-08-01,[67231],[],,
71720,4,1945-08-01,[67232],[],,
71721,5,2024-11-01,"[67233,67234]","[6245,6246,6247]",,
71722,7,1968-08-01,[67235],"[6248,6249]",,
71723,8,2024-11-01,[67236],"[6250,6251]",,
71724,14,1971-08-01,[67237],"[6252,6253]",,
71725,15,2008-08-01,"[67238,67239]","[6254,6255,6256]",,
71726,1,1968-09-01,[67240],[],,
71727,2,1945-09-01,[67241],[],,
71728,3,1945-09-01,[67242],[],,
71729,4,1945-09-01,[67243],[],,
71730,5,2024-12-01,"[67244,67245]","[6257,6258,6259]",,
71731,7,1968-09-01,[67246],"[6260,6261]",,
71732,8,2024-12-01,[67247],"[6262,6263]",,
71733,14,1971-09-01,[67248],"[6264,6265]",,
71734,15,2008-09-01,"[67249,67250]","[6266,6267,6268]",,
71735,1,1968-10-01,[67251],[],,
71736,2,1945-10-01,[67252],[],,
71737,3,1945-10-01,[67253],[],,
71738,4,1945-10-01,[67254],[],,
71739,5,2025-01-01,"[67255,67256]","[6269,6270,6271]",,
71740,7,1968-10-01,[67257],"[6272,6273]",,
71741,8,2025-01-01,[67258],"[6274,6275]",,
71742,14,1971-10-01,[67259],"[6276,6277]",,
71743,15,2008-10-01,"[67260,67261]","[6278,6279,6280]",,
71744,1,1968-11-01,[67262],[],,
71745,2,1945-11-01,[67263],[],,
71746,3,1945-11-01,[67264],[],,
71747,4,1945-11-01,[67265],[],,
71748,5,2025-02-01,"[67266,67267]","[6281,6282,6283]",,
71749,7,1968-11-01,[67268],"[6284,6285]",,
71750,8,2025-02-01,[67269],"[6286,6287]",,
71751,14,1971-11-01,[67270],"[6288,6289]",,
71752,15,2008-11-01,"[67271,67272]","[6290,6291,6292]",,
71753,1,1968-12-01,[67273],[],,
71754,2,1945-12-01,[67274],[],,
71755,3,1945-12-01,[67275],[],,
71756,4,1945-12-01,[67276],[],,
71757,5,2025-03-01,"[67277,67278]","[6293,6294,6295]",,
71758,7,1968-12-01,[67279],"[6296,6297]",,
71759,8,2025-03-01,[67280],"[6298,6299]",,
71760,14,1971-12-01,[67281],"[6300,6301]",,
71761,15,2008-12-01,"[67282,67283]","[6302,6303,6304]",,
71762,1,1969-01-01,[67284],[],,
71763,2,1946-01-01,[67285],[],,
71764,3,1946-01-01,[67286],[],,
71765,4,1946-01-01,[67287],[],,
71766,5,2025-04-01,"[67288,67289]","[6305,6306,6307]",,
71767,7,1969-01-01,[67290],"[6308,6309]",,
71768,8,2025-04-01,[67291],"[6310,6311]",,
71769,14,1972-01-01,[67292],"[6312,6313]",,
71770,15,2009-01-01,"[67293,67294]","[6314,6315,6316]",,
71771,1,1969-02-01,[67295],[],,
71772,2,1946-02-01,[67296],[],,
71773,3,1946-02-01,[67297],[],,
71774,4,1946-02-01,[67298],[],,
71775,5,2025-05-01,"[67299,67300]","[6317,6318,6319]",,
71776,7,1969-02-01,[67301],"[6320,6321]",,
71777,8,2025-05-01,[67302],"[6322,6323]",,
71778,14,1972-02-01,[67303],"[6324,6325]",,
71779,15,2009-02-01,"[67304,67305]","[6326,6327,6328]",,
71780,1,1969-03-01,[67306],[],,
71781,2,1946-03-01,[67307],[],,
71782,3,1946-03-01,[67308],[],,
71783,4,1946-03-01,[67309],[],,
71784,5,2025-06-01,"[67310,67311]","[6329,6330,6331]",,
71785,7,1969-03-01,[67312],"[6332,6333]",,
71786,8,2025-06-01,[67313],"[6334,6335]",,
71787,14,1972-03-01,[67314],"[6336,6337]",,
71788,15,2009-03-01,"[67315,67316]","[6338,6339,6340]",,
71789,1,1969-04-01,[67317],[],,
71790,2,1946-04-01,[67318],[],,
71791,3,1946-04-01,[67319],[],,
71792,4,1946-04-01,[67320],[],,
71793,5,2025-07-01,"[67321,67322]","[6341,6342,6343]",,
71794,7,1969-04-01,[67323],"[6344,6345]",,
71795,8,2025-07-01,[67324],"[6346,6347]",,
71796,14,1972-04-01,[67325],"[6348,6349]",,
71797,15,2009-04-01,"[67326,67327]","[6350,6351,6352]",,
71798,1,1969-05-01,[67328],[],,
71799,2,1946-05-01,[67329],[],,
71800,3,1946-05-01,[67330],[],,
71801,4,1946-05-01,[67331],[],,
71802,5,2025-08-01,"[67332,67333]","[6353,6354,6355]",,
71803,7,1969-05-01,[67334],"[6356,6357]",,
71804,8,2025-08-01,[67335],"[6358,6359]",,
71805,14,1972-05-01,[67336],"[6360,6361]",,
71806,15,2009-05-01,"[67337,67338]","[6362,6363,6364]",,
71807,1,1969-06-01,[67339],[],,
71808,2,1946-06-01,[67340],[],,
71809,3,1946-06-01,[67341],[],,
71810,4,1946-06-01,[67342],[],,
71811,5,2025-09-01,"[67343,67344]","[6365,6366,6367]",,
71812,7,1969-06-01,[67345],"[6368,6369]",,
71813,8,2025-09-01,[67346],"[6370,6371]",,
71814,14,1972-06-01,[67347],"[6372,6373]",,
71815,15,2009-06-01,"[67348,67349]","[6374,6375,6376]",,
71816,1,1969-07-01,[67350],[],,
71817,2,1946-07-01,[67351],[],,
71818,3,1946-07-01,[67352],[],,
71819,4,1946-07-01,[67353],[],,
71820,5,2025-10-01,"[67354,67355]","[6377,6378,6379]",,
71821,7,1969-07-01,[67356],"[6380,6381]",,
71822,8,2025-10-01,[67357],"[6382,6383]",,
71823,14,1972-07-01,[67358],"[6384,6385]",,
71824,15,2009-07-01,"[67359,67360]","[6386,6387,6388]",,
71825,1,1969-08-01,[67361],[],,
71826,2,1946-08-01,[67362],[],,
71827,3,1946-08-01,[67363],[],,
71828,4,1946-08-01,[67364],[],,
71829,5,2025-11-01,"[67365,67366]","[6389,6390,6391]",,
71830,7,1969-08-01,[67367],"[6392,6393]",,
71831,8,2025-11-01,[67368],"[6394,6395]",,
71832,14,1972-08-01,[67369],"[6396,6397]",,
71833,15,2009-08-01,"[67370,67371]","[6398,6399,6400]",,
71834,1,1969-09-01,[67372],[],,
71835,2,1946-09-01,[67373],[],,
71836,3,1946-09-01,[67374],[],,
71837,4,1946-09-01,[67375],[],,
71838,5,2025-12-01,"[67376,67377]","[6401,6402,6403]",,
71839,7,1969-09-01,[67378],"[6404,6405]",,
71840,8,2025-12-01,[67379],"[6406,6407]",,
71841,14,1972-09-01,[67380],"[6408,6409]",,
71842,15,2009-09-01,"[67381,67382]","[6410,6411,6412]",,
71843,1,1969-10-01,[67383],[],,
71844,2,1946-10-01,[67384],[],,
71845,3,1946-10-01,[67385],[],,
71846,4,1946-10-01,[67386],[],,
71847,5,2026-01-01,"[67387,67388]","[6413,6414,6415]",,
71848,7,1969-10-01,[67389],"[6416,6417]",,
71849,8,2026-01-01,[67390],"[6418,6419]",,
71850,14,1972-10-01,[67391],"[6420,6421]",,
71851,15,2009-10-01,"[67392,67393]","[6422,6423,6424]",,
71852,1,1969-11-01,[67394],[],,
71853,2,1946-11-01,[67395],[],,
71854,3,1946-11-01,[67396],[],,
71855,4,1946-11-01,[67397],[],,
71856,5,2026-02-01,"[67398,67399]","[6425,6426,6427]",,
71857,7,1969-11-01,[67400],"[6428,6429]",,
71858,8,2026-02-01,[67401],"[6430,6431]",,
71859,14,1972-11-01,[67402],"[6432,6433]",,
71860,15,2009-11-01,"[67403,67404]","[6434,6435,6436]",,
71861,1,1969-12-01,[67405],[],,
71862,2,1946-12-01,[67406],[],,
71863,3,1946-12-01,[67407],[],,
71864,4,1946-12-01,[67408],[],,
71865,5,2026-03-01,"[67409,67410]","[6437,6438,6439]",,
71866,7,1969-12-01,[67411],"[6440,6441]",,
71867,8,2026-03-01,[67412],"[6442,6443]",,
71868,14,1972-12-01,[67413],"[6444,6445]",,
71869,15,2009-12-01,"[67414,67415]","[6446,6447,6448]",,
71870,1,1970-01-01,[67416],[],,
71871,2,1947-01-01,[67417],[],,
71872,3,1947-01-01,[67418],[],,
71873,4,1947-01-01,[67419],[],,
71874,5,2026-04-01,"[67420,67421]","[6449,6450,6451]",,
71875,7,1970-01-01,[67422],"[6452,6453]",,
71876,8,2026-04-01,[67423],"[6454,6455]",,
71877,14,1973-01-01,[67424],"[6456,6457]",,
71878,15,2010-01-01,"[67425,67426]","[6458,6459,6460]",,
71879,1,1970-02-01,[67427],[],,
71880,2,1947-02-01,[67428],[],,
71881,3,1947-02-01,[67429],[],,
71882,4,1947-02-01,[67430],[],,
71883,5,2026-05-01,"[67431,67432]","[6461,6462,6463]",,
71884,7,1970-02-01,[67433],"[6464,6465]",,
71885,8,2026-05-01,[67434],"[6466,6467]",,
71886,14,1973-02-01,[67435],"[6468,6469]",,
71887,15,2010-02-01,"[67436,67437]","[6470,6471,6472]",,
71888,1,1970-03-01,[67438],[],,
71889,2,1947-03-01,[67439],[],,
71890,3,1947-03-01,[67440],[],,
71891,4,1947-03-01,[67441],[],,
71892,7,1970-03-01,[67442],"[6473,6474]",,
71893,14,1973-03-01,[67443],"[6475,6476]",,
71894,15,2010-03-01,"[67444,67445]","[6477,6478,6479]",,
71895,1,1970-04-01,[67446],[],,
71896,2,1947-04-01,[67447],[],,
71897,3,1947-04-01,[67448],[],,
71898,4,1947-04-01,[67449],[],,
71899,7,1970-04-01,[67450],"[6480,6481]",,
71900,14,1973-04-01,[67451],"[6482,6483]",,
71901,15,2010-04-01,"[67452,67453]","[6484,6485,6486]",,
71902,1,1970-05-01,[67454],[],,
71903,2,1947-05-01,[67455],[],,
71904,3,1947-05-01,[67456],[],,
71905,4,1947-05-01,[67457],[],,
71906,7,1970-05-01,[67458],"[6487,6488]",,
71907,14,1973-05-01,[67459],"[6489,6490]",,
71908,15,2010-05-01,"[67460,67461]","[6491,6492,6493]",,
71909,1,1970-06-01,[67462],[],,
71910,2,1947-06-01,[67463],[],,
71911,3,1947-06-01,[67464],[],,
71912,4,1947-06-01,[67465],[],,
71913,7,1970-06-01,[67466],"[6494,6495]",,
71914,14,1973-06-01,[67467],"[6496,6497]",,
71915,15,2010-06-01,"[67468,67469]","[6498,6499,6500]",,
71916,1,1970-07-01,[67470],[],,
71917,2,1947-07-01,[67471],[],,
71918,3,1947-07-01,[67472],[],,
71919,4,1947-07-01,[67473],[],,
71920,7,1970-07-01,[67474],"[6501,6502]",,
71921,14,1973-07-01,[67475],"[6503,6504]",,
71922,15,2010-07-01,"[67476,67477]","[6505,6506,6507]",,
71923,1,1970-08-01,[67478],[],,
71924,2,1947-08-01,[67479],[],,
71925,3,1947-08-01,[67480],[],,
71926,4,1947-08-01,[67481],[],,
71927,7,1970-08-01,[67482],"[6508,6509]",,
71928,14,1973-08-01,[67483],"[6510,6511]",,
71929,15,2010-08-01,"[67484,67485]","[6512,6513,6514]",,
71930,1,1970-09-01,[67486],[],,
71931,2,1947-09-01,[67487],[],,
71932,3,1947-09-01,[67488],[],,
71933,4,1947-09-01,[67489],[],,
71934,7,1970-09-01,[67490],"[6515,6516]",,
71935,14,1973-09-01,[67491],"[6517,6518]",,
71936,15,2010-09-01,"[67492,67493]","[6519,6520,6521]",,
71937,1,1970-10-01,[67494],[],,
71938,2,1947-10-01,[67495],[],,
71939,3,1947-10-01,[67496],[],,
71940,4,1947-10-01,[67497],[],,
71941,7,1970-10-01,[67498],"[6522,6523]",,
71942,14,1973-10-01,[67499],"[6524,6525]",,
71943,15,2010-10-01,"[67500,67501]","[6526,6527,6528]",,
71944,1,1970-11-01,[67502],[],,
71945,2,1947-11-01,[67503],[],,
71946,3,1947-11-01,[67504],[],,
71947,4,1947-11-01,[67505],[],,
71948,7,1970-11-01,[67506],"[6529,6530]",,
71949,14,1973-11-01,[67507],"[6531,6532]",,
71950,15,2010-11-01,"[67508,67509]","[6533,6534,6535]",,
71951,1,1970-12-01,[67510],[],,
71952,2,1947-12-01,[67511],[],,
71953,3,1947-12-01,[67512],[],,
71954,4,1947-12-01,[67513],[],,
71955,7,1970-12-01,[67514],"[6536,6537]",,
71956,14,1973-12-01,[67515],"[6538,6539]",,
71957,15,2010-12-01,"[67516,67517]","[6540,6541,6542]",,
71958,1,1971-01-01,[67518],[],,
71959,2,1948-01-01,[67519],[],,
71960,3,1948-01-01,[67520],[],,
71961,4,1948-01-01,[67521],[],,
71962,7,1971-01-01,[67522],"[6543,6544]",,
71963,14,1974-01-01,[67523],"[6545,6546]",,
71964,15,2011-01-01,"[67524,67525]","[6547,6548,6549]",,
71965,1,1971-02-01,[67526],[],,
71966,2,1948-02-01,[67527],[],,
71967,3,1948-02-01,[67528],[],,
71968,4,1948-02-01,[67529],[],,
71969,7,1971-02-01,[67530],"[6550,6551]",,
71970,14,1974-02-01,[67531],"[6552,6553]",,
71971,15,2011-02-01,"[67532,67533]","[6554,6555,6556]",,
71972,1,1971-03-01,[67534],[],,
71973,2,1948-03-01,[67535],[],,
71974,3,1948-03-01,[67536],[],,
71975,4,1948-03-01,[67537],[],,
71976,7,1971-03-01,[67538],"[6557,6558]",,
71977,14,1974-03-01,[67539],"[6559,6560]",,
71978,15,2011-03-01,"[67540,67541]","[6561,6562,6563]",,
71979,1,1971-04-01,[67542],[],,
71980,2,1948-04-01,[67543],[],,
71981,3,1948-04-01,[67544],[],,
71982,4,1948-04-01,[67545],[],,
71983,7,1971-04-01,[67546],"[6564,6565]",,
71984,14,1974-04-01,[67547],"[6566,6567]",,
71985,15,2011-04-01,"[67548,67549]","[6568,6569,6570]",,
71986,1,1971-05-01,[67550],[],,
71987,2,1948-05-01,[67551],[],,
71988,3,1948-05-01,[67552],[],,
71989,4,1948-05-01,[67553],[],,
71990,7,1971-05-01,[67554],"[6571,6572]",,
71991,14,1974-05-01,[67555],"[6573,6574]",,
71992,15,2011-05-01,"[67556,67557]","[6575,6576,6577]",,
71993,1,1971-06-01,[67558],[],,
71994,2,1948-06-01,[67559],[],,
71995,3,1948-06-01,[67560],[],,
71996,4,1948-06-01,[67561],[],,
71997,7,1971-06-01,[67562],"[6578,6579]",,
71998,14,1974-06-01,[67563],"[6580,6581]",,
71999,15,2011-06-01,"[67564,67565]","[6582,6583,6584]",,
72000,1,1971-07-01,[67566],[6585],,
72001,2,1948-07-01,[67567],[],,
72002,3,1948-07-01,[67568],[],,
72003,4,1948-07-01,[67569],[],,
72004,7,1971-07-01,[67570],"[6586,6587]",,
72005,14,1974-07-01,[67571],"[6588,6589]",,
72006,15,2011-07-01,"[67572,67573]","[6590,6591,6592]",,
72007,1,1971-08-01,[67574],[6593],,
72008,2,1948-08-01,[67575],[],,
72009,3,1948-08-01,[67576],[],,
72010,4,1948-08-01,[67577],[],,
72011,7,1971-08-01,[67578],"[6594,6595]",,
72012,14,1974-08-01,[67579],"[6596,6597]",,
72013,15,2011-08-01,"[67580,67581]","[6598,6599,6600]",,
72014,1,1971-09-01,[67582],[6601],,
72015,2,1948-09-01,[67583],[],,
72016,3,1948-09-01,[67584],[],,
72017,4,1948-09-01,[67585],[],,
72018,7,1971-09-01,[67586],"[6602,6603]",,
72019,14,1974-09-01,[67587],"[6604,6605]",,
72020,15,2011-09-01,"[67588,67589]","[6606,6607,6608]",,
72021,1,1971-10-01,[67590],[6609],,
72022,2,1948-10-01,[67591],[],,
72023,3,1948-10-01,[67592],[],,
72024,4,1948-10-01,[67593],[],,
72025,7,1971-10-01,[67594],"[6610,6611]",,
72026,14,1974-10-01,[67595],"[6612,6613]",,
72027,15,2011-10-01,"[67596,67597]","[6614,6615,6616]",,
72028,1,1971-11-01,[67598],[6617],,
72029,2,1948-11-01,[67599],[],,
72030,3,1948-11-01,[67600],[],,
72031,4,1948-11-01,[67601],[],,
72032,7,1971-11-01,[67602],"[6618,6619]",,
72033,14,1974-11-01,[67603],"[6620,6621]",,
72034,15,2011-11-01,"[67604,67605]","[6622,6623,6624]",,
72035,1,1971-12-01,[67606],[6625],,
72036,2,1948-12-01,[67607],[],,
72037,3,1948-12-01,[67608],[],,
72038,4,1948-12-01,[67609],[],,
72039,7,1971-12-01,[67610],"[6626,6627]",,
72040,14,1974-12-01,[67611],"[6628,6629]",,
72041,15,2011-12-01,"[67612,67613]","[6630,6631,6632]",,
72042,1,1972-01-01,[67614],[6633],,
72043,2,1949-01-01,[67615],[],,
72044,3,1949-01-01,[67616],[],,
72045,4,1949-01-01,[67617],[],,
72046,7,1972-01-01,[67618],"[6634,6635]",,
72047,14,1975-01-01,[67619],"[6636,6637]",,
72048,15,2012-01-01,"[67620,67621]","[6638,6639,6640]",,
72049,1,1972-02-01,[67622],[6641],,
72050,2,1949-02-01,[67623],[],,
72051,3,1949-02-01,[67624],[],,
72052,4,1949-02-01,[67625],[],,
72053,7,1972-02-01,[67626],"[6642,6643]",,
72054,14,1975-02-01,[67627],"[6644,6645]",,
72055,15,2012-02-01,"[67628,67629]","[6646,6647,6648]",,
72056,1,1972-03-01,[67630],[6649],,
72057,2,1949-03-01,[67631],[],,
72058,3,1949-03-01,[67632],[],,
72059,4,1949-03-01,[67633],[],,
72060,7,1972-03-01,[67634],"[6650,6651]",,
72061,14,1975-03-01,[67635],"[6652,6653]",,
72062,15,2012-03-01,"[67636,67637]","[6654,6655,6656]",,
72063,1,1972-04-01,[67638],[6657],,
72064,2,1949-04-01,[67639],[],,
72065,3,1949-04-01,[67640],[],,
72066,4,1949-04-01,[67641],[],,
72067,7,1972-04-01,[67642],"[6658,6659]",,
72068,14,1975-04-01,[67643],"[6660,6661]",,
72069,15,2012-04-01,"[67644,67645]","[6662,6663,6664]",,
72070,1,1972-05-01,[67646],[6665],,
72071,2,1949-05-01,[67647],[],,
72072,3,1949-05-01,[67648],[],,
72073,4,1949-05-01,[67649],[],,
72074,7,1972-05-01,[67650],"[6666,6667]",,
72075,14,1975-05-01,[67651],"[6668,6669]",,
72076,15,2012-05-01,"[67652,67653]","[6670,6671,6672]",,
72077,1,1972-06-01,[67654],[6673],,
72078,2,1949-06-01,[67655],[],,
72079,3,1949-06-01,[67656],[],,
72080,4,1949-06-01,[67657],[],,
72081,7,1972-06-01,[67658],"[6674,6675]",,
72082,14,1975-06-01,[67659],"[6676,6677]",,
72083,15,2012-06-01,"[67660,67661]","[6678,6679,6680]",,
72084,1,1972-07-01,[67662],[6681],,
72085,2,1949-07-01,[67663],[],,
72086,3,1949-07-01,[67664],[],,
72087,4,1949-07-01,[67665],[],,
72088,7,1972-07-01,[67666],"[6682,6683]",,
72089,14,1975-07-01,[67667],"[6684,6685]",,
72090,15,2012-07-01,"[67668,67669]","[6686,6687,6688]",,
72091,1,1972-08-01,[67670],[6689],,
72092,2,1949-08-01,[67671],[],,
72093,3,1949-08-01,[67672],[],,
72094,4,1949-08-01,[67673],[],,
72095,7,1972-08-01,[67674],"[6690,6691]",,
72096,14,1975-08-01,[67675],"[6692,6693]",,
72097,15,2012-08-01,"[67676,67677]","[6694,6695,6696]",,
72098,1,1972-09-01,[67678],[6697],,
72099,2,1949-09-01,[67679],[],,
72100,3,1949-09-01,[67680],[],,
72101,4,1949-09-01,[67681],[],,
72102,7,1972-09-01,[67682],"[6698,6699]",,
72103,14,1975-09-01,[67683],"[6700,6701]",,
72104,15,2012-09-01,"[67684,67685]","[6702,6703,6704]",,
72105,1,1972-10-01,[67686],[6705],,
72106,2,1949-10-01,[67687],[],,
72107,3,1949-10-01,[67688],[],,
72108,4,1949-10-01,[67689],[],,
72109,7,1972-10-01,[67690],"[6706,6707]",,
72110,14,1975-10-01,[67691],"[6708,6709]",,
72111,15,2012-10-01,"[67692,67693]","[6710,6711,6712]",,
72112,1,1972-11-01,[67694],[6713],,
72113,2,1949-11-01,[67695],[],,
72114,3,1949-11-01,[67696],[],,
72115,4,1949-11-01,[67697],[],,
72116,7,1972-11-01,[67698],"[6714,6715]",,
72117,14,1975-11-01,[67699],"[6716,6717]",,
72118,15,2012-11-01,"[67700,67701]","[6718,6719,6720]",,
72119,1,1972-12-01,[67702],[6721],,
72120,2,1949-12-01,[67703],[],,
72121,3,1949-12-01,[67704],[],,
72122,4,1949-12-01,[67705],[],,
72123,7,1972-12-01,[67706],"[6722,6723]",,
72124,14,1975-12-01,[67707],"[6724,6725]",,
72125,15,2012-12-01,"[67708,67709]","[6726,6727,6728]",,
72126,1,1973-01-01,[67710],[6729],,
72127,2,1950-01-01,[67711],[],,
72128,3,1950-01-01,[67712],[],,
72129,4,1950-01-01,[67713],[],,
72130,7,1973-01-01,[67714],"[6730,6731]",,
72131,14,1976-01-01,[67715],"[6732,6733]",,
72132,15,2013-01-01,"[67716,67717]","[6734,6735,6736]",,
72133,1,1973-02-01,[67718],[6737],,
72134,2,1950-02-01,[67719],[],,
72135,3,1950-02-01,[67720],[],,
72136,4,1950-02-01,[67721],[],,
72137,7,1973-02-01,[67722],"[6738,6739]",,
72138,14,1976-02-01,[67723],"[6740,6741]",,
72139,15,2013-02-01,"[67724,67725]","[6742,6743,6744]",,
72140,1,1973-03-01,[67726],[6745],,
72141,2,1950-03-01,[67727],[],,
72142,3,1950-03-01,[67728],[],,
72143,4,1950-03-01,[67729],[],,
72144,7,1973-03-01,[67730],"[6746,6747]",,
72145,14,1976-03-01,[67731],"[6748,6749]",,
72146,15,2013-03-01,"[67732,67733]","[6750,6751,6752]",,
72147,1,1973-04-01,[67734],[6753],,
72148,2,1950-04-01,[67735],[],,
72149,3,1950-04-01,[67736],[],,
72150,4,1950-04-01,[67737],[],,
72151,7,1973-04-01,[67738],"[6754,6755]",,
72152,14,1976-04-01,[67739],"[6756,6757]",,
72153,15,2013-04-01,"[67740,67741]","[6758,6759,6760]",,
72154,1,1973-05-01,[67742],[6761],,
72155,2,1950-05-01,[67743],[],,
72156,3,1950-05-01,[67744],[],,
72157,4,1950-05-01,[67745],[],,
72158,7,1973-05-01,[67746],"[6762,6763]",,
72159,14,1976-05-01,[67747],"[6764,6765]",,
72160,15,2013-05-01,"[67748,67749]","[6766,6767,6768]",,
72161,1,1973-06-01,[67750],[6769],,
72162,2,1950-06-01,[67751],[],,
72163,3,1950-06-01,[67752],[],,
72164,4,1950-06-01,[67753],[],,
72165,7,1973-06-01,[67754],"[6770,6771]",,
72166,14,1976-06-01,[67755],"[6772,6773]",,
72167,15,2013-06-01,"[67756,67757]","[6774,6775,6776]",,
72168,1,1973-07-01,[67758],[6777],,
72169,2,1950-07-01,[67759],[],,
72170,3,1950-07-01,[67760],[],,
72171,4,1950-07-01,[67761],[],,
72172,7,1973-07-01,[67762],"[6778,6779]",,
72173,14,1976-07-01,[67763],"[6780,6781]",,
72174,15,2013-07-01,"[67764,67765]","[6782,6783,6784]",,
72175,1,1973-08-01,[67766],[6785],,
72176,2,1950-08-01,[67767],[],,
72177,3,1950-08-01,[67768],[],,
72178,4,1950-08-01,[67769],[],,
72179,7,1973-08-01,[67770],"[6786,6787]",,
72180,14,1976-08-01,[67771],"[6788,6789]",,
72181,15,2013-08-01,"[67772,67773]","[6790,6791,6792]",,
72182,1,1973-09-01,[67774],[6793],,
72183,2,1950-09-01,[67775],[],,
72184,3,1950-09-01,[67776],[],,
72185,4,1950-09-01,[67777],[],,
72186,7,1973-09-01,[67778],"[6794,6795]",,
72187,14,1976-09-01,[67779],"[6796,6797]",,
72188,15,2013-09-01,"[67780,67781]","[6798,6799,6800]",,
72189,1,1973-10-01,[67782],[6801],,
72190,2,1950-10-01,[67783],[],,
72191,3,1950-10-01,[67784],[],,
72192,4,1950-10-01,[67785],[],,
72193,7,1973-10-01,[67786],"[6802,6803]",,
72194,14,1976-10-01,[67787],"[6804,6805]",,
72195,15,2013-10-01,"[67788,67789]","[6806,6807,6808]",,
72196,1,1973-11-01,[67790],[6809],,
72197,2,1950-11-01,[67791],[],,
72198,3,1950-11-01,[67792],[],,
72199,4,1950-11-01,[67793],[],,
72200,7,1973-11-01,[67794],"[6810,6811]",,
72201,14,1976-11-01,[67795],"[6812,6813]",,
72202,15,2013-11-01,"[67796,67797]","[6814,6815,6816]",,
72203,1,1973-12-01,[67798],[6817],,
72204,2,1950-12-01,[67799],[],,
72205,3,1950-12-01,[67800],[],,
72206,4,1950-12-01,[67801],[],,
72207,7,1973-12-01,[67802],"[6818,6819]",,
72208,14,1976-12-01,[67803],"[6820,6821]",,
72209,15,2013-12-01,"[67804,67805]","[6822,6823,6824]",,
72210,1,1974-01-01,[67806],[6825],,
72211,2,1951-01-01,[67807],[],,
72212,3,1951-01-01,[67808],[],,
72213,4,1951-01-01,[67809],[],,
72214,7,1974-01-01,[67810],"[6826,6827]",,
72215,14,1977-01-01,[67811],"[6828,6829]",,
72216,15,2014-01-01,"[67812,67813]","[6830,6831,6832]",,
72217,1,1974-02-01,[67814],[6833],,
72218,2,1951-02-01,[67815],[],,
72219,3,1951-02-01,[67816],[],,
72220,4,1951-02-01,[67817],[],,
72221,7,1974-02-01,[67818],"[6834,6835]",,
72222,14,1977-02-01,[67819],"[6836,6837]",,
72223,15,2014-02-01,"[67820,67821]","[6838,6839,6840]",,
72224,1,1974-03-01,[67822],[6841],,
72225,2,1951-03-01,[67823],[],,
72226,3,1951-03-01,[67824],[],,
72227,4,1951-03-01,[67825],[],,
72228,7,1974-03-01,[67826],"[6842,6843]",,
72229,14,1977-03-01,[67827],"[6844,6845]",,
72230,15,2014-03-01,"[67828,67829]","[6846,6847,6848]",,
72231,1,1974-04-01,[67830],[6849],,
72232,2,1951-04-01,[67831],[],,
72233,3,1951-04-01,[67832],[],,
72234,4,1951-04-01,[67833],[],,
72235,7,1974-04-01,[67834],"[6850,6851]",,
72236,14,1977-04-01,[67835],"[6852,6853]",,
72237,15,2014-04-01,"[67836,67837]","[6854,6855,6856]",,
72238,1,1974-05-01,[67838],[6857],,
72239,2,1951-05-01,[67839],[],,
72240,3,1951-05-01,[67840],[],,
72241,4,1951-05-01,[67841],[],,
72242,7,1974-05-01,[67842],"[6858,6859]",,
72243,14,1977-05-01,[67843],"[6860,6861]",,
72244,15,2014-05-01,"[67844,67845]","[6862,6863,6864]",,
72245,1,1974-06-01,[67846],[6865],,
72246,2,1951-06-01,[67847],[],,
72247,3,1951-06-01,[67848],[],,
72248,4,1951-06-01,[67849],[],,
72249,7,1974-06-01,[67850],"[6866,6867]",,
72250,14,1977-06-01,[67851],"[6868,6869]",,
72251,15,2014-06-01,"[67852,67853]","[6870,6871,6872]",,
72252,1,1974-07-01,[67854],"[6873,6874]",,
72253,2,1951-07-01,[67855],[],,
72254,3,1951-07-01,[67856],[],,
72255,4,1951-07-01,[67857],[],,
72256,7,1974-07-01,[67858],"[6875,6876]",,
72257,14,1977-07-01,[67859],"[6877,6878]",,
72258,15,2014-07-01,"[67860,67861]","[6879,6880,6881]",,
72259,1,1974-08-01,[67862],"[6882,6883]",,
72260,2,1951-08-01,[67863],[],,
72261,3,1951-08-01,[67864],[],,
72262,4,1951-08-01,[67865],[],,
72263,7,1974-08-01,[67866],"[6884,6885]",,
72264,14,1977-08-01,[67867],"[6886,6887]",,
72265,15,2014-08-01,"[67868,67869]","[6888,6889,6890]",,
72266,1,1974-09-01,[67870],"[6891,6892]",,
72267,2,1951-09-01,[67871],[],,
72268,3,1951-09-01,[67872],[],,
72269,4,1951-09-01,[67873],[],,
72270,7,1974-09-01,[67874],"[6893,6894]",,
72271,14,1977-09-01,[67875],"[6895,6896]",,
72272,15,2014-09-01,"[67876,67877]","[6897,6898,6899]",,
72273,1,1974-10-01,[67878],"[6900,6901]",,
72274,2,1951-10-01,[67879],[],,
72275,3,1951-10-01,[67880],[],,
72276,4,1951-10-01,[67881],[],,
72277,7,1974-10-01,[67882],"[6902,6903]",,
72278,14,1977-10-01,[67883],"[6904,6905]",,
72279,15,2014-10-01,"[67884,67885]","[6906,6907,6908]",,
72280,1,1974-11-01,[67886],"[6909,6910]",,
72281,2,1951-11-01,[67887],[],,
72282,3,1951-11-01,[67888],[],,
72283,4,1951-11-01,[67889],[],,
72284,7,1974-11-01,[67890],"[6911,6912]",,
72285,14,1977-11-01,[67891],"[6913,6914]",,
72286,15,2014-11-01,"[67892,67893]","[6915,6916,6917]",,
72287,1,1974-12-01,[67894],"[6918,6919]",,
72288,2,1951-12-01,[67895],[],,
72289,3,1951-12-01,[67896],[],,
72290,4,1951-12-01,[67897],[],,
72291,7,1974-12-01,[67898],"[6920,6921]",,
72292,14,1977-12-01,[67899],"[6922,6923]",,
72293,15,2014-12-01,"[67900,67901]","[6924,6925,6926]",,
72294,1,1975-01-01,[67902],"[6927,6928]",,
72295,2,1952-01-01,[67903],[],,
72296,3,1952-01-01,[67904],[],,
72297,4,1952-01-01,[67905],[],,
72298,7,1975-01-01,[67906],"[6929,6930]",,
72299,14,1978-01-01,[67907],"[6931,6932]",,
72300,15,2015-01-01,"[67908,67909]","[6933,6934,6935]",,
72301,1,1975-02-01,[67910],"[6936,6937]",,
72302,2,1952-02-01,[67911],[],,
72303,3,1952-02-01,[67912],[],,
72304,4,1952-02-01,[67913],[],,
72305,7,1975-02-01,[67914],"[6938,6939]",,
72306,14,1978-02-01,[67915],"[6940,6941]",,
72307,15,2015-02-01,"[67916,67917]","[6942,6943,6944]",,
72308,1,1975-03-01,[67918],"[6945,6946]",,
72309,2,1952-03-01,[67919],[],,
72310,3,1952-03-01,[67920],[],,
72311,4,1952-03-01,[67921],[],,
72312,7,1975-03-01,[67922],"[6947,6948]",,
72313,14,1978-03-01,[67923],"[6949,6950]",,
72314,15,2015-03-01,"[67924,67925]","[6951,6952,6953]",,
72315,1,1975-04-01,[67926],"[6954,6955]",,
72316,2,1952-04-01,[67927],[],,
72317,3,1952-04-01,[67928],[],,
72318,4,1952-04-01,[67929],[],,
72319,7,1975-04-01,[67930],"[6956,6957]",,
72320,14,1978-04-01,[67931],"[6958,6959]",,
72321,15,2015-04-01,"[67932,67933]","[6960,6961,6962]",,
72322,1,1975-05-01,[67934],"[6963,6964]",,
72323,2,1952-05-01,[67935],[],,
72324,3,1952-05-01,[67936],[],,
72325,4,1952-05-01,[67937],[],,
72326,7,1975-05-01,[67938],"[6965,6966]",,
72327,14,1978-05-01,[67939],"[6967,6968]",,
72328,15,2015-05-01,"[67940,67941]","[6969,6970,6971]",,
72329,1,1975-06-01,[67942],"[6972,6973]",,
72330,2,1952-06-01,[67943],[],,
72331,3,1952-06-01,[67944],[],,
72332,4,1952-06-01,[67945],[],,
72333,7,1975-06-01,[67946],"[6974,6975]",,
72334,14,1978-06-01,[67947],"[6976,6977]",,
72335,15,2015-06-01,"[67948,67949]","[6978,6979,6980]",,
72336,1,1975-07-01,[67950],"[6981,6982]",,
72337,2,1952-07-01,[67951],[],,
72338,3,1952-07-01,[67952],[],,
72339,4,1952-07-01,[67953],[],,
72340,7,1975-07-01,[67954],"[6983,6984]",,
72341,14,1978-07-01,[67955],"[6985,6986]",,
72342,15,2015-07-01,"[67956,67957]","[6987,6988,6989]",,
72343,1,1975-08-01,[67958],"[6990,6991]",,
72344,2,1952-08-01,[67959],[],,
72345,3,1952-08-01,[67960],[],,
72346,4,1952-08-01,[67961],[],,
72347,7,1975-08-01,[67962],"[6992,6993]",,
72348,14,1978-08-01,[67963],"[6994,6995]",,
72349,15,2015-08-01,"[67964,67965]","[6996,6997,6998]",,
72350,1,1975-09-01,[67966],"[6999,7000]",,
72351,2,1952-09-01,[67967],[],,
72352,3,1952-09-01,[67968],[],,
72353,4,1952-09-01,[67969],[],,
72354,7,1975-09-01,[67970],"[7001,7002]",,
72355,14,1978-09-01,[67971],"[7003,7004]",,
72356,15,2015-09-01,"[67972,67973]","[7005,7006,7007]",,
72357,1,1975-10-01,[67974],"[7008,7009]",,
72358,2,1952-10-01,[67975],[],,
72359,3,1952-10-01,[67976],[],,
72360,4,1952-10-01,[67977],[],,
72361,7,1975-10-01,[67978],"[7010,7011]",,
72362,14,1978-10-01,[67979],"[7012,7013]",,
72363,15,2015-10-01,"[67980,67981]","[7014,7015,7016]",,
72364,1,1975-11-01,[67982],"[7017,7018]",,
72365,2,1952-11-01,[67983],[],,
72366,3,1952-11-01,[67984],[],,
72367,4,1952-11-01,[67985],[],,
72368,7,1975-11-01,[67986],"[7019,7020]",,
72369,14,1978-11-01,[67987],"[7021,7022]",,
72370,15,2015-11-01,"[67988,67989]","[7023,7024,7025]",,
72371,1,1975-12-01,[67990],"[7026,7027]",,
72372,2,1952-12-01,[67991],[],,
72373,3,1952-12-01,[67992],[],,
72374,4,1952-12-01,[67993],[],,
72375,7,1975-12-01,[67994],"[7028,7029]",,
72376,14,1978-12-01,[67995],"[7030,7031]",,
72377,15,2015-12-01,"[67996,67997]","[7032,7033,7034]",,
72378,1,1976-01-01,[67998],"[7035,7036]",,
72379,2,1953-01-01,[67999],[],,
72380,3,1953-01-01,[68000],[],,
72381,4,1953-01-01,[68001],[],,
72382,7,1976-01-01,[68002],"[7037,7038]",,
72383,14,1979-01-01,[68003],"[7039,7040]",,
72384,15,2016-01-01,"[68004,68005]","[7041,7042,7043]",,
72385,1,1976-02-01,[68006],"[7044,7045]",,
72386,2,1953-02-01,[68007],[],,
72387,3,1953-02-01,[68008],[],,
72388,4,1953-02-01,[68009],[],,
72389,7,1976-02-01,[68010],"[7046,7047]",,
72390,14,1979-02-01,[68011],"[7048,7049]",,
72391,15,2016-02-01,"[68012,68013]","[7050,7051,7052]",,
72392,1,1976-03-01,[68014],"[7053,7054]",,
72393,2,1953-03-01,[68015],[],,
72394,3,1953-03-01,[68016],[],,
72395,4,1953-03-01,[68017],[],,
72396,7,1976-03-01,[68018],"[7055,7056]",,
72397,14,1979-03-01,[68019],"[7057,7058]",,
72398,15,2016-03-01,"[68020,68021]","[7059,7060,7061]",,
72399,1,1976-04-01,[68022],"[7062,7063]",,
72400,2,1953-04-01,[68023],[],,
72401,3,1953-04-01,[68024],[],,
72402,4,1953-04-01,[68025],[],,
72403,7,1976-04-01,[68026],"[7064,7065]",,
72404,14,1979-04-01,[68027],"[7066,7067]",,
72405,15,2016-04-01,"[68028,68029]","[7068,7069,7070]",,
72406,1,1976-05-01,[68030],"[7071,7072]",,
72407,2,1953-05-01,[68031],[],,
72408,3,1953-05-01,[68032],[],,
72409,4,1953-05-01,[68033],[],,
72410,7,1976-05-01,[68034],"[7073,7074]",,
72411,14,1979-05-01,[68035],"[7075,7076]",,
72412,15,2016-05-01,"[68036,68037]","[7077,7078,7079]",,
72413,1,1976-06-01,[68038],"[7080,7081]",,
72414,2,1953-06-01,[68039],[],,
72415,3,1953-06-01,[68040],[],,
72416,4,1953-06-01,[68041],[],,
72417,7,1976-06-01,[68042],"[7082,7083]",,
72418,14,1979-06-01,[68043],"[7084,7085]",,
72419,15,2016-06-01,"[68044,68045]","[7086,7087,7088]",,
72420,1,1976-07-01,[68046],"[7089,7090]",,
72421,2,1953-07-01,[68047],[],,
72422,3,1953-07-01,[68048],[],,
72423,4,1953-07-01,[68049],[],,
72424,7,1976-07-01,[68050],"[7091,7092]",,
72425,14,1979-07-01,[68051],"[7093,7094]",,
72426,15,2016-07-01,"[68052,68053]","[7095,7096,7097]",,
72427,1,1976-08-01,[68054],"[7098,7099]",,
72428,2,1953-08-01,[68055],[],,
72429,3,1953-08-01,[68056],[],,
72430,4,1953-08-01,[68057],[],,
72431,7,1976-08-01,[68058],"[7100,7101]",,
72432,14,1979-08-01,[68059],"[7102,7103]",,
72433,15,2016-08-01,"[68060,68061]","[7104,7105,7106]",,
72434,1,1976-09-01,[68062],"[7107,7108]",,
72435,2,1953-09-01,[68063],[],,
72436,3,1953-09-01,[68064],[],,
72437,4,1953-09-01,[68065],[],,
72438,7,1976-09-01,[68066],"[7109,7110]",,
72439,14,1979-09-01,[68067],"[7111,7112]",,
72440,15,2016-09-01,"[68068,68069]","[7113,7114,7115]",,
72441,1,1976-10-01,[68070],"[7116,7117]",,
72442,2,1953-10-01,[68071],[],,
72443,3,1953-10-01,[68072],[],,
72444,4,1953-10-01,[68073],[],,
72445,7,1976-10-01,[68074],"[7118,7119]",,
72446,14,1979-10-01,[68075],"[7120,7121]",,
72447,15,2016-10-01,"[68076,68077]","[7122,7123,7124]",,
72448,1,1976-11-01,[68078],"[7125,7126]",,
72449,2,1953-11-01,[68079],[],,
72450,3,1953-11-01,[68080],[],,
72451,4,1953-11-01,[68081],[],,
72452,7,1976-11-01,[68082],"[7127,7128]",,
72453,14,1979-11-01,[68083],"[7129,7130]",,
72454,15,2016-11-01,"[68084,68085]","[7131,7132,7133]",,
72455,1,1976-12-01,[68086],"[7134,7135]",,
72456,2,1953-12-01,[68087],[],,
72457,3,1953-12-01,[68088],[],,
72458,4,1953-12-01,[68089],[],,
72459,7,1976-12-01,[68090],"[7136,7137]",,
72460,14,1979-12-01,[68091],"[7138,7139]",,
72461,15,2016-12-01,"[68092,68093]","[7140,7141,7142]",,
72462,1,1977-01-01,[68094],"[7143,7144]",,
72463,2,1954-01-01,[68095],[],,
72464,3,1954-01-01,[68096],[],,
72465,4,1954-01-01,[68097],[],,
72466,7,1977-01-01,[68098],"[7145,7146]",,
72467,14,1980-01-01,[68099],"[7147,7148]",,
72468,15,2017-01-01,"[68100,68101]","[7149,7150,7151]",,
72469,1,1977-02-01,[68102],"[7152,7153]",,
72470,2,1954-02-01,[68103],[],,
72471,3,1954-02-01,[68104],[],,
72472,4,1954-02-01,[68105],[],,
72473,7,1977-02-01,[68106],"[7154,7155]",,
72474,14,1980-02-01,[68107],"[7156,7157]",,
72475,15,2017-02-01,"[68108,68109]","[7158,7159,7160]",,
72476,1,1977-03-01,[68110],"[7161,7162]",,
72477,2,1954-03-01,[68111],[],,
72478,3,1954-03-01,[68112],[],,
72479,4,1954-03-01,[68113],[],,
72480,7,1977-03-01,[68114],"[7163,7164]",,
72481,14,1980-03-01,[68115],"[7165,7166]",,
72482,15,2017-03-01,"[68116,68117]","[7167,7168,7169]",,
72483,1,1977-04-01,[68118],"[7170,7171]",,
72484,2,1954-04-01,[68119],[],,
72485,3,1954-04-01,[68120],[],,
72486,4,1954-04-01,[68121],[],,
72487,7,1977-04-01,[68122],"[7172,7173]",,
72488,14,1980-04-01,[68123],"[7174,7175]",,
72489,15,2017-04-01,"[68124,68125]","[7176,7177,7178]",,
72490,1,1977-05-01,[68126],"[7179,7180]",,
72491,2,1954-05-01,[68127],[],,
72492,3,1954-05-01,[68128],[],,
72493,4,1954-05-01,[68129],[],,
72494,7,1977-05-01,[68130],"[7181,7182]",,
72495,14,1980-05-01,[68131],"[7183,7184]",,
72496,15,2017-05-01,"[68132,68133]","[7185,7186,7187]",,
72497,1,1977-06-01,[68134],"[7188,7189]",,
72498,2,1954-06-01,[68135],[],,
72499,3,1954-06-01,[68136],[],,
72500,4,1954-06-01,[68137],[],,
72501,7,1977-06-01,[68138],"[7190,7191]",,
72502,14,1980-06-01,[68139],"[7192,7193]",,
72503,15,2017-06-01,"[68140,68141]","[7194,7195,7196]",,
72504,1,1977-07-01,[68142],"[7197,7198]",,
72505,2,1954-07-01,[68143],[],,
72506,3,1954-07-01,[68144],[],,
72507,4,1954-07-01,[68145],[],,
72508,7,1977-07-01,[68146],"[7199,7200]",,
72509,14,1980-07-01,[68147],"[7201,7202]",,
72510,15,2017-07-01,"[68148,68149]","[7203,7204,7205]",,
72511,1,1977-08-01,[68150],"[7206,7207]",,
72512,2,1954-08-01,[68151],[],,
72513,3,1954-08-01,[68152],[],,
72514,4,1954-08-01,[68153],[],,
72515,7,1977-08-01,[68154],"[7208,7209]",,
72516,14,1980-08-01,[68155],"[7210,7211]",,
72517,15,2017-08-01,"[68156,68157]","[7212,7213,7214]",,
72518,1,1977-09-01,[68158],"[7215,7216]",,
72519,2,1954-09-01,[68159],[],,
72520,3,1954-09-01,[68160],[],,
72521,4,1954-09-01,[68161],[],,
72522,7,1977-09-01,[68162],"[7217,7218]",,
72523,14,1980-09-01,[68163],"[7219,7220]",,
72524,15,2017-09-01,"[68164,68165]","[7221,7222,7223]",,
72525,1,1977-10-01,[68166],"[7224,7225]",,
72526,2,1954-10-01,[68167],[],,
72527,3,1954-10-01,[68168],[],,
72528,4,1954-10-01,[68169],[],,
72529,7,1977-10-01,[68170],"[7226,7227]",,
72530,14,1980-10-01,[68171],"[7228,7229]",,
72531,15,2017-10-01,"[68172,68173]","[7230,7231,7232]",,
72532,1,1977-11-01,[68174],"[7233,7234]",,
72533,2,1954-11-01,[68175],[],,
72534,3,1954-11-01,[68176],[],,
72535,4,1954-11-01,[68177],[],,
72536,7,1977-11-01,[68178],"[7235,7236]",,
72537,14,1980-11-01,[68179],"[7237,7238]",,
72538,15,2017-11-01,"[68180,68181]","[7239,7240,7241]",,
72539,1,1977-12-01,[68182],"[7242,7243]",,
72540,2,1954-12-01,[68183],[],,
72541,3,1954-12-01,[68184],[],,
72542,4,1954-12-01,[68185],[],,
72543,7,1977-12-01,[68186],"[7244,7245]",,
72544,14,1980-12-01,[68187],"[7246,7247]",,
72545,15,2017-12-01,"[68188,68189]","[7248,7249,7250]",,
72546,1,1978-01-01,[68190],"[7251,7252]",,
72547,2,1955-01-01,[68191],[],,
72548,3,1955-01-01,[68192],[],,
72549,4,1955-01-01,[68193],[],,
72550,7,1978-01-01,[68194],"[7253,7254]",,
72551,14,1981-01-01,[68195],"[7255,7256]",,
72552,15,2018-01-01,"[68196,68197]","[7257,7258,7259]",,
72553,1,1978-02-01,[68198],"[7260,7261]",,
72554,2,1955-02-01,[68199],[],,
72555,3,1955-02-01,[68200],[],,
72556,4,1955-02-01,[68201],[],,
72557,7,1978-02-01,[68202],"[7262,7263]",,
72558,14,1981-02-01,[68203],"[7264,7265]",,
72559,15,2018-02-01,"[68204,68205]","[7266,7267,7268]",,
72560,1,1978-03-01,[68206],"[7269,7270]",,
72561,2,1955-03-01,[68207],[],,
72562,3,1955-03-01,[68208],[],,
72563,4,1955-03-01,[68209],[],,
72564,7,1978-03-01,[68210],"[7271,7272]",,
72565,14,1981-03-01,[68211],"[7273,7274]",,
72566,15,2018-03-01,"[68212,68213]","[7275,7276,7277]",,
72567,1,1978-04-01,[68214],"[7278,7279]",,
72568,2,1955-04-01,[68215],[],,
72569,3,1955-04-01,[68216],[],,
72570,4,1955-04-01,[68217],[],,
72571,7,1978-04-01,[68218],"[7280,7281]",,
72572,14,1981-04-01,[68219],"[7282,7283]",,
72573,15,2018-04-01,"[68220,68221]","[7284,7285,7286]",,
72574,1,1978-05-01,[68222],"[7287,7288]",,
72575,2,1955-05-01,[68223],[],,
72576,3,1955-05-01,[68224],[],,
72577,4,1955-05-01,[68225],[],,
72578,7,1978-05-01,[68226],"[7289,7290]",,
72579,14,1981-05-01,[68227],"[7291,7292]",,
72580,15,2018-05-01,"[68228,68229]","[7293,7294,7295]",,
72581,1,1978-06-01,[68230],"[7296,7297]",,
72582,2,1955-06-01,[68231],[],,
72583,3,1955-06-01,[68232],[],,
72584,4,1955-06-01,[68233],[],,
72585,7,1978-06-01,[68234],"[7298,7299]",,
72586,14,1981-06-01,[68235],"[7300,7301]",,
72587,15,2018-06-01,"[68236,68237]","[7302,7303,7304]",,
72588,1,1978-07-01,[68238],"[7305,7306]",,
72589,2,1955-07-01,[68239],[],,
72590,3,1955-07-01,[68240],[],,
72591,4,1955-07-01,[68241],[],,
72592,7,1978-07-01,[68242],"[7307,7308]",,
72593,14,1981-07-01,[68243],"[7309,7310]",,
72594,15,2018-07-01,"[68244,68245]","[7311,7312,7313]",,
72595,1,1978-08-01,[68246],"[7314,7315]",,
72596,2,1955-08-01,[68247],[],,
72597,3,1955-08-01,[68248],[],,
72598,4,1955-08-01,[68249],[],,
72599,7,1978-08-01,[68250],"[7316,7317]",,
72600,14,1981-08-01,[68251],"[7318,7319]",,
72601,15,2018-08-01,"[68252,68253]","[7320,7321,7322]",,
72602,1,1978-09-01,[68254],"[7323,7324]",,
72603,2,1955-09-01,[68255],[],,
72604,3,1955-09-01,[68256],[],,
72605,4,1955-09-01,[68257],[],,
72606,7,1978-09-01,[68258],"[7325,7326]",,
72607,14,1981-09-01,[68259],"[7327,7328]",,
72608,15,2018-09-01,"[68260,68261]","[7329,7330,7331]",,
72609,1,1978-10-01,[68262],"[7332,7333]",,
72610,2,1955-10-01,[68263],[],,
72611,3,1955-10-01,[68264],[],,
72612,4,1955-10-01,[68265],[],,
72613,7,1978-10-01,[68266],"[7334,7335]",,
72614,14,1981-10-01,[68267],"[7336,7337]",,
72615,15,2018-10-01,"[68268,68269]","[7338,7339,7340]",,
72616,1,1978-11-01,[68270],"[7341,7342]",,
72617,2,1955-11-01,[68271],[],,
72618,3,1955-11-01,[68272],[],,
72619,4,1955-11-01,[68273],[],,
72620,7,1978-11-01,[68274],"[7343,7344]",,
72621,14,1981-11-01,[68275],"[7345,7346]",,
72622,15,2018-11-01,"[68276,68277]","[7347,7348,7349]",,
72623,1,1978-12-01,[68278],"[7350,7351]",,
72624,2,1955-12-01,[68279],[],,
72625,3,1955-12-01,[68280],[],,
72626,4,1955-12-01,[68281],[],,
72627,7,1978-12-01,[68282],"[7352,7353]",,
72628,14,1981-12-01,[68283],"[7354,7355]",,
72629,15,2018-12-01,"[68284,68285]","[7356,7357,7358]",,
72630,1,1979-01-01,[68286],"[7359,7360]",,
72631,2,1956-01-01,[68287],[],,
72632,3,1956-01-01,[68288],[],,
72633,4,1956-01-01,[68289],[],,
72634,7,1979-01-01,[68290],"[7361,7362]",,
72635,14,1982-01-01,[68291],"[7363,7364]",,
72636,15,2019-01-01,"[68292,68293]","[7365,7366,7367]",,
72637,1,1979-02-01,[68294],"[7368,7369]",,
72638,2,1956-02-01,[68295],[],,
72639,3,1956-02-01,[68296],[],,
72640,4,1956-02-01,[68297],[],,
72641,7,1979-02-01,[68298],"[7370,7371]",,
72642,14,1982-02-01,[68299],"[7372,7373]",,
72643,15,2019-02-01,"[68300,68301]","[7374,7375,7376]",,
72644,1,1979-03-01,[68302],"[7377,7378]",,
72645,2,1956-03-01,[68303],[],,
72646,3,1956-03-01,[68304],[],,
72647,4,1956-03-01,[68305],[],,
72648,7,1979-03-01,[68306],"[7379,7380]",,
72649,14,1982-03-01,[68307],"[7381,7382]",,
72650,15,2019-03-01,"[68308,68309]","[7383,7384,7385]",,
72651,1,1979-04-01,[68310],"[7386,7387]",,
72652,2,1956-04-01,[68311],[],,
72653,3,1956-04-01,[68312],[],,
72654,4,1956-04-01,[68313],[],,
72655,7,1979-04-01,[68314],"[7388,7389]",,
72656,14,1982-04-01,[68315],"[7390,7391]",,
72657,15,2019-04-01,"[68316,68317]","[7392,7393,7394]",,
72658,1,1979-05-01,[68318],"[7395,7396]",,
72659,2,1956-05-01,[68319],[],,
72660,3,1956-05-01,[68320],[],,
72661,4,1956-05-01,[68321],[],,
72662,7,1979-05-01,[68322],"[7397,7398]",,
72663,14,1982-05-01,[68323],"[7399,7400]",,
72664,15,2019-05-01,"[68324,68325]","[7401,7402,7403]",,
72665,1,1979-06-01,[68326],"[7404,7405]",,
72666,2,1956-06-01,[68327],[],,
72667,3,1956-06-01,[68328],[],,
72668,4,1956-06-01,[68329],[],,
72669,7,1979-06-01,[68330],"[7406,7407]",,
72670,14,1982-06-01,[68331],"[7408,7409]",,
72671,15,2019-06-01,"[68332,68333]","[7410,7411,7412]",,
72672,1,1979-07-01,[68334],"[7413,7414]",,
72673,2,1956-07-01,[68335],[],,
72674,3,1956-07-01,[68336],[],,
72675,4,1956-07-01,[68337],[],,
72676,7,1979-07-01,[68338],"[7415,7416]",,
72677,14,1982-07-01,[68339],"[7417,7418]",,
72678,15,2019-07-01,"[68340,68341]","[7419,7420,7421]",,
72679,1,1979-08-01,[68342],"[7422,7423]",,
72680,2,1956-08-01,[68343],[],,
72681,3,1956-08-01,[68344],[],,
72682,4,1956-08-01,[68345],[],,
72683,7,1979-08-01,[68346],"[7424,7425]",,
72684,14,1982-08-01,[68347],"[7426,7427]",,
72685,15,2019-08-01,"[68348,68349]","[7428,7429,7430]",,
72686,1,1979-09-01,[68350],"[7431,7432]",,
72687,2,1956-09-01,[68351],[],,
72688,3,1956-09-01,[68352],[],,
72689,4,1956-09-01,[68353],[],,
72690,7,1979-09-01,[68354],"[7433,7434]",,
72691,14,1982-09-01,[68355],"[7435,7436]",,
72692,15,2019-09-01,"[68356,68357]","[7437,7438,7439]",,
72693,1,1979-10-01,[68358],"[7440,7441]",,
72694,2,1956-10-01,[68359],[],,
72695,3,1956-10-01,[68360],[],,
72696,4,1956-10-01,[68361],[],,
72697,7,1979-10-01,[68362],"[7442,7443]",,
72698,14,1982-10-01,[68363],"[7444,7445]",,
72699,15,2019-10-01,"[68364,68365]","[7446,7447,7448]",,
72700,1,1979-11-01,[68366],"[7449,7450]",,
72701,2,1956-11-01,[68367],[],,
72702,3,1956-11-01,[68368],[],,
72703,4,1956-11-01,[68369],[],,
72704,7,1979-11-01,[68370],"[7451,7452]",,
72705,14,1982-11-01,[68371],"[7453,7454]",,
72706,15,2019-11-01,"[68372,68373]","[7455,7456,7457]",,
72707,1,1979-12-01,[68374],"[7458,7459]",,
72708,2,1956-12-01,[68375],[],,
72709,3,1956-12-01,[68376],[],,
72710,4,1956-12-01,[68377],[],,
72711,7,1979-12-01,[68378],"[7460,7461]",,
72712,14,1982-12-01,[68379],"[7462,7463]",,
72713,15,2019-12-01,"[68380,68381]","[7464,7465,7466]",,
72714,1,1980-01-01,[68382],"[7467,7468]",,
72715,2,1957-01-01,[68383],[],,
72716,3,1957-01-01,[68384],[],,
72717,4,1957-01-01,[68385],[],,
72718,7,1980-01-01,[68386],"[7469,7470]",,
72719,14,1983-01-01,[68387],"[7471,7472]",,
72720,15,2020-01-01,"[68388,68389]","[7473,7474,7475]",,
72721,1,1980-02-01,[68390],"[7476,7477]",,
72722,2,1957-02-01,[68391],[],,
72723,3,1957-02-01,[68392],[],,
72724,4,1957-02-01,[68393],[],,
72725,7,1980-02-01,[68394],"[7478,7479]",,
72726,14,1983-02-01,[68395],"[7480,7481]",,
72727,15,2020-02-01,"[68396,68397]","[7482,7483,7484]",,
72728,1,1980-03-01,[68398],"[7485,7486]",,
72729,2,1957-03-01,[68399],[],,
72730,3,1957-03-01,[68400],[],,
72731,4,1957-03-01,[68401],[],,
72732,7,1980-03-01,[68402],"[7487,7488]",,
72733,14,1983-03-01,[68403],"[7489,7490]",,
72734,15,2020-03-01,"[68404,68405]","[7491,7492,7493]",,
72735,1,1980-04-01,[68406],"[7494,7495]",,
72736,2,1957-04-01,[68407],[],,
72737,3,1957-04-01,[68408],[],,
72738,4,1957-04-01,[68409],[],,
72739,7,1980-04-01,[68410],"[7496,7497]",,
72740,14,1983-04-01,[68411],"[7498,7499]",,
72741,15,2020-04-01,"[68412,68413]","[7500,7501,7502]",,
72742,1,1980-05-01,[68414],"[7503,7504]",,
72743,2,1957-05-01,[68415],[],,
72744,3,1957-05-01,[68416],[],,
72745,4,1957-05-01,[68417],[],,
72746,7,1980-05-01,[68418],"[7505,7506]",,
72747,14,1983-05-01,[68419],"[7507,7508]",,
72748,15,2020-05-01,"[68420,68421]","[7509,7510,7511]",,
72749,1,1980-06-01,[68422],"[7512,7513]",,
72750,2,1957-06-01,[68423],[],,
72751,3,1957-06-01,[68424],[],,
72752,4,1957-06-01,[68425],[],,
72753,7,1980-06-01,[68426],"[7514,7515]",,
72754,14,1983-06-01,[68427],"[7516,7517]",,
72755,15,2020-06-01,"[68428,68429]","[7518,7519,7520]",,
72756,1,1980-07-01,"[68430,68431]","[7521,7522,7523]",,
72757,2,1957-07-01,[68432],[],,
72758,3,1957-07-01,[68433],[],,
72759,4,1957-07-01,[68434],[],,
72760,7,1980-07-01,[68435],"[7524,7525]",,
72761,14,1983-07-01,[68436],"[7526,7527]",,
72762,15,2020-07-01,"[68437,68438]","[7528,7529,7530,7531]",,
72763,1,1980-08-01,"[68439,68440]","[7532,7533,7534]",,
72764,2,1957-08-01,[68441],[],,
72765,3,1957-08-01,[68442],[],,
72766,4,1957-08-01,[68443],[],,
72767,7,1980-08-01,[68444],"[7535,7536]",,
72768,14,1983-08-01,[68445],"[7537,7538]",,
72769,15,2020-08-01,"[68446,68447]","[7539,7540,7541,7542]",,
72770,1,1980-09-01,"[68448,68449]","[7543,7544,7545]",,
72771,2,1957-09-01,[68450],[],,
72772,3,1957-09-01,[68451],[],,
72773,4,1957-09-01,[68452],[],,
72774,7,1980-09-01,[68453],"[7546,7547]",,
72775,14,1983-09-01,[68454],"[7548,7549]",,
72776,15,2020-09-01,"[68455,68456]","[7550,7551,7552,7553]",,
72777,1,1980-10-01,"[68457,68458]","[7554,7555,7556]",,
72778,2,1957-10-01,[68459],[],,
72779,3,1957-10-01,[68460],[],,
72780,4,1957-10-01,[68461],[],,
72781,7,1980-10-01,[68462],"[7557,7558]",,
72782,14,1983-10-01,[68463],"[7559,7560]",,
72783,15,2020-10-01,"[68464,68465]","[7561,7562,7563,7564]",,
72784,1,1980-11-01,"[68466,68467]","[7565,7566,7567]",,
72785,2,1957-11-01,[68468],[],,
72786,3,1957-11-01,[68469],[],,
72787,4,1957-11-01,[68470],[],,
72788,7,1980-11-01,[68471],"[7568,7569]",,
72789,14,1983-11-01,[68472],"[7570,7571]",,
72790,15,2020-11-01,"[68473,68474]","[7572,7573,7574,7575]",,
72791,1,1980-12-01,"[68475,68476]","[7576,7577,7578]",,
72792,2,1957-12-01,[68477],[],,
72793,3,1957-12-01,[68478],[],,
72794,4,1957-12-01,[68479],[],,
72795,7,1980-12-01,[68480],"[7579,7580]",,
72796,14,1983-12-01,[68481],"[7581,7582]",,
72797,15,2020-12-01,"[68482,68483]","[7583,7584,7585,7586]",,
72798,1,1981-01-01,"[68484,68485]","[7587,7588,7589]",,
72799,2,1958-01-01,[68486],[],,
72800,3,1958-01-01,[68487],[],,
72801,4,1958-01-01,[68488],[],,
72802,7,1981-01-01,[68489],"[7590,7591]",,
72803,14,1984-01-01,[68490],"[7592,7593]",,
72804,15,2021-01-01,"[68491,68492]","[7594,7595,7596,7597]",,
72805,1,1981-02-01,"[68493,68494]","[7598,7599,7600]",,
72806,2,1958-02-01,[68495],[],,
72807,3,1958-02-01,[68496],[],,
72808,4,1958-02-01,[68497],[],,
72809,7,1981-02-01,[68498],"[7601,7602]",,
72810,14,1984-02-01,[68499],"[7603,7604]",,
72811,15,2021-02-01,"[68500,68501]","[7605,7606,7607,7608]",,
72812,1,1981-03-01,"[68502,68503]","[7609,7610,7611]",,
72813,2,1958-03-01,[68504],[],,
72814,3,1958-03-01,[68505],[],,
72815,4,1958-03-01,[68506],[],,
72816,7,1981-03-01,[68507],"[7612,7613]",,
72817,14,1984-03-01,[68508],"[7614,7615]",,
72818,15,2021-03-01,"[68509,68510]","[7616,7617,7618,7619]",,
72819,1,1981-04-01,"[68511,68512]","[7620,7621,7622]",,
72820,2,1958-04-01,[68513],[],,
72821,3,1958-04-01,[68514],[],,
72822,4,1958-04-01,[68515],[],,
72823,7,1981-04-01,[68516],"[7623,7624]",,
72824,14,1984-04-01,[68517],"[7625,7626]",,
72825,15,2021-04-01,"[68518,68519]","[7627,7628,7629,7630]",,
72826,1,1981-05-01,"[68520,68521]","[7631,7632,7633]",,
72827,2,1958-05-01,[68522],[],,
72828,3,1958-05-01,[68523],[],,
72829,4,1958-05-01,[68524],[],,
72830,7,1981-05-01,[68525],"[7634,7635]",,
72831,14,1984-05-01,[68526],"[7636,7637]",,
72832,15,2021-05-01,"[68527,68528]","[7638,7639,7640,7641]",,
72833,1,1981-06-01,"[68529,68530]","[7642,7643,7644]",,
72834,2,1958-06-01,[68531],[],,
72835,3,1958-06-01,[68532],[],,
72836,4,1958-06-01,[68533],[],,
72837,7,1981-06-01,[68534],"[7645,7646]",,
72838,14,1984-06-01,[68535],"[7647,7648]",,
72839,15,2021-06-01,"[68536,68537]","[7649,7650,7651,7652]",,
72840,1,1981-07-01,"[68538,68539]","[7653,7654,7655]",,
72841,2,1958-07-01,[68540],[],,
72842,3,1958-07-01,[68541],[],,
72843,4,1958-07-01,[68542],[],,
72844,7,1981-07-01,[68543],"[7656,7657]",,
72845,14,1984-07-01,[68544],"[7658,7659]",,
72846,15,2021-07-01,"[68545,68546]","[7660,7661,7662,7663]",,
72847,1,1981-08-01,"[68547,68548]","[7664,7665,7666]",,
72848,2,1958-08-01,[68549],[],,
72849,3,1958-08-01,[68550],[],,
72850,4,1958-08-01,[68551],[],,
72851,7,1981-08-01,[68552],"[7667,7668]",,
72852,14,1984-08-01,[68553],"[7669,7670]",,
72853,15,2021-08-01,"[68554,68555]","[7671,7672,7673,7674]",,
72854,1,1981-09-01,"[68556,68557]","[7675,7676,7677]",,
72855,2,1958-09-01,[68558],[],,
72856,3,1958-09-01,[68559],[],,
72857,4,1958-09-01,[68560],[],,
72858,7,1981-09-01,[68561],"[7678,7679]",,
72859,14,1984-09-01,[68562],"[7680,7681]",,
72860,15,2021-09-01,"[68563,68564]","[7682,7683,7684,7685]",,
72861,1,1981-10-01,"[68565,68566]","[7686,7687,7688]",,
72862,2,1958-10-01,[68567],[],,
72863,3,1958-10-01,[68568],[],,
72864,4,1958-10-01,[68569],[],,
72865,7,1981-10-01,[68570],"[7689,7690]",,
72866,14,1984-10-01,[68571],"[7691,7692]",,
72867,15,2021-10-01,"[68572,68573]","[7693,7694,7695,7696]",,
72868,1,1981-11-01,"[68574,68575]","[7697,7698,7699]",,
72869,2,1958-11-01,[68576],[],,
72870,3,1958-11-01,[68577],[],,
72871,4,1958-11-01,[68578],[],,
72872,7,1981-11-01,[68579],"[7700,7701]",,
72873,14,1984-11-01,[68580],"[7702,7703]",,
72874,15,2021-11-01,"[68581,68582]","[7704,7705,7706,7707]",,
72875,1,1981-12-01,"[68583,68584]","[7708,7709,7710]",,
72876,2,1958-12-01,[68585],[],,
72877,3,1958-12-01,[68586],[],,
72878,4,1958-12-01,[68587],[],,
72879,7,1981-12-01,[68588],"[7711,7712]",,
72880,14,1984-12-01,[68589],"[7713,7714]",,
72881,15,2021-12-01,"[68590,68591]","[7715,7716,7717,7718]",,
72882,1,1982-01-01,"[68592,68593]","[7719,7720,7721]",,
72883,2,1959-01-01,[68594],[],,
72884,3,1959-01-01,[68595],[],,
72885,4,1959-01-01,[68596],[],,
72886,7,1982-01-01,[68597],"[7722,7723]",,
72887,14,1985-01-01,[68598],"[7724,7725]",,
72888,15,2022-01-01,"[68599,68600]","[7726,7727,7728,7729]",,
72889,1,1982-02-01,"[68601,68602]","[7730,7731,7732]",,
72890,2,1959-02-01,[68603],[],,
72891,3,1959-02-01,[68604],[],,
72892,4,1959-02-01,[68605],[],,
72893,7,1982-02-01,[68606],"[7733,7734]",,
72894,14,1985-02-01,[68607],"[7735,7736]",,
72895,15,2022-02-01,"[68608,68609]","[7737,7738,7739,7740]",,
72896,1,1982-03-01,"[68610,68611]","[7741,7742,7743]",,
72897,2,1959-03-01,[68612],[],,
72898,3,1959-03-01,[68613],[],,
72899,4,1959-03-01,[68614],[],,
72900,7,1982-03-01,[68615],"[7744,7745]",,
72901,14,1985-03-01,[68616],"[7746,7747]",,
72902,15,2022-03-01,"[68617,68618]","[7748,7749,7750,7751]",,
72903,1,1982-04-01,"[68619,68620]","[7752,7753,7754]",,
72904,2,1959-04-01,[68621],[],,
72905,3,1959-04-01,[68622],[],,
72906,4,1959-04-01,[68623],[],,
72907,7,1982-04-01,[68624],"[7755,7756]",,
72908,14,1985-04-01,[68625],"[7757,7758]",,
72909,15,2022-04-01,"[68626,68627]","[7759,7760,7761,7762]",,
72910,1,1982-05-01,"[68628,68629]","[7763,7764,7765]",,
72911,2,1959-05-01,[68630],[],,
72912,3,1959-05-01,[68631],[],,
72913,4,1959-05-01,[68632],[],,
72914,7,1982-05-01,[68633],"[7766,7767]",,
72915,14,1985-05-01,[68634],"[7768,7769]",,
72916,15,2022-05-01,"[68635,68636]","[7770,7771,7772,7773]",,
72917,1,1982-06-01,"[68637,68638]","[7774,7775,7776]",,
72918,2,1959-06-01,[68639],[],,
72919,3,1959-06-01,[68640],[],,
72920,4,1959-06-01,[68641],[],,
72921,7,1982-06-01,[68642],"[7777,7778]",,
72922,14,1985-06-01,[68643],"[7779,7780]",,
72923,15,2022-06-01,"[68644,68645]","[7781,7782,7783,7784]",,
72924,1,1982-07-01,"[68646,68647]","[7785,7786,7787]",,
72925,2,1959-07-01,[68648],[],,
72926,3,1959-07-01,[68649],[],,
72927,4,1959-07-01,[68650],[],,
72928,7,1982-07-01,[68651],"[7788,7789]",,
72929,14,1985-07-01,[68652],"[7790,7791]",,
72930,15,2022-07-01,"[68653,68654]","[7792,7793,7794,7795]",,
72931,1,1982-08-01,"[68655,68656]","[7796,7797,7798]",,
72932,2,1959-08-01,[68657],[],,
72933,3,1959-08-01,[68658],[],,
72934,4,1959-08-01,[68659],[],,
72935,7,1982-08-01,[68660],"[7799,7800]",,
72936,14,1985-08-01,[68661],"[7801,7802]",,
72937,15,2022-08-01,"[68662,68663]","[7803,7804,7805,7806]",,
72938,1,1982-09-01,"[68664,68665]","[7807,7808,7809]",,
72939,2,1959-09-01,[68666],[],,
72940,3,1959-09-01,[68667],[],,
72941,4,1959-09-01,[68668],[],,
72942,7,1982-09-01,[68669],"[7810,7811]",,
72943,14,1985-09-01,[68670],"[7812,7813]",,
72944,15,2022-09-01,"[68671,68672]","[7814,7815,7816,7817]",,
72945,1,1982-10-01,"[68673,68674]","[7818,7819,7820]",,
72946,2,1959-10-01,[68675],[],,
72947,3,1959-10-01,[68676],[],,
72948,4,1959-10-01,[68677],[],,
72949,7,1982-10-01,[68678],"[7821,7822]",,
72950,14,1985-10-01,[68679],"[7823,7824]",,
72951,15,2022-10-01,"[68680,68681]","[7825,7826,7827,7828]",,
72952,1,1982-11-01,"[68682,68683]","[7829,7830,7831]",,
72953,2,1959-11-01,[68684],[],,
72954,3,1959-11-01,[68685],[],,
72955,4,1959-11-01,[68686],[],,
72956,7,1982-11-01,[68687],"[7832,7833]",,
72957,14,1985-11-01,[68688],"[7834,7835]",,
72958,15,2022-11-01,"[68689,68690]","[7836,7837,7838,7839]",,
72959,1,1982-12-01,"[68691,68692]","[7840,7841,7842]",,
72960,2,1959-12-01,[68693],[],,
72961,3,1959-12-01,[68694],[],,
72962,4,1959-12-01,[68695],[],,
72963,7,1982-12-01,[68696],"[7843,7844]",,
72964,14,1985-12-01,[68697],"[7845,7846]",,
72965,15,2022-12-01,"[68698,68699]","[7847,7848,7849,7850]",,
72966,1,1983-01-01,"[68700,68701]","[7851,7852,7853]",,
72967,2,1960-01-01,[68702],[],,
72968,3,1960-01-01,[68703],[],,
72969,4,1960-01-01,[68704],[],,
72970,7,1983-01-01,[68705],"[7854,7855]",,
72971,14,1986-01-01,[68706],"[7856,7857]",,
72972,15,2023-01-01,"[68707,68708]","[7858,7859,7860,7861]",,
72973,1,1983-02-01,"[68709,68710]","[7862,7863,7864]",,
72974,2,1960-02-01,[68711],[],,
72975,3,1960-02-01,[68712],[],,
72976,4,1960-02-01,[68713],[],,
72977,7,1983-02-01,[68714],"[7865,7866]",,
72978,14,1986-02-01,[68715],"[7867,7868]",,
72979,15,2023-02-01,"[68716,68717]","[7869,7870,7871,7872]",,
72980,1,1983-03-01,"[68718,68719]","[7873,7874,7875]",,
72981,2,1960-03-01,[68720],[],,
72982,3,1960-03-01,[68721],[],,
72983,4,1960-03-01,[68722],[],,
72984,7,1983-03-01,[68723],"[7876,7877]",,
72985,14,1986-03-01,[68724],"[7878,7879]",,
72986,15,2023-03-01,"[68725,68726]","[7880,7881,7882,7883]",,
72987,1,1983-04-01,"[68727,68728]","[7884,7885,7886]",,
72988,2,1960-04-01,[68729],[],,
72989,3,1960-04-01,[68730],[],,
72990,4,1960-04-01,[68731],[],,
72991,7,1983-04-01,[68732],"[7887,7888]",,
72992,14,1986-04-01,[68733],"[7889,7890]",,
72993,15,2023-04-01,"[68734,68735]","[7891,7892,7893,7894]",,
72994,1,1983-05-01,"[68736,68737]","[7895,7896,7897]",,
72995,2,1960-05-01,[68738],[],,
72996,3,1960-05-01,[68739],[],,
72997,4,1960-05-01,[68740],[],,
72998,7,1983-05-01,[68741],"[7898,7899]",,
72999,14,1986-05-01,[68742],"[7900,7901]",,
73000,15,2023-05-01,"[68743,68744]","[7902,7903,7904,7905]",,
73001,1,1983-06-01,"[68745,68746]","[7906,7907,7908]",,
73002,2,1960-06-01,[68747],[],,
73003,3,1960-06-01,[68748],[],,
73004,4,1960-06-01,[68749],[],,
73005,7,1983-06-01,[68750],"[7909,7910]",,
73006,14,1986-06-01,[68751],"[7911,7912]",,
73007,15,2023-06-01,"[68752,68753]","[7913,7914,7915,7916]",,
73008,1,1983-07-01,"[68754,68755]","[7917,7918,7919]",,
73009,2,1960-07-01,[68756],[],,
73010,3,1960-07-01,[68757],[],,
73011,4,1960-07-01,[68758],[],,
73012,7,1983-07-01,[68759],"[7920,7921]",,
73013,14,1986-07-01,[68760],"[7922,7923]",,
73014,15,2023-07-01,"[68761,68762]","[7924,7925,7926,7927]",,
73015,1,1983-08-01,"[68763,68764]","[7928,7929,7930]",,
73016,2,1960-08-01,[68765],[],,
73017,3,1960-08-01,[68766],[],,
73018,4,1960-08-01,[68767],[],,
73019,7,1983-08-01,[68768],"[7931,7932]",,
73020,14,1986-08-01,[68769],"[7933,7934]",,
73021,15,2023-08-01,"[68770,68771]","[7935,7936,7937,7938]",,
73022,1,1983-09-01,"[68772,68773]","[7939,7940,7941]",,
73023,2,1960-09-01,[68774],[],,
73024,3,1960-09-01,[68775],[],,
73025,4,1960-09-01,[68776],[],,
73026,7,1983-09-01,[68777],"[7942,7943]",,
73027,14,1986-09-01,[68778],"[7944,7945]",,
73028,15,2023-09-01,"[68779,68780]","[7946,7947,7948,7949]",,
73029,1,1983-10-01,"[68781,68782]","[7950,7951,7952]",,
73030,2,1960-10-01,[68783],[],,
73031,3,1960-10-01,[68784],[],,
73032,4,1960-10-01,[68785],[],,
73033,7,1983-10-01,[68786],"[7953,7954]",,
73034,14,1986-10-01,[68787],"[7955,7956]",,
73035,15,2023-10-01,"[68788,68789]","[7957,7958,7959,7960]",,
73036,1,1983-11-01,"[68790,68791]","[7961,7962,7963]",,
73037,2,1960-11-01,[68792],[],,
73038,3,1960-11-01,[68793],[],,
73039,4,1960-11-01,[68794],[],,
73040,7,1983-11-01,[68795],"[7964,7965]",,
73041,14,1986-11-01,[68796],"[7966,7967]",,
73042,15,2023-11-01,"[68797,68798]","[7968,7969,7970,7971]",,
73043,1,1983-12-01,"[68799,68800]","[7972,7973,7974]",,
73044,2,1960-12-01,[68801],[],,
73045,3,1960-12-01,[68802],[],,
73046,4,1960-12-01,[68803],[],,
73047,7,1983-12-01,[68804],"[7975,7976]",,
73048,14,1986-12-01,[68805],"[7977,7978]",,
73049,15,2023-12-01,"[68806,68807]","[7979,7980,7981,7982]",,
73050,1,1984-01-01,"[68808,68809]","[7983,7984,7985]",,
73051,2,1961-01-01,[68810],[],,
73052,3,1961-01-01,[68811],[],,
73053,4,1961-01-01,[68812],[],,
73054,7,1984-01-01,[68813],"[7986,7987]",,
73055,14,1987-01-01,[68814],"[7988,7989]",,
73056,15,2024-01-01,"[68815,68816]","[7990,7991,7992,7993]",,
73057,1,1984-02-01,"[68817,68818]","[7994,7995,7996]",,
73058,2,1961-02-01,[68819],[],,
73059,3,1961-02-01,[68820],[],,
73060,4,1961-02-01,[68821],[],,
73061,7,1984-02-01,[68822],"[7997,7998]",,
73062,14,1987-02-01,[68823],"[7999,8000]",,
73063,15,2024-02-01,"[68824,68825]","[8001,8002,8003,8004]",,
73064,1,1984-03-01,"[68826,68827]","[8005,8006,8007]",,
73065,2,1961-03-01,[68828],[],,
73066,3,1961-03-01,[68829],[],,
73067,4,1961-03-01,[68830],[],,
73068,7,1984-03-01,[68831],"[8008,8009]",,
73069,14,1987-03-01,[68832],"[8010,8011]",,
73070,15,2024-03-01,"[68833,68834]","[8012,8013,8014,8015]",,
73071,1,1984-04-01,"[68835,68836]","[8016,8017,8018]",,
73072,2,1961-04-01,[68837],[],,
73073,3,1961-04-01,[68838],[],,
73074,4,1961-04-01,[68839],[],,
73075,7,1984-04-01,[68840],"[8019,8020]",,
73076,14,1987-04-01,[68841],"[8021,8022]",,
73077,15,2024-04-01,"[68842,68843]","[8023,8024,8025,8026]",,
73078,1,1984-05-01,"[68844,68845]","[8027,8028,8029]",,
73079,2,1961-05-01,[68846],[],,
73080,3,1961-05-01,[68847],[],,
73081,4,1961-05-01,[68848],[],,
73082,7,1984-05-01,[68849],"[8030,8031]",,
73083,14,1987-05-01,[68850],"[8032,8033]",,
73084,15,2024-05-01,"[68851,68852]","[8034,8035,8036,8037]",,
73085,1,1984-06-01,"[68853,68854]","[8038,8039,8040]",,
73086,2,1961-06-01,[68855],[],,
73087,3,1961-06-01,[68856],[],,
73088,4,1961-06-01,[68857],[],,
73089,7,1984-06-01,[68858],"[8041,8042]",,
73090,14,1987-06-01,[68859],"[8043,8044]",,
73091,15,2024-06-01,"[68860,68861]","[8045,8046,8047,8048]",,
73092,1,1984-07-01,"[68862,68863]","[8049,8050,8051]",,
73093,2,1961-07-01,[68864],[],,
73094,3,1961-07-01,[68865],[],,
73095,4,1961-07-01,[68866],[],,
73096,7,1984-07-01,[68867],"[8052,8053]",,
73097,14,1987-07-01,[68868],"[8054,8055]",,
73098,15,2024-07-01,"[68869,68870]","[8056,8057,8058,8059]",,
73099,1,1984-08-01,"[68871,68872]","[8060,8061,8062]",,
73100,2,1961-08-01,[68873],[],,
73101,3,1961-08-01,[68874],[],,
73102,4,1961-08-01,[68875],[],,
73103,7,1984-08-01,[68876],"[8063,8064]",,
73104,14,1987-08-01,[68877],"[8065,8066]",,
73105,15,2024-08-01,"[68878,68879]","[8067,8068,8069,8070]",,
73106,1,1984-09-01,"[68880,68881]","[8071,8072,8073]",,
73107,2,1961-09-01,[68882],[],,
73108,3,1961-09-01,[68883],[],,
73109,4,1961-09-01,[68884],[],,
73110,7,1984-09-01,[68885],"[8074,8075]",,
73111,14,1987-09-01,[68886],"[8076,8077]",,
73112,15,2024-09-01,"[68887,68888]","[8078,8079,8080,8081]",,
73113,1,1984-10-01,"[68889,68890]","[8082,8083,8084]",,
73114,2,1961-10-01,[68891],[],,
73115,3,1961-10-01,[68892],[],,
73116,4,1961-10-01,[68893],[],,
73117,7,1984-10-01,[68894],"[8085,8086]",,
73118,14,1987-10-01,[68895],"[8087,8088]",,
73119,15,2024-10-01,"[68896,68897]","[8089,8090,8091,8092]",,
73120,1,1984-11-01,"[68898,68899]","[8093,8094,8095]",,
73121,2,1961-11-01,[68900],[],,
73122,3,1961-11-01,[68901],[],,
73123,4,1961-11-01,[68902],[],,
73124,7,1984-11-01,[68903],"[8096,8097]",,
73125,14,1987-11-01,[68904],"[8098,8099]",,
73126,15,2024-11-01,"[68905,68906]","[8100,8101,8102,8103]",,
73127,1,1984-12-01,"[68907,68908]","[8104,8105,8106]",,
73128,2,1961-12-01,[68909],[],,
73129,3,1961-12-01,[68910],[],,
73130,4,1961-12-01,[68911],[],,
73131,7,1984-12-01,[68912],"[8107,8108]",,
73132,14,1987-12-01,[68913],"[8109,8110]",,
73133,15,2024-12-01,"[68914,68915]","[8111,8112,8113,8114]",,
73134,1,1985-01-01,"[68916,68917]","[8115,8116,8117]",,
73135,2,1962-01-01,[68918],[],,
73136,3,1962-01-01,[68919],[],,
73137,4,1962-01-01,[68920],[],,
73138,7,1985-01-01,[68921],"[8118,8119]",,
73139,14,1988-01-01,[68922],"[8120,8121]",,
73140,15,2025-01-01,"[68923,68924]","[8122,8123,8124,8125]",,
73141,1,1985-02-01,"[68925,68926]","[8126,8127,8128]",,
73142,2,1962-02-01,[68927],[],,
73143,3,1962-02-01,[68928],[],,
73144,4,1962-02-01,[68929],[],,
73145,7,1985-02-01,[68930],"[8129,8130]",,
73146,14,1988-02-01,[68931],"[8131,8132]",,
73147,15,2025-02-01,"[68932,68933]","[8133,8134,8135,8136]",,
73148,1,1985-03-01,"[68934,68935]","[8137,8138,8139]",,
73149,2,1962-03-01,[68936],[],,
73150,3,1962-03-01,[68937],[],,
73151,4,1962-03-01,[68938],[],,
73152,7,1985-03-01,[68939],"[8140,8141]",,
73153,14,1988-03-01,[68940],"[8142,8143]",,
73154,15,2025-03-01,"[68941,68942]","[8144,8145,8146,8147]",,
73155,1,1985-04-01,"[68943,68944]","[8148,8149,8150]",,
73156,2,1962-04-01,[68945],[],,
73157,3,1962-04-01,[68946],[],,
73158,4,1962-04-01,[68947],[],,
73159,7,1985-04-01,[68948],"[8151,8152]",,
73160,14,1988-04-01,[68949],"[8153,8154]",,
73161,15,2025-04-01,"[68950,68951]","[8155,8156,8157,8158]",,
73162,1,1985-05-01,"[68952,68953]","[8159,8160,8161]",,
73163,2,1962-05-01,[68954],[],,
73164,3,1962-05-01,[68955],[],,
73165,4,1962-05-01,[68956],[],,
73166,7,1985-05-01,[68957],"[8162,8163]",,
73167,14,1988-05-01,[68958],"[8164,8165]",,
73168,15,2025-05-01,"[68959,68960]","[8166,8167,8168,8169]",,
73169,1,1985-06-01,"[68961,68962]","[8170,8171,8172]",,
73170,2,1962-06-01,[68963],[],,
73171,3,1962-06-01,[68964],[],,
73172,4,1962-06-01,[68965],[],,
73173,7,1985-06-01,[68966],"[8173,8174]",,
73174,14,1988-06-01,[68967],"[8175,8176]",,
73175,15,2025-06-01,"[68968,68969]","[8177,8178,8179,8180]",,
73176,1,1985-07-01,"[68970,68971]","[8181,8182,8183]",,
73177,2,1962-07-01,[68972],[],,
73178,3,1962-07-01,[68973],[],,
73179,4,1962-07-01,[68974],[],,
73180,7,1985-07-01,[68975],"[8184,8185]",,
73181,14,1988-07-01,[68976],"[8186,8187]",,
73182,15,2025-07-01,"[68977,68978]","[8188,8189,8190,8191]",,
73183,1,1985-08-01,"[68979,68980]","[8192,8193,8194]",,
73184,2,1962-08-01,[68981],[],,
73185,3,1962-08-01,[68982],[],,
73186,4,1962-08-01,[68983],[],,
73187,7,1985-08-01,[68984],"[8195,8196]",,
73188,14,1988-08-01,[68985],"[8197,8198]",,
73189,15,2025-08-01,"[68986,68987]","[8199,8200,8201,8202]",,
73190,1,1985-09-01,"[68988,68989]","[8203,8204,8205]",,
73191,2,1962-09-01,[68990],[],,
73192,3,1962-09-01,[68991],[],,
73193,4,1962-09-01,[68992],[],,
73194,7,1985-09-01,[68993],"[8206,8207]",,
73195,14,1988-09-01,[68994],"[8208,8209]",,
73196,15,2025-09-01,"[68995,68996]","[8210,8211,8212,8213]",,
73197,1,1985-10-01,"[68997,68998]","[8214,8215,8216]",,
73198,2,1962-10-01,[68999],[],,
73199,3,1962-10-01,[69000],[],,
73200,4,1962-10-01,[69001],[],,
73201,7,1985-10-01,[69002],"[8217,8218]",,
73202,14,1988-10-01,[69003],"[8219,8220]",,
73203,15,2025-10-01,"[69004,69005]","[8221,8222,8223,8224]",,
73204,1,1985-11-01,"[69006,69007]","[8225,8226,8227]",,
73205,2,1962-11-01,[69008],[],,
73206,3,1962-11-01,[69009],[],,
73207,4,1962-11-01,[69010],[],,
73208,7,1985-11-01,[69011],"[8228,8229]",,
73209,14,1988-11-01,[69012],"[8230,8231]",,
73210,15,2025-11-01,"[69013,69014]","[8232,8233,8234,8235]",,
73211,1,1985-12-01,"[69015,69016]","[8236,8237,8238]",,
73212,2,1962-12-01,[69017],[],,
73213,3,1962-12-01,[69018],[],,
73214,4,1962-12-01,[69019],[],,
73215,7,1985-12-01,[69020],"[8239,8240]",,
73216,14,1988-12-01,[69021],"[8241,8242]",,
73217,15,2025-12-01,"[69022,69023]","[8243,8244,8245,8246]",,
73218,1,1986-01-01,"[69024,69025]","[8247,8248,8249]",,
73219,2,1963-01-01,[69026],[],,
73220,3,1963-01-01,[69027],[],,
73221,4,1963-01-01,[69028],[],,
73222,7,1986-01-01,[69029],"[8250,8251]",,
73223,14,1989-01-01,[69030],"[8252,8253]",,
73224,15,2026-01-01,"[69031,69032]","[8254,8255,8256,8257]",,
73225,1,1986-02-01,"[69033,69034]","[8258,8259,8260]",,
73226,2,1963-02-01,[69035],[],,
73227,3,1963-02-01,[69036],[],,
73228,4,1963-02-01,[69037],[],,
73229,7,1986-02-01,[69038],"[8261,8262]",,
73230,14,1989-02-01,[69039],"[8263,8264]",,
73231,15,2026-02-01,"[69040,69041]","[8265,8266,8267,8268]",,
73232,1,1986-03-01,"[69042,69043]","[8269,8270,8271]",,
73233,2,1963-03-01,[69044],[],,
73234,3,1963-03-01,[69045],[],,
73235,4,1963-03-01,[69046],[],,
73236,7,1986-03-01,[69047],"[8272,8273]",,
73237,14,1989-03-01,[69048],"[8274,8275]",,
73238,15,2026-03-01,"[69049,69050]","[8276,8277,8278,8279]",,
73239,1,1986-04-01,"[69051,69052]","[8280,8281,8282]",,
73240,2,1963-04-01,[69053],[],,
73241,3,1963-04-01,[69054],[],,
73242,4,1963-04-01,[69055],[],,
73243,7,1986-04-01,[69056],"[8283,8284]",,
73244,14,1989-04-01,[69057],"[8285,8286]",,
73245,15,2026-04-01,"[69058,69059]","[8287,8288,8289,8290]",,
73246,1,1986-05-01,"[69060,69061]","[8291,8292,8293]",,
73247,2,1963-05-01,[69062],[],,
73248,3,1963-05-01,[69063],[],,
73249,4,1963-05-01,[69064],[],,
73250,7,1986-05-01,[69065],"[8294,8295]",,
73251,14,1989-05-01,[69066],"[8296,8297]",,
73252,15,2026-05-01,"[69067,69068]","[8298,8299,8300,8301]",,
73253,1,1986-06-01,"[69069,69070]","[8302,8303,8304]",,
73254,2,1963-06-01,[69071],[],,
73255,3,1963-06-01,[69072],[],,
73256,4,1963-06-01,[69073],[],,
73257,7,1986-06-01,[69074],"[8305,8306]",,
73258,14,1989-06-01,[69075],"[8307,8308]",,
73259,1,1986-07-01,"[69076,69077]","[8309,8310,8311]",,
73260,2,1963-07-01,[69078],[],,
73261,3,1963-07-01,[69079],[],,
73262,4,1963-07-01,[69080],[],,
73263,7,1986-07-01,[69081],"[8312,8313]",,
73264,14,1989-07-01,[69082],"[8314,8315]",,
73265,1,1986-08-01,"[69083,69084]","[8316,8317,8318]",,
73266,2,1963-08-01,[69085],[],,
73267,3,1963-08-01,[69086],[],,
73268,4,1963-08-01,[69087],[],,
73269,7,1986-08-01,[69088],"[8319,8320]",,
73270,14,1989-08-01,[69089],"[8321,8322]",,
73271,1,1986-09-01,"[69090,69091]","[8323,8324,8325]",,
73272,2,1963-09-01,[69092],[],,
73273,3,1963-09-01,[69093],[],,
73274,4,1963-09-01,[69094],[],,
73275,7,1986-09-01,[69095],"[8326,8327]",,
73276,14,1989-09-01,[69096],"[8328,8329]",,
73277,1,1986-10-01,"[69097,69098]","[8330,8331,8332]",,
73278,2,1963-10-01,[69099],[],,
73279,3,1963-10-01,[69100],[],,
73280,4,1963-10-01,[69101],[],,
73281,7,1986-10-01,[69102],"[8333,8334]",,
73282,14,1989-10-01,[69103],"[8335,8336]",,
73283,1,1986-11-01,"[69104,69105]","[8337,8338,8339]",,
73284,2,1963-11-01,[69106],[],,
73285,3,1963-11-01,[69107],[],,
73286,4,1963-11-01,[69108],[],,
73287,7,1986-11-01,[69109],"[8340,8341]",,
73288,14,1989-11-01,[69110],"[8342,8343]",,
73289,1,1986-12-01,"[69111,69112]","[8344,8345,8346]",,
73290,2,1963-12-01,[69113],[],,
73291,3,1963-12-01,[69114],[],,
73292,4,1963-12-01,[69115],[],,
73293,7,1986-12-01,[69116],"[8347,8348]",,
73294,14,1989-12-01,[69117],"[8349,8350]",,
73295,1,1987-01-01,"[69118,69119]","[8351,8352,8353]",,
73296,2,1964-01-01,[69120],[],,
73297,3,1964-01-01,[69121],[],,
73298,4,1964-01-01,[69122],[],,
73299,7,1987-01-01,[69123],"[8354,8355]",,
73300,14,1990-01-01,[69124],"[8356,8357]",,
73301,1,1987-02-01,"[69125,69126]","[8358,8359,8360]",,
73302,2,1964-02-01,[69127],[],,
73303,3,1964-02-01,[69128],[],,
73304,4,1964-02-01,[69129],[],,
73305,7,1987-02-01,[69130],"[8361,8362]",,
73306,14,1990-02-01,[69131],"[8363,8364]",,
73307,1,1987-03-01,"[69132,69133]","[8365,8366,8367]",,
73308,2,1964-03-01,[69134],[],,
73309,3,1964-03-01,[69135],[],,
73310,4,1964-03-01,[69136],[],,
73311,7,1987-03-01,[69137],"[8368,8369]",,
73312,14,1990-03-01,[69138],"[8370,8371]",,
73313,1,1987-04-01,"[69139,69140]","[8372,8373,8374]",,
73314,2,1964-04-01,[69141],[],,
73315,3,1964-04-01,[69142],[],,
73316,4,1964-04-01,[69143],[],,
73317,7,1987-04-01,[69144],"[8375,8376]",,
73318,14,1990-04-01,[69145],"[8377,8378]",,
73319,1,1987-05-01,"[69146,69147]","[8379,8380,8381]",,
73320,2,1964-05-01,[69148],[],,
73321,3,1964-05-01,[69149],[],,
73322,4,1964-05-01,[69150],[],,
73323,7,1987-05-01,[69151],"[8382,8383]",,
73324,14,1990-05-01,[69152],"[8384,8385]",,
73325,1,1987-06-01,"[69153,69154]","[8386,8387,8388]",,
73326,2,1964-06-01,[69155],[],,
73327,3,1964-06-01,[69156],[],,
73328,4,1964-06-01,[69157],[],,
73329,7,1987-06-01,[69158],"[8389,8390]",,
73330,14,1990-06-01,[69159],"[8391,8392]",,
73331,1,1987-07-01,"[69160,69161]","[8393,8394,8395]",,
73332,2,1964-07-01,[69162],[],,
73333,3,1964-07-01,[69163],[],,
73334,4,1964-07-01,[69164],[],,
73335,7,1987-07-01,[69165],"[8396,8397]",,
73336,14,1990-07-01,[69166],"[8398,8399]",,
73337,1,1987-08-01,"[69167,69168]","[8400,8401,8402]",,
73338,2,1964-08-01,[69169],[],,
73339,3,1964-08-01,[69170],[],,
73340,4,1964-08-01,[69171],[],,
73341,7,1987-08-01,[69172],"[8403,8404]",,
73342,14,1990-08-01,[69173],"[8405,8406]",,
73343,1,1987-09-01,"[69174,69175]","[8407,8408,8409]",,
73344,2,1964-09-01,[69176],[],,
73345,3,1964-09-01,[69177],[],,
73346,4,1964-09-01,[69178],[],,
73347,7,1987-09-01,[69179],"[8410,8411]",,
73348,14,1990-09-01,[69180],"[8412,8413]",,
73349,1,1987-10-01,"[69181,69182]","[8414,8415,8416]",,
73350,2,1964-10-01,[69183],[],,
73351,3,1964-10-01,[69184],[],,
73352,4,1964-10-01,[69185],[],,
73353,7,1987-10-01,[69186],"[8417,8418]",,
73354,14,1990-10-01,[69187],"[8419,8420]",,
73355,1,1987-11-01,"[69188,69189]","[8421,8422,8423]",,
73356,2,1964-11-01,[69190],[],,
73357,3,1964-11-01,[69191],[],,
73358,4,1964-11-01,[69192],[],,
73359,7,1987-11-01,[69193],"[8424,8425]",,
73360,14,1990-11-01,[69194],"[8426,8427]",,
73361,1,1987-12-01,"[69195,69196]","[8428,8429,8430]",,
73362,2,1964-12-01,[69197],[],,
73363,3,1964-12-01,[69198],[],,
73364,4,1964-12-01,[69199],[],,
73365,7,1987-12-01,[69200],"[8431,8432]",,
73366,14,1990-12-01,[69201],"[8433,8434]",,
73367,1,1988-01-01,"[69202,69203]","[8435,8436,8437]",,
73368,2,1965-01-01,[69204],[],,
73369,3,1965-01-01,[69205],[],,
73370,4,1965-01-01,[69206],[],,
73371,7,1988-01-01,[69207],"[8438,8439]",,
73372,14,1991-01-01,[69208],"[8440,8441]",,
73373,1,1988-02-01,"[69209,69210]","[8442,8443,8444]",,
73374,2,1965-02-01,[69211],[],,
73375,3,1965-02-01,[69212],[],,
73376,4,1965-02-01,[69213],[],,
73377,7,1988-02-01,[69214],"[8445,8446]",,
73378,14,1991-02-01,[69215],"[8447,8448]",,
73379,1,1988-03-01,"[69216,69217]","[8449,8450,8451]",,
73380,2,1965-03-01,[69218],[],,
73381,3,1965-03-01,[69219],[],,
73382,4,1965-03-01,[69220],[],,
73383,7,1988-03-01,[69221],"[8452,8453]",,
73384,14,1991-03-01,[69222],"[8454,8455]",,
73385,1,1988-04-01,"[69223,69224]","[8456,8457,8458]",,
73386,2,1965-04-01,[69225],[],,
73387,3,1965-04-01,[69226],[],,
73388,4,1965-04-01,[69227],[],,
73389,7,1988-04-01,[69228],"[8459,8460]",,
73390,14,1991-04-01,[69229],"[8461,8462]",,
73391,1,1988-05-01,"[69230,69231]","[8463,8464,8465]",,
73392,2,1965-05-01,[69232],[],,
73393,3,1965-05-01,[69233],[],,
73394,4,1965-05-01,[69234],[],,
73395,7,1988-05-01,[69235],"[8466,8467]",,
73396,14,1991-05-01,[69236],"[8468,8469]",,
73397,1,1988-06-01,"[69237,69238]","[8470,8471,8472]",,
73398,2,1965-06-01,[69239],[],,
73399,3,1965-06-01,[69240],[],,
73400,4,1965-06-01,[69241],[],,
73401,7,1988-06-01,[69242],"[8473,8474]",,
73402,14,1991-06-01,[69243],"[8475,8476]",,
73403,1,1988-07-01,"[69244,69245]","[8477,8478,8479]",,
73404,2,1965-07-01,[69246],[],,
73405,3,1965-07-01,[69247],[],,
73406,4,1965-07-01,[69248],[],,
73407,7,1988-07-01,[69249],"[8480,8481]",,
73408,14,1991-07-01,[69250],"[8482,8483]",,
73409,1,1988-08-01,"[69251,69252]","[8484,8485,8486]",,
73410,2,1965-08-01,[69253],[],,
73411,3,1965-08-01,[69254],[],,
73412,4,1965-08-01,[69255],[],,
73413,7,1988-08-01,[69256],"[8487,8488]",,
73414,14,1991-08-01,[69257],"[8489,8490]",,
73415,1,1988-09-01,"[69258,69259]","[8491,8492,8493]",,
73416,2,1965-09-01,[69260],[],,
73417,3,1965-09-01,[69261],[],,
73418,4,1965-09-01,[69262],[],,
73419,7,1988-09-01,[69263],"[8494,8495]",,
73420,14,1991-09-01,[69264],"[8496,8497]",,
73421,1,1988-10-01,"[69265,69266]","[8498,8499,8500]",,
73422,2,1965-10-01,[69267],[],,
73423,3,1965-10-01,[69268],[],,
73424,4,1965-10-01,[69269],[],,
73425,7,1988-10-01,[69270],"[8501,8502]",,
73426,14,1991-10-01,[69271],"[8503,8504]",,
73427,1,1988-11-01,"[69272,69273]","[8505,8506,8507]",,
73428,2,1965-11-01,[69274],[],,
73429,3,1965-11-01,[69275],[],,
73430,4,1965-11-01,[69276],[],,
73431,7,1988-11-01,[69277],"[8508,8509]",,
73432,14,1991-11-01,[69278],"[8510,8511]",,
73433,1,1988-12-01,"[69279,69280]","[8512,8513,8514]",,
73434,2,1965-12-01,[69281],[],,
73435,3,1965-12-01,[69282],[],,
73436,4,1965-12-01,[69283],[],,
73437,7,1988-12-01,[69284],"[8515,8516]",,
73438,14,1991-12-01,[69285],"[8517,8518]",,
73439,1,1989-01-01,"[69286,69287]","[8519,8520,8521]",,
73440,2,1966-01-01,[69288],[],,
73441,3,1966-01-01,[69289],[],,
73442,4,1966-01-01,[69290],[],,
73443,7,1989-01-01,[69291],"[8522,8523]",,
73444,14,1992-01-01,[69292],"[8524,8525]",,
73445,1,1989-02-01,"[69293,69294]","[8526,8527,8528]",,
73446,2,1966-02-01,[69295],[],,
73447,3,1966-02-01,[69296],[],,
73448,4,1966-02-01,[69297],[],,
73449,7,1989-02-01,[69298],"[8529,8530]",,
73450,14,1992-02-01,[69299],"[8531,8532]",,
73451,1,1989-03-01,"[69300,69301]","[8533,8534,8535]",,
73452,2,1966-03-01,[69302],[],,
73453,3,1966-03-01,[69303],[],,
73454,4,1966-03-01,[69304],[],,
73455,7,1989-03-01,[69305],"[8536,8537]",,
73456,14,1992-03-01,[69306],"[8538,8539]",,
73457,1,1989-04-01,"[69307,69308]","[8540,8541,8542]",,
73458,2,1966-04-01,[69309],[],,
73459,3,1966-04-01,[69310],[],,
73460,4,1966-04-01,[69311],[],,
73461,7,1989-04-01,[69312],"[8543,8544]",,
73462,14,1992-04-01,[69313],"[8545,8546]",,
73463,1,1989-05-01,"[69314,69315]","[8547,8548,8549]",,
73464,2,1966-05-01,[69316],[],,
73465,3,1966-05-01,[69317],[],,
73466,4,1966-05-01,[69318],[],,
73467,7,1989-05-01,[69319],"[8550,8551]",,
73468,14,1992-05-01,[69320],"[8552,8553]",,
73469,1,1989-06-01,"[69321,69322]","[8554,8555,8556]",,
73470,2,1966-06-01,[69323],[],,
73471,3,1966-06-01,[69324],[],,
73472,4,1966-06-01,[69325],[],,
73473,7,1989-06-01,[69326],"[8557,8558]",,
73474,14,1992-06-01,[69327],"[8559,8560]",,
73475,1,1989-07-01,"[69328,69329]","[8561,8562,8563]",,
73476,2,1966-07-01,[69330],[],,
73477,3,1966-07-01,[69331],[],,
73478,4,1966-07-01,[69332],[],,
73479,7,1989-07-01,[69333],"[8564,8565]",,
73480,14,1992-07-01,[69334],"[8566,8567]",,
73481,1,1989-08-01,"[69335,69336]","[8568,8569,8570]",,
73482,2,1966-08-01,[69337],[],,
73483,3,1966-08-01,[69338],[],,
73484,4,1966-08-01,[69339],[],,
73485,7,1989-08-01,[69340],"[8571,8572]",,
73486,14,1992-08-01,[69341],"[8573,8574]",,
73487,1,1989-09-01,"[69342,69343]","[8575,8576,8577]",,
73488,2,1966-09-01,[69344],[],,
73489,3,1966-09-01,[69345],[],,
73490,4,1966-09-01,[69346],[],,
73491,7,1989-09-01,[69347],"[8578,8579]",,
73492,14,1992-09-01,[69348],"[8580,8581]",,
73493,1,1989-10-01,"[69349,69350]","[8582,8583,8584]",,
73494,2,1966-10-01,[69351],[],,
73495,3,1966-10-01,[69352],[],,
73496,4,1966-10-01,[69353],[],,
73497,7,1989-10-01,[69354],"[8585,8586]",,
73498,14,1992-10-01,[69355],"[8587,8588]",,
73499,1,1989-11-01,"[69356,69357]","[8589,8590,8591]",,
73500,2,1966-11-01,[69358],[],,
73501,3,1966-11-01,[69359],[],,
73502,4,1966-11-01,[69360],[],,
73503,7,1989-11-01,[69361],"[8592,8593]",,
73504,14,1992-11-01,[69362],"[8594,8595]",,
73505,1,1989-12-01,"[69363,69364]","[8596,8597,8598]",,
73506,2,1966-12-01,[69365],[],,
73507,3,1966-12-01,[69366],[],,
73508,4,1966-12-01,[69367],[],,
73509,7,1989-12-01,[69368],"[8599,8600]",,
73510,14,1992-12-01,[69369],"[8601,8602]",,
73511,1,1990-01-01,"[69370,69371]","[8603,8604,8605]",,
73512,2,1967-01-01,[69372],[],,
73513,3,1967-01-01,[69373],[],,
73514,4,1967-01-01,[69374],[],,
73515,7,1990-01-01,[69375],"[8606,8607]",,
73516,14,1993-01-01,[69376],"[8608,8609]",,
73517,1,1990-02-01,"[69377,69378]","[8610,8611,8612]",,
73518,2,1967-02-01,[69379],[],,
73519,3,1967-02-01,[69380],[],,
73520,4,1967-02-01,[69381],[],,
73521,7,1990-02-01,[69382],"[8613,8614]",,
73522,14,1993-02-01,[69383],"[8615,8616]",,
73523,1,1990-03-01,"[69384,69385]","[8617,8618,8619]",,
73524,2,1967-03-01,[69386],[],,
73525,3,1967-03-01,[69387],[],,
73526,4,1967-03-01,[69388],[],,
73527,7,1990-03-01,[69389],"[8620,8621]",,
73528,14,1993-03-01,[69390],"[8622,8623]",,
73529,1,1990-04-01,"[69391,69392]","[8624,8625,8626]",,
73530,2,1967-04-01,[69393],[],,
73531,3,1967-04-01,[69394],[],,
73532,4,1967-04-01,[69395],[],,
73533,7,1990-04-01,[69396],"[8627,8628]",,
73534,14,1993-04-01,[69397],"[8629,8630]",,
73535,1,1990-05-01,"[69398,69399]","[8631,8632,8633]",,
73536,2,1967-05-01,[69400],[],,
73537,3,1967-05-01,[69401],[],,
73538,4,1967-05-01,[69402],[],,
73539,7,1990-05-01,[69403],"[8634,8635]",,
73540,14,1993-05-01,[69404],"[8636,8637]",,
73541,1,1990-06-01,"[69405,69406]","[8638,8639,8640]",,
73542,2,1967-06-01,[69407],[],,
73543,3,1967-06-01,[69408],[],,
73544,4,1967-06-01,[69409],[],,
73545,7,1990-06-01,[69410],"[8641,8642]",,
73546,14,1993-06-01,[69411],"[8643,8644]",,
73547,1,1990-07-01,"[69412,69413]","[8645,8646,8647]",,
73548,2,1967-07-01,[69414],[],,
73549,3,1967-07-01,[69415],[],,
73550,4,1967-07-01,[69416],[],,
73551,7,1990-07-01,[69417],"[8648,8649]",,
73552,14,1993-07-01,[69418],"[8650,8651]",,
73553,1,1990-08-01,"[69419,69420]","[8652,8653,8654]",,
73554,2,1967-08-01,[69421],[],,
73555,3,1967-08-01,[69422],[],,
73556,4,1967-08-01,[69423],[],,
73557,7,1990-08-01,[69424],"[8655,8656]",,
73558,14,1993-08-01,[69425],"[8657,8658]",,
73559,1,1990-09-01,"[69426,69427]","[8659,8660,8661]",,
73560,2,1967-09-01,[69428],[],,
73561,3,1967-09-01,[69429],[],,
73562,4,1967-09-01,[69430],[],,
73563,7,1990-09-01,[69431],"[8662,8663]",,
73564,14,1993-09-01,[69432],"[8664,8665]",,
73565,1,1990-10-01,"[69433,69434]","[8666,8667,8668]",,
73566,2,1967-10-01,[69435],[],,
73567,3,1967-10-01,[69436],[],,
73568,4,1967-10-01,[69437],[],,
73569,7,1990-10-01,[69438],"[8669,8670]",,
73570,14,1993-10-01,[69439],"[8671,8672]",,
73571,1,1990-11-01,"[69440,69441]","[8673,8674,8675]",,
73572,2,1967-11-01,[69442],[],,
73573,3,1967-11-01,[69443],[],,
73574,4,1967-11-01,[69444],[],,
73575,7,1990-11-01,[69445],"[8676,8677]",,
73576,14,1993-11-01,[69446],"[8678,8679]",,
73577,1,1990-12-01,"[69447,69448]","[8680,8681,8682]",,
73578,2,1967-12-01,[69449],[],,
73579,3,1967-12-01,[69450],[],,
73580,4,1967-12-01,[69451],[],,
73581,7,1990-12-01,[69452],"[8683,8684]",,
73582,14,1993-12-01,[69453],"[8685,8686]",,
73583,1,1991-01-01,"[69454,69455]","[8687,8688,8689]",,
73584,2,1968-01-01,[69456],[],,
73585,3,1968-01-01,[69457],[],,
73586,4,1968-01-01,[69458],[],,
73587,7,1991-01-01,[69459],"[8690,8691]",,
73588,14,1994-01-01,[69460],"[8692,8693]",,
73589,1,1991-02-01,"[69461,69462]","[8694,8695,8696]",,
73590,2,1968-02-01,[69463],[],,
73591,3,1968-02-01,[69464],[],,
73592,4,1968-02-01,[69465],[],,
73593,7,1991-02-01,[69466],"[8697,8698]",,
73594,14,1994-02-01,[69467],"[8699,8700]",,
73595,1,1991-03-01,"[69468,69469]","[8701,8702,8703]",,
73596,2,1968-03-01,[69470],[],,
73597,3,1968-03-01,[69471],[],,
73598,4,1968-03-01,[69472],[],,
73599,7,1991-03-01,[69473],"[8704,8705]",,
73600,14,1994-03-01,[69474],"[8706,8707]",,
73601,1,1991-04-01,"[69475,69476]","[8708,8709,8710]",,
73602,2,1968-04-01,[69477],[],,
73603,3,1968-04-01,[69478],[],,
73604,4,1968-04-01,[69479],[],,
73605,7,1991-04-01,[69480],"[8711,8712]",,
73606,14,1994-04-01,[69481],"[8713,8714]",,
73607,1,1991-05-01,"[69482,69483]","[8715,8716,8717]",,
73608,2,1968-05-01,[69484],[],,
73609,3,1968-05-01,[69485],[],,
73610,4,1968-05-01,[69486],[],,
73611,7,1991-05-01,[69487],"[8718,8719]",,
73612,14,1994-05-01,[69488],"[8720,8721]",,
73613,1,1991-06-01,"[69489,69490]","[8722,8723,8724]",,
73614,2,1968-06-01,[69491],[],,
73615,3,1968-06-01,[69492],[],,
73616,4,1968-06-01,[69493],[],,
73617,7,1991-06-01,[69494],"[8725,8726]",,
73618,14,1994-06-01,[69495],"[8727,8728]",,
73619,1,1991-07-01,"[69496,69497]","[8729,8730,8731]",,
73620,2,1968-07-01,[69498],"[8732,8733]",,
73621,3,1968-07-01,[69499],"[8734,8735]",,
73622,4,1968-07-01,[69500],"[8736,8737]",,
73623,7,1991-07-01,[69501],"[8738,8739]",,
73624,14,1994-07-01,[69502],"[8740,8741]",,
73625,1,1991-08-01,"[69503,69504]","[8742,8743,8744]",,
73626,2,1968-08-01,[69505],"[8745,8746]",,
73627,3,1968-08-01,[69506],"[8747,8748]",,
73628,4,1968-08-01,[69507],"[8749,8750]",,
73629,7,1991-08-01,[69508],"[8751,8752]",,
73630,14,1994-08-01,[69509],"[8753,8754]",,
73631,1,1991-09-01,"[69510,69511]","[8755,8756,8757]",,
73632,2,1968-09-01,[69512],"[8758,8759]",,
73633,3,1968-09-01,[69513],"[8760,8761]",,
73634,4,1968-09-01,[69514],"[8762,8763]",,
73635,7,1991-09-01,[69515],"[8764,8765]",,
73636,14,1994-09-01,[69516],"[8766,8767]",,
73637,1,1991-10-01,"[69517,69518]","[8768,8769,8770]",,
73638,2,1968-10-01,[69519],"[8771,8772]",,
73639,3,1968-10-01,[69520],"[8773,8774]",,
73640,4,1968-10-01,[69521],"[8775,8776]",,
73641,7,1991-10-01,[69522],"[8777,8778]",,
73642,14,1994-10-01,[69523],"[8779,8780]",,
73643,1,1991-11-01,"[69524,69525]","[8781,8782,8783]",,
73644,2,1968-11-01,[69526],"[8784,8785]",,
73645,3,1968-11-01,[69527],"[8786,8787]",,
73646,4,1968-11-01,[69528],"[8788,8789]",,
73647,7,1991-11-01,[69529],"[8790,8791]",,
73648,14,1994-11-01,[69530],"[8792,8793]",,
73649,1,1991-12-01,"[69531,69532]","[8794,8795,8796]",,
73650,2,1968-12-01,[69533],"[8797,8798]",,
73651,3,1968-12-01,[69534],"[8799,8800]",,
73652,4,1968-12-01,[69535],"[8801,8802]",,
73653,7,1991-12-01,[69536],"[8803,8804]",,
73654,14,1994-12-01,[69537],"[8805,8806]",,
73655,1,1992-01-01,"[69538,69539]","[8807,8808,8809]",,
73656,2,1969-01-01,[69540],"[8810,8811]",,
73657,3,1969-01-01,[69541],"[8812,8813]",,
73658,4,1969-01-01,[69542],"[8814,8815]",,
73659,7,1992-01-01,[69543],"[8816,8817]",,
73660,14,1995-01-01,[69544],"[8818,8819]",,
73661,1,1992-02-01,"[69545,69546]","[8820,8821,8822]",,
73662,2,1969-02-01,[69547],"[8823,8824]",,
73663,3,1969-02-01,[69548],"[8825,8826]",,
73664,4,1969-02-01,[69549],"[8827,8828]",,
73665,7,1992-02-01,[69550],"[8829,8830]",,
73666,14,1995-02-01,[69551],"[8831,8832]",,
73667,1,1992-03-01,"[69552,69553]","[8833,8834,8835]",,
73668,2,1969-03-01,[69554],"[8836,8837]",,
73669,3,1969-03-01,[69555],"[8838,8839]",,
73670,4,1969-03-01,[69556],"[8840,8841]",,
73671,7,1992-03-01,[69557],"[8842,8843]",,
73672,14,1995-03-01,[69558],"[8844,8845]",,
73673,1,1992-04-01,"[69559,69560]","[8846,8847,8848]",,
73674,2,1969-04-01,[69561],"[8849,8850]",,
73675,3,1969-04-01,[69562],"[8851,8852]",,
73676,4,1969-04-01,[69563],"[8853,8854]",,
73677,7,1992-04-01,[69564],"[8855,8856]",,
73678,14,1995-04-01,[69565],"[8857,8858]",,
73679,1,1992-05-01,"[69566,69567]","[8859,8860,8861]",,
73680,2,1969-05-01,[69568],"[8862,8863]",,
73681,3,1969-05-01,[69569],"[8864,8865]",,
73682,4,1969-05-01,[69570],"[8866,8867]",,
73683,7,1992-05-01,[69571],"[8868,8869]",,
73684,14,1995-05-01,[69572],"[8870,8871]",,
73685,1,1992-06-01,"[69573,69574]","[8872,8873,8874]",,
73686,2,1969-06-01,[69575],"[8875,8876]",,
73687,3,1969-06-01,[69576],"[8877,8878]",,
73688,4,1969-06-01,[69577],"[8879,8880]",,
73689,7,1992-06-01,[69578],"[8881,8882]",,
73690,14,1995-06-01,[69579],"[8883,8884]",,
73691,1,1992-07-01,"[69580,69581]","[8885,8886,8887]",,
73692,2,1969-07-01,[69582],"[8888,8889]",,
73693,3,1969-07-01,[69583],"[8890,8891]",,
73694,4,1969-07-01,[69584],"[8892,8893]",,
73695,7,1992-07-01,[69585],"[8894,8895]",,
73696,14,1995-07-01,[69586],"[8896,8897]",,
73697,1,1992-08-01,"[69587,69588]","[8898,8899,8900]",,
73698,2,1969-08-01,[69589],"[8901,8902]",,
73699,3,1969-08-01,[69590],"[8903,8904]",,
73700,4,1969-08-01,[69591],"[8905,8906]",,
73701,7,1992-08-01,[69592],"[8907,8908]",,
73702,14,1995-08-01,[69593],"[8909,8910]",,
73703,1,1992-09-01,"[69594,69595]","[8911,8912,8913]",,
73704,2,1969-09-01,[69596],"[8914,8915]",,
73705,3,1969-09-01,[69597],"[8916,8917]",,
73706,4,1969-09-01,[69598],"[8918,8919]",,
73707,7,1992-09-01,[69599],"[8920,8921]",,
73708,14,1995-09-01,[69600],"[8922,8923]",,
73709,1,1992-10-01,"[69601,69602]","[8924,8925,8926]",,
73710,2,1969-10-01,[69603],"[8927,8928]",,
73711,3,1969-10-01,[69604],"[8929,8930]",,
73712,4,1969-10-01,[69605],"[8931,8932]",,
73713,7,1992-10-01,[69606],"[8933,8934]",,
73714,14,1995-10-01,[69607],"[8935,8936]",,
73715,1,1992-11-01,"[69608,69609]","[8937,8938,8939]",,
73716,2,1969-11-01,[69610],"[8940,8941]",,
73717,3,1969-11-01,[69611],"[8942,8943]",,
73718,4,1969-11-01,[69612],"[8944,8945]",,
73719,7,1992-11-01,[69613],"[8946,8947]",,
73720,14,1995-11-01,[69614],"[8948,8949]",,
73721,1,1992-12-01,"[69615,69616]","[8950,8951,8952]",,
73722,2,1969-12-01,[69617],"[8953,8954]",,
73723,3,1969-12-01,[69618],"[8955,8956]",,
73724,4,1969-12-01,[69619],"[8957,8958]",,
73725,7,1992-12-01,[69620],"[8959,8960]",,
73726,14,1995-12-01,[69621],"[8961,8962]",,
73727,1,1993-01-01,"[69622,69623]","[8963,8964,8965]",,
73728,2,1970-01-01,[69624],"[8966,8967]",,
73729,3,1970-01-01,[69625],"[8968,8969]",,
73730,4,1970-01-01,[69626],"[8970,8971]",,
73731,7,1993-01-01,[69627],"[8972,8973]",,
73732,14,1996-01-01,[69628],"[8974,8975]",,
73733,1,1993-02-01,"[69629,69630]","[8976,8977,8978]",,
73734,2,1970-02-01,[69631],"[8979,8980]",,
73735,3,1970-02-01,[69632],"[8981,8982]",,
73736,4,1970-02-01,[69633],"[8983,8984]",,
73737,7,1993-02-01,[69634],"[8985,8986]",,
73738,14,1996-02-01,[69635],"[8987,8988]",,
73739,1,1993-03-01,"[69636,69637]","[8989,8990,8991]",,
73740,2,1970-03-01,[69638],"[8992,8993]",,
73741,3,1970-03-01,[69639],"[8994,8995]",,
73742,4,1970-03-01,[69640],"[8996,8997]",,
73743,7,1993-03-01,[69641],"[8998,8999]",,
73744,14,1996-03-01,[69642],"[9000,9001]",,
73745,1,1993-04-01,"[69643,69644]","[9002,9003,9004]",,
73746,2,1970-04-01,[69645],"[9005,9006]",,
73747,3,1970-04-01,[69646],"[9007,9008]",,
73748,4,1970-04-01,[69647],"[9009,9010]",,
73749,7,1993-04-01,[69648],"[9011,9012]",,
73750,14,1996-04-01,[69649],"[9013,9014]",,
73751,1,1993-05-01,"[69650,69651]","[9015,9016,9017]",,
73752,2,1970-05-01,[69652],"[9018,9019]",,
73753,3,1970-05-01,[69653],"[9020,9021]",,
73754,4,1970-05-01,[69654],"[9022,9023]",,
73755,7,1993-05-01,[69655],"[9024,9025]",,
73756,14,1996-05-01,[69656],"[9026,9027]",,
73757,1,1993-06-01,"[69657,69658]","[9028,9029,9030]",,
73758,2,1970-06-01,[69659],"[9031,9032]",,
73759,3,1970-06-01,[69660],"[9033,9034]",,
73760,4,1970-06-01,[69661],"[9035,9036]",,
73761,7,1993-06-01,[69662],"[9037,9038]",,
73762,14,1996-06-01,[69663],"[9039,9040]",,
73763,1,1993-07-01,"[69664,69665]","[9041,9042,9043]",,
73764,2,1970-07-01,[69666],"[9044,9045]",,
73765,3,1970-07-01,[69667],"[9046,9047]",,
73766,4,1970-07-01,[69668],"[9048,9049]",,
73767,7,1993-07-01,[69669],"[9050,9051]",,
73768,14,1996-07-01,[69670],"[9052,9053]",,
73769,1,1993-08-01,"[69671,69672]","[9054,9055,9056]",,
73770,2,1970-08-01,[69673],"[9057,9058]",,
73771,3,1970-08-01,[69674],"[9059,9060]",,
73772,4,1970-08-01,[69675],"[9061,9062]",,
73773,7,1993-08-01,[69676],"[9063,9064]",,
73774,14,1996-08-01,[69677],"[9065,9066]",,
73775,1,1993-09-01,"[69678,69679]","[9067,9068,9069]",,
73776,2,1970-09-01,[69680],"[9070,9071]",,
73777,3,1970-09-01,[69681],"[9072,9073]",,
73778,4,1970-09-01,[69682],"[9074,9075]",,
73779,7,1993-09-01,[69683],"[9076,9077]",,
73780,14,1996-09-01,[69684],"[9078,9079]",,
73781,1,1993-10-01,"[69685,69686]","[9080,9081,9082]",,
73782,2,1970-10-01,[69687],"[9083,9084]",,
73783,3,1970-10-01,[69688],"[9085,9086]",,
73784,4,1970-10-01,[69689],"[9087,9088]",,
73785,7,1993-10-01,[69690],"[9089,9090]",,
73786,14,1996-10-01,[69691],"[9091,9092]",,
73787,1,1993-11-01,"[69692,69693]","[9093,9094,9095]",,
73788,2,1970-11-01,[69694],"[9096,9097]",,
73789,3,1970-11-01,[69695],"[9098,9099]",,
73790,4,1970-11-01,[69696],"[9100,9101]",,
73791,7,1993-11-01,[69697],"[9102,9103]",,
73792,14,1996-11-01,[69698],"[9104,9105]",,
73793,1,1993-12-01,"[69699,69700]","[9106,9107,9108]",,
73794,2,1970-12-01,[69701],"[9109,9110]",,
73795,3,1970-12-01,[69702],"[9111,9112]",,
73796,4,1970-12-01,[69703],"[9113,9114]",,
73797,7,1993-12-01,[69704],"[9115,9116]",,
73798,14,1996-12-01,[69705],"[9117,9118]",,
73799,1,1994-01-01,"[69706,69707]","[9119,9120,9121]",,
73800,2,1971-01-01,[69708],"[9122,9123]",,
73801,3,1971-01-01,[69709],"[9124,9125]",,
73802,4,1971-01-01,[69710],"[9126,9127]",,
73803,7,1994-01-01,[69711],"[9128,9129]",,
73804,14,1997-01-01,[69712],"[9130,9131]",,
73805,1,1994-02-01,"[69713,69714]","[9132,9133,9134]",,
73806,2,1971-02-01,[69715],"[9135,9136]",,
73807,3,1971-02-01,[69716],"[9137,9138]",,
73808,4,1971-02-01,[69717],"[9139,9140]",,
73809,7,1994-02-01,[69718],"[9141,9142]",,
73810,14,1997-02-01,[69719],"[9143,9144]",,
73811,1,1994-03-01,"[69720,69721]","[9145,9146,9147]",,
73812,2,1971-03-01,[69722],"[9148,9149]",,
73813,3,1971-03-01,[69723],"[9150,9151]",,
73814,4,1971-03-01,[69724],"[9152,9153]",,
73815,7,1994-03-01,[69725],"[9154,9155]",,
73816,14,1997-03-01,[69726],"[9156,9157]",,
73817,1,1994-04-01,"[69727,69728]","[9158,9159,9160]",,
73818,2,1971-04-01,[69729],"[9161,9162]",,
73819,3,1971-04-01,[69730],"[9163,9164]",,
73820,4,1971-04-01,[69731],"[9165,9166]",,
73821,7,1994-04-01,[69732],"[9167,9168]",,
73822,14,1997-04-01,[69733],"[9169,9170]",,
73823,1,1994-05-01,"[69734,69735]","[9171,9172,9173]",,
73824,2,1971-05-01,[69736],"[9174,9175]",,
73825,3,1971-05-01,[69737],"[9176,9177]",,
73826,4,1971-05-01,[69738],"[9178,9179]",,
73827,7,1994-05-01,[69739],"[9180,9181]",,
73828,14,1997-05-01,[69740],"[9182,9183]",,
73829,1,1994-06-01,"[69741,69742]","[9184,9185,9186]",,
73830,2,1971-06-01,[69743],"[9187,9188]",,
73831,3,1971-06-01,[69744],"[9189,9190]",,
73832,4,1971-06-01,[69745],"[9191,9192]",,
73833,7,1994-06-01,[69746],"[9193,9194]",,
73834,14,1997-06-01,[69747],"[9195,9196]",,
73835,1,1994-07-01,"[69748,69749]","[9197,9198,9199]",,
73836,2,1971-07-01,[69750],"[9200,9201]",,
73837,3,1971-07-01,[69751],"[9202,9203]",,
73838,4,1971-07-01,[69752],"[9204,9205]",,
73839,7,1994-07-01,[69753],"[9206,9207]",,
73840,14,1997-07-01,[69754],"[9208,9209]",,
73841,1,1994-08-01,"[69755,69756]","[9210,9211,9212]",,
73842,2,1971-08-01,[69757],"[9213,9214]",,
73843,3,1971-08-01,[69758],"[9215,9216]",,
73844,4,1971-08-01,[69759],"[9217,9218]",,
73845,7,1994-08-01,[69760],"[9219,9220]",,
73846,14,1997-08-01,[69761],"[9221,9222]",,
73847,1,1994-09-01,"[69762,69763]","[9223,9224,9225]",,
73848,2,1971-09-01,[69764],"[9226,9227]",,
73849,3,1971-09-01,[69765],"[9228,9229]",,
73850,4,1971-09-01,[69766],"[9230,9231]",,
73851,7,1994-09-01,[69767],"[9232,9233]",,
73852,14,1997-09-01,[69768],"[9234,9235]",,
73853,1,1994-10-01,"[69769,69770]","[9236,9237,9238]",,
73854,2,1971-10-01,[69771],"[9239,9240]",,
73855,3,1971-10-01,[69772],"[9241,9242]",,
73856,4,1971-10-01,[69773],"[9243,9244]",,
73857,7,1994-10-01,[69774],"[9245,9246]",,
73858,14,1997-10-01,[69775],"[9247,9248]",,
73859,1,1994-11-01,"[69776,69777]","[9249,9250,9251]",,
73860,2,1971-11-01,[69778],"[9252,9253]",,
73861,3,1971-11-01,[69779],"[9254,9255]",,
73862,4,1971-11-01,[69780],"[9256,9257]",,
73863,7,1994-11-01,[69781],"[9258,9259]",,
73864,14,1997-11-01,[69782],"[9260,9261]",,
73865,1,1994-12-01,"[69783,69784]","[9262,9263,9264]",,
73866,2,1971-12-01,[69785],"[9265,9266]",,
73867,3,1971-12-01,[69786],"[9267,9268]",,
73868,4,1971-12-01,[69787],"[9269,9270]",,
73869,7,1994-12-01,[69788],"[9271,9272]",,
73870,14,1997-12-01,[69789],"[9273,9274]",,
73871,1,1995-01-01,"[69790,69791]","[9275,9276,9277,9278]",,
73872,2,1972-01-01,[69792],"[9279,9280]",,
73873,3,1972-01-01,[69793],"[9281,9282]",,
73874,4,1972-01-01,[69794],"[9283,9284]",,
73875,7,1995-01-01,[69795],"[9285,9286]",,
73876,14,1998-01-01,[69796],"[9287,9288]",,
73877,1,1995-02-01,"[69797,69798]","[9289,9290,9291,9292]",,
73878,2,1972-02-01,[69799],"[9293,9294]",,
73879,3,1972-02-01,[69800],"[9295,9296]",,
73880,4,1972-02-01,[69801],"[9297,9298]",,
73881,7,1995-02-01,[69802],"[9299,9300]",,
73882,14,1998-02-01,[69803],"[9301,9302]",,
73883,1,1995-03-01,"[69804,69805]","[9303,9304,9305,9306]",,
73884,2,1972-03-01,[69806],"[9307,9308]",,
73885,3,1972-03-01,[69807],"[9309,9310]",,
73886,4,1972-03-01,[69808],"[9311,9312]",,
73887,7,1995-03-01,[69809],"[9313,9314]",,
73888,14,1998-03-01,[69810],"[9315,9316]",,
73889,1,1995-04-01,"[69811,69812]","[9317,9318,9319,9320]",,
73890,2,1972-04-01,[69813],"[9321,9322]",,
73891,3,1972-04-01,[69814],"[9323,9324]",,
73892,4,1972-04-01,[69815],"[9325,9326]",,
73893,7,1995-04-01,[69816],"[9327,9328]",,
73894,14,1998-04-01,[69817],"[9329,9330]",,
73895,1,1995-05-01,"[69818,69819]","[9331,9332,9333,9334]",,
73896,2,1972-05-01,[69820],"[9335,9336]",,
73897,3,1972-05-01,[69821],"[9337,9338]",,
73898,4,1972-05-01,[69822],"[9339,9340]",,
73899,7,1995-05-01,[69823],"[9341,9342]",,
73900,14,1998-05-01,[69824],"[9343,9344]",,
73901,1,1995-06-01,"[69825,69826]","[9345,9346,9347,9348]",,
73902,2,1972-06-01,[69827],"[9349,9350]",,
73903,3,1972-06-01,[69828],"[9351,9352]",,
73904,4,1972-06-01,[69829],"[9353,9354]",,
73905,7,1995-06-01,[69830],"[9355,9356]",,
73906,14,1998-06-01,[69831],"[9357,9358]",,
73907,1,1995-07-01,"[69832,69833]","[9359,9360,9361,9362]",,
73908,2,1972-07-01,[69834],"[9363,9364]",,
73909,3,1972-07-01,[69835],"[9365,9366]",,
73910,4,1972-07-01,[69836],"[9367,9368]",,
73911,7,1995-07-01,[69837],"[9369,9370]",,
73912,14,1998-07-01,[69838],"[9371,9372]",,
73913,1,1995-08-01,"[69839,69840]","[9373,9374,9375,9376]",,
73914,2,1972-08-01,[69841],"[9377,9378]",,
73915,3,1972-08-01,[69842],"[9379,9380]",,
73916,4,1972-08-01,[69843],"[9381,9382]",,
73917,7,1995-08-01,[69844],"[9383,9384]",,
73918,14,1998-08-01,[69845],"[9385,9386]",,
73919,1,1995-09-01,"[69846,69847]","[9387,9388,9389,9390]",,
73920,2,1972-09-01,[69848],"[9391,9392]",,
73921,3,1972-09-01,[69849],"[9393,9394]",,
73922,4,1972-09-01,[69850],"[9395,9396]",,
73923,7,1995-09-01,[69851],"[9397,9398]",,
73924,14,1998-09-01,[69852],"[9399,9400]",,
73925,1,1995-10-01,"[69853,69854]","[9401,9402,9403,9404]",,
73926,2,1972-10-01,[69855],"[9405,9406]",,
73927,3,1972-10-01,[69856],"[9407,9408]",,
73928,4,1972-10-01,[69857],"[9409,9410]",,
73929,7,1995-10-01,[69858],"[9411,9412]",,
73930,14,1998-10-01,[69859],"[9413,9414]",,
73931,1,1995-11-01,"[69860,69861]","[9415,9416,9417,9418]",,
73932,2,1972-11-01,[69862],"[9419,9420]",,
73933,3,1972-11-01,[69863],"[9421,9422]",,
73934,4,1972-11-01,[69864],"[9423,9424]",,
73935,7,1995-11-01,[69865],"[9425,9426]",,
73936,14,1998-11-01,[69866],"[9427,9428]",,
73937,1,1995-12-01,"[69867,69868]","[9429,9430,9431,9432]",,
73938,2,1972-12-01,[69869],"[9433,9434]",,
73939,3,1972-12-01,[69870],"[9435,9436]",,
73940,4,1972-12-01,[69871],"[9437,9438]",,
73941,7,1995-12-01,[69872],"[9439,9440]",,
73942,14,1998-12-01,[69873],"[9441,9442]",,
73943,1,1996-01-01,"[69874,69875]","[9443,9444,9445,9446]",,
73944,2,1973-01-01,[69876],"[9447,9448]",,
73945,3,1973-01-01,[69877],"[9449,9450]",,
73946,4,1973-01-01,[69878],"[9451,9452]",,
73947,7,1996-01-01,[69879],"[9453,9454]",,
73948,14,1999-01-01,[69880],"[9455,9456]",,
73949,1,1996-02-01,"[69881,69882]","[9457,9458,9459,9460]",,
73950,2,1973-02-01,[69883],"[9461,9462]",,
73951,3,1973-02-01,[69884],"[9463,9464]",,
73952,4,1973-02-01,[69885],"[9465,9466]",,
73953,7,1996-02-01,[69886],"[9467,9468]",,
73954,14,1999-02-01,[69887],"[9469,9470]",,
73955,1,1996-03-01,"[69888,69889]","[9471,9472,9473,9474]",,
73956,2,1973-03-01,[69890],"[9475,9476]",,
73957,3,1973-03-01,[69891],"[9477,9478]",,
73958,4,1973-03-01,[69892],"[9479,9480]",,
73959,7,1996-03-01,[69893],"[9481,9482]",,
73960,14,1999-03-01,[69894],"[9483,9484]",,
73961,1,1996-04-01,"[69895,69896]","[9485,9486,9487,9488]",,
73962,2,1973-04-01,[69897],"[9489,9490]",,
73963,3,1973-04-01,[69898],"[9491,9492]",,
73964,4,1973-04-01,[69899],"[9493,9494]",,
73965,7,1996-04-01,[69900],"[9495,9496]",,
73966,14,1999-04-01,[69901],"[9497,9498]",,
73967,1,1996-05-01,"[69902,69903]","[9499,9500,9501,9502]",,
73968,2,1973-05-01,[69904],"[9503,9504]",,
73969,3,1973-05-01,[69905],"[9505,9506]",,
73970,4,1973-05-01,[69906],"[9507,9508]",,
73971,7,1996-05-01,[69907],"[9509,9510]",,
73972,14,1999-05-01,[69908],"[9511,9512]",,
73973,1,1996-06-01,"[69909,69910]","[9513,9514,9515,9516]",,
73974,2,1973-06-01,[69911],"[9517,9518]",,
73975,3,1973-06-01,[69912],"[9519,9520]",,
73976,4,1973-06-01,[69913],"[9521,9522]",,
73977,7,1996-06-01,[69914],"[9523,9524]",,
73978,14,1999-06-01,[69915],"[9525,9526]",,
73979,1,1996-07-01,"[69916,69917]","[9527,9528,9529,9530]",,
73980,2,1973-07-01,[69918],"[9531,9532]",,
73981,3,1973-07-01,[69919],"[9533,9534]",,
73982,4,1973-07-01,[69920],"[9535,9536]",,
73983,7,1996-07-01,[69921],"[9537,9538]",,
73984,14,1999-07-01,[69922],"[9539,9540]",,
73985,1,1996-08-01,"[69923,69924]","[9541,9542,9543,9544]",,
73986,2,1973-08-01,[69925],"[9545,9546]",,
73987,3,1973-08-01,[69926],"[9547,9548]",,
73988,4,1973-08-01,[69927],"[9549,9550]",,
73989,7,1996-08-01,[69928],"[9551,9552]",,
73990,14,1999-08-01,[69929],"[9553,9554]",,
73991,1,1996-09-01,"[69930,69931]","[9555,9556,9557,9558]",,
73992,2,1973-09-01,[69932],"[9559,9560]",,
73993,3,1973-09-01,[69933],"[9561,9562]",,
73994,4,1973-09-01,[69934],"[9563,9564]",,
73995,7,1996-09-01,[69935],"[9565,9566]",,
73996,14,1999-09-01,[69936],"[9567,9568]",,
73997,1,1996-10-01,"[69937,69938]","[9569,9570,9571,9572]",,
73998,2,1973-10-01,[69939],"[9573,9574]",,
73999,3,1973-10-01,[69940],"[9575,9576]",,
74000,4,1973-10-01,[69941],"[9577,9578]",,
74001,7,1996-10-01,[69942],"[9579,9580]",,
74002,14,1999-10-01,[69943],"[9581,9582]",,
74003,1,1996-11-01,"[69944,69945]","[9583,9584,9585,9586]",,
74004,2,1973-11-01,[69946],"[9587,9588]",,
74005,3,1973-11-01,[69947],"[9589,9590]",,
74006,4,1973-11-01,[69948],"[9591,9592]",,
74007,7,1996-11-01,[69949],"[9593,9594]",,
74008,14,1999-11-01,[69950],"[9595,9596]",,
74009,1,1996-12-01,"[69951,69952]","[9597,9598,9599,9600]",,
74010,2,1973-12-01,[69953],"[9601,9602]",,
74011,3,1973-12-01,[69954],"[9603,9604]",,
74012,4,1973-12-01,[69955],"[9605,9606]",,
74013,7,1996-12-01,[69956],"[9607,9608]",,
74014,14,1999-12-01,[69957],"[9609,9610]",,
74015,1,1997-01-01,"[69958,69959]","[9611,9612,9613,9614]",,
74016,2,1974-01-01,[69960],"[9615,9616]",,
74017,3,1974-01-01,[69961],"[9617,9618]",,
74018,4,1974-01-01,[69962],"[9619,9620]",,
74019,7,1997-01-01,[69963],"[9621,9622]",,
74020,14,2000-01-01,[69964],"[9623,9624]",,
74021,1,1997-02-01,"[69965,69966]","[9625,9626,9627,9628]",,
74022,2,1974-02-01,[69967],"[9629,9630]",,
74023,3,1974-02-01,[69968],"[9631,9632]",,
74024,4,1974-02-01,[69969],"[9633,9634]",,
74025,7,1997-02-01,[69970],"[9635,9636]",,
74026,14,2000-02-01,[69971],"[9637,9638]",,
74027,1,1997-03-01,"[69972,69973]","[9639,9640,9641,9642]",,
74028,2,1974-03-01,[69974],"[9643,9644]",,
74029,3,1974-03-01,[69975],"[9645,9646]",,
74030,4,1974-03-01,[69976],"[9647,9648]",,
74031,7,1997-03-01,[69977],"[9649,9650]",,
74032,14,2000-03-01,[69978],"[9651,9652]",,
74033,1,1997-04-01,"[69979,69980]","[9653,9654,9655,9656]",,
74034,2,1974-04-01,[69981],"[9657,9658]",,
74035,3,1974-04-01,[69982],"[9659,9660]",,
74036,4,1974-04-01,[69983],"[9661,9662]",,
74037,7,1997-04-01,[69984],"[9663,9664]",,
74038,14,2000-04-01,[69985],"[9665,9666]",,
74039,1,1997-05-01,"[69986,69987]","[9667,9668,9669,9670]",,
74040,2,1974-05-01,[69988],"[9671,9672]",,
74041,3,1974-05-01,[69989],"[9673,9674]",,
74042,4,1974-05-01,[69990],"[9675,9676]",,
74043,7,1997-05-01,[69991],"[9677,9678]",,
74044,14,2000-05-01,[69992],"[9679,9680]",,
74045,1,1997-06-01,"[69993,69994]","[9681,9682,9683,9684]",,
74046,2,1974-06-01,[69995],"[9685,9686]",,
74047,3,1974-06-01,[69996],"[9687,9688]",,
74048,4,1974-06-01,[69997],"[9689,9690]",,
74049,7,1997-06-01,[69998],"[9691,9692]",,
74050,14,2000-06-01,[69999],"[9693,9694]",,
74051,1,1997-07-01,"[70000,70001]","[9695,9696,9697,9698]",,
74052,2,1974-07-01,[70002],"[9699,9700]",,
74053,3,1974-07-01,[70003],"[9701,9702]",,
74054,4,1974-07-01,[70004],"[9703,9704]",,
74055,7,1997-07-01,[70005],"[9705,9706]",,
74056,14,2000-07-01,[70006],"[9707,9708]",,
74057,1,1997-08-01,"[70007,70008]","[9709,9710,9711,9712]",,
74058,2,1974-08-01,[70009],"[9713,9714]",,
74059,3,1974-08-01,[70010],"[9715,9716]",,
74060,4,1974-08-01,[70011],"[9717,9718]",,
74061,7,1997-08-01,[70012],"[9719,9720]",,
74062,14,2000-08-01,[70013],"[9721,9722]",,
74063,1,1997-09-01,"[70014,70015]","[9723,9724,9725,9726]",,
74064,2,1974-09-01,[70016],"[9727,9728]",,
74065,3,1974-09-01,[70017],"[9729,9730]",,
74066,4,1974-09-01,[70018],"[9731,9732]",,
74067,7,1997-09-01,[70019],"[9733,9734]",,
74068,14,2000-09-01,[70020],"[9735,9736]",,
74069,1,1997-10-01,"[70021,70022]","[9737,9738,9739,9740]",,
74070,2,1974-10-01,[70023],"[9741,9742]",,
74071,3,1974-10-01,[70024],"[9743,9744]",,
74072,4,1974-10-01,[70025],"[9745,9746]",,
74073,7,1997-10-01,[70026],"[9747,9748]",,
74074,14,2000-10-01,[70027],"[9749,9750]",,
74075,1,1997-11-01,"[70028,70029]","[9751,9752,9753,9754]",,
74076,2,1974-11-01,[70030],"[9755,9756]",,
74077,3,1974-11-01,[70031],"[9757,9758]",,
74078,4,1974-11-01,[70032],"[9759,9760]",,
74079,7,1997-11-01,[70033],"[9761,9762]",,
74080,14,2000-11-01,[70034],"[9763,9764]",,
74081,1,1997-12-01,"[70035,70036]","[9765,9766,9767,9768]",,
74082,2,1974-12-01,[70037],"[9769,9770]",,
74083,3,1974-12-01,[70038],"[9771,9772]",,
74084,4,1974-12-01,[70039],"[9773,9774]",,
74085,7,1997-12-01,[70040],"[9775,9776]",,
74086,14,2000-12-01,[70041],"[9777,9778]",,
74087,1,1998-01-01,"[70042,70043]","[9779,9780,9781,9782]",,
74088,2,1975-01-01,[70044],"[9783,9784]",,
74089,3,1975-01-01,[70045],"[9785,9786]",,
74090,4,1975-01-01,[70046],"[9787,9788]",,
74091,7,1998-01-01,[70047],"[9789,9790]",,
74092,14,2001-01-01,[70048],"[9791,9792]",,
74093,1,1998-02-01,"[70049,70050]","[9793,9794,9795,9796]",,
74094,2,1975-02-01,[70051],"[9797,9798]",,
74095,3,1975-02-01,[70052],"[9799,9800]",,
74096,4,1975-02-01,[70053],"[9801,9802]",,
74097,7,1998-02-01,[70054],"[9803,9804]",,
74098,14,2001-02-01,[70055],"[9805,9806]",,
74099,1,1998-03-01,"[70056,70057]","[9807,9808,9809,9810]",,
74100,2,1975-03-01,[70058],"[9811,9812]",,
74101,3,1975-03-01,[70059],"[9813,9814]",,
74102,4,1975-03-01,[70060],"[9815,9816]",,
74103,7,1998-03-01,[70061],"[9817,9818]",,
74104,14,2001-03-01,[70062],"[9819,9820]",,
74105,1,1998-04-01,"[70063,70064]","[9821,9822,9823,9824]",,
74106,2,1975-04-01,[70065],"[9825,9826]",,
74107,3,1975-04-01,[70066],"[9827,9828]",,
74108,4,1975-04-01,[70067],"[9829,9830]",,
74109,7,1998-04-01,[70068],"[9831,9832]",,
74110,14,2001-04-01,[70069],"[9833,9834]",,
74111,1,1998-05-01,"[70070,70071]","[9835,9836,9837,9838]",,
74112,2,1975-05-01,[70072],"[9839,9840]",,
74113,3,1975-05-01,[70073],"[9841,9842]",,
74114,4,1975-05-01,[70074],"[9843,9844]",,
74115,7,1998-05-01,[70075],"[9845,9846]",,
74116,14,2001-05-01,[70076],"[9847,9848]",,
74117,1,1998-06-01,"[70077,70078]","[9849,9850,9851,9852]",,
74118,2,1975-06-01,[70079],"[9853,9854]",,
74119,3,1975-06-01,[70080],"[9855,9856]",,
74120,4,1975-06-01,[70081],"[9857,9858]",,
74121,7,1998-06-01,[70082],"[9859,9860]",,
74122,14,2001-06-01,[70083],"[9861,9862]",,
74123,1,1998-07-01,"[70084,70085]","[9863,9864,9865,9866]",,
74124,2,1975-07-01,[70086],"[9867,9868]",,
74125,3,1975-07-01,[70087],"[9869,9870]",,
74126,4,1975-07-01,[70088],"[9871,9872]",,
74127,7,1998-07-01,[70089],"[9873,9874]",,
74128,14,2001-07-01,[70090],"[9875,9876]",,
74129,1,1998-08-01,"[70091,70092]","[9877,9878,9879,9880]",,
74130,2,1975-08-01,[70093],"[9881,9882]",,
74131,3,1975-08-01,[70094],"[9883,9884]",,
74132,4,1975-08-01,[70095],"[9885,9886]",,
74133,7,1998-08-01,[70096],"[9887,9888]",,
74134,14,2001-08-01,[70097],"[9889,9890]",,
74135,1,1998-09-01,"[70098,70099]","[9891,9892,9893,9894]",,
74136,2,1975-09-01,[70100],"[9895,9896]",,
74137,3,1975-09-01,[70101],"[9897,9898]",,
74138,4,1975-09-01,[70102],"[9899,9900]",,
74139,7,1998-09-01,[70103],"[9901,9902]",,
74140,14,2001-09-01,[70104],"[9903,9904]",,
74141,1,1998-10-01,"[70105,70106]","[9905,9906,9907,9908]",,
74142,2,1975-10-01,[70107],"[9909,9910]",,
74143,3,1975-10-01,[70108],"[9911,9912]",,
74144,4,1975-10-01,[70109],"[9913,9914]",,
74145,7,1998-10-01,[70110],"[9915,9916]",,
74146,14,2001-10-01,[70111],"[9917,9918]",,
74147,1,1998-11-01,"[70112,70113]","[9919,9920,9921,9922]",,
74148,2,1975-11-01,[70114],"[9923,9924]",,
74149,3,1975-11-01,[70115],"[9925,9926]",,
74150,4,1975-11-01,[70116],"[9927,9928]",,
74151,7,1998-11-01,[70117],"[9929,9930]",,
74152,14,2001-11-01,[70118],"[9931,9932]",,
74153,1,1998-12-01,"[70119,70120]","[9933,9934,9935,9936]",,
74154,2,1975-12-01,[70121],"[9937,9938]",,
74155,3,1975-12-01,[70122],"[9939,9940]",,
74156,4,1975-12-01,[70123],"[9941,9942]",,
74157,7,1998-12-01,[70124],"[9943,9944]",,
74158,14,2001-12-01,[70125],"[9945,9946]",,
74159,1,1999-01-01,"[70126,70127]","[9947,9948,9949,9950]",,
74160,2,1976-01-01,[70128],"[9951,9952]",,
74161,3,1976-01-01,[70129],"[9953,9954]",,
74162,4,1976-01-01,[70130],"[9955,9956]",,
74163,7,1999-01-01,[70131],"[9957,9958]",,
74164,14,2002-01-01,[70132],"[9959,9960]",,
74165,1,1999-02-01,"[70133,70134]","[9961,9962,9963,9964]",,
74166,2,1976-02-01,[70135],"[9965,9966]",,
74167,3,1976-02-01,[70136],"[9967,9968]",,
74168,4,1976-02-01,[70137],"[9969,9970]",,
74169,7,1999-02-01,[70138],"[9971,9972]",,
74170,14,2002-02-01,[70139],"[9973,9974]",,
74171,1,1999-03-01,"[70140,70141]","[9975,9976,9977,9978]",,
74172,2,1976-03-01,[70142],"[9979,9980]",,
74173,3,1976-03-01,[70143],"[9981,9982]",,
74174,4,1976-03-01,[70144],"[9983,9984]",,
74175,7,1999-03-01,[70145],"[9985,9986]",,
74176,14,2002-03-01,[70146],"[9987,9988]",,
74177,1,1999-04-01,"[70147,70148]","[9989,9990,9991,9992]",,
74178,2,1976-04-01,[70149],"[9993,9994]",,
74179,3,1976-04-01,[70150],"[9995,9996]",,
74180,4,1976-04-01,[70151],"[9997,9998]",,
74181,7,1999-04-01,[70152],"[9999,10000]",,
74182,14,2002-04-01,[70153],"[10001,10002]",,
74183,1,1999-05-01,"[70154,70155]","[10003,10004,10005,10006]",,
74184,2,1976-05-01,[70156],"[10007,10008]",,
74185,3,1976-05-01,[70157],"[10009,10010]",,
74186,4,1976-05-01,[70158],"[10011,10012]",,
74187,7,1999-05-01,[70159],"[10013,10014]",,
74188,14,2002-05-01,[70160],"[10015,10016]",,
74189,1,1999-06-01,"[70161,70162]","[10017,10018,10019,10020]",,
74190,2,1976-06-01,[70163],"[10021,10022]",,
74191,3,1976-06-01,[70164],"[10023,10024]",,
74192,4,1976-06-01,[70165],"[10025,10026]",,
74193,7,1999-06-01,[70166],"[10027,10028]",,
74194,14,2002-06-01,[70167],"[10029,10030]",,
74195,1,1999-07-01,"[70168,70169]","[10031,10032,10033,10034]",,
74196,2,1976-07-01,[70170],"[10035,10036]",,
74197,3,1976-07-01,[70171],"[10037,10038]",,
74198,4,1976-07-01,[70172],"[10039,10040]",,
74199,7,1999-07-01,[70173],"[10041,10042]",,
74200,14,2002-07-01,[70174],"[10043,10044]",,
74201,1,1999-08-01,"[70175,70176]","[10045,10046,10047,10048]",,
74202,2,1976-08-01,[70177],"[10049,10050]",,
74203,3,1976-08-01,[70178],"[10051,10052]",,
74204,4,1976-08-01,[70179],"[10053,10054]",,
74205,7,1999-08-01,[70180],"[10055,10056]",,
74206,14,2002-08-01,[70181],"[10057,10058]",,
74207,1,1999-09-01,"[70182,70183]","[10059,10060,10061,10062]",,
74208,2,1976-09-01,[70184],"[10063,10064]",,
74209,3,1976-09-01,[70185],"[10065,10066]",,
74210,4,1976-09-01,[70186],"[10067,10068]",,
74211,7,1999-09-01,[70187],"[10069,10070]",,
74212,14,2002-09-01,[70188],"[10071,10072]",,
74213,1,1999-10-01,"[70189,70190]","[10073,10074,10075,10076]",,
74214,2,1976-10-01,[70191],"[10077,10078]",,
74215,3,1976-10-01,[70192],"[10079,10080]",,
74216,4,1976-10-01,[70193],"[10081,10082]",,
74217,7,1999-10-01,[70194],"[10083,10084]",,
74218,14,2002-10-01,[70195],"[10085,10086]",,
74219,1,1999-11-01,"[70196,70197]","[10087,10088,10089,10090]",,
74220,2,1976-11-01,[70198],"[10091,10092]",,
74221,3,1976-11-01,[70199],"[10093,10094]",,
74222,4,1976-11-01,[70200],"[10095,10096]",,
74223,7,1999-11-01,[70201],"[10097,10098]",,
74224,14,2002-11-01,[70202],"[10099,10100]",,
74225,1,1999-12-01,"[70203,70204]","[10101,10102,10103,10104]",,
74226,2,1976-12-01,[70205],"[10105,10106]",,
74227,3,1976-12-01,[70206],"[10107,10108]",,
74228,4,1976-12-01,[70207],"[10109,10110]",,
74229,7,1999-12-01,[70208],"[10111,10112]",,
74230,14,2002-12-01,[70209],"[10113,10114]",,
74231,1,2000-01-01,"[70210,70211]","[10115,10116,10117,10118]",,
74232,2,1977-01-01,[70212],"[10119,10120]",,
74233,3,1977-01-01,[70213],"[10121,10122]",,
74234,4,1977-01-01,[70214],"[10123,10124]",,
74235,7,2000-01-01,[70215],"[10125,10126]",,
74236,14,2003-01-01,[70216],"[10127,10128]",,
74237,1,2000-02-01,"[70217,70218]","[10129,10130,10131,10132]",,
74238,2,1977-02-01,[70219],"[10133,10134]",,
74239,3,1977-02-01,[70220],"[10135,10136]",,
74240,4,1977-02-01,[70221],"[10137,10138]",,
74241,7,2000-02-01,[70222],"[10139,10140]",,
74242,14,2003-02-01,[70223],"[10141,10142]",,
74243,1,2000-03-01,"[70224,70225]","[10143,10144,10145,10146]",,
74244,2,1977-03-01,[70226],"[10147,10148]",,
74245,3,1977-03-01,[70227],"[10149,10150]",,
74246,4,1977-03-01,[70228],"[10151,10152]",,
74247,7,2000-03-01,[70229],"[10153,10154]",,
74248,14,2003-03-01,[70230],"[10155,10156]",,
74249,1,2000-04-01,"[70231,70232]","[10157,10158,10159,10160]",,
74250,2,1977-04-01,[70233],"[10161,10162]",,
74251,3,1977-04-01,[70234],"[10163,10164]",,
74252,4,1977-04-01,[70235],"[10165,10166]",,
74253,7,2000-04-01,[70236],"[10167,10168]",,
74254,14,2003-04-01,[70237],"[10169,10170]",,
74255,1,2000-05-01,"[70238,70239]","[10171,10172,10173,10174]",,
74256,2,1977-05-01,[70240],"[10175,10176]",,
74257,3,1977-05-01,[70241],"[10177,10178]",,
74258,4,1977-05-01,[70242],"[10179,10180]",,
74259,7,2000-05-01,[70243],"[10181,10182]",,
74260,14,2003-05-01,[70244],"[10183,10184]",,
74261,1,2000-06-01,"[70245,70246]","[10185,10186,10187,10188]",,
74262,2,1977-06-01,[70247],"[10189,10190]",,
74263,3,1977-06-01,[70248],"[10191,10192]",,
74264,4,1977-06-01,[70249],"[10193,10194]",,
74265,7,2000-06-01,[70250],"[10195,10196]",,
74266,14,2003-06-01,[70251],"[10197,10198]",,
74267,1,2000-07-01,"[70252,70253]","[10199,10200,10201,10202]",,
74268,2,1977-07-01,[70254],"[10203,10204]",,
74269,3,1977-07-01,[70255],"[10205,10206]",,
74270,4,1977-07-01,[70256],"[10207,10208]",,
74271,7,2000-07-01,[70257],"[10209,10210]",,
74272,14,2003-07-01,[70258],"[10211,10212]",,
74273,1,2000-08-01,"[70259,70260]","[10213,10214,10215,10216]",,
74274,2,1977-08-01,[70261],"[10217,10218]",,
74275,3,1977-08-01,[70262],"[10219,10220]",,
74276,4,1977-08-01,[70263],"[10221,10222]",,
74277,7,2000-08-01,[70264],"[10223,10224]",,
74278,14,2003-08-01,[70265],"[10225,10226]",,
74279,1,2000-09-01,"[70266,70267]","[10227,10228,10229,10230]",,
74280,2,1977-09-01,[70268],"[10231,10232]",,
74281,3,1977-09-01,[70269],"[10233,10234]",,
74282,4,1977-09-01,[70270],"[10235,10236]",,
74283,7,2000-09-01,[70271],"[10237,10238]",,
74284,14,2003-09-01,[70272],"[10239,10240]",,
74285,1,2000-10-01,"[70273,70274]","[10241,10242,10243,10244]",,
74286,2,1977-10-01,[70275],"[10245,10246]",,
74287,3,1977-10-01,[70276],"[10247,10248]",,
74288,4,1977-10-01,[70277],"[10249,10250]",,
74289,7,2000-10-01,[70278],"[10251,10252]",,
74290,14,2003-10-01,[70279],"[10253,10254]",,
74291,1,2000-11-01,"[70280,70281]","[10255,10256,10257,10258]",,
74292,2,1977-11-01,[70282],"[10259,10260]",,
74293,3,1977-11-01,[70283],"[10261,10262]",,
74294,4,1977-11-01,[70284],"[10263,10264]",,
74295,7,2000-11-01,[70285],"[10265,10266]",,
74296,14,2003-11-01,[70286],"[10267,10268]",,
74297,1,2000-12-01,"[70287,70288]","[10269,10270,10271,10272]",,
74298,2,1977-12-01,[70289],"[10273,10274]",,
74299,3,1977-12-01,[70290],"[10275,10276]",,
74300,4,1977-12-01,[70291],"[10277,10278]",,
74301,7,2000-12-01,[70292],"[10279,10280]",,
74302,14,2003-12-01,[70293],"[10281,10282]",,
74303,1,2001-01-01,"[70294,70295]","[10283,10284,10285,10286]",,
74304,2,1978-01-01,[70296],"[10287,10288]",,
74305,3,1978-01-01,[70297],"[10289,10290]",,
74306,4,1978-01-01,[70298],"[10291,10292]",,
74307,7,2001-01-01,[70299],"[10293,10294]",,
74308,14,2004-01-01,[70300],"[10295,10296]",,
74309,1,2001-02-01,"[70301,70302]","[10297,10298,10299,10300]",,
74310,2,1978-02-01,[70303],"[10301,10302]",,
74311,3,1978-02-01,[70304],"[10303,10304]",,
74312,4,1978-02-01,[70305],"[10305,10306]",,
74313,7,2001-02-01,[70306],"[10307,10308]",,
74314,14,2004-02-01,[70307],"[10309,10310]",,
74315,1,2001-03-01,"[70308,70309]","[10311,10312,10313,10314]",,
74316,2,1978-03-01,[70310],"[10315,10316]",,
74317,3,1978-03-01,[70311],"[10317,10318]",,
74318,4,1978-03-01,[70312],"[10319,10320]",,
74319,7,2001-03-01,[70313],"[10321,10322]",,
74320,14,2004-03-01,[70314],"[10323,10324]",,
74321,1,2001-04-01,"[70315,70316]","[10325,10326,10327,10328]",,
74322,2,1978-04-01,[70317],"[10329,10330]",,
74323,3,1978-04-01,[70318],"[10331,10332]",,
74324,4,1978-04-01,[70319],"[10333,10334]",,
74325,7,2001-04-01,[70320],"[10335,10336]",,
74326,14,2004-04-01,[70321],"[10337,10338]",,
74327,1,2001-05-01,"[70322,70323]","[10339,10340,10341,10342]",,
74328,2,1978-05-01,[70324],"[10343,10344]",,
74329,3,1978-05-01,[70325],"[10345,10346]",,
74330,4,1978-05-01,[70326],"[10347,10348]",,
74331,7,2001-05-01,[70327],"[10349,10350]",,
74332,14,2004-05-01,[70328],"[10351,10352]",,
74333,1,2001-06-01,"[70329,70330]","[10353,10354,10355,10356]",,
74334,2,1978-06-01,[70331],"[10357,10358]",,
74335,3,1978-06-01,[70332],"[10359,10360]",,
74336,4,1978-06-01,[70333],"[10361,10362]",,
74337,7,2001-06-01,[70334],"[10363,10364]",,
74338,14,2004-06-01,[70335],"[10365,10366]",,
74339,1,2001-07-01,"[70336,70337]","[10367,10368,10369,10370]",,
74340,2,1978-07-01,[70338],"[10371,10372]",,
74341,3,1978-07-01,[70339],"[10373,10374]",,
74342,4,1978-07-01,[70340],"[10375,10376]",,
74343,7,2001-07-01,[70341],"[10377,10378]",,
74344,14,2004-07-01,[70342],"[10379,10380]",,
74345,1,2001-08-01,"[70343,70344]","[10381,10382,10383,10384]",,
74346,2,1978-08-01,[70345],"[10385,10386]",,
74347,3,1978-08-01,[70346],"[10387,10388]",,
74348,4,1978-08-01,[70347],"[10389,10390]",,
74349,7,2001-08-01,[70348],"[10391,10392]",,
74350,14,2004-08-01,[70349],"[10393,10394]",,
74351,1,2001-09-01,"[70350,70351]","[10395,10396,10397,10398]",,
74352,2,1978-09-01,[70352],"[10399,10400]",,
74353,3,1978-09-01,[70353],"[10401,10402]",,
74354,4,1978-09-01,[70354],"[10403,10404]",,
74355,7,2001-09-01,[70355],"[10405,10406]",,
74356,14,2004-09-01,[70356],"[10407,10408]",,
74357,1,2001-10-01,"[70357,70358]","[10409,10410,10411,10412]",,
74358,2,1978-10-01,[70359],"[10413,10414]",,
74359,3,1978-10-01,[70360],"[10415,10416]",,
74360,4,1978-10-01,[70361],"[10417,10418]",,
74361,7,2001-10-01,[70362],"[10419,10420]",,
74362,14,2004-10-01,[70363],"[10421,10422]",,
74363,1,2001-11-01,"[70364,70365]","[10423,10424,10425,10426]",,
74364,2,1978-11-01,[70366],"[10427,10428]",,
74365,3,1978-11-01,[70367],"[10429,10430]",,
74366,4,1978-11-01,[70368],"[10431,10432]",,
74367,7,2001-11-01,[70369],"[10433,10434]",,
74368,14,2004-11-01,[70370],"[10435,10436]",,
74369,1,2001-12-01,"[70371,70372]","[10437,10438,10439,10440]",,
74370,2,1978-12-01,[70373],"[10441,10442]",,
74371,3,1978-12-01,[70374],"[10443,10444]",,
74372,4,1978-12-01,[70375],"[10445,10446]",,
74373,7,2001-12-01,[70376],"[10447,10448]",,
74374,14,2004-12-01,[70377],"[10449,10450]",,
74375,1,2002-01-01,"[70378,70379]","[10451,10452,10453,10454]",,
74376,2,1979-01-01,[70380],"[10455,10456]",,
74377,3,1979-01-01,[70381],"[10457,10458]",,
74378,4,1979-01-01,[70382],"[10459,10460]",,
74379,7,2002-01-01,[70383],"[10461,10462]",,
74380,14,2005-01-01,[70384],"[10463,10464]",,
74381,1,2002-02-01,"[70385,70386]","[10465,10466,10467,10468]",,
74382,2,1979-02-01,[70387],"[10469,10470]",,
74383,3,1979-02-01,[70388],"[10471,10472]",,
74384,4,1979-02-01,[70389],"[10473,10474]",,
74385,7,2002-02-01,[70390],"[10475,10476]",,
74386,14,2005-02-01,[70391],"[10477,10478]",,
74387,1,2002-03-01,"[70392,70393]","[10479,10480,10481,10482]",,
74388,2,1979-03-01,[70394],"[10483,10484]",,
74389,3,1979-03-01,[70395],"[10485,10486]",,
74390,4,1979-03-01,[70396],"[10487,10488]",,
74391,7,2002-03-01,[70397],"[10489,10490]",,
74392,14,2005-03-01,[70398],"[10491,10492]",,
74393,1,2002-04-01,"[70399,70400]","[10493,10494,10495,10496]",,
74394,2,1979-04-01,[70401],"[10497,10498]",,
74395,3,1979-04-01,[70402],"[10499,10500]",,
74396,4,1979-04-01,[70403],"[10501,10502]",,
74397,7,2002-04-01,[70404],"[10503,10504]",,
74398,14,2005-04-01,[70405],"[10505,10506]",,
74399,1,2002-05-01,"[70406,70407]","[10507,10508,10509,10510]",,
74400,2,1979-05-01,[70408],"[10511,10512]",,
74401,3,1979-05-01,[70409],"[10513,10514]",,
74402,4,1979-05-01,[70410],"[10515,10516]",,
74403,7,2002-05-01,[70411],"[10517,10518]",,
74404,14,2005-05-01,[70412],"[10519,10520]",,
74405,1,2002-06-01,"[70413,70414]","[10521,10522,10523,10524]",,
74406,2,1979-06-01,[70415],"[10525,10526]",,
74407,3,1979-06-01,[70416],"[10527,10528]",,
74408,4,1979-06-01,[70417],"[10529,10530]",,
74409,7,2002-06-01,[70418],"[10531,10532]",,
74410,14,2005-06-01,[70419],"[10533,10534]",,
74411,1,2002-07-01,"[70420,70421]","[10535,10536,10537,10538]",,
74412,2,1979-07-01,[70422],"[10539,10540]",,
74413,3,1979-07-01,[70423],"[10541,10542]",,
74414,4,1979-07-01,[70424],"[10543,10544]",,
74415,7,2002-07-01,[70425],"[10545,10546]",,
74416,14,2005-07-01,[70426],"[10547,10548]",,
74417,1,2002-08-01,"[70427,70428]","[10549,10550,10551,10552]",,
74418,2,1979-08-01,[70429],"[10553,10554]",,
74419,3,1979-08-01,[70430],"[10555,10556]",,
74420,4,1979-08-01,[70431],"[10557,10558]",,
74421,7,2002-08-01,[70432],"[10559,10560]",,
74422,14,2005-08-01,[70433],"[10561,10562]",,
74423,1,2002-09-01,"[70434,70435]","[10563,10564,10565,10566]",,
74424,2,1979-09-01,[70436],"[10567,10568]",,
74425,3,1979-09-01,[70437],"[10569,10570]",,
74426,4,1979-09-01,[70438],"[10571,10572]",,
74427,7,2002-09-01,[70439],"[10573,10574]",,
74428,14,2005-09-01,[70440],"[10575,10576]",,
74429,1,2002-10-01,"[70441,70442]","[10577,10578,10579,10580]",,
74430,2,1979-10-01,[70443],"[10581,10582]",,
74431,3,1979-10-01,[70444],"[10583,10584]",,
74432,4,1979-10-01,[70445],"[10585,10586]",,
74433,7,2002-10-01,[70446],"[10587,10588]",,
74434,14,2005-10-01,[70447],"[10589,10590]",,
74435,1,2002-11-01,"[70448,70449]","[10591,10592,10593,10594]",,
74436,2,1979-11-01,[70450],"[10595,10596]",,
74437,3,1979-11-01,[70451],"[10597,10598]",,
74438,4,1979-11-01,[70452],"[10599,10600]",,
74439,7,2002-11-01,[70453],"[10601,10602]",,
74440,14,2005-11-01,[70454],"[10603,10604]",,
74441,1,2002-12-01,"[70455,70456]","[10605,10606,10607,10608]",,
74442,2,1979-12-01,[70457],"[10609,10610]",,
74443,3,1979-12-01,[70458],"[10611,10612]",,
74444,4,1979-12-01,[70459],"[10613,10614]",,
74445,7,2002-12-01,[70460],"[10615,10616]",,
74446,14,2005-12-01,[70461],"[10617,10618]",,
74447,1,2003-01-01,"[70462,70463]","[10619,10620,10621,10622]",,
74448,2,1980-01-01,[70464],"[10623,10624]",,
74449,3,1980-01-01,[70465],"[10625,10626]",,
74450,4,1980-01-01,[70466],"[10627,10628]",,
74451,7,2003-01-01,[70467],"[10629,10630]",,
74452,14,2006-01-01,[70468],"[10631,10632]",,
74453,1,2003-02-01,"[70469,70470]","[10633,10634,10635,10636]",,
74454,2,1980-02-01,[70471],"[10637,10638]",,
74455,3,1980-02-01,[70472],"[10639,10640]",,
74456,4,1980-02-01,[70473],"[10641,10642]",,
74457,7,2003-02-01,[70474],"[10643,10644]",,
74458,14,2006-02-01,[70475],"[10645,10646]",,
74459,1,2003-03-01,"[70476,70477]","[10647,10648,10649,10650]",,
74460,2,1980-03-01,[70478],"[10651,10652]",,
74461,3,1980-03-01,[70479],"[10653,10654]",,
74462,4,1980-03-01,[70480],"[10655,10656]",,
74463,7,2003-03-01,[70481],"[10657,10658]",,
74464,14,2006-03-01,[70482],"[10659,10660]",,
74465,1,2003-04-01,"[70483,70484]","[10661,10662,10663,10664]",,
74466,2,1980-04-01,[70485],"[10665,10666]",,
74467,3,1980-04-01,[70486],"[10667,10668]",,
74468,4,1980-04-01,[70487],"[10669,10670]",,
74469,7,2003-04-01,[70488],"[10671,10672]",,
74470,14,2006-04-01,[70489],"[10673,10674]",,
74471,1,2003-05-01,"[70490,70491]","[10675,10676,10677,10678]",,
74472,2,1980-05-01,[70492],"[10679,10680]",,
74473,3,1980-05-01,[70493],"[10681,10682]",,
74474,4,1980-05-01,[70494],"[10683,10684]",,
74475,7,2003-05-01,[70495],"[10685,10686]",,
74476,14,2006-05-01,[70496],"[10687,10688]",,
74477,1,2003-06-01,"[70497,70498]","[10689,10690,10691,10692]",,
74478,2,1980-06-01,[70499],"[10693,10694]",,
74479,3,1980-06-01,[70500],"[10695,10696]",,
74480,4,1980-06-01,[70501],"[10697,10698]",,
74481,7,2003-06-01,[70502],"[10699,10700]",,
74482,14,2006-06-01,[70503],"[10701,10702]",,
74483,1,2003-07-01,"[70504,70505]","[10703,10704,10705,10706]",,
74484,2,1980-07-01,"[70506,70507]","[10707,10708,10709]",,
74485,3,1980-07-01,"[70508,70509]","[10710,10711,10712]",,
74486,4,1980-07-01,"[70510,70511]","[10713,10714,10715]",,
74487,7,2003-07-01,[70512],"[10716,10717]",,
74488,14,2006-07-01,[70513],"[10718,10719]",,
74489,1,2003-08-01,"[70514,70515]","[10720,10721,10722,10723]",,
74490,2,1980-08-01,"[70516,70517]","[10724,10725,10726]",,
74491,3,1980-08-01,"[70518,70519]","[10727,10728,10729]",,
74492,4,1980-08-01,"[70520,70521]","[10730,10731,10732]",,
74493,7,2003-08-01,[70522],"[10733,10734]",,
74494,14,2006-08-01,[70523],"[10735,10736]",,
74495,1,2003-09-01,"[70524,70525]","[10737,10738,10739,10740]",,
74496,2,1980-09-01,"[70526,70527]","[10741,10742,10743]",,
74497,3,1980-09-01,"[70528,70529]","[10744,10745,10746]",,
74498,4,1980-09-01,"[70530,70531]","[10747,10748,10749]",,
74499,7,2003-09-01,[70532],"[10750,10751]",,
74500,14,2006-09-01,[70533],"[10752,10753]",,
74501,1,2003-10-01,"[70534,70535]","[10754,10755,10756,10757]",,
74502,2,1980-10-01,"[70536,70537]","[10758,10759,10760]",,
74503,3,1980-10-01,"[70538,70539]","[10761,10762,10763]",,
74504,4,1980-10-01,"[70540,70541]","[10764,10765,10766]",,
74505,7,2003-10-01,[70542],"[10767,10768]",,
74506,14,2006-10-01,[70543],"[10769,10770]",,
74507,1,2003-11-01,"[70544,70545]","[10771,10772,10773,10774]",,
74508,2,1980-11-01,"[70546,70547]","[10775,10776,10777]",,
74509,3,1980-11-01,"[70548,70549]","[10778,10779,10780]",,
74510,4,1980-11-01,"[70550,70551]","[10781,10782,10783]",,
74511,7,2003-11-01,[70552],"[10784,10785]",,
74512,14,2006-11-01,[70553],"[10786,10787]",,
74513,1,2003-12-01,"[70554,70555]","[10788,10789,10790,10791]",,
74514,2,1980-12-01,"[70556,70557]","[10792,10793,10794]",,
74515,3,1980-12-01,"[70558,70559]","[10795,10796,10797]",,
74516,4,1980-12-01,"[70560,70561]","[10798,10799,10800]",,
74517,7,2003-12-01,[70562],"[10801,10802]",,
74518,14,2006-12-01,[70563],"[10803,10804]",,
74519,1,2004-01-01,"[70564,70565]","[10805,10806,10807,10808]",,
74520,2,1981-01-01,"[70566,70567]","[10809,10810,10811]",,
74521,3,1981-01-01,"[70568,70569]","[10812,10813,10814]",,
74522,4,1981-01-01,"[70570,70571]","[10815,10816,10817]",,
74523,7,2004-01-01,[70572],"[10818,10819]",,
74524,14,2007-01-01,[70573],"[10820,10821]",,
74525,1,2004-02-01,"[70574,70575]","[10822,10823,10824,10825]",,
74526,2,1981-02-01,"[70576,70577]","[10826,10827,10828]",,
74527,3,1981-02-01,"[70578,70579]","[10829,10830,10831]",,
74528,4,1981-02-01,"[70580,70581]","[10832,10833,10834]",,
74529,7,2004-02-01,[70582],"[10835,10836]",,
74530,14,2007-02-01,[70583],"[10837,10838]",,
74531,1,2004-03-01,"[70584,70585]","[10839,10840,10841,10842]",,
74532,2,1981-03-01,"[70586,70587]","[10843,10844,10845]",,
74533,3,1981-03-01,"[70588,70589]","[10846,10847,10848]",,
74534,4,1981-03-01,"[70590,70591]","[10849,10850,10851]",,
74535,7,2004-03-01,[70592],"[10852,10853]",,
74536,14,2007-03-01,[70593],"[10854,10855]",,
74537,1,2004-04-01,"[70594,70595]","[10856,10857,10858,10859]",,
74538,2,1981-04-01,"[70596,70597]","[10860,10861,10862]",,
74539,3,1981-04-01,"[70598,70599]","[10863,10864,10865]",,
74540,4,1981-04-01,"[70600,70601]","[10866,10867,10868]",,
74541,7,2004-04-01,[70602],"[10869,10870]",,
74542,14,2007-04-01,[70603],"[10871,10872]",,
74543,1,2004-05-01,"[70604,70605]","[10873,10874,10875,10876]",,
74544,2,1981-05-01,"[70606,70607]","[10877,10878,10879]",,
74545,3,1981-05-01,"[70608,70609]","[10880,10881,10882]",,
74546,4,1981-05-01,"[70610,70611]","[10883,10884,10885]",,
74547,7,2004-05-01,[70612],"[10886,10887]",,
74548,14,2007-05-01,[70613],"[10888,10889]",,
74549,1,2004-06-01,"[70614,70615]","[10890,10891,10892,10893]",,
74550,2,1981-06-01,"[70616,70617]","[10894,10895,10896]",,
74551,3,1981-06-01,"[70618,70619]","[10897,10898,10899]",,
74552,4,1981-06-01,"[70620,70621]","[10900,10901,10902]",,
74553,7,2004-06-01,[70622],"[10903,10904]",,
74554,14,2007-06-01,[70623],"[10905,10906]",,
74555,1,2004-07-01,"[70624,70625]","[10907,10908,10909,10910]",,
74556,2,1981-07-01,"[70626,70627]","[10911,10912,10913]",,
74557,3,1981-07-01,"[70628,70629]","[10914,10915,10916]",,
74558,4,1981-07-01,"[70630,70631]","[10917,10918,10919]",,
74559,7,2004-07-01,[70632],"[10920,10921]",,
74560,14,2007-07-01,[70633],"[10922,10923]",,
74561,1,2004-08-01,"[70634,70635]","[10924,10925,10926,10927]",,
74562,2,1981-08-01,"[70636,70637]","[10928,10929,10930]",,
74563,3,1981-08-01,"[70638,70639]","[10931,10932,10933]",,
74564,4,1981-08-01,"[70640,70641]","[10934,10935,10936]",,
74565,7,2004-08-01,[70642],"[10937,10938]",,
74566,14,2007-08-01,[70643],"[10939,10940]",,
74567,1,2004-09-01,"[70644,70645]","[10941,10942,10943,10944]",,
74568,2,1981-09-01,"[70646,70647]","[10945,10946,10947]",,
74569,3,1981-09-01,"[70648,70649]","[10948,10949,10950]",,
74570,4,1981-09-01,"[70650,70651]","[10951,10952,10953]",,
74571,7,2004-09-01,[70652],"[10954,10955]",,
74572,14,2007-09-01,[70653],"[10956,10957]",,
74573,1,2004-10-01,"[70654,70655]","[10958,10959,10960,10961]",,
74574,2,1981-10-01,"[70656,70657]","[10962,10963,10964]",,
74575,3,1981-10-01,"[70658,70659]","[10965,10966,10967]",,
74576,4,1981-10-01,"[70660,70661]","[10968,10969,10970]",,
74577,7,2004-10-01,[70662],"[10971,10972]",,
74578,14,2007-10-01,[70663],"[10973,10974]",,
74579,1,2004-11-01,"[70664,70665]","[10975,10976,10977,10978]",,
74580,2,1981-11-01,"[70666,70667]","[10979,10980,10981]",,
74581,3,1981-11-01,"[70668,70669]","[10982,10983,10984]",,
74582,4,1981-11-01,"[70670,70671]","[10985,10986,10987]",,
74583,7,2004-11-01,[70672],"[10988,10989]",,
74584,14,2007-11-01,[70673],"[10990,10991]",,
74585,1,2004-12-01,"[70674,70675]","[10992,10993,10994,10995]",,
74586,2,1981-12-01,"[70676,70677]","[10996,10997,10998]",,
74587,3,1981-12-01,"[70678,70679]","[10999,11000,11001]",,
74588,4,1981-12-01,"[70680,70681]","[11002,11003,11004]",,
74589,7,2004-12-01,[70682],"[11005,11006]",,
74590,14,2007-12-01,[70683],"[11007,11008]",,
74591,1,2005-01-01,"[70684,70685]","[11009,11010,11011,11012]",,
74592,2,1982-01-01,"[70686,70687]","[11013,11014,11015]",,
74593,3,1982-01-01,"[70688,70689]","[11016,11017,11018]",,
74594,4,1982-01-01,"[70690,70691]","[11019,11020,11021]",,
74595,7,2005-01-01,[70692],"[11022,11023]",,
74596,14,2008-01-01,[70693],"[11024,11025]",,
74597,1,2005-02-01,"[70694,70695]","[11026,11027,11028,11029]",,
74598,2,1982-02-01,"[70696,70697]","[11030,11031,11032]",,
74599,3,1982-02-01,"[70698,70699]","[11033,11034,11035]",,
74600,4,1982-02-01,"[70700,70701]","[11036,11037,11038]",,
74601,7,2005-02-01,[70702],"[11039,11040]",,
74602,14,2008-02-01,[70703],"[11041,11042]",,
74603,1,2005-03-01,"[70704,70705]","[11043,11044,11045,11046]",,
74604,2,1982-03-01,"[70706,70707]","[11047,11048,11049]",,
74605,3,1982-03-01,"[70708,70709]","[11050,11051,11052]",,
74606,4,1982-03-01,"[70710,70711]","[11053,11054,11055]",,
74607,7,2005-03-01,[70712],"[11056,11057]",,
74608,14,2008-03-01,[70713],"[11058,11059]",,
74609,1,2005-04-01,"[70714,70715]","[11060,11061,11062,11063]",,
74610,2,1982-04-01,"[70716,70717]","[11064,11065,11066]",,
74611,3,1982-04-01,"[70718,70719]","[11067,11068,11069]",,
74612,4,1982-04-01,"[70720,70721]","[11070,11071,11072]",,
74613,7,2005-04-01,[70722],"[11073,11074]",,
74614,14,2008-04-01,[70723],"[11075,11076]",,
74615,1,2005-05-01,"[70724,70725]","[11077,11078,11079,11080]",,
74616,2,1982-05-01,"[70726,70727]","[11081,11082,11083]",,
74617,3,1982-05-01,"[70728,70729]","[11084,11085,11086]",,
74618,4,1982-05-01,"[70730,70731]","[11087,11088,11089]",,
74619,7,2005-05-01,[70732],"[11090,11091]",,
74620,14,2008-05-01,[70733],"[11092,11093]",,
74621,1,2005-06-01,"[70734,70735]","[11094,11095,11096,11097]",,
74622,2,1982-06-01,"[70736,70737]","[11098,11099,11100]",,
74623,3,1982-06-01,"[70738,70739]","[11101,11102,11103]",,
74624,4,1982-06-01,"[70740,70741]","[11104,11105,11106]",,
74625,7,2005-06-01,[70742],"[11107,11108]",,
74626,14,2008-06-01,[70743],"[11109,11110]",,
74627,1,2005-07-01,"[70744,70745]","[11111,11112,11113,11114]",,
74628,2,1982-07-01,"[70746,70747]","[11115,11116,11117]",,
74629,3,1982-07-01,"[70748,70749]","[11118,11119,11120]",,
74630,4,1982-07-01,"[70750,70751]","[11121,11122,11123]",,
74631,7,2005-07-01,[70752],"[11124,11125]",,
74632,14,2008-07-01,[70753],"[11126,11127]",,
74633,1,2005-08-01,"[70754,70755]","[11128,11129,11130,11131]",,
74634,2,1982-08-01,"[70756,70757]","[11132,11133,11134]",,
74635,3,1982-08-01,"[70758,70759]","[11135,11136,11137]",,
74636,4,1982-08-01,"[70760,70761]","[11138,11139,11140]",,
74637,7,2005-08-01,[70762],"[11141,11142]",,
74638,14,2008-08-01,[70763],"[11143,11144]",,
74639,1,2005-09-01,"[70764,70765]","[11145,11146,11147,11148]",,
74640,2,1982-09-01,"[70766,70767]","[11149,11150,11151]",,
74641,3,1982-09-01,"[70768,70769]","[11152,11153,11154]",,
74642,4,1982-09-01,"[70770,70771]","[11155,11156,11157]",,
74643,7,2005-09-01,[70772],"[11158,11159]",,
74644,14,2008-09-01,[70773],"[11160,11161]",,
74645,1,2005-10-01,"[70774,70775]","[11162,11163,11164,11165]",,
74646,2,1982-10-01,"[70776,70777]","[11166,11167,11168]",,
74647,3,1982-10-01,"[70778,70779]","[11169,11170,11171]",,
74648,4,1982-10-01,"[70780,70781]","[11172,11173,11174]",,
74649,7,2005-10-01,[70782],"[11175,11176]",,
74650,14,2008-10-01,[70783],"[11177,11178]",,
74651,1,2005-11-01,"[70784,70785]","[11179,11180,11181,11182]",,
74652,2,1982-11-01,"[70786,70787]","[11183,11184,11185]",,
74653,3,1982-11-01,"[70788,70789]","[11186,11187,11188]",,
74654,4,1982-11-01,"[70790,70791]","[11189,11190,11191]",,
74655,7,2005-11-01,[70792],"[11192,11193]",,
74656,14,2008-11-01,[70793],"[11194,11195]",,
74657,1,2005-12-01,"[70794,70795]","[11196,11197,11198,11199]",,
74658,2,1982-12-01,"[70796,70797]","[11200,11201,11202]",,
74659,3,1982-12-01,"[70798,70799]","[11203,11204,11205]",,
74660,4,1982-12-01,"[70800,70801]","[11206,11207,11208]",,
74661,7,2005-12-01,[70802],"[11209,11210]",,
74662,14,2008-12-01,[70803],"[11211,11212]",,
74663,1,2006-01-01,"[70804,70805]","[11213,11214,11215,11216]",,
74664,2,1983-01-01,"[70806,70807]","[11217,11218,11219]",,
74665,3,1983-01-01,"[70808,70809]","[11220,11221,11222]",,
74666,4,1983-01-01,"[70810,70811]","[11223,11224,11225]",,
74667,7,2006-01-01,[70812],"[11226,11227]",,
74668,14,2009-01-01,[70813],"[11228,11229]",,
74669,1,2006-02-01,"[70814,70815]","[11230,11231,11232,11233]",,
74670,2,1983-02-01,"[70816,70817]","[11234,11235,11236]",,
74671,3,1983-02-01,"[70818,70819]","[11237,11238,11239]",,
74672,4,1983-02-01,"[70820,70821]","[11240,11241,11242]",,
74673,7,2006-02-01,[70822],"[11243,11244]",,
74674,14,2009-02-01,[70823],"[11245,11246]",,
74675,1,2006-03-01,"[70824,70825]","[11247,11248,11249,11250]",,
74676,2,1983-03-01,"[70826,70827]","[11251,11252,11253]",,
74677,3,1983-03-01,"[70828,70829]","[11254,11255,11256]",,
74678,4,1983-03-01,"[70830,70831]","[11257,11258,11259]",,
74679,7,2006-03-01,[70832],"[11260,11261]",,
74680,14,2009-03-01,[70833],"[11262,11263]",,
74681,1,2006-04-01,"[70834,70835]","[11264,11265,11266,11267]",,
74682,2,1983-04-01,"[70836,70837]","[11268,11269,11270]",,
74683,3,1983-04-01,"[70838,70839]","[11271,11272,11273]",,
74684,4,1983-04-01,"[70840,70841]","[11274,11275,11276]",,
74685,7,2006-04-01,[70842],"[11277,11278]",,
74686,14,2009-04-01,[70843],"[11279,11280]",,
74687,1,2006-05-01,"[70844,70845]","[11281,11282,11283,11284]",,
74688,2,1983-05-01,"[70846,70847]","[11285,11286,11287]",,
74689,3,1983-05-01,"[70848,70849]","[11288,11289,11290]",,
74690,4,1983-05-01,"[70850,70851]","[11291,11292,11293]",,
74691,7,2006-05-01,[70852],"[11294,11295]",,
74692,14,2009-05-01,[70853],"[11296,11297]",,
74693,1,2006-06-01,"[70854,70855]","[11298,11299,11300,11301]",,
74694,2,1983-06-01,"[70856,70857]","[11302,11303,11304]",,
74695,3,1983-06-01,"[70858,70859]","[11305,11306,11307]",,
74696,4,1983-06-01,"[70860,70861]","[11308,11309,11310]",,
74697,7,2006-06-01,[70862],"[11311,11312]",,
74698,14,2009-06-01,[70863],"[11313,11314]",,
74699,1,2006-07-01,"[70864,70865]","[11315,11316,11317,11318]",,
74700,2,1983-07-01,"[70866,70867]","[11319,11320,11321]",,
74701,3,1983-07-01,"[70868,70869]","[11322,11323,11324]",,
74702,4,1983-07-01,"[70870,70871]","[11325,11326,11327]",,
74703,7,2006-07-01,[70872],"[11328,11329]",,
74704,14,2009-07-01,[70873],"[11330,11331]",,
74705,1,2006-08-01,"[70874,70875]","[11332,11333,11334,11335]",,
74706,2,1983-08-01,"[70876,70877]","[11336,11337,11338]",,
74707,3,1983-08-01,"[70878,70879]","[11339,11340,11341]",,
74708,4,1983-08-01,"[70880,70881]","[11342,11343,11344]",,
74709,7,2006-08-01,[70882],"[11345,11346]",,
74710,14,2009-08-01,[70883],"[11347,11348]",,
74711,1,2006-09-01,"[70884,70885]","[11349,11350,11351,11352]",,
74712,2,1983-09-01,"[70886,70887]","[11353,11354,11355]",,
74713,3,1983-09-01,"[70888,70889]","[11356,11357,11358]",,
74714,4,1983-09-01,"[70890,70891]","[11359,11360,11361]",,
74715,7,2006-09-01,[70892],"[11362,11363]",,
74716,14,2009-09-01,[70893],"[11364,11365]",,
74717,1,2006-10-01,"[70894,70895]","[11366,11367,11368,11369]",,
74718,2,1983-10-01,"[70896,70897]","[11370,11371,11372]",,
74719,3,1983-10-01,"[70898,70899]","[11373,11374,11375]",,
74720,4,1983-10-01,"[70900,70901]","[11376,11377,11378]",,
74721,7,2006-10-01,[70902],"[11379,11380]",,
74722,14,2009-10-01,[70903],"[11381,11382]",,
74723,1,2006-11-01,"[70904,70905]","[11383,11384,11385,11386]",,
74724,2,1983-11-01,"[70906,70907]","[11387,11388,11389]",,
74725,3,1983-11-01,"[70908,70909]","[11390,11391,11392]",,
74726,4,1983-11-01,"[70910,70911]","[11393,11394,11395]",,
74727,7,2006-11-01,[70912],"[11396,11397]",,
74728,14,2009-11-01,[70913],"[11398,11399]",,
74729,1,2006-12-01,"[70914,70915]","[11400,11401,11402,11403]",,
74730,2,1983-12-01,"[70916,70917]","[11404,11405,11406]",,
74731,3,1983-12-01,"[70918,70919]","[11407,11408,11409]",,
74732,4,1983-12-01,"[70920,70921]","[11410,11411,11412]",,
74733,7,2006-12-01,[70922],"[11413,11414]",,
74734,14,2009-12-01,[70923],"[11415,11416]",,
74735,1,2007-01-01,"[70924,70925]","[11417,11418,11419,11420]",,
74736,2,1984-01-01,"[70926,70927]","[11421,11422,11423]",,
74737,3,1984-01-01,"[70928,70929]","[11424,11425,11426]",,
74738,4,1984-01-01,"[70930,70931]","[11427,11428,11429]",,
74739,7,2007-01-01,[70932],"[11430,11431]",,
74740,14,2010-01-01,[70933],"[11432,11433]",,
74741,1,2007-02-01,"[70934,70935]","[11434,11435,11436,11437]",,
74742,2,1984-02-01,"[70936,70937]","[11438,11439,11440]",,
74743,3,1984-02-01,"[70938,70939]","[11441,11442,11443]",,
74744,4,1984-02-01,"[70940,70941]","[11444,11445,11446]",,
74745,7,2007-02-01,[70942],"[11447,11448]",,
74746,14,2010-02-01,[70943],"[11449,11450]",,
74747,1,2007-03-01,"[70944,70945]","[11451,11452,11453,11454]",,
74748,2,1984-03-01,"[70946,70947]","[11455,11456,11457]",,
74749,3,1984-03-01,"[70948,70949]","[11458,11459,11460]",,
74750,4,1984-03-01,"[70950,70951]","[11461,11462,11463]",,
74751,7,2007-03-01,[70952],"[11464,11465]",,
74752,14,2010-03-01,[70953],"[11466,11467]",,
74753,1,2007-04-01,"[70954,70955]","[11468,11469,11470,11471]",,
74754,2,1984-04-01,"[70956,70957]","[11472,11473,11474]",,
74755,3,1984-04-01,"[70958,70959]","[11475,11476,11477]",,
74756,4,1984-04-01,"[70960,70961]","[11478,11479,11480]",,
74757,7,2007-04-01,[70962],"[11481,11482]",,
74758,14,2010-04-01,[70963],"[11483,11484]",,
74759,1,2007-05-01,"[70964,70965]","[11485,11486,11487,11488]",,
74760,2,1984-05-01,"[70966,70967]","[11489,11490,11491]",,
74761,3,1984-05-01,"[70968,70969]","[11492,11493,11494]",,
74762,4,1984-05-01,"[70970,70971]","[11495,11496,11497]",,
74763,7,2007-05-01,[70972],"[11498,11499]",,
74764,14,2010-05-01,[70973],"[11500,11501]",,
74765,1,2007-06-01,"[70974,70975]","[11502,11503,11504,11505]",,
74766,2,1984-06-01,"[70976,70977]","[11506,11507,11508]",,
74767,3,1984-06-01,"[70978,70979]","[11509,11510,11511]",,
74768,4,1984-06-01,"[70980,70981]","[11512,11513,11514]",,
74769,7,2007-06-01,[70982],"[11515,11516]",,
74770,14,2010-06-01,[70983],"[11517,11518]",,
74771,1,2007-07-01,"[70984,70985]","[11519,11520,11521,11522]",,
74772,2,1984-07-01,"[70986,70987]","[11523,11524,11525]",,
74773,3,1984-07-01,"[70988,70989]","[11526,11527,11528]",,
74774,4,1984-07-01,"[70990,70991]","[11529,11530,11531]",,
74775,7,2007-07-01,[70992],"[11532,11533]",,
74776,14,2010-07-01,[70993],"[11534,11535]",,
74777,1,2007-08-01,"[70994,70995]","[11536,11537,11538,11539]",,
74778,2,1984-08-01,"[70996,70997]","[11540,11541,11542]",,
74779,3,1984-08-01,"[70998,70999]","[11543,11544,11545]",,
74780,4,1984-08-01,"[71000,71001]","[11546,11547,11548]",,
74781,7,2007-08-01,[71002],"[11549,11550]",,
74782,14,2010-08-01,[71003],"[11551,11552]",,
74783,1,2007-09-01,"[71004,71005]","[11553,11554,11555,11556]",,
74784,2,1984-09-01,"[71006,71007]","[11557,11558,11559]",,
74785,3,1984-09-01,"[71008,71009]","[11560,11561,11562]",,
74786,4,1984-09-01,"[71010,71011]","[11563,11564,11565]",,
74787,7,2007-09-01,[71012],"[11566,11567]",,
74788,14,2010-09-01,[71013],"[11568,11569]",,
74789,1,2007-10-01,"[71014,71015]","[11570,11571,11572,11573]",,
74790,2,1984-10-01,"[71016,71017]","[11574,11575,11576]",,
74791,3,1984-10-01,"[71018,71019]","[11577,11578,11579]",,
74792,4,1984-10-01,"[71020,71021]","[11580,11581,11582]",,
74793,7,2007-10-01,[71022],"[11583,11584]",,
74794,14,2010-10-01,[71023],"[11585,11586]",,
74795,1,2007-11-01,"[71024,71025]","[11587,11588,11589,11590]",,
74796,2,1984-11-01,"[71026,71027]","[11591,11592,11593]",,
74797,3,1984-11-01,"[71028,71029]","[11594,11595,11596]",,
74798,4,1984-11-01,"[71030,71031]","[11597,11598,11599]",,
74799,7,2007-11-01,[71032],"[11600,11601]",,
74800,14,2010-11-01,[71033],"[11602,11603]",,
74801,1,2007-12-01,"[71034,71035]","[11604,11605,11606,11607]",,
74802,2,1984-12-01,"[71036,71037]","[11608,11609,11610]",,
74803,3,1984-12-01,"[71038,71039]","[11611,11612,11613]",,
74804,4,1984-12-01,"[71040,71041]","[11614,11615,11616]",,
74805,7,2007-12-01,[71042],"[11617,11618]",,
74806,14,2010-12-01,[71043],"[11619,11620]",,
74807,1,2008-01-01,"[71044,71045]","[11621,11622,11623,11624]",,
74808,2,1985-01-01,"[71046,71047]","[11625,11626,11627]",,
74809,3,1985-01-01,"[71048,71049]","[11628,11629,11630]",,
74810,4,1985-01-01,"[71050,71051]","[11631,11632,11633]",,
74811,7,2008-01-01,[71052],"[11634,11635]",,
74812,14,2011-01-01,[71053],"[11636,11637]",,
74813,1,2008-02-01,"[71054,71055]","[11638,11639,11640,11641]",,
74814,2,1985-02-01,"[71056,71057]","[11642,11643,11644]",,
74815,3,1985-02-01,"[71058,71059]","[11645,11646,11647]",,
74816,4,1985-02-01,"[71060,71061]","[11648,11649,11650]",,
74817,7,2008-02-01,[71062],"[11651,11652]",,
74818,14,2011-02-01,[71063],"[11653,11654]",,
74819,1,2008-03-01,"[71064,71065]","[11655,11656,11657,11658]",,
74820,2,1985-03-01,"[71066,71067]","[11659,11660,11661]",,
74821,3,1985-03-01,"[71068,71069]","[11662,11663,11664]",,
74822,4,1985-03-01,"[71070,71071]","[11665,11666,11667]",,
74823,7,2008-03-01,[71072],"[11668,11669]",,
74824,14,2011-03-01,[71073],"[11670,11671]",,
74825,1,2008-04-01,"[71074,71075]","[11672,11673,11674,11675]",,
74826,2,1985-04-01,"[71076,71077]","[11676,11677,11678]",,
74827,3,1985-04-01,"[71078,71079]","[11679,11680,11681]",,
74828,4,1985-04-01,"[71080,71081]","[11682,11683,11684]",,
74829,7,2008-04-01,[71082],"[11685,11686]",,
74830,14,2011-04-01,[71083],"[11687,11688]",,
74831,1,2008-05-01,"[71084,71085]","[11689,11690,11691,11692]",,
74832,2,1985-05-01,"[71086,71087]","[11693,11694,11695]",,
74833,3,1985-05-01,"[71088,71089]","[11696,11697,11698]",,
74834,4,1985-05-01,"[71090,71091]","[11699,11700,11701]",,
74835,7,2008-05-01,[71092],"[11702,11703]",,
74836,14,2011-05-01,[71093],"[11704,11705]",,
74837,1,2008-06-01,"[71094,71095]","[11706,11707,11708,11709]",,
74838,2,1985-06-01,"[71096,71097]","[11710,11711,11712]",,
74839,3,1985-06-01,"[71098,71099]","[11713,11714,11715]",,
74840,4,1985-06-01,"[71100,71101]","[11716,11717,11718]",,
74841,7,2008-06-01,[71102],"[11719,11720]",,
74842,14,2011-06-01,[71103],"[11721,11722]",,
74843,1,2008-07-01,"[71104,71105]","[11723,11724,11725,11726]",,
74844,2,1985-07-01,"[71106,71107]","[11727,11728,11729]",,
74845,3,1985-07-01,"[71108,71109]","[11730,11731,11732]",,
74846,4,1985-07-01,"[71110,71111]","[11733,11734,11735]",,
74847,7,2008-07-01,[71112],"[11736,11737]",,
74848,14,2011-07-01,[71113],"[11738,11739]",,
74849,1,2008-08-01,"[71114,71115]","[11740,11741,11742,11743]",,
74850,2,1985-08-01,"[71116,71117]","[11744,11745,11746]",,
74851,3,1985-08-01,"[71118,71119]","[11747,11748,11749]",,
74852,4,1985-08-01,"[71120,71121]","[11750,11751,11752]",,
74853,7,2008-08-01,[71122],"[11753,11754]",,
74854,14,2011-08-01,[71123],"[11755,11756]",,
74855,1,2008-09-01,"[71124,71125]","[11757,11758,11759,11760]",,
74856,2,1985-09-01,"[71126,71127]","[11761,11762,11763]",,
74857,3,1985-09-01,"[71128,71129]","[11764,11765,11766]",,
74858,4,1985-09-01,"[71130,71131]","[11767,11768,11769]",,
74859,7,2008-09-01,[71132],"[11770,11771]",,
74860,14,2011-09-01,[71133],"[11772,11773]",,
74861,1,2008-10-01,"[71134,71135]","[11774,11775,11776,11777]",,
74862,2,1985-10-01,"[71136,71137]","[11778,11779,11780]",,
74863,3,1985-10-01,"[71138,71139]","[11781,11782,11783]",,
74864,4,1985-10-01,"[71140,71141]","[11784,11785,11786]",,
74865,7,2008-10-01,[71142],"[11787,11788]",,
74866,14,2011-10-01,[71143],"[11789,11790]",,
74867,1,2008-11-01,"[71144,71145]","[11791,11792,11793,11794]",,
74868,2,1985-11-01,"[71146,71147]","[11795,11796,11797]",,
74869,3,1985-11-01,"[71148,71149]","[11798,11799,11800]",,
74870,4,1985-11-01,"[71150,71151]","[11801,11802,11803]",,
74871,7,2008-11-01,[71152],"[11804,11805]",,
74872,14,2011-11-01,[71153],"[11806,11807]",,
74873,1,2008-12-01,"[71154,71155]","[11808,11809,11810,11811]",,
74874,2,1985-12-01,"[71156,71157]","[11812,11813,11814]",,
74875,3,1985-12-01,"[71158,71159]","[11815,11816,11817]",,
74876,4,1985-12-01,"[71160,71161]","[11818,11819,11820]",,
74877,7,2008-12-01,[71162],"[11821,11822]",,
74878,14,2011-12-01,[71163],"[11823,11824]",,
74879,1,2009-01-01,"[71164,71165]","[11825,11826,11827,11828]",,
74880,2,1986-01-01,"[71166,71167]","[11829,11830,11831]",,
74881,3,1986-01-01,"[71168,71169]","[11832,11833,11834]",,
74882,4,1986-01-01,"[71170,71171]","[11835,11836,11837]",,
74883,7,2009-01-01,[71172],"[11838,11839]",,
74884,14,2012-01-01,[71173],"[11840,11841]",,
74885,1,2009-02-01,"[71174,71175]","[11842,11843,11844,11845]",,
74886,2,1986-02-01,"[71176,71177]","[11846,11847,11848]",,
74887,3,1986-02-01,"[71178,71179]","[11849,11850,11851]",,
74888,4,1986-02-01,"[71180,71181]","[11852,11853,11854]",,
74889,7,2009-02-01,[71182],"[11855,11856]",,
74890,14,2012-02-01,[71183],"[11857,11858]",,
74891,1,2009-03-01,"[71184,71185]","[11859,11860,11861,11862]",,
74892,2,1986-03-01,"[71186,71187]","[11863,11864,11865]",,
74893,3,1986-03-01,"[71188,71189]","[11866,11867,11868]",,
74894,4,1986-03-01,"[71190,71191]","[11869,11870,11871]",,
74895,7,2009-03-01,[71192],"[11872,11873]",,
74896,14,2012-03-01,[71193],"[11874,11875]",,
74897,1,2009-04-01,"[71194,71195]","[11876,11877,11878,11879]",,
74898,2,1986-04-01,"[71196,71197]","[11880,11881,11882]",,
74899,3,1986-04-01,"[71198,71199]","[11883,11884,11885]",,
74900,4,1986-04-01,"[71200,71201]","[11886,11887,11888]",,
74901,7,2009-04-01,[71202],"[11889,11890]",,
74902,14,2012-04-01,[71203],"[11891,11892]",,
74903,1,2009-05-01,"[71204,71205]","[11893,11894,11895,11896]",,
74904,2,1986-05-01,"[71206,71207]","[11897,11898,11899]",,
74905,3,1986-05-01,"[71208,71209]","[11900,11901,11902]",,
74906,4,1986-05-01,"[71210,71211]","[11903,11904,11905]",,
74907,7,2009-05-01,[71212],"[11906,11907]",,
74908,14,2012-05-01,[71213],"[11908,11909]",,
74909,1,2009-06-01,"[71214,71215]","[11910,11911,11912,11913]",,
74910,2,1986-06-01,"[71216,71217]","[11914,11915,11916]",,
74911,3,1986-06-01,"[71218,71219]","[11917,11918,11919]",,
74912,4,1986-06-01,"[71220,71221]","[11920,11921,11922]",,
74913,7,2009-06-01,[71222],"[11923,11924]",,
74914,14,2012-06-01,[71223],"[11925,11926]",,
74915,1,2009-07-01,"[71224,71225]","[11927,11928,11929,11930]",,
74916,2,1986-07-01,"[71226,71227]","[11931,11932,11933]",,
74917,3,1986-07-01,"[71228,71229]","[11934,11935,11936]",,
74918,4,1986-07-01,"[71230,71231]","[11937,11938,11939,11940]",,
74919,7,2009-07-01,[71232],"[11941,11942]",,
74920,14,2012-07-01,[71233],"[11943,11944]",,
74921,1,2009-08-01,"[71234,71235]","[11945,11946,11947,11948]",,
74922,2,1986-08-01,"[71236,71237]","[11949,11950,11951]",,
74923,3,1986-08-01,"[71238,71239]","[11952,11953,11954]",,
74924,4,1986-08-01,"[71240,71241]","[11955,11956,11957,11958]",,
74925,7,2009-08-01,[71242],"[11959,11960]",,
74926,14,2012-08-01,[71243],"[11961,11962]",,
74927,1,2009-09-01,"[71244,71245]","[11963,11964,11965,11966]",,
74928,2,1986-09-01,"[71246,71247]","[11967,11968,11969]",,
74929,3,1986-09-01,"[71248,71249]","[11970,11971,11972]",,
74930,4,1986-09-01,"[71250,71251]","[11973,11974,11975,11976]",,
74931,7,2009-09-01,[71252],"[11977,11978]",,
74932,14,2012-09-01,[71253],"[11979,11980]",,
74933,1,2009-10-01,"[71254,71255]","[11981,11982,11983,11984]",,
74934,2,1986-10-01,"[71256,71257]","[11985,11986,11987]",,
74935,3,1986-10-01,"[71258,71259]","[11988,11989,11990]",,
74936,4,1986-10-01,"[71260,71261]","[11991,11992,11993,11994]",,
74937,7,2009-10-01,[71262],"[11995,11996]",,
74938,14,2012-10-01,[71263],"[11997,11998]",,
74939,1,2009-11-01,"[71264,71265]","[11999,12000,12001,12002]",,
74940,2,1986-11-01,"[71266,71267]","[12003,12004,12005]",,
74941,3,1986-11-01,"[71268,71269]","[12006,12007,12008]",,
74942,4,1986-11-01,"[71270,71271]","[12009,12010,12011,12012]",,
74943,7,2009-11-01,[71272],"[12013,12014]",,
74944,14,2012-11-01,[71273],"[12015,12016]",,
74945,1,2009-12-01,"[71274,71275]","[12017,12018,12019,12020]",,
74946,2,1986-12-01,"[71276,71277]","[12021,12022,12023]",,
74947,3,1986-12-01,"[71278,71279]","[12024,12025,12026]",,
74948,4,1986-12-01,"[71280,71281]","[12027,12028,12029,12030]",,
74949,7,2009-12-01,[71282],"[12031,12032]",,
74950,14,2012-12-01,[71283],"[12033,12034]",,
74951,1,2010-01-01,"[71284,71285]","[12035,12036,12037,12038]",,
74952,2,1987-01-01,"[71286,71287]","[12039,12040,12041]",,
74953,3,1987-01-01,"[71288,71289]","[12042,12043,12044]",,
74954,4,1987-01-01,"[71290,71291]","[12045,12046,12047,12048]",,
74955,7,2010-01-01,[71292],"[12049,12050]",,
74956,14,2013-01-01,[71293],"[12051,12052]",,
74957,1,2010-02-01,"[71294,71295]","[12053,12054,12055,12056]",,
74958,2,1987-02-01,"[71296,71297]","[12057,12058,12059]",,
74959,3,1987-02-01,"[71298,71299]","[12060,12061,12062]",,
74960,4,1987-02-01,"[71300,71301]","[12063,12064,12065,12066]",,
74961,7,2010-02-01,[71302],"[12067,12068]",,
74962,14,2013-02-01,[71303],"[12069,12070]",,
74963,1,2010-03-01,"[71304,71305]","[12071,12072,12073,12074]",,
74964,2,1987-03-01,"[71306,71307]","[12075,12076,12077]",,
74965,3,1987-03-01,"[71308,71309]","[12078,12079,12080]",,
74966,4,1987-03-01,"[71310,71311]","[12081,12082,12083,12084]",,
74967,7,2010-03-01,[71312],"[12085,12086]",,
74968,14,2013-03-01,[71313],"[12087,12088]",,
74969,1,2010-04-01,"[71314,71315]","[12089,12090,12091,12092]",,
74970,2,1987-04-01,"[71316,71317]","[12093,12094,12095]",,
74971,3,1987-04-01,"[71318,71319]","[12096,12097,12098]",,
74972,4,1987-04-01,"[71320,71321]","[12099,12100,12101,12102]",,
74973,7,2010-04-01,[71322],"[12103,12104]",,
74974,14,2013-04-01,[71323],"[12105,12106]",,
74975,1,2010-05-01,"[71324,71325]","[12107,12108,12109,12110]",,
74976,2,1987-05-01,"[71326,71327]","[12111,12112,12113]",,
74977,3,1987-05-01,"[71328,71329]","[12114,12115,12116]",,
74978,4,1987-05-01,"[71330,71331]","[12117,12118,12119,12120]",,
74979,7,2010-05-01,[71332],"[12121,12122]",,
74980,14,2013-05-01,[71333],"[12123,12124]",,
74981,1,2010-06-01,"[71334,71335]","[12125,12126,12127,12128]",,
74982,2,1987-06-01,"[71336,71337]","[12129,12130,12131]",,
74983,3,1987-06-01,"[71338,71339]","[12132,12133,12134]",,
74984,4,1987-06-01,"[71340,71341]","[12135,12136,12137,12138]",,
74985,7,2010-06-01,[71342],"[12139,12140]",,
74986,14,2013-06-01,[71343],"[12141,12142]",,
74987,1,2010-07-01,"[71344,71345]","[12143,12144,12145,12146]",,
74988,2,1987-07-01,"[71346,71347]","[12147,12148,12149]",,
74989,3,1987-07-01,"[71348,71349]","[12150,12151,12152]",,
74990,4,1987-07-01,"[71350,71351]","[12153,12154,12155,12156]",,
74991,7,2010-07-01,[71352],"[12157,12158]",,
74992,14,2013-07-01,[71353],"[12159,12160]",,
74993,1,2010-08-01,"[71354,71355]","[12161,12162,12163,12164]",,
74994,2,1987-08-01,"[71356,71357]","[12165,12166,12167]",,
74995,3,1987-08-01,"[71358,71359]","[12168,12169,12170]",,
74996,4,1987-08-01,"[71360,71361]","[12171,12172,12173,12174]",,
74997,7,2010-08-01,[71362],"[12175,12176]",,
74998,14,2013-08-01,[71363],"[12177,12178]",,
74999,1,2010-09-01,"[71364,71365]","[12179,12180,12181,12182]",,
75000,2,1987-09-01,"[71366,71367]","[12183,12184,12185]",,
75001,3,1987-09-01,"[71368,71369]","[12186,12187,12188]",,
75002,4,1987-09-01,"[71370,71371]","[12189,12190,12191,12192]",,
75003,7,2010-09-01,[71372],"[12193,12194]",,
75004,14,2013-09-01,[71373],"[12195,12196]",,
75005,1,2010-10-01,"[71374,71375]","[12197,12198,12199,12200]",,
75006,2,1987-10-01,"[71376,71377]","[12201,12202,12203]",,
75007,3,1987-10-01,"[71378,71379]","[12204,12205,12206]",,
75008,4,1987-10-01,"[71380,71381]","[12207,12208,12209,12210]",,
75009,7,2010-10-01,[71382],"[12211,12212]",,
75010,14,2013-10-01,[71383],"[12213,12214]",,
75011,1,2010-11-01,"[71384,71385]","[12215,12216,12217,12218]",,
75012,2,1987-11-01,"[71386,71387]","[12219,12220,12221]",,
75013,3,1987-11-01,"[71388,71389]","[12222,12223,12224]",,
75014,4,1987-11-01,"[71390,71391]","[12225,12226,12227,12228]",,
75015,7,2010-11-01,[71392],"[12229,12230]",,
75016,14,2013-11-01,[71393],"[12231,12232]",,
75017,1,2010-12-01,"[71394,71395]","[12233,12234,12235,12236]",,
75018,2,1987-12-01,"[71396,71397]","[12237,12238,12239]",,
75019,3,1987-12-01,"[71398,71399]","[12240,12241,12242]",,
75020,4,1987-12-01,"[71400,71401]","[12243,12244,12245,12246]",,
75021,7,2010-12-01,[71402],"[12247,12248]",,
75022,14,2013-12-01,[71403],"[12249,12250]",,
75023,1,2011-01-01,"[71404,71405]","[12251,12252,12253,12254]",,
75024,2,1988-01-01,"[71406,71407]","[12255,12256,12257]",,
75025,3,1988-01-01,"[71408,71409]","[12258,12259,12260]",,
75026,4,1988-01-01,"[71410,71411]","[12261,12262,12263,12264]",,
75027,7,2011-01-01,[71412],"[12265,12266]",,
75028,14,2014-01-01,[71413],"[12267,12268]",,
75029,1,2011-02-01,"[71414,71415]","[12269,12270,12271,12272]",,
75030,2,1988-02-01,"[71416,71417]","[12273,12274,12275]",,
75031,3,1988-02-01,"[71418,71419]","[12276,12277,12278]",,
75032,4,1988-02-01,"[71420,71421]","[12279,12280,12281,12282]",,
75033,7,2011-02-01,[71422],"[12283,12284]",,
75034,14,2014-02-01,[71423],"[12285,12286]",,
75035,1,2011-03-01,"[71424,71425]","[12287,12288,12289,12290]",,
75036,2,1988-03-01,"[71426,71427]","[12291,12292,12293]",,
75037,3,1988-03-01,"[71428,71429]","[12294,12295,12296]",,
75038,4,1988-03-01,"[71430,71431]","[12297,12298,12299,12300]",,
75039,7,2011-03-01,[71432],"[12301,12302]",,
75040,14,2014-03-01,[71433],"[12303,12304]",,
75041,1,2011-04-01,"[71434,71435]","[12305,12306,12307,12308]",,
75042,2,1988-04-01,"[71436,71437]","[12309,12310,12311]",,
75043,3,1988-04-01,"[71438,71439]","[12312,12313,12314]",,
75044,4,1988-04-01,"[71440,71441]","[12315,12316,12317,12318]",,
75045,7,2011-04-01,[71442],"[12319,12320]",,
75046,14,2014-04-01,[71443],"[12321,12322]",,
75047,1,2011-05-01,"[71444,71445]","[12323,12324,12325,12326]",,
75048,2,1988-05-01,"[71446,71447]","[12327,12328,12329]",,
75049,3,1988-05-01,"[71448,71449]","[12330,12331,12332]",,
75050,4,1988-05-01,"[71450,71451]","[12333,12334,12335,12336]",,
75051,7,2011-05-01,[71452],"[12337,12338]",,
75052,14,2014-05-01,[71453],"[12339,12340]",,
75053,1,2011-06-01,"[71454,71455]","[12341,12342,12343,12344]",,
75054,2,1988-06-01,"[71456,71457]","[12345,12346,12347]",,
75055,3,1988-06-01,"[71458,71459]","[12348,12349,12350]",,
75056,4,1988-06-01,"[71460,71461]","[12351,12352,12353,12354]",,
75057,7,2011-06-01,[71462],"[12355,12356]",,
75058,14,2014-06-01,[71463],"[12357,12358]",,
75059,1,2011-07-01,"[71464,71465]","[12359,12360,12361,12362]",,
75060,2,1988-07-01,"[71466,71467]","[12363,12364,12365]",,
75061,3,1988-07-01,"[71468,71469]","[12366,12367,12368]",,
75062,4,1988-07-01,"[71470,71471]","[12369,12370,12371,12372]",,
75063,7,2011-07-01,[71472],"[12373,12374]",,
75064,14,2014-07-01,[71473],"[12375,12376]",,
75065,1,2011-08-01,"[71474,71475]","[12377,12378,12379,12380]",,
75066,2,1988-08-01,"[71476,71477]","[12381,12382,12383]",,
75067,3,1988-08-01,"[71478,71479]","[12384,12385,12386]",,
75068,4,1988-08-01,"[71480,71481]","[12387,12388,12389,12390]",,
75069,7,2011-08-01,[71482],"[12391,12392]",,
75070,14,2014-08-01,[71483],"[12393,12394]",,
75071,1,2011-09-01,"[71484,71485]","[12395,12396,12397,12398]",,
75072,2,1988-09-01,"[71486,71487]","[12399,12400,12401]",,
75073,3,1988-09-01,"[71488,71489]","[12402,12403,12404]",,
75074,4,1988-09-01,"[71490,71491]","[12405,12406,12407,12408]",,
75075,7,2011-09-01,[71492],"[12409,12410]",,
75076,14,2014-09-01,[71493],"[12411,12412]",,
75077,1,2011-10-01,"[71494,71495]","[12413,12414,12415,12416]",,
75078,2,1988-10-01,"[71496,71497]","[12417,12418,12419]",,
75079,3,1988-10-01,"[71498,71499]","[12420,12421,12422]",,
75080,4,1988-10-01,"[71500,71501]","[12423,12424,12425,12426]",,
75081,7,2011-10-01,[71502],"[12427,12428]",,
75082,14,2014-10-01,[71503],"[12429,12430]",,
75083,1,2011-11-01,"[71504,71505]","[12431,12432,12433,12434]",,
75084,2,1988-11-01,"[71506,71507]","[12435,12436,12437]",,
75085,3,1988-11-01,"[71508,71509]","[12438,12439,12440]",,
75086,4,1988-11-01,"[71510,71511]","[12441,12442,12443,12444]",,
75087,7,2011-11-01,[71512],"[12445,12446]",,
75088,14,2014-11-01,[71513],"[12447,12448]",,
75089,1,2011-12-01,"[71514,71515]","[12449,12450,12451,12452]",,
75090,2,1988-12-01,"[71516,71517]","[12453,12454,12455]",,
75091,3,1988-12-01,"[71518,71519]","[12456,12457,12458]",,
75092,4,1988-12-01,"[71520,71521]","[12459,12460,12461,12462]",,
75093,7,2011-12-01,[71522],"[12463,12464]",,
75094,14,2014-12-01,[71523],"[12465,12466]",,
75095,1,2012-01-01,"[71524,71525]","[12467,12468,12469,12470]",,
75096,2,1989-01-01,"[71526,71527]","[12471,12472,12473]",,
75097,3,1989-01-01,"[71528,71529]","[12474,12475,12476]",,
75098,4,1989-01-01,"[71530,71531]","[12477,12478,12479,12480]",,
75099,7,2012-01-01,[71532],"[12481,12482]",,
75100,14,2015-01-01,[71533],"[12483,12484]",,
75101,1,2012-02-01,"[71534,71535]","[12485,12486,12487,12488]",,
75102,2,1989-02-01,"[71536,71537]","[12489,12490,12491]",,
75103,3,1989-02-01,"[71538,71539]","[12492,12493,12494]",,
75104,4,1989-02-01,"[71540,71541]","[12495,12496,12497,12498]",,
75105,7,2012-02-01,[71542],"[12499,12500]",,
75106,14,2015-02-01,[71543],"[12501,12502]",,
75107,1,2012-03-01,"[71544,71545]","[12503,12504,12505,12506]",,
75108,2,1989-03-01,"[71546,71547]","[12507,12508,12509]",,
75109,3,1989-03-01,"[71548,71549]","[12510,12511,12512]",,
75110,4,1989-03-01,"[71550,71551]","[12513,12514,12515,12516]",,
75111,7,2012-03-01,[71552],"[12517,12518]",,
75112,14,2015-03-01,[71553],"[12519,12520]",,
75113,1,2012-04-01,"[71554,71555]","[12521,12522,12523,12524]",,
75114,2,1989-04-01,"[71556,71557]","[12525,12526,12527]",,
75115,3,1989-04-01,"[71558,71559]","[12528,12529,12530]",,
75116,4,1989-04-01,"[71560,71561]","[12531,12532,12533,12534]",,
75117,7,2012-04-01,[71562],"[12535,12536]",,
75118,14,2015-04-01,[71563],"[12537,12538]",,
75119,1,2012-05-01,"[71564,71565]","[12539,12540,12541,12542]",,
75120,2,1989-05-01,"[71566,71567]","[12543,12544,12545]",,
75121,3,1989-05-01,"[71568,71569]","[12546,12547,12548]",,
75122,4,1989-05-01,"[71570,71571]","[12549,12550,12551,12552]",,
75123,7,2012-05-01,[71572],"[12553,12554]",,
75124,14,2015-05-01,[71573],"[12555,12556]",,
75125,1,2012-06-01,"[71574,71575]","[12557,12558,12559,12560]",,
75126,2,1989-06-01,"[71576,71577]","[12561,12562,12563]",,
75127,3,1989-06-01,"[71578,71579]","[12564,12565,12566]",,
75128,4,1989-06-01,"[71580,71581]","[12567,12568,12569,12570]",,
75129,7,2012-06-01,[71582],"[12571,12572]",,
75130,14,2015-06-01,[71583],"[12573,12574]",,
75131,1,2012-07-01,"[71584,71585]","[12575,12576,12577,12578]",,
75132,2,1989-07-01,"[71586,71587]","[12579,12580,12581]",,
75133,3,1989-07-01,"[71588,71589]","[12582,12583,12584,12585]",,
75134,4,1989-07-01,"[71590,71591]","[12586,12587,12588,12589]",,
75135,7,2012-07-01,[71592],"[12590,12591]",,
75136,14,2015-07-01,[71593],"[12592,12593]",,
75137,1,2012-08-01,"[71594,71595]","[12594,12595,12596,12597]",,
75138,2,1989-08-01,"[71596,71597]","[12598,12599,12600]",,
75139,3,1989-08-01,"[71598,71599]","[12601,12602,12603,12604]",,
75140,4,1989-08-01,"[71600,71601]","[12605,12606,12607,12608]",,
75141,7,2012-08-01,[71602],"[12609,12610]",,
75142,14,2015-08-01,[71603],"[12611,12612]",,
75143,1,2012-09-01,"[71604,71605]","[12613,12614,12615,12616]",,
75144,2,1989-09-01,"[71606,71607]","[12617,12618,12619]",,
75145,3,1989-09-01,"[71608,71609]","[12620,12621,12622,12623]",,
75146,4,1989-09-01,"[71610,71611]","[12624,12625,12626,12627]",,
75147,7,2012-09-01,[71612],"[12628,12629]",,
75148,14,2015-09-01,[71613],"[12630,12631]",,
75149,1,2012-10-01,"[71614,71615]","[12632,12633,12634,12635]",,
75150,2,1989-10-01,"[71616,71617]","[12636,12637,12638]",,
75151,3,1989-10-01,"[71618,71619]","[12639,12640,12641,12642]",,
75152,4,1989-10-01,"[71620,71621]","[12643,12644,12645,12646]",,
75153,7,2012-10-01,[71622],"[12647,12648]",,
75154,14,2015-10-01,[71623],"[12649,12650]",,
75155,1,2012-11-01,"[71624,71625]","[12651,12652,12653,12654]",,
75156,2,1989-11-01,"[71626,71627]","[12655,12656,12657]",,
75157,3,1989-11-01,"[71628,71629]","[12658,12659,12660,12661]",,
75158,4,1989-11-01,"[71630,71631]","[12662,12663,12664,12665]",,
75159,7,2012-11-01,[71632],"[12666,12667]",,
75160,14,2015-11-01,[71633],"[12668,12669]",,
75161,1,2012-12-01,"[71634,71635]","[12670,12671,12672,12673]",,
75162,2,1989-12-01,"[71636,71637]","[12674,12675,12676]",,
75163,3,1989-12-01,"[71638,71639]","[12677,12678,12679,12680]",,
75164,4,1989-12-01,"[71640,71641]","[12681,12682,12683,12684]",,
75165,7,2012-12-01,[71642],"[12685,12686]",,
75166,14,2015-12-01,[71643],"[12687,12688]",,
75167,1,2013-01-01,"[71644,71645]","[12689,12690,12691,12692]",,
75168,2,1990-01-01,"[71646,71647]","[12693,12694,12695]",,
75169,3,1990-01-01,"[71648,71649]","[12696,12697,12698,12699]",,
75170,4,1990-01-01,"[71650,71651]","[12700,12701,12702,12703]",,
75171,7,2013-01-01,[71652],"[12704,12705]",,
75172,14,2016-01-01,[71653],"[12706,12707]",,
75173,1,2013-02-01,"[71654,71655]","[12708,12709,12710,12711]",,
75174,2,1990-02-01,"[71656,71657]","[12712,12713,12714]",,
75175,3,1990-02-01,"[71658,71659]","[12715,12716,12717,12718]",,
75176,4,1990-02-01,"[71660,71661]","[12719,12720,12721,12722]",,
75177,7,2013-02-01,[71662],"[12723,12724]",,
75178,14,2016-02-01,[71663],"[12725,12726]",,
75179,1,2013-03-01,"[71664,71665]","[12727,12728,12729,12730]",,
75180,2,1990-03-01,"[71666,71667]","[12731,12732,12733]",,
75181,3,1990-03-01,"[71668,71669]","[12734,12735,12736,12737]",,
75182,4,1990-03-01,"[71670,71671]","[12738,12739,12740,12741]",,
75183,7,2013-03-01,[71672],"[12742,12743]",,
75184,14,2016-03-01,[71673],"[12744,12745]",,
75185,1,2013-04-01,"[71674,71675]","[12746,12747,12748,12749]",,
75186,2,1990-04-01,"[71676,71677]","[12750,12751,12752]",,
75187,3,1990-04-01,"[71678,71679]","[12753,12754,12755,12756]",,
75188,4,1990-04-01,"[71680,71681]","[12757,12758,12759,12760]",,
75189,7,2013-04-01,[71682],"[12761,12762]",,
75190,14,2016-04-01,[71683],"[12763,12764]",,
75191,1,2013-05-01,"[71684,71685]","[12765,12766,12767,12768]",,
75192,2,1990-05-01,"[71686,71687]","[12769,12770,12771]",,
75193,3,1990-05-01,"[71688,71689]","[12772,12773,12774,12775]",,
75194,4,1990-05-01,"[71690,71691]","[12776,12777,12778,12779]",,
75195,7,2013-05-01,[71692],"[12780,12781]",,
75196,14,2016-05-01,[71693],"[12782,12783]",,
75197,1,2013-06-01,"[71694,71695]","[12784,12785,12786,12787]",,
75198,2,1990-06-01,"[71696,71697]","[12788,12789,12790]",,
75199,3,1990-06-01,"[71698,71699]","[12791,12792,12793,12794]",,
75200,4,1990-06-01,"[71700,71701]","[12795,12796,12797,12798]",,
75201,7,2013-06-01,[71702],"[12799,12800]",,
75202,14,2016-06-01,[71703],"[12801,12802]",,
75203,1,2013-07-01,"[71704,71705]","[12803,12804,12805,12806]",,
75204,2,1990-07-01,"[71706,71707]","[12807,12808,12809]",,
75205,3,1990-07-01,"[71708,71709]","[12810,12811,12812,12813]",,
75206,4,1990-07-01,"[71710,71711]","[12814,12815,12816,12817]",,
75207,7,2013-07-01,[71712],"[12818,12819]",,
75208,14,2016-07-01,[71713],"[12820,12821]",,
75209,1,2013-08-01,"[71714,71715]","[12822,12823,12824,12825]",,
75210,2,1990-08-01,"[71716,71717]","[12826,12827,12828]",,
75211,3,1990-08-01,"[71718,71719]","[12829,12830,12831,12832]",,
75212,4,1990-08-01,"[71720,71721]","[12833,12834,12835,12836]",,
75213,7,2013-08-01,[71722],"[12837,12838]",,
75214,14,2016-08-01,[71723],"[12839,12840]",,
75215,1,2013-09-01,"[71724,71725]","[12841,12842,12843,12844]",,
75216,2,1990-09-01,"[71726,71727]","[12845,12846,12847]",,
75217,3,1990-09-01,"[71728,71729]","[12848,12849,12850,12851]",,
75218,4,1990-09-01,"[71730,71731]","[12852,12853,12854,12855]",,
75219,7,2013-09-01,[71732],"[12856,12857]",,
75220,14,2016-09-01,[71733],"[12858,12859]",,
75221,1,2013-10-01,"[71734,71735]","[12860,12861,12862,12863]",,
75222,2,1990-10-01,"[71736,71737]","[12864,12865,12866]",,
75223,3,1990-10-01,"[71738,71739]","[12867,12868,12869,12870]",,
75224,4,1990-10-01,"[71740,71741]","[12871,12872,12873,12874]",,
75225,7,2013-10-01,[71742],"[12875,12876]",,
75226,14,2016-10-01,[71743],"[12877,12878]",,
75227,1,2013-11-01,"[71744,71745]","[12879,12880,12881,12882]",,
75228,2,1990-11-01,"[71746,71747]","[12883,12884,12885]",,
75229,3,1990-11-01,"[71748,71749]","[12886,12887,12888,12889]",,
75230,4,1990-11-01,"[71750,71751]","[12890,12891,12892,12893]",,
75231,7,2013-11-01,[71752],"[12894,12895]",,
75232,14,2016-11-01,[71753],"[12896,12897]",,
75233,1,2013-12-01,"[71754,71755]","[12898,12899,12900,12901]",,
75234,2,1990-12-01,"[71756,71757]","[12902,12903,12904]",,
75235,3,1990-12-01,"[71758,71759]","[12905,12906,12907,12908]",,
75236,4,1990-12-01,"[71760,71761]","[12909,12910,12911,12912]",,
75237,7,2013-12-01,[71762],"[12913,12914]",,
75238,14,2016-12-01,[71763],"[12915,12916]",,
75239,1,2014-01-01,"[71764,71765]","[12917,12918,12919,12920]",,
75240,2,1991-01-01,"[71766,71767]","[12921,12922,12923]",,
75241,3,1991-01-01,"[71768,71769]","[12924,12925,12926,12927]",,
75242,4,1991-01-01,"[71770,71771]","[12928,12929,12930,12931]",,
75243,7,2014-01-01,[71772],"[12932,12933]",,
75244,14,2017-01-01,[71773],"[12934,12935]",,
75245,1,2014-02-01,"[71774,71775]","[12936,12937,12938,12939]",,
75246,2,1991-02-01,"[71776,71777]","[12940,12941,12942]",,
75247,3,1991-02-01,"[71778,71779]","[12943,12944,12945,12946]",,
75248,4,1991-02-01,"[71780,71781]","[12947,12948,12949,12950]",,
75249,7,2014-02-01,[71782],"[12951,12952]",,
75250,14,2017-02-01,[71783],"[12953,12954]",,
75251,1,2014-03-01,"[71784,71785]","[12955,12956,12957,12958]",,
75252,2,1991-03-01,"[71786,71787]","[12959,12960,12961]",,
75253,3,1991-03-01,"[71788,71789]","[12962,12963,12964,12965]",,
75254,4,1991-03-01,"[71790,71791]","[12966,12967,12968,12969]",,
75255,7,2014-03-01,[71792],"[12970,12971]",,
75256,14,2017-03-01,[71793],"[12972,12973]",,
75257,1,2014-04-01,"[71794,71795]","[12974,12975,12976,12977]",,
75258,2,1991-04-01,"[71796,71797]","[12978,12979,12980]",,
75259,3,1991-04-01,"[71798,71799]","[12981,12982,12983,12984]",,
75260,4,1991-04-01,"[71800,71801]","[12985,12986,12987,12988]",,
75261,7,2014-04-01,[71802],"[12989,12990]",,
75262,14,2017-04-01,[71803],"[12991,12992]",,
75263,1,2014-05-01,"[71804,71805]","[12993,12994,12995,12996]",,
75264,2,1991-05-01,"[71806,71807]","[12997,12998,12999]",,
75265,3,1991-05-01,"[71808,71809]","[13000,13001,13002,13003]",,
75266,4,1991-05-01,"[71810,71811]","[13004,13005,13006,13007]",,
75267,7,2014-05-01,[71812],"[13008,13009]",,
75268,14,2017-05-01,[71813],"[13010,13011]",,
75269,1,2014-06-01,"[71814,71815]","[13012,13013,13014,13015]",,
75270,2,1991-06-01,"[71816,71817]","[13016,13017,13018]",,
75271,3,1991-06-01,"[71818,71819]","[13019,13020,13021,13022]",,
75272,4,1991-06-01,"[71820,71821]","[13023,13024,13025,13026]",,
75273,7,2014-06-01,[71822],"[13027,13028]",,
75274,14,2017-06-01,[71823],"[13029,13030]",,
75275,1,2014-07-01,"[71824,71825]","[13031,13032,13033,13034]",,
75276,2,1991-07-01,"[71826,71827]","[13035,13036,13037,13038]",,
75277,3,1991-07-01,"[71828,71829]","[13039,13040,13041,13042]",,
75278,4,1991-07-01,"[71830,71831]","[13043,13044,13045,13046]",,
75279,7,2014-07-01,[71832],"[13047,13048]",,
75280,14,2017-07-01,[71833],"[13049,13050]",,
75281,1,2014-08-01,"[71834,71835]","[13051,13052,13053,13054]",,
75282,2,1991-08-01,"[71836,71837]","[13055,13056,13057,13058]",,
75283,3,1991-08-01,"[71838,71839]","[13059,13060,13061,13062]",,
75284,4,1991-08-01,"[71840,71841]","[13063,13064,13065,13066]",,
75285,7,2014-08-01,[71842],"[13067,13068]",,
75286,14,2017-08-01,[71843],"[13069,13070]",,
75287,1,2014-09-01,"[71844,71845]","[13071,13072,13073,13074]",,
75288,2,1991-09-01,"[71846,71847]","[13075,13076,13077,13078]",,
75289,3,1991-09-01,"[71848,71849]","[13079,13080,13081,13082]",,
75290,4,1991-09-01,"[71850,71851]","[13083,13084,13085,13086]",,
75291,7,2014-09-01,[71852],"[13087,13088]",,
75292,14,2017-09-01,[71853],"[13089,13090]",,
75293,1,2014-10-01,"[71854,71855]","[13091,13092,13093,13094]",,
75294,2,1991-10-01,"[71856,71857]","[13095,13096,13097,13098]",,
75295,3,1991-10-01,"[71858,71859]","[13099,13100,13101,13102]",,
75296,4,1991-10-01,"[71860,71861]","[13103,13104,13105,13106]",,
75297,7,2014-10-01,[71862],"[13107,13108]",,
75298,14,2017-10-01,[71863],"[13109,13110]",,
75299,1,2014-11-01,"[71864,71865]","[13111,13112,13113,13114]",,
75300,2,1991-11-01,"[71866,71867]","[13115,13116,13117,13118]",,
75301,3,1991-11-01,"[71868,71869]","[13119,13120,13121,13122]",,
75302,4,1991-11-01,"[71870,71871]","[13123,13124,13125,13126]",,
75303,7,2014-11-01,[71872],"[13127,13128]",,
75304,14,2017-11-01,[71873],"[13129,13130]",,
75305,1,2014-12-01,"[71874,71875]","[13131,13132,13133,13134]",,
75306,2,1991-12-01,"[71876,71877]","[13135,13136,13137,13138]",,
75307,3,1991-12-01,"[71878,71879]","[13139,13140,13141,13142]",,
75308,4,1991-12-01,"[71880,71881]","[13143,13144,13145,13146]",,
75309,7,2014-12-01,[71882],"[13147,13148]",,
75310,14,2017-12-01,[71883],"[13149,13150]",,
75311,1,2015-01-01,"[71884,71885]","[13151,13152,13153,13154]",,
75312,2,1992-01-01,"[71886,71887]","[13155,13156,13157,13158]",,
75313,3,1992-01-01,"[71888,71889]","[13159,13160,13161,13162]",,
75314,4,1992-01-01,"[71890,71891]","[13163,13164,13165,13166]",,
75315,7,2015-01-01,[71892],"[13167,13168]",,
75316,14,2018-01-01,[71893],"[13169,13170]",,
75317,1,2015-02-01,"[71894,71895]","[13171,13172,13173,13174]",,
75318,2,1992-02-01,"[71896,71897]","[13175,13176,13177,13178]",,
75319,3,1992-02-01,"[71898,71899]","[13179,13180,13181,13182]",,
75320,4,1992-02-01,"[71900,71901]","[13183,13184,13185,13186]",,
75321,7,2015-02-01,[71902],"[13187,13188]",,
75322,14,2018-02-01,[71903],"[13189,13190]",,
75323,1,2015-03-01,"[71904,71905]","[13191,13192,13193,13194]",,
75324,2,1992-03-01,"[71906,71907]","[13195,13196,13197,13198]",,
75325,3,1992-03-01,"[71908,71909]","[13199,13200,13201,13202]",,
75326,4,1992-03-01,"[71910,71911]","[13203,13204,13205,13206]",,
75327,7,2015-03-01,[71912],"[13207,13208]",,
75328,14,2018-03-01,[71913],"[13209,13210]",,
75329,1,2015-04-01,"[71914,71915]","[13211,13212,13213,13214]",,
75330,2,1992-04-01,"[71916,71917]","[13215,13216,13217,13218]",,
75331,3,1992-04-01,"[71918,71919]","[13219,13220,13221,13222]",,
75332,4,1992-04-01,"[71920,71921]","[13223,13224,13225,13226]",,
75333,7,2015-04-01,[71922],"[13227,13228]",,
75334,14,2018-04-01,[71923],"[13229,13230]",,
75335,1,2015-05-01,"[71924,71925]","[13231,13232,13233,13234]",,
75336,2,1992-05-01,"[71926,71927]","[13235,13236,13237,13238]",,
75337,3,1992-05-01,"[71928,71929]","[13239,13240,13241,13242]",,
75338,4,1992-05-01,"[71930,71931]","[13243,13244,13245,13246]",,
75339,7,2015-05-01,[71932],"[13247,13248]",,
75340,14,2018-05-01,[71933],"[13249,13250]",,
75341,1,2015-06-01,"[71934,71935]","[13251,13252,13253,13254]",,
75342,2,1992-06-01,"[71936,71937]","[13255,13256,13257,13258]",,
75343,3,1992-06-01,"[71938,71939]","[13259,13260,13261,13262]",,
75344,4,1992-06-01,"[71940,71941]","[13263,13264,13265,13266]",,
75345,7,2015-06-01,[71942],"[13267,13268]",,
75346,14,2018-06-01,[71943],"[13269,13270]",,
75347,1,2015-07-01,"[71944,71945]","[13271,13272,13273,13274]",,
75348,2,1992-07-01,"[71946,71947]","[13275,13276,13277,13278]",,
75349,3,1992-07-01,"[71948,71949]","[13279,13280,13281,13282]",,
75350,4,1992-07-01,"[71950,71951]","[13283,13284,13285,13286]",,
75351,7,2015-07-01,[71952],"[13287,13288]",,
75352,14,2018-07-01,[71953],"[13289,13290]",,
75353,1,2015-08-01,"[71954,71955]","[13291,13292,13293,13294]",,
75354,2,1992-08-01,"[71956,71957]","[13295,13296,13297,13298]",,
75355,3,1992-08-01,"[71958,71959]","[13299,13300,13301,13302]",,
75356,4,1992-08-01,"[71960,71961]","[13303,13304,13305,13306]",,
75357,7,2015-08-01,[71962],"[13307,13308]",,
75358,14,2018-08-01,[71963],"[13309,13310]",,
75359,1,2015-09-01,"[71964,71965]","[13311,13312,13313,13314]",,
75360,2,1992-09-01,"[71966,71967]","[13315,13316,13317,13318]",,
75361,3,1992-09-01,"[71968,71969]","[13319,13320,13321,13322]",,
75362,4,1992-09-01,"[71970,71971]","[13323,13324,13325,13326]",,
75363,7,2015-09-01,[71972],"[13327,13328]",,
75364,14,2018-09-01,[71973],"[13329,13330]",,
75365,1,2015-10-01,"[71974,71975]","[13331,13332,13333,13334]",,
75366,2,1992-10-01,"[71976,71977]","[13335,13336,13337,13338]",,
75367,3,1992-10-01,"[71978,71979]","[13339,13340,13341,13342]",,
75368,4,1992-10-01,"[71980,71981]","[13343,13344,13345,13346]",,
75369,7,2015-10-01,[71982],"[13347,13348]",,
75370,14,2018-10-01,[71983],"[13349,13350]",,
75371,1,2015-11-01,"[71984,71985]","[13351,13352,13353,13354]",,
75372,2,1992-11-01,"[71986,71987]","[13355,13356,13357,13358]",,
75373,3,1992-11-01,"[71988,71989]","[13359,13360,13361,13362]",,
75374,4,1992-11-01,"[71990,71991]","[13363,13364,13365,13366]",,
75375,7,2015-11-01,[71992],"[13367,13368]",,
75376,14,2018-11-01,[71993],"[13369,13370]",,
75377,1,2015-12-01,"[71994,71995]","[13371,13372,13373,13374]",,
75378,2,1992-12-01,"[71996,71997]","[13375,13376,13377,13378]",,
75379,3,1992-12-01,"[71998,71999]","[13379,13380,13381,13382]",,
75380,4,1992-12-01,"[72000,72001]","[13383,13384,13385,13386]",,
75381,7,2015-12-01,[72002],"[13387,13388]",,
75382,14,2018-12-01,[72003],"[13389,13390]",,
75383,1,2016-01-01,"[72004,72005]","[13391,13392,13393,13394]",,
75384,2,1993-01-01,"[72006,72007]","[13395,13396,13397,13398]",,
75385,3,1993-01-01,"[72008,72009]","[13399,13400,13401,13402]",,
75386,4,1993-01-01,"[72010,72011]","[13403,13404,13405,13406]",,
75387,7,2016-01-01,[72012],"[13407,13408]",,
75388,14,2019-01-01,[72013],"[13409,13410]",,
75389,1,2016-02-01,"[72014,72015]","[13411,13412,13413,13414]",,
75390,2,1993-02-01,"[72016,72017]","[13415,13416,13417,13418]",,
75391,3,1993-02-01,"[72018,72019]","[13419,13420,13421,13422]",,
75392,4,1993-02-01,"[72020,72021]","[13423,13424,13425,13426]",,
75393,7,2016-02-01,[72022],"[13427,13428]",,
75394,14,2019-02-01,[72023],"[13429,13430]",,
75395,1,2016-03-01,"[72024,72025]","[13431,13432,13433,13434]",,
75396,2,1993-03-01,"[72026,72027]","[13435,13436,13437,13438]",,
75397,3,1993-03-01,"[72028,72029]","[13439,13440,13441,13442]",,
75398,4,1993-03-01,"[72030,72031]","[13443,13444,13445,13446]",,
75399,7,2016-03-01,[72032],"[13447,13448]",,
75400,14,2019-03-01,[72033],"[13449,13450]",,
75401,1,2016-04-01,"[72034,72035]","[13451,13452,13453,13454]",,
75402,2,1993-04-01,"[72036,72037]","[13455,13456,13457,13458]",,
75403,3,1993-04-01,"[72038,72039]","[13459,13460,13461,13462]",,
75404,4,1993-04-01,"[72040,72041]","[13463,13464,13465,13466]",,
75405,7,2016-04-01,[72042],"[13467,13468]",,
75406,14,2019-04-01,[72043],"[13469,13470]",,
75407,1,2016-05-01,"[72044,72045]","[13471,13472,13473,13474]",,
75408,2,1993-05-01,"[72046,72047]","[13475,13476,13477,13478]",,
75409,3,1993-05-01,"[72048,72049]","[13479,13480,13481,13482]",,
75410,4,1993-05-01,"[72050,72051]","[13483,13484,13485,13486]",,
75411,7,2016-05-01,[72052],"[13487,13488]",,
75412,14,2019-05-01,[72053],"[13489,13490]",,
75413,1,2016-06-01,"[72054,72055]","[13491,13492,13493,13494]",,
75414,2,1993-06-01,"[72056,72057]","[13495,13496,13497,13498]",,
75415,3,1993-06-01,"[72058,72059]","[13499,13500,13501,13502]",,
75416,4,1993-06-01,"[72060,72061]","[13503,13504,13505,13506]",,
75417,7,2016-06-01,[72062],"[13507,13508]",,
75418,14,2019-06-01,[72063],"[13509,13510]",,
75419,1,2016-07-01,"[72064,72065]","[13511,13512,13513,13514]",,
75420,2,1993-07-01,"[72066,72067]","[13515,13516,13517,13518]",,
75421,3,1993-07-01,"[72068,72069]","[13519,13520,13521,13522]",,
75422,4,1993-07-01,"[72070,72071]","[13523,13524,13525,13526]",,
75423,7,2016-07-01,[72072],"[13527,13528]",,
75424,14,2019-07-01,[72073],"[13529,13530]",,
75425,1,2016-08-01,"[72074,72075]","[13531,13532,13533,13534]",,
75426,2,1993-08-01,"[72076,72077]","[13535,13536,13537,13538]",,
75427,3,1993-08-01,"[72078,72079]","[13539,13540,13541,13542]",,
75428,4,1993-08-01,"[72080,72081]","[13543,13544,13545,13546]",,
75429,7,2016-08-01,[72082],"[13547,13548]",,
75430,14,2019-08-01,[72083],"[13549,13550]",,
75431,1,2016-09-01,"[72084,72085]","[13551,13552,13553,13554]",,
75432,2,1993-09-01,"[72086,72087]","[13555,13556,13557,13558]",,
75433,3,1993-09-01,"[72088,72089]","[13559,13560,13561,13562]",,
75434,4,1993-09-01,"[72090,72091]","[13563,13564,13565,13566]",,
75435,7,2016-09-01,[72092],"[13567,13568]",,
75436,14,2019-09-01,[72093],"[13569,13570]",,
75437,1,2016-10-01,"[72094,72095]","[13571,13572,13573,13574]",,
75438,2,1993-10-01,"[72096,72097]","[13575,13576,13577,13578]",,
75439,3,1993-10-01,"[72098,72099]","[13579,13580,13581,13582]",,
75440,4,1993-10-01,"[72100,72101]","[13583,13584,13585,13586]",,
75441,7,2016-10-01,[72102],"[13587,13588]",,
75442,14,2019-10-01,[72103],"[13589,13590]",,
75443,1,2016-11-01,"[72104,72105]","[13591,13592,13593,13594]",,
75444,2,1993-11-01,"[72106,72107]","[13595,13596,13597,13598]",,
75445,3,1993-11-01,"[72108,72109]","[13599,13600,13601,13602]",,
75446,4,1993-11-01,"[72110,72111]","[13603,13604,13605,13606]",,
75447,7,2016-11-01,[72112],"[13607,13608]",,
75448,14,2019-11-01,[72113],"[13609,13610]",,
75449,1,2016-12-01,"[72114,72115]","[13611,13612,13613,13614]",,
75450,2,1993-12-01,"[72116,72117]","[13615,13616,13617,13618]",,
75451,3,1993-12-01,"[72118,72119]","[13619,13620,13621,13622]",,
75452,4,1993-12-01,"[72120,72121]","[13623,13624,13625,13626]",,
75453,7,2016-12-01,[72122],"[13627,13628]",,
75454,14,2019-12-01,[72123],"[13629,13630]",,
75455,1,2017-01-01,"[72124,72125]","[13631,13632,13633,13634]",,
75456,2,1994-01-01,"[72126,72127]","[13635,13636,13637,13638]",,
75457,3,1994-01-01,"[72128,72129]","[13639,13640,13641,13642]",,
75458,4,1994-01-01,"[72130,72131]","[13643,13644,13645,13646]",,
75459,7,2017-01-01,[72132],"[13647,13648]",,
75460,14,2020-01-01,[72133],"[13649,13650]",,
75461,1,2017-02-01,"[72134,72135]","[13651,13652,13653,13654]",,
75462,2,1994-02-01,"[72136,72137]","[13655,13656,13657,13658]",,
75463,3,1994-02-01,"[72138,72139]","[13659,13660,13661,13662]",,
75464,4,1994-02-01,"[72140,72141]","[13663,13664,13665,13666]",,
75465,7,2017-02-01,[72142],"[13667,13668]",,
75466,14,2020-02-01,[72143],"[13669,13670]",,
75467,1,2017-03-01,"[72144,72145]","[13671,13672,13673,13674]",,
75468,2,1994-03-01,"[72146,72147]","[13675,13676,13677,13678]",,
75469,3,1994-03-01,"[72148,72149]","[13679,13680,13681,13682]",,
75470,4,1994-03-01,"[72150,72151]","[13683,13684,13685,13686]",,
75471,7,2017-03-01,[72152],"[13687,13688]",,
75472,14,2020-03-01,[72153],"[13689,13690]",,
75473,1,2017-04-01,"[72154,72155]","[13691,13692,13693,13694]",,
75474,2,1994-04-01,"[72156,72157]","[13695,13696,13697,13698]",,
75475,3,1994-04-01,"[72158,72159]","[13699,13700,13701,13702]",,
75476,4,1994-04-01,"[72160,72161]","[13703,13704,13705,13706]",,
75477,7,2017-04-01,[72162],"[13707,13708]",,
75478,14,2020-04-01,[72163],"[13709,13710]",,
75479,1,2017-05-01,"[72164,72165]","[13711,13712,13713,13714]",,
75480,2,1994-05-01,"[72166,72167]","[13715,13716,13717,13718]",,
75481,3,1994-05-01,"[72168,72169]","[13719,13720,13721,13722]",,
75482,4,1994-05-01,"[72170,72171]","[13723,13724,13725,13726]",,
75483,7,2017-05-01,[72172],"[13727,13728]",,
75484,14,2020-05-01,[72173],"[13729,13730]",,
75485,1,2017-06-01,"[72174,72175]","[13731,13732,13733,13734]",,
75486,2,1994-06-01,"[72176,72177]","[13735,13736,13737,13738]",,
75487,3,1994-06-01,"[72178,72179]","[13739,13740,13741,13742]",,
75488,4,1994-06-01,"[72180,72181]","[13743,13744,13745,13746]",,
75489,7,2017-06-01,[72182],"[13747,13748]",,
75490,14,2020-06-01,[72183],"[13749,13750]",,
75491,1,2017-07-01,"[72184,72185]","[13751,13752,13753,13754]",,
75492,2,1994-07-01,"[72186,72187]","[13755,13756,13757,13758]",,
75493,3,1994-07-01,"[72188,72189]","[13759,13760,13761,13762]",,
75494,4,1994-07-01,"[72190,72191]","[13763,13764,13765,13766]",,
75495,7,2017-07-01,[72192],"[13767,13768]",,
75496,14,2020-07-01,[72193],"[13769,13770]",,
75497,1,2017-08-01,"[72194,72195]","[13771,13772,13773,13774]",,
75498,2,1994-08-01,"[72196,72197]","[13775,13776,13777,13778]",,
75499,3,1994-08-01,"[72198,72199]","[13779,13780,13781,13782]",,
75500,4,1994-08-01,"[72200,72201]","[13783,13784,13785,13786]",,
75501,7,2017-08-01,[72202],"[13787,13788]",,
75502,14,2020-08-01,[72203],"[13789,13790]",,
75503,1,2017-09-01,"[72204,72205]","[13791,13792,13793,13794]",,
75504,2,1994-09-01,"[72206,72207]","[13795,13796,13797,13798]",,
75505,3,1994-09-01,"[72208,72209]","[13799,13800,13801,13802]",,
75506,4,1994-09-01,"[72210,72211]","[13803,13804,13805,13806]",,
75507,7,2017-09-01,[72212],"[13807,13808]",,
75508,14,2020-09-01,[72213],"[13809,13810]",,
75509,1,2017-10-01,"[72214,72215]","[13811,13812,13813,13814]",,
75510,2,1994-10-01,"[72216,72217]","[13815,13816,13817,13818]",,
75511,3,1994-10-01,"[72218,72219]","[13819,13820,13821,13822]",,
75512,4,1994-10-01,"[72220,72221]","[13823,13824,13825,13826]",,
75513,7,2017-10-01,[72222],"[13827,13828]",,
75514,14,2020-10-01,[72223],"[13829,13830]",,
75515,1,2017-11-01,"[72224,72225]","[13831,13832,13833,13834]",,
75516,2,1994-11-01,"[72226,72227]","[13835,13836,13837,13838]",,
75517,3,1994-11-01,"[72228,72229]","[13839,13840,13841,13842]",,
75518,4,1994-11-01,"[72230,72231]","[13843,13844,13845,13846]",,
75519,7,2017-11-01,[72232],"[13847,13848]",,
75520,14,2020-11-01,[72233],"[13849,13850]",,
75521,1,2017-12-01,"[72234,72235]","[13851,13852,13853,13854]",,
75522,2,1994-12-01,"[72236,72237]","[13855,13856,13857,13858]",,
75523,3,1994-12-01,"[72238,72239]","[13859,13860,13861,13862]",,
75524,4,1994-12-01,"[72240,72241]","[13863,13864,13865,13866]",,
75525,7,2017-12-01,[72242],"[13867,13868]",,
75526,14,2020-12-01,[72243],"[13869,13870]",,
75527,1,2018-01-01,"[72244,72245]","[13871,13872,13873,13874]",,
75528,2,1995-01-01,"[72246,72247]","[13875,13876,13877,13878]",,
75529,3,1995-01-01,"[72248,72249]","[13879,13880,13881,13882]",,
75530,4,1995-01-01,"[72250,72251]","[13883,13884,13885,13886]",,
75531,7,2018-01-01,[72252],"[13887,13888]",,
75532,14,2021-01-01,[72253],"[13889,13890]",,
75533,1,2018-02-01,"[72254,72255]","[13891,13892,13893,13894]",,
75534,2,1995-02-01,"[72256,72257]","[13895,13896,13897,13898]",,
75535,3,1995-02-01,"[72258,72259]","[13899,13900,13901,13902]",,
75536,4,1995-02-01,"[72260,72261]","[13903,13904,13905,13906]",,
75537,7,2018-02-01,[72262],"[13907,13908]",,
75538,14,2021-02-01,[72263],"[13909,13910]",,
75539,1,2018-03-01,"[72264,72265]","[13911,13912,13913,13914]",,
75540,2,1995-03-01,"[72266,72267]","[13915,13916,13917,13918]",,
75541,3,1995-03-01,"[72268,72269]","[13919,13920,13921,13922]",,
75542,4,1995-03-01,"[72270,72271]","[13923,13924,13925,13926]",,
75543,7,2018-03-01,[72272],"[13927,13928]",,
75544,14,2021-03-01,[72273],"[13929,13930]",,
75545,1,2018-04-01,"[72274,72275]","[13931,13932,13933,13934]",,
75546,2,1995-04-01,"[72276,72277]","[13935,13936,13937,13938]",,
75547,3,1995-04-01,"[72278,72279]","[13939,13940,13941,13942]",,
75548,4,1995-04-01,"[72280,72281]","[13943,13944,13945,13946]",,
75549,7,2018-04-01,[72282],"[13947,13948]",,
75550,14,2021-04-01,[72283],"[13949,13950]",,
75551,1,2018-05-01,"[72284,72285]","[13951,13952,13953,13954]",,
75552,2,1995-05-01,"[72286,72287]","[13955,13956,13957,13958]",,
75553,3,1995-05-01,"[72288,72289]","[13959,13960,13961,13962]",,
75554,4,1995-05-01,"[72290,72291]","[13963,13964,13965,13966]",,
75555,7,2018-05-01,[72292],"[13967,13968]",,
75556,14,2021-05-01,[72293],"[13969,13970]",,
75557,1,2018-06-01,"[72294,72295]","[13971,13972,13973,13974]",,
75558,2,1995-06-01,"[72296,72297]","[13975,13976,13977,13978]",,
75559,3,1995-06-01,"[72298,72299]","[13979,13980,13981,13982]",,
75560,4,1995-06-01,"[72300,72301]","[13983,13984,13985,13986]",,
75561,7,2018-06-01,[72302],"[13987,13988]",,
75562,14,2021-06-01,[72303],"[13989,13990]",,
75563,1,2018-07-01,"[72304,72305]","[13991,13992,13993,13994]",,
75564,2,1995-07-01,"[72306,72307]","[13995,13996,13997,13998]",,
75565,3,1995-07-01,"[72308,72309]","[13999,14000,14001,14002]",,
75566,4,1995-07-01,"[72310,72311]","[14003,14004,14005,14006]",,
75567,7,2018-07-01,[72312],"[14007,14008]",,
75568,14,2021-07-01,[72313],"[14009,14010]",,
75569,1,2018-08-01,"[72314,72315]","[14011,14012,14013,14014]",,
75570,2,1995-08-01,"[72316,72317]","[14015,14016,14017,14018]",,
75571,3,1995-08-01,"[72318,72319]","[14019,14020,14021,14022]",,
75572,4,1995-08-01,"[72320,72321]","[14023,14024,14025,14026]",,
75573,7,2018-08-01,[72322],"[14027,14028]",,
75574,14,2021-08-01,[72323],"[14029,14030]",,
75575,1,2018-09-01,"[72324,72325]","[14031,14032,14033,14034]",,
75576,2,1995-09-01,"[72326,72327]","[14035,14036,14037,14038]",,
75577,3,1995-09-01,"[72328,72329]","[14039,14040,14041,14042]",,
75578,4,1995-09-01,"[72330,72331]","[14043,14044,14045,14046]",,
75579,7,2018-09-01,[72332],"[14047,14048]",,
75580,14,2021-09-01,[72333],"[14049,14050]",,
75581,1,2018-10-01,"[72334,72335]","[14051,14052,14053,14054]",,
75582,2,1995-10-01,"[72336,72337]","[14055,14056,14057,14058]",,
75583,3,1995-10-01,"[72338,72339]","[14059,14060,14061,14062]",,
75584,4,1995-10-01,"[72340,72341]","[14063,14064,14065,14066]",,
75585,7,2018-10-01,[72342],"[14067,14068]",,
75586,14,2021-10-01,[72343],"[14069,14070]",,
75587,1,2018-11-01,"[72344,72345]","[14071,14072,14073,14074]",,
75588,2,1995-11-01,"[72346,72347]","[14075,14076,14077,14078]",,
75589,3,1995-11-01,"[72348,72349]","[14079,14080,14081,14082]",,
75590,4,1995-11-01,"[72350,72351]","[14083,14084,14085,14086]",,
75591,7,2018-11-01,[72352],"[14087,14088]",,
75592,14,2021-11-01,[72353],"[14089,14090]",,
75593,1,2018-12-01,"[72354,72355]","[14091,14092,14093,14094]",,
75594,2,1995-12-01,"[72356,72357]","[14095,14096,14097,14098]",,
75595,3,1995-12-01,"[72358,72359]","[14099,14100,14101,14102]",,
75596,4,1995-12-01,"[72360,72361]","[14103,14104,14105,14106]",,
75597,7,2018-12-01,[72362],"[14107,14108]",,
75598,14,2021-12-01,[72363],"[14109,14110]",,
75599,1,2019-01-01,"[72364,72365]","[14111,14112,14113,14114]",,
75600,2,1996-01-01,"[72366,72367]","[14115,14116,14117,14118]",,
75601,3,1996-01-01,"[72368,72369]","[14119,14120,14121,14122]",,
75602,4,1996-01-01,"[72370,72371]","[14123,14124,14125,14126]",,
75603,7,2019-01-01,[72372],"[14127,14128]",,
75604,14,2022-01-01,[72373],"[14129,14130]",,
75605,1,2019-02-01,"[72374,72375]","[14131,14132,14133,14134]",,
75606,2,1996-02-01,"[72376,72377]","[14135,14136,14137,14138]",,
75607,3,1996-02-01,"[72378,72379]","[14139,14140,14141,14142]",,
75608,4,1996-02-01,"[72380,72381]","[14143,14144,14145,14146]",,
75609,7,2019-02-01,[72382],"[14147,14148]",,
75610,14,2022-02-01,[72383],"[14149,14150]",,
75611,1,2019-03-01,"[72384,72385]","[14151,14152,14153,14154]",,
75612,2,1996-03-01,"[72386,72387]","[14155,14156,14157,14158]",,
75613,3,1996-03-01,"[72388,72389]","[14159,14160,14161,14162]",,
75614,4,1996-03-01,"[72390,72391]","[14163,14164,14165,14166]",,
75615,7,2019-03-01,[72392],"[14167,14168]",,
75616,14,2022-03-01,[72393],"[14169,14170]",,
75617,1,2019-04-01,"[72394,72395]","[14171,14172,14173,14174]",,
75618,2,1996-04-01,"[72396,72397]","[14175,14176,14177,14178]",,
75619,3,1996-04-01,"[72398,72399]","[14179,14180,14181,14182]",,
75620,4,1996-04-01,"[72400,72401]","[14183,14184,14185,14186]",,
75621,7,2019-04-01,[72402],"[14187,14188]",,
75622,14,2022-04-01,[72403],"[14189,14190]",,
75623,1,2019-05-01,"[72404,72405]","[14191,14192,14193,14194]",,
75624,2,1996-05-01,"[72406,72407]","[14195,14196,14197,14198]",,
75625,3,1996-05-01,"[72408,72409]","[14199,14200,14201,14202]",,
75626,4,1996-05-01,"[72410,72411]","[14203,14204,14205,14206]",,
75627,7,2019-05-01,[72412],"[14207,14208]",,
75628,14,2022-05-01,[72413],"[14209,14210]",,
75629,1,2019-06-01,"[72414,72415]","[14211,14212,14213,14214]",,
75630,2,1996-06-01,"[72416,72417]","[14215,14216,14217,14218]",,
75631,3,1996-06-01,"[72418,72419]","[14219,14220,14221,14222]",,
75632,4,1996-06-01,"[72420,72421]","[14223,14224,14225,14226]",,
75633,7,2019-06-01,[72422],"[14227,14228]",,
75634,14,2022-06-01,[72423],"[14229,14230]",,
75635,1,2019-07-01,"[72424,72425]","[14231,14232,14233,14234]",,
75636,2,1996-07-01,"[72426,72427]","[14235,14236,14237,14238]",,
75637,3,1996-07-01,"[72428,72429]","[14239,14240,14241,14242]",,
75638,4,1996-07-01,"[72430,72431]","[14243,14244,14245,14246]",,
75639,7,2019-07-01,[72432],"[14247,14248]",,
75640,14,2022-07-01,[72433],"[14249,14250]",,
75641,1,2019-08-01,"[72434,72435]","[14251,14252,14253,14254]",,
75642,2,1996-08-01,"[72436,72437]","[14255,14256,14257,14258]",,
75643,3,1996-08-01,"[72438,72439]","[14259,14260,14261,14262]",,
75644,4,1996-08-01,"[72440,72441]","[14263,14264,14265,14266]",,
75645,7,2019-08-01,[72442],"[14267,14268]",,
75646,14,2022-08-01,[72443],"[14269,14270]",,
75647,1,2019-09-01,"[72444,72445]","[14271,14272,14273,14274]",,
75648,2,1996-09-01,"[72446,72447]","[14275,14276,14277,14278]",,
75649,3,1996-09-01,"[72448,72449]","[14279,14280,14281,14282]",,
75650,4,1996-09-01,"[72450,72451]","[14283,14284,14285,14286]",,
75651,7,2019-09-01,[72452],"[14287,14288]",,
75652,14,2022-09-01,[72453],"[14289,14290]",,
75653,1,2019-10-01,"[72454,72455]","[14291,14292,14293,14294]",,
75654,2,1996-10-01,"[72456,72457]","[14295,14296,14297,14298]",,
75655,3,1996-10-01,"[72458,72459]","[14299,14300,14301,14302]",,
75656,4,1996-10-01,"[72460,72461]","[14303,14304,14305,14306]",,
75657,7,2019-10-01,[72462],"[14307,14308]",,
75658,14,2022-10-01,[72463],"[14309,14310]",,
75659,1,2019-11-01,"[72464,72465]","[14311,14312,14313,14314]",,
75660,2,1996-11-01,"[72466,72467]","[14315,14316,14317,14318]",,
75661,3,1996-11-01,"[72468,72469]","[14319,14320,14321,14322]",,
75662,4,1996-11-01,"[72470,72471]","[14323,14324,14325,14326]",,
75663,7,2019-11-01,[72472],"[14327,14328]",,
75664,14,2022-11-01,[72473],"[14329,14330]",,
75665,1,2019-12-01,"[72474,72475]","[14331,14332,14333,14334]",,
75666,2,1996-12-01,"[72476,72477]","[14335,14336,14337,14338]",,
75667,3,1996-12-01,"[72478,72479]","[14339,14340,14341,14342]",,
75668,4,1996-12-01,"[72480,72481]","[14343,14344,14345,14346]",,
75669,7,2019-12-01,[72482],"[14347,14348]",,
75670,14,2022-12-01,[72483],"[14349,14350]",,
75671,1,2020-01-01,"[72484,72485]","[14351,14352,14353,14354]",,
75672,2,1997-01-01,"[72486,72487]","[14355,14356,14357,14358]",,
75673,3,1997-01-01,"[72488,72489]","[14359,14360,14361,14362]",,
75674,4,1997-01-01,"[72490,72491]","[14363,14364,14365,14366]",,
75675,7,2020-01-01,[72492],"[14367,14368]",,
75676,14,2023-01-01,[72493],"[14369,14370]",,
75677,1,2020-02-01,"[72494,72495]","[14371,14372,14373,14374]",,
75678,2,1997-02-01,"[72496,72497]","[14375,14376,14377,14378]",,
75679,3,1997-02-01,"[72498,72499]","[14379,14380,14381,14382]",,
75680,4,1997-02-01,"[72500,72501]","[14383,14384,14385,14386]",,
75681,7,2020-02-01,[72502],"[14387,14388]",,
75682,14,2023-02-01,[72503],"[14389,14390]",,
75683,1,2020-03-01,"[72504,72505]","[14391,14392,14393,14394]",,
75684,2,1997-03-01,"[72506,72507]","[14395,14396,14397,14398]",,
75685,3,1997-03-01,"[72508,72509]","[14399,14400,14401,14402]",,
75686,4,1997-03-01,"[72510,72511]","[14403,14404,14405,14406]",,
75687,7,2020-03-01,[72512],"[14407,14408]",,
75688,14,2023-03-01,[72513],"[14409,14410]",,
75689,1,2020-04-01,"[72514,72515]","[14411,14412,14413,14414]",,
75690,2,1997-04-01,"[72516,72517]","[14415,14416,14417,14418]",,
75691,3,1997-04-01,"[72518,72519]","[14419,14420,14421,14422]",,
75692,4,1997-04-01,"[72520,72521]","[14423,14424,14425,14426]",,
75693,7,2020-04-01,[72522],"[14427,14428]",,
75694,14,2023-04-01,[72523],"[14429,14430]",,
75695,1,2020-05-01,"[72524,72525]","[14431,14432,14433,14434]",,
75696,2,1997-05-01,"[72526,72527]","[14435,14436,14437,14438]",,
75697,3,1997-05-01,"[72528,72529]","[14439,14440,14441,14442]",,
75698,4,1997-05-01,"[72530,72531]","[14443,14444,14445,14446]",,
75699,7,2020-05-01,[72532],"[14447,14448]",,
75700,14,2023-05-01,[72533],"[14449,14450]",,
75701,1,2020-06-01,"[72534,72535]","[14451,14452,14453,14454]",,
75702,2,1997-06-01,"[72536,72537]","[14455,14456,14457,14458]",,
75703,3,1997-06-01,"[72538,72539]","[14459,14460,14461,14462]",,
75704,4,1997-06-01,"[72540,72541]","[14463,14464,14465,14466]",,
75705,7,2020-06-01,[72542],"[14467,14468]",,
75706,14,2023-06-01,[72543],"[14469,14470]",,
75707,1,2020-07-01,"[72544,72545]","[14471,14472,14473,14474]",,
75708,2,1997-07-01,"[72546,72547]","[14475,14476,14477,14478]",,
75709,3,1997-07-01,"[72548,72549]","[14479,14480,14481,14482]",,
75710,4,1997-07-01,"[72550,72551]","[14483,14484,14485,14486]",,
75711,7,2020-07-01,[72552],"[14487,14488]",,
75712,14,2023-07-01,[72553],"[14489,14490]",,
75713,1,2020-08-01,"[72554,72555]","[14491,14492,14493,14494]",,
75714,2,1997-08-01,"[72556,72557]","[14495,14496,14497,14498]",,
75715,3,1997-08-01,"[72558,72559]","[14499,14500,14501,14502]",,
75716,4,1997-08-01,"[72560,72561]","[14503,14504,14505,14506]",,
75717,7,2020-08-01,[72562],"[14507,14508]",,
75718,14,2023-08-01,[72563],"[14509,14510]",,
75719,1,2020-09-01,"[72564,72565]","[14511,14512,14513,14514]",,
75720,2,1997-09-01,"[72566,72567]","[14515,14516,14517,14518]",,
75721,3,1997-09-01,"[72568,72569]","[14519,14520,14521,14522]",,
75722,4,1997-09-01,"[72570,72571]","[14523,14524,14525,14526]",,
75723,7,2020-09-01,[72572],"[14527,14528]",,
75724,14,2023-09-01,[72573],"[14529,14530]",,
75725,1,2020-10-01,"[72574,72575]","[14531,14532,14533,14534]",,
75726,2,1997-10-01,"[72576,72577]","[14535,14536,14537,14538]",,
75727,3,1997-10-01,"[72578,72579]","[14539,14540,14541,14542]",,
75728,4,1997-10-01,"[72580,72581]","[14543,14544,14545,14546]",,
75729,7,2020-10-01,[72582],"[14547,14548]",,
75730,14,2023-10-01,[72583],"[14549,14550]",,
75731,1,2020-11-01,"[72584,72585]","[14551,14552,14553,14554]",,
75732,2,1997-11-01,"[72586,72587]","[14555,14556,14557,14558]",,
75733,3,1997-11-01,"[72588,72589]","[14559,14560,14561,14562]",,
75734,4,1997-11-01,"[72590,72591]","[14563,14564,14565,14566]",,
75735,7,2020-11-01,[72592],"[14567,14568]",,
75736,14,2023-11-01,[72593],"[14569,14570]",,
75737,1,2020-12-01,"[72594,72595]","[14571,14572,14573,14574]",,
75738,2,1997-12-01,"[72596,72597]","[14575,14576,14577,14578]",,
75739,3,1997-12-01,"[72598,72599]","[14579,14580,14581,14582]",,
75740,4,1997-12-01,"[72600,72601]","[14583,14584,14585,14586]",,
75741,7,2020-12-01,[72602],"[14587,14588]",,
75742,14,2023-12-01,[72603],"[14589,14590]",,
75743,1,2021-01-01,"[72604,72605]","[14591,14592,14593,14594]",,
75744,2,1998-01-01,"[72606,72607]","[14595,14596,14597,14598]",,
75745,3,1998-01-01,"[72608,72609]","[14599,14600,14601,14602]",,
75746,4,1998-01-01,"[72610,72611]","[14603,14604,14605,14606]",,
75747,7,2021-01-01,[72612],"[14607,14608]",,
75748,14,2024-01-01,[72613],"[14609,14610]",,
75749,1,2021-02-01,"[72614,72615]","[14611,14612,14613,14614]",,
75750,2,1998-02-01,"[72616,72617]","[14615,14616,14617,14618]",,
75751,3,1998-02-01,"[72618,72619]","[14619,14620,14621,14622]",,
75752,4,1998-02-01,"[72620,72621]","[14623,14624,14625,14626]",,
75753,7,2021-02-01,[72622],"[14627,14628]",,
75754,14,2024-02-01,[72623],"[14629,14630]",,
75755,1,2021-03-01,"[72624,72625]","[14631,14632,14633,14634]",,
75756,2,1998-03-01,"[72626,72627]","[14635,14636,14637,14638]",,
75757,3,1998-03-01,"[72628,72629]","[14639,14640,14641,14642]",,
75758,4,1998-03-01,"[72630,72631]","[14643,14644,14645,14646]",,
75759,7,2021-03-01,[72632],"[14647,14648]",,
75760,14,2024-03-01,[72633],"[14649,14650]",,
75761,1,2021-04-01,"[72634,72635]","[14651,14652,14653,14654]",,
75762,2,1998-04-01,"[72636,72637]","[14655,14656,14657,14658]",,
75763,3,1998-04-01,"[72638,72639]","[14659,14660,14661,14662]",,
75764,4,1998-04-01,"[72640,72641]","[14663,14664,14665,14666]",,
75765,7,2021-04-01,[72642],"[14667,14668]",,
75766,14,2024-04-01,[72643],"[14669,14670]",,
75767,1,2021-05-01,"[72644,72645]","[14671,14672,14673,14674]",,
75768,2,1998-05-01,"[72646,72647]","[14675,14676,14677,14678]",,
75769,3,1998-05-01,"[72648,72649]","[14679,14680,14681,14682]",,
75770,4,1998-05-01,"[72650,72651]","[14683,14684,14685,14686]",,
75771,7,2021-05-01,[72652],"[14687,14688]",,
75772,14,2024-05-01,[72653],"[14689,14690]",,
75773,1,2021-06-01,"[72654,72655]","[14691,14692,14693,14694]",,
75774,2,1998-06-01,"[72656,72657]","[14695,14696,14697,14698]",,
75775,3,1998-06-01,"[72658,72659]","[14699,14700,14701,14702]",,
75776,4,1998-06-01,"[72660,72661]","[14703,14704,14705,14706]",,
75777,7,2021-06-01,[72662],"[14707,14708]",,
75778,14,2024-06-01,[72663],"[14709,14710]",,
75779,1,2021-07-01,"[72664,72665]","[14711,14712,14713,14714]",,
75780,2,1998-07-01,"[72666,72667]","[14715,14716,14717,14718]",,
75781,3,1998-07-01,"[72668,72669]","[14719,14720,14721,14722]",,
75782,4,1998-07-01,"[72670,72671]","[14723,14724,14725,14726]",,
75783,7,2021-07-01,[72672],"[14727,14728]",,
75784,14,2024-07-01,[72673],"[14729,14730]",,
75785,1,2021-08-01,"[72674,72675]","[14731,14732,14733,14734]",,
75786,2,1998-08-01,"[72676,72677]","[14735,14736,14737,14738]",,
75787,3,1998-08-01,"[72678,72679]","[14739,14740,14741,14742]",,
75788,4,1998-08-01,"[72680,72681]","[14743,14744,14745,14746]",,
75789,7,2021-08-01,[72682],"[14747,14748]",,
75790,14,2024-08-01,[72683],"[14749,14750]",,
75791,1,2021-09-01,"[72684,72685]","[14751,14752,14753,14754]",,
75792,2,1998-09-01,"[72686,72687]","[14755,14756,14757,14758]",,
75793,3,1998-09-01,"[72688,72689]","[14759,14760,14761,14762]",,
75794,4,1998-09-01,"[72690,72691]","[14763,14764,14765,14766]",,
75795,7,2021-09-01,[72692],"[14767,14768]",,
75796,14,2024-09-01,[72693],"[14769,14770]",,
75797,1,2021-10-01,"[72694,72695]","[14771,14772,14773,14774]",,
75798,2,1998-10-01,"[72696,72697]","[14775,14776,14777,14778]",,
75799,3,1998-10-01,"[72698,72699]","[14779,14780,14781,14782]",,
75800,4,1998-10-01,"[72700,72701]","[14783,14784,14785,14786]",,
75801,7,2021-10-01,[72702],"[14787,14788]",,
75802,14,2024-10-01,[72703],"[14789,14790]",,
75803,1,2021-11-01,"[72704,72705]","[14791,14792,14793,14794]",,
75804,2,1998-11-01,"[72706,72707]","[14795,14796,14797,14798]",,
75805,3,1998-11-01,"[72708,72709]","[14799,14800,14801,14802]",,
75806,4,1998-11-01,"[72710,72711]","[14803,14804,14805,14806]",,
75807,7,2021-11-01,[72712],"[14807,14808]",,
75808,14,2024-11-01,[72713],"[14809,14810]",,
75809,1,2021-12-01,"[72714,72715]","[14811,14812,14813,14814]",,
75810,2,1998-12-01,"[72716,72717]","[14815,14816,14817,14818]",,
75811,3,1998-12-01,"[72718,72719]","[14819,14820,14821,14822]",,
75812,4,1998-12-01,"[72720,72721]","[14823,14824,14825,14826]",,
75813,7,2021-12-01,[72722],"[14827,14828]",,
75814,14,2024-12-01,[72723],"[14829,14830]",,
75815,1,2022-01-01,"[72724,72725]","[14831,14832,14833,14834]",,
75816,2,1999-01-01,"[72726,72727]","[14835,14836,14837,14838]",,
75817,3,1999-01-01,"[72728,72729]","[14839,14840,14841,14842]",,
75818,4,1999-01-01,"[72730,72731]","[14843,14844,14845,14846]",,
75819,7,2022-01-01,[72732],"[14847,14848]",,
75820,14,2025-01-01,[72733],"[14849,14850]",,
75821,1,2022-02-01,"[72734,72735]","[14851,14852,14853,14854]",,
75822,2,1999-02-01,"[72736,72737]","[14855,14856,14857,14858]",,
75823,3,1999-02-01,"[72738,72739]","[14859,14860,14861,14862]",,
75824,4,1999-02-01,"[72740,72741]","[14863,14864,14865,14866]",,
75825,7,2022-02-01,[72742],"[14867,14868]",,
75826,14,2025-02-01,[72743],"[14869,14870]",,
75827,1,2022-03-01,"[72744,72745]","[14871,14872,14873,14874]",,
75828,2,1999-03-01,"[72746,72747]","[14875,14876,14877,14878]",,
75829,3,1999-03-01,"[72748,72749]","[14879,14880,14881,14882]",,
75830,4,1999-03-01,"[72750,72751]","[14883,14884,14885,14886]",,
75831,7,2022-03-01,[72752],"[14887,14888]",,
75832,14,2025-03-01,[72753],"[14889,14890]",,
75833,1,2022-04-01,"[72754,72755]","[14891,14892,14893,14894]",,
75834,2,1999-04-01,"[72756,72757]","[14895,14896,14897,14898]",,
75835,3,1999-04-01,"[72758,72759]","[14899,14900,14901,14902]",,
75836,4,1999-04-01,"[72760,72761]","[14903,14904,14905,14906]",,
75837,7,2022-04-01,[72762],"[14907,14908]",,
75838,14,2025-04-01,[72763],"[14909,14910]",,
75839,1,2022-05-01,"[72764,72765]","[14911,14912,14913,14914]",,
75840,2,1999-05-01,"[72766,72767]","[14915,14916,14917,14918]",,
75841,3,1999-05-01,"[72768,72769]","[14919,14920,14921,14922]",,
75842,4,1999-05-01,"[72770,72771]","[14923,14924,14925,14926]",,
75843,7,2022-05-01,[72772],"[14927,14928]",,
75844,14,2025-05-01,[72773],"[14929,14930]",,
75845,1,2022-06-01,"[72774,72775]","[14931,14932,14933,14934]",,
75846,2,1999-06-01,"[72776,72777]","[14935,14936,14937,14938]",,
75847,3,1999-06-01,"[72778,72779]","[14939,14940,14941,14942]",,
75848,4,1999-06-01,"[72780,72781]","[14943,14944,14945,14946]",,
75849,7,2022-06-01,[72782],"[14947,14948]",,
75850,14,2025-06-01,[72783],"[14949,14950]",,
75851,1,2022-07-01,"[72784,72785]","[14951,14952,14953,14954]",,
75852,2,1999-07-01,"[72786,72787]","[14955,14956,14957,14958]",,
75853,3,1999-07-01,"[72788,72789]","[14959,14960,14961,14962]",,
75854,4,1999-07-01,"[72790,72791]","[14963,14964,14965,14966]",,
75855,7,2022-07-01,[72792],"[14967,14968]",,
75856,14,2025-07-01,[72793],"[14969,14970]",,
75857,1,2022-08-01,"[72794,72795]","[14971,14972,14973,14974]",,
75858,2,1999-08-01,"[72796,72797]","[14975,14976,14977,14978]",,
75859,3,1999-08-01,"[72798,72799]","[14979,14980,14981,14982]",,
75860,4,1999-08-01,"[72800,72801]","[14983,14984,14985,14986]",,
75861,7,2022-08-01,[72802],"[14987,14988]",,
75862,14,2025-08-01,[72803],"[14989,14990]",,
75863,1,2022-09-01,"[72804,72805]","[14991,14992,14993,14994]",,
75864,2,1999-09-01,"[72806,72807]","[14995,14996,14997,14998]",,
75865,3,1999-09-01,"[72808,72809]","[14999,15000,15001,15002]",,
75866,4,1999-09-01,"[72810,72811]","[15003,15004,15005,15006]",,
75867,7,2022-09-01,[72812],"[15007,15008]",,
75868,14,2025-09-01,[72813],"[15009,15010]",,
75869,1,2022-10-01,"[72814,72815]","[15011,15012,15013,15014]",,
75870,2,1999-10-01,"[72816,72817]","[15015,15016,15017,15018]",,
75871,3,1999-10-01,"[72818,72819]","[15019,15020,15021,15022]",,
75872,4,1999-10-01,"[72820,72821]","[15023,15024,15025,15026]",,
75873,7,2022-10-01,[72822],"[15027,15028]",,
75874,14,2025-10-01,[72823],"[15029,15030]",,
75875,1,2022-11-01,"[72824,72825]","[15031,15032,15033,15034]",,
75876,2,1999-11-01,"[72826,72827]","[15035,15036,15037,15038]",,
75877,3,1999-11-01,"[72828,72829]","[15039,15040,15041,15042]",,
75878,4,1999-11-01,"[72830,72831]","[15043,15044,15045,15046]",,
75879,7,2022-11-01,[72832],"[15047,15048]",,
75880,14,2025-11-01,[72833],"[15049,15050]",,
75881,1,2022-12-01,"[72834,72835]","[15051,15052,15053,15054]",,
75882,2,1999-12-01,"[72836,72837]","[15055,15056,15057,15058]",,
75883,3,1999-12-01,"[72838,72839]","[15059,15060,15061,15062]",,
75884,4,1999-12-01,"[72840,72841]","[15063,15064,15065,15066]",,
75885,7,2022-12-01,[72842],"[15067,15068]",,
75886,14,2025-12-01,[72843],"[15069,15070]",,
75887,1,2023-01-01,"[72844,72845]","[15071,15072,15073,15074]",,
75888,2,2000-01-01,"[72846,72847]","[15075,15076,15077,15078]",,
75889,3,2000-01-01,"[72848,72849]","[15079,15080,15081,15082]",,
75890,4,2000-01-01,"[72850,72851]","[15083,15084,15085,15086]",,
75891,7,2023-01-01,[72852],"[15087,15088]",,
75892,14,2026-01-01,[72853],"[15089,15090]",,
75893,1,2023-02-01,"[72854,72855]","[15091,15092,15093,15094]",,
75894,2,2000-02-01,"[72856,72857]","[15095,15096,15097,15098]",,
75895,3,2000-02-01,"[72858,72859]","[15099,15100,15101,15102]",,
75896,4,2000-02-01,"[72860,72861]","[15103,15104,15105,15106]",,
75897,7,2023-02-01,[72862],"[15107,15108]",,
75898,14,2026-02-01,[72863],"[15109,15110]",,
75899,1,2023-03-01,"[72864,72865]","[15111,15112,15113,15114]",,
75900,2,2000-03-01,"[72866,72867]","[15115,15116,15117,15118]",,
75901,3,2000-03-01,"[72868,72869]","[15119,15120,15121,15122]",,
75902,4,2000-03-01,"[72870,72871]","[15123,15124,15125,15126]",,
75903,7,2023-03-01,[72872],"[15127,15128]",,
75904,14,2026-03-01,[72873],"[15129,15130]",,
75905,1,2023-04-01,"[72874,72875]","[15131,15132,15133,15134]",,
75906,2,2000-04-01,"[72876,72877]","[15135,15136,15137,15138]",,
75907,3,2000-04-01,"[72878,72879]","[15139,15140,15141,15142]",,
75908,4,2000-04-01,"[72880,72881]","[15143,15144,15145,15146]",,
75909,7,2023-04-01,[72882],"[15147,15148]",,
75910,14,2026-04-01,[72883],"[15149,15150]",,
75911,1,2023-05-01,"[72884,72885]","[15151,15152,15153,15154]",,
75912,2,2000-05-01,"[72886,72887]","[15155,15156,15157,15158]",,
75913,3,2000-05-01,"[72888,72889]","[15159,15160,15161,15162]",,
75914,4,2000-05-01,"[72890,72891]","[15163,15164,15165,15166]",,
75915,7,2023-05-01,[72892],"[15167,15168]",,
75916,14,2026-05-01,[72893],"[15169,15170]",,
75917,1,2023-06-01,"[72894,72895]","[15171,15172,15173,15174]",,
75918,2,2000-06-01,"[72896,72897]","[15175,15176,15177,15178]",,
75919,3,2000-06-01,"[72898,72899]","[15179,15180,15181,15182]",,
75920,4,2000-06-01,"[72900,72901]","[15183,15184,15185,15186]",,
75921,7,2023-06-01,[72902],"[15187,15188]",,
75922,1,2023-07-01,"[72903,72904]","[15189,15190,15191,15192]",,
75923,2,2000-07-01,"[72905,72906]","[15193,15194,15195,15196]",,
75924,3,2000-07-01,"[72907,72908]","[15197,15198,15199,15200]",,
75925,4,2000-07-01,"[72909,72910]","[15201,15202,15203,15204]",,
75926,7,2023-07-01,[72911],"[15205,15206]",,
75927,1,2023-08-01,"[72912,72913]","[15207,15208,15209,15210]",,
75928,2,2000-08-01,"[72914,72915]","[15211,15212,15213,15214]",,
75929,3,2000-08-01,"[72916,72917]","[15215,15216,15217,15218]",,
75930,4,2000-08-01,"[72918,72919]","[15219,15220,15221,15222]",,
75931,7,2023-08-01,[72920],"[15223,15224]",,
75932,1,2023-09-01,"[72921,72922]","[15225,15226,15227,15228]",,
75933,2,2000-09-01,"[72923,72924]","[15229,15230,15231,15232]",,
75934,3,2000-09-01,"[72925,72926]","[15233,15234,15235,15236]",,
75935,4,2000-09-01,"[72927,72928]","[15237,15238,15239,15240]",,
75936,7,2023-09-01,[72929],"[15241,15242]",,
75937,1,2023-10-01,"[72930,72931]","[15243,15244,15245,15246]",,
75938,2,2000-10-01,"[72932,72933]","[15247,15248,15249,15250]",,
75939,3,2000-10-01,"[72934,72935]","[15251,15252,15253,15254]",,
75940,4,2000-10-01,"[72936,72937]","[15255,15256,15257,15258]",,
75941,7,2023-10-01,[72938],"[15259,15260]",,
75942,1,2023-11-01,"[72939,72940]","[15261,15262,15263,15264]",,
75943,2,2000-11-01,"[72941,72942]","[15265,15266,15267,15268]",,
75944,3,2000-11-01,"[72943,72944]","[15269,15270,15271,15272]",,
75945,4,2000-11-01,"[72945,72946]","[15273,15274,15275,15276]",,
75946,7,2023-11-01,[72947],"[15277,15278]",,
75947,1,2023-12-01,"[72948,72949]","[15279,15280,15281,15282]",,
75948,2,2000-12-01,"[72950,72951]","[15283,15284,15285,15286]",,
75949,3,2000-12-01,"[72952,72953]","[15287,15288,15289,15290]",,
75950,4,2000-12-01,"[72954,72955]","[15291,15292,15293,15294]",,
75951,7,2023-12-01,[72956],"[15295,15296]",,
75952,1,2024-01-01,"[72957,72958]","[15297,15298,15299,15300]",,
75953,2,2001-01-01,"[72959,72960]","[15301,15302,15303,15304]",,
75954,3,2001-01-01,"[72961,72962]","[15305,15306,15307,15308]",,
75955,4,2001-01-01,"[72963,72964]","[15309,15310,15311,15312]",,
75956,7,2024-01-01,[72965],"[15313,15314]",,
75957,1,2024-02-01,"[72966,72967]","[15315,15316,15317,15318]",,
75958,2,2001-02-01,"[72968,72969]","[15319,15320,15321,15322]",,
75959,3,2001-02-01,"[72970,72971]","[15323,15324,15325,15326]",,
75960,4,2001-02-01,"[72972,72973]","[15327,15328,15329,15330]",,
75961,7,2024-02-01,[72974],"[15331,15332]",,
75962,1,2024-03-01,"[72975,72976]","[15333,15334,15335,15336]",,
75963,2,2001-03-01,"[72977,72978]","[15337,15338,15339,15340]",,
75964,3,2001-03-01,"[72979,72980]","[15341,15342,15343,15344]",,
75965,4,2001-03-01,"[72981,72982]","[15345,15346,15347,15348]",,
75966,7,2024-03-01,[72983],"[15349,15350]",,
75967,1,2024-04-01,"[72984,72985]","[15351,15352,15353,15354]",,
75968,2,2001-04-01,"[72986,72987]","[15355,15356,15357,15358]",,
75969,3,2001-04-01,"[72988,72989]","[15359,15360,15361,15362]",,
75970,4,2001-04-01,"[72990,72991]","[15363,15364,15365,15366]",,
75971,7,2024-04-01,[72992],"[15367,15368]",,
75972,1,2024-05-01,"[72993,72994]","[15369,15370,15371,15372]",,
75973,2,2001-05-01,"[72995,72996]","[15373,15374,15375,15376]",,
75974,3,2001-05-01,"[72997,72998]","[15377,15378,15379,15380]",,
75975,4,2001-05-01,"[72999,73000]","[15381,15382,15383,15384]",,
75976,7,2024-05-01,[73001],"[15385,15386]",,
75977,1,2024-06-01,"[73002,73003]","[15387,15388,15389,15390]",,
75978,2,2001-06-01,"[73004,73005]","[15391,15392,15393,15394]",,
75979,3,2001-06-01,"[73006,73007]","[15395,15396,15397,15398]",,
75980,4,2001-06-01,"[73008,73009]","[15399,15400,15401,15402]",,
75981,7,2024-06-01,[73010],"[15403,15404]",,
75982,1,2024-07-01,"[73011,73012]","[15405,15406,15407,15408]",,
75983,2,2001-07-01,"[73013,73014]","[15409,15410,15411,15412]",,
75984,3,2001-07-01,"[73015,73016]","[15413,15414,15415,15416]",,
75985,4,2001-07-01,"[73017,73018]","[15417,15418,15419,15420]",,
75986,7,2024-07-01,[73019],"[15421,15422]",,
75987,1,2024-08-01,"[73020,73021]","[15423,15424,15425,15426]",,
75988,2,2001-08-01,"[73022,73023]","[15427,15428,15429,15430]",,
75989,3,2001-08-01,"[73024,73025]","[15431,15432,15433,15434]",,
75990,4,2001-08-01,"[73026,73027]","[15435,15436,15437,15438]",,
75991,7,2024-08-01,[73028],"[15439,15440]",,
75992,1,2024-09-01,"[73029,73030]","[15441,15442,15443,15444]",,
75993,2,2001-09-01,"[73031,73032]","[15445,15446,15447,15448]",,
75994,3,2001-09-01,"[73033,73034]","[15449,15450,15451,15452]",,
75995,4,2001-09-01,"[73035,73036]","[15453,15454,15455,15456]",,
75996,7,2024-09-01,[73037],"[15457,15458]",,
75997,1,2024-10-01,"[73038,73039]","[15459,15460,15461,15462]",,
75998,2,2001-10-01,"[73040,73041]","[15463,15464,15465,15466]",,
75999,3,2001-10-01,"[73042,73043]","[15467,15468,15469,15470]",,
76000,4,2001-10-01,"[73044,73045]","[15471,15472,15473,15474]",,
76001,7,2024-10-01,[73046],"[15475,15476]",,
76002,1,2024-11-01,"[73047,73048]","[15477,15478,15479,15480]",,
76003,2,2001-11-01,"[73049,73050]","[15481,15482,15483,15484]",,
76004,3,2001-11-01,"[73051,73052]","[15485,15486,15487,15488]",,
76005,4,2001-11-01,"[73053,73054]","[15489,15490,15491,15492]",,
76006,7,2024-11-01,[73055],"[15493,15494]",,
76007,1,2024-12-01,"[73056,73057]","[15495,15496,15497,15498]",,
76008,2,2001-12-01,"[73058,73059]","[15499,15500,15501,15502]",,
76009,3,2001-12-01,"[73060,73061]","[15503,15504,15505,15506]",,
76010,4,2001-12-01,"[73062,73063]","[15507,15508,15509,15510]",,
76011,7,2024-12-01,[73064],"[15511,15512]",,
76012,1,2025-01-01,"[73065,73066]","[15513,15514,15515,15516]",,
76013,2,2002-01-01,"[73067,73068]","[15517,15518,15519,15520]",,
76014,3,2002-01-01,"[73069,73070]","[15521,15522,15523,15524]",,
76015,4,2002-01-01,"[73071,73072]","[15525,15526,15527,15528]",,
76016,7,2025-01-01,[73073],"[15529,15530]",,
76017,1,2025-02-01,"[73074,73075]","[15531,15532,15533,15534]",,
76018,2,2002-02-01,"[73076,73077]","[15535,15536,15537,15538]",,
76019,3,2002-02-01,"[73078,73079]","[15539,15540,15541,15542]",,
76020,4,2002-02-01,"[73080,73081]","[15543,15544,15545,15546]",,
76021,7,2025-02-01,[73082],"[15547,15548]",,
76022,1,2025-03-01,"[73083,73084]","[15549,15550,15551,15552]",,
76023,2,2002-03-01,"[73085,73086]","[15553,15554,15555,15556]",,
76024,3,2002-03-01,"[73087,73088]","[15557,15558,15559,15560]",,
76025,4,2002-03-01,"[73089,73090]","[15561,15562,15563,15564]",,
76026,7,2025-03-01,[73091],"[15565,15566]",,
76027,1,2025-04-01,"[73092,73093]","[15567,15568,15569,15570]",,
76028,2,2002-04-01,"[73094,73095]","[15571,15572,15573,15574]",,
76029,3,2002-04-01,"[73096,73097]","[15575,15576,15577,15578]",,
76030,4,2002-04-01,"[73098,73099]","[15579,15580,15581,15582]",,
76031,7,2025-04-01,[73100],"[15583,15584]",,
76032,1,2025-05-01,"[73101,73102]","[15585,15586,15587,15588]",,
76033,2,2002-05-01,"[73103,73104]","[15589,15590,15591,15592]",,
76034,3,2002-05-01,"[73105,73106]","[15593,15594,15595,15596]",,
76035,4,2002-05-01,"[73107,73108]","[15597,15598,15599,15600]",,
76036,7,2025-05-01,[73109],"[15601,15602]",,
76037,1,2025-06-01,"[73110,73111]","[15603,15604,15605,15606]",,
76038,2,2002-06-01,"[73112,73113]","[15607,15608,15609,15610]",,
76039,3,2002-06-01,"[73114,73115]","[15611,15612,15613,15614]",,
76040,4,2002-06-01,"[73116,73117]","[15615,15616,15617,15618]",,
76041,7,2025-06-01,[73118],"[15619,15620]",,
76042,1,2025-07-01,"[73119,73120]","[15621,15622,15623,15624]",,
76043,2,2002-07-01,"[73121,73122]","[15625,15626,15627,15628]",,
76044,3,2002-07-01,"[73123,73124]","[15629,15630,15631,15632]",,
76045,4,2002-07-01,"[73125,73126]","[15633,15634,15635,15636]",,
76046,7,2025-07-01,[73127],"[15637,15638]",,
76047,1,2025-08-01,"[73128,73129]","[15639,15640,15641,15642]",,
76048,2,2002-08-01,"[73130,73131]","[15643,15644,15645,15646]",,
76049,3,2002-08-01,"[73132,73133]","[15647,15648,15649,15650]",,
76050,4,2002-08-01,"[73134,73135]","[15651,15652,15653,15654]",,
76051,7,2025-08-01,[73136],"[15655,15656]",,
76052,1,2025-09-01,"[73137,73138]","[15657,15658,15659,15660]",,
76053,2,2002-09-01,"[73139,73140]","[15661,15662,15663,15664]",,
76054,3,2002-09-01,"[73141,73142]","[15665,15666,15667,15668]",,
76055,4,2002-09-01,"[73143,73144]","[15669,15670,15671,15672]",,
76056,7,2025-09-01,[73145],"[15673,15674]",,
76057,1,2025-10-01,"[73146,73147]","[15675,15676,15677,15678]",,
76058,2,2002-10-01,"[73148,73149]","[15679,15680,15681,15682]",,
76059,3,2002-10-01,"[73150,73151]","[15683,15684,15685,15686]",,
76060,4,2002-10-01,"[73152,73153]","[15687,15688,15689,15690]",,
76061,7,2025-10-01,[73154],"[15691,15692]",,
76062,1,2025-11-01,"[73155,73156]","[15693,15694,15695,15696]",,
76063,2,2002-11-01,"[73157,73158]","[15697,15698,15699,15700]",,
76064,3,2002-11-01,"[73159,73160]","[15701,15702,15703,15704]",,
76065,4,2002-11-01,"[73161,73162]","[15705,15706,15707,15708]",,
76066,7,2025-11-01,[73163],"[15709,15710]",,
76067,1,2025-12-01,"[73164,73165]","[15711,15712,15713,15714]",,
76068,2,2002-12-01,"[73166,73167]","[15715,15716,15717,15718]",,
76069,3,2002-12-01,"[73168,73169]","[15719,15720,15721,15722]",,
76070,4,2002-12-01,"[73170,73171]","[15723,15724,15725,15726]",,
76071,7,2025-12-01,[73172],"[15727,15728]",,
76072,1,2026-01-01,"[73173,73174]","[15729,15730,15731,15732]",,
76073,2,2003-01-01,"[73175,73176]","[15733,15734,15735,15736]",,
76074,3,2003-01-01,"[73177,73178]","[15737,15738,15739,15740]",,
76075,4,2003-01-01,"[73179,73180]","[15741,15742,15743,15744]",,
76076,7,2026-01-01,[73181],"[15745,15746]",,
76077,1,2026-02-01,"[73182,73183]","[15747,15748,15749,15750]",,
76078,2,2003-02-01,"[73184,73185]","[15751,15752,15753,15754]",,
76079,3,2003-02-01,"[73186,73187]","[15755,15756,15757,15758]",,
76080,4,2003-02-01,"[73188,73189]","[15759,15760,15761,15762]",,
76081,7,2026-02-01,[73190],"[15763,15764]",,
76082,1,2026-03-01,"[73191,73192]","[15765,15766,15767,15768]",,
76083,2,2003-03-01,"[73193,73194]","[15769,15770,15771,15772]",,
76084,3,2003-03-01,"[73195,73196]","[15773,15774,15775,15776]",,
76085,4,2003-03-01,"[73197,73198]","[15777,15778,15779,15780]",,
76086,7,2026-03-01,[73199],"[15781,15782]",,
76087,1,2026-04-01,"[73200,73201]","[15783,15784,15785,15786]",,
76088,2,2003-04-01,"[73202,73203]","[15787,15788,15789,15790]",,
76089,3,2003-04-01,"[73204,73205]","[15791,15792,15793,15794]",,
76090,4,2003-04-01,"[73206,73207]","[15795,15796,15797,15798]",,
76091,7,2026-04-01,[73208],"[15799,15800]",,
76092,1,2026-05-01,"[73209,73210]","[15801,15802,15803,15804]",,
76093,2,2003-05-01,"[73211,73212]","[15805,15806,15807,15808]",,
76094,3,2003-05-01,"[73213,73214]","[15809,15810,15811,15812]",,
76095,4,2003-05-01,"[73215,73216]","[15813,15814,15815,15816]",,
76096,7,2026-05-01,[73217],"[15817,15818]",,
76097,2,2003-06-01,"[73218,73219]","[15819,15820,15821,15822]",,
76098,3,2003-06-01,"[73220,73221]","[15823,15824,15825,15826]",,
76099,4,2003-06-01,"[73222,73223]","[15827,15828,15829,15830]",,
76100,2,2003-07-01,"[73224,73225]","[15831,15832,15833,15834]",,
76101,3,2003-07-01,"[73226,73227]","[15835,15836,15837,15838]",,
76102,4,2003-07-01,"[73228,73229]","[15839,15840,15841,15842]",,
76103,2,2003-08-01,"[73230,73231]","[15843,15844,15845,15846]",,
76104,3,2003-08-01,"[73232,73233]","[15847,15848,15849,15850]",,
76105,4,2003-08-01,"[73234,73235]","[15851,15852,15853,15854]",,
76106,2,2003-09-01,"[73236,73237]","[15855,15856,15857,15858]",,
76107,3,2003-09-01,"[73238,73239]","[15859,15860,15861,15862]",,
76108,4,2003-09-01,"[73240,73241]","[15863,15864,15865,15866]",,
76109,2,2003-10-01,"[73242,73243]","[15867,15868,15869,15870]",,
76110,3,2003-10-01,"[73244,73245]","[15871,15872,15873,15874]",,
76111,4,2003-10-01,"[73246,73247]","[15875,15876,15877,15878]",,
76112,2,2003-11-01,"[73248,73249]","[15879,15880,15881,15882]",,
76113,3,2003-11-01,"[73250,73251]","[15883,15884,15885,15886]",,
76114,4,2003-11-01,"[73252,73253]","[15887,15888,15889,15890]",,
76115,2,2003-12-01,"[73254,73255]","[15891,15892,15893,15894]",,
76116,3,2003-12-01,"[73256,73257]","[15895,15896,15897,15898]",,
76117,4,2003-12-01,"[73258,73259]","[15899,15900,15901,15902]",,
76118,2,2004-01-01,"[73260,73261]","[15903,15904,15905,15906]",,
76119,3,2004-01-01,"[73262,73263]","[15907,15908,15909,15910]",,
76120,4,2004-01-01,"[73264,73265]","[15911,15912,15913,15914]",,
76121,2,2004-02-01,"[73266,73267]","[15915,15916,15917,15918]",,
76122,3,2004-02-01,"[73268,73269]","[15919,15920,15921,15922]",,
76123,4,2004-02-01,"[73270,73271]","[15923,15924,15925,15926]",,
76124,2,2004-03-01,"[73272,73273]","[15927,15928,15929,15930]",,
76125,3,2004-03-01,"[73274,73275]","[15931,15932,15933,15934]",,
76126,4,2004-03-01,"[73276,73277]","[15935,15936,15937,15938]",,
76127,2,2004-04-01,"[73278,73279]","[15939,15940,15941,15942]",,
76128,3,2004-04-01,"[73280,73281]","[15943,15944,15945,15946]",,
76129,4,2004-04-01,"[73282,73283]","[15947,15948,15949,15950]",,
76130,2,2004-05-01,"[73284,73285]","[15951,15952,15953,15954]",,
76131,3,2004-05-01,"[73286,73287]","[15955,15956,15957,15958]",,
76132,4,2004-05-01,"[73288,73289]","[15959,15960,15961,15962]",,
76133,2,2004-06-01,"[73290,73291]","[15963,15964,15965,15966]",,
76134,3,2004-06-01,"[73292,73293]","[15967,15968,15969,15970]",,
76135,4,2004-06-01,"[73294,73295]","[15971,15972,15973,15974]",,
76136,2,2004-07-01,"[73296,73297]","[15975,15976,15977,15978]",,
76137,3,2004-07-01,"[73298,73299]","[15979,15980,15981,15982]",,
76138,4,2004-07-01,"[73300,73301]","[15983,15984,15985,15986]",,
76139,2,2004-08-01,"[73302,73303]","[15987,15988,15989,15990]",,
76140,3,2004-08-01,"[73304,73305]","[15991,15992,15993,15994]",,
76141,4,2004-08-01,"[73306,73307]","[15995,15996,15997,15998]",,
76142,2,2004-09-01,"[73308,73309]","[15999,16000,16001,16002]",,
76143,3,2004-09-01,"[73310,73311]","[16003,16004,16005,16006]",,
76144,4,2004-09-01,"[73312,73313]","[16007,16008,16009,16010]",,
76145,2,2004-10-01,"[73314,73315]","[16011,16012,16013,16014]",,
76146,3,2004-10-01,"[73316,73317]","[16015,16016,16017,16018]",,
76147,4,2004-10-01,"[73318,73319]","[16019,16020,16021,16022]",,
76148,2,2004-11-01,"[73320,73321]","[16023,16024,16025,16026]",,
76149,3,2004-11-01,"[73322,73323]","[16027,16028,16029,16030]",,
76150,4,2004-11-01,"[73324,73325]","[16031,16032,16033,16034]",,
76151,2,2004-12-01,"[73326,73327]","[16035,16036,16037,16038]",,
76152,3,2004-12-01,"[73328,73329]","[16039,16040,16041,16042]",,
76153,4,2004-12-01,"[73330,73331]","[16043,16044,16045,16046]",,
76154,2,2005-01-01,"[73332,73333]","[16047,16048,16049,16050]",,
76155,3,2005-01-01,"[73334,73335]","[16051,16052,16053,16054]",,
76156,4,2005-01-01,"[73336,73337]","[16055,16056,16057,16058]",,
76157,2,2005-02-01,"[73338,73339]","[16059,16060,16061,16062]",,
76158,3,2005-02-01,"[73340,73341]","[16063,16064,16065,16066]",,
76159,4,2005-02-01,"[73342,73343]","[16067,16068,16069,16070]",,
76160,2,2005-03-01,"[73344,73345]","[16071,16072,16073,16074]",,
76161,3,2005-03-01,"[73346,73347]","[16075,16076,16077,16078]",,
76162,4,2005-03-01,"[73348,73349]","[16079,16080,16081,16082]",,
76163,2,2005-04-01,"[73350,73351]","[16083,16084,16085,16086]",,
76164,3,2005-04-01,"[73352,73353]","[16087,16088,16089,16090]",,
76165,4,2005-04-01,"[73354,73355]","[16091,16092,16093,16094]",,
76166,2,2005-05-01,"[73356,73357]","[16095,16096,16097,16098]",,
76167,3,2005-05-01,"[73358,73359]","[16099,16100,16101,16102]",,
76168,4,2005-05-01,"[73360,73361]","[16103,16104,16105,16106]",,
76169,2,2005-06-01,"[73362,73363]","[16107,16108,16109,16110]",,
76170,3,2005-06-01,"[73364,73365]","[16111,16112,16113,16114]",,
76171,4,2005-06-01,"[73366,73367]","[16115,16116,16117,16118]",,
76172,2,2005-07-01,"[73368,73369]","[16119,16120,16121,16122]",,
76173,3,2005-07-01,"[73370,73371]","[16123,16124,16125,16126]",,
76174,4,2005-07-01,"[73372,73373]","[16127,16128,16129,16130]",,
76175,2,2005-08-01,"[73374,73375]","[16131,16132,16133,16134]",,
76176,3,2005-08-01,"[73376,73377]","[16135,16136,16137,16138]",,
76177,4,2005-08-01,"[73378,73379]","[16139,16140,16141,16142]",,
76178,2,2005-09-01,"[73380,73381]","[16143,16144,16145,16146]",,
76179,3,2005-09-01,"[73382,73383]","[16147,16148,16149,16150]",,
76180,4,2005-09-01,"[73384,73385]","[16151,16152,16153,16154]",,
76181,2,2005-10-01,"[73386,73387]","[16155,16156,16157,16158]",,
76182,3,2005-10-01,"[73388,73389]","[16159,16160,16161,16162]",,
76183,4,2005-10-01,"[73390,73391]","[16163,16164,16165,16166]",,
76184,2,2005-11-01,"[73392,73393]","[16167,16168,16169,16170]",,
76185,3,2005-11-01,"[73394,73395]","[16171,16172,16173,16174]",,
76186,4,2005-11-01,"[73396,73397]","[16175,16176,16177,16178]",,
76187,2,2005-12-01,"[73398,73399]","[16179,16180,16181,16182]",,
76188,3,2005-12-01,"[73400,73401]","[16183,16184,16185,16186]",,
76189,4,2005-12-01,"[73402,73403]","[16187,16188,16189,16190]",,
76190,2,2006-01-01,"[73404,73405]","[16191,16192,16193,16194]",,
76191,3,2006-01-01,"[73406,73407]","[16195,16196,16197,16198]",,
76192,4,2006-01-01,"[73408,73409]","[16199,16200,16201,16202]",,
76193,2,2006-02-01,"[73410,73411]","[16203,16204,16205,16206]",,
76194,3,2006-02-01,"[73412,73413]","[16207,16208,16209,16210]",,
76195,4,2006-02-01,"[73414,73415]","[16211,16212,16213,16214]",,
76196,2,2006-03-01,"[73416,73417]","[16215,16216,16217,16218]",,
76197,3,2006-03-01,"[73418,73419]","[16219,16220,16221,16222]",,
76198,4,2006-03-01,"[73420,73421]","[16223,16224,16225,16226]",,
76199,2,2006-04-01,"[73422,73423]","[16227,16228,16229,16230]",,
76200,3,2006-04-01,"[73424,73425]","[16231,16232,16233,16234]",,
76201,4,2006-04-01,"[73426,73427]","[16235,16236,16237,16238]",,
76202,2,2006-05-01,"[73428,73429]","[16239,16240,16241,16242]",,
76203,3,2006-05-01,"[73430,73431]","[16243,16244,16245,16246]",,
76204,4,2006-05-01,"[73432,73433]","[16247,16248,16249,16250]",,
76205,2,2006-06-01,"[73434,73435]","[16251,16252,16253,16254]",,
76206,3,2006-06-01,"[73436,73437]","[16255,16256,16257,16258]",,
76207,4,2006-06-01,"[73438,73439]","[16259,16260,16261,16262]",,
76208,2,2006-07-01,"[73440,73441]","[16263,16264,16265,16266]",,
76209,3,2006-07-01,"[73442,73443]","[16267,16268,16269,16270]",,
76210,4,2006-07-01,"[73444,73445]","[16271,16272,16273,16274]",,
76211,2,2006-08-01,"[73446,73447]","[16275,16276,16277,16278]",,
76212,3,2006-08-01,"[73448,73449]","[16279,16280,16281,16282]",,
76213,4,2006-08-01,"[73450,73451]","[16283,16284,16285,16286]",,
76214,2,2006-09-01,"[73452,73453]","[16287,16288,16289,16290]",,
76215,3,2006-09-01,"[73454,73455]","[16291,16292,16293,16294]",,
76216,4,2006-09-01,"[73456,73457]","[16295,16296,16297,16298]",,
76217,2,2006-10-01,"[73458,73459]","[16299,16300,16301,16302]",,
76218,3,2006-10-01,"[73460,73461]","[16303,16304,16305,16306]",,
76219,4,2006-10-01,"[73462,73463]","[16307,16308,16309,16310]",,
76220,2,2006-11-01,"[73464,73465]","[16311,16312,16313,16314]",,
76221,3,2006-11-01,"[73466,73467]","[16315,16316,16317,16318]",,
76222,4,2006-11-01,"[73468,73469]","[16319,16320,16321,16322]",,
76223,2,2006-12-01,"[73470,73471]","[16323,16324,16325,16326]",,
76224,3,2006-12-01,"[73472,73473]","[16327,16328,16329,16330]",,
76225,4,2006-12-01,"[73474,73475]","[16331,16332,16333,16334]",,
76226,2,2007-01-01,"[73476,73477]","[16335,16336,16337,16338]",,
76227,3,2007-01-01,"[73478,73479]","[16339,16340,16341,16342]",,
76228,4,2007-01-01,"[73480,73481]","[16343,16344,16345,16346]",,
76229,2,2007-02-01,"[73482,73483]","[16347,16348,16349,16350]",,
76230,3,2007-02-01,"[73484,73485]","[16351,16352,16353,16354]",,
76231,4,2007-02-01,"[73486,73487]","[16355,16356,16357,16358]",,
76232,2,2007-03-01,"[73488,73489]","[16359,16360,16361,16362]",,
76233,3,2007-03-01,"[73490,73491]","[16363,16364,16365,16366]",,
76234,4,2007-03-01,"[73492,73493]","[16367,16368,16369,16370]",,
76235,2,2007-04-01,"[73494,73495]","[16371,16372,16373,16374]",,
76236,3,2007-04-01,"[73496,73497]","[16375,16376,16377,16378]",,
76237,4,2007-04-01,"[73498,73499]","[16379,16380,16381,16382]",,
76238,2,2007-05-01,"[73500,73501]","[16383,16384,16385,16386]",,
76239,3,2007-05-01,"[73502,73503]","[16387,16388,16389,16390]",,
76240,4,2007-05-01,"[73504,73505]","[16391,16392,16393,16394]",,
76241,2,2007-06-01,"[73506,73507]","[16395,16396,16397,16398]",,
76242,3,2007-06-01,"[73508,73509]","[16399,16400,16401,16402]",,
76243,4,2007-06-01,"[73510,73511]","[16403,16404,16405,16406]",,
76244,2,2007-07-01,"[73512,73513]","[16407,16408,16409,16410]",,
76245,3,2007-07-01,"[73514,73515]","[16411,16412,16413,16414]",,
76246,4,2007-07-01,"[73516,73517]","[16415,16416,16417,16418]",,
76247,2,2007-08-01,"[73518,73519]","[16419,16420,16421,16422]",,
76248,3,2007-08-01,"[73520,73521]","[16423,16424,16425,16426]",,
76249,4,2007-08-01,"[73522,73523]","[16427,16428,16429,16430]",,
76250,2,2007-09-01,"[73524,73525]","[16431,16432,16433,16434]",,
76251,3,2007-09-01,"[73526,73527]","[16435,16436,16437,16438]",,
76252,4,2007-09-01,"[73528,73529]","[16439,16440,16441,16442]",,
76253,2,2007-10-01,"[73530,73531]","[16443,16444,16445,16446]",,
76254,3,2007-10-01,"[73532,73533]","[16447,16448,16449,16450]",,
76255,4,2007-10-01,"[73534,73535]","[16451,16452,16453,16454]",,
76256,2,2007-11-01,"[73536,73537]","[16455,16456,16457,16458]",,
76257,3,2007-11-01,"[73538,73539]","[16459,16460,16461,16462]",,
76258,4,2007-11-01,"[73540,73541]","[16463,16464,16465,16466]",,
76259,2,2007-12-01,"[73542,73543]","[16467,16468,16469,16470]",,
76260,3,2007-12-01,"[73544,73545]","[16471,16472,16473,16474]",,
76261,4,2007-12-01,"[73546,73547]","[16475,16476,16477,16478]",,
76262,2,2008-01-01,"[73548,73549]","[16479,16480,16481,16482]",,
76263,3,2008-01-01,"[73550,73551]","[16483,16484,16485,16486]",,
76264,4,2008-01-01,"[73552,73553]","[16487,16488,16489,16490]",,
76265,2,2008-02-01,"[73554,73555]","[16491,16492,16493,16494]",,
76266,3,2008-02-01,"[73556,73557]","[16495,16496,16497,16498]",,
76267,4,2008-02-01,"[73558,73559]","[16499,16500,16501,16502]",,
76268,2,2008-03-01,"[73560,73561]","[16503,16504,16505,16506]",,
76269,3,2008-03-01,"[73562,73563]","[16507,16508,16509,16510]",,
76270,4,2008-03-01,"[73564,73565]","[16511,16512,16513,16514]",,
76271,2,2008-04-01,"[73566,73567]","[16515,16516,16517,16518]",,
76272,3,2008-04-01,"[73568,73569]","[16519,16520,16521,16522]",,
76273,4,2008-04-01,"[73570,73571]","[16523,16524,16525,16526]",,
76274,2,2008-05-01,"[73572,73573]","[16527,16528,16529,16530]",,
76275,3,2008-05-01,"[73574,73575]","[16531,16532,16533,16534]",,
76276,4,2008-05-01,"[73576,73577]","[16535,16536,16537,16538]",,
76277,2,2008-06-01,"[73578,73579]","[16539,16540,16541,16542]",,
76278,3,2008-06-01,"[73580,73581]","[16543,16544,16545,16546]",,
76279,4,2008-06-01,"[73582,73583]","[16547,16548,16549,16550]",,
76280,2,2008-07-01,"[73584,73585]","[16551,16552,16553,16554]",,
76281,3,2008-07-01,"[73586,73587]","[16555,16556,16557,16558]",,
76282,4,2008-07-01,"[73588,73589]","[16559,16560,16561,16562]",,
76283,2,2008-08-01,"[73590,73591]","[16563,16564,16565,16566]",,
76284,3,2008-08-01,"[73592,73593]","[16567,16568,16569,16570]",,
76285,4,2008-08-01,"[73594,73595]","[16571,16572,16573,16574]",,
76286,2,2008-09-01,"[73596,73597]","[16575,16576,16577,16578]",,
76287,3,2008-09-01,"[73598,73599]","[16579,16580,16581,16582]",,
76288,4,2008-09-01,"[73600,73601]","[16583,16584,16585,16586]",,
76289,2,2008-10-01,"[73602,73603]","[16587,16588,16589,16590]",,
76290,3,2008-10-01,"[73604,73605]","[16591,16592,16593,16594]",,
76291,4,2008-10-01,"[73606,73607]","[16595,16596,16597,16598]",,
76292,2,2008-11-01,"[73608,73609]","[16599,16600,16601,16602]",,
76293,3,2008-11-01,"[73610,73611]","[16603,16604,16605,16606]",,
76294,4,2008-11-01,"[73612,73613]","[16607,16608,16609,16610]",,
76295,2,2008-12-01,"[73614,73615]","[16611,16612,16613,16614]",,
76296,3,2008-12-01,"[73616,73617]","[16615,16616,16617,16618]",,
76297,4,2008-12-01,"[73618,73619]","[16619,16620,16621,16622]",,
76298,2,2009-01-01,"[73620,73621]","[16623,16624,16625,16626]",,
76299,3,2009-01-01,"[73622,73623]","[16627,16628,16629,16630]",,
76300,4,2009-01-01,"[73624,73625]","[16631,16632,16633,16634]",,
76301,2,2009-02-01,"[73626,73627]","[16635,16636,16637,16638]",,
76302,3,2009-02-01,"[73628,73629]","[16639,16640,16641,16642]",,
76303,4,2009-02-01,"[73630,73631]","[16643,16644,16645,16646]",,
76304,2,2009-03-01,"[73632,73633]","[16647,16648,16649,16650]",,
76305,3,2009-03-01,"[73634,73635]","[16651,16652,16653,16654]",,
76306,4,2009-03-01,"[73636,73637]","[16655,16656,16657,16658]",,
76307,2,2009-04-01,"[73638,73639]","[16659,16660,16661,16662]",,
76308,3,2009-04-01,"[73640,73641]","[16663,16664,16665,16666]",,
76309,4,2009-04-01,"[73642,73643]","[16667,16668,16669,16670]",,
76310,2,2009-05-01,"[73644,73645]","[16671,16672,16673,16674]",,
76311,3,2009-05-01,"[73646,73647]","[16675,16676,16677,16678]",,
76312,4,2009-05-01,"[73648,73649]","[16679,16680,16681,16682]",,
76313,2,2009-06-01,"[73650,73651]","[16683,16684,16685,16686]",,
76314,3,2009-06-01,"[73652,73653]","[16687,16688,16689,16690]",,
76315,4,2009-06-01,"[73654,73655]","[16691,16692,16693,16694]",,
76316,2,2009-07-01,"[73656,73657]","[16695,16696,16697,16698]",,
76317,3,2009-07-01,"[73658,73659]","[16699,16700,16701,16702]",,
76318,4,2009-07-01,"[73660,73661]","[16703,16704,16705,16706]",,
76319,2,2009-08-01,"[73662,73663]","[16707,16708,16709,16710]",,
76320,3,2009-08-01,"[73664,73665]","[16711,16712,16713,16714]",,
76321,4,2009-08-01,"[73666,73667]","[16715,16716,16717,16718]",,
76322,2,2009-09-01,"[73668,73669]","[16719,16720,16721,16722]",,
76323,3,2009-09-01,"[73670,73671]","[16723,16724,16725,16726]",,
76324,4,2009-09-01,"[73672,73673]","[16727,16728,16729,16730]",,
76325,2,2009-10-01,"[73674,73675]","[16731,16732,16733,16734]",,
76326,3,2009-10-01,"[73676,73677]","[16735,16736,16737,16738]",,
76327,4,2009-10-01,"[73678,73679]","[16739,16740,16741,16742]",,
76328,2,2009-11-01,"[73680,73681]","[16743,16744,16745,16746]",,
76329,3,2009-11-01,"[73682,73683]","[16747,16748,16749,16750]",,
76330,4,2009-11-01,"[73684,73685]","[16751,16752,16753,16754]",,
76331,2,2009-12-01,"[73686,73687]","[16755,16756,16757,16758]",,
76332,3,2009-12-01,"[73688,73689]","[16759,16760,16761,16762]",,
76333,4,2009-12-01,"[73690,73691]","[16763,16764,16765,16766]",,
76334,2,2010-01-01,"[73692,73693]","[16767,16768,16769,16770]",,
76335,3,2010-01-01,"[73694,73695]","[16771,16772,16773,16774]",,
76336,4,2010-01-01,"[73696,73697]","[16775,16776,16777,16778]",,
76337,2,2010-02-01,"[73698,73699]","[16779,16780,16781,16782]",,
76338,3,2010-02-01,"[73700,73701]","[16783,16784,16785,16786]",,
76339,4,2010-02-01,"[73702,73703]","[16787,16788,16789,16790]",,
76340,2,2010-03-01,"[73704,73705]","[16791,16792,16793,16794]",,
76341,3,2010-03-01,"[73706,73707]","[16795,16796,16797,16798]",,
76342,4,2010-03-01,"[73708,73709]","[16799,16800,16801,16802]",,
76343,2,2010-04-01,"[73710,73711]","[16803,16804,16805,16806]",,
76344,3,2010-04-01,"[73712,73713]","[16807,16808,16809,16810]",,
76345,4,2010-04-01,"[73714,73715]","[16811,16812,16813,16814]",,
76346,2,2010-05-01,"[73716,73717]","[16815,16816,16817,16818]",,
76347,3,2010-05-01,"[73718,73719]","[16819,16820,16821,16822]",,
76348,4,2010-05-01,"[73720,73721]","[16823,16824,16825,16826]",,
76349,2,2010-06-01,"[73722,73723]","[16827,16828,16829,16830]",,
76350,3,2010-06-01,"[73724,73725]","[16831,16832,16833,16834]",,
76351,4,2010-06-01,"[73726,73727]","[16835,16836,16837,16838]",,
76352,2,2010-07-01,"[73728,73729]","[16839,16840,16841,16842]",,
76353,3,2010-07-01,"[73730,73731]","[16843,16844,16845,16846]",,
76354,4,2010-07-01,"[73732,73733]","[16847,16848,16849,16850]",,
76355,2,2010-08-01,"[73734,73735]","[16851,16852,16853,16854]",,
76356,3,2010-08-01,"[73736,73737]","[16855,16856,16857,16858]",,
76357,4,2010-08-01,"[73738,73739]","[16859,16860,16861,16862]",,
76358,2,2010-09-01,"[73740,73741]","[16863,16864,16865,16866]",,
76359,3,2010-09-01,"[73742,73743]","[16867,16868,16869,16870]",,
76360,4,2010-09-01,"[73744,73745]","[16871,16872,16873,16874]",,
76361,2,2010-10-01,"[73746,73747]","[16875,16876,16877,16878]",,
76362,3,2010-10-01,"[73748,73749]","[16879,16880,16881,16882]",,
76363,4,2010-10-01,"[73750,73751]","[16883,16884,16885,16886]",,
76364,2,2010-11-01,"[73752,73753]","[16887,16888,16889,16890]",,
76365,3,2010-11-01,"[73754,73755]","[16891,16892,16893,16894]",,
76366,4,2010-11-01,"[73756,73757]","[16895,16896,16897,16898]",,
76367,2,2010-12-01,"[73758,73759]","[16899,16900,16901,16902]",,
76368,3,2010-12-01,"[73760,73761]","[16903,16904,16905,16906]",,
76369,4,2010-12-01,"[73762,73763]","[16907,16908,16909,16910]",,
76370,2,2011-01-01,"[73764,73765]","[16911,16912,16913,16914]",,
76371,3,2011-01-01,"[73766,73767]","[16915,16916,16917,16918]",,
76372,4,2011-01-01,"[73768,73769]","[16919,16920,16921,16922]",,
76373,2,2011-02-01,"[73770,73771]","[16923,16924,16925,16926]",,
76374,3,2011-02-01,"[73772,73773]","[16927,16928,16929,16930]",,
76375,4,2011-02-01,"[73774,73775]","[16931,16932,16933,16934]",,
76376,2,2011-03-01,"[73776,73777]","[16935,16936,16937,16938]",,
76377,3,2011-03-01,"[73778,73779]","[16939,16940,16941,16942]",,
76378,4,2011-03-01,"[73780,73781]","[16943,16944,16945,16946]",,
76379,2,2011-04-01,"[73782,73783]","[16947,16948,16949,16950]",,
76380,3,2011-04-01,"[73784,73785]","[16951,16952,16953,16954]",,
76381,4,2011-04-01,"[73786,73787]","[16955,16956,16957,16958]",,
76382,2,2011-05-01,"[73788,73789]","[16959,16960,16961,16962]",,
76383,3,2011-05-01,"[73790,73791]","[16963,16964,16965,16966]",,
76384,4,2011-05-01,"[73792,73793]","[16967,16968,16969,16970]",,
76385,2,2011-06-01,"[73794,73795]","[16971,16972,16973,16974]",,
76386,3,2011-06-01,"[73796,73797]","[16975,16976,16977,16978]",,
76387,4,2011-06-01,"[73798,73799]","[16979,16980,16981,16982]",,
76388,2,2011-07-01,"[73800,73801]","[16983,16984,16985,16986]",,
76389,3,2011-07-01,"[73802,73803]","[16987,16988,16989,16990]",,
76390,4,2011-07-01,"[73804,73805]","[16991,16992,16993,16994]",,
76391,2,2011-08-01,"[73806,73807]","[16995,16996,16997,16998]",,
76392,3,2011-08-01,"[73808,73809]","[16999,17000,17001,17002]",,
76393,4,2011-08-01,"[73810,73811]","[17003,17004,17005,17006]",,
76394,2,2011-09-01,"[73812,73813]","[17007,17008,17009,17010]",,
76395,3,2011-09-01,"[73814,73815]","[17011,17012,17013,17014]",,
76396,4,2011-09-01,"[73816,73817]","[17015,17016,17017,17018]",,
76397,2,2011-10-01,"[73818,73819]","[17019,17020,17021,17022]",,
76398,3,2011-10-01,"[73820,73821]","[17023,17024,17025,17026]",,
76399,4,2011-10-01,"[73822,73823]","[17027,17028,17029,17030]",,
76400,2,2011-11-01,"[73824,73825]","[17031,17032,17033,17034]",,
76401,3,2011-11-01,"[73826,73827]","[17035,17036,17037,17038]",,
76402,4,2011-11-01,"[73828,73829]","[17039,17040,17041,17042]",,
76403,2,2011-12-01,"[73830,73831]","[17043,17044,17045,17046]",,
76404,3,2011-12-01,"[73832,73833]","[17047,17048,17049,17050]",,
76405,4,2011-12-01,"[73834,73835]","[17051,17052,17053,17054]",,
76406,2,2012-01-01,"[73836,73837]","[17055,17056,17057,17058]",,
76407,3,2012-01-01,"[73838,73839]","[17059,17060,17061,17062]",,
76408,4,2012-01-01,"[73840,73841]","[17063,17064,17065,17066]",,
76409,2,2012-02-01,"[73842,73843]","[17067,17068,17069,17070]",,
76410,3,2012-02-01,"[73844,73845]","[17071,17072,17073,17074]",,
76411,4,2012-02-01,"[73846,73847]","[17075,17076,17077,17078]",,
76412,2,2012-03-01,"[73848,73849]","[17079,17080,17081,17082]",,
76413,3,2012-03-01,"[73850,73851]","[17083,17084,17085,17086]",,
76414,4,2012-03-01,"[73852,73853]","[17087,17088,17089,17090]",,
76415,2,2012-04-01,"[73854,73855]","[17091,17092,17093,17094]",,
76416,3,2012-04-01,"[73856,73857]","[17095,17096,17097,17098]",,
76417,4,2012-04-01,"[73858,73859]","[17099,17100,17101,17102]",,
76418,2,2012-05-01,"[73860,73861]","[17103,17104,17105,17106]",,
76419,3,2012-05-01,"[73862,73863]","[17107,17108,17109,17110]",,
76420,4,2012-05-01,"[73864,73865]","[17111,17112,17113,17114]",,
76421,2,2012-06-01,"[73866,73867]","[17115,17116,17117,17118]",,
76422,3,2012-06-01,"[73868,73869]","[17119,17120,17121,17122]",,
76423,4,2012-06-01,"[73870,73871]","[17123,17124,17125,17126]",,
76424,2,2012-07-01,"[73872,73873]","[17127,17128,17129,17130]",,
76425,3,2012-07-01,"[73874,73875]","[17131,17132,17133,17134]",,
76426,4,2012-07-01,"[73876,73877]","[17135,17136,17137,17138]",,
76427,2,2012-08-01,"[73878,73879]","[17139,17140,17141,17142]",,
76428,3,2012-08-01,"[73880,73881]","[17143,17144,17145,17146]",,
76429,4,2012-08-01,"[73882,73883]","[17147,17148,17149,17150]",,
76430,2,2012-09-01,"[73884,73885]","[17151,17152,17153,17154]",,
76431,3,2012-09-01,"[73886,73887]","[17155,17156,17157,17158]",,
76432,4,2012-09-01,"[73888,73889]","[17159,17160,17161,17162]",,
76433,2,2012-10-01,"[73890,73891]","[17163,17164,17165,17166]",,
76434,3,2012-10-01,"[73892,73893]","[17167,17168,17169,17170]",,
76435,4,2012-10-01,"[73894,73895]","[17171,17172,17173,17174]",,
76436,2,2012-11-01,"[73896,73897]","[17175,17176,17177,17178]",,
76437,3,2012-11-01,"[73898,73899]","[17179,17180,17181,17182]",,
76438,4,2012-11-01,"[73900,73901]","[17183,17184,17185,17186]",,
76439,2,2012-12-01,"[73902,73903]","[17187,17188,17189,17190]",,
76440,3,2012-12-01,"[73904,73905]","[17191,17192,17193,17194]",,
76441,4,2012-12-01,"[73906,73907]","[17195,17196,17197,17198]",,
76442,2,2013-01-01,"[73908,73909]","[17199,17200,17201,17202]",,
76443,3,2013-01-01,"[73910,73911]","[17203,17204,17205,17206]",,
76444,4,2013-01-01,"[73912,73913]","[17207,17208,17209,17210]",,
76445,2,2013-02-01,"[73914,73915]","[17211,17212,17213,17214]",,
76446,3,2013-02-01,"[73916,73917]","[17215,17216,17217,17218]",,
76447,4,2013-02-01,"[73918,73919]","[17219,17220,17221,17222]",,
76448,2,2013-03-01,"[73920,73921]","[17223,17224,17225,17226]",,
76449,3,2013-03-01,"[73922,73923]","[17227,17228,17229,17230]",,
76450,4,2013-03-01,"[73924,73925]","[17231,17232,17233,17234]",,
76451,2,2013-04-01,"[73926,73927]","[17235,17236,17237,17238]",,
76452,3,2013-04-01,"[73928,73929]","[17239,17240,17241,17242]",,
76453,4,2013-04-01,"[73930,73931]","[17243,17244,17245,17246]",,
76454,2,2013-05-01,"[73932,73933]","[17247,17248,17249,17250]",,
76455,3,2013-05-01,"[73934,73935]","[17251,17252,17253,17254]",,
76456,4,2013-05-01,"[73936,73937]","[17255,17256,17257,17258]",,
76457,2,2013-06-01,"[73938,73939]","[17259,17260,17261,17262]",,
76458,3,2013-06-01,"[73940,73941]","[17263,17264,17265,17266]",,
76459,4,2013-06-01,"[73942,73943]","[17267,17268,17269,17270]",,
76460,2,2013-07-01,"[73944,73945]","[17271,17272,17273,17274]",,
76461,3,2013-07-01,"[73946,73947]","[17275,17276,17277,17278]",,
76462,4,2013-07-01,"[73948,73949]","[17279,17280,17281,17282]",,
76463,2,2013-08-01,"[73950,73951]","[17283,17284,17285,17286]",,
76464,3,2013-08-01,"[73952,73953]","[17287,17288,17289,17290]",,
76465,4,2013-08-01,"[73954,73955]","[17291,17292,17293,17294]",,
76466,2,2013-09-01,"[73956,73957]","[17295,17296,17297,17298]",,
76467,3,2013-09-01,"[73958,73959]","[17299,17300,17301,17302]",,
76468,4,2013-09-01,"[73960,73961]","[17303,17304,17305,17306]",,
76469,2,2013-10-01,"[73962,73963]","[17307,17308,17309,17310]",,
76470,3,2013-10-01,"[73964,73965]","[17311,17312,17313,17314]",,
76471,4,2013-10-01,"[73966,73967]","[17315,17316,17317,17318]",,
76472,2,2013-11-01,"[73968,73969]","[17319,17320,17321,17322]",,
76473,3,2013-11-01,"[73970,73971]","[17323,17324,17325,17326]",,
76474,4,2013-11-01,"[73972,73973]","[17327,17328,17329,17330]",,
76475,2,2013-12-01,"[73974,73975]","[17331,17332,17333,17334]",,
76476,3,2013-12-01,"[73976,73977]","[17335,17336,17337,17338]",,
76477,4,2013-12-01,"[73978,73979]","[17339,17340,17341,17342]",,
76478,2,2014-01-01,"[73980,73981]","[17343,17344,17345,17346]",,
76479,3,2014-01-01,"[73982,73983]","[17347,17348,17349,17350]",,
76480,4,2014-01-01,"[73984,73985]","[17351,17352,17353,17354]",,
76481,2,2014-02-01,"[73986,73987]","[17355,17356,17357,17358]",,
76482,3,2014-02-01,"[73988,73989]","[17359,17360,17361,17362]",,
76483,4,2014-02-01,"[73990,73991]","[17363,17364,17365,17366]",,
76484,2,2014-03-01,"[73992,73993]","[17367,17368,17369,17370]",,
76485,3,2014-03-01,"[73994,73995]","[17371,17372,17373,17374]",,
76486,4,2014-03-01,"[73996,73997]","[17375,17376,17377,17378]",,
76487,2,2014-04-01,"[73998,73999]","[17379,17380,17381,17382]",,
76488,3,2014-04-01,"[74000,74001]","[17383,17384,17385,17386]",,
76489,4,2014-04-01,"[74002,74003]","[17387,17388,17389,17390]",,
76490,2,2014-05-01,"[74004,74005]","[17391,17392,17393,17394]",,
76491,3,2014-05-01,"[74006,74007]","[17395,17396,17397,17398]",,
76492,4,2014-05-01,"[74008,74009]","[17399,17400,17401,17402]",,
76493,2,2014-06-01,"[74010,74011]","[17403,17404,17405,17406]",,
76494,3,2014-06-01,"[74012,74013]","[17407,17408,17409,17410]",,
76495,4,2014-06-01,"[74014,74015]","[17411,17412,17413,17414]",,
76496,2,2014-07-01,"[74016,74017]","[17415,17416,17417,17418]",,
76497,3,2014-07-01,"[74018,74019]","[17419,17420,17421,17422]",,
76498,4,2014-07-01,"[74020,74021]","[17423,17424,17425,17426]",,
76499,2,2014-08-01,"[74022,74023]","[17427,17428,17429,17430]",,
76500,3,2014-08-01,"[74024,74025]","[17431,17432,17433,17434]",,
76501,4,2014-08-01,"[74026,74027]","[17435,17436,17437,17438]",,
76502,2,2014-09-01,"[74028,74029]","[17439,17440,17441,17442]",,
76503,3,2014-09-01,"[74030,74031]","[17443,17444,17445,17446]",,
76504,4,2014-09-01,"[74032,74033]","[17447,17448,17449,17450]",,
76505,2,2014-10-01,"[74034,74035]","[17451,17452,17453,17454]",,
76506,3,2014-10-01,"[74036,74037]","[17455,17456,17457,17458]",,
76507,4,2014-10-01,"[74038,74039]","[17459,17460,17461,17462]",,
76508,2,2014-11-01,"[74040,74041]","[17463,17464,17465,17466]",,
76509,3,2014-11-01,"[74042,74043]","[17467,17468,17469,17470]",,
76510,4,2014-11-01,"[74044,74045]","[17471,17472,17473,17474]",,
76511,2,2014-12-01,"[74046,74047]","[17475,17476,17477,17478]",,
76512,3,2014-12-01,"[74048,74049]","[17479,17480,17481,17482]",,
76513,4,2014-12-01,"[74050,74051]","[17483,17484,17485,17486]",,
76514,2,2015-01-01,"[74052,74053]","[17487,17488,17489,17490]",,
76515,3,2015-01-01,"[74054,74055]","[17491,17492,17493,17494]",,
76516,4,2015-01-01,"[74056,74057]","[17495,17496,17497,17498]",,
76517,2,2015-02-01,"[74058,74059]","[17499,17500,17501,17502]",,
76518,3,2015-02-01,"[74060,74061]","[17503,17504,17505,17506]",,
76519,4,2015-02-01,"[74062,74063]","[17507,17508,17509,17510]",,
76520,2,2015-03-01,"[74064,74065]","[17511,17512,17513,17514]",,
76521,3,2015-03-01,"[74066,74067]","[17515,17516,17517,17518]",,
76522,4,2015-03-01,"[74068,74069]","[17519,17520,17521,17522]",,
76523,2,2015-04-01,"[74070,74071]","[17523,17524,17525,17526]",,
76524,3,2015-04-01,"[74072,74073]","[17527,17528,17529,17530]",,
76525,4,2015-04-01,"[74074,74075]","[17531,17532,17533,17534]",,
76526,2,2015-05-01,"[74076,74077]","[17535,17536,17537,17538]",,
76527,3,2015-05-01,"[74078,74079]","[17539,17540,17541,17542]",,
76528,4,2015-05-01,"[74080,74081]","[17543,17544,17545,17546]",,
76529,2,2015-06-01,"[74082,74083]","[17547,17548,17549,17550]",,
76530,3,2015-06-01,"[74084,74085]","[17551,17552,17553,17554]",,
76531,4,2015-06-01,"[74086,74087]","[17555,17556,17557,17558]",,
76532,2,2015-07-01,"[74088,74089]","[17559,17560,17561,17562]",,
76533,3,2015-07-01,"[74090,74091]","[17563,17564,17565,17566]",,
76534,4,2015-07-01,"[74092,74093]","[17567,17568,17569,17570]",,
76535,2,2015-08-01,"[74094,74095]","[17571,17572,17573,17574]",,
76536,3,2015-08-01,"[74096,74097]","[17575,17576,17577,17578]",,
76537,4,2015-08-01,"[74098,74099]","[17579,17580,17581,17582]",,
76538,2,2015-09-01,"[74100,74101]","[17583,17584,17585,17586]",,
76539,3,2015-09-01,"[74102,74103]","[17587,17588,17589,17590]",,
76540,4,2015-09-01,"[74104,74105]","[17591,17592,17593,17594]",,
76541,2,2015-10-01,"[74106,74107]","[17595,17596,17597,17598]",,
76542,3,2015-10-01,"[74108,74109]","[17599,17600,17601,17602]",,
76543,4,2015-10-01,"[74110,74111]","[17603,17604,17605,17606]",,
76544,2,2015-11-01,"[74112,74113]","[17607,17608,17609,17610]",,
76545,3,2015-11-01,"[74114,74115]","[17611,17612,17613,17614]",,
76546,4,2015-11-01,"[74116,74117]","[17615,17616,17617,17618]",,
76547,2,2015-12-01,"[74118,74119]","[17619,17620,17621,17622]",,
76548,3,2015-12-01,"[74120,74121]","[17623,17624,17625,17626]",,
76549,4,2015-12-01,"[74122,74123]","[17627,17628,17629,17630]",,
76550,2,2016-01-01,"[74124,74125]","[17631,17632,17633,17634]",,
76551,3,2016-01-01,"[74126,74127]","[17635,17636,17637,17638]",,
76552,4,2016-01-01,"[74128,74129]","[17639,17640,17641,17642]",,
76553,2,2016-02-01,"[74130,74131]","[17643,17644,17645,17646]",,
76554,3,2016-02-01,"[74132,74133]","[17647,17648,17649,17650]",,
76555,4,2016-02-01,"[74134,74135]","[17651,17652,17653,17654]",,
76556,2,2016-03-01,"[74136,74137]","[17655,17656,17657,17658]",,
76557,3,2016-03-01,"[74138,74139]","[17659,17660,17661,17662]",,
76558,4,2016-03-01,"[74140,74141]","[17663,17664,17665,17666]",,
76559,2,2016-04-01,"[74142,74143]","[17667,17668,17669,17670]",,
76560,3,2016-04-01,"[74144,74145]","[17671,17672,17673,17674]",,
76561,4,2016-04-01,"[74146,74147]","[17675,17676,17677,17678]",,
76562,2,2016-05-01,"[74148,74149]","[17679,17680,17681,17682]",,
76563,3,2016-05-01,"[74150,74151]","[17683,17684,17685,17686]",,
76564,4,2016-05-01,"[74152,74153]","[17687,17688,17689,17690]",,
76565,2,2016-06-01,"[74154,74155]","[17691,17692,17693,17694]",,
76566,3,2016-06-01,"[74156,74157]","[17695,17696,17697,17698]",,
76567,4,2016-06-01,"[74158,74159]","[17699,17700,17701,17702]",,
76568,2,2016-07-01,"[74160,74161]","[17703,17704,17705,17706]",,
76569,3,2016-07-01,"[74162,74163]","[17707,17708,17709,17710]",,
76570,4,2016-07-01,"[74164,74165]","[17711,17712,17713,17714]",,
76571,2,2016-08-01,"[74166,74167]","[17715,17716,17717,17718]",,
76572,3,2016-08-01,"[74168,74169]","[17719,17720,17721,17722]",,
76573,4,2016-08-01,"[74170,74171]","[17723,17724,17725,17726]",,
76574,2,2016-09-01,"[74172,74173]","[17727,17728,17729,17730]",,
76575,3,2016-09-01,"[74174,74175]","[17731,17732,17733,17734]",,
76576,4,2016-09-01,"[74176,74177]","[17735,17736,17737,17738]",,
76577,2,2016-10-01,"[74178,74179]","[17739,17740,17741,17742]",,
76578,3,2016-10-01,"[74180,74181]","[17743,17744,17745,17746]",,
76579,4,2016-10-01,"[74182,74183]","[17747,17748,17749,17750]",,
76580,2,2016-11-01,"[74184,74185]","[17751,17752,17753,17754]",,
76581,3,2016-11-01,"[74186,74187]","[17755,17756,17757,17758]",,
76582,4,2016-11-01,"[74188,74189]","[17759,17760,17761,17762]",,
76583,2,2016-12-01,"[74190,74191]","[17763,17764,17765,17766]",,
76584,3,2016-12-01,"[74192,74193]","[17767,17768,17769,17770]",,
76585,4,2016-12-01,"[74194,74195]","[17771,17772,17773,17774]",,
76586,2,2017-01-01,"[74196,74197]","[17775,17776,17777,17778]",,
76587,3,2017-01-01,"[74198,74199]","[17779,17780,17781,17782]",,
76588,4,2017-01-01,"[74200,74201]","[17783,17784,17785,17786]",,
76589,2,2017-02-01,"[74202,74203]","[17787,17788,17789,17790]",,
76590,3,2017-02-01,"[74204,74205]","[17791,17792,17793,17794]",,
76591,4,2017-02-01,"[74206,74207]","[17795,17796,17797,17798]",,
76592,2,2017-03-01,"[74208,74209]","[17799,17800,17801,17802]",,
76593,3,2017-03-01,"[74210,74211]","[17803,17804,17805,17806]",,
76594,4,2017-03-01,"[74212,74213]","[17807,17808,17809,17810]",,
76595,2,2017-04-01,"[74214,74215]","[17811,17812,17813,17814]",,
76596,3,2017-04-01,"[74216,74217]","[17815,17816,17817,17818]",,
76597,4,2017-04-01,"[74218,74219]","[17819,17820,17821,17822]",,
76598,2,2017-05-01,"[74220,74221]","[17823,17824,17825,17826]",,
76599,3,2017-05-01,"[74222,74223]","[17827,17828,17829,17830]",,
76600,4,2017-05-01,"[74224,74225]","[17831,17832,17833,17834]",,
76601,2,2017-06-01,"[74226,74227]","[17835,17836,17837,17838]",,
76602,3,2017-06-01,"[74228,74229]","[17839,17840,17841,17842]",,
76603,4,2017-06-01,"[74230,74231]","[17843,17844,17845,17846]",,
76604,2,2017-07-01,"[74232,74233]","[17847,17848,17849,17850]",,
76605,3,2017-07-01,"[74234,74235]","[17851,17852,17853,17854]",,
76606,4,2017-07-01,"[74236,74237]","[17855,17856,17857,17858]",,
76607,2,2017-08-01,"[74238,74239]","[17859,17860,17861,17862]",,
76608,3,2017-08-01,"[74240,74241]","[17863,17864,17865,17866]",,
76609,4,2017-08-01,"[74242,74243]","[17867,17868,17869,17870]",,
76610,2,2017-09-01,"[74244,74245]","[17871,17872,17873,17874]",,
76611,3,2017-09-01,"[74246,74247]","[17875,17876,17877,17878]",,
76612,4,2017-09-01,"[74248,74249]","[17879,17880,17881,17882]",,
76613,2,2017-10-01,"[74250,74251]","[17883,17884,17885,17886]",,
76614,3,2017-10-01,"[74252,74253]","[17887,17888,17889,17890]",,
76615,4,2017-10-01,"[74254,74255]","[17891,17892,17893,17894]",,
76616,2,2017-11-01,"[74256,74257]","[17895,17896,17897,17898]",,
76617,3,2017-11-01,"[74258,74259]","[17899,17900,17901,17902]",,
76618,4,2017-11-01,"[74260,74261]","[17903,17904,17905,17906]",,
76619,2,2017-12-01,"[74262,74263]","[17907,17908,17909,17910]",,
76620,3,2017-12-01,"[74264,74265]","[17911,17912,17913,17914]",,
76621,4,2017-12-01,"[74266,74267]","[17915,17916,17917,17918]",,
76622,2,2018-01-01,"[74268,74269]","[17919,17920,17921,17922]",,
76623,3,2018-01-01,"[74270,74271]","[17923,17924,17925,17926]",,
76624,4,2018-01-01,"[74272,74273]","[17927,17928,17929,17930]",,
76625,2,2018-02-01,"[74274,74275]","[17931,17932,17933,17934]",,
76626,3,2018-02-01,"[74276,74277]","[17935,17936,17937,17938]",,
76627,4,2018-02-01,"[74278,74279]","[17939,17940,17941,17942]",,
76628,2,2018-03-01,"[74280,74281]","[17943,17944,17945,17946]",,
76629,3,2018-03-01,"[74282,74283]","[17947,17948,17949,17950]",,
76630,4,2018-03-01,"[74284,74285]","[17951,17952,17953,17954]",,
76631,2,2018-04-01,"[74286,74287]","[17955,17956,17957,17958]",,
76632,3,2018-04-01,"[74288,74289]","[17959,17960,17961,17962]",,
76633,4,2018-04-01,"[74290,74291]","[17963,17964,17965,17966]",,
76634,2,2018-05-01,"[74292,74293]","[17967,17968,17969,17970]",,
76635,3,2018-05-01,"[74294,74295]","[17971,17972,17973,17974]",,
76636,4,2018-05-01,"[74296,74297]","[17975,17976,17977,17978]",,
76637,2,2018-06-01,"[74298,74299]","[17979,17980,17981,17982]",,
76638,3,2018-06-01,"[74300,74301]","[17983,17984,17985,17986]",,
76639,4,2018-06-01,"[74302,74303]","[17987,17988,17989,17990]",,
76640,2,2018-07-01,"[74304,74305]","[17991,17992,17993,17994]",,
76641,3,2018-07-01,"[74306,74307]","[17995,17996,17997,17998]",,
76642,4,2018-07-01,"[74308,74309]","[17999,18000,18001,18002]",,
76643,2,2018-08-01,"[74310,74311]","[18003,18004,18005,18006]",,
76644,3,2018-08-01,"[74312,74313]","[18007,18008,18009,18010]",,
76645,4,2018-08-01,"[74314,74315]","[18011,18012,18013,18014]",,
76646,2,2018-09-01,"[74316,74317]","[18015,18016,18017,18018]",,
76647,3,2018-09-01,"[74318,74319]","[18019,18020,18021,18022]",,
76648,4,2018-09-01,"[74320,74321]","[18023,18024,18025,18026]",,
76649,2,2018-10-01,"[74322,74323]","[18027,18028,18029,18030]",,
76650,3,2018-10-01,"[74324,74325]","[18031,18032,18033,18034]",,
76651,4,2018-10-01,"[74326,74327]","[18035,18036,18037,18038]",,
76652,2,2018-11-01,"[74328,74329]","[18039,18040,18041,18042]",,
76653,3,2018-11-01,"[74330,74331]","[18043,18044,18045,18046]",,
76654,4,2018-11-01,"[74332,74333]","[18047,18048,18049,18050]",,
76655,2,2018-12-01,"[74334,74335]","[18051,18052,18053,18054]",,
76656,3,2018-12-01,"[74336,74337]","[18055,18056,18057,18058]",,
76657,4,2018-12-01,"[74338,74339]","[18059,18060,18061,18062]",,
76658,2,2019-01-01,"[74340,74341]","[18063,18064,18065,18066]",,
76659,3,2019-01-01,"[74342,74343]","[18067,18068,18069,18070]",,
76660,4,2019-01-01,"[74344,74345]","[18071,18072,18073,18074]",,
76661,2,2019-02-01,"[74346,74347]","[18075,18076,18077,18078]",,
76662,3,2019-02-01,"[74348,74349]","[18079,18080,18081,18082]",,
76663,4,2019-02-01,"[74350,74351]","[18083,18084,18085,18086]",,
76664,2,2019-03-01,"[74352,74353]","[18087,18088,18089,18090]",,
76665,3,2019-03-01,"[74354,74355]","[18091,18092,18093,18094]",,
76666,4,2019-03-01,"[74356,74357]","[18095,18096,18097,18098]",,
76667,2,2019-04-01,"[74358,74359]","[18099,18100,18101,18102]",,
76668,3,2019-04-01,"[74360,74361]","[18103,18104,18105,18106]",,
76669,4,2019-04-01,"[74362,74363]","[18107,18108,18109,18110]",,
76670,2,2019-05-01,"[74364,74365]","[18111,18112,18113,18114]",,
76671,3,2019-05-01,"[74366,74367]","[18115,18116,18117,18118]",,
76672,4,2019-05-01,"[74368,74369]","[18119,18120,18121,18122]",,
76673,2,2019-06-01,"[74370,74371]","[18123,18124,18125,18126]",,
76674,3,2019-06-01,"[74372,74373]","[18127,18128,18129,18130]",,
76675,4,2019-06-01,"[74374,74375]","[18131,18132,18133,18134]",,
76676,2,2019-07-01,"[74376,74377]","[18135,18136,18137,18138]",,
76677,3,2019-07-01,"[74378,74379]","[18139,18140,18141,18142]",,
76678,4,2019-07-01,"[74380,74381]","[18143,18144,18145,18146]",,
76679,2,2019-08-01,"[74382,74383]","[18147,18148,18149,18150]",,
76680,3,2019-08-01,"[74384,74385]","[18151,18152,18153,18154]",,
76681,4,2019-08-01,"[74386,74387]","[18155,18156,18157,18158]",,
76682,2,2019-09-01,"[74388,74389]","[18159,18160,18161,18162]",,
76683,3,2019-09-01,"[74390,74391]","[18163,18164,18165,18166]",,
76684,4,2019-09-01,"[74392,74393]","[18167,18168,18169,18170]",,
76685,2,2019-10-01,"[74394,74395]","[18171,18172,18173,18174]",,
76686,3,2019-10-01,"[74396,74397]","[18175,18176,18177,18178]",,
76687,4,2019-10-01,"[74398,74399]","[18179,18180,18181,18182]",,
76688,2,2019-11-01,"[74400,74401]","[18183,18184,18185,18186]",,
76689,3,2019-11-01,"[74402,74403]","[18187,18188,18189,18190]",,
76690,4,2019-11-01,"[74404,74405]","[18191,18192,18193,18194]",,
76691,2,2019-12-01,"[74406,74407]","[18195,18196,18197,18198]",,
76692,3,2019-12-01,"[74408,74409]","[18199,18200,18201,18202]",,
76693,4,2019-12-01,"[74410,74411]","[18203,18204,18205,18206]",,
76694,2,2020-01-01,"[74412,74413]","[18207,18208,18209,18210]",,
76695,3,2020-01-01,"[74414,74415]","[18211,18212,18213,18214]",,
76696,4,2020-01-01,"[74416,74417]","[18215,18216,18217,18218]",,
76697,2,2020-02-01,"[74418,74419]","[18219,18220,18221,18222]",,
76698,3,2020-02-01,"[74420,74421]","[18223,18224,18225,18226]",,
76699,4,2020-02-01,"[74422,74423]","[18227,18228,18229,18230]",,
76700,2,2020-03-01,"[74424,74425]","[18231,18232,18233,18234]",,
76701,3,2020-03-01,"[74426,74427]","[18235,18236,18237,18238]",,
76702,4,2020-03-01,"[74428,74429]","[18239,18240,18241,18242]",,
76703,2,2020-04-01,"[74430,74431]","[18243,18244,18245,18246]",,
76704,3,2020-04-01,"[74432,74433]","[18247,18248,18249,18250]",,
76705,4,2020-04-01,"[74434,74435]","[18251,18252,18253,18254]",,
76706,2,2020-05-01,"[74436,74437]","[18255,18256,18257,18258]",,
76707,3,2020-05-01,"[74438,74439]","[18259,18260,18261,18262]",,
76708,4,2020-05-01,"[74440,74441]","[18263,18264,18265,18266]",,
76709,2,2020-06-01,"[74442,74443]","[18267,18268,18269,18270]",,
76710,3,2020-06-01,"[74444,74445]","[18271,18272,18273,18274]",,
76711,4,2020-06-01,"[74446,74447]","[18275,18276,18277,18278]",,
76712,2,2020-07-01,"[74448,74449]","[18279,18280,18281,18282]",,
76713,3,2020-07-01,"[74450,74451]","[18283,18284,18285,18286]",,
76714,4,2020-07-01,"[74452,74453]","[18287,18288,18289,18290]",,
76715,2,2020-08-01,"[74454,74455]","[18291,18292,18293,18294]",,
76716,3,2020-08-01,"[74456,74457]","[18295,18296,18297,18298]",,
76717,4,2020-08-01,"[74458,74459]","[18299,18300,18301,18302]",,
76718,2,2020-09-01,"[74460,74461]","[18303,18304,18305,18306]",,
76719,3,2020-09-01,"[74462,74463]","[18307,18308,18309,18310]",,
76720,4,2020-09-01,"[74464,74465]","[18311,18312,18313,18314]",,
76721,2,2020-10-01,"[74466,74467]","[18315,18316,18317,18318]",,
76722,3,2020-10-01,"[74468,74469]","[18319,18320,18321,18322]",,
76723,4,2020-10-01,"[74470,74471]","[18323,18324,18325,18326]",,
76724,2,2020-11-01,"[74472,74473]","[18327,18328,18329,18330]",,
76725,3,2020-11-01,"[74474,74475]","[18331,18332,18333,18334]",,
76726,4,2020-11-01,"[74476,74477]","[18335,18336,18337,18338]",,
76727,2,2020-12-01,"[74478,74479]","[18339,18340,18341,18342]",,
76728,3,2020-12-01,"[74480,74481]","[18343,18344,18345,18346]",,
76729,4,2020-12-01,"[74482,74483]","[18347,18348,18349,18350]",,
76730,2,2021-01-01,"[74484,74485]","[18351,18352,18353,18354]",,
76731,3,2021-01-01,"[74486,74487]","[18355,18356,18357,18358]",,
76732,4,2021-01-01,"[74488,74489]","[18359,18360,18361,18362]",,
76733,2,2021-02-01,"[74490,74491]","[18363,18364,18365,18366]",,
76734,3,2021-02-01,"[74492,74493]","[18367,18368,18369,18370]",,
76735,4,2021-02-01,"[74494,74495]","[18371,18372,18373,18374]",,
76736,2,2021-03-01,"[74496,74497]","[18375,18376,18377,18378]",,
76737,3,2021-03-01,"[74498,74499]","[18379,18380,18381,18382]",,
76738,4,2021-03-01,"[74500,74501]","[18383,18384,18385,18386]",,
76739,2,2021-04-01,"[74502,74503]","[18387,18388,18389,18390]",,
76740,3,2021-04-01,"[74504,74505]","[18391,18392,18393,18394]",,
76741,4,2021-04-01,"[74506,74507]","[18395,18396,18397,18398]",,
76742,2,2021-05-01,"[74508,74509]","[18399,18400,18401,18402]",,
76743,3,2021-05-01,"[74510,74511]","[18403,18404,18405,18406]",,
76744,4,2021-05-01,"[74512,74513]","[18407,18408,18409,18410]",,
76745,2,2021-06-01,"[74514,74515]","[18411,18412,18413,18414]",,
76746,3,2021-06-01,"[74516,74517]","[18415,18416,18417,18418]",,
76747,4,2021-06-01,"[74518,74519]","[18419,18420,18421,18422]",,
76748,2,2021-07-01,"[74520,74521]","[18423,18424,18425,18426]",,
76749,3,2021-07-01,"[74522,74523]","[18427,18428,18429,18430]",,
76750,4,2021-07-01,"[74524,74525]","[18431,18432,18433,18434]",,
76751,2,2021-08-01,"[74526,74527]","[18435,18436,18437,18438]",,
76752,3,2021-08-01,"[74528,74529]","[18439,18440,18441,18442]",,
76753,4,2021-08-01,"[74530,74531]","[18443,18444,18445,18446]",,
76754,2,2021-09-01,"[74532,74533]","[18447,18448,18449,18450]",,
76755,3,2021-09-01,"[74534,74535]","[18451,18452,18453,18454]",,
76756,4,2021-09-01,"[74536,74537]","[18455,18456,18457,18458]",,
76757,2,2021-10-01,"[74538,74539]","[18459,18460,18461,18462]",,
76758,3,2021-10-01,"[74540,74541]","[18463,18464,18465,18466]",,
76759,4,2021-10-01,"[74542,74543]","[18467,18468,18469,18470]",,
76760,2,2021-11-01,"[74544,74545]","[18471,18472,18473,18474]",,
76761,3,2021-11-01,"[74546,74547]","[18475,18476,18477,18478]",,
76762,4,2021-11-01,"[74548,74549]","[18479,18480,18481,18482]",,
76763,2,2021-12-01,"[74550,74551]","[18483,18484,18485,18486]",,
76764,3,2021-12-01,"[74552,74553]","[18487,18488,18489,18490]",,
76765,4,2021-12-01,"[74554,74555]","[18491,18492,18493,18494]",,
76766,2,2022-01-01,"[74556,74557]","[18495,18496,18497,18498]",,
76767,3,2022-01-01,"[74558,74559]","[18499,18500,18501,18502]",,
76768,4,2022-01-01,"[74560,74561]","[18503,18504,18505,18506]",,
76769,2,2022-02-01,"[74562,74563]","[18507,18508,18509,18510]",,
76770,3,2022-02-01,"[74564,74565]","[18511,18512,18513,18514]",,
76771,4,2022-02-01,"[74566,74567]","[18515,18516,18517,18518]",,
76772,2,2022-03-01,"[74568,74569]","[18519,18520,18521,18522]",,
76773,3,2022-03-01,"[74570,74571]","[18523,18524,18525,18526]",,
76774,4,2022-03-01,"[74572,74573]","[18527,18528,18529,18530]",,
76775,2,2022-04-01,"[74574,74575]","[18531,18532,18533,18534]",,
76776,3,2022-04-01,"[74576,74577]","[18535,18536,18537,18538]",,
76777,4,2022-04-01,"[74578,74579]","[18539,18540,18541,18542]",,
76778,2,2022-05-01,"[74580,74581]","[18543,18544,18545,18546]",,
76779,3,2022-05-01,"[74582,74583]","[18547,18548,18549,18550]",,
76780,4,2022-05-01,"[74584,74585]","[18551,18552,18553,18554]",,
76781,2,2022-06-01,"[74586,74587]","[18555,18556,18557,18558]",,
76782,3,2022-06-01,"[74588,74589]","[18559,18560,18561,18562]",,
76783,4,2022-06-01,"[74590,74591]","[18563,18564,18565,18566]",,
76784,2,2022-07-01,"[74592,74593]","[18567,18568,18569,18570]",,
76785,3,2022-07-01,"[74594,74595]","[18571,18572,18573,18574]",,
76786,4,2022-07-01,"[74596,74597]","[18575,18576,18577,18578]",,
76787,2,2022-08-01,"[74598,74599]","[18579,18580,18581,18582]",,
76788,3,2022-08-01,"[74600,74601]","[18583,18584,18585,18586]",,
76789,4,2022-08-01,"[74602,74603]","[18587,18588,18589,18590]",,
76790,2,2022-09-01,"[74604,74605]","[18591,18592,18593,18594]",,
76791,3,2022-09-01,"[74606,74607]","[18595,18596,18597,18598]",,
76792,4,2022-09-01,"[74608,74609]","[18599,18600,18601,18602]",,
76793,2,2022-10-01,"[74610,74611]","[18603,18604,18605,18606]",,
76794,3,2022-10-01,"[74612,74613]","[18607,18608,18609,18610]",,
76795,4,2022-10-01,"[74614,74615]","[18611,18612,18613,18614]",,
76796,2,2022-11-01,"[74616,74617]","[18615,18616,18617,18618]",,
76797,3,2022-11-01,"[74618,74619]","[18619,18620,18621,18622]",,
76798,4,2022-11-01,"[74620,74621]","[18623,18624,18625,18626]",,
76799,2,2022-12-01,"[74622,74623]","[18627,18628,18629,18630]",,
76800,3,2022-12-01,"[74624,74625]","[18631,18632,18633,18634]",,
76801,4,2022-12-01,"[74626,74627]","[18635,18636,18637,18638]",,
76802,2,2023-01-01,"[74628,74629]","[18639,18640,18641,18642]",,
76803,3,2023-01-01,"[74630,74631]","[18643,18644,18645,18646]",,
76804,4,2023-01-01,"[74632,74633]","[18647,18648,18649,18650]",,
76805,2,2023-02-01,"[74634,74635]","[18651,18652,18653,18654]",,
76806,3,2023-02-01,"[74636,74637]","[18655,18656,18657,18658]",,
76807,4,2023-02-01,"[74638,74639]","[18659,18660,18661,18662]",,
76808,2,2023-03-01,"[74640,74641]","[18663,18664,18665,18666]",,
76809,3,2023-03-01,"[74642,74643]","[18667,18668,18669,18670]",,
76810,4,2023-03-01,"[74644,74645]","[18671,18672,18673,18674]",,
76811,2,2023-04-01,"[74646,74647]","[18675,18676,18677,18678]",,
76812,3,2023-04-01,"[74648,74649]","[18679,18680,18681,18682]",,
76813,4,2023-04-01,"[74650,74651]","[18683,18684,18685,18686]",,
76814,2,2023-05-01,"[74652,74653]","[18687,18688,18689,18690]",,
76815,3,2023-05-01,"[74654,74655]","[18691,18692,18693,18694]",,
76816,4,2023-05-01,"[74656,74657]","[18695,18696,18697,18698]",,
76817,2,2023-06-01,"[74658,74659]","[18699,18700,18701,18702]",,
76818,3,2023-06-01,"[74660,74661]","[18703,18704,18705,18706]",,
76819,4,2023-06-01,"[74662,74663]","[18707,18708,18709,18710]",,
76820,2,2023-07-01,"[74664,74665]","[18711,18712,18713,18714]",,
76821,3,2023-07-01,"[74666,74667]","[18715,18716,18717,18718]",,
76822,4,2023-07-01,"[74668,74669]","[18719,18720,18721,18722]",,
76823,2,2023-08-01,"[74670,74671]","[18723,18724,18725,18726]",,
76824,3,2023-08-01,"[74672,74673]","[18727,18728,18729,18730]",,
76825,4,2023-08-01,"[74674,74675]","[18731,18732,18733,18734]",,
76826,2,2023-09-01,"[74676,74677]","[18735,18736,18737,18738]",,
76827,3,2023-09-01,"[74678,74679]","[18739,18740,18741,18742]",,
76828,4,2023-09-01,"[74680,74681]","[18743,18744,18745,18746]",,
76829,2,2023-10-01,"[74682,74683]","[18747,18748,18749,18750]",,
76830,3,2023-10-01,"[74684,74685]","[18751,18752,18753,18754]",,
76831,4,2023-10-01,"[74686,74687]","[18755,18756,18757,18758]",,
76832,2,2023-11-01,"[74688,74689]","[18759,18760,18761,18762]",,
76833,3,2023-11-01,"[74690,74691]","[18763,18764,18765,18766]",,
76834,4,2023-11-01,"[74692,74693]","[18767,18768,18769,18770]",,
76835,2,2023-12-01,"[74694,74695]","[18771,18772,18773,18774]",,
76836,3,2023-12-01,"[74696,74697]","[18775,18776,18777,18778]",,
76837,4,2023-12-01,"[74698,74699]","[18779,18780,18781,18782]",,
76838,2,2024-01-01,"[74700,74701]","[18783,18784,18785,18786]",,
76839,3,2024-01-01,"[74702,74703]","[18787,18788,18789,18790]",,
76840,4,2024-01-01,"[74704,74705]","[18791,18792,18793,18794]",,
76841,2,2024-02-01,"[74706,74707]","[18795,18796,18797,18798]",,
76842,3,2024-02-01,"[74708,74709]","[18799,18800,18801,18802]",,
76843,4,2024-02-01,"[74710,74711]","[18803,18804,18805,18806]",,
76844,2,2024-03-01,"[74712,74713]","[18807,18808,18809,18810]",,
76845,3,2024-03-01,"[74714,74715]","[18811,18812,18813,18814]",,
76846,4,2024-03-01,"[74716,74717]","[18815,18816,18817,18818]",,
76847,2,2024-04-01,"[74718,74719]","[18819,18820,18821,18822]",,
76848,3,2024-04-01,"[74720,74721]","[18823,18824,18825,18826]",,
76849,4,2024-04-01,"[74722,74723]","[18827,18828,18829,18830]",,
76850,2,2024-05-01,"[74724,74725]","[18831,18832,18833,18834]",,
76851,3,2024-05-01,"[74726,74727]","[18835,18836,18837,18838]",,
76852,4,2024-05-01,"[74728,74729]","[18839,18840,18841,18842]",,
76853,2,2024-06-01,"[74730,74731]","[18843,18844,18845,18846]",,
76854,3,2024-06-01,"[74732,74733]","[18847,18848,18849,18850]",,
76855,4,2024-06-01,"[74734,74735]","[18851,18852,18853,18854]",,
76856,2,2024-07-01,"[74736,74737]","[18855,18856,18857,18858]",,
76857,3,2024-07-01,"[74738,74739]","[18859,18860,18861,18862]",,
76858,4,2024-07-01,"[74740,74741]","[18863,18864,18865,18866]",,
76859,2,2024-08-01,"[74742,74743]","[18867,18868,18869,18870]",,
76860,3,2024-08-01,"[74744,74745]","[18871,18872,18873,18874]",,
76861,4,2024-08-01,"[74746,74747]","[18875,18876,18877,18878]",,
76862,2,2024-09-01,"[74748,74749]","[18879,18880,18881,18882]",,
76863,3,2024-09-01,"[74750,74751]","[18883,18884,18885,18886]",,
76864,4,2024-09-01,"[74752,74753]","[18887,18888,18889,18890]",,
76865,2,2024-10-01,"[74754,74755]","[18891,18892,18893,18894]",,
76866,3,2024-10-01,"[74756,74757]","[18895,18896,18897,18898]",,
76867,4,2024-10-01,"[74758,74759]","[18899,18900,18901,18902]",,
76868,2,2024-11-01,"[74760,74761]","[18903,18904,18905,18906]",,
76869,3,2024-11-01,"[74762,74763]","[18907,18908,18909,18910]",,
76870,4,2024-11-01,"[74764,74765]","[18911,18912,18913,18914]",,
76871,2,2024-12-01,"[74766,74767]","[18915,18916,18917,18918]",,
76872,3,2024-12-01,"[74768,74769]","[18919,18920,18921,18922]",,
76873,4,2024-12-01,"[74770,74771]","[18923,18924,18925,18926]",,
76874,2,2025-01-01,"[74772,74773]","[18927,18928,18929,18930]",,
76875,3,2025-01-01,"[74774,74775]","[18931,18932,18933,18934]",,
76876,4,2025-01-01,"[74776,74777]","[18935,18936,18937,18938]",,
76877,2,2025-02-01,"[74778,74779]","[18939,18940,18941,18942]",,
76878,3,2025-02-01,"[74780,74781]","[18943,18944,18945,18946]",,
76879,4,2025-02-01,"[74782,74783]","[18947,18948,18949,18950]",,
76880,2,2025-03-01,"[74784,74785]","[18951,18952,18953,18954]",,
76881,3,2025-03-01,"[74786,74787]","[18955,18956,18957,18958]",,
76882,4,2025-03-01,"[74788,74789]","[18959,18960,18961,18962]",,
76883,2,2025-04-01,"[74790,74791]","[18963,18964,18965,18966]",,
76884,3,2025-04-01,"[74792,74793]","[18967,18968,18969,18970]",,
76885,4,2025-04-01,"[74794,74795]","[18971,18972,18973,18974]",,
76886,2,2025-05-01,"[74796,74797]","[18975,18976,18977,18978]",,
76887,3,2025-05-01,"[74798,74799]","[18979,18980,18981,18982]",,
76888,4,2025-05-01,"[74800,74801]","[18983,18984,18985,18986]",,
76889,2,2025-06-01,"[74802,74803]","[18987,18988,18989,18990]",,
76890,3,2025-06-01,"[74804,74805]","[18991,18992,18993,18994]",,
76891,4,2025-06-01,"[74806,74807]","[18995,18996,18997,18998]",,
76892,2,2025-07-01,"[74808,74809]","[18999,19000,19001,19002]",,
76893,3,2025-07-01,"[74810,74811]","[19003,19004,19005,19006]",,
76894,4,2025-07-01,"[74812,74813]","[19007,19008,19009,19010]",,
76895,2,2025-08-01,"[74814,74815]","[19011,19012,19013,19014]",,
76896,3,2025-08-01,"[74816,74817]","[19015,19016,19017,19018]",,
76897,4,2025-08-01,"[74818,74819]","[19019,19020,19021,19022]",,
76898,2,2025-09-01,"[74820,74821]","[19023,19024,19025,19026]",,
76899,3,2025-09-01,"[74822,74823]","[19027,19028,19029,19030]",,
76900,4,2025-09-01,"[74824,74825]","[19031,19032,19033,19034]",,
76901,2,2025-10-01,"[74826,74827]","[19035,19036,19037,19038]",,
76902,3,2025-10-01,"[74828,74829]","[19039,19040,19041,19042]",,
76903,4,2025-10-01,"[74830,74831]","[19043,19044,19045,19046]",,
76904,2,2025-11-01,"[74832,74833]","[19047,19048,19049,19050]",,
76905,3,2025-11-01,"[74834,74835]","[19051,19052,19053,19054]",,
76906,4,2025-11-01,"[74836,74837]","[19055,19056,19057,19058]",,
76907,2,2025-12-01,"[74838,74839]","[19059,19060,19061,19062]",,
76908,3,2025-12-01,"[74840,74841]","[19063,19064,19065,19066]",,
76909,4,2025-12-01,"[74842,74843]","[19067,19068,19069,19070]",,
76910,2,2026-01-01,"[74844,74845]","[19071,19072,19073,19074]",,
76911,3,2026-01-01,"[74846,74847]","[19075,19076,19077,19078]",,
76912,4,2026-01-01,"[74848,74849]","[19079,19080,19081,19082]",,
76913,2,2026-02-01,"[74850,74851]","[19083,19084,19085,19086]",,
76914,3,2026-02-01,"[74852,74853]","[19087,19088,19089,19090]",,
76915,4,2026-02-01,"[74854,74855]","[19091,19092,19093,19094]",,
76916,2,2026-03-01,"[74856,74857]","[19095,19096,19097,19098]",,
76917,3,2026-03-01,"[74858,74859]","[19099,19100,19101,19102]",,
76918,4,2026-03-01,"[74860,74861]","[19103,19104,19105,19106]",,
76919,2,2026-04-01,"[74862,74863]","[19107,19108,19109,19110]",,
76920,3,2026-04-01,"[74864,74865]","[19111,19112,19113,19114]",,
76921,4,2026-04-01,"[74866,74867]","[19115,19116,19117,19118]",,
76922,2,2026-05-01,"[74868,74869]","[19119,19120,19121,19122]",,
76923,3,2026-05-01,"[74870,74871]","[19123,19124,19125,19126]",,
76924,4,2026-05-01,"[74872,74873]","[19127,19128,19129,19130]",,
