party_name_id,party_id,notes,sources,translations_languages_code1,translations_abbreviation1,translations_name1,translations_internal_label1,translations_alternative_name1,translations_notes1,translations_sources1,translations_languages_code2,translations_abbreviation2,translations_name2,translations_internal_label2,translations_alternative_name2,translations_notes2,translations_sources2,translations_languages_code3,translations_abbreviation3,translations_name3,translations_internal_label3,translations_alternative_name3,translations_notes3,translations_sources3,from_date_precision,from_date_datetime,from_date_notes,from_date_sources,to_date_precision,to_date_datetime,to_date_notes,to_date_sources,translations_languages_code4,translations_abbreviation4,translations_name4,translations_internal_label4,translations_alternative_name4,translations_notes4,translations_sources4
1,1,,"page_number_string: 
notes: 
source_full_citation: SVP Schweiz. (2022). Statuten der SVP Schweiz. Abgerufen am 09. September 2025 von https://www.svp.ch/wp-content/uploads/Statuten_2022-def-d.pdf
source_comment: ",de-CH,SVP,Schweizerische Volkspartei,SVP,,,,fr-CH,UDC,Union Démocratique du Centre,UDC,,,,en-US,,Schweizerische Volkspartei,SVP,,,,exact,1971-09-22T12:00:00,,,,,,,,,,,,,
2,2,,"page_number_string: 
notes: 
source_full_citation: SP Schweiz. (2022). Statuten der SP Schweiz. Abgerufen am 09. September 2025 von https://www.sp-ps.ch/wp-content/uploads/2022/07/sp-statuten_a5_d_2022_3.pdf
source_comment: 

page_number_string: 
notes: 
source_full_citation: PS Suisse. (2022). Statuts du PS Suisse. Consulté le 9 septembre 2025, sur https://www.sp-ps.ch/wp-content/uploads/2022/07/sp-statuten_a5_f_2022_3.pdf
source_comment: ",de-CH,SP Schweiz,Sozialdemokratische Partei der Schweiz,SP,,,,fr-CH,PS Suisse,Parti socialiste suisse,PS,,,,,,,,,,,exact,1888-10-21T12:00:00,,,,,,,,,,,,,
3,3,,"page_number_string: 5
notes: 
source_full_citation: FDP.Die Liberalen Schweiz. (2009). Statuten. Abgerufen am 12. September 2025 von https://web.archive.org/web/20150924011318/http://www.fdp.ch/images/stories/20140111_Statuten_FDP_Die_Liberalen_d.pdf
source_comment: ",de-CH,,FDP.Die Liberalen Schweiz,FDPLIB,,,,fr-CH,,PLR.Les Libéraux-Radicaux,PLRLIB,,,,,,,,,,,exact,2009-01-01T12:00:00,,,,,,,,,,,,,
4,4,,"page_number_string: 
notes: 
source_full_citation: Mitte Schweiz. (2025). Statuten Die Mitte. Abgerufen am 16. September 2025 von https://die-mitte.ch/wp-content/uploads/2025/08/Statuten_Die-Mitte_28.06.2025-1.pdf
source_comment: ",de-CH,Mitte,Die Mitte Schweiz,Mitte,,,,fr-CH,,Le Centre,Centre,,,,,,,,,,,exact,2021-01-01T12:00:00,,,,,,,,,,,,,
5,6,,"page_number_string: 
notes: 
source_full_citation: GLP Schweiz. (2007). Statuten der Grünliberalen Partei Schweiz. Abgerufen am 19. September 2025 von https://web.archive.org/web/20090219082521/http://grunliberale.ch/doku/positionen/statuten-CH.pdf
source_comment: 

page_number_string: 
notes: 
source_full_citation: PVL Suisse. (2020). Statuts du Parti vert'libéral suisse. Consulté le 19 septembre 2025, sur https://grunliberale.ch/wp-content/uploads/2024/09/Statuten_DV200704_FR.pdf
source_comment: ",de-CH,GLP,Grünliberale Partei Schweiz,GLP,,,,fr-CH,PVL,Parti vert’libéral suisse,PVL,,,,,,,,,,,exact,2007-07-19T12:00:00,,,,,,,,,,,,,
6,5,,"page_number_string: 12
notes: 
source_full_citation: Grüne Schweiz (2023). Geschichte der Grünen in der Schweiz. Abgerufen am 09. September 2025 von https://gruene.ch/wp-content/uploads/2023/07/230509_Geschichte-der-Gruenen_d.pdf
source_comment: ",de-CH,GRÜNE,GRÜNE Schweiz,Grüne,,,,fr-CH,VERT-E-S,Les VERT-E-S suisses,Vert-e-s,,,,,,,,,,,exact,2021-03-27T12:00:00,,,,,,,,,,,,,
7,5,,"page_number_string: 
notes: 
source_full_citation: Brassel-Moser, R. (2017). Grüne Parteien. In Historisches Lexikon der Schweiz (HLS). Abgerufen am 19. September 2025 von https://hls-dhs-dss.ch/de/articles/017413/2017-03-20/
source_comment: 

page_number_string: 
notes: 
source_full_citation: Grüne Schweiz. (2015). Statuten der Grünen Partei der Schweiz. Abgerufen am 19. September 2025 von https://web.archive.org/web/20161116031619/http://www.gruene.ch/dam/jcr:861e57bf-ae35-49fd-a004-f3c38e27b921/151109_statuten_d.pdf
source_comment: 

page_number_string: 
notes: 
source_full_citation: Verts Suisse. (2015). Statuts des Verts suisses. Consulté le 19 septembre 2025, sur https://web.archive.org/web/20191011233518/https://verts.ch/statuts-des-verts-suisses
source_comment: 

page_number_string: 323
notes: 
source_full_citation: Rinderknecht, M. (1994). Parteien, Verbände und Interessengruppen. In H. Hirter et al. (Hrsg.), Année politique suisse, Schweizerische Politik 1993 (29. Jahrgang, S. 315-326). Institut für Politikwissenschaft der Universität Bern.
source_comment: ",de-CH,Grüne,Grüne – Grüne Partei der Schweiz,Grüne,,,,fr-CH,Les Verts,Les Verts - Parti écologiste suisse,Vert-e-s,,,,,,,,,,,exact,1993-09-05T12:00:00,,,multimonth,2018-07-01T12:00:00,,,,,,,,,
8,5,,"page_number_string: 4
notes: 
source_full_citation: Grüne Schweiz (2023). Geschichte der Grünen in der Schweiz. Abgerufen am 09. September 2025 von https://gruene.ch/wp-content/uploads/2023/07/230509_Geschichte-der-Gruenen_d.pdf
source_comment: 

page_number_string: 
notes: 
source_full_citation: Brassel-Moser, R. (2017). Grüne Parteien. In Historisches Lexikon der Schweiz (HLS). Abgerufen am 19. September 2025 von https://hls-dhs-dss.ch/de/articles/017413/2017-03-20/
source_comment: ",de-CH,GPS,Grüne Partei der Schweiz,GPS,,,,fr-CH,PES,Parti écologiste suisse,PES,,,,,,,,,,,year,1986-07-01T12:00:00,,,exact,1993-09-05T12:00:00,,,,,,,,,
9,5,,"page_number_string: 
notes: 
source_full_citation: Brassel-Moser, R. (2017). Grüne Parteien. In Historisches Lexikon der Schweiz (HLS). Abgerufen am 19. September 2025 von https://hls-dhs-dss.ch/de/articles/017413/2017-03-20/
source_comment: 

page_number_string: 3
notes: 
source_full_citation: Grüne Schweiz (2023). Geschichte der Grünen in der Schweiz. Abgerufen am 09. September 2025 von https://gruene.ch/wp-content/uploads/2023/07/230509_Geschichte-der-Gruenen_d.pdf
source_comment: ",de-CH,GPS,Föderation der grünen Parteien der Schweiz,GPS,,,,fr-CH,PES,Fédération des partis écologistes de Suisse,PES,,,,,,,,,,,exact,1983-05-28T12:00:00,,,year,1986-07-01T12:00:00,,,,,,,,,
10,9,,,de-CH,FDP,Freisinnig-Demokratische Partei der Schweiz,FDP,,,,fr-CH,PRD,Parti radical-démocratique suisse,PRD,,,,,,,,,,,exact,1894-02-25T12:00:00,,,exact,2009-01-01T12:00:00,,,,,,,,,
11,10,"note_translations: languages_code: de-CH
note: HLS schreibt ""parti conservateur populaire""; ist als Quelle aber weniger glaubwürdig, weil im Gegensatz zu NR-Statistik und Schorderet blosse Übersetzung (https://hls-dhs-dss.ch/fr/articles/017377)","page_number_string: 696
notes: 
source_full_citation: Linder, W., Bolliger, C. & Rielle, Y. (Hrsg.). (2010). Handbuch der eidgenössischen Volksabstimmungen 1848 bis 2007. Haupt Verlag.
source_comment: 

page_number_string: 84
notes: 
source_full_citation: Schorderet, P. (2007). Crise ou chrysanthèmes? : Le Parti démocratechrétien et le catholicisme politique en Suisse (XIXe-XXIe siècles). Traverse : Zeitschrift für Geschichte = Revue d'histoire, 14(1), 82-94. https://doi.org/10.5169/seals-31837
source_comment: 

page_number_string: 35
notes: 
source_full_citation: Altermatt, U. (2012). Das historische Dilemma der CVP. hier+jetzt.
source_comment: 

page_number_string: 7
notes: 
source_full_citation: Hofer, R. (2012). 1912. In Verein Die Politik & CVP Schweiz (Hrsg.), 100 Jahre CVP: Politik der dynamischen Mitte (S. 7). Die Politik.
source_comment: ",de-CH,SKVP,Schweizerische Konservative Volkspartei,SKVP,,,,fr-CH,PPCS,Parti populaire conservateur suisse,PPCS,,,,,,,,,,,exact,1912-04-22T12:00:00,,,year,1957-07-01T12:00:00,,,,,,,,,
12,10,"note_translations: languages_code: de-CH
note: HLS schreibt ""parti conservateur chrétien-social"", aber weniger glaubwürdig, weil im Gegensatz zu Schorderet blosse Übersetzung (https://hls-dhs-dss.ch/fr/articles/017377).
Altermatt (2012:35) nennt als Abkürzung ""KCVP"".","page_number_string: 696
notes: 
source_full_citation: Linder, W., Bolliger, C. & Rielle, Y. (Hrsg.). (2010). Handbuch der eidgenössischen Volksabstimmungen 1848 bis 2007. Haupt Verlag.
source_comment: 

page_number_string: 84
notes: 
source_full_citation: Schorderet, P. (2007). Crise ou chrysanthèmes? : Le Parti démocratechrétien et le catholicisme politique en Suisse (XIXe-XXIe siècles). Traverse : Zeitschrift für Geschichte = Revue d'histoire, 14(1), 82-94. https://doi.org/10.5169/seals-31837
source_comment: 

page_number_string: 35
notes: 
source_full_citation: Altermatt, U. (2012). Das historische Dilemma der CVP. hier+jetzt.
source_comment: ",de-CH,KCSVP,Konservativ-Christlichsoziale Volkspartei,KCSVP,,,,fr-CH,PCSC,Parti chrétien-social conservateur,PDSC,,,,,,,,,,,year,1957-07-01T12:00:00,,,year,1970-07-01T12:00:00,,,,,,,,,
13,10,,"page_number_string: 
notes: 
source_full_citation: CVP Schweiz. (2013). Statuten der CVP Schweiz. Abgerufen am 23. September 2025 von https://web.archive.org/web/20191012000043/https://www.cvp.ch/sites/default/files/Statuten_2013-d.pdf
source_comment: 

page_number_string: 
notes: 
source_full_citation: PDC Suisse. (2013). Statuts du PDC suisse. Consulté le 23 septembre 2025, sur https://web.archive.org/web/20191012014349/https://www.cvp.ch/sites/default/files/Statuts_2013-f.pdf
source_comment: 

page_number_string: 35
notes: 
source_full_citation: Altermatt, U. (2012). Das historische Dilemma der CVP. hier+jetzt.
source_comment: ",de-CH,CVP Schweiz,Christlichdemokratische Volkspartei der Schweiz,CVP,,,,fr-CH,PDC suisse,Parti démocrate-chrétien suisse,PDC,,,,,,,,,,,exact,1970-12-12T12:00:00,,"page_number_string: 13
notes: 
source_full_citation: Verein Die Politik, & CVP Schweiz. (2012). 100 Jahre CVP: Politik der dynamischen Mitte. Die Politik.
source_comment: ",exact,2021-01-01T12:00:00,,,,,,,,,
14,11,,"page_number_string: 
notes: 
source_full_citation: SVP Schweiz. (2025). Die Geschichte der SVP. Abgerufen am 23. September 2025 von https://www.svp.ch/partei/geschichte/
source_comment: 

page_number_string: 
notes: 
source_full_citation: Skenderovic, D. (2017). Schweizerische Volkspartei (SVP). In Historisches Lexikon der Schweiz (HLS). Abgerufen am 12. September 2025 von https://hls-dhs-dss.ch/de/articles/017389/2017-03-20/
source_comment: 

page_number_string: 
notes: 
source_full_citation: Skenderovic, D. (2017). Union démocratique du centre (UDC), traduit de l'allemand. In Dictionnaire historique de la Suisse (DHS). Consulté le 12 septembre 2025, sur https://hls-dhs-dss.ch/fr/articles/017389/2017-03-20/
source_comment: ",de-CH,BGB,"Bauern-, Gewerbe- und Bürgerpartei",BGB,,,,fr-CH,PAB,"Parti des paysans, artisans et bourgeois",PAB,,,,,,,,,,,exact,1936-12-23T12:00:00,,,exact,1971-09-22T12:00:00,,,,,,,,,
15,7,,"page_number_string: 
notes: 
source_full_citation: EVP Schweiz. (2017). EVP Schweiz Statuten. Abgerufen am 23. September 2025 von https://www.evppev.ch/fileadmin/user_upload/evppev/PDF/Programme_und_Statuten/Statuten-neues-Layout-3-neu.pdf
source_comment: 

page_number_string: 
notes: 
source_full_citation: Office fédéral de la statistique. (2007). Elections au Conseil national de 2003 : Aperçu et analyse. https://www.bfs.admin.ch/bfs/fr.assetdetail.343470.html
source_comment: ",de-CH,EVP Schweiz,Evangelische Volkspartei der Schweiz,EVP,,,,fr-CH,PEP,Parti évangélique populaire suisse,PEV,,,,,,,,,,,exact,1919-05-10T12:00:00,,,unknown,2003-01-01T12:00:00,,,,,,,,,
16,7,,"page_number_string: 
notes: 
source_full_citation: PEV Suisse. (2017). PEV Suisse Statuts. Consulté le 23 septembre 2025, sur https://www.evppev.ch/fileadmin/user_upload/evppev/PDF/Programme_und_Statuten/Statuten-neues-Layout-3-F-neu.pdf
source_comment: 

page_number_string: 
notes: 
source_full_citation: EVP Schweiz. (2017). EVP Schweiz Statuten. Abgerufen am 23. September 2025 von https://www.evppev.ch/fileadmin/user_upload/evppev/PDF/Programme_und_Statuten/Statuten-neues-Layout-3-neu.pdf
source_comment: ",de-CH,EVP Schweiz,Evangelische Volkspartei der Schweiz,EVP,,,,fr-CH,PEV Suisse,Parti évangélique suisse,PEV,,,,,,,,,,,unknown,2003-01-01T12:00:00,,,,,,,,,,,,,
17,8,,"page_number_string: 
notes: 
source_full_citation: EDU Schweiz. (2023). Statuten der EDU Schweiz. Abgerufen am 23. September 2025 von https://www.edu-schweiz.ch/wp-content/uploads/2023/04/Revision_Statuten-der-EDU-Schweiz_MV_2023-04-01_final_hs.pdf
source_comment: ",de-CH,EDU Schweiz,Eidgenössisch-Demokratische Union Schweiz,EDU,,,,fr-CH,UDF Suisse,Union Démocratique Fédérale Suisse,UDF,,,,,,,,,,,exact,1975-09-03T12:00:00,,,,,,,,,,,,,
18,12,,"page_number_string: 
notes: 
source_full_citation: Lega cantone Ticino. (2021). Lega dei Ticinesi: Statuti. Consultato online il 30 settembre 2025 presso https://lega-dei-ticinesi.ch/wp-content/uploads/2022/05/2021-Statuto-definitivo-20.06.2021.pdf
source_comment: ",de-CH,Lega,Lega dei Ticinesi,Lega,,,,fr-CH,Lega,Lega dei Ticinesi,Lega,,,,it-CH,Lega,Lega dei Ticinesi,Lega,,,,exact,1991-01-17T12:00:00,,,,,,,,,,,,,
19,13,,"page_number_string: 
notes: 
source_full_citation: BDP Schweiz. (2020). Statuten. Abgerufen am 30. September 2025 von https://web.archive.org/web/20201024233427/https://www.bdp.info/data/uploads/schweiz/deutsch-unterlagen/statuten/statuten-bdp-schweiz_def-200905.pdf
source_comment: ",de-CH,BDP Schweiz,Bürgerlich-Demokratische Partei Schweiz,BDP,,,,fr-CH,PBD Suisse,Parti Bourgeois-Démocratique Suisse,PBD,,,,,,,,,,,exact,2008-11-01T12:00:00,,,exact,2021-01-01T12:00:00,,,,,,,,,
20,14,,"page_number_string: 
notes: 
source_full_citation: PdA Schweiz. (2024). Statuten der Partei der Arbeit der Schweiz. Abgerufen am 30. September 2025 von https://pda.ch/statuten/
source_comment: 

page_number_string: 
notes: 
source_full_citation: PST-POP Suisse. (2024). Statuts du Parti suisse du Travail (PST-POP). Consulté le 30 septembre 2025, sur https://pst-pop.ch/wp-content/uploads/2024/12/statuts-PST-POP-29.06.24.pdf
source_comment: ",de-CH,PdAS,Partei der Arbeit der Schweiz,PdA,,,,fr-CH,PST-POP,Parti suisse du Travail,PdT,,,,,,,,,,,exact,1944-10-14T12:00:00,,,,,,,,,,,,,
21,15,,"page_number_string: 260
notes: 
source_full_citation: Ladner, A. (2002b). Das Schweizer Parteiensystem und seine Parteien. In U. Klöti, P. Knoepfel, H. Kriesi, W. Linder & Y. Papadopoulos (Hrsg.), Handbuch der Schweizer Politik (3. überarbeitete Auflage, S. 214-260). NZZ Verlag.
source_comment: 

page_number_string: 
notes: 
source_full_citation: Wikipédia. (2025). Parti libéral suisse. Consulté le 1 octobre 2025, sur https://fr.wikipedia.org/wiki/Parti_lib%C3%A9ral_suisse
source_comment: ",de-CH,LDP,Liberale Demokratische Partei,LDP,,,,fr-CH,PLD,Parti libéral démocratique,PLD,,,,,,,,,,,exact,1913-10-08T12:00:00,,,year,1961-07-01T12:00:00,,,,,,,,,
22,15,,"page_number_string: 260
notes: 
source_full_citation: Ladner, A. (2002b). Das Schweizer Parteiensystem und seine Parteien. In U. Klöti, P. Knoepfel, H. Kriesi, W. Linder & Y. Papadopoulos (Hrsg.), Handbuch der Schweizer Politik (3. überarbeitete Auflage, S. 214-260). NZZ Verlag.
source_comment: 

page_number_string: 
notes: 
source_full_citation: Bouquet, J. (2010). Parti libéral (PL). In Dictionnaire historique de la Suisse (DHS). Consulté le 2 octobre 2025, sur https://hls-dhs-dss.ch/fr/articles/017386/2010-12-23/
source_comment: ",de-CH,LIDUS,Liberal-Demokratische Union der Schweiz,LIDUS,,,,fr-CH,ULD,Union libérale-démocratique suisse,ULD,,,,,,,,,,,year,1961-07-01T12:00:00,,,year,1977-07-01T12:00:00,,,,,,,,,
23,15,,"page_number_string: 260
notes: 
source_full_citation: Ladner, A. (2002b). Das Schweizer Parteiensystem und seine Parteien. In U. Klöti, P. Knoepfel, H. Kriesi, W. Linder & Y. Papadopoulos (Hrsg.), Handbuch der Schweizer Politik (3. überarbeitete Auflage, S. 214-260). NZZ Verlag.
source_comment: 

page_number_string: 
notes: 
source_full_citation: Wikipédia. (2025). Parti libéral suisse. Consulté le 1 octobre 2025, sur https://fr.wikipedia.org/wiki/Parti_lib%C3%A9ral_suisse
source_comment: ",de-CH,LPS,Liberale Partei der Schweiz,LPS,,,,fr-CH,PLS,Parti libéral suisse,PLS,,,,,,,,,,,year,1977-07-01T12:00:00,,,exact,2009-01-01T12:00:00,,,,,,,,,
24,16,,,de-CH,,Vorläufer der Demokraten,Vorläufer der Demokraten,,,,fr-CH,,Précurseurs du parti démocratique,Précurseurs du parti démocratique,,,,,,,,,,,unknown,1880-01-01T12:00:00,,,exact,1905-03-19T12:00:00,,,,,,,,,
25,17,,,de-CH,,Schweizerische Demokratische Partei,Dem. (1905),,,,fr-CH,,Parti démocratique suisse,Dém.,,,,,,,,,,,exact,1905-03-19T12:00:00,,,year,1941-07-01T12:00:00,,,,,,,,,
26,18,,"page_number_string: 
notes: 
source_full_citation: Bürgi, M. (2010). Demokratische Partei. In Historisches Lexikon der Schweiz (HLS). Abgerufen am 03. Oktober 2025 von https://hls-dhs-dss.ch/de/articles/017383/2010-05-07/
source_comment: ",de-CH,,Demokratische Partei der Schweiz,Dem. (1941),,,,fr-CH,,Parti démocratique suisse,Dém. (1941),,,,,,,,,,,year,1941-07-01T12:00:00,,,exact,1971-09-22T12:00:00,,,,,,,,,
27,19,,,de-CH,,Vorläufer der FDP,Vorläufer der FDP,,,,fr-CH,,Précurseurs du PRD,Précurseurs du PRD,,,,,,,,,,,unknown,1848-01-01T12:00:00,,,exact,1894-02-25T12:00:00,,,,,,,,,
28,20,,"page_number_string: 
notes: 
source_full_citation: Staatsarchiv des Kantons Zürich. (2025). Schweizerische Volkspartei SVP des Kantons Zürich, 1917-2013. Abgerufen am 20. Oktober 2025 von https://suche.staatsarchiv.djiktzh.ch/detail.aspx?id=4910710
source_comment: ",de-CH,,Bauernpartei des Kantons Zürich,BP ZH,,,,,,,,,,,,,,,,,,exact,1917-03-04T12:00:00,,,exact,1951-06-24T12:00:00,,,,,,,,,
29,20,,"page_number_string: 
notes: 
source_full_citation: Staatsarchiv des Kantons Zürich. (2025). Schweizerische Volkspartei SVP des Kantons Zürich, 1917-2013. Abgerufen am 20. Oktober 2025 von https://suche.staatsarchiv.djiktzh.ch/detail.aspx?id=4910710
source_comment: ",de-CH,BGB,"Bauern-, Gewerbe- und Bürgerpartei des Kantons Zürich",BGB ZH,,,,,,,,,,,,,,,,,,exact,1951-06-24T12:00:00,,,month,1973-05-15T12:00:00,,,,,,,,,
30,20,,"page_number_string: 
notes: 
source_full_citation: SVP Zürich. (1988). Statuten. Abgerufen am 03. Oktober 2025 von https://www.svp-zuerich.ch/wp-content/uploads/sites/23/statuten-kantonalpartei-zuerich.pdf
source_comment: ",de-CH,SVP des Kantons Zürich,Schweizerische Volkspartei des Kantons Zürich,SVP ZH,,,,,,,,,,,,,,,,,,month,1976-11-15T12:00:00,,,,,,,,,,,,,
31,21,,"page_number_string: 
notes: 
source_full_citation: SP Kanton Zürich. (2025). Statuten der SP Kanton Zürich. Abgerufen am 09. Oktober 2025 von https://spzuerich.ch/wp-content/uploads/2023/06/Statuten-der-SP-Kanton-Zuerich-vom-8.-Juli-2025.pdf
source_comment: ",de-CH,SP Kanton Zürich,Sozialdemokratische Partei des Kantons Zürich,SP ZH,,,,,,,,,,,,,,,,,,exact,1902-04-13T12:00:00,,,,,,,,,,,,,
32,22,,,de-CH,,Vorläufer der CVP,Vorläufer der CVP,,,,fr-CH,,Précurseurs du PDC,Précurseurs du PDC,,,,,,,,,,,exact,1840-11-05T12:00:00,,,exact,1912-04-22T12:00:00,,,,,,,,,
33,23,,"page_number_string: 
notes: 
source_full_citation: Suter, M. (2017). Zürich (Kanton). In Historisches Lexikon der Schweiz (HLS). Abgerufen am 09. Oktober 2025 von https://hls-dhs-dss.ch/de/articles/007381/2017-08-24/
source_comment: ",de-CH,LP,Liberale Partei,LP ZH,,,,,,,,,,,,,,,,,,year,1867-07-01T12:00:00,,,exact,1917-02-11T12:00:00,,,,,,,,,
34,23,,"page_number_string: 
notes: 
source_full_citation: Staatsarchiv des Kantons Zürich. (2025). Freisinnig-Demokratische Partei FDP des Kantons Zürich, 1936-2001. Abgerufen am 09. Oktober 2025 von https://suche.staatsarchiv.djiktzh.ch/detail.aspx?Id=3624
source_comment: ",de-CH,,Freisinnige Partei,FP ZH,,,,,,,,,,,,,,,,,,exact,1917-02-11T12:00:00,,,exact,1971-08-18T12:00:00,,,,,,,,,
35,24,,"page_number_string: 
notes: 
source_full_citation: Staatsarchiv des Kantons Zürich. (2025). Demokratische Partei des Kantons Zürich, 1898-2005. Abgerufen am 09. Oktober 2025 von https://suche.staatsarchiv.djiktzh.ch/detail.aspx?ID=3630
source_comment: ",de-CH,,Freisinnig-Demokratische Partei des Kantons Zürich,FDP ZH,,,,,,,,,,,,,,,,,,exact,1971-08-18T12:00:00,,,multiyear,2008-01-01T12:00:00,,,,,,,,,
36,24,,"page_number_string: 
notes: 
source_full_citation: FDP.Die Liberalen Kanton Zürich. (2024). Statuten. Abgerufen am 09. Oktober 2025 von https://www.fdp-zh.ch/fileadmin/groups/669/PDF/Statuten_FDP_Kanton_Zuerich_vom_09.04.2024.pdf
source_comment: ",de-CH,,FDP.Die Liberalen Kanton Zürich,FDPLIB ZH,,,,,,,,,,,,,,,,,,multiyear,2008-01-01T12:00:00,,,,,,,,,,,,,
37,25,,"page_number_string: 
notes: 
source_full_citation: Suter, M. (2017). Zürich (Kanton). In Historisches Lexikon der Schweiz (HLS). Abgerufen am 09. Oktober 2025 von https://hls-dhs-dss.ch/de/articles/007381/2017-08-24/
source_comment: 

page_number_string: 
notes: 
source_full_citation: CVP Kanton Zürich (1996). 100 Jahre CVP Kanton Zürich. Christlichdemokratische Volkspartei des Kantons Zürich.
source_comment: ",de-CH,,Katholische Volkspartei,KVP ZH,,,,,,,,,,,,,,,,,,exact,1896-10-18T12:00:00,"note_translations: languages_code: de-CH
note: In der Jubiläumspublikation der CVP Kanton Zürich (1996: 7, 17) sind widersprüchliche Aussagen dazu enthalten, ob die 1896 gegründete Partei 1905 aufgelöst oder bloss umbenannt und danach neu konstituiert wurde. Ladner (2022) sowie das von der Partei gewählte Jubiläumsjahr 1996 sprechen für Kontinuität ab 1896.","page_number_string: 110
notes: 
source_full_citation: Ladner, A. (2022). Kantonale Wahlen und Parteiensysteme. IDHEAP.
source_comment: 

page_number_string: 7, 17
notes: 
source_full_citation: CVP Kanton Zürich (1996). 100 Jahre CVP Kanton Zürich. Christlichdemokratische Volkspartei des Kantons Zürich.
source_comment: ",exact,1905-04-15T12:00:00,,"page_number_string: 17
notes: 
source_full_citation: CVP Kanton Zürich (1996). 100 Jahre CVP Kanton Zürich. Christlichdemokratische Volkspartei des Kantons Zürich.
source_comment: ",,,,,,,
38,25,,"page_number_string: 
notes: 
source_full_citation: Wikipedia. (2025). Die Mitte Kanton Zürich. Abgerufen am 09. Oktober 2025 von https://de.wikipedia.org/wiki/Die_Mitte_Kanton_Z%C3%BCrich
source_comment: 

page_number_string: 
notes: 
source_full_citation: CVP Kanton Zürich (1996). 100 Jahre CVP Kanton Zürich. Christlichdemokratische Volkspartei des Kantons Zürich.
source_comment: ",de-CH,CSP,Christlichsoziale Partei,CSP ZH,,,,,,,,,,,,,,,,,,exact,1905-04-15T12:00:00,,"page_number_string: 17
notes: 
source_full_citation: CVP Kanton Zürich (1996). 100 Jahre CVP Kanton Zürich. Christlichdemokratische Volkspartei des Kantons Zürich.
source_comment: ",exact,1971-06-13T12:00:00,,"page_number_string: 23
notes: 
source_full_citation: CVP Kanton Zürich (1996). 100 Jahre CVP Kanton Zürich. Christlichdemokratische Volkspartei des Kantons Zürich.
source_comment: ",,,,,,,
39,25,,"page_number_string: 
notes: 
source_full_citation: Wikipedia. (2025). Die Mitte Kanton Zürich. Abgerufen am 09. Oktober 2025 von https://de.wikipedia.org/wiki/Die_Mitte_Kanton_Z%C3%BCrich
source_comment: 

page_number_string: 
notes: 
source_full_citation: CVP Kanton Zürich. (2004). Statuten der Christlich-demokratischen Volkspartei des Kantons Zürich (CVP). Abgerufen am 09. Oktober 2025 von https://web.archive.org/web/20210306145030/https:/www.cvp-zh.ch/wp-content/uploads/2016/05/CVP_Statuten_Kanton.pdf
source_comment: 

page_number_string: 
notes: 
source_full_citation: CVP Kanton Zürich (1996). 100 Jahre CVP Kanton Zürich. Christlichdemokratische Volkspartei des Kantons Zürich.
source_comment: ",de-CH,CVP/ZH,Christlichdemokratische Volkspartei des Kantons Zürich,CVP ZH,,,,,,,,,,,,,,,,,,exact,1971-06-13T12:00:00,,"page_number_string: 23
notes: 
source_full_citation: CVP Kanton Zürich (1996). 100 Jahre CVP Kanton Zürich. Christlichdemokratische Volkspartei des Kantons Zürich.
source_comment: ",exact,2021-03-27T12:00:00,,,,,,,,,
40,25,,"page_number_string: 
notes: 
source_full_citation: Mitte Kanton Zürich. (2021). Statuten der Mitte Kanton Zürich. Abgerufen am 09. Oktober 2025 von https://zh.die-mitte.ch/wp-content/uploads/sites/7/2021/07/Die-Mitte_Statuten.pdf
source_comment: ",de-CH,Die Mitte ZH,Die Mitte des Kantons Zürich,Mitte ZH,,,,,,,,,,,,,,,,,,exact,2021-03-27T12:00:00,,,,,,,,,,,,,
41,26,,"page_number_string: 25
notes: 
source_full_citation: Bütikofer, S. & Seitz, W. (Hrsg.). (2023). Die Grünen in der Schweiz. Entwicklung - Wirken - Perspektiven. Seismo.
source_comment: 

page_number_string: 
notes: 
source_full_citation: Staatsarchiv des Kantons Zürich. (2025). Grüne Kanton Zürich, 1978-2011. Abgerufen am 20. Oktober 2025 von https://suche.staatsarchiv.djiktzh.ch/detail.aspx?id=1129450
source_comment: ",de-CH,GPZ,Grüne Partei des Kantons Zürich,GP ZH,,,,,,,,,,,,,,,,,,exact,1978-08-31T12:00:00,,,year,2000-07-01T12:00:00,,,,,,,,,
42,26,,"page_number_string: 
notes: 
source_full_citation: Grüne Kanton Zürich. (2014). Statuten der Grünen Kanton Zürich. Abgerufen am 10. Oktober 2025 von https://gruene-zh.ch/wp-content/uploads/sites/12/2023/07/Statuten-GRUeNE-ZH-Stand-2018.pdf
source_comment: ",de-CH,Grüne ZH,Grüne Kanton Zürich,Grüne ZH,,,,,,,,,,,,,,,,,,year,2000-07-01T12:00:00,,,,,,,,,,,,,
43,27,,"page_number_string: 2
notes: 
source_full_citation: Bernath, M., Bühlmann, M., Hohl, S., Schaub, H.-P. & Schoenholtz, S. (2025). Ausgewählte Beiträge zur Schweizer Politik: Dossier: Gründung und Entwicklung der GLP, 2004 - 2022. Année Politique Suisse. Abgerufen am 19. September 2025 von https://anneepolitique.swiss/dossiers/471-dossier-grundung-und-entwicklung-der-glp
source_comment: ",de-CH,GLiZ,Grün-Liberale Zürich,GLiZ ZH,,,,,,,,,,,,,,,,,,exact,2004-06-25T12:00:00,,,exact,2004-11-02T12:00:00,,,,,,,,,
44,27,,"page_number_string: 
notes: 
source_full_citation: sda. (03. November 2004). Grünliberale tagen erstmals. Aargauer Zeitung. Abgerufen am 17. Oktober 2025 von https://essentials.swissdox.ch/
source_comment: 

page_number_string: 
notes: 
source_full_citation: GLP Kanton Zürich. (2008). Statuten der Grünliberalen des Kantons Zürich. Abgerufen am 17. Oktober 2025 von https://web.archive.org/web/20120417100327/http:/www.zh.grunliberale.ch/dokumente/positionen/grundlagen/statuten.pdf
source_comment: ",de-CH,glp,Grünliberale Partei Zürich,GLP ZH,,,,,,,,,,,,,,,,,,exact,2004-11-02T12:00:00,,,,,,,,,,,,,
45,28,,"page_number_string: 
notes: 
source_full_citation: Staatsarchiv des Kantons Zürich. (2025). Evangelische Volkspartei EVP des Kantons Zürich, 1913-2005. Abgerufen am 20. Oktober 2025 von https://suche.staatsarchiv.djiktzh.ch/detail.aspx?Id=3621
source_comment: ",de-CH,,Protestantisch-christliche Partei,EVP ZH,,,,,,,,,,,,,,,,,,exact,1917-03-04T12:00:00,,,year,1919-07-01T12:00:00,,,,,,,,,
46,28,,"page_number_string: 
notes: 
source_full_citation: EVP Kanton Zürich. (2017). Statuten 2017. Abgerufen am 20. Oktober 2025 von https://evpzh.ch/publikationen/programm-und-statuten
source_comment: ",de-CH,EVP des Kantons Zürich,Evangelische Volkspartei des Kantons Zürich,EVP ZH,,,,,,,,,,,,,,,,,,year,1919-07-01T12:00:00,,,,,,,,,,,,,
47,29,,"page_number_string: 
notes: 
source_full_citation: EDU Kanton Zürich. (2024). Statuten der EDU Kanton Zürich. Abgerufen am 20. Oktober 2025 von https://www.edu-zh.ch/wp-content/uploads/sites/26/2022/11/eduzh-statuten-2024.pdf
source_comment: ",de-CH,EDU Kanton Zürich,Eidgenössisch-Demokratische Union Kanton Zürich,EDU ZH,,,,,,,,,,,,,,,,,,exact,1975-09-03T12:00:00,,,,,,,,,,,,,
48,20,,"page_number_string: 
notes: 
source_full_citation: Staatsarchiv des Kantons Zürich. (2025). Schweizerische Volkspartei SVP des Kantons Zürich, 1917-2013. Abgerufen am 20. Oktober 2025 von https://suche.staatsarchiv.djiktzh.ch/detail.aspx?id=4910710
source_comment: ",de-CH,,SVP/BGB-Mittelstandspartei,SVP/BGB ZH,,,,,,,,,,,,,,,,,,month,1973-05-15T12:00:00,,,month,1976-11-15T12:00:00,,,,,,,,,
49,30,,,de-CH,PdAZ,Partei der Arbeit des Kantons Zürich,PdA ZH,,,,,,,,,,,,,,,,,,exact,1944-04-19T12:00:00,,,,,,,,,,,,,
50,31,,"page_number_string: 
notes: 
source_full_citation: Häne, S. (25. Juni 2008). Misstöne im Lager der Zürcher SVP-Dissidenten. Tages-Anzeiger. Abgerufen am 24. Oktober 2025 von https://essentials.swissdox.ch/
source_comment: ",de-CH,,Liberal-demokratische Volkspartei,BDP ZH,,,,,,,,,,,,,,,,,,month,2008-06-15T12:00:00,,,multiyear,2009-01-01T12:00:00,,,,,,,,,
51,31,,"page_number_string: 
notes: 
source_full_citation: BDP Kanton Zürich. (2017). Statuten Bürgerlich-Demokratische Partei des Kantons Zürich (BDP Kanton Zürich). Abgerufen am 27. Oktober 2025 von https://web.archive.org/web/20191011235927/https:/www.bdp.info/data/uploads/zh/download-unterlagen/2017-04-20-statuten-zh-rev.pdf
source_comment: ",de-CH,BDP Kanton Zürich,Bürgerlich-Demokratische Partei des Kantons Zürich,BDP ZH,,,,,,,,,,,,,,,,,,exact,2009-05-02T12:00:00,,,exact,2021-03-27T12:00:00,,,,,,,,,
52,32,,"page_number_string: 
notes: 
source_full_citation: Rinderknecht, M. (2025). Ausgewählte Beiträge zur Schweizer Politik: Namensänderung NA zu SD, 1990. Année Politique Suisse. Abgerufen am 30. Oktober 2025 von https://anneepolitique.swiss/prozesse/53337-namensanderung-na-zu-sd
source_comment: ",de-CH,,Nationale Aktion für Volk und Heimat Kanton Zürich,NA ZH,,,,,,,,,,,,,,,,,,unknown,1961-01-01T12:00:00,,,multiyear,1991-01-01T12:00:00,,,,,,,,,
53,32,,"page_number_string: 
notes: 
source_full_citation: SD Kanton Zürich (2016). Herzlich Willkommen auf der Seite der Schweizer Demokraten des Kantons Zürich. Abgerufen am 30. Oktober 2025 von https://web.archive.org/web/20161003152358/http://sdzuerich.ch/
source_comment: ",de-CH,SD Kanton Zürich,Schweizer Demokraten des Kantons Zürich,SD ZH,,,,,,,,,,,,,,,,,,multiyear,1991-01-01T12:00:00,,,,,,,,,,,,,
54,33,,"page_number_string: 
notes: 
source_full_citation: SD Schweiz. (2025). Geschichte der Schweizer Demokraten (SD). Abgerufen am 30. Oktober 2025 von https://www.schweizer-demokraten.ch/fileadmin/documents/ihre_partei/geschichte/Geschichte_der_SD.pdf
source_comment: 

page_number_string: 260
notes: 
source_full_citation: Ladner, A. (2002b). Das Schweizer Parteiensystem und seine Parteien. In U. Klöti, P. Knoepfel, H. Kriesi, W. Linder & Y. Papadopoulos (Hrsg.), Handbuch der Schweizer Politik (3. überarbeitete Auflage, S. 214-260). NZZ Verlag.
source_comment: 

page_number_string: 
notes: 
source_full_citation: Weibel, A. (2017). Schweizer Demokraten (SD). In Historisches Lexikon der Schweiz (HLS). Abgerufen am 30. Oktober 2025 von https://hls-dhs-dss.ch/de/articles/017409/2017-03-20/
source_comment: ",de-CH,NA,Nationale Aktion gegen die Überfremdung von Volk und Heimat,NA,,,,fr-CH,AN,Action nationale contre la surpopulation étrangère,AN,,,,,,,,,,,month,1961-06-15T12:00:00,,,exact,1977-10-22T12:00:00,,,,,,,,,
55,33,,"page_number_string: 
notes: 
source_full_citation: SD Schweiz. (2025). Geschichte der Schweizer Demokraten (SD). Abgerufen am 30. Oktober 2025 von https://www.schweizer-demokraten.ch/fileadmin/documents/ihre_partei/geschichte/Geschichte_der_SD.pdf
source_comment: 

page_number_string: 
notes: 
source_full_citation: Weibel, A. (2017). Schweizer Demokraten (SD). In Historisches Lexikon der Schweiz (HLS). Abgerufen am 30. Oktober 2025 von https://hls-dhs-dss.ch/de/articles/017409/2017-03-20/
source_comment: 

page_number_string: 
notes: 
source_full_citation: Ehinger, P. (1972). Droite nationaliste. In Année Politique Suisse. Consulté le 16 décembre 2025, sur https://anneepolitique.swiss/APS/de/APS_1972/APS1972_III_a.html#ref6
source_comment: ",de-CH,NA,Nationale Aktion für Volk und Heimat,NA,,,,fr-CH,AN,Action nationale pour le peuple et la patrie,AN,,,,,,,,,,,exact,1977-10-22T12:00:00,,,exact,1990-06-09T12:00:00,,,,,,,,,
56,33,,"page_number_string: 
notes: 
source_full_citation: SD Schweiz. (2025). Geschichte der Schweizer Demokraten (SD). Abgerufen am 30. Oktober 2025 von https://www.schweizer-demokraten.ch/fileadmin/documents/ihre_partei/geschichte/Geschichte_der_SD.pdf
source_comment: 

page_number_string: 
notes: 
source_full_citation: Weibel, A. (2017). Schweizer Demokraten (SD). In Historisches Lexikon der Schweiz (HLS). Abgerufen am 30. Oktober 2025 von https://hls-dhs-dss.ch/de/articles/017409/2017-03-20/
source_comment: ",de-CH,SD,Schweizer Demokraten,SD,,,,fr-CH,DS,Démocrates suisses,DS,,,,,,,,,,,exact,1990-06-09T12:00:00,,,,,,,,,,,,,
57,34,,"page_number_string: 
notes: 
source_full_citation: Meuwly, O. (2022). Alliance des Indépendants (AdI). In Dictionnaire historique de la Suisse (DHS). Consulté le 31 octobre 2025, sur https://hls-dhs-dss.ch/fr/articles/017394/2022-02-14/.
source_comment: ",de-CH,LdU,Landesring der Unabhängigen,LdU,,,,fr-CH,AdI,Alliance des Indépendants,AdI,,,,,,,,,,,exact,1936-12-30T12:00:00,,,exact,1999-12-04T12:00:00,,,,,,,,,
58,35,,"page_number_string: 
notes: 
source_full_citation: Skenderovic, D. (2017). Schweizerische Volkspartei (SVP). In Historisches Lexikon der Schweiz (HLS). Abgerufen am 12. September 2025 von https://hls-dhs-dss.ch/de/articles/017389/2017-03-20/
source_comment: 

page_number_string: 
notes: 
source_full_citation: SVP Kanton Bern. (1994). Akzente 1994. Abgerufen am 05. Januar 2026 von https://polidoc.net/
source_comment: ",de-CH,,Bernische Bauern- und Bürgerpartei,BBP BE,,,,fr-CH,,Parti des paysans et bourgeois,UDC BE,,,,,,,,,,,exact,1918-09-28T12:00:00,,,year,1921-07-01T12:00:00,,,,,,,,,
59,35,,"page_number_string: 29
notes: 
source_full_citation: Eidgenössisches Statistisches Amt. (1929). Statistik der Nationalratswahlen 1919, 1922, 1925 und 1928. A. Francke.
source_comment: 

page_number_string: 
notes: 
source_full_citation: SVP Kanton Bern. (1994). Akzente 1994. Abgerufen am 05. Januar 2026 von https://polidoc.net/
source_comment: 

page_number_string: 
notes: 
source_full_citation: Skenderovic, D. (2017). Schweizerische Volkspartei (SVP). In Historisches Lexikon der Schweiz (HLS). Abgerufen am 12. September 2025 von https://hls-dhs-dss.ch/de/articles/017389/2017-03-20/
source_comment: ",de-CH,Bernische BGB,"Bernische Bauern-, Gewerbe- und Bürgerpartei",BGB BE,,,,fr-CH,PAB bernois,"Parti bernois des paysans, artisans et bourgeois",UDC BE,,,,,,,,,,,year,1921-07-01T12:00:00,,,exact,1973-01-13T12:00:00,,,,,,,,,
60,35,,"page_number_string: 
notes: 
source_full_citation: SVP Kanton Bern. (2023). Statuten SVP Kanton Bern. Abgerufen am 04. November 2025 von https://www.svp-bern.ch/wp-content/uploads/sites/18/Statuten-2023-01-16.pdf
source_comment: ",de-CH,SVP Kanton Bern,Schweizerische Volkspartei Kanton Bern,SVP BE,,,,fr-CH,UDC,Union Démocratique du Centre,UDC BE,,,,,,,,,,,exact,1973-01-13T12:00:00,,,,,,,,,,,,,
61,36,,"page_number_string: 
notes: 
source_full_citation: SP Kanton Bern. (2024). Statuten der Sozialdemokratischen Partei Kanton Bern. Abgerufen am 06. November 2025 von https://spbe.ch/wp-content/uploads/2024/02/20240131_Statuten_SPBE_d.pdf
source_comment: ",de-CH,SP Kanton Bern,Sozialdemokratische Partei des Kantons Bern,SP BE,,,,fr-CH,PS du canton de Berne,Parti socialiste du canton de Berne,PS BE,,,,,,,,,,,year,1905-07-01T12:00:00,,,,,,,,,,,,,
62,37,,"page_number_string: 89
notes: 
source_full_citation: Gruner, E. (1977). Die Parteien in der Schweiz (2. Auflage). Francke.
source_comment: 

page_number_string: 182
notes: 
source_full_citation: Junker, B. (1996). Geschichte des Kantons Bern seit 1798. Band 3, Tradition und Aufbruch 1881-1995. Historischer Verein des Kantons Bern.
source_comment: ",de-CH,,Bernische Fortschrittspartei,FDP BE,,,,,,,,,,,,,,,,,,year,1919-07-01T12:00:00,,,year,1923-07-01T12:00:00,,,,,,,,,
63,37,,"page_number_string: 
notes: 
source_full_citation: FDP Kanton Bern. (1997). Portrait. Abgerufen am 07. November 2025 von https://web.archive.org/web/20010202063500/http:/www.fdp-be.ch/
source_comment: ",de-CH,FDP des Kantons Bern,Freisinnig-Demokratische Partei des Kantons Bern,FDP BE,,,,fr-CH,PRD du canton de Berne,Parti radical-démocratique du canton de Berne,PLR BE,,,,,,,,,,,year,1923-07-01T12:00:00,,,multiyear,2008-01-01T12:00:00,,,,,,,,,
64,37,,"page_number_string: 
notes: 
source_full_citation: FDP.Die Liberalen Kanton Bern. (2018). Statuten. Abgerufen am 07. November 2025 von https://www.fdp-be.ch/fileadmin/groups/145/pdf/Statuten/Statuten_FDP.Die_Liberalen_Kanton_Bern_Januar_2018.pdf
source_comment: 

page_number_string: 
notes: 
source_full_citation: PLR Canton de Berne. (2018). Statuts. Consulté le 7 novembre 2025, sur https://www.fdp-be.ch/fileadmin/groups/145/pdf/Statuten/Statuts_PLR.Les_Liberaux-Radicaux_du_canton_de_Berne_janvier_2018.pdf
source_comment: ",de-CH,,FDP.Die Liberalen Kanton Bern,FDPLIB BE,,,,fr-CH,,PLR.Les Libéraux-Radicaux du canton de Berne,PLR BE,,,,,,,,,,,multiyear,2008-01-01T12:00:00,,,,,,,,,,,,,
65,38,,"page_number_string: 
notes: 
source_full_citation: sda. (20. März 2021). BDP und CVP fusionieren. Bieler Tagblatt. Abgerufen am 17. November 2025 von https://essentials.swissdox.ch/
source_comment: 

page_number_string: 
notes: 
source_full_citation: Centre Canton de Berne. (2025). Nous garantissons la cohésion de la Suisse. Consulté le 17 novembre 2025, sur https://be.die-mitte.ch/fr/die-mitte/werte/
source_comment: ",de-CH,,Die Mitte Kanton Bern,Mitte BE,,,,fr-CH,,Le Centre Canton de Berne,Centre BE,,,,,,,,,,,exact,2021-03-24T12:00:00,,,,,,,,,,,,,
66,39,,"page_number_string: 
notes: 
source_full_citation: CVP Kanton Bern. (2016). Statuten der CVP des Kantons Bern. Abgerufen am 17. November 2025 von https://web.archive.org/web/20200930101600/https:/www.cvp-be.ch/wp-content/uploads/2016/05/CVP_BE_Statuten.pdf
source_comment: 

page_number_string: 
notes: 
source_full_citation: Kanton Bern (2026). Sitzverteilung seit 1926. Abgerufen am 5. August 2026 von https://www.gr.be.ch/de/start/grosser-rat/mitglieder/infografiken/sitzverteilung_seit_1926.html
source_comment: ",de-CH,CVP-BE,CVP des Kantons Bern,CVP BE,,,,,,,,,,,,,,,,,,year,1970-07-01T12:00:00,,,exact,2021-03-24T12:00:00,,,,,,,,,
67,40,,"page_number_string: 
notes: 
source_full_citation: Barben, D. (16. Mai 2006). Grüne unter einem Dach. Der Bund. Abgerufen am 17. November 2025 von https://essentials.swissdox.ch/
source_comment: ",de-CH,,Grüne Bern,Grüne BE,,,,,,,,,,,,,,,,,,exact,2006-05-15T12:00:00,,,unknown,2010-01-01T12:00:00,,,,,,,,,
68,40,,"page_number_string: 
notes: 
source_full_citation: Grüne Kanton Bern. (2014). Leitbild und Statuten der GRÜNEN Kanton Bern, Fassung Oktober 2014. Abgerufen am 17. November 2025 von https://gruenebern.ch/wp-content/uploads/sites/3/2021/01/Leitbild_Statuen_d_NEU.pdf
source_comment: ",de-CH,,GRÜNE Kanton Bern,Grüne BE,,,,,,,,,,,,,,,,,,unknown,2010-01-01T12:00:00,,,,,,,,,,,,,
69,41,,"page_number_string: 25
notes: 
source_full_citation: Bütikofer, S. & Seitz, W. (Hrsg.). (2023). Die Grünen in der Schweiz. Entwicklung - Wirken - Perspektiven. Seismo.
source_comment: ",de-CH,,Freie Liste Bern,GFL BE,,,,,,,,,,,,,,,,,,year,1983-07-01T12:00:00,,,year,1997-07-01T12:00:00,,,,,,,,,
70,41,,"page_number_string: 
notes: 
source_full_citation: Grüne Kanton Bern. (2016). Geschichte der Grünen Kanton Bern. Abgerufen am 17. November 2025 von https://web.archive.org/web/20160323165518/http:/wl6www244.webland.ch/main/index.php?id=147
source_comment: 

page_number_string: 
notes: 
source_full_citation: GFL Kanton Bern. (1997). Grüne - Freie Liste Kanton Bern, Statuten 1997. Abgerufen am 17. November 2025 von https://web.archive.org/web/20040122100118fw_/http:/gfl.ch/prep-druck.php?page=statuten.html
source_comment: ",de-CH,GFL,Grüne Freie Liste,GFL BE,Grüne - Freie Liste Kanton Bern,,,,,,,,,,,,,,,,,year,1997-07-01T12:00:00,,,exact,2006-05-15T12:00:00,,,,,,,,,
71,42,,"page_number_string: 
notes: 
source_full_citation: Grüne Kanton Bern. (2016). Geschichte der Grünen Kanton Bern. Abgerufen am 17. November 2025 von https://web.archive.org/web/20160323165518/http:/wl6www244.webland.ch/main/index.php?id=147
source_comment: 

page_number_string: 33
notes: 
source_full_citation: Bütikofer, S. & Seitz, W. (Hrsg.). (2023). Die Grünen in der Schweiz. Entwicklung - Wirken - Perspektiven. Seismo.
source_comment: ",de-CH,GB,Grünes Bündnis Bern,GB BE,,,,,,,,,,,,,,,,,,exact,1987-06-03T12:00:00,,,exact,2006-05-15T12:00:00,,,,,,,,,
72,43,,,de-CH,GRAS,Grüne Alternative Schweiz,GRAS,,,,fr-CH,AVS,Alternative verte de Suisse,AVeS,,,,,,,,,,,month,1983-06-15T12:00:00,,,year,1987-07-01T12:00:00,,,,,,,,,
73,43,,,de-CH,GBS,[Alternative Grüne/] Grünes Bündnis Schweiz,GBS,,,,fr-CH,AVeS,[Vert-e-s alternatives/]Alliance verte et sociale,AVeS,,,,,,,,,,,year,1987-07-01T12:00:00,,,year,2005-07-01T12:00:00,,,,,,,,,
74,44,,"page_number_string: 19
notes: 
source_full_citation: Bütikofer, S. & Seitz, W. (Hrsg.). (2023). Die Grünen in der Schweiz. Entwicklung - Wirken - Perspektiven. Seismo.
source_comment: ",de-CH,DA,Demokratische Alternative Bern,DA BE,,,,,,,,,,,,,,,,,,year,1976-07-01T12:00:00,,,year,1990-07-01T12:00:00,,,,,,,,,
75,45,,"page_number_string: 
notes: 
source_full_citation: Wikipedia. (2025). Grün alternative Partei. Abgerufen am 17. November 2025 von https://de.wikipedia.org/wiki/Gr%C3%BCn_alternative_Partei
source_comment: ",de-CH,GPB,Grüne Partei Bern,GPB BE,,,,,,,,,,,,,,,,,,year,1990-07-01T12:00:00,,,year,2011-07-01T12:00:00,,,,,,,,,
76,45,,"page_number_string: 
notes: 
source_full_citation: Wikipedia. (2025). Grün alternative Partei. Abgerufen am 17. November 2025 von https://de.wikipedia.org/wiki/Gr%C3%BCn_alternative_Partei
source_comment: ",de-CH,GPB-DA,Grüne Partei Bern – Demokratische Alternative,GPB-DA BE,,,,,,,,,,,,,,,,,,year,2011-07-01T12:00:00,,,year,2017-07-01T12:00:00,,,,,,,,,
77,45,,"page_number_string: 
notes: 
source_full_citation: Wikipedia. (2025). Grün alternative Partei. Abgerufen am 17. November 2025 von https://de.wikipedia.org/wiki/Gr%C3%BCn_alternative_Partei
source_comment: ",de-CH,GaP,Grün alternative Partei,GaP BE,,,,,,,,,,,,,,,,,,year,2017-07-01T12:00:00,,,,,,,,,,,,,
78,46,,"page_number_string: 
notes: 
source_full_citation: GLP Kanton Bern. (2021). Statuten. Abgerufen am 24. November 2025 von https://be.grunliberale.ch/wp-content/uploads/2025/03/2021-05-06-Statuten-der-Gruenliberalen-Partei-des-Kantons-Bern.pdf
source_comment: ",de-CH,glp BE,Grünliberale Partei des Kantons Bern,GLP BE,,,,fr-CH,,Vert'libéraux Canton de Berne,PVL BE,,,,,,,,,,,exact,2007-09-25T12:00:00,,,,,,,,,,,,,
79,47,,"page_number_string: 
notes: 
source_full_citation: EVP Kanton Bern. (2017). EVP Bern Statuten. Abgerufen am 24. November 2025 von https://www.evp-be.ch/fileadmin/user_upload/bern/PDF/Statuten/EVP_Bern_Statuten.pdf
source_comment: 

page_number_string: 
notes: 
source_full_citation: PEV Canton de Berne. (2017). Statuts du PEV du canton de Berne. Consulté le 24 novembre 2025, sur https://www.pev-be.ch/fileadmin/user_upload/bern/PDF/Statuten/Statuten_EVP_BE_2017_def_FR.pdf
source_comment: ",de-CH,EVP Kanton Bern,Evangelische Volkspartei Kanton Bern,EVP BE,,,,fr-CH,PEV du canton de Berne,Parti évangélique du canton de Berne,PEV BE,,,,,,,,,,,exact,1921-01-29T12:00:00,,,,,,,,,,,,,
80,48,,"page_number_string: 
notes: 
source_full_citation: EDU Kanton Bern. (2021). Statuten der EDU Kanton Bern. Abgerufen am 24. November 2025 von https://www.edu-be.ch/wp-content/uploads/sites/2/2022/06/Statuten_EDU_BE_2021_DE.pdf
source_comment: 

page_number_string: 
notes: 
source_full_citation: UDF Canton de Berne. (2021). Statuts de l'UDF du canton de Berne. Consulté le 24 novembre 2025, sur https://www.udf-be.ch/wp-content/uploads/sites/32/2022/07/Statuten_2021_FR.pdf
source_comment: ",de-CH,EDU Kanton Bern,Eidgenössisch-Demokratische Union des Kantons Bern,EDU BE,,,,fr-CH,UDF Canton de Berne,Union Démocratique Fédérale du canton de Berne,UDF BE,,,,,,,,,,,exact,1975-09-05T12:00:00,,,,,,,,,,,,,
81,49,,"page_number_string: 
notes: 
source_full_citation: BDP Kanton Bern. (2017). Statuten. Abgerufen am 25. November 2025 von https://web.archive.org/web/20191012003456/https:/www.bdp.info/data/uploads/be/positionen/statuten/statuten_be_18.01.2017.pdf
source_comment: ",de-CH,BDP Kanton Bern,Bürgerlich-Demokratische Partei Kanton Bern,BDP BE,,,,,,,,,,,,,,,,,,exact,2008-06-21T12:00:00,,,exact,2021-03-24T12:00:00,,,,,,,,,
82,50,,"page_number_string: 
notes: 
source_full_citation: PdA Kanton Bern. (2003). Statuten der Partei der Arbeit des Kantons Bern. Abgerufen am 25. November 2025 von https://web.archive.org/web/20160425094949/http:/pdabern.ch/dokumente/partei/Statuten_PdABern.pdf
source_comment: 

page_number_string: 
notes: 
source_full_citation: PdA Kanton Bern. (2018). Statuten der Partei der Arbeit des Kantons Bern/Statuts du Parti ouvrier et populaire du canton de Berne. Abgerufen am 25. November 2025 von https://pdabern.ch/wp-content/uploads/2018/12/statuten_pda-pop.pdf
source_comment: ",de-CH,PdA Bern,Partei der Arbeit des Kantons Bern,PdA BE (2003),,,,fr-CH,,Parti ouvrier et populaire du canton de Berne,POP BE,,,,,,,,,,,exact,2003-05-05T12:00:00,,,year,2018-07-01T12:00:00,,,,,,,,,
83,50,,"page_number_string: 
notes: 
source_full_citation: PdA Kanton Bern. (2018). Statuten der Partei der Arbeit des Kantons Bern/Statuts du Parti ouvrier et populaire du canton de Berne. Abgerufen am 25. November 2025 von https://pdabern.ch/wp-content/uploads/2018/12/statuten_pda-pop.pdf
source_comment: ",de-CH,PdA POP BE,Partei der Arbeit des Kantons Bern,PdA BE (2003),,,,fr-CH,PdA POP BE,Parti ouvrier et populaire du canton de Berne,POP BE,,,,,,,,,,,year,2018-07-01T12:00:00,,,,,,,,,,,,,
84,51,"note_translations: languages_code: de-CH
note: Eigene Bezeichnung",,de-CH,,Partei der Arbeit des Kantons Bern,PdA BE (194x),,,,,,,,,,,,,,,,,,multiyear,1945-01-01T12:00:00,,,multiyear,1999-01-01T12:00:00,,,,,,,,,
85,37,,"page_number_string: 17
notes: 
source_full_citation: Junker, B. (1996). Geschichte des Kantons Bern seit 1798. Band 3, Tradition und Aufbruch 1881-1995. Historischer Verein des Kantons Bern.
source_comment: ",de-CH,,Freisinnige,FDP BE,,,,,,,,,,,,,,,,,,year,1889-07-01T12:00:00,,,year,1919-07-01T12:00:00,,,,,,,,,
86,52,,,de-CH,,Bernische Volkspartei,Bernische Volkspartei,,,,,,,,,,,,,,,,,,multimonth,1882-12-15T12:00:00,,,year,1922-07-01T12:00:00,,,,,,,,,
87,54,,"page_number_string: 
notes: 
source_full_citation: SVP Kanton Luzern. (2018). Statuten der Schweizerischen Volkspartei des Kantons Luzern. Abgerufen am 05. Dezember 2025 von https://www.svp-lu.ch/wp-content/uploads/sites/16/Statuten-KP-2018.pdf
source_comment: ",de-CH,SVP Kanton Luzern,Schweizerische Volkspartei des Kantons Luzern,SVP LU,,,,,,,,,,,,,,,,,,exact,1992-04-30T12:00:00,,,,,,,,,,,,,
88,55,,"page_number_string: 
notes: 
source_full_citation: Kiener, F. (2018). Luzern (Kanton). In Historisches Lexikon der Schweiz (HLS). Abgerufen am 05. Dezember 2025 von https://hls-dhs-dss.ch/de/articles/007382/2018-02-07/
source_comment: ",de-CH,,Demokratische und Arbeiterpartei,DAP LU,,,,,,,,,,,,,,,,,,year,1895-07-01T12:00:00,,,unknown,1920-01-01T12:00:00,,,,,,,,,
89,55,,"page_number_string: 
notes: 
source_full_citation: SP Kanton Luzern. (2022). Statuten der SP Kanton Luzern. Abgerufen am 05. Dezember 2025 von https://sp-luzern.ch/wp-content/uploads/2023/02/Statuten-2022.pdf
source_comment: ",de-CH,SP Kanton Luzern,Sozialdemokratische Partei des Kantons Luzern,SP LU,,,,,,,,,,,,,,,,,,unknown,1920-01-01T12:00:00,,,,,,,,,,,,,
90,56,,"page_number_string: 
notes: 
source_full_citation: FDP Kanton Luzern. (2007). Die FDP des Kantons Luzern. Abgerufen am 08. Dezember 2025 von https://web.archive.org/web/20071017194328/http:/www.fdp-lu.ch/files/content/element/29165/Die%20FDP%20des%20Kantons%20Luzern.pdf
source_comment: ",de-CH,LPL,Liberale Partei,LP LU,,,,,,,,,,,,,,,,,,year,1831-07-01T12:00:00,,,exact,2000-08-29T12:00:00,,,,,,,,,
91,56,,"page_number_string: 
notes: 
source_full_citation: FDP Kanton Luzern. (2007). Die FDP des Kantons Luzern. Abgerufen am 08. Dezember 2025 von https://web.archive.org/web/20071017194328/http:/www.fdp-lu.ch/files/content/element/29165/Die%20FDP%20des%20Kantons%20Luzern.pdf
source_comment: 

page_number_string: 
notes: 
source_full_citation: FDP Kanton Luzern. (2001). Statuten der Freisinnig-Demokratischen Partei (FDP) des Kt. Luzern. Abgerufen am 08. Dezember 2025 von https://web.archive.org/web/20071013025617/http:/www.fdp-lu.ch/page/content/index.asp?MenuID=653&ID=4346&Menu=12&Item=4.9.3
source_comment: ",de-CH,FDP des Kantons Luzern,Freisinnig-Demokratische Partei des Kantons Luzern,FDP LU,,,,,,,,,,,,,,,,,,exact,2000-08-29T12:00:00,,,multiyear,2008-01-01T12:00:00,,,,,,,,,
92,56,,"page_number_string: 
notes: 
source_full_citation: FDP.Die Liberalen Kanton Luzern. (2016). Statuten der FDP.Die Liberalen Luzern. Abgerufen am 08. Dezember 2025 von https://www.fdp-lu.ch/fileadmin/groups/206/pdf/Statuten_FDP_Kt_LU_DV_04.2016.pdf
source_comment: ",de-CH,,FDP.Die Liberalen Luzern,FDPLIB LU,,,,,,,,,,,,,,,,,,multiyear,2008-01-01T12:00:00,,,,,,,,,,,,,
93,57,,"page_number_string: 
notes: 
source_full_citation: Mitte Kanton Luzern. (2025). Geschichte. Abgerufen am 08. Dezember 2025 von https://lu.die-mitte.ch/geschichte/
source_comment: 

page_number_string: 
notes: 
source_full_citation: Staatsarchiv Luzern. (2025). Die Mitte / CVP (Christlichdemokratische Volkspartei) des Kantons Luzern (Provenienz). Abgerufen am 08. Dezember 2025 von https://query-staatsarchiv.lu.ch/detail.aspx?Id=774085
source_comment: 

page_number_string: 
notes: 
source_full_citation: S. (27. März 1972). Von der VP zur CVP. Entlebucher Anzeiger. Abgerufen am 16. Dezember 2025 von https://www.e-newspaperarchives.ch/?a=d&d=ENA19720327-01.2.7.
source_comment: ",de-CH,VP,Volkspartei des Kantons Luzern,VP LU,Katholisch-Konservative Partei,,,,,,,,,,,,,,,,,year,1871-07-01T12:00:00,,,exact,1972-03-23T12:00:00,,,,,,,,,
94,57,,"page_number_string: 
notes: 
source_full_citation: Staatsarchiv Luzern. (2025). Die Mitte / CVP (Christlichdemokratische Volkspartei) des Kantons Luzern (Provenienz). Abgerufen am 08. Dezember 2025 von https://query-staatsarchiv.lu.ch/detail.aspx?Id=774085
source_comment: 

page_number_string: 
notes: 
source_full_citation: dlw. (31. Dezember 2021). Die CVP wechselt ihren Namen. Luzerner Zeitung. Abgerufen am 08. Dezember 2025 von https://essentials.swissdox.ch/
source_comment: 

page_number_string: 
notes: 
source_full_citation: CVP Kanton Luzern. (2013). Statuten der CVP Kanton Luzern. Abgerufen am 08. Dezember 2025 von https://web.archive.org/web/20191012010256/https://www.cvp-luzern.ch/sites/default/files/2017-03/Statuten%20-%20Schlussfassung%202013.pdf
source_comment: ",de-CH,CVP des Kantons Luzern,Christlichdemokratische Volkspartei des Kantons Luzern,CVP LU,,,,,,,,,,,,,,,,,,exact,1972-03-23T12:00:00,,,exact,2021-09-06T12:00:00,,,,,,,,,
95,57,,"page_number_string: 
notes: 
source_full_citation: dlw. (31. Dezember 2021). Die CVP wechselt ihren Namen. Luzerner Zeitung. Abgerufen am 08. Dezember 2025 von https://essentials.swissdox.ch/
source_comment: 

page_number_string: 
notes: 
source_full_citation: Mitte Kanton Luzern. (2021). Statuten der Die Mitte Kanton Luzern. Abgerufen am 08. Dezember 2025 von https://lu.die-mitte.ch/wp-content/uploads/sites/38/2021/11/DieMitte-KTLU-Statuten-2021.pdf
source_comment: ",de-CH,,Die Mitte Kanton Luzern,Mitte LU,,,,,,,,,,,,,,,,,,exact,2021-09-06T12:00:00,,,,,,,,,,,,,
96,58,,"page_number_string: 461
notes: 
source_full_citation: Bossard-Boner, H. (2017). Vom Kulturkampf zur Belle Epoque. Der Kanton Luzern 1875 bis 1914. Schwabe.
source_comment: ",de-CH,,Ruswiler Verein,Ruswiler Verein,,,,,,,,,,,,,,,,,,exact,1840-11-05T12:00:00,,,year,1871-07-01T12:00:00,,,,,,,,,
97,59,,"page_number_string: 28
notes: 
source_full_citation: Bütikofer, S. & Seitz, W. (Hrsg.). (2023). Die Grünen in der Schweiz. Entwicklung - Wirken - Perspektiven. Seismo.
source_comment: 

page_number_string: 
notes: 
source_full_citation: Osman, I. (09. Februar 2017). Parteigeschichte: Seit 30 Jahren ""grünt"" es im Kanton Luzern. Luzerner Zeitung. Abgerufen am 08. Dezember 2025 von https://www.luzernerzeitung.ch/zentralschweiz/luzern/parteigeschichte-seit-30-jahren-gruent-es-im-kanton-luzern-ld.97683
source_comment: ",de-CH,,Grünes Bündnis Luzern,GB LU,,,,,,,,,,,,,,,,,,year,1987-07-01T12:00:00,,,exact,2006-05-09T12:00:00,,,,,,,,,
98,59,,"page_number_string: 
notes: 
source_full_citation: rr. (02. Mai 2006). Grüne suchen neuen Namen. Neue Luzerner Zeitung. Abgerufen am 08. Dezember 2025 von https://essentials.swissdox.ch/
source_comment: 

page_number_string: 
notes: 
source_full_citation: Grüne Kanton Luzern. (2020). Statuten Grüne Kanton Luzern. Abgerufen am 08. Dezember 2025 von https://gl2018.gruene-luzern.ch/wp-content/uploads/2021/03/Statuten_2020.pdf
source_comment: ",de-CH,,Grüne Kanton Luzern,Grüne LU,,,,,,,,,,,,,,,,,,exact,2006-05-09T12:00:00,,,,,,,,,,,,,
99,60,,,de-CH,GLP Kanton Luzern,Grünliberale Kanton Luzern,GLP LU,,,,,,,,,,,,,,,,,,exact,2008-04-01T12:00:00,,,,,,,,,,,,,
100,61,,"page_number_string: 
notes: 
source_full_citation: EVP Kanton Luzern. (2005). Statuten der Evangelischen Volkspartei des Kantons Luzern. Abgerufen am 08. Dezember 2025 von https://www.evplu.ch/fileadmin/user_upload/luzern/de/Statuten_EVP_Luzern.pdf
source_comment: ",de-CH,EVP Kanton Luzern,Evangelische Volkspartei des Kantons Luzern,EVP LU,,,,,,,,,,,,,,,,,,exact,2003-10-10T12:00:00,,,,,,,,,,,,,
101,62,,"page_number_string: 
notes: 
source_full_citation: Staatsarchiv Luzern. (2025). CSP (Christlich-soziale Partei) des Kantons und der Stadt Luzern (Provenienz). Abgerufen am 08. Dezember 2025 von https://query-staatsarchiv.lu.ch/detail.aspx?ID=1587955
source_comment: ",de-CH,,Christlich-soziale Partei Kanton Luzern,CSP LU,,,,,,,,,,,,,,,,,,year,1909-07-01T12:00:00,,,year,2010-07-01T12:00:00,,,,,,,,,
102,65,"note_translations: languages_code: de-CH
note: Bei Tschäni (1979) wird als Abkürzung der Partei hingegen ""CPS"" genannt.","page_number_string: 132
notes: 
source_full_citation: Tschäni, H. (1979). Parteien, Programme, Parolen. Sauerländer & Ex-Libris-Verlag.
source_comment: 

page_number_string: 116
notes: 
source_full_citation: Casetti, G. (1979). Partei und Christlichsoziale: Die heilsame Unruh. In U. Altermatt & H. P. Fagagnini (Hrsg.), Die CVP zwischen Programm und Wirklichkeit (S. 106-123). Benziger.
source_comment: ",de-CH,CSP Schweiz,Christlichsoziale Partei der Schweiz,CSP (1976),,,,,,,,,,,,,,,,,,exact,1976-05-22T12:00:00,,,multiyear,1995-01-01T12:00:00,,,,,,,,,
103,66,,"page_number_string: 
notes: 
source_full_citation: sda. (23. Juni 1997). Weg von der CVP: Christlich-Soziale Partei. Der Bund. Abgerufen am 08. Dezember 2025 von https://essentials.swissdox.ch/
source_comment: ",de-CH,CSP,Christlich-Soziale Partei der Schweiz,CSP (1997),,,,fr-CH,PCS,Parti chrétien-social suisse,PCS (1997),,,,,,,,,,,exact,1997-06-21T12:00:00,,,exact,2014-01-11T12:00:00,,,,,,,,,
104,66,,"page_number_string: 
notes: 
source_full_citation: Bühlmann, M. (2025). Ausgewählte Beiträge zur Schweizer Politik: Namensänderung der CSP zu ""Mitte-Links - CSP"", 2013 - 2014. Année Politique Suisse. Abgerufen am 08. Dezember 2025 von https://anneepolitique.swiss/prozesse/51872-namensanderung-der-csp-zu-mitte-links-csp
source_comment: 

page_number_string: 
notes: 
source_full_citation: CSP Schweiz. (2014). Statuten Mitte Links - CSP Schweiz. Abgerufen am 08. Dezember 2025 von http://www.csp-pcs.ch/csp/ablage/pdf/berichte/1-114-admin_1409554608-1.pdf
source_comment: 

page_number_string: 
notes: 
source_full_citation: PCS Suisse. (2014). Statuts du Centre Gauche - PCS Suisse. Consulté le 8 décembre 2025, sur http://www.csp-pcs.ch/csp/ablage/pdf/berichte/1-114-admin_1409554608-2.pdf
source_comment: ",de-CH,Mitte links – CSP Schweiz,Mitte Links – Christlich-soziale Partei Schweiz,ML-CSP,,,,fr-CH,Centre Gauche – PCS Suisse,Centre Gauche – Parti Chrétien-social suisse,CG-PCS,,,,,,,,,,,exact,2014-01-11T12:00:00,,"page_number_string: 
notes: 
source_full_citation: Rouleau, C. (13. Januar 2014). Le «Centre-Gauche PCS» est né. La Liberté. Abgerufen am 10. August 2026 von https://essentials.swissdox.ch/de/research?q=eyJmbHQiOlt7ImZsIjoicXVlcnlfdGV4dCIsInZhbCI6WyJDZW50cmUgR2F1Y2hlLVBDUyBGcmlib3VyZyJdfSx7ImZsIjoiZGF0ZXRpbWUiLCJ2YWwiOlsiMTkxMS0xMS0zMFQyMzowMDowMC4wMDBaIiwiMjAxNS0wOS0zMFQyMTo1OTowMC4wMDBaIl19XSwiZXh0Ijp0cnVlLCJzcnQiOnsiZmwiOiJkYXRldGltZSIsImRpciI6ImRlc2MifX0%3D&articleId=994904&articleView=text
source_comment: ",,,,,,,,,,,
105,63,,"page_number_string: 
notes: 
source_full_citation: BDP Kanton Luzern. (2010). Statuten der Bürgerlich-Demokratische Partei des Kantons Luzern (BDP Kanton Luzern). Abgerufen am 25. Mai 2026 von https://web.archive.org/web/20191012000532/https:/www.bdp.info/data/uploads/lu/dokumente/statuten_bdp_kantonluzern.pdf
source_comment: ",de-CH,BDP Kanton Luzern,Bürgerlich-Demokratische Partei des Kantons Luzern,BDP LU,,,,,,,,,,,,,,,,,,exact,2010-04-22T12:00:00,,,year,2020-07-01T12:00:00,,,,,,,,,
106,67,,"page_number_string: 
notes: 
source_full_citation: SVP Kanton Uri. (2017). Statuten der Schweizerischen Volkspartei des Kantons URI. Abgerufen am 15. Dezember 2025 von https://www.svpuri.ch/wp-content/uploads/sites/32/Statuten-vom-Maerz-2017.pdf
source_comment: ",de-CH,SVP URI,Schweizerische Volkspartei des Kantons Uri,SVP UR,,,,,,,,,,,,,,,,,,exact,1998-12-05T12:00:00,,,,,,,,,,,,,
107,68,,"page_number_string: 
notes: 
source_full_citation: SP Kanton Uri. (2015). Statuten der Sozialdemokratischen Partei des Kantons Uri. Abgerufen am 15. Dezember 2025 von https://sp-uri.ch/partei/statuten/
source_comment: ",de-CH,SPU,Sozialdemokratische Partei des Kantons Uri,SP UR,,,,,,,,,,,,,,,,,,year,1913-07-01T12:00:00,,,,,,,,,,,,,
108,68,,"page_number_string: 
notes: 
source_full_citation: SP Kanton Uri. (2025). Geschichte SP-Uri. Abgerufen am 15. Dezember 2025 von https://web.archive.org/web/20200217070028mp_/https:/www.sp-uri.ch/de/no_active_menu_item_found/geschichte-sp-uri
source_comment: ",de-CH,,Urner Arbeiterpartei,AP UR,,,,,,,,,,,,,,,,,,exact,1907-10-16T12:00:00,,,year,1913-07-01T12:00:00,,,,,,,,,
109,69,,"page_number_string: 
notes: 
source_full_citation: FDP.Die Liberalen Kanton Uri. (2010). Statuten FDP.Die Liberalen Uri. Abgerufen am 15. Dezember 2025 von https://www.fdp-ur.ch/fileadmin/groups/153/pdf/StatutenFDP.DieLiberalenUri.pdf
source_comment: ",de-CH,,FDP.Die Liberalen Uri,FDPLIB UR,,,,,,,,,,,,,,,,,,exact,2010-05-18T12:00:00,,,,,,,,,,,,,
110,69,,"page_number_string: 
notes: 
source_full_citation: FDP Kanton Uri. (2001). Statuten der Freisinnig-Demokratischen Partei des Kantons Uri. Abgerufen am 15. Dezember 2025 von https://web.archive.org/web/20041017142130/http:/www.fdp-ur.ch/pdf/statuten.pdf
source_comment: ",de-CH,FDP Uri,Freisinnig-Demokratische Partei des Kantons Uri,FDP UR,,,,,,,,,,,,,,,,,,year,1999-07-01T12:00:00,,,exact,2010-05-18T12:00:00,,,,,,,,,
111,69,,"page_number_string: 
notes: 
source_full_citation: Bundesamt für Statistik. (2020). Kanton Uri: nationale und kantonale Wahlen seit 1919. Abgerufen am 15. Dezember 2025 von https://www.bfs.admin.ch/bfs/de/home/statistiken/katalog.assetdetail.12787585.html
source_comment: ",de-CH,,Fortschrittlich-demokratische Partei,FDP UR,,,,,,,,,,,,,,,,,,unknown,1912-07-01T12:00:00,,,year,1999-07-01T12:00:00,,,,,,,,,
112,70,,"page_number_string: 
notes: 
source_full_citation: Mitte Kanton Uri. (2025). Geschichte. Abgerufen am 15. Dezember 2025 von https://www.mitte-uri.ch/geschichte
source_comment: ",de-CH,,Konservative Volkspartei,KVP UR,,,,,,,,,,,,,,,,,,year,1899-07-01T12:00:00,,,unknown,1971-01-01T12:00:00,,,,,,,,,
113,70,,"page_number_string: 
notes: 
source_full_citation: CVP Kanton Uri. (2002). Statuten der Christlichdemokratischen Volkspartei Uri (CVP Uri). Abgerufen am 15. Dezember 2025 von https://web.archive.org/web/20181015174619/http:/www.cvp-ur.ch/wp-content/uploads/2017/05/Statuten-CVP-Uri-v.-27.-August-2002.pdf
source_comment: ",de-CH,CVP Uri,Christlichdemokratische Volkspartei Uri,CVP UR,,,,,,,,,,,,,,,,,,unknown,1971-01-01T12:00:00,,,exact,2021-08-26T12:00:00,,,,,,,,,
114,70,,"page_number_string: 
notes: 
source_full_citation: CVP - Die Mitte Uri. (2021). Neuer Name, neue Statuten und Parolenfassung. Abgerufen am 15. Dezember 2025 von https://web.archive.org/web/20211129022356/https:/www.cvp-uri.ch/post/neuer-name-neue-statuten-und-parolenfassung
source_comment: ",de-CH,,CVP - Die Mitte Uri,CVP/Mitte UR,,,,,,,,,,,,,,,,,,exact,2021-08-26T12:00:00,,,exact,2024-05-16T12:00:00,,,,,,,,,
115,70,,"page_number_string: 
notes: 
source_full_citation: Mitte Kanton Uri. (2024). Statuten der Die Mitte Uri. Abgerufen am 15. Dezember 2025 von https://www.mitte-uri.ch/_files/ugd/4654ca_9f5387b0d27c421683a8fc2d9fba70d9.pdf
source_comment: ",de-CH,,Die Mitte Uri,Mitte UR,,,,,,,,,,,,,,,,,,exact,2024-05-16T12:00:00,,,,,,,,,,,,,
116,71,,"page_number_string: 
notes: 
source_full_citation: Stadler, H. (2021). Uri: Der Staat im 19. und 20. Jahrhundert, Verfassungsgeschichte und politische Geschichte, Uri im Bundesstaat. In Historisches Lexikon der Schweiz (HLS). Abgerufen am 15. Dezember 2025 von https://hls-dhs-dss.ch/de/articles/007384/2021-01-15/
source_comment: ",de-CH,,Grüne Bewegung Uri,Grüne UR,,,,,,,,,,,,,,,,,,year,1994-07-01T12:00:00,,,unknown,2008-01-01T12:00:00,,,,,,,,,
117,71,,"page_number_string: 
notes: 
source_full_citation: Grüne Kanton Uri. (2023). Statuten GRÜNE Uri. Abgerufen am 15. Dezember 2025 von https://gruene-uri.ch/statuten
source_comment: ",de-CH,,GRÜNE Uri,Grüne UR,,,,,,,,,,,,,,,,,,unknown,2008-01-01T12:00:00,,,,,,,,,,,,,
118,72,,"page_number_string: 
notes: 
source_full_citation: Furrer, M. (1994). Die neue Opposition in der Urschweiz 1970–1990. In U. Altermatt et al. (Hrsg.), Rechte und linke Fundamentalopposition. Studien zur Schweizer Politik 1965–1990 (S. 95–134). Helbing & Lichtenhahn.
source_comment: ",de-CH,KFU,Kritisches Forum Uri,KFU UR,,,,,,,,,,,,,,,,,,year,1983-07-01T12:00:00,,,year,1993-07-01T12:00:00,,,,,,,,,
119,73,,"page_number_string: 
notes: 
source_full_citation: GLP Kanton Uri. (2022). Statuten. Abgerufen am 15. Dezember 2025 von https://ur.grunliberale.ch/wp-content/uploads/sites/17/2025/08/GLP_Uri_Gruendungsstatuten_01_04_2022_signiert.pdf
source_comment: ",de-CH,GLP UR,Grünliberale Partei Kanton Uri,GLP UR,,,,,,,,,,,,,,,,,,exact,2022-04-01T12:00:00,,,,,,,,,,,,,
120,74,,"page_number_string: 
notes: 
source_full_citation: SVP Kanton Basel-Stadt. (2018). Statuten. Abgerufen am 06. Januar 2026 von https://www.svp-basel.ch/partei/statuten/
source_comment: ",de-CH,SVP Basel-Stadt,Schweizerische Volkspartei Basel-Stadt,SVP BS,,,,,,,,,,,,,,,,,,year,1991-07-01T12:00:00,,,,,,,,,,,,,
121,75,,"page_number_string: 
notes: 
source_full_citation: SP Kanton Basel-Stadt. (1890). Statuten der Sozialdemokratischen Partei Basel's. Abgerufen am 06. Januar 2026 von https://sp-bs.ch/wp-content/uploads/2023/03/1890statutenspbs.pdf
source_comment: ",de-CH,,Sozialdemokratische Partei Basel's,SP BS,,,,,,,,,,,,,,,,,,exact,1890-06-26T12:00:00,,,unknown,1970-01-01T12:00:00,,,,,,,,,
122,75,,"page_number_string: 
notes: 
source_full_citation: SP Kanton Basel-Stadt. (2022). Statuten und statutarische Reglemente der Sozialdemokratischen Partei Basel-Stadt. Abgerufen am 06. Januar 2026 von https://sp-bs.ch/wp-content/uploads/2025/10/SP_Statuten_2025.pdf
source_comment: ",de-CH,SP Basel-Stadt,Sozialdemokratische Partei Basel-Stadt,SP BS,,,,,,,,,,,,,,,,,,unknown,1970-01-01T12:00:00,,,,,,,,,,,,,
123,76,,"page_number_string: 28
notes: 
source_full_citation: Pfister, B. (2019). Für Freiheit kämpfen – Die Geschichte des Basler Freisinns. Christoph Merian Verlag.
source_comment: ",de-CH,FDP Basel-Stadt,Freisinnig-demokratische Partei Basel-Stadt,FDP BS,,,,,,,,,,,,,,,,,,year,1894-07-01T12:00:00,,,exact,1919-01-14T12:00:00,,,,,,,,,
124,76,,"page_number_string: 
notes: 
source_full_citation: Eidgenössisches Statistisches Amt. (1929). Statistik der Nationalratswahlen 1919, 1922, 1925 und 1928. A. Francke.
source_comment: ",de-CH,RDP Basel-Stadt,Radikal-demokratische Partei Basel-Stadt,RDP BS,,,,,,,,,,,,,,,,,,exact,1919-01-14T12:00:00,,,exact,1973-02-10T12:00:00,,,,,,,,,
125,76,,"page_number_string: 135
notes: 
source_full_citation: Pfister, B. (2019). Für Freiheit kämpfen – Die Geschichte des Basler Freisinns. Christoph Merian Verlag.
source_comment: ",de-CH,,Freisinnig-demokratische Partei Basel-Stadt,FDP BS,,,,,,,,,,,,,,,,,,exact,1973-02-10T12:00:00,,,multiyear,2009-01-01T12:00:00,,,,,,,,,
126,76,"note_translations: languages_code: de-CH
note: Die Namensänderung erfolgte spätestens im Juli 2011 (https://web.archive.org/web/20110706232000/http://fdp-bs.ch/).","page_number_string: 
notes: 
source_full_citation: FDP.Die Liberalen Kanton Basel-Stadt. (2021). Statuten. Abgerufen am 09. Januar 2026 von https://www.fdp-bs.ch/fileadmin/groups/141/pdf/Statuten/Statuten_-_Stand_Mai_2021.pdf
source_comment: ",de-CH,,FDP.Die Liberalen Basel-Stadt,FDPLIB BS,,,,,,,,,,,,,,,,,,multiyear,2009-01-01T12:00:00,,,,,,,,,,,,,
127,77,,"page_number_string: 
notes: 
source_full_citation: Staatsarchiv Basel-Stadt. (2026). Katholische Volkspartei (KVP) [Katholische und Christlichsoziale Volkspartei][Christlichdemokratische Volkspartei (CVP)]. Abgerufen am 09. Januar 2026 von https://dls.staatsarchiv.bs.ch/records/209100
source_comment: ",de-CH,KVP Basel-Stadt,Katholische Volkspartei,KVP BS,,,,,,,,,,,,,,,,,,month,1905-05-15T12:00:00,,,year,1961-07-01T12:00:00,,,,,,,,,
128,77,,"page_number_string: 
notes: 
source_full_citation: Staatsarchiv Basel-Stadt. (2026). Katholische Volkspartei (KVP) [Katholische und Christlichsoziale Volkspartei][Christlichdemokratische Volkspartei (CVP)]. Abgerufen am 09. Januar 2026 von https://dls.staatsarchiv.bs.ch/records/209100
source_comment: ",de-CH,,Katholische und Christlichsoziale Volkspartei,KCSVP BS,,,,,,,,,,,,,,,,,,year,1961-07-01T12:00:00,,,year,1971-07-01T12:00:00,"note_translations: languages_code: de-CH
note: Gemäss Staatsarchiv BS (https://dls.staatsarchiv.bs.ch/records/209100) erfolgte die Namensänderung 1971, gemäss HLS (https://hls-dhs-dss.ch/de/articles/007478/2017-05-30/#HParteien) erst 1973.",,,,,,,,
129,77,,"page_number_string: 
notes: 
source_full_citation: CVP Kanton Basel-Stadt. (2009). Statuten der CVP Basel-Stadt. Abgerufen am 09. Januar 2026 von https://web.archive.org/web/20200709131825/https:/www.cvp-bs.ch/wp-content/uploads/2016/05/Statuten_CVPBS_vom_20090428.pdf
source_comment: ",de-CH,CVP Basel-Stadt,Christlichdemokratische Volkspartei Basel-Stadt,CVP BS,,,,,,,,,,,,,,,,,,year,1971-07-01T12:00:00,"note_translations: languages_code: de-CH
note: Gemäss Staatsarchiv BS (https://dls.staatsarchiv.bs.ch/records/209100) erfolgte die Namensänderung 1971, gemäss HLS (https://hls-dhs-dss.ch/de/articles/007478/2017-05-30/#HParteien) erst 1973.",,exact,2021-01-25T12:00:00,,,,,,,,,
130,77,,"page_number_string: 
notes: 
source_full_citation: Mitte Kanton Basel-Stadt. (2021). Statuten der Mitte Basel-Stadt. Abgerufen am 09. Januar 2026 von https://bs.die-mitte.ch/wp-content/uploads/sites/85/2022/04/Statuten-der-Mitte-Basel-Stadt_25.1.2021-1.pdf
source_comment: ",de-CH,,Die Mitte Basel-Stadt,Mitte BS,,,,,,,,,,,,,,,,,,exact,2021-01-25T12:00:00,,,,,,,,,,,,,
131,78,,,de-CH,"GM, GP/GAB",Grüne Partei Basel-Stadt,Grüne BS (1991),,,,,,,,,,,,,,,,,,exact,1991-02-05T12:00:00,,,multiyear,2022-01-01T12:00:00,,,,,,,,,
132,78,,,de-CH,,GRÜNE Partei Basel-Stadt,Grüne BS (1991),,,,,,,,,,,,,,,,,,multiyear,2022-01-01T12:00:00,,,,,,,,,,,,,
133,79,,"page_number_string: 
notes: 
source_full_citation: Grüne Kanton Basel-Stadt. (2007). Zeitlicher Abriss in tabellarischer Form. Abgerufen am 09. Januar 2026 von https://web.archive.org/web/20071015130217/http:/bs.gruene.ch/index/geschichte_gruene_bs.htm
source_comment: 

page_number_string: 28
notes: 
source_full_citation: Bütikofer, S. & Seitz, W. (Hrsg.). (2023). Die Grünen in der Schweiz. Entwicklung - Wirken - Perspektiven. Seismo.
source_comment: ",de-CH,GP/GAB,Grüne Partei BS,GP/GAB BS (1989),,,,,,,,,,,,,,,,,,exact,1989-06-20T12:00:00,,,exact,1991-01-24T12:00:00,,,,,,,,,
134,80,,"page_number_string: 28
notes: 
source_full_citation: Bütikofer, S. & Seitz, W. (Hrsg.). (2023). Die Grünen in der Schweiz. Entwicklung - Wirken - Perspektiven. Seismo.
source_comment: ",de-CH,GPBS,Grüne Partei Baselstadt,GP BS (1988),,,,,,,,,,,,,,,,,,exact,1988-06-27T12:00:00,,,exact,1989-06-20T12:00:00,,,,,,,,,
135,81,,"page_number_string: 
notes: 
source_full_citation: BastA!. (2002). BastA!-Kurzprofil. Abgerufen am 12. Januar 2026 von https://web.archive.org/web/20021004113457/http://www.basta-bs.ch/bstprofil.htm
source_comment: 

page_number_string: 
notes: 
source_full_citation: BastA! Kanton Basel-Stadt. (2021). Statuten. Abgerufen am 12. Januar 2026 von https://basta-bs.ch/ueber-uns/statuten
source_comment: ",de-CH,BastA!,BastA! Basels starke Alternative,BastA BS,,,,,,,,,,,,,,,,,,year,1995-07-01T12:00:00,,,,,,,,,,,,,
136,101,,,de-CH,,Die Mitte Frauen Kanton Zürich,Mitte-Frauen ZH,,,,,,,,,,,,,,,,,,exact,2021-10-04T12:00:00,,"page_number_string: 
notes: 
source_full_citation: Die Mitte Frauen Kanton Zürich (2021). Namenswechsel von CVP Frauen Kanton Zürich zu Die Mitte Frauen Kanton Zürich. Abgerufen am 12. Januar 2026 von https://zh.die-mitte.ch/namenswechsel-von-cvp-frauen-kanton-zuerich-zu-die-mitte-frauen-kanton-zuerich/
source_comment: ",,,,,,,,,,,
137,101,,"page_number_string: 87
notes: 
source_full_citation: Larcher, Marie-Therese (1996). Die Geschichte der CVP-Frauen beginnt in Zürich. In: CVP Kanton Zürich (Hrsg.), 100 Jahre CVP Kanton Zürich (S. 85-89). Christlichdemokratische Volkspartei des Kantons Zürich.
source_comment: ",de-CH,,CVP-Frauenvereinigung des Kantons Zürich,CVP-Frauen ZH,,,,,,,,,,,,,,,,,,exact,1979-03-05T12:00:00,,,unknown,1989-12-31T12:00:00,,,,,,,,,
138,101,,"page_number_string: 
notes: 
source_full_citation: Die Mitte Frauen Kanton Zürich (2021). Namenswechsel von CVP Frauen Kanton Zürich zu Die Mitte Frauen Kanton Zürich. Abgerufen am 12. Januar 2026 von https://zh.die-mitte.ch/namenswechsel-von-cvp-frauen-kanton-zuerich-zu-die-mitte-frauen-kanton-zuerich/
source_comment: ",de-CH,,CVP Frauen Kanton Zürich,CVP-Frauen ZH,,,,,,,,,,,,,,,,,,unknown,1990-01-01T12:00:00,,,exact,2021-10-04T12:00:00,,"page_number_string: 
notes: 
source_full_citation: Die Mitte Frauen Kanton Zürich (2021). Namenswechsel von CVP Frauen Kanton Zürich zu Die Mitte Frauen Kanton Zürich. Abgerufen am 12. Januar 2026 von https://zh.die-mitte.ch/namenswechsel-von-cvp-frauen-kanton-zuerich-zu-die-mitte-frauen-kanton-zuerich/
source_comment: ",,,,,,,
139,82,,"page_number_string: 
notes: 
source_full_citation: GLP Kanton Basel-Stadt. (2025). Statuten der Grünliberalen Partei Basel-Stadt. Abgerufen am 12. Januar 2026 von https://bs.grunliberale.ch/wp-content/uploads/sites/32/2025/08/GLP-Statuten-24.-Maerz-2025_1.0.pdf
source_comment: ",de-CH,GLP BS,Grünliberale Partei Basel-Stadt,GLP BS,,,,,,,,,,,,,,,,,,exact,2008-02-26T12:00:00,,,,,,,,,,,,,
140,84,,"page_number_string: 
notes: 
source_full_citation: EVP Kanton Basel-Stadt. (2007). Geschichte. Abgerufen am 12. Januar 2026 von https://www.evp-bs.ch/partei/geschichte
source_comment: ",de-CH,EVP Basel-Stadt,Evangelische Volkspartei Basel-Stadt,EVP BS (1920),,,,,,,,,,,,,,,,,,exact,1920-02-23T12:00:00,,,exact,1953-06-02T12:00:00,,,,,,,,,
141,83,,"page_number_string: 
notes: 
source_full_citation: EVP Kanton Basel-Stadt. (2007). Geschichte. Abgerufen am 12. Januar 2026 von https://www.evp-bs.ch/partei/geschichte
source_comment: ",de-CH,VEW,Vereinigung evangelischer WählerInnen,VEW BS (1948),,,,,,,,,,,,,,,,,,exact,1948-12-17T12:00:00,,,exact,2006-11-29T12:00:00,,,,,,,,,
142,83,,"page_number_string: 
notes: 
source_full_citation: EVP Kanton Basel-Stadt. (2021). Statuten der Evangelischen Volkspartei Kanton Basel-Stadt EVP. Abgerufen am 12. Januar 2026 von https://www.evp-bs.ch/fileadmin/user_upload/basel-stadt/Partei/Statuten/Statuten_EVP_BS_2021.pdf
source_comment: ",de-CH,EVP Kanton Basel-Stadt,Evangelische Volkspartei Basel-Stadt,EVP BS (1948),,,,,,,,,,,,,,,,,,exact,2006-11-29T12:00:00,,,,,,,,,,,,,
143,85,,"page_number_string: 
notes: 
source_full_citation: EDU Kanton Basel-Stadt. (1999). Statuten. Abgerufen am 16. Januar 2026 von https://www.edu-bs.ch/partei/
source_comment: ",de-CH,EDU BS,Eidgenössisch-Demokratische Union des Kantons Basel-Stadt,EDU BS,,,,,,,,,,,,,,,,,,year,1986-07-01T12:00:00,,,,,,,,,,,,,
144,86,,"page_number_string: 123
notes: 
source_full_citation: Mattioli, A. & Stirnimann, C. (1987). Von der Bürger- und Gewerbepartei Basel-Stadt zur Nationalen Volkspartei Basel. Zur politischen Entwicklung und Programmatik einer rechtskonservativen Partei in der Zwischenkriegszeit (1932-1938). Basler Zeitschrift für Geschichte und Altertumskunde, 87, 119-154. https://doi.org/10.5169/seals-118194
source_comment: ",de-CH,FBP,Fortschrittliche Bürgerpartei,FBP BS,,,,,,,,,,,,,,,,,,month,1911-01-15T12:00:00,,,year,1920-07-01T12:00:00,,,,,,,,,
145,86,,"page_number_string: 126f.
notes: 
source_full_citation: Mattioli, A. & Stirnimann, C. (1987). Von der Bürger- und Gewerbepartei Basel-Stadt zur Nationalen Volkspartei Basel. Zur politischen Entwicklung und Programmatik einer rechtskonservativen Partei in der Zwischenkriegszeit (1932-1938). Basler Zeitschrift für Geschichte und Altertumskunde, 87, 119-154. https://doi.org/10.5169/seals-118194
source_comment: 

page_number_string: 113
notes: 
source_full_citation: Pfister, B. (2019). Für Freiheit kämpfen – Die Geschichte des Basler Freisinns. Christoph Merian Verlag.
source_comment: ",de-CH,BGP,Bürger- und Gewerbepartei Basel-Stadt,BGP BS,,,,,,,,,,,,,,,,,,year,1920-07-01T12:00:00,,,exact,1934-05-16T12:00:00,,,,,,,,,
146,86,,"page_number_string: 121, 132ff.
notes: 
source_full_citation: Mattioli, A. & Stirnimann, C. (1987). Von der Bürger- und Gewerbepartei Basel-Stadt zur Nationalen Volkspartei Basel. Zur politischen Entwicklung und Programmatik einer rechtskonservativen Partei in der Zwischenkriegszeit (1932-1938). Basler Zeitschrift für Geschichte und Altertumskunde, 87, 119-154. https://doi.org/10.5169/seals-118194
source_comment: ",de-CH,NVP,Nationale Volkspartei Basel,NVP BS,,,,,,,,,,,,,,,,,,exact,1934-05-16T12:00:00,,,year,1941-07-01T12:00:00,,,,,,,,,
147,86,,"page_number_string: 151
notes: 
source_full_citation: Mattioli, A. & Stirnimann, C. (1987). Von der Bürger- und Gewerbepartei Basel-Stadt zur Nationalen Volkspartei Basel. Zur politischen Entwicklung und Programmatik einer rechtskonservativen Partei in der Zwischenkriegszeit (1932-1938). Basler Zeitschrift für Geschichte und Altertumskunde, 87, 119-154. https://doi.org/10.5169/seals-118194
source_comment: ",de-CH,BGP,Bürger- und Gewerbepartei Basel-Stadt,BGP BS,,,,,,,,,,,,,,,,,,year,1941-07-01T12:00:00,,,exact,1957-03-01T12:00:00,,,,,,,,,
148,87,,"page_number_string: 
notes: 
source_full_citation: BDP Kanton Basel-Stadt. (2014). Aktuell. Abgerufen am 16. Januar 2026 von https://web.archive.org/web/20141121024048/http:/www.bdp.info/bs/
source_comment: ",de-CH,BDP Basel-Stadt,Bürgerlich-Demokratische Partei Basel-Stadt,BDP BS,,,,,,,,,,,,,,,,,,exact,2011-08-24T12:00:00,,,year,2021-07-01T12:00:00,,,,,,,,,
149,102,,,de-CH,Mitte Frauen,Die Mitte Frauen Schweiz,Mitte-Frauen,,,,fr-CH,,Le Centre Femmes Suisse,Centre Femmes,,,,it-CH,,Il Centro Donne Svizzera,Centro Fem,,,,exact,2022-04-30T12:00:00,,"page_number_string: 
notes: 
source_full_citation: Die Mitte Frauen Schweiz (2022). Medienmitteilung der Mitgliederversammlung vom 30.04.2022. Abgerufen am 21. Januar 2026 von https://frauen.die-mitte.ch/medienmitteilung-mv-die-mitte-frauen-schweiz-30-04-2022/
source_comment: ",,,,,rm-CH,,Allianza dal Center Dunnas,Center Dunnas,,,
150,102,"note_translations: languages_code: de-CH
note: Bei Altermatt (2000: 86) heisst es: ""Am 18. Dezember 1981 wurde die Arbeitsgemeinschaft im Sinne der CVP-Statuten zur ""Vereinigung"" erhoben."" Ob es sich dabei um eine formelle Änderung des Vereinsnamens handelte, wird nicht klar.","page_number_string: 85-86
notes: 
source_full_citation: Altermatt, U. (2000). Die Christlichdemokratische Volkspartei der Schweiz 1945-1999. In H.-J. Veen (Hrsg.), Christlich-demokratische und konservative Parteien in Westeuropa 5 (S. 35-115). Schöningh.
source_comment: ",de-CH,,Schweizerische Arbeitsgemeinschaft der CVP-Frauen,CVP-Frauen,,,,,,,,,,,,,,,,,,exact,1975-05-17T12:00:00,,,exact,1990-11-24T12:00:00,,,,,,,,,
151,102,,"page_number_string: 86
notes: 
source_full_citation: Altermatt, U. (2000). Die Christlichdemokratische Volkspartei der Schweiz 1945-1999. In H.-J. Veen (Hrsg.), Christlich-demokratische und konservative Parteien in Westeuropa 5 (S. 35-115). Schöningh.
source_comment: 

page_number_string: 
notes: 
source_full_citation: CVP-Frauen Schweiz. (2020). CVP-Frauen bleiben CVP-Frauen. Abgerufen am 22. Januar 2026 von https://web.archive.org/web/20210226035357/https://www.cvp-frauen.ch/2020/12/13/cvp-frauen-bleiben-cvp-frauen/
source_comment: ",de-CH,,CVP-Frauen Schweiz,CVP-Frauen,,,,,,,,,,,,,,,,,,exact,1990-11-24T12:00:00,,,exact,2022-04-30T12:00:00,,"page_number_string: 
notes: 
source_full_citation: Die Mitte Frauen Schweiz (2022). Medienmitteilung der Mitgliederversammlung vom 30.04.2022. Abgerufen am 21. Januar 2026 von https://frauen.die-mitte.ch/medienmitteilung-mv-die-mitte-frauen-schweiz-30-04-2022/
source_comment: ",,,,,,,
152,88,,"page_number_string: 
notes: 
source_full_citation: PdA Kanton Basel-Stadt. (2026). Impressum. Abgerufen am 23. Januar 2026 von https://www.pda-basel.ch/impressum/
source_comment: ",de-CH,,Partei der Arbeit Basel,PdA BS (1944),,,,,,,,,,,,,,,,,,exact,1944-04-17T12:00:00,,,unknown,1991-01-01T12:00:00,,,,,,,,,
153,88,,"page_number_string: 
notes: 
source_full_citation: PdA Kanton Basel-Stadt. (2026). Impressum. Abgerufen am 23. Januar 2026 von https://www.pda-basel.ch/impressum/
source_comment: 

page_number_string: 
notes: 
source_full_citation: Schaub, H.-P. (2023). PdA in Basel-Stadt. Année Politique Suisse. Abgerufen am 23. Januar 2026 von https://anneepolitique.swiss/prozesse/67072-pda-in-basel-stadt
source_comment: ",de-CH,PdA – gegründet 1944,Partei der Arbeit Basel,PdA BS (1944),,,,,,,,,,,,,,,,,,unknown,1991-01-01T12:00:00,,,year,2014-07-01T12:00:00,,,,,,,,,
154,88,,"page_number_string: 
notes: 
source_full_citation: PdA Kanton Basel-Stadt. (2026). Impressum. Abgerufen am 23. Januar 2026 von https://www.pda-basel.ch/impressum/
source_comment: ",de-CH,PdA Basel,Partei der Arbeit Basel,PdA BS (1944),,,,,,,,,,,,,,,,,,year,2014-07-01T12:00:00,,,,,,,,,,,,,
155,89,,"page_number_string: 
notes: 
source_full_citation: Neue PdA Basel. (2008). Porträt. Abgerufen am 23. Januar 2026 von https://web.archive.org/web/20080410204854/http:/www.neuepda.ch/de/home/index.php?option=com_content&task=view&id=159&Itemid=187
source_comment: ",de-CH,,Neue PdA Basel,PdA BS (1991),,,,,,,,,,,,,,,,,,year,1991-07-01T12:00:00,,,year,2014-07-01T12:00:00,,,,,,,,,
156,90,,"page_number_string: 
notes: 
source_full_citation: Schaub, H.-P. (2023). PdA in Basel-Stadt. Année Politique Suisse. Abgerufen am 23. Januar 2026 von https://anneepolitique.swiss/prozesse/67072-pda-in-basel-stadt
source_comment: ",de-CH,PdAS Sektion Basel,Partei der Arbeit der Schweiz Sektion Basel,PdA BS (2019),,,,,,,,,,,,,,,,,,year,2019-07-01T12:00:00,,,,,,,,,,,,,
157,94,,"page_number_string: 322
notes: 
source_full_citation: Lüthi, W. (1984). Parteien. In L. Burckhardt, R. Frey, G. Kreis & G. Schmid (Hrsg.), Das politische System Basel-Stadt. Geschichte, Strukturen, Institutionen , Politikbereiche (S. 319-332). Verlag Helbing & Lichtenhahn.
source_comment: ",de-CH,NA BS,Nationale Aktion gegen die Überfremdung von Volk und Heimat,NA BS,,,,,,,,,,,,,,,,,,year,1961-07-01T12:00:00,,,year,1990-07-01T12:00:00,,,,,,,,,
158,94,,"page_number_string: 
notes: 
source_full_citation: Rinderknecht, M. (1990). Namensänderung NA zu SD. Année Politique Suisse. Abgerufen am 23. Januar 2026 von https://anneepolitique.swiss/prozesse/53337-namensanderung-na-zu-sd
source_comment: ",de-CH,UVP,Unabhängige Volkspartei,UVP BS,,,,,,,,,,,,,,,,,,year,1990-07-01T12:00:00,,,unknown,1995-01-01T12:00:00,,,,,,,,,
159,94,,"page_number_string: 
notes: 
source_full_citation: SD Schweiz. (2026). Schweizer Demokraten SD des Kantons Basel-Stadt. Abgerufen am 23. Januar 2026 von https://www.schweizer-demokraten.ch/de/kantone/basel-stadt.html
source_comment: ",de-CH,SD des Kantons Basel-Stadt,Schweizer Demokraten des Kantons Basel-Stadt,SD BS,,,,,,,,,,,,,,,,,,unknown,1995-01-01T12:00:00,,,,,,,,,,,,,
160,92,,"page_number_string: 
notes: 
source_full_citation: Basler Stadtbuch. (2026). Chronik. Abgerufen am 23. Januar 2026 von https://www.baslerstadtbuch.ch/chronik/1957/03/01/die-liberale-partei-und-die-buerger-und-gewerbepartei-schliessen-sich-zur-neuen.html
source_comment: ",de-CH,,Liberal-Demokratische Bürgerpartei,LDP BS,,,,,,,,,,,,,,,,,,exact,1957-03-01T12:00:00,,,year,1978-07-01T12:00:00,,,,,,,,,
161,92,,"page_number_string: 
notes: 
source_full_citation: Wikipedia. (2026). Liberal-Demokratische Partei (Basel-Stadt). Abgerufen am 23. Januar 2026 von https://de.wikipedia.org/wiki/Liberal-Demokratische_Partei_(Basel-Stadt)
source_comment: ",de-CH,LDP,Liberal-Demokratische Partei Basel-Stadt,LDP BS,,,,,,,,,,,,,,,,,,year,1978-07-01T12:00:00,,,,,,,,,,,,,
162,91,,"page_number_string: 
notes: 
source_full_citation: Basler Stadtbuch. (2026). Chronik. Abgerufen am 23. Januar 2026 von https://www.baslerstadtbuch.ch/chronik/1905/02/13/der-vorstand-der-neu-organisierten-liberalen-partei-des-kantons-basel-stadt-konstituiert-sich.html
source_comment: ",de-CH,,Liberale Partei des Kantons Basel-Stadt,LP BS,,,,,,,,,,,,,,,,,,year,1905-07-01T12:00:00,,,exact,1957-03-01T12:00:00,,,,,,,,,
163,95,,"page_number_string: 125
notes: 
source_full_citation: Blum, R. (1986). Wandel und Konstanten bei den Progressiven Organisationen (POCH), 1971-1986. In W. Linder (Hrsg.), SVPW-Jahrbuch / Annuaire ASSP (Band 26, S. 119-150). Verlag Paul Haupt Bern. https://doi.org/10.5169/seals-172510
source_comment: ",de-CH,POB,Progressive Organisationen Basel,POB BS,,,,,,,,,,,,,,,,,,exact,1970-01-15T12:00:00,,,year,1993-07-01T12:00:00,,,,,,,,,
164,96,,"page_number_string: 
notes: 
source_full_citation: Swisscollections. (2026). Kommunistische Partei Basel-Stadt. Abgerufen am 26. Januar 2026 von https://swisscollections.ch/Record/991110581079705501
source_comment: ",de-CH,,Kommunistische Partei Basel-Stadt,KP BS,,,,,,,,,,,,,,,,,,year,1921-07-01T12:00:00,,,multimonth,1940-11-26T12:00:00,,,,,,,,,
165,97,,"page_number_string: 21
notes: 
source_full_citation: Bütikofer, S. & Seitz, W. (Hrsg.). (2023). Die Grünen in der Schweiz. Entwicklung - Wirken - Perspektiven. Seismo.
source_comment: ",de-CH,GAB,Grüne Alternative Basel-Stadt,GAB BS,,,,,,,,,,,,,,,,,,exact,1987-02-21T12:00:00,,"page_number_string: 
notes: 
source_full_citation: Grüne Kanton Basel-Stadt. (2007). Zeitlicher Abriss in tabellarischer Form. Abgerufen am 09. Januar 2026 von https://web.archive.org/web/20071015130217/http:/bs.gruene.ch/index/geschichte_gruene_bs.htm
source_comment: ",exact,1989-06-20T12:00:00,,,,,,,,,
166,98,,"page_number_string: 97
notes: 
source_full_citation: Schmid, G. (1986). Demokratisch-soziale Partei (DSP) Basel-Stadt: Ablauf und Bedeutung einer Parteispaltung. In W. Linder (Hrsg.), SVPW-Jahrbuch / Annuaire ASSP (Band 26, S. 89-105). Verlag Paul Haupt Bern. https://doi.org/10.5169/seals-172508
source_comment: 

page_number_string: 
notes: 
source_full_citation: DSP Kanton Basel-Stadt. (2005). Parteistatuten. Abgerufen am 26. Januar 2026 von https://web.archive.org/web/20071023082348/http:/www.dsp-bs.ch/dsp/statuten.php
source_comment: ",de-CH,DSP Basel-Stadt,Demokratisch-soziale Partei Basel-Stadt,DSP BS,,,,,,,,,,,,,,,,,,exact,1982-06-29T12:00:00,,,exact,2009-03-16T12:00:00,,,,,,,,,
167,99,,"page_number_string: 
notes: 
source_full_citation: Grosser Rat des Kantons Basel-Stadt. (2026). Entwicklung der Parteienlandschaft. Abgerufen am 16. Januar 2026 von https://grosserrat.bs.ch/parlamentswissen/ratsgeschichte/entwicklung-der-parteien
source_comment: 

page_number_string: 
notes: 
source_full_citation: Bundeskanzlei. (1995). Nationalratswahlen 1995 Basel-Stadt. Abgerufen am 27. April 2026 von https://www.bk.admin.ch/ch/d/nrw/nrw95/list/BS_k1.html
source_comment: ",de-CH,FraB,Frauenliste Basel,FraB BS,,,,,,,,,,,,,,,,,,year,1991-07-01T12:00:00,,,exact,2002-10-14T12:00:00,,,,,,,,,
168,100,,"page_number_string: 151
notes: 
source_full_citation: Vatter, A. (2002). Kantonale Demokratien im Vergleich: Entstehungsgründe, Interaktionen und Wirkungen politischer Institutionen in den Schweizer Kantonen. Leske + Budrich.
source_comment: ",de-CH,,Nationale Front,NF BS,,,,,,,,,,,,,,,,,,year,1932-07-01T12:00:00,,,year,1940-07-01T12:00:00,,,,,,,,,
169,103,,"page_number_string: 
notes: 
source_full_citation: Rudin-Bühlmann, S. (2017). Basel-Landschaft: Der Staat, Verfassungs- und politische Geschichte. In Historisches Lexikon der Schweiz (HLS). Abgerufen am 26. Januar 2026 von https://hls-dhs-dss.ch/de/articles/007477/2017-05-29/#HVerfassungs-undpolitischeGeschichte
source_comment: 

page_number_string: 10
notes: 
source_full_citation: SVP Kanton Basel-Landschaft. (2000). 75 Jahre SVP Baselland. Abgerufen am 26. Januar 2026 von https://www.svp-bl.ch/wp-content/uploads/sites/41/Festschrift_100-Jahre-SVP-Baselland.pdf
source_comment: Die Festschrift zu 75 Jahren aus 2000 ist integriert in der Ausgabe zum 100-Jahr-Jubiläum.",de-CH,,Oberbaselbieter Bauernpartei,BP BL,,,,,,,,,,,,,,,,,,exact,1925-08-09T12:00:00,,,year,1939-07-01T12:00:00,,,,,,,,,
170,103,,"page_number_string: 13
notes: 
source_full_citation: SVP Kanton Basel-Landschaft. (2000). 75 Jahre SVP Baselland. Abgerufen am 26. Januar 2026 von https://www.svp-bl.ch/wp-content/uploads/sites/41/Festschrift_100-Jahre-SVP-Baselland.pdf
source_comment: Die Festschrift zu 75 Jahren aus 2000 ist integriert in der Ausgabe zum 100-Jahr-Jubiläum.

page_number_string: 
notes: 
source_full_citation: Ecklin, M. (31. Juli 2025). 100 Jahre SVP: Was geschah genau 1925? In BZ Basel.
source_comment: ",de-CH,,Baselbieter Bauernpartei,BP BL,,,,,,,,,,,,,,,,,,year,1939-07-01T12:00:00,,,month,1948-05-15T12:00:00,,,,,,,,,
171,103,"note_translations: languages_code: de-CH
note: Kanton Basel-Landschaft (2024) setzt den Namenswechsel hingegen auf ""Anfang der 1950er Jahre"" an (https://geschichte.bl.ch/politik/parteienlandschaft/parteienlandschaft-nebentext.html%3Ftx_hfgbl_circuit%5Barticle%5D=542&tx_hfgbl_circuit%5BmainArticle%5D=544&tx_hfgbl_circuit%5BbackPid%5D=347&tx_hfgbl_circuit%5Baction%5D=default&tx_hfgbl_circuit%5Bcontroller%5D=Ci.html)","page_number_string: 17
notes: 
source_full_citation: SVP Kanton Basel-Landschaft. (2000). 75 Jahre SVP Baselland. Abgerufen am 26. Januar 2026 von https://www.svp-bl.ch/wp-content/uploads/sites/41/Festschrift_100-Jahre-SVP-Baselland.pdf
source_comment: Die Festschrift zu 75 Jahren aus 2000 ist integriert in der Ausgabe zum 100-Jahr-Jubiläum.

page_number_string: 
notes: 
source_full_citation: Kanton Basel-Landschaft. (2024). Bildung von Volks-Parteien. In Geschichte des Kantons Basel-Landschaft. Abgerufen am 7. August 2026 von https://geschichte.bl.ch/politik/parteienlandschaft/parteienlandschaft-nebentext.html%3Ftx_hfgbl_circuit%5Barticle%5D=542&tx_hfgbl_circuit%5BmainArticle%5D=544&tx_hfgbl_circuit%5BbackPid%5D=347&tx_hfgbl_circuit%5Baction%5D=default&tx_hfgbl_circuit%5Bcontroller%5D=Ci.html
source_comment: ",de-CH,,"Baselbieter Bauern-, Gewerbe- und Bürgerpartei",BGB BL,,,,,,,,,,,,,,,,,,month,1948-05-15T12:00:00,,,year,1970-07-01T12:00:00,,,,,,,,,
172,103,,"page_number_string: 21
notes: 
source_full_citation: SVP Kanton Basel-Landschaft. (2000). 75 Jahre SVP Baselland. Abgerufen am 26. Januar 2026 von https://www.svp-bl.ch/wp-content/uploads/sites/41/Festschrift_100-Jahre-SVP-Baselland.pdf
source_comment: Die Festschrift zu 75 Jahren aus 2000 ist integriert in der Ausgabe zum 100-Jahr-Jubiläum.",de-CH,,"Baselbieter Bürger-, Gewerbe und Bauernpartei",BGB BL,,,,,,,,,,,,,,,,,,year,1970-07-01T12:00:00,,,year,1976-07-01T12:00:00,,,,,,,,,
173,103,,"page_number_string: 21
notes: 
source_full_citation: SVP Kanton Basel-Landschaft. (2000). 75 Jahre SVP Baselland. Abgerufen am 26. Januar 2026 von https://www.svp-bl.ch/wp-content/uploads/sites/41/Festschrift_100-Jahre-SVP-Baselland.pdf
source_comment: Die Festschrift zu 75 Jahren aus 2000 ist integriert in der Ausgabe zum 100-Jahr-Jubiläum.

page_number_string: 
notes: 
source_full_citation: SVP Kanton Basel-Landschaft. (2015). Statuten der SVP Baselland. Abgerufen am 26. Januar 2026 von https://www.svp-bl.ch/wp-content/uploads/sites/41/Statuten_SVP-BL_20160416.pdf
source_comment: 

page_number_string: 
notes: 
source_full_citation: Kanton Basel-Landschaft. (2024). Bildung von Volks-Parteien. In Geschichte des Kantons Basel-Landschaft. Abgerufen am 7. August 2026 von https://geschichte.bl.ch/politik/parteienlandschaft/parteienlandschaft-nebentext.html%3Ftx_hfgbl_circuit%5Barticle%5D=542&tx_hfgbl_circuit%5BmainArticle%5D=544&tx_hfgbl_circuit%5BbackPid%5D=347&tx_hfgbl_circuit%5Baction%5D=default&tx_hfgbl_circuit%5Bcontroller%5D=Ci.html
source_comment: ",de-CH,SVP Baselland,Schweizerische Volkspartei Baselland,SVP BL,,,,,,,,,,,,,,,,,,year,1976-07-01T12:00:00,,,,,,,,,,,,,
174,104,,"page_number_string: 
notes: 
source_full_citation: SP Kanton Basel-Landschaft. (2024). Statuten. Abgerufen am 26. Januar 2026 von https://sp-bl.ch/wp-content/uploads/2024/04/Statuten-ab2024.pdf
source_comment: ",de-CH,SP BL,Sozialdemokratische Partei Baselland,SP BL,,,,,,,,,,,,,,,,,,year,1913-07-01T12:00:00,,,,,,,,,,,,,
175,105,,"page_number_string: 
notes: 
source_full_citation: Rudin-Bühlmann, S. (2017). Basel-Landschaft: Der Staat, Verfassungs- und politische Geschichte. In Historisches Lexikon der Schweiz (HLS). Abgerufen am 29. Januar 2026 von https://hls-dhs-dss.ch/de/articles/007477/2017-05-29/#HVerfassungs-undpolitischeGeschichte
source_comment: ",de-CH,,Demokratische Fortschrittspartei,DF BL,,,,,,,,,,,,,,,,,,exact,1919-08-03T12:00:00,,,year,1927-07-01T12:00:00,,,,,,,,,
176,105,,"page_number_string: 
notes: 
source_full_citation: Rudin-Bühlmann, S. (2017). Basel-Landschaft: Der Staat, Verfassungs- und politische Geschichte. In Historisches Lexikon der Schweiz (HLS). Abgerufen am 29. Januar 2026 von https://hls-dhs-dss.ch/de/articles/007477/2017-05-29/#HVerfassungs-undpolitischeGeschichte
source_comment: ",de-CH,FDP,Freisinnig-Demokratische Partei,FDP BL,,,,,,,,,,,,,,,,,,year,1927-07-01T12:00:00,,,year,2009-07-01T12:00:00,,,,,,,,,
177,105,,"page_number_string: 
notes: 
source_full_citation: FDP.Die Liberalen Kanton Basel-Landschaft. (2013). Statuten der FDP.Die Liberalen Baselland. Abgerufen am 29. Januar 2026 von https://www.fdp-bl.ch/fileadmin/groups/210/pdf/Statuten/FDP_Statuten_genehmigt_220629.pdf
source_comment: ",de-CH,,FDP.Die Liberalen Baselland,FDPLIB BL,,,,,,,,,,,,,,,,,,year,2009-07-01T12:00:00,,,,,,,,,,,,,
178,106,,"page_number_string: 
notes: 
source_full_citation: Simonsen, L. (28. Oktober 2021). Das letzte bisschen BDP wird im Baselbiet beerdigt. Basler Zeitung. Abgerufen am 02. Februar 2026 von https://essentials.swissdox.ch/
source_comment: 

page_number_string: 
notes: 
source_full_citation: Mitte Kanton Basel-Landschaft. (2026). Portrait. Abgerufen am 02. Februar 2026 von https://bl.die-mitte.ch/die-mitte/portrait/
source_comment: ",de-CH,Die Mitte BL,Die Mitte Basel-Landschaft,Mitte BL,,,,,,,,,,,,,,,,,,exact,2022-01-01T12:00:00,,,,,,,,,,,,,
179,107,,"page_number_string: 
notes: 
source_full_citation: Gruner, E. & Klöti, U. (1967). Parteien. In Année Politique Suisse. Abgerufen am 02. Februar 2026 von https://anneepolitique.swiss/APS/de/APS_1967/APS1967_III_a.html#ref2
source_comment: 

page_number_string: 
notes: 
source_full_citation: Kanton Basel-Landschaft. (2024). Bildung von Volks-Parteien. In Geschichte des Kantons Basel-Landschaft. Abgerufen am 7. August 2026 von https://geschichte.bl.ch/politik/parteienlandschaft/parteienlandschaft-nebentext.html%3Ftx_hfgbl_circuit%5Barticle%5D=542&tx_hfgbl_circuit%5BmainArticle%5D=544&tx_hfgbl_circuit%5BbackPid%5D=347&tx_hfgbl_circuit%5Baction%5D=default&tx_hfgbl_circuit%5Bcontroller%5D=Ci.html
source_comment: ",de-CH,,Katholische Volkspartei Baselland,KVP BL,,,,,,,,,,,,,,,,,,exact,1913-11-09T12:00:00,,,year,1926-07-01T12:00:00,,,,,,,,,
180,107,"note_translations: languages_code: de-CH
note: Hier wird den Angaben bei Kanton Basel-Landschaft (2024) und Casetti (1979) gefolgt. Gruner/Klöti (1967) datieren die Umbenennung hingegen erst auf 1967 und nennen als neuen Namen ""Christlichsoziale Partei"" (https://politchronik.swiss/APS/de/APS_1967/APS1967_III_a.html#ref2)","page_number_string: 
notes: 
source_full_citation: Gruner, E. & Klöti, U. (1967). Parteien. In Année Politique Suisse. Abgerufen am 02. Februar 2026 von https://anneepolitique.swiss/APS/de/APS_1967/APS1967_III_a.html#ref2
source_comment: 

page_number_string: 112
notes: 
source_full_citation: Casetti, G. (1979). Partei und Christlichsoziale: Die heilsame Unruh. In U. Altermatt & H. P. Fagagnini (Hrsg.), Die CVP zwischen Programm und Wirklichkeit (S. 106-123). Benziger.
source_comment: 

page_number_string: 
notes: 
source_full_citation: Kanton Basel-Landschaft. (2024). Chronologischer Überblick zur Parteienlandschaft. In Geschichte des Kantons Basel-Landschaft. Abgerufen am 7. August 2026 von https://web.archive.org/web/20260807151301/https://geschichte.bl.ch/politik/parteienlandschaft/parteienlandschaft-nebentext.html%3Ftx_hfgbl_circuit%5Barticle%5D=564&tx_hfgbl_circuit%5BmainArticle%5D=533&tx_hfgbl_circuit%5BbackPid%5D=344&tx_hfgbl_circuit%5Baction%5D=default&tx_hfgbl_circuit%5Bcontroller%5D=Ci.html
source_comment: 

page_number_string: 
notes: 
source_full_citation: Kanton Basel-Landschaft. (2024). Bildung von Volks-Parteien. In Geschichte des Kantons Basel-Landschaft. Abgerufen am 7. August 2026 von https://geschichte.bl.ch/politik/parteienlandschaft/parteienlandschaft-nebentext.html%3Ftx_hfgbl_circuit%5Barticle%5D=542&tx_hfgbl_circuit%5BmainArticle%5D=544&tx_hfgbl_circuit%5BbackPid%5D=347&tx_hfgbl_circuit%5Baction%5D=default&tx_hfgbl_circuit%5Bcontroller%5D=Ci.html
source_comment: ",de-CH,,Christlich-soziale Volkspartei,CSVP BL,,,,,,,,,,,,,,,,,,year,1961-07-01T12:00:00,,,year,1970-07-01T12:00:00,,,,,,,,,
181,107,,"page_number_string: 
notes: 
source_full_citation: Rudin-Bühlmann, S. (2017). Basel-Landschaft: Der Staat, Verfassungs- und politische Geschichte. In Historisches Lexikon der Schweiz (HLS). Abgerufen am 29. Januar 2026 von https://hls-dhs-dss.ch/de/articles/007477/2017-05-29/#HVerfassungs-undpolitischeGeschichte
source_comment: 

page_number_string: 
notes: 
source_full_citation: CVP Kanton Basel-Landschaft. (2013). Statuten der CVP Basel-Landschaft. Abgerufen am 02. Februar 2026 von https://web.archive.org/web/20210514070042/https:/www.cvp-bl.ch/wp-content/uploads/2016/03/CVP_BL_Statuten-2013.pdf
source_comment: 

page_number_string: 
notes: 
source_full_citation: Kanton Basel-Landschaft. (2024). Bildung von Volks-Parteien. In Geschichte des Kantons Basel-Landschaft. Abgerufen am 7. August 2026 von https://geschichte.bl.ch/politik/parteienlandschaft/parteienlandschaft-nebentext.html%3Ftx_hfgbl_circuit%5Barticle%5D=542&tx_hfgbl_circuit%5BmainArticle%5D=544&tx_hfgbl_circuit%5BbackPid%5D=347&tx_hfgbl_circuit%5Baction%5D=default&tx_hfgbl_circuit%5Bcontroller%5D=Ci.html
source_comment: ",de-CH,CVP BL,Christlichdemokratische Volkspartei des Kantons Basel-Landschaft,CVP BL,CVP Baselland,,,,,,,,,,,,,,,,,year,1970-07-01T12:00:00,,,exact,2022-01-01T12:00:00,,,,,,,,,
182,108,,"page_number_string: 
notes: 
source_full_citation: Schaub, B. (2013). Kurze Geschichte der Grünen Baselland. Abgerufen am 02. Februar 2026 von https://gruene-bl.ch/wp-content/uploads/sites/2/2023/11/2013.03.26-Gruene-schreiben-Geschichte.pdf
source_comment: ",de-CH,FGL,Freie Grüne Liste,FGL BL (1994),,,,,,,,,,,,,,,,,,year,1994-07-01T12:00:00,,,year,2000-07-01T12:00:00,,,,,,,,,
183,108,,"page_number_string: 
notes: 
source_full_citation: Schaub, B. (2013). Kurze Geschichte der Grünen Baselland. Abgerufen am 02. Februar 2026 von https://gruene-bl.ch/wp-content/uploads/sites/2/2023/11/2013.03.26-Gruene-schreiben-Geschichte.pdf
source_comment: 

page_number_string: 
notes: 
source_full_citation: Grüne Kanton Basel-Landschaft. (2017). Statuten Grüne Baselland. Abgerufen am 02. Februar 2026 von https://web.archive.org/web/20191014141435/https:/gruene-bl.ch/wp-content/uploads/sites/2/2017/10/2017.03.29-Statuten.pdf
source_comment: ",de-CH,,Grüne Baselland,Grüne BL (1994),,,,,,,,,,,,,,,,,,year,2000-07-01T12:00:00,,,unknown,2020-01-01T12:00:00,,,,,,,,,
184,108,,"page_number_string: 
notes: 
source_full_citation: Grüne Kanton Basel-Landschaft. (2022). Statuten GRÜNE Baselland. Abgerufen am 02. Februar 2026 von https://gruene-bl.ch/wp-content/uploads/sites/2/2023/02/Statuten-GRUeNE-Baselland-Stand-Februar-2023.pdf
source_comment: ",de-CH,,GRÜNE Baselland,Grüne BL (1994),,,,,,,,,,,,,,,,,,unknown,2020-01-01T12:00:00,,,,,,,,,,,,,
185,109,,"page_number_string: 
notes: 
source_full_citation: Schaub, B. (2013). Kurze Geschichte der Grünen Baselland. Abgerufen am 02. Februar 2026 von https://gruene-bl.ch/wp-content/uploads/sites/2/2023/11/2013.03.26-Gruene-schreiben-Geschichte.pdf
source_comment: ",de-CH,,Grüne Baselbiet,Grüne BL (1991),,,,,,,,,,,,,,,,,,year,1991-07-01T12:00:00,,,exact,2000-05-19T12:00:00,,,,,,,,,
186,110,,"page_number_string: 
notes: 
source_full_citation: Grüne Kanton Basel-Stadt. (2007). Zeitlicher Abriss in tabellarischer Form. Abgerufen am 09. Januar 2026 von https://web.archive.org/web/20071015130217/http:/bs.gruene.ch/index/geschichte_gruene_bs.htm
source_comment: ",de-CH,,Grüne Partei Baselland,Grüne BL (1988),,,,,,,,,,,,,,,,,,exact,1988-06-27T12:00:00,,,year,1991-07-01T12:00:00,,,,,,,,,
187,111,,"page_number_string: 
notes: 
source_full_citation: spk. (31. Oktober 1988). Grüne Baselland formell gegründet. Neue Zürcher Nachrichten. Abgerufen am 02. Februar 2026 von https://www.e-newspaperarchives.ch/?a=d&d=NZN19881031-01.2.28
source_comment: ",de-CH,,Grüne Baselland,Grüne BL (GB),,,,,,,,,,,,,,,,,,exact,1988-10-30T12:00:00,,,exact,1991-07-01T12:00:00,,,,,,,,,
188,112,,"page_number_string: 
notes: 
source_full_citation: Rinderknecht, M. (1991). Ausschluss und Aufnahme von Sektionen und Gruppen bei der GPS 1991. In Année Politique Suisse. Abgerufen am 02. Februar 2026 von https://anneepolitique.swiss/prozesse/60465-ausschluss-und-aufnahme-von-sektionen-und-gruppen-bei-der-gps-1991
source_comment: ",de-CH,,Grüne Liste Baselbiet,GL BL,,,,,,,,,,,,,,,,,,year,1983-07-01T12:00:00,,,year,1991-07-01T12:00:00,,,,,,,,,
189,113,,"page_number_string: 
notes: 
source_full_citation: GLP Kanton Basel-Landschaft. (2024). Statuten der Grünliberalen Partei Basel-Landschaft. Abgerufen am 02. Februar 2026 von https://bl.grunliberale.ch/wp-content/uploads/sites/12/2025/04/Statuten-neu-2024.pdf
source_comment: ",de-CH,Grünliberale BL,Grünliberale Partei Basel-Landschaft ,GLP BL,Grünliberale Baselland,,,,,,,,,,,,,,,,,exact,2007-09-18T12:00:00,,,,,,,,,,,,,
190,114,,"page_number_string: 
notes: 
source_full_citation: EVP Kanton Basel-Landschaft. (2020). Statuten. Abgerufen am 06. Februar 2026 von https://www.evp-bl.ch/partei/statuten
source_comment: ",de-CH,EVP BL,Evangelische Volkspartei des Kantons Basel-Landschaft,EVP BL,,,,,,,,,,,,,,,,,,exact,1922-01-14T12:00:00,,,,,,,,,,,,,
191,115,"note_translations: languages_code: de-CH
note: Keine Quellen für offiziellen Parteinamen gefunden

languages_code: en-US
note: No sources found for official party name

languages_code: fr-CH
note: Aucune source trouvée pour le nom officiel du parti","page_number_string: 
notes: 
source_full_citation: EDU Kanton Basel-Landschaft. (2019). Homepage. Abgerufen am 05. Februar 2026 von https://web.archive.org/web/20191012180636/https:/www.edu-baselland.ch/de/home.html
source_comment: ",de-CH,EDU Kanton Basel-Land,Eidgenössisch-Demokratische Union Kanton Basel-Landschaft,EDU BL,,,,,,,,,,,,,,,,,,year,1989-07-01T12:00:00,,,,,,,,,,,,,
192,116,,,de-CH,BDP BL,Bürgerlich-Demokratische Partei Kanton Basel-Landschaft,BDP BL,,,,,,,,,,,,,,,,,,exact,2010-03-25T12:00:00,,,exact,2022-01-01T12:00:00,,,,,,,,,
193,117,,"page_number_string: 
notes: 
source_full_citation: Rudin-Bühlmann, S. (2017). Basel-Landschaft: Der Staat, Verfassungs- und politische Geschichte. In Historisches Lexikon der Schweiz (HLS). Abgerufen am 29. Januar 2026 von https://hls-dhs-dss.ch/de/articles/007477/2017-05-29/#HVerfassungs-undpolitischeGeschichte
source_comment: ",de-CH,,Partei der Arbeit,PdA BL,,,,,,,,,,,,,,,,,,year,1944-07-01T12:00:00,,,year,1989-07-01T12:00:00,,,,,,,,,
194,118,,"page_number_string: 
notes: 
source_full_citation: sda. (23. August 1975). Baselbieter Liberale wollen zur Liberal-Demokratischen Union. Neue Zürcher Zeitung. Abgerufen am 05. Februar 2026 von https://www.e-newspaperarchives.ch/?a=d&d=NZZ19750823-01.2.38.20
source_comment: ",de-CH,,Liberale Partei Baselland,LP BL,,,,,,,,,,,,,,,,,,year,1974-07-01T12:00:00,,,year,1997-07-01T12:00:00,,,,,,,,,
195,119,,"page_number_string: 
notes: 
source_full_citation: ddp. (23. April 1975). BL: Landratswahlen mit geringen Aenderungen. Neue Zürcher Zeitung. Abgerufen am 05. Februar 2026 von https://www.e-newspaperarchives.ch/?a=d&d=NZN19750423-01.2.9.16
source_comment: 

page_number_string: 
notes: 
source_full_citation: Schweizerisches Sozialarchiv. (2026). POCH Bern. Abgerufen am 05. Februar 2026 von https://www.findmittel.ch/archive/archNeu/Ar66.html
source_comment: ",de-CH,POBL,Progressive Organisationen Baselland,POBL,,,,,,,,,,,,,,,,,,year,1975-07-01T12:00:00,,,year,1988-07-01T12:00:00,,,,,,,,,
196,120,"note_translations: languages_code: de-CH
note: Keine Quellen für offiziellen Parteinamen gefunden

languages_code: en-US
note: No sources found for official party name

languages_code: fr-CH
note: Aucune source trouvée pour le nom officiel du parti",,de-CH,,Kommunistische Partei Kanton Basel-Landschaft,KP BL,,,,,,,,,,,,,,,,,,year,1921-07-01T12:00:00,,,multimonth,1940-11-26T12:00:00,,,,,,,,,
197,121,,"page_number_string: 
notes: 
source_full_citation: Grüne Kanton Basel-Stadt. (2007). Zeitlicher Abriss in tabellarischer Form. Abgerufen am 09. Januar 2026 von https://web.archive.org/web/20071015130217/http:/bs.gruene.ch/index/geschichte_gruene_bs.htm
source_comment: ",de-CH,,Grüne Partei Nordwestschweiz,GP Nordwestschweiz,,,,,,,,,,,,,,,,,,exact,1979-12-06T12:00:00,,,exact,1986-06-17T12:00:00,,,,,,,,,
198,122,,"page_number_string: 
notes: 
source_full_citation: Grüne Kanton Basel-Stadt. (2007). Zeitlicher Abriss in tabellarischer Form. Abgerufen am 09. Januar 2026 von https://web.archive.org/web/20071015130217/http:/bs.gruene.ch/index/geschichte_gruene_bs.htm
source_comment: ",de-CH,,Grüne Partei BS/BL,GP BS/BL,,,,,,,,,,,,,,,,,,exact,1986-06-17T12:00:00,,,exact,1988-06-27T12:00:00,,,,,,,,,
199,5,,"page_number_string: 
notes: 
source_full_citation: Grüne Schweiz (2023). Geschichte der Grünen in der Schweiz. Abgerufen am 09. September 2025 von https://gruene.ch/wp-content/uploads/2023/07/230509_Geschichte-der-Gruenen_d.pdf
source_comment: ",de-CH,GRÜNE,Grüne – Grüne Partei der Schweiz,Grüne,,,,fr-CH,Les Verts,Les Verts - Parti écologiste suisse,Verts,,,,,,,,,,,multimonth,2018-07-01T12:00:00,,,exact,2021-03-27T12:00:00,,,,,,,,,
201,124,,"page_number_string: 
notes: 
source_full_citation: PS canton du Jura. (2024). Statuts du Parti Socialiste jurassien. Consulté le 10 février 2026, sur https://www.psju.ch/status/
source_comment: ",fr-CH,PSJ,Le Parti socialiste jurassien,PS JU,PSJU,,,,,,,,,,,,,,,,,exact,1975-05-03T12:00:00,,,,,,,,,,,,,
202,123,,"page_number_string: 
notes: 
source_full_citation: UDC du canton du Jura. (2023). Statuts. Consulté le 09 février 2026, sur https://www.udc-ju.ch/wp-content/uploads/sites/40/UDC-Jura-Statuts-2023_A5.pdf
source_comment: ",fr-CH,UDC Jura, Union Démocratique du Centre du canton du Jura,UDC JU,,,,,,,,,,,,,,,,,,year,1979-07-01T12:00:00,,,,,,,,,,,,,
203,125,,"page_number_string: 
notes: 
source_full_citation: Maillard, F. (2026). Parti libéral-radical jurassien (PLRJ). In Dictionnaire du Jura (DIJU). Consulté le 12 février 2026, sur https://diju.ch/f/notices/detail/1003504-parti-liberal-radical-jurassien-plrj
source_comment: ",fr-CH,,Parti libéral jurassien,PL JU,,,,,,,,,,,,,,,,,,year,1912-07-01T12:00:00,,,year,1955-07-01T12:00:00,,,,,,,,,
204,125,,"page_number_string: 
notes: 
source_full_citation: Maillard, F. (2026). Parti libéral-radical jurassien (PLRJ). In Dictionnaire du Jura (DIJU). Consulté le 12 février 2026, sur https://diju.ch/f/notices/detail/1003504-parti-liberal-radical-jurassien-plrj
source_comment: ",de-CH,PLRJ,Parti libéral-radical jurassien,PLR JU,,,,,,,,,,,,,,,,,,year,1955-07-01T12:00:00,,,unknown,2009-01-01T12:00:00,,,,,,,,,
205,126,,"page_number_string: 
notes: 
source_full_citation: Maillard, F. (2026). Parti libéral jurassien (PLJ). In Dictionnaire du Jura (DIJU). Consulté le 12 février 2026, sur https://diju.ch/f/notices/detail/1003430-parti-liberal-jurassien-plj
source_comment: ",fr-CH,PLRI,Parti libéral-radical indépendant,PLRI JU,,,,,,,,,,,,,,,,,,year,1966-07-01T12:00:00,,,multiyear,1974-01-01T12:00:00,,,,,,,,,
206,126,,"page_number_string: 
notes: 
source_full_citation: Maillard, F. (2026). Parti libéral jurassien (PLJ). In Dictionnaire du Jura (DIJU). Consulté le 12 février 2026, sur https://diju.ch/f/notices/detail/1003430-parti-liberal-jurassien-plj
source_comment: ",fr-CH,PLJ,Parti libéral jurassien,PL JU,,,,,,,,,,,,,,,,,,multiyear,1974-01-01T12:00:00,,,,,,,,,,,,,
207,127,,"page_number_string: 
notes: 
source_full_citation: Maillard, F. (2026). Parti radical-réformiste jurassien (PRR). In Dictionnaire du Jura (DIJU). Consulté le 12 février 2026, sur https://diju.ch/f/notices/detail/1003472-parti-radical-reformiste-jurassien-prr
source_comment: ",fr-CH,PRR,Parti radical-réformiste jurassien,PRR JU,,,,,,,,,,,,,,,,,,exact,1974-03-01T12:00:00,,,year,1988-07-01T12:00:00,,,,,,,,,
208,125,,"page_number_string: 
notes: 
source_full_citation: PLR.Les Libéraux-Radicaux canton du Jura. (2026). Contact. Consulté le 12 février 2026, sur https://www.plrj.ch/accueil
source_comment: ",de-CH,,PLR.Les Libéraux-Radicaux Jura,PLRLIB JU,,,,,,,,,,,,,,,,,,unknown,2009-01-01T12:00:00,,,,,,,,,,,,,
209,128,,"page_number_string: 
notes: 
source_full_citation: Meyer, O. (2026). Parti démocrate-chrétien du Jura (PDC Jura). In Dictionnaire du Jura (DIJU). Consulté le 13 février 2026, sur https://diju.ch/f/notices/detail/1003325-parti-democrate-chretien-du-jura-pdc-jura
source_comment: ",fr-CH,,Union des Campagnes,UC JU,,,,,,,,,,,,,,,,,,exact,1877-09-17T12:00:00,,,year,1890-07-01T12:00:00,,,,,,,,,
210,128,,"page_number_string: 
notes: 
source_full_citation: Meyer, O. (2026). Parti démocrate-chrétien du Jura (PDC Jura). In Dictionnaire du Jura (DIJU). Consulté le 13 février 2026, sur https://diju.ch/f/notices/detail/1003325-parti-democrate-chretien-du-jura-pdc-jura
source_comment: ",fr-CH,,Parti Conservateur du Jura,PC JU,,,,,,,,,,,,,,,,,,year,1890-07-01T12:00:00,,,year,1903-07-01T12:00:00,,,,,,,,,
211,128,,"page_number_string: 
notes: 
source_full_citation: Meyer, O. (2026). Parti démocrate-chrétien du Jura (PDC Jura). In Dictionnaire du Jura (DIJU). Consulté le 13 février 2026, sur https://diju.ch/f/notices/detail/1003325-parti-democrate-chretien-du-jura-pdc-jura
source_comment: ",fr-CH,,Parti démocratique jurassien,PD JU,,,,,,,,,,,,,,,,,,year,1903-07-01T12:00:00,,,year,1919-07-01T12:00:00,,,,,,,,,
212,128,,"page_number_string: 
notes: 
source_full_citation: Meyer, O. (2026). Parti démocrate-chrétien du Jura (PDC Jura). In Dictionnaire du Jura (DIJU). Consulté le 13 février 2026, sur https://diju.ch/f/notices/detail/1003325-parti-democrate-chretien-du-jura-pdc-jura
source_comment: ",fr-CH,,Parti démocratique-catholique du canton de Berne,PDC JU,,,,,,,,,,,,,,,,,,year,1919-07-01T12:00:00,,,year,1961-07-01T12:00:00,,,,,,,,,
213,128,,"page_number_string: 
notes: 
source_full_citation: Meyer, O. (2026). Parti démocrate-chrétien du Jura (PDC Jura). In Dictionnaire du Jura (DIJU). Consulté le 13 février 2026, sur https://diju.ch/f/notices/detail/1003325-parti-democrate-chretien-du-jura-pdc-jura
source_comment: ",fr-CH,,Parti démocratique chrétien-social du Jura,PDCS JU,,,,,,,,,,,,,,,,,,year,1961-07-01T12:00:00,,,year,1970-07-01T12:00:00,,,,,,,,,
214,128,,"page_number_string: 
notes: 
source_full_citation: Meyer, O. (2026). Parti démocrate-chrétien du Jura (PDC Jura). In Dictionnaire du Jura (DIJU). Consulté le 13 février 2026, sur https://diju.ch/f/notices/detail/1003325-parti-democrate-chretien-du-jura-pdc-jura
source_comment: ",fr-CH,,Parti chrétien-social du Jura,PCS JU,,,,,,,,,,,,,,,,,,year,1970-07-01T12:00:00,,,year,1971-07-01T12:00:00,,,,,,,,,
215,128,,"page_number_string: 
notes: 
source_full_citation: Meyer, O. (2026). Parti démocrate-chrétien du Jura (PDC Jura). In Dictionnaire du Jura (DIJU). Consulté le 13 février 2026, sur https://diju.ch/f/notices/detail/1003325-parti-democrate-chretien-du-jura-pdc-jura
source_comment: ",fr-CH,PDC Jura,Parti démocrate-chrétien du Jura,PDC JU,,,,,,,,,,,,,,,,,,year,1971-07-01T12:00:00,,,exact,2022-12-08T12:00:00,,,,,,,,,
216,128,,"page_number_string: 
notes: 
source_full_citation: Fleury, D. (09 décembre 2022). Le PDC est devenu Le Centre Jura, décision de 95% des votants réunis en congrès hier. In Le Quotidien Jurassien.
source_comment: ",fr-CH,,Le Centre Jura,Centre JU,,,,,,,,,,,,,,,,,,exact,2022-12-08T12:00:00,,,,,,,,,,,,,
217,130,,"page_number_string: 
notes: 
source_full_citation: Gaume, I. (2026). Les Verts (JU). In Dictionnaire du Jura (DIJU). Consulté le 13 février 2026, sur https://diju.ch/f/notices/detail/1003529-les-verts-ju
source_comment: ",fr-CH,MEJ,Mouvement écologique jurassien,MEJ JU,,,,,,,,,,,,,,,,,,year,1991-07-01T12:00:00,,,year,2001-07-01T12:00:00,,,,,,,,,
218,130,,"page_number_string: 
notes: 
source_full_citation: Gaume, I. (2026). Les Verts (JU). In Dictionnaire du Jura (DIJU). Consulté le 13 février 2026, sur https://diju.ch/f/notices/detail/1003529-les-verts-ju
source_comment: ",fr-CH,,Les Verts jurassiens,Verts JU,,,,,,,,,,,,,,,,,,year,2001-07-01T12:00:00,,,year,2020-07-01T12:00:00,,,,,,,,,
219,130,,"page_number_string: 
notes: 
source_full_citation: Gaume, I. (2026). Les Verts (JU). In Dictionnaire du Jura (DIJU). Consulté le 13 février 2026, sur https://diju.ch/f/notices/detail/1003529-les-verts-ju
source_comment: ",fr-CH,,Les Vert.e.s jurassien.ne.s,Vert.e.s JU,,,,,,,,,,,,,,,,,,year,2020-07-01T12:00:00,,,year,2021-07-01T12:00:00,,,,,,,,,
220,130,,"page_number_string: 
notes: 
source_full_citation: Vert-e-s canton du Jura. (13 août 2026). Assemblée Générale Ordinaire du 13 août 2021. Consulté le 13 février 2026, sur https://verts-jura.ch/blog/communiques-de-presse/ago-13-08-2021
source_comment: 

page_number_string: 
notes: 
source_full_citation: Vert-e-s canton du Jura. (2021). Règlements & Statuts. Consulté le 13 février 2026, sur https://verts-jura.ch/presentation/reglements-et-statuts
source_comment: ",fr-CH,Les VERT-E-S Jura,VERT-E-S du canton du Jura,Vert-e-s JU,,,,,,,,,,,,,,,,,,exact,2021-08-13T12:00:00,,,,,,,,,,,,,
221,131,,"page_number_string: 
notes: 
source_full_citation: PVL canton du Jura. (2021). Statuts des vert’libéraux jurassiens. Consulté le 13 février 2026, sur https://pvljura.ch/wp-content/uploads/sites/3/2025/01/Statuts-vertliberaux_originaux.pdf
source_comment: ",fr-CH,,Parti vert’libéral jurassien,PVL JU,,,,,,,,,,,,,,,,,,year,2020-07-01T12:00:00,,,,,,,,,,,,,
222,132,,"page_number_string: 
notes: 
source_full_citation: PEV canton du Jura. (2011). Statuts PEV JU. Consulté le 13 février 2026, sur https://www.pev-ju.ch/parti/statuts-pev-ju
source_comment: ",fr-CH,PEV JU,Parti évangélique Jura,PEV JU,,,,,,,,,,,,,,,,,,exact,2011-09-22T12:00:00,,,,,,,,,,,,,
224,134,,"page_number_string: 
notes: 
source_full_citation: PCSI canton du Jura. (2012). Statuts du Parti chrétien-social indépendant (PCSI Jura). Consulté le 13 février 2026, sur https://www.pcsi.ch/status/
source_comment: ",fr-CH,PCSI Jura,Parti chrétien-social indépendant,PCSI JU,,,,,,,,,,,,,,,,,,exact,1958-01-26T12:00:00,,,,,,,,,,,,,
225,136,,"page_number_string: 
notes: 
source_full_citation: POP canton du Jura. (2026). Accueil. Consulté le 13 février 2026, sur https://popjura.ch/
source_comment: ",fr-CH,POP Jura,Parti Ouvrier Populaire Jurassien,POP JU,,,,,,,,,,,,,,,,,,year,1967-07-01T12:00:00,,,month,2013-01-15T12:00:00,,,,,,,,,
226,137,,"page_number_string: 
notes: 
source_full_citation: Gaume, I. (2026). Combat socialiste (CS). In Dictionnaire du Jura (DIJU). Consulté le 13 février 2026, sur https://diju.ch/f/notices/detail/1003527-combat-socialiste-cs
source_comment: ",fr-CH,CS,Combat Socialiste,CS JU,,,,,,,,,,,,,,,,,,month,1977-05-15T12:00:00,,,month,2013-01-15T12:00:00,,,,,,,,,
227,138,,"page_number_string: 
notes: 
source_full_citation: POP canton du Jura. (2026). Histoire POP Jura. Consulté le 13 juillet 2026, sur https://popjura.ch/lhistoire-pop-jura/
source_comment: ",fr-CH,CS-POP,Combat socialiste – Parti ouvrier et populaire,CS-POP JU,,,,,,,,,,,,,,,,,,month,2013-01-15T12:00:00,,,unknown,2020-01-01T12:00:00,,,,,,,,,
228,139,,"page_number_string: 
notes: 
source_full_citation: Felley, E. (24 juin1999). L'UDC valaisanne est née. Le Nouvelliste. Consulté le 16 février 2026, sur https://www.e-newspaperarchives.ch/?a=d&d=NVE19990624-01.2.19.6.2
source_comment: 

page_number_string: 
notes: 
source_full_citation: UDC Valais romand. (2017). 2017 - 2021: Programme de l’UDC du Valais romand. Consulté le 16 février 2026, surhttps://www.udc-valais.ch/wp-content/uploads/sites/36/ProgrammeUDCVR2017-2021-1.pdf
source_comment: ",de-CH,UDC valaisanne,Union Démocratique du Centre valaisanne,UDC VS-R,UDCVR,,,,,,,,,,,,,,,,,exact,1999-07-15T12:00:00,,,,,,,,,,,,,
229,140,,"page_number_string: 
notes: 
source_full_citation: SVP Oberwallis. (2002). Statuten der SVP Oberwallis. Abgerufen am 16. Februar 2026 von web.archive.org/web/20070708171651/http://www.svpo.ch/pdf/statuten_svp_oberwallis.pdf
source_comment: ",de-CH,SVP Oberwallis,Schweizerische Volkspartei Oberwallis,SVP VS-O,SVPO,,,,,,,,,,,,,,,,,exact,2002-09-27T12:00:00,,,,,,,,,,,,,
230,142,,"page_number_string: 
notes: 
source_full_citation: Zurkunden, R. (01. Mai 1982). Zwei Sozialdemokratische Parteien im Wallis. Der Bund. Abgerufen am 16. Februar 2026 von https://www.e-newspaperarchives.ch/?a=d&d=DBB19820501-01.2.17.8.4.1
source_comment: ",de-CH,KO,Kritisches Oberwallis,KO VS,,,,,,,,,,,,,,,,,,exact,1971-09-23T12:00:00,,"page_number_string: 
notes: ",exact,1982-05-01T12:00:00,,,,,,,,,
231,141,,"page_number_string: 
notes: 
source_full_citation: PS canton du Valais. (2013). Histoire du Parti socialiste du Valais romand. Consulté le 16 février 2026, sur https://psvr.ch/histoire-du-parti/
source_comment: ",fr-CH,PSV,Parti socialiste valaisan,PS VS,,,,,,,,,,,,,,,,,,exact,1919-12-07T12:00:00,,,,,,,,,,,,,
232,144,,"page_number_string: 
notes: 
source_full_citation: PS du Valais romand. (2021). Statuts du parti socialiste du Valais romand. Consulté le 16 février 2026, sur https://psvr.ch/wp-content/uploads/2024/10/211113_statuts_psvr_0.pdf
source_comment: ",fr-CH,PSVR,Parti socialiste du Valais romand,PS VS-R,,,,,,,,,,,,,,,,,,exact,1982-05-01T12:00:00,,,,,,,,,,,,,
233,143,,"page_number_string: 
notes: 
source_full_citation: PS canton du Valais. (2013). Histoire du Parti socialiste du Valais romand. Consulté le 16 février 2026, sur https://psvr.ch/histoire-du-parti/
source_comment: 

page_number_string: 
notes: 
source_full_citation: PS du Valais romand. (2005). Statuts. Consulté le 16 février 2026, sur https://web.archive.org/web/20110705005113/http:/www.psvr.ch/48/Accueil/Statuts.html
source_comment: ",de-CH,SP Oberwallis,Sozialdemokratische Partei Oberwallis,SP VS-O,,,,fr-CH,SOPO,Parti socialiste haut-valaisan,PS VS-O,,,,,,,,,,,exact,1982-05-01T12:00:00,,,,,,,,,,,,,
234,145,,"page_number_string: 
notes: 
source_full_citation: FDP.Die Liberalen Kanton Wallis. (2016). Statuten der FDP.Die Liberalen Wallis. Abgerufen am 19. Februar 2026 von https://web.archive.org/web/20191012194548/https://www.plrvs.ch/fileadmin/groups/444/pdf/Statuten_der_FDPVS_Maerz_2016.pdf
source_comment: 

page_number_string: 
notes: 
source_full_citation: PLR canton du Valais. (2016). Statuts. Consulté le 19 février 2026, sur https://web.archive.org/web/20191012194547/https://www.plrvs.ch/fileadmin/groups/444/pdf/statuts_PLRVS2018_signes.pdf
source_comment: ",de-CH,FDP.Die Liberalen Wallis,Freisinnig Demokratische Partei Wallis,FDPLIB VS,,,,fr-CH,PLR.Les Libéraux-Radicaux Valais,Parti Libéral-Radical Valaisan,PLR VS,,,,,,,,,,,exact,2013-09-12T12:00:00,,,,,,,,,,,,,
236,147,,"page_number_string: 
notes: 
source_full_citation: Arlettaz, S. (2022). Wallis: Der Kanton vom 19. Jahrhundert bis zur Gegenwart, Verfassungsgeschichte und politische Geschichte von 1798 bis zur Gegenwart. In Historisches Lexikon der Schweiz (HLS). Abgerufen am 19. Februar 2026 von https://hls-dhs-dss.ch/de/articles/007396/2022-04-04/#HVerfassungsgeschichteundpolitischeGeschichtevon1798biszurGegenwart
source_comment: ",fr-CH,PLRVS,Parti libéral-radical valaisan,PLR VS-R,,,,,,,,,,,,,,,,,,exact,2008-02-21T12:00:00,,,exact,2013-09-12T12:00:00,,,,,,,,,
237,148,,"page_number_string: 
notes: 
source_full_citation: PRD canton du Valais. (2001). L'histoire du PRDVS. Consulté le 19 février 2026, sur https://web.archive.org/web/20010417225035fw_/http:/www.prdvs.ch/index2prdvs.htm
source_comment: 

page_number_string: 
notes: 
source_full_citation: PRD canton du Valais. (2001). Les Statuts du PRDV. Consulté le 19 février 2026, sur https://web.archive.org/web/20030910102204/http://www.chablais.com/cgi-bin/news2/news-look.cgi?compte=prdvs&id_news=1952
source_comment: ",fr-CH,PRDV,Parti Radical Valaisan,PRD VS,Parti radical démocratique valaisan,,,,,,,,,,,,,,,,,year,1849-07-01T12:00:00,,,exact,2008-02-21T12:00:00,,,,,,,,,
238,149,,"page_number_string: 
notes: 
source_full_citation: lth. (03. September 1979). Die ""dritte Kraft"" zeigt Flagge. In Walliser Bote. Abgerufen am 20. Februar 2026 von https://www.e-newspaperarchives.ch/?a=d&d=WAB19790903-01.2.30
source_comment: ",de-CH,FDPO,Freie Demokratische Partei Oberwallis,FDP VS-O,,,,,,,,,,,,,,,,,,exact,1979-09-01T12:00:00,,,multiyear,2010-01-01T12:00:00,,,,,,,,,
239,149,,"page_number_string: 
notes: 
source_full_citation: FDP.Die Liberalen Oberwallis. (2011). Kontakt. Abgerufen am 20. Februar 2026 von https://web.archive.org/web/20110728025811/http://www.fdpo.ch/de/kontakt
source_comment: ",de-CH,FDPO,FDP.Die Liberalen Oberwallis,FDPLIB VS-O,,,,,,,,,,,,,,,,,,multiyear,2010-01-01T12:00:00,,,exact,2013-09-12T12:00:00,,,,,,,,,
240,150,,"page_number_string: 
notes: 
source_full_citation: PDC canton du Valais romand. (2020). Statuts du parti démocrate-chrétien du valais romand (PDCVr). Consulté le 23 février 2026, sur https://web.archive.org/web/20210121225832/https:/www.pdcvr.ch/wp-content/uploads/2020/01/Statuts_du_PDCVr_20200116.pdf
source_comment: ",fr-CH,PDCVr,Parti démocrate-chrétien du Valais romand,PDC VS-R,,,,,,,,,,,,,,,,,,exact,1998-05-06T12:00:00,,,exact,2022-03-24T12:00:00,,,,,,,,,
241,150,,"page_number_string: 
notes: 
source_full_citation: Germanier, F. (20 mai 2022). Le CVPO devient ""Die Mitte Oberwallis"". In Rhône FM. Consulté le 23 février 2026, surhttps://www.rhonefm.ch/politique/le-cvpo-devient-die-mitte-oberwallis-76199
source_comment: 

page_number_string: 
notes: 
source_full_citation: Centre canton du Valais romand. (2022). Statuts du Centre Valais romand. Consulté le 23 février 2026, sur https://vs.le-centre.ch/wp-content/uploads/sites/317/2024/08/Statuts_CentreVsrmd_24.11.2022_Definitif-2.pdf
source_comment: ",fr-CH,,Centre Valais romand,Centre VS-R,,,,,,,,,,,,,,,,,,exact,2022-03-24T12:00:00,,,,,,,,,,,,,
242,151,,"page_number_string: 
notes: 
source_full_citation: ric. (05 juin 1997). Le pari du PaCS. In Le nouvelliste. Consulté le 23 février 2026, sur https://www.e-newspaperarchives.ch/?a=d&d=NVE19970605-01.2.14.7
source_comment: ",fr-CH,PaCS,Parti Chrétien-Social du Valais romand,PaCS VS-R,,,,,,,,,,,,,,,,,,exact,1997-06-12T12:00:00,,,exact,2003-06-12T12:00:00,,,,,,,,,
243,151,,"page_number_string: 
notes: 
source_full_citation: CM. (13 juin 2003). Voilà le PCS-VS! Le nouvelliste. Consulté le 23 février 2026, sur https://www.e-newspaperarchives.ch/?a=d&d=NVE20030613-01.2.19.6
source_comment: 

page_number_string: 
notes: 
source_full_citation: PCS du Valais romand (2003). Statuts du Parti Chrétien-Social du Valais romand. Consulté le 19 juin 2026, sur https://web.archive.org/web/20040705193304/http:/www.chretiensocial.ch/index.htm
source_comment: ",fr-CH,PCS-VS,Parti Chrétien-Social du Valais romand,PCS VS-R,,,,,,,,,,,,,,,,,,exact,2003-06-12T12:00:00,,,exact,2014-10-04T12:00:00,,,,,,,,,
244,151,,"page_number_string: 
notes: 
source_full_citation: Fragnière, V. (06 octobre 2014). «Le centre gauche plus important que chrétien social». Le nouvelliste. Consulté le 23 février 2026, sur https://www.e-newspaperarchives.ch/?a=d&d=NVE20141006-01.2.18.6
source_comment: 

page_number_string: 
notes: 
source_full_citation: Centre-Gauche-PCS canton du Valais romand. (2014). Le parti. Consulté le 23 février 2026, sur https://www.centregauche-vs.ch/le-parti/le-parti
source_comment: 

page_number_string: 
notes: 
source_full_citation: Centre Gauche - PCS du Valais romand. (2014). Statuts. Consulté le 19 juin 2026, sur https://web.archive.org/web/20191012014626/https:/www.centregauche-vs.ch/images/Statuts-CG-PCS-2014.pdf
source_comment: ",fr-CH,,Centre Gauche-PCS Valais romand,PCS VS-R,,,,,,,,,,,,,,,,,,exact,2014-10-04T12:00:00,,,exact,2023-06-15T12:00:00,,,,,,,,,
245,152,,"page_number_string: 
notes: 
source_full_citation: ?. (26. April 1919). Die Volkstagung in Brig. Walliser Bote. Abgerufen am 10. August 2026 von https://www.e-newspaperarchives.ch/?a=d&d=WAB19190426-01.1.1&e=-------de-20--1--txt-txIN--------0-----
source_comment: ",de-CH,KKVP,Katholisch-Konservative Volkspartei des Oberwallis,KKVP VS-O,«Die Schwarzen»,,,,,,,,,,,,,,,,,exact,1919-04-23T12:00:00,,,year,1971-07-01T12:00:00,,,,,,,,,
246,152,,"page_number_string: 
notes: 
source_full_citation: CVP Oberwallis. (2005). Statuten der CVPO. Abgerufen am 23. Februar 2026 von https://web.archive.org/web/20070111000756/http:/www.cvpo.ch/dokumente/2005_CVPO-Statuten.pdf
source_comment: ",de-CH,CVPO,Christlichdemokratische Volkspartei Oberwallis,CVPO VS,«Die Schwarzen»,,,,,,,,,,,,,,,,,year,1971-07-01T12:00:00,,,exact,2022-05-19T12:00:00,,,,,,,,,
247,152,,"page_number_string: 
notes: 
source_full_citation: Lötscher, D. (20. Mai 2022). Neuer Name: CVP Oberwallis wird zu «Die Mitte Oberwallis». In Canal9. Abgerufen am 23. Februar 2026 von https://canal9.ch/de/neuer-name-cvp-oberwallis-wird-zu-die-mitte-oberwallis/
source_comment: ",de-CH,,Die Mitte Oberwallis,Mitte VS-O,,,,,,,,,,,,,,,,,,exact,2022-05-19T12:00:00,,,,,,,,,,,,,
248,153,,"page_number_string: 
notes: 
source_full_citation: Wikipedia. (2026). Neo – Die sozialliberale Mitte. Abgerufen am 23. Februar 2026 von https://de.wikipedia.org/wiki/Neo_%E2%80%93_Die_sozialliberale_Mitte
source_comment: 

page_number_string: 
notes: 
source_full_citation: CSP Oberwallis. (2017). Statuten vom 9. November 2017. Abgerufen am 23. Februar 2026 von https://web.archive.org/web/20211123085553/https:/cspo.ch/wp-content/uploads/2020/07/die-statuten-herunterladen.pdf
source_comment: 

page_number_string: 
notes: 
source_full_citation: Salzmann, J. (2026). Seit 1857 bestimmen die Konservativen die Walliser Politik. In Trotz der Vispa, dank  der Vispa - eine Chronik von Visp. Abgerufen am 10. August 2026 von https://www.visper-chronik.ch/kapitel/seit-1857-bestimmen-die-konservativen-die-walliser-politik-142
source_comment: ",de-CH,CSPO,Christlichsoziale Volkspartei Oberwallis,CSPO VS 2,«Die Gelben»,,,,,,,,,,,,,,,,,year,1949-07-01T12:00:00,,,exact,2023-03-01T12:00:00,,,,,,,,,
249,153,,"page_number_string: 
notes: 
source_full_citation: Woeffray, A. (02. März 2023). Die CSPO ist nicht mehr – Alles ist neu, alles ist «neo». Walliser Bote. Abgerufen am 23. Februar 2026 von https://essentials.swissdox.ch/
source_comment: 

page_number_string: 
notes: 
source_full_citation: neo Oberwallis. (2023). Statuten vom 11. Mai 2023. Abgerufen am 23. Februar 2026 von https://www.neowallis.ch/files/neo_DiesozialliberaleMitte_Statuten_2023.pdf
source_comment: ",de-CH,neo,neo – Die sozialliberale Mitte,neo VS,«Die Gelben»,,,,,,,,,,,,,,,,,exact,2023-03-01T12:00:00,,,,,,,,,,,,,
250,154,,"page_number_string: 
notes: 
source_full_citation: ?. (11. Dezember 1970). Me François-Joseph BAGNOUD magnifiquement élu président cantonal du PCCS. Journal de Sierre. Abgerufen am 23. Februar 2026 von https://www.e-newspaperarchives.ch/?a=d&d=JDS19701211-01.2.5
source_comment: ",fr-CH,PCCS valaisan,Parti conservateur chrétien-social valaisan,PCCS VS,,,,,,,,,,,,,,,,,,year,1960-07-01T12:00:00,,,year,1971-07-01T12:00:00,,,,,,,,,
251,154,,"page_number_string: 
notes: 
source_full_citation: wy. (19 mai 1989). Le successeur de Pierre Moren désigné. Le nouvelliste. Consulté le 23 février 2026, sur https://www.e-newspaperarchives.ch/?a=d&d=NVE19890519-01.2.92
source_comment: ",fr-CH,PDC valaisan,Parti démocrate-chrétien valaisan,PDC VS,,,,,,,,,,,,,,,,,,year,1971-07-01T12:00:00,,,year,1997-07-01T12:00:00,,,,,,,,,
255,155,,"page_number_string: 
notes: 
source_full_citation: Vert-e-s canton du Valais. (2026). Historique. Consulté le 23 février 2026, sur https://verts-vs.ch/le-parti/historique
source_comment: ",fr-CH,,Parti écologiste valaisan,PE VS,,,,,,,,,,,,,,,,,,exact,1987-09-26T12:00:00,,,unknown,2012-01-01T12:00:00,,,,,,,,,
256,155,,"page_number_string: 
notes: 
source_full_citation: Verts canton du Valais. (2012). Statuts des Verts valaisans. Consulté le 23 février 2026, sur https://web.archive.org/web/20191014141831/http:/www.verts-vs.ch/uploads/document_upload/file/252/Statuts_des_verts_valaisans_12.09.2012_version_actuelle.pdf
source_comment: ",fr-CH,Les Verts,Les Verts valaisans,Verts VS,,,,,,,,,,,,,,,,,,unknown,2012-01-01T12:00:00,,,year,2020-07-01T12:00:00,,,,,,,,,
257,155,,"page_number_string: 
notes: 
source_full_citation: Vert-e-s canton du Valais. (2023). Statuts Vert-e-s Valais. Consulté le 23 février 2026, sur https://verts-vs.ch/wp-content/uploads/sites/2/2024/06/2023_Statuts_VVS_V.3-1.pdf
source_comment: ",fr-CH,Les Vert·e·s,Les Vert·e·s Valais,Vert-e-s VS,,,,,,,,,,,,,,,,,,year,2020-07-01T12:00:00,,,,,,,,,,,,,
258,156,,"page_number_string: 
notes: 
source_full_citation: GLP Kanton Wallis. (2020). Statuten der Grünliberalen Partei Wallis. Abgerufen am 23. Februar 2026 von https://web.archive.org/web/20220303114013/https://vs.grunliberale.ch/dam/jcr:23cfea2c-f19c-4863-9973-3e86d4a4dd4a/Statuten%20unterschrieben.pdf
source_comment: 

page_number_string: 
notes: 
source_full_citation: PVL canton du Valais. (2020). Statuts du parti vert’libéral valaisan. Consulté le 23 février 2026, sur https://vs.grunliberale.ch/wp-content/uploads/2024/12/Statuts-signes-4.pdf
source_comment: ",de-CH,glp VS,Grünliberale Partei des Kantons Wallis,GLP VS,,,,fr-CH,pvl VS,Parti vert'libéral valaisan,PVL VS,,,,,,,,,,,exact,2020-05-28T12:00:00,,,exact,2024-03-07T12:00:00,,,,,,,,,
259,156,,"page_number_string: 
notes: 
source_full_citation: GLP Kanton Wallis. (2024). Statuten. Abgerufen am 23. Februar 2026 von https://vs.grunliberale.ch/wp-content/uploads/2025/01/240307_Statuten.pdf
source_comment: ",de-CH,GLP VS,Grünliberale Partei des Kantons Wallis,GLP VS,,,,fr-CH,PVL VS,Parti vert'libéral valaisan,PVL VS,,,,,,,,,,,exact,2024-03-07T12:00:00,,,,,,,,,,,,,
260,157,,"page_number_string: 
notes: 
source_full_citation: PBD canton du Valais. (2018). Activités internes au PBD VS. Consulté le 23 février 2026, sur https://web.archive.org/web/20231023152534/https:/www.bdp.info/vs/fr/activites/activitesinternesaupbdvs/
source_comment: ",fr-CH,PBD canton du Valais,Parti Bourgeois Démocratique Suisse canton du Valais,PBD VS,,,,,,,,,,,,,,,,,,exact,2009-01-09T12:00:00,,,year,2018-07-01T12:00:00,,,,,,,,,
261,158,,"page_number_string: 
notes: 
source_full_citation: POP canton du Valais. (2026). L'histoire du POP valaisan. Consulté le 23 février 2026, sur https://popvalais.ch/histoire-pop-valais/
source_comment: ",fr-CH,,Parti Ouvrier et Paysan,POP VS (1944),,,,,,,,,,,,,,,,,,year,1944-07-01T12:00:00,,,year,1990-07-01T12:00:00,,,,,,,,,
262,159,,"page_number_string: 
notes: 
source_full_citation: POP canton du Valais. (2026). L'histoire du POP valaisan. Consulté le 23 février 2026, sur https://popvalais.ch/histoire-pop-valais/
source_comment: ",fr-CH,POP Valais,Parti Ouvrier Populaire valaisan,POP VS (2019),,,,,,,,,,,,,,,,,,exact,2019-10-08T12:00:00,,,,,,,,,,,,,
263,160,,"page_number_string: 
notes: 
source_full_citation: Réd. (8 novembre 1988). Création d'un comité constitutif. Le nouvelliste. Consulté le 24 février 2026, sur https://www.e-newspaperarchives.ch/?a=d&d=NVE19881108-01.2.61.11
source_comment: 

page_number_string: 
notes: 
source_full_citation: LP Schweiz. (2004). Liberale Partei des Kantons Wallis. Abgerufen am 15. April 2026 von https://web.archive.org/web/20040610110129/http://www.liberal.ch/index_de.html
source_comment: ",fr-CH,PLV,Parti libéral valaisan,PL VS,,,,de-CH,LPW,Liberale Partei des Kantons Wallis,LP VS,,,,,,,,,,,exact,1988-03-20T12:00:00,,,exact,2008-02-21T12:00:00,,,,,,,,,
264,161,,"page_number_string: 
notes: 
source_full_citation: UDC cantone Ticino. (2026). Storia e Statuti. Consultato il 25 febbraio 2026 da https://udc-ti.ch/il-partito/il-partito-2/
source_comment: ",it-CH,,Partito Agrario Ticinese,PA TI,,,,,,,,,,,,,,,,,,exact,1919-12-19T12:00:00,,,unknown,1970-01-01T12:00:00,,,,,,,,,
265,161,,"page_number_string: 
notes: 
source_full_citation: UDC cantone Ticino. (2024). Statuti dell'Unione Democratica di Centro, UDC Ticino. Consultato il 25 febbraio 2026 dal https://udc-ti.ch/wp-content/uploads/sites/17/Statuto-2024_firmato-compresso.pdf
source_comment: ",it-CH,UDC Ticino,Unione Democratica di Centro del Canton Ticino,UDC TI,,,,,,,,,,,,,,,,,,unknown,1970-01-01T12:00:00,,,,,,,,,,,,,
266,163,,"page_number_string: 144
notes: 
source_full_citation: Vatter, A. (2002). Kantonale Demokratien im Vergleich: Entstehungsgründe, Interaktionen und Wirkungen politischer Institutionen in den Schweizer Kantonen. Leske + Budrich.
source_comment: 

page_number_string: 
notes: 
source_full_citation: Marcacci, M. & Valsangiacomo, N. (2022). Tessin (Kanton): Von den Reformen Gioachimo Respinis zum Proporzsystem (1875-1922). In Historisches Lexikon der Schweiz (HLS). Abgerufen am 26. Februar 2026 von https://hls-dhs-dss.ch/de/articles/007394/2022-10-24/#HPolitischeGeschichteundVerfassungsentwicklung
source_comment: ",it-CH,PST,Partito Socialista Ticinese,PS TI (1900),,,,,,,,,,,,,,,,,,year,1900-07-01T12:00:00,,,exact,1992-10-18T12:00:00,,,,,,,,,
267,164,,"page_number_string: 
notes: 
source_full_citation: ru. (19. Oktober 1992). Tessiner Sozialisten wieder vereint. Neue Zürcher Zeitung. Abgerufen am 26. Februar 2026 von https://www.e-newspaperarchives.ch/?a=d&d=NZZ19921019-01.2.22.14
source_comment: ",it-CH,PSCT,Partito socialista del cantone Ticino,PS TI (1992),,,,,,,,,,,,,,,,,,exact,1992-10-18T12:00:00,,,exact,2020-02-16T12:00:00,,,,,,,,,
268,164,,"page_number_string: 
notes: 
source_full_citation: Diem/CSI/Quo. (16 febbraio 2020). Il PS si affida a Riget-Sirica. In RSI Radiotelevisione svizzera. Consultato il 26 febbraio 2026 dal https://www.rsi.ch/info/ticino-grigioni-e-insubria/Il-PS-si-affida-a-Riget-Sirica--1199925.html
source_comment: 

page_number_string: 
notes: 
source_full_citation: PS cantone Ticino. (2024). Statuto del Partito Socialista Ticino. Consultato il 27 febbraio 2026 dal https://ps-ticino.ch/wp-content/uploads/2024/07/2024_Statuto-del-Partito-Socialista-Ticino.pdf
source_comment: ",it-CH,PS Ticino,Partito Socialista Ticino,PS TI (1992),,,,,,,,,,,,,,,,,,exact,2020-02-16T12:00:00,,,,,,,,,,,,,
269,165,,"page_number_string: 
notes: 
source_full_citation: Gilardoni, S. (2008). Partito socialista autonomo (PSA). In Historisches Lexikon der Schweiz (HLS). Abgerufen am 27. Februar 2026 von https://hls-dhs-dss.ch/de/articles/017403/2008-10-08/
source_comment: ",it-CH,PSA,Partito socialista autonomo,PSA TI,,,,,,,,,,,,,,,,,,exact,1969-04-27T12:00:00,,,,,,,,,,,,,
270,166,,"page_number_string: 
notes: 
source_full_citation: Maspoli, F. (25. Januar 1988). Partito Socialista Unitario gegründet. Der Bund. Abgerufen am 27. Februar 2026 von https://www.e-newspaperarchives.ch/?a=d&d=DBB19880125-01.2.18.7
source_comment: ",it-CH,PSU,Partito socialista unitario,PSU TI,,,,,,,,,,,,,,,,,,exact,1988-01-24T12:00:00,,,exact,1992-10-18T12:00:00,,,,,,,,,
271,167,,"page_number_string: 
notes: 
source_full_citation: PLR cantone Ticino. (2025). Statuto del Partito liberale radicale ticinese. Consultato il 27 febbraio 2026 dal https://www.plrt.ch/fileadmin/groups/232/pdf/News/Statuto_PLR_-_Versione_marzo_2025_-_Statuto_16_03_2025.pdf
source_comment: ",it-CH,PLRT,Partito Liberale Radicale Ticinese,PLR TI (1946),,,,,,,,,,,,,,,,,,year,1946-07-01T12:00:00,,,,,,,,,,,,,
272,168,,"page_number_string: 
notes: 
source_full_citation: Centro cantone Ticino. (2026). La nostra storia. Consultato il 27 febbraio 2026 dal https://il-centro.ch/il-centro/storia/
source_comment: ",it-CH,,Partito liberal-conservatore,PLC TI,,,,,,,,,,,,,,,,,,year,1855-07-01T12:00:00,,,year,1913-07-01T12:00:00,,,,,,,,,
273,168,,"page_number_string: 
notes: 
source_full_citation: Centro cantone Ticino. (2026). La nostra storia. Consultato il 27 febbraio 2026 dal https://il-centro.ch/il-centro/storia/
source_comment: ",it-CH,PCDT,Partito conservatore democratico,PCD TI,,,,,,,,,,,,,,,,,,year,1913-07-01T12:00:00,,,exact,1970-06-21T12:00:00,,,,,,,,,
274,168,,"page_number_string: 
notes: 
source_full_citation: Centro cantone Ticino. (2026). La nostra storia. Consultato il 27 febbraio 2026 dal https://il-centro.ch/il-centro/storia/
source_comment: ",it-CH,PPD Ticino,Partito popolare democratico ticinese,PPD TI,,,,,,,,,,,,,,,,,,exact,1970-06-21T12:00:00,,,exact,2022-06-25T12:00:00,,,,,,,,,
275,168,,"page_number_string: 
notes: 
source_full_citation: Centro cantone Ticino. (2026). La nostra storia. Consultato il 27 febbraio 2026 dal https://il-centro.ch/il-centro/storia/
source_comment: 

page_number_string: 
notes: 
source_full_citation: Centro cantone Ticino. (2022). Statuto del Centro. Consultato il 27 febbraio 2026 dal https://il-centro.ch/wp-content/uploads/sites/249/2023/02/Statuto-il-Centro.pdf
source_comment: ",it-CH,,il Centro,Centro TI,,,,,,,,,,,,,,,,,,exact,2022-06-25T12:00:00,,,,,,,,,,,,,
276,169,,"page_number_string: 
notes: 
source_full_citation: Verdi cantone Ticino. (2019). Statuto dei Verdi del Cantone Ticino (I Verdi). Consultato il 27 febbraio 2026 dal https://verditicino.ch/wp-content/uploads/2021/01/statuto-02.06.2019.pdf
source_comment: ",it-CH,I Verdi,I Verdi del Cantone Ticino,Verdi TI,,,,,,,,,,,,,,,,,,year,1994-07-01T12:00:00,,,,,,,,,,,,,
277,170,,"page_number_string: 
notes: 
source_full_citation: sda. (28. Mai 1990). Zurzeit keine Fusion zwischen GPS und Grünem Bündnis. Neue Zürcher Zeitung. Abgerufen am 27. Februar 2026 von https://www.e-newspaperarchives.ch/?a=d&d=NZZ19900528-01.2.29.7
source_comment: 

page_number_string: 25
notes: 
source_full_citation: Bütikofer, S. & Seitz, W. (Hrsg.). (2023). Die Grünen in der Schweiz. Entwicklung - Wirken - Perspektiven. Seismo.
source_comment: ",it-CH,MET,Movimento ecologista ticinese,MET TI,MET - I Verdi,,,,,,,,,,,,,,,,,year,1984-07-01T12:00:00,,,year,1994-07-01T12:00:00,,,,,,,,,
278,171,,"page_number_string: 
notes: 
source_full_citation: sda. (28. Mai 1990). Zurzeit keine Fusion zwischen GPS und Grünem Bündnis. Neue Zürcher Zeitung. Abgerufen am 27. Februar 2026 von https://www.e-newspaperarchives.ch/?a=d&d=NZZ19900528-01.2.29.7
source_comment: ",it-CH,SVEPO,Svolta ecopolitica,SVEPO TI,,,,,,,,,,,,,,,,,,exact,1990-03-25T12:00:00,,,year,1994-07-01T12:00:00,,,,,,,,,
279,172,,"page_number_string: 
notes: 
source_full_citation: ATS. (22 mai 1990). Tessin: scission chez les verts. La tribune de Genève. Consulté le 02 mars 2026, sur https://www.e-newspaperarchives.ch/?a=d&d=TDG19900522-01.2.24.4.2
source_comment: ",it-CH,MVT,Movimento dei verdi ticinesi,MVT TI,,,,,,,,,,,,,,,,,,exact,1990-05-20T12:00:00,,,year,1994-07-01T12:00:00,,,,,,,,,
280,173,,"page_number_string: 
notes: 
source_full_citation: PVL cantone Ticino. (2013). Statuti del Partito verdi liberali Ticino. Consultato il 26 aprile 2025 dal https://ti.verdiliberali.ch/dam/jcr:defb2ea6-eddc-4ce9-abaf-a042e07b83ad/Statuti%20pvl%20TI.pdf
source_comment: ",it-CH,pvl,Partito verdi liberali Ticino,PVL TI,,,,,,,,,,,,,,,,,,exact,2013-02-22T12:00:00,,,exact,2023-05-20T12:00:00,,,,,,,,,
281,173,,"page_number_string: 
notes: 
source_full_citation: PVL cantone Ticino. (2023). Statuti dei Verdi Liberali del Ticino. Consultato il 02 marzo 2026 dal https://ti.verdiliberali.ch/partito/associazione/statuti/
source_comment: ",de-CH,pvlt,Partito verde liberale Ticino,PVL TI,,,,,,,,,,,,,,,,,,exact,2023-05-20T12:00:00,,,,,,,,,,,,,
282,174,,"page_number_string: 
notes: 
source_full_citation: UDF cantone Ticino. (2005). Statuti dell’Unione Democratica Federale del Cantone Ticino. Consultato il 02 marzo 2026 dal https://www.udf-ticino.ch/wp-content/uploads/2019/09/Statuti-UDF-Ticino-versione-3.pdf
source_comment: ",it-CH,UDF Ticino,Unione Democratica Federale del Cantone Ticino,UDF TI,,,,,,,,,,,,,,,,,,year,2005-07-01T12:00:00,,,,,,,,,,,,,
283,175,,"page_number_string: 386
notes: 
source_full_citation: Rauber, A. (2003). Formierter Widerstand: Geschichte der kommunistischen Bewegung in der Schweiz 1944-1991. Edition 8.
source_comment: 

page_number_string: 
notes: 
source_full_citation: PC cantone Ticino. (2024). Statuto del Partito Comunista. Consultato il 02 marzo 2026 dal https://web.archive.org/web/20241114012005/https://www.partitocomunista.ch/?page_id=743
source_comment: ",it-CH,POCT,Partito Operaio Contadino Ticinese,POCT TI,,,,,,,,,,,,,,,,,,exact,1944-08-15T12:00:00,,,year,1963-07-01T12:00:00,,,,,,,,,
284,175,,"page_number_string: 
notes: 
source_full_citation: PC cantone Ticino. (2024). Statuto del Partito Comunista. Consultato il 02 marzo 2026 dal https://web.archive.org/web/20241114012005/https://www.partitocomunista.ch/?page_id=743
source_comment: ",it-CH,PdL,Partito del Lavoro,PdL TI,,,,,,,,,,,,,,,,,,year,1963-07-01T12:00:00,,,exact,2007-09-16T12:00:00,,,,,,,,,
285,175,,"page_number_string: 
notes: 
source_full_citation: Wikipedia. (2026). Partito Comunista (Svizzera). Consultato il 02 marzo 2026 dal https://it.wikipedia.org/wiki/Partito_Comunista_(Svizzera)
source_comment: 

page_number_string: 
notes: 
source_full_citation: PC cantone Ticino. (2024). Statuto del Partito Comunista. Consultato il 02 marzo 2026 dal https://web.archive.org/web/20241114012005/https://www.partitocomunista.ch/?page_id=743
source_comment: ",it-CH,PC,Partito Comunista,PC TI,,,,,,,,,,,,,,,,,,exact,2007-09-16T12:00:00,,,,,,,,,,,,,
286,176,,"page_number_string: 
notes: 
source_full_citation: POP cantone Ticino. (2015). Statuti. Consultato il 02 marzo 2026 dal https://web.archive.org/web/20180904000831/http://www.pop-pdl.ch/wordpress/statuti/
source_comment: ",it-CH,POP Ticino,Partito Operaio e Popolare Ticino,POP TI,,,,,,,,,,,,,,,,,,exact,2015-01-25T12:00:00,,,,,,,,,,,,,
287,177,,"page_number_string: 
notes: 
source_full_citation: PLR cantone Ticino. (27 luglio 1946). ll programma del nuovo partito liberale radicale. La voce della Rezia. Consultato il 12 marzo 2026 dal https://www.e-newspaperarchives.ch/?a=d&d=LVR19460727-01.2.15
source_comment: ",it-CH,,Partito liberale radicale,PLR TI (1934),,,,,,,,,,,,,,,,,,year,1934-07-01T12:00:00,,,year,1946-07-01T12:00:00,,,,,,,,,
288,178,,"page_number_string: 
notes: 
source_full_citation: PLR cantone Ticino. (27 luglio 1946). ll programma del nuovo partito liberale radicale. La voce della Rezia. Consultato il 12 marzo 2026 dal https://www.e-newspaperarchives.ch/?a=d&d=LVR19460727-01.2.15
source_comment: ",it-CH,,Partito liberale democratico,PLD TI,,,,,,,,,,,,,,,,,,year,1934-07-01T12:00:00,,,year,1946-07-01T12:00:00,,,,,,,,,
289,179,,"page_number_string: 
notes: 
source_full_citation: PLR cantone Ticino. (27 luglio 1946). ll programma del nuovo partito liberale radicale. La voce della Rezia. Consultato il 12 marzo 2026 dal https://www.e-newspaperarchives.ch/?a=d&d=LVR19460727-01.2.15
source_comment: ",it-CH,,Partito liberale,PL TI,,,,,,,,,,,,,,,,,,year,1894-07-01T12:00:00,,,year,1934-07-01T12:00:00,,,,,,,,,
290,180,,"page_number_string: 
notes: 
source_full_citation: Maspoli, F. (25. Januar 1988). Partito Socialista Unitario gegründet. Der Bund. Abgerufen am 27. Februar 2026 von https://www.e-newspaperarchives.ch/?a=d&d=DBB19880125-01.2.18.7
source_comment: ",it-CH,CST,Comunità dei Socialisti Ticinesi,CST TI,,,,,,,,,,,,,,,,,,year,1986-07-01T12:00:00,,,exact,1988-01-24T12:00:00,,,,,,,,,
291,181,,"page_number_string: 
notes: 
source_full_citation: SVP Kanton Schwyz. (2024). Statuten. Abgerufen am 13. März 2026 von https://www.svp-sz.ch/wp-content/uploads/sites/35/Statuten-SVP_03.2024.pdf
source_comment: ",de-CH,SVP Kanton Schwyz,Schweizerische Volkspartei Kanton Schwyz,SVP SZ,,,,,,,,,,,,,,,,,,exact,1972-04-10T12:00:00,,,,,,,,,,,,,
292,182,,"page_number_string: 
notes: 
source_full_citation: SP Kanton Schwyz. (2022). Statuten. Abgerufen am 13. März 2026 von https://www.spschwyz.ch/sites/spschwyz.ch/files/documents/statuten_spsz_20222_6.pdf
source_comment: ",de-CH,SP-SZ,Sozialdemokratische Partei des Kantons Schwyz,SP SZ,,,,,,,,,,,,,,,,,,year,1919-07-01T12:00:00,,,,,,,,,,,,,
293,183,,"page_number_string: 
notes: 
source_full_citation: FDP.Die Liberalen Kanton Schwyz. (2026). Geschichte. Abgerufen am 16. März 2026 von https://www.fdp-sz.ch/partei/geschichte
source_comment: ",de-CH,LVP,Liberale-Volkspartei des Kantons Schwyz,LVP SZ,,,,,,,,,,,,,,,,,,unknown,1912-07-01T12:00:00,,,year,2000-07-01T12:00:00,,,,,,,,,
294,183,,"page_number_string: 
notes: 
source_full_citation: FDP Kanton Schwyz. (2002). Willkommen. Abgerufen am 16. März 2026 von https://web.archive.org/web/20020810215313/http:/www.fdp-sz.ch/01-news/fdp.htm
source_comment: ",de-CH,FDP Kanton Schwyz,Freisinnig-Demokratische Partei des Kantons Schwyz,FDP SZ,,,,,,,,,,,,,,,,,,year,2000-07-01T12:00:00,,,multiyear,2008-01-01T12:00:00,,,,,,,,,
295,183,"note_translations: languages_code: de-CH
note: Die Namensänderung erfolgte spätestens im März 2009.",,de-CH,,FDP.Die Liberalen Kanton Schwyz,FDPLIB SZ,,,,,,,,,,,,,,,,,,multiyear,2008-01-01T12:00:00,,,,,,,,,,,,,
296,184,,,de-CH,CVP SZ,Christlichdemokratische Volkspartei des Kantons Schwyz,CVP SZ,,,,,,,,,,,,,,,,,,exact,1971-11-27T12:00:00,,,exact,2021-08-26T12:00:00,,,,,,,,,
297,184,,,de-CH,Mitte SZ,Die Mitte Schwyz,Mitte SZ,,,,,,,,,,,,,,,,,,exact,2021-08-26T12:00:00,,,,,,,,,,,,,
298,185,,"page_number_string: 
notes: 
source_full_citation: ?. (29. November 1971). CVP des Kantons Schwyz gegründet. Neue Zürcher Nachrichten. Abgerufen am 17. März 2026 von https://www.e-newspaperarchives.ch/?a=d&d=NZN19711129-01.2.16.1
source_comment: ",de-CH,,Christlichsoziale Volkspartei des Kantons Schwyz,CSP SZ,,,,,,,,,,,,,,,,,,year,1946-07-01T12:00:00,,,exact,1971-11-27T12:00:00,,,,,,,,,
299,186,,"page_number_string: 
notes: 
source_full_citation: ?. (29. November 1971). CVP des Kantons Schwyz gegründet. Neue Zürcher Nachrichten. Abgerufen am 17. März 2026 von https://www.e-newspaperarchives.ch/?a=d&d=NZN19711129-01.2.16.1
source_comment: ",de-CH,,Konservative Volkspartei des Kantons Schwyz,KVP SZ,,,,,,,,,,,,,,,,,,unknown,1900-01-01T12:00:00,,,exact,1971-11-27T12:00:00,,,,,,,,,
300,187,,"page_number_string: 
notes: 
source_full_citation: Grüne Kanton Schwyz. (2026). Wer wir sind. Abgerufen am 18. März 2026 von https://gruenesz.ch/vorstand
source_comment: ",de-CH,,GRÜNE Schwyz,Grüne SZ (2007),,,,,,,,,,,,,,,,,,exact,2007-06-21T12:00:00,,,,,,,,,,,,,
301,188,,"page_number_string: 35
notes: 
source_full_citation: Baer, M. & Seitz, W. (Hrsg.). (2008). Die Grünen in der Schweiz: Ihre Politik, ihre Geschichte, ihre Basis. Rüegger Verlag.
source_comment: ",de-CH,kfs,Kritisches Forum Schwyz,KFS SZ,,,,,,,,,,,,,,,,,,exact,1983-05-28T12:00:00,,,year,1989-07-01T12:00:00,,,,,,,,,
302,188,,"page_number_string: 35
notes: 
source_full_citation: Baer, M. & Seitz, W. (Hrsg.). (2008). Die Grünen in der Schweiz: Ihre Politik, ihre Geschichte, ihre Basis. Rüegger Verlag.
source_comment: ",de-CH,,Grüne Kanton Schwyz,Grüne SZ (1983),,,,,,,,,,,,,,,,,,year,1989-07-01T12:00:00,,,year,1999-07-01T12:00:00,,,,,,,,,
303,189,,"page_number_string: 
notes: 
source_full_citation: GLP Kanton Schwyz. (2023). Statuten der Grünliberalen Partei Kanton Schwyz. Abgerufen am 19. März 2026 von https://sz.grunliberale.ch/wp-content/uploads/sites/16/2025/08/Statuten_Gruenliberale_Schwyz_2023.pdf
source_comment: ",de-CH,GLP SZ,Grünliberale Partei Kanton Schwyz,GLP SZ,,,,,,,,,,,,,,,,,,exact,2012-08-22T12:00:00,,,,,,,,,,,,,
304,190,,"page_number_string: 
notes: 
source_full_citation: EVP Kanton Schwyz. (2009). Statuten. Abgerufen am 19. März 2026 von https://www.evp-sz.ch/fileadmin/user_upload/schwyz/de/Statuten_EVPSZ.pdf
source_comment: ",de-CH,EVP SZ, Evangelische Volkspartei des Kantons Schwyz,EVP SZ,,,,,,,,,,,,,,,,,,exact,2009-08-31T12:00:00,,,,,,,,,,,,,
305,191,,"page_number_string: 
notes: 
source_full_citation: BDP Kanton Schwyz. (2009). Statuten. Abgerufen am 19. März 2026 von https://web.archive.org/web/20191012001754/https:/www.bdp.info/data/uploads/sz/downloads/unterlagen/20100820_neuestatuten_bdp_schwyz.pdf
source_comment: ",de-CH,BDP Schwyz,Bürgerlich-Demokratische Partei des Kantons Schwyz,BDP SZ,,,,,,,,,,,,,,,,,,exact,2009-08-17T12:00:00,,,year,2016-07-01T12:00:00,,,,,,,,,
306,192,,"page_number_string: 
notes: 
source_full_citation: SVP Kanton Obwalden. (2024). Statuten. Abgerufen am 20. März 2026 von https://www.svp-ow.ch/partei/statuten/
source_comment: ",de-CH,SVP Obwalden,Schweizerische Volkspartei Obwalden,SVP OW,,,,,,,,,,,,,,,,,,exact,1999-12-03T12:00:00,,,,,,,,,,,,,
307,193,,"page_number_string: 
notes: 
source_full_citation: SP Kanton Obwalden. (2023). Statuten der SP Obwalden. Abgerufen am 20. März 2026 von https://sp-obwalden.ch/wp-content/uploads/sites/26/2025/07/Statuten.pdf
source_comment: ",de-CH,SP Obwalden,Sozialdemokratische Partei des Kantons Obwalden,SP OW,,,,,,,,,,,,,,,,,,exact,1998-02-02T12:00:00,,,,,,,,,,,,,
308,194,,"page_number_string: 
notes: 
source_full_citation: von Flüe, N. (2018). Kanton Obwalden: Der Staat im 19. und 20. Jahrhundert, Verfassungsgeschichte. In Historisches Lexikon der Schweiz (HLS). Abgerufen am 20. März 2026 von https://hls-dhs-dss.ch/de/articles/007410/2018-02-07/
source_comment: ",de-CH,,Demokratisches Obwalden,DO OW,,,,,,,,,,,,,,,,,,month,1992-10-15T12:00:00,,,month,1998-01-31T12:00:00,,,,,,,,,
309,195,,"page_number_string: 
notes: 
source_full_citation: Eidgenössisches Statistisches Amt. (1929). Statistik der Nationalratswahlen 1919, 1922, 1925 und 1928. A. Francke.
source_comment: ",de-CH,,Fortschrittliche Volkspartei,FVP OW,,,,,,,,,,,,,,,,,,year,1911-07-01T12:00:00,,,unknown,1950-01-01T12:00:00,,,,,,,,,
310,195,,"page_number_string: 
notes: 
source_full_citation: FDP.Die Liberalen Kanton Obwalden. (2008). Statuten. Abgerufen am 20. März 2026 von https://web.archive.org/web/20181006064418/http:/fdp-ow.ch/kantonalpartei/statuten
source_comment: ",de-CH,FDP Obwalden,Freisinnig-Demokratische Partei Obwalden,FDP OW,,,,,,,,,,,,,,,,,,unknown,1950-01-01T12:00:00,,,multiyear,2009-01-01T12:00:00,,,,,,,,,
311,195,,"page_number_string: 
notes: 
source_full_citation: FDP.Die Liberalen Kanton Obwalden. (2019). Statuten. Abgerufen am 20. März 2026 von https://www.fdp-ow.ch/partei/statuten
source_comment: ",de-CH,,FDP.Die Liberalen Obwalden,FDPLIB OW,,,,,,,,,,,,,,,,,,multiyear,2009-01-01T12:00:00,,,,,,,,,,,,,
312,196,,"page_number_string: 
notes: 
source_full_citation: Mitte Kanton Obwalden. (03. Mai 2024). «Die Mitte Obwalden» – neues Präsidium und neuer Name. Abgerufen am 24. März 2026 von https://die-mitte-ow.ch/die-mitte-obwalden-neues-praesidium-und-neuer-name/
source_comment: ",de-CH,,Die Mitte Obwalden,Mitte OW,,,,,,,,,,,,,,,,,,exact,2024-05-02T12:00:00,,,,,,,,,,,,,
313,196,,"page_number_string: 
notes: 
source_full_citation: CVP Kanton Obwalden. (28. März 2021). Hohe Stimmbeteiligung bei der Urabstimmung zur Namensgebung bei der CVP Obwalden. Abgerufen am 24. März 2026 von https://die-mitte-ow.ch/hohe-stimmbeteiligung-bei-der-urabstimmung-zur-namensgebung-bei-der-cvp-obwalden/
source_comment: ",de-CH,,CVP Obwalden – Die Mitte,CVP-Mitte OW,,,,,,,,,,,,,,,,,,exact,2021-03-26T12:00:00,,,exact,2024-05-02T12:00:00,,,,,,,,,
314,196,,"page_number_string: 
notes: 
source_full_citation: CVP Kanton Obwalden. (2021). Geschichte. Abgerufen am 24. März 2026 von https://web.archive.org/web/20210415084343/https:/www.cvp-ow.ch/geschichte/
source_comment: ",de-CH,CVP OW,Christlichdemokratische Volkspartei Obwalden,CVP OW,,,,,,,,,,,,,,,,,,year,1971-07-01T12:00:00,,,exact,2021-03-26T12:00:00,,,,,,,,,
315,196,,"page_number_string: 
notes: 
source_full_citation: CVP Kanton Obwalden. (2021). Geschichte. Abgerufen am 24. März 2026 von https://web.archive.org/web/20210415084343/https:/www.cvp-ow.ch/geschichte/
source_comment: ",de-CH,KVP Obwalden,Konservative Volkspartei Obwalden,KVP OW,,,,,,,,,,,,,,,,,,year,1943-07-01T12:00:00,,,year,1971-07-01T12:00:00,,,,,,,,,
316,196,,"page_number_string: 
notes: 
source_full_citation: CVP Kanton Obwalden. (2021). Geschichte. Abgerufen am 24. März 2026 von https://web.archive.org/web/20210415084343/https:/www.cvp-ow.ch/geschichte/
source_comment: ",de-CH,KVP Obwalden,Katholische Volkspartei Obwalden,KVP OW,,,,,,,,,,,,,,,,,,exact,1919-10-12T12:00:00,,,year,1943-07-01T12:00:00,,,,,,,,,
317,197,,"page_number_string: 33
notes: 
source_full_citation: Bütikofer, S. & Seitz, W. (Hrsg.). (2023). Die Grünen in der Schweiz. Entwicklung - Wirken - Perspektiven. Seismo.
source_comment: ",de-CH,,Grüne Obwalden,Grüne OW,,,,,,,,,,,,,,,,,,exact,2008-12-05T12:00:00,,,exact,2009-11-30T12:00:00,,,,,,,,,
318,198,,"page_number_string: 
notes: 
source_full_citation: GLP Kanton Obwalden. (2022). Statuten der Grünliberalen Kanton Obwalden. Abgerufen am 24. März 2026 von https://ow.grunliberale.ch/wp-content/uploads/sites/13/2025/05/GLP_Obwalden_Statuten1_rev.-2022.pdf
source_comment: ",de-CH,glp,Grünliberale Kanton Obwalden,GLP OW,,,,,,,,,,,,,,,,,,exact,2021-06-11T12:00:00,,,,,,,,,,,,,
319,199,,"page_number_string: 
notes: 
source_full_citation: CSP Kanton Obwalden. (2015). Statuten. Abgerufen am 24. März 2026 von https://www.csp-ow.ch/wp-content/uploads/2015/07/CSP-Obwalden_Statuten_final.pdf
source_comment: ",de-CH,CSP-OW,Christlichsoziale Partei Obwalden,CSP OW,,,,,,,,,,,,,,,,,,year,1956-07-01T12:00:00,,,,,,,,,,,,,
320,200,"note_translations: languages_code: de-CH
note: Eigene Bezeichnung.",,de-CH,BDP Obwalden,Bürgerlich-Demokratische Partei Kanton Obwalden,BDP OW,,,,,,,,,,,,,,,,,,exact,2008-11-19T12:00:00,,,year,2009-07-01T12:00:00,,,,,,,,,
321,201,,"page_number_string: 
notes: 
source_full_citation: SVP Kanton Nidwalden. (1999). Statuten. Abgerufen am 27. März 2026 von https://web.archive.org/web/20160619000450/http:/svp-nw.ch/download/Statuten%2028.08.1999.pdf
source_comment: ",de-CH,SVP Nidwalden,Schweizerische Volkspartei des Kantons Nidwalden,SVP NW,,,,,,,,,,,,,,,,,,exact,1999-08-28T12:00:00,,,,,,,,,,,,,
322,202,,"page_number_string: 
notes: 
source_full_citation: Schleifer-Stöckli, K. (2017). Kanton Nidwalden: Der Staat im 19. und 20. Jahrhundert, Politische Geschichte und Verfassungsentwicklung. In Historisches Lexikon der Schweiz (HLS). Abgerufen am 27. März 2026 von https://hls-dhs-dss.ch/de/articles/007411/2017-05-11/#HPolitischeGeschichteundVerfassungsentwicklung
source_comment: ",de-CH,,Bauern- und Arbeiterpartei Nidwalden,BAP NW,,,,,,,,,,,,,,,,,,year,1942-07-01T12:00:00,,,year,1947-07-01T12:00:00,,,,,,,,,
323,202,,"page_number_string: 
notes: 
source_full_citation: Schleifer-Stöckli, K. (2017). Kanton Nidwalden: Der Staat im 19. und 20. Jahrhundert, Politische Geschichte und Verfassungsentwicklung. In Historisches Lexikon der Schweiz (HLS). Abgerufen am 27. März 2026 von https://hls-dhs-dss.ch/de/articles/007411/2017-05-11/#HPolitischeGeschichteundVerfassungsentwicklung
source_comment: ",de-CH,,Sozialdemokratische Partei Nidwalden,SP NW,,,,,,,,,,,,,,,,,,year,1947-07-01T12:00:00,,,,,,,,,,,,,
324,203,,"page_number_string: 
notes: 
source_full_citation: ?. (15. November 1902). Kantone. Neue Zürcher Zeitung. Abgerufen am 27. März 2026 von https://www.e-newspaperarchives.ch/?a=d&d=NZZ19021115-02.2.4
source_comment: ",de-CH,,Liberale Partei Nidwalden,LP NW,,,,,,,,,,,,,,,,,,exact,1902-11-10T12:00:00,,,unknown,2000-01-01T12:00:00,,,,,,,,,
325,203,,"page_number_string: 
notes: 
source_full_citation: FDP.Die Liberalen Kanton Nidwalden. (2006). Statuten. Abgerufen am 27. März 2026 von https://web.archive.org/web/20070722091110/http:/www.fdp-nw.ch/platform/content/element/56999/Statuten%202006.pdf
source_comment: ",de-CH,FDP-NW,Freisinnig-Demokratische Partei Nidwalden,FDP NW,,,,,,,,,,,,,,,,,,unknown,2000-01-01T12:00:00,,,multiyear,2009-01-01T12:00:00,,,,,,,,,
326,203,,"page_number_string: 
notes: 
source_full_citation: FDP.Die Liberalen Kanton Nidwalden. (2017). Statuten. Abgerufen am 27. März 2026 von https://www.fdp-nw.ch/fileadmin/groups/272/pdf/Wahlen/2018/STATUTEN_FDP_NW__04.09.2017.pdf
source_comment: ",de-CH,,FDP.Die Liberalen Nidwalden,FDPLIB NW,,,,,,,,,,,,,,,,,,multiyear,2009-01-01T12:00:00,,,,,,,,,,,,,
327,204,,"page_number_string: 
notes: 
source_full_citation: Mitte Kanton Nidwalden. (06. April 2021). Urabstimmung Parteinamen. Abgerufen am 27. März 2026 von https://www.die-mitte-nw.ch/urabstimmung-parteinamen/
source_comment: ",de-CH,,Die Mitte Nidwalden,Mitte NW,,,,,,,,,,,,,,,,,,exact,2021-05-12T12:00:00,,,,,,,,,,,,,
328,204,,"page_number_string: 
notes: 
source_full_citation: CVP Kanton Nidwalden. (2009). Statuten der Christlichdemokratischen Volkspartei Nidwalden (CVP Nidwalden). Abgerufen am 27. März 2026 von https://web.archive.org/web/20191012004038/http:/www.cvp-nw.ch/wp-content/uploads/Statuten-CVP-Nidwalden-ab-10-Juni-2010.pdf
source_comment: ",de-CH,CVP Nidwalden,Christlichdemokratischen Volkspartei Nidwalden,CVP NW,,,,,,,,,,,,,,,,,,year,1970-07-01T12:00:00,,,exact,2021-05-12T12:00:00,,,,,,,,,
329,205,,"page_number_string: 
notes: 
source_full_citation: Schleifer-Stöckli, K. (2017). Kanton Nidwalden: Der Staat im 19. und 20. Jahrhundert, Politische Geschichte und Verfassungsentwicklung. In Historisches Lexikon der Schweiz (HLS). Abgerufen am 27. März 2026 von https://hls-dhs-dss.ch/de/articles/007411/2017-05-11/#HPolitischeGeschichteundVerfassungsentwicklung
source_comment: ",de-CH,,Katholisch-konservative Partei Nidwalden,KKVP NW,,,,,,,,,,,,,,,,,,year,1896-07-01T12:00:00,,,year,1970-07-01T12:00:00,,,,,,,,,
330,206,,"page_number_string: 
notes: 
source_full_citation: Schleifer-Stöckli, K. (2017). Kanton Nidwalden: Der Staat im 19. und 20. Jahrhundert, Politische Geschichte und Verfassungsentwicklung. In Historisches Lexikon der Schweiz (HLS). Abgerufen am 27. März 2026 von https://hls-dhs-dss.ch/de/articles/007411/2017-05-11/#HPolitischeGeschichteundVerfassungsentwicklung
source_comment: ",de-CH,,Christlichsoziale Partei Nidwalden,CSP NW,,,,,,,,,,,,,,,,,,year,1946-07-01T12:00:00,,,year,1970-07-01T12:00:00,,,,,,,,,
331,207,,"page_number_string: 
notes: 
source_full_citation: Grüne Kanton Nidwalden. (2026). Geschichte. Abgerufen am 27. März 2026 von https://gruenenidwalden.ch/geschichte_neu/
source_comment: 

page_number_string: 
notes: 
source_full_citation: Demokratisches Nidwalden. (2007). Statuten des Demokratischen Nidwalden - DN. Abgerufen am 27. März 2026 von http://www.demokratischesnidwalden.ch/docs/DNStatuten.pdf
source_comment: ",de-CH,DN,Demokratisches Nidwalden,DN NW,,,,,,,,,,,,,,,,,,exact,1982-01-08T12:00:00,,,exact,2009-01-01T12:00:00,,,,,,,,,
332,207,,"page_number_string: 
notes: 
source_full_citation: Grüne Kanton Nidwalden. (2009). Statuten Grüne Nidwalden. Abgerufen am 27. März 2026 von https://gruenenidwalden.ch/wp-content/uploads/sites/26/2018/06/090101_Statuten-Gr%C3%BCne.pdf
source_comment: ",de-CH,,Grüne Nidwalden,Grüne NW,,,,,,,,,,,,,,,,,,exact,2009-01-01T12:00:00,,,,,,,,,,,,,
333,208,,"page_number_string: 
notes: 
source_full_citation: GLP Kanton Nidwalden. (2023). Statuten. Abgerufen am 27. März 2026 von https://nw.grunliberale.ch/wp-content/uploads/sites/6/2025/02/2023-5-Statuten-unterschrieben-GLP-NW.pdf
source_comment: ",de-CH,glp NW,Grünliberale Partei Nidwalden,GLP NW,,,,,,,,,,,,,,,,,,exact,2021-06-21T12:00:00,,,,,,,,,,,,,
334,209,,,fr-CH,,"Précurseurs du parti des paysans, artisans et indépendants",PAI précurseurs,,,,de-CH,,"Vorläufer der Bauern-, Gewerbe und Bürgerpartei",BGB-Vorläufer,,,,,,,,,,,unknown,1920-01-01T12:00:00,,,exact,1936-12-23T12:00:00,,,,,,,,,
335,210,,"page_number_string: 
notes: 
source_full_citation: SVP Kanton Glarus. (2003). Geschichte der Glarner SVP. Abgerufen am 31. März 2026 von https://www.yumpu.com/de/document/read/21297149/geschichte-der-glarner-svp-svp-glarus/1
source_comment: ",de-CH,DAP,Demokratische und Arbeiterpartei des Kantons Glarus,DAP GL,,,,,,,,,,,,,,,,,,year,1928-07-01T12:00:00,,,exact,1971-09-22T12:00:00,,,,,,,,,
336,210,,"page_number_string: 
notes: 
source_full_citation: SVP Kanton Glarus. (2003). Geschichte der Glarner SVP. Abgerufen am 31. März 2026 von https://www.yumpu.com/de/document/read/21297149/geschichte-der-glarner-svp-svp-glarus/1
source_comment: ",de-CH,DVP,Demokratische Volkspartei des Kantons Glarus,DVP GL,,,,,,,,,,,,,,,,,,exact,1971-09-22T12:00:00,,,year,1978-07-01T12:00:00,,,,,,,,,
337,210,,"page_number_string: 
notes: 
source_full_citation: SVP Kanton Glarus. (2015). Statuten Schweizerische Volkspartei des Kantons Glarus. Abgerufen am 31. März 2026 von https://www.svp-gl.ch/wp-content/uploads/sites/19/Statuten.pdf
source_comment: ",de-CH,,Schweizerische Volkspartei des Kantons Glarus,SVP GL,,,,,,,,,,,,,,,,,,year,1978-07-01T12:00:00,,,,,,,,,,,,,
338,211,,"page_number_string: 
notes: 
source_full_citation: SP Kanton Glarus. (2001). Statuten der Sozialdemokratischen Partei des Kanton Glarus. Abgerufen am 31. März 2026 von https://web.archive.org/web/20050209024137/https:/spglarus.ch/
source_comment: ",de-CH,SP Kanton Glarus,Sozialdemokratische Partei des Kantons Glarus,SP GL,,,,,,,,,,,,,,,,,,exact,1917-12-30T12:00:00,,,,,,,,,,,,,
339,212,,"page_number_string: 
notes: 
source_full_citation: Rohr, A. (2017). Kanton Glarus: Der Staat im 19. und 20. Jahrhundert, Verfassungs- und politische Geschichte. In Historisches Lexikon der Schweiz (HLS). Abgerufen am 31. März 2026 von https://hls-dhs-dss.ch/de/articles/007374/2017-05-30/#HVerfassungs-undpolitischeGeschichte
source_comment: ",de-CH,ABV,Allgemeine Bürgerliche Volkspartei,ABV GL,,,,,,,,,,,,,,,,,,year,1920-07-01T12:00:00,,,unknown,1975-01-01T12:00:00,,,,,,,,,
340,212,,"page_number_string: 
notes: 
source_full_citation: FDP Kanton Glarus. (2001). Parteiprogramm FDP des Kantons Glarus. Abgerufen am 31. März 2026 von https://web.archive.org/web/20070906093930/http://www.fdp-gl.ch/ParteiprogrammFDPGL.htm
source_comment: ",de-CH,FDP GL,Freisinnig-Demokratische Partei des Kantons Glarus,FDP GL,,,,,,,,,,,,,,,,,,unknown,1975-01-01T12:00:00,,,multiyear,2009-01-01T12:00:00,,,,,,,,,
341,212,,"page_number_string: 
notes: 
source_full_citation: FDP.Die Liberalen Kanton Glarus. (2020). Statuten der FDP.Die Liberalen des Kantons Glarus. Abgerufen am 31. März 2026 von https://www.fdp-gl.ch/fileadmin/groups/208/pdf/Statuten_FDP_GL_2020.pdf
source_comment: ",de-CH,FDP GL,FDP.Die Liberalen des Kantons Glarus,FDPLIB GL,,,,,,,,,,,,,,,,,,multiyear,2009-01-01T12:00:00,,,,,,,,,,,,,
342,213,,"page_number_string: 
notes: 
source_full_citation: Mitte Kanton Glarus. (28. Mai 2022). «Die Mitte Glarus» heisst neu «Die Mitte Glarnerland». Abgerufen am 31. März 2026 von https://gl.die-mitte.ch/die-mitte-glarus-heisst-neu-die-mitte-glarnerland/
source_comment: 

page_number_string: 
notes: 
source_full_citation: Mitte Kanton Glarus. (2022). Statuten der Partei Die Mitte Glarnerland. Abgerufen am 31. März 2026 von https://gl.die-mitte.ch/wp-content/uploads/sites/6/2023/07/Statuten-Die-Mitte-Glarnerland02.05.2022.pdf
source_comment: ",de-CH,,Die Mitte Glarnerland,Mitte GL,,,,,,,,,,,,,,,,,,exact,2022-05-28T12:00:00,,,,,,,,,,,,,
343,213,,"page_number_string: 
notes: 
source_full_citation: Mitte Kanton Glarus. (28. Mai 2022). «Die Mitte Glarus» heisst neu «Die Mitte Glarnerland». Abgerufen am 31. März 2026 von https://gl.die-mitte.ch/die-mitte-glarus-heisst-neu-die-mitte-glarnerland/
source_comment: ",de-CH,,Die Mitte Glarus,Mitte GL,,,,,,,,,,,,,,,,,,exact,2021-05-12T12:00:00,,,exact,2022-05-28T12:00:00,,,,,,,,,
344,214,,"page_number_string: 
notes: 
source_full_citation: Rohr, A. (2017). Kanton Glarus: Der Staat im 19. und 20. Jahrhundert, Verfassungs- und politische Geschichte. In Historisches Lexikon der Schweiz (HLS). Abgerufen am 31. März 2026 von https://hls-dhs-dss.ch/de/articles/007374/2017-05-30/#HVerfassungs-undpolitischeGeschichte
source_comment: ",de-CH,,Katholische Volkspartei,KVP GL,,,,,,,,,,,,,,,,,,year,1903-07-01T12:00:00,,,unknown,1970-01-01T12:00:00,,,,,,,,,
345,214,,"page_number_string: 
notes: 
source_full_citation: CVP Kanton Glarus. (2016). Statuten der Christlichdemokratischen Volkspartei (CVP) des Kantons Glarus. Abgerufen am 31. März 2026 von https://web.archive.org/web/20191012003046/http://cvp-glarus.ch/wp-content/uploads/2016/08/CVP_Statuten_11.02.2016.pdf
source_comment: ",de-CH,CVP des Kantons Glarus,Christlichdemokratische Volkspartei des Kantons Glarus,CVP GL,,,,,,,,,,,,,,,,,,unknown,1970-01-01T12:00:00,,,exact,2021-05-12T12:00:00,,,,,,,,,
346,215,,"page_number_string: 
notes: 
source_full_citation: Grüne Kanton Glarus. (2026). Portrait. Abgerufen am 31. März 2026 von https://gruene-gl.ch/partei/portrait/
source_comment: ",de-CH,GUG,Glarner Umweltgruppen,GUG GL,,,,,,,,,,,,,,,,,,exact,1987-03-18T12:00:00,,,year,2000-07-01T12:00:00,,,,,,,,,
347,215,,"page_number_string: 
notes: 
source_full_citation: Grüne Kanton Glarus. (2025). Statuten der Grünen des Kantons Glarus. Abgerufen am 31. März 2026 von https://gruene-gl.ch/wp-content/uploads/sites/2/2025/04/2025.01.25_Statuten_Gruene-GL.pdf
source_comment: ",de-CH,,Grüne des Kantons Glarus,Grüne GL,,,,,,,,,,,,,,,,,,year,2000-07-01T12:00:00,,,,,,,,,,,,,
348,216,,"page_number_string: 
notes: 
source_full_citation: GLP Kanton Glarus. (2013). Statuten der Grünliberalen Glarus. Abgerufen am 31. März 2026 von https://web.archive.org/web/20231023232804/https:/gl.grunliberale.ch/dam/jcr:05ddbf76-3493-4ee6-a40f-5158745d5771/Statuten-glp%20glarus.pdf
source_comment: ",de-CH,GLP Glarus,Grünliberale Glarus,GLP GL,,,,,,,,,,,,,,,,,,exact,2013-03-14T12:00:00,,,,,,,,,,,,,
349,217,"note_translations: languages_code: de-CH
note: Eigene Bezeichnung","page_number_string: 
notes: 
source_full_citation: EDU Kanton Glarus. (2023). Kontakt. Abgerufen am 31. März 2026 von https://web.archive.org/web/20231003132358/https:/www.edu-glarus.ch/kontakt.html
source_comment: ",de-CH,EDU Glarus,Eidgenössisch-Demokratische Union Kanton Glarus,EDU GL,EDU Kanton Glarus,,,,,,,,,,,,,,,,,year,1991-07-01T12:00:00,,,,,,,,,,,,,
350,218,,"page_number_string: 
notes: 
source_full_citation: BDP Kanton Glarus. (2008). Statuten. Abgerufen am 07. April 2026 von https://web.archive.org/web/20191012002015/https:/www.bdp.info/data/uploads/gl/cd-elemente/statuten-bdp-glarus.pdf
source_comment: ",de-CH,BDP Kanton Glarus,Bürgerlich-Demokratische Partei des Kantons Glarus,BDP GL,,,,,,,,,,,,,,,,,,exact,2008-08-28T12:00:00,,,exact,2021-05-12T12:00:00,,,,,,,,,
351,219,"note_translations: languages_code: de-CH
note: Eigene Namensbezeichnung",,de-CH,,Demokraten Glarus,Dem GL,,,,,,,,,,,,,,,,,,year,1902-07-01T12:00:00,,,year,1928-07-01T12:00:00,,,,,,,,,
352,220,,"page_number_string: 61
notes: 
source_full_citation: SP Schweiz. (Hrsg.). (2013). Einig - aber nicht einheitlich. 125 Jahre Sozialdemokratische Partei der Schweiz. Redboox edition und Limmat Verlag Zürich.
source_comment: ",de-CH,,Glarner Grütliverein,Grüt. GL,,,,,,,,,,,,,,,,,,year,1838-07-01T12:00:00,,,year,1927-07-01T12:00:00,,,,,,,,,
353,221,,"page_number_string: 
notes: 
source_full_citation: SVP Kanton Zug. (2010). Statuten. Abgerufen am 07. April 2026 von https://www.svp-zug.ch/wp-content/uploads/sites/11/Statuten_SVP_ZG_v6.pdf
source_comment: ",de-CH,SVP Kanton Zug,Schweizerische Volkspartei des Kantons und Freistaates Zug,SVP ZG,,,,,,,,,,,,,,,,,,exact,1991-09-11T12:00:00,,,,,,,,,,,,,
354,222,,"page_number_string: 
notes: 
source_full_citation: SP Kanton Zug. (2013). Statuten der Sozialdemokratischen Partei des Kantons Zug. Abgerufen am 13. April 2026 von https://sp-zug.ch/wp-content/uploads/2023/07/statuten-sp-kt-zug-totalrevision-2013-def-nach-parteitag.pdf
source_comment: 

page_number_string: 23
notes: 
source_full_citation: Jans, A. & Aeschlimann, R. (1988). 100 Jahre SP: Die Sozialdemokratische Partei im Kanton Zug von ihren Anfãngen bis 1988. SP Kanton Zug.
source_comment: ",de-CH,SP Kanton Zug,Sozialdemokratische Partei des Kantons Zug,SP ZG,,,,,,,,,,,,,,,,,,year,1912-07-01T12:00:00,,,,,,,,,,,,,
355,223,,"page_number_string: 
notes: 
source_full_citation: FDP.Die Liberalen Kanton Zug. (2012). Statuten der FDP.Die Liberalen Zug. Abgerufen am 13. April 2026 von https://www.fdp-zg.ch/fileadmin/groups/147/Zug_Kanton/pdf/fdp_statuten_20120329_ohne_anhang-b.pdf
source_comment: ",de-CH,,FDP.Die Liberalen Zug,FDPLIB ZG,,,,,,,,,,,,,,,,,,multiyear,2010-01-01T12:00:00,,,,,,,,,,,,,
356,224,,"page_number_string: 
notes: 
source_full_citation: Morosoli, R. (2013). Kanton Zug: Der Staat im 19. und 20. Jahrhundert, Politische Geschichte und Verfassungsgeschichte. In Historisches Lexikon der Schweiz (HLS). Abgerufen am 13. April 2026 von https://hls-dhs-dss.ch/de/articles/007373/2019-04-24/#HPolitischeGeschichteundVerfassungsgeschichte
source_comment: ",de-CH,,Conservative Partei,CP ZG,,,,,,,,,,,,,,,,,,year,1885-07-01T12:00:00,,,year,1910-07-01T12:00:00,,,,,,,,,
357,224,,"page_number_string: 
notes: 
source_full_citation: Morosoli, R. (2013). Kanton Zug: Der Staat im 19. und 20. Jahrhundert, Politische Geschichte und Verfassungsgeschichte. In Historisches Lexikon der Schweiz (HLS). Abgerufen am 13. April 2026 von https://hls-dhs-dss.ch/de/articles/007373/2019-04-24/#HPolitischeGeschichteundVerfassungsgeschichte
source_comment: ",de-CH,,Conservative Volks- und Arbeiterpartei,CVAP ZG,,,,,,,,,,,,,,,,,,year,1910-07-01T12:00:00,,,unknown,1930-01-01T12:00:00,,,,,,,,,
358,224,,"page_number_string: 
notes: 
source_full_citation: CVP Kanton Zug. (2014). Statuten der Christlichdemokratischen Volkspartei des Kantons Zug. Abgerufen am 13. April 2026 von https://web.archive.org/web/20191012010850/https:/www.cvp-zug.ch/wp-content/uploads/2016/05/140312-Statuten-CVP-Kanton-ZUG-2001-revidiert-2014.pdf
source_comment: ",de-CH,,Christlichdemokratische Volkspartei des Kantons Zug,CVP ZG,,,,,,,,,,,,,,,,,,unknown,1970-01-01T12:00:00,,,exact,2021-06-01T12:00:00,,,,,,,,,
359,224,,"page_number_string: 
notes: 
source_full_citation: Mitte Kanton Zug. (2021). Statuten. Abgerufen am 13. April 2026 von https://zg.die-mitte.ch/wp-content/uploads/sites/318/2022/04/Statuten-Mitte-Kanton-Zug.pdf
source_comment: ",de-CH,,Die Mitte Kanton Zug,Mitte ZG,,,,,,,,,,,,,,,,,,exact,2021-06-01T12:00:00,,,,,,,,,,,,,
360,225,,"page_number_string: 
notes: 
source_full_citation: ?. (02. Juli 2009). Namenswechsel bei den Zuger Alternativen. Blick. Abgerufen am 13. April 2026 von https://essentials.swissdox.ch/
source_comment: 

page_number_string: 
notes: 
source_full_citation: ALG Kanton Zug. (2026). Portrait. Abgerufen am 13. April 2026 von https://gruene-zug.ch/alg-zug/partei/portrait
source_comment: ",de-CH,ALG Zug,Alternative – die Grünen Zug,ALG ZG,,,,,,,,,,,,,,,,,,exact,2009-07-01T12:00:00,,,,,,,,,,,,,
361,225,,"page_number_string: 
notes: 
source_full_citation: Meyer, W. (02. Juli 2009). So heissen sie nun. Neue Luzerner Zeitung. Abgerufen am 13. April 2026 von https://essentials.swissdox.ch/
source_comment: ",de-CH,,Alternative Zug,AL ZG,,,,,,,,,,,,,,,,,,exact,2005-08-27T12:00:00,,,exact,2009-07-01T12:00:00,,,,,,,,,
362,226,,"page_number_string: 
notes: 
source_full_citation: Wikipedia. (2026). Alternative – die Grünen Zug. Abgerufen am 13. April 2026 von https://de.wikipedia.org/wiki/Alternative_%E2%80%93_die_Gr%C3%BCnen_Zug
source_comment: 

page_number_string: 
notes: 
source_full_citation: SGA Kanton Zug. (2000). Statuten der SGA des Kantons Zug. Abgerufen am 13. April 2026 von https://web.archive.org/web/20030102203801/http:/www.sga-zug.ch/pages/frame1_sga.htm
source_comment: ",de-CH,SGA,Sozialistisch Grüne Alternative Zug,SGA ZG,SGA des Kantons Zug,,,,,,,,,,,,,,,,,year,1986-07-01T12:00:00,,,year,2005-07-01T12:00:00,,,,,,,,,
363,227,,"page_number_string: 
notes: 
source_full_citation: GLP Kanton Zug. (2007). Statuten der Grünliberalen Partei des Kantons Zug. Abgerufen am 13. April 2026 von https://web.archive.org/web/20110617051653/http:/zg.grunliberale.ch/dokumente/statutenKtZug.pdf
source_comment: ",de-CH,glp Zug,Grünliberale Partei Kanton Zug,GLP ZG,,,,,,,,,,,,,,,,,,exact,2007-11-28T12:00:00,,,,,,,,,,,,,
364,223,,"page_number_string: 
notes: 
source_full_citation: Morosoli, R. (2013). Kanton Zug: Der Staat im 19. und 20. Jahrhundert, Politische Geschichte und Verfassungsgeschichte. In Historisches Lexikon der Schweiz (HLS). Abgerufen am 13. April 2026 von https://hls-dhs-dss.ch/de/articles/007373/2019-04-24/#HPolitischeGeschichteundVerfassungsgeschichte
source_comment: ",de-CH,,Liberaler Verein Zug,Lib. ZG,,,,,,,,,,,,,,,,,,year,1870-07-01T12:00:00,,,year,1894-07-01T12:00:00,,"page_number_string: 23
notes: 
source_full_citation: Jans, A. & Aeschlimann, R. (1988). 100 Jahre SP: Die Sozialdemokratische Partei im Kanton Zug von ihren Anfãngen bis 1988. SP Kanton Zug.
source_comment: ",,,,,,,
365,223,,"page_number_string: 
notes: 
source_full_citation: FDP Kanton Zug. (14. November 1928). Partei-Tag. Zuger Volksblatt. Abgerufen am 13. April 2026 von https://www.e-newspaperarchives.ch/?a=d&d=ZVB19281114-01.2.2
source_comment: 

page_number_string: 
notes: 
source_full_citation: FDP Kanton Zug. (2007). Kontakte / Newsletter-Abo. Abgerufen am 13. April 2026 von https://web.archive.org/web/20070910030103/http:/www.fdp-zg.ch/platform/apps/kontakt/index.asp?MenuID=&ID=52498&Menu=&Item=
source_comment: ",de-CH,FDP des Kantons Zug,Freisinnig-demokratische Partei des Kantons Zug,FDP ZG,,,,,,,,,,,,,,,,,,year,1894-07-01T12:00:00,,"page_number_string: 23
notes: 
source_full_citation: Jans, A. & Aeschlimann, R. (1988). 100 Jahre SP: Die Sozialdemokratische Partei im Kanton Zug von ihren Anfãngen bis 1988. SP Kanton Zug.
source_comment: ",multiyear,2010-01-01T12:00:00,,,,,,,,,
366,228,,"page_number_string: 
notes: 
source_full_citation: EVP Kanton Zug. (2026). Kontakt / Impressum. Abgerufen am 14. April 2026 von https://www.evp-zg.ch/kontakt
source_comment: ",de-CH,EVP Kanton Zug,Evangelische Volkspartei Kanton Zug,EVP ZG,,,,,,,,,,,,,,,,,,exact,2021-12-09T12:00:00,,,,,,,,,,,,,
367,229,,"page_number_string: 
notes: 
source_full_citation: CSP Kanton Zug. (2021). Unsere Politik. Abgerufen am 14. April 2026 von https://web.archive.org/web/20210624184305/http:/csp-zug.ch/partei/unsere-politik
source_comment: ",de-CH,CSP Zug,Christlich Soziale Partei Zug,CSP ZG,,,,,,,,,,,,,,,,,,exact,2003-05-14T12:00:00,,,,,,,,,,,,,
368,230,,"page_number_string: 
notes: 
source_full_citation: EDU Kanton Zug. (2025). Statuten der EDU Kanton Zug. Abgerufen am 14. April 2026 von https://www.edu-kanton-zug.ch/clubdesk/fileservlet?type=file&id=1000065&s=djEtIeBDNMOYWk4kavRoWRPWf_qjVaKgcs6WYgufqK7aWDc=
source_comment: ",de-CH,EDU Kanton Zug,Eidgenössisch-Demokratische Union Kanton Zug,EDU ZG,,,,,,,,,,,,,,,,,,exact,2025-01-24T12:00:00,,,,,,,,,,,,,
369,231,,"page_number_string: 
notes: 
source_full_citation: Dorand, J.-P. (2005). Fribourg (canton) : Le canton aux XIXe et XXe siècles, Histoire politique et constitutionnelle, Des crises à l'ouverture économique (1921-1966). In Dictionnaire historique de la Suisse (DHS). Consulté le  15 avril 2026, sur https://hls-dhs-dss.ch/fr/articles/007379/2023-03-09/
source_comment: 

page_number_string: 
notes: 
source_full_citation: UDC canton de Fribourg. (2026). Histoire du parti. Consulté le 15 avril 2026, sur https://www.udc-fr.ch/parti/histoire-du-parti/
source_comment: ",de-CH,BGU,"Partei der Bauern, des Gewerbes und der Unabhängigen",BGU FR,,,,fr-CH,PAI,"Parti des Paysans, Artisans et Indépendants",PAI FR,,,,,,,,,,,year,1945-07-01T12:00:00,,,unknown,1971-01-01T12:00:00,,,,,,,,,
370,231,,"page_number_string: 
notes: 
source_full_citation: Dorand, J.-P. (2005). Fribourg (canton) : Le canton aux XIXe et XXe siècles, Histoire politique et constitutionnelle, Des crises à l'ouverture économique (1921-1966). In Dictionnaire historique de la Suisse (DHS). Consulté le  15 avril 2026, sur https://hls-dhs-dss.ch/fr/articles/007379/2023-03-09/
source_comment: ",de-CH,SVP-BGU,"Schweizerische Volkspartei - Bauern, Gewerbe und Unabhängige",SVP-BGU FR,,,,fr-CH,UDC-PAI,"Union démocratique du centre - Paysans, Artisans et Indépendants",UDC PAI FR,,,,,,,,,,,unknown,1971-01-01T12:00:00,,,year,1986-07-01T12:00:00,,,,,,,,,
371,231,,"page_number_string: 
notes: 
source_full_citation: SVP Kanton Freiburg. (2017). Statuten. Abgerufen am 15. April 2026 von https://www.svp-fr.ch/wp-content/uploads/sites/15/SVP_Statuts_2017_DE.pdf
source_comment: 

page_number_string: 
notes: 
source_full_citation: UDC canton Fribourg. (2017). Statuts. Consulté le 15 avril 2026, sur https://www.udc-fr.ch/wp-content/uploads/sites/14/UDC_Statuts_2017.pdf
source_comment: ",de-CH,SVP-FR,Schweizerische Volkspartei des Kantons Freiburg,SVP FR,,,,fr-CH,UDC-FR,Union Démocratique du Centre du canton de Fribourg,UDC FR,,,,,,,,,,,year,1986-07-01T12:00:00,,,,,,,,,,,,,
372,232,,"page_number_string: 
notes: 
source_full_citation: SP Kanton Freiburg. (2026). Aktuelles. Abgerufen am 15. April 2026 von https://ps-fr.ch/de/
source_comment: 

page_number_string: 
notes: 
source_full_citation: PS canton Fribourg. (2021). Statuts PS fribourgeois. Consulté le 15 avril 2026, sur https://ps-fr.ch/wp-content/uploads/2017/02/statut_du_psf_-_approuve_par_le_ps_suisse_08.21._.pdf
source_comment: ",de-CH,SP Freiburg,Sozialdemokratische Partei des Kantons Freiburg,SP FR,,,,fr-CH,PSF,Parti socialiste fribourgeois,PS FR,,,,,,,,,,,year,1908-07-01T12:00:00,,,,,,,,,,,,,
373,222,,,de-CH,,Kantonalverband zugerischer Grütlivereine,Grüt. ZG,,,,,,,,,,,,,,,,,,exact,1889-09-01T12:00:00,,,multiyear,1892-01-01T12:00:00,,,,,,,,,
374,222,,"page_number_string: 23
notes: 
source_full_citation: Jans, A. & Aeschlimann, R. (1988). 100 Jahre SP: Die Sozialdemokratische Partei im Kanton Zug von ihren Anfãngen bis 1988. SP Kanton Zug.
source_comment: ",de-CH,,Freisinnig-demokratische Partei im Kanton Zug,Grüt. ZG,,,,,,,,,,,,,,,,,,multiyear,1892-01-01T12:00:00,,,year,1894-07-01T12:00:00,,,,,,,,,
375,222,,"page_number_string: 23
notes: 
source_full_citation: Jans, A. & Aeschlimann, R. (1988). 100 Jahre SP: Die Sozialdemokratische Partei im Kanton Zug von ihren Anfãngen bis 1988. SP Kanton Zug.
source_comment: ",de-CH,,Demokratische oder Arbeiterpartei des Kantons Zug,Grüt. ZG,,,,,,,,,,,,,,,,,,year,1894-07-01T12:00:00,,,year,1912-07-01T12:00:00,,,,,,,,,
376,233,,"page_number_string: 
notes: 
source_full_citation: PRD canton Fribourg. (2001). Statuts du Parti radical-démocratique fribourgeois du 15 mars 2001. Consulté le 15 avril 2026, sur https://web.archive.org/web/20040725132316/http:/www.prd-fribourg.ch/PRDF-Statuts.pdf
source_comment: ",de-CH,FDPF,Freisinnig-Demokratische Partei des Kantons Freiburg,FDP FR,,,,fr-CH,PRDF,Parti radical-démocratique fribourgeois,PRD FR,,,,,,,,,,,year,1894-07-01T12:00:00,,,year,2006-07-01T12:00:00,,,,,,,,,
377,234,,"page_number_string: 
notes: 
source_full_citation: Bernath, M., Bühlmann, M., Hohl, S. & Schoenholtz, S. (2025). Ausgewählte Beiträge zur Schweizer Politik: Dossier: Die Fusion von LPS und FDP, 2003-2013. Année Politique Suisse. Abgerufen am 09. September 2025 von https://anneepolitique.swiss/dossiers/384-dossier-die-fusion-von-lps-und-fdp
source_comment: 

page_number_string: 
notes: 
source_full_citation: FDP.Die Liberalen Kanton Freiburg. (2022). Statuten der FDP.Die Liberalen des Kantons Freiburg. Abgerufen am 15. April 2026 von https://www.plrf.ch/fileadmin/groups/235/pdf/2022_10_13_Statuts_du_PLRF_DE.pdf
source_comment: ",fr-CH,PLRF,Parti libéral-radical,PLR FR,,,,de-CH,FDPF,FDP.Die Liberalen des Kantons Freiburg,FDPLIB FR,,,,,,,,,,,year,2006-07-01T12:00:00,,,unknown,2010-01-01T12:00:00,,,,,,,,,
378,234,,"page_number_string: 
notes: 
source_full_citation: FDP.Die Liberalen Kanton Freiburg. (2022). Statuten der FDP.Die Liberalen des Kantons Freiburg. Abgerufen am 15. April 2026 von https://www.plrf.ch/fileadmin/groups/235/pdf/2022_10_13_Statuts_du_PLRF_DE.pdf
source_comment: 

page_number_string: 
notes: 
source_full_citation: PLR.Les Libéraux-Radicaux canton Fribourg. (2022). Statuts du PLR.Les Libéraux-Radicaux du canton de Fribourg. Consulté le 15 avril 2026, sur https://www.plrf.ch/fileadmin/groups/235/pdf/2022_10_13_Statuts_du_PLRF.pdf
source_comment: ",de-CH,FDPF,FDP.Die Liberalen des Kantons Freiburg,FDPLIB FR,,,,fr-CH,PLRF,PLR.Les Libéraux-Radicaux du canton de Fribourg,PLR FR,,,,,,,,,,,unknown,2010-01-01T12:00:00,,,,,,,,,,,,,
379,235,,"page_number_string: 
notes: 
source_full_citation: PL Suisse. (2006). Les partis cantonaux. Consulté le 15 avril 2026, sur https://web.archive.org/web/20060714030649/http://www.liberal.ch/index.php?page=2&sousPage=0&ssousPage=2&language=fr
source_comment: ",fr-CH,,Parti libéral fribourgeois,PL FR,,,,de-CH,,Liberale Partei des Kantons Freiburg,LP FR,,,,,,,,,,,exact,1981-04-25T12:00:00,,,year,2006-07-01T12:00:00,,,,,,,,,
380,236,,"page_number_string: 
notes: 
source_full_citation: IdRef - Identifiants et Référentiels pour l'ESR. (2026). Parti démocrate-chrétien fribourgeois (Fribourg, Suisse ; canton). Consulté le 16 avril 2026, sur https://www.idref.fr/257005803
source_comment: ",de-CH,,Freiburgische Konservative Volkspartei,KVP FR,,,,fr-CH,,Parti conservateur populaire fribourgeois,PCP FR,Parti conservateur fribourgeois,,,,,,,,,,year,1857-07-01T12:00:00,,,year,1957-07-01T12:00:00,,,,,,,,,
381,236,,"page_number_string: 
notes: 
source_full_citation: IdRef - Identifiants et Référentiels pour l'ESR. (2026). Parti démocrate-chrétien fribourgeois (Fribourg, Suisse ; canton). Consulté le 16 avril 2026, sur https://www.idref.fr/257005803
source_comment: ",fr-CH,,Parti conservateur-chrétien social fribourgeois,PCCS FR,,,,,,,,,,,,,,,,,,year,1957-07-01T12:00:00,,,year,1970-07-01T12:00:00,,,,,,,,,
382,236,,"page_number_string: 
notes: 
source_full_citation: IdRef - Identifiants et Référentiels pour l'ESR. (2026). Parti démocrate-chrétien fribourgeois (Fribourg, Suisse ; canton). Consulté le 16 avril 2026, sur https://www.idref.fr/257005803
source_comment: 

page_number_string: 
notes: 
source_full_citation: CVP Kanton Freiburg. (2016). Kontakt. Abgerufen am 16. April 2026 von https://web.archive.org/web/20160223062142/http:/pdc-fr.ch/de/contact/
source_comment: ",de-CH,CVP Kanton Freiburg,Christlichdemokratische Volkspartei des Kantons Freiburg,CVP FR,,,,fr-CH,PDC du Canton de Fribourg,Parti démocrate-chrétien fribourgeois,PDC FR,,,,,,,,,,,year,1970-07-01T12:00:00,,,exact,2021-03-15T12:00:00,,,,,,,,,
383,236,,"page_number_string: 
notes: 
source_full_citation: CVP Kanton Freiburg. (22. Februar 2021). Das CVP Freiburg wird zur Mitte. Abgerufen am 16. April 2026 von https://web.archive.org/web/20210917110227/https:/fr.le-centre.ch/wp-content/uploads/2021/02/Das-CVP-Freiburg-wird-zur-Mitte-.pdf
source_comment: 

page_number_string: 
notes: 
source_full_citation: CVP Kanton Freiburg. (2018). Statuten. Abgerufen am 16. April 2026 von https://web.archive.org/web/20191012002251/https://pdc-fr.ch/wp-content/uploads/2018/02/2018.02.01-Statuten_CVP_FR.pdf
source_comment: 

page_number_string: 
notes: 
source_full_citation: PDC canton Fribourg. (2018). Statuts. Consulté le 16 avril 2026, sur https://web.archive.org/web/20191012002251/https:/pdc-fr.ch/wp-content/uploads/2018/02/2018.02.01-statuts_PDC_FR.pdf
source_comment: ",de-CH,,Die Mitte Freiburg,Mitte FR,,,,fr-CH,,Le Centre Fribourg,Centre FR,,,,,,,,,,,exact,2021-03-15T12:00:00,,,,,,,,,,,,,
384,237,,"page_number_string: 
notes: 
source_full_citation: CVP Kanton Freiburg. (22. Februar 2021). Das CVP Freiburg wird zur Mitte. Abgerufen am 16. April 2026 von https://web.archive.org/web/20210917110227/https:/fr.le-centre.ch/wp-content/uploads/2021/02/Das-CVP-Freiburg-wird-zur-Mitte-.pdf
source_comment: 

page_number_string: 
notes: 
source_full_citation: Centre canton Fribourg. (2021). Programme électoral. Consulté le 16 avril 2026, sur https://web.archive.org/web/20210917095512/https:/fr.le-centre.ch/programme-electoral-themes/
source_comment: ",de-CH,,Die Mitte Freiburg,Mitte FR,,,,fr-CH,,Le Centre Fribourg,Centre FR,,,,,,,,,,,exact,2021-07-01T12:00:00,,,,,,,,,,,,,
385,238,,"page_number_string: 
notes: 
source_full_citation: Verts canton Fribourg. (2010). Historique. Consulté le 20 avril 2026, sur https://web.archive.org/web/20100409053902/http:/www.verts-fr.ch/cms/le-parti/historique/
source_comment: ",fr-CH,PEF,Parti écologiste fribourgeois,PEF FR,,,,,,,,,,,,,,,,,,year,1985-07-01T12:00:00,,,year,1990-07-01T12:00:00,,,,,,,,,
386,239,,"page_number_string: 
notes: 
source_full_citation: Vert-e-s canton Fribourg. (2024). Statuts des VERT-E-S Fribourg / Statuten der GRÜNEN Freiburg. Consulté le 20 avril 2026, sur https://verts-fr.ch/wp-content/uploads/sites/8/2024/11/20241030_Statuts-VERT-E-SFR_Statuten-GruneFR.pdf
source_comment: ",de-CH,,GRÜNE Freiburg,Grüne FR,,,,fr-CH,,VERT-E-S Fribourg,Vert-e-s FR,,,,,,,,,,,exact,2020-11-13T12:00:00,,,,,,,,,,,,,
387,239,,"page_number_string: 
notes: 
source_full_citation: Verts canton Fribourg. (2014). Statuts. Consulté le 20 avril 2026, sur https://web.archive.org/web/20191014140636/https:/www.verts-fr.ch/wp-content/uploads/files/parti/statuts_adoptes_ag-05.11.2013-version-revise-definitive.pdf
source_comment: ",de-CH,,Die Freiburger Grünen,Grüne FR,,,,fr-CH,,Les Verts fribourgeois,Verts FR,,,,,,,,,,,year,2003-07-01T12:00:00,,,exact,2020-11-13T12:00:00,,,,,,,,,
388,239,,"page_number_string: 
notes: 
source_full_citation: Verts canton Fribourg. (2010). Historique. Consulté le 20 avril 2026, sur https://web.archive.org/web/20100409053902/http:/www.verts-fr.ch/cms/le-parti/historique/
source_comment: ",fr-CH,,Les VertEs & solidaritéS,Verts FR,,,,,,,,,,,,,,,,,,year,1995-07-01T12:00:00,,,year,2003-07-01T12:00:00,,,,,,,,,
389,239,,"page_number_string: 
notes: 
source_full_citation: Verts canton Fribourg. (2010). Historique. Consulté le 20 avril 2026, sur https://web.archive.org/web/20100409053902/http:/www.verts-fr.ch/cms/le-parti/historique/
source_comment: ",fr-CH,,Les VertEs,Verts FR,,,,,,,,,,,,,,,,,,year,1990-07-01T12:00:00,,,year,1995-07-01T12:00:00,,,,,,,,,
390,240,,"page_number_string: 
notes: 
source_full_citation: GLP Kanton Freiburg. (2022). Statuten der Grünliberalen Partei des Kantons Freiburg (GLP Freiburg). Abgerufen am 20. April 2026 von https://fr.grunliberale.ch/wp-content/uploads/2025/04/Statuten-GLP-Freiburg-V.-29.03.2022.pdf
source_comment: ",de-CH,glp fr,Grünliberale Partei Kanton Freiburg,GLP FR,,,,fr-CH,pvl fr,Parti vert’libéral du canton de Fribourg,PVL FR,,,,,,,,,,,exact,2009-05-08T12:00:00,,,,,,,,,,,,,
391,241,,"page_number_string: 
notes: 
source_full_citation: EVP Kanton Freiburg. (2026). Kontakt. Abgerufen am 20. April 2026 von https://www.evppev-fr.ch/kontakt
source_comment: ",de-CH,EVP FR,Evangelische Volkspartei des Kantons Freiburg,EVP FR,,,,fr-CH,PEV FR,Parti Évangélique Canton de Fribourg,PEV FR,,,,,,,,,,,exact,1996-09-19T12:00:00,,,,,,,,,,,,,
392,242,,"page_number_string: 
notes: 
source_full_citation: CG canton Fribourg. (12 juin 2025). Une vision renouvelée : le CG-PCS devient le « Centre Gauche ». Consulté le 20 avril 2026, sur https://cg-fribourg.ch/une-vision-renouvelee-le-cg-pcs-devient-le-centre-gauche/
source_comment: 

page_number_string: 
notes: 
source_full_citation: CG canton Fribourg. (2025). Statuts du Centre Gauche fribourgeois. Consulté le 20 avril 2026, sur file:///C:/Users/vr22l636/Downloads/Statuts-CG-FR-10.09.2025.pdf
source_comment: ",de-CH,ML,Mitte Links des Kantons Freiburg,ML FR,,,,fr-CH,CG,Centre Gauche fribourgeois,CG FR,,,,,,,,,,,exact,2025-09-10T12:00:00,,,,,,,,,,,,,
393,242,,"page_number_string: 
notes: 
source_full_citation: ML-CSP Kanton Freiburg. (2024). Statuten der Mitte Links-CSP des Kantons Freiburg. Abgerufen am 22. August 2025 von https://cg-pcs-fribourg.ch/statuts-statuten/
source_comment: 

page_number_string: 
notes: 
source_full_citation: Rouleau, C. (13. Januar 2014). Le «Centre-Gauche PCS» est né. La Liberté. Abgerufen am 10. August 2026 von https://essentials.swissdox.ch/de/research?q=eyJmbHQiOlt7ImZsIjoicXVlcnlfdGV4dCIsInZhbCI6WyJDZW50cmUgR2F1Y2hlLVBDUyBGcmlib3VyZyJdfSx7ImZsIjoiZGF0ZXRpbWUiLCJ2YWwiOlsiMTkxMS0xMS0zMFQyMzowMDowMC4wMDBaIiwiMjAxNS0wOS0zMFQyMTo1OTowMC4wMDBaIl19XSwiZXh0Ijp0cnVlLCJzcnQiOnsiZmwiOiJkYXRldGltZSIsImRpciI6ImRlc2MifX0%3D&articleId=994904&articleView=text
source_comment: ",de-CH,ML-CSP Freiburg,Mitte Links-CSP des Kantons Freiburg,ML-CSP FR,,,,fr-CH,CG-PCS Fribourg,Centre Gauche-PCS Fribourg,CG-PCS FR,,,,,,,,,,,exact,2014-01-11T12:00:00,,,exact,2025-09-10T12:00:00,,,,,,,,,
394,242,,"page_number_string: 
notes: 
source_full_citation: Seitz, W. & Schneider, M. (2011). Nationalratswahlen 2011: Der Wandel der Parteienlandschaft seit 1971. Bundesamt für Statistik (BFS).
source_comment: 

page_number_string: 
notes: 
source_full_citation: Gilg, P. (1980). Christlichdemokratische Volkspartei (CVP) 1980. Année Politique Suisse. Abgerufen am 20. April 2026 von https://anneepolitique.swiss/prozesse/52225-christlichdemokratische-volkspartei-cvp-1980
source_comment: ",fr-CH,PCS,Parti chrétien-social,PCS FR,,,,de-CH,,Christlichsoziale Partei Kanton Freiburg,CSP FR,,,,,,,,,,,month,1980-09-15T12:00:00,,,exact,2014-01-11T12:00:00,,,,,,,,,
395,243,,"page_number_string: 17
notes: 
source_full_citation: Seitz, W. & Schneider, M. (2011). Nationalratswahlen 2011: Der Wandel der Parteienlandschaft seit 1971. Bundesamt für Statistik (BFS).
source_comment: 

page_number_string: 112
notes: 
source_full_citation: Casetti, G. (1979). Partei und Christlichsoziale: Die heilsame Unruh. In U. Altermatt & H. P. Fagagnini (Hrsg.), Die CVP zwischen Programm und Wirklichkeit (S. 106-123). Benziger.
source_comment: ",fr-CH,PICS,Parti indépendant chrétien-social,PICS FR,,,,de-CH,,Unabhängig-Christlichsoziale Partei des Kantons Freiburg,UCSP FR,,,,,,,,,,,year,1966-07-01T12:00:00,,,month,1980-09-15T12:00:00,,,,,,,,,
396,244,,"page_number_string: 
notes: 
source_full_citation: EDU Kanton Freiburg. (2014). Statuten der EDU des Kantons Freiburg. Abgerufen am 20. April 2026 von https://www.edu-fr.ch/partei/
source_comment: ",de-CH,EDU FR,Eidgenössisch-Demokratische Union des Kantons Freiburg,EDU FR,,,,fr-CH,UDF FR,Union Démocratique Féderale du canton de Fribourg,UDF FR,,,,,,,,,,,year,1993-07-01T12:00:00,,,,,,,,,,,,,
397,245,"note_translations: languages_code: de-CH
note: Eigene Bezeichnung","page_number_string: 
notes: 
source_full_citation: Zurkinden, A. (29. April 2010). Der Kanton Freiburg hat eine BDP. Freiburger Nachrichten. Abgerufen am 20. April 2026 von https://essentials.swissdox.ch/
source_comment: ",de-CH,BDP Freiburg,Bürgerlich-Demokratische Partei Kanton Freiburg,BDP FR,,,,fr-CH,PBD Fribourg,Parti Bourgeois-Démocratique du canton de Fribourg,PBD FR,,,,,,,,,,,exact,2010-04-28T12:00:00,,,,,,,,,,,,,
398,246,,"page_number_string: 
notes: 
source_full_citation: Schweizerisches Sozialarchiv. (2026). Parti ouvrier et populaire Fribourg Pop-Pdt/Partei der Arbeit Freiburg PdA. Abgerufen am 20. April 2026 von https://www.findmittel.ch/archive/archNeu/Ar201_331.html
source_comment: ",de-CH,,Partei der Arbeit Freiburg,PdA FR,,,,fr-CH,,Parti ouvrier et populaire Fribourg,POP FR,,,,,,,,,,,year,1972-07-01T12:00:00,,,,,,,,,,,,,
399,247,,"page_number_string: 
notes: 
source_full_citation: Verts canton Fribourg. (2010). Historique. Consulté le 20 avril 2026, sur https://web.archive.org/web/20100409053902/http:/www.verts-fr.ch/cms/le-parti/historique/
source_comment: ",fr-CH,,Ecologie et Solidarité,E&S FR,,,,,,,,,,,,,,,,,,year,1985-07-01T12:00:00,,,year,1990-07-01T12:00:00,,,,,,,,,
400,248,,"page_number_string: 170
notes: 
source_full_citation: Müller, H. (1918). Der schweizerische Grütliverein und die ""Junge Schweiz"". Wissen und Leben, 20, 168-175. https://doi.org/10.5169/seals-749829
source_comment: ",de-CH,,Grütliverein,Grüt.,,,,fr-CH,,Société du Grutli,Grut.,,,,,,,,,,,exact,1838-05-20T12:00:00,,,year,1925-07-01T12:00:00,,,,,,,,,
401,249,,"page_number_string: 
notes: 
source_full_citation: SVP Kanton Solothurn. (2002). Statuten. Abgerufen am 21. April 2026 von https://www.svp-so.ch/wp-content/uploads/sites/24/SVP-SO_Statuten.pdf
source_comment: ",de-CH,SVP Kanton Solothurn,Schweizerische Volkspartei des Kantons Solothurn,SVP SO,,,,,,,,,,,,,,,,,,exact,1991-06-20T12:00:00,,,,,,,,,,,,,
402,250,"note_translations: languages_code: de-CH
note: Eigene Bezeichnung.","page_number_string: 
notes: 
source_full_citation: SVP Kanton Solothurn. (2026). Geschichte der SVP im Kanton Solothurn. Abgerufen am 21. April 2026 von https://www.svp-so.ch/geschichte-der-svp-im-kanton-solothurn/
source_comment: ",de-CH,BGB Kanton Solothurn,"Bauern-, Gewerbe- und Bürgerpartei Kanton Solothurn",BGB SO,,,,,,,,,,,,,,,,,,year,1944-07-01T12:00:00,,,year,1947-07-01T12:00:00,,,,,,,,,
403,252,,"page_number_string: 
notes: 
source_full_citation: SP Kanton Solothurn. (2015). Gründung der Arbeiterpartei. Abgerufen am 21. April 2026 von https://sp-so.ch/artikel/grundung-der-arbeiterpartei/
source_comment: ",de-CH,,Solothurner Sektion der Sozialdemokratischen Partei der Schweiz,SP SO (1883),,,,,,,,,,,,,,,,,,exact,1883-02-25T12:00:00,,,exact,1890-09-14T12:00:00,,,,,,,,,
404,251,,"page_number_string: 
notes: 
source_full_citation: SP Kanton Solothurn. (2015). Gründung der Arbeiterpartei. Abgerufen am 21. April 2026 von https://sp-so.ch/artikel/grundung-der-arbeiterpartei/
source_comment: 

page_number_string: 9
notes: 
source_full_citation: SP Kanton Solothurn. (2015). 125 Jahre SP Kanton Solothurn. Abgerufen am 27. April 2026 von https://web.archive.org/web/20160420113659/http://125jahre.sp-so.ch/momentaufnahmen/index.html#0
source_comment: ",de-CH,,Solothurnische Arbeiterpartei,AP SO (1890),,,,,,,,,,,,,,,,,,exact,1890-09-14T12:00:00,,,year,1897-07-01T12:00:00,"note_translations: languages_code: de-CH
note: Alternative Angabe zum Jahr des Namenswechsels beim HLS (https://hls-dhs-dss.ch/de/articles/007386/2023-03-08/#HPolitischeGeschichteundVerfassungsgeschichte): 1916.",,,,,,,,
405,251,,"page_number_string: 
notes: 
source_full_citation: SP Kanton Solothurn. (2022). Statuten der Sozialdemokratischen Partei des Kantons Solothurn (SP). Abgerufen am 21. April 2026 von https://sp-so.ch/wp-content/uploads/2022/10/Statuten_SP_SO.pdf
source_comment: ",de-CH,SP,Sozialdemokratische Partei des Kantons Solothurn,SP SO (1890),,,,,,,,,,,,,,,,,,year,1897-07-01T12:00:00,,,,,,,,,,,,,
406,253,,"page_number_string: 
notes: 
source_full_citation: Wikipedia. (2026). FDP Kanton Solothurn. Abgerufen am 21. April 2026 von https://de.wikipedia.org/wiki/FDP_Kanton_Solothurn
source_comment: ",de-CH,,Liberaler Verein des Kantons Solothurn,LV SO,,,,,,,,,,,,,,,,,,exact,1872-10-06T12:00:00,,,year,1904-07-01T12:00:00,,,,,,,,,
407,253,,"page_number_string: 170
notes: 
source_full_citation: Flatt, K. (1981). 150 Jahre Solothurner Freisinn: sein Weg durch die Geschichte 1830-1981. Freisinnig-demokratische Partei des Kantons Solothurn.
source_comment: ",de-CH,,Freisinnig-demokratische Partei des Kantons Solothurn,FdP SO,,,,,,,,,,,,,,,,,,year,1904-07-01T12:00:00,,,exact,2010-01-01T12:00:00,,,,,,,,,
408,253,,"page_number_string: 
notes: 
source_full_citation: Scheuermeyer, C. (25. August 2009). Sekundärfarbe Grün. Solothurner Zeitung. Abgerufen am 21. April 2026 von https://essentials.swissdox.ch/
source_comment: 

page_number_string: 
notes: 
source_full_citation: FDP.Die Liberalen Kanton Solothurn. (2025). Statuten der FDP.Die Liberalen Kanton Solothurn. Abgerufen am 21. April 2026 https://www.fdp-so.ch/fileadmin/groups/267/pdf/2025/Statuten_2025.pdf
source_comment: ",de-CH,,FDP.Die Liberalen Kanton Solothurn,FDPLIB SO,,,,,,,,,,,,,,,,,,exact,2010-01-01T12:00:00,,,,,,,,,,,,,
409,254,,,de-CH,,Die Mitte Kanton Solothurn,Mitte SO,,,,,,,,,,,,,,,,,,exact,2022-01-01T12:00:00,,,,,,,,,,,,,
410,254,,"page_number_string: 
notes: 
source_full_citation: Wikipedia. (2026). Die Mitte Kanton Solothurn. Abgerufen am 21. April 2026 von https://de.wikipedia.org/wiki/Die_Mitte_Kanton_Solothurn
source_comment: ",de-CH,CVP Kanton Solothurn,Christlichdemokratische Volkspartei des Kantons Solothurn,CVP SO,,,,,,,,,,,,,,,,,,year,1972-07-01T12:00:00,,,exact,2022-01-01T12:00:00,,,,,,,,,
411,254,,"page_number_string: 
notes: 
source_full_citation: Graf, R. (2010). Kanton Solothurn: Der Kanton von 1798 bis zur Gegenwart, Politische Geschichte und Verfassungsgeschichte, Parteienentwicklung vom 19. bis zu Beginn des 21. Jahrhunderts. In Historisches Lexikon der Schweiz (HLS). Abgerufen am 21. April 2026 von https://hls-dhs-dss.ch/de/articles/007386/2023-03-08/#HPolitischeGeschichteundVerfassungsgeschichte
source_comment: ",de-CH,,Solothurnische Volkspartei,VP SO,,,,,,,,,,,,,,,,,,exact,1902-12-07T12:00:00,,,year,1972-07-01T12:00:00,,,,,,,,,
412,255,,"page_number_string: 
notes: 
source_full_citation: BDP Kanton Solothurn. (2009). Statuten. Abgerufen am 21. April 2026 von https://web.archive.org/web/20191011235915/https:/www.bdp.info/data/uploads/so/20-dokumente/einladungenversand/statuten.pdf
source_comment: ",de-CH,BDP Kanton Solothurn,Bürgerlich-Demokratische Partei Kanton Solothurn,BDP SO,,,,,,,,,,,,,,,,,,exact,2009-06-17T12:00:00,,,year,2021-07-01T12:00:00,,,,,,,,,
413,256,,"page_number_string: 
notes: 
source_full_citation: Grüne Kanton Solothurn. (2006). Statuten. Abgerufen am 21. April 2026 von https://gruene-so.ch/wp-content/uploads/sites/2/2015/07/80707_statuten.pdf
source_comment: ",de-CH,,Grüne Kanton Solothurn,Grüne SO,,,,,,,,,,,,,,,,,,year,1990-07-01T12:00:00,,,,,,,,,,,,,
414,257,,"page_number_string: 
notes: 
source_full_citation: GLP Kanton Solothurn. (2019). Statuten der Grünliberalen Partei des Kantons Solothurn. Abgerufen am 21. April 2026 von https://so.grunliberale.ch/wp-content/uploads/sites/15/2025/10/Statuten-2019_03_28.pdf
source_comment: ",de-CH,glp des Kantons Solothurn,Grünliberale Partei des Kantons Solothurn,GLP SO,,,,,,,,,,,,,,,,,,exact,2008-11-03T12:00:00,,,,,,,,,,,,,
415,258,"note_translations: languages_code: de-CH
note: Eigene Bezeichnung.",,de-CH,EVP Kanton Solothurn,Evangelische Volkspartei Kanton Solothurn,EVP SO (1989),,,,,,,,,,,,,,,,,,exact,1989-11-14T12:00:00,,,year,1993-07-01T12:00:00,,,,,,,,,
416,259,,"page_number_string: 
notes: 
source_full_citation: EVP Kanton Solothurn. (2026). Kontakt. Abgerufen am 21. April 2026 von https://www.evppev.ch/kontakt
source_comment: ",de-CH,EVP Kanton Solothurn,Evangelische Volkspartei Kanton Solothurn,EVP SO (2004),,,,,,,,,,,,,,,,,,exact,2004-03-12T12:00:00,,,,,,,,,,,,,
417,260,,,de-CH,EDU Kanton Solothurn,Eidgenössisch-Demokratische Union Kanton Solothurn,EDU SO (1987),,,,,,,,,,,,,,,,,,exact,1987-10-07T12:00:00,,,year,2002-07-01T12:00:00,,,,,,,,,
418,261,,"page_number_string: 
notes: 
source_full_citation: EDU Kanton Solothurn. (2016). Statuten der EDU Kanton Solothurn. Abgerufen am 22. April 2026 von https://web.archive.org/web/20210117174739/https:/edu-solothurn.ch/pdf/Statuten_EDU_Kt_Solothurn.pdf
source_comment: ",de-CH,EDU Kanton Solothurn,Eidgenössisch-Demokratische Union Kanton Solothurn,EDU SO (2008),,,,,,,,,,,,,,,,,,exact,2008-12-04T12:00:00,,,,,,,,,,,,,
419,262,,,de-CH,,Nationale Aktion Kanton Solothurn,NA SO,,,,,,,,,,,,,,,,,,multiyear,1969-01-01T12:00:00,,,year,1977-07-01T12:00:00,,,,,,,,,
420,263,,"page_number_string: 
notes: 
source_full_citation: von Arx, C. (23. Februar 2006). Kanton Solothurn - steiniger Boden für SD. Solothurner Zeitung. Abgerufen am 22. April 2026 von https://essentials.swissdox.ch/
source_comment: ",de-CH,,Schweizer Demokraten Kanton Solothurn,SD SO (1985),,,,,,,,,,,,,,,,,,year,1990-07-01T12:00:00,,,year,1996-07-01T12:00:00,,,,,,,,,
421,263,,"page_number_string: 
notes: 
source_full_citation: von Arx, C. (23. Februar 2006). Kanton Solothurn - steiniger Boden für SD. Solothurner Zeitung. Abgerufen am 22. April 2026 von https://essentials.swissdox.ch/
source_comment: ",de-CH,,Nationale Aktion Kanton Solothurn,NA SO,,,,,,,,,,,,,,,,,,exact,1985-01-30T12:00:00,,,year,1990-07-01T12:00:00,,,,,,,,,
422,264,,,de-CH,,Schweizer Demokraten Kanton Solothurn,SD SO (2006),,,,,,,,,,,,,,,,,,exact,2006-03-04T12:00:00,,,,,,,,,,,,,
423,265,,"page_number_string: 292
notes: 
source_full_citation: Joos, E. (1975). Parteien und Presse im Kanton Schaffhausen [Dissertation Universität Zürich].
source_comment: 

page_number_string: 
notes: 
source_full_citation: Joos, E. (2009). Schaffhausen (Kanton): Der Staat im 19. und 20. Jahrhundert, Politische und Verfassungsentwicklung. In Historisches Lexikon der Schweiz (HLS). Abgerufen am 27. April 2026 von https://hls-dhs-dss.ch/de/articles/007388/2017-05-11/
source_comment: ",de-CH,BP,Bauernpartei des Kantons Schaffhausen,BP SH,,,,,,,,,,,,,,,,,,exact,1918-12-19T12:00:00,,,year,1956-07-01T12:00:00,,,,,,,,,
424,265,,"page_number_string: 
notes: 
source_full_citation: Joos, E. (2009). Schaffhausen (Kanton): Der Staat im 19. und 20. Jahrhundert, Politische und Verfassungsentwicklung. In Historisches Lexikon der Schweiz (HLS). Abgerufen am 27. April 2026 von https://hls-dhs-dss.ch/de/articles/007388/2017-05-11/
source_comment: ",de-CH,BGB Schaffhausen,"Bauern-, Gewerbe und Bürgerpartei des Kantons Schaffhausen",BGB SH,,,,,,,,,,,,,,,,,,year,1956-07-01T12:00:00,,,multiyear,1971-01-01T12:00:00,,,,,,,,,
425,265,,"page_number_string: 
notes: 
source_full_citation: SVP Kanton Schaffhausen. (2023). Statuten Schweizerische Volkspartei SVP Kanton Schaffhausen vom 22. Mai 2023. Abgerufen am 27. April 2026 von https://svp-sh.ch/wp-content/uploads/Statuten-genehmigt-der-DV-mit-Aenderung-Art.-19-v.-22.-Mai-2023.pdf
source_comment: ",de-CH,SVP Schaffhausen,Schweizerische Volkspartei des Kantons Schaffhausen,SVP SH,,,,,,,,,,,,,,,,,,multiyear,1971-01-01T12:00:00,,,,,,,,,,,,,
426,267,,"page_number_string: 371f.
notes: 
source_full_citation: Joos, E. (1975). Parteien und Presse im Kanton Schaffhausen [Dissertation Universität Zürich].
source_comment: ",de-CH,,Sozialdemokratische Partei,SP SH (1921),,,,,,,,,,,,,,,,,,year,1921-07-01T12:00:00,,,exact,1935-07-07T12:00:00,,,,,,,,,
427,266,,"page_number_string: 456
notes: 
source_full_citation: Joos, E. (1975). Parteien und Presse im Kanton Schaffhausen [Dissertation Universität Zürich].
source_comment: ",de-CH,,Sozialistische Arbeiterpartei des Kantons Schaffhausen,SAP SH (1935),,,,,,,,,,,,,,,,,,exact,1935-07-07T12:00:00,,,exact,1961-11-12T12:00:00,,,,,,,,,
428,266,,"page_number_string: 483
notes: 
source_full_citation: Joos, E. (1975). Parteien und Presse im Kanton Schaffhausen [Dissertation Universität Zürich].
source_comment: 

page_number_string: 
notes: 
source_full_citation: SP Kanton Schaffhausen. (2021). Statuten. Abgerufen am 27. April 2026 von https://spsh.ch/wp-content/uploads/2023/08/Statuten_SPSH_genhmigt210703.pdf
source_comment: ",de-CH,SPSH,Sozialdemokratische Partei des Kantons Schaffhausen,SP SH (1935),,,,,,,,,,,,,,,,,,exact,1961-11-12T12:00:00,,,,,,,,,,,,,
429,268,,"page_number_string: 351
notes: 
source_full_citation: Joos, E. (1975). Parteien und Presse im Kanton Schaffhausen [Dissertation Universität Zürich].
source_comment: ",de-CH,,Sozialdemokratische Partei des Kantons Schaffhausen,SP SH,,,,,,,,,,,,,,,,,,year,1911-07-01T12:00:00,,,exact,1921-06-20T12:00:00,,,,,,,,,
430,268,,"page_number_string: 370
notes: 
source_full_citation: Joos, E. (1975). Parteien und Presse im Kanton Schaffhausen [Dissertation Universität Zürich].
source_comment: 

page_number_string: 
notes: 
source_full_citation: Joos, E. (2009). Schaffhausen (Kanton): Der Staat im 19. und 20. Jahrhundert, Politische und Verfassungsentwicklung. In Historisches Lexikon der Schweiz (HLS). Abgerufen am 27. April 2026 von https://hls-dhs-dss.ch/de/articles/007388/2017-05-11/
source_comment: ",de-CH,KP,Kommunistische Partei des Kantons Schaffhausen,KP SH,,,,,,,,,,,,,,,,,,exact,1921-06-20T12:00:00,,,exact,1930-10-23T12:00:00,,,,,,,,,
431,268,,"page_number_string: 423
notes: 
source_full_citation: Joos, E. (1975). Parteien und Presse im Kanton Schaffhausen [Dissertation Universität Zürich].
source_comment: 

page_number_string: 
notes: 
source_full_citation: Joos, E. (2009). Schaffhausen (Kanton): Der Staat im 19. und 20. Jahrhundert, Politische und Verfassungsentwicklung. In Historisches Lexikon der Schweiz (HLS). Abgerufen am 27. April 2026 von https://hls-dhs-dss.ch/de/articles/007388/2017-05-11/
source_comment: ",de-CH,,Kommunistische Partei-Opposition,KPO SH,,,,,,,,,,,,,,,,,,exact,1930-10-23T12:00:00,,,exact,1935-07-07T12:00:00,,,,,,,,,
432,269,,"page_number_string: 211
notes: 
source_full_citation: Joos, E. (1975). Parteien und Presse im Kanton Schaffhausen [Dissertation Universität Zürich].
source_comment: ",de-CH,,Freisinnig-demokratische Partei des Kantons Schaffhausen,FDP SH,,,,,,,,,,,,,,,,,,exact,1904-01-24T12:00:00,,,multiyear,2009-01-01T12:00:00,,,,,,,,,
433,269,,"page_number_string: 
notes: 
source_full_citation: FDP.Die Liberalen Kanton Schaffhausen. (2014). Statuten. Abgerufen am 28. April 2026 von https://www.fdp-sh.ch/fileadmin/groups/448/pdf/Statuten/Statuten_FDP_Kanton_Schaffhausen_1985__Rev_2014__Genehmigt.pdf
source_comment: ",de-CH,FDP SH,FDP.Die Liberalen Kanton Schaffhausen,FDP SH,,,,,,,,,,,,,,,,,,multiyear,2009-01-01T12:00:00,,,,,,,,,,,,,
434,270,,"page_number_string: 254
notes: 
source_full_citation: Joos, E. (1975). Parteien und Presse im Kanton Schaffhausen [Dissertation Universität Zürich].
source_comment: 

page_number_string: 112
notes: 
source_full_citation: Casetti, G. (1979). Partei und Christlichsoziale: Die heilsame Unruh. In U. Altermatt & H. P. Fagagnini (Hrsg.), Die CVP zwischen Programm und Wirklichkeit (S. 106-123). Benziger.
source_comment: ",de-CH,,Christlich-soziale Partei des Kantons Schaffhausen,CSP SH,,,,,,,,,,,,,,,,,,year,1911-07-01T12:00:00,,,exact,1922-05-28T12:00:00,,,,,,,,,
435,270,,"page_number_string: 551
notes: 
source_full_citation: Joos, E. (1975). Parteien und Presse im Kanton Schaffhausen [Dissertation Universität Zürich].
source_comment: ",de-CH,,Katholische Volkspartei des Kantons Schaffhausen,KVP SH,,,,,,,,,,,,,,,,,,exact,1922-05-28T12:00:00,,,exact,1961-05-10T12:00:00,,,,,,,,,
436,270,,"page_number_string: 549
notes: 
source_full_citation: Joos, E. (1975). Parteien und Presse im Kanton Schaffhausen [Dissertation Universität Zürich].
source_comment: ",de-CH,,Katholische und christlichsoziale Volkspartei des Kantons Schaffhausen,KCSP SH,,,,,,,,,,,,,,,,,,exact,1961-05-10T12:00:00,,,year,1971-07-01T12:00:00,,,,,,,,,
437,270,,"page_number_string: 
notes: 
source_full_citation: CVP Kanton Schaffhausen. (2012). Statuten. Abgerufen am 28. April 2026 von https://web.archive.org/web/20191012004347/https:/cvp-sh.ch/wp-content/uploads/2017/04/CVP-Statuten-2012.pdf
source_comment: ",de-CH,,Christlichdemokratische Volkspartei Kanton Schaffhausen,CVP SH,,,,,,,,,,,,,,,,,,year,1971-07-01T12:00:00,,,exact,2021-08-18T12:00:00,,,,,,,,,
438,270,,"page_number_string: 
notes: 
source_full_citation: Mitte Kanton Schaffhausen. (19. August 2021). CVP Kanton Schaffhausen heisst jetzt „Die Mitte Schaffhausen“ und Abstimmungsparolen für den 26. September 2021. Abgerufen am 28. April 2026 von https://sh.die-mitte.ch/cvp-kanton-schaffhausen-heisst-jetzt-die-mitte-schaffhausen-und-abstimmungsparolen-fuer-den-26-september-2021/
source_comment: 

page_number_string: 
notes: 
source_full_citation: Mitte Kanton Schaffhausen. (2021). Statuten. Abgerufen am 28. April 2026 von https://sh.die-mitte.ch/wp-content/uploads/sites/37/2021/10/Statuten-2021-final-1.pdf
source_comment: ",de-CH,,Die Mitte Schaffhausen,Mitte SH,,,,,,,,,,,,,,,,,,exact,2021-08-18T12:00:00,,,,,,,,,,,,,
439,271,,"page_number_string: 
notes: 
source_full_citation: Grüne Kanton Schaffhausen. (2025). Statuten Grüne Partei Schaffhausen. Abgerufen am 28. April 2026 von https://gruene-sh.ch/wp-content/uploads/2026/04/Statuten_Gruene_SH_2025-06_mit_Unterschrift.pdf
source_comment: ",de-CH,Grüne Schaffhausen,Grüne Partei Schaffhausen,Grüne SH,,,,,,,,,,,,,,,,,,exact,2017-01-01T12:00:00,,,,,,,,,,,,,
440,271,,"page_number_string: 
notes: 
source_full_citation: Grüne Kanton Schaffhausen. (2013). Statuten der ÖBS vom 25. Oktober 1990 (revidierte Fassung vom 16. Mai 2013). Abgerufen am 28. April 2026 von https://web.archive.org/web/20160210130246/http:/oekoliberale.ch/partei/statuten/
source_comment: ",de-CH,ÖBS,Ökoliberale Bewegung Schaffhausen,ÖBS SH,,,,,,,,,,,,,,,,,,year,1990-07-01T12:00:00,,,exact,2017-01-01T12:00:00,,,,,,,,,
441,272,,"page_number_string: 
notes: 
source_full_citation: GLP Kanton Schaffhausen. (2014). Statuten der Grünliberalen Partei des Kantons Schaffhausen. Abgerufen am 28. April 2026 von https://sh.grunliberale.ch/wp-content/uploads/sites/14/2025/08/GLP_Statuten_140630.pdf
source_comment: ",de-CH,glp SH,Grünliberale Partei des Kantons Schaffhausen,GLP SH,,,,,,,,,,,,,,,,,,exact,2014-06-30T12:00:00,,,,,,,,,,,,,
442,273,,"page_number_string: 
notes: 
source_full_citation: EVP Kanton Schaffhausen. (2019). Statuten. Abgerufen am 28. April 2026 von https://static1.squarespace.com/static/65e99f4f3100e44d6dd9e1f9/t/6766e6f98de953226170b4df/1734797049606/Statuten+EVP+Kantonalpartei+Schaffhausen+Stand+24.05.2019.doc.pdf
source_comment: ",de-CH,EVP Kanton Schaffhausen,Evangelische Volkspartei Kanton Schaffhausen,EVP SH,,,,,,,,,,,,,,,,,,exact,1922-04-02T12:00:00,,,,,,,,,,,,,
443,274,,"page_number_string: 280
notes: 
source_full_citation: Joos, E. (1975). Parteien und Presse im Kanton Schaffhausen [Dissertation Universität Zürich].
source_comment: ",de-CH,,Evangelisch-soziale Vereinigung,EVP SH,,,,,,,,,,,,,,,,,,exact,1919-01-13T12:00:00,,,exact,1922-04-02T12:00:00,,,,,,,,,
444,275,,"page_number_string: 247
notes: 
source_full_citation: Joos, E. (1975). Parteien und Presse im Kanton Schaffhausen [Dissertation Universität Zürich].
source_comment: 

page_number_string: 
notes: 
source_full_citation: Joos, E. (2009). Schaffhausen (Kanton): Der Staat im 19. und 20. Jahrhundert, Politische und Verfassungsentwicklung. In Historisches Lexikon der Schweiz (HLS). Abgerufen am 27. April 2026 von https://hls-dhs-dss.ch/de/articles/007388/2017-05-11/
source_comment: ",de-CH,LV,Liberaler Verein,LV SH,,,,,,,,,,,,,,,,,,exact,1905-06-26T12:00:00,,,month,1915-02-15T12:00:00,,,,,,,,,
445,275,,"page_number_string: 247
notes: 
source_full_citation: Joos, E. (1975). Parteien und Presse im Kanton Schaffhausen [Dissertation Universität Zürich].
source_comment: 

page_number_string: 
notes: 
source_full_citation: Joos, E. (2009). Schaffhausen (Kanton): Der Staat im 19. und 20. Jahrhundert, Politische und Verfassungsentwicklung. In Historisches Lexikon der Schweiz (HLS). Abgerufen am 27. April 2026 von https://hls-dhs-dss.ch/de/articles/007388/2017-05-11/
source_comment: ",de-CH,LDP,Liberal-demokratische Partei des Kantons Schaffhausen,LDP SH,,,,,,,,,,,,,,,,,,month,1915-02-15T12:00:00,,,exact,1922-04-02T12:00:00,,,,,,,,,
446,276,,"page_number_string: 
notes: 
source_full_citation: EDU Kanton Schaffhausen. (2014). Statuten der EDU Kanton Schaffhausen. Abgerufen am 28. April 2026 von https://www.edu-sh.ch/wp-content/uploads/sites/17/2025/01/EDU-SH-Statuten-2014.pdf
source_comment: ",de-CH,EDU Schaffhausen,Eidgenössisch-Demokratische Union des Kantons Schaffhausen,EDU SH,EDU-SH,,,,,,,,,,,,,,,,,exact,1985-04-27T12:00:00,,,,,,,,,,,,,
447,277,,"page_number_string: 25
notes: 
source_full_citation: Grüne Schweiz (2023). Geschichte der Grünen in der Schweiz. Abgerufen am 09. September 2025 von https://gruene.ch/wp-content/uploads/2023/07/230509_Geschichte-der-Gruenen_d.pdf
source_comment: ",de-CH,,Grünes Bündnis Schaffhausen,GB SH,,,,,,,,,,,,,,,,,,year,1987-07-01T12:00:00,,,year,2004-07-01T12:00:00,,,,,,,,,
448,278,,"page_number_string: 569f.
notes: 
source_full_citation: Joos, E. (1975). Parteien und Presse im Kanton Schaffhausen [Dissertation Universität Zürich].
source_comment: ",de-CH,,Standesring Schaffhausen,LdU SH,,,,,,,,,,,,,,,,,,month,1937-03-15T12:00:00,,,,,,,,,,,,,
449,279,,"page_number_string: 488
notes: 
source_full_citation: Joos, E. (1975). Parteien und Presse im Kanton Schaffhausen [Dissertation Universität Zürich].
source_comment: ",de-CH,,Programm S,Programm S SH,,,,,,,,,,,,,,,,,,exact,1972-12-01T12:00:00,,,year,1974-07-01T12:00:00,,,,,,,,,
450,279,,"page_number_string: 
notes: 
source_full_citation: Schweizerisches Sozialarchiv. (2026). POCH Bern. Abgerufen am 05. Februar 2026 von https://www.findmittel.ch/archive/archNeu/Ar66.html
source_comment: 

page_number_string: 
notes: 
source_full_citation: sda. (08. Juni 1974). Resolutionen der Progressiven. Neue Zürcher Zeitung. Abgerufen am 28. April 2026 von https://www.e-newspaperarchives.ch/?a=d&d=NZZ19740608-01.2.17.8
source_comment: ",de-CH,POCH Schaffhausen,Progressive Organisationen Schaffhausen,POCH SH,,,,,,,,,,,,,,,,,,year,1974-07-01T12:00:00,,,year,1987-07-01T12:00:00,,,,,,,,,
451,280,,,de-CH,SVP AR,Schweizerische Volkspartei von Appenzell Ausserrhoden,SVP AR,,,,,,,,,,,,,,,,,,year,1975-07-01T12:00:00,,,,,,,,,,,,,
452,281,,"page_number_string: 
notes: 
source_full_citation: SP Kanton Appenzell Ausserrhoden. (2019). Statuten 2019. Abgerufen am 04. Mai 2026 von https://sp-ar.ch/wp-content/uploads/2024/01/SP-AR_Statuten_2019.pdf
source_comment: ",de-CH,SP AR,Sozialdemokratische Partei des Kantons Appenzell Ausserrhoden,SP AR,,,,,,,,,,,,,,,,,,year,1913-07-01T12:00:00,,,,,,,,,,,,,
453,282,,"page_number_string: 
notes: 
source_full_citation: Witschi, P. (2019). Appenzell Ausserrhoden: Der Kanton im 19. und 20. Jahrhundert, Politisches Leben. In Historisches Lexikon der Schweiz (HLS). Abgerufen am 04. Mai 2026 von https://hls-dhs-dss.ch/de/articles/007476/2019-10-25/#HPolitischesLeben
source_comment: ",de-CH,,Volksverein,Volksv. AR,,,,,,,,,,,,,,,,,,year,1874-07-01T12:00:00,,,exact,1910-07-03T12:00:00,,,,,,,,,
454,282,,"page_number_string: 
notes: 
source_full_citation: FDP.Die Liberalen Kanton Appenzell Ausserrhoden. (2026). Geschichte der FDP AR. Abgerufen am 04. Mai 2026 von https://www.fdp-ar.ch/partei/geschichte-der-fdp-ar
source_comment: ",de-CH,,Freisinnig-demokratische Partei von Appenzell A.Rh.,FDP AR,,,,,,,,,,,,,,,,,,exact,1910-07-03T12:00:00,,,year,1919-07-01T12:00:00,,,,,,,,,
455,283,,"page_number_string: 
notes: 
source_full_citation: FDP.Die Liberalen Kanton Appenzell Ausserrhoden. (2018). Statuten. Abgerufen am 04. Mai 2026 von https://www.fdp-ar.ch/fileadmin/groups/199/pdf/2018_Statuten_FDP_AR.pdf
source_comment: ",de-CH,FDP.Die Liberalen AR,FDP.Die Liberalen des Kantons Appenzell Ausserrhoden,FDPLIB AR,,,,,,,,,,,,,,,,,,multiyear,2009-01-01T12:00:00,,,,,,,,,,,,,
456,283,,"page_number_string: 
notes: 
source_full_citation: FDP.Die Liberalen Kanton Appenzell Ausserrhoden. (2026). Geschichte der FDP AR. Abgerufen am 04. Mai 2026 von https://www.fdp-ar.ch/partei/geschichte-der-fdp-ar
source_comment: ",de-CH,,Freisinnig-demokratische Partei von Appenzell Ausserrhoden,FDP AR,,,,,,,,,,,,,,,,,,year,1946-07-01T12:00:00,,,multiyear,2009-01-01T12:00:00,,,,,,,,,
457,283,,"page_number_string: 
notes: 
source_full_citation: FDP.Die Liberalen Kanton Appenzell Ausserrhoden. (2026). Geschichte der FDP AR. Abgerufen am 04. Mai 2026 von https://www.fdp-ar.ch/partei/geschichte-der-fdp-ar
source_comment: ",de-CH,,Fortschrittliche Bürgerpartei,Fortsch. BP AR,,,,,,,,,,,,,,,,,,year,1919-07-01T12:00:00,,,year,1946-07-01T12:00:00,,,,,,,,,
458,284,,"page_number_string: 
notes: 
source_full_citation: Mitte Kanton Appenzell Ausserrhoden. (2021). Statuten. Abgerufen am 04. Mai 2026 von https://ar.die-mitte.ch/wp-content/uploads/sites/10/2021/06/Statuten-Die-Mitte-AR-4.pdf
source_comment: ",de-CH,,Die Mitte Appenzell Ausserrhoden,Mitte AR,,,,,,,,,,,,,,,,,,exact,2021-01-01T12:00:00,,,,,,,,,,,,,
459,284,,"page_number_string: 
notes: 
source_full_citation: CVP Kanton Appenzell Ausserrhoden. (2009). Statuten. Abgerufen am 04. Mai 2026 von https://web.archive.org/web/20191012002435/http:/www.cvp-ar.ch/wp-content/uploads/2019/06/CVP-AR-Statuten-2009.pdf
source_comment: ",de-CH,CVP Appenzell Ausserrhoden,Christlichdemokratische Volkspartei des Kantons Appenzell Ausserrhoden,CVP AR,,,,,,,,,,,,,,,,,,unknown,1970-01-01T12:00:00,,,exact,2021-01-01T12:00:00,,,,,,,,,
460,284,,"page_number_string: 
notes: 
source_full_citation: Witschi, P. (2019). Appenzell Ausserrhoden: Der Kanton im 19. und 20. Jahrhundert, Politisches Leben. In Historisches Lexikon der Schweiz (HLS). Abgerufen am 04. Mai 2026 von https://hls-dhs-dss.ch/de/articles/007476/2019-10-25/#HPolitischesLeben
source_comment: ",de-CH,,Katholische Volkspartei,KVP AR,,,,,,,,,,,,,,,,,,year,1933-07-01T12:00:00,,,unknown,1970-01-01T12:00:00,,,,,,,,,
461,285,,"page_number_string: 
notes: 
source_full_citation: EVP Kanton Appenzell Ausserrhoden. (2012). Statuten. Abgerufen am 04. Mai 2026 von https://www.evp-ar.ch/partei/statuten
source_comment: ",de-CH,EVP AR,Evangelische Volkspartei des Kantons Appenzell Ausserrhoden,EVP AR,,,,,,,,,,,,,,,,,,exact,1997-11-26T12:00:00,,,,,,,,,,,,,
462,286,,"page_number_string: 
notes: 
source_full_citation: FDP Frauen beider Basel. (2025). FDP Frauen beider Basel: Eine starke Stimme für liberale Frauen aus Stadt und Land. Abgerufen am 4. Mai 2026 von https://www.fdpfrauenbeiderbasel.ch/aktuell/news/news-detail/news/fdp-frauen-beider-basel-eine-starke-stimme-fuer-liberale-frauen-aus-stadt-und-land
source_comment: 

page_number_string: 
notes: 
source_full_citation: Freisinnige Frauen beider Basel. (2025). Statuten der Freisinnigen Frauen beider Basel (FFBB). Abgerufen am 4. Mai 2026 von https://fdp-frauen-bs.fdp-plr.ch/fileadmin/groups/796/Statuten_FFBB.pdf
source_comment: ",de-CH,FFBB,Freisinnige Frauen beider Basel,FDP-Frauen BS BL,,,,,,,,,,,,,,,,,,exact,2025-06-05T12:00:00,,"page_number_string: 
notes: 
source_full_citation: FDP Frauen beider Basel. (2025). FDP Frauen beider Basel: Eine starke Stimme für liberale Frauen aus Stadt und Land. Abgerufen am 4. Mai 2026 von https://www.fdpfrauenbeiderbasel.ch/aktuell/news/news-detail/news/fdp-frauen-beider-basel-eine-starke-stimme-fuer-liberale-frauen-aus-stadt-und-land
source_comment: ",,,,,,,,,,,
463,286,,"page_number_string: 
notes: ",de-CH,,FDP Frauen Basel-Stadt,FDP-Frauen BS,,,,,,,,,,,,,,,,,,multiyear,1995-01-01T12:00:00,,,exact,2025-06-05T12:00:00,,,,,,,,,
464,287,,"page_number_string: 
notes: 
source_full_citation: SVP Kanton Appenzell Innerrhoden. (2017). Unser Parteiprogramm. Abgerufen am 05. Mai 2026 von https://www.svp-ai.ch/partei/
source_comment: ",de-CH,SVP AI,Schweizerische Volkspartei Appenzell Innerrhoden,SVP AI,,,,,,,,,,,,,,,,,,year,1996-07-01T12:00:00,,,,,,,,,,,,,
465,288,,"page_number_string: 488
notes: 
source_full_citation: Grosser, H. & Hangartner, N. (1993). Appenzell Innerrhoden (Band 3). In Regierungen der beiden Halbkantone Appenzell (Hrsg.), Appenzeller Geschichte: Zur 450-Jahrfeier des Appenzellerbundes 1513-1963. Kantonskanzlei.
source_comment: ",de-CH,,Grütliverein Appenzell,Grüt. AI,,,,,,,,,,,,,,,,,,year,1870-07-01T12:00:00,,,exact,1925-12-15T12:00:00,,,,,,,,,
466,289,"note_translations: languages_code: de-CH
note: In manchen Quellen heisst es, die Partei habe sich 1931 in ""Fortschrittliche Bürgerpartei"" umbenannt (https://hls-dhs-dss.ch/de/articles/007475/2019-10-25/#HStaatundPolitik; Grosser & Hangartner 1993: 471). Aufgrund der detaillierten Angaben bei Huber-Schlatter (1987: 271) scheint es aber plausibler, dass es sich bei der Fortschrittlichen Bürgerpartei um eine andere, konkurrierende Partei handelte.","page_number_string: 490
notes: 
source_full_citation: Grosser, H. & Hangartner, N. (1993). Appenzell Innerrhoden (Band 3). In Regierungen der beiden Halbkantone Appenzell (Hrsg.), Appenzeller Geschichte: Zur 450-Jahrfeier des Appenzellerbundes 1513-1963. Kantonskanzlei.
source_comment: 

page_number_string: 390
notes: 
source_full_citation: Huber-Schlatter, A. (1987). Politische Institutionen des Landsgemeinde-Kantons Appenzell Innerrhoden. Haupt.
source_comment: ",de-CH,,Freisinnig-demokratischer Verein,FDV AI,,,,,,,,,,,,,,,,,,year,1906-07-01T12:00:00,,,exact,1946-06-06T12:00:00,,,,,,,,,
468,290,,"page_number_string: 493
notes: 
source_full_citation: Grosser, H. & Hangartner, N. (1993). Appenzell Innerrhoden (Band 3). In Regierungen der beiden Halbkantone Appenzell (Hrsg.), Appenzeller Geschichte: Zur 450-Jahrfeier des Appenzellerbundes 1513-1963. Kantonskanzlei.
source_comment: ",de-CH,,Katholisch-Konservativen Partei Appenzell Innerrhoden,KKP AI,,,,,,,,,,,,,,,,,,exact,1914-03-29T12:00:00,,,unknown,1988-01-01T12:00:00,,,,,,,,,
469,291,,"page_number_string: 
notes: 
source_full_citation: Küng, J. (2001). Appenzell Innerrhoden: Der Kanton im 19. und 20. Jahrhundert, Staat und Politik, Politisches Leben. In Historisches Lexikon der Schweiz (HLS). Abgerufen am 05. Mai 2026 von https://hls-dhs-dss.ch/de/articles/007475/2019-10-25/#HDerKantonim19.und20.Jahrhundert
source_comment: 

page_number_string: 
notes: 
source_full_citation: Gruppe für Innerrhoden. (2005). Statuten. Abgerufen am 05. Mai 2026 von https://www.gfi-appenzell.ch/wer-wir-sind/statuten/
source_comment: ",de-CH,GFI,Gruppe für Innerrhoden,GFI AI,,,,,,,,,,,,,,,,,,year,1969-07-01T12:00:00,,,,,,,,,,,,,
470,292,,"page_number_string: 
notes: 
source_full_citation: SP Kanton Appenzell Innerrhoden. (2018). Statuten der SP Appenzell lnnerrhoden. Abgerufen am 15. August 2024 von https://sp-ai.ch/partei/statuten
source_comment: ",de-CH,SP AI,Sozialdemokratische Partei des Kantons Appenzell lnnerrhoden,SP AI (2012),,,,,,,,,,,,,,,,,,exact,2012-08-17T12:00:00,,,,,,,,,,,,,
471,293,,"page_number_string: 
notes: 
source_full_citation: FDP.Die Liberalen Kanton Appenzell Innerrhoden. (2026). Kontakt. Abgerufen am 05. Mai 2026 von https://www.fdp-ai.ch/kontakt
source_comment: ",de-CH,,FDP.Die Liberalen Appenzell-Innerrhoden,FDPLIB AI,,,,,,,,,,,,,,,,,,exact,2017-06-09T12:00:00,,,,,,,,,,,,,
472,294,,"page_number_string: 
notes: 
source_full_citation: CVP Kanton Appenzell Innerrhoden. (2018). Statuten der Christlichdemokratischen Volkspartei des Kantons Appenzell Innerrhoden CVP AI. Abgerufen am 05. Mai 2026 von https://web.archive.org/web/20191012002029/http:/www.cvp-ai.ch/wp-content/uploads/2018/11/Statuten_CVP-AI_2018.pdf
source_comment: ",de-CH,CVP AI,Christlichdemokratische Volkspartei des Kantons Appenzell Innerrhoden,CVP AI,,,,,,,,,,,,,,,,,,year,1988-07-01T12:00:00,,,exact,2022-01-01T12:00:00,,,,,,,,,
473,294,,"page_number_string: 
notes: 
source_full_citation: Mitte Kanton Appenzell Innerrhoden. (2022). Statuten der Partei Die Mitte AI. Abgerufen am 05. Mai 2026 von https://ai.die-mitte.ch/wp-content/uploads/sites/228/2022/01/Statuten_Die-Mitte-AI_2022.pdf
source_comment: ",de-CH,Die Mitte AI,Die Mitte des Kantons Appenzell Innerrhoden,Mitte AI,,,,,,,,,,,,,,,,,,exact,2022-01-01T12:00:00,,,,,,,,,,,,,
474,295,,"page_number_string: 33
notes: 
source_full_citation: Bütikofer, S. & Seitz, W. (Hrsg.). (2023). Die Grünen in der Schweiz. Entwicklung - Wirken - Perspektiven. Seismo.
source_comment: 

page_number_string: 
notes: 
source_full_citation: Grüne Appenzellerland. (2004). Statuten. Abgerufen am 06. Mai 2026 von https://web.archive.org/web/20160215213552/http:/www.gruenes-appenzellerland.ch/?page_id=191
source_comment: ",de-CH,GRAL,Grünes Appenzellerland,GRAL Appenz.,,,,,,,,,,,,,,,,,,exact,2004-08-14T12:00:00,,,exact,2016-02-12T12:00:00,,,,,,,,,
475,296,,"page_number_string: 
notes: 
source_full_citation: GLP Appenzellerland. (2021). Statuten der GLP Appenzellerland. Abgerufen am 06. Mai 2026 von https://appenzellerland.grunliberale.ch/wp-content/uploads/sites/4/2025/09/Statuten-der-GLP-Appenzellerland.pdf
source_comment: ",de-CH,GLP Appenzellerland,Grünliberale Partei Appenzellerland,GLP Appenz,,,,,,,,,,,,,,,,,,exact,2021-08-30T12:00:00,,,,,,,,,,,,,
476,297,,"page_number_string: 
notes: 
source_full_citation: EDU Appenzellerland. (2017). Statuten der EDU Appenzellerland. Abgerufen am 06. Mai 2026 von https://www.edu-ar.ch/wp-content/uploads/sites/31/2022/07/EDU-Statuten_Appenzellerland_2017.pdf
source_comment: ",de-CH,EDU Appenzellerland,Eidgenössisch-Demokratische Union Appenzellerland,EDU Appenz,,,,,,,,,,,,,,,,,,year,1997-07-01T12:00:00,,,,,,,,,,,,,
477,298,,"page_number_string: 
notes: 
source_full_citation: SVP Kanton St. Gallen. (2016). Statuten der Schweizerischen Volkspartei des Kantons St. Gallen. Abgerufen am 06. Mai 2026 von https://www.svp-sg.ch/wp-content/uploads/sites/29/Statuten-SVP-Kanton-St.Gallen-3.pdf
source_comment: ",de-CH,SVP des Kantons St. Gallen,Schweizerische Volkspartei des Kantons St. Gallen,SVP SG,,,,,,,,,,,,,,,,,,exact,1992-11-23T12:00:00,,,,,,,,,,,,,
478,299,,"page_number_string: 
notes: 
source_full_citation: SP Kanton St. Gallen. (2013). Statuten SP Kanton St.Gallen. Abgerufen am 06. Mai 2026 von https://sp-sg.ch/wp-content/uploads/2024/07/2406_Statuten-SP-SG.pdf
source_comment: ",de-CH,SP Kanton St.Gallen,Sozialdemokratische Partei des Kantons St.Gallen,SP SG,,,,,,,,,,,,,,,,,,exact,1905-01-15T12:00:00,,,,,,,,,,,,,
479,300,,"page_number_string: 
notes: 
source_full_citation: Staatsarchiv St. Gallen. (2026). Freisinnig Demokratische Partei des Kantons St.Gallen (FDPSG). Abgerufen am 06. Mai 2026 von https://dls.staatsarchiv.sg.ch/records/1089252
source_comment: ",de-CH,,Liberale Partei,LP SG,,,,,,,,,,,,,,,,,,exact,1890-12-14T12:00:00,,,exact,1912-11-03T12:00:00,,,,,,,,,
480,300,,"page_number_string: 
notes: 
source_full_citation: FDP.Die Liberalen Kanton St. Gallen. (2026). Willkommen. Abgerufen am 06. Mai 2026 von https://www.fdp.sg/willkommen
source_comment: 

page_number_string: 
notes: 
source_full_citation: FDP Kanton St. Gallen. (2010). Statuten der FDP des Kantons St.Gallen. Abgerufen am 06. Mai 2026 von https://www.fdp.sg/fileadmin/groups/495/pdf/Freisinn/Statuten_Kanton_2010.pdf
source_comment: ",de-CH,FDP des Kantons St.Gallen,Freisinnig-Demokratische Partei des Kantons St.Gallen,FDP SG,FDP.Die Liberalen Kanton St. Gallen,,,,,,,,,,,,,,,,,exact,1912-11-03T12:00:00,,"page_number_string: 62
notes: 
source_full_citation: Büchler, H. (1982). Erschütterung und Bewährung. 1912 bis 1945: Weltkriege und Zwischenkriegszeit. In Freisinnig-Demokratische Partei (FDP) des Kantons St. Gallen (Hrsg.), Vom liberalen Verein zur modernen FDP - Geschichte des St. Galler Freisinns 1857 - 1982, S. 61-88. Buchdruckerei Flawil.
source_comment: ",,,,,,,,,,,
481,301,,"page_number_string: 
notes: 
source_full_citation: Lemmenmeier, M. (2010). St. Gallen (Kanton): Von der Gründung des Kantons bis zur Gegenwart, Politische Geschichte und Verfassungsentwicklung. In Historisches Lexikon der Schweiz (HLS). Abgerufen am 06. Mai 2026 von https://hls-dhs-dss.ch/de/articles/007390/2017-05-11/
source_comment: 

page_number_string: 22
notes: 
source_full_citation: Holenstein, T. (1934). Geschichte der konservativen Volkspartei des Kantons St.Gallen. Verlag Buchdruckerei Ostschweiz AG St.Gallen.
source_comment: ",de-CH,,Konservative Volkspartei,KVP SG,,,,,,,,,,,,,,,,,,unknown,1850-01-01T12:00:00,,,year,1970-07-01T12:00:00,,,,,,,,,
482,301,,"page_number_string: 
notes: 
source_full_citation: Lemmenmeier, M. (2010). St. Gallen (Kanton): Von der Gründung des Kantons bis zur Gegenwart, Politische Geschichte und Verfassungsentwicklung. In Historisches Lexikon der Schweiz (HLS). Abgerufen am 06. Mai 2026 von https://hls-dhs-dss.ch/de/articles/007390/2017-05-11/
source_comment: 

page_number_string: 
notes: 
source_full_citation: Mitte Kanton St. Gallen. (2014). Statuten CVP Kanton St.Gallen. Abgerufen am 06. Mai 2026 von https://web.archive.org/web/20191012005415/https:/www.cvp-sg.ch/application/files/8615/3718/8965/CVP-SG_Statuten-2014_def.pdf
source_comment: ",de-CH,CVP Kanton St. Gallen,Christlichdemokratische Volkspartei Kanton St.Gallen,CVP SG,,,,,,,,,,,,,,,,,,year,1970-07-01T12:00:00,,,exact,2021-08-25T12:00:00,,,,,,,,,
483,301,,"page_number_string: 
notes: 
source_full_citation: Mitte Kanton St. Gallen. (26. August 2021). ""Die Mitte Kanton St.Gallen"" ist Tatsache. Abgerufen am 06. Mai 2026 von https://web.archive.org/web/20220707023106/https:/sg.die-mitte.ch/communiques/
source_comment: ",de-CH,,Die Mitte Kanton St.Gallen,Mitte SG,,,,,,,,,,,,,,,,,,exact,2021-08-25T12:00:00,,,,,,,,,,,,,
484,302,,"page_number_string: 
notes: 
source_full_citation: Grüne Kanton St. Gallen. (2021). Statuten der GRÜNEN Kanton St.Gallen. Abgerufen am 12. Mai 2026 von https://gruene-sg.ch/wp-content/uploads/2021/05/2021-05-08-Statuten-GRUeNE-SG.pdf
source_comment: ",de-CH,GRÜNE SG,GRÜNE Kanton St.Gallen,Grüne SG,,,,,,,,,,,,,,,,,,multiyear,2017-01-01T12:00:00,,,,,,,,,,,,,
485,302,,"page_number_string: 
notes: 
source_full_citation: Grüne Kanton St. Gallen. (2005). Geschichte der Grünen im Kanton St.Gallen. Abgerufen am 12. Mai 2026 von https://web.archive.org/web/20060224223050/http:/www.gruene-sg.ch/fileadmin/dokumente/Geschichte_Gr_ne_SG_bis__2005.pdf
source_comment: ",de-CH,,Grüne Kanton St. Gallen,Grüne SG,,,,,,,,,,,,,,,,,,year,1993-07-01T12:00:00,,,multiyear,2017-01-01T12:00:00,,,,,,,,,
486,302,,"page_number_string: 
notes: 
source_full_citation: Grüne Kanton St. Gallen. (2005). Geschichte der Grünen im Kanton St.Gallen. Abgerufen am 12. Mai 2026 von https://web.archive.org/web/20060224223050/http:/www.gruene-sg.ch/fileadmin/dokumente/Geschichte_Gr_ne_SG_bis__2005.pdf
source_comment: ",de-CH,GBSG,Grünes Bündnis Kanton St. Gallen,GB SG,,,,,,,,,,,,,,,,,,year,1985-07-01T12:00:00,,,year,1993-07-01T12:00:00,,,,,,,,,
487,302,,"page_number_string: 109
notes: 
source_full_citation: Ziltener, P. (2020). «Teil einer breiten internationalen Überlebensbewegung», Entstehung und Entwicklung der Grünen in St. Gallen, 1983-1989. Abgerufen am 12. Mai 2026 von https://gruene-sg.ch/wp-content/uploads/2020/10/Entstehungsgeschichte_GR%C3%9CNE-Kanton-St.Gallen.pdf
source_comment: ",de-CH,GRAS,Grüne Alternative St. Gallen,GRAS SG,Stamm der Grünen St. Galler,,,,,,,,,,,,,,,,,exact,1983-05-28T12:00:00,,,year,1985-07-01T12:00:00,,,,,,,,,
488,303,,"page_number_string: 
notes: 
source_full_citation: GLP Kanton St. Gallen. (2019). Statuten. Abgerufen am 12. Mai 2026 von https://web.archive.org/web/20210302053500/https:/sg.grunliberale.ch/partei/Statuten.html
source_comment: ",de-CH,glp SG,Grünliberale Partei Kanton St.Gallen,GLP SG,,,,,,,,,,,,,,,,,,exact,2007-07-04T12:00:00,,,month,2022-05-15T12:00:00,,,,,,,,,
489,303,,"page_number_string: 
notes: 
source_full_citation: GLP Kanton St. Gallen. (2024). Statuten. Abgerufen am 12. Mai 2026 von https://sg.grunliberale.ch/wp-content/uploads/sites/10/2025/04/01_Statuten_GLP-Kanton-SG_August-2024-1.pdf
source_comment: ",de-CH,GLP Sg,Grünliberale Partei Kanton St.Gallen,GLP SG,,,,,,,,,,,,,,,,,,month,2022-05-15T12:00:00,,,,,,,,,,,,,
490,304,"note_translations: languages_code: de-CH
note: Eigene Bezeichnung",,de-CH,,Evangelische Volkspartei des Kantons St. Gallen,EVP SG (1928),,,,,,,,,,,,,,,,,,year,1928-07-01T12:00:00,,,year,1953-07-01T12:00:00,,,,,,,,,
491,305,,"page_number_string: 
notes: 
source_full_citation: EVP Kanton St. Gallen. (2011). Statuten der evangelischen Volkspartei (EVP) des Kantons St.Gallen (Kantonalpartei). Abgerufen am 12. Mai 2026 von https://www.evp-sg.ch/fileadmin/user_upload/st-gallen/08_archiv/z_entruempelung-15-07-2025/de/Partei/Statuten/Statuten-kantonalpartei-SG_2011.pdf
source_comment: ",de-CH,EVP des Kantons St.Gallen,Evangelische Volkspartei des Kantons St.Gallen,EVP SG (1971),,,,,,,,,,,,,,,,,,year,1971-07-01T12:00:00,,,,,,,,,,,,,
492,306,,"page_number_string: 
notes: 
source_full_citation: EDU Kanton St. Gallen. (2011). Statuten der EDU Kanton St. Gallen. Abgerufen am 12. Mai 2026 von https://www.edu-sg.ch/wp-content/uploads/sites/20/2022/07/EDU_Statuten-SG-2011_.pdf
source_comment: ",de-CH,EDU Kanton St. Gallen,Eidgenössisch-Demokratische Union Kanton St. Gallen,EDU SG,,,,,,,,,,,,,,,,,,year,1994-07-01T12:00:00,,,,,,,,,,,,,
493,307,,"page_number_string: 
notes: 
source_full_citation: BDP Kanton St. Gallen. (2019). Statuten Bürgerlich-Demokratische Partei Kanton St. Gallen. Abgerufen am 12. Mai 2026 von https://web.archive.org/web/20191012000631/https:/www.bdp.info/data/uploads/sg/downloads/statuten-unterzeichnet-190323.pdf
source_comment: ",de-CH,BDP Kanton St. Gallen,Bürgerlich-Demokratische Partei Kanton St. Gallen,BDP SG,,,,,,,,,,,,,,,,,,exact,2009-01-30T12:00:00,,,year,2020-07-01T12:00:00,,,,,,,,,
494,308,"note_translations: languages_code: de-CH
note: Eigene Bezeichnung",,de-CH,,Partei der Arbeit Kanton St. Gallen,PdA SG (1944),,,,,,,,,,,,,,,,,,year,1944-07-01T12:00:00,,,multiyear,1985-01-01T12:00:00,,,,,,,,,
495,309,,"page_number_string: 
notes: 
source_full_citation: PdA Kanton St. Gallen. (2019). Über uns. Abgerufen am 12. Mai 2026 von https://web.archive.org/web/20191001044259/http:/www.pdasg.ch/
source_comment: ",de-CH,,Partei der Arbeit St.Gallen,PdA SG (2003),,,,,,,,,,,,,,,,,,exact,2003-02-28T12:00:00,,,unknown,2020-01-01T12:00:00,,,,,,,,,
496,310,,"page_number_string: 
notes: 
source_full_citation: Staatsarchiv St. Gallen. (2026). Autopartei / Freiheitspartei St.Gallen (APSG). Abgerufen am 12. Mai 2026 von https://dls.staatsarchiv.sg.ch/records/1089251
source_comment: ",de-CH,APSG,Auto-Partei St.Gallen,AP SG,,,,,,,,,,,,,,,,,,year,1987-07-01T12:00:00,,,month,2000-01-15T12:00:00,,,,,,,,,
497,311,,"page_number_string: 
notes: 
source_full_citation: Wikipedia. (2026). Die Mitte Graubünden. Abgerufen am 13. Mai 2026 von https://de.wikipedia.org/wiki/Die_Mitte_Graub%C3%Bcnden
source_comment: ",de-CH,,Demokratische Partei Graubündens,Dem. GR,,,,,,,,,,,,,,,,,,exact,1919-09-14T12:00:00,,,year,1971-07-01T12:00:00,,,,,,,,,
498,311,,"page_number_string: 
notes: 
source_full_citation: Wikipedia. (2026). Die Mitte Graubünden. Abgerufen am 13. Mai 2026 von https://de.wikipedia.org/wiki/Die_Mitte_Graub%C3%Bcnden
source_comment: 

page_number_string: 
notes: 
source_full_citation: SVP Kanton Graubünden. (2001). Statuten. Abgerufen am 13. Mai 2026 von https://web.archive.org/web/20080216091250/http:/www.svp-gr.ch/Daten/framegesamt.htm
source_comment: ",de-CH,SVP Graubünden,Schweizerische Volkspartei Graubünden,SVP GR,,,,,,,,,,,,,,,,,,year,1971-07-01T12:00:00,,,exact,2008-06-16T12:00:00,,,,,,,,,
499,311,,"page_number_string: 
notes: 
source_full_citation: Wikipedia. (2026). Die Mitte Graubünden. Abgerufen am 13. Mai 2026 von https://de.wikipedia.org/wiki/Die_Mitte_Graub%C3%Bcnden
source_comment: ",de-CH,BPS Graubünden,Bürgerliche Partei Schweiz Graubünden,BPS GR,,,,,,,,,,,,,,,,,,exact,2008-06-16T12:00:00,,,exact,2008-07-02T12:00:00,,,,,,,,,
500,311,,"page_number_string: 
notes: 
source_full_citation: BDP Kanton Graubünden. (2008). Statuten. Abgerufen am 13. Mai 2026 von https://web.archive.org/web/20191012000149/https:/www.bdp.info/data/uploads/gr/textdokumente/statuten_bdp_graubuenden.pdf
source_comment: ",de-CH,BDP Graubünden,Bürgerlich-Demokratische Partei Kanton Graubünden,BDP GR,,,,,,,,,,,,,,,,,,exact,2008-07-02T12:00:00,,,exact,2021-06-06T12:00:00,,,,,,,,,
501,312,,"page_number_string: 
notes: 
source_full_citation: SVP Kanton Graubünden. (2024). Statuten der SVP Graubünden. Abgerufen am 13. Mai 2026 von https://www.svp-gr.ch/wp-content/uploads/sites/8/2024-Statuten-SVP-GR.pdf
source_comment: ",de-CH,SVP Graubünden,Schweizerische Volkspartei des Kantons Graubünden,SVP GR,,,,,,,,,,,,,,,,,,exact,2008-06-19T12:00:00,,,,,,,,,,,,,
502,313,,"page_number_string: 31
notes: 
source_full_citation: Ehinger, P. (1982). Ringen um die Verfassungen. 1803 bis 1890: Die Parteiorganisation entsteht. In Freisinnig-Demokratische Partei (FDP) des Kantons St. Gallen (Hrsg.), Vom liberalen Verein zur modernen FDP - Geschichte des St. Galler Freisinns 1857-1982, S. 24-43. Buchdruckerei Flawil.
source_comment: ",de-CH,,Liberaler Verein Kanton St. Gallen,LV SG,,,,,,,,,,,,,,,,,,exact,1873-04-02T12:00:00,,,exact,1890-12-14T12:00:00,,,,,,,,,
503,314,,"page_number_string: 271
notes: 
source_full_citation: Huber-Schlatter, A. (1987). Politische Institutionen des Landsgemeinde-Kantons Appenzell Innerrhoden. Haupt.
source_comment: ",de-CH,,Fortschrittliche Bürgerpartei,FBP AI,,,,,,,,,,,,,,,,,,year,1931-07-01T12:00:00,,,unknown,1946-01-01T12:00:00,,,,,,,,,
504,315,,"page_number_string: 34
notes: 
source_full_citation: Ehinger, P. (1982). Ringen um die Verfassungen. 1803 bis 1890: Die Parteiorganisation entsteht. In Freisinnig-Demokratische Partei (FDP) des Kantons St. Gallen (Hrsg.), Vom liberalen Verein zur modernen FDP - Geschichte des St. Galler Freisinns 1857-1982, S. 24-43. Buchdruckerei Flawil.
source_comment: ",de-CH,,Demokratische und Arbeiterpartei des Kantons St. Gallen,Dem. SG (1881),,,,,,,,,,,,,,,,,,exact,1881-10-23T12:00:00,,,year,1936-07-01T12:00:00,,,,,,,,,
505,316,,"page_number_string: 30
notes: 
source_full_citation: Eidgenössisches Statistisches Amt. (1929). Statistik der Nationalratswahlen 1919, 1922, 1925 und 1928. A. Francke.
source_comment: ",de-CH,,Demokratische Fortschrittspartei,Dem. FP SG (1927),,,,,,,,,,,,,,,,,,month,1927-11-15T12:00:00,,,unknown,1935-01-01T12:00:00,,,,,,,,,
506,317,,"page_number_string: 
notes: 
source_full_citation: SP Kanton Graubünden. (2023). Statuten der SP Graubünden. Abgerufen am 18. Mai 2026 von https://sp-gr.ch/wp-content/uploads/2024/09/Statuen-SP-GR_15.4.23.pdf
source_comment: ",de-CH,SP GR,Sozialdemokratische Partei des Kantons Graubünden,SP GR,,,,,,,,,,,,,,,,,,exact,1906-05-27T12:00:00,,,,,,,,,,,,,
507,318,,"page_number_string: 
notes: 
source_full_citation: FDP.Die Liberalen Kanton Graubünden. (2024). Statuten FDP.Die Liberalen Graubünden. Abgerufen am 18. Mai 2026 von https://www.fdp-gr.ch/sites/default/files/2025-11/20240519_Statuten-FDP_GR-genehmigt.pdf
source_comment: ",de-CH,,FDP.Die Liberalen des Kantons Graubünden,FDPLIB GR,,,,it-CH,,PLR.I Liberali del Canton Grigioni,PLRLIB GR,,,,,,,,,,,multiyear,2009-01-01T12:00:00,,,,,,,,,,,,,
508,318,,"page_number_string: 
notes: 
source_full_citation: FDP Kanton Graubünden. (2005). Statuten der Freisinnig-Demokratischen Partei Graubünden. Abgerufen am 18. Mai 2026 von https://web.archive.org/web/20231028213637/https:/www.fdp-gr.ch/fileadmin/groups/121/pdf/Statuten_fur_Homepage_aktualisiert.pdf
source_comment: ",de-CH,FDP Graubünden,Freisinnig-Demokratische Partei Graubünden,FDP GR,,,,,,,,,,,,,,,,,,year,1934-07-01T12:00:00,,,multiyear,2009-01-01T12:00:00,,,,,,,,,
509,318,,"page_number_string: 
notes: 
source_full_citation: Eidgenössisches Statistisches Amt. (1929). Statistik der Nationalratswahlen 1919, 1922, 1925 und 1928. A. Francke.
source_comment: ",de-CH,,Freisinnige Partei,FP GR,,,,,,,,,,,,,,,,,,year,1868-07-01T12:00:00,,,year,1934-07-01T12:00:00,,,,,,,,,
510,319,,"page_number_string: 
notes: 
source_full_citation: Mitte Kanton Graubünden. (2021). Statuten. Abgerufen am 18. Mai 2026 von https://gr.die-mitte.ch/wp-content/uploads/sites/8/2022/08/Die-Mitte-GR-Statuten-1.pdf
source_comment: ",de-CH,,Die Mitte Graubünden,Mitte GR,,,,,,,,,,,,,,,,,,exact,2021-06-07T12:00:00,,,,,,,,,,,,,
511,320,,"page_number_string: 
notes: 
source_full_citation: CVP Kanton Graubünden. (2014). Statuten. Abgerufen am 18. Mai 2026 von https://web.archive.org/web/20211205084416/https://www.cvp-gr.ch/wp-content/uploads/2019/03/Statuten-14.pdf
source_comment: ",de-CH,CVP Graubünden,Christlichdemokratische Volkspartei Graubünden,CVP GR,,,,,,,,,,,,,,,,,,exact,1971-02-13T12:00:00,,,exact,2021-06-07T12:00:00,,,,,,,,,
512,320,,"page_number_string: 28
notes: 
source_full_citation: CVP Kanton Graubünden. (2003). 100 jahre cvp graubünden. Spescha & Grünenfelder.
source_comment: ",de-CH,,Konservative und Christlichsoziale Volkspartei Graubünden,KCVP GR,,,,,,,,,,,,,,,,,,exact,1951-09-02T12:00:00,,,exact,1971-02-13T12:00:00,,,,,,,,,
513,320,,"page_number_string: 26f.
notes: 
source_full_citation: CVP Kanton Graubünden. (2003). 100 jahre cvp graubünden. Spescha & Grünenfelder.
source_comment: ",de-CH,,Konservative Volkspartei Graubünden,KVP GR,,,,,,,,,,,,,,,,,,exact,1938-11-20T12:00:00,,,exact,1951-09-02T12:00:00,,,,,,,,,
514,320,,"page_number_string: 21
notes: 
source_full_citation: CVP Kanton Graubünden. (2003). 100 jahre cvp graubünden. Spescha & Grünenfelder.
source_comment: ",de-CH,,Konservativ-demokratische Partei Graubündens,KDP GR,,,,,,,,,,,,,,,,,,exact,1903-05-22T12:00:00,,,exact,1938-11-20T12:00:00,,,,,,,,,
515,321,,"page_number_string: 
notes: 
source_full_citation: Grüne Kanton Graubünden. (2024). Statuten. Abgerufen am 18. Mai 2026 von https://gruene-gr.ch/wp-content/uploads/sites/2/2024/03/2024-Statuten-Gruene-Graubuenden.pdf
source_comment: ",de-CH,,GRÜNE Graubünden,Grüne GR,,,,,,,,,,,,,,,,,,unknown,2020-01-01T12:00:00,,,,,,,,,,,,,
516,321,,"page_number_string: 
notes: 
source_full_citation: Verda Kanton Graubünden. (2007). Statuten. Abgerufen am 18. Mai 2026 von https://web.archive.org/web/20231025003828/https:/gruene-gr.ch/wp-content/uploads/sites/2/2022/05/2007-Statuten-Gruene-Graubuenden.pdf
source_comment: ",de-CH,VERDA,VERDA – Grünes Graubünden,Verda GR,,,,,,,,,,,,,,,,,,exact,2007-06-26T12:00:00,,,unknown,2020-01-01T12:00:00,,,,,,,,,
517,322,,"page_number_string: 33
notes: 
source_full_citation: Bütikofer, S. & Seitz, W. (Hrsg.). (2023). Die Grünen in der Schweiz. Entwicklung - Wirken - Perspektiven. Seismo.
source_comment: ",de-CH,,La Verda,Verda GR,,,,,,,,,,,,,,,,,,year,1987-07-01T12:00:00,,,year,2003-07-01T12:00:00,,,,,,,,,
518,323,,"page_number_string: 
notes: 
source_full_citation: GLP Kanton Graubünden. (2008). Statuten der Grünliberalen Partei des Kantons Graubünden. Abgerufen am 18. Mai 2026 von https://web.archive.org/web/20110830144532/http:/www.gr.grunliberale.ch/dokumente/grundlagen/statuten.pdf
source_comment: ",de-CH,,Grünliberale Kanton Graubünden,GLP GR,,,,,,,,,,,,,,,,,,exact,2008-02-27T12:00:00,,,,,,,,,,,,,
519,324,,"page_number_string: 
notes: 
source_full_citation: EVP Kanton Graubünden. (2023). Statuten. Abgerufen am 18. Mai 2026 von https://www.evp-gr.ch/fileadmin/user_upload/graubuenden/pdf/evp_gr_statuten_aktuell.pdf
source_comment: ",de-CH,EVP GR,Evangelische Volkspartei Graubünden,EVP GR,,,,,,,,,,,,,,,,,,exact,2007-05-12T12:00:00,,,,,,,,,,,,,
520,325,,,de-CH,,Christlichsoziale Partei Graubünden,CSP GR (1987),,,,,,,,,,,,,,,,,,year,1987-07-01T12:00:00,,,month,2000-06-15T12:00:00,,,,,,,,,
521,326,,"page_number_string: 54
notes: 
source_full_citation: CVP Kanton Graubünden. (2003). 100 jahre cvp graubünden. Spescha & Grünenfelder.
source_comment: ",de-CH,,Christlichsoziale politische Gruppe von Graubünden,CSP GR (1936),,,,,,,,,,,,,,,,,,month,1936-11-15T12:00:00,,,month,1939-05-15T12:00:00,,,,,,,,,
522,326,,"page_number_string: 54
notes: 
source_full_citation: CVP Kanton Graubünden. (2003). 100 jahre cvp graubünden. Spescha & Grünenfelder.
source_comment: ",de-CH,CSP Graubünden,Christlichsoziale Partei von Graubünden,CSP GR (1936),,,,,,,,,,,,,,,,,,month,1939-05-15T12:00:00,,,multiyear,1972-01-01T12:00:00,,,,,,,,,
523,327,,"page_number_string: 
notes: 
source_full_citation: EDU Kanton Graubünden. (2011). Statuten der EDU Graubünden. Abgerufen am 18. Mai 2026 von https://web.archive.org/web/20191012180717/http:/www.edu-gr.ch/files/statuten2011.pdf
source_comment: ",de-CH,EDU Graubünden,Eidgenössische-Demokratische Union Graubünden,EDU GR,,,,,,,,,,,,,,,,,,year,1995-07-01T12:00:00,,,,,,,,,,,,,
524,328,,"page_number_string: 
notes: 
source_full_citation: SVP Kanton Aargau. (2008). Statuten der Schweizerischen Volkspartei Aargau (SVP Aargau). Abgerufen am 19. Mai 2026 von https://www.svpag.ch/wp-content/uploads/sites/12/090101-statuten.pdf
source_comment: ",de-CH,SVP Aargau,Schweizerische Volkspartei Aargau ,SVP AG,,,,,,,,,,,,,,,,,,month,1972-05-15T12:00:00,,,,,,,,,,,,,
525,328,,"page_number_string: 
notes: 
source_full_citation: ?. (23. Mai 1972). Neuer Name und Nein zur Totalrevision. Neue Berner Zeitung. Abgerufen am 19. Mai 2026 von https://www.e-newspaperarchives.ch/?a=d&d=NBZ19720523-01.2.7.6
source_comment: ",de-CH,,"Aargauische Bauern-, Gewerbe- und Bürgerpartei",BGB AG,,,,,,,,,,,,,,,,,,year,1945-07-01T12:00:00,,,month,1972-05-15T12:00:00,,,,,,,,,
526,328,,"page_number_string: 
notes: 
source_full_citation: Fluri, M. (28. August 2020). So wurde die SVP im Aargau die grösste Partei. Aargauer Zeitung. Abgerufen am 19. Mai 2026 von https://essentials.swissdox.ch/
source_comment: ",de-CH,,Aargauische Bauern- und Bürgerpartei,BBP AG,,,,,,,,,,,,,,,,,,exact,1920-12-18T12:00:00,,,year,1945-07-01T12:00:00,,,,,,,,,
527,329,,"page_number_string: 
notes: 
source_full_citation: SP Kanton Aargau. (2002). 100 Jahre SP Kanton Aargau: Kurzer historischer Abriss. Abgerufen am 20. Mai 2026 von https://web.archive.org/web/20020826003310/http:/www.sp-aargau.ch/fest/history.asp
source_comment: ",de-CH,,Aargauische Arbeiterpartei,AP AG,,,,,,,,,,,,,,,,,,exact,1902-05-04T12:00:00,,,year,1911-07-01T12:00:00,,,,,,,,,
528,329,,"page_number_string: 
notes: 
source_full_citation: SP Kanton Aargau. (2026). Statuten der Sozialdemokratischen Partei Kanton Aargau. Abgerufen am 20. Mai 2026 von https://sp-aargau.ch/wp-content/uploads/2026/04/2026-04-25-Statuten-SP-Aargau.pdf
source_comment: ",de-CH,SP Kanton Aargau,Sozialdemokratische Partei  Kanton Aargau,SP AG,,,,,,,,,,,,,,,,,,year,1911-07-01T12:00:00,,,,,,,,,,,,,
529,330,,"page_number_string: 
notes: 
source_full_citation: FDP.Die Liberalen Kanton Aargau. (2021). Statuten. Abgerufen am 20. Mai 2026 von https://www.fdp-ag.ch/fileadmin/groups/151/pdf/Diverses/210511_Statuten_FDP.Die_Liberalen_Aargau.pdf
source_comment: ",de-CH,,FDP.Die Liberalen Aargau,FDPLIB AG,,,,,,,,,,,,,,,,,,multiyear,2009-01-01T12:00:00,,,,,,,,,,,,,
530,330,,"page_number_string: 
notes: 
source_full_citation: Eidgenössisches Statistisches Amt. (1929). Statistik der Nationalratswahlen 1919, 1922, 1925 und 1928. A. Francke.
source_comment: 

page_number_string: 
notes: 
source_full_citation: FDP Kanton Aargau. (2001). Herzlich willkommen bei der FDP Aargau - der zukunftsorientierten Mittelstandspartei. Abgerufen am 20. Mai 2026 von https://web.archive.org/web/20010301080238/http://www.fdp-ag.ch/
source_comment: ",de-CH,FDP Aargau,Freisinnig-demokratische Volkspartei Aargau,FDP AG,,,,,,,,,,,,,,,,,,exact,1895-03-08T12:00:00,,,exact,2009-01-01T12:00:00,,,,,,,,,
531,331,,"page_number_string: 
notes: 
source_full_citation: Mitte Kanton Aargau. (2021). Statuten. Abgerufen am 20. Mai 2026 von https://diemitteaargau.ch/wp-content/uploads/2023/05/Statuten_DieMitteAargau_20210119-1.pdf
source_comment: ",de-CH,,Die Mitte Aargau,Mitte AG,,,,,,,,,,,,,,,,,,exact,2021-01-19T12:00:00,,,,,,,,,,,,,
532,332,,"page_number_string: 
notes: 
source_full_citation: Staehelin, H. (2001). Aargau: Der Staat im 19. und 20. Jahrhundert, Politische Geschichte und Verfassungsentwicklung. In Historisches Lexikon der Schweiz (HLS). Abgerufen am 20. Mai 2026 von https://hls-dhs-dss.ch/de/articles/007392/2018-02-06/#HPolitischeGeschichteundVerfassungsentwicklung
source_comment: ",de-CH,,Katholisch-Konservative Partei des Kantons Aargau,KKVP AG,,,,,,,,,,,,,,,,,,year,1892-07-01T12:00:00,,,unknown,1970-01-01T12:00:00,,,,,,,,,
533,332,,"page_number_string: 
notes: 
source_full_citation: CVP Kanton Aargau. (2008). Statuten. Abgerufen am 20. Mai 2026 von https://web.archive.org/web/20191012002947/http:/www.cvp-aargau.ch/wp-content/uploads/2016/01/Statuten_CVP_Aargau_20081029.pdf
source_comment: ",de-CH,CVP Aargau,Christlichdemokratische Volkspartei Aargau,CVP AG,,,,,,,,,,,,,,,,,,unknown,1970-01-01T12:00:00,,,exact,2021-01-19T12:00:00,,,,,,,,,
534,333,,"page_number_string: 
notes: 
source_full_citation: BDP Kanton Aargau. (2017). Statuten. Abgerufen am 20. Mai 2026 von https://web.archive.org/web/20191011235630/https:/www.bdp.info/data/uploads/ag/downloads/statuten_bdp_aargau_20170323_rev_def.pdf
source_comment: ",de-CH,BDP Kanton Aargau,Bürgerlich-Demokratische Partei des Kantons Aargau,BDP AG,,,,,,,,,,,,,,,,,,exact,2008-11-21T12:00:00,,,exact,2021-01-19T12:00:00,,,,,,,,,
535,334,,"page_number_string: 
notes: 
source_full_citation: Grüne Kanton Aargau. (2010). Statuten. Abgerufen am 20. Mai 2026 von https://grueneaargau.ch/gruene-kanton-aargau/partei/statuten
source_comment: ",de-CH,,Grüne Aargau,Grüne AG,,,,,,,,,,,,,,,,,,exact,1983-08-13T12:00:00,,,,,,,,,,,,,
536,335,,"page_number_string: 
notes: 
source_full_citation: GLP Kanton Aargau. (2017). Statuten der Grünliberalen Partei Kanton Aargau. Abgerufen am 23. Mai 2025 von https://ag.grunliberale.ch/partei/leitlinien_positionspapiere.html
source_comment: ",de-CH,glp ag,Grünliberale Partei Kanton Aargau,GLP AG,,,,,,,,,,,,,,,,,,exact,2008-06-27T12:00:00,,,,,,,,,,,,,
537,336,,"page_number_string: 
notes: 
source_full_citation: EVP Kanton Aargau. (2003). Statuten. Abgerufen am 20. Mai 2026 von https://www.evp-ag.ch/fileadmin/user_upload/aargau/statuten_kant.pdf
source_comment: ",de-CH,,Evangelische Volkspartei des Kantons Aargau,EVP AG,,,,,,,,,,,,,,,,,,month,1921-10-15T12:00:00,,,,,,,,,,,,,
538,337,,"page_number_string: 
notes: 
source_full_citation: EDU Kanton Aargau. (2011). Statuten der EDU Kanton Aargau. Abgerufen am 20. Mai 2026 von https://www.edu-ag.ch/statuten-edu-aargau/
source_comment: ",de-CH,EDU Kanton Aargau,Eidgenössisch-Demokratische Union Kanton Aargau,EDU AG,,,,,,,,,,,,,,,,,,year,1987-07-01T12:00:00,,,,,,,,,,,,,
539,338,,"page_number_string: 
notes: 
source_full_citation: PdA Kanton Aargau. (2024). Statuten der Partei der Arbeit Aargau. Abgerufen am 20. Mai 2026 von https://pda-ag.ch/wp-content/uploads/2025/06/PdA-AG-Statuten_Vv22Aug24.pdf
source_comment: ",de-CH,PdA Aargau,Partei der Arbeit Aargau,PdA AG,,,,,,,,,,,,,,,,,,year,2022-07-01T12:00:00,,,,,,,,,,,,,
540,339,,,de-CH,,Union der Freisinnigen und Liberalen,Union FDP-LPS,,,,fr-CH,,Union Libérale-Radicale,Union PRD-PLS,,,,,,,,,,,exact,2005-06-25T12:00:00,,,exact,2008-12-31T12:00:00,,,,,,,,,
541,340,,"page_number_string: 
notes: 
source_full_citation: SVP Kanton Thurgau. (2020). Statuten der Schweizerischen Volkspartei des Kantons Thurgau. Abgerufen am 25. Mai 2026 von https://www.svp-thurgau.ch/wp-content/uploads/sites/25/SVP-TG-Statuten-2020.pdf
source_comment: ",de-CH,SVP Thurgau,Schweizerische Volkspartei des Kantons Thurgau,SVP TG,,,,,,,,,,,,,,,,,,year,1985-04-23T12:00:00,,,,,,,,,,,,,
542,341,,"page_number_string: 
notes: 
source_full_citation: SP Kanton Thurgau. (2024). Statuten der Sozialdemokratischen Partei des Kantons Thurgau. Abgerufen am 25. Mai 2026 von https://sp-tg.ch/wp-content/uploads/2025/09/Statuten_SP-Thurgau__24_04_2025.pdf
source_comment: ",de-CH,SP Thurgau,Sozialdemokratische Partei des Kantons Thurgau,SP TG,,,,,,,,,,,,,,,,,,year,1906-07-01T12:00:00,,,,,,,,,,,,,
543,342,,"page_number_string: 
notes: 
source_full_citation: FDP.Die Liberalen Kanton Thurgau. (2020). Statuten der FDP.Die Liberalen Thurgau. Abgerufen am 25. Mai 2026 von https://www.fdp-tg.ch/fileadmin/groups/499/pdf/Positionspapiere/20200625_Statuten_FDP_TG_def.pdf
source_comment: ",de-CH,,FDP.Die Liberalen Thurgau,FDPLIB TG,,,,,,,,,,,,,,,,,,multiyear,2009-01-01T12:00:00,,,,,,,,,,,,,
544,342,,"page_number_string: 
notes: 
source_full_citation: FDP Kanton Thurgau. (2001). Statuten der Freisinnig-Demokratischen Partei des Kantons Thurgau. Abgerufen am 25. Mai 2026 von https://web.archive.org/web/20070821220839/http:/www.fdpthurgau.ch/mandant/files/doc/69/Statuten%20FDP%20TG.pdf
source_comment: ",de-CH,FDP des Kantons Thurgau,Freisinnig-Demokratische Partei des Kantons Thurgau,FDP TG,,,,,,,,,,,,,,,,,,exact,1890-12-28T12:00:00,,,multiyear,2009-01-01T12:00:00,,,,,,,,,
545,343,,"page_number_string: 
notes: 
source_full_citation: Staatsarchiv des Kantons Thurgau. (2026). Katholische Kantonalparteien im Thurgau (1906-2006). Abgerufen am 25. Mai 2026 von https://archivportal.tg.ch/records/289117
source_comment: ",de-CH,KKP,Katholisch-Konservative Partei Thurgau,KKP TG,,,,,,,,,,,,,,,,,,year,1905-07-01T12:00:00,,,year,1912-07-01T12:00:00,,,,,,,,,
546,343,,"page_number_string: 
notes: 
source_full_citation: Staatsarchiv des Kantons Thurgau. (2026). Katholische Kantonalparteien im Thurgau (1906-2006). Abgerufen am 25. Mai 2026 von https://archivportal.tg.ch/records/289117
source_comment: ",de-CH,KVP,Katholische Volkspartei Thurgau,KVP TG,,,,,,,,,,,,,,,,,,year,1912-07-01T12:00:00,,,exact,1971-02-28T12:00:00,,,,,,,,,
547,343,,,de-CH,CVP Thurgau,Christlichdemokratische Volkspartei des Kantons Thurgau,CVP TG,,,,,,,,,,,,,,,,,,exact,1971-02-18T12:00:00,,,exact,1973-06-28T12:00:00,,,,,,,,,
548,345,,"page_number_string: 
notes: 
source_full_citation: Staatsarchiv des Kantons Thurgau. (2026). Katholische Kantonalparteien im Thurgau (1906-2006). Abgerufen am 25. Mai 2026 von https://archivportal.tg.ch/records/289117
source_comment: ",de-CH,CSP Thurgau,Christlich-Soziale Partei Thurgau,CSP TG,,,,,,,,,,,,,,,,,,year,1947-07-01T12:00:00,,,exact,1973-06-28T12:00:00,,,,,,,,,
549,344,,"page_number_string: 
notes: 
source_full_citation: CVP Kanton Thurgau. (2014). Statuten der Christlichdemokratischen Volkspartei des Kantons Thurgau. Abgerufen am 25. Mai 2026 von https://web.archive.org/web/20191012004902/http:/www.cvp-thurgau.ch/wp-content/uploads/2016/05/2014-09-03-Statuten-CVP-Thurgau.pdf
source_comment: ",de-CH,CVP Thurgau,Christlichdemokratische Volkspartei des Kantons Thurgau,CVP TG,,,,,,,,,,,,,,,,,,exact,1973-06-28T12:00:00,,,exact,2021-09-01T12:00:00,,,,,,,,,
550,344,,"page_number_string: 
notes: 
source_full_citation: Mitte Kanton Thurgau. (2021). Statuten. Abgerufen am 25. Mai 2026 von https://tg.die-mitte.ch/wp-content/uploads/sites/36/2021/11/Statuten-die-Mitte-Thurgau-210901.pdf
source_comment: ",de-CH,Mitte Thurgau,Die Mitte Thurgau,Mitte TG,,,,,,,,,,,,,,,,,,exact,2021-09-01T12:00:00,,,,,,,,,,,,,
551,346,,"page_number_string: 
notes: 
source_full_citation: BDP Kanton Thurgau. (2016). Statuten Bürgerlich-Demokratische Partei Kanton Thurgau (BDP Kanton Thurgau). Abgerufen am 26. Mai 2026 von https://web.archive.org/web/20210507220105/https:/www.bdp.info/data/uploads/tg/partei/2018_statuten_bdp_kanton_thurgau.pdf
source_comment: ",de-CH,BDP Kanton Thurgau,Bürgerlich-Demokratische Partei Kanton Thurgau,BDP TG,,,,,,,,,,,,,,,,,,exact,2008-11-10T12:00:00,,,exact,2021-05-31T12:00:00,,,,,,,,,
552,347,,"page_number_string: 
notes: 
source_full_citation: Grüne Kanton Thurgau. (2013). Statuten. Abgerufen am 26. Mai 2026 von https://web.archive.org/web/20191014141130/https:/gruene-tg.ch/Thurgau/Download/Statuten2013.pdf
source_comment: ",de-CH,,Grüne Partei des Kantons Thurgau,Grüne TG,,,,,,,,,,,,,,,,,,multimonth,1983-12-01T12:00:00,,,unknown,2020-01-01T12:00:00,,,,,,,,,
553,347,,"page_number_string: 
notes: 
source_full_citation: Grüne Kanton Thurgau. (2023). Statuten GRÜNE Thurgau. Abgerufen am 26. Mai 2026 von https://gruene-tg.ch/wp-content/uploads/2023/02/2023_Statuten-GRUeNE-TG-Jan.-2023.pdf
source_comment: ",de-CH,GRÜNE TG,GRÜNE Thurgau,Grüne TG,,,,,,,,,,,,,,,,,,unknown,2020-01-01T12:00:00,,,,,,,,,,,,,
554,348,,"page_number_string: 
notes: 
source_full_citation: GLP Kanton Thurgau. (2008). Statuten der Grünliberalen des Kantons Thurgau. Abgerufen am 26. Mai 2026 von https://tg.grunliberale.ch/wp-content/uploads/sites/11/2025/10/statuten_glp_thurgau_09-01-2008.pdf
source_comment: ",de-CH,,Grünliberale Kanton Thurgau,GLP TG,,,,,,,,,,,,,,,,,,exact,2008-01-09T12:00:00,,,,,,,,,,,,,
555,349,,"page_number_string: 
notes: 
source_full_citation: EVP Kanton Thurgau. (2025). EVP Thurgau Statuten. Abgerufen am 26. Mai 2026 von https://www.evp-thurgau.ch/fileadmin/user_upload/thurgau/dokumente/partei/statuten/EVP_Thurgau_Statuten_Web.11.25pdf.pdf
source_comment: ",de-CH,EVP des Kantons Thurgau,Evangelische Volkspartei des Kantons Thurgau,EVP TG,,,,,,,,,,,,,,,,,,year,1955-07-01T12:00:00,,,,,,,,,,,,,
556,350,,"page_number_string: 
notes: 
source_full_citation: EDU Kanton Thurgau. (2026). Partei. Abgerufen am 26. Mai 2026 von https://www.edu-tg.ch/partei/kanton/
source_comment: ",de-CH,EDU Thurgau,Eidgenössisch-Demokratische Union Thurgau,EDU TG,,,,,,,,,,,,,,,,,,year,1997-07-01T12:00:00,,,,,,,,,,,,,
557,351,"note_translations: languages_code: de-CH
note: Eigene Bezeichnung.",,de-CH,,Partei der Arbeit Kanton Thurgau,PdA TG,,,,,,,,,,,,,,,,,,year,1945-07-01T12:00:00,,,multiyear,1955-01-01T12:00:00,,,,,,,,,
558,352,,"page_number_string: 
notes: 
source_full_citation: Salathé, A. (2012). Thurgau: Staat und Politik im 19. und 20. Jahrhundert. In Historisches Lexikon der Schweiz (HLS). Abgerufen am 25. Mai 2026 von https://hls-dhs-dss.ch/de/articles/007393/2017-05-22/#HAnfE4ngeimjungenBundesstaat1849-1869
source_comment: ",de-CH,,Demokratisch-Volkswirtschaftliche Partei des Kantons Thurgau,Dem. TG,,,,,,,,,,,,,,,,,,exact,1891-02-01T12:00:00,,,year,1932-07-01T12:00:00,,,,,,,,,
559,354,,"page_number_string: 489-490
notes: 
source_full_citation: Grosser, H. & Hangartner, N. (1993). Appenzell Innerrhoden (Band 3). In Regierungen der beiden Halbkantone Appenzell (Hrsg.), Appenzeller Geschichte: Zur 450-Jahrfeier des Appenzellerbundes 1513-1963. Kantonskanzlei.
source_comment: ",de-CH,,Sozialdemokratische Partei von Appenzell,SP AI (192x),,,,,,,,,,,,,,,,,,multiyear,1925-01-01T12:00:00,,,multiyear,1947-01-01T12:00:00,,,,,,,,,
560,301,,"page_number_string: 22, 26
notes: 
source_full_citation: Holenstein, T. (1934). Geschichte der konservativen Volkspartei des Kantons St.Gallen. Verlag Buchdruckerei Ostschweiz AG St.Gallen.
source_comment: 

page_number_string: 
notes: 
source_full_citation: Bischof, F. X. (2012). St. Gallen (Diözese). In Historisches Lexikon der Schweiz (HLS). Abgerufen am 27. Mai 2026 von https://hls-dhs-dss.ch/de/articles/011404/2012-01-12/
source_comment: ",de-CH,,Katholischer Verein,Kath. Verein SG,Gossauer Verein,,,,,,,,,,,,,,,,,exact,1834-12-28T12:00:00,,,unknown,1850-01-01T12:00:00,,,,,,,,,
561,355,,"page_number_string: 18
notes: 
source_full_citation: Holenstein, T. (1934). Geschichte der konservativen Volkspartei des Kantons St.Gallen. Verlag Buchdruckerei Ostschweiz AG St.Gallen.
source_comment: ",de-CH,,Oberegger Verein,Oberegger Verein SG,,,,,,,,,,,,,,,,,,exact,1834-10-24T12:00:00,,,exact,1834-12-28T12:00:00,,,,,,,,,
562,356,,"page_number_string: 
notes: 
source_full_citation: Wikipedia. (2026). Auto-Partei. Abgerufen am 28. Mai 2026 von https://de.wikipedia.org/wiki/Auto-Partei
source_comment: 

page_number_string: 
notes: 
source_full_citation: auto-partei.ch. (2026). Startseite. Abgerufen am 26. August 2026 von https://web.archive.org/web/20260816153136/https://auto-partei.ch/
source_comment: 

page_number_string: 
notes: 
source_full_citation: auto-partei.ch. (2013). Die auto-partei.ch kämpft für Sie. Abgerufen am 26. August 2026 von https://web.archive.org/web/20130407215034/http://www.auto-partei.ch/
source_comment: 

page_number_string: 
notes: 

page_number_string: 
notes: 
source_full_citation: auto-partei.ch. (2013). Zentralstatuten der auto-partei.ch vom 27. April 2013. Abgerufen am 26. August 2026 von https://web.archive.org/web/20191018041339/https://www.auto-partei.info/download/2013_04_27_zentralstatuten.pdf
source_comment: ",de-CH,APS,auto-partei.ch,APS,Auto-Partei,,,fr-CH,PAS,parti-des-automobilistes.ch,PAS,"Parti des automobilistes, Parti Suisse de la Liberté",,,it-CH,PAS,partito-degli-automobilisti.ch,PAS,Partito degli automobilisti,,,exact,2009-10-24T12:00:00,,,,,,,,,,,,,
563,356,,"page_number_string: 260
notes: 
source_full_citation: Ladner, A. (2002b). Das Schweizer Parteiensystem und seine Parteien. In U. Klöti, P. Knoepfel, H. Kriesi, W. Linder & Y. Papadopoulos (Hrsg.), Handbuch der Schweizer Politik (3. überarbeitete Auflage, S. 214-260). NZZ Verlag.
source_comment: 

page_number_string: 
notes: 
source_full_citation: Wikipedia. (2026). Auto-Partei. Abgerufen am 28. Mai 2026 von https://de.wikipedia.org/wiki/Auto-Partei
source_comment: 

page_number_string: 108
notes: 
source_full_citation: Skenderovic, D. & D'Amato, G. (2008). Mit dem Fremden politisieren: Rechtspopulistische Parteien und Migrationspolitik in der Schweiz seit den 1960er Jahren. Chronos.
source_comment: 

page_number_string: 479
notes: 
source_full_citation: Papadopoulos. (1998). Suisse. In G. Hermet, J. T. Hottinger & D-L. Seiler (Eds.), Les partis politiques en Europe de l'ouest (pp. 451-485). Economica.
source_comment: ",de-CH,FPS,Freiheits-Partei der Schweiz,FPS,,,,fr-CH,PSL,Parti suisse de la liberté,PSL,,,,,,,,,,,year,1994-07-01T12:00:00,,,exact,2009-10-24T12:00:00,,,,,,,,,
564,356,,"page_number_string: 108
notes: 
source_full_citation: Skenderovic, D. & D'Amato, G. (2008). Mit dem Fremden politisieren: Rechtspopulistische Parteien und Migrationspolitik in der Schweiz seit den 1960er Jahren. Chronos.
source_comment: ",de-CH,,Auto-Partei Schweiz - Die Freiheitlichen,APS,,,,,,,,,,,,,,,,,,year,1990-07-01T12:00:00,,,year,1994-07-01T12:00:00,,,,,,,,,
565,356,,"page_number_string: 108
notes: 
source_full_citation: Skenderovic, D. & D'Amato, G. (2008). Mit dem Fremden politisieren: Rechtspopulistische Parteien und Migrationspolitik in der Schweiz seit den 1960er Jahren. Chronos.
source_comment: 

page_number_string: 479
notes: 
source_full_citation: Papadopoulos. (1998). Suisse. In G. Hermet, J. T. Hottinger & D-L. Seiler (Eds.), Les partis politiques en Europe de l'ouest (pp. 451-485). Economica.
source_comment: ",de-CH,,Auto-Partei Schweiz,APS,,,,fr-CH,,Parti de l'Auto,Auto,,,,,,,,,,,exact,1985-02-25T12:00:00,,,year,1990-07-01T12:00:00,,,,,,,,,
566,357,,"page_number_string: 45
notes: 
source_full_citation: Skenderovic, D. & D'Amato, G. (2008). Mit dem Fremden politisieren: Rechtspopulistische Parteien und Migrationspolitik in der Schweiz seit den 1960er Jahren. Chronos.
source_comment: 

page_number_string: 
notes: 
source_full_citation: Wikipedia. (2026). Republikanische Bewegung. Abgerufen am 28. Mai 2026 von https://de.wikipedia.org/wiki/Republikanische_Bewegung
source_comment: ",de-CH,RPS,Republikanische Partei der Schweiz,Rep.,,,,fr-CH,,Mouvement national d'action républicaine et sociale suisse,Rép.,,,,,,,,,,,unknown,1980-01-01T12:00:00,,,exact,1989-04-22T12:00:00,,,,,,,,,
567,357,,"page_number_string: 35
notes: 
source_full_citation: Skenderovic, D. & D'Amato, G. (2008). Mit dem Fremden politisieren: Rechtspopulistische Parteien und Migrationspolitik in der Schweiz seit den 1960er Jahren. Chronos.
source_comment: 

page_number_string: 
notes: 
source_full_citation: Wikipedia. (2026). Republikanische Bewegung. Abgerufen am 28. Mai 2026 von https://de.wikipedia.org/wiki/Republikanische_Bewegung
source_comment: ",de-CH,SRB,Schweizerische Republikanische Bewegung,SRB,,,,fr-CH,,Mouvement national d'action républicaine et sociale suisse,Rép.,,,,,,,,,,,exact,1971-05-12T12:00:00,,,unknown,1980-01-01T12:00:00,,,,,,,,,
568,358,,"page_number_string: 
notes: 
source_full_citation: Archiv für Agrargeschichte. (2026). Verband Thurgauer Landwirtschaft (VTL), AfA258. Abgerufen am 28. Mai 2026 von https://www.histoirerurale.ch/pers/personnes/Verband_Thurgauer_Landwirtschaft_(VTL),_AfA258.html
source_comment: ",de-CH,,Thurgauischer Landwirtschaftlicher Verein,TLV TG,,,,,,,,,,,,,,,,,,year,1835-07-01T12:00:00,,,year,1919-07-01T12:00:00,,,,,,,,,
569,358,,"page_number_string: 
notes: 
source_full_citation: Archiv für Agrargeschichte. (2026). Verband Thurgauer Landwirtschaft (VTL), AfA258. Abgerufen am 28. Mai 2026 von https://www.histoirerurale.ch/pers/personnes/Verband_Thurgauer_Landwirtschaft_(VTL),_AfA258.html
source_comment: 

page_number_string: 
notes: 
source_full_citation: Schuck, J. (30. Oktober 2025). Vor 40 Jahren von der FDP getrennt. Thurgauer Zeitung. Abgerufen am 25. Mai 2026 von https://www.thurgauerzeitung.ch/ostschweiz/kanton-thurgau/svp-thurgau-feiert-40-jahre-mit-toni-brunner-ld.4036925
source_comment: ",de-CH,,Thurgauischer Landwirtschaftlicher Kantonalverband,TLV TG,Thurgauer Bauernverband,,,,,,,,,,,,,,,,,year,1919-07-01T12:00:00,,,year,1990-07-01T12:00:00,,,,,,,,,
570,358,,"page_number_string: 
notes: 
source_full_citation: Archiv für Agrargeschichte. (2026). Verband Thurgauer Landwirtschaft (VTL), AfA258. Abgerufen am 28. Mai 2026 von https://www.histoirerurale.ch/pers/personnes/Verband_Thurgauer_Landwirtschaft_(VTL),_AfA258.html
source_comment: ",de-CH,TBV,Thurgauer Bauernverband,TBV TG,,,,,,,,,,,,,,,,,,year,1990-07-01T12:00:00,,,year,2008-07-01T12:00:00,,,,,,,,,
571,358,,"page_number_string: 
notes: 
source_full_citation: Archiv für Agrargeschichte. (2026). Verband Thurgauer Landwirtschaft (VTL), AfA258. Abgerufen am 28. Mai 2026 von https://www.histoirerurale.ch/pers/personnes/Verband_Thurgauer_Landwirtschaft_(VTL),_AfA258.html
source_comment: ",de-CH,VTL,Verband Thurgauer Landwirtschaft,VTL TG,,,,,,,,,,,,,,,,,,year,2008-07-01T12:00:00,,,,,,,,,,,,,
572,359,"note_translations: languages_code: de-CH
note: Bei Jost (2007: 31) wird hingegen für 1921 die Gründung einer Partei namens ""Parti agraire vaudois"" erwähnt.","page_number_string: 
notes: 
source_full_citation: UDC canton de Vaud. (2026). Histoire de l'UDC Vaud. Consulté le 02 juin 2026, sur https://www.udc-vaud.ch/histoire-de-ludc/
source_comment: 

page_number_string: 
notes: 
source_full_citation: UDC canton de Vaud. (2023). Statuts. Consulté le 02 juin 2026, sur https://udc-vaud.ch/wp-content/uploads/2023/01/20221201_Statuts_UDCVD.pdf
source_comment: ",fr-CH,PAI vaudois,"Parti vaudois des Paysans, Artisans et Indépendants",PAI VD,,,,,,,,,,,,,,,,,,exact,1921-01-13T12:00:00,,,year,1971-07-01T12:00:00,,,,,,,,,
573,359,"note_translations: languages_code: de-CH
note: Eigene Namensbezeichnung","page_number_string: 
notes: 
source_full_citation: UDC canton de Vaud. (2026). Histoire de l'UDC Vaud. Consulté le 02 juin 2026, sur https://www.udc-vaud.ch/histoire-de-ludc/
source_comment: ",fr-CH,PAI-UDC,"Parti vaudois des Paysans, Artisans et Indépendants - Union démocratique du centre",PAI-UDC VD,,,,,,,,,,,,,,,,,,year,1971-07-01T12:00:00,,,exact,1985-03-02T12:00:00,,,,,,,,,
574,359,,"page_number_string: 
notes: 
source_full_citation: UDC canton de Vaud. (2026). Histoire de l'UDC Vaud. Consulté le 02 juin 2026, sur https://www.udc-vaud.ch/histoire-de-ludc/
source_comment: 

page_number_string: 
notes: 
source_full_citation: UDC canton de Vaud. (2023). Statuts. Consulté le 02 juin 2026, sur https://udc-vaud.ch/wp-content/uploads/2023/01/20221201_Statuts_UDCVD.pdf
source_comment: ",fr-CH,UDC Vaud,Union démocratique du centre du Canton de Vaud,UDC VD,,,,,,,,,,,,,,,,,,exact,1985-03-02T12:00:00,,,,,,,,,,,,,
575,360,,"page_number_string: 
notes: 
source_full_citation: PS canton de Vaud. (2025). Statuts du PSV. Consulté le 02 juin 2026, sur https://ps-vd.ch/statuts/
source_comment: ",fr-CH,PSV,Parti socialiste vaudois,PS VD,,,,,,,,,,,,,,,,,,year,1890-07-01T12:00:00,,,,,,,,,,,,,
576,361,,"page_number_string: 
notes: 
source_full_citation: PRD canton de Vaud. (2007). Présentation. Consulté le 02 juin 2026, sur https://web.archive.org/web/20070720012229/http:/www.prdv.ch/pages/presentation.htm
source_comment: ",fr-CH,PRDV,Parti radical-démocratique vaudois,PRD VD,,,,,,,,,,,,,,,,,,year,1845-07-01T12:00:00,,,exact,2012-09-05T12:00:00,,,,,,,,,
577,362,,"page_number_string: 
notes: 
source_full_citation: PLR canton de Vaud. (2026). Fusion libérale-radicale. Consulté le 02 juin 2026, sur https://www.plr-vd.ch/parti/histoire-du-parti/fusion-liberale-radicale
source_comment: ",fr-CH,PLRV,PLR.Les Libéraux-Radicaux Vaud,PLR VD,,,,,,,,,,,,,,,,,,exact,2012-09-26T12:00:00,,,,,,,,,,,,,
578,363,,"page_number_string: 
notes: 
source_full_citation: Meuwly, O. (2012). Vaud: Aspects politiques du XIXe au début du XXIe siècle, Le canton de Vaud, de 1803 au début du XXIe siècle. In Dictionnaire Historique de la Suisse (DHS). Consulté le 02 juin 2026, sur https://hls-dhs-dss.ch/fr/articles/007395/2017-05-30/#HLecantondeVaud2Cde1803audE9butduXXIeA0siE8cle
source_comment: 

page_number_string: 
notes: 
source_full_citation: PLR canton de Vaud. (2026). Fusion libérale-radicale. Consulté le 02 juin 2026, sur https://www.plr-vd.ch/parti/histoire-du-parti/fusion-liberale-radicale
source_comment: ",fr-CH,PLV,Parti libéral vaudois,PL VD,,,,,,,,,,,,,,,,,,year,1913-07-01T12:00:00,,,exact,2012-09-26T12:00:00,,,,,,,,,
579,364,,"page_number_string: 
notes: 
source_full_citation: Centre canton de Vaud. (2021). Statuts parti Le Centre Vaud. Consulté le 03 juin 2026, sur https://www.vd.ch/fileadmin/user_upload/themes/etat_droit/votations_elections/fichiers_pdf/Statuts-Le-Centre-Vaud-22012021.pdf
source_comment: ",fr-CH,Le Centre-VD,Le Centre Vaud,Centre VD,,,,,,,,,,,,,,,,,,exact,2021-04-30T12:00:00,,,,,,,,,,,,,
580,365,,"page_number_string: 
notes: 
source_full_citation: Centre canton de Vaud. (2021). Statuts parti Le Centre Vaud. Consulté le 03 juin 2026, sur https://www.vd.ch/fileadmin/user_upload/themes/etat_droit/votations_elections/fichiers_pdf/Statuts-Le-Centre-Vaud-22012021.pdf
source_comment: ",fr-CH,Le Centre-VD,Le Centre Vaud,Centre VD,,,,,,,,,,,,,,,,,,exact,2021-01-22T12:00:00,,,exact,2021-04-30T12:00:00,,,,,,,,,
581,365,,"page_number_string: 
notes: 
source_full_citation: PDC canton de Vaud. (2004). Parti. Consulté le 02 juin 2026, sur https://web.archive.org/web/20040503030654/http:/www.pdc-vd.ch/parti.htm
source_comment: 

page_number_string: 
notes: 
source_full_citation: PDC canton de Vaud. (2012). Statuts. Consulté le 03 juin 2026, sur https://web.archive.org/web/20191012010338/https:/www.pdc-vd.ch/le-pdc-vaud/status/#_Toc338594809
source_comment: ",fr-CH,PDCV,Parti démocrate-chrétien vaudois,PDC VD,,,,,,,,,,,,,,,,,,unknown,1970-01-01T12:00:00,,,exact,2021-01-22T12:00:00,,,,,,,,,
582,365,,"page_number_string: 
notes: 
source_full_citation: PDC canton de Vaud. (2019). Historique. Consulté le 03 juin 2026, sur https://web.archive.org/web/20191012010330/https:/www.pdc-vd.ch/historique/
source_comment: ",fr-CH,,Parti chrétien-social vaudois,PCS VD,,,,,,,,,,,,,,,,,,month,1952-03-15T12:00:00,,,unknown,1970-01-01T12:00:00,,,,,,,,,
583,366,,"page_number_string: 
notes: 
source_full_citation: PBD canton de Vaud. (2016). Statuts du Parti Bourgeois Démocratique du canton de Vaud - PBD Vaud. Consulté le 03 juin 2026, sur https://web.archive.org/web/20191012004356/https:/www.bdp.info/data/uploads/vd/administration/2016.05.19_pbd-vd_statuts.pdf
source_comment: ",fr-CH,PBD Vaud,Parti Bourgeois Démocratique du Canton de Vaud,PBD VD,,,,,,,,,,,,,,,,,,exact,2011-04-14T12:00:00,,,exact,2021-04-30T12:00:00,,,,,,,,,
584,367,,"page_number_string: 3
notes: 
source_full_citation: Grüne Schweiz (2023). Geschichte der Grünen in der Schweiz. Abgerufen am 09. September 2025 von https://gruene.ch/wp-content/uploads/2023/07/230509_Geschichte-der-Gruenen_d.pdf
source_comment: ",fr-CH,MPE,Mouvement pour l'environment vaudois,MPE VD,,,,,,,,,,,,,,,,,,year,1973-07-01T12:00:00,,,multimonth,1974-02-01T12:00:00,,,,,,,,,
585,368,,"page_number_string: 23
notes: 
source_full_citation: Grüne Schweiz (2023). Geschichte der Grünen in der Schweiz. Abgerufen am 09. September 2025 von https://gruene.ch/wp-content/uploads/2023/07/230509_Geschichte-der-Gruenen_d.pdf
source_comment: ",fr-CH,GPE,Groupement pour la protection de l'environment,GPE VD,,,,,,,,,,,,,,,,,,multimonth,1974-02-01T12:00:00,,,exact,1997-03-08T12:00:00,,,,,,,,,
586,369,,"page_number_string: 
notes: 
source_full_citation: Vert-e-s canton de Vaud. (2025). Statuts des Vert·e·s vaudois·es. Consulté le 03 juin 2026, sur https://vert-e-s-vd.ch/wp-content/uploads/sites/2/2025/11/Statuts_VertsVD_DERNIEREVERSION_2025.pdf
source_comment: ",fr-CH,,"Les Vert·e·s, mouvement écologiste vaudois",Vert-e-s VD,,,,,,,,,,,,,,,,,,year,2021-07-01T12:00:00,,,,,,,,,,,,,
587,369,,"page_number_string: 
notes: 
source_full_citation: Verts canton de Vaud. (2004). Points marquant de l'histoire des Verts vaudois. Consulté le 03 juin 2026, sur https://web.archive.org/web/20041015220723fw_/http:/www.verts-vd.ch/histoire_vd.html
source_comment: 

page_number_string: 
notes: 
source_full_citation: Vert-e-s canton de Vaud. (2014). Statuts de l’association « Les Verts ». Consulté le 03 juin 2026, sur https://web.archive.org/web/20191014144524/http:/www.verts-vd.ch/wp-content/uploads/2015/06/STATUTS_VERTS_VD_14.5.14.pdf
source_comment: ",fr-CH,Verts vaudois,"Les Verts, Mouvement écologiste vaudois",Verts VD,,,,,,,,,,,,,,,,,,exact,1997-03-08T12:00:00,,,year,2021-07-01T12:00:00,,,,,,,,,
588,370,,"page_number_string: 19
notes: 
source_full_citation: Baer, M. & Seitz, W. (Hrsg.). (2008). Die Grünen in der Schweiz: Ihre Politik, ihre Geschichte, ihre Basis. Rüegger Verlag.
source_comment: 

page_number_string: 
notes: 
source_full_citation: ?. (18 avril 1983). Un parti vert a été constitué la semaine dernière dans le canton de Vaud. L'impartial. Consulté le 04 juin 2026, sur https://www.e-newspaperarchives.ch/?a=d&d=IMP19830418-01.2.39
source_comment: ",fr-CH,,Alternative démocratique - Vaud,ASV VD,,,,,,,,,,,,,,,,,,month,1983-04-15T12:00:00,,,unknown,1987-01-01T12:00:00,,,,,,,,,
589,370,,"page_number_string: 
notes: 
source_full_citation: Seitz, W. (2024). Ergänzende Informationen zu den Grünen SH, VD und JU. Unveröffentlichtes Dokument, per E-Mail vom 7.7.2024 von Werner Seitz erhalten.
source_comment: 

page_number_string: 
notes: 
source_full_citation: Verts canton de Vaud. (2004). Points marquant de l'histoire des Verts vaudois. Consulté le 03 juin 2026, sur https://web.archive.org/web/20041015220723fw_/http:/www.verts-vd.ch/histoire_vd.html
source_comment: ",fr-CH,ASV,Alternative Socialiste Verte,ASV VD,,,,,,,,,,,,,,,,,,unknown,1987-01-01T12:00:00,,,unknown,1991-01-01T12:00:00,,,,,,,,,
590,370,,"page_number_string: 
notes: 
source_full_citation: Seitz, W. (2024). Ergänzende Informationen zu den Grünen SH, VD und JU. Unveröffentlichtes Dokument, per E-Mail vom 7.7.2024 von Werner Seitz erhalten.
source_comment: ",de-CH,,ASV – Les Verts alternatifs,ASV VD,,,,,,,,,,,,,,,,,,unknown,1991-01-01T12:00:00,,,exact,1997-03-08T12:00:00,,,,,,,,,
591,371,,"page_number_string: 
notes: 
source_full_citation: ?. (16. Mai 1983). Wer macht wo mit? Neue Zürcher Zeitung. Abgerufen am 04. Juni 2026 von https://www.e-newspaperarchives.ch/?a=d&d=NZN19830516-01.2.15.10
source_comment: ",fr-CH,,Autrement Vaud,Autr. VD,,,,,,,,,,,,,,,,,,unknown,1983-01-01T12:00:00,,,unknown,1985-01-01T12:00:00,,,,,,,,,
592,372,,"page_number_string: 
notes: 
source_full_citation: PVL canton de Vaud. (2025). Statuts du Parti vert’libéral vaudois. Consulté le 04 juin 2026, sur https://vd.vertliberaux.ch/wp-content/uploads/sites/22/2025/03/Statuts_PVL_Vaud_050225.pdf
source_comment: ",fr-CH,,Parti vert'libéral vaudois,PVL VD,,,,,,,,,,,,,,,,,,exact,2010-02-18T12:00:00,,,,,,,,,,,,,
593,373,,"page_number_string: 
notes: 
source_full_citation: PEV canton de Vaud. (2008). Statuts PEV Vaud. Consulté le 05 juin 2026, sur https://www.pev-vd.ch/parti/statuts
source_comment: ",fr-CH,PEVD,Le parti évangélique du canton de Vaud,PEV VD,,,,,,,,,,,,,,,,,,exact,2004-05-22T12:00:00,,,,,,,,,,,,,
594,374,"note_translations: languages_code: de-CH
note: Eigene Namensbezeichnung.",,fr-CH,UDF Vaud,Union Démocratique Fédérale Canton de Vaud,UDF VD,,,,,,,,,,,,,,,,,,year,1975-07-01T12:00:00,,,,,,,,,,,,,
595,375,,"page_number_string: 
notes: 
source_full_citation: MC canton de Vaud. (2010). Statuts. Consulté le 05 juin 2026, sur https://web.archive.org/web/20100613112526/http:/www.mcvd.hostoi.com/pdf/statuts_mcvd.pdf
source_comment: ",fr-CH,MCVD,Mouvement Citoyens Vaudois,MC VD,,,,,,,,,,,,,,,,,,exact,2010-04-06T12:00:00,,,unknown,2017-01-01T12:00:00,,,,,,,,,
596,376,,"page_number_string: 
notes: 
source_full_citation: POP canton de Vaud. (2019). Statuts du Parti Ouvrier et Populaire vaudois (POP). Consulté le 19 août 2025, sur https://pst-pop.ch/popvaud/wp-content/uploads/sites/9/2020/11/Statuts-POP-2019.pdf
source_comment: ",fr-CH,POP,Parti Ouvrier et Populaire Vaudois,POP VD,,,,,,,,,,,,,,,,,,exact,1943-05-21T12:00:00,,,,,,,,,,,,,
597,377,,,fr-CH,,Mouvement citoyens romands,MCR,,,,de-CH,,Mouvement citoyens romands,MCR,,,,,,,,,,,year,2011-07-01T12:00:00,,,,,,,,,,,,,
599,378,,"page_number_string: 
notes: 
source_full_citation: UDC canton de Neuchâtel. (2025). Statuts. Consulté le 10 juin 2026, sur https://www.udc-ne.ch/wp-content/uploads/sites/21/Statuts-8.0.pdf
source_comment: ",fr-CH,UDC Neuchâtel,Union Démocratique du Centre Neuchâtel,UDC NE,,,,,,,,,,,,,,,,,,exact,2001-10-18T12:00:00,,,,,,,,,,,,,
600,379,,"page_number_string: 
notes: 
source_full_citation: PS canton de Neuchâtel. (2025). Statuts du Parti socialiste neuchâtelois (PSN). Consulté le 11 juin 2026, sur https://psn.ch/pdf/STATUTS_PSN.pdf
source_comment: ",fr-CH,PSN,Parti socialiste neuchâtelois,PS NE,,,,,,,,,,,,,,,,,,month,1896-09-15T12:00:00,,,,,,,,,,,,,
601,380,,"page_number_string: 
notes: 
source_full_citation: PRD canton de Neuchâtel. (2007). Histoire. Consulté le 15 juin 2026, sur https://web.archive.org/web/20071008102416/http://www.prdn.ch/f/page/110/
source_comment: ",fr-CH,,Association patriotique neuchâteloise,AP NE,,,,,,,,,,,,,,,,,,exact,1848-05-14T12:00:00,,,year,1857-07-01T12:00:00,,,,,,,,,
602,380,,"page_number_string: 
notes: 
source_full_citation: PRD canton de Neuchâtel. (2007). Histoire. Consulté le 15 juin 2026, sur https://web.archive.org/web/20071008102416/http://www.prdn.ch/f/page/110/
source_comment: ",fr-CH,,Association patriotique radicale neuchâteloise,Rad. NE,,,,,,,,,,,,,,,,,,year,1857-07-01T12:00:00,,,year,1990-07-01T12:00:00,,,,,,,,,
603,380,,"page_number_string: 
notes: 
source_full_citation: PRD canton de Neuchâtel. (2007). Histoire. Consulté le 15 juin 2026, sur https://web.archive.org/web/20071008102416/http://www.prdn.ch/f/page/110/
source_comment: 

page_number_string: 
notes: 
source_full_citation: PRD canton de Neuchâtel. (2006). Statuts du Parti radical-démocratique neuchâtelois (PRDN). Consulté le 15 juin 2026, sur https://web.archive.org/web/20071008102547/http:/www.prdn.ch/f/page/125/
source_comment: ",fr-CH,PRDN,Parti radical-démocratique neuchâtelois,PRD NE,,,,,,,,,,,,,,,,,,year,1990-07-01T12:00:00,,,exact,2008-04-10T12:00:00,,,,,,,,,
604,381,,"page_number_string: 
notes: 
source_full_citation: PLR canton de Neuchâtel. (2024). Statuts du PLRN. Consulté le 15 juin 2026, sur https://www.plrn.ch/parti/statuts
source_comment: ",fr-CH,PLRN,Parti libéral-radical neuchâtelois,PLR NE,,,,,,,,,,,,,,,,,,exact,2008-06-21T12:00:00,,,,,,,,,,,,,
605,382,,"page_number_string: 
notes: 
source_full_citation: Wikipédia. (2025). Parti libéral suisse. Consulté le 1 octobre 2025, sur https://fr.wikipedia.org/wiki/Parti_lib%C3%A9ral_suisse
source_comment: ",fr-CH,,Parti libéral - PPN neuchâtelois,PPN NE,,,,,,,,,,,,,,,,,,year,1981-07-01T12:00:00,,,exact,2008-04-10T12:00:00,,,,,,,,,
606,383,,"page_number_string: 
notes: 
source_full_citation: Eidgenössisches Statistisches Amt. (1929). Statistik der Nationalratswahlen 1919, 1922, 1925 und 1928. A. Francke.
source_comment: ",fr-CH,,Parti libéral neuchâtelois,PL NE,,,,,,,,,,,,,,,,,,multiyear,1920-01-01T12:00:00,,,year,1981-07-01T12:00:00,,,,,,,,,
607,383,,"page_number_string: 
notes: 
source_full_citation: Wikipédia. (2025). Parti libéral suisse. Consulté le 1 octobre 2025, sur https://fr.wikipedia.org/wiki/Parti_lib%C3%A9ral_suisse
source_comment: ",fr-CH,,Association démocratique libérale,Lib. NE,,,,,,,,,,,,,,,,,,year,1873-07-01T12:00:00,,,multiyear,1920-01-01T12:00:00,,,,,,,,,
608,384,,"page_number_string: 
notes: 
source_full_citation: Perrenoud, M. (2009). Parti progressiste national (PPN). In Dictionnaire Historique de la Suisse (DHS). Consulté le 15 juin 2026, sur https://hls-dhs-dss.ch/fr/articles/041401/2010-12-23/
source_comment: ",fr-CH,PPN,Parti progressiste national,PPN NE,,,,,,,,,,,,,,,,,,year,1919-07-01T12:00:00,,,year,1981-07-01T12:00:00,,,,,,,,,
609,385,,"page_number_string: 
notes: 
source_full_citation: G. B. (02 mai 1934). Une nouvelle section cantonale du parti conservateur populaire suisse. Courrier de Genève. Consulté le 15 juin 2026, sur https://www.e-newspaperarchives.ch/?a=d&d=COU19340502-01.2.5.4
source_comment: ",fr-CH,,Parti démocratique populaire,PDP NE,,,,,,,,,,,,,,,,,,year,1928-07-01T12:00:00,,,unknown,1970-01-01T12:00:00,,,,,,,,,
610,386,,"page_number_string: 
notes: 
source_full_citation: Centre canton de Neuchâtel. (2012). Statuts. Consulté le 15 juin 2026, sur https://web.archive.org/web/20191012003705/https:/www.pdc-ne.ch/wp-content/uploads/2016/05/Statuts_PDC_NE_01.pdf
source_comment: ",fr-CH,PDCN,Parti démocrate-chrétien du canton de Neuchâtel,PDC NE,,,,,,,,,,,,,,,,,,month,2004-02-15T12:00:00,,,exact,2021-01-26T12:00:00,,,,,,,,,
611,386,,"page_number_string: 
notes: 
source_full_citation: Centre canton de Neuchâtel. (2021). Statuts. Consulté le 15 juin 2026, sur https://ne.le-centre.ch/wp-content/uploads/sites/61/2021/09/Statuts_Le_Centre_260121.pdf
source_comment: ",fr-CH,Le Centre NE,Le Centre du canton de Neuchâtel,Centre NE,,,,,,,,,,,,,,,,,,exact,2021-01-26T12:00:00,,,,,,,,,,,,,
612,387,,"page_number_string: 
notes: 
source_full_citation: Vert-e-s canton de Neuchâtel. (2021). Statuts des Vert-e-s neuchâtelois-es. Consulté le 15 juin 2026, sur https://verts-ne.ch/wp-content/uploads/sites/3/2021/11/StatutsVertsNE_-8.12.2021.pdf
source_comment: ",fr-CH,,Les Vert-e-s neuchâtelois-es,Vert-e-s NE,,,,,,,,,,,,,,,,,,year,2021-07-01T12:00:00,,,,,,,,,,,,,
613,387,,"page_number_string: 
notes: 
source_full_citation: Verts canton de Neuchâtel. (2018). Accueil. Consulté le 15 juin 2026, sur https://web.archive.org/web/20180804031609/https:/www.verts-ne.ch/
source_comment: ",fr-CH,,Les Verts neuchâtelois,Verts NE,,,,,,,,,,,,,,,,,,year,2018-07-01T12:00:00,,,year,2021-07-01T12:00:00,,,,,,,,,
614,387,,"page_number_string: 
notes: 
source_full_citation: Verts canton de Neuchâtel. (2005). Comité cantonal. Consulté le 15 juin 2026, sur https://web.archive.org/web/20050428145627/http://www.verts-ne.ch/comcantonal.php
source_comment: 

page_number_string: 
notes: 
source_full_citation: Vert-e-s canton de Neuchâtel. (2012). Statuts des Verts neuchâtelois. Consulté le 15 juin 2026, sur https://web.archive.org/web/20191014141138/https:/www.verts-ne.ch/wp-content/uploads/2018/03/statutsvertsne_24mars2012.pdf
source_comment: ",fr-CH,,Les Verts - Ecologie et Liberté,Verts - E&L NE,,,,,,,,,,,,,,,,,,unknown,1990-01-01T12:00:00,,,year,2018-07-01T12:00:00,,,,,,,,,
615,387,,"page_number_string: 12
notes: 
source_full_citation: Piguet, C. (1997). Histoire d'Ecologie et Liberté 1970-1997. Consulté le 15 juin 2026, sur https://verts-ne.ch/wp-content/uploads/sites/3/2018/03/histoireel.pdf
source_comment: ",fr-CH,E&L,Ecologie et Liberté,E&L NE,,,,,,,,,,,,,,,,,,year,1984-07-01T12:00:00,,,unknown,1990-01-01T12:00:00,,,,,,,,,
616,388,,"page_number_string: 
notes: 
source_full_citation: PVL canton de Neuchâtel. (2026). Accueil. Consulté le 17 juin 2026, sur https://ne.vertliberaux.ch/
source_comment: 

page_number_string: 
notes: 
source_full_citation: PVL canton de Neuchâtel. (2020). Statuts du Parti vert’libéral neuchâtelois. Consulté le 17 juin 2026, sur https://ne.vertliberaux.ch/wp-content/uploads/sites/4/2025/01/statuts-2020-07-01.pdf
source_comment: ",fr-CH,PVL neuchâtelois,Parti vert'libéral neuchâtelois,PVL NE,,,,,,,,,,,,,,,,,,exact,2012-10-29T12:00:00,,,,,,,,,,,,,
617,389,,"page_number_string: 
notes: 
source_full_citation: EVP Schweiz. (2025). Geschichte. Abgerufen am 09. September 2025 von https://www.evppev.ch/partei/geschichte
source_comment: ",fr-CH,,Parti Evangélique du Canton de Neuchâtel,PEV NE,,,,,,,,,,,,,,,,,,exact,2006-05-31T12:00:00,,,,,,,,,,,,,
618,390,"note_translations: languages_code: de-CH
note: Eigene Namensbezeichnung","page_number_string: 
notes: 
source_full_citation: UDF canton de Neuchâtel. (2026). Bienvenue. Consulté le 17 juin 2026, sur https://www.udf-suisse.ch/udf-neuchatel/
source_comment: ",fr-CH,UDF Neuchâtel,Union Démocratique Fédérale Neuchâtel,UDF NE,,,,,,,,,,,,,,,,,,year,1992-07-01T12:00:00,,,,,,,,,,,,,
619,391,,"page_number_string: 
notes: 
source_full_citation: MC Romand. (2026). Organisation. Consulté le 17 juin 2026, sur http://www.mouvement-citoyens-romand.ch/
source_comment: ",fr-CH,MCNE,Mouvement Citoyens Neuchâtelois,MC NE,,,,,,,,,,,,,,,,,,exact,2010-06-03T12:00:00,,,unknown,2015-01-01T12:00:00,,,,,,,,,
620,392,,"page_number_string: 
notes: 
source_full_citation: PBD canton de Neuchâtel. (2014). Bienvenue. Consulté le 17 juin 2026, sur https://web.archive.org/web/20140104180035/http:/pbd-ne.info/
source_comment: ",fr-CH,PBD Canton de Neuchâtel,Parti Bourgeois Démocratique du canton de Neuchâtel,PBD NE,,,,,,,,,,,,,,,,,,exact,2010-10-14T12:00:00,,,exact,2015-12-31T12:00:00,,,,,,,,,
621,393,,"page_number_string: 
notes: 
source_full_citation: POP canton de Neuchâtel. (2024). Statuts du Parti Ouvrier et populaire Neuchâtelois. Consulté le 17 juin 2026, sur https://pop-ne.ch/wp-content/uploads/2025/01/20240427_Statuts-du-POP-neuchatelois_ag_2024_web.pdf
source_comment: ",fr-CH,POP-NE,Parti Ouvrier et Populaire Neuchâtelois,POP NE,,,,,,,,,,,,,,,,,,year,1944-07-01T12:00:00,,,,,,,,,,,,,
622,394,,"page_number_string: 
notes: 
source_full_citation: UDC canton de Genève. (2024). Nos statuts. Consulté le 19 juin 2026, sur https://www.udc-ge.ch/nos-statuts/
source_comment: ",fr-CH,UDC-GE,"Union Démocratique du Centre, Genève",UDC GE,,,,,,,,,,,,,,,,,,year,1987-07-01T12:00:00,,,,,,,,,,,,,
623,395,,"page_number_string: 55
notes: 
source_full_citation: SP Schweiz. (Hrsg.). (2013). Einig - aber nicht einheitlich. 125 Jahre Sozialdemokratische Partei der Schweiz. Redboox edition und Limmat Verlag Zürich.
source_comment: ",fr-CH,,Parti ouvrier socialiste,POS GE,,,,,,,,,,,,,,,,,,year,1892-07-01T12:00:00,,,year,1901-07-01T12:00:00,,,,,,,,,
624,395,,"page_number_string: 55
notes: 
source_full_citation: SP Schweiz. (Hrsg.). (2013). Einig - aber nicht einheitlich. 125 Jahre Sozialdemokratische Partei der Schweiz. Redboox edition und Limmat Verlag Zürich.
source_comment: 

page_number_string: 
notes: 
source_full_citation: PS canton de Genève. (2026). Des Racines et des Ailes. Consulté le 25 juin 2026, sur https://web.archive.org/web/20191016122532/https:/www.ps-ge.ch/historique/
source_comment: ",fr-CH,PsdG,Parti socialiste de Genève,PS GE,,,,,,,,,,,,,,,,,,year,1901-07-01T12:00:00,,,year,1941-07-01T12:00:00,,,,,,,,,
625,395,,"page_number_string: 
notes: 
source_full_citation: PS canton de Genève. (2023). Statuts du PS genevois. Consulté le 25 juin 2026, sur https://ps-ge.ch/wp-content/uploads/2024/02/2023.11.29-statuts-du-parti-socialiste-genevois.pdf
source_comment: ",fr-CH,PSG,Parti socialiste genevois,PS GE,,,,,,,,,,,,,,,,,,year,1941-07-01T12:00:00,,,,,,,,,,,,,
626,396,,"page_number_string: 
notes: 
source_full_citation: PR canton de Genève. (2005). Contact. Consulté le 25 juin 2026, sur https://web.archive.org/web/20050311164828/http:/www.radical.ch/pages/contact.htm
source_comment: ",fr-CH,PRG,Parti Radical Genevois,PR GE,,,,,,,,,,,,,,,,,,year,1841-07-01T12:00:00,,,exact,2011-05-24T12:00:00,,,,,,,,,
627,397,,"page_number_string: 
notes: 
source_full_citation: PLR canton de Genève. (2022). Statuts du Parti libéral-radical genevois (PLRG). Consulté le 25 juin 2026, sur https://www.plr-ge.ch/fileadmin/groups/621/pdf/Statuts_PLRG_2022.05.18.pdf
source_comment: ",fr-CH,PLRG,Parti libéral-radical genevois,PLR GE,,,,,,,,,,,,,,,,,,exact,2011-05-24T12:00:00,,,,,,,,,,,,,
628,398,,"page_number_string: 
notes: 
source_full_citation: PLR canton de Genève. (2026). Notre histoire et nos valeurs. Consulté le 25 juin 2026, sur https://www.plr-ge.ch/parti/histoire-et-valeurs
source_comment: ",fr-CH,,Parti démocratique genevois,PD GE,,,,,,,,,,,,,,,,,,year,1875-07-01T12:00:00,,,year,1935-07-01T12:00:00,,,,,,,,,
629,398,,"page_number_string: 
notes: 
source_full_citation: Wikipédia. (2025). Parti libéral suisse. Consulté le 1 octobre 2025, sur https://fr.wikipedia.org/wiki/Parti_lib%C3%A9ral_suisse
source_comment: ",fr-CH,,Parti national démocratique genevois,PND GE,,,,,,,,,,,,,,,,,,year,1935-07-01T12:00:00,,,year,1958-07-01T12:00:00,,,,,,,,,
630,398,,"page_number_string: 
notes: 
source_full_citation: Bernath, M., Bühlmann, M., Hohl, S. & Schoenholtz, S. (2025). Ausgewählte Beiträge zur Schweizer Politik: Dossier: Die Fusion von LPS und FDP, 2003-2013. Année Politique Suisse. Abgerufen am 09. September 2025 von https://anneepolitique.swiss/dossiers/384-dossier-die-fusion-von-lps-und-fdp
source_comment: ",fr-CH,PLG,Parti Libéral Genevois,PL GE,,,,,,,,,,,,,,,,,,year,1958-07-01T12:00:00,,,exact,2011-05-24T12:00:00,,,,,,,,,
631,399,,"page_number_string: 
notes: 
source_full_citation: PDC canton de Genève. (2011). Historique. Consulté le 25 juin 2026, sur https://web.archive.org/web/20110223194419/http:/www.pdc-ge.ch/index.php/accueil/qui-sommes-nous-/historique.html
source_comment: 

page_number_string: 112
notes: 
source_full_citation: Casetti, G. (1979). Partei und Christlichsoziale: Die heilsame Unruh. In U. Altermatt & H. P. Fagagnini (Hrsg.), Die CVP zwischen Programm und Wirklichkeit (S. 106-123). Benziger.
source_comment: ",fr-CH,,Parti Indépendant,PI GE,,,,,,,,,,,,,,,,,,year,1892-07-01T12:00:00,,,year,1926-07-01T12:00:00,,,,,,,,,
632,399,,"page_number_string: 
notes: 
source_full_citation: Ehinger, P. (1972). Parteien. In Année Politique Suisse 1972. Abgerufen am 31. März 2026 von https://anneepolitique.swiss/APS/de/APS_1972/APS1972_III_a.html
source_comment: 

page_number_string: 112
notes: 
source_full_citation: Casetti, G. (1979). Partei und Christlichsoziale: Die heilsame Unruh. In U. Altermatt & H. P. Fagagnini (Hrsg.), Die CVP zwischen Programm und Wirklichkeit (S. 106-123). Benziger.
source_comment: ",fr-CH,PICS,Parti indépendant chrétien-social genevois,PICS GE,,,,,,,,,,,,,,,,,,year,1926-07-01T12:00:00,,,year,1972-07-01T12:00:00,,,,,,,,,
633,399,,"page_number_string: 
notes: 
source_full_citation: PDC canton de Genève. (2014). Statuts du Parti démocrate-chrétien (PDC) du canton de Genève. Consulté le 25 juin 2026, sur https://web.archive.org/web/20211119193617/https:/pdc-ge.ch/themes/uploads/fichiers/Statuts_PDC_Sign%C3%A9s.pdf
source_comment: ",fr-CH,PDC du canton de Genève,Parti démocrate-chrétien du canton de Genève,PDC GE,,,,,,,,,,,,,,,,,,year,1972-07-01T12:00:00,,,exact,2022-01-01T12:00:00,,,,,,,,,
634,399,,"page_number_string: 
notes: 
source_full_citation: Centre canton de Genève. (2022). Statuts du parti Le Centre du canton de Genève. Consulté le 25 juin 2026, sur https://ge.le-centre.ch/wp-content/uploads/sites/9/2022/01/Statuts_Le-Centre_Signes_2021_.pdf
source_comment: ",fr-CH,,Le Centre du canton de Genève,Centre GE,,,,,,,,,,,,,,,,,,exact,2022-01-01T12:00:00,,,,,,,,,,,,,
635,400,,"page_number_string: 
notes: 
source_full_citation: Verts canton de Genève. (2018). Historique des Verts genevois. Consulté le 25 juin 2026, sur https://web.archive.org/web/20180904035631/https:/www.verts-ge.ch/les-verts/historique.html
source_comment: ",fr-CH,PEG,Parti écologiste genevois,PEG GE,,,,,,,,,,,,,,,,,,exact,1983-01-31T12:00:00,,,year,1994-07-01T12:00:00,,,,,,,,,
636,400,,,fr-CH,Les Verts,Les Verts - Parti écologiste genevois,Verts GE,,,,,,,,,,,,,,,,,,year,1994-07-01T12:00:00,,,year,2008-07-01T12:00:00,,,,,,,,,
637,400,,"page_number_string: 
notes: 
source_full_citation: Verts canton de Genève. (2016). Les statuts des Verts genevois. Consulté le 25 juin 2026, sur https://web.archive.org/web/20180904003413/https:/www.verts-ge.ch/les-verts/les-statuts.html#.W43TEGJ_r2c
source_comment: ",fr-CH,Les Verts,Les Verts genevois,Verts GE,,,,,,,,,,,,,,,,,,year,2008-07-01T12:00:00,,,year,2019-07-01T12:00:00,,,,,,,,,
638,400,,"page_number_string: 
notes: 
source_full_citation: Vert.e.s canton de Genève. (24 juin 2019). Les Vert.e.s présentent un nombre record de 27 candidat.e.s au Conseil national. Consulté le 25 juin 2026, sur https://verts-ge.ch/les-vert-e-s-presentent-un-nombre-record-de-27-candidat-e-s-au-conseil-national/
source_comment: ",fr-CH,,Les Vert.e.s genevois.e.s,Vert.e.s GE,,,,,,,,,,,,,,,,,,year,2019-07-01T12:00:00,,,year,2021-07-01T12:00:00,,,,,,,,,
639,400,,"page_number_string: 
notes: 
source_full_citation: Vert-e-s canton de Genève. (2022). Statuts « Les Vert-e-s genevois-es (parti écologiste genevois) ». Consulté le 25 juin 2026, sur https://verts-ge.ch/wp-content/uploads/sites/12/2022/03/Statuts-des-Vert-e-s-Genevois-es_Mars2022.pdf
source_comment: ",fr-CH,Les Vert-e-s,Les Vert-e-s genevois-es,Vert-e-s GE,,,,,,,,,,,,,,,,,,year,2021-07-01T12:00:00,,,,,,,,,,,,,
640,401,,"page_number_string: 
notes: 
source_full_citation: PVL canton de Genève. (2025). Statuts du Parti vert’libéral genevois. Consulté le 02 juin 2026, sur https://ge.vertliberaux.ch/Le-Parti-Les-Vert-lib%C3%A9raux-genevois.html
source_comment: ",fr-CH,,Parti vert'libéral genevois,PVL GE,,,,,,,,,,,,,,,,,,exact,2010-09-29T12:00:00,,,,,,,,,,,,,
641,402,,"page_number_string: 
notes: 
source_full_citation: PEV canton de Genève. (2007). Statuts PEV-GE. Consulté le 25 juin 2026, sur https://www.pev-ge.ch/parti/statuts
source_comment: ",de-CH,PEV GE,Parti évangélique Genève,PEV GE,,,,,,,,,,,,,,,,,,exact,2007-08-27T12:00:00,,,,,,,,,,,,,
642,403,,"page_number_string: 
notes: 
source_full_citation: UDF canton de Genève. (2026). Impressum. Consulté le 25 juin 2026, sur https://www.udf-ge.ch/impressum/
source_comment: ",fr-CH,UDF Genève,Union Démocratique Fédérale Genève,UDF GE,,,,,,,,,,,,,,,,,,year,1993-07-01T12:00:00,,,,,,,,,,,,,
643,404,,"page_number_string: 
notes: 
source_full_citation: Faas, J. (06 juillet 2005). La dissidence UDC cesse d'utiliser le nom de Blocher. Tribune de Genève. Consulté le 25 juin 2026, sur https://essentials.swissdox.ch/
source_comment: ",fr-CH,,Mouvement blochérien genevois,MCG,,,,,,,,,,,,,,,,,,exact,2005-06-06T12:00:00,,,exact,2005-07-05T12:00:00,,,,,,,,,
644,404,,"page_number_string: 
notes: 
source_full_citation: Faas, J. (06 juillet 2005). La dissidence UDC cesse d'utiliser le nom de Blocher. Tribune de Genève. Consulté le 25 juin 2026, sur https://essentials.swissdox.ch/
source_comment: ",fr-CH,MCG,Mouvement Citoyens Genevois,MCG,,,,,,,,,,,,,,,,,,exact,2005-07-05T12:00:00,,,exact,2024-09-18T12:00:00,,,,,,,,,
645,404,,"page_number_string: 
notes: 
source_full_citation: Armanios, R. (19 séptembre 2024). Le MCG retouche ses statuts sans calmer les frustrations. In Tribune de Genève. Consulté le 25 juin 2026, sur https://www.tdg.ch/mcg-le-parti-genevois-revoit-ses-statuts-871945788091
source_comment: ",fr-CH,MCG,Mouvement Citoyen Genevois,MCG,,,,,,,,,,,,,,,,,,exact,2024-09-18T12:00:00,,,,,,,,,,,,,
646,405,,"page_number_string: 
notes: 
source_full_citation: PBD canton de Genève. (2019). Présentation. Consulté le 25 juin 2026, sur https://web.archive.org/web/20191011234649/https:/www.bdp.info/ge/fr/quisommes-nous/
source_comment: 

page_number_string: 
notes: 
source_full_citation: PBD canton de Genève. (2013). Statuts du Parti Bourgeois Démocratique Genevois ‐ PBD Genève. Consulté le 25 juin 2026, sur https://web.archive.org/web/20191012005742/https:/www.bdp.info/data/uploads/ge/4.-documents/statuts.pdf
source_comment: ",fr-CH,,Parti Bourgeois-démocratique de Genève,PBD GE,,,,,,,,,,,,,,,,,,exact,2013-02-13T12:00:00,,,exact,2018-05-31T12:00:00,,,,,,,,,
647,405,"note_translations: languages_code: de-CH
note: Auch nach dem Namenswechsel benutzten die Zeitungen soweit ersichtlich weitgehend konsequent weiterhin den alten Namen (siehe z.B. EBU 2021).","page_number_string: 
notes: 
source_full_citation: ats/nxp. (04 juin 2018). Le PBD Genève devient PCD. AGEFI. Consulté le 10 août 2026, sur https://agefi.com/actualites/entreprises/le-pbd-geneve-devient-pcd?updatedprefs=true
source_comment: ",fr-CH,PCD,Parti Citoyen Démocratique de Genève,PBD GE,PBD Genève,,,,,,,,,,,,,,,,,exact,2018-05-31T12:00:00,,,exact,2021-12-21T12:00:00,,,,,,,,,
648,406,,"page_number_string: 145
notes: 
source_full_citation: Rauber, A. (2003). Formierter Widerstand: Geschichte der kommunistischen Bewegung in der Schweiz 1944-1991. Edition 8.
source_comment: ",fr-CH,,Parti ouvrier,PO GE,,,,,,,,,,,,,,,,,,exact,1943-06-08T12:00:00,,,year,1944-07-01T12:00:00,,,,,,,,,
649,406,,"page_number_string: 
notes: 
source_full_citation: PdT canton de Genève. (2026). Accueil. Consulté le 25 juin 2026, sur https://pdtgeneve.ch/
source_comment: ",fr-CH,,Parti du Travail genevois,PdT GE,,,,,,,,,,,,,,,,,,year,1944-07-01T12:00:00,,,,,,,,,,,,,
650,407,,"page_number_string: 
notes: 
source_full_citation: PdT canton de Genève. (2008). L'histoire du Parti du Travail. Consulté le 25 juin 2026, sur https://web.archive.org/web/20080513031822/http:/www.pdt-ge.org/content/view/18/66/
source_comment: ",fr-CH,,Parti communiste genevois,PC GE,,,,,,,,,,,,,,,,,,exact,1921-01-24T12:00:00,,,year,1937-07-01T12:00:00,,,,,,,,,
651,64,"note_translations: languages_code: de-CH
note: Eigene Namensbezeichnung.","page_number_string: 135
notes: 
source_full_citation: Blum, R. (1986). Wandel und Konstanten bei den Progressiven Organisationen (POCH), 1971-1986. In W. Linder (Hrsg.), SVPW-Jahrbuch / Annuaire ASSP (Band 26, S. 119-150). Verlag Paul Haupt Bern. https://doi.org/10.5169/seals-172510
source_comment: ",de-CH,POCH LU,Progressive Organisationen Kanton Luzern,POCH LU,POL,,,,,,,,,,,,,,,,,month,1973-11-15T12:00:00,,,year,1988-07-01T12:00:00,,,,,,,,,
652,408,,"page_number_string: 
notes: 
source_full_citation: Degen, B. (2008). Progressive Organisationen (POCH). In Historisches Lexikon der Schweiz (HLS). Abgerufen am 29. Juni 2026 von https://hls-dhs-dss.ch/de/articles/017404/2011-12-14/
source_comment: 

page_number_string: 
notes: 
source_full_citation: Blum, R. (1986). Wandel und Konstanten bei den Progressiven Organisationen (POCH), 1971-1986. In W. Linder (Hrsg.), SVPW-Jahrbuch / Annuaire ASSP (Band 26, S. 119-150). Verlag Paul Haupt Bern. https://doi.org/10.5169/seals-172510
source_comment: ",de-CH,POCH,Progressive Organisationen der Schweiz,POCH,,,,fr-CH,POCH,Organisations progressistes suisses,POCH,,,,,,,,,,,year,1971-07-01T12:00:00,,,year,1993-07-01T12:00:00,,,,,,,,,
653,93,,"page_number_string: 322
notes: 
source_full_citation: Lüthi, W. (1984). Parteien. In L. Burckhardt, R. Frey, G. Kreis & G. Schmid (Hrsg.), Das politische System Basel-Stadt. Geschichte, Strukturen, Institutionen , Politikbereiche (S. 319-332). Verlag Helbing & Lichtenhahn.
source_comment: ",de-CH,,Standesring BS,LdU BS,,,,,,,,,,,,,,,,,,year,1937-07-01T12:00:00,,,,,,,,,,,,,
654,409,,"page_number_string: 322
notes: 
source_full_citation: Lüthi, W. (1984). Parteien. In L. Burckhardt, R. Frey, G. Kreis & G. Schmid (Hrsg.), Das politische System Basel-Stadt. Geschichte, Strukturen, Institutionen , Politikbereiche (S. 319-332). Verlag Helbing & Lichtenhahn.
source_comment: ",de-CH,,Revolutionär Marxistische Liga BS,RML BS,,,,,,,,,,,,,,,,,,year,1973-07-01T12:00:00,,,,,,,,,,,,,
655,138,,"page_number_string: 
notes: 
source_full_citation: POP canton du Jura. (2026). Histoire POP Jura. Consulté le 13 juillet 2026, sur https://popjura.ch/lhistoire-pop-jura/
source_comment: ",fr-CH,,Parti Ouvrier Populaire Jurassien,POP JU,,,,,,,,,,,,,,,,,,unknown,2020-01-01T12:00:00,,,,,,,,,,,,,
656,410,,,de-CH,,Vorläufer der SP,Vorläufer der SP,,,,fr-CH,,Précurseurs du PS,Précurseurs du PS,,,,,,,,,,,unknown,1850-01-01T12:00:00,,,exact,1888-10-21T12:00:00,,,,,,,,,
657,411,,"page_number_string: 700
notes: 
source_full_citation: Linder, W., Bolliger, C. & Rielle, Y. (Hrsg.). (2010). Handbuch der eidgenössischen Volksabstimmungen 1848 bis 2007. Haupt Verlag.
source_comment: 

page_number_string: 
notes: 
source_full_citation: Papadopoulos. (1998). Suisse. In G. Hermet, J. T. Hottinger & D-L. Seiler (Eds.), Les partis politiques en Europe de l'ouest (pp. 451-485). Economica.
source_comment: ",de-CH,KP,Kommunistische Partei der Schweiz,KP,,,,fr-CH,PC,Parti communiste suisse,PC,,,,,,,,,,,exact,1921-03-06T12:00:00,,,exact,1940-11-26T12:00:00,,,,,,,,,
659,413,,,de-CH,,Vorläufer der LPS,Vorläufer der LPS,,,,fr-CH,,Précurseurs du PLS,Précurseurs du PLS,,,,,,,,,,,unknown,1850-01-01T12:00:00,,,exact,1913-10-08T12:00:00,,,,,,,,,
660,414,,,de-CH,,Vorläufer des LdU,Vorläufer des LdU,,,,fr-CH,,Précurseurs d'AdI,Précurseurs d'AdI,,,,,,,,,,,unknown,1930-01-01T12:00:00,,,exact,1936-12-30T12:00:00,,,,,,,,,
661,415,,"page_number_string: 
notes: 
source_full_citation: Suter, M. (2017). Zürich (Kanton). In Historisches Lexikon der Schweiz (HLS). Abgerufen am 09. Oktober 2025 von https://hls-dhs-dss.ch/de/articles/007381/2017-08-24/
source_comment: ",de-CH,,Kommunistische Partei Kanton Zürich,KP ZH,,,,,,,,,,,,,,,,,,year,1918-07-01T12:00:00,,,multimonth,1940-11-26T12:00:00,,,,,,,,,
662,416,,"page_number_string: 
notes: 
source_full_citation: bp. (20. August 1946). Die Liberalsozialistische Partei der Schweiz zu aktuellen Wirtschaftsfragen. Die Tat. Abgerufen am 22. Juli 2026 von https://www.e-newspaperarchives.ch/?a=d&d=DTT19460820-01.2.58
source_comment: 

page_number_string: 
notes: 
source_full_citation: Bouquet, J.-J. (2006). Parti libéral-socialiste. In Dictionnaire Historique de la Suisse (DHS). Consulté le 22 juillet 2026, sur https://hls-dhs-dss.ch/fr/articles/017392/
source_comment: 

page_number_string: 
notes: 
source_full_citation: Zenklusen, S. (?). Silvio Gesell und die Freiwirtschaftslehre. Abgerufen am 28. Juli 2026 von https://de.cdn-website.com/b31af0f266634ecdbcf8e647d2266740/files/uploaded/pdf%2011.pdf.crdownload
source_comment: ",de-CH,LSP,Liberalsozialistische Partei der Schweiz,LSP,,,,fr-CH,,Parti libéral-socialiste Suisse,PLS,,,,,,,,,,,year,1946-07-01T12:00:00,,,year,1990-07-01T12:00:00,,,,,,,,,
663,417,,"page_number_string: 
notes: 
source_full_citation: Moser, P. (1998). Bauernheimatbewegung. In Historisches Lexikon der Schweiz (HLS). Abgerufen am 22. Juli 2026 von https://hls-dhs-dss.ch/de/articles/017390/2004-04-27/
source_comment: ",de-CH,,Jungbauern,Jungbauern BE,Bauernheimatbewegung,,,fr-CH,,Jeunes Paysans,Jeunes Paysans BE,,,,,,,,,,,exact,1935-11-09T12:00:00,,,year,1946-07-01T12:00:00,,,,,,,,,
664,418,,"page_number_string: 700
notes: 
source_full_citation: Linder, W., Bolliger, C. & Rielle, Y. (Hrsg.). (2010). Handbuch der eidgenössischen Volksabstimmungen 1848 bis 2007. Haupt Verlag.
source_comment: ",de-CH,RML,Revolutionäre Marxistische Liga,RML,,,,fr-CH,LMR,Ligue marxiste révolutionnaire,LMR,,,,,,,,,,,month,1969-10-15T12:00:00,,,year,1980-07-01T12:00:00,,,,,,,,,
665,418,,"page_number_string: 
notes: 
source_full_citation: Gilg, P. (1980). Revolutionäre marxistische Liga (RML) / Sozialistische Arbeiterpartei (SAP) 1980. Année Politique Suisse. Abgerufen am 23. Juli 2026 von https://politchronik.swiss/de/prozesse/52298-revolutionare-marxistische-liga-rml-sozialistische-arbeiterpartei-sap-1980
source_comment: ",de-CH,SAP,Sozialistische Arbeiterpartei,SAP,,,,fr-CH,PSO,Parti socialiste ouvrier,PSO,,,,,,,,,,,year,1980-07-01T12:00:00,,,year,1989-07-01T12:00:00,,,,,,,,,
666,419,,"page_number_string: 
notes: 
source_full_citation: Katholisches Medienzentrum. (26. November 2014). 20 Jahre Katholische Volkspartei (KVP) – mit einem Geburtstagsgeschenk. Abgerufen am 23. Juli 2026 von https://www.kath.ch/medienspiegel/20-jahre-katholische-volkspartei-kvp-mit-einem-geburtstagsgeschenk/
source_comment: 

page_number_string: 484
notes: 
source_full_citation: Papadopoulos. (1998). Suisse. In G. Hermet, J. T. Hottinger & D-L. Seiler (Eds.), Les partis politiques en Europe de l'ouest (pp. 451-485). Economica.
source_comment: ",de-CH,CKP,Christlich-konservative Volkspartei,CKP,,,,fr-CH,,Parti chrétien conservateur suisse,CKP,,,,,,,,,,,exact,1994-11-26T12:00:00,,,year,1995-07-01T12:00:00,,,,,,,,,
667,419,,"page_number_string: 
notes: 
source_full_citation: Katholisches Medienzentrum. (26. November 2014). 20 Jahre Katholische Volkspartei (KVP) – mit einem Geburtstagsgeschenk. Abgerufen am 23. Juli 2026 von https://www.kath.ch/medienspiegel/20-jahre-katholische-volkspartei-kvp-mit-einem-geburtstagsgeschenk/
source_comment: 

page_number_string: 696
notes: 
source_full_citation: Linder, W., Bolliger, C. & Rielle, Y. (Hrsg.). (2010). Handbuch der eidgenössischen Volksabstimmungen 1848 bis 2007. Haupt Verlag.
source_comment: 

page_number_string: 484
notes: 
source_full_citation: Papadopoulos. (1998). Suisse. In G. Hermet, J. T. Hottinger & D-L. Seiler (Eds.), Les partis politiques en Europe de l'ouest (pp. 451-485). Economica.
source_comment: ",de-CH,KVP,Katholische Volkspartei,KVP,,,,fr-CH,,Parti populaire catholique,PPC,,,,,,,,,,,year,1995-07-01T12:00:00,,,,,,,,,,,,,
668,420,,,de-CH,,Föderation SP / Grütliverein Schweiz,SP/Grütli,,,,,,,,,,,,,,,,,,year,1901-07-01T12:00:00,,"page_number_string: 
notes: 
source_full_citation: Degen, B. (2022). Sozialdemokratische Partei (SP). In Historisches Lexikon der Schweiz (HLS). Abgerufen am 12. September 2025 von https://hls-dhs-dss.ch/de/articles/017393/2022-01-24/
source_comment: 

page_number_string: 
notes: 
source_full_citation: Müller, F. (2004). Grütliverein. In Historisches Lexikon der Schweiz (HLS). Abgerufen am 21. April 2026 von https://hls-dhs-dss.ch/de/articles/017397/2025-02-17/
source_comment: ",year,1916-07-01T12:00:00,,"page_number_string: 
notes: 
source_full_citation: Müller, F. (2004). Grütliverein. In Historisches Lexikon der Schweiz (HLS). Abgerufen am 21. April 2026 von https://hls-dhs-dss.ch/de/articles/017397/2025-02-17/
source_comment: 

page_number_string: 
notes: 
source_full_citation: Degen, B. (2022). Sozialdemokratische Partei (SP). In Historisches Lexikon der Schweiz (HLS). Abgerufen am 12. September 2025 von https://hls-dhs-dss.ch/de/articles/017393/2022-01-24/
source_comment: ",,,,,,,
669,416,,"page_number_string: 
notes: 
source_full_citation: Brassel-Moser, R. (2003). Freiwirtschaftliche Bewegung. In Historisches Lexikon der Schweiz (HLS). Abgerufen am 28. Juli 2026 von https://hls-dhs-dss.ch/de/articles/017396/2008-10-02/
source_comment: ",de-CH,SFFB,Schweizer Freiland-Freigeld-Bund,SFFB,,,,,,,,,,,,,,,,,,exact,1915-07-04T12:00:00,,,year,1924-07-01T12:00:00,,,,,,,,,
670,416,,"page_number_string: 
notes: 
source_full_citation: Brassel-Moser, R. (2003). Freiwirtschaftliche Bewegung. In Historisches Lexikon der Schweiz (HLS). Abgerufen am 28. Juli 2026 von https://hls-dhs-dss.ch/de/articles/017396/2008-10-02/
source_comment: ",de-CH,SFB,Schweizer Freiwirtschaftsbund,SFB,,,,,,,,,,,,,,,,,,year,1924-07-01T12:00:00,,,year,1946-07-01T12:00:00,,,,,,,,,
671,421,,"page_number_string: 
notes: 
source_full_citation: Mitg. (17 September 1943). Die Spaltung bei den Freiwirtschaftern. Tages-Anzeiger. Abgerufen am 28. Juli 2026 von https://www.e-newspaperarchives.ch/?a=d&d=TAG19430917-01.2.12.8
source_comment: ",de-CH,,Freiwirtschaftliche Bewegung der Schweiz,Freiw.,,,,,,,,,,,,,,,,,,month,1943-09-15T12:00:00,,,year,1990-07-01T12:00:00,,,,,,,,,
672,422,,"page_number_string: 
notes: 
source_full_citation: az. (06. Juni 1994). DSP der Schweiz versteht sich als dritte Kraft. Freiburger Nachrichten. Abgerufen am 28. Juli 2026 von https://www.e-newspaperarchives.ch/?a=d&d=FZG19940606-01.2.70
source_comment: ",de-CH,DSP der Schweiz,Demokratisch-Soziale Partei der Schweiz,DSP CH,,,,,,,,,,,,,,,,,,exact,1994-06-04T12:00:00,,,unknown,2012-01-01T12:00:00,,,,,,,,,
673,423,,"page_number_string: 
notes: 
source_full_citation: stg. (30. März 1996). Harziger Start für DSP. Basler Zeitung. Abgerufen am 28. Juli 2026 von https://essentials.swissdox.ch/
source_comment: ",de-CH,,Demokratisch-Soziale Partei Baselland,DSP BL,,,,,,,,,,,,,,,,,,exact,1995-09-23T12:00:00,,,unknown,2010-01-01T12:00:00,,,,,,,,,
674,424,,"page_number_string: 
notes: 
source_full_citation: sda. (05. November 1987). «Zwischen linksaussen und bürgerlich». Der Bund. Abgerufen am 28. Juli 2026 von https://www.e-newspaperarchives.ch/?a=d&d=DBB19871105-01.2.18.9.5
source_comment: ",de-CH,DSP Graubünden,Demokratisch-Soziale Partei Graubünden,DSP GR,,,,,,,,,,,,,,,,,,exact,1987-11-03T12:00:00,,,unknown,2017-01-01T12:00:00,,,,,,,,,
675,425,,"page_number_string: 
notes: 
source_full_citation: Mauron, F. (31 janvier 2007). A Fribourg, Ouverture pourrait bientôt fermer. Le Temps. Consulté le 28 juillet 2026, sur https://www.letemps.ch/suisse/fribourg-ouverture-pourrait-bientot-fermer?srsltid=AfmBOoq--OWecHqUPHiNi9KH_9gBsnKBc6OU_kxevOeAaiIWGleCVTU8
source_comment: 

page_number_string: 
notes: 
source_full_citation: wb/az/hus. (28. August 2007). Noch nie so viele Kandidierende. Berner Zeitung. Abgerufen am 28. Juli 2026 von https://essentials.swissdox.ch
source_comment: ",de-CH,,Bewegung Öffnung,DSP FR,,,,fr-CH,MO,Mouvement Ouverture,MO FR,,,,,,,,,,,year,2000-07-01T12:00:00,,,unknown,2009-01-01T12:00:00,,,,,,,,,
676,425,,"page_number_string: 
notes: 
source_full_citation: ?. (06. Mai 1989). Freiburger DSP. Berner Tagwacht. Abgerufen am 28. Juli 2026 von https://www.e-newspaperarchives.ch/?a=d&d=TGW19890506-01.2.12.1
source_comment: ",de-CH,DSP des Kantons Freiburg,Demokratisch-Soziale Partei des Kantons Freiburg,DSP FR,,,,fr-CH,PSD Fribourg,Parti social-démocrate Fribourg,PSD FR,,,,,,,,,,,exact,1989-05-03T12:00:00,,,year,2000-07-01T12:00:00,,,,,,,,,
677,39,,"page_number_string: 
notes: 
source_full_citation: Kanton Bern (2026). Sitzverteilung seit 1926. Abgerufen am 5. August 2026 von https://www.gr.be.ch/de/start/grosser-rat/mitglieder/infografiken/sitzverteilung_seit_1926.html
source_comment: ",de-CH,,Katholisch-Konservative Volkspartei Bern,KKVP BE,,,,,,,,,,,,,,,,,,year,1912-07-01T12:00:00,,,year,1956-07-01T12:00:00,,,,,,,,,
678,39,,"page_number_string: 
notes: 
source_full_citation: Kanton Bern (2026). Sitzverteilung seit 1926. Abgerufen am 5. August 2026 von https://www.gr.be.ch/de/start/grosser-rat/mitglieder/infografiken/sitzverteilung_seit_1926.html
source_comment: 

page_number_string: 112
notes: 
source_full_citation: Casetti, G. (1979). Partei und Christlichsoziale: Die heilsame Unruh. In U. Altermatt & H. P. Fagagnini (Hrsg.), Die CVP zwischen Programm und Wirklichkeit (S. 106-123). Benziger.
source_comment: 

page_number_string: 74
notes: 
source_full_citation: Altermatt, U. (2000). Die Christlichdemokratische Volkspartei der Schweiz 1945-1999. In H.-J. Veen (Hrsg.), Christlich-demokratische und konservative Parteien in Westeuropa 5 (S. 35-115). Schöningh.
source_comment: ",de-CH,,Christlichsoziale Partei Bern,CSP BE,,,,,,,,,,,,,,,,,,year,1956-07-01T12:00:00,,,year,1970-07-01T12:00:00,,,,,,,,,
679,107,,"page_number_string: 
notes: 
source_full_citation: Kanton Basel-Landschaft. (2024). Bildung von Volks-Parteien. In Geschichte des Kantons Basel-Landschaft. Abgerufen am 7. August 2026 von https://geschichte.bl.ch/politik/parteienlandschaft/parteienlandschaft-nebentext.html%3Ftx_hfgbl_circuit%5Barticle%5D=542&tx_hfgbl_circuit%5BmainArticle%5D=544&tx_hfgbl_circuit%5BbackPid%5D=347&tx_hfgbl_circuit%5Baction%5D=default&tx_hfgbl_circuit%5Bcontroller%5D=Ci.html
source_comment: ",de-CH,,Katholische Volkspartei und christlichsoziale Vereinigung,KVP-CSV BL,,,,,,,,,,,,,,,,,,year,1926-07-01T12:00:00,,,exact,1961-07-01T12:00:00,,,,,,,,,
680,426,,"page_number_string: 
notes: 
source_full_citation: Christlich-soziale Partei Zürich. (2026). Kontakt. Abgerufen am 10. August 2026 von https://web.archive.org/web/20230506201439/https://www.csp-zh.ch/kontakt/
source_comment: 

page_number_string: 
notes: 
source_full_citation: Wikipedia. (2026). Christlich-soziale Partei (Schweiz). Abgerufen am 18. Mai 2026 von https://de.wikipedia.org/wiki/Christlich-soziale_Partei_(Schweiz)
source_comment: ",de-CH,CSP Zürich,Christlich-soziale Partei Zürich,CSP ZH,,,,,,,,,,,,,,,,,,multimonth,1997-07-01T12:00:00,,"page_number_string: 
notes: 
source_full_citation: Wikipedia. (2026). Christlich-soziale Partei (Schweiz). Abgerufen am 18. Mai 2026 von https://de.wikipedia.org/wiki/Christlich-soziale_Partei_(Schweiz)
source_comment: ",,,,,,,,,,,
681,426,,"page_number_string: 
notes: 
source_full_citation: Wikipedia. (2026). Christlich-soziale Partei (Schweiz). Abgerufen am 18. Mai 2026 von https://de.wikipedia.org/wiki/Christlich-soziale_Partei_(Schweiz)
source_comment: 

page_number_string: 
notes: 
source_full_citation: cb. (17. September 1994). Freie CSP Zürich gegründet. Neue Zürcher Zeitung. Abgerufen am 12. August 2026 von https://essentials.swissdox.ch/de/research?articleId=17185870&articleView=text&q=eyJmbHQiOlt7ImZsIjoicXVlcnlfdGV4dCIsInZhbCI6WyJmcmVpZSBjc3AgesO8cmljaCJdfSx7ImZsIjoiZGF0ZXRpbWUiLCJ2YWwiOlsiMTkxMS0xMS0zMFQyMzowMDowMC4wMDBaIiwiMTk5Ni0xMi0zMVQyMjo1OTowMC4wMDBaIl19XSwiZXh0Ijp0cnVlLCJzcnQiOnsiZmwiOiJkYXRldGltZSIsImRpciI6ImRlc2MifX0%3D
source_comment: ",de-CH,Freie CSP Zürich,Freie Christlichsoziale Partei Zürich,CSP ZH,,,,,,,,,,,,,,,,,,exact,1994-09-15T12:00:00,,,multimonth,1997-07-01T12:00:00,,,,,,,,,
682,427,,"page_number_string: 
notes: 
source_full_citation: Gilg, P. (1976). Parti démocrate-chrétien. In Année Politique Suisse 1976. Abgerufen am 6. Juli 2026 von https://politchronik.swiss/APS/de/APS_1976/APS1976_III_a.html#fnref9
source_comment: ",de-CH,,Parti chrétien-social indépendant du Bas-Valais,PCSI VS-R,,,,,,,,,,,,,,,,,,month,1976-04-15T12:00:00,,,unknown,1980-01-01T12:00:00,,,,,,,,,
683,428,,,de-CH,,Vorläufer der KKVP Oberwallis,Vorläufer der KKVP VS-O,Katholisch-konservative,,,,,,,,,,,,,,,,,unknown,1815-01-01T12:00:00,,"page_number_string: 
notes: 
source_full_citation: Salzmann, J. (2026). Seit 1857 bestimmen die Konservativen die Walliser Politik. In Trotz der Vispa, dank  der Vispa - eine Chronik von Visp. Abgerufen am 10. August 2026 von https://www.visper-chronik.ch/kapitel/seit-1857-bestimmen-die-konservativen-die-walliser-politik-142
source_comment: ",exact,1919-04-23T12:00:00,,,,,,,,,
684,429,,"page_number_string: 
notes: 
source_full_citation: Rohner, M. (2002). Christlichsoziale Bewegung. In Historisches Lexikon der Schweiz (HLS), Version von 2002. Abgerufen am 10. August von https://hls-dhs-dss.ch/de/articles/026985/2008-05-26/
source_comment: 

page_number_string: 112
notes: 
source_full_citation: Casetti, G. (1979). Partei und Christlichsoziale: Die heilsame Unruh. In U. Altermatt & H. P. Fagagnini (Hrsg.), Die CVP zwischen Programm und Wirklichkeit (S. 106-123). Benziger.
source_comment: ",de-CH,,Christlichsoziale Partei Oberwallis,CSP VS-O (1917),,,,,,,,,,,,,,,,,,year,1917-07-01T12:00:00,,,,,,,,,,,,,
685,430,,"page_number_string: 
notes: 
source_full_citation: Mitte Links Freiburg. (2026). ML-CSP Sensebezirk. Abgerufen am 12. August 2026 von https://web.archive.org/web/20260812122403/https://cg-fribourg.ch/centregauche/sections/sense/
source_comment: ",de-CH,,Mitte-Links CSP.Sensebezirk,ML FR Sense,,,,,,,,,,,,,,,,,,unknown,2014-07-01T12:00:00,,,,,,,,,,,,,
686,430,,,de-CH,,CSP Sense,CSP Sense FR,,,,,,,,,,,,,,,,,,unknown,1966-01-01T12:00:00,,,unknown,2014-07-01T12:00:00,,,,,,,,,
687,432,,,de-CH,GLP Glarus Nord,GLP Glarus Nord,GLP Glarus Nord GL,,,,,,,,,,,,,,,,,,exact,2012-03-29T12:00:00,,"page_number_string: 
notes: 
source_full_citation: Huber, J. (3. April 2012). GLP Glarus Nord gegründet. Glarus24.ch. Abgerufen am 12. August 2026 von https://www.glarus24.ch/artikel/glp-glarus-nord-gegruendet-2413571
source_comment: 

page_number_string: 
notes: 
source_full_citation: CSP Glarus Nord. (2012). Auflösung der CSP. Unveröffentlichtes Dokument, erhalten per E-Mail von Franz Landolt an Hans-Peter Schaub vom 29.7.2026.
source_comment: ",,,,,,,,,,,
688,431,,"page_number_string: 
notes: 
source_full_citation: CSP Glarus Nord. (2012). Auflösung der CSP. Unveröffentlichtes Dokument, erhalten per E-Mail von Franz Landolt an Hans-Peter Schaub vom 29.7.2026.
source_comment: ",de-CH,CSP Glarus Nord,Christlich-soziale Partei Glarus Nord,CSP Glarus Nord GL,,,,,,,,,,,,,,,,,,multiyear,2011-01-01T12:00:00,,,exact,2012-03-16T12:00:00,,,,,,,,,
689,431,,"page_number_string: 
notes: 
source_full_citation: CSP Näfels. (2003). CSP - Homepage. Abgerufen am 12. August 2026 von https://web.archive.org/web/20031024075515/http://www.csp-naefels.ch/
source_comment: ",de-CH,CSP Näfels,Christlich-soziale Partei Näfels,CSP Näfels GL,,,,,,,,,,,,,,,,,,multimonth,1947-02-01T12:00:00,,,multiyear,2010-12-31T12:00:00,,,,,,,,,
690,433,,"page_number_string: 
notes: 
source_full_citation: Bardet, A. (11 mars 1997). Parti créé Le PDC vise une place au centre de l'échiquier politique. L'express. Consulté le 20 août 2026, sur https://www.e-newspaperarchives.ch/?a=d&d=EXR19970311-01.2.11
source_comment: ",fr-CH,PDC neuchâtelois,Parti démocrate-chrétien neuchâtelois,PDC NE,,,,,,,,,,,,,,,,,,exact,1997-03-03T12:00:00,,,unknown,2000-01-01T12:00:00,,,,,,,,,
691,434,,"page_number_string: 
notes: 
source_full_citation: ? (21. März 2015). Die Auto-Partei: Aufstieg und Fall eines politischen Unikums. Aargauer Zeitung. Abgerufen am 26. August 2026 von https://www.aargauerzeitung.ch/aargau/kanton-aargau/die-auto-partei-aufstieg-und-fall-eines-politischen-unikums-ld.1681649
source_comment: 

page_number_string: 
notes: 
source_full_citation: Staehelin, H. (2001). Aargau: Der Staat im 19. und 20. Jahrhundert, Politische Geschichte und Verfassungsentwicklung. In Historisches Lexikon der Schweiz (HLS). Abgerufen am 20. Mai 2026 von https://hls-dhs-dss.ch/de/articles/007392/2018-02-06/#HPolitischeGeschichteundVerfassungsentwicklung
source_comment: ",de-CH,,Auto-Partei Aargau,APS AG,,,,,,,,,,,,,,,,,,exact,1987-01-17T12:00:00,,,,,,,,,,,,,
