party_expense_id,party_id,expense,type,notes,sources,date_precision,date_datetime,date_notes,date_sources
1,20,1800000,budgeted,"note_translations: languages_code: de-CH
note: Budget in einem Wahljahr.","page_number_string: 355
notes: 
source_full_citation: Ladner, A. & Brändle, M. (2001). Die Schweizer Parteien im Wandel: Von Mitgliederparteien zu professionalisierten Wählerorganisationen? Seismo Verlag.
source_comment: ",multiyear,1995-01-01T12:00:00,,
2,20,700000,budgeted,"note_translations: languages_code: de-CH
note: Budget in einem Jahr ohne Wahlen.","page_number_string: 355
notes: 
source_full_citation: Ladner, A. & Brändle, M. (2001). Die Schweizer Parteien im Wandel: Von Mitgliederparteien zu professionalisierten Wählerorganisationen? Seismo Verlag.
source_comment: ",multiyear,1996-01-01T12:00:00,,
3,25,688000,budgeted,"note_translations: languages_code: de-CH
note: Budget in einem Wahljahr.","page_number_string: 354
notes: 
source_full_citation: Ladner, A. & Brändle, M. (2001). Die Schweizer Parteien im Wandel: Von Mitgliederparteien zu professionalisierten Wählerorganisationen? Seismo Verlag.
source_comment: ",multiyear,1995-01-01T12:00:00,,
4,25,385000,budgeted,"note_translations: languages_code: de-CH
note: Budget in einem Jahr ohne Wahlen.","page_number_string: 354
notes: 
source_full_citation: Ladner, A. & Brändle, M. (2001). Die Schweizer Parteien im Wandel: Von Mitgliederparteien zu professionalisierten Wählerorganisationen? Seismo Verlag.
source_comment: ",multiyear,1996-01-01T12:00:00,,
5,27,50000,budgeted,,"page_number_string: 
notes: 
source_full_citation: bto. (03. November 2004). Grünliberale starten vielversprechend. Neue Zürcher Zeitung. Abgerufen am 20. Oktober 2025 von https://essentials.swissdox.ch/
source_comment: ",year,2005-07-01T12:00:00,,
6,27,390000,actual,,"page_number_string: 
notes: 
source_full_citation: rsr. (20. April 2012). Nur noch ein Kantonalpräsident. Neue Zürcher Zeitung. Abgerufen am 20. Oktober 2025 von https://essentials.swissdox.ch/
source_comment: ",year,2011-07-01T12:00:00,,
7,28,516454,actual,"note_translations: languages_code: de-CH
note: Jahresbericht der EVP Zürich aus dem Jahr 2012.","page_number_string: 
notes: 
source_full_citation: EVP Kanton Zürich. (2025). EVP Jahresbericht. Abgerufen am 20. Oktober 2025 von https://evpzh.ch/publikationen/jahresberichte
source_comment: ",year,2011-07-01T00:00:00,,
8,28,401400,budgeted,"note_translations: languages_code: de-CH
note: Jahresbericht der EVP Zürich aus dem Jahr 2012.","page_number_string: 
notes: 
source_full_citation: EVP Kanton Zürich. (2025). EVP Jahresbericht. Abgerufen am 20. Oktober 2025 von https://evpzh.ch/publikationen/jahresberichte
source_comment: ",year,2012-07-01T00:00:00,,
9,28,397942,actual,"note_translations: languages_code: de-CH
note: Jahresbericht der EVP Zürich aus dem Jahr 2012.","page_number_string: 
notes: 
source_full_citation: EVP Kanton Zürich. (2025). EVP Jahresbericht. Abgerufen am 20. Oktober 2025 von https://evpzh.ch/publikationen/jahresberichte
source_comment: ",year,2012-07-01T00:00:00,,
10,28,425600,budgeted,"note_translations: languages_code: de-CH
note: Jahresbericht der EVP Zürich aus dem Jahr 2012.","page_number_string: 
notes: 
source_full_citation: EVP Kanton Zürich. (2025). EVP Jahresbericht. Abgerufen am 20. Oktober 2025 von https://evpzh.ch/publikationen/jahresberichte
source_comment: ",year,2013-07-01T00:00:00,,
11,28,428068,actual,"note_translations: languages_code: de-CH
note: Jahresbericht der EVP Zürich aus dem Jahr 2013.","page_number_string: 
notes: 
source_full_citation: EVP Kanton Zürich. (2025). EVP Jahresbericht. Abgerufen am 20. Oktober 2025 von https://evpzh.ch/publikationen/jahresberichte
source_comment: ",year,2013-07-01T00:00:00,,
12,28,444000,budgeted,"note_translations: languages_code: de-CH
note: Jahresbericht der EVP Zürich aus dem Jahr 2013.","page_number_string: 
notes: 
source_full_citation: EVP Kanton Zürich. (2025). EVP Jahresbericht. Abgerufen am 20. Oktober 2025 von https://evpzh.ch/publikationen/jahresberichte
source_comment: ",year,2014-07-01T00:00:00,,
13,28,464770,actual,"note_translations: languages_code: de-CH
note: Jahresbericht der EVP Zürich aus dem Jahr 2014.","page_number_string: 
notes: 
source_full_citation: EVP Kanton Zürich. (2025). EVP Jahresbericht. Abgerufen am 20. Oktober 2025 von https://evpzh.ch/publikationen/jahresberichte
source_comment: ",year,2014-07-01T00:00:00,,
14,28,506000,budgeted,"note_translations: languages_code: de-CH
note: Jahresbericht der EVP Zürich aus dem Jahr 2014.","page_number_string: 
notes: 
source_full_citation: EVP Kanton Zürich. (2025). EVP Jahresbericht. Abgerufen am 20. Oktober 2025 von https://evpzh.ch/publikationen/jahresberichte
source_comment: ",year,2015-07-01T00:00:00,,
15,28,643809,actual,"note_translations: languages_code: de-CH
note: Jahresbericht der EVP Zürich aus dem Jahr 2015.","page_number_string: 
notes: 
source_full_citation: EVP Kanton Zürich. (2025). EVP Jahresbericht. Abgerufen am 20. Oktober 2025 von https://evpzh.ch/publikationen/jahresberichte
source_comment: ",year,2015-07-01T00:00:00,,
16,28,432900,budgeted,"note_translations: languages_code: de-CH
note: Jahresbericht der EVP Zürich aus dem Jahr 2015.","page_number_string: 
notes: 
source_full_citation: EVP Kanton Zürich. (2025). EVP Jahresbericht. Abgerufen am 20. Oktober 2025 von https://evpzh.ch/publikationen/jahresberichte
source_comment: ",year,2016-07-01T00:00:00,,
17,28,432927,actual,"note_translations: languages_code: de-CH
note: Jahresbericht der EVP Zürich aus dem Jahr 2016.","page_number_string: 
notes: 
source_full_citation: EVP Kanton Zürich. (2025). EVP Jahresbericht. Abgerufen am 20. Oktober 2025 von https://evpzh.ch/publikationen/jahresberichte
source_comment: ",year,2016-07-01T00:00:00,,
18,28,431900,budgeted,"note_translations: languages_code: de-CH
note: Jahresbericht der EVP Zürich aus dem Jahr 2016.","page_number_string: 
notes: 
source_full_citation: EVP Kanton Zürich. (2025). EVP Jahresbericht. Abgerufen am 20. Oktober 2025 von https://evpzh.ch/publikationen/jahresberichte
source_comment: ",year,2017-07-01T00:00:00,,
19,28,451884,actual,"note_translations: languages_code: de-CH
note: Jahresbericht der EVP Zürich aus dem Jahr 2017.","page_number_string: 
notes: 
source_full_citation: EVP Kanton Zürich. (2025). EVP Jahresbericht. Abgerufen am 20. Oktober 2025 von https://evpzh.ch/publikationen/jahresberichte
source_comment: ",year,2017-07-01T00:00:00,,
20,28,432550,budgeted,"note_translations: languages_code: de-CH
note: Jahresbericht der EVP Zürich aus dem Jahr 2017.","page_number_string: 
notes: 
source_full_citation: EVP Kanton Zürich. (2025). EVP Jahresbericht. Abgerufen am 20. Oktober 2025 von https://evpzh.ch/publikationen/jahresberichte
source_comment: ",year,2018-07-01T12:00:00,,
21,28,420319,actual,"note_translations: languages_code: de-CH
note: Jahresbericht der EVP Zürich aus dem Jahr 2018.","page_number_string: 
notes: 
source_full_citation: EVP Kanton Zürich. (2025). EVP Jahresbericht. Abgerufen am 20. Oktober 2025 von https://evpzh.ch/publikationen/jahresberichte
source_comment: ",year,2018-07-01T12:00:00,,
22,28,635550,budgeted,"note_translations: languages_code: de-CH
note: Jahresbericht der EVP Zürich aus dem Jahr 2018.","page_number_string: 
notes: 
source_full_citation: EVP Kanton Zürich. (2025). EVP Jahresbericht. Abgerufen am 20. Oktober 2025 von https://evpzh.ch/publikationen/jahresberichte
source_comment: ",year,2019-07-01T00:00:00,,
23,28,560129,actual,"note_translations: languages_code: de-CH
note: Jahresbericht der EVP Zürich aus dem Jahr 2019.","page_number_string: 
notes: 
source_full_citation: EVP Kanton Zürich. (2025). EVP Jahresbericht. Abgerufen am 20. Oktober 2025 von https://evpzh.ch/publikationen/jahresberichte
source_comment: ",year,2019-07-01T00:00:00,,
24,28,424450,budgeted,"note_translations: languages_code: de-CH
note: Jahresbericht der EVP Zürich aus dem Jahr 2019.","page_number_string: 
notes: 
source_full_citation: EVP Kanton Zürich. (2025). EVP Jahresbericht. Abgerufen am 20. Oktober 2025 von https://evpzh.ch/publikationen/jahresberichte
source_comment: ",year,2020-07-01T00:00:00,,
25,28,388004,actual,"note_translations: languages_code: de-CH
note: Jahresbericht der EVP Zürich aus dem Jahr 2020.","page_number_string: 
notes: 
source_full_citation: EVP Kanton Zürich. (2025). EVP Jahresbericht. Abgerufen am 20. Oktober 2025 von https://evpzh.ch/publikationen/jahresberichte
source_comment: ",year,2020-07-01T00:00:00,,
26,28,418450,budgeted,"note_translations: languages_code: de-CH
note: Jahresbericht der EVP Zürich aus dem Jahr 2020.","page_number_string: 
notes: 
source_full_citation: EVP Kanton Zürich. (2025). EVP Jahresbericht. Abgerufen am 20. Oktober 2025 von https://evpzh.ch/publikationen/jahresberichte
source_comment: ",year,2021-07-01T00:00:00,,
27,28,454418,actual,"note_translations: languages_code: de-CH
note: Jahresbericht der EVP Zürich aus dem Jahr 2023.","page_number_string: 
notes: 
source_full_citation: EVP Kanton Zürich. (2025). EVP Jahresbericht. Abgerufen am 20. Oktober 2025 von https://evpzh.ch/publikationen/jahresberichte
source_comment: ",year,2022-07-01T00:00:00,,
28,28,611100,budgeted,"note_translations: languages_code: de-CH
note: Jahresbericht der EVP Zürich aus dem Jahr 2023.","page_number_string: 
notes: 
source_full_citation: EVP Kanton Zürich. (2025). EVP Jahresbericht. Abgerufen am 20. Oktober 2025 von https://evpzh.ch/publikationen/jahresberichte
source_comment: ",year,2023-07-01T00:00:00,,
29,28,655313,actual,"note_translations: languages_code: de-CH
note: Jahresbericht der EVP Zürich aus dem Jahr 2023.","page_number_string: 
notes: 
source_full_citation: EVP Kanton Zürich. (2025). EVP Jahresbericht. Abgerufen am 20. Oktober 2025 von https://evpzh.ch/publikationen/jahresberichte
source_comment: ",year,2023-07-01T00:00:00,,
30,28,512300,budgeted,"note_translations: languages_code: de-CH
note: Jahresbericht der EVP Zürich aus dem Jahr 2024.","page_number_string: 
notes: 
source_full_citation: EVP Kanton Zürich. (2025). EVP Jahresbericht. Abgerufen am 20. Oktober 2025 von https://evpzh.ch/publikationen/jahresberichte
source_comment: ",year,2024-07-01T00:00:00,,
31,28,431129,actual,"note_translations: languages_code: de-CH
note: Jahresbericht der EVP Zürich aus dem Jahr 2024.","page_number_string: 
notes: 
source_full_citation: EVP Kanton Zürich. (2025). EVP Jahresbericht. Abgerufen am 20. Oktober 2025 von https://evpzh.ch/publikationen/jahresberichte
source_comment: ",year,2024-07-01T00:00:00,,
32,28,452300,budgeted,"note_translations: languages_code: de-CH
note: Jahresbericht der EVP Zürich aus dem Jahr 2024.","page_number_string: 
notes: 
source_full_citation: EVP Kanton Zürich. (2025). EVP Jahresbericht. Abgerufen am 20. Oktober 2025 von https://evpzh.ch/publikationen/jahresberichte
source_comment: ",year,2025-07-01T00:00:00,,
33,36,1527300,actual,,"page_number_string: 
notes: 
source_full_citation: SP Kanton Bern. (2019). Wir über uns. Abgerufen am 07. November 2025 von http://web.archive.org/web/20191016122336/https:/www.spbe.ch/index.php?id=40
source_comment: ",year,2008-07-01T00:00:00,,
34,36,1550387,actual,,"page_number_string: 
notes: 
source_full_citation: SP Kanton Bern. (2019). Wir über uns. Abgerufen am 07. November 2025 von http://web.archive.org/web/20191016122336/https:/www.spbe.ch/index.php?id=40
source_comment: ",year,2009-07-01T00:00:00,,
35,36,1619254,actual,,"page_number_string: 
notes: 
source_full_citation: SP Kanton Bern. (2019). Wir über uns. Abgerufen am 07. November 2025 von http://web.archive.org/web/20191016122336/https:/www.spbe.ch/index.php?id=40
source_comment: ",year,2010-07-01T00:00:00,,
36,36,1951851,actual,,"page_number_string: 
notes: 
source_full_citation: SP Kanton Bern. (2019). Wir über uns. Abgerufen am 07. November 2025 von http://web.archive.org/web/20191016122336/https:/www.spbe.ch/index.php?id=40
source_comment: ",year,2011-07-01T00:00:00,,
37,36,1552509,actual,,"page_number_string: 
notes: 
source_full_citation: SP Kanton Bern. (2019). Wir über uns. Abgerufen am 07. November 2025 von http://web.archive.org/web/20191016122336/https:/www.spbe.ch/index.php?id=40
source_comment: ",year,2012-07-01T00:00:00,,
38,36,1523435,actual,,"page_number_string: 
notes: 
source_full_citation: SP Kanton Bern. (2019). Wir über uns. Abgerufen am 07. November 2025 von http://web.archive.org/web/20191016122336/https:/www.spbe.ch/index.php?id=40
source_comment: ",year,2013-07-01T00:00:00,,
39,36,1479013,actual,,"page_number_string: 
notes: 
source_full_citation: SP Kanton Bern. (2025). Über uns. Abgerufen am 07. November 2025 von https://spbe.ch/partei/ueber-uns/
source_comment: ",year,2014-07-01T00:00:00,,
40,36,1497632,actual,,"page_number_string: 
notes: 
source_full_citation: SP Kanton Bern. (2025). Über uns. Abgerufen am 07. November 2025 von https://spbe.ch/partei/ueber-uns/
source_comment: ",year,2015-07-01T00:00:00,,
41,36,1471319,actual,,"page_number_string: 
notes: 
source_full_citation: SP Kanton Bern. (2025). Über uns. Abgerufen am 07. November 2025 von https://spbe.ch/partei/ueber-uns/
source_comment: ",year,2016-07-01T00:00:00,,
42,36,843400,budgeted,,"page_number_string: 
notes: 
source_full_citation: SP Kanton Bern. (2025). Über uns. Abgerufen am 07. November 2025 von https://spbe.ch/partei/ueber-uns/
source_comment: ",year,2017-07-01T00:00:00,,
43,36,999837,actual,,"page_number_string: 
notes: 
source_full_citation: SP Kanton Bern. (2025). Über uns. Abgerufen am 07. November 2025 von https://spbe.ch/partei/ueber-uns/
source_comment: ",year,2017-07-01T00:00:00,,
44,36,942700,budgeted,,"page_number_string: 
notes: 
source_full_citation: SP Kanton Bern. (2025). Über uns. Abgerufen am 07. November 2025 von https://spbe.ch/partei/ueber-uns/
source_comment: ",year,2018-07-01T12:00:00,,
45,36,1046376,actual,,"page_number_string: 
notes: 
source_full_citation: SP Kanton Bern. (2025). Über uns. Abgerufen am 07. November 2025 von https://spbe.ch/partei/ueber-uns/
source_comment: ",year,2018-07-01T12:00:00,,
46,36,994200,budgeted,,"page_number_string: 
notes: 
source_full_citation: SP Kanton Bern. (2025). Über uns. Abgerufen am 07. November 2025 von https://spbe.ch/partei/ueber-uns/
source_comment: ",year,2019-07-01T00:00:00,,
47,36,1063231,actual,,"page_number_string: 
notes: 
source_full_citation: SP Kanton Bern. (2025). Über uns. Abgerufen am 07. November 2025 von https://spbe.ch/partei/ueber-uns/
source_comment: ",year,2019-07-01T00:00:00,,
48,36,880200,budgeted,,"page_number_string: 
notes: 
source_full_citation: SP Kanton Bern. (2025). Über uns. Abgerufen am 07. November 2025 von https://spbe.ch/partei/ueber-uns/
source_comment: ",year,2020-07-01T00:00:00,,
49,36,932638,actual,,"page_number_string: 
notes: 
source_full_citation: SP Kanton Bern. (2025). Über uns. Abgerufen am 07. November 2025 von https://spbe.ch/partei/ueber-uns/
source_comment: ",year,2020-07-01T00:00:00,,
50,36,912700,budgeted,,"page_number_string: 
notes: 
source_full_citation: SP Kanton Bern. (2025). Über uns. Abgerufen am 07. November 2025 von https://spbe.ch/partei/ueber-uns/
source_comment: ",year,2021-07-01T00:00:00,,
51,36,969002,actual,,"page_number_string: 
notes: 
source_full_citation: SP Kanton Bern. (2025). Über uns. Abgerufen am 07. November 2025 von https://spbe.ch/partei/ueber-uns/
source_comment: ",year,2021-07-01T00:00:00,,
52,36,981700,budgeted,,"page_number_string: 
notes: 
source_full_citation: SP Kanton Bern. (2025). Über uns. Abgerufen am 07. November 2025 von https://spbe.ch/partei/ueber-uns/
source_comment: ",year,2022-07-01T00:00:00,,
53,36,1069893,actual,,"page_number_string: 
notes: 
source_full_citation: SP Kanton Bern. (2025). Über uns. Abgerufen am 07. November 2025 von https://spbe.ch/partei/ueber-uns/
source_comment: ",year,2022-07-01T00:00:00,,
54,36,1050200,budgeted,,"page_number_string: 
notes: 
source_full_citation: SP Kanton Bern. (2025). Über uns. Abgerufen am 07. November 2025 von https://spbe.ch/partei/ueber-uns/
source_comment: ",year,2023-07-01T00:00:00,,
55,36,1095388,actual,,"page_number_string: 
notes: 
source_full_citation: SP Kanton Bern. (2025). Über uns. Abgerufen am 07. November 2025 von https://spbe.ch/partei/ueber-uns/
source_comment: ",year,2023-07-01T00:00:00,,
56,37,700000,budgeted,"note_translations: languages_code: de-CH
note: Ausgaben in einem Wahljahr.","page_number_string: 353
notes: 
source_full_citation: Ladner, A. & Brändle, M. (2001). Die Schweizer Parteien im Wandel: Von Mitgliederparteien zu professionalisierten Wählerorganisationen? Seismo Verlag.
source_comment: ",multiyear,1995-01-01T12:00:00,,
57,37,500000,budgeted,"note_translations: languages_code: de-CH
note: Ausgaben in einem Jahr ohne Wahlen.","page_number_string: 353
notes: 
source_full_citation: Ladner, A. & Brändle, M. (2001). Die Schweizer Parteien im Wandel: Von Mitgliederparteien zu professionalisierten Wählerorganisationen? Seismo Verlag.
source_comment: ",multiyear,1996-01-01T12:00:00,,
58,39,70000,budgeted,,,multiyear,1995-01-01T12:00:00,"note_translations: languages_code: de-CH
note: Ausgaben in einem Wahljahr.","page_number_string: 354
notes: 
source_full_citation: Ladner, A. & Brändle, M. (2001). Die Schweizer Parteien im Wandel: Von Mitgliederparteien zu professionalisierten Wählerorganisationen? Seismo Verlag.
source_comment: "
59,39,6000,budgeted,"note_translations: languages_code: de-CH
note: Ausgaben in einem Jahr ohne Wahlen.","page_number_string: 354
notes: 
source_full_citation: Ladner, A. & Brändle, M. (2001). Die Schweizer Parteien im Wandel: Von Mitgliederparteien zu professionalisierten Wählerorganisationen? Seismo Verlag.
source_comment: ",multiyear,1996-01-01T12:00:00,,
60,35,60000,actual,"note_translations: languages_code: de-CH
note: ""1919-1921 kamen jährlich durchschnittlich 60'000 Franken zusammen. Saläre: 14'000, Ausgaben für Nationalratswahlen 1919: 22'000, jährliche Überschüsse: ca. 40'000."" (Jufer et al. 1993: 21)","page_number_string: 21
notes: 
source_full_citation: Jufer, M. (1993). 75 Jahre SVP Kanton Bern. Verlag SVP Kanton Bern.
source_comment: ",year,1919-07-01T12:00:00,,
61,35,60000,actual,"note_translations: languages_code: de-CH
note: ""1919-1921 kamen jährlich durchschnittlich 60'000 Franken zusammen. Saläre: 14'000, Ausgaben für Nationalratswahlen 1919: 22'000, jährliche Überschüsse: ca. 40'000."" (Jufer et al. 1993: 21)","page_number_string: 21
notes: 
source_full_citation: Jufer, M. (1993). 75 Jahre SVP Kanton Bern. Verlag SVP Kanton Bern.
source_comment: ",year,1920-07-01T12:00:00,,
62,35,60000,actual,"note_translations: languages_code: de-CH
note: ""1919-1921 kamen jährlich durchschnittlich 60'000 Franken zusammen. Saläre: 14'000, Ausgaben für Nationalratswahlen 1919: 22'000, jährliche Überschüsse: ca. 40'000."" (Jufer et al. 1993: 21)","page_number_string: 21
notes: 
source_full_citation: Jufer, M. (1993). 75 Jahre SVP Kanton Bern. Verlag SVP Kanton Bern.
source_comment: ",year,1921-07-01T12:00:00,,
63,35,1100000,actual,"note_translations: languages_code: de-CH
note: Ausgaben in einem Wahljahr.","page_number_string: 355
notes: 
source_full_citation: Ladner, A. & Brändle, M. (2001). Die Schweizer Parteien im Wandel: Von Mitgliederparteien zu professionalisierten Wählerorganisationen? Seismo Verlag.
source_comment: ",multiyear,1995-01-01T12:00:00,,
64,35,700000,actual,"note_translations: languages_code: de-CH
note: Ausgaben in einem Jahr ohne Wahlen.","page_number_string: 355
notes: 
source_full_citation: Ladner, A. & Brändle, M. (2001). Die Schweizer Parteien im Wandel: Von Mitgliederparteien zu professionalisierten Wählerorganisationen? Seismo Verlag.
source_comment: ",multiyear,1996-01-01T12:00:00,,
65,54,170000,actual,"note_translations: languages_code: de-CH
note: Ausgaben in einem Wahljahr.","page_number_string: 355
notes: 
source_full_citation: Ladner, A. & Brändle, M. (2001). Die Schweizer Parteien im Wandel: Von Mitgliederparteien zu professionalisierten Wählerorganisationen? Seismo Verlag.
source_comment: ",multiyear,1995-01-01T12:00:00,,
66,54,50000,actual,"note_translations: languages_code: de-CH
note: Ausgaben in einem Jahr ohne Wahlen.","page_number_string: 355
notes: 
source_full_citation: Ladner, A. & Brändle, M. (2001). Die Schweizer Parteien im Wandel: Von Mitgliederparteien zu professionalisierten Wählerorganisationen? Seismo Verlag.
source_comment: ",multiyear,1996-01-01T12:00:00,,
67,55,240000,actual,,"page_number_string: 356
notes: 
source_full_citation: Ladner, A. & Brändle, M. (2001). Die Schweizer Parteien im Wandel: Von Mitgliederparteien zu professionalisierten Wählerorganisationen? Seismo Verlag.
source_comment: ",multiyear,1995-01-01T12:00:00,,
68,55,160000,actual,,"page_number_string: 356
notes: 
source_full_citation: Ladner, A. & Brändle, M. (2001). Die Schweizer Parteien im Wandel: Von Mitgliederparteien zu professionalisierten Wählerorganisationen? Seismo Verlag.
source_comment: ",multiyear,1996-01-01T12:00:00,,
69,56,600000,actual,,"page_number_string: 353
notes: 
source_full_citation: Ladner, A. & Brändle, M. (2001). Die Schweizer Parteien im Wandel: Von Mitgliederparteien zu professionalisierten Wählerorganisationen? Seismo Verlag.
source_comment: ",multiyear,1995-01-01T12:00:00,,
70,56,350000,actual,,"page_number_string: 353
notes: 
source_full_citation: Ladner, A. & Brändle, M. (2001). Die Schweizer Parteien im Wandel: Von Mitgliederparteien zu professionalisierten Wählerorganisationen? Seismo Verlag.
source_comment: ",multiyear,1996-01-01T12:00:00,,
71,57,720000,actual,"note_translations: languages_code: de-CH
note: Ausgaben in einem Wahljahr.","page_number_string: 354
notes: 
source_full_citation: Ladner, A. & Brändle, M. (2001). Die Schweizer Parteien im Wandel: Von Mitgliederparteien zu professionalisierten Wählerorganisationen? Seismo Verlag.
source_comment: ",multiyear,1995-01-01T12:00:00,,
72,57,350000,actual,"note_translations: languages_code: de-CH
note: Ausgaben in einem Jahr ohne Wahlen.","page_number_string: 354
notes: 
source_full_citation: Ladner, A. & Brändle, M. (2001). Die Schweizer Parteien im Wandel: Von Mitgliederparteien zu professionalisierten Wählerorganisationen? Seismo Verlag.
source_comment: ",multiyear,1996-01-01T12:00:00,,
73,61,1120,budgeted,,"page_number_string: 
notes: 
source_full_citation: EVP Kanton Luzern. (2021). Buchhaltung 2021. Abgerufen am 08. Dezember 2025 von https://www.evplu.ch/fileadmin/user_upload/luzern/de/2022/20220303_Buchhaltung_EVP_Kt._Luzern_Rechnung_2021.pdf
source_comment: ",year,2021-07-01T12:00:00,,
74,61,1040,actual,,"page_number_string: 
notes: 
source_full_citation: EVP Kanton Luzern. (2021). Buchhaltung 2021. Abgerufen am 08. Dezember 2025 von https://www.evplu.ch/fileadmin/user_upload/luzern/de/2022/20220303_Buchhaltung_EVP_Kt._Luzern_Rechnung_2021.pdf
source_comment: ",year,2021-07-01T12:00:00,,
75,69,14600,actual,,"page_number_string: 
notes: 
source_full_citation: bar. (17. Mai 2001). Ja zu Militärgesetz und Bistumsartikel. Neue Luzerner Zeitung. Abgerufen am 15. Dezember 2025 von https://essentials.swissdox.ch/
source_comment: ",year,2000-07-01T12:00:00,,
77,70,32000,actual,"note_translations: languages_code: de-CH
note: Ausgaben in einem Wahljahr.","page_number_string: 354
notes: 
source_full_citation: Ladner, A. & Brändle, M. (2001). Die Schweizer Parteien im Wandel: Von Mitgliederparteien zu professionalisierten Wählerorganisationen? Seismo Verlag.
source_comment: ",year,1995-07-01T00:00:00,,
78,70,14000,actual,"note_translations: languages_code: de-CH
note: Ausgaben in einem Jahr ohne Wahlen.","page_number_string: 354
notes: 
source_full_citation: Ladner, A. & Brändle, M. (2001). Die Schweizer Parteien im Wandel: Von Mitgliederparteien zu professionalisierten Wählerorganisationen? Seismo Verlag.
source_comment: ",year,1996-07-01T00:00:00,,
79,71,4330,actual,,"page_number_string: 
notes: 
source_full_citation: Grüne Kanton Bern. (2021). Jahresbericht und Jahresrechnung 2020. Abgerufen am 15. Dezember 2025 von https://gruene-uri.ch/wp-content/uploads/sites/34/2021/06/20210524_Jahresbericht2020-GRUENE-URI_Def.pdf
source_comment: ",year,2020-07-01T00:00:00,,
80,71,2373,actual,,"page_number_string: 
notes: 
source_full_citation: Grüne Kanton Uri. (2022). Jahresbericht und Jahresrechnung 2021. Abgerufen am 15. Dezember 2025 von https://gruene-uri.ch/wp-content/uploads/sites/34/2022/08/20210818_Jahresbericht2021-GRUENE-URI_def.pdf
source_comment: ",year,2021-07-01T00:00:00,,
81,71,11213,actual,,"page_number_string: 
notes: 
source_full_citation: Grüne Kanton Uri. (2023). Jahresbericht und Jahresrechnung 2022. Abgerufen am 15. Dezember 2025 von https://gruene-uri.ch/wp-content/uploads/sites/34/2023/10/20220914_Jahresbericht2022-GRUENE-URI_def.pdf
source_comment: ",year,2022-07-01T00:00:00,,
82,71,15603,actual,,"page_number_string: 
notes: 
source_full_citation: Grüne Kanton Uri. (2024). Jahresbericht und Jahresrechnung 2023. Abgerufen am 15. Dezember 2025 von https://gruene-uri.ch/wp-content/uploads/sites/34/2025/06/Jahresbericht2023-GRUENE-URI_DEF_print.pdf
source_comment: ",year,2023-07-01T00:00:00,,
83,71,32270,actual,,"page_number_string: 
notes: 
source_full_citation: Grüne Kanton Uri. (2025). Jahresbericht und Jahresrechnung 2024. Abgerufen am 15. Dezember 2025 von https://gruene-uri.ch/wp-content/uploads/sites/34/2025/09/Jahresbericht2024-GRUENE-URI.pdf
source_comment: ",year,2024-07-01T00:00:00,,
84,74,20000,actual,"note_translations: languages_code: de-CH
note: Ausgaben in einem Wahljahr","page_number_string: 355
notes: 
source_full_citation: Ladner, A. & Brändle, M. (2001). Die Schweizer Parteien im Wandel: Von Mitgliederparteien zu professionalisierten Wählerorganisationen? Seismo Verlag.
source_comment: ",multiyear,1995-01-01T12:00:00,,
85,74,8000,actual,"note_translations: languages_code: de-CH
note: Ausgaben in einem Jahr ohne Wahlen.","page_number_string: 355
notes: 
source_full_citation: Ladner, A. & Brändle, M. (2001). Die Schweizer Parteien im Wandel: Von Mitgliederparteien zu professionalisierten Wählerorganisationen? Seismo Verlag.
source_comment: ",multiyear,1996-01-01T12:00:00,,
86,75,610000,actual,"note_translations: languages_code: de-CH
note: Ausgaben in einem Wahljahr.","page_number_string: 356
notes: 
source_full_citation: Ladner, A. & Brändle, M. (2001). Die Schweizer Parteien im Wandel: Von Mitgliederparteien zu professionalisierten Wählerorganisationen? Seismo Verlag.
source_comment: ",year,1995-07-01T00:00:00,,
87,75,435000,actual,"note_translations: languages_code: de-CH
note: Ausgaben in einem Jahr ohne Wahlen.","page_number_string: 356
notes: 
source_full_citation: Ladner, A. & Brändle, M. (2001). Die Schweizer Parteien im Wandel: Von Mitgliederparteien zu professionalisierten Wählerorganisationen? Seismo Verlag.
source_comment: ",year,1996-07-01T00:00:00,,
88,75,492330,budgeted,,"page_number_string: 
notes: 
source_full_citation: SP Kanton Basel-Stadt. (2009). 2009 Jahresberichte. Abgerufen am 09. Januar 2026 von https://sp-bs.ch/wp-content/uploads/2023/03/jahresberichte_2009_gesamt.pdf
source_comment: ",year,2009-07-01T00:00:00,,
89,75,422501,actual,,"page_number_string: 
notes: 
source_full_citation: SP Kanton Basel-Stadt. (2009). 2009 Jahresberichte. Abgerufen am 09. Januar 2026 von https://sp-bs.ch/wp-content/uploads/2023/03/jahresberichte_2009_gesamt.pdf
source_comment: ",year,2009-07-01T00:00:00,,
90,75,462960,budgeted,,"page_number_string: 
notes: 
source_full_citation: SP Kanton Basel-Stadt. (2010). Jahresbericht der SP Basel-Stadt 2010. Abgerufen am 09. Januar 2026 von https://sp-bs.ch/wp-content/uploads/2023/03/jahresberichte_2010_gesamt.pdf
source_comment: ",year,2010-07-01T00:00:00,,
91,75,454444,actual,,"page_number_string: 
notes: 
source_full_citation: SP Kanton Basel-Stadt. (2010). Jahresbericht der SP Basel-Stadt 2010. Abgerufen am 09. Januar 2026 von https://sp-bs.ch/wp-content/uploads/2023/03/jahresberichte_2010_gesamt.pdf
source_comment: ",year,2010-07-01T00:00:00,,
92,75,550454,budgeted,,"page_number_string: 
notes: 
source_full_citation: SP Kanton Basel-Stadt. (2010). Jahresbericht der SP Basel-Stadt 2010. Abgerufen am 09. Januar 2026 von https://sp-bs.ch/wp-content/uploads/2023/03/jahresberichte_2010_gesamt.pdf
source_comment: ",year,2011-07-01T00:00:00,,
93,75,688395,budgeted,,"page_number_string: 
notes: 
source_full_citation: SP Kanton Basel-Stadt. (2016). Jahresbericht der SP Basel-Stadt 2016. Abgerufen am 09. Januar 2026 von https://sp-bs.ch/wp-content/uploads/2023/03/16jb_gesamt.pdf
source_comment: ",year,2016-07-01T00:00:00,,
94,75,823561,actual,,"page_number_string: 
notes: 
source_full_citation: SP Kanton Basel-Stadt. (2016). Jahresbericht der SP Basel-Stadt 2016. Abgerufen am 09. Januar 2026 von https://sp-bs.ch/wp-content/uploads/2023/03/16jb_gesamt.pdf
source_comment: ",year,2016-07-01T00:00:00,,
95,75,564372,budgeted,,"page_number_string: 
notes: 
source_full_citation: SP Kanton Basel-Stadt. (2016). Jahresbericht der SP Basel-Stadt 2016. Abgerufen am 09. Januar 2026 von https://sp-bs.ch/wp-content/uploads/2023/03/16jb_gesamt.pdf
source_comment: ",year,2017-07-01T00:00:00,,
96,75,563123,actual,,"page_number_string: 
notes: 
source_full_citation: SP Kanton Basel-Stadt. (2017). Jahresbericht der SP Basel-Stadt 2017. Abgerufen am 09. Januar 2026 von https://sp-bs.ch/wp-content/uploads/2023/03/17jb_gesamt.pdf
source_comment: ",year,2017-07-01T00:00:00,,
97,75,591206,budgeted,,"page_number_string: 
notes: 
source_full_citation: SP Kanton Basel-Stadt. (2017). Jahresbericht der SP Basel-Stadt 2017. Abgerufen am 09. Januar 2026 von https://sp-bs.ch/wp-content/uploads/2023/03/17jb_gesamt.pdf
source_comment: ",year,2018-07-01T12:00:00,,
98,75,547316,actual,,"page_number_string: 
notes: 
source_full_citation: SP Kanton Basel-Stadt. (2018). Jahresbericht der SP Basel-Stadt 2018. Abgerufen am 09. Januar 2026 von https://sp-bs.ch/wp-content/uploads/2023/03/18jb_gesamt.pdf
source_comment: ",year,2018-07-01T12:00:00,,
99,75,961430,budgeted,,"page_number_string: 
notes: 
source_full_citation: SP Kanton Basel-Stadt. (2018). Jahresbericht der SP Basel-Stadt 2018. Abgerufen am 09. Januar 2026 von https://sp-bs.ch/wp-content/uploads/2023/03/18jb_gesamt.pdf
source_comment: ",year,2019-07-01T00:00:00,,
100,75,1051019,actual,,"page_number_string: 
notes: 
source_full_citation: SP Kanton Basel-Stadt. (2019). Jahresbericht der SP Basel-Stadt 2019. Abgerufen am 09. Januar 2026 von https://sp-bs.ch/wp-content/uploads/2023/03/19jb_gesamt.pdf
source_comment: ",year,2019-07-01T00:00:00,,
101,75,1113236,budgeted,,"page_number_string: 
notes: 
source_full_citation: SP Kanton Basel-Stadt. (2020). Jahresbericht der SP Basel-Stadt 2020. Abgerufen am 09. Januar 2026 von https://sp-bs.ch/wp-content/uploads/2023/03/20jb_gesamt.pdf
source_comment: ",year,2020-07-01T00:00:00,,
102,75,934480,actual,,"page_number_string: 
notes: 
source_full_citation: SP Kanton Basel-Stadt. (2020). Jahresbericht der SP Basel-Stadt 2020. Abgerufen am 09. Januar 2026 von https://sp-bs.ch/wp-content/uploads/2023/03/20jb_gesamt.pdf
source_comment: ",year,2020-07-01T00:00:00,,
103,75,588362,budgeted,,"page_number_string: 
notes: 
source_full_citation: SP Kanton Basel-Stadt. (2020). Jahresbericht der SP Basel-Stadt 2020. Abgerufen am 09. Januar 2026 von https://sp-bs.ch/wp-content/uploads/2023/03/20jb_gesamt.pdf
source_comment: ",year,2021-07-01T00:00:00,,
104,75,589924,actual,,"page_number_string: 
notes: 
source_full_citation: SP Kanton Basel-Stadt. (2021). Jahresbericht SP Basel-Stadt 2021. Abgerufen am 09. Januar 2026 von https://sp-bs.ch/wp-content/uploads/2023/03/jb_2021-1.pdf
source_comment: ",year,2021-07-01T00:00:00,,
105,75,632782,budgeted,,"page_number_string: 
notes: 
source_full_citation: SP Kanton Basel-Stadt. (2021). Jahresbericht SP Basel-Stadt 2021. Abgerufen am 09. Januar 2026 von https://sp-bs.ch/wp-content/uploads/2023/03/jb_2021-1.pdf
source_comment: ",year,2022-07-01T00:00:00,,
106,75,571427,actual,,"page_number_string: 
notes: 
source_full_citation: SP Kanton Basel-Stadt. (2022). Jahresbericht der SP Basel-Stadt 2022. Abgerufen am 09. Januar 2026 von https://sp-bs.ch/wp-content/uploads/2024/02/JAHRESBERICHT-gesamt.pdf
source_comment: ",year,2022-07-01T00:00:00,,
107,75,1111057,budgeted,,"page_number_string: 
notes: 
source_full_citation: SP Kanton Basel-Stadt. (2022). Jahresbericht der SP Basel-Stadt 2022. Abgerufen am 09. Januar 2026 von https://sp-bs.ch/wp-content/uploads/2024/02/JAHRESBERICHT-gesamt.pdf
source_comment: ",year,2023-07-01T00:00:00,,
108,75,1074803,actual,,"page_number_string: 
notes: 
source_full_citation: SP Kanton Basel-Stadt. (2023). Jahresbericht der SP Basel-Stadt 2023. Abgerufen am 09. Januar 2026 von https://sp-bs.ch/wp-content/uploads/2024/07/Jahresbericht-SP-BS-2023.pdf
source_comment: ",year,2023-07-01T00:00:00,,
109,75,1056323,budgeted,,"page_number_string: 
notes: 
source_full_citation: SP Kanton Basel-Stadt. (2023). Jahresbericht der SP Basel-Stadt 2023. Abgerufen am 09. Januar 2026 von https://sp-bs.ch/wp-content/uploads/2024/07/Jahresbericht-SP-BS-2023.pdf
source_comment: ",year,2024-07-01T00:00:00,,
110,75,1430181,actual,,"page_number_string: 
notes: 
source_full_citation: SP Kanton Basel-Stadt. (2024). Jahresbericht der SP Basel-Stadt 2024. Abgerufen am 09. Januar 2026 von https://sp-bs.ch/wp-content/uploads/2024/12/JAHRESBERICHT24-gesamt.pdf
source_comment: ",year,2024-07-01T00:00:00,,
111,75,639123,budgeted,,"page_number_string: 
notes: 
source_full_citation: SP Kanton Basel-Stadt. (2024). Jahresbericht der SP Basel-Stadt 2024. Abgerufen am 09. Januar 2026 von https://sp-bs.ch/wp-content/uploads/2024/12/JAHRESBERICHT24-gesamt.pdf
source_comment: ",year,2025-07-01T00:00:00,,
112,76,500000,actual,"note_translations: languages_code: de-CH
note: Ausgaben in einem Wahljahr","page_number_string: 353
notes: 
source_full_citation: Ladner, A. & Brändle, M. (2001). Die Schweizer Parteien im Wandel: Von Mitgliederparteien zu professionalisierten Wählerorganisationen? Seismo Verlag.
source_comment: ",multiyear,1995-01-01T12:00:00,,
113,76,300000,actual,"note_translations: languages_code: de-CH
note: Ausgaben in einem Jahr ohne Wahlen.","page_number_string: 353
notes: 
source_full_citation: Ladner, A. & Brändle, M. (2001). Die Schweizer Parteien im Wandel: Von Mitgliederparteien zu professionalisierten Wählerorganisationen? Seismo Verlag.
source_comment: ",multiyear,1996-01-01T12:00:00,,
114,78,120500,budgeted,,"page_number_string: 
notes: 
source_full_citation: Grüne Kanton Basel-Stadt. (2014). Jahresbericht 2014. Abgerufen am 09. Januar 2026 von https://web.archive.org/web/20170207153614/http:/www.gruene-bs.ch/dokumente/jahresberichte/Jahresbericht%202014.pdf
source_comment: ",year,2014-07-01T00:00:00,,
115,78,129368,actual,,"page_number_string: 
notes: 
source_full_citation: Grüne Kanton Basel-Stadt. (2014). Jahresbericht 2014. Abgerufen am 09. Januar 2026 von https://web.archive.org/web/20170207153614/http:/www.gruene-bs.ch/dokumente/jahresberichte/Jahresbericht%202014.pdf
source_comment: ",year,2014-07-01T00:00:00,,
116,78,157500,budgeted,,"page_number_string: 
notes: 
source_full_citation: Grüne Kanton Basel-Stadt. (2015). Jahresbericht 2015. Abgerufen am 09. Januar 2026 von https://web.archive.org/web/20170203202532/http:/gruene-bs.ch/dokumente/jahresberichte/Jahresbericht%202015.pdf
source_comment: ",year,2015-07-01T00:00:00,,
117,78,143627,actual,,"page_number_string: 
notes: 
source_full_citation: Grüne Kanton Basel-Stadt. (2015). Jahresbericht 2015. Abgerufen am 09. Januar 2026 von https://web.archive.org/web/20170203202532/http:/gruene-bs.ch/dokumente/jahresberichte/Jahresbericht%202015.pdf
source_comment: ",year,2015-07-01T00:00:00,,
118,78,198500,budgeted,,"page_number_string: 
notes: 
source_full_citation: Grüne Kanton Basel-Stadt. (2015). Jahresbericht 2015. Abgerufen am 09. Januar 2026 von https://web.archive.org/web/20170203202532/http:/gruene-bs.ch/dokumente/jahresberichte/Jahresbericht%202015.pdf
source_comment: ",year,2016-07-01T00:00:00,,
119,78,143000,budgeted,,"page_number_string: 
notes: 
source_full_citation: Grüne Kanton Basel-Stadt. (2017). Jahresbericht 2017. Abgerufen am 09. Januar 2026 von https://gruene-bs.ch/jahresberichte/jahresbericht-2017/
source_comment: ",year,2017-07-01T00:00:00,,
120,78,141535,actual,,"page_number_string: 
notes: 
source_full_citation: Grüne Kanton Basel-Stadt. (2017). Jahresbericht 2017. Abgerufen am 09. Januar 2026 von https://gruene-bs.ch/jahresberichte/jahresbericht-2017/
source_comment: ",year,2017-07-01T00:00:00,,
121,78,131000,budgeted,,"page_number_string: 
notes: 
source_full_citation: Grüne Kanton Basel-Stadt. (2017). Jahresbericht 2017. Abgerufen am 09. Januar 2026 von https://gruene-bs.ch/jahresberichte/jahresbericht-2017/
source_comment: ",year,2018-07-01T12:00:00,,
122,78,129478,actual,,"page_number_string: 
notes: 
source_full_citation: Grüne Kanton Basel-Stadt. (2018). Jahresbericht 2018. Abgerufen am 09. Januar 2026 von https://gruene-bs.ch/jahresberichte/jahresbericht-2018/
source_comment: ",year,2018-07-01T12:00:00,,
123,78,149500,budgeted,,"page_number_string: 
notes: 
source_full_citation: Grüne Kanton Basel-Stadt. (2019). Jahresbericht 2019. Abgerufen am 09. Januar 2026 von https://gruene-bs.ch/jahresberichte/jahresbericht-2019/
source_comment: ",year,2019-07-01T00:00:00,,
124,78,168039,actual,,"page_number_string: 
notes: 
source_full_citation: Grüne Kanton Basel-Stadt. (2019). Jahresbericht 2019. Abgerufen am 09. Januar 2026 von https://gruene-bs.ch/jahresberichte/jahresbericht-2019/
source_comment: ",year,2019-07-01T00:00:00,,
125,78,152000,budgeted,,"page_number_string: 
notes: 
source_full_citation: Grüne Kanton Basel-Stadt. (2020). Jahresbericht 2020. Abgerufen am 09. Januar 2026 von https://gruene-bs.ch/jahresberichte/jahresbericht-2020/
source_comment: ",year,2020-07-01T00:00:00,,
126,78,207336,actual,,"page_number_string: 
notes: 
source_full_citation: Grüne Kanton Basel-Stadt. (2020). Jahresbericht 2020. Abgerufen am 09. Januar 2026 von https://gruene-bs.ch/jahresberichte/jahresbericht-2020/
source_comment: ",year,2020-07-01T00:00:00,,
127,78,173500,budgeted,,"page_number_string: 
notes: 
source_full_citation: Grüne Kanton Basel-Stadt. (2021). Jahresbericht 2021. Abgerufen am 09. Januar 2026 von https://gruene-bs.ch/jahresberichte/jahresbericht-2021/
source_comment: ",year,2021-07-01T00:00:00,,
128,78,179676,actual,,"page_number_string: 
notes: 
source_full_citation: Grüne Kanton Basel-Stadt. (2021). Jahresbericht 2021. Abgerufen am 09. Januar 2026 von https://gruene-bs.ch/jahresberichte/jahresbericht-2021/
source_comment: ",year,2021-07-01T00:00:00,,
129,78,166400,budgeted,,"page_number_string: 
notes: 
source_full_citation: Grüne Kanton Basel-Stadt. (2022). Jahresbericht 2022. Abgerufen am 09. Januar 2026 von https://gruene-bs.ch/jahresberichte/jahresbericht-2022/
source_comment: ",year,2022-07-01T00:00:00,,
130,78,190456,actual,,"page_number_string: 
notes: 
source_full_citation: Grüne Kanton Basel-Stadt. (2022). Jahresbericht 2022. Abgerufen am 09. Januar 2026 von https://gruene-bs.ch/jahresberichte/jahresbericht-2022/
source_comment: ",year,2022-07-01T00:00:00,,
131,78,197300,budgeted,,"page_number_string: 
notes: 
source_full_citation: Grüne Kanton Basel-Stadt. (2022). Jahresbericht 2022. Abgerufen am 09. Januar 2026 von https://gruene-bs.ch/jahresberichte/jahresbericht-2022/
source_comment: ",year,2023-07-01T00:00:00,,
132,78,221926,actual,,"page_number_string: 
notes: 
source_full_citation: Grüne Kanton Basel-Stadt. (2023). Jahresbericht 2023. Abgerufen am 09. Januar 2026 von https://gruene-bs.ch/jahresberichte/jahresbericht-2023/
source_comment: ",year,2023-07-01T00:00:00,,
133,78,266050,budgeted,,"page_number_string: 
notes: 
source_full_citation: Grüne Kanton Basel-Stadt. (2024). Jahresbericht 2024. Abgerufen am 09. Januar 2026 von https://gruene-bs.ch/jahresberichte/jahresbericht-2024/
source_comment: ",year,2024-07-01T00:00:00,,
134,78,324024,actual,,"page_number_string: 
notes: 
source_full_citation: Grüne Kanton Basel-Stadt. (2024). Jahresbericht 2024. Abgerufen am 09. Januar 2026 von https://gruene-bs.ch/jahresberichte/jahresbericht-2024/
source_comment: ",year,2024-07-01T00:00:00,,
135,78,172225,budgeted,,"page_number_string: 
notes: 
source_full_citation: Grüne Kanton Basel-Stadt. (2024). Jahresbericht 2024. Abgerufen am 09. Januar 2026 von https://gruene-bs.ch/jahresberichte/jahresbericht-2024/
source_comment: ",year,2025-07-01T00:00:00,,
136,81,89300,budgeted,,"page_number_string: 
notes: 
source_full_citation: BastA! Kanton Basel-Stadt. (2006).  Jahresbericht 2006. Abgerufen am 12. Januar 2026 von https://basta-bs.ch/fileadmin/basta-bs/partei/jahresberichte/Jahresbericht_2006.pdf
source_comment: ",year,2006-07-01T00:00:00,,
137,81,93109,actual,,"page_number_string: 
notes: 
source_full_citation: BastA! Kanton Basel-Stadt. (2006).  Jahresbericht 2006. Abgerufen am 12. Januar 2026 von https://basta-bs.ch/fileadmin/basta-bs/partei/jahresberichte/Jahresbericht_2006.pdf
source_comment: ",year,2006-07-01T00:00:00,,
138,81,114500,budgeted,,"page_number_string: 
notes: 
source_full_citation: BastA! Kanton Basel-Stadt. (2006).  Jahresbericht 2006. Abgerufen am 12. Januar 2026 von https://basta-bs.ch/fileadmin/basta-bs/partei/jahresberichte/Jahresbericht_2006.pdf
source_comment: ",year,2006-07-01T00:00:00,,
139,81,107200,budgeted,,"page_number_string: 
notes: 
source_full_citation: BastA! Kanton Basel-Stadt. (2009).  Jahresbericht 2009. Abgerufen am 12. Januar 2026 von https://basta-bs.ch/fileadmin/basta-bs/partei/jahresberichte/Jahresbericht_2009.pdf
source_comment: ",year,2009-07-01T00:00:00,,
140,81,92206,actual,,"page_number_string: 
notes: 
source_full_citation: BastA! Kanton Basel-Stadt. (2009).  Jahresbericht 2009. Abgerufen am 12. Januar 2026 von https://basta-bs.ch/fileadmin/basta-bs/partei/jahresberichte/Jahresbericht_2009.pdf
source_comment: ",year,2009-07-01T00:00:00,,
141,81,115100,budgeted,,"page_number_string: 
notes: 
source_full_citation: BastA! Kanton Basel-Stadt. (2009).  Jahresbericht 2009. Abgerufen am 12. Januar 2026 von https://basta-bs.ch/fileadmin/basta-bs/partei/jahresberichte/Jahresbericht_2009.pdf
source_comment: ",year,2010-07-01T00:00:00,,
142,81,149000,actual,,"page_number_string: 
notes: 
source_full_citation: BastA! Kanton Basel-Stadt. (2019).  Jahresbericht 2019. Abgerufen am 12. Januar 2026 von https://basta-bs.ch/fileadmin/basta-bs/partei/jahresberichte/Jahresbericht_2019.pdf
source_comment: ",year,2019-07-01T00:00:00,,
143,81,202000,actual,,"page_number_string: 
notes: 
source_full_citation: BastA! Kanton Basel-Stadt. (2020).  Jahresbericht 2020. Abgerufen am 12. Januar 2026 von https://basta-bs.ch/fileadmin/basta-bs/partei/jahresberichte/Jahresbericht_2020.pdf
source_comment: ",year,2020-07-01T00:00:00,,
144,81,198000,actual,"note_translations: languages_code: de-CH
note: Aufwand für die Grossratswahlen: 98'000. Laufende Kosten für das Büro und Personal: 100'000.","page_number_string: 
notes: 
source_full_citation: BastA! Kanton Basel-Stadt. (2024).  Jahresbericht 2024. Abgerufen am 12. Januar 2026 von https://basta-bs.ch/fileadmin/basta-bs/partei/jahresberichte/Jahresbericht_2024.pdf
source_comment: ",year,2024-07-01T00:00:00,,
145,103,155000,actual,"note_translations: languages_code: de-CH
note: Ausgaben in einem Wahljahr.","page_number_string: 355
notes: 
source_full_citation: Ladner, A. & Brändle, M. (2001). Die Schweizer Parteien im Wandel: Von Mitgliederparteien zu professionalisierten Wählerorganisationen? Seismo Verlag.
source_comment: ",multiyear,1995-01-01T12:00:00,,
146,103,66000,actual,"note_translations: languages_code: de-CH
note: Ausgaben in einem Jahr ohne Wahlen.","page_number_string: 355
notes: 
source_full_citation: Ladner, A. & Brändle, M. (2001). Die Schweizer Parteien im Wandel: Von Mitgliederparteien zu professionalisierten Wählerorganisationen? Seismo Verlag.
source_comment: ",multiyear,1996-01-01T12:00:00,,
147,104,600000,actual,,"page_number_string: 356
notes: 
source_full_citation: Ladner, A. & Brändle, M. (2001). Die Schweizer Parteien im Wandel: Von Mitgliederparteien zu professionalisierten Wählerorganisationen? Seismo Verlag.
source_comment: ",year,1995-07-01T00:00:00,,
148,104,350000,actual,,"page_number_string: 356
notes: 
source_full_citation: Ladner, A. & Brändle, M. (2001). Die Schweizer Parteien im Wandel: Von Mitgliederparteien zu professionalisierten Wählerorganisationen? Seismo Verlag.
source_comment: ",year,1996-07-01T00:00:00,,
149,104,442374,actual,,"page_number_string: 
notes: 
source_full_citation: SP Kanton Basel-Landschaft. (2002). Jahresbericht 2001-2002. Abgerufen am 28. Januar 2026 von https://web.archive.org/web/20041022174907/http:/www.sp-bl.ch/org/docs/JB2001_2002.pdf
source_comment: ",year,2000-07-01T00:00:00,,
150,104,381000,budgeted,,"page_number_string: 
notes: 
source_full_citation: SP Kanton Basel-Landschaft. (2002). Jahresbericht 2001-2002. Abgerufen am 28. Januar 2026 von https://web.archive.org/web/20041022174907/http:/www.sp-bl.ch/org/docs/JB2001_2002.pdf
source_comment: ",year,2001-07-01T00:00:00,,
151,104,334521,actual,,"page_number_string: 
notes: 
source_full_citation: SP Kanton Basel-Landschaft. (2002). Jahresbericht 2001-2002. Abgerufen am 28. Januar 2026 von https://web.archive.org/web/20041022174907/http:/www.sp-bl.ch/org/docs/JB2001_2002.pdf
source_comment: ",year,2001-07-01T00:00:00,,
152,104,366000,budgeted,,"page_number_string: 
notes: 
source_full_citation: SP Kanton Basel-Landschaft. (2002). Jahresbericht 2001-2002. Abgerufen am 28. Januar 2026 von https://web.archive.org/web/20041022174907/http:/www.sp-bl.ch/org/docs/JB2001_2002.pdf
source_comment: ",year,2002-07-01T00:00:00,,
153,104,356076,budgeted,,"page_number_string: 
notes: 
source_full_citation: SP Kanton Basel-Landschaft. (2003). Jahresbericht 2003. Abgerufen am 28. Januar 2026 von https://web.archive.org/web/20041022184356/http:/www.sp-bl.ch/org/docs/JB2003.pdf
source_comment: ",year,2002-07-01T00:00:00,,
154,104,679000,actual,,"page_number_string: 
notes: 
source_full_citation: SP Kanton Basel-Landschaft. (2003). Jahresbericht 2003. Abgerufen am 28. Januar 2026 von https://web.archive.org/web/20041022184356/http:/www.sp-bl.ch/org/docs/JB2003.pdf
source_comment: ",year,2003-07-01T00:00:00,,
155,104,693556,budgeted,,"page_number_string: 
notes: 
source_full_citation: SP Kanton Basel-Landschaft. (2003). Jahresbericht 2003. Abgerufen am 28. Januar 2026 von https://web.archive.org/web/20041022184356/http:/www.sp-bl.ch/org/docs/JB2003.pdf
source_comment: ",year,2003-07-01T00:00:00,,
156,104,351000,actual,,"page_number_string: 
notes: 
source_full_citation: SP Kanton Basel-Landschaft. (2003). Jahresbericht 2003. Abgerufen am 28. Januar 2026 von https://web.archive.org/web/20041022184356/http:/www.sp-bl.ch/org/docs/JB2003.pdf
source_comment: ",year,2004-07-01T00:00:00,,
157,104,337250,budgeted,,"page_number_string: 
notes: 
source_full_citation: SP Kanton Basel-Landschaft. (2010). Jahresbericht 2010. Abgerufen am 28. Januar 2026 von https://sp-bl.ch/wp-content/uploads/2022/12/spbl_jb_2010_web.pdf
source_comment: ",year,2009-07-01T00:00:00,,
158,104,456000,actual,,"page_number_string: 
notes: 
source_full_citation: SP Kanton Basel-Landschaft. (2010). Jahresbericht 2010. Abgerufen am 28. Januar 2026 von https://sp-bl.ch/wp-content/uploads/2022/12/spbl_jb_2010_web.pdf
source_comment: ",year,2010-07-01T00:00:00,,
159,104,424812,budgeted,,"page_number_string: 
notes: 
source_full_citation: SP Kanton Basel-Landschaft. (2010). Jahresbericht 2010. Abgerufen am 28. Januar 2026 von https://sp-bl.ch/wp-content/uploads/2022/12/spbl_jb_2010_web.pdf
source_comment: ",year,2010-07-01T00:00:00,,
160,104,780000,actual,,"page_number_string: 
notes: 
source_full_citation: SP Kanton Basel-Landschaft. (2011). Jahresbericht 2011. Abgerufen am 28. Januar 2026 von https://sp-bl.ch/wp-content/uploads/2022/12/spbl_jb_2011_def.pdf
source_comment: ",year,2011-07-01T00:00:00,,
161,104,761778,budgeted,,"page_number_string: 
notes: 
source_full_citation: SP Kanton Basel-Landschaft. (2011). Jahresbericht 2011. Abgerufen am 28. Januar 2026 von https://sp-bl.ch/wp-content/uploads/2022/12/spbl_jb_2011_def.pdf
source_comment: ",year,2011-07-01T00:00:00,,
162,104,410600,actual,,"page_number_string: 
notes: 
source_full_citation: SP Kanton Basel-Landschaft. (2011). Jahresbericht 2011. Abgerufen am 28. Januar 2026 von https://sp-bl.ch/wp-content/uploads/2022/12/spbl_jb_2011_def.pdf
source_comment: ",year,2012-07-01T00:00:00,,
163,104,402503,budgeted,,"page_number_string: 
notes: 
source_full_citation: SP Kanton Basel-Landschaft. (2012). Jahresbericht 2012. Abgerufen am 28. Januar 2026 von https://sp-bl.ch/wp-content/uploads/2022/12/spbl_jb_2012_4.pdf
source_comment: ",year,2012-07-01T00:00:00,,
164,104,581200,actual,,"page_number_string: 
notes: 
source_full_citation: SP Kanton Basel-Landschaft. (2012). Jahresbericht 2012. Abgerufen am 28. Januar 2026 von https://sp-bl.ch/wp-content/uploads/2022/12/spbl_jb_2012_4.pdf
source_comment: ",year,2013-07-01T00:00:00,,
165,104,637815,budgeted,,"page_number_string: 
notes: 
source_full_citation: SP Kanton Basel-Landschaft. (2013). Jahresbericht 2013. Abgerufen am 28. Januar 2026 von https://sp-bl.ch/wp-content/uploads/2022/12/spbl_jb_2013.pdf
source_comment: ",year,2013-07-01T00:00:00,,
166,104,445500,actual,,"page_number_string: 
notes: 
source_full_citation: SP Kanton Basel-Landschaft. (2013). Jahresbericht 2013. Abgerufen am 28. Januar 2026 von https://sp-bl.ch/wp-content/uploads/2022/12/spbl_jb_2013.pdf
source_comment: ",year,2014-07-01T00:00:00,,
167,104,399863,budgeted,,"page_number_string: 
notes: 
source_full_citation: SP Kanton Basel-Landschaft. (2014). Jahresbericht 2014. Abgerufen am 28. Januar 2026 von https://sp-bl.ch/wp-content/uploads/2022/12/spbl_jb_2014_28_rz_web.pdf
source_comment: ",year,2014-07-01T00:00:00,,
168,104,666500,actual,,"page_number_string: 
notes: 
source_full_citation: SP Kanton Basel-Landschaft. (2015). Jahresbericht 2015. Abgerufen am 28. Januar 2026 von https://sp-bl.ch/wp-content/uploads/2022/12/jahresbericht_2015-web_0.pdf
source_comment: ",year,2015-07-01T00:00:00,,
169,104,651892,budgeted,,"page_number_string: 
notes: 
source_full_citation: SP Kanton Basel-Landschaft. (2015). Jahresbericht 2015. Abgerufen am 28. Januar 2026 von https://sp-bl.ch/wp-content/uploads/2022/12/jahresbericht_2015-web_0.pdf
source_comment: ",year,2015-07-01T00:00:00,,
170,104,319700,actual,,"page_number_string: 
notes: 
source_full_citation: SP Kanton Basel-Landschaft. (2015). Jahresbericht 2015. Abgerufen am 28. Januar 2026 von https://sp-bl.ch/wp-content/uploads/2022/12/jahresbericht_2015-web_0.pdf
source_comment: ",year,2016-07-01T00:00:00,,
171,104,311834,budgeted,,"page_number_string: 
notes: 
source_full_citation: SP Kanton Basel-Landschaft. (2016). Jahresbericht 2016. Abgerufen am 28. Januar 2026 von https://sp-bl.ch/wp-content/uploads/2022/12/17001_spbl_jb_2016_rz_web.pdf
source_comment: ",year,2016-07-01T00:00:00,,
172,104,347800,budgeted,,"page_number_string: 
notes: 
source_full_citation: SP Kanton Basel-Landschaft. (2016). Jahresbericht 2016. Abgerufen am 28. Januar 2026 von https://sp-bl.ch/wp-content/uploads/2022/12/17001_spbl_jb_2016_rz_web.pdf
source_comment: ",year,2017-07-01T00:00:00,,
173,104,315817,actual,,"page_number_string: 
notes: 
source_full_citation: SP Kanton Basel-Landschaft. (2017). Jahresbericht 2017. Abgerufen am 28. Januar 2026 von https://sp-bl.ch/wp-content/uploads/2022/12/18009_spbl_jb_2017_web.pdf
source_comment: ",year,2017-07-01T00:00:00,,
174,104,414400,budgeted,,"page_number_string: 
notes: 
source_full_citation: SP Kanton Basel-Landschaft. (2018). Jahresbericht 2018. Abgerufen am 28. Januar 2026 von https://sp-bl.ch/wp-content/uploads/2022/12/spbl_jb_2018_web.pdf
source_comment: ",year,2018-07-01T12:00:00,,
175,104,415125,actual,,"page_number_string: 
notes: 
source_full_citation: SP Kanton Basel-Landschaft. (2018). Jahresbericht 2018. Abgerufen am 28. Januar 2026 von https://sp-bl.ch/wp-content/uploads/2022/12/spbl_jb_2018_web.pdf
source_comment: ",year,2018-07-01T12:00:00,,
176,104,698300,budgeted,,"page_number_string: 
notes: 
source_full_citation: SP Kanton Basel-Landschaft. (2019). Jahresbericht 2019. Abgerufen am 28. Januar 2026 von https://sp-bl.ch/wp-content/uploads/2022/12/jb2019-def.pdf
source_comment: ",year,2019-07-01T00:00:00,,
177,104,675553,actual,,"page_number_string: 
notes: 
source_full_citation: SP Kanton Basel-Landschaft. (2019). Jahresbericht 2019. Abgerufen am 28. Januar 2026 von https://sp-bl.ch/wp-content/uploads/2022/12/jb2019-def.pdf
source_comment: ",year,2019-07-01T00:00:00,,
178,104,355900,budgeted,,"page_number_string: 
notes: 
source_full_citation: SP Kanton Basel-Landschaft. (2019). Jahresbericht 2019. Abgerufen am 28. Januar 2026 von https://sp-bl.ch/wp-content/uploads/2022/12/jb2019-def.pdf
source_comment: ",year,2020-07-01T00:00:00,,
179,104,314905,actual,,"page_number_string: 
notes: 
source_full_citation: SP Kanton Basel-Landschaft. (2020). Jahresbericht 2020. Abgerufen am 28. Januar 2026 von https://sp-bl.ch/wp-content/uploads/2022/12/spbl_jb_2020_web.pdf
source_comment: ",year,2020-07-01T00:00:00,,
180,104,367500,budgeted,,"page_number_string: 
notes: 
source_full_citation: SP Kanton Basel-Landschaft. (2020). Jahresbericht 2020. Abgerufen am 28. Januar 2026 von https://sp-bl.ch/wp-content/uploads/2022/12/spbl_jb_2020_web.pdf
source_comment: ",year,2021-07-01T00:00:00,,
181,104,360304,actual,,"page_number_string: 
notes: 
source_full_citation: SP Kanton Basel-Landschaft. (2021). Jahresbericht 2021. Abgerufen am 28. Januar 2026 von https://sp-bl.ch/wp-content/uploads/2022/12/sp_jahresbericht_2021.pdf
source_comment: ",year,2021-07-01T00:00:00,,
182,104,449500,budgeted,,"page_number_string: 
notes: 
source_full_citation: SP Kanton Basel-Landschaft. (2021). Jahresbericht 2021. Abgerufen am 28. Januar 2026 von https://sp-bl.ch/wp-content/uploads/2022/12/sp_jahresbericht_2021.pdf
source_comment: ",year,2022-07-01T00:00:00,,
183,104,449535,actual,,"page_number_string: 
notes: 
source_full_citation: SP Kanton Basel-Landschaft. (2022). Jahresbericht 2022. Abgerufen am 28. Januar 2026 von https://sp-bl.ch/wp-content/uploads/2024/01/SP_Jahresbericht_2022_web.pdf
source_comment: ",year,2022-07-01T00:00:00,,
184,104,654000,budgeted,,"page_number_string: 
notes: 
source_full_citation: SP Kanton Basel-Landschaft. (2022). Jahresbericht 2022. Abgerufen am 28. Januar 2026 von https://sp-bl.ch/wp-content/uploads/2024/01/SP_Jahresbericht_2022_web.pdf
source_comment: ",year,2023-07-01T00:00:00,,
185,104,652427,actual,,"page_number_string: 
notes: 
source_full_citation: SP Kanton Basel-Landschaft. (2023). Jahresbericht 2023. Abgerufen am 28. Januar 2026 von https://sp-bl.ch/wp-content/uploads/2025/03/SP_Jahresbericht_2023_Web.pdf
source_comment: ",year,2023-07-01T00:00:00,,
186,104,405000,budgeted,,"page_number_string: 
notes: 
source_full_citation: SP Kanton Basel-Landschaft. (2023). Jahresbericht 2023. Abgerufen am 28. Januar 2026 von https://sp-bl.ch/wp-content/uploads/2025/03/SP_Jahresbericht_2023_Web.pdf
source_comment: ",year,2024-07-01T00:00:00,,
187,104,401299,actual,,"page_number_string: 
notes: 
source_full_citation: SP Kanton Basel-Landschaft. (2024). Jahresbericht 2024. Abgerufen am 28. Januar 2026 von https://sp-bl.ch/wp-content/uploads/2025/03/SP_Jahresbericht_2024_Web.pdf
source_comment: ",year,2024-07-01T00:00:00,,
188,104,408000,budgeted,,"page_number_string: 
notes: 
source_full_citation: SP Kanton Basel-Landschaft. (2024). Jahresbericht 2024. Abgerufen am 28. Januar 2026 von https://sp-bl.ch/wp-content/uploads/2025/03/SP_Jahresbericht_2024_Web.pdf
source_comment: ",year,2025-07-01T00:00:00,,
189,107,265000,actual,"note_translations: languages_code: de-CH
note: Ausgaben in einem Wahljahr.","page_number_string: 354
notes: 
source_full_citation: Ladner, A. & Brändle, M. (2001). Die Schweizer Parteien im Wandel: Von Mitgliederparteien zu professionalisierten Wählerorganisationen? Seismo Verlag.
source_comment: ",multiyear,1995-01-01T12:00:00,,
190,107,68000,actual,"note_translations: languages_code: de-CH
note: Ausgaben in einem Jahr ohne Wahlen.","page_number_string: 354
notes: 
source_full_citation: Ladner, A. & Brändle, M. (2001). Die Schweizer Parteien im Wandel: Von Mitgliederparteien zu professionalisierten Wählerorganisationen? Seismo Verlag.
source_comment: ",multiyear,1996-01-01T12:00:00,,
191,114,53593,actual,,"page_number_string: 
notes: 
source_full_citation: EVP Kanton Basel-Landschaft. (2019). Rechnung 2018 / Budget 2019. Abgerufen am 05. Februar 2026 von https://www.evp-bl.ch/fileadmin/user_upload/baselland/Dokumente/Finanzen/Finanzdaten_2018_19.pdf
source_comment: ",year,2018-07-01T12:00:00,,
192,114,85400,budgeted,,"page_number_string: 
notes: 
source_full_citation: EVP Kanton Basel-Landschaft. (2019). Rechnung 2018 / Budget 2019. Abgerufen am 05. Februar 2026 von https://www.evp-bl.ch/fileadmin/user_upload/baselland/Dokumente/Finanzen/Finanzdaten_2018_19.pdf
source_comment: ",year,2019-07-01T00:00:00,,
193,114,98687,actual,,"page_number_string: 
notes: 
source_full_citation: EVP Kanton Basel-Landschaft. (2020). Rechnung 2019 / Budget 2020. Abgerufen am 05. Februar 2026 von https://www.evp-bl.ch/fileadmin/user_upload/baselland/Dokumente/Finanzen/Finanzdaten_2019_20.pdf
source_comment: ",year,2019-07-01T00:00:00,,
194,114,55300,budgeted,,"page_number_string: 
notes: 
source_full_citation: EVP Kanton Basel-Landschaft. (2020). Rechnung 2019 / Budget 2020. Abgerufen am 05. Februar 2026 von https://www.evp-bl.ch/fileadmin/user_upload/baselland/Dokumente/Finanzen/Finanzdaten_2019_20.pdf
source_comment: ",year,2020-07-01T00:00:00,,
195,114,66888,actual,,"page_number_string: 
notes: 
source_full_citation: EVP Kanton Basel-Landschaft. (2021). Rechnung 2020 / Budget 2021. Abgerufen am 05. Februar 2026 von https://www.evp-bl.ch/fileadmin/user_upload/baselland/Rechnung_2020_Budget_2021.pdf
source_comment: ",year,2020-07-01T00:00:00,,
196,114,67300,budgeted,,"page_number_string: 
notes: 
source_full_citation: EVP Kanton Basel-Landschaft. (2021). Rechnung 2020 / Budget 2021. Abgerufen am 05. Februar 2026 von https://www.evp-bl.ch/fileadmin/user_upload/baselland/Rechnung_2020_Budget_2021.pdf
source_comment: ",year,2021-07-01T00:00:00,,
197,114,51310,actual,,"page_number_string: 
notes: 
source_full_citation: EVP Kanton Basel-Landschaft. (2022). Rechnung 2021 / Budget 2022. Abgerufen am 05. Februar 2026 von https://www.evp-bl.ch/fileadmin/user_upload/baselland/Dokumente/Finanzen/Finanzdaten_2021_22.pdf
source_comment: ",year,2021-07-01T00:00:00,,
198,114,84950,budgeted,,"page_number_string: 
notes: 
source_full_citation: EVP Kanton Basel-Landschaft. (2022). Rechnung 2021 / Budget 2022. Abgerufen am 05. Februar 2026 von https://www.evp-bl.ch/fileadmin/user_upload/baselland/Dokumente/Finanzen/Finanzdaten_2021_22.pdf
source_comment: ",year,2022-07-01T00:00:00,,
199,114,101247,actual,,"page_number_string: 
notes: 
source_full_citation: EVP Kanton Basel-Landschaft. (2023). Rechnung 2022 / Budget 2023. Abgerufen am 05. Februar 2026 von https://www.evp-bl.ch/fileadmin/user_upload/baselland/Dokumente/Finanzen/Finanzdaten_2022_23.pdf
source_comment: ",year,2022-07-01T00:00:00,,
200,114,80487,budgeted,,"page_number_string: 
notes: 
source_full_citation: EVP Kanton Basel-Landschaft. (2023). Rechnung 2022 / Budget 2023. Abgerufen am 05. Februar 2026 von https://www.evp-bl.ch/fileadmin/user_upload/baselland/Dokumente/Finanzen/Finanzdaten_2022_23.pdf
source_comment: ",year,2023-07-01T00:00:00,,
201,114,77825,actual,,"page_number_string: 
notes: 
source_full_citation: EVP Kanton Basel-Landschaft. (2024). Rechnung 2023 / Budget 2024. Abgerufen am 05. Februar 2026 von https://www.evp-bl.ch/fileadmin/user_upload/baselland/Dokumente/Finanzen/2024-06-16_-_Rechnung_23_Budget_24.pdf
source_comment: ",year,2023-07-01T00:00:00,,
202,114,59120,budgeted,,"page_number_string: 
notes: 
source_full_citation: EVP Kanton Basel-Landschaft. (2024). Rechnung 2023 / Budget 2024. Abgerufen am 05. Februar 2026 von https://www.evp-bl.ch/fileadmin/user_upload/baselland/Dokumente/Finanzen/2024-06-16_-_Rechnung_23_Budget_24.pdf
source_comment: ",year,2024-07-01T00:00:00,,
203,21,900000,actual,"note_translations: languages_code: de-CH
note: Ausgaben in einem Wahljahr.","page_number_string: 356
notes: 
source_full_citation: Ladner, A. & Brändle, M. (2001). Die Schweizer Parteien im Wandel: Von Mitgliederparteien zu professionalisierten Wählerorganisationen? Seismo Verlag.
source_comment: ",multiyear,1995-01-01T12:00:00,,
204,21,900000,actual,"note_translations: languages_code: de-CH
note: Ausgaben in einem Jahr ohne Wahlen.","page_number_string: 356
notes: 
source_full_citation: Ladner, A. & Brändle, M. (2001). Die Schweizer Parteien im Wandel: Von Mitgliederparteien zu professionalisierten Wählerorganisationen? Seismo Verlag.
source_comment: ",multiyear,1996-01-01T12:00:00,,
205,68,20000,actual,"note_translations: languages_code: de-CH
note: Ausgaben in einem Wahljahr.","page_number_string: 356
notes: 
source_full_citation: Ladner, A. & Brändle, M. (2001). Die Schweizer Parteien im Wandel: Von Mitgliederparteien zu professionalisierten Wählerorganisationen? Seismo Verlag.
source_comment: ",multiyear,1995-01-01T12:00:00,,
206,123,8000,actual,"note_translations: languages_code: de-CH
note: Ausgaben in einem Wahljahr.","page_number_string: 355
notes: 
source_full_citation: Ladner, A. & Brändle, M. (2001). Die Schweizer Parteien im Wandel: Von Mitgliederparteien zu professionalisierten Wählerorganisationen? Seismo Verlag.
source_comment: ",multiyear,1995-01-01T12:00:00,,
207,123,1500,actual,"note_translations: languages_code: de-CH
note: Ausgaben in einem Jahr ohne Wahlen.","page_number_string: 355
notes: 
source_full_citation: Ladner, A. & Brändle, M. (2001). Die Schweizer Parteien im Wandel: Von Mitgliederparteien zu professionalisierten Wählerorganisationen? Seismo Verlag.
source_comment: ",multiyear,1996-01-01T12:00:00,,
208,124,180000,actual,"note_translations: languages_code: de-CH
note: Ausgaben in einem Wahljahr.","page_number_string: 355
notes: 
source_full_citation: Ladner, A. & Brändle, M. (2001). Die Schweizer Parteien im Wandel: Von Mitgliederparteien zu professionalisierten Wählerorganisationen? Seismo Verlag.
source_comment: ",multiyear,1995-01-01T12:00:00,,
209,124,120000,actual,"note_translations: languages_code: de-CH
note: Ausgaben in einem Jahr ohne Wahlen.","page_number_string: 355
notes: 
source_full_citation: Ladner, A. & Brändle, M. (2001). Die Schweizer Parteien im Wandel: Von Mitgliederparteien zu professionalisierten Wählerorganisationen? Seismo Verlag.
source_comment: ",multiyear,1996-01-01T12:00:00,,
210,124,146143,actual,,"page_number_string: 
notes: 
source_full_citation: PS canton du Jura. (2019). Le PSJ en chiffres. Consulté le 09 février 2026, sur https://web.archive.org/web/20191016122623/https://www.psju.ch/le-psj-en-chiffres/
source_comment: ",year,2018-07-01T12:00:00,,
211,124,170200,budgeted,,"page_number_string: 
notes: 
source_full_citation: PS canton du Jura. (2019). Le PSJ en chiffres. Consulté le 09 février 2026, sur https://web.archive.org/web/20191016122623/https://www.psju.ch/le-psj-en-chiffres/
source_comment: ",year,2019-07-01T00:00:00,,
212,124,175264,actual,,"page_number_string: 
notes: 
source_full_citation: PS canton du Jura. (2020). Le PSJ en chiffres. Consulté le 09 février 2026, sur https://web.archive.org/web/20200815071310/https:/www.psju.ch/le-psj-en-chiffres/
source_comment: ",year,2019-07-01T00:00:00,,
213,124,212740,budgeted,,"page_number_string: 
notes: 
source_full_citation: PS canton du Jura. (2020). Le PSJ en chiffres. Consulté le 09 février 2026, sur https://web.archive.org/web/20200815071310/https:/www.psju.ch/le-psj-en-chiffres/
source_comment: ",year,2020-07-01T00:00:00,,
214,124,155977,actual,,"page_number_string: 
notes: 
source_full_citation: PS canton du Jura. (2022). Récapitulation des comptes du PSJ pour 2021. Consulté le 09 février 2026, sur https://web.archive.org/web/20221111164131/https:/www.psju.ch/le-psj-en-chiffres/
source_comment: ",year,2021-07-01T00:00:00,,
215,124,145700,budgeted,,"page_number_string: 
notes: 
source_full_citation: PS canton du Jura. (2022). Récapitulation des comptes du PSJ pour 2021. Consulté le 09 février 2026, sur https://web.archive.org/web/20221111164131/https:/www.psju.ch/le-psj-en-chiffres/
source_comment: ",year,2022-07-01T00:00:00,,
216,124,152936,actual,,"page_number_string: 
notes: 
source_full_citation: PS canton du Jura. (2023). Récapitulation des comptes du PSJ pour 2022. Consulté le 09 février 2026, sur https://web.archive.org/web/20231024154414/https:/www.psju.ch/le-psj-en-chiffres/
source_comment: ",year,2022-07-01T00:00:00,,
217,124,157800,budgeted,,"page_number_string: 
notes: 
source_full_citation: PS canton du Jura. (2023). Récapitulation des comptes du PSJ pour 2022. Consulté le 09 février 2026, sur https://web.archive.org/web/20231024154414/https:/www.psju.ch/le-psj-en-chiffres/
source_comment: ",year,2023-07-01T00:00:00,,
218,124,59997,budgeted,"note_translations: languages_code: de-CH
note: Geplante Ausgaben für die National- und Ständeratswahlen 2023.","page_number_string: 
notes: 
source_full_citation: PS canton du Jura. (2023). Budget de campagne élections fédérales PSJU. Consulté le 09 février 2026, sur https://web.archive.org/web/20231024154414/https:/www.psju.ch/le-psj-en-chiffres/
source_comment: ",year,2023-07-01T00:00:00,,
219,124,185894,actual,,"page_number_string: 
notes: 
source_full_citation: PS canton du Jura. (2024). Récapitulation des comptes du PSJ pour 2023. Consulté le 9 février 2026, sur https://web.archive.org/web/20240815033807/https://www.psju.ch/wp-content/uploads/2024/03/RECAPITULATION-DES-COMPTES-DU-PSJ-POUR-2024.pdf
source_comment: ",year,2023-07-01T00:00:00,,
220,124,153500,budgeted,,"page_number_string: 
notes: 
source_full_citation: PS canton du Jura. (2024). Récapitulation des comptes du PSJ pour 2023. Consulté le 9 février 2026, sur https://web.archive.org/web/20240815033807/https://www.psju.ch/wp-content/uploads/2024/03/RECAPITULATION-DES-COMPTES-DU-PSJ-POUR-2024.pdf
source_comment: ",year,2024-07-01T00:00:00,,
221,124,155628,actual,,"page_number_string: 
notes: 
source_full_citation: PS canton du Jura (2024). Comptes 2024. Consulté le 09 février 2026, sur https://www.psju.ch/wp-content/uploads/2025/07/2024-comptes-PSJ.pdf
source_comment: ",year,2024-07-01T12:00:00,,
222,124,218600,budgeted,,"page_number_string: 
notes: 
source_full_citation: PS canton du Jura. (2024). Récapitulation du budget du PSJ pour 2025. Consulté le 09 février 2026, sur https://www.psju.ch/wp-content/uploads/2025/07/2025-Budget-PSJ.pdf
source_comment: ",year,2025-07-01T12:00:00,,
223,134,20117,actual,,"page_number_string: 
notes: 
source_full_citation: PCSI canton du Jura. (2023). Budget 2023. Consulté le 18 septembre 2024, sur https://pcsi.ch/le-pcsi-en-chiffres/
source_comment: ",year,2021-07-01T00:00:00,,
224,134,36309,budgeted,,"page_number_string: 
notes: 
source_full_citation: PCSI canton du Jura. (2023). Budget 2023. Consulté le 18 septembre 2024, sur https://pcsi.ch/le-pcsi-en-chiffres/
source_comment: ",year,2022-07-01T00:00:00,,
225,134,25900,actual,,"page_number_string: 
notes: 
source_full_citation: PCSI canton du Jura. (2024). Comptes 2023. Consulté le 14 septembre 2024, sur https://pcsi.ch/le-pcsi-en-chiffres/
source_comment: ",year,2022-07-01T00:00:00,,
226,134,40030,budgeted,,"page_number_string: 
notes: 
source_full_citation: PCSI canton du Jura. (2024). Comptes 2023. Consulté le 14 septembre 2024, sur https://pcsi.ch/le-pcsi-en-chiffres/
source_comment: ",year,2023-07-01T00:00:00,,
227,134,27847,actual,,"page_number_string: 
notes: 
source_full_citation: PCSI canton du Jura. (2024). Comptes 2023. Consulté le 14 septembre 2024, sur https://pcsi.ch/le-pcsi-en-chiffres/
source_comment: ",year,2023-07-01T00:00:00,,
228,134,22569,budgeted,,"page_number_string: 
notes: 
source_full_citation: PCSI canton du Jura. (2023). Budget 2024. Consulté le 18 septembre 2024, sur https://pcsi.ch/le-pcsi-en-chiffres/
source_comment: ",year,2024-07-01T00:00:00,,
229,144,100000,actual,"note_translations: languages_code: de-CH
note: Ausgaben in einem Wahljahr.","page_number_string: 356
notes: 
source_full_citation: Ladner, A. & Brändle, M. (2001). Die Schweizer Parteien im Wandel: Von Mitgliederparteien zu professionalisierten Wählerorganisationen? Seismo Verlag.
source_comment: ",multiyear,1995-01-01T12:00:00,,
230,144,80000,actual,"note_translations: languages_code: de-CH
note: Ausgaben in einem Jahr ohne Wahlen.","page_number_string: 356
notes: 
source_full_citation: Ladner, A. & Brändle, M. (2001). Die Schweizer Parteien im Wandel: Von Mitgliederparteien zu professionalisierten Wählerorganisationen? Seismo Verlag.
source_comment: ",multiyear,1996-01-01T12:00:00,,
231,143,20000,actual,"note_translations: languages_code: de-CH
note: Ausgaben in einem Wahljahr.","page_number_string: 355
notes: 
source_full_citation: Ladner, A. & Brändle, M. (2001). Die Schweizer Parteien im Wandel: Von Mitgliederparteien zu professionalisierten Wählerorganisationen? Seismo Verlag.
source_comment: ",multiyear,1995-01-01T12:00:00,,
232,143,7000,actual,"note_translations: languages_code: de-CH
note: Ausgaben in einem Jahr ohne Wahlen.","page_number_string: 355
notes: 
source_full_citation: Ladner, A. & Brändle, M. (2001). Die Schweizer Parteien im Wandel: Von Mitgliederparteien zu professionalisierten Wählerorganisationen? Seismo Verlag.
source_comment: ",multiyear,1996-01-01T12:00:00,,
233,148,100000,actual,"note_translations: languages_code: de-CH
note: Ausgaben in einem Wahljahr.","page_number_string: 353
notes: 
source_full_citation: Ladner, A. & Brändle, M. (2001). Die Schweizer Parteien im Wandel: Von Mitgliederparteien zu professionalisierten Wählerorganisationen? Seismo Verlag.
source_comment: ",multiyear,1995-01-01T12:00:00,,
234,148,100000,actual,"note_translations: languages_code: de-CH
note: Ausgaben in einem Jahr ohne Wahlen.","page_number_string: 353
notes: 
source_full_citation: Ladner, A. & Brändle, M. (2001). Die Schweizer Parteien im Wandel: Von Mitgliederparteien zu professionalisierten Wählerorganisationen? Seismo Verlag.
source_comment: ",multiyear,1996-01-01T12:00:00,,
235,149,20000,actual,"note_translations: languages_code: de-CH
note: Ausgaben in einem Wahljahr.","page_number_string: 353
notes: 
source_full_citation: Ladner, A. & Brändle, M. (2001). Die Schweizer Parteien im Wandel: Von Mitgliederparteien zu professionalisierten Wählerorganisationen? Seismo Verlag.
source_comment: ",multiyear,1995-01-01T12:00:00,,
236,149,5000,actual,"note_translations: languages_code: de-CH
note: Ausgaben in einem Jahr ohne Wahlen.","page_number_string: 353
notes: 
source_full_citation: Ladner, A. & Brändle, M. (2001). Die Schweizer Parteien im Wandel: Von Mitgliederparteien zu professionalisierten Wählerorganisationen? Seismo Verlag.
source_comment: ",multiyear,1996-01-01T12:00:00,,
237,153,120000,actual,"note_translations: languages_code: de-CH
note: Ausgaben in einem Wahljahr.","page_number_string: 354
notes: 
source_full_citation: Ladner, A. & Brändle, M. (2001). Die Schweizer Parteien im Wandel: Von Mitgliederparteien zu professionalisierten Wählerorganisationen? Seismo Verlag.
source_comment: ",multiyear,1995-01-01T12:00:00,,
238,153,100000,actual,"note_translations: languages_code: de-CH
note: Ausgaben in einem Jahr ohne Wahlen.","page_number_string: 354
notes: 
source_full_citation: Ladner, A. & Brändle, M. (2001). Die Schweizer Parteien im Wandel: Von Mitgliederparteien zu professionalisierten Wählerorganisationen? Seismo Verlag.
source_comment: ",multiyear,1996-01-01T12:00:00,,
239,154,100000,actual,"note_translations: languages_code: de-CH
note: Ausgaben in einem Wahljahr.","page_number_string: 354
notes: 
source_full_citation: Ladner, A. & Brändle, M. (2001). Die Schweizer Parteien im Wandel: Von Mitgliederparteien zu professionalisierten Wählerorganisationen? Seismo Verlag.
source_comment: ",multiyear,1995-01-01T12:00:00,,
240,154,100000,actual,"note_translations: languages_code: de-CH
note: Ausgaben in einem Jahr ohne Wahlen.","page_number_string: 354
notes: 
source_full_citation: Ladner, A. & Brändle, M. (2001). Die Schweizer Parteien im Wandel: Von Mitgliederparteien zu professionalisierten Wählerorganisationen? Seismo Verlag.
source_comment: ",multiyear,1996-01-01T12:00:00,,
241,155,77272,actual,,"page_number_string: 
notes: 
source_full_citation: Vert-e-s canton du Valais. (2019). Compte des résultats Exercice 2019 (01.01.2019 - 31.12.2019). Consulté le 23 février 2026, sur https://verts-vs.ch/wp-content/uploads/sites/2/2020/11/bilan-et-compte-des-resultats-Exercice-2019.pdf
source_comment: ",year,2018-07-01T12:00:00,,
242,155,114704,actual,,"page_number_string: 
notes: 
source_full_citation: Vert-e-s canton du Valais. (2019). Compte des résultats Exercice 2019 (01.01.2019 - 31.12.2019). Consulté le 23 février 2026, sur https://verts-vs.ch/wp-content/uploads/sites/2/2020/11/bilan-et-compte-des-resultats-Exercice-2019.pdf
source_comment: ",year,2019-07-01T00:00:00,,
243,155,59752,actual,,"page_number_string: 
notes: 
source_full_citation: Vert-e-s canton du Valais. (2020). Compte des résultats Exercice 2020 (01.01.2020 - 31.12.2020). Consulté le 23 février 2026, sur https://verts-vs.ch/wp-content/uploads/sites/2/2021/12/Compte2020_Les_Verts-VS.pdf
source_comment: ",year,2020-07-01T00:00:00,,
244,155,130064,actual,,"page_number_string: 
notes: 
source_full_citation: Vert-e-s canton du Valais. (2021). Compte des résultats Exercice 2021 (01.01.2021 - 31.12.2021). Consulté le 23 février 2026, sur https://verts-vs.ch/wp-content/uploads/sites/2/2022/08/AG22_Bilan-Comptes_Budget-1.pdf
source_comment: ",year,2021-07-01T00:00:00,,
245,155,72101,actual,,"page_number_string: 
notes: 
source_full_citation: Vert-e-s canton du Valais. (2022). Compte des résultats Exercice 2022 (01.01.2022 - 31.12.2022). Consulté le 23 février 2026, sur https://verts-vs.ch/wp-content/uploads/sites/2/2023/04/Comptes-2022-Les-Vert.e.s-Valais.pdf sur 
source_comment: ",year,2022-07-01T00:00:00,,
246,155,195241,actual,,"page_number_string: 
notes: 
source_full_citation: Vert-e-s canton du Valais. (2023). Compte des résultats Exercice 2023 (01.01.2023 - 31.12.2023). Consulté le 23 février 2026, sur https://verts-vs.ch/wp-content/uploads/sites/2/2024/09/Comptes-Bilan-2023-Les-Vert.e.s-VS.pdf
source_comment: ",year,2023-07-01T00:00:00,,
247,161,20000,actual,"note_translations: languages_code: de-CH
note: Ausgaben in einem Wahljahr.","page_number_string: 355
notes: 
source_full_citation: Ladner, A. & Brändle, M. (2001). Die Schweizer Parteien im Wandel: Von Mitgliederparteien zu professionalisierten Wählerorganisationen? Seismo Verlag.
source_comment: ",multiyear,1995-01-01T12:00:00,,
248,161,5000,actual,"note_translations: languages_code: de-CH
note: Ausgaben in einem Jahr ohne Wahlen.","page_number_string: 355
notes: 
source_full_citation: Ladner, A. & Brändle, M. (2001). Die Schweizer Parteien im Wandel: Von Mitgliederparteien zu professionalisierten Wählerorganisationen? Seismo Verlag.
source_comment: ",year,1996-01-01T12:00:00,,
249,164,332955,actual,"note_translations: languages_code: de-CH
note: Ausgaben in einem Wahljahr.","page_number_string: 356
notes: 
source_full_citation: Ladner, A. & Brändle, M. (2001). Die Schweizer Parteien im Wandel: Von Mitgliederparteien zu professionalisierten Wählerorganisationen? Seismo Verlag.
source_comment: ",multiyear,1995-01-01T12:00:00,,
250,164,234700,actual,"note_translations: languages_code: de-CH
note: Ausgaben in einem Jahr ohne Wahlen.","page_number_string: 356
notes: 
source_full_citation: Ladner, A. & Brändle, M. (2001). Die Schweizer Parteien im Wandel: Von Mitgliederparteien zu professionalisierten Wählerorganisationen? Seismo Verlag.
source_comment: ",multiyear,1996-01-01T12:00:00,,
251,164,261014,actual,,"page_number_string: 
notes: 
source_full_citation: PS cantone Ticino. (2007). Conto economico e bilancio anni 2004-2005-2006. Consultato il 27 febbraio 2026 dal https://web.archive.org/web/20071013034944/http://www.ps-ticino.ch/index.cfm?scheda=1558
source_comment: ",year,2004-07-01T00:00:00,,
252,164,309398,actual,,"page_number_string: 
notes: 
source_full_citation: PS cantone Ticino. (2007). Conto economico e bilancio anni 2004-2005-2006. Consultato il 27 febbraio 2026 dal https://web.archive.org/web/20071013034944/http://www.ps-ticino.ch/index.cfm?scheda=1558
source_comment: ",year,2005-07-01T00:00:00,,
253,164,330523,actual,,"page_number_string: 
notes: 
source_full_citation: PS cantone Ticino. (2007). Conto economico e bilancio anni 2004-2005-2006. Consultato il 27 febbraio 2026 dal https://web.archive.org/web/20071013034944/http://www.ps-ticino.ch/index.cfm?scheda=1558
source_comment: ",year,2006-07-01T00:00:00,,
254,164,391051,actual,,"page_number_string: 
notes: 
source_full_citation: PS cantone Ticino. (2020). PS conto economico. Consultato il 27 febbraio 2026 dal https://ps-ticino.ch/wp-content/uploads/2023/06/conto-economico-19.pdf
source_comment: ",year,2018-07-01T12:00:00,,
255,164,491657,actual,,"page_number_string: 
notes: 
source_full_citation: PS cantone Ticino. (2020). PS conto economico. Consultato il 27 febbraio 2026 dal https://ps-ticino.ch/wp-content/uploads/2023/06/conto-economico-19.pdf
source_comment: ",year,2019-07-01T00:00:00,,
256,164,356475,actual,,"page_number_string: 
notes: 
source_full_citation: PS cantone Ticino. (2021). PS conto economico. Consultato il 27 febbraio 2026 dal https://ps-ticino.ch/wp-content/uploads/2023/06/Conto-economico-20.pdf
source_comment: ",year,2020-07-01T00:00:00,,
257,164,382280,actual,,"page_number_string: 
notes: 
source_full_citation: PS cantone Ticino. (2022). PS conto economico. Consultato il 27 febbraio 2026 dal https://ps-ticino.ch/wp-content/uploads/2023/06/Conto-economico-21.pdf
source_comment: ",year,2021-07-01T00:00:00,,
258,164,349725,actual,,"page_number_string: 
notes: 
source_full_citation: PS cantone Ticino. (2023). PS conto economico. Consultato il 27 febbraio 2026 dal https://ps-ticino.ch/wp-content/uploads/2023/06/Conto-economico-22-21-x-comitato-cantonale.pdf
source_comment: ",year,2022-07-01T00:00:00,,
259,164,633685,actual,,"page_number_string: 
notes: 
source_full_citation: PS cantone Ticino. (2024). PS conto economico. Consultato il 27 febbraio 2026 dal https://ps-ticino.ch/wp-content/uploads/2024/06/Conto-economico-2022-2023.pdf
source_comment: ",year,2023-07-01T00:00:00,,
260,164,342410,actual,,"page_number_string: 
notes: 
source_full_citation: PS cantone Ticino. (2025). PS conto economico. Consultato il 27 febbraio 2026 dal https://ps-ticino.ch/wp-content/uploads/2025/03/Conto-economico-2024-2023-x-comitato-cantonale.pdf
source_comment: ",year,2024-07-01T00:00:00,,
261,167,813571,actual,"note_translations: languages_code: de-CH
note: Ausgaben in einem Wahljahr.","page_number_string: 353
notes: 
source_full_citation: Ladner, A. & Brändle, M. (2001). Die Schweizer Parteien im Wandel: Von Mitgliederparteien zu professionalisierten Wählerorganisationen? Seismo Verlag.
source_comment: ",multiyear,1995-01-01T12:00:00,,
262,167,374537,actual,"note_translations: languages_code: de-CH
note: Ausgaben in einem Jahr ohne Wahlen.","page_number_string: 353
notes: 
source_full_citation: Ladner, A. & Brändle, M. (2001). Die Schweizer Parteien im Wandel: Von Mitgliederparteien zu professionalisierten Wählerorganisationen? Seismo Verlag.
source_comment: ",multiyear,1996-01-01T12:00:00,,
263,167,829088,actual,,"page_number_string: 
notes: 
source_full_citation: PLR cantone Ticino. (2018). Bilancio e conto economico. Consultato il 27 febbraio 2026 dal https://www.plrt.ch/fileadmin/groups/232/pdf/Bilancio_e_conto_economico_2017.pdf
source_comment: ",year,2016-07-01T00:00:00,,
264,167,909209,actual,,"page_number_string: 
notes: 
source_full_citation: PLR cantone Ticino. (2018). Bilancio e conto economico. Consultato il 27 febbraio 2026 dal https://www.plrt.ch/fileadmin/groups/232/pdf/Bilancio_e_conto_economico_2017.pdf
source_comment: ",year,2017-07-01T00:00:00,,
265,167,833149,actual,,"page_number_string: 
notes: 
source_full_citation: PLR cantone Ticino. (2019). Bilancio e conto economico. Consultato il 27 febbraio 2026 dal https://www.plrt.ch/fileadmin/groups/232/pdf/Bilancio_e_conto_economico_2018.pdf
source_comment: ",year,2018-07-01T12:00:00,,
266,167,961636,actual,,"page_number_string: 
notes: 
source_full_citation: PLR cantone Ticino. (2020). Bilancio e conto economico. Consultato il 27 febbraio 2026 dal https://www.plrt.ch/fileadmin/groups/232/pdf/000_CONSOLIDATO_conti_2019_ok.pdf
source_comment: ",year,2019-07-01T00:00:00,,
267,167,759278,actual,,"page_number_string: 
notes: 
source_full_citation: PLR cantone Ticino. (2021). Bilancio e conto economico. Consultato il 27 febbraio 2026 dal https://www.plrt.ch/fileadmin/groups/232/pdf/CONSOLIDATO_conti_2020.pdf
source_comment: ",year,2020-07-01T00:00:00,,
268,167,723247,actual,,"page_number_string: 
notes: 
source_full_citation: PLR cantone Ticino. (2022). Bilancio e conto economico. Consultato il 27 febbraio 2026 dal https://www.plrt.ch/fileadmin/groups/232/pdf/PDF_-_CONSOLIDATO_conti_2021.pdf
source_comment: ",year,2021-07-01T00:00:00,,
269,167,608462,actual,,"page_number_string: 
notes: 
source_full_citation: PLR cantone Ticino. (2023). Bilancio e conto economico. Consultato il 27 febbraio 2026 dal https://www.plrt.ch/fileadmin/groups/232/pdf/CONSOLIDATO_conti_2022.pdf
source_comment: ",year,2022-07-01T00:00:00,,
270,167,821796,actual,,"page_number_string: 
notes: 
source_full_citation: PLR cantone Ticino. (2024). Bilancio e conto economico. Consultato il 27 febbraio 2026 dal https://www.plrt.ch/fileadmin/groups/232/pdf/CONSOLIDATO_conti_2023.pdf
source_comment: ",year,2023-07-01T00:00:00,,
271,167,589325,actual,,"page_number_string: 
notes: 
source_full_citation: PLR cantone Ticino. (2024). Bilancio e conto economico. Consultato il 27 febbraio 2026 dal https://www.plrt.ch/fileadmin/groups/232/pdf/News/CONTI2024.pdf
source_comment: ",year,2024-07-01T00:00:00,,
272,168,949643,actual,"note_translations: languages_code: de-CH
note: Ausgaben in einem Wahljahr.","page_number_string: 354
notes: 
source_full_citation: Ladner, A. & Brändle, M. (2001). Die Schweizer Parteien im Wandel: Von Mitgliederparteien zu professionalisierten Wählerorganisationen? Seismo Verlag.
source_comment: ",multiyear,1995-01-01T12:00:00,,
273,168,357971,actual,"note_translations: languages_code: de-CH
note: Ausgaben in einem Jahr ohne Wahlen.","page_number_string: 354
notes: 
source_full_citation: Ladner, A. & Brändle, M. (2001). Die Schweizer Parteien im Wandel: Von Mitgliederparteien zu professionalisierten Wählerorganisationen? Seismo Verlag.
source_comment: ",multiyear,1996-01-01T12:00:00,,
274,169,85640,actual,,"page_number_string: 
notes: 
source_full_citation: Verdi cantone Ticino. (2014). Bilancio, perdite e profitti. Consultato il 27 febbraio 2026 dal https://web.archive.org/web/20190420194819/https:/static1.squarespace.com/static/5385a514e4b0342df68b5636/t/5655c32ae4b0702d37df2139/1448461098152/Verdi2014-bilancio.pdf
source_comment: ",year,2013-07-01T00:00:00,,
275,169,83061,actual,,"page_number_string: 
notes: 
source_full_citation: Verdi cantone Ticino. (2014). Bilancio, perdite e profitti. Consultato il 27 febbraio 2026 dal https://web.archive.org/web/20190420194819/https:/static1.squarespace.com/static/5385a514e4b0342df68b5636/t/5655c32ae4b0702d37df2139/1448461098152/Verdi2014-bilancio.pdf
source_comment: ",year,2014-07-01T00:00:00,,
276,169,37605,actual,,"page_number_string: 
notes: 
source_full_citation: Verdi cantone Ticino. (2017). Bilancio, perdite e profitti. Consultato il 27 febbraio 2026 dal https://verditicino.ch/wp-content/uploads/2021/01/verdi-2017-Bilancio-PerditeProfitti.pdf
source_comment: ",year,2016-07-01T00:00:00,,
277,169,37760,actual,,"page_number_string: 
notes: 
source_full_citation: Verdi cantone Ticino. (2017). Bilancio, perdite e profitti. Consultato il 27 febbraio 2026 dal https://verditicino.ch/wp-content/uploads/2021/01/verdi-2017-Bilancio-PerditeProfitti.pdf
source_comment: ",year,2017-07-01T00:00:00,,
278,169,38249,actual,,"page_number_string: 
notes: 
source_full_citation: Verdi cantone Ticino. (2018). Conti annuali. Consultato il 27 febbraio 2026 dal https://verditicino.ch/wp-content/uploads/2021/01/verdi-2018-Bilancio-PerditeProfitti.pdf
source_comment: ",year,2018-07-01T12:00:00,,
279,169,210532,actual,,"page_number_string: 
notes: 
source_full_citation: Verdi cantone Ticino. (2019). Bilancio, perdite e profitti. Consultato il 27 febbraio 2026 dal https://verditicino.ch/wp-content/uploads/2021/01/verdi-2019-Bilancio-PerditeProfitti.pdf
source_comment: ",year,2019-07-01T00:00:00,,
280,169,52744,actual,,"page_number_string: 
notes: 
source_full_citation: Verdi cantone Ticino. (2020). Bilancio, perdite e profitti. Consultato il 27 febbraio 2026 dal https://verditicino.ch/wp-content/uploads/2021/12/4-Rapporto-di-Revisione-e-Conti-2020.pdf
source_comment: ",year,2020-07-01T00:00:00,,
281,169,76730,actual,,"page_number_string: 
notes: 
source_full_citation: Verdi cantone Ticino. (2021). Bilancio, perdite e profitti. Consultato il 27 febbraio 2026 dal https://verditicino.ch/wp-content/uploads/2022/06/Verdi-2021_i-conti.pdf
source_comment: ",year,2021-07-01T00:00:00,,
282,169,64712,actual,,"page_number_string: 
notes: 
source_full_citation: Verdi cantone Ticino. (2022). Bilancio, perdite e profitti. Consultato il 27 febbraio 2026 dal https://verditicino.ch/wp-content/uploads/2023/05/Conti2022_Assemblea.pdf
source_comment: ",year,2022-07-01T00:00:00,,
283,181,100000,actual,"note_translations: languages_code: de-CH
note: Ausgaben in einem Wahljahr.","page_number_string: 355
notes: 
source_full_citation: Ladner, A. & Brändle, M. (2001). Die Schweizer Parteien im Wandel: Von Mitgliederparteien zu professionalisierten Wählerorganisationen? Seismo Verlag.
source_comment: ",multiyear,1995-01-01T12:00:00,,
284,181,30000,actual,"note_translations: languages_code: de-CH
note: Ausgaben in einem Jahr ohne Wahlen.","page_number_string: 355
notes: 
source_full_citation: Ladner, A. & Brändle, M. (2001). Die Schweizer Parteien im Wandel: Von Mitgliederparteien zu professionalisierten Wählerorganisationen? Seismo Verlag.
source_comment: ",multiyear,1996-01-01T12:00:00,,
285,182,100000,actual,,"page_number_string: 356
notes: 
source_full_citation: Ladner, A. & Brändle, M. (2001). Die Schweizer Parteien im Wandel: Von Mitgliederparteien zu professionalisierten Wählerorganisationen? Seismo Verlag.
source_comment: ",year,1995-07-01T00:00:00,,
286,182,46000,actual,,"page_number_string: 356
notes: 
source_full_citation: Ladner, A. & Brändle, M. (2001). Die Schweizer Parteien im Wandel: Von Mitgliederparteien zu professionalisierten Wählerorganisationen? Seismo Verlag.
source_comment: ",year,1996-07-01T00:00:00,,
287,182,115435,actual,,"page_number_string: 
notes: 
source_full_citation: SP Kanton Schwyz. (2018). Jahresbericht der SP Kanton Schwyz 2018. Abgerufen am 13. März 2026 von https://web.archive.org/web/20251217071218/http://spschwyz.ch/sites/spschwyz.ch/files/documents/19-04_jahresbericht_2018_sp_kantons_schwyz.pdf
source_comment: ",year,2017-07-01T00:00:00,,
288,182,113131,actual,,"page_number_string: 
notes: 
source_full_citation: SP Kanton Schwyz. (2018). Jahresbericht der SP Kanton Schwyz 2018. Abgerufen am 13. März 2026 von https://web.archive.org/web/20251217071218/http://spschwyz.ch/sites/spschwyz.ch/files/documents/19-04_jahresbericht_2018_sp_kantons_schwyz.pdf
source_comment: ",year,2018-07-01T12:00:00,,
289,182,239803,actual,,"page_number_string: 
notes: 
source_full_citation: SP Kanton Schwyz. (2020). Jahresbericht 2020 der SP Kanton Schwyz. Abgerufen am 13. März 2026 von https://web.archive.org/web/20251217054334/http://spschwyz.ch/sites/spschwyz.ch/files/documents/jahresbericht_sp_kanton_schwyz_2020.pdf
source_comment: ",year,2019-07-01T00:00:00,,
290,182,245010,actual,,"page_number_string: 
notes: 
source_full_citation: SP Kanton Schwyz. (2020). Jahresbericht 2020 der SP Kanton Schwyz. Abgerufen am 13. März 2026 von https://web.archive.org/web/20251217054334/http://spschwyz.ch/sites/spschwyz.ch/files/documents/jahresbericht_sp_kanton_schwyz_2020.pdf
source_comment: ",year,2020-07-01T00:00:00,,
291,182,111500,budgeted,,"page_number_string: 
notes: 
source_full_citation: SP Kanton Schwyz. (2021). Jahresbericht 2021 der SP Kanton Schwyz. Abgerufen am 13. März 2026 von https://web.archive.org/web/20251217052129/http://spschwyz.ch/sites/spschwyz.ch/files/documents/22-04_jahresbericht_2021_sp_kanton_schwyz_0.pdf
source_comment: ",year,2021-07-01T00:00:00,,
292,182,113645,actual,,"page_number_string: 
notes: 
source_full_citation: SP Kanton Schwyz. (2021). Jahresbericht 2021 der SP Kanton Schwyz. Abgerufen am 13. März 2026 von https://web.archive.org/web/20251217052129/http://spschwyz.ch/sites/spschwyz.ch/files/documents/22-04_jahresbericht_2021_sp_kanton_schwyz_0.pdf
source_comment: ",year,2021-07-01T00:00:00,,
293,182,112675,budgeted,,"page_number_string: 
notes: 
source_full_citation: SP Kanton Schwyz. (2022). Jahresbericht 2022 der SP Kanton Schwyz. Abgerufen am 13. März 2026 von https://web.archive.org/web/20251217064058/http://spschwyz.ch/sites/spschwyz.ch/files/documents/23-03_jahresbericht_2022_sp_kanton_schwyz.pdf
source_comment: ",year,2022-07-01T00:00:00,,
294,182,165134,actual,,"page_number_string: 
notes: 
source_full_citation: SP Kanton Schwyz. (2022). Jahresbericht 2022 der SP Kanton Schwyz. Abgerufen am 13. März 2026 von https://web.archive.org/web/20251217064058/http://spschwyz.ch/sites/spschwyz.ch/files/documents/23-03_jahresbericht_2022_sp_kanton_schwyz.pdf
source_comment: ",year,2022-07-01T00:00:00,,
295,182,260795,budgeted,,"page_number_string: 
notes: 
source_full_citation: SP Kanton Schwyz. (2022). Jahresbericht 2022 der SP Kanton Schwyz. Abgerufen am 13. März 2026 von https://web.archive.org/web/20251217064058/http://spschwyz.ch/sites/spschwyz.ch/files/documents/23-03_jahresbericht_2022_sp_kanton_schwyz.pdf
source_comment: ",year,2023-07-01T00:00:00,,
296,182,235426,actual,,"page_number_string: 
notes: 
source_full_citation: SP Kanton Schwyz. (2023). Jahresbericht 2023 der SP Kanton Schwyz. Abgerufen am 13. März 2026 von https://web.archive.org/web/20251217060622/http://spschwyz.ch/sites/spschwyz.ch/files/documents/24-04_jahresbericht_2023_sp_kanton_schwyz.pdf
source_comment: ",year,2023-07-01T00:00:00,,
297,182,202925,budgeted,,"page_number_string: 
notes: 
source_full_citation: SP Kanton Schwyz. (2023). Jahresbericht 2023 der SP Kanton Schwyz. Abgerufen am 13. März 2026 von https://web.archive.org/web/20251217060622/http://spschwyz.ch/sites/spschwyz.ch/files/documents/24-04_jahresbericht_2023_sp_kanton_schwyz.pdf
source_comment: ",year,2024-07-01T00:00:00,,
298,182,192145,actual,,"page_number_string: 
notes: 
source_full_citation: SP Kanton Schwyz. (2024). Jahresbericht 2024 der SP Kanton Schwyz. Abgerufen am 13. März 2026 von https://web.archive.org/web/20251217062856/http://spschwyz.ch/sites/spschwyz.ch/files/documents/25-04_jahresbericht_2024_sp_kanton_schwyz.pdf
source_comment: ",year,2024-07-01T00:00:00,,
299,182,105360,budgeted,,"page_number_string: 
notes: 
source_full_citation: SP Kanton Schwyz. (2024). Jahresbericht 2024 der SP Kanton Schwyz. Abgerufen am 13. März 2026 von https://web.archive.org/web/20251217062856/http://spschwyz.ch/sites/spschwyz.ch/files/documents/25-04_jahresbericht_2024_sp_kanton_schwyz.pdf
source_comment: ",year,2025-07-01T00:00:00,,
300,183,120000,actual,"note_translations: languages_code: de-CH
note: Ausgaben in einem Wahljahr.","page_number_string: 353
notes: 
source_full_citation: Ladner, A. & Brändle, M. (2001). Die Schweizer Parteien im Wandel: Von Mitgliederparteien zu professionalisierten Wählerorganisationen? Seismo Verlag.
source_comment: ",multiyear,1995-01-01T12:00:00,,
301,183,60000,actual,"note_translations: languages_code: de-CH
note: Ausgaben in einem Jahr ohne Wahlen.","page_number_string: 353
notes: 
source_full_citation: Ladner, A. & Brändle, M. (2001). Die Schweizer Parteien im Wandel: Von Mitgliederparteien zu professionalisierten Wählerorganisationen? Seismo Verlag.
source_comment: ",multiyear,1996-01-01T12:00:00,,
302,184,150000,actual,"note_translations: languages_code: de-CH
note: Ausgaben in einem Wahljahr.","page_number_string: 354
notes: 
source_full_citation: Ladner, A. & Brändle, M. (2001). Die Schweizer Parteien im Wandel: Von Mitgliederparteien zu professionalisierten Wählerorganisationen? Seismo Verlag.
source_comment: ",multiyear,1995-01-01T12:00:00,,
303,184,90000,actual,"note_translations: languages_code: de-CH
note: Ausgaben in einem Jahr ohne Wahlen.","page_number_string: 354
notes: 
source_full_citation: Ladner, A. & Brändle, M. (2001). Die Schweizer Parteien im Wandel: Von Mitgliederparteien zu professionalisierten Wählerorganisationen? Seismo Verlag.
source_comment: ",multiyear,1996-01-01T12:00:00,,
304,195,20000,actual,"note_translations: languages_code: de-CH
note: Ausgaben in einem Wahljahr.","page_number_string: 353
notes: 
source_full_citation: Ladner, A. & Brändle, M. (2001). Die Schweizer Parteien im Wandel: Von Mitgliederparteien zu professionalisierten Wählerorganisationen? Seismo Verlag.
source_comment: ",multiyear,1995-01-01T12:00:00,,
305,195,3000,actual,"note_translations: languages_code: de-CH
note: Ausgaben in einem Jahr ohne Wahlen.","page_number_string: 353
notes: 
source_full_citation: Ladner, A. & Brändle, M. (2001). Die Schweizer Parteien im Wandel: Von Mitgliederparteien zu professionalisierten Wählerorganisationen? Seismo Verlag.
source_comment: ",multiyear,1996-01-01T12:00:00,,
306,196,80000,actual,"note_translations: languages_code: de-CH
note: Ausgaben in einem Wahljahr.","page_number_string: 354
notes: 
source_full_citation: Ladner, A. & Brändle, M. (2001). Die Schweizer Parteien im Wandel: Von Mitgliederparteien zu professionalisierten Wählerorganisationen? Seismo Verlag.
source_comment: ",multiyear,1995-01-01T12:00:00,,
307,196,25000,actual,"note_translations: languages_code: de-CH
note: Ausgaben in einem Jahr ohne Wahlen.","page_number_string: 354
notes: 
source_full_citation: Ladner, A. & Brändle, M. (2001). Die Schweizer Parteien im Wandel: Von Mitgliederparteien zu professionalisierten Wählerorganisationen? Seismo Verlag.
source_comment: ",multiyear,1996-01-01T12:00:00,,
308,202,8000,actual,"note_translations: languages_code: de-CH
note: Ausgaben in einem Jahr ohne Wahlen.","page_number_string: 356
notes: 
source_full_citation: Ladner, A. & Brändle, M. (2001). Die Schweizer Parteien im Wandel: Von Mitgliederparteien zu professionalisierten Wählerorganisationen? Seismo Verlag.
source_comment: ",multiyear,1996-01-01T12:00:00,,
309,203,80000,actual,"note_translations: languages_code: de-CH
note: Ausgaben in einem Wahljahr.","page_number_string: 353
notes: 
source_full_citation: Ladner, A. & Brändle, M. (2001). Die Schweizer Parteien im Wandel: Von Mitgliederparteien zu professionalisierten Wählerorganisationen? Seismo Verlag.
source_comment: ",multiyear,1995-01-01T12:00:00,,
310,203,50000,actual,"note_translations: languages_code: de-CH
note: Ausgaben in einem Jahr ohne Wahlen.","page_number_string: 353
notes: 
source_full_citation: Ladner, A. & Brändle, M. (2001). Die Schweizer Parteien im Wandel: Von Mitgliederparteien zu professionalisierten Wählerorganisationen? Seismo Verlag.
source_comment: ",multiyear,1996-01-01T12:00:00,,
311,199,35000,actual,"note_translations: languages_code: de-CH
note: Ausgaben in einem Wahljahr.","page_number_string: 354
notes: 
source_full_citation: Ladner, A. & Brändle, M. (2001). Die Schweizer Parteien im Wandel: Von Mitgliederparteien zu professionalisierten Wählerorganisationen? Seismo Verlag.
source_comment: ",multiyear,1995-01-01T12:00:00,,
312,199,6000,actual,"note_translations: languages_code: de-CH
note: Ausgaben in einem Jahr ohne Wahlen.","page_number_string: 354
notes: 
source_full_citation: Ladner, A. & Brändle, M. (2001). Die Schweizer Parteien im Wandel: Von Mitgliederparteien zu professionalisierten Wählerorganisationen? Seismo Verlag.
source_comment: ",multiyear,1996-01-01T12:00:00,,
313,204,60000,actual,"note_translations: languages_code: de-CH
note: Ausgaben in einem Wahljahr.","page_number_string: 354
notes: 
source_full_citation: Ladner, A. & Brändle, M. (2001). Die Schweizer Parteien im Wandel: Von Mitgliederparteien zu professionalisierten Wählerorganisationen? Seismo Verlag.
source_comment: ",multiyear,1995-01-01T12:00:00,,
314,204,40000,actual,"note_translations: languages_code: de-CH
note: Ausgaben in einem Jahr ohne Wahlen.","page_number_string: 354
notes: 
source_full_citation: Ladner, A. & Brändle, M. (2001). Die Schweizer Parteien im Wandel: Von Mitgliederparteien zu professionalisierten Wählerorganisationen? Seismo Verlag.
source_comment: ",multiyear,1996-01-01T12:00:00,,
315,211,60000,actual,"note_translations: languages_code: de-CH
note: Ausgaben in einem Wahljahr.","page_number_string: 356
notes: 
source_full_citation: Ladner, A. & Brändle, M. (2001). Die Schweizer Parteien im Wandel: Von Mitgliederparteien zu professionalisierten Wählerorganisationen? Seismo Verlag.
source_comment: ",multiyear,1995-01-01T12:00:00,,
316,211,35000,actual,"note_translations: languages_code: de-CH
note: Ausgaben in einem Jahr ohne Wahlen.","page_number_string: 356
notes: 
source_full_citation: Ladner, A. & Brändle, M. (2001). Die Schweizer Parteien im Wandel: Von Mitgliederparteien zu professionalisierten Wählerorganisationen? Seismo Verlag.
source_comment: ",multiyear,1996-01-01T12:00:00,,
317,212,40000,actual,"note_translations: languages_code: de-CH
note: Ausgaben in einem Wahljahr.","page_number_string: 353
notes: 
source_full_citation: Ladner, A. & Brändle, M. (2001). Die Schweizer Parteien im Wandel: Von Mitgliederparteien zu professionalisierten Wählerorganisationen? Seismo Verlag.
source_comment: ",multiyear,1995-01-01T12:00:00,,
318,212,26000,actual,"note_translations: languages_code: de-CH
note: Ausgaben in einem Jahr ohne Wahlen.","page_number_string: 353
notes: 
source_full_citation: Ladner, A. & Brändle, M. (2001). Die Schweizer Parteien im Wandel: Von Mitgliederparteien zu professionalisierten Wählerorganisationen? Seismo Verlag.
source_comment: ",multiyear,1996-01-01T12:00:00,,
319,221,150000,actual,"note_translations: languages_code: de-CH
note: Ausgaben in einem Wahljahr.","page_number_string: 355
notes: 
source_full_citation: Ladner, A. & Brändle, M. (2001). Die Schweizer Parteien im Wandel: Von Mitgliederparteien zu professionalisierten Wählerorganisationen? Seismo Verlag.
source_comment: ",multiyear,1995-01-01T12:00:00,,
320,221,10000,actual,"note_translations: languages_code: de-CH
note: Ausgaben in einem Jahr ohne Wahlen.","page_number_string: 355
notes: 
source_full_citation: Ladner, A. & Brändle, M. (2001). Die Schweizer Parteien im Wandel: Von Mitgliederparteien zu professionalisierten Wählerorganisationen? Seismo Verlag.
source_comment: ",multiyear,1996-01-01T12:00:00,,
321,222,114381,actual,"note_translations: languages_code: de-CH
note: Ausgaben in einem Wahljahr.","page_number_string: 356
notes: 
source_full_citation: Ladner, A. & Brändle, M. (2001). Die Schweizer Parteien im Wandel: Von Mitgliederparteien zu professionalisierten Wählerorganisationen? Seismo Verlag.
source_comment: ",multiyear,1995-01-01T12:00:00,,
322,222,63500,actual,"note_translations: languages_code: de-CH
note: Ausgaben in einem Jahr ohne Wahlen.","page_number_string: 356
notes: 
source_full_citation: Ladner, A. & Brändle, M. (2001). Die Schweizer Parteien im Wandel: Von Mitgliederparteien zu professionalisierten Wählerorganisationen? Seismo Verlag.
source_comment: ",multiyear,1996-01-01T12:00:00,,
323,223,160000,actual,"note_translations: languages_code: de-CH
note: Ausgaben in einem Wahljahr.","page_number_string: 353
notes: 
source_full_citation: Ladner, A. & Brändle, M. (2001). Die Schweizer Parteien im Wandel: Von Mitgliederparteien zu professionalisierten Wählerorganisationen? Seismo Verlag.
source_comment: ",multiyear,1995-01-01T12:00:00,,
324,223,60000,actual,"note_translations: languages_code: de-CH
note: Ausgaben in einem Jahr ohne Wahlen.","page_number_string: 353
notes: 
source_full_citation: Ladner, A. & Brändle, M. (2001). Die Schweizer Parteien im Wandel: Von Mitgliederparteien zu professionalisierten Wählerorganisationen? Seismo Verlag.
source_comment: ",multiyear,1996-01-01T12:00:00,,
325,226,76848,actual,,"page_number_string: 
notes: 
source_full_citation: SGA Kanton Zug. (2000). Jahresbericht 2000. Abgerufen am 13. April 2026 von https://web.archive.org/web/20040305191821/http://www.sga-zug.ch/pdf_file/jahresbericht_2000.pdf
source_comment: ",year,1999-07-01T00:00:00,,
326,226,102250,budgeted,,"page_number_string: 
notes: 
source_full_citation: SGA Kanton Zug. (2000). Jahresbericht 2000. Abgerufen am 13. April 2026 von https://web.archive.org/web/20040305191821/http://www.sga-zug.ch/pdf_file/jahresbericht_2000.pdf
source_comment: ",year,2000-07-01T00:00:00,,
327,226,108485,actual,,"page_number_string: 
notes: 
source_full_citation: SGA Kanton Zug. (2000). Jahresbericht 2000. Abgerufen am 13. April 2026 von https://web.archive.org/web/20040305191821/http://www.sga-zug.ch/pdf_file/jahresbericht_2000.pdf
source_comment: ",year,2000-07-01T00:00:00,,
328,226,108000,budgeted,,"page_number_string: 
notes: 
source_full_citation: SGA Kanton Zug. (2000). Jahresbericht 2000. Abgerufen am 13. April 2026 von https://web.archive.org/web/20040305191821/http://www.sga-zug.ch/pdf_file/jahresbericht_2000.pdf
source_comment: ",year,2001-07-01T00:00:00,,
329,226,110384,actual,,"page_number_string: 
notes: 
source_full_citation: SGA Kanton Zug. (2001). Jahresbericht 2001. Abgerufen am 13. April 2026 von https://web.archive.org/web/20040529021123/http://www.sga-zug.ch/pdf_file/jahresbericht_2001.pdf
source_comment: ",year,2001-07-01T00:00:00,,
330,226,169900,budgeted,,"page_number_string: 
notes: 
source_full_citation: SGA Kanton Zug. (2001). Jahresbericht 2001. Abgerufen am 13. April 2026 von https://web.archive.org/web/20040529021123/http://www.sga-zug.ch/pdf_file/jahresbericht_2001.pdf
source_comment: ",year,2002-07-01T00:00:00,,
331,226,203281,actual,,"page_number_string: 
notes: 
source_full_citation: SGA Kanton Zug. (2002). Jahresbericht 2002. Abgerufen am 13. April 2026 von https://web.archive.org/web/20040121144833/http://www.sga-zug.ch/pdf_file/jahresbericht_2002.pdf
source_comment: ",year,2002-07-01T00:00:00,,
332,226,117000,budgeted,,"page_number_string: 
notes: 
source_full_citation: SGA Kanton Zug. (2002). Jahresbericht 2002. Abgerufen am 13. April 2026 von https://web.archive.org/web/20040121144833/http://www.sga-zug.ch/pdf_file/jahresbericht_2002.pdf
source_comment: ",year,2003-07-01T00:00:00,,
333,229,30700,budgeted,"note_translations: languages_code: de-CH
note: Wahlbudget 2022.","page_number_string: 
notes: 
source_full_citation: CSP Kanton Zug. (2022). Wahlbudget 2022. Abgerufen am 14. April 2026 von https://csp-zug.ch/wp-content/uploads/2022/08/Budget.pdf
source_comment: ",year,2022-07-01T12:00:00,,
334,232,150000,actual,"note_translations: languages_code: de-CH
note: Ausgaben in einem Wahljahr.","page_number_string: 356
notes: 
source_full_citation: Ladner, A. & Brändle, M. (2001). Die Schweizer Parteien im Wandel: Von Mitgliederparteien zu professionalisierten Wählerorganisationen? Seismo Verlag.
source_comment: ",multiyear,1995-01-01T12:00:00,,
335,232,60000,actual,"note_translations: languages_code: de-CH
note: Ausgaben in einem Jahr ohne Wahlen.","page_number_string: 356
notes: 
source_full_citation: Ladner, A. & Brändle, M. (2001). Die Schweizer Parteien im Wandel: Von Mitgliederparteien zu professionalisierten Wählerorganisationen? Seismo Verlag.
source_comment: ",multiyear,1996-01-01T12:00:00,,
336,233,160000,actual,"note_translations: languages_code: de-CH
note: Ausgaben in einem Wahljahr.","page_number_string: 353
notes: 
source_full_citation: Ladner, A. & Brändle, M. (2001). Die Schweizer Parteien im Wandel: Von Mitgliederparteien zu professionalisierten Wählerorganisationen? Seismo Verlag.
source_comment: ",multiyear,1995-01-01T12:00:00,,
337,233,60000,actual,"note_translations: languages_code: de-CH
note: Ausgaben in einem Jahr ohne Wahlen.","page_number_string: 353
notes: 
source_full_citation: Ladner, A. & Brändle, M. (2001). Die Schweizer Parteien im Wandel: Von Mitgliederparteien zu professionalisierten Wählerorganisationen? Seismo Verlag.
source_comment: ",multiyear,1996-01-01T12:00:00,,
338,239,165417,actual,,"page_number_string: 
notes: 
source_full_citation: Vert-e-s canton Fribourg. (2023). Rapport annuel 2022. Consulté le 20 avril 2026, sur https://verts-fr.ch/wp-content/uploads/sites/8/2023/06/Rapport-annuel-incl_PP_bilan_2022.pdf
source_comment: ",year,2021-07-01T00:00:00,,
339,239,94000,budgeted,,"page_number_string: 
notes: 
source_full_citation: Vert-e-s canton Fribourg. (2023). Rapport annuel 2022. Consulté le 20 avril 2026, sur https://verts-fr.ch/wp-content/uploads/sites/8/2023/06/Rapport-annuel-incl_PP_bilan_2022.pdf
source_comment: ",year,2022-07-01T00:00:00,,
340,239,116296,actual,,"page_number_string: 
notes: 
source_full_citation: Vert-e-s canton Fribourg. (2024). Rapport annuel 2023. Consulté le 20 avril 2026, sur https://verts-fr.ch/wp-content/uploads/sites/8/2024/05/Rapport_annuel_2023_incl_rapport_finances.pdf
source_comment: ",year,2022-07-01T00:00:00,,
341,239,133500,budgeted,,"page_number_string: 
notes: 
source_full_citation: Vert-e-s canton Fribourg. (2024). Rapport annuel 2023. Consulté le 20 avril 2026, sur https://verts-fr.ch/wp-content/uploads/sites/8/2024/05/Rapport_annuel_2023_incl_rapport_finances.pdf
source_comment: ",year,2023-07-01T00:00:00,,
342,239,140686,actual,,"page_number_string: 
notes: 
source_full_citation: Vert-e-s canton Fribourg. (2024). Rapport annuel 2023. Consulté le 20 avril 2026, sur https://verts-fr.ch/wp-content/uploads/sites/8/2024/05/Rapport_annuel_2023_incl_rapport_finances.pdf
source_comment: ",year,2023-07-01T00:00:00,,
343,239,92200,budgeted,,"page_number_string: 
notes: 
source_full_citation: Vert-e-s canton Fribourg. (2025). Rapport d'activités 2024. Consulté le 20 avril 2026, sur https://verts-fr.ch/wp-content/uploads/sites/8/2025/05/Rapport_V_JV_2024.pdf
source_comment: ",year,2024-07-01T00:00:00,,
344,239,82347,actual,,"page_number_string: 
notes: 
source_full_citation: Vert-e-s canton Fribourg. (2025). Rapport d'activités 2024. Consulté le 20 avril 2026, sur https://verts-fr.ch/wp-content/uploads/sites/8/2025/05/Rapport_V_JV_2024.pdf
source_comment: ",year,2024-07-01T00:00:00,,
345,239,112300,budgeted,,"page_number_string: 
notes: 
source_full_citation: Vert-e-s canton Fribourg. (2025). Rapport d'activités 2024. Consulté le 20 avril 2026, sur https://verts-fr.ch/wp-content/uploads/sites/8/2025/05/Rapport_V_JV_2024.pdf
source_comment: ",year,2025-07-01T00:00:00,,
346,249,35000,actual,"note_translations: languages_code: de-CH
note: Ausgaben in einem Wahljahr.","page_number_string: 355
notes: 
source_full_citation: Ladner, A. & Brändle, M. (2001). Die Schweizer Parteien im Wandel: Von Mitgliederparteien zu professionalisierten Wählerorganisationen? Seismo Verlag.
source_comment: ",multiyear,1995-01-01T12:00:00,,
347,249,20000,actual,"note_translations: languages_code: de-CH
note: Ausgaben in einem Jahr ohne Wahlen.","page_number_string: 355
notes: 
source_full_citation: Ladner, A. & Brändle, M. (2001). Die Schweizer Parteien im Wandel: Von Mitgliederparteien zu professionalisierten Wählerorganisationen? Seismo Verlag.
source_comment: ",multiyear,1996-01-01T12:00:00,,
348,251,435000,actual,"note_translations: languages_code: de-CH
note: Ausgaben in einem Wahljahr.","page_number_string: 356
notes: 
source_full_citation: Ladner, A. & Brändle, M. (2001). Die Schweizer Parteien im Wandel: Von Mitgliederparteien zu professionalisierten Wählerorganisationen? Seismo Verlag.
source_comment: ",multiyear,1995-01-01T12:00:00,,
349,251,230000,actual,"note_translations: languages_code: de-CH
note: Ausgaben in einem Jahr ohne Wahlen.","page_number_string: 356
notes: 
source_full_citation: Ladner, A. & Brändle, M. (2001). Die Schweizer Parteien im Wandel: Von Mitgliederparteien zu professionalisierten Wählerorganisationen? Seismo Verlag.
source_comment: ",multiyear,1996-01-01T12:00:00,,
350,253,500000,actual,"note_translations: languages_code: de-CH
note: Ausgaben in einem Wahljahr.","page_number_string: 353
notes: 
source_full_citation: Ladner, A. & Brändle, M. (2001). Die Schweizer Parteien im Wandel: Von Mitgliederparteien zu professionalisierten Wählerorganisationen? Seismo Verlag.
source_comment: ",multiyear,1995-01-01T12:00:00,,
351,253,300000,actual,"note_translations: languages_code: de-CH
note: Ausgaben in einem Jahr ohne Wahlen.","page_number_string: 353
notes: 
source_full_citation: Ladner, A. & Brändle, M. (2001). Die Schweizer Parteien im Wandel: Von Mitgliederparteien zu professionalisierten Wählerorganisationen? Seismo Verlag.
source_comment: ",multiyear,1996-01-01T12:00:00,,
352,254,350000,actual,"note_translations: languages_code: de-CH
note: Ausgaben in einem Wahljahr.","page_number_string: 354
notes: 
source_full_citation: Ladner, A. & Brändle, M. (2001). Die Schweizer Parteien im Wandel: Von Mitgliederparteien zu professionalisierten Wählerorganisationen? Seismo Verlag.
source_comment: ",multiyear,1995-01-01T12:00:00,,
353,254,200000,actual,"note_translations: languages_code: de-CH
note: Ausgaben in einem Jahr ohne Wahlen.","page_number_string: 354
notes: 
source_full_citation: Ladner, A. & Brändle, M. (2001). Die Schweizer Parteien im Wandel: Von Mitgliederparteien zu professionalisierten Wählerorganisationen? Seismo Verlag.
source_comment: ",multiyear,1996-01-01T12:00:00,,
354,256,30490,actual,,"page_number_string: 
notes: 
source_full_citation: Grüne Kanton Solothurn. (2013). Grüne Höhepunkte - Jahresbericht des Co-Präsidiums. Abgerufen am 21. April 2026 von https://gruene-so.ch/wp-content/uploads/sites/2/2015/07/65aea_jahresbericht_13-def.pdf
source_comment: ",year,2013-07-01T12:00:00,,
355,265,75000,actual,"note_translations: languages_code: de-CH
note: Ausgaben in einem Wahljahr.","page_number_string: 355
notes: 
source_full_citation: Ladner, A. & Brändle, M. (2001). Die Schweizer Parteien im Wandel: Von Mitgliederparteien zu professionalisierten Wählerorganisationen? Seismo Verlag.
source_comment: ",multiyear,1995-01-01T12:00:00,,
356,265,57000,actual,"note_translations: languages_code: de-CH
note: Ausgaben in einem Jahr ohne Wahlen.","page_number_string: 355
notes: 
source_full_citation: Ladner, A. & Brändle, M. (2001). Die Schweizer Parteien im Wandel: Von Mitgliederparteien zu professionalisierten Wählerorganisationen? Seismo Verlag.
source_comment: ",multiyear,1996-01-01T12:00:00,,
357,266,4161,actual,,"page_number_string: 470
notes: 
source_full_citation: Joos, E. (1975). Parteien und Presse im Kanton Schaffhausen [Dissertation Universität Zürich].
source_comment: ",year,1944-07-01T12:00:00,,
358,266,110000,actual,"note_translations: languages_code: de-CH
note: Ausgaben in einem Wahljahr.","page_number_string: 356
notes: 
source_full_citation: Ladner, A. & Brändle, M. (2001). Die Schweizer Parteien im Wandel: Von Mitgliederparteien zu professionalisierten Wählerorganisationen? Seismo Verlag.
source_comment: ",year,1995-01-01T12:00:00,,
359,266,50000,actual,"note_translations: languages_code: de-CH
note: Ausgaben in einem Jahr ohne Wahlen.","page_number_string: 356
notes: 
source_full_citation: Ladner, A. & Brändle, M. (2001). Die Schweizer Parteien im Wandel: Von Mitgliederparteien zu professionalisierten Wählerorganisationen? Seismo Verlag.
source_comment: ",multiyear,1996-01-01T12:00:00,,
360,269,70000,actual,,"page_number_string: 353
notes: 
source_full_citation: Ladner, A. & Brändle, M. (2001). Die Schweizer Parteien im Wandel: Von Mitgliederparteien zu professionalisierten Wählerorganisationen? Seismo Verlag.
source_comment: ",multiyear,1995-01-01T12:00:00,,
361,269,30000,actual,,"page_number_string: 353
notes: 
source_full_citation: Ladner, A. & Brändle, M. (2001). Die Schweizer Parteien im Wandel: Von Mitgliederparteien zu professionalisierten Wählerorganisationen? Seismo Verlag.
source_comment: ",multiyear,1996-01-01T12:00:00,,
362,265,150000,actual,"note_translations: languages_code: de-CH
note: Ausgaben in letztem kantonalen Wahljahr.","page_number_string: 30
notes: 
source_full_citation: Förster, S. (2004). Das politische System des Kantons Schaffhausen, Akteure, Institutionen und Entscheidungsprozesse in einem Kleingliedstaat [Dissertation Technische Hochschule Aachen].
source_comment: ",multiyear,2003-01-01T12:00:00,,
363,265,62000,actual,"note_translations: languages_code: de-CH
note: Ausgaben in einem Jahr ohne Wahlen.","page_number_string: 30
notes: 
source_full_citation: Förster, S. (2004). Das politische System des Kantons Schaffhausen, Akteure, Institutionen und Entscheidungsprozesse in einem Kleingliedstaat [Dissertation Technische Hochschule Aachen].
source_comment: ",multiyear,2003-01-01T12:00:00,,
364,269,100000,actual,"note_translations: languages_code: de-CH
note: Ausgaben in letztem kantonalen Wahljahr.","page_number_string: 30
notes: 
source_full_citation: Förster, S. (2004). Das politische System des Kantons Schaffhausen, Akteure, Institutionen und Entscheidungsprozesse in einem Kleingliedstaat [Dissertation Technische Hochschule Aachen].
source_comment: ",multiyear,2003-01-01T12:00:00,,
365,269,100000,actual,"note_translations: languages_code: de-CH
note: Ausgaben in einem Jahr ohne Wahlen.","page_number_string: 30
notes: 
source_full_citation: Förster, S. (2004). Das politische System des Kantons Schaffhausen, Akteure, Institutionen und Entscheidungsprozesse in einem Kleingliedstaat [Dissertation Technische Hochschule Aachen].
source_comment: ",multiyear,2003-01-01T12:00:00,,
366,266,90000,actual,"note_translations: languages_code: de-CH
note: Ausgaben in einem Jahr ohne Wahlen.","page_number_string: 30
notes: 
source_full_citation: Förster, S. (2004). Das politische System des Kantons Schaffhausen, Akteure, Institutionen und Entscheidungsprozesse in einem Kleingliedstaat [Dissertation Technische Hochschule Aachen].
source_comment: ",multiyear,2003-01-01T12:00:00,,
367,266,230000,actual,"note_translations: languages_code: de-CH
note: Ausgaben in letztem kantonalen Wahljahr.","page_number_string: 30
notes: 
source_full_citation: Förster, S. (2004). Das politische System des Kantons Schaffhausen, Akteure, Institutionen und Entscheidungsprozesse in einem Kleingliedstaat [Dissertation Technische Hochschule Aachen].
source_comment: ",multiyear,2003-01-01T12:00:00,,
368,273,5000,actual,"note_translations: languages_code: de-CH
note: Ausgaben in einem Jahr ohne Wahlen.","page_number_string: 30
notes: 
source_full_citation: Förster, S. (2004). Das politische System des Kantons Schaffhausen, Akteure, Institutionen und Entscheidungsprozesse in einem Kleingliedstaat [Dissertation Technische Hochschule Aachen].
source_comment: ",multiyear,2003-01-01T12:00:00,,
369,273,35000,actual,"note_translations: languages_code: de-CH
note: Ausgaben in letztem kantonalen Wahljahr.","page_number_string: 30
notes: 
source_full_citation: Förster, S. (2004). Das politische System des Kantons Schaffhausen, Akteure, Institutionen und Entscheidungsprozesse in einem Kleingliedstaat [Dissertation Technische Hochschule Aachen].
source_comment: ",multiyear,2003-01-01T12:00:00,,
370,271,30000,actual,"note_translations: languages_code: de-CH
note: Ausgaben in letztem kantonalen Wahljahr.","page_number_string: 30
notes: 
source_full_citation: Förster, S. (2004). Das politische System des Kantons Schaffhausen, Akteure, Institutionen und Entscheidungsprozesse in einem Kleingliedstaat [Dissertation Technische Hochschule Aachen].
source_comment: ",multiyear,2003-01-01T12:00:00,,
371,277,5000,actual,"note_translations: languages_code: de-CH
note: Ausgaben in einem Jahr ohne Wahlen.","page_number_string: 30
notes: 
source_full_citation: Förster, S. (2004). Das politische System des Kantons Schaffhausen, Akteure, Institutionen und Entscheidungsprozesse in einem Kleingliedstaat [Dissertation Technische Hochschule Aachen].
source_comment: ",multiyear,2003-01-01T12:00:00,,
372,277,15000,actual,"note_translations: languages_code: de-CH
note: Ausgaben in letztem kantonalen Wahljahr.","page_number_string: 30
notes: 
source_full_citation: Förster, S. (2004). Das politische System des Kantons Schaffhausen, Akteure, Institutionen und Entscheidungsprozesse in einem Kleingliedstaat [Dissertation Technische Hochschule Aachen].
source_comment: ",multiyear,2003-01-01T12:00:00,,
373,280,11000,actual,"note_translations: languages_code: de-CH
note: Ausgaben in einem Wahljahr.","page_number_string: 355
notes: 
source_full_citation: Ladner, A. & Brändle, M. (2001). Die Schweizer Parteien im Wandel: Von Mitgliederparteien zu professionalisierten Wählerorganisationen? Seismo Verlag.
source_comment: ",year,1997-07-01T12:00:00,,
374,283,14400,actual,,"page_number_string: 
notes: 
source_full_citation: FDP Kanton Appenzell Ausserrhoden. (1999). Portrait der Sektion Appenzell Ausserrhoden. Abgerufen am 04. Mai 2026 von https://web.archive.org/web/20001014200324/http:/www.fdp-ar.ch/
source_comment: ",year,1999-07-01T12:00:00,,
375,283,36796,actual,,"page_number_string: 
notes: 
source_full_citation: FDP.Die Liberalen Appenzell Ausserrhoden. (2019). Jahresbericht Präsidentin 2019. Abgerufen am 04. Mai 2026 von https://www.fdp-ar.ch/fileadmin/groups/199/pdf/Berichte_Parteipraesidium/2020_07_01_Jahresbericht_Praesidentin_2019.pdf
source_comment: ",year,2019-07-01T12:00:00,,
376,284,2000,actual,"note_translations: languages_code: de-CH
note: Ausgaben in einem Jahr ohne Wahlen.","page_number_string: 
notes: 
source_full_citation: Ladner, A. & Brändle, M. (2001). Die Schweizer Parteien im Wandel: Von Mitgliederparteien zu professionalisierten Wählerorganisationen? Seismo Verlag.
source_comment: ",multiyear,1996-01-01T12:00:00,,
377,287,25000,actual,"note_translations: languages_code: de-CH
note: Ausgaben in einem Jahr ohne Wahlen.","page_number_string: 355
notes: 
source_full_citation: Ladner, A. & Brändle, M. (2001). Die Schweizer Parteien im Wandel: Von Mitgliederparteien zu professionalisierten Wählerorganisationen? Seismo Verlag.
source_comment: ",multiyear,1996-01-01T12:00:00,,
378,292,3041,actual,,"page_number_string: 
notes: 
source_full_citation: SP Kanton Appenzell Innerrhoden. (2015). Jahresrechnung 01.01.2015 bis 31.12.15. Abgerufen am 15. August 2024 von https://sp-ai.ch/sites/sp-ai.ch/files/documents/sp_ai_jahresrechnung_16_0.pdf
source_comment: ",year,2015-07-01T00:00:00,,
379,292,5984,actual,,"page_number_string: 
notes: 
source_full_citation: SP Kanton Appenzell Innerrhoden. (2016). Jahresrechnung 01.01.2016 bis 31.12.16. Abgerufen am 15. August 2024 von https://sp-ai.ch/sites/sp-ai.ch/files/documents/sp_ai_jahresrechnung_16_0.pdf
source_comment: ",year,2016-07-01T00:00:00,,
380,292,3817,actual,,"page_number_string: 
notes: 
source_full_citation: SP Kanton Appenzell Innerrhoden. (2017). Jahresrechnung 01.01.2017 bis 31.12.17. Abgerufen am 15. August 2024 von https://sp-ai.ch/partei/6-ordentlicher-parteitag-am-samstag-1-september
source_comment: ",year,2017-07-01T00:00:00,,
381,292,4115,actual,,"page_number_string: 
notes: 
source_full_citation: SP Kanton Appenzell Innerrhoden. (2018). Jahresrechnung 01.01.2018 bis 31.12.18. Abgerufen am 15. August 2024 von https://sp-ai.ch/partei/7-parteitag-23-august-2019
source_comment: ",year,2018-07-01T12:00:00,,
382,292,8555,actual,,"page_number_string: 
notes: 
source_full_citation: SP Kanton Appenzell Innerrhoden. (2019). Jahresrechnung 01.01.2019 bis 31.12.19. Abgerufen am 15. August 2024 von https://sp-ai.ch/sites/sp-ai.ch/files/documents/sp_jahresrechnung_2019_0.pdf
source_comment: ",year,2019-07-01T00:00:00,,
383,292,3132,actual,,"page_number_string: 
notes: 
source_full_citation: SP Kanton Appenzell Innerrhoden. (2020). Jahresrechnung 01.01.20 bis 31.12.20. Abgerufen am 05. Mai 2026 von https://web.archive.org/web/20240527214113/https://sp-ai.ch/sites/sp-ai.ch/files/documents/sp_jahresrechnung_2020_pt_0.pdf
source_comment: ",year,2020-07-01T00:00:00,,
384,294,10000,actual,"note_translations: languages_code: de-CH
note: Ausgaben in einem Wahljahr.","page_number_string: 354
notes: 
source_full_citation: Ladner, A. & Brändle, M. (2001). Die Schweizer Parteien im Wandel: Von Mitgliederparteien zu professionalisierten Wählerorganisationen? Seismo Verlag.
source_comment: ",multiyear,1995-01-01T12:00:00,,
385,294,10000,actual,"note_translations: languages_code: de-CH
note: Ausgaben in einem Jahr ohne Wahlen.","page_number_string: 354
notes: 
source_full_citation: Ladner, A. & Brändle, M. (2001). Die Schweizer Parteien im Wandel: Von Mitgliederparteien zu professionalisierten Wählerorganisationen? Seismo Verlag.
source_comment: ",multiyear,1996-01-01T12:00:00,,
386,1,300000,actual,,"page_number_string: 11
notes: 
source_full_citation: Ladner, A. & Brändle, M. (1999b). Parteienförderung in der Schweiz: Analysen und Vorschläge. Schlussbericht. Institut für Politikwissenschaft der Universität Bern.
source_comment: ",year,1968-07-01T00:00:00,,
387,1,235000,actual,,"page_number_string: 11
notes: 
source_full_citation: Ladner, A. & Brändle, M. (1999b). Parteienförderung in der Schweiz: Analysen und Vorschläge. Schlussbericht. Institut für Politikwissenschaft der Universität Bern.
source_comment: ",year,1975-07-01T00:00:00,,
388,1,800000,actual,,"page_number_string: 126
notes: 
source_full_citation: Vatter, A. (2024). Das politische System der Schweiz (5. Auflage). Nomos.
source_comment: ",year,1977-07-01T00:00:00,,
389,1,250000,actual,,"page_number_string: 61
notes: 
source_full_citation: Tschäni, H. (1979). Parteien, Programme, Parolen. Sauerländer & Ex-Libris-Verlag.
source_comment: ",year,1979-07-01T00:00:00,,
390,1,475000,actual,,"page_number_string: 11
notes: 
source_full_citation: Ladner, A. & Brändle, M. (1999b). Parteienförderung in der Schweiz: Analysen und Vorschläge. Schlussbericht. Institut für Politikwissenschaft der Universität Bern.
source_comment: ",year,1984-07-01T00:00:00,,
391,1,900000,actual,,"page_number_string: 11
notes: 
source_full_citation: Ladner, A. & Brändle, M. (1999b). Parteienförderung in der Schweiz: Analysen und Vorschläge. Schlussbericht. Institut für Politikwissenschaft der Universität Bern.
source_comment: ",year,1989-07-01T00:00:00,,
392,1,1300000,actual,,"page_number_string: 11
notes: 
source_full_citation: Ladner, A. & Brändle, M. (1999b). Parteienförderung in der Schweiz: Analysen und Vorschläge. Schlussbericht. Institut für Politikwissenschaft der Universität Bern.
source_comment: ",year,1995-07-01T00:00:00,,
393,1,1600000,actual,,"page_number_string: 80
notes: 
source_full_citation: Gunzinger, M. (2008). Analyse comparative des ressources financières des partis politiques suisses. Cahier de l'IDHEAP 240. Institut de hautes études en administration publique, Lausanne.
source_comment: ",year,1995-07-01T00:00:00,,
394,1,1350000,actual,,"page_number_string: 80
notes: 
source_full_citation: Gunzinger, M. (2008). Analyse comparative des ressources financières des partis politiques suisses. Cahier de l'IDHEAP 240. Institut de hautes études en administration publique, Lausanne.
source_comment: ",year,1996-07-01T00:00:00,,
395,1,1400000,actual,,"page_number_string: 135
notes: 
source_full_citation: Ladner, A. & Brändle, M. (2001). Die Schweizer Parteien im Wandel: Von Mitgliederparteien zu professionalisierten Wählerorganisationen? Seismo Verlag.
source_comment: ",year,1999-07-01T00:00:00,,
396,1,2400000,actual,,"page_number_string: 80
notes: 
source_full_citation: Gunzinger, M. (2008). Analyse comparative des ressources financières des partis politiques suisses. Cahier de l'IDHEAP 240. Institut de hautes études en administration publique, Lausanne.
source_comment: ",year,2003-07-01T00:00:00,,
397,1,2000000,actual,,"page_number_string: 80
notes: 
source_full_citation: Gunzinger, M. (2008). Analyse comparative des ressources financières des partis politiques suisses. Cahier de l'IDHEAP 240. Institut de hautes études en administration publique, Lausanne.
source_comment: ",year,2006-07-01T00:00:00,,
398,1,6100000,actual,,"page_number_string: 126
notes: 
source_full_citation: Vatter, A. (2024). Das politische System der Schweiz (5. Auflage). Nomos.
source_comment: ",year,2007-07-01T00:00:00,,
399,1,5558938,actual,,"page_number_string: 
notes: 
source_full_citation: SVP Schweiz. (2017). Rechnung 2016 / Budget 2017. Abgerufen am 05. Mai 2026 von https://www.svp.ch/
source_comment: ",year,2011-07-01T00:00:00,,
400,1,12400000,actual,,"page_number_string: 126
notes: 
source_full_citation: Vatter, A. (2024). Das politische System der Schweiz (5. Auflage). Nomos.
source_comment: ",year,2011-07-01T00:00:00,,
401,1,3482927,actual,,"page_number_string: 
notes: 
source_full_citation: SVP Schweiz. (2017). Rechnung 2016 / Budget 2017. Abgerufen am 05. Mai 2026 von https://www.svp.ch/
source_comment: ",year,2012-07-01T00:00:00,,
402,1,3653105,actual,,"page_number_string: 
notes: 
source_full_citation: SVP Schweiz. (2017). Rechnung 2016 / Budget 2017. Abgerufen am 05. Mai 2026 von https://www.svp.ch/
source_comment: ",year,2013-07-01T00:00:00,,
403,1,3518735,actual,,"page_number_string: 
notes: 
source_full_citation: SVP Schweiz. (2017). Rechnung 2016 / Budget 2017. Abgerufen am 05. Mai 2026 von https://www.svp.ch/
source_comment: ",year,2014-07-01T00:00:00,,
404,1,5672775,actual,,"page_number_string: 
notes: 
source_full_citation: SVP Schweiz. (2017). Rechnung 2016 / Budget 2017. Abgerufen am 05. Mai 2026 von https://www.svp.ch/
source_comment: ",year,2015-07-01T00:00:00,,
405,1,5298000,budgeted,,"page_number_string: 
notes: 
source_full_citation: SVP Schweiz. (2017). Rechnung 2016 / Budget 2017. Abgerufen am 05. Mai 2026 von https://www.svp.ch/
source_comment: ",year,2015-07-01T00:00:00,,
406,1,10600000,actual,,"page_number_string: 126
notes: 
source_full_citation: Vatter, A. (2024). Das politische System der Schweiz (5. Auflage). Nomos.
source_comment: ",year,2015-07-01T00:00:00,,
407,1,3384435,actual,,"page_number_string: 
notes: 
source_full_citation: SVP Schweiz. (2017). Rechnung 2016 / Budget 2017. Abgerufen am 05. Mai 2026 von https://www.svp.ch/
source_comment: ",year,2016-07-01T00:00:00,,
408,1,3818000,budgeted,,"page_number_string: 
notes: 
source_full_citation: SVP Schweiz. (2017). Rechnung 2016 / Budget 2017. Abgerufen am 05. Mai 2026 von https://www.svp.ch/
source_comment: ",year,2016-07-01T00:00:00,,
409,1,4359067,actual,,"page_number_string: 
notes: 
source_full_citation: SVP Schweiz. (2021). Rechnung 2020 / Budget 2021. Abgerufen am 05. Mai 2026 von https://www.svp.ch/
source_comment: ",year,2017-07-01T00:00:00,,
410,1,3635000,budgeted,,"page_number_string: 
notes: 
source_full_citation: SVP Schweiz. (2017). Rechnung 2016 / Budget 2017. Abgerufen am 05. Mai 2026 von https://www.svp.ch/
source_comment: ",year,2017-07-01T00:00:00,,
411,1,4209403,actual,,"page_number_string: 
notes: 
source_full_citation: SVP Schweiz. (2021). Rechnung 2020 / Budget 2021. Abgerufen am 05. Mai 2026 von https://www.svp.ch/
source_comment: ",year,2018-07-01T12:00:00,,
412,1,4990139,actual,,"page_number_string: 
notes: 
source_full_citation: SVP Schweiz. (2021). Rechnung 2020 / Budget 2021. Abgerufen am 05. Mai 2026 von https://www.svp.ch/
source_comment: ",year,2019-07-01T00:00:00,,
413,1,10000000,actual,,"page_number_string: 126
notes: 
source_full_citation: Vatter, A. (2024). Das politische System der Schweiz (5. Auflage). Nomos.
source_comment: ",year,2019-07-01T00:00:00,,
414,1,4505462,actual,,"page_number_string: 
notes: 
source_full_citation: SVP Schweiz. (2021). Rechnung 2020 / Budget 2021. Abgerufen am 05. Mai 2026 von https://www.svp.ch/
source_comment: ",year,2020-07-01T00:00:00,,
415,1,3893650,budgeted,,"page_number_string: 
notes: 
source_full_citation: SVP Schweiz. (2021). Rechnung 2020 / Budget 2021. Abgerufen am 05. Mai 2026 von https://www.svp.ch/
source_comment: ",year,2020-07-01T00:00:00,,
416,1,3794700,budgeted,,"page_number_string: 
notes: 
source_full_citation: SVP Schweiz. (2021). Rechnung 2020 / Budget 2021. Abgerufen am 05. Mai 2026 von https://www.svp.ch/
source_comment: ",year,2021-07-01T00:00:00,,
417,1,11100000,budgeted,,"page_number_string: 
notes: 
source_full_citation: Swissinfo. (21. September 2023). FDP und SVP haben die grössten Wahlkampf-Budgets. Abgerufen am 05. Mai 2026 von https://www.swissinfo.ch/ger/fdp-und-svp-haben-die-groessten-wahlkampf-budgets/48829662?nab=0
source_comment: ",year,2023-07-01T00:00:00,,
418,1,12800000,actual,,"page_number_string: 126
notes: 
source_full_citation: Vatter, A. (2024). Das politische System der Schweiz (5. Auflage). Nomos.
source_comment: ",year,2023-07-01T00:00:00,,
419,298,70000,actual,"note_translations: languages_code: de-CH
note: Ausgaben in einem Wahljahr.","page_number_string: 355
notes: 
source_full_citation: Ladner, A. & Brändle, M. (2001). Die Schweizer Parteien im Wandel: Von Mitgliederparteien zu professionalisierten Wählerorganisationen? Seismo Verlag.
source_comment: ",multiyear,1995-01-01T12:00:00,,
420,298,8000,actual,"note_translations: languages_code: de-CH
note: Ausgaben in einem Jahr ohne Wahlen.","page_number_string: 355
notes: 
source_full_citation: Ladner, A. & Brändle, M. (2001). Die Schweizer Parteien im Wandel: Von Mitgliederparteien zu professionalisierten Wählerorganisationen? Seismo Verlag.
source_comment: ",multiyear,1996-01-01T12:00:00,,
421,299,677186,actual,,"page_number_string: 20
notes: 
source_full_citation: SP Kanton St. Gallen. (2017). Jahresbericht 2017 SP Kanton St. Gallen. Abgerufen am 06. Mai 2026 von https://sp-sg.ch/wp-content/uploads/2022/12/SP-Kanton-Jahresbericht-2017-4.pdf
source_comment: ",year,2016-07-01T00:00:00,,
422,299,490400,budgeted,,"page_number_string: 20
notes: 
source_full_citation: SP Kanton St. Gallen. (2017). Jahresbericht 2017 SP Kanton St. Gallen. Abgerufen am 06. Mai 2026 von https://sp-sg.ch/wp-content/uploads/2022/12/SP-Kanton-Jahresbericht-2017-4.pdf
source_comment: ",year,2017-07-01T00:00:00,,
423,299,484341,actual,,"page_number_string: 20
notes: 
source_full_citation: SP Kanton St. Gallen. (2018). Jahresbericht 2018 SP Kanton St. Gallen. Abgerufen am 06. Mai 2026 von https://sp-sg.ch/wp-content/uploads/2022/12/SP-Kanton-JB-2018-3.pdf
source_comment: ",year,2017-07-01T00:00:00,,
424,299,505100,budgeted,,"page_number_string: 20
notes: 
source_full_citation: SP Kanton St. Gallen. (2018). Jahresbericht 2018 SP Kanton St. Gallen. Abgerufen am 06. Mai 2026 von https://sp-sg.ch/wp-content/uploads/2022/12/SP-Kanton-JB-2018-3.pdf
source_comment: ",year,2018-07-01T12:00:00,,
425,299,515328,actual,,"page_number_string: 20
notes: 
source_full_citation: SP Kanton St. Gallen. (2018). Jahresbericht 2018 SP Kanton St. Gallen. Abgerufen am 06. Mai 2026 von https://sp-sg.ch/wp-content/uploads/2022/12/SP-Kanton-JB-2018-3.pdf
source_comment: ",year,2018-07-01T12:00:00,,
426,300,500000,actual,"note_translations: languages_code: de-CH
note: Ausgaben in einem Wahljahr.","page_number_string: 353
notes: 
source_full_citation: Ladner, A. & Brändle, M. (2001). Die Schweizer Parteien im Wandel: Von Mitgliederparteien zu professionalisierten Wählerorganisationen? Seismo Verlag.
source_comment: ",multiyear,1995-01-01T12:00:00,,
427,300,300000,actual,"note_translations: languages_code: de-CH
note: Ausgaben in einem Jahr ohne Wahlen.","page_number_string: 353
notes: 
source_full_citation: Ladner, A. & Brändle, M. (2001). Die Schweizer Parteien im Wandel: Von Mitgliederparteien zu professionalisierten Wählerorganisationen? Seismo Verlag.
source_comment: ",multiyear,1996-01-01T12:00:00,,
428,301,550000,actual,"note_translations: languages_code: de-CH
note: Ausgaben in einem Wahljahr.","page_number_string: 354
notes: 
source_full_citation: Ladner, A. & Brändle, M. (2001). Die Schweizer Parteien im Wandel: Von Mitgliederparteien zu professionalisierten Wählerorganisationen? Seismo Verlag.
source_comment: ",multiyear,1995-01-01T12:00:00,,
429,301,400000,actual,"note_translations: languages_code: de-CH
note: Ausgaben in einem Jahr ohne Wahlen.","page_number_string: 354
notes: 
source_full_citation: Ladner, A. & Brändle, M. (2001). Die Schweizer Parteien im Wandel: Von Mitgliederparteien zu professionalisierten Wählerorganisationen? Seismo Verlag.
source_comment: ",multiyear,1996-01-01T12:00:00,,
430,305,22504,actual,,"page_number_string: 
notes: 
source_full_citation: EVP Kanton St. Gallen. (2019). Finanzen. Abgerufen am 12. Mai 2026 von https://web.archive.org/web/20191019211714/https:/www.evp-sg.ch/partei/finanzen/
source_comment: ",year,2016-07-01T12:00:00,,
431,311,180000,actual,"note_translations: languages_code: de-CH
note: Ausgaben in einem Wahljahr.","page_number_string: 355
notes: 
source_full_citation: Ladner, A. & Brändle, M. (2001). Die Schweizer Parteien im Wandel: Von Mitgliederparteien zu professionalisierten Wählerorganisationen? Seismo Verlag.
source_comment: ",multiyear,1995-01-01T12:00:00,,
432,311,100000,actual,"note_translations: languages_code: de-CH
note: Ausgaben in einem Jahr ohne Wahlen.","page_number_string: 355
notes: 
source_full_citation: Ladner, A. & Brändle, M. (2001). Die Schweizer Parteien im Wandel: Von Mitgliederparteien zu professionalisierten Wählerorganisationen? Seismo Verlag.
source_comment: ",multiyear,1996-01-01T12:00:00,,
433,300,25000,budgeted,,"page_number_string: 57
notes: 
source_full_citation: Habicht, H.-M. (1982). Wandel im Demokratieverständnis. 1891 bis 1911: Kämpfe um das Wahlsystem. In Freisinnig-Demokratische Partei (FDP) des Kantons St. Gallen (Hrsg.), Vom liberalen Verein zur modernen FDP - Geschichte des St. Galler Freisinns 1857 - 1982, S. 45-60. Buchdruckerei Flawil.
source_comment: ",year,1937-07-01T12:00:00,,
434,300,200000,budgeted,,"page_number_string: 57
notes: 
source_full_citation: Habicht, H.-M. (1982). Wandel im Demokratieverständnis. 1891 bis 1911: Kämpfe um das Wahlsystem. In Freisinnig-Demokratische Partei (FDP) des Kantons St. Gallen (Hrsg.), Vom liberalen Verein zur modernen FDP - Geschichte des St. Galler Freisinns 1857 - 1982, S. 45-60. Buchdruckerei Flawil.
source_comment: ",year,1975-07-01T12:00:00,,
435,317,184481,actual,,"page_number_string: 
notes: 
source_full_citation: SP Kanton Graubünden. (2016). SP Graubünden - Budget 2016. Abgerufen am 18. Mai 2026 von https://web.archive.org/web/20171023104445/http://www.sp-gr.ch/wp-content/uploads/2016/01/Budget_2016_def.pdf
source_comment: ",year,2013-07-01T12:00:00,,
436,317,222108,actual,,"page_number_string: 
notes: 
source_full_citation: SP Kanton Graubünden. (2016). SP Graubünden - Budget 2016. Abgerufen am 18. Mai 2026 von https://web.archive.org/web/20171023104445/http://www.sp-gr.ch/wp-content/uploads/2016/01/Budget_2016_def.pdf
source_comment: ",year,2014-07-01T12:00:00,,
437,317,220600,budgeted,,"page_number_string: 
notes: 
source_full_citation: SP Kanton Graubünden. (2016). SP Graubünden - Budget 2016. Abgerufen am 18. Mai 2026 von https://web.archive.org/web/20171023104445/http://www.sp-gr.ch/wp-content/uploads/2016/01/Budget_2016_def.pdf
source_comment: ",year,2015-07-01T12:00:00,,
438,317,154200,budgeted,,"page_number_string: 
notes: 
source_full_citation: SP Kanton Graubünden. (2016). SP Graubünden - Budget 2016. Abgerufen am 18. Mai 2026 von https://web.archive.org/web/20171023104445/http://www.sp-gr.ch/wp-content/uploads/2016/01/Budget_2016_def.pdf
source_comment: ",year,2016-07-01T12:00:00,,
439,317,315799,actual,,"page_number_string: 
notes: 
source_full_citation: SP Kanton Graubünden. (2019). Rechnung 2018 der SP Graubünden. Abgerufen am 18. Mai 2026 von https://web.archive.org/web/20191016122731/http:/www.sp-gr.ch/wp-content/uploads/2019/08/Rechnung_2018_Web.pdf
source_comment: ",year,2018-07-01T12:00:00,,
440,317,174900,budgeted,,"page_number_string: 
notes: 
source_full_citation: SP Kanton Graubünden. (2019). Budget 2019 der SP Graubünden. Abgerufen am 18. Mai 2026 von https://web.archive.org/web/20191016122733/http://www.sp-gr.ch/wp-content/uploads/2019/08/Budget2019_Web.pdf
source_comment: ",year,2019-07-01T12:00:00,,
441,318,180000,actual,"note_translations: languages_code: de-CH
note: Ausgaben in einem Wahljahr.","page_number_string: 353
notes: 
source_full_citation: Ladner, A. & Brändle, M. (2001). Die Schweizer Parteien im Wandel: Von Mitgliederparteien zu professionalisierten Wählerorganisationen? Seismo Verlag.
source_comment: ",multiyear,1995-01-01T12:00:00,,
442,318,100000,actual,"note_translations: languages_code: de-CH
note: Ausgaben in einem Jahr ohne Wahlen.","page_number_string: 353
notes: 
source_full_citation: Ladner, A. & Brändle, M. (2001). Die Schweizer Parteien im Wandel: Von Mitgliederparteien zu professionalisierten Wählerorganisationen? Seismo Verlag.
source_comment: ",multiyear,1996-01-01T12:00:00,,
443,320,250000,actual,"note_translations: languages_code: de-CH
note: Ausgaben in einem Wahljahr.","page_number_string: 354
notes: 
source_full_citation: Ladner, A. & Brändle, M. (2001). Die Schweizer Parteien im Wandel: Von Mitgliederparteien zu professionalisierten Wählerorganisationen? Seismo Verlag.
source_comment: ",multiyear,1995-01-01T12:00:00,,
444,320,80000,actual,"note_translations: languages_code: de-CH
note: Ausgaben in einem Jahr ohne Wahlen.","page_number_string: 354
notes: 
source_full_citation: Ladner, A. & Brändle, M. (2001). Die Schweizer Parteien im Wandel: Von Mitgliederparteien zu professionalisierten Wählerorganisationen? Seismo Verlag.
source_comment: ",multiyear,1996-01-01T12:00:00,,
445,328,250000,actual,"note_translations: languages_code: de-CH
note: Ausgaben in einem Wahljahr.","page_number_string: 355
notes: 
source_full_citation: Ladner, A. & Brändle, M. (2001). Die Schweizer Parteien im Wandel: Von Mitgliederparteien zu professionalisierten Wählerorganisationen? Seismo Verlag.
source_comment: ",multiyear,1995-01-01T12:00:00,,
446,328,150000,actual,"note_translations: languages_code: de-CH
note: Ausgaben in einem Jahr ohne Wahlen.","page_number_string: 355
notes: 
source_full_citation: Ladner, A. & Brändle, M. (2001). Die Schweizer Parteien im Wandel: Von Mitgliederparteien zu professionalisierten Wählerorganisationen? Seismo Verlag.
source_comment: ",multiyear,1996-01-01T12:00:00,,
447,329,630000,actual,"note_translations: languages_code: de-CH
note: Ausgaben in einem Wahljahr.","page_number_string: 356
notes: 
source_full_citation: Ladner, A. & Brändle, M. (2001). Die Schweizer Parteien im Wandel: Von Mitgliederparteien zu professionalisierten Wählerorganisationen? Seismo Verlag.
source_comment: ",multiyear,1995-01-01T12:00:00,,
448,329,570000,actual,"note_translations: languages_code: de-CH
note: Ausgaben in einem Jahr ohne Wahlen.","page_number_string: 356
notes: 
source_full_citation: Ladner, A. & Brändle, M. (2001). Die Schweizer Parteien im Wandel: Von Mitgliederparteien zu professionalisierten Wählerorganisationen? Seismo Verlag.
source_comment: ",multiyear,1996-01-01T12:00:00,,
449,329,675846,actual,,"page_number_string: 
notes: 
source_full_citation: SP Kanton Aargau. (2009). Jahresbericht 2009 der Sozialdemokratischen Partei des Kantons Aargau. Abgerufen am 20. Mai 2026 von https://sp-aargau.ch/wp-content/uploads/2023/03/09_jahresberich_SP_AG-1.pdf
source_comment: ",year,2009-07-01T00:00:00,,
450,329,638306,actual,,"page_number_string: 
notes: 
source_full_citation: SP Kanton Aargau. (2010). Jahresbericht 2010 der Sozialdemokratischen Partei des Kantons Aargau. Abgerufen am 20. Mai 2026 von https://sp-aargau.ch/wp-content/uploads/2023/03/Jahresbericht_SP_Aargau_2010-1.pdf
source_comment: ",year,2010-07-01T00:00:00,,
451,329,761799,actual,,"page_number_string: 
notes: 
source_full_citation: SP Kanton Aargau. (2011). Jahresbericht 2011 der Sozialdemokratischen Partei des Kantons Aargau. Abgerufen am 20. Mai 2026 von https://sp-aargau.ch/wp-content/uploads/2023/03/120607_JB_SPAG2011_Inhalt_defklein-1.pdf
source_comment: ",year,2011-07-01T00:00:00,,
452,329,789256,actual,,"page_number_string: 
notes: 
source_full_citation: SP Kanton Aargau. (2012). Jahresbericht 2012 der Sozialdemokratischen Partei des Kantons Aargau. Abgerufen am 20. Mai 2026 von https://sp-aargau.ch/wp-content/uploads/2023/03/Geschaeftsbericht_2012_SP_Aargau_2_klein-1.pdf
source_comment: ",year,2012-07-01T00:00:00,,
453,329,646669,actual,,"page_number_string: 
notes: 
source_full_citation: SP Kanton Aargau. (2013). Jahresbericht 2013 der Sozialdemokratischen Partei des Kantons Aargau. Abgerufen am 20. Mai 2026 von https://sp-aargau.ch/wp-content/uploads/2023/03/Geschaeftsbericht_2013_SP_Aargauklein-1.pdf
source_comment: ",year,2013-07-01T00:00:00,,
454,329,532158,actual,,"page_number_string: 
notes: 
source_full_citation: SP Kanton Aargau. (2014). Jahresbericht 2014 der Sozialdemokratischen Partei des Kantons Aargau. Abgerufen am 20. Mai 2026 von https://sp-aargau.ch/wp-content/uploads/2023/03/Geschaeftsbericht_2014_SP_Aargau-1.pdf
source_comment: ",year,2014-07-01T00:00:00,,
455,330,450000,actual,"note_translations: languages_code: de-CH
note: Ausgaben in einem Wahljahr.","page_number_string: 353
notes: 
source_full_citation: Ladner, A. & Brändle, M. (2001). Die Schweizer Parteien im Wandel: Von Mitgliederparteien zu professionalisierten Wählerorganisationen? Seismo Verlag.
source_comment: ",multiyear,1995-01-01T12:00:00,,
456,330,275000,actual,"note_translations: languages_code: de-CH
note: Ausgaben in einem Jahr ohne Wahlen.","page_number_string: 353
notes: 
source_full_citation: Ladner, A. & Brändle, M. (2001). Die Schweizer Parteien im Wandel: Von Mitgliederparteien zu professionalisierten Wählerorganisationen? Seismo Verlag.
source_comment: ",multiyear,1996-01-01T12:00:00,,
457,332,350000,actual,"note_translations: languages_code: de-CH
note: Ausgaben in einem Wahljahr.","page_number_string: 354
notes: 
source_full_citation: Ladner, A. & Brändle, M. (2001). Die Schweizer Parteien im Wandel: Von Mitgliederparteien zu professionalisierten Wählerorganisationen? Seismo Verlag.
source_comment: ",multiyear,1995-01-01T12:00:00,,
458,332,270000,actual,"note_translations: languages_code: de-CH
note: Ausgaben in einem Jahr ohne Wahlen.","page_number_string: 354
notes: 
source_full_citation: Ladner, A. & Brändle, M. (2001). Die Schweizer Parteien im Wandel: Von Mitgliederparteien zu professionalisierten Wählerorganisationen? Seismo Verlag.
source_comment: ",multiyear,1996-01-01T12:00:00,,
459,337,25000,budgeted,"note_translations: languages_code: de-CH
note: Wahlkampfbudget 2001","page_number_string: 
notes: 
source_full_citation: atp. (13. Februar 2001). EDU - Neuling im Rat. Aargauer Zeitung. Abgerufen am 20. Mai 2026 von https://essentials.swissdox.ch
source_comment: ",year,2001-07-01T12:00:00,,
460,340,100000,actual,"note_translations: languages_code: de-CH
note: Ausgaben in einem Wahljahr.","page_number_string: 355
notes: 
source_full_citation: Ladner, A. & Brändle, M. (2001). Die Schweizer Parteien im Wandel: Von Mitgliederparteien zu professionalisierten Wählerorganisationen? Seismo Verlag.
source_comment: ",multiyear,1995-01-01T12:00:00,,
461,340,30000,actual,"note_translations: languages_code: de-CH
note: Ausgaben in einem Jahr ohne Wahlen.","page_number_string: 355
notes: 
source_full_citation: Ladner, A. & Brändle, M. (2001). Die Schweizer Parteien im Wandel: Von Mitgliederparteien zu professionalisierten Wählerorganisationen? Seismo Verlag.
source_comment: ",multiyear,1996-01-01T12:00:00,,
462,341,200000,actual,"note_translations: languages_code: de-CH
note: Ausgaben in einem Wahljahr.","page_number_string: 356
notes: 
source_full_citation: Ladner, A. & Brändle, M. (2001). Die Schweizer Parteien im Wandel: Von Mitgliederparteien zu professionalisierten Wählerorganisationen? Seismo Verlag.
source_comment: ",multiyear,1995-01-01T12:00:00,,
463,341,100000,actual,"note_translations: languages_code: de-CH
note: Ausgaben in einem Jahr ohne Wahlen.","page_number_string: 356
notes: 
source_full_citation: Ladner, A. & Brändle, M. (2001). Die Schweizer Parteien im Wandel: Von Mitgliederparteien zu professionalisierten Wählerorganisationen? Seismo Verlag.
source_comment: ",multiyear,1996-01-01T12:00:00,,
464,344,100000,actual,"note_translations: languages_code: de-CH
note: Ausgaben in einem Wahljahr.","page_number_string: 354
notes: 
source_full_citation: Ladner, A. & Brändle, M. (2001). Die Schweizer Parteien im Wandel: Von Mitgliederparteien zu professionalisierten Wählerorganisationen? Seismo Verlag.
source_comment: ",multiyear,1995-01-01T12:00:00,,
465,344,65000,actual,"note_translations: languages_code: de-CH
note: Ausgaben in einem Jahr ohne Wahlen.","page_number_string: 354
notes: 
source_full_citation: Ladner, A. & Brändle, M. (2001). Die Schweizer Parteien im Wandel: Von Mitgliederparteien zu professionalisierten Wählerorganisationen? Seismo Verlag.
source_comment: ",multiyear,1996-01-01T12:00:00,,
466,347,127542,actual,,"page_number_string: 
notes: 
source_full_citation: Grüne Kanton Thurgau. (2016). Erfolgsrechnung 2016 Grüne Partei Thurgau. Abgerufen am 26. Mai 2026 von https://gruene-tg.ch/wp-content/uploads/2021/02/GPTG_Rechnung16_Budget17-Web.pdf
source_comment: ",year,2015-07-01T00:00:00,,
467,347,86150,budgeted,,"page_number_string: 
notes: 
source_full_citation: Grüne Kanton Thurgau. (2016). Erfolgsrechnung 2016 Grüne Partei Thurgau. Abgerufen am 26. Mai 2026 von https://gruene-tg.ch/wp-content/uploads/2021/02/GPTG_Rechnung16_Budget17-Web.pdf
source_comment: ",year,2016-07-01T00:00:00,,
468,347,106926,actual,,"page_number_string: 
notes: 
source_full_citation: Grüne Kanton Thurgau. (2016). Erfolgsrechnung 2016 Grüne Partei Thurgau. Abgerufen am 26. Mai 2026 von https://gruene-tg.ch/wp-content/uploads/2021/02/GPTG_Rechnung16_Budget17-Web.pdf
source_comment: ",year,2016-07-01T00:00:00,,
469,347,60235,budgeted,,"page_number_string: 
notes: 
source_full_citation: Grüne Kanton Thurgau. (2016). Erfolgsrechnung 2016 Grüne Partei Thurgau. Abgerufen am 26. Mai 2026 von https://gruene-tg.ch/wp-content/uploads/2021/02/GPTG_Rechnung16_Budget17-Web.pdf
source_comment: ",year,2017-07-01T00:00:00,,
470,347,63026,actual,,"page_number_string: 
notes: 
source_full_citation: Grüne Kanton Thurgau. (2018). Erfolgsrechnung 2017 und Budget 2018 Grüne Partei Thurgau. Abgerufen am 26. Mai 2026 von https://gruene-tg.ch/wp-content/uploads/2021/02/GPTG_Rechnung17_Budget18.pdf
source_comment: ",year,2017-07-01T00:00:00,,
471,347,80650,budgeted,,"page_number_string: 
notes: 
source_full_citation: Grüne Kanton Thurgau. (2019). Bilanz per 31.12.2018 Grüne Partei Thurgau. Abgerufen am 26. Mai 2026 von https://gruene-tg.ch/wp-content/uploads/2021/02/GPTG_Rechnung18_Budget19.pdf
source_comment: ",year,2018-07-01T12:00:00,,
472,347,74910,actual,,"page_number_string: 
notes: 
source_full_citation: Grüne Kanton Thurgau. (2019). Bilanz per 31.12.2018 Grüne Partei Thurgau. Abgerufen am 26. Mai 2026 von https://gruene-tg.ch/wp-content/uploads/2021/02/GPTG_Rechnung18_Budget19.pdf
source_comment: ",year,2018-07-01T12:00:00,,
473,347,90640,budgeted,,"page_number_string: 
notes: 
source_full_citation: Grüne Kanton Thurgau. (2019). Bilanz per 31.12.2018 Grüne Partei Thurgau. Abgerufen am 26. Mai 2026 von https://gruene-tg.ch/wp-content/uploads/2021/02/GPTG_Rechnung18_Budget19.pdf
source_comment: ",year,2019-07-01T00:00:00,,
474,347,130282,actual,,"page_number_string: 
notes: 
source_full_citation: Grüne Kanton Thurgau. (2020). Bilanz per 31.12.2019 Grüne Partei Thurgau. Abgerufen am 26. Mai 2026 von https://gruene-tg.ch/wp-content/uploads/2021/06/jahresrechnung_GPTG_Rechnung19_Budget20.pdf
source_comment: ",year,2019-07-01T00:00:00,,
475,347,126300,budgeted,,"page_number_string: 
notes: 
source_full_citation: Grüne Kanton Thurgau. (2020). Bilanz per 31.12.2019 Grüne Partei Thurgau. Abgerufen am 26. Mai 2026 von https://gruene-tg.ch/wp-content/uploads/2021/06/jahresrechnung_GPTG_Rechnung19_Budget20.pdf
source_comment: ",year,2020-07-01T00:00:00,,
476,347,138103,actual,,"page_number_string: 
notes: 
source_full_citation: Grüne Kanton Thurgau. (2021). Bilanz per 31.12.2020 GRÜNE Thurgau. Abgerufen am 26. Mai 2026 von https://gruene-tg.ch/wp-content/uploads/2021/06/jahresrechnung_GPTG_Rechnung20_Budget21.pdf
source_comment: ",year,2020-07-01T00:00:00,,
477,347,86350,budgeted,,"page_number_string: 
notes: 
source_full_citation: Grüne Kanton Thurgau. (2021). Bilanz per 31.12.2020 GRÜNE Thurgau. Abgerufen am 26. Mai 2026 von https://gruene-tg.ch/wp-content/uploads/2021/06/jahresrechnung_GPTG_Rechnung20_Budget21.pdf
source_comment: ",year,2021-07-01T00:00:00,,
478,359,300000,actual,"note_translations: languages_code: de-CH
note: Ausgaben in einem Wahljahr.","page_number_string: 355
notes: 
source_full_citation: Ladner, A. & Brändle, M. (2001). Die Schweizer Parteien im Wandel: Von Mitgliederparteien zu professionalisierten Wählerorganisationen? Seismo Verlag.
source_comment: ",multiyear,1995-01-01T12:00:00,,
479,359,150000,actual,"note_translations: languages_code: de-CH
note: Ausgaben in einem Jahr ohne Wahlen.","page_number_string: 355
notes: 
source_full_citation: Ladner, A. & Brändle, M. (2001). Die Schweizer Parteien im Wandel: Von Mitgliederparteien zu professionalisierten Wählerorganisationen? Seismo Verlag.
source_comment: ",multiyear,1996-01-01T12:00:00,,
480,360,776358,actual,,"page_number_string: 
notes: 
source_full_citation: PS canton de Vaud. (2010). Rapport de gestion 2010. Consulté le 02 juin 2026, sur https://ps-vd.ch/wp-content/uploads/2018/11/2010_rapport_gestion.pdf
source_comment: ",year,2009-07-01T00:00:00,,
481,360,741694,budgeted,,"page_number_string: 
notes: 
source_full_citation: PS canton de Vaud. (2010). Rapport de gestion 2010. Consulté le 02 juin 2026, sur https://ps-vd.ch/wp-content/uploads/2018/11/2010_rapport_gestion.pdf
source_comment: ",year,2010-07-01T00:00:00,,
482,360,756338,actual,,"page_number_string: 
notes: 
source_full_citation: PS canton de Vaud. (2010). Rapport de gestion 2010. Consulté le 02 juin 2026, sur https://ps-vd.ch/wp-content/uploads/2018/11/2010_rapport_gestion.pdf
source_comment: ",year,2010-07-01T00:00:00,,
483,360,1228450,budgeted,,"page_number_string: 
notes: 
source_full_citation: PS canton de Vaud. (2011). Rapport de gestion 2011. Consulté le 02 juin 2026, sur https://ps-vd.ch/wp-content/uploads/2018/11/2011_rapport_de_gestion.pdf
source_comment: ",year,2011-07-01T00:00:00,,
484,360,1205610,actual,,"page_number_string: 
notes: 
source_full_citation: PS canton de Vaud. (2011). Rapport de gestion 2011. Consulté le 02 juin 2026, sur https://ps-vd.ch/wp-content/uploads/2018/11/2011_rapport_de_gestion.pdf
source_comment: ",year,2011-07-01T00:00:00,,
485,360,936780,budgeted,,"page_number_string: 
notes: 
source_full_citation: PS canton de Vaud. (2012). Rapport de gestion 2012. Consulté le 02 juin 2026, sur https://ps-vd.ch/wp-content/uploads/2018/11/130000_RAPPORT-DE-GESTION_2012.pdf
source_comment: ",year,2012-07-01T00:00:00,,
486,360,1036030,actual,,"page_number_string: 
notes: 
source_full_citation: PS canton de Vaud. (2012). Rapport de gestion 2012. Consulté le 02 juin 2026, sur https://ps-vd.ch/wp-content/uploads/2018/11/130000_RAPPORT-DE-GESTION_2012.pdf
source_comment: ",year,2012-07-01T00:00:00,,
487,360,850571,budgeted,,"page_number_string: 
notes: 
source_full_citation: PS canton de Vaud. (2013). Rapport de gestion 2013. Consulté le 02 juin 2026, sur https://ps-vd.ch/wp-content/uploads/2018/11/140000_RAPPORT-DE-GESTION_2013_STYLE-CD.pdf
source_comment: ",year,2013-07-01T00:00:00,,
488,360,861442,actual,,"page_number_string: 
notes: 
source_full_citation: PS canton de Vaud. (2013). Rapport de gestion 2013. Consulté le 02 juin 2026, sur https://ps-vd.ch/wp-content/uploads/2018/11/140000_RAPPORT-DE-GESTION_2013_STYLE-CD.pdf
source_comment: ",year,2013-07-01T00:00:00,,
489,360,864891,budgeted,,"page_number_string: 
notes: 
source_full_citation: PS canton de Vaud. (2014). Rapport de gestion 2014. Consulté le 02 juin 2026, sur https://ps-vd.ch/wp-content/uploads/2018/11/150000_RAPPORT-DE-GESTION_2014_DEF.pdf
source_comment: ",year,2014-07-01T00:00:00,,
490,360,867419,actual,,"page_number_string: 
notes: 
source_full_citation: PS canton de Vaud. (2014). Rapport de gestion 2014. Consulté le 02 juin 2026, sur https://ps-vd.ch/wp-content/uploads/2018/11/150000_RAPPORT-DE-GESTION_2014_DEF.pdf
source_comment: ",year,2014-07-01T00:00:00,,
491,360,1055330,budgeted,,"page_number_string: 
notes: 
source_full_citation: PS canton de Vaud. (2015). Rapport de gestion 2015. Consulté le 02 juin 2026, sur https://ps-vd.ch/wp-content/uploads/2018/11/160000_RAPPORT-DE-GESTION_2015_HD.pdf
source_comment: ",year,2015-07-01T00:00:00,,
492,360,935518,actual,,"page_number_string: 
notes: 
source_full_citation: PS canton de Vaud. (2015). Rapport de gestion 2015. Consulté le 02 juin 2026, sur https://ps-vd.ch/wp-content/uploads/2018/11/160000_RAPPORT-DE-GESTION_2015_HD.pdf
source_comment: ",year,2015-07-01T00:00:00,,
493,360,956519,budgeted,,"page_number_string: 
notes: 
source_full_citation: PS canton de Vaud. (2016). Rapport de gestion 2016. Consulté le 02 juin 2026, sur https://ps-vd.ch/wp-content/uploads/2018/11/170000_RAPPORT-DE-GESTION_2016.pdf
source_comment: ",year,2016-07-01T00:00:00,,
494,360,963487,actual,,"page_number_string: 
notes: 
source_full_citation: PS canton de Vaud. (2016). Rapport de gestion 2016. Consulté le 02 juin 2026, sur https://ps-vd.ch/wp-content/uploads/2018/11/170000_RAPPORT-DE-GESTION_2016.pdf
source_comment: ",year,2016-07-01T00:00:00,,
495,360,1178177,budgeted,,"page_number_string: 
notes: 
source_full_citation: PS canton de Vaud. (2017). Rapport de gestion 2017. Consulté le 02 juin 2026, sur https://ps-vd.ch/wp-content/uploads/2019/12/180000_RAPPORT-DE-GESTION_2017_def.pdf
source_comment: ",year,2017-07-01T00:00:00,,
496,360,1026831,actual,,"page_number_string: 
notes: 
source_full_citation: PS canton de Vaud. (2017). Rapport de gestion 2017. Consulté le 02 juin 2026, sur https://ps-vd.ch/wp-content/uploads/2019/12/180000_RAPPORT-DE-GESTION_2017_def.pdf
source_comment: ",year,2017-07-01T00:00:00,,
497,360,912640,budgeted,,"page_number_string: 
notes: 
source_full_citation: PS canton de Vaud. (2018). Rapport de gestion 2018. Consulté le 02 juin 2026, sur https://ps-vd.ch/wp-content/uploads/2019/12/180000_RAPPORT-DE-GESTION_2018.pdf
source_comment: ",year,2018-07-01T12:00:00,,
498,360,863865,actual,,"page_number_string: 
notes: 
source_full_citation: PS canton de Vaud. (2018). Rapport de gestion 2018. Consulté le 02 juin 2026, sur https://ps-vd.ch/wp-content/uploads/2019/12/180000_RAPPORT-DE-GESTION_2018.pdf
source_comment: ",year,2018-07-01T12:00:00,,
499,361,440000,actual,"note_translations: languages_code: de-CH
note: Ausgaben in einem Wahljahr.","page_number_string: 353
notes: 
source_full_citation: Ladner, A. & Brändle, M. (2001). Die Schweizer Parteien im Wandel: Von Mitgliederparteien zu professionalisierten Wählerorganisationen? Seismo Verlag.
source_comment: ",multiyear,1995-01-01T12:00:00,,
500,369,327328,actual,,"page_number_string: 
notes: 
source_full_citation: Verts canton de Vaud. (2012). 2012 Compte d'Exploitation. Consulté le 03 juin 2026, sur https://vert-e-s-vd.ch/wp-content/uploads/sites/2/2015/09/Comptes-2012.pdf
source_comment: ",year,2012-07-01T00:00:00,,
501,369,293085,actual,,"page_number_string: 
notes: 
source_full_citation: Verts canton de Vaud. (2013). 2013 Compte d'Exploitation. Consulté le 03 juin 2026, sur https://vert-e-s-vd.ch/wp-content/uploads/sites/2/2015/09/Comptes-2013.pdf
source_comment: ",year,2013-07-01T00:00:00,,
502,369,272911,actual,,"page_number_string: 
notes: 
source_full_citation: Verts canton de Vaud. (2014). 2014 Compte d'Exploitation. Consulté le 03 juin 2026, sur https://vert-e-s-vd.ch/wp-content/uploads/sites/2/2018/03/Exploitation-2014.pdf
source_comment: ",year,2014-07-01T00:00:00,,
503,369,334893,actual,,"page_number_string: 
notes: 
source_full_citation: Verts canton de Vaud. (2015). 2015 Compte d'Exploitation. Consulté le 03 juin 2026, sur https://vert-e-s-vd.ch/wp-content/uploads/sites/2/2018/03/Exploitation-2015.pdf
source_comment: ",year,2015-07-01T00:00:00,,
504,369,327045,actual,,"page_number_string: 
notes: 
source_full_citation: Verts canton de Vaud. (2016). 2016 Compte d'Exploitation. Consulté le 03 juin 2026, sur https://vert-e-s-vd.ch/wp-content/uploads/sites/2/2018/03/Exploitation-2016.pdf
source_comment: ",year,2016-07-01T00:00:00,,
505,369,445349,actual,,"page_number_string: 
notes: 
source_full_citation: Verts canton de Vaud. (2017). 2017 Compte d'Exploitation. Consulté le 03 juin 2026, sur https://vert-e-s-vd.ch/wp-content/uploads/sites/2/2018/09/Exploitation-2017.pdf
source_comment: ",year,2017-07-01T00:00:00,,
506,369,368532,actual,,"page_number_string: 
notes: 
source_full_citation: Verts canton de Vaud. (2018). 2018 Compte d'Exploitation. Consulté le 03 juin 2026, sur https://vert-e-s-vd.ch/wp-content/uploads/sites/2/2019/06/2018_comptes-%C3%A0-publier.pdf
source_comment: ",year,2018-07-01T12:00:00,,
507,369,337744,actual,,"page_number_string: 
notes: 
source_full_citation: Verts canton de Vaud. (2019). Charges. Consulté le 03 juin 2026, sur https://vert-e-s-vd.ch/wp-content/uploads/sites/2/2021/11/2019_comptes-a-publier.pdf
source_comment: ",year,2019-07-01T00:00:00,,
508,369,342240,budgeted,,"page_number_string: 
notes: 
source_full_citation: Verts canton de Vaud. (2020). Comptes / Budget . Consulté le 03 juin 2026, sur https://vert-e-s-vd.ch/wp-content/uploads/sites/2/2021/06/Comptes_2020_AG.pdf
source_comment: ",year,2020-07-01T00:00:00,,
509,369,340352,actual,,"page_number_string: 
notes: 
source_full_citation: Verts canton de Vaud. (2020). Comptes / Budget . Consulté le 03 juin 2026, sur https://vert-e-s-vd.ch/wp-content/uploads/sites/2/2021/06/Comptes_2020_AG.pdf
source_comment: ",year,2020-07-01T00:00:00,,
510,369,362487,actual,,"page_number_string: 
notes: 
source_full_citation: Vert-e-s canton de Vaud. (2021). 2021 Compte d'Exploitation. Consulté le 03 juin 2026, sur https://vert-e-s-vd.ch/wp-content/uploads/sites/2/2022/06/2021_PP_a-publier.pdf
source_comment: ",year,2021-07-01T00:00:00,,
511,369,422498,actual,,"page_number_string: 
notes: 
source_full_citation: Vert-e-s canton de Vaud. (2022). 2022 Compte d'Exploitation. Consulté le 03 juin 2026, sur https://vert-e-s-vd.ch/wp-content/uploads/sites/2/2023/07/2022_PP-a-publier.pdf
source_comment: ",year,2022-07-01T00:00:00,,
512,369,461371,actual,,"page_number_string: 
notes: 
source_full_citation: Vert-e-s canton de Vaud. (2023). 2023 Compte d'Exploitation. Consulté le 03 juin 2026, sur https://vert-e-s-vd.ch/wp-content/uploads/sites/2/2024/05/2023_PP_a-publier.pdf
source_comment: ",year,2023-07-01T00:00:00,,
513,369,414778,actual,,"page_number_string: 
notes: 
source_full_citation: Vert-e-s canton de Vaud. (2024). 2024 Compte d'Exploitation. Consulté le 03 juin 2026, sur https://vert-e-s-vd.ch/wp-content/uploads/sites/2/2025/09/Copie-de-2024_comptes-AG.pdf
source_comment: ",year,2024-07-01T00:00:00,,
514,369,411831,actual,,"page_number_string: 
notes: 
source_full_citation: Vert-e-s canton de Vaud. (2025). 2025 Compte d'Exploitation. Consulté le 03 juin 2026, sur https://vert-e-s-vd.ch/wp-content/uploads/sites/2/2026/06/2025_PP_a-publier.pdf
source_comment: ",year,2025-07-01T00:00:00,,
515,379,379676,actual,,"page_number_string: 
notes: 
source_full_citation: PS canton de Neuchâtel. (2014). Budget 2015. Consulté le 11 juin 2026, sur https://www.psn.ch/uploads/768bcacec4e583f4d2e3d051dd48a0edc036ffb0.pdf
source_comment: ",year,2012-07-01T00:00:00,,
516,379,479477,actual,,"page_number_string: 
notes: 
source_full_citation: PS canton de Neuchâtel. (2014). Budget 2015. Consulté le 11 juin 2026, sur https://www.psn.ch/uploads/768bcacec4e583f4d2e3d051dd48a0edc036ffb0.pdf
source_comment: ",year,2013-07-01T00:00:00,,
517,379,364200,budgeted,,"page_number_string: 
notes: 
source_full_citation: PS canton de Neuchâtel. (2014). Budget 2015. Consulté le 11 juin 2026, sur https://www.psn.ch/uploads/768bcacec4e583f4d2e3d051dd48a0edc036ffb0.pdf
source_comment: ",year,2014-07-01T00:00:00,,
518,379,343788,actual,,"page_number_string: 
notes: 
source_full_citation: PS canton de Neuchâtel. (2015). Budget 2016. Consulté le 11 juin 2026, sur https://www.psn.ch/uploads/be76f91a20fcd80e73e266f91bf391fa18311186.pdf
source_comment: ",year,2014-07-01T00:00:00,,
519,379,501525,budgeted,,"page_number_string: 
notes: 
source_full_citation: PS canton de Neuchâtel. (2015). Budget 2016. Consulté le 11 juin 2026, sur https://www.psn.ch/uploads/be76f91a20fcd80e73e266f91bf391fa18311186.pdf
source_comment: ",year,2015-07-01T00:00:00,,
520,379,519205,actual,,"page_number_string: 
notes: 
source_full_citation: PS canton de Neuchâtel. (2016). Comptes 2015. Consulté le 11 juin 2026, sur https://www.psn.ch/uploads/5163ed42d7380f175c3f8e28d690e05fed6bfdd3.pdf
source_comment: ",year,2015-07-01T00:00:00,,
521,379,467525,budgeted,,"page_number_string: 
notes: 
source_full_citation: PS canton de Neuchâtel. (2015). Budget 2016. Consulté le 11 juin 2026, sur https://www.psn.ch/uploads/be76f91a20fcd80e73e266f91bf391fa18311186.pdf
source_comment: ",year,2016-07-01T00:00:00,,
522,379,530122,actual,,"page_number_string: 
notes: 
source_full_citation: PS canton de Neuchâtel. (2017). Comptes PSN 2016. Consulté le 11 juin 2026, sur https://www.psn.ch/uploads/68b9412c60a59e9271727a7d307f10df55ce9eab.pdf
source_comment: ",year,2016-07-01T00:00:00,,
523,379,557900,budgeted,,"page_number_string: 
notes: 
source_full_citation: PS canton de Neuchâtel. (2016). Budget 2017. Consulté le 11 juin 2026, sur https://www.psn.ch/uploads/88921a642d509a81bec846d62f254b39a25fe214.pdf
source_comment: ",year,2017-07-01T00:00:00,,
524,379,601341,actual,,"page_number_string: 
notes: 
source_full_citation: PS canton de Neuchâtel. (2018). Comptes PSN 2017. Consulté le 11 juin 2026, sur https://www.psn.ch/uploads/b176e1529ae1c31eb00b714f3700caabbbde4237.pdf
source_comment: ",year,2017-07-01T00:00:00,,
525,379,452200,budgeted,,"page_number_string: 
notes: 
source_full_citation: PS canton de Neuchâtel. (2017). Budget 2018. Consulté le 11 juin 2026, sur https://www.psn.ch/uploads/85218c77f3ed2b6b1c7694a5087b3dc5555f1e02.pdf
source_comment: ",year,2018-07-01T12:00:00,,
526,379,436361,actual,,"page_number_string: 
notes: 
source_full_citation: PS canton de Neuchâtel. (2019). Comptes PSN 2018. Consulté le 11 juin 2026, sur https://www.psn.ch/uploads/6f50f0d310c5bcc7b66df3172685bed4a0ab28ae.pdf
source_comment: ",year,2018-07-01T12:00:00,,
527,379,565700,budgeted,,"page_number_string: 
notes: 
source_full_citation: PS canton de Neuchâtel. (2018). Budget 2019. Consulté le 11 juin 2026, sur https://www.psn.ch/uploads/a240b456585edf6883bff3cf9aa0f45c190f9f0a.pdf
source_comment: ",year,2019-07-01T00:00:00,,
528,379,497807,actual,,"page_number_string: 
notes: 
source_full_citation: PS canton de Neuchâtel. (2020). Comptes PSN 2019. Consulté le 11 juin 2026, sur https://www.psn.ch/uploads/96c6aaf8de6b16e2150f4eb1b924410a38ea8fd7.pdf
source_comment: ",year,2019-07-01T00:00:00,,
529,379,514700,budgeted,,"page_number_string: 
notes: 
source_full_citation: PS canton de Neuchâtel. (2019). Budget 2020. Consulté le 11 juin 2026, sur https://www.psn.ch/uploads/c428496219efdadfe8d7cb389a4f1d1aa1ceeba2.pdf
source_comment: ",year,2020-07-01T00:00:00,,
530,379,469733,actual,,"page_number_string: 
notes: 
source_full_citation: PS canton de Neuchâtel. (2021). Comptes 2020. Consulté le 11 juin 2026, sur https://www.psn.ch/uploads/55c3e1074c8ee62bfb9cc55e11584d111120ec2b.pdf
source_comment: ",year,2020-07-01T00:00:00,,
531,379,566334,budgeted,,"page_number_string: 
notes: 
source_full_citation: PS canton de Neuchâtel. (2020). Budget 2021. Consulté le 11 juin 2026, sur https://www.psn.ch/uploads/9600b3da1cfa162d80d516b2e1aba18c2fea73a9.pdf
source_comment: ",year,2021-07-01T00:00:00,,
532,379,546610,actual,,"page_number_string: 
notes: 
source_full_citation: PS canton de Neuchâtel. (2022). Comptes 2021. Consulté le 11 juin 2026, sur https://www.psn.ch/uploads/2cce368d97604716616f2f76d4bf2759563f17f9.pdf
source_comment: ",year,2021-07-01T00:00:00,,
533,379,373700,budgeted,,"page_number_string: 
notes: 
source_full_citation: PS canton de Neuchâtel. (2021). Budget 2022. Consulté le 11 juin 2026, sur https://www.psn.ch/uploads/b1c1447e9b15003b38708ff1d8e6692024f9eb4f.pdf
source_comment: ",year,2022-07-01T00:00:00,,
534,379,369523,actual,,"page_number_string: 
notes: 
source_full_citation: PS canton de Neuchâtel. (2023). Comptes 2022. Consulté le 11 juin 2026, sur https://www.psn.ch/uploads/ec7cc8005303a751a00e54ef6c83e3624d5b1a13.pdf
source_comment: ",year,2022-07-01T00:00:00,,
535,379,467400,budgeted,,"page_number_string: 
notes: 
source_full_citation: PS canton de Neuchâtel. (2022). Budget 2023. Consulté le 11 juin 2026, sur https://www.psn.ch/uploads/414fa1cb5d6597e77f3db9c36f99246961e536b5.pdf
source_comment: ",year,2023-07-01T00:00:00,,
536,379,463128,actual,,"page_number_string: 
notes: 
source_full_citation: PS canton de Neuchâtel. (2024). Comptes 2023. Consulté le 11 juin 2026, sur https://www.psn.ch/uploads/f85c062f766fa32e4da5699f7e462e6232a5dcf9.pdf
source_comment: ",year,2023-07-01T00:00:00,,
537,379,398400,budgeted,,"page_number_string: 
notes: 
source_full_citation: PS canton de Neuchâtel. (2023). Budget 2024. Consulté le 11 juin 2026, sur https://www.psn.ch/uploads/5314d22948beb14678f3ffd1f897b80c1a958885.pdf
source_comment: ",year,2024-07-01T00:00:00,,
538,379,403871,actual,,"page_number_string: 
notes: 
source_full_citation: PS canton de Neuchâtel. (2025). Comptes 2024. Consulté le 11 juin 2026, sur https://www.psn.ch/uploads/084f3b456243e863f576ffef9e3895200c7663c6.pdf
source_comment: ",year,2024-07-01T00:00:00,,
539,379,533700,budgeted,,"page_number_string: 
notes: 
source_full_citation: PS canton de Neuchâtel. (2024). Budget 2025. Consulté le 11 juin 2026, sur https://www.psn.ch/uploads/05db0dee02d925eb0432a01483beab274151c229.pdf
source_comment: ",year,2025-07-01T00:00:00,,
540,379,476817,actual,,"page_number_string: 
notes: 
source_full_citation: PS canton de Neuchâtel. (2026). Comptes 2025. Consulté le 11 juin 2026, sur https://www.psn.ch/uploads/181ac9b1e0ea8a25c7c6724bd89721fe731fcf19.pdf
source_comment: ",year,2025-07-01T00:00:00,,
541,379,447900,budgeted,,"page_number_string: 
notes: 
source_full_citation: PS canton de Neuchâtel. (2025). Budget 2026. Consulté le 11 juin 2026, sur https://www.psn.ch/uploads/ad6b87d67f21b1cb270407c05d9ae821a1b63292.pdf
source_comment: ",year,2026-07-01T00:00:00,,
542,380,300000,actual,"note_translations: languages_code: de-CH
note: Ausgaben in einem Wahljahr.","page_number_string: 353
notes: 
source_full_citation: Ladner, A. & Brändle, M. (2001). Die Schweizer Parteien im Wandel: Von Mitgliederparteien zu professionalisierten Wählerorganisationen? Seismo Verlag.
source_comment: ",multiyear,1995-01-01T12:00:00,,
543,380,230000,actual,,"page_number_string: 353
notes: 
source_full_citation: Ladner, A. & Brändle, M. (2001). Die Schweizer Parteien im Wandel: Von Mitgliederparteien zu professionalisierten Wählerorganisationen? Seismo Verlag.
source_comment: ",multiyear,1996-01-01T12:00:00,,
544,387,180148,actual,,"page_number_string: 
notes: 
source_full_citation: Verts canton de Neuchâtel. (2017). Comptes 2017. Consulté le 17 juin 2026, sur https://verts-ne.ch/wp-content/uploads/sites/3/2023/05/Comptes-2017-Verts-neuchatelois.pdf
source_comment: ",year,2013-07-01T00:00:00,,
545,387,193200,budgeted,,"page_number_string: 
notes: 
source_full_citation: Verts canton de Neuchâtel. (2017). Comptes 2017. Consulté le 17 juin 2026, sur https://verts-ne.ch/wp-content/uploads/sites/3/2023/05/Comptes-2017-Verts-neuchatelois.pdf
source_comment: ",year,2017-07-01T00:00:00,,
546,387,189536,actual,,"page_number_string: 
notes: 
source_full_citation: Verts canton de Neuchâtel. (2017). Comptes 2017. Consulté le 17 juin 2026, sur https://verts-ne.ch/wp-content/uploads/sites/3/2023/05/Comptes-2017-Verts-neuchatelois.pdf
source_comment: ",year,2017-07-01T00:00:00,,
547,387,157860,budgeted,,"page_number_string: 
notes: 
source_full_citation: Verts canton de Neuchâtel. (2017). Comptes 2017. Consulté le 17 juin 2026, sur https://verts-ne.ch/wp-content/uploads/sites/3/2023/05/Comptes-2017-Verts-neuchatelois.pdf
source_comment: ",year,2018-07-01T12:00:00,,
548,387,153609,actual,,"page_number_string: 
notes: 
source_full_citation: Verts canton de Neuchâtel. (2019). Comptes 2019. Consulté le 17 juin 2026, sur https://verts-ne.ch/wp-content/uploads/sites/3/2023/05/Comptes-2019_Verts-neuchatelois.pdf
source_comment: ",year,2018-07-01T12:00:00,,
549,387,229960,budgeted,,"page_number_string: 
notes: 
source_full_citation: Verts canton de Neuchâtel. (2019). Comptes 2019. Consulté le 17 juin 2026, sur https://verts-ne.ch/wp-content/uploads/sites/3/2023/05/Comptes-2019_Verts-neuchatelois.pdf
source_comment: ",year,2019-07-01T00:00:00,,
550,387,204282,actual,,"page_number_string: 
notes: 
source_full_citation: Verts canton de Neuchâtel. (2019). Comptes 2019. Consulté le 17 juin 2026, sur https://verts-ne.ch/wp-content/uploads/sites/3/2023/05/Comptes-2019_Verts-neuchatelois.pdf
source_comment: ",year,2019-07-01T00:00:00,,
551,387,242610,budgeted,,"page_number_string: 
notes: 
source_full_citation: Verts canton de Neuchâtel. (2020). Pertes et profits, 01.01.2020 au 31.12.2020. Consulté le 17 juin 2026, sur https://verts-ne.ch/wp-content/uploads/sites/3/2023/05/Comptes-2020_Verts-neuchatelois.pdf
source_comment: ",year,2020-07-01T00:00:00,,
552,387,245507,actual,,"page_number_string: 
notes: 
source_full_citation: Verts canton de Neuchâtel. (2020). Pertes et profits, 01.01.2020 au 31.12.2020. Consulté le 17 juin 2026, sur https://verts-ne.ch/wp-content/uploads/sites/3/2023/05/Comptes-2020_Verts-neuchatelois.pdf
source_comment: ",year,2020-07-01T00:00:00,,
553,387,258000,budgeted,,"page_number_string: 
notes: 
source_full_citation: Vert-e-s canton de Neuchâtel. (2021). Pertes et profits, 01.01.2021 au 31.12.2021. Consulté le 17 juin 2026, sur https://verts-ne.ch/wp-content/uploads/sites/3/2023/05/Comptes-2021_Verts-neuchatelois.pdf
source_comment: ",year,2021-07-01T00:00:00,,
554,387,309472,actual,,"page_number_string: 
notes: 
source_full_citation: Vert-e-s canton de Neuchâtel. (2021). Pertes et profits, 01.01.2021 au 31.12.2021. Consulté le 17 juin 2026, sur https://verts-ne.ch/wp-content/uploads/sites/3/2023/05/Comptes-2021_Verts-neuchatelois.pdf
source_comment: ",year,2021-07-01T00:00:00,,
555,387,222193,budgeted,,"page_number_string: 
notes: 
source_full_citation: Vert-e-s canton de Neuchâtel. (2022). Comptes 01.01 au 31.12.2022. Consulté le 17 juin 2026, sur https://verts-ne.ch/wp-content/uploads/sites/3/2023/11/Les-Verts_Comptes-2022_def.pdf
source_comment: ",year,2022-07-01T00:00:00,,
556,387,195187,actual,,"page_number_string: 
notes: 
source_full_citation: Vert-e-s canton de Neuchâtel. (2022). Comptes 01.01 au 31.12.2022. Consulté le 17 juin 2026, sur https://verts-ne.ch/wp-content/uploads/sites/3/2023/11/Les-Verts_Comptes-2022_def.pdf
source_comment: ",year,2022-07-01T00:00:00,,
557,387,287320,budgeted,,"page_number_string: 
notes: 
source_full_citation: Vert-e-s canton de Neuchâtel. (2023). Pertes et profits, 01.01.2023-31.12.2023. Consulté le 17 juin 2026, sur https://verts-ne.ch/wp-content/uploads/sites/3/2024/08/240530_compte-bilan-2023_Vert-e-sNE.pdf
source_comment: ",year,2023-07-01T00:00:00,,
558,387,368737,actual,,"page_number_string: 
notes: 
source_full_citation: Vert-e-s canton de Neuchâtel. (2023). Pertes et profits, 01.01.2023-31.12.2023. Consulté le 17 juin 2026, sur https://verts-ne.ch/wp-content/uploads/sites/3/2024/08/240530_compte-bilan-2023_Vert-e-sNE.pdf
source_comment: ",year,2023-07-01T00:00:00,,
559,387,284860,budgeted,,"page_number_string: 
notes: 
source_full_citation: Vert-e-s canton de Neuchâtel. (2024). Pertes et profits, 01.01,2024-31.12.2024. Consulté le 17 juin 2026, sur https://verts-ne.ch/wp-content/uploads/sites/3/2026/01/250510_Vert-e-sNE_comptes-2024-bilan.pdf
source_comment: ",year,2024-07-01T00:00:00,,
560,387,343077,actual,,"page_number_string: 
notes: 
source_full_citation: Vert-e-s canton de Neuchâtel. (2024). Pertes et profits, 01.01,2024-31.12.2024. Consulté le 17 juin 2026, sur https://verts-ne.ch/wp-content/uploads/sites/3/2026/01/250510_Vert-e-sNE_comptes-2024-bilan.pdf
source_comment: ",year,2024-07-01T00:00:00,,
561,387,384300,budgeted,,"page_number_string: 
notes: 
source_full_citation: Vert-e-s canton de Neuchâtel. (2024). Pertes et profits, 01.01,2024-31.12.2024. Consulté le 17 juin 2026, sur https://verts-ne.ch/wp-content/uploads/sites/3/2026/01/250510_Vert-e-sNE_comptes-2024-bilan.pdf
source_comment: ",year,2025-07-01T00:00:00,,
562,395,750000,actual,"note_translations: languages_code: de-CH
note: Ausgaben in einem Wahljahr.","page_number_string: 355
notes: 
source_full_citation: Ladner, A. & Brändle, M. (2001). Die Schweizer Parteien im Wandel: Von Mitgliederparteien zu professionalisierten Wählerorganisationen? Seismo Verlag.
source_comment: ",multiyear,1995-01-01T12:00:00,,
563,395,419330,actual,"note_translations: languages_code: de-CH
note: Ausgaben in einem Jahr ohne Wahlen.","page_number_string: 355
notes: 
source_full_citation: Ladner, A. & Brändle, M. (2001). Die Schweizer Parteien im Wandel: Von Mitgliederparteien zu professionalisierten Wählerorganisationen? Seismo Verlag.
source_comment: ",multiyear,1996-01-01T12:00:00,,
564,395,993418,actual,,"page_number_string: 
notes: 
source_full_citation: PS canton de Genève. (2019). Rapport des comptes 2018. Consulté le 25 juin 2026, sur https://web.archive.org/web/20190921130935/https://www.ps-ge.ch/wp-content/uploads/2019/03/COPIE-RAPPORT-CONTRO%CC%82LE-SUCCINCT-2018-ET-COMPTES-ANNEXES.pdf
source_comment: ",year,2017-07-01T00:00:00,,
565,395,973156,budgeted,,"page_number_string: 
notes: 
source_full_citation: PS canton de Genève. (2019). Rapport des comptes 2018. Consulté le 25 juin 2026, sur https://web.archive.org/web/20190921130935/https://www.ps-ge.ch/wp-content/uploads/2019/03/COPIE-RAPPORT-CONTRO%CC%82LE-SUCCINCT-2018-ET-COMPTES-ANNEXES.pdf
source_comment: ",year,2018-07-01T12:00:00,,
566,395,965533,actual,,"page_number_string: 
notes: 
source_full_citation: PS canton de Genève. (2019). Rapport des comptes 2018. Consulté le 25 juin 2026, sur https://web.archive.org/web/20190921130935/https://www.ps-ge.ch/wp-content/uploads/2019/03/COPIE-RAPPORT-CONTRO%CC%82LE-SUCCINCT-2018-ET-COMPTES-ANNEXES.pdf
source_comment: ",year,2018-07-01T12:00:00,,
567,395,1190213,budgeted,,"page_number_string: 
notes: 
source_full_citation: PS canton de Genève. (2020). Rapport des comptes 2019. Consulté le 25 juin 2026, sur https://web.archive.org/web/20201126015820/https://www.ps-ge.ch/wp-content/uploads/2020/06/PSG-Rapport-contr%C3%B4le-succinct-et-comptes-annuels-2019.pdf
source_comment: ",year,2019-07-01T00:00:00,,
568,395,1139822,actual,,"page_number_string: 
notes: 
source_full_citation: PS canton de Genève. (2020). Rapport des comptes 2019. Consulté le 25 juin 2026, sur https://web.archive.org/web/20201126015820/https://www.ps-ge.ch/wp-content/uploads/2020/06/PSG-Rapport-contr%C3%B4le-succinct-et-comptes-annuels-2019.pdf
source_comment: ",year,2019-07-01T00:00:00,,
569,395,927889,budgeted,,"page_number_string: 
notes: 
source_full_citation: PS canton de Genève. (2021). Rapport des comptes 2020. Consulté le 25 juin 2026, sur https://web.archive.org/web/20210509123318/https://www.ps-ge.ch/wp-content/uploads/2021/03/Rapport-des-comptes-2020.pdf
source_comment: ",year,2020-07-01T00:00:00,,
570,395,775266,actual,,"page_number_string: 
notes: 
source_full_citation: PS canton de Genève. (2021). Rapport des comptes 2020. Consulté le 25 juin 2026, sur https://web.archive.org/web/20210509123318/https://www.ps-ge.ch/wp-content/uploads/2021/03/Rapport-des-comptes-2020.pdf
source_comment: ",year,2020-07-01T00:00:00,,
571,395,919350,budgeted,,"page_number_string: 
notes: 
source_full_citation: PS canton de Genève. (2021). Budget 2021. Consulté le 25 juin 2026, sur https://web.archive.org/web/20210509143417/https://www.ps-ge.ch/wp-content/uploads/2021/03/Budget-2021_comp-2ans.pdf
source_comment: ",year,2021-07-01T00:00:00,,
572,395,855686,actual,,"page_number_string: 
notes: 
source_full_citation: PS canton de Genève. (2022). Rapport des comptes 2021. Consulté le 25 juin 2026, sur https://web.archive.org/web/20221002160911/https://ps-ge.ch/wp-content/uploads/2022/09/psg-ror-2021.pdf
source_comment: ",year,2021-07-01T00:00:00,,
573,395,1082000,budgeted,,"page_number_string: 
notes: 
source_full_citation: PS canton de Genève. (2022). Budget 2022. Consulté le 25 juin 2026, sur https://web.archive.org/web/20221002170231/https://ps-ge.ch/wp-content/uploads/2022/09/presentation-budget-22-congres-mars22.pdf
source_comment: ",year,2022-07-01T00:00:00,,
574,395,1031221,actual,,"page_number_string: 
notes: 
source_full_citation: PS canton de Genève. (2023). Rapport des comptes 2022. Consulté le 25 juin 2026, sur https://web.archive.org/web/20240714203648/https://ps-ge.ch/wp-content/uploads/2024/01/ps-geneve-ror-2022.pdf
source_comment: ",year,2022-07-01T00:00:00,,
575,395,1504500,budgeted,,"page_number_string: 
notes: 
source_full_citation: PS canton de Genève. (2023). Budget 2023. Consulté le 25 juin 2026, sur https://ps-ge.ch/wp-content/uploads/2024/01/budget-2023.pdf
source_comment: ",year,2023-07-01T00:00:00,,
576,395,1449667,actual,,"page_number_string: 
notes: 
source_full_citation: PS canton de Genève. (2024). Rapport des comptes 2023. Consulté le 25 juin 2026, sur https://web.archive.org/web/20241114065706/https://ps-ge.ch/wp-content/uploads/2024/10/rapport-des-comptes-2023.pdf
source_comment: ",year,2023-07-01T00:00:00,,
577,395,974000,budgeted,,"page_number_string: 
notes: 
source_full_citation: PS canton de Genève. (2024). Budget 2024. Consulté le 25 juin 2026, sur https://web.archive.org/web/20241114082523/https://ps-ge.ch/wp-content/uploads/2024/10/budget-2024-pour-congres.pdf
source_comment: ",year,2024-07-01T00:00:00,,
578,395,894933,actual,,"page_number_string: 
notes: 
source_full_citation: PS canton de Genève. (2025). Rapport des comptes 2024. Consulté le 25 juin 2026, sur https://ps-ge.ch/wp-content/uploads/2026/02/rapport-des-comptes-2024.pdf
source_comment: ",year,2024-07-01T00:00:00,,
579,395,910350,budgeted,,"page_number_string: 
notes: 
source_full_citation: PS canton de Genève. (2025). Budget 2025. Consulté le 25 juin 2026, sur https://ps-ge.ch/wp-content/uploads/2025/03/budget-2025.pdf
source_comment: ",year,2025-07-01T00:00:00,,
580,396,650000,actual,"note_translations: languages_code: de-CH
note: Ausgaben in einem Wahljahr.","page_number_string: 353
notes: 
source_full_citation: Ladner, A. & Brändle, M. (2001). Die Schweizer Parteien im Wandel: Von Mitgliederparteien zu professionalisierten Wählerorganisationen? Seismo Verlag.
source_comment: ",multiyear,1995-01-01T12:00:00,,
581,396,400000,actual,"note_translations: languages_code: de-CH
note: Ausgaben in einem Jahr ohne Wahlen.","page_number_string: 353
notes: 
source_full_citation: Ladner, A. & Brändle, M. (2001). Die Schweizer Parteien im Wandel: Von Mitgliederparteien zu professionalisierten Wählerorganisationen? Seismo Verlag.
source_comment: ",multiyear,1996-01-01T12:00:00,,
582,399,785000,actual,"note_translations: languages_code: de-CH
note: Ausgaben in einem Wahljahr.","page_number_string: 354
notes: 
source_full_citation: Ladner, A. & Brändle, M. (2001). Die Schweizer Parteien im Wandel: Von Mitgliederparteien zu professionalisierten Wählerorganisationen? Seismo Verlag.
source_comment: ",multiyear,1995-01-01T12:00:00,,
583,399,370000,actual,"note_translations: languages_code: de-CH
note: Ausgaben in einem Jahr ohne Wahlen.","page_number_string: 354
notes: 
source_full_citation: Ladner, A. & Brändle, M. (2001). Die Schweizer Parteien im Wandel: Von Mitgliederparteien zu professionalisierten Wählerorganisationen? Seismo Verlag.
source_comment: ",multiyear,1996-01-01T12:00:00,,
584,408,250000,actual,"note_translations: languages_code: de-CH
note: Ausgaben inklusive Kantonalsektionen","page_number_string: 109
notes: 
source_full_citation: Tschäni, H. (1979). Parteien, Programme, Parolen. Sauerländer & Ex-Libris-Verlag.
source_comment: ",year,1979-07-01T12:00:00,,
585,408,100000,actual,,"page_number_string: 95
notes: 
source_full_citation: Ladner, A. & Brändle, M. (2001). Die Schweizer Parteien im Wandel: Von Mitgliederparteien zu professionalisierten Wählerorganisationen? Seismo Verlag.
source_comment: ",year,1984-07-01T12:00:00,,
586,92,120000,budgeted,"note_translations: languages_code: de-CH
note: Budget ohne Wahlkampfaufwendungen.","page_number_string: 330
notes: 
source_full_citation: Lüthi, W. (1984). Parteien. In L. Burckhardt, R. Frey, G. Kreis & G. Schmid (Hrsg.), Das politische System Basel-Stadt. Geschichte, Strukturen, Institutionen , Politikbereiche (S. 319-332). Verlag Helbing & Lichtenhahn.
source_comment: ",year,1984-07-01T12:00:00,,
587,76,120000,budgeted,"note_translations: languages_code: de-CH
note: Budget ohne Wahlkampfaufwendungen.","page_number_string: 330
notes: 
source_full_citation: Lüthi, W. (1984). Parteien. In L. Burckhardt, R. Frey, G. Kreis & G. Schmid (Hrsg.), Das politische System Basel-Stadt. Geschichte, Strukturen, Institutionen , Politikbereiche (S. 319-332). Verlag Helbing & Lichtenhahn.
source_comment: ",year,1984-07-01T12:00:00,,
588,77,80000,budgeted,"note_translations: languages_code: de-CH
note: Budget ohne Wahlkampfaufwendungen.","page_number_string: 330
notes: 
source_full_citation: Lüthi, W. (1984). Parteien. In L. Burckhardt, R. Frey, G. Kreis & G. Schmid (Hrsg.), Das politische System Basel-Stadt. Geschichte, Strukturen, Institutionen , Politikbereiche (S. 319-332). Verlag Helbing & Lichtenhahn.
source_comment: ",year,1984-07-01T12:00:00,,
589,75,175000,budgeted,"note_translations: languages_code: de-CH
note: Budget inklusive Rückstellung für Wahlkosten.","page_number_string: 
notes: 
source_full_citation: Lüthi, W. (1984). Parteien. In L. Burckhardt, R. Frey, G. Kreis & G. Schmid (Hrsg.), Das politische System Basel-Stadt. Geschichte, Strukturen, Institutionen , Politikbereiche (S. 319-332). Verlag Helbing & Lichtenhahn.
source_comment: ",year,1984-07-01T12:00:00,,
590,98,25000,budgeted,"note_translations: languages_code: de-CH
note: Budget ohne Wahlkampfaufwendungen.","page_number_string: 330
notes: 
source_full_citation: Lüthi, W. (1984). Parteien. In L. Burckhardt, R. Frey, G. Kreis & G. Schmid (Hrsg.), Das politische System Basel-Stadt. Geschichte, Strukturen, Institutionen , Politikbereiche (S. 319-332). Verlag Helbing & Lichtenhahn.
source_comment: ",year,1984-07-01T12:00:00,,
591,94,20000,budgeted,"note_translations: languages_code: de-CH
note: Budget ohne Wahlkampfaufwendungen.","page_number_string: 330
notes: 
source_full_citation: Lüthi, W. (1984). Parteien. In L. Burckhardt, R. Frey, G. Kreis & G. Schmid (Hrsg.), Das politische System Basel-Stadt. Geschichte, Strukturen, Institutionen , Politikbereiche (S. 319-332). Verlag Helbing & Lichtenhahn.
source_comment: ",year,1984-07-01T12:00:00,,
592,83,40000,budgeted,"note_translations: languages_code: de-CH
note: Budget ohne Wahlkampfaufwendungen.
Davon 25000 VEW Riehen.","page_number_string: 330
notes: 
source_full_citation: Lüthi, W. (1984). Parteien. In L. Burckhardt, R. Frey, G. Kreis & G. Schmid (Hrsg.), Das politische System Basel-Stadt. Geschichte, Strukturen, Institutionen , Politikbereiche (S. 319-332). Verlag Helbing & Lichtenhahn.
source_comment: ",year,1984-07-01T12:00:00,,
593,93,100000,budgeted,"note_translations: languages_code: de-CH
note: Budget ohne Wahlkampfaufwendungen.","page_number_string: 330
notes: 
source_full_citation: Lüthi, W. (1984). Parteien. In L. Burckhardt, R. Frey, G. Kreis & G. Schmid (Hrsg.), Das politische System Basel-Stadt. Geschichte, Strukturen, Institutionen , Politikbereiche (S. 319-332). Verlag Helbing & Lichtenhahn.
source_comment: ",year,1984-07-01T12:00:00,,
594,95,80000,budgeted,"note_translations: languages_code: de-CH
note: Budget ohne Wahlkampfaufwendungen.","page_number_string: 330
notes: 
source_full_citation: Lüthi, W. (1984). Parteien. In L. Burckhardt, R. Frey, G. Kreis & G. Schmid (Hrsg.), Das politische System Basel-Stadt. Geschichte, Strukturen, Institutionen , Politikbereiche (S. 319-332). Verlag Helbing & Lichtenhahn.
source_comment: ",year,1984-07-01T12:00:00,,
595,88,90000,budgeted,"note_translations: languages_code: de-CH
note: Budget ohne Wahlkampfaufwendungen.","page_number_string: 330
notes: 
source_full_citation: Lüthi, W. (1984). Parteien. In L. Burckhardt, R. Frey, G. Kreis & G. Schmid (Hrsg.), Das politische System Basel-Stadt. Geschichte, Strukturen, Institutionen , Politikbereiche (S. 319-332). Verlag Helbing & Lichtenhahn.
source_comment: ",year,1984-07-01T12:00:00,,
596,418,50000,actual,"note_translations: languages_code: de-CH
note: Die Angabe bezieht sich auf die Ausgaben im Rahmen der Nationalratswahlen 1975.","page_number_string: 123
notes: 
source_full_citation: Tschäni, H. (1979). Parteien, Programme, Parolen. Sauerländer & Ex-Libris-Verlag.
source_comment: ",year,1975-07-01T12:00:00,,
