party_id,identifier,color,show_in_cantonal_table_and_graphs,party_name_id,relationship_id_1,relationship_id_2,social_group_id,party_category_id,election_result_id,period_of_service_id,voting_recommendation_id,party_code_id,party_poster_id,number_of_members_id,number_of_employees_id,demography_value_id,party_area_id,party_expense_id,notes,sources,translations_languages_code1,translations_description1,translations_hls_link_external_url1,translations_aps_politchronik_link_external_url1,translations_party_financing_link_external_url1,translations_languages_code2,translations_description2,translations_hls_link_external_url2,translations_aps_politchronik_link_external_url2,translations_party_financing_link_external_url2,founding_date_precision,founding_date_datetime,founding_date_notes,founding_date_sources,dissolution_date_precision,dissolution_date_datetime,dissolution_date_notes,dissolution_date_sources,translations_languages_code3,translations_description3,translations_hls_link_external_url3
1,svp-ch,#4B8A3E,,[1],"[3,9]","[5,12,35,69,90,98,141,174,192,193,232,260,276,287,302,319,336,371,397,420,431,441,460,462,491,511,540,567,588]",[1],[16],"[1,2,3,4,5,6,7,8,9,10,11,12,13,14,106,107,108,109,110,111,112,113,114,115,116,117,118,119,6294,6295,6296,6297,6298,6299,7289,7290,7291,7292,7293,7294,7295,7296,7297,7298,7299,10290,10291,10292,10293,10294,10295,10296,10297,10298,10299,10300,10301,10302,10303]","[1,2,3,4,5,6,7,8,9,562,563,564,565,566,567,568,569,570]","[1,5,7,11,12,13,14,15,16,17,18,19,20,21,22,23,24,25,26,27,28,29,30,31,32,33,34,35,36,37,38,39,40,41,42,43,44,45,46,47,48,49,50,51,52,53,54,55,56,57,58,59,60,61,62,63,64,65,66,67,68,69,70,71,72,73,74,75,76,77,78,79,80,81,82,83,84,85,86,87,88,89,90,91,92,93,94,95,96,97,98,99,100,101,102,103,104,105,106,107,108,109,110,111,112,113,114,115,116,117,118,119,120,121,122,123,124,125,126,127,128,129,130,131,132,133,134,135,136,137,138,139,140,141,142,143,144,145,146,147,148,149,150,151,152,153,154,155,156,157,158,159,160,161,162,163,164,165,166,167,168,169,170,171,172,173,174,175,176,177,178,179,180,181,182,183,184,185,186,187,188,189,190,191,192,193,194,195,196,197,198,199,200,201,202,203,204,205,206,207,208,209,210,211,212,213,214,215,216,217,218,219,220,221,222,223,224,225,226,227,228,229,230,231,232,233,234,235,236,237,238,239,240,241,242,243,244,245,246,247,248,249,250,251,252,253,254,255,256,257,258,259,260,261,262,263,264,265,266,267,268,269,270,271,272,273,274,275,276,277,278,279,280,281,282,283,284,285,286,287,288,289,290,291,292,293,294,295,296,297,298,299,300,301,302,303,304,305,306,307,308,309,310,311,312,313,314,315,316,317,318,319,320,321,322,323,324,325,326,327,328,329,330,331,332,333,334,335,336,337,338,339,340,341,342,343,344,345,346,347,348,349,350,351,352,353,354,355,356,357,358,359,360,361,362,363,364,365,366,367,368,369,370,371,372,373,374,375,376,377,378,379,380,381,382,383,384,385,386,387,388,389,390,391,392,393,394,395,396,397,398,399,400,401,402,403,404,405,406,407,408,409,410,411,412,413,414,415,416,417,418,419,420,421,422,423,424,425,426,427,428,429,430,431,432,433,434,435,436,437,438,439,440,441,442,443,444,445,446,447,448,449,450,451,452,453,454,455,456,457,458,459,460,461,462,463,464,465,466,467,468,469,470,471,472,473,474,475,476]","[1,2,17]","[9,10]","[1340,1341,1342,1343,1344,1345,1346,1347,1402,1403,1404,1405,1406,1407,1408,1409,1452,1454]","[1,2,3,4,5,6,7,8,9]","[1,3,4,5,6,7,8,9,10,11,12,13,14,15,16,17,18,19,20,21,22,23,24,25,26,27,28,29,158,159,160,161,162,163,164,165,166,167,168,169,170,171,172,173,174,175,176,177,178,179,180,181,182,183,184,185,186,187,188,189,190,191,192,193,194,195,196,197,198,199,200,201,202,203,204,205,206,207,208,209,210,211,212,213,214,215,216,217,218,219,220,221,222,223,224,225,226,227,663,664,665,666,667,668,669,670,671,672,673,674,675,676,677,678,679,680,681,682,683,684,685,686,687,688,689,690,691,692,693,694,695,696,697,698,699,700,701,702,703,704,705,706,707,708,709,710,711,712,713,714,715,716,717,718,719,720,721,722,723,724,725,726,727,728,729,730,731,732,12089,12090,12091,12092,12093,12094,12095,12096,12097,12098,12099,12100,12101,12102,12103,12104,12105,12106,12107,12108,12109,12110,12111,12112,12113,12114,12115,12116,16215]",[11],"[386,387,388,389,390,391,392,393,394,395,396,397,398,399,400,401,402,403,404,405,406,407,408,409,410,411,412,413,414,415,416,417,418,674]",,"page_number_string: 
notes: 
source_full_citation: Zehr, B. (12. Dezember 2018). Wie wir bei SRF (neu) Parteien einfärben. Abgerufen am 20. Oktober 2025 von https://medium.com/srf-schweizer-radio-und-fernsehen/wie-wir-bei-srf-parteien-einf%C3%A4rben-9f010f80cf62
source_comment: ",de-CH,,https://hls-dhs-dss.ch/de/articles/017389/,https://anneepolitique.swiss/articles?actors[]=31,https://politikfinanzierung.efk.admin.ch/app/de/party-financings,fr-CH,,https://hls-dhs-dss.ch/fr/articles/017389/,https://anneepolitique.swiss/articles?actors[]=31,https://politikfinanzierung.efk.admin.ch/app/fr/party-financings,exact,1971-09-22T12:00:00,,"page_number_string: 
notes: 
source_full_citation: SVP Schweiz. (2025). Die Geschichte der SVP. Abgerufen am 09. September 2025 von https://www.svp.ch/partei/geschichte/
source_comment: ",,,,,,,
2,sp-ch,#F0554D,,[2],"[618,635]","[13,36,70,91,99,142,175,196,201,202,233,234,261,277,288,303,317,337,338,369,374,400,401,421,434,442,469,493,512,534,541,568,589,619,638,664,666]",[2],[1],"[15,16,17,18,19,20,21,22,23,24,25,26,27,28,29,30,31,32,33,34,35,36,37,38,39,40,41,42,120,121,122,123,124,125,126,127,128,129,130,131,132,133,134,135,136,137,138,139,140,141,142,143,144,145,146,147,5796,6291,7254,7255,7256,7257,7258,7259,7260,7261,7262,7263,7264,7265,7266,7267,7268,7269,7270,7271,7272,7273,7274,7275,7276,7277,7278,7279,10248,10249,10250,10251,10252,10253,10254,10255,10256,10257,10258,10259,10260,10261,10262,10263,10264,10265,10266,10267,10268,10269,10270,10271,10272,10273,10274,10275]","[10,11,12,13,14,15,16,17,18,19,20,21,22,23,24,25,26,27,28,29,30,31,32,33,34,35,36,37,571,572,573,574,575,576,577]","[2,6,8,9,628,629,630,631,632,633,634,635,636,637,638,639,640,641,642,643,644,645,646,647,648,649,650,651,652,653,654,655,656,657,658,659,660,661,662,663,664,665,666,667,668,669,670,671,672,673,674,675,676,677,678,679,680,681,682,683,684,685,686,687,688,689,690,691,692,693,694,695,696,697,698,699,700,701,702,703,704,705,706,707,708,709,710,711,712,713,714,715,716,717,718,719,720,721,722,723,724,725,726,727,728,729,730,731,732,733,734,735,736,737,738,739,740,741,742,743,744,745,746,747,748,749,750,751,752,753,754,755,756,757,758,759,760,761,762,763,764,765,766,767,768,769,770,771,772,773,774,775,776,777,778,779,780,781,782,783,784,785,786,787,788,789,790,791,792,793,794,795,796,797,798,799,800,801,802,803,804,805,806,807,808,809,810,811,812,813,814,815,816,817,818,819,820,821,822,823,824,825,826,827,828,829,830,831,832,833,834,835,836,837,838,839,840,841,842,843,844,845,846,847,848,849,850,851,852,853,854,855,856,857,858,859,860,861,862,863,864,865,866,867,868,869,870,871,872,873,874,875,876,877,878,879,880,881,882,883,884,885,886,887,888,889,890,891,892,893,894,895,896,897,898,899,900,901,902,903,904,905,906,907,908,909,910,911,912,913,914,915,916,917,918,919,920,921,922,923,924,925,926,927,928,929,930,931,932,933,934,935,936,937,938,939,940,941,942,943,944,945,946,947,948,949,950,951,952,953,954,955,956,957,958,959,960,961,962,963,964,965,966,967,968,969,970,971,972,973,974,975,976,977,978,979,980,981,982,983,984,985,986,987,988,989,990,991,992,993,994,995,996,997,998,999,1000,1001,1002,1003,1004,1005,1006,1007,1008,1009,1010,1011,1012,1013,1014,1015,1016,1017,1018,1019,1020,1021,1022,1023,1024,1025,1026,1027,1028,1029,1030,1031,1032,1033,1034,1035,1036,1037,1038,1039,1040,1041,1042,1043,1044,1045,1046,1047,1048,1049,1050,1051,1052,1053,1054,1055,1056,1057,1058,1059,1060,1061,1062,1063,1064,1065,1066,1067,1068,1069,1070,1071,1072,1073,1074,1075,1076,1077,1078,1079,1080,1081,1082,1083,1084,1085,1086,1087,1088,1089,1090,1091,1092,1093,1094,1095,1096,1097,1098,1099,1100,1101,1102,1103,1104,1105,1106,1107,1108,1109,1110,1111,1112,1113,1114,1115,1116,1117,1118,1119,1120,1121,1122,1123,1124,1125,1126,1127,1128,1129,1130,1131,1132,1133,1134,1135,1136,1137,1138,1139,1140,1141,1142,1143,1144,1145,1146,1147,1148,1149,1150,1151,1152,1153,1154,1155,1156,1157,1158,1159,1160,1161,1162,1163,1164,1165,1166,1167,1168,1169,1170,1171,1172,1173,1174,1175,1176,1177,1178,1179,1180,1181,1182,1183,1184,1185,1186,1187,1188,1189,1190,1191,1192,1193,1194,1195,1196,1197,1198,1199,1200,1201,1202,1203,1204,1205,1206,1207,1208,1209,1210,1211,1212,1213,1214,1215,1216,1217,1218,1219,1220,1221,1222,1223,1224,1225,1226,1227,1228,1229,1230,1231,1232,1233,1234,1235,1236,1237,1238,1239,1240,1241,1242,1243,1244,1245,1246,1247,1248,1249,1250,1251,1252,1253,1254,1255,1256,1257,1258,1259,1260,1261,1262,1263,1264,1265,1266,1267,1268,1269,1270,1271,1272,1273,1274,1275,1276,1277,1278,1279,1280,1281,1282,1283,1284,1285,1286,1287,1288,1289,1290,1291,1292,1293,1294,1295]","[3,4,16]","[1,2,3,4,5,6,7,8,11,12,13]","[1172,1410,1411,1412,1413,1414,1415,1416,1417,1418,1419,1420,1421,1422,1423,1424,1425,1426,1427,1428,1429,1430,1431,1432,1433,1434,1435,1436,1437,1438,1439,1440,1441,1442,1443,1444,1445,1446,1447,1448,1451,1453,1492]","[10,11,12,13,14,15,16,17,293,294,295,296,297,298,299,300,301,302,303,304,305,306,307,308]","[30,31,32,33,34,35,36,37,38,39,40,41,42,43,44,45,46,47,48,49,50,51,52,53,54,55,56,57,228,229,230,231,232,233,234,235,236,237,238,239,240,241,242,243,244,245,246,247,248,249,250,251,252,253,254,255,256,257,258,259,260,261,262,263,264,265,266,267,268,269,270,271,272,273,274,275,276,277,278,279,280,281,282,283,284,285,286,287,288,289,290,291,292,293,294,295,296,297,733,734,735,736,737,738,739,740,741,742,743,744,745,746,747,748,749,750,751,752,753,754,755,756,757,758,759,760,761,762,763,764,765,766,767,768,769,770,771,772,773,774,775,776,777,778,779,780,781,782,783,784,785,786,787,788,789,790,791,792,793,794,795,796,797,798,799,800,801,802,12117,12118,12119,12120,12121,12122,12123,12124,12125,12126,12127,12128,12129,12130,12131,12132,12133,12134,12135,12136,12137,12138,12139,12140,12141,12142,12143,12144]",[7],"[618,619,620,621,622,623,624,625,626,627,628,629,630,631,632,633,634,635,636,637,638,639,640,641,642,643,644,645,646,647,648,649,650,651,652,653,654,655,656,657,658,659,660,661,662,663,664,665,666,667,668,669,670,671,672,673,676]",,"page_number_string: 
notes: 
source_full_citation: Zehr, B. (12. Dezember 2018). Wie wir bei SRF (neu) Parteien einfärben. Abgerufen am 20. Oktober 2025 von https://medium.com/srf-schweizer-radio-und-fernsehen/wie-wir-bei-srf-parteien-einf%C3%A4rben-9f010f80cf62
source_comment: ",de-CH,,https://hls-dhs-dss.ch/de/articles/017393/,,https://politikfinanzierung.efk.admin.ch/app/de/party-financings,fr-CH,,https://hls-dhs-dss.ch/fr/articles/017393/,,,exact,1888-10-21T12:00:00,,"page_number_string: 
notes: 
source_full_citation: Wikipedia. (2025). Sozialdemokratische Partei der Schweiz. Abgerufen am 09. September 2025 von https://de.wikipedia.org/wiki/Sozialdemokratische_Partei_der_Schweiz
source_comment: ",,,,,,,
3,fdplib-ch,#3B79BF,,[3],"[1,6]","[18,38,72,93,101,135,144,177,203,205,210,240,263,280,290,305,322,342,377,403,424,435,444,471,495,514,544,545,573,592,593,596]",[3],[15],"[43,44,45,46,148,149,150,151,6290,7226,7227,7228,7229,7230,7231,7232,10216,10217,10218,10219]","[38,39,40,41]","[3,2061,2062,2063,2064,2065,2066,2067,2068,2069,2070,2071,2072,2073,2074,2075,2076,2077,2078,2079,2080,2081,2082,2083,2084,2085,2086,2087,2088,2089,2090,2091,2092,2093,2094,2095,2096,2097,2098,2099,2100,2101,2102,2103,2104,2105,2106,2107,2108,2109,2110,2111,2112,2113,2114,2115,2116,2117,2118,2119,2120,2121,2122,2123,2124,2125,2126,2127,2128,2129,2130,2131,2132,2133,2134,2135,2136,2137,2138,2139,2140,2141,2142,2143,2144,2145,2146,2147,2148,2149,2150,2151,2152,2153,2154,2155,2156,2157,2158,2159,2160,2161,2162,2163,2164,2165,2166,2167,2168,2169,2170,2171,2172,2173,2174,2175,2176,2177,2178,2179,2180,2181,2182,2183,2184,2185,2186,2187,2188,2189,2190,2191,2192,2193,2194,2195,2196,2197,2198,2199,2200,2201,2202,2203,2204]","[5,11,19]",[],"[1508,1509,1510,1511,1512,1527,1528]","[316,317,318,319]","[148,149,150,151,152,153,154,155,348,349,350,351,352,353,354,355,356,357,358,359,360,361,362,363,364,365,366,367,853,854,855,856,857,858,859,860,861,862,863,864,865,866,867,868,869,870,871,872,12145,12146,12147,12148,12149,12150,12151,12152]",[1],"[689,690,691,692,693]",,"page_number_string: 
notes: 
source_full_citation: Zehr, B. (12. Dezember 2018). Wie wir bei SRF (neu) Parteien einfärben. Abgerufen am 20. Oktober 2025 von https://medium.com/srf-schweizer-radio-und-fernsehen/wie-wir-bei-srf-parteien-einf%C3%A4rben-9f010f80cf62
source_comment: ",de-CH,,,,https://politikfinanzierung.efk.admin.ch/app/de/party-financings,,,,,,exact,2009-01-01T12:00:00,,"page_number_string: 
notes: 
source_full_citation: Bernath, M., Bühlmann, M., Hohl, S. & Schoenholtz, S. (2025). Ausgewählte Beiträge zur Schweizer Politik: Dossier: Die Fusion von LPS und FDP, 2003-2013. Année Politique Suisse. Abgerufen am 09. September 2025 von https://anneepolitique.swiss/dossiers/384-dossier-die-fusion-von-lps-und-fdp
source_comment: ",,,,,,,
4,mitte-ch,#D6862B,,[4],"[2,4]","[21,31,40,43,61,75,95,103,125,145,146,163,180,213,217,219,242,265,282,292,306,308,314,324,346,348,363,379,406,427,437,446,474,476,496,498,501,519,521,549,551,554,580,599,607]",[4],[14],"[47,152,6284,7250,7251,7252,7253,10247]","[42,43,611,612]","[584,585,586,587,588,589,590,591,592,593,594,595,596,597,598,599,600,601,602,603,604,605,606,607,608,609,610,611,612,613,614,615,616,617,618,619,620,621,622,623,624,625,626,627]","[8,18]",[],"[1529,1530,1531,1532]",[320],"[156,157,368,369,370,371,372,873,874,875,876,877,12153,12154]",[2],"[694,695,696,697,698,699]",,"page_number_string: 
notes: 
source_full_citation: Zehr, B. (12. Dezember 2018). Wie wir bei SRF (neu) Parteien einfärben. Abgerufen am 20. Oktober 2025 von https://medium.com/srf-schweizer-radio-und-fernsehen/wie-wir-bei-srf-parteien-einf%C3%A4rben-9f010f80cf62
source_comment: ",,,,,,,,,,,exact,2021-01-01T12:00:00,,"page_number_string: 360
notes: 
source_full_citation: Ladner, A. & Brändle, M. (2001). Die Schweizer Parteien im Wandel: Von Mitgliederparteien zu professionalisierten Wählerorganisationen? Seismo Verlag.
source_comment: ",,,,,,,
5,gruene-ch,#84B547,,"[6,7,8,9,199]",[],"[22,44,45,48,49,53,54,56,78,79,96,104,105,106,108,110,112,149,150,152,155,169,170,181,222,223,243,248,249,269,270,271,283,297,298,310,325,326,349,350,352,353,382,383,407,418,438,448,449,478,479,481,504,522,557,559,581,600,626]",[5],[13],"[48,49,50,51,52,53,54,55,56,57,58,59,60,153,154,155,156,157,158,159,160,161,162,163,164,165,7306,7307,7308,7309,7310,7311,7312,7313,7314,7315,10367,10368,10369,10370,10371,10372,10373,10374,10375,10376,10377]","[44,45,46,47,48,49,50,51,52,53,54,55,56,57,58,59]",[10],"[6,7,21]",[],"[1551,1552,1553,1554,1555,1556,1557,1558,1559,1560,1561,1562,1563,1564,1565,1566,1567,1568,1569,1570]","[332,333,334,335,336,337,338]","[112,113,114,115,116,117,118,119,120,121,122,123,124,125,126,127,128,129,130,131,132,133,134,135,136,137,438,439,440,441,442,443,444,445,446,447,448,449,450,451,452,453,454,455,456,457,458,459,460,461,462,463,464,465,466,467,468,469,470,471,472,473,474,475,476,477,478,479,480,481,482,483,484,485,486,487,488,489,490,491,492,493,494,495,496,497,498,499,500,501,502,943,944,945,946,947,948,949,950,951,952,953,954,955,956,957,958,959,960,961,962,963,964,965,966,967,968,969,970,971,972,973,974,975,976,977,978,979,980,981,982,983,984,985,986,987,988,989,990,991,992,993,994,995,996,997,998,999,1000,1001,1002,1003,1004,1005,1006,1007,12155,12156,12157,12158,12159,12160,12161,12162,12163,12164]",[3],"[719,720,721,722,723,724,725,726,727,728,729,730,731,732,733,734,735,736,737,738,739,740,741,742,743,744,745,746,747,748,749,750,751,752,753,754,755,756,757,758,759,760,761]",,"page_number_string: 
notes: 
source_full_citation: Zehr, B. (12. Dezember 2018). Wie wir bei SRF (neu) Parteien einfärben. Abgerufen am 20. Oktober 2025 von https://medium.com/srf-schweizer-radio-und-fernsehen/wie-wir-bei-srf-parteien-einf%C3%A4rben-9f010f80cf62
source_comment: ",de-CH,,https://hls-dhs-dss.ch/de/articles/017413/,,,fr-CH,,https://hls-dhs-dss.ch/fr/articles/017413/,,,exact,1983-05-28T12:00:00,,"page_number_string: 3
notes: 
source_full_citation: Grüne Schweiz (2023). Geschichte der Grünen in der Schweiz. Abgerufen am 09. September 2025 von https://gruene.ch/wp-content/uploads/2023/07/230509_Geschichte-der-Gruenen_d.pdf
source_comment: ",,,,,,,
6,glp-ch,#C4C43D,,[5],[626],"[23,57,80,97,114,159,182,224,250,273,284,299,311,329,354,384,408,410,439,450,483,505,523,563,582,601]",[6],[12],"[61,62,63,64,65,166,167,168,169,170,7303,7304,7305,10359,10360,10361,10362,10363]","[60,61]",[4],"[9,10,24]",[],"[1571,1572,1573,1574,1575,1576,1577,1578]",[339],"[138,139,140,141,142,143,144,145,146,147,503,504,505,506,507,508,509,510,511,512,513,514,515,516,517,518,519,520,521,522,523,524,525,526,527,1008,1009,1010,1011,1012,1013,1014,1015,1016,1017,1018,1019,1020,1021,1022,1023,1024,1025,1026,1027,1028,1029,1030,1031,1032,12165,12166,12167,12168,12169,12170]",[4],"[762,763,764,765,766]",,"page_number_string: 
notes: 
source_full_citation: Zehr, B. (12. Dezember 2018). Wie wir bei SRF (neu) Parteien einfärben. Abgerufen am 20. Oktober 2025 von https://medium.com/srf-schweizer-radio-und-fernsehen/wie-wir-bei-srf-parteien-einf%C3%A4rben-9f010f80cf62
source_comment: ",,,,,,,,,,,exact,2007-07-19T12:00:00,,"page_number_string: 
notes: 
source_full_citation: Wikipedia. (2025). Grünliberale Partei. Abgerufen am 09. September 2025 von https://de.wikipedia.org/wiki/Gr%C3%BCnliberale_Partei
source_comment: ",,,,,,,
7,evp-ch,#DEAA28,,"[15,16]",[],"[25,58,81,115,117,160,183,274,333,355,385,387,411,412,428,451,452,484,506,524,564,583,602]",[7],[11],"[66,67,68,69,70,71,72,73,74,75,76,77,78,79,80,81,82,83,84,85,86,87,88,89,90,91,92,171,172,173,174,175,176,177,178,179,180,181,182,183,184,185,186,187,188,189,190,191,192,193,194,195,196,197,198,6302]","[62,63,64,65,66,67,68,69,70,71,72,73,74,75]",[],"[12,13,25]",[],"[1581,1582,1583,1584,1585,1586,1587,1588,1589,1590,1591,1592]","[340,341,342,343,344]","[58,59,60,61,62,63,64,65,66,67,68,69,70,71,72,73,74,75,76,77,78,79,80,81,82,83,84,85,528,529,530,531,532,533,534,535,536,537,538,539,540,541,542,543,544,545,546,547,548,549,550,551,552,553,554,555,556,557,558,559,560,561,562,563,564,565,566,567,568,569,570,571,572,573,574,575,576,577,578,579,580,581,582,583,584,585,586,587,588,589,590,591,592,593,594,595,596,597,1033,1034,1035,1036,1037,1038,1039,1040,1041,1042,1043,1044,1045,1046,1047,1048,1049,1050,1051,1052,1053,1054,1055,1056,1057,1058,1059,1060,1061,1062,1063,1064,1065,1066,1067,1068,1069,1070,1071,1072,1073,1074,1075,1076,1077,1078,1079,1080,1081,1082,1083,1084,1085,1086,1087,1088,1089,1090,1091,1092,1093,1094,1095,1096,1097,1098,1099,1100,1101,1102,12171,12172]",[5],"[767,768,769,770,771,772,773,774,775,776,777,778,779,780,781,782,783,784,785,786,787,788,789,790,791,792,793,794]",,"page_number_string: 
notes: 
source_full_citation: Zehr, B. (12. Dezember 2018). Wie wir bei SRF (neu) Parteien einfärben. Abgerufen am 20. Oktober 2025 von https://medium.com/srf-schweizer-radio-und-fernsehen/wie-wir-bei-srf-parteien-einf%C3%A4rben-9f010f80cf62
source_comment: ",de-CH,,https://hls-dhs-dss.ch/de/articles/017387/,,,fr-CH,,https://hls-dhs-dss.ch/fr/articles/017387/,,,exact,1919-05-10T12:00:00,,"page_number_string: 
notes: 
source_full_citation: EVP Schweiz. (2025). Geschichte. Abgerufen am 09. September 2025 von https://www.evppev.ch/partei/geschichte
source_comment: ",,,,,,,
8,edu-ch,#AB6244,,[17],"[32,537]","[26,59,118,161,251,312,334,361,388,390,416,440,454,490,507,525,565,584,603]",[8],[10],"[93,94,95,96,97,98,99,100,101,102,103,104,105,199,200,201,202,203,204,205,206,207,208,209,210,211]",[],[],"[14,15,26]",[],"[1593,1594,1595,1596]",[],"[86,87,88,89,90,91,92,93,94,95,96,97,98,99,100,101,102,103,104,105,106,107,108,109,110,111,598,599,600,601,602,603,604,605,606,607,608,609,610,611,612,613,614,615,616,617,618,619,620,621,622,623,624,625,626,627,628,629,630,631,632,633,634,635,636,637,638,639,640,641,642,643,644,645,646,647,648,649,650,651,652,653,654,655,656,657,658,659,660,661,662,1103,1104,1105,1106,1107,1108,1109,1110,1111,1112,1113,1114,1115,1116,1117,1118,1119,1120,1121,1122,1123,1124,1125,1126,1127,1128,1129,1130,1131,1132,1133,1134,1135,1136,1137,1138,1139,1140,1141,1142,1143,1144,1145,1146,1147,1148,1149,1150,1151,1152,1153,1154,1155,1156,1157,1158,1159,1160,1161,1162,1163,1164,1165,1166,1167]",[6],[],,"page_number_string: 
notes: 
source_full_citation: Zehr, B. (12. Dezember 2018). Wie wir bei SRF (neu) Parteien einfärben. Abgerufen am 20. Oktober 2025 von https://medium.com/srf-schweizer-radio-und-fernsehen/wie-wir-bei-srf-parteien-einf%C3%A4rben-9f010f80cf62
source_comment: ",de-CH,,https://hls-dhs-dss.ch/de/articles/043026/,,,fr-CH,,https://hls-dhs-dss.ch/fr/articles/043026/,,,exact,1975-09-03T12:00:00,,"page_number_string: 
notes: 
source_full_citation: EDU Kanton Zürich. (2001). Kurzportrait. Abgerufen am 09. September 2025 von https://web.archive.org/web/20010220072000/http://edu-zh.ch/edukurzp.htm
source_comment: ",,,,,,,
9,fdp-ch,#4785C2,,[10],"[10,510]","[1,15,17,37,71,92,100,143,176,204,207,209,239,262,279,289,304,321,339,341,376,402,422,423,432,443,470,494,513,542,543,569,570,572,590,591]",[9],[9],"[212,213,214,215,216,217,218,219,220,221,222,223,224,225,226,227,228,229,230,231,232,233,234,235,236,237,238,239,240,241,242,243,244,245,246,247,248,249,250,251,252,253,254,255,256,257,258,259,5797,5801,6285,6286,6287,6288,6289,7198,7199,7200,7201,7202,7203,7204,7205,7206,7207,7208,7209,7210,7211,7212,7213,7214,7215,7216,7217,7218,7219,7220,7221,10192,10193,10194,10195,10196,10197,10198,10199,10200,10201,10202,10203,10204,10205,10206,10207,10208,10209,10210,10211,10212,10213,10214,10215]","[76,77,78,79,80,81,82,83,84,85,86,87,88,89,90,91,92,93,94,95,96,97,98,99,100,101,102,103]","[2205,2206,2207,2208,2209,2210,2211,2212,2213,2214,2215,2216,2217,2218,2219,2220,2221,2222,2223,2224,2225,2226,2227,2228,2229,2230,2231,2232,2233,2234,2235,2236,2237,2238,2239,2240,2241,2242,2243,2244,2245,2246,2247,2248,2249,2250,2251,2252,2253,2254,2255,2256,2257,2258,2259,2260,2261,2262,2263,2264,2265,2266,2267,2268,2269,2270,2271,2272,2273,2274,2275,2276,2277,2278,2279,2280,2281,2282,2283,2284,2285,2286,2287,2288,2289,2290,2291,2292,2293,2294,2295,2296,2297,2298,2299,2300,2301,2302,2303,2304,2305,2306,2307,2308,2309,2310,2311,2312,2313,2314,2315,2316,2317,2318,2319,2320,2321,2322,2323,2324,2325,2326,2327,2328,2329,2330,2331,2332,2333,2334,2335,2336,2337,2338,2339,2340,2341,2342,2343,2344,2345,2346,2347,2348,2349,2350,2351,2352,2353,2354,2355,2356,2357,2358,2359,2360,2361,2362,2363,2364,2365,2366,2367,2368,2369,2370,2371,2372,2373,2374,2375,2376,2377,2378,2379,2380,2381,2382,2383,2384,2385,2386,2387,2388,2389,2390,2391,2392,2393,2394,2395,2396,2397,2398,2399,2400,2401,2402,2403,2404,2405,2406,2407,2408,2409,2410,2411,2412,2413,2414,2415,2416,2417,2418,2419,2420,2421,2422,2423,2424,2425,2426,2427,2428,2429,2430,2431,2432,2433,2434,2435,2436,2437,2438,2439,2440,2441,2442,2443,2444,2445,2446,2447,2448,2449,2450,2451,2452,2453,2454,2455,2456,2457,2458,2459,2460,2461,2462,2463,2464,2465,2466,2467,2468,2469,2470,2471,2472,2473,2474,2475,2476,2477,2478,2479,2480,2481,2482,2483,2484,2485,2486,2487,2488,2489,2490,2491,2492,2493,2494,2495,2496,2497,2498,2499,2500,2501,2502,2503,2504,2505,2506,2507,2508,2509,2510,2511,2512,2513,2514,2515,2516,2517,2518,2519,2520,2521,2522,2523,2524,2525,2526,2527,2528,2529,2530,2531,2532,2533,2534,2535,2536,2537,2538,2539,2540,2541,2542,2543,2544,2545,2546,2547,2548,2549,2550,2551,2552,2553,2554,2555,2556,2557,2558,2559,2560,2561,2562,2563,2564,2565,2566,2567,2568,2569,2570,2571,2572,2573,2574,2575,2576,2577,2578,2579,2580,2581,2582,2583,2584,2585,2586,2587,2588,2589,2590,2591,2592,2593,2594,2595,2596,2597,2598,2599,2600,2601,2602,2603,2604,2605,2606,2607,2608,2609,2610,2611,2612,2613,2614,2615,2616,2617,2618,2619,2620,2621,2622,2623,2624,2625,2626,2627,2628,2629,2630,2631,2632,2633,2634,2635,2636,2637,2638,2639,2640,2641,2642,2643,2644,2645,2646,2647,2648,2649,2650,2651,2652,2653,2654,2655,2656,2657,2658,2659,2660,2661,2662,2663,2664,2665,2666,2667,2668,2669,2670,2671,2672,2673,2674,2675,2676,2677,2678,2679,2680,2681,2682,2683,2684,2685,2686,2687,2688,2689,2690,2691,2692,2693,2694,2695,2696,2697,2698,2699,2700,2701,2702,2703,2704,2705,2706,2707,2708,2709,2710,2711,2712,2713,2714,2715,2716,2717,2718,2719,2720]","[20,22]",[],"[1494,1495,1496,1497,1498,1499,1500,1501,1502,1503,1504,1505,1506,1507]","[309,310,311,312,313,314,315]","[298,299,300,301,302,303,304,305,306,307,308,309,310,311,312,313,314,315,316,317,318,319,320,321,322,323,324,325,326,327,328,329,330,331,332,333,334,335,336,337,338,339,340,341,342,343,344,345,346,347,803,804,805,806,807,808,809,810,811,812,813,814,815,816,817,818,819,820,821,822,823,824,825,826,827,828,829,830,831,832,833,834,835,836,837,838,839,840,841,842,843,844,845,846,847,848,849,850,851,852,12173,12174,12175,12176,12177,12178,12179,12180,12181,12182,12183,12184,12185,12186,12187,12188,12189,12190,12191,12192]",[8],"[677,678,679,680,681,682,683,684,685,686,687,688]",,,de-CH,,https://hls-dhs-dss.ch/de/articles/017378/,,,fr-CH,,https://hls-dhs-dss.ch/fr/articles/017378/,,,exact,1894-02-25T12:00:00,,"page_number_string: 152
notes: 
source_full_citation: Nef, M. (1952). Die politischen Parteien der Schweiz in den letzten 150 Jahren. In A. Baur (Hrsg.), Jahrbuch der eidgenössischen Räte 1952. Verbandsdruckerei AG Bern.
source_comment: ",exact,2009-01-01T12:00:00,,,,,
10,cvp-ch,#D78C56,,"[11,12,13]",[14],"[2,20,42,74,85,87,94,102,126,147,179,212,214,216,218,221,241,264,267,281,286,291,293,307,323,330,332,345,378,405,426,433,436,445,475,485,497,515,518,528,550,578,579,598,616,617,645,656,663]",[10],[8],"[260,261,262,263,264,265,266,267,268,269,270,271,272,273,274,275,276,277,278,279,280,281,282,283,284,285,286,287,288,289,290,291,292,293,294,295,296,297,298,299,300,301,302,303,304,305,306,307,308,309,310,311,312,313,6279,6280,6281,6282,6283,7233,7234,7235,7236,7237,7238,7239,7240,7241,7242,7243,7244,7245,7246,7247,7248,7249,10220,10221,10222,10223,10224,10225,10226,10227,10228,10229,10230,10231,10232,10233,10234,10235,10236,10237,10238,10239,10240,10241,10242,10243,10244,10245,10246]","[109,110,111,112,113,114,115,116,117,118,119,120,121,122,123,124,125,126,127,128,129,130,131,132,133,599,600,601,602,603,604,605,606,607,608,609,610]","[1296,1297,1298,1299,1300,1301,1302,1303,1304,1305,1306,1307,1308,1309,1310,1311,1312,1313,1314,1315,1316,1317,1318,1319,1320,1321,1322,1323,1324,1325,1326,1327,1328,1329,1330,1331,1332,1333,1334,1335,1336,1337,1338,1339,1340,1341,1342,1343,1344,1345,1346,1347,1348,1349,1350,1351,1352,1353,1354,1355,1356,1357,1358,1359,1360,1361,1362,1363,1364,1365,1366,1367,1368,1369,1370,1371,1372,1373,1374,1375,1376,1377,1378,1379,1380,1381,1382,1383,1384,1385,1386,1387,1388,1389,1390,1391,1392,1393,1394,1395,1396,1397,1398,1399,1400,1401,1402,1403,1404,1405,1406,1407,1408,1409,1410,1411,1412,1413,1414,1415,1416,1417,1418,1419,1420,1421,1422,1423,1424,1425,1426,1427,1428,1429,1430,1431,1432,1433,1434,1435,1436,1437,1438,1439,1440,1441,1442,1443,1444,1445,1446,1447,1448,1449,1450,1451,1452,1453,1454,1455,1456,1457,1458,1459,1460,1461,1462,1463,1464,1465,1466,1467,1468,1469,1470,1471,1472,1473,1474,1475,1476,1477,1478,1479,1480,1481,1482,1483,1484,1485,1486,1487,1488,1489,1490,1491,1492,1493,1494,1495,1496,1497,1498,1499,1500,1501,1502,1503,1504,1505,1506,1507,1508,1509,1510,1511,1512,1513,1514,1515,1516,1517,1518,1519,1520,1521,1522,1523,1524,1525,1526,1527,1528,1529,1530,1531,1532,1533,1534,1535,1536,1537,1538,1539,1540,1541,1542,1543,1544,1545,1546,1547,1548,1549,1550,1551,1552,1553,1554,1555,1556,1557,1558,1559,1560,1561,1562,1563,1564,1565,1566,1567,1568,1569,1570,1571,1572,1573,1574,1575,1576,1577,1578,1579,1580,1581,1582,1583,1584,1585,1586,1587,1588,1589,1590,1591,1592,1593,1594,1595,1596,1597,1598,1599,1600,1601,1602,1603,1604,1605,1606,1607,1608,1609,1610,1611,1612,1613,1614,1615,1616,1617,1618,1619,1620,1621,1622,1623,1624,1625,1626,1627,1628,1629,1630,1631,1632,1633,1634,1635,1636,1637,1638,1639,1640,1641,1642,1643,1644,1645,1646,1647,1648,1649,1650,1651,1652,1653,1654,1655,1656,1657,1658,1659,1660,1661,1662,1663,1664,1665,1666,1667,1668,1669,1670,1671,1672,1673,1674,1675,1676,1677,1678,1679,1680,1681,1682,1683,1684,1685,1686,1687,1688,1689,1690,1691,1692,1693,1694,1695,1696,1697,1698,1699,1700,1701,1702,1703,1704,1705,1706,1707,1708,1709,1710,1711,1712,1713,1714,1715,1716,1717,1718,1719,1720,1721,1722,1723,1724,1725,1726,1727,1728,1729,1730,1731,1732,1733,1734,1735,1736,1737,1738,1739,1740,1741,1742,1743,1744,1745,1746,1747,1748,1749,1750,1751,1752,1753,1754,1755,1756,1757,1758,1759,1760,1761,1762,1763,1764,1765,1766,1767,1768,1769,1770,1771,1772,1773,1774,1775,1776,1777,1778,1779,1780,1781,1782,1783,1784,1785,1786,1787,1788,1789,1790,1791,1792,1793,1794,1795,1796,1797,1798,1799,1800,1801,1802,1803,1804,1805,1806,1807,1808,1809,1810,1811,1812,1813,1814,1815,1816,1817,1818,1819,1820,1821,1822,1823,1824,1825,1826,1827,1828,1829,1830,1831,1832,1833,1834,1835,1836,1837,1838,1839,1840,1841,1842,1843,1844,1845,1846,1847,1848,1849,1850,1851,1852,1853,1854,1855,1856,1857,1858,1859,1860,1861,1862,1863,1864,1865,1866,1867,1868,1869,1870,1871,1872,1873,1874,1875,1876,1877,1878,1879,1880]","[23,412]",[],"[1449,1536,1537,1538,1539,1540,1541,1542,1543,1544,1545,1546,1547,1548,1549,1550]","[321,322,323,324,325,326,327,328,329,330,331]","[373,374,375,376,377,378,379,380,381,382,383,384,385,386,387,388,389,390,391,392,393,394,395,396,397,398,399,400,401,402,403,404,405,406,407,408,409,410,411,412,413,414,415,416,417,418,419,420,421,422,423,424,425,426,427,428,429,430,431,432,433,434,435,436,437,878,879,880,881,882,883,884,885,886,887,888,889,890,891,892,893,894,895,896,897,898,899,900,901,902,903,904,905,906,907,908,909,910,911,912,913,914,915,916,917,918,919,920,921,922,923,924,925,926,927,928,929,930,931,932,933,934,935,936,937,938,939,940,941,942,12193,12194,12195,12196,12197,12198,12199,12200,12201,12202,12203,12204,12205,12206,12207,12208,12209,12210,12211,12212,12213,12214,12215,12216,12217,12218]",[9],"[597,598,599,700,701,702,703,704,705,706,707,708,709,710,711,712,713,714,715,716,717,718]",,,de-CH,,https://hls-dhs-dss.ch/de/articles/017377/,,,fr-CH,,https://hls-dhs-dss.ch/fr/articles/017377/,,,exact,1912-04-22T12:00:00,"note_translations: languages_code: de-CH
note: Gründungsjahr gemäss Mehrheit der politikwissenschaftlichen Forschung (vgl. Vatter 2020, Linder et al. 2010: 696, Ladner 2022: 110, Gruner 1977: 111 und Frey & Dubs 1974: 9). Alternativ gibt es gem. HLS und dem statistischen Bericht BfS 1919-1928 die Ansicht, dass bereits im Jahr 1894 die CVP als ""Katholische Volkspartei"" gegründet wurde.","page_number_string: 
notes: 
source_full_citation: Wikipedia. (2025). Christlichdemokratische Volkspartei. Abgerufen am 22. September 2025 von https://de.wikipedia.org/wiki/Christlichdemokratische_Volkspartei
source_comment: ",exact,2021-01-01T12:00:00,,,,,
11,bgb-ch,#466E3B,,[14],[300],"[3,11,34,121,140,231,335,372,396,492,539]",[11],[7],"[314,315,316,317,318,319,320,321,322,323,324,325,326,327,328,329,6293,7287,7288,10282,10283,10284,10285,10286,10287,10288,10289]","[104,105,106,107,108]","[477,478,479,480,481,482,483,484,485,486,487,488,489,490,491,492,493,494,495,496,497,498,499,500,501,502,503,504,505,506,507,508,509,510,511,512,513,514,515,516,517,518,519,520,521,522,523,524,525,526,527,528,529,530,531,532,533,534,535,536,537,538,539,540,541,542,543,544,545,546,547,548,549,550,551,552,553,554,555,556,557,558,559,560,561,562,563,564,565,566,567,568,569,570,571,572,573,574,575,576,577,578,579,580,581,582,583]","[132,413]",[],[1597],[],[],[10],[],,,,,,,,,,,,,exact,1936-12-23T12:00:00,"note_translations: languages_code: de-CH
note: Konstituierung: 30. Januar 1937","page_number_string: 
notes: 
source_full_citation: SVP Schweiz. (2025). Die Geschichte der SVP. Abgerufen am 23. September 2025 von https://www.svp.ch/partei/geschichte/
source_comment: ",exact,1971-09-22T12:00:00,,,,,
12,lega-ti,#9070D4,1,[18],[],[],[12],[6],"[330,331,332,333,334,335,336,337,338,339,340,341,342,343,344,345,346,347,4634,4635,4636,4637,4638,4639,4640,4641,4642,4776,4777,4778,4779,4780,4781,4782,4783,4784,4915,4960,4961,4962,4963,4964,4965,4966,4967,4968,5108,5109,5110,5111,5112,5113,5114,5115,5116,5257,5258,5259,5260,5261,5262,5263,5264,10378,10379,10380,10381,10382,10383,10384,10385]",[],[],[30],[],"[1598,1599,1600,1601]",[],"[1168,1169,1170,1171,1172,1173,1174,1175,1176,1177,1178,1179,1180,1181,1182,1183,1184,1185,1186,1187,1188,1189,1190,1191,1192,1193,1194,1195,1196,1197,1198,1199,1200,1201,1202,1203,1204,1205,1206,1207,1208,1209,1210,1211,1212,1213,1214,1215,1216,1217,1218,1219,1220,1221,1222,1223,1224,1225,1226,1227,1228,1229,1230,1231,1232,1233,1234,1235,1236,1237,1238,1239,1240,1241,1242,1243,1244,1245,1246,1247,1248,1249,1250,1251,1252,1253,1254,1255,1256,1257,1258,1259,1260,1261,1262,1263,1264,1265,1266,1267,1268,1269,1270,1271,1272,1273,1274,1275,1276,1277,1278,1279,1280,1281,1282,1283,1284,1285,1286,1287,1288,1289,1290,1291,1292,1293,5613,5614,5615,5616,5617,5618,5619,5620,5621,5622,5623,5624,5625,5626,5627,5628,5629,5630,5797,5798,5799,5800,5801,5802,5803,5804,5805,5806,5807,5808,5809,5810,5811,5812,5813,5814,5980,5981,6055,6056,6057,6058,6059,6060,6061,6062,6063,6064,6065,6066,6067,6068,6069,6070,6071,6072,6239,6240,6241,6242,6243,6244,6245,6246,6247,6248,6249,6250,6251,6252,6253,6254,12219,12220]",[12],[],,"page_number_string: 
notes: 
source_full_citation: Zehr, B. (12. Dezember 2018). Wie wir bei SRF (neu) Parteien einfärben. Abgerufen am 20. Oktober 2025 von https://medium.com/srf-schweizer-radio-und-fernsehen/wie-wir-bei-srf-parteien-einf%C3%A4rben-9f010f80cf62
source_comment: ",,,,,,,,,,,exact,1991-01-17T12:00:00,,"page_number_string: 
notes: 
source_full_citation: Lega cantone Ticino. (2025). La storia della Lega dei Ticinesi. Consultato online il 30 settembre 2025 presso https://lega-dei-ticinesi.ch/storia/
source_comment: ",,,,,,,
13,bdp-ch,#E6C820,,[19],[5],"[4,29,60,89,123,162,225,275,313,362,380,455,461,500,520,553,586,606]",[13],[5],"[348,349,350,351,352,353,6300,6301,7300,7301,10364,10365,10366]","[134,135]",[],"[29,302]",[],"[1604,1605,1606,1607,1608]",[],"[1294,1295,1296,1297,1298,1299,1300,1301,1302,1303,1304,1305,1306,1307,1308,1309,1310,1311,1312,1313,1314,1315,1316,1317,1318,1319,1320,1321,1322,1323,1324,1325,1326,1327,1328,1329,1330,1331,1332,1333,1334,1335,12221,12222,12223,12224,12225,12226]",[13],[],,"page_number_string: 
notes: 
source_full_citation: Zehr, B. (12. Dezember 2018). Wie wir bei SRF (neu) Parteien einfärben. Abgerufen am 20. Oktober 2025 von https://medium.com/srf-schweizer-radio-und-fernsehen/wie-wir-bei-srf-parteien-einf%C3%A4rben-9f010f80cf62
source_comment: ",,,,,,,,,,,exact,2008-11-01T12:00:00,,"page_number_string: 
notes: 
source_full_citation: Berger, O. (03. November 2008). Die BDP Graubünden will national eine Rolle spielen. Die Südostschweiz. Abgerufen am 30. September 2025 von https://essentials.swissdox.ch/
source_comment: ",exact,2021-01-01T12:00:00,,,,,
14,pda-ch,#C94A4A,,[20],[620],"[28,63,65,129,131,132,165,187,188,226,227,252,253,365,456,458,508,526,587,608,615,632]",[14],[4],[],"[136,137,138,139,140,141,142,143,144,145,146,147,148,149]",[],"[27,198]",[],[],[],"[12227,12228]",[14],[],,"page_number_string: 
notes: 
source_full_citation: Zehr, B. (12. Dezember 2018). Wie wir bei SRF (neu) Parteien einfärben. Abgerufen am 20. Oktober 2025 von https://medium.com/srf-schweizer-radio-und-fernsehen/wie-wir-bei-srf-parteien-einf%C3%A4rben-9f010f80cf62
source_comment: ",de-CH,,https://hls-dhs-dss.ch/de/articles/017401/,,,fr-CH,,https://hls-dhs-dss.ch/fr/articles/017401/,,,exact,1944-10-14T12:00:00,"note_translations: languages_code: de-CH
note: Gemäss APS (und Ladner 2002b: 260) zwar schon 1943 als Arbeiterpartei mit reinem Namenswechsel 1944 (https://anneepolitique.swiss/prozesse/53293-50-jahriges-jubilaum-der-pda); aber andere Quellen inkl. HLS und PDA-Website sagen, dass 1943 nur  einzelne Kantonalparteien entstanden (u.a. in GE), die nationale Partei aber erst 1944 gegründet wurde.","page_number_string: 
notes: 
source_full_citation: PdA Schweiz. (2025). Chronologie zur Geschichte der KPS und der PdA. Abgerufen am 30. September 2025 von https://pda.ch/geschichte-pdas/
source_comment: ",,,,,,,
15,lps-ch,#618DEA,,"[21,22,23]","[509,627]","[6,134,166,229,343,414,547,574,595,637]",[15],[3],"[5798,7222,7223,7224,7225,10318,10319,10320,10321,10322,10323,10324,10325,10326,10327,10328,10329,10330,10331,10332,10333,10334,10335,10336,10337,10338,10339,10340,10341]","[150,151,152,153,154,155,156,157,158,159,160,161]",[],"[31,162]",[],[],[],"[12229,12230,12231,12232,12233,12234,12235,12236,12237,12238,12239,12240,12241,12242]",[15],[],,"page_number_string: 
notes: 
source_full_citation: Zehr, B. (12. Dezember 2018). Wie wir bei SRF (neu) Parteien einfärben. Abgerufen am 20. Oktober 2025 von https://medium.com/srf-schweizer-radio-und-fernsehen/wie-wir-bei-srf-parteien-einf%C3%A4rben-9f010f80cf62
source_comment: ",de-CH,,https://hls-dhs-dss.ch/de/articles/017386/,,,fr-CH,,https://hls-dhs-dss.ch/fr/articles/017386/,,,exact,1913-10-08T12:00:00,,"page_number_string: 
notes: 
source_full_citation: Wikipédia. (2025). Parti libéral suisse. Consulté le 1 octobre 2025, sur https://fr.wikipedia.org/wiki/Parti_lib%C3%A9ral_suisse
source_comment: ",exact,2009-01-01T12:00:00,,,,,
16,dem-vorl,,,[24],[],[7],[16],[2],[],[],[],[],[],[],[],[],[16],[],,,,,,,,,,,,,unknown,1880-01-01T12:00:00,,,exact,1905-03-19T12:00:00,,,,,
17,dem-ch-1905,#A4C8E5,,[25],[7],[8],[17],[17],"[10304,10305,10306,10307,10308,10309,10310]",[],[],[390],[],[],[],[],[17],[],,,de-CH,,https://hls-dhs-dss.ch/de/articles/017383/,,,fr-CH,,https://hls-dhs-dss.ch/fr/articles/017383/,,,exact,1905-03-19T12:00:00,,"page_number_string: 29
notes: 
source_full_citation: Eidgenössisches Statistisches Amt. (1929). Statistik der Nationalratswahlen 1919, 1922, 1925 und 1928. A. Francke.
source_comment: ",year,1941-07-01T12:00:00,,"page_number_string: 101
notes: 
source_full_citation: Gruner, E. (1977). Die Parteien in der Schweiz (2. Auflage). Francke.
source_comment: ",,,
18,dem-ch-1941,#88B3D7,,[26],[8],"[9,301,459]",[18],[18],"[10311,10312,10313,10314,10315,10316,10317]",[],[],[398],[],[],[],[],[18],[],,,de-CH,,https://hls-dhs-dss.ch/de/articles/017383/,,,fr-CH,,https://hls-dhs-dss.ch/fr/articles/017383/,,,year,1941-07-01T12:00:00,,"page_number_string: 
notes: 
source_full_citation: Bürgi, M. (2010). Demokratische Partei. In Historisches Lexikon der Schweiz (HLS). Abgerufen am 03. Oktober 2025 von https://hls-dhs-dss.ch/de/articles/017383/2010-05-07/
source_comment: ",exact,1971-09-22T12:00:00,,,,,
19,fdp-vorl,,,[27],[],[10],[19],[19],"[5799,5800]",[],[],[],[],[],[],[],[19],[],,,,,,,,,,,,,unknown,1848-01-01T12:00:00,,,exact,1894-02-25T12:00:00,,,,,
20,svp-zh,,1,"[28,29,30,48]","[11,12,16]",[],[20],[20],"[354,355,356,357,358,359,360,361,362,363,364,365,366,367,368,369,370,371,372,373,374,375,376,377,378,379,380,382,383,384,385,386,387,388,389,390,391,392,393,394,395,396,397,398,399,400,401,402,403,404,405,406,407,410,411,412,413,414,415,416,417,418,419,420,421,422,423,424,425,426,427,428,429,430,431,432,433,434,435,436,437,438,439,440,441,442,443,444,445,446,447,448,449,450,741,746,747,754,757,14373,14375,14377,14380,14383,14386,14389,14395,14401,14406,14411,14417,14730,14734,14738,14743,14748,14754,14759,14764,14771,14779,14786]","[162,163,164,165,166,167,168,169,170,171,172,173,265,266,267,268,269,270]",[],[135],[],"[33,34,35,36,37,38,39,40]","[18,19,20,21,22]","[1336,1337,1338,1339,1340,1341,1342,1343,1344,1345,1346,1347,1348,1349,1350,1351,1352,1353,1354,1355,1356,1357,1358,1359,1360,1361,1362,1363,1364,1365,1366,1367,1368,1369,1370,1371,1372,1373,1374,1375,1376,1377,1378,1379,1380,1381,1382,1383,1384,1385,1386,1387,1388,1389,1390,1391,1392,1393,1394,1395,1396,1397,1398,1399,1400,1401,1402,1694,1695,1700,1701,1706,1707,1713,1714,1718,1719,1724,1725,16222,16225,16227,16228,16231,16233,16235,16238,16240,16244,16251,16256,16261,16266,16269,16272,16278,16689,16690,16691,16692,16693]",[20],"[1,2]",,,,,,,,,,,,,exact,1917-03-04T12:00:00,,"page_number_string: 4
notes: 
source_full_citation: Blocher, C. (19. März 2017). Unser Auftrag ist die Schweiz: Rede an der Hundertjahrfeier der SVP des Kantons Zürich. Abgerufen am 03. Oktober 2025 von https://www.svp.ch/wp-content/uploads/2017-03-19-blocher-christoph.pdf
source_comment: ",,,,,,,
21,sp-zh,,1,[31],[13],[629],[21],[21],"[451,452,453,454,455,456,457,458,459,460,461,462,463,464,465,466,467,468,469,470,471,472,473,474,475,476,477,478,479,480,481,482,483,484,485,486,487,488,489,490,491,492,493,494,495,496,497,498,499,500,501,502,503,504,505,506,507,508,509,510,511,512,513,514,515,516,517,518,519,520,521,522,523,524,525,526,527,528,529,530,531,532,533,534,535,536,537,538,539,540,541,542,543,734,735,736,737,738,739,14372,14379,14382,14385,14388,14394,14400,14405,14410,14416,14729,14733,14737,14742,14747,14753,14758,14763,14770,14778,14785]","[174,175,176,177,178,179,180,181,182,183,184,185,186,187,188,189,190,191]",[],[100],[],"[97,98,99,100,101,102,103,104,105,106,107,108,109,110,111,112,113,114,115,116,117,118,119,120,121,122,123,124,125,126,1478]","[84,85]","[1403,1404,1405,1406,1407,1408,1409,1410,1411,1412,1413,1414,1415,1416,1417,1418,1419,1420,1421,1422,1423,1424,1425,1426,1427,1428,1429,1430,1431,1432,1433,1434,1435,1436,1437,1438,1439,1440,1441,1442,1443,1444,1445,1446,1447,1448,1449,1450,1451,1452,1453,1454,1455,1456,1457,1458,1459,1460,1461,1462,1463,1464,1465,1466,1467,1468,1469,1470,1471,1472,1473,1474,1475,1476,1477,1478,1479,1480,1481,1482,1483,1484,1485,1486,1487,1488,1489,1490,1491,1492,1493,1494,1677,1678,1679,1680,1681,1682,1684,1685,1686,1687,1688,1689,1708,16223,16230,16232,16234,16237,16239,16242,16243,16246,16250,16255,16260,16265]",[21],"[203,204]",,,,,,,,,,,,,exact,1902-04-13T12:00:00,,"page_number_string: 7
notes: 
source_full_citation: SP Kanton Zürich. (2002). Flintenweiber & rote Hunde: SP-Geschichten von unten. Buchmann Druck.
source_comment: ",,,,,,,
22,cvp-vorl,,,[32],[],[14],[22],[22],[6278],[],[],[],[],[],[],[],[22],[],,,,,,,,,,,,,exact,1840-11-05T12:00:00,"note_translations: languages_code: de-CH
note: Verabschiedung der ""Ruswiler Erklärung""","page_number_string: 77
notes: 
source_full_citation: Stirnimann-Maurer, J. (2012). Rössli Ruswil - Wiege der CVP. In Verein Die Politik & CVP Schweiz (Hrsg.). 100 Jahre CVP: Politik der dynamischen Mitte (S. 76-77). Die Politik.
source_comment: ",exact,1912-04-22T12:00:00,,,,,
23,fp-zh,,1,"[33,34]",[15],"[16,19]",[23],[23],"[544,545,546,547,548,549,550,551,552,553,554,555,556,557,570,571,572,573,574,575,576,577,578,579,580,581,582,583,596,597,598,599,600,601,615,616,617,618,619,620,621,622,623]","[192,193,194,530]",[],[402],[],[],[23],[],[23],[],,,,,,,,,,,,,year,1867-07-01T12:00:00,,"page_number_string: 
notes: 
source_full_citation: Suter, M. (2017). Zürich (Kanton). In Historisches Lexikon der Schweiz (HLS). Abgerufen am 09. Oktober 2025 von https://hls-dhs-dss.ch/de/articles/007381/2017-08-24/
source_comment: ",exact,1971-08-18T12:00:00,,"page_number_string: 
notes: 
source_full_citation: Staatsarchiv des Kantons Zürich. (2025). Demokratische Partei des Kantons Zürich, 1898-2005. Abgerufen am 09. Oktober 2025 von https://suche.staatsarchiv.djiktzh.ch/detail.aspx?ID=3630
source_comment: ",,,
24,fdplib-zh,,1,"[35,36]","[17,18,19]",[],[24],[24],"[558,559,560,561,562,563,564,565,566,567,568,569,584,585,586,587,588,589,590,591,592,593,594,595,602,603,604,605,606,607,608,609,610,611,612,613,614,624,625,626,627,628,629,630,631,632,633,634,635,636,732,744,745,748,749,753,14370,14371,14374,14376,14378,14381,14384,14387,14391,14397,14404,14408,14413,14728,14732,14736,14740,14745,14750,14756,14761,14768,14776,14782]","[195,196,197,198,199,200,201,202,203,204]",[],[32],[],"[434,435,436,437,438,439,1514]","[24,25,26]","[1495,1496,1497,1498,1499,1500,1501,1502,1503,1504,1505,1506,1507,1508,1509,1510,1511,1512,1513,1514,1515,1516,1517,1518,1519,1520,1521,1522,1523,1524,1525,1526,1527,1528,1529,1530,1531,1532,1533,1534,1535,1536,1537,1538,1539,1540,1541,1542,1543,1544,1545,1546,1547,1548,1549,1550,1551,1552,1553,1554,1555,1556,1557,1558,1559,1560,1561,1562,1563,1564,1565,1566,1567,1568,1569,1570,1571,1572,1573,1574,1575,1576,1577,1578,1579,1580,1581,1582,1583,1584,1585,1586,1587,1588,1589,1590,1591,1592,1593,1594,1692,1693,1698,1699,1704,1705,1711,1712,1715,1717,1722,1723,16221,16224,16226,16229,16236,16241,16245,16248,16258,16273,16694,16695,16696,16697,16698,16699]",[24],[],,,,,,,,,,,,,exact,1971-08-18T12:00:00,,"page_number_string: 
notes: 
source_full_citation: Staatsarchiv des Kantons Zürich. (2025). Demokratische Partei des Kantons Zürich, 1898-2005. Abgerufen am 09. Oktober 2025 von https://suche.staatsarchiv.djiktzh.ch/detail.aspx?ID=3630
source_comment: ",,,,,,,
25,mitte-zh,,1,"[37,38,39,40]","[20,21]","[30,113]",[25],[25],"[637,638,639,640,641,642,643,644,645,646,647,648,649,650,651,652,653,654,655,656,657,658,659,660,661,662,663,664,665,666,667,668,669,670,671,672,673,674,675,676,677,678,679,680,681,682,683,684,685,686,687,688,689,690,691,692,693,694,695,696,697,698,699,700,701,702,703,704,705,706,707,708,709,710,711,712,713,714,715,716,717,718,719,720,721,722,723,724,725,726,727,728,729,742,743,750,751,752,755,14390,14396,14403,14407,14412,14727,14731,14735,14739,14744,14749,14755,14760,14766,14773,14780]","[205,206,207,208,209,210,211,212,213,214,215,272,273,274,275,276,277,278,580,581,582,583,584,585,589,590,591]",[],[72],[],"[440,441,442,443,444,445,446,1373,1401]","[27,28,29,30,31]","[1595,1596,1597,1598,1599,1600,1601,1602,1603,1604,1605,1606,1607,1608,1609,1610,1611,1612,1613,1614,1615,1616,1617,1618,1619,1620,1621,1622,1623,1624,1625,1626,1627,1628,1629,1630,1631,1632,1633,1634,1635,1636,1637,1638,1639,1640,1641,1642,1643,1644,1645,1646,1647,1648,1649,1650,1651,1652,1653,1654,1655,1656,1657,1658,1659,1660,1661,1662,1663,1664,1665,1666,1667,1668,1669,1670,1671,1672,1673,1674,1675,1676,1690,1691,1696,1697,1702,1703,1709,1710,1716,1720,1721,16247,16252,16257,16262,16267,16270,16275,16700,16701,16702,16703,16704,16705,16706,16707,16708,16709,16710,16711,16712]",[25],"[3,4]",,,,,,,,,,,,,exact,1896-10-18T12:00:00,,"page_number_string: 17
notes: 
source_full_citation: CVP Kanton Zürich (1996). 100 Jahre CVP Kanton Zürich. Christlichdemokratische Volkspartei des Kantons Zürich.
source_comment: 

page_number_string: 110
notes: 
source_full_citation: Ladner, A. (2022). Kantonale Wahlen und Parteiensysteme. IDHEAP.
source_comment: ",,,,,,,
26,gruene-zh,,1,"[41,42]",[22],[24],[26],[26],"[14393,14399,14409,14415,14418,14419,14420,14421,14422,14423,14424,14425,14426,14427,14428,14429,14430,14431,14432,14433,14434,14435,14436,14437,14438,14439,14440,14441,14613,14614,14615,14616,14617,14618,14619,14620,14621,14622,14623,14624,14671,14672,14673,14674,14675,14676,14677,14678,14679,14680,14681,14682,14741,14746,14752,14757,14762,14769,14777,14784]","[216,217,218,219,220,221,222,223,224,225,226,271]",[],[222],[],"[447,448,449,450,451,452,453,454]",[],"[16249,16254,16259,16264,16268,16271,16277,16279,16280,16281,16282,16283,16284,16285,16286,16287,16288,16289,16290,16291,16292,16293,16294,16295,16296,16297,16298,16299,16300,16301,16302,16421,16422,16423,16424,16425,16426,16427,16428,16429,16430,16431,16432,16433,16434,16435,16436,16437,16438,16439,16440,16441,16442,16443,16444,16563,16564,16565,16566,16567,16568,16569,16570,16571,16572,16573,16574,16575,16576,16577,16578,16579,16580,16581,16582,16583,16584,16585,16586,16713,16714,16716,16717,16718,16719,16722,16725,16728,16732]",[26],[],,,,,,,,,,,,,exact,1978-08-31T12:00:00,,"page_number_string: 
notes: 
source_full_citation: Grüne Kanton Zürich. (2025). Chronologie. Abgerufen am 10. Oktober 2025 von https://gruene-zh.ch/ueber-uns/partei/chronologie
source_comment: ",,,,,,,
27,glp-zh,,1,"[43,44]","[23,24]",[],[27],[27],"[14392,14398,14414,14442,14443,14444,14445,14446,14447,14448,14449,14450,14451,14625,14626,14627,14628,14629,14683,14684,14685,14686,14687,14751,14783,14799,14800]","[227,228,229,230,231,232,233,234,235]",[],[272],[],"[1,2]",[],"[16218,16219,16220,16253,16263,16303,16304,16305,16306,16307,16308,16309,16310,16311,16312,16445,16446,16447,16448,16449,16450,16451,16452,16453,16454,16587,16588,16589,16590,16591,16592,16593,16594,16595,16596,16715,16731,16733]",[27],"[5,6]",,,,,,,,,,,,,exact,2004-06-25T12:00:00,,"page_number_string: 
notes: 
source_full_citation: GLP Kanton Zürich. (2008). Statuten der Grünliberalen des Kantons Zürich. Abgerufen am 17. Oktober 2025 von https://web.archive.org/web/20120417100327/http:/www.zh.grunliberale.ch/dokumente/positionen/grundlagen/statuten.pdf
source_comment: ",,,,,,,
28,evp-zh,,1,"[45,46]",[25],[27],[28],[28],"[986,987,988,989,990,991,992,993,994,995,996,997,998,999,1000,1001,1002,1003,1004,1005,1006,1007,1008,1009,1010,1011,1012,1013,1014,1015,1016,1017,1018,1019,1020,1021,1022,1023,1024,1025,1026,1027,1028,14452,14453,14454,14455,14456,14457,14458,14459,14460,14461,14462,14463,14464,14465,14466,14467,14468,14469,14470,14471,14472,14473,14474,14475,14476,14477,14478,14479,14480,14481,14482,14483,14484,14485,14486,14487,14488,14489,14490,14491,14492,14493,14494,14495,14496,14497,14498,14499,14500,14501,14502,14503,14504,14505,14506,14767,14775,14781]","[236,237,238,239,240,241,242,243,244,245,246,247,248,249,250,251,252,253,254,255,256]",[],[176],[],"[455,456,457]",[],"[16276,16313,16314,16315,16316,16317,16318,16319,16320,16321,16322,16323,16324,16325,16326,16327,16328,16329,16330,16331,16332,16333,16334,16335,16336,16337,16338,16339,16340,16455,16456,16457,16458,16459,16460,16461,16462,16463,16464,16465,16466,16467,16468,16469,16470,16471,16472,16473,16474,16475,16476,16477,16478,16479,16480,16481,16482,16597,16598,16599,16600,16601,16602,16603,16604,16605,16606,16607,16608,16609,16610,16611,16612,16613,16614,16615,16616,16617,16618,16619,16620,16621,16622,16623,16624,16721,16724,16727,16730]",[28],"[7,8,9,10,11,12,13,14,15,16,17,18,19,20,21,22,23,24,25,26,27,28,29,30,31,32]",,,,,,,,,,,,,exact,1917-03-04T12:00:00,,"page_number_string: 
notes: 
source_full_citation: Staatsarchiv des Kantons Zürich. (2025). Evangelische Volkspartei EVP des Kantons Zürich, 1913-2005. Abgerufen am 20. Oktober 2025 von https://suche.staatsarchiv.djiktzh.ch/detail.aspx?Id=3621
source_comment: ",,,,,,,
29,edu-zh,,1,[47],"[26,27]",[],[29],[29],"[14507,14508,14509,14510,14511,14512,14513,14514,14515,14516,14517,14518,14519,14520,14521,14522,14523,14524,14525,14526,14527,14528,14529,14530,14531,14532,14630,14631,14632,14633,14634,14635,14636,14637,14638,14639,14640,14641,14688,14689,14690,14691,14692,14693,14694,14695,14696,14697,14698,14699,14774]","[257,258,259,260,261,262,263,264]",[],[253],[],"[458,459]",[],"[16341,16342,16343,16344,16345,16346,16347,16348,16349,16350,16351,16352,16353,16354,16355,16356,16357,16358,16359,16360,16361,16362,16363,16364,16365,16366,16483,16484,16485,16486,16487,16488,16489,16490,16491,16492,16493,16494,16495,16496,16497,16498,16499,16500,16501,16502,16503,16504,16505,16506,16507,16508,16625,16626,16627,16628,16629,16630,16631,16632,16633,16634,16635,16636,16637,16638,16639,16640,16641,16642,16643,16644,16645,16646,16647,16648]",[29],[],,,,,,,,,,,,,exact,1975-09-03T12:00:00,,"page_number_string: 
notes: 
source_full_citation: EDU Kanton Zürich. (2001). Kurzportrait. Abgerufen am 20. Oktober 2025 von https://web.archive.org/web/20010220072000/http:/edu-zh.ch/edukurzp.htm
source_comment: ",,,,,,,
30,pda-zh,,1,[49],"[28,633]",[],[30],[30],"[14533,14534,14535,14536,14537,14538,14539,14540,14541,14542,14543,14544,14545,14546,14547,14548,14549,14550,14551,14552,14553,14554,14555,14556,14557,14558,14559,14560,14561,14562,14563,14564,14565,14566,14567,14568,14569,14570,14571,14572,14573,14574,14575,14576,14642,14643,14644,14645,14646,14647,14648,14649,14650,14651,14652,14653,14654,14655,14656,14700,14701,14702,14703,14704,14705,14706,14707,14708,14709,14710,14711,14712]","[284,285,286]",[],[199],[],"[460,461,462,463,464,465,466,467,468,469,470]",[],"[16274,16367,16368,16369,16370,16371,16372,16373,16374,16375,16376,16377,16378,16379,16380,16381,16382,16383,16384,16385,16386,16509,16510,16511,16512,16513,16514,16515,16516,16517,16518,16519,16520,16521,16522,16523,16524,16525,16526,16527,16528,16649,16650,16651,16652,16653,16654,16655,16656,16657,16658,16659,16660]",[30],[],,,,,,,,,,,,,exact,1944-04-19T12:00:00,,"page_number_string: 
notes: 
source_full_citation: Schweizerisches Sozialarchiv. (2025). Partei der Arbeit des Kantons Zürich PdAZ. Abgerufen am 20. Oktober 2025 von https://www.findmittel.ch/archive/archNeu/Ar458.html
source_comment: ",,,,,,,
31,bdp-zh,,1,"[50,51]","[29,30,31]",[],[31],[31],"[14402,14577,14578,14579,14580,14581,14582,14657,14658,14659,14713,14714,14715,14765,14772]","[279,280,281,282,283]",[],[303],[],[],[],"[16387,16388,16389,16390,16391,16392,16529,16530,16531,16532,16533,16534,16661,16662,16663,16664,16665,16666,16720,16723,16726,16729]",[31],[],,,,,,,,,,,,,month,2008-06-15T12:00:00,,"page_number_string: 
notes: 
source_full_citation: Unternährer, P. (23. März 2021). CVP und BDP fusionieren: Die Zürcher CVP hat nun ihren vierten Namen. Tages-Anzeiger. Abgerufen am 21. Oktober 2025 von https://essentials.swissdox.ch/
source_comment: ",exact,2021-03-27T12:00:00,,"page_number_string: 
notes: 
source_full_citation: Wikipedia. (2025). Die Mitte Kanton Zürich. Abgerufen am 21. Oktober 2025 von https://de.wikipedia.org/wiki/Die_Mitte_Kanton_Z%C3%BCrich
source_comment: ",,,
32,sd-zh,,1,"[52,53]",[33],[],[32],[34],"[14583,14584,14585,14586,14587,14588,14589,14590,14591,14592,14593,14594,14595,14596,14597,14598,14599,14600,14601,14602,14603,14604,14605,14606,14607,14608,14609,14610,14611,14612,14660,14661,14662,14663,14664,14665,14666,14667,14668,14669,14670,14716,14717,14718,14719,14720,14721,14722,14723,14724,14725,14726]","[287,288,289,290,291]",[],[347],[],"[471,472]",[],"[16393,16394,16395,16396,16397,16398,16399,16400,16401,16402,16403,16404,16405,16406,16407,16408,16409,16410,16411,16412,16413,16414,16415,16416,16417,16418,16419,16420,16535,16536,16537,16538,16539,16540,16541,16542,16543,16544,16545,16546,16547,16548,16549,16550,16551,16552,16553,16554,16555,16556,16557,16558,16559,16560,16561,16562,16667,16668,16669,16670,16671,16672,16673,16674,16675,16676,16677,16678,16679,16680,16681,16682,16683,16684,16685,16686,16687,16688]",[32],[],,,,,,,,,,,,,unknown,1961-01-01T12:00:00,,,,,,,,,
33,sd-ch,#9D9D9D,,"[54,55,56]",[],"[32,33,391,392,394,536]",[33],[33],[],"[292,293,294,295,296,297,298,299,300,301,302,303,304,305,306,307,308]",[],"[392,414]",[],[],[],[],[33],[],,"page_number_string: 
notes: 
source_full_citation: Zehr, B. (12. Dezember 2018). Wie wir bei SRF (neu) Parteien einfärben. Abgerufen am 20. Oktober 2025 von https://medium.com/srf-schweizer-radio-und-fernsehen/wie-wir-bei-srf-parteien-einf%C3%A4rben-9f010f80cf62
source_comment: ",de-CH,,https://hls-dhs-dss.ch/de/articles/017409/,,,fr-CH,,https://hls-dhs-dss.ch/fr/articles/017409/,,,month,1961-06-15T12:00:00,,"page_number_string: 24
notes: 
source_full_citation: Simmen, L. & Suter, E. (1985). Die nationale Aktion: 1961-1970 [Seminararbeit]. Universität Zürich.
source_comment: ",,,,,,,
34,ldu-ch,#1BAA6E,,[57],[628],"[67,465,466]",[34],[32],"[10342,10343,10344,10345,10346,10347,10348,10349,10350,10351,10352,10353,10354,10355,10356,10357,10358]","[309,310,311,312,367,368,369,370,371,372,373,374]",[],"[28,172]",[],[],[],"[12243,12244,12245,12246,12247,12248,12249,12250,12251,12252]",[34],[],,"page_number_string: 
notes: 
source_full_citation: Zehr, B. (12. Dezember 2018). Wie wir bei SRF (neu) Parteien einfärben. Abgerufen am 20. Oktober 2025 von https://medium.com/srf-schweizer-radio-und-fernsehen/wie-wir-bei-srf-parteien-einf%C3%A4rben-9f010f80cf62
source_comment: ",de-CH,,https://hls-dhs-dss.ch/de/articles/017394/,,,fr-CH,,https://hls-dhs-dss.ch/fr/articles/017394/,,,exact,1936-12-30T12:00:00,,"page_number_string: 161
notes: 
source_full_citation: Gruner, E. (1977). Die Parteien in der Schweiz (2. Auflage). Francke.
source_comment: ",exact,1999-12-04T12:00:00,,"page_number_string: 
notes: 
source_full_citation: Brändli, D. (2025). Ausgewählte Beiträge zur Schweizer Politik: LdU im Auflösungsjahr 1999, 1999. Année Politique Suisse. Abgerufen am 30. Oktober 2025 von https://anneepolitique.swiss/prozesse/53170-ldu-im-auflosungsjahr-1999
source_comment: ",,,
35,svp-be,,1,"[58,59,60]","[34,35,39]","[66,68,631]",[35],[35],"[1029,1030,1031,1032,1033,1034,1035,1036,1037,1038,1039,1040,1041,1042,1043,1044,1045,1046,1047,1048,1049,1050,1051,1052,1053,1054,1055,1056,1311,1312,1313,1314,1315,1316,1317,1318,1319,1320,1321,1322,1323,1324,1325,1326,1327,1328,1329,1330,1331,1332,1333,1334,1335,1336,1337,1338,1339,1340,1341,1342,1343,1344,1345,1346,1347,1348,1349,1350,1351,1352,1420,1421,1422,1423,1424,1425,1426,1427,1428,1429,1430,1431,1432,1433,1434,1435,1436,1437,1438,1439,1440,1441,1442,1443,1587,1588,1589,1590,1591,1592,1593,1594,1595,1596,1597,1598,1599,1600,1601,1602,1603,1604,1605,1606,1607,1608,1609,1610,1611,1612,1757,1758,1759,1760,1761,1762,1763,1764,1765,1766,1767]","[313,314,315,316,317,318,319,320,321,322,323,324,325,326,327,328,329,330,331,332,333,334,335,336,337,338,339,340,341]",[],[136],[],"[3,4,5,6,7,8]","[47,48,49,50,51]","[1726,1727,1728,1729,1730,1731,1732,1733,1734,1735,1736,1737,1738,1739,1740,1741,1742,1743,1744,1745,1746,1747,1748,1749,1750,1751,1752,1753,1838,1839,1840,1841,1842,1843,1844,1845,1846,1847,1848,1849,1850,1851,1852,1853,1854,1855,1856,1857,1858,1859,1860,1861,1862,1863,1864,1865,2040,2041,2042,2043,2044,2045,2046,2047,2048,2049,2050,2051,2052,2053,2054,2055,2056,2057,2058,2059,2060,2061,2062,2063,2154,2155,2156,2157,2158,2159,2160,2161,2162,2163,2164,2165,2166,2167,2168,2169,2170,2171,2172,2173,2174,2175,2176,2177,2178,2179,2360,2361,2362,2363,2364,2365,2366,2367,2368,2369,2370,2371,2372,2373,2374,2375,2376,2377,2378,2379,2380,2381]",[35],"[60,61,62,63,64]",,,,,,,,,,,,,exact,1918-09-28T12:00:00,,"page_number_string: 
notes: 
source_full_citation: SVP Kanton Bern. (1994). Akzente 1994. Abgerufen am 05. Januar 2026 von https://polidoc.net/
source_comment: ",,,,,,,
36,sp-be,,1,[61],[36],[],[36],[36],"[1057,1058,1059,1060,1061,1062,1063,1064,1065,1066,1067,1068,1069,1070,1071,1072,1073,1074,1075,1076,1077,1078,1079,1080,1081,1082,1083,1084,1184,1185,1186,1187,1188,1189,1190,1191,1192,1193,1194,1195,1196,1197,1198,1199,1200,1201,1202,1203,1204,1205,1206,1207,1208,1209,1210,1211,1353,1354,1355,1356,1357,1358,1359,1360,1361,1362,1444,1445,1446,1447,1448,1449,1450,1451,1452,1453,1454,1455,1456,1457,1458,1459,1460,1461,1462,1463,1464,1465,1466,1467,1613,1614,1615,1616,1617,1618,1619,1620,1621,1622,1623,1624,1625,1626,1627,1628,1629,1630,1631,1632,1633,1634,1635,1636,1637,1638,1768,1769,1770,1771,1772,1773,1774,1775,1776,1777,1778]","[342,343,344,345,346,347,348,349,350,351,352,353,354,355,356,357,578,579]",[],[101],[],"[31,127,128,129,130,131,132,133,134,135,136,137,138,139,140,141,142,143,144,145,146,147,148,149,150,151,152,153,154,155,156,157,158,1466]","[32,33,34,35,36]","[1754,1755,1756,1757,1758,1759,1760,1761,1762,1763,1764,1765,1766,1767,1768,1769,1770,1771,1772,1773,1774,1775,1776,1777,1778,1779,1780,1781,1866,1867,1868,1869,1870,1871,1872,1873,1874,1875,1876,1877,1878,1879,1880,1881,1882,1883,1884,1885,1886,1887,1888,1889,1890,1891,1892,1893,2064,2065,2066,2067,2068,2069,2070,2071,2072,2073,2074,2075,2076,2077,2078,2079,2080,2180,2181,2182,2183,2184,2185,2186,2187,2188,2189,2190,2191,2192,2193,2194,2195,2196,2197,2198,2199,2200,2201,2202,2203,2204,2205,2382,2383,2384,2385,2386,2387,2388,2389,2390,2391,2392,2393,2394,2395,2396,2397,2398,2399,2400,2401,2402,2403]",[36],"[33,34,35,36,37,38,39,40,41,42,43,44,45,46,47,48,49,50,51,52,53,54,55]",,,,,,,,,,,,,year,1905-07-01T12:00:00,,"page_number_string: 110
notes: 
source_full_citation: Ladner, A. (2022). Kantonale Wahlen und Parteiensysteme. IDHEAP.
source_comment: ",,,,,,,
37,fdplib-be,,1,"[62,63,64,85]","[37,38]","[39,46,665]",[37],[37],"[1085,1086,1087,1088,1089,1090,1091,1092,1093,1094,1095,1096,1097,1098,1099,1100,1101,1102,1103,1104,1105,1106,1107,1108,1109,1110,1111,1112,1212,1213,1214,1215,1216,1217,1218,1219,1220,1221,1222,1223,1224,1225,1226,1227,1228,1229,1230,1231,1232,1233,1234,1235,1236,1237,1238,1239,1363,1364,1365,1366,1367,1368,1369,1370,1371,1372,1373,1374,1375,1376,1468,1469,1470,1471,1472,1473,1474,1475,1476,1477,1478,1479,1480,1481,1482,1483,1484,1485,1486,1487,1488,1489,1490,1491,1639,1640,1641,1642,1643,1644,1645,1646,1647,1648,1649,1650,1651,1652,1653,1654,1655,1656,1657,1658,1659,1660,1661,1662,1663,1664,1779,1780,1781,1782,1783,1784,1785,1786,1787,1788,1789]","[358,359,360,361,362,363,364,365,366]",[],[33],[],"[473,474,475,476,477,478,479,480,481,482,483,484,485,486,487,488,489,490,491,492,493]","[37,38,39,40,41,42,43,44,45]","[1782,1783,1784,1785,1786,1787,1788,1789,1790,1791,1792,1793,1794,1795,1796,1797,1798,1799,1800,1801,1802,1803,1804,1805,1806,1807,1808,1809,1894,1895,1896,1897,1898,1899,1900,1901,1902,1903,1904,1905,1906,1907,1908,1909,1910,1911,1912,1913,1914,1915,1916,1917,1918,1919,1920,1921,2081,2082,2083,2084,2085,2086,2087,2088,2089,2090,2091,2092,2093,2094,2095,2096,2097,2098,2099,2100,2101,2102,2103,2104,2206,2207,2208,2209,2210,2211,2212,2213,2214,2215,2216,2217,2218,2219,2220,2221,2222,2223,2224,2225,2226,2227,2228,2229,2230,2231,2404,2405,2406,2407,2408,2409,2410,2411,2412,2413,2414,2415,2416,2417,2418,2419,2420,2421,2422,2423,2424,2425]",[37],"[56,57]",,,,,,,,,,,,,year,1889-07-01T12:00:00,,"page_number_string: 110
notes: 
source_full_citation: Ladner, A. (2022). Kantonale Wahlen und Parteiensysteme. IDHEAP.
source_comment: ",,,,,,,
38,mitte-be,,1,[65],"[40,41,62]",[],[38],[38],"[1113,1240,1378,1508,1681,1793]","[375,376,377]",[],[73],[],[],[],"[1823,1837,1935,1949,2107,2244,2257,2429,2433]",[38],[],,,,,,,,,,,,,exact,2021-03-24T12:00:00,,"page_number_string: 
notes: 
source_full_citation: sda. (20. März 2021). BDP und CVP fusionieren. Bieler Tagblatt. Abgerufen am 17. November 2025 von https://essentials.swissdox.ch/
source_comment: ",,,,,,,
39,cvp-be,,1,"[66,677,678]","[42,43]",[41],[39],[39],"[1114,1115,1116,1117,1118,1119,1120,1121,1122,1123,1124,1125,1126,1127,1128,1129,1241,1242,1243,1244,1245,1246,1247,1248,1249,1250,1251,1252,1253,1254,1255,1256,1377,1492,1493,1494,1495,1496,1497,1498,1499,1500,1501,1502,1503,1504,1505,1506,1507,1665,1666,1667,1668,1669,1670,1671,1672,1673,1674,1675,1676,1677,1678,1679,1680,1790,1791,1792]","[378,379,380,381,382,383,384,385,386]",[],[63],[],"[494,495,496,497,498,499,1351,1377]",[],"[1810,1811,1812,1813,1814,1815,1816,1817,1818,1819,1820,1821,1822,1824,1825,1826,1827,1828,1829,1830,1831,1832,1833,1834,1835,1836,1922,1923,1924,1925,1926,1927,1928,1929,1930,1931,1932,1933,1934,1936,1937,1938,1939,1940,1941,1942,1943,1944,1945,1946,1947,1948,2105,2106,2232,2233,2234,2235,2236,2237,2238,2239,2240,2241,2242,2243,2245,2246,2247,2248,2249,2250,2251,2252,2253,2254,2255,2256,2426,2427,2428,2430,2431,2432]",[39],"[58,59]",,,,,,,,,,,,,year,1912-07-01T12:00:00,"note_translations: languages_code: de-CH
note: Casetti (1979: 112) setzt die Gründung hingegen auf 1919 an, Ladner (2022: 110) auf 1956.","page_number_string: 
notes: 
source_full_citation: Kanton Bern (2026). Sitzverteilung seit 1926. Abgerufen am 5. August 2026 von https://www.gr.be.ch/de/start/grosser-rat/mitglieder/infografiken/sitzverteilung_seit_1926.html
source_comment: ",exact,2021-03-24T12:00:00,,"page_number_string: 
notes: 
source_full_citation: sda. (20. März 2021). BDP und CVP fusionieren. Bieler Tagblatt. Abgerufen am 17. November 2025 von https://essentials.swissdox.ch/
source_comment: ",,,
40,gruene-be,,1,"[67,68]","[44,47,51]",[],[40],[40],"[1130,1131,1132,1133,1134,1257,1258,1259,1260,1261,1379,1380,1381,1382,1383,1523,1524,1525,1526,1527,1682,1683,1684,1685,1686,1797,1798,1799,1800,1801]","[387,388,389,390,391,392,393,394]",[],[223],[],[],[],"[1950,1951,1952,1953,1954,1955,1956,1957,1958,1959,2108,2109,2110,2111,2112,2113,2114,2258,2259,2260,2261,2262,2263,2264,2265,2266,2267,2439,2440,2441,2442,2443,2449,2450,2451,2452,2453]",[40],[],,,,,,,,,,,,,exact,2006-05-15T12:00:00,,"page_number_string: 
notes: 
source_full_citation: Barben, D. (16. Mai 2006). Grüne unter einem Dach. Der Bund. Abgerufen am 17. November 2025 von https://essentials.swissdox.ch/
source_comment: ",,,,,,,
41,gfl-be,,1,"[69,70]","[45,46]",[47],[41],[41],"[1514,1515,1516,1517,1518,1794,1795]","[395,396,397,398]",[],[362],[],"[500,501,502]",[],"[2434,2435,2437,2444,2445,2447,2448]",[41],[],,,,,,,,,,,,,year,1983-07-01T12:00:00,,"page_number_string: 25
notes: 
source_full_citation: Bütikofer, S. & Seitz, W. (Hrsg.). (2023). Die Grünen in der Schweiz. Entwicklung - Wirken - Perspektiven. Seismo.
source_comment: ",exact,2006-05-15T12:00:00,,,,,
42,gb-be,,1,[71],"[48,49,50]",[51],[42],[42],"[1519,1520,1521,1522,1796]","[399,400]",[],[363],[],[],[],"[2436,2438,2446]",[42],[],,,,,,,,,,,,,exact,1987-06-03T12:00:00,,"page_number_string: 
notes: 
source_full_citation: Wikipedia. (2025). Grünes Bündnis (Bern). Abgerufen am 17. November 2025 von https://de.wikipedia.org/wiki/Gr%C3%BCnes_B%C3%BCndnis_(Bern)
source_comment: ",exact,2006-05-15T12:00:00,,,,,
43,gb-ch,#5CA741,,"[72,73]",[],"[50,52,77,111,138,154,158,328,366,417,447,480,503,560,562]",[43],[43],[],[],[],[342],[],[],[],[],[43],[],,,,,,,,,,,,,month,1983-06-15T12:00:00,,"page_number_string: 21
notes: 
source_full_citation: Bütikofer, S. & Seitz, W. (Hrsg.). (2023). Die Grünen in der Schweiz. Entwicklung - Wirken - Perspektiven. Seismo.
source_comment: ",year,2005-07-01T12:00:00,"note_translations: languages_code: de-CH
note: 2005 war Auflösungsjahr der SGA ZG. Deren Nachfolgerpartei Alternative Zug trat dann 2009 als letzte vormalige Partei des GBS den Grünen bei (Bütikofer und Seitz 2023: 33)",,,,
44,da-be,,1,[74],"[52,53,54]",[55],[44],[44],"[1509,1510,1511]",[],[],[364],[],[],[],[],[44],[],,,,,,,,,,,,,year,1976-07-01T12:00:00,,"page_number_string: 35
notes: 
source_full_citation: Baer, M. & Seitz, W. (Hrsg.). (2008). Die Grünen in der Schweiz: Ihre Politik, ihre Geschichte, ihre Basis. Rüegger Verlag.
source_comment: ",year,1990-07-01T12:00:00,,,,,
45,gap-be,,1,"[75,76,77]","[55,56]",[],[45],[45],"[1512,1513]",[],[],[365],[],"[503,504]",[],[],[45],[],"note_translations: languages_code: de-CH
note: Teilweise wird für 1990 auch ein blosser Namenswechsel von DA zu GaP angesetzt, keine Gründung einer neuen Partei (https://www.gr.be.ch/de/start/grosser-rat/mitglieder/infografiken/sitzverteilung_seit_1926.html)",,,,,,,,,,,,year,1990-07-01T12:00:00,,"page_number_string: 
notes: 
source_full_citation: Wikipedia. (2025). Grün alternative Partei. Abgerufen am 17. November 2025 von https://de.wikipedia.org/wiki/Gr%C3%BCn_alternative_Partei
source_comment: ",,,,,,,
46,glp-be,,1,[78],[57],[],[46],[46],"[1135,1136,1137,1138,1262,1263,1264,1265,1384,1528,1529,1530,1531,1687,1688,1689,1690,1802]","[401,402,403,404,405,406,407,408]",[],[273],[],"[9,10]",[],"[1960,1961,1962,1963,1964,1965,1966,1967,2115,2268,2269,2270,2271,2272,2273,2274,2275,2454,2455]",[46],[],,,,,,,,,,,,,exact,2007-09-25T12:00:00,,"page_number_string: 
notes: 
source_full_citation: Regli, S. (09. Oktober 2007). Ein zartgrünes Pflänzchen. Der Bund. Abgerufen am 24. November 2025 von https://essentials.swissdox.ch/
source_comment: ",,,,,,,
47,evp-be,,1,[79],[58],[],[47],[47],"[1139,1140,1141,1142,1143,1144,1145,1146,1147,1148,1149,1150,1151,1152,1153,1154,1155,1266,1267,1268,1269,1270,1271,1272,1273,1274,1275,1276,1277,1278,1279,1280,1281,1282,1532,1533,1534,1535,1536,1537,1538,1539,1540,1541,1542,1543,1544,1545,1546,1547,1691,1692,1693,1694,1695,1696,1697,1698,1699,1700,1701,1702,1703,1704,1705,1706,1707,1708,1709,1710,1711,1803,1804,1805]","[409,410,411,412,413,414,415,416,417,418,419,420,421,422,423,424,425,426,427,428,429,430,431,432,433,434,435,436]",[],[177],[],"[11,12,13,14,15,16,17,18,19,431,432]",[46],"[1968,1969,1970,1971,1972,1973,1974,1975,1976,1977,1978,1979,1980,1981,1982,1983,1984,1985,1986,1987,1988,1989,1990,1991,1992,1993,1994,1995,2119,2276,2277,2278,2279,2280,2281,2282,2283,2284,2285,2286,2287,2288,2289,2290,2291,2292,2293,2294,2295,2296,2297,2298,2299,2300,2301,2456,2457,2458,2459]",[47],[],,,,,,,,,,,,,exact,1921-01-29T12:00:00,,"page_number_string: 
notes: 
source_full_citation: EVP Kanton Bern. (2021). Die Anfänge der EVP: Erfolgreicher Start und langer Atem. Abgerufen am 24. November 2025 von https://www.evp-be.ch/fileadmin/user_upload/bern/PDF/Geschichte/Geschichte_EVP_BE_Anfaenge.pdf
source_comment: ",,,,,,,
48,edu-be,,1,[80],[59],[],[48],[48],"[1156,1157,1158,1159,1160,1161,1162,1163,1164,1165,1166,1167,1168,1283,1284,1285,1286,1287,1288,1289,1290,1291,1292,1293,1294,1295,1548,1549,1550,1551,1552,1553,1554,1555,1556,1557,1558,1559,1712,1713,1714,1715,1716,1717,1718,1719,1720,1721,1722,1723]","[437,438,439,440]",[],[254],[],[505],[],"[1996,1997,1998,1999,2000,2001,2002,2003,2004,2005,2006,2007,2008,2009,2010,2011,2012,2013,2014,2015,2016,2017,2018,2019,2020,2021,2302,2303,2304,2305,2306,2307,2308,2309,2310,2311,2312,2313,2314,2315,2316,2317,2318,2319,2320,2321,2322,2323,2324,2325]",[48],[],,,,,,,,,,,,,exact,1975-09-05T12:00:00,,"page_number_string: 
notes: 
source_full_citation: EDU Kanton Bern. Geschichte. Abgerufen am 24. November 2025 von web.archive.org/web/20060518151022/http:/www.edu-be.ch/d/partei-be/portraet/geschichte-be/index.html
source_comment: ",,,,,,,
49,bdp-be,,1,[81],"[60,61,68]",[62],[49],[49],"[1169,1170,1171,1296,1297,1298,1385,1386,1560,1561,1562,1724,1725,1726,1806,1807,1808,1809]","[441,442,443,444,445,446]",[],[304],[],"[506,507]",[],"[2022,2023,2024,2025,2026,2027,2116,2117,2118,2326,2327,2328,2329,2330,2331,2460,2461,2462,2463,2464,2465,2466,2467]",[49],[],,,,,,,,,,,,,exact,2008-06-21T12:00:00,,"page_number_string: 
notes: 
source_full_citation: sda. (23. Juni 2008). Von künftigem Erfolg überzeugt. Zürichsee-Zeitung. Abgerufen am 24. November 2025 von https://essentials.swissdox.ch/
source_comment: ",exact,2021-03-24T12:00:00,,"page_number_string: 
notes: 
source_full_citation: sda. (20. März 2021). BDP und CVP fusionieren. Bieler Tagblatt. Abgerufen am 17. November 2025 von https://essentials.swissdox.ch/
source_comment: ",,,
50,pda-be-2003,,1,"[82,83]","[63,64]",[],[50],[50],"[1180,1181,1182,1308,1309,1310,1568,1569,1570,1737,1738,1739,1740]",[],[],[200],[],[20],[],"[2034,2035,2036,2037,2038,2039,2335,2336,2337,2338,2342,2343,2344,2345]",[50],[],,,,,,,,,,,,,exact,2003-05-05T12:00:00,,"page_number_string: 
notes: 
source_full_citation: PdA Kanton Bern. (2003). Selbstverständnis. Abgerufen am 25. November 2025 von https://pdabern.ch/wp-content/uploads/2018/06/Selbstverstaendnis_PdA_Bern.pdf
source_comment: ",,,,,,,
51,pda-be-194x,,1,[84],[65],[64],[51],[51],"[1172,1173,1174,1175,1176,1177,1178,1179,1183,1299,1300,1301,1302,1303,1304,1305,1306,1307,1563,1564,1565,1566,1567,1727,1728,1729,1730,1731,1732,1733,1734,1735,1736]",[],[],[201],[],"[508,509,510,511,512,513,514,515,516,517]",[],"[2028,2029,2030,2031,2032,2033,2332,2333,2334,2339,2340,2341]",[51],[],,,,,,,,,,,,,multiyear,1945-01-01T12:00:00,,"page_number_string: 162
notes: 
source_full_citation: Rauber, A. (2003). Formierter Widerstand: Geschichte der kommunistischen Bewegung in der Schweiz 1944-1991. Edition 8.
source_comment: ",multiyear,1999-01-01T12:00:00,,,,,
52,bernische-volkspartei-be,,1,[86],[66],[],[52],[52],[],[447],[],[],[],[],[],[],[52],[],,,,,,,,,,,,,multimonth,1882-12-15T12:00:00,,"page_number_string: 35
notes: 
source_full_citation: Junker, B. (1996). Geschichte des Kantons Bern seit 1798. Band 3, Tradition und Aufbruch 1881-1995. Historischer Verein des Kantons Bern.
source_comment: ",year,1922-07-01T12:00:00,,"page_number_string: 180
notes: 
source_full_citation: Junker, B. (1996). Geschichte des Kantons Bern seit 1798. Band 3, Tradition und Aufbruch 1881-1995. Historischer Verein des Kantons Bern.
source_comment: 

page_number_string: 511
notes: 
source_full_citation: Junker, B. (1977). Bauernparteien in der Schweiz. In H. Gollwitzer (Hrsg.), Europäische Bauernparteien im 20. Jahrhundert (S. 507–523). G. Fischer.
source_comment: ",,,
53,ldu-be,,1,[],[67],[],[53],[53],"[1387,1388,1389,1390,1391,1392,1393,1394,1395,1396,1397,1398,1399,1400,1401,1402,1403,1404,1405,1406,1407,1408,1409,1410,1411,1412,1413,1414,1415,1416,1417,1418,1419,1571,1572,1573,1574,1575,1576,1577,1578,1579,1580,1581,1582,1583,1584,1585,1586,1741,1742,1743,1744,1745,1746,1747,1748,1749,1750,1751,1752,1753,1754,1755,1756]","[448,449]",[],[173],[],"[518,519]",[],"[2120,2121,2122,2123,2124,2125,2126,2127,2128,2129,2130,2131,2132,2133,2134,2135,2136,2137,2138,2139,2140,2141,2142,2143,2144,2145,2146,2147,2148,2149,2150,2151,2152,2153,2346,2347,2348,2349,2350,2351,2352,2353,2354,2355,2356,2357,2358,2359]",[53],[],,,,,,,,,,,,,year,1937-07-01T12:00:00,,"page_number_string: 52
notes: 
source_full_citation: Ramseier, H. (1973). Die Entstehung und Entwicklung des Landesrings der Unabhängigen bis 1943 [Dissertation Universität Zürich]. Chemigraphisches Institut AG.
source_comment: ",exact,1999-12-15T12:00:00,,"page_number_string: 
notes: 
source_full_citation: sda. (17. Dezember 1999). Berner LdU gibt auf. Berner Zeitung. Abgerufen am 01. Dezember 2025 von https://essentials.swissdox.ch/
source_comment: ",,,
54,svp-lu,,1,[87],[69],[],[54],[54],"[1810,1811,1812,1813,1814,1815,1816,1817,1927,1928,1929,1930,1931,1932,1933,1934,2048,2049,2050,2051,2052,2053,2054,2055,2100,2101,2102,2103,2104,2105,2106,2107,2228,2229,2230,2231,2232,2233,2234,2235,2344,2345,2346,2347,2348,2349,2350]","[450,451,452,453,454,455,456,457,458,459]",[],[137],[],"[41,42,1489]",[],"[2468,2469,2470,2471,2472,2473,2474,2475,2476,2477,2478,2479,2480,2481,2482,2483,2618,2619,2620,2621,2622,2623,2624,2625,2626,2627,2628,2629,2630,2631,2632,2633,2768,2769,2770,2771,2772,2773,2774,2775,2776,2777,2778,2779,2780,2781,2855,2856,2857,2858,2859,2860,2861,2862,2863,2864,2865,2866,2867,2868,2869,2870,3021,3022,3023,3024,3025,3026,3027,3028,3029,3030,3031,3032,3033,3034]",[54],"[65,66]",,,,,,,,,,,,,exact,1992-04-30T12:00:00,,"page_number_string: 
notes: 
source_full_citation: SVP Kanton Luzern. (2005). Geschichte der SVP des Kantons Luzern. Abgerufen am 04. Dezember 2025 von https://web.archive.org/web/20050210190720/https://www.svp-lu.ch/
source_comment: ",,,,,,,
55,sp-lu,,1,"[88,89]","[70,73]",[],[55],[55],"[1818,1819,1820,1821,1822,1823,1824,1825,1826,1827,1828,1829,1830,1831,1832,1833,1834,1835,1836,1837,1838,1839,1840,1841,1842,1843,1844,1845,1935,1936,1937,1938,1939,1940,1941,1942,1943,1944,1945,1946,1947,1948,1949,1950,1951,1952,1953,1954,1955,1956,1957,1958,1959,1960,1961,2056,2057,2058,2059,2060,2061,2062,2063,2064,2065,2108,2109,2110,2111,2112,2113,2114,2115,2116,2117,2118,2119,2120,2121,2122,2123,2124,2125,2126,2127,2128,2129,2130,2131,2132,2133,2134,2135,2136,2236,2237,2238,2239,2240,2241,2242,2243,2244,2245,2246,2247,2248,2249,2250,2251,2252,2253,2254,2255,2256,2257,2258,2259,2260,2351,2352,2353,2354,2355,2356,2357,2358,2359,2360,2361]","[460,461,462,463,464,465,794]",[],[102],[],"[159,160,161,162,163,164,165,166,167,168,169,170,171,172,173,174,175,176,177,178,179,180,181,182,183,184,185,186,187,188,189,1471]","[52,53,54,55]","[2484,2485,2486,2487,2488,2489,2490,2491,2492,2493,2494,2495,2496,2497,2498,2499,2500,2501,2502,2503,2504,2505,2506,2507,2508,2509,2510,2511,2634,2635,2636,2637,2638,2639,2640,2641,2642,2643,2644,2645,2646,2647,2648,2649,2650,2651,2652,2653,2654,2655,2656,2657,2658,2659,2660,2661,2782,2783,2784,2785,2786,2787,2788,2789,2790,2791,2792,2793,2794,2795,2796,2797,2798,2871,2872,2873,2874,2875,2876,2877,2878,2879,2880,2881,2882,2883,2884,2885,2886,2887,2888,2889,2890,2891,2892,2893,2894,2895,2896,2897,2898,3035,3036,3037,3038,3039,3040,3041,3042,3043,3044,3045,3046,3047,3048,3049,3050,3051,3052,3053,3054,3055,3056]",[55],"[67,68]",,,,,,,,,,,,,year,1895-07-01T12:00:00,,"page_number_string: 110
notes: 
source_full_citation: Ladner, A. (2022). Kantonale Wahlen und Parteiensysteme. IDHEAP.
source_comment: ",,,,,,,
56,fdplib-lu,,1,"[90,91,92]","[71,72]",[73],[56],[56],"[1846,1847,1848,1849,1850,1851,1852,1853,1854,1855,1856,1857,1858,1859,1860,1861,1862,1863,1864,1865,1866,1867,1868,1869,1870,1871,1872,1873,1962,1963,1964,1965,1966,1967,1968,1969,1970,1971,1972,1973,1974,1975,1976,1977,1978,1979,1980,1981,1982,1983,1984,1985,1986,1987,1988,2066,2067,2068,2069,2070,2071,2072,2073,2074,2075,2076,2077,2078,2079,2137,2138,2139,2140,2141,2142,2143,2144,2145,2146,2147,2148,2149,2150,2151,2152,2153,2154,2155,2156,2157,2158,2159,2160,2161,2162,2163,2164,2165,2261,2262,2263,2264,2265,2266,2267,2268,2269,2270,2271,2272,2273,2274,2275,2276,2277,2278,2279,2280,2281,2282,2283,2284,2285,2362,2363,2364,2365,2366,2367,2368,2369,2370,2371,2372]","[466,467,468,469,470,471,472,473,474]",[],[34],[],[520],[56],"[2512,2513,2514,2515,2516,2517,2518,2519,2520,2521,2522,2523,2524,2525,2526,2527,2528,2529,2530,2531,2532,2533,2534,2535,2536,2537,2538,2539,2662,2663,2664,2665,2666,2667,2668,2669,2670,2671,2672,2673,2674,2675,2676,2677,2678,2679,2680,2681,2682,2683,2684,2685,2686,2687,2688,2689,2799,2800,2801,2802,2803,2804,2805,2806,2807,2808,2809,2810,2811,2812,2813,2814,2815,2816,2817,2818,2819,2820,2821,2822,2899,2900,2901,2902,2903,2904,2905,2906,2907,2908,2909,2910,2911,2912,2913,2914,2915,2916,2917,2918,2919,2920,2921,2922,2923,2924,2925,2926,3057,3058,3059,3060,3061,3062,3063,3064,3065,3066,3067,3068,3069,3070,3071,3072,3073,3074,3075,3076,3077,3078]",[56],"[69,70]",,,,,,,,,,,,,year,1831-07-01T12:00:00,,"page_number_string: 110
notes: 
source_full_citation: Ladner, A. (2022). Kantonale Wahlen und Parteiensysteme. IDHEAP.
source_comment: ",,,,,,,
57,mitte-lu,,1,"[93,94,95]","[74,75,76]","[82,83]",[57],[57],"[1874,1875,1876,1877,1878,1879,1880,1881,1882,1883,1884,1885,1886,1887,1888,1889,1890,1891,1892,1893,1894,1895,1896,1897,1898,1899,1900,1901,1989,1990,1991,1992,1993,1994,1995,1996,1997,1998,1999,2000,2001,2002,2003,2004,2005,2006,2007,2008,2009,2010,2011,2012,2013,2014,2015,2080,2081,2082,2083,2084,2085,2086,2087,2088,2089,2090,2091,2092,2093,2166,2167,2168,2169,2170,2171,2172,2173,2174,2175,2176,2177,2178,2179,2180,2181,2182,2183,2184,2185,2186,2187,2188,2189,2190,2191,2192,2193,2194,2286,2287,2288,2289,2290,2291,2292,2293,2294,2295,2296,2297,2298,2299,2300,2301,2302,2303,2304,2305,2306,2307,2308,2309,2310,2373,2374,2375,2376,2377,2378,2379,2380,2381,2382,2383]","[475,476,477,478,479,480,481,482,483,484,485,486,487,488,489,490,491,492,493,494,561]",[],[74],[],"[521,1359,1385]","[57,58,59,60,61]","[2540,2541,2542,2543,2544,2545,2546,2547,2548,2549,2550,2551,2552,2553,2554,2555,2556,2557,2558,2559,2560,2561,2562,2563,2564,2565,2566,2567,2690,2691,2692,2693,2694,2695,2696,2697,2698,2699,2700,2701,2702,2703,2704,2705,2706,2707,2708,2709,2710,2711,2712,2713,2714,2715,2716,2717,2823,2824,2825,2826,2827,2828,2829,2830,2831,2832,2833,2834,2835,2836,2837,2838,2839,2840,2841,2842,2843,2844,2845,2846,2927,2928,2929,2930,2931,2932,2933,2934,2935,2936,2937,2938,2939,2940,2941,2942,2943,2944,2945,2946,2947,2948,2949,2950,2951,2952,2953,2954,3079,3080,3081,3082,3083,3084,3085,3086,3087,3088,3089,3090,3091,3092,3093,3094,3095,3096,3097,3098,3099,3100]",[57],"[71,72]","note_translations: languages_code: de-CH
note: In Année Politique Suisse (1970) wird davon gesprochen, es habe am 14.3.1970 eine Fusion zweier vormals getrennter christlich-demokratischer Formationen gegeben (https://anneepolitique.swiss/APS/de/APS_1970/APS1970_III_a.html#ref2). Weitergehende Hinweise fehlen jedoch.",,,,,,,,,,,,year,1871-07-01T12:00:00,,"page_number_string: 110
notes: 
source_full_citation: Ladner, A. (2022). Kantonale Wahlen und Parteiensysteme. IDHEAP.
source_comment: ",,,,,,,
58,ruswiler-verein-lu,,1,[96],[],[76],[58],[58],[],[],[],[],[],[],[],[],[58],[],,,,,,,,,,,,,exact,1840-11-05T12:00:00,,"page_number_string: 
notes: 
source_full_citation: Staatsarchiv Luzern. (2025). Die Mitte / CVP (Christlichdemokratische Volkspartei) des Kantons Luzern (Provenienz). Abgerufen am 08. Dezember 2025 von https://query-staatsarchiv.lu.ch/detail.aspx?Id=774085
source_comment: ",year,1871-07-01T12:00:00,,"page_number_string: 136
notes: 
source_full_citation: Vatter, A. (2002). Kantonale Demokratien im Vergleich: Entstehungsgründe, Interaktionen und Wirkungen politischer Institutionen in den Schweizer Kantonen. Leske + Budrich.
source_comment: ",,,
59,gruene-lu,,1,"[97,98]","[77,78,79,611]",[],[59],[59],"[1902,1903,1904,1905,1906,1907,1908,1909,1910,2016,2017,2018,2019,2020,2021,2022,2023,2024,2094,2095,2096,2097,2195,2196,2197,2198,2199,2200,2201,2202,2203,2311,2312,2313,2314,2315,2316,2317,2318,2319,2384,2385,2386,2387,2388]","[495,496,497,498,499,500,501,502,503,504,505,506,507]",[],[224],[],"[522,523]",[],"[2568,2569,2570,2571,2572,2573,2574,2575,2576,2577,2578,2579,2580,2581,2582,2583,2584,2585,2718,2719,2720,2721,2722,2723,2724,2725,2726,2727,2728,2729,2730,2731,2732,2733,2734,2735,2847,2848,2849,2850,2851,2852,2853,2955,2956,2957,2958,2959,2960,2961,2962,2963,2964,2965,2966,2967,2968,2969,2970,2971,2972,3101,3102,3103,3104,3105,3106,3107,3108,3109,3110]",[59],[],,,,,,,,,,,,,year,1987-07-01T12:00:00,,"page_number_string: 35
notes: 
source_full_citation: Baer, M. & Seitz, W. (Hrsg.). (2008). Die Grünen in der Schweiz: Ihre Politik, ihre Geschichte, ihre Basis. Rüegger Verlag.
source_comment: ",,,,,,,
60,glp-lu,,1,[99],[80],[],[60],[60],"[1911,1912,1913,1914,2025,2026,2027,2028,2098,2204,2205,2206,2207,2320,2321,2322,2323,2389,2390]","[508,509,510,511,512,513,514]",[],[274],[],[],[],"[2586,2587,2588,2589,2590,2591,2592,2593,2736,2737,2738,2739,2740,2741,2742,2743,2854,2973,2974,2975,2976,2977,2978,2979,2980,3111,3112,3113,3114]",[60],[],,,,,,,,,,,,,exact,2008-04-01T12:00:00,,"page_number_string: 
notes: 
source_full_citation: sda. (15. April 2008). Grünliberale Partei im Kanton Luzern. Neue Zürcher Zeitung. Abgerufen am 08. Dezember 2025 von https://essentials.swissdox.ch/
source_comment: ",,,,,,,
61,evp-lu,,1,[100],[81],[],[61],[61],"[1915,1916,1917,1918,1919,1920,2029,2030,2031,2032,2033,2034,2208,2209,2210,2211,2212,2324,2325,2326,2327,2328]","[515,516,517,518,519]",[],[178],[],[21],[],"[2594,2595,2596,2597,2598,2599,2600,2601,2602,2603,2604,2605,2744,2745,2746,2747,2748,2749,2750,2751,2752,2753,2754,2755,2981,2982,2983,2984,2985,2986,2987,2988,2989,2990]",[61],"[73,74]",,,,,,,,,,,,,exact,2003-10-10T12:00:00,,"page_number_string: 
notes: 
source_full_citation: Jones, A. (11. Oktober 2003). Die EVP gründet Kantonalpartei. Neue Luzerner Zeitung. Abgerufen am 08. Dezember 2025 von https://essentials.swissdox.ch/
source_comment: ",,,,,,,
62,csp-lu,,1,[101],"[82,83,86,87,88,645,646]",[],[62],[62],"[1921,2035,2042,2043,2044,2045,2046,2047,2213,2214,2215,2216,2217,2218,2219,2220,2221,2329,2330,2331,2332,2333,2334,2335,2336,2337,14820,14821,14822,14823]","[520,521,522,523,524,525,792,793]",[],[382],[],[],[],"[2606,2607,2756,2757,2991,2992,2993,2994,2995,2996,2997,2998,2999,3000,3001,3002,3003,3004,3005,3006,3007,3008]",[62],[],,,,,,,,,,,,,year,1909-07-01T12:00:00,"note_translations: languages_code: de-CH
note: Im HLS (Kiener 2018: https://hls-dhs-dss.ch/de/articles/007382/2018-02-07/) wird hingegen 1920 als Gründungsjahr genannt.","page_number_string: 112
notes: 
source_full_citation: Casetti, G. (1979). Partei und Christlichsoziale: Die heilsame Unruh. In U. Altermatt & H. P. Fagagnini (Hrsg.), Die CVP zwischen Programm und Wirklichkeit (S. 106-123). Benziger.
source_comment: 

page_number_string: 
notes: 
source_full_citation: Staatsarchiv Luzern. (2025). CSP (Christlich-soziale Partei) des Kantons und der Stadt Luzern (Provenienz). Abgerufen am 08. Dezember 2025 von https://query-staatsarchiv.lu.ch/detail.aspx?ID=1587955
source_comment: ",year,2010-07-01T12:00:00,,"page_number_string: 
notes: 
source_full_citation: Staatsarchiv Luzern. (2025). CSP (Christlich-soziale Partei) des Kantons und der Stadt Luzern (Provenienz). Abgerufen am 08. Dezember 2025 von https://query-staatsarchiv.lu.ch/detail.aspx?ID=1587955
source_comment: ",,,
63,bdp-lu,,1,[105],[89],[],[63],[65],"[1922,1923,2036,2037,2099,2222,2223,2224,2338,2339,2340]","[526,527,528,529]",[],[305],[],[22],[],"[2608,2609,2610,2611,2758,2759,2760,2761,3009,3010,3011,3012,3013,3014]",[65],[],,,,,,,,,,,,,exact,2010-04-22T12:00:00,,"page_number_string: 
notes: 
source_full_citation: Nussbaumer, L. (23. Dezember 2010). BDP-Präsident wirft Handtuch. Neue Luzerner Zeitung. Abgerufen am 08. Dezember 2025 von https://essentials.swissdox.ch/
source_comment: ",year,2020-07-01T12:00:00,"note_translations: languages_code: de-CH
note: Gemäss Medienberichten gab es von der BDP LU ab Februar 2020 keinerlei Aktivitäten mehr.","page_number_string: 
notes: 
source_full_citation: Lipp, J. (27. November 2020). BDP Luzern vor dem Aus: Sie war nie langweilig, aber auch nie gut. In zentralplus. Abgerufen am 10. Dezember 2025 von https://www.zentralplus.ch/politik/bdp-luzern-vor-dem-aus-sie-war-nie-langweilig-aber-auch-nie-gut-1948447/
source_comment: ",,,
64,poch-lu,,1,[651],[610],[611],[64],[403],"[1924,1925,1926,2038,2039,2040,2225,2226,2227,2341,2342,2343]",[],[],[219],[],[524],[],"[2612,2613,2614,2615,2616,2617,2762,2763,2764,2765,2766,2767,3015,3016,3017,3018,3019,3020]",[104],[],,,,,,,,,,,,,month,1973-11-15T12:00:00,,"page_number_string: 
notes: 
source_full_citation: Wirthlin, T. (2011). Von Rot nach Grün: Die Entstehung und Entwicklung der Grünen Partei Luzern [Maturaarbeit]. Kantonsschule Musegg.
source_comment: ",year,1988-07-01T12:00:00,,"page_number_string: 
notes: ",,,
65,csp-ch-1976,,,[102],[617],"[84,86,185,356,359,488,646,650]",[65],[63],[],[763],[],[377],[],[],[],[],[63],[],,,,,,,,,,,,,exact,1976-05-22T12:00:00,,"page_number_string: 132
notes: 
source_full_citation: Tschäni, H. (1979). Parteien, Programme, Parolen. Sauerländer & Ex-Libris-Verlag.
source_comment: 

page_number_string: 162
notes: 
source_full_citation: Altermatt, U. (2012). Das historische Dilemma der CVP. hier+jetzt.
source_comment: 

page_number_string: 116, 123
notes: 
source_full_citation: Casetti, G. (1979). Partei und Christlichsoziale: Die heilsame Unruh. In U. Altermatt & H. P. Fagagnini (Hrsg.), Die CVP zwischen Programm und Wirklichkeit (S. 106-123). Benziger.
source_comment: ",multiyear,1995-01-01T12:00:00,"note_translations: languages_code: de-CH
note: Es liegen uns keine Quellen vor, die eine explizite Auflösung der Partei dokumentieren würden. Für das Jahr 1992 wird bei Rinderknecht (1992) noch eine Parolenfassung der CSP Schweiz erwähnt, unmittelbar vor der Gründung der neuen CSP Schweiz 1997 scheint sie aber nicht mehr existiert bzw. funktioniert zu haben (siehe Bloch 2026; Müller 1996).","page_number_string: 
notes: 
source_full_citation: Bloch, B. (2026). Auskunft zur Parteigeschichte der CSP. Unveröffentlicht, per E-Mail vom 21.5.2026 erhalten.
source_comment: 

page_number_string: 
notes: 
source_full_citation: Gilg, P. (1981). Christlichdemokratische Volkspartei. In Année Politique Suisse. Abgerufen am 6. Juli 2026 von https://politchronik.swiss/APS/de/APS_1981/APS1981_III_a.html#ref4
source_comment: 

page_number_string: 
notes: 
source_full_citation: Rinderknecht, M. (1992). Parteien. In Année Politique Suisse 1992. Abgerufen am 6. Juli 2026 von https://politchronik.swiss/APS/de/APS_1992/APS1992_III_a.html
source_comment: ",,,
66,ml-csp-ch,#35AEB2,,"[103,104]","[84,85]","[88,186,215,331,357,489,649]",[66],[64],[],"[592,791]",[],[378],[],"[1579,1580]",[],[],[64],[],,"page_number_string: 
notes: 
source_full_citation: Zehr, B. (12. Dezember 2018). Wie wir bei SRF (neu) Parteien einfärben. Abgerufen am 20. Oktober 2025 von https://medium.com/srf-schweizer-radio-und-fernsehen/wie-wir-bei-srf-parteien-einf%C3%A4rben-9f010f80cf62
source_comment: ",de-CH,"Nach unseren Erkenntnissen stellte die ML-CSP Schweiz ihre Aktivitäten Ende 2017 ein, wurde aber bis heute nicht formell aufgelöst.",,,,,,,,,exact,1997-06-21T12:00:00,,"page_number_string: 
notes: 
source_full_citation: sda. (23. Juni 1997). Weg von der CVP: Christlich-Soziale Partei. Der Bund. Abgerufen am 08. Dezember 2025 von https://essentials.swissdox.ch/
source_comment: ",,,,,,,
67,svp-ur,,1,[106],[90],[],[67],[66],"[2391,2392,2393,2394,2430,2431,2432,2433,2484,2491,2492,2493,2494,2495,2496,2497,2579,2580,2581,2582,2583,2606,2607,2608,2609]","[531,532,533,534,535,536,537]",[],[138],[],"[23,24]",[],"[3115,3116,3117,3118,3119,3120,3121,3122,3163,3164,3211,3212,3213,3214,3215,3216,3217,3218,3219,3220,3221,3222,3223,3224,3328,3329,3330,3331,3333,3334,3335,3336]",[66],[],,,,,,,,,,,,,exact,1998-12-05T12:00:00,,"page_number_string: 
notes: 
source_full_citation: SVP Kanton Uri. (2017). Statuten der Schweizerischen Volkspartei des Kantons URI. Abgerufen am 15. Dezember 2025 von https://www.svpuri.ch/wp-content/uploads/sites/32/Statuten-vom-Maerz-2017.pdf
source_comment: ",,,,,,,
68,sp-ur,,1,"[107,108]",[91],[],[68],[67],"[2395,2396,2397,2398,2434,2435,2436,2437,2474,2477,2483,2498,2499,2500,2501,2502,2503,2504,2505,2506,2507,2508,2509,2510,2511,2512,2513,2514,2515,2516,2517,2518,2519,2520,2521,2584,2585,2586,2587,2588,2610,2611,2612,2613,2614,2615,2616,2617,2618,2619,2620,2621]","[538,539]",[],[103],[],"[29,30,220,221,222,223,224,225,226,227,228,229,230,231,232,233,234,235,236,237,238,239,240,241,242,243,244,245,246,247,248,249]",[86],"[3123,3124,3125,3126,3127,3128,3165,3166,3167,3168,3169,3170,3225,3226,3227,3228,3229,3230,3231,3232,3233,3234,3235,3236,3237,3238,3239,3240,3241,3242,3243,3244,3245,3246,3247,3248,3249,3250,3251,3252,3337,3338,3339,3340,3341,3342,3343,3344,3345,3346,3347,3348,3349,3350,3351,3352,3353,3354,3355,3356,3357,3358,3359,3360]",[67],[205],,,,,,,,,,,,,exact,1907-10-06T12:00:00,,"page_number_string: 
notes: 
source_full_citation: SP Kanton Uri. (2025). Geschichte SP-Uri. Abgerufen am 15. Dezember 2025 von https://web.archive.org/web/20200217070028mp_/https:/www.sp-uri.ch/de/no_active_menu_item_found/geschichte-sp-uri
source_comment: ",,,,,,,
69,fdplib-ur,,1,"[109,110,111]","[92,93]",[],[69],[68],"[2399,2400,2401,2402,2403,2404,2405,2406,2407,2408,2409,2410,2411,2412,2413,2414,2415,2416,2417,2418,2419,2420,2421,2422,2423,2438,2439,2440,2441,2442,2443,2444,2445,2446,2447,2448,2449,2450,2451,2452,2453,2454,2455,2456,2457,2458,2459,2460,2461,2462,2486,2488,2490,2522,2523,2524,2525,2526,2527,2528,2529,2530,2531,2532,2533,2534,2535,2536,2537,2538,2539,2540,2541,2542,2543,2544,2545,2589,2590,2591,2592,2593,2622,2623,2624,2625,2626,2627,2628,2629,2630,2631,2632,2633]","[540,541,542,543,544,545,546,547,548]",[],[35],[],"[27,28]",[],"[3129,3130,3131,3132,3133,3134,3135,3136,3137,3138,3139,3141,3142,3143,3144,3145,3146,3147,3148,3149,3150,3151,3171,3172,3173,3174,3175,3176,3253,3254,3255,3256,3257,3258,3259,3260,3261,3262,3263,3264,3265,3266,3267,3268,3269,3270,3271,3272,3273,3274,3275,3276,3277,3278,3279,3280,3361,3362,3363,3364,3365,3366,3367,3368,3369,3370,3371,3372,3373,3374,3375,3376,3377,3378,3379,3380,3381,3382,3383,3384]",[68],[75],,,,,,,,,,,,,year,1912-07-01T12:00:00,,"page_number_string: 110
notes: 
source_full_citation: Ladner, A. (2022). Kantonale Wahlen und Parteiensysteme. IDHEAP.
source_comment: ",,,,,,,
70,mitte-ur,,1,"[112,113,114,115]","[94,95]",[],[70],[69],"[2424,2425,2426,2427,2463,2464,2465,2466,2469,2470,2471,2472,2473,2475,2476,2478,2479,2480,2481,2485,2487,2489,2546,2547,2548,2549,2550,2551,2552,2553,2554,2555,2556,2557,2558,2559,2560,2561,2562,2563,2564,2565,2566,2567,2568,2569,2594,2595,2596,2597,2598,2634,2635,2636,2637,2638,2639,2640,2641,2642,2643,2644,2645]","[549,550,551,552,553,554,555,556]",[],[75],[],"[25,433,1367,1395]",[62],"[3153,3154,3155,3156,3157,3158,3177,3178,3179,3180,3181,3182,3183,3184,3185,3186,3187,3188,3189,3190,3191,3192,3193,3194,3195,3196,3197,3198,3199,3200,3281,3282,3283,3284,3285,3286,3287,3288,3289,3290,3291,3292,3293,3294,3295,3296,3297,3298,3299,3300,3301,3302,3303,3304,3305,3306,3307,3308,3385,3386,3387,3388,3389,3390,3391,3392,3393,3394,3395,3396,3397,3398,3399,3400,3401,3402,3403,3404,3405,3406,3407,3408,7367,7368]",[69],"[77,78]",,,,,,,,,,,,,year,1899-07-01T12:00:00,,"page_number_string: 110
notes: 
source_full_citation: Ladner, A. (2022). Kantonale Wahlen und Parteiensysteme. IDHEAP.
source_comment: ",,,,,,,
71,gruene-ur,,1,"[116,117]",[96],[],[71],[70],"[2428,2429,2467,2468,2570,2571,2572,2573,2574,2575,2576,2599,2600,2601,2602,2603]",[557],[],[225],[],[],[],"[3159,3160,3161,3162,3309,3310,3311,3312,3313,3314,3315,3316,3317,3318,3319,3320,3321,3322]",[70],"[79,80,81,82,83]",,,,,,,,,,,,,year,1994-07-01T12:00:00,,"page_number_string: 36
notes: 
source_full_citation: Baer, M. & Seitz, W. (Hrsg.). (2008). Die Grünen in der Schweiz: Ihre Politik, ihre Geschichte, ihre Basis. Rüegger Verlag.
source_comment: ",,,,,,,
72,kfu-ur,,1,[118],[],[],[72],[71],[2577],[],[],[406],[],[525],[],"[3323,3324]",[71],[],,,,,,,,,,,,,year,1983-07-01T12:00:00,,,year,1993-07-01T12:00:00,,,,,
73,glp-ur,,1,[119],[97],[],[73],[72],"[2482,2578,2604,2646]","[558,559,560]",[],[275],[],[],[],"[3201,3202,3325,3326,3409,3410]",[72],[],,,,,,,,,,,,,exact,2022-04-01T12:00:00,,"page_number_string: 
notes: 
source_full_citation: GLP Kanton Uri. (2022). Statuten. Abgerufen am 15. Dezember 2025 von https://ur.grunliberale.ch/wp-content/uploads/sites/17/2025/08/GLP_Uri_Gruendungsstatuten_01_04_2022_signiert.pdf
source_comment: ",,,,,,,
74,svp-bs,,1,[120],[98],[],[74],[73],"[2657,2672,2673,2674,2675,2676,2677,2678,2679,2855,2870,2871,2872,2873,2874,2875,2876,2877,3053,3057,3061,3065,3068,3080,3081,3082,3083,3084,3085,3086,3087,3088,3319,3320,3321,3322,3323,3324,3325,3326,3548,3549,3550,3551,3552,3553,3554]",[],[],[139],[],"[32,1488]",[],"[3411,3412,3413,3414,3415,3416,3417,3418,3419,3420,3421,3422,3423,3424,3425,3426,3641,3642,3643,3644,3645,3646,3647,3648,3649,3650,3651,3652,3653,3654,3655,3656,3880,3884,3888,3891,3903,3907,3911,3914,3915,3916,3917,3918,3919,3920,3921,3922,3923,3924,3925,3926,3927,3928,3929,3930,3931,3932,4183,4184,4185,4186,4187,4188,4189,4190,4191,4192,4193,4194,4195,4196]",[73],"[84,85]",,,,,,,,,,,,,year,1991-07-01T12:00:00,,"page_number_string: 110
notes: 
source_full_citation: Ladner, A. (2022). Kantonale Wahlen und Parteiensysteme. IDHEAP.
source_comment: ",,,,,,,
75,sp-bs,,1,"[121,122]",[99],"[136,139]",[75],[74],"[2650,2656,2663,2680,2681,2682,2683,2684,2685,2686,2687,2688,2689,2690,2691,2692,2693,2694,2695,2696,2697,2698,2699,2700,2701,2702,2703,2704,2848,2854,2861,2878,2879,2880,2881,2882,2883,2884,2885,2886,2887,2888,2889,2890,2891,2892,2893,2894,2895,2896,2897,2898,2899,2900,2901,2902,3043,3044,3045,3046,3047,3049,3051,3052,3056,3058,3060,3063,3064,3067,3089,3090,3091,3092,3093,3094,3095,3096,3097,3098,3099,3100,3101,3102,3103,3104,3105,3106,3107,3108,3109,3110,3111,3112,3113,3114,3115,3116,3327,3328,3329,3330,3331,3332,3333,3334,3335,3336,3337,3338,3339,3340,3341,3342,3343,3344,3345,3346,3347,3348,3349,3350,3351,3352,3353,3354,3555,3556,3557,3558,3559,3560,3561,3562,3563,3564,3565]",[],[],[104],[],"[250,251,252,253,254,255,256,257,258,259,260,261,262,263,264,265,266,267,268,269,270,271,272,273,274,275,276,277,278,279,280,1327,1468]","[63,64,65]","[3427,3428,3429,3430,3431,3432,3433,3434,3435,3436,3437,3438,3439,3440,3441,3442,3443,3444,3445,3446,3447,3448,3449,3450,3451,3452,3453,3454,3657,3658,3659,3660,3661,3662,3663,3664,3665,3666,3667,3668,3669,3670,3671,3672,3673,3674,3675,3676,3677,3678,3679,3680,3681,3682,3683,3684,3871,3872,3873,3874,3876,3878,3879,3883,3885,3887,3889,3890,3892,3893,3894,3895,3896,3897,3899,3901,3902,3906,3908,3910,3933,3934,3935,3936,3937,3938,3939,3940,3941,3942,3943,3944,3945,3946,3947,3948,3949,3950,3951,3952,3953,3954,3955,3956,3957,3958,3959,3960,3961,3962,4197,4198,4199,4200,4201,4202,4203,4204,4205,4206,4207,4208,4209,4210,4211,4212,4213,4214,4215,4216,4217,4218]",[74],"[86,87,88,89,90,91,92,93,94,95,96,97,98,99,100,101,102,103,104,105,106,107,108,109,110,111,589]",,,,,,,,,,,,,exact,1890-06-26T12:00:00,,"page_number_string: 
notes: 
source_full_citation: SP Kanton Basel-Stadt. (2026). Die Gründung der SP Basel-Stadt. Abgerufen am 06. Januar 2026 von https://sp-bs.ch/publikationen/eine-kleine-parteigeschichte/
source_comment: ",,,,,,,
76,fdplib-bs,,1,"[123,124,125,126]","[100,101]","[119,429]",[76],[75],"[2648,2653,2660,2705,2706,2707,2708,2709,2710,2711,2712,2713,2714,2715,2716,2717,2718,2719,2720,2721,2722,2723,2724,2725,2726,2727,2728,2729,2846,2851,2858,2903,2904,2905,2906,2907,2908,2909,2910,2911,2912,2913,2914,2915,2916,2917,2918,2919,2920,2921,2922,2923,2924,2925,2926,2927,3055,3059,3062,3117,3118,3119,3120,3121,3122,3123,3124,3125,3126,3127,3128,3129,3130,3131,3132,3133,3134,3135,3136,3137,3138,3139,3140,3141,3142,3143,3144,3355,3356,3357,3358,3359,3360,3361,3362,3363,3364,3365,3366,3367,3368,3369,3370,3371,3372,3373,3374,3375,3376,3377,3378,3379,3380,3381,3382,3566,3567,3568,3569,3570,3571,3572,3573,3574,3575,3576]",[],[],[36],[],"[1325,1526]","[66,67]","[3455,3456,3457,3458,3459,3460,3461,3462,3463,3464,3465,3466,3467,3468,3469,3470,3471,3472,3473,3474,3475,3476,3477,3478,3479,3480,3481,3482,3685,3686,3687,3688,3689,3690,3691,3692,3693,3694,3695,3696,3697,3698,3699,3700,3701,3702,3703,3704,3705,3706,3707,3708,3709,3710,3711,3712,3882,3886,3905,3909,3912,3963,3964,3965,3966,3967,3968,3969,3970,3971,3972,3973,3974,3975,3976,3977,3978,3979,3980,3981,3982,3983,3984,3985,3986,3987,3988,3989,3990,3991,4219,4220,4221,4222,4223,4224,4225,4226,4227,4228,4229,4230,4231,4232,4233,4234,4235,4236,4237,4238,4239,4240]",[75],"[112,113,587]",,,,,,,,,,,,,exact,1894-09-19T12:00:00,,"page_number_string: 
notes: 
source_full_citation: FDP.Die Liberalen Kanton Basel-Stadt. (2026). Jubiläumsbuch. Abgerufen am 09. Januar 2026 von https://www.fdp-bs.ch/partei/parteigeschichte
source_comment: ",,,,,,,
77,mitte-bs,,1,"[127,128,129,130]","[102,103]",[122],[77],[76],"[2647,2652,2658,2730,2731,2732,2733,2734,2735,2736,2737,2738,2739,2740,2741,2742,2743,2744,2745,2746,2747,2748,2749,2750,2751,2752,2753,2754,2845,2850,2856,2928,2929,2930,2931,2932,2933,2934,2935,2936,2937,2938,2939,2940,2941,2942,2943,2944,2945,2946,2947,2948,2949,2950,2951,2952,3054,3066,3145,3146,3147,3148,3149,3150,3151,3152,3153,3154,3155,3156,3157,3158,3159,3160,3161,3162,3163,3164,3165,3166,3167,3168,3169,3170,3171,3172,3383,3384,3385,3386,3387,3388,3389,3390,3391,3392,3393,3394,3395,3396,3397,3398,3399,3400,3401,3402,3403,3404,3405,3406,3407,3408,3409,3410,3577,3578,3579,3580,3581,3582,3583,3584,3585,3586,3587]",[],[],[76],[],"[1326,1353,1379]","[68,69,70,71]","[3483,3484,3485,3486,3487,3488,3489,3490,3491,3492,3493,3494,3495,3496,3497,3498,3499,3500,3501,3502,3503,3504,3505,3506,3507,3508,3509,3510,3713,3714,3715,3716,3717,3718,3719,3720,3721,3722,3723,3724,3725,3726,3727,3728,3729,3730,3731,3732,3733,3734,3735,3736,3737,3738,3739,3740,3881,3904,3913,3992,3993,3994,3995,3996,3997,3998,3999,4000,4001,4002,4003,4004,4005,4006,4007,4008,4009,4010,4011,4012,4013,4014,4015,4016,4017,4018,4019,4020,4021,4241,4242,4243,4244,4245,4246,4247,4248,4249,4250,4251,4252,4253,4254,4255,4256,4257,4258,4259,4260,4261,4262]",[76],[588],,,,,,,,,,,,,month,1905-05-15T12:00:00,,"page_number_string: 
notes: 
source_full_citation: CVP Kanton Basel-Stadt. (2021). CVP Basel-Stadt: Hundertster Geburtstag. Abgerufen am 09. Januar 2026 von https://web.archive.org/web/20211027060901/https:/www.cvp-bs.ch/cvp-basel-stadt-hundertster-geburtstag/
source_comment: ",,,,,,,
78,gruene-bs-1991,,1,"[131,132]","[104,107]",[],[78],[77],"[3174,3175,3176,3177,3178,3179,3180,3181,3182,3412,3413,3414,3415,3416,3417,3418,3419,3420,3588,3589,3590,3591,3592,8513,8514,8515,8516,8517,8518,8519,8523,8525,8527,8530,8531,8534,8537,8538,8539]",[],[],[226],[],[],[],"[4023,4024,4025,4026,4027,4028,4029,4030,4032,4033,4034,4035,4036,4037,4038,4039,4263,4264,4265,4266,4267,4268,4269,4270,4271,4272,9628,9629,9636,9637,9638,9639,9640,9641,9642,9643,9644,9645,9646,9647,9648,9649,9650,9651,9652,9653]",[77],"[114,115,116,117,118,119,120,121,122,123,124,125,126,127,128,129,130,131,132,133,134,135]",,,,,,,,,,,,,exact,1991-02-05T12:00:00,,"page_number_string: 
notes: 
source_full_citation: Wikipedia. (2026). Grüne Partei Basel-Stadt. Abgerufen am 09. Januar 2026 von https://de.wikipedia.org/wiki/Gr%C3%BCne_Partei_Basel-Stadt
source_comment: ",,,,,,,
79,gruene-bs-1989,,1,[133],"[105,106,109,137]",[107],[79],[78],[],[],[],[227],[],[],[],[],[78],[],,,,,,,,,,,,,exact,1989-06-20T12:00:00,,"page_number_string: 
notes: 
source_full_citation: Grüne Kanton Basel-Stadt. (2007). Zeitlicher Abriss in tabellarischer Form. Abgerufen am 09. Januar 2026 von https://web.archive.org/web/20071015130217/http:/bs.gruene.ch/index/geschichte_gruene_bs.htm
source_comment: ",exact,1991-01-24T12:00:00,,"page_number_string: 
notes: 
source_full_citation: Grüne Kanton Basel-Stadt. (2007). Zeitlicher Abriss in tabellarischer Form. Abgerufen am 09. Januar 2026 von https://web.archive.org/web/20071015130217/http:/bs.gruene.ch/index/geschichte_gruene_bs.htm
source_comment: ",,,
80,gruene-bs-1988,,1,[134],"[108,173]",[109],[80],[79],"[3173,3411]",[],[],[228],[],[],[],"[4022,4031]",[79],[],,,,,,,,,,,,,exact,1988-06-27T12:00:00,,"page_number_string: 
notes: 
source_full_citation: Grüne Kanton Basel-Stadt. (2007). Zeitlicher Abriss in tabellarischer Form. Abgerufen am 09. Januar 2026 von https://web.archive.org/web/20071015130217/http:/bs.gruene.ch/index/geschichte_gruene_bs.htm
source_comment: ",exact,1989-06-20T12:00:00,,"page_number_string: 
notes: 
source_full_citation: Grüne Kanton Basel-Stadt. (2007). Zeitlicher Abriss in tabellarischer Form. Abgerufen am 09. Januar 2026 von https://web.archive.org/web/20071015130217/http:/bs.gruene.ch/index/geschichte_gruene_bs.htm
source_comment: ",,,
81,basta-bs,,1,[135],"[110,111,112]",[],[81],[80],"[3183,3421,8457,8458,8459,8460,8461,8462,8463,8464,8465,8466,8511,8512,8520,8521,8522,8524,8526,8528,8529,8532,8533,8535,8544,8545,8547,8548]",[],[],[369],[],[],[],"[9614,9615,9616,9617,9618,9619,9620,9621,9622,9623,9624,9625,9626,9627,9630,9631,9632,9633,9634,9635]",[80],"[136,137,138,139,140,141,142,143,144]",,,,,,,,,,,,,year,1995-07-01T12:00:00,,,,,,,,,
82,glp-bs,,1,[139],[114],[],[82],[81],"[2755,2756,2757,2758,2953,2954,2955,2956,3184,3185,3186,3187,3188,3422,3423,3424,3425,3426,3593,3594,3595]",[],[],[276],[],[],[],"[3511,3512,3513,3514,3515,3516,3517,3518,3741,3742,3743,3744,3745,3746,3747,3748,4040,4041,4042,4043,4044,4045,4046,4047,4048,4049,4273,4274,4275,4276,4277,4278]",[81],[],,,,,,,,,,,,,exact,2008-02-26T12:00:00,,"page_number_string: 
notes: 
source_full_citation: sda. (01. März 2008). Neue grünliberale Sektion. Zürichsee-Zeitung. Abgerufen am 12. Januar 2026 von https://essentials.swissdox.ch/
source_comment: ",,,,,,,
83,evp-bs-1948,,1,"[141,142]","[116,117]",[],[83],[82],"[2761,2762,2763,2764,2765,2766,2767,2768,2769,2770,2771,2772,2773,2959,2960,2961,2962,2963,2964,2965,2966,2967,2968,2969,2970,2971,3195,3196,3197,3198,3199,3200,3201,3202,3203,3204,3205,3206,3207,3208,3209,3210,3211,3212,3213,3433,3434,3435,3436,3437,3438,3439,3440,3441,3442,3443,3444,3445,3446,3447,3448,3449,3450,3451]",[],[],[179],[],[1330],[],"[3519,3520,3521,3522,3523,3524,3525,3526,3527,3528,3529,3530,3531,3532,3533,3534,3535,3536,3537,3538,3539,3540,3541,3542,3749,3750,3751,3752,3753,3754,3755,3756,3757,3758,3759,3760,3761,3762,3763,3764,3765,3766,3767,3768,3769,3770,3771,3772,4050,4051,4052,4053,4054,4055,4056,4057,4058,4059,4060,4061,4062,4063,4064,4065,4066,4067,4068,4069,4070,4071,4072,4073,4074,4075,4076,4077,4078,4079]",[82],[592],,,,,,,,,,,,,exact,1948-12-17T12:00:00,,"page_number_string: 
notes: 
source_full_citation: EVP Kanton Basel-Stadt. (2007). Geschichte. Abgerufen am 12. Januar 2026 von https://www.evp-bs.ch/partei/geschichte
source_comment: ",,,,,,,
84,evp-bs-1920,,1,[140],[115],[116],[84],[83],"[2659,2759,2760,2857,2957,2958,3189,3190,3191,3192,3193,3194,3427,3428,3429,3430,3431,3432]",[],[],[180],[],[],[],[],[83],[],,,,,,,,,,,,,exact,1920-02-23T12:00:00,,"page_number_string: 
notes: 
source_full_citation: EVP Kanton Basel-Stadt. (2007). Geschichte. Abgerufen am 12. Januar 2026 von https://www.evp-bs.ch/partei/geschichte
source_comment: ",exact,1953-06-02T12:00:00,,"page_number_string: 
notes: 
source_full_citation: EVP Kanton Basel-Stadt. (2007). Geschichte. Abgerufen am 12. Januar 2026 von https://www.evp-bs.ch/partei/geschichte
source_comment: ",,,
85,edu-bs,,1,[143],[118],[],[85],[84],"[2774,2775,2776,2777,2778,2779,2780,2972,2973,2974,2975,2976,2977,2978,3214,3215,3216,3217,3218,3219,3220,3221,3452,3453,3454,3455,3456,3457,3458,3459]",[],[],[255],[],[],[],"[3543,3544,3545,3546,3547,3548,3549,3550,3551,3552,3553,3554,3555,3556,3773,3774,3775,3776,3777,3778,3779,3780,3781,3782,3783,3784,3785,3786,4325,4326,4327,4328,4329,4330,4331,4332,4333,4334,4335,4336,4337,4338,4339,4340]",[84],[],,,,,,,,,,,,,year,1986-07-01T12:00:00,,"page_number_string: 15
notes: 
source_full_citation: EDU Schweiz. (2000). 25 Jahre EDU - UDF, Eidgenössisch-Demokratische Union, Union Démocratique Fédérale : Rückblick, Aufblick, Blick voraus. EDU Schweiz.
source_comment: ",,,,,,,
86,bgb-bs,,1,"[144,145,146,147]","[119,121]",[120],[86],[85],"[2651,2664,2665,2666,2667,2668,2669,2670,2671,2849,2862,2863,2864,2865,2866,2867,2868,2869,3069,3070,3071,3072,3073,3074,3075,3076,3077,3078,3079,3308,3309,3310,3311,3312,3313,3314,3315,3316,3317,3318]",[],[],[133],[],[],[],[],[85],[],,,,,,,,,,,,,month,1911-01-15T12:00:00,,"page_number_string: 123
notes: 
source_full_citation: Mattioli, A. & Stirnimann, C. (1987). Von der Bürger- und Gewerbepartei Basel-Stadt zur Nationalen Volkspartei Basel. Zur politischen Entwicklung und Programmatik einer rechtskonservativen Partei in der Zwischenkriegszeit (1932-1938). Basler Zeitschrift für Geschichte und Altertumskunde, 87, 119-154. https://doi.org/10.5169/seals-118194
source_comment: ",exact,1957-03-01T12:00:00,,"page_number_string: 114
notes: 
source_full_citation: Pfister, B. (2019). Für Freiheit kämpfen – Die Geschichte des Basler Freisinns. Christoph Merian Verlag.
source_comment: ",,,
87,bdp-bs,,1,[148],"[122,123]",[],[87],[86],"[2781,2782,2783,2979,2980,2981,3222,3460,3461]",[],[],[306],[],[],[],"[3557,3558,3559,3560,3561,3562,3787,3788,3789,3790,3791,3792,4341,4342]",[86],[],,,,,,,,,,,,,exact,2011-08-24T12:00:00,,"page_number_string: 
notes: 
source_full_citation: BDP Kanton Basel-Stadt. (24. August 2011). BDP Kanton Basel-Stadt wird die 16. Kantonalpartei. Abgerufen am 16. Januar 2026 von https://web.archive.org/web/20110928232319/http:/www.bdp.info/media/archive3/mmGr%C3%BCndungBDP_BS_110824.pdf
source_comment: ",year,2021-07-01T12:00:00,,"page_number_string: 
notes: 
source_full_citation: Wikipedia. (2026). Die Mitte Basel-Stadt. Abgerufen am 16. Januar 2026 von https://de.wikipedia.org/wiki/Die_Mitte_Basel-Stadt
source_comment: ",,,
88,pda-bs-1944,,1,"[152,153,154]","[127,129]",[128],[88],[87],"[2788,2789,2790,2791,2792,2793,2794,2795,2796,2797,2798,2799,2800,2986,2987,2988,2989,2990,2991,2992,2993,2994,2995,2996,2997,2998,3228,3229,3230,3231,3232,3233,3234,3235,3236,3237,3238,3239,3240,3467,3468,3469,3470,3471,3472,3473,3474,3475,3476,3477,3478,3479,14801]",[],[],[202],[],[1333],[],"[3563,3564,3565,3566,3567,3568,3569,3570,3571,3572,3573,3574,3575,3576,3793,3794,3795,3796,3797,3798,3799,3800,3801,3802,3803,3804,3805,3806,4080,4081,4082,4083,4084,4085,4086,4087,4088,4089,4090,4091,4092,4093]",[87],[595],,,,,,,,,,,,,exact,1944-04-17T12:00:00,,"page_number_string: 148
notes: 
source_full_citation: Rauber, A. (2003). Formierter Widerstand: Geschichte der kommunistischen Bewegung in der Schweiz 1944-1991. Edition 8.
source_comment: ",,,,,,,
89,pda-bs-1991,,1,[155],"[128,131]",[130],[89],[88],[],[],[],[203],[],[],[],[],[88],[],,,,,,,,,,,,,year,1991-07-01T12:00:00,,"page_number_string: 
notes: 
source_full_citation: Rinderknecht, M. (1991). Spaltung in Basel der PdA. Année Politique Suisse. Abgerufen am 23. Januar 2026 von https://anneepolitique.swiss/prozesse/53279-spaltung-in-basel-der-pda
source_comment: ",year,2014-07-01T12:00:00,,"page_number_string: 
notes: 
source_full_citation: Wikipedia. (2026). Partei der Arbeit Basel. Abgerufen am 23. Januar 2026 von https://de.wikipedia.org/wiki/Partei_der_Arbeit_Basel
source_comment: ",,,
90,pda-bs-2019,,1,[156],"[130,132]",[],[90],[89],[],[],[],[204],[],[],[],[],[89],[],,,,,,,,,,,,,month,2019-06-15T12:00:00,,"page_number_string: 
notes: 
source_full_citation: PdAS Sektion Basel. (22. Juni 2024). Auf den Spuren einer jahrhundertelangen kommunistischen Tradition. Abgerufen am 23. Januar 2026 von https://web.archive.org/web/20240920171654/https:/pdasbasel.ch/index.php/2024/06/22/auf-den-spuren-einer-jahrhundertelangen-kommunistischen-tradition/
source_comment: ",,,,,,,
91,lp-bs,,1,[162],[],[133],[91],[90],"[2649,2654,2661,2801,2802,2803,2804,2805,2806,2807,2808,2847,2852,2859,2999,3000,3001,3002,3003,3004,3005,3006,3241,3242,3243,3244,3245,3246,3247,3248,3249,3250,3251,3480,3481,3482,3483,3484,3485,3486,3487,3488,3489,3490]",[],[],[163],[],[],[],[],[90],[],,,,,,,,,,,,,year,1905-07-01T12:00:00,,"page_number_string: 
notes: 
source_full_citation: Basler Stadtbuch. (2026). Chronik. Abgerufen am 23. Januar 2026 von https://www.baslerstadtbuch.ch/chronik/1905/02/13/der-vorstand-der-neu-organisierten-liberalen-partei-des-kantons-basel-stadt-konstituiert-sich.html
source_comment: ",exact,1957-03-01T12:00:00,,"page_number_string: 114
notes: 
source_full_citation: Pfister, B. (2019). Für Freiheit kämpfen – Die Geschichte des Basler Freisinns. Christoph Merian Verlag.
source_comment: ",,,
92,ldp-bs,#618DEA,1,"[160,161]","[120,133,134,135]",[],[92],[91],"[2809,2810,2811,2812,2813,2814,2815,2816,2817,2818,2819,2820,2821,2822,2823,2824,2825,3007,3008,3009,3010,3011,3012,3013,3014,3015,3016,3017,3018,3019,3020,3021,3022,3023,3048,3050,3252,3253,3254,3255,3256,3257,3258,3259,3260,3261,3262,3263,3264,3265,3266,3267,3268,3491,3492,3493,3494,3495,3496,3497,3498,3499,3500,3501,3502,3503,3504,3505,3506,3507,3596,3597,3598,3599,3600,3601,3602,3603,3604,3605,3606]",[],[],[343],[],[1324],[],"[3577,3578,3579,3580,3581,3582,3583,3584,3585,3586,3587,3588,3589,3590,3591,3592,3593,3594,3595,3596,3597,3598,3599,3600,3601,3602,3603,3604,3807,3808,3809,3810,3811,3812,3813,3814,3815,3816,3817,3818,3819,3820,3821,3822,3823,3824,3825,3826,3827,3828,3829,3830,3831,3832,3833,3834,3875,3877,3898,3900,4094,4095,4096,4097,4098,4099,4100,4101,4102,4103,4104,4105,4106,4107,4108,4109,4110,4111,4112,4113,4114,4115,4116,4117,4118,4119,4120,4121,4122,4123,4279,4280,4281,4282,4283,4284,4285,4286,4287,4288,4289,4290,4291,4292,4293,4294,4295,4296,4297,4298,4299,4300]",[91],[586],,,,,,,,,,,,,exact,1957-03-01T12:00:00,,"page_number_string: 
notes: 
source_full_citation: Basler Stadtbuch. (2026). Chronik. Abgerufen am 23. Januar 2026 von https://www.baslerstadtbuch.ch/chronik/1957/03/01/die-liberale-partei-und-die-buerger-und-gewerbepartei-schliessen-sich-zur-neuen.html
source_comment: ",,,,,,,
93,ldu-bs,,1,[653],[465],[],[93],[92],"[3269,3270,3271,3272,3273,3274,3275,3276,3277,3278,3279,3280,3281,3282,3283,3284,3508,3509,3510,3511,3512,3513,3514,3515,3516,3517,3518,3519,3520,3521,3522,3523,3613,3614,3615,3616,3617,3618,3619,3620,3621,3622,3623,3624,3625,3626,3627,3628,3629,3630,3631,3632,3633,3634,3635,3636,3637,3638,3639,3640]",[],[],[174],[],[1331],[],"[4124,4125,4126,4127,4128,4129,4130,4131,4132,4133,4134,4135,4136,4137,4313,4314,4315,4316,4317,4318,4319,4320,4321,4322,4323,4324]",[92],[593],,,,,,,,,,,,,year,1937-07-01T12:00:00,,,unknown,1999-12-04T12:00:00,,,,,
94,sd-bs,,1,"[157,158,159]",[],[],[94],[93],"[2826,2827,2828,2829,2830,2831,2832,2833,2834,2835,2836,3024,3025,3026,3027,3028,3029,3030,3031,3032,3033,3034,3285,3286,3287,3288,3289,3290,3291,3292,3293,3294,3524,3525,3526,3527,3528,3529,3530,3531,3532,3533,3534]",[],[],[344],[],[1329],[],"[3605,3606,3607,3608,3609,3610,3611,3612,3613,3614,3615,3616,3617,3618,3619,3620,3621,3622,3623,3624,3835,3836,3837,3838,3839,3840,3841,3842,3843,3844,3845,3846,3847,3848,3849,3850,3851,3852,3853,3854,4138,4139,4140,4141,4142,4143,4144,4145,4146,4147,4148,4149,4150,4151,4152,4153,4154,4155,4156]",[93],[591],,,,,,,,,,,,,year,1961-07-01T12:00:00,,"page_number_string: 
notes: 
source_full_citation: Degen, B. und Sarasin, P. (2017). Basel-Stadt: Verfassungsgeschichte und Staatstätigkeit seit der Kantonstrennung, Parteien. In Historisches Lexikon der Schweiz (HLS). Abgerufen am 12. Januar 2026 von https://hls-dhs-dss.ch/de/articles/007478/2017-05-30/#HParteien
source_comment: ",,,,,,,
95,pob-bs,,1,[163],[613],[],[95],[94],"[2837,2838,2839,2840,2841,2842,3035,3036,3037,3038,3039,3040,3295,3296,3297,3298,3299,3300,3535,3536,3537,3538,3539,3540]",[],[],[355],[],[1332],[],"[3625,3626,3627,3628,3629,3630,3631,3632,3633,3634,3635,3636,3855,3856,3857,3858,3859,3860,3861,3862,3863,3864,3865,3866,4157,4158,4159,4160,4161,4162,4163,4164,4165,4166,4167,4168]",[94],[594],,,,,,,,,,,,,exact,1970-01-15T12:00:00,,"page_number_string: 125
notes: 
source_full_citation: Blum, R. (1986). Wandel und Konstanten bei den Progressiven Organisationen (POCH), 1971-1986. In W. Linder (Hrsg.), SVPW-Jahrbuch / Annuaire ASSP (Band 26, S. 119-150). Verlag Paul Haupt Bern. https://doi.org/10.5169/seals-172510
source_comment: ",year,1993-07-01T12:00:00,,"page_number_string: 
notes: 
source_full_citation: Degen, B. (2008). Progressive Organisationen (POCH). In Historisches Lexikon der Schweiz (HLS). Abgerufen am 29. Juni 2026 von https://hls-dhs-dss.ch/de/articles/017404/2011-12-14/
source_comment: ",,,
96,kp-bs,,1,[164],"[136,621]",[127],[96],[95],"[2655,2662,2784,2785,2786,2787,2853,2860,2982,2983,2984,2985,3223,3224,3225,3226,3227,3462,3463,3464,3465,3466]",[],[],[368],[],[],[],[],[95],[],,,,,,,,,,,,,year,1921-07-01T12:00:00,,"page_number_string: 
notes: 
source_full_citation: Vatter, A. (2002). Kantonale Demokratien im Vergleich: Entstehungsgründe, Interaktionen und Wirkungen politischer Institutionen in den Schweizer Kantonen. Leske + Budrich.
source_comment: ",multimonth,1940-11-26T12:00:00,"note_translations: languages_code: de-CH
note: Datum der Auflösung der Mutterpartei KP Schweiz durch den Bundesrat (""Am 26. November 1940 verschärfte der Bundesrat die Massnahmen und erklärte die KPS für aufgelöst"" (hä 2014)).","page_number_string: 
notes: 
source_full_citation: Grosser Rat des Kantons Basel-Stadt. (2026). Entwicklung der Parteienlandschaft. Abgerufen am 16. Januar 2026 von https://grosserrat.bs.ch/parlamentswissen/ratsgeschichte/entwicklung-der-parteien
source_comment: ",,,
97,gab-bs,,1,[165],[138],[137],[97],[96],"[2843,2844,3041,3042]",[],[],[366],[],[],[],"[3637,3638,3639,3640,3867,3868,3869,3870]",[96],[],,,,,,,,,,,,,exact,1987-02-21T12:00:00,,"page_number_string: 
notes: 
source_full_citation: Grüne Kanton Basel-Stadt. (2007). Zeitlicher Abriss in tabellarischer Form. Abgerufen am 09. Januar 2026 von https://web.archive.org/web/20071015130217/http:/bs.gruene.ch/index/geschichte_gruene_bs.htm
source_comment: ",exact,1989-06-20T12:00:00,,,,,
98,dsp-bs,,1,[166],"[139,639]",[],[98],[97],"[3301,3302,3303,3304,3305,3306,3307,3541,3542,3543,3544,3545,3546,3547,3608,3609,3610,3611,3612]",[],[],[370],[],[1328],[],"[4169,4170,4171,4172,4173,4174,4175,4176,4177,4178,4179,4180,4181,4182,4302,4303,4304,4305,4306,4308,4309,4310,4311,4312]",[97],[590],,,,,,,,,,,,,exact,1982-06-29T12:00:00,,"page_number_string: 97
notes: 
source_full_citation: Schmid, G. (1986). Demokratisch-soziale Partei (DSP) Basel-Stadt: Ablauf und Bedeutung einer Parteispaltung. In W. Linder (Hrsg.), SVPW-Jahrbuch / Annuaire ASSP (Band 26, S. 89-105). Verlag Paul Haupt Bern. https://doi.org/10.5169/seals-172508
source_comment: ",exact,2009-03-16T12:00:00,,"page_number_string: 
notes: 
source_full_citation: Wikipedia. (2026). Demokratisch-Soziale Partei. Abgerufen am 26. Januar 2026 von https://de.wikipedia.org/wiki/Demokratisch-Soziale_Partei
source_comment: ",,,
99,frab-bs,,1,[167],[],[],[99],[98],"[8451,8452,8453,8454,8455,8456,8536,8543,8546,8549]",[],[],[367],[],[],[],"[9370,9371,9372,9373,9374,9375]",[98],[],,,,,,,,,,,,,year,1991-07-01T12:00:00,,"page_number_string: 
notes: 
source_full_citation: Grosser Rat des Kantons Basel-Stadt. (2026). Entwicklung der Parteienlandschaft. Abgerufen am 16. Januar 2026 von https://grosserrat.bs.ch/parlamentswissen/ratsgeschichte/entwicklung-der-parteien
source_comment: ",exact,2002-10-14T12:00:00,,"page_number_string: 
notes: 
source_full_citation: Grosser Rat des Kantons Basel-Stadt. (2026). Entwicklung der Parteienlandschaft. Abgerufen am 16. Januar 2026 von https://grosserrat.bs.ch/parlamentswissen/ratsgeschichte/entwicklung-der-parteien
source_comment: 

page_number_string: 
notes: 
source_full_citation: bkn. (15. Oktober 2002). Basler ""Frauenliste"" löst sich nach elf Jahren auf. In OnlineReports. Abgerufen am 27. April 2026 von https://archiv2.onlinereports.ch/News.99+M5d43c339a4b.0.html
source_comment: ",,,
100,nf-bs,,1,[168],[],[],[100],[99],[],[],[],[345],[],[],[],[],[99],[],,,,,,,,,,,,,year,1932-07-01T12:00:00,,"page_number_string: 151
notes: 
source_full_citation: Vatter, A. (2002). Kantonale Demokratien im Vergleich: Entstehungsgründe, Interaktionen und Wirkungen politischer Institutionen in den Schweizer Kantonen. Leske + Budrich.
source_comment: ",multiyear,1940-07-01T12:00:00,,"page_number_string: 151
notes: 
source_full_citation: Vatter, A. (2002). Kantonale Demokratien im Vergleich: Entstehungsgründe, Interaktionen und Wirkungen politischer Institutionen in den Schweizer Kantonen. Leske + Budrich.
source_comment: ",,,
101,mitte-frauen-zh,,1,"[136,137,138]","[113,124]",[],[101],[],[],"[586,587,588,762]",[],[77],[],[],[],[],[100],[],,,,,,,,,,,,,exact,1979-03-05T12:00:00,,"page_number_string: 87
notes: 
source_full_citation: Larcher, Marie-Therese (1996). Die Geschichte der CVP-Frauen beginnt in Zürich. In: CVP Kanton Zürich (Hrsg.), 100 Jahre CVP Kanton Zürich (S. 85-89). Christlichdemokratische Volkspartei des Kantons Zürich.
source_comment: ",,,,,,,
102,mitte-frauen-ch,,,"[149,150,151]","[125,126]",[124],[102],[],[],"[593,594,595,596,597,598]",[],[78],[],[],[],[],[101],[],,,,,,,,,,,,,exact,1975-05-17T12:00:00,,"page_number_string: 85
notes: 
source_full_citation: Altermatt, U. (2000). Die Christlichdemokratische Volkspartei der Schweiz 1945-1999. In H.-J. Veen (Hrsg.), Christlich-demokratische und konservative Parteien in Westeuropa 5 (S. 35-115). Schöningh.
source_comment: ",,,,,,,
103,svp-bl,,1,"[169,170,171,172,173]","[140,141]",[],[103],[100],"[3641,3642,3643,3644,3645,3646,3647,3648,3649,3650,3651,3652,3653,3654,3655,3656,3657,3658,3659,3660,3661,3662,3663,3664,3798,3799,3800,3801,3802,3803,3804,3805,3806,3807,3808,3809,3810,3811,3812,3813,3814,3815,3816,3817,3818,3819,3820,3821,3955,3956,3982,3983,3984,3985,3986,3987,3988,3989,3990,3991,3992,3993,3994,3995,3996,3997,3998,3999,4000,4108,4109,4110,4111,4112,4113,4114,4115,4116,4117,4118,4119,4120,4121,4122,4123,4124,4125,4126,4229,4230,4231,4232,4233,4234,4235,4236,4237,4238,4239]",[],[],[140],[],"[43,44,45,46,47]",[],"[4343,4344,4345,4346,4347,4348,4349,4350,4351,4352,4353,4354,4355,4356,4357,4358,4359,4360,4361,4362,4363,4364,4365,4366,4367,4368,4369,4370,4535,4536,4537,4538,4539,4540,4541,4542,4543,4544,4545,4546,4547,4548,4549,4550,4551,4552,4553,4554,4555,4556,4557,4558,4559,4560,4561,4562,4729,4730,4731,4732,4776,4777,4778,4779,4780,4781,4782,4783,4784,4785,4786,4787,4788,4789,4790,4791,4792,4793,4794,4795,4796,4797,4798,4799,4800,4801,4802,4803,4966,4967,4968,4969,4970,4971,4972,4973,4974,4975,4976,5017,5018,5019,5020,5021,5022,5023,5024,5025,5026,5027]",[102],"[145,146]",,,,,,,,,,,,,exact,1925-08-09T12:00:00,,"page_number_string: 
notes: 
source_full_citation: SVP Kanton Basel-Landschaft. (2000). 75 Jahre SVP Baselland. Abgerufen am 26. Januar 2026 von https://www.svp-bl.ch/wp-content/uploads/sites/41/Festschrift_100-Jahre-SVP-Baselland.pdf
source_comment: Die Festschrift zu 75 Jahren aus 2000 ist integriert in der Ausgabe zum 100-Jahr-Jubiläum.",,,,,,,
104,sp-bl,,1,[174],[142],[168],[104],[101],"[3665,3666,3667,3668,3669,3670,3671,3672,3673,3674,3675,3676,3677,3678,3679,3680,3681,3682,3683,3684,3685,3686,3687,3688,3689,3690,3691,3692,3822,3823,3824,3825,3826,3827,3828,3829,3830,3831,3832,3833,3834,3835,3836,3837,3838,3839,3840,3841,3842,3843,3844,3845,3846,3847,3848,3849,3957,3958,3959,3960,3961,3962,3963,3964,3965,3966,4001,4002,4003,4004,4005,4006,4007,4008,4009,4010,4011,4012,4013,4014,4015,4016,4017,4018,4019,4127,4128,4129,4130,4131,4132,4133,4134,4135,4136,4137,4138,4139,4140,4141,4142,4143,4144,4145,4240,4241,4242,4243,4244,4245,4246,4247,4248,4249,4250]",[],[],[105],[],"[48,49,50,51,52,53,54,55,56,57,58,59,60,61,62,63,64,65,66,67,68,69,70,71,72,73,74,75,76,77,78,79,80,81,1467]","[72,73,74]","[4371,4372,4373,4374,4375,4376,4377,4378,4379,4380,4381,4382,4383,4384,4385,4386,4387,4388,4389,4390,4391,4392,4393,4394,4395,4396,4397,4398,4563,4564,4565,4566,4567,4568,4569,4570,4571,4572,4573,4574,4575,4576,4577,4578,4579,4580,4581,4582,4583,4584,4585,4586,4587,4588,4589,4590,4733,4734,4735,4736,4737,4738,4739,4740,4741,4742,4743,4744,4745,4746,4747,4748,4749,4750,4804,4805,4806,4807,4808,4809,4810,4811,4812,4813,4814,4815,4816,4817,4818,4819,4820,4821,4822,4823,4824,4825,4826,4827,4828,4829,4830,4831,4977,4978,4979,4980,4981,4982,4983,4984,4985,4986,4987,5028,5029,5030,5031,5032,5033,5034,5035,5036,5037,5038]",[103],"[147,148,149,150,151,152,153,154,155,156,157,158,159,160,161,162,163,164,165,166,167,168,169,170,171,172,173,174,175,176,177,178,179,180,181,182,183,184,185,186,187,188]",,,,,,,,,,,,,year,1913-07-01T12:00:00,"note_translations: languages_code: de-CH
note: Alternative Angabe bei Ladner (2004: 345). Dort ist das Gründungsjahr bereits 1912.","page_number_string: 
notes: 
source_full_citation: Rudin-Bühlmann, S. (2017). Basel-Landschaft: Der Staat, Verfassungs- und politische Geschichte. In Historisches Lexikon der Schweiz (HLS). Abgerufen am 26. Januar 2026 von https://hls-dhs-dss.ch/de/articles/007477/2017-05-29/#HVerfassungs-undpolitischeGeschichte
source_comment: 

page_number_string: 
notes: 
source_full_citation: SP Kanton Basel-Landschaft. (2011). Aus der Geschichte der SP Baselland. Abgerufen am 26. Januar 2026 von https://web.archive.org/web/20110420130247/http://www.sp-bl.ch/index.cfm/partei/geschichte/
source_comment: ",,,,,,,
105,fdplib-bl,,1,"[175,176,177]","[143,144]",[430],[105],[102],"[3693,3694,3695,3696,3697,3698,3699,3700,3701,3702,3703,3704,3705,3706,3707,3708,3709,3710,3711,3712,3713,3714,3715,3716,3717,3718,3719,3720,3850,3851,3852,3853,3854,3855,3856,3857,3858,3859,3860,3861,3862,3863,3864,3865,3866,3867,3868,3869,3870,3871,3872,3873,3874,3875,3876,3877,3967,3968,3969,3970,3971,3972,3973,3974,3975,3976,4020,4021,4022,4023,4024,4025,4026,4027,4028,4029,4030,4031,4032,4033,4034,4035,4036,4037,4038,4146,4147,4148,4149,4150,4151,4152,4153,4154,4155,4156,4157,4158,4159,4160,4161,4162,4163,4164,4251,4252,4253,4254,4255,4256,4257,4258,4259,4260,4261]",[],[],[37],[],"[82,83,84,85,1523]","[76,77,78,79,80]","[4399,4400,4401,4402,4403,4404,4405,4406,4407,4408,4409,4410,4411,4412,4413,4414,4415,4416,4417,4418,4419,4420,4421,4422,4423,4424,4425,4426,4591,4592,4593,4594,4595,4596,4597,4598,4599,4600,4601,4602,4603,4604,4605,4606,4607,4608,4609,4610,4611,4612,4613,4614,4615,4616,4617,4618,4751,4752,4753,4754,4755,4756,4757,4758,4759,4760,4761,4762,4763,4764,4765,4766,4767,4832,4833,4834,4835,4836,4837,4838,4839,4840,4841,4842,4843,4844,4845,4846,4847,4848,4849,4850,4851,4852,4853,4854,4855,4856,4857,4858,4859,4988,4989,4990,4991,4992,4993,4994,4995,4996,4997,4998,5039,5040,5041,5042,5043,5044,5045,5046,5047,5048,5049]",[106],[],,,,,,,,,,,,,exact,1919-08-03T12:00:00,,"page_number_string: 
notes: 
source_full_citation: FDP.Die Liberalen Kanton Basel-Landschaft. (09. August 2019). FDP Baselland feiert 100 Jahre geeinter Baselbieter Freisinn und schaut mit Zuversicht in die Zukunft. Abgerufen am 29. Januar 2026 von https://www.fdp-bl.ch/fileadmin/groups/210/pdf/medienmitteilungen/2019/August_19/20190810_FDP-MM_100_Jahre_Freisinn.pdf
source_comment: ",,,,,,,
106,mitte-bl,,1,[178],"[145,148,164]",[],[106],[103],"[3748,3905,4057,4183,4272]",[],[],[79],[],[],[],"[4440,4454,4632,4646,4873,4887,5009,5060]",[107],[],,,,,,,,,,,,,exact,2022-01-01T12:00:00,,"page_number_string: 
notes: 
source_full_citation: Simonsen, L. (28. Oktober 2021). Das letzte bisschen BDP wird im Baselbiet beerdigt. Basler Zeitung. Abgerufen am 02. Februar 2026 von https://essentials.swissdox.ch/
source_comment: ",,,,,,,
107,cvp-bl,,1,"[179,180,181,679]","[146,147]",[148],[107],[104],"[3721,3722,3723,3724,3725,3726,3727,3728,3729,3730,3731,3732,3733,3734,3735,3736,3737,3738,3739,3740,3741,3742,3743,3744,3745,3746,3747,3878,3879,3880,3881,3882,3883,3884,3885,3886,3887,3888,3889,3890,3891,3892,3893,3894,3895,3896,3897,3898,3899,3900,3901,3902,3903,3904,3977,4039,4040,4041,4042,4043,4044,4045,4046,4047,4048,4049,4050,4051,4052,4053,4054,4055,4056,4165,4166,4167,4168,4169,4170,4171,4172,4173,4174,4175,4176,4177,4178,4179,4180,4181,4182,4262,4263,4264,4265,4266,4267,4268,4269,4270,4271]",[],[],[64],[],"[86,87,88,1352,1378]","[81,82,83]","[4427,4428,4429,4430,4431,4432,4433,4434,4435,4436,4437,4438,4439,4441,4442,4443,4444,4445,4446,4447,4448,4449,4450,4451,4452,4453,4619,4620,4621,4622,4623,4624,4625,4626,4627,4628,4629,4630,4631,4633,4634,4635,4636,4637,4638,4639,4640,4641,4642,4643,4644,4645,4768,4769,4860,4861,4862,4863,4864,4865,4866,4867,4868,4869,4870,4871,4872,4874,4875,4876,4877,4878,4879,4880,4881,4882,4883,4884,4885,4886,4999,5000,5001,5002,5003,5004,5005,5006,5007,5008,5050,5051,5052,5053,5054,5055,5056,5057,5058,5059]",[108],"[189,190]",,,,,,,,,,,,,exact,1913-11-09T12:00:00,,"page_number_string: 
notes: 
source_full_citation: Rudin-Bühlmann, S. (2017). Basel-Landschaft: Der Staat, Verfassungs- und politische Geschichte. In Historisches Lexikon der Schweiz (HLS). Abgerufen am 29. Januar 2026 von https://hls-dhs-dss.ch/de/articles/007477/2017-05-29/#HVerfassungs-undpolitischeGeschichte
source_comment: 

page_number_string: 112
notes: 
source_full_citation: Casetti, G. (1979). Partei und Christlichsoziale: Die heilsame Unruh. In U. Altermatt & H. P. Fagagnini (Hrsg.), Die CVP zwischen Programm und Wirklichkeit (S. 106-123). Benziger.
source_comment: 

page_number_string: 
notes: 
source_full_citation: Kanton Basel-Landschaft. (2024). Die Katholische Volkspartei. In Geschichte des Kantons Basel-Landschaft. Abgerufen am 7. August 2026 von https://web.archive.org/web/20260807150752/https://geschichte.bl.ch/politik/parteienlandschaft/parteienlandschaft-nebentext.html%3Ftx_hfgbl_circuit%5Barticle%5D=552&tx_hfgbl_circuit%5BmainArticle%5D=553&tx_hfgbl_circuit%5BbackPid%5D=350&tx_hfgbl_circuit%5Baction%5D=default&tx_hfgbl_circuit%5Bcontroller%5D=Ci.html
source_comment: ",exact,2022-01-01T12:00:00,,,,,
108,gruene-bl-1994,,1,"[182,183,184]","[149,151]",[],[108],[105],"[3753,3754,3755,3756,3757,3758,3759,3760,3910,3911,3912,3913,3914,3915,3916,3917,3978,3979,4063,4064,4065,4066,4067,4068,4069,4070,4185,4186,4187,4188,4189,4190,4191,4273,4274,4275,4276,4277]",[],[],[229],[],"[89,90]",[],"[4459,4460,4461,4462,4463,4464,4465,4466,4471,4472,4473,4474,4475,4476,4477,4478,4651,4652,4653,4654,4655,4656,4657,4658,4663,4664,4665,4666,4667,4668,4669,4670,4770,4771,4889,4890,4891,4892,4893,4894,4895,4897,4898,4899,4900,4901,4902,4903,5010,5011,5012,5013,5014,5061,5062,5063,5064,5065]",[109],[],,,,,,,,,,,,,year,1994-07-01T12:00:00,,"page_number_string: 
notes: 
source_full_citation: Schaub, B. (2013). Kurze Geschichte der Grünen Baselland. Abgerufen am 02. Februar 2026 von https://gruene-bl.ch/wp-content/uploads/sites/2/2023/11/2013.03.26-Gruene-schreiben-Geschichte.pdf
source_comment: ",,,,,,,
109,gruene-bl-1991,,1,[185],"[150,153,156,157]",[151],[109],[106],"[3752,3909,4061,4062,4184]",[],[],[230],[],[91],[],"[4458,4470,4650,4662,4888,4896]",[110],[],,,,,,,,,,,,,year,1991-07-01T12:00:00,,"page_number_string: 
notes: 
source_full_citation: Schaub, B. (2013). Kurze Geschichte der Grünen Baselland. Abgerufen am 02. Februar 2026 von https://gruene-bl.ch/wp-content/uploads/sites/2/2023/11/2013.03.26-Gruene-schreiben-Geschichte.pdf
source_comment: ",exact,2000-05-19T12:00:00,,"page_number_string: 
notes: 
source_full_citation: stg. (19. Mai 2000). Die Grünen Baselbiet stehen vor der Auflösung. Basler Zeitung. Abgerufen am 02. Februar 2026 von https://essentials.swissdox.ch/
source_comment: ",,,
110,gruene-bl-1988,,1,[186],"[152,172]",[153],[110],[107],"[3751,3908,4060]",[],[],[231],[],[],[],"[4457,4469,4649,4661]",[111],[],,,,,,,,,,,,,exact,1988-06-27T12:00:00,,"page_number_string: 
notes: 
source_full_citation: Grüne Kanton Basel-Stadt. (2007). Zeitlicher Abriss in tabellarischer Form. Abgerufen am 09. Januar 2026 von https://web.archive.org/web/20071015130217/http:/bs.gruene.ch/index/geschichte_gruene_bs.htm
source_comment: ",year,1991-07-01T12:00:00,,"page_number_string: 
notes: 
source_full_citation: Schaub, B. (2013). Kurze Geschichte der Grünen Baselland. Abgerufen am 02. Februar 2026 von https://gruene-bl.ch/wp-content/uploads/sites/2/2023/11/2013.03.26-Gruene-schreiben-Geschichte.pdf
source_comment: ",,,
111,gruene-bl-gb,,1,[187],"[154,155,167]",[156],[111],[108],[],[],[],[232],[],[],[],[],[112],[],,,,,,,,,,,,,exact,1988-10-30T12:00:00,,"page_number_string: 
notes: 
source_full_citation: spk. (31. Oktober 1988). Grüne Baselland formell gegründet. Neue Zürcher Nachrichten. Abgerufen am 02. Februar 2026 von https://www.e-newspaperarchives.ch/?a=d&d=NZN19881031-01.2.28
source_comment: ",year,1991-07-01T12:00:00,,"page_number_string: 
notes: 
source_full_citation: Schaub, B. (2013). Kurze Geschichte der Grünen Baselland. Abgerufen am 02. Februar 2026 von https://gruene-bl.ch/wp-content/uploads/sites/2/2023/11/2013.03.26-Gruene-schreiben-Geschichte.pdf
source_comment: ",,,
112,gl-bl,,1,[188],[158],[157],[112],[109],"[3749,3750,3906,3907,4059]",[],[],[233],[],[],[],"[4455,4456,4467,4468,4647,4648,4659,4660]",[113],[],,,,,,,,,,,,,year,1983-07-01T12:00:00,,,year,1991-07-01T12:00:00,,"page_number_string: 28
notes: 
source_full_citation: Bütikofer, S. & Seitz, W. (Hrsg.). (2023). Die Grünen in der Schweiz. Entwicklung - Wirken - Perspektiven. Seismo.
source_comment: ",,,
113,glp-bl,,1,[189],[159],[],[113],[110],"[3761,3762,3763,3764,3918,3919,3920,3921,4071,4072,4073,4074,4192,4193,4194,4195,4278]",[],[],[277],[],[92],[],"[4479,4480,4481,4482,4483,4484,4485,4486,4671,4672,4673,4674,4675,4676,4677,4678,4904,4905,4906,4907,4908,4909,4910,4911,5015,5066]",[114],[],,,,,,,,,,,,,exact,2007-09-18T12:00:00,,"page_number_string: 
notes: 
source_full_citation: GLP Kanton Basel-Landschaft. (2007). Statuten. Abgerufen am 02. Februar 2026 von https://web.archive.org/web/20231024121157/https:/bl.grunliberale.ch/dam/jcr:ad77954c-e78e-4edc-88f4-433a6589c49a/Statuten_glpBL.pdf
source_comment: ",,,,,,,
114,evp-bl,,1,[190],[160],[],[114],[111],"[3765,3766,3767,3768,3769,3770,3771,3772,3773,3774,3775,3776,3922,3923,3924,3925,3926,3927,3928,3929,3930,3931,3932,3933,4075,4076,4077,4078,4079,4080,4081,4082,4083,4084,4085,4086,4087,4088,4089,4090,4091,4196,4197,4198,4199,4200,4201,4202,4203,4204,4205,4206,4207,4208,4209,4210,4211,4212,4279]",[],[],[181],[],"[93,1456]",[],"[4487,4488,4489,4490,4491,4492,4493,4494,4495,4496,4497,4498,4499,4500,4501,4502,4503,4504,4505,4506,4507,4508,4679,4680,4681,4682,4683,4684,4685,4686,4687,4688,4689,4690,4691,4692,4693,4694,4695,4696,4697,4698,4699,4700,4912,4913,4914,4915,4916,4917,4918,4919,4920,4921,4922,4923,4924,4925,4926,4927,4928,4929,4930,4931,4932,4933,4934,4935,4936,4937,4938,4939]",[115],"[191,192,193,194,195,196,197,198,199,200,201,202]",,,,,,,,,,,,,exact,1922-01-14T12:00:00,,"page_number_string: 
notes: 
source_full_citation: EVP Kanton Basel-Landschaft. (2026). Die Geschichte der EVP Baselland. Abgerufen am 05. Februar 2026 von https://www.evp-bl.ch/partei/geschichte-1
source_comment: ",,,,,,,
115,edu-bl,,1,[191],[161],[],[115],[112],"[3777,3778,3779,3780,3934,3935,3936,3937,4092,4213]",[],[],[256],[],[94],[],"[4509,4510,4511,4512,4513,4514,4515,4516,4701,4702,4703,4704,4705,4706,4707,4708,4709,4710,4940,4941]",[116],[],,,,,,,,,,,,,year,1989-07-01T12:00:00,,"page_number_string: 15
notes: 
source_full_citation: EDU Schweiz. (2000). 25 Jahre EDU - UDF, Eidgenössisch-Demokratische Union, Union Démocratique Fédérale : Rückblick, Aufblick, Blick voraus. EDU Schweiz.
source_comment: ",,,,,,,
116,bdp-bl,,1,[192],"[162,163]",[164],[116],[113],"[3781,3782,3783,3938,3939,3940,4093,4094,4095,4214,4215,4216,4280]",[],[],[307],[],"[95,96]",[],"[4517,4518,4519,4520,4521,4522,4711,4712,4713,4714,4715,4716,4942,4943,4944,4945,4946,4947,5016,5067]",[117],[],,,,,,,,,,,,,exact,2010-03-25T12:00:00,,"page_number_string: 
notes: 
source_full_citation: Gyr, S. (27. März 2010). Widmer-Schlumpf ist stolz auf Baselbieter BDP. Basler Zeitung. Abgerufen am 05. Februar 2026 von https://essentials.swissdox.ch/
source_comment: ",exact,2022-01-01T12:00:00,,"page_number_string: 
notes: 
source_full_citation: Simonsen, L. (28. Oktober 2021). Das letzte bisschen BDP wird im Baselbiet beerdigt. Basler Zeitung. Abgerufen am 02. Februar 2026 von https://essentials.swissdox.ch/
source_comment: ",,,
117,pda-bl,,1,[193],[165],[],[117],[114],"[3790,3791,3792,3793,3947,3948,3949,3950,4096,4097,4098,4099,4100,4101,4217,4218,4219,4220,4221,4222]",[],[],[205],[],[],[],"[4523,4524,4525,4526,4717,4718,4719,4720,4948,4949,4950,4951,4952,4953]",[118],[],,,,,,,,,,,,,year,1944-07-01T12:00:00,,"page_number_string: 148
notes: 
source_full_citation: Rauber, A. (2003). Formierter Widerstand: Geschichte der kommunistischen Bewegung in der Schweiz 1944-1991. Edition 8.
source_comment: ",year,1989-07-01T12:00:00,,"page_number_string: 
notes: 
source_full_citation: Rudin-Bühlmann, S. (2017). Basel-Landschaft: Der Staat, Verfassungs- und politische Geschichte. In Historisches Lexikon der Schweiz (HLS). Abgerufen am 29. Januar 2026 von https://hls-dhs-dss.ch/de/articles/007477/2017-05-29/#HVerfassungs-undpolitischeGeschichte
source_comment: ",,,
118,lp-bl,,1,[194],[166],[],[118],[115],"[4102,4103,4104,4223,4224,4225]",[],[],[164],[],[],[],"[4954,4955,4956,4957,4958,4959]",[119],[],,,,,,,,,,,,,year,1974-07-01T12:00:00,,"page_number_string: 
notes: 
source_full_citation: Rudin-Bühlmann, S. (2017). Basel-Landschaft: Der Staat, Verfassungs- und politische Geschichte. In Historisches Lexikon der Schweiz (HLS). Abgerufen am 29. Januar 2026 von https://hls-dhs-dss.ch/de/articles/007477/2017-05-29/#HVerfassungs-undpolitischeGeschichte
source_comment: ",year,1997-07-01T12:00:00,"note_translations: languages_code: de-CH
note: Die letzte Sektion der LP Baselland, die LP Reinach, fusionierte mit der Reinacher SVP.","page_number_string: 
notes: 
source_full_citation: ma. (12. Februar 1997). LP Reinach und SVP fusionieren. Basler Zeitung. Abgerufen am 05. Februar 2026 von https://essentials.swissdox.ch/
source_comment: ",,,
119,pobl,,1,[195],[614],[167],[119],[116],"[3794,3795,3796,3797,3951,3952,3953,3954,4058,4105,4106,4107,4226,4227,4228]",[],[],[320],[],[],[],"[4527,4528,4529,4530,4531,4532,4533,4534,4721,4722,4723,4724,4725,4726,4727,4728,4960,4961,4962,4963,4964,4965]",[120],[],,,,,,,,,,,,,year,1975-07-01T12:00:00,"note_translations: languages_code: de-CH
note: Erste Hinweise auf die Existenz der POBL im Zeitungsarchiv ab 1975.","page_number_string: 
notes: 
source_full_citation: ddp. (23. April 1975). BL: Landratswahlen mit geringen Aenderungen. Neue Zürcher Zeitung. Abgerufen am 05. Februar 2026 von https://www.e-newspaperarchives.ch/?a=d&d=NZN19750423-01.2.9.16
source_comment: ",year,1988-07-01T12:00:00,,"page_number_string: 
notes: ",,,
120,kp-bl,,1,[196],"[168,622]",[],[120],[117],"[3784,3785,3786,3787,3788,3789,3941,3942,3943,3944,3945,3946]",[],[],[394],[],[],[],[],[121],[],,,,,,,,,,,,,year,1921-07-01T12:00:00,,"page_number_string: 
notes: 
source_full_citation: Rudin-Bühlmann, S. (2017). Basel-Landschaft: Der Staat, Verfassungs- und politische Geschichte. In Historisches Lexikon der Schweiz (HLS). Abgerufen am 29. Januar 2026 von https://hls-dhs-dss.ch/de/articles/007477/2017-05-29/#HVerfassungs-undpolitischeGeschichte
source_comment: ",multimonth,1940-11-26T12:00:00,"note_translations: languages_code: de-CH
note: Datum der Auflösung der Mutterpartei KP Schweiz durch den Bundesrat (""Am 26. November 1940 verschärfte der Bundesrat die Massnahmen und erklärte die KPS für aufgelöst"" (hä 2014)).","page_number_string: 
notes: 
source_full_citation: Rudin-Bühlmann, S. (2017). Basel-Landschaft: Der Staat, Verfassungs- und politische Geschichte. In Historisches Lexikon der Schweiz (HLS). Abgerufen am 29. Januar 2026 von https://hls-dhs-dss.ch/de/articles/007477/2017-05-29/#HVerfassungs-undpolitischeGeschichte
source_comment: ",,,
121,gruene-nwschweiz,,1,[197],[169],[171],[121],[118],"[3980,3981,10946,10947]",[],[],[234],[],[],[],"[4772,4773,4774,4775,12253,12254]",[122],[],,,,,,,,,,,,,exact,1979-12-06T12:00:00,,"page_number_string: 
notes: 
source_full_citation: Grüne Kanton Basel-Stadt. (2007). Zeitlicher Abriss in tabellarischer Form. Abgerufen am 09. Januar 2026 von https://web.archive.org/web/20071015130217/http:/bs.gruene.ch/index/geschichte_gruene_bs.htm
source_comment: ",exact,1986-06-17T12:00:00,,"page_number_string: 
notes: 
source_full_citation: Grüne Kanton Basel-Stadt. (2007). Zeitlicher Abriss in tabellarischer Form. Abgerufen am 09. Januar 2026 von https://web.archive.org/web/20071015130217/http:/bs.gruene.ch/index/geschichte_gruene_bs.htm
source_comment: ",,,
122,gruene-bs-bl,,1,[198],"[170,171]","[172,173]",[122],[119],[],[],[],[235],[],[],[],[],[123],[],,,,,,,,,,,,,exact,1986-06-17T12:00:00,,"page_number_string: 
notes: 
source_full_citation: Grüne Kanton Basel-Stadt. (2007). Zeitlicher Abriss in tabellarischer Form. Abgerufen am 09. Januar 2026 von https://web.archive.org/web/20071015130217/http:/bs.gruene.ch/index/geschichte_gruene_bs.htm
source_comment: ",exact,1988-06-27T12:00:00,,"page_number_string: 
notes: 
source_full_citation: Grüne Kanton Basel-Stadt. (2007). Zeitlicher Abriss in tabellarischer Form. Abgerufen am 09. Januar 2026 von https://web.archive.org/web/20071015130217/http:/bs.gruene.ch/index/geschichte_gruene_bs.htm
source_comment: ",,,
123,udc-ju,,1,[202],[174],[],[123],[120],"[4281,4282,4283,4284,4285,4286,4287,4288,4337,4338,4339,4340,4341,4342,4343,4344,4393,4394,4395,4396,4397,4433,4434,4435,4436,4437,4438,4439,4440,4441,4442,4443,4513,4514,4515,4516,4517,4518,4519,4520,4521,4522,4523,4589,4590,4591,4592]",[],[],[155],[],[],[],"[5068,5069,5070,5071,5072,5073,5074,5075,5076,5077,5078,5079,5080,5081,5082,5083,5180,5181,5182,5183,5184,5185,5186,5187,5188,5189,5190,5191,5192,5193,5194,5195,5292,5293,5294,5295,5296,5297,5298,5363,5364,5365,5366,5367,5368,5369,5370,5371,5372,5373,5374,5375,5376,5377,5378,5379,5380,5381,5382,5383,5384,5523,5524,5525,5526,5527,5528,5529,5530]",[124],"[206,207]",,,,,,,,,,,,,year,1979-07-01T12:00:00,,"page_number_string: 110
notes: 
source_full_citation: Ladner, A. (2022). Kantonale Wahlen und Parteiensysteme. IDHEAP.
source_comment: ",,,,,,,
124,ps-ju,,1,[201],[175],[],[124],[121],"[4289,4290,4291,4292,4293,4294,4295,4296,4297,4298,4299,4345,4346,4347,4348,4349,4350,4351,4352,4353,4354,4355,4398,4399,4400,4401,4402,4403,4404,4405,4406,4407,4408,4444,4445,4446,4447,4448,4449,4450,4451,4452,4453,4454,4524,4525,4526,4527,4528,4529,4530,4531,4532,4533,4534,4593,4594,4595,4596,4597,4598,4599,4600,4601,4602]",[],[],[123],[],"[281,282,283,284,285,286,287,288,289,290,291,292,293,294,295,296,297,298,299,300,301,302,303,304,305,306,307,308,309,310,1463]","[87,88,89]","[5084,5085,5086,5087,5088,5089,5090,5091,5092,5093,5094,5095,5096,5097,5098,5099,5100,5101,5102,5103,5104,5105,5196,5197,5198,5199,5200,5201,5202,5203,5204,5205,5206,5207,5208,5209,5210,5211,5212,5213,5214,5215,5216,5217,5299,5300,5301,5302,5303,5304,5305,5306,5307,5308,5309,5310,5311,5312,5313,5314,5315,5316,5317,5385,5386,5387,5388,5389,5390,5391,5392,5393,5394,5395,5396,5397,5398,5399,5400,5401,5402,5403,5404,5405,5406,5531,5532,5533,5534,5535,5536,5537,5538,5539,5540,5541,5542,5543,5544,5545,5546,5547,5548,5549,5550]",[125],"[208,209,210,211,212,213,214,215,216,217,218,219,220,221,222]",,,,,,,,,,,,,exact,1975-05-03T12:00:00,,"page_number_string: 
notes: 
source_full_citation: Gaume, I. & Lopes Ferreira, M. (2026). Parti socialiste du canton du Jura (PSJU). In Dictionnaire du Jura (DIJU). Consulté le 9 février 2026, sur https://www.diju.ch/f/notices/detail/1003503
source_comment: ",,,,,,,
125,plrj-ju,,1,"[203,204,208]","[176,177,665]",[178],[125],[122],"[4300,4301,4302,4303,4304,4305,4306,4307,4308,4309,4310,4311,4356,4357,4358,4359,4360,4361,4362,4363,4364,4365,4366,4367,4409,4410,4411,4412,4413,4414,4415,4416,4417,4455,4456,4457,4458,4459,4460,4461,4462,4463,4464,4465,4535,4536,4537,4538,4539,4540,4541,4542,4543,4544,4545,4603,4604,4605,4606,4607,4608,4609,4610,4611,4612]","[616,617,618,619,620,621]",[],[62],[],"[311,312,313]","[90,91,92]","[5106,5107,5108,5109,5110,5111,5112,5113,5114,5115,5116,5117,5118,5119,5120,5121,5122,5123,5124,5125,5126,5127,5128,5129,5218,5219,5220,5221,5222,5223,5224,5225,5226,5227,5228,5229,5230,5231,5232,5233,5234,5235,5236,5237,5238,5239,5240,5241,5318,5319,5320,5321,5322,5323,5324,5325,5326,5327,5328,5329,5330,5331,5332,5333,5334,5407,5408,5409,5410,5411,5412,5413,5414,5415,5416,5417,5418,5419,5420,5421,5422,5423,5424,5425,5426,5427,5428,5551,5552,5553,5554,5555,5556,5557,5558,5559,5560,5561,5562,5563,5564,5565,5566,5567,5568,5569,5570]",[126],[],,,,,,,,,,,,,year,1912-07-01T12:00:00,"note_translations: languages_code: de-CH
note: Ladner (2022: 110) nennt hingegen 1975 als Gründungsjahr.","page_number_string: 
notes: 
source_full_citation: Maillard, F. (2026). Parti libéral-radical jurassien (PLRJ). In Dictionnaire du Jura (DIJU). Consulté le 12 février 2026, sur https://diju.ch/f/notices/detail/1003504-parti-liberal-radical-jurassien-plrj
source_comment: ",,,,,,,
126,pl-ju,,1,"[205,206]",[],[],[126],[123],[],[],[],[],[],[],[],[],[146],[],,,,,,,,,,,,,year,1966-07-01T12:00:00,,"page_number_string: 
notes: 
source_full_citation: Maillard, F. (2026). Parti libéral jurassien (PLJ). In Dictionnaire du Jura (DIJU). Consulté le 12 février 2026, sur https://diju.ch/f/notices/detail/1003430-parti-liberal-jurassien-plj
source_comment: ",,,,,,,
127,prr-ju,,1,[207],[178],[],[127],[124],"[4504,4582,14368]","[613,614,615]",[],[400],[],[],[],"[5505,5506,16216,16217]",[128],[],,,,,,,,,,,,,exact,1974-03-01T12:00:00,,"page_number_string: 
notes: 
source_full_citation: Maillard, F. (2026). Parti radical-réformiste jurassien (PRR). In Dictionnaire du Jura (DIJU). Consulté le 12 février 2026, sur https://diju.ch/f/notices/detail/1003472-parti-radical-reformiste-jurassien-prr
source_comment: ",year,1988-07-01T12:00:00,,"page_number_string: 
notes: 
source_full_citation: Maillard, F. (2026). Parti radical-réformiste jurassien (PRR). In Dictionnaire du Jura (DIJU). Consulté le 12 février 2026, sur https://diju.ch/f/notices/detail/1003472-parti-radical-reformiste-jurassien-prr
source_comment: ",,,
128,centre-ju,,1,"[209,210,211,212,213,214,215,216]","[179,180]",[184],[128],[125],"[4312,4313,4314,4315,4316,4317,4318,4319,4320,4321,4322,4323,4368,4369,4370,4371,4372,4373,4374,4375,4376,4377,4378,4379,4418,4419,4420,4421,4422,4423,4424,4425,4426,4427,4428,4429,4466,4467,4468,4469,4470,4471,4472,4473,4474,4475,4476,4546,4547,4548,4549,4550,4551,4552,4553,4554,4555,4556,4613,4614,4615,4616,4617,4618,4619,4620,4621,4622]",[],[],[94],[],"[314,315,1358,1384]",[93],"[5130,5131,5132,5133,5134,5135,5136,5137,5138,5139,5140,5141,5142,5143,5144,5145,5146,5147,5148,5149,5150,5151,5152,5153,5242,5243,5244,5245,5246,5247,5248,5249,5250,5251,5252,5253,5254,5255,5256,5257,5258,5259,5260,5261,5262,5263,5264,5265,5335,5336,5337,5338,5339,5340,5341,5342,5343,5344,5345,5346,5347,5348,5349,5350,5351,5352,5353,5354,5355,5356,5357,5429,5430,5431,5432,5433,5434,5435,5436,5437,5438,5439,5440,5441,5442,5443,5444,5445,5446,5447,5448,5449,5450,5571,5572,5573,5574,5575,5576,5577,5578,5579,5580,5581,5582,5583,5584,5585,5586,5587,5588,5589,5590]",[129],[],,,,,,,,,,,,,exact,1877-09-17T12:00:00,,"page_number_string: 
notes: 
source_full_citation: Meyer, O. (2026). Parti démocrate-chrétien du Jura (PDC Jura). In Dictionnaire du Jura (DIJU). Consulté le 13 février 2026, sur https://diju.ch/f/notices/detail/1003325-parti-democrate-chretien-du-jura-pdc-jura
source_comment: ",,,,,,,
130,vertes-ju,,1,"[217,218,219,220]",[181],[],[129],[127],"[4324,4325,4326,4327,4380,4381,4382,4383,4430,4431,4477,4478,4479,4480,4481,4557,4558,4559,4560,4561,4623,4624]",[],[],[247],[],"[316,1491]",[],"[5154,5155,5156,5157,5158,5159,5160,5161,5266,5267,5268,5269,5270,5271,5272,5273,5358,5359,5360,5361,5451,5452,5453,5454,5455,5456,5457,5458,5459,5460,5591,5592,5593,5594]",[131],[],,,,,,,,,,,,,year,1991-07-01T12:00:00,,"page_number_string: 
notes: 
source_full_citation: Gaume, I. (2026). Les Verts (JU). In Dictionnaire du Jura (DIJU). Consulté le 13 février 2026, sur https://diju.ch/f/notices/detail/1003529-les-verts-ju
source_comment: ",,,,,,,
131,pvl-ju,,1,[221],[182],[],[130],[128],"[4328,4384,4432,4482,4562]",[],[],[290],[],[],[],"[5162,5163,5274,5275,5362,5461,5462]",[132],[],,,,,,,,,,,,,year,2020-07-01T12:00:00,,"page_number_string: 
notes: 
source_full_citation: PVL canton du Jura. (2026). Notre histoire. Consulté le 13 février 2026, sur https://pvljura.ch/parti/association/notre-histoire/
source_comment: ",,,,,,,
132,pev-ju,,1,[222],[183],[],[131],[129],"[4329,4330,4385,4386]",[],[],[193],[],[],[],"[5164,5165,5166,5167,5276,5277,5278,5279]",[133],[],,,,,,,,,,,,,exact,2011-09-22T12:00:00,,"page_number_string: 
notes: 
source_full_citation: PEV canton du Jura. (2011). Statuts PEV JU. Consulté le 13 février 2026, sur https://www.pev-ju.ch/parti/statuts-pev-ju
source_comment: ",,,,,,,
134,pcsi-ju,,1,[224],"[184,185,186]",[],[132],[130],"[4331,4332,4333,4334,4335,4387,4388,4389,4390,4391,4483,4484,4485,4486,4487,4488,4489,4490,4491,4492,4493,4563,4564,4565,4566,4567,4568,4569,4570,4571,4572,4573,4625,4626,4627,4628,4629,4630,4631,14816,14817,14818]",[],[],[401],[],[],[],"[5168,5169,5170,5171,5172,5173,5174,5175,5176,5177,5280,5281,5282,5283,5284,5285,5286,5287,5288,5289,5463,5464,5465,5466,5467,5468,5469,5470,5471,5472,5473,5474,5475,5476,5477,5478,5479,5480,5481,5482,5483,5484,5595,5596,5597,5598,5599,5600,5601,5602,5603,5604,5605,5606,5607,5608]",[134],"[223,224,225,226,227,228]",,,,,,,,,,,,,exact,1958-01-26T12:00:00,,"page_number_string: 
notes: 
source_full_citation: Meyer, O. Parti chrétien-social indépendant (PCSI). In Dictionnaire du Jura (DIJU). Consulté le 13 février 2026, sur https://diju.ch/f/notices/detail/1003307-parti-chretien-social-independant-pcsi
source_comment: ",,,,,,,
135,pst-ju,,1,[],[187],[189],[133],[131],[],[],[],[],[],[],[],[],[135],[],,,,,,,,,,,,,year,1945-07-01T12:00:00,,"page_number_string: 
notes: 
source_full_citation: Gaume, I. (2026). Parti ouvrier et populaire jurassien (POP JU). In Dictionnaire du Jura (DIJU). Consulté le 13 février 2026, sur https://www.diju.ch/f/notices/detail/1003528-parti-ouvrier-et-populaire-jurassien-pop-ju
source_comment: ",multiyear,1950-01-01T12:00:00,,"page_number_string: 
notes: 
source_full_citation: Gaume, I. (2026). Parti ouvrier et populaire jurassien (POP JU). In Dictionnaire du Jura (DIJU). Consulté le 13 février 2026, sur https://www.diju.ch/f/notices/detail/1003528-parti-ouvrier-et-populaire-jurassien-pop-ju
source_comment: ",,,
136,pop-ju,,1,[225],"[188,189]",[190],[134],[132],"[4494,4495,4496,4497,4498,4499,4500,4501,4502,4503,4574,4575,4576,4577,4578,4579,4580,4581,4632,4633]",[],[],[210],[],[317],[],"[5485,5486,5487,5488,5489,5490,5491,5492,5493,5494,5495,5496,5497,5498,5499,5500,5501,5502,5503,5504,5609,5610,5611,5612]",[136],[],,,,,,,,,,,,,year,1967-07-01T12:00:00,,"page_number_string: 
notes: 
source_full_citation: Gaume, I. (2026). Parti ouvrier et populaire jurassien (POP JU). In Dictionnaire du Jura (DIJU). Consulté le 13 février 2026, sur https://www.diju.ch/f/notices/detail/1003528-parti-ouvrier-et-populaire-jurassien-pop-ju
source_comment: ",month,2013-01-15T12:00:00,,"page_number_string: 
notes: 
source_full_citation: Comm-jbe. (25 janvier 2013). La gauche alternative s'allie. L'Impartial. Consulté le 13 février 2026, sur https://essentials.swissdox.ch/
source_comment: ",,,
137,cs-ju,,1,[226],[],[191],[135],[133],"[4505,4506,4507,4508,4509,4510,4511,4512,4583,4584,4585,4586,4587,4588]",[],[],[399],[],[],[],"[5507,5508,5509,5510,5511,5512,5513,5514,5515,5516,5517,5518,5519,5520,5521,5522]",[137],[],,,,,,,,,,,,,month,1977-05-15T12:00:00,,"page_number_string: 
notes: 
source_full_citation: Gaume, I. (2026). Combat socialiste (CS). In Dictionnaire du Jura (DIJU). Consulté le 13 février 2026, sur https://diju.ch/f/notices/detail/1003527-combat-socialiste-cs
source_comment: ",month,2013-01-15T12:00:00,,"page_number_string: 
notes: 
source_full_citation: Gaume, I. (2026). Combat socialiste (CS). In Dictionnaire du Jura (DIJU). Consulté le 13 février 2026, sur https://diju.ch/f/notices/detail/1003527-combat-socialiste-cs
source_comment: ",,,
138,cs-pop-ju,,1,"[227,655]","[190,191,615]",[],[136],[134],"[4336,4392]",[],[],[217],[],[],[],"[5178,5179,5290,5291]",[138],[],,,,,,,,,,,,,month,2013-01-15T12:00:00,,"page_number_string: 
notes: 
source_full_citation: Comm-jbe. (25 janvier 2013). La gauche alternative s'allie. L'Impartial. Consulté le 13 février 2026, sur https://essentials.swissdox.ch/
source_comment: ",,,,,,,
139,udc-vs-r,,1,[228],[192],[200],[137],[135],[],"[622,623,624,625,626,627]",[],[156],[],[],[],[],[139],[],,,,,,,,,,,,,exact,1999-07-15T12:00:00,,"page_number_string: 
notes: 
source_full_citation: Felley, E. (24 juin1999). L'UDC valaisanne est née. Le Nouvelliste. Consulté le 16 février 2026, sur https://www.e-newspaperarchives.ch/?a=d&d=NVE19990624-01.2.19.6.2
source_comment: ",,,,,,,
140,svp-vs-o,,1,[229],"[193,200]",[],[138],[136],[],[],[],[141],[],[],[],[],[229],[],,"page_number_string: 
notes: 
source_full_citation: Claivaz, P. (28 septembre 2002). L'UDC Haut-Valais est lancée. Le nouvelliste. Consulté le 16 février 2026, sur https://www.e-newspaperarchives.ch/?a=d&d=NVE20020928-01.2.21.9.6.1
source_comment: ",,,,,,,,,,,exact,2002-09-27T12:00:00,,"page_number_string: 
notes: 
source_full_citation: SVP Oberwallis. (2002). Statuten der SVP Oberwallis. Abgerufen am 16. Februar 2026 von web.archive.org/web/20070708171651/http://www.svpo.ch/pdf/statuten_svp_oberwallis.pdf
source_comment: 

page_number_string: 
notes: 
source_full_citation: Claivaz, P. (28 septembre 2002). L'UDC Haut-Valais est lancée. Le nouvelliste. Consulté le 16 février 2026, sur https://www.e-newspaperarchives.ch/?a=d&d=NVE20020928-01.2.21.9.6.1
source_comment: ",,,,,,,
141,ps-vs,,1,[231],[201],"[197,198,199,527]",[139],"[137,141]",[],[],[],[124],[],[],[94],[],[141],[],,"page_number_string: 
notes: 
source_full_citation: sda. (19. März 1982). Zwei SP-Kantonalparteien. Der Bund. Abgerufen am 16. Februar 2026 von https://www.e-newspaperarchives.ch/?a=d&d=DBB19820319-01.2.21.7.3
source_comment: ",,,,,,,,,,,exact,1919-12-07T12:00:00,,"page_number_string: 
notes: 
source_full_citation: PS canton du Valais. (2013). Histoire du Parti socialiste du Valais romand. Consulté le 16 février 2026, sur https://psvr.ch/histoire-du-parti/
source_comment: ",,,,,,,
142,ko-vs-o,,1,[230],[],[195],[140],[138],[],[],[],[],[],[],[],[],[142],[],,,,,,,,,,,,,exact,1971-09-23T12:00:00,,"page_number_string: 
notes: 
source_full_citation: Zurkunden, R. (01. Mai 1982). Zwei Sozialdemokratische Parteien im Wallis. Der Bund. Abgerufen am 16. Februar 2026 von https://www.e-newspaperarchives.ch/?a=d&d=DBB19820501-01.2.17.8.4.1
source_comment: 

page_number_string: 
notes: 
source_full_citation: Salzmann, J. (2026). Vom «Jungen Visp» und dem «Kritischen Oberwallis» zur Sozialistischen Partei. In Trotz der Vispa, dank der Vispa - eine Chronik von Visp. Abgerufen am 13. April 2026 von https://www.visper-chronik.ch/kapitel/vom-jungen-visp-und-dem-kritischen-oberwallis-zur-sozialistischen-partei-146
source_comment: ",exact,1982-05-01T12:00:00,,"page_number_string: 
notes: 
source_full_citation: Zurkunden, R. (01. Mai 1982). Zwei Sozialdemokratische Parteien im Wallis. Der Bund. Abgerufen am 16. Februar 2026 von https://www.e-newspaperarchives.ch/?a=d&d=DBB19820501-01.2.17.8.4.1
source_comment: ",,,
143,sp-vs-o,,1,[233],"[195,196,197,527]",[],[141],[139],[],[],[],[106],[],"[346,347,348,349,350,351,352,353,354,355,356,357,358,359,360,361,362,363,364,365,366,367,368,369,370,371,372,373,1484]",[],[],[143],"[231,232]",,,,,,,,,,,,,exact,1982-05-01T12:00:00,,"page_number_string: 
notes: 
source_full_citation: Zurkunden, R. (01. Mai 1982). Zwei Sozialdemokratische Parteien im Wallis. Der Bund. Abgerufen am 16. Februar 2026 von https://www.e-newspaperarchives.ch/?a=d&d=DBB19820501-01.2.17.8.4.1
source_comment: ",,,,,,,
144,ps-vs-r,,1,[232],"[198,199,202]",[],[142],[140],[],[],[],[125],[],"[318,319,320,321,322,323,324,325,326,327,328,329,330,331,332,333,334,335,336,337,338,339,340,341,342,343,344,345,1483]",[],[],[145],"[229,230]",,,,,,,,,,,,,exact,1982-05-01T12:00:00,,"page_number_string: 
notes: 
source_full_citation: Zurkunden, R. (01. Mai 1982). Zwei Sozialdemokratische Parteien im Wallis. Der Bund. Abgerufen am 16. Februar 2026 von https://www.e-newspaperarchives.ch/?a=d&d=DBB19820501-01.2.17.8.4.1
source_comment: ",,,,,,,
145,fdplib-vs,,1,[234],"[203,206,211]",[],[143],[142],[],[],[],[38],[],[1519],[],[],[147],[],,,,,,,,,,,,,exact,2013-09-12T12:00:00,,"page_number_string: 
notes: 
source_full_citation: Theler, L. (22. August 2013). Aus der Not eine Tugend gemacht. Neue Zürcher Zeitung. Abgerufen am 19. Februar 2026 von https://essentials.swissdox.ch
source_comment: ",,,,,,,
147,plr-vs-r,,1,[236],"[204,205,208,230]",[206],[144],[144],[],[],[],[55],[],[],[],[],[149],[],,,,,,,,,,,,,exact,2008-02-21T12:00:00,,"page_number_string: 
notes: 
source_full_citation: ?. (22. Februar 2008). FDP stimmt Fusion zu. Thurgauer Zeitung. Abgerufen am 19. Februar 2026 von https://www.e-newspaperarchives.ch/?a=d&d=TGZ20080222-01.2.63.9.1
source_comment: ",exact,2013-09-12T12:00:00,,"page_number_string: 
notes: 
source_full_citation: Theler, L. (22. August 2013). Aus der Not eine Tugend gemacht. Neue Zürcher Zeitung. Abgerufen am 19. Februar 2026 von https://essentials.swissdox.ch
source_comment: ",,,
148,prd-vs,,1,[237],[207],[208],[145],[145],[],[],[],[374],[],"[374,375,376,377,378,379]","[95,96,97,98,99]",[],[150],"[233,234]",,,,,,,,,,,,,year,1849-07-01T12:00:00,"note_translations: languages_code: de-CH
note: Alternative Angabe: ""vers 1860"" (https://web.archive.org/web/20010417225035fw_/http:/www.prdvs.ch/index2prdvs.htm:)

languages_code: fr-CH
note: Autre indication : ""vers 1860"" (https://web.archive.org/web/20010417225035fw_/http:/www.prdvs.ch/index2prdvs.htm:)","page_number_string: 110
notes: 
source_full_citation: Ladner, A. (2022). Kantonale Wahlen und Parteiensysteme. IDHEAP.
source_comment: ",exact,2008-02-21T12:00:00,,"page_number_string: 
notes: 
source_full_citation: ?. (22. Februar 2008). FDP stimmt Fusion zu. Thurgauer Zeitung. Abgerufen am 19. Februar 2026 von https://www.e-newspaperarchives.ch/?a=d&d=TGZ20080222-01.2.63.9.1
source_comment: ",,,
149,fdp-vs-o,,1,"[238,239]","[209,210]",[211],[146],[146],[],[],[],[39],[],"[380,1457]",[],[],[151],"[235,236]",,,,,,,,,,,,,exact,1979-09-01T12:00:00,,"page_number_string: 
notes: 
source_full_citation: lth. (03. September 1979). Die ""dritte Kraft"" zeigt Flagge. In Walliser Bote. Abgerufen am 20. Februar 2026 von https://www.e-newspaperarchives.ch/?a=d&d=WAB19790903-01.2.30
source_comment: 

page_number_string: 
notes: 
source_full_citation: Gilg, P. (1979). Parteien. In Année Politique Suisse 1979. Abgerufen am 6. Juli 2026 von https://politchronik.swiss/APS/de/APS_1979/APS1979_III_a.html
source_comment: ",exact,2013-09-12T12:00:00,,"page_number_string: 
notes: 
source_full_citation: Theler, L. (22. August 2013). Aus der Not eine Tugend gemacht. Neue Zürcher Zeitung. Abgerufen am 19. Februar 2026 von https://essentials.swissdox.ch
source_comment: ",,,
150,centre-vs-r,,1,"[240,241]","[212,213]",[],[147],[147],[],[],[],[95],[],"[1369,1397]",[],[],[152],[],,,,,,,,,,,,,exact,1998-05-06T12:00:00,,"page_number_string: 
notes: 
source_full_citation: Nicolet, L. (07 mai 1998). Les centristes valaisans prennent le contrôle du PDC cantonal. Le Temps. Consulté le 23 février 2026, sur https://essentials.swissdox.ch/
source_comment: ",,,,,,,
151,pcs-vs-r,,1,"[242,243,244]","[214,215]",[],[148],[148],[],[],[],[375],[],[],[],[],[153],[],,,,,,,,,,,,,exact,1997-06-12T12:00:00,,"page_number_string: 
notes: 
source_full_citation: ric. (05 juin 1997). Le pari du PaCS. In Le nouvelliste. Consulté le 23 février 2026, sur https://www.e-newspaperarchives.ch/?a=d&d=NVE19970605-01.2.14.7
source_comment: ",exact,2023-06-15T12:00:00,,"page_number_string: 
notes: 
source_full_citation: Schaub, H.-P. (2026). Ausgewählte Beiträge zur Schweizer Politik: Auflösung der Unterwalliser Centre Gauche-PCS, 2023. Année Politique Suisse. Abgerufen am 23. Februar 2026 von https://anneepolitique.swiss/prozesse/66425-auflosung-der-unterwalliser-centre-gauche-pcs
source_comment: ",,,
152,mitte-vs-o,,1,"[245,246,247]","[216,217,651]","[220,653]",[149],[149],[],"[644,645,646,647,648,649,650,651,652,653,654,655,656,657]",[],[80],[],"[382,383,384,1370,1398,1458]","[102,103,104,105]",[],[154],[],,,,,,,,,,,,,exact,1919-04-23T12:00:00,,"page_number_string: 
notes: 
source_full_citation: Wikipedia. (2026). Die Mitte Oberwallis. Abgerufen am 23. Februar 2026 von https://de.wikipedia.org/wiki/Die_Mitte_Oberwallis
source_comment: 

page_number_string: 
notes: 
source_full_citation: ?. (26. April 1919). Die Volkstagung in Brig. Walliser Bote. Abgerufen am 10. August 2026 von https://www.e-newspaperarchives.ch/?a=d&d=WAB19190426-01.1.1&e=-------de-20--1--txt-txIN--------0-----
source_comment: ",,,,,,,
153,neo-vs-o,#E3BA24,1,"[248,249]","[218,219,220]",[],[150],[150],[],"[628,629,630,631,632,633,634,635,636,637,638,639,640,641,642,643]",[],[376],[],"[381,1371,1399,1459]","[100,101]",[],[155],"[237,238]",,,,,,,,,,,,,year,1949-07-01T12:00:00,,"page_number_string: 
notes: 
source_full_citation: neo. (2026). Geschichte. Abgerufen am 23. Februar 2026 von https://www.neowallis.ch/neo-die-sozialliberale-mitte/partei
source_comment: 

page_number_string: 
notes: 
source_full_citation: Salzmann, J. (2026). Seit 1857 bestimmen die Konservativen die Walliser Politik. In Trotz der Vispa, dank der Vispa - eine Chronik von Visp. Abgerufen am 10. August 2026 von https://www.visper-chronik.ch/kapitel/seit-1857-bestimmen-die-konservativen-die-walliser-politik-142
source_comment: ",,,,,,,
154,pdc-vs,,1,"[250,251]",[221],[],[151],[223],[],[],[],[70],[],[385],"[106,107,108,109,110]",[],[156],"[239,240]",,"page_number_string: 
notes: 
source_full_citation: Mooser, H. (03. März 2013). Die letzte Bastion des politischen Katholizismus. Berner Zeitung. Abgerufen am 13. April 2026 von https://www.bernerzeitung.ch/die-letzte-bastion-des-politischen-katholizismus-476404202057
source_comment: ",,,,,,,,,,,year,1960-07-01T12:00:00,,"page_number_string: 110
notes: 
source_full_citation: Ladner, A. (2022). Kantonale Wahlen und Parteiensysteme. IDHEAP.
source_comment: ",year,1997-07-01T12:00:00,,"page_number_string: 
notes: 
source_full_citation: rfr. (12. Mai 1998). Erneuerte CVP im welschen Wallis. Neue Zürcher Zeitung. Abgerufen am 23. Februar 2026 von https://www.e-newspaperarchives.ch/?a=d&d=NZZ19980512-01.2.20.3
source_comment: ",,,
155,vertes-vs,,1,"[255,256,257]","[222,223]",[],[152],[151],[],[],[],[248],[],[],[],[],[157],"[241,242,243,244,245,246]",,,,,,,,,,,,,exact,1987-09-26T12:00:00,,"page_number_string: 
notes: 
source_full_citation: Vert-e-s canton du Valais. (2026). Historique. Consulté le 23 février 2026, sur https://verts-vs.ch/le-parti/historique
source_comment: ",,,,,,,
156,pvl-vs,,1,"[258,259]",[224],[],[153],[152],[],[],[],[291],[],[],[],[],[158],[],,,,,,,,,,,,,exact,2020-05-28T12:00:00,,"page_number_string: 
notes: 
source_full_citation: PVL canton du Valais. (2026). Notre histoire. Consulté le 23 février 2026, sur https://vs.vertliberaux.ch/parti/notre-histoire/#elementor-toc__heading-anchor-2
source_comment: ",,,,,,,
157,pbd-vs,,1,[260],[225],[],[154],[153],[],[],[],[297],[],[],[],[],[159],[],,,,,,,,,,,,,exact,2008-01-09T12:00:00,,"page_number_string: 
notes: 
source_full_citation: Gabbud, J. (10 janvier 2009). Elle lance son parti en Valais. Le Nouvelliste. Consulté le 23 février 2026, sur https://essentials.swissdox.ch/
source_comment: ",year,2018-07-01T12:00:00,"note_translations: languages_code: de-CH
note: Die letzten dokumentierten Aktivitäten der BDP Wallis stammen aus dem Jahr 2018 , und die BDP Wallis findet in keiner Quelle zur Entwicklung der CVP/Mitte Oberwallis und der PDC/Centre Valais romand nach der nationalen Parteifusion (z.B. zu den Namensänderungen und den Statutenänderungen) Erwähnung . Es ist deshalb davon auszugehen, dass es nicht zu einem Zusammengehen der beiden Parteien im Wallis gekommen ist, sondern dass die BDP Wallis schon aufhörte zu existieren, bevor ein solcher Schritt hätte Thema werden können.","page_number_string: 
notes: 
source_full_citation: PBD canton du Valais. (2018). Activités internes au PBD VS. Consulté le 23 février 2026, sur https://web.archive.org/web/20231023152534/https:/www.bdp.info/vs/fr/activites/activitesinternesaupbdvs/
source_comment: ",,,
158,pop-vs-1944,,1,[261],[226],[228],[155],[154],[],[],[],[211],[],"[386,387,389,390,391,392,393,394]",[],[],[160],[],,,,,,,,,,,,,year,1944-07-01T12:00:00,,"page_number_string: 
notes: 
source_full_citation: POP canton du Valais. (2026). L'histoire du POP valaisan. Consulté le 23 février 2026, sur https://popvalais.ch/histoire-pop-valais/
source_comment: ",year,1990-07-01T12:00:00,,"page_number_string: 
notes: 
source_full_citation: POP canton du Valais. (2026). L'histoire du POP valaisan. Consulté le 23 février 2026, sur https://popvalais.ch/histoire-pop-valais/
source_comment: ",,,
159,pop-vs-2019,,1,[262],"[227,228]",[],[156],[155],[],[],[],[212],[],[],[],[],[161],[],,,,,,,,,,,,,exact,2019-10-08T12:00:00,,"page_number_string: 
notes: 
source_full_citation: ATS. (06 octobre 2019). Le POP retente sa chance en Valais. Le Matin Dimanche. Consulté le 23 février 2026, sur https://essentials.swissdox.ch/
source_comment: ",,,,,,,
160,pl-vs,,1,[263],[229],[230],[157],[156],[],[],[],[165],[],[],[],[],[162],[],,,,,,,,,,,,,exact,1988-03-20T12:00:00,,"page_number_string: 
notes: 
source_full_citation: ?. (22 mars 1988). Parti libéral en Valais. La tribune de Genève. Consulté le 24 février 2026, sur https://www.e-newspaperarchives.ch/?a=d&d=TDG19880322-01.2.22.8.5
source_comment: ",exact,2008-02-21T12:00:00,,"page_number_string: 
notes: 
source_full_citation: ?. (22. Februar 2008). FDP stimmt Fusion zu. Thurgauer Zeitung. Abgerufen am 19. Februar 2026 von https://www.e-newspaperarchives.ch/?a=d&d=TGZ20080222-01.2.63.9.1
source_comment: ",,,
161,udc-ti,,1,"[264,265]","[231,232]",[],[158],[157],"[4643,4644,4645,4646,4647,4648,4649,4650,4651,4652,4653,4654,4655,4656,4657,4658,4659,4660,4661,4785,4786,4787,4788,4789,4790,4791,4792,4793,4794,4795,4796,4797,4798,4799,4800,4801,4802,4803,4916,4917,4918,4969,4970,4971,4972,4973,4974,4975,4976,4977,4978,4979,4980,4981,4982,4983,4984,4985,4986,4987,4988,4989,4990,4991,4992,4993,4994,5117,5118,5119,5120,5121,5122,5123,5124,5125,5126,5127,5128,5129,5130,5131,5132,5133,5134,5135,5136,5137,5138,5139,5140,5141,5142,5265,5266,5267,5268]",[],[],[157],[],[395],[],"[5631,5632,5633,5634,5635,5636,5637,5638,5639,5640,5641,5642,5643,5644,5645,5646,5647,5648,5649,5650,5651,5652,5653,5654,5655,5656,5815,5816,5817,5818,5819,5820,5821,5822,5823,5824,5825,5826,5827,5828,5829,5830,5831,5832,5833,5834,5835,5836,5837,5838,5839,5840,5982,5983,5984,5985,6073,6074,6075,6076,6077,6078,6079,6080,6081,6082,6083,6084,6085,6086,6087,6088,6089,6090,6091,6092,6093,6094,6095,6096,6097,6098,6099,6100,6255,6256,6257,6258,6259,6260,6261,6262]",[163],"[247,248]",,,,,,,,,,,,,exact,1920-12-19T12:00:00,,"page_number_string: 
notes: 
source_full_citation: UDC cantone Ticino. (2026). Storia e Statuti. Consultato il 25 febbraio 2026 da https://udc-ti.ch/il-partito/il-partito-2/
source_comment: ",,,,,,,
163,ps-ti-1900,,1,[266],[233],"[235,236,259]",[159],[158],"[4662,4663,4664,4665,4666,4667,4668,4669,4670,4671,4672,4673,4674,4675,4676,4677,4678,4679,4680,4681,4804,4805,4806,4807,4808,4809,4810,4811,4812,4813,4814,4815,4816,4817,4818,4819,4820,4821,4822,4919,4920,4995,4996,4997,4998,4999,5000,5001,5002,5003,5004,5005,5006,5007,5008,5009,5010,5011,5012,5143,5144,5145,5146,5147,5148,5149,5150,5151,5152,5153,5154,5155,5156,5157,5158,5159,5160,5269,5270,5271]",[],[],[126],[],[],[111],"[5657,5658,5659,5660,5661,5662,5671,5672,5673,5674,5675,5676,5841,5842,5843,5844,5845,5846,5855,5856,5857,5858,5859,5860,5986,5987,5994,5995,6101,6102,6103,6104,6105,6106,6115,6116,6117,6118,6119,6120,6263,6264,6265,6274,6275,6276]",[164],[],,,,,,,,,,,,,year,1900-07-01T12:00:00,,"page_number_string: 144
notes: 
source_full_citation: Vatter, A. (2002). Kantonale Demokratien im Vergleich: Entstehungsgründe, Interaktionen und Wirkungen politischer Institutionen in den Schweizer Kantonen. Leske + Budrich.
source_comment: ",exact,1992-10-18T12:00:00,,"page_number_string: 
notes: 
source_full_citation: ru. (19. Oktober 1992). Tessiner Sozialisten wieder vereint. Neue Zürcher Zeitung. Abgerufen am 26. Februar 2026 von https://www.e-newspaperarchives.ch/?a=d&d=NZZ19921019-01.2.22.14
source_comment: ",,,
164,ps-ti-1992,,1,"[267,268]","[234,235,238]",[],[160],[159],"[4682,4683,4684,4685,4686,4687,4688,4689,4823,4824,4825,4826,4827,4828,4829,4830,4921,4922,4923,4924,4925,4926,4927,4928,5013,5014,5015,5016,5017,5018,5019,5020,5161,5162,5163,5164,5165,5166,5167,5168,5272,5273,5274,5275,5276,5277,5278,5279]","[658,659,660,661,662,663,664,665]",[],[127],[],"[396,397,398,399,400,401,402,403,404,405,406,407,408,409,410,411,412,413,414,415,1481]",[112],"[5663,5664,5665,5666,5667,5668,5669,5670,5677,5678,5679,5680,5681,5682,5683,5684,5847,5848,5849,5850,5851,5852,5853,5854,5861,5862,5863,5864,5865,5866,5867,5868,5988,5989,5990,5991,5992,5993,5996,5997,5998,5999,6000,6001,6002,6107,6108,6109,6110,6111,6112,6113,6114,6121,6122,6123,6124,6125,6126,6127,6128,6266,6267,6268,6269,6270,6271,6272,6273,6277,6278,6279,6280,6281,6282,6283,6284]",[165],"[249,250,251,252,253,254,255,256,257,258,259,260]",,,,,,,,,,,,,exact,1992-10-18T12:00:00,,"page_number_string: 
notes: 
source_full_citation: ru. (19. Oktober 1992). Tessiner Sozialisten wieder vereint. Neue Zürcher Zeitung. Abgerufen am 26. Februar 2026 von https://www.e-newspaperarchives.ch/?a=d&d=NZZ19921019-01.2.22.14
source_comment: ",,,,,,,
165,psa-ti,,1,[269],[236],[237],[161],[160],"[4690,4691,4692,4693,4694,4831,4832,4833,4834,4835,5021,5022,5023,5024,5025,5169,5170,5171,5172,5173,5280]",[],[],[330],[],[],[],"[5685,5686,5687,5688,5689,5691,5692,5693,5694,5695,5869,5870,5871,5872,5873,5875,5876,5877,5878,5879,6129,6130,6131,6132,6133,6135,6136,6137,6138,6139,6285,6287]",[166],[],,,de-CH,,https://hls-dhs-dss.ch/de/articles/017403/,,,fr-CH,,https://hls-dhs-dss.ch/fr/articles/017403/,,,exact,1969-04-27T12:00:00,,"page_number_string: 
notes: 
source_full_citation: Gilardoni, S. (2008). Partito socialista autonomo (PSA). In Historisches Lexikon der Schweiz (HLS). Abgerufen am 27. Februar 2026 von https://hls-dhs-dss.ch/de/articles/017403/2008-10-08/
source_comment: ",exact,1988-01-24T12:00:00,,"page_number_string: 469
notes: 
source_full_citation: Macaluso, P. (1997). Storia del Partito Socialista Autonomo : cultura politica, strategie, strutture.  A. Dadò.
source_comment: ",it-CH,,https://hls-dhs-dss.ch/it/articles/017403/
166,psu-ti,,1,[270],"[237,258]",[238],[162],[161],"[4695,4836,5026,5174,5281]",[],[],[331],[],[],[],"[5690,5696,5874,5880,6134,6140,6286,6288]",[167],[],,,,,,,,,,,,,exact,1988-01-24T12:00:00,,"page_number_string: 444
notes: 
source_full_citation: Macaluso, P. (1997). Storia del Partito Socialista Autonomo : cultura politica, strategie, strutture.  A. Dadò.
source_comment: ",exact,1992-10-18T12:00:00,,,,,
167,plr-ti-1946,,1,[271],"[239,240,254,255]",[],[163],[162],"[4704,4705,4706,4707,4708,4709,4710,4711,4712,4713,4714,4715,4716,4717,4718,4719,4720,4721,4722,4723,4844,4845,4846,4847,4848,4849,4850,4851,4852,4853,4854,4855,4856,4857,4858,4859,4860,4861,4862,4863,4929,4930,4931,4932,4933,4934,4935,4936,4937,4938,4939,4940,4941,4942,5030,5031,5032,5033,5034,5035,5036,5037,5038,5039,5040,5041,5042,5043,5044,5045,5046,5047,5048,5049,5178,5179,5180,5181,5182,5183,5184,5185,5186,5187,5188,5189,5190,5191,5192,5193,5194,5195,5196,5197,5198,5282,5283,5284,5285,5286,5287,5288,5289,5290,5291,5292]",[],[],[56],[],"[416,1460,1516]","[113,114,115]","[5697,5698,5699,5700,5701,5702,5703,5704,5705,5706,5707,5708,5709,5710,5711,5712,5713,5714,5715,5716,5717,5718,5719,5720,5721,5722,5723,5724,5881,5882,5883,5884,5885,5886,5887,5888,5889,5890,5891,5892,5893,5894,5895,5896,5897,5898,5899,5900,5901,5902,5903,5904,5905,5906,5907,6003,6004,6005,6006,6007,6008,6009,6010,6011,6012,6013,6014,6015,6016,6017,6018,6019,6020,6021,6022,6023,6024,6025,6026,6141,6142,6143,6144,6145,6146,6147,6148,6149,6150,6151,6152,6153,6154,6155,6156,6157,6158,6159,6160,6161,6162,6163,6164,6165,6166,6167,6168,6289,6290,6291,6292,6293,6294,6295,6296,6297,6298,6299,6300,6301,6302,6303,6304,6305,6306,6307,6308,6309,6310]",[168],"[261,262,263,264,265,266,267,268,269,270,271]",,,,,,,,,,,,,year,1946-07-01T12:00:00,,"page_number_string: 
notes: 
source_full_citation: PLR cantone Ticino. (27 luglio 1946). ll programma del nuovo partito liberale radicale. La voce della Rezia. Consultato il 12 marzo 2026 dal https://www.e-newspaperarchives.ch/?a=d&d=LVR19460727-01.2.15
source_comment: ",,,,,,,
168,centro-ti,,1,"[272,273,274,275]","[241,242]",[],[164],[163],"[4724,4725,4726,4727,4728,4729,4730,4731,4732,4733,4734,4735,4736,4737,4738,4739,4740,4741,4742,4743,4744,4745,4746,4747,4748,4749,4750,4751,4864,4865,4866,4867,4868,4869,4870,4871,4872,4873,4874,4875,4876,4877,4878,4879,4880,4881,4882,4883,4884,4885,4886,4887,4888,4889,4890,4943,4944,4945,4946,4947,4948,4949,4950,4951,4952,4953,4954,4955,4956,5050,5051,5052,5053,5054,5055,5056,5057,5058,5059,5060,5061,5062,5063,5064,5065,5066,5067,5068,5069,5070,5071,5072,5073,5074,5075,5199,5200,5201,5202,5203,5204,5205,5206,5207,5208,5209,5210,5211,5212,5213,5214,5215,5216,5217,5218,5219,5220,5221,5222,5223,5224,5293,5294,5295,5296,5297,5298,5299,5300,5301,5302,5303]",[795],[],[332],[],"[417,418,1366,1394]","[116,117,118,119]","[5725,5726,5727,5728,5729,5730,5731,5732,5733,5734,5735,5736,5737,5738,5739,5740,5741,5742,5743,5744,5745,5746,5747,5748,5749,5750,5751,5752,5908,5909,5910,5911,5912,5913,5914,5915,5916,5917,5918,5919,5920,5921,5922,5923,5924,5925,5926,5927,5928,5929,5930,5931,5932,5933,5934,5935,6027,6028,6029,6030,6031,6032,6033,6034,6035,6036,6037,6038,6039,6040,6041,6042,6043,6044,6045,6046,6047,6048,6049,6050,6169,6170,6171,6172,6173,6174,6175,6176,6177,6178,6179,6180,6181,6182,6183,6184,6185,6186,6187,6188,6189,6190,6191,6192,6193,6194,6195,6196,6311,6312,6313,6314,6315,6316,6317,6318,6319,6320,6321,6322,6323,6324,6325,6326,6327,6328,6329,6330,6331,6332]",[169],"[272,273]",,,,,,,,,,,,,year,1855-07-01T12:00:00,,"page_number_string: 110
notes: 
source_full_citation: Ladner, A. (2022). Kantonale Wahlen und Parteiensysteme. IDHEAP.
source_comment: ",,,,,,,
169,verdi-ti,,1,[276],"[243,245,247,320]",[],[165],[164],"[4753,4754,4755,4756,4757,4758,4759,4760,4892,4893,4894,4895,4896,4897,4898,4899,4957,4958,5077,5078,5079,5080,5081,5082,5083,5084,5226,5227,5228,5229,5230,5231,5232,5233,5304,5305,5306]",[],[],[329],[],[419],[],"[5754,5755,5756,5757,5758,5759,5760,5761,5763,5764,5765,5766,5767,5768,5769,5770,5937,5938,5939,5940,5941,5942,5943,5944,5946,5947,5948,5949,5950,5951,5952,5953,6051,6052,6053,6198,6199,6200,6201,6202,6203,6204,6205,6207,6208,6209,6210,6211,6212,6213,6214,6333,6334,6335,6336,6337,6338]",[170],"[274,275,276,277,278,279,280,281,282]",,,,,,,,,,,,,year,1994-07-01T12:00:00,,"page_number_string: 
notes: 
source_full_citation: Verdi cantone Ticino. (2026). La Storia dei Verdi. Consultato il 27 febbraio 2026 dal https://verditicino.ch/storia/
source_comment: ",,,,,,,
170,met-ti,,1,[277],[249],"[244,246,320]",[166],[165],"[4752,4891,5076,5225]",[],[],[336],[],[],[],"[5753,5762,5936,5945,6197,6206]",[171],[],,,,,,,,,,,,,year,1984-07-01T12:00:00,,"page_number_string: 25
notes: 
source_full_citation: Bütikofer, S. & Seitz, W. (Hrsg.). (2023). Die Grünen in der Schweiz. Entwicklung - Wirken - Perspektiven. Seismo.
source_comment: ",year,1994-07-01T12:00:00,,"page_number_string: 28
notes: 
source_full_citation: Bütikofer, S. & Seitz, W. (Hrsg.). (2023). Die Grünen in der Schweiz. Entwicklung - Wirken - Perspektiven. Seismo.
source_comment: 

page_number_string: 
notes: 
source_full_citation: Boggian, A. (2026). Auskunft zur Parteigeschichte der Tessiner Grünen. Unveröffentlicht, per E-Mail vom 7.4.2026 via Nenad Stojanović erhalten.
source_comment: ",,,
171,svepo-ti,,1,[278],[244],[245],[167],[166],[],[],[],[335],[],[],[],[],[172],[],,,,,,,,,,,,,exact,1990-03-25T12:00:00,,"page_number_string: 
notes: 
source_full_citation: sda. (28. Mai 1990). Zurzeit keine Fusion zwischen GPS und Grünem Bündnis. Neue Zürcher Zeitung. Abgerufen am 27. Februar 2026 von https://www.e-newspaperarchives.ch/?a=d&d=NZZ19900528-01.2.29.7
source_comment: ",year,1994-07-01T12:00:00,,"page_number_string: 
notes: 
source_full_citation: Verdi cantone Ticino. (2026). La Storia dei Verdi. Consultato il 27 febbraio 2026 dal https://verditicino.ch/storia/
source_comment: ",,,
172,mvt-ti,,1,[279],"[246,248]",[247],[168],[167],[],[],[],[337],[],[],[],[],[173],[],,,,,,,,,,,,,exact,1990-05-20T12:00:00,,"page_number_string: 
notes: 
source_full_citation: ATS. (22 mai 1990). Tessin: scission chez les verts. La tribune de Genève. Consulté le 02 mars 2026, sur https://www.e-newspaperarchives.ch/?a=d&d=TDG19900522-01.2.24.4.2
source_comment: ",year,1994-07-01T12:00:00,,"page_number_string: 
notes: 
source_full_citation: Verdi cantone Ticino. (2026). La Storia dei Verdi. Consultato il 27 febbraio 2026 dal https://verditicino.ch/storia/
source_comment: ",,,
173,pvl-ti,,1,"[280,281]",[250],[],[169],[168],"[4761,4762,4763,4900,4901,4902,4959,5085,5086,5087,5234,5235,5236,5307,5308,5309]",[],[],[292],[],[],[],"[5771,5772,5773,5774,5775,5776,5954,5955,5956,5957,5958,5959,6054,6215,6216,6217,6218,6219,6220,6339,6340,6341,6342,6343,6344]",[174],[],,,,,,,,,,,,,exact,2013-02-22T12:00:00,,"page_number_string: 
notes: 
source_full_citation: PVL cantone Ticino. (2013). Statuti del Partito verdi liberali Ticino. Consultato il 26 aprile 2025 dal https://ti.verdiliberali.ch/dam/jcr:defb2ea6-eddc-4ce9-abaf-a042e07b83ad/Statuti%20pvl%20TI.pdf
source_comment: ",,,,,,,
174,udf-ti,,1,[282],[251],[],[170],[169],"[4764,4903,5088,5089,5090,5091,5237,5238,5239,5240]",[],[],[267],[],[],[],"[5777,5778,5960,5961,6221,6222]",[175],[],,,,,,,,,,,,,year,2005-07-01T12:00:00,,"page_number_string: 
notes: 
source_full_citation: UDF cantone Ticino. (2005). Storia. Consultato il 02 marzo 2026 dal https://www.udf-ticino.ch/partito/storia/
source_comment: ",,,,,,,
175,pc-ti,,1,"[283,284,285]",[252],[],[171],[170],"[4765,4766,4767,4768,4769,4770,4771,4772,4773,4774,4775,4904,4905,4906,4907,4908,4909,4910,4911,4912,4913,4914,5092,5093,5094,5095,5096,5097,5098,5099,5100,5101,5102,5103,5104,5105,5106,5107,5241,5242,5243,5244,5245,5246,5247,5248,5249,5250,5251,5252,5253,5254,5255,5256]",[],[],[334],[],"[422,423,424,425,426,427,428,429,430]",[],"[5779,5780,5781,5782,5783,5784,5785,5786,5787,5788,5789,5790,5791,5792,5793,5794,5795,5796,5962,5963,5964,5965,5966,5967,5968,5969,5970,5971,5972,5973,5974,5975,5976,5977,5978,5979,6223,6224,6225,6226,6227,6228,6229,6230,6231,6232,6233,6234,6235,6236,6237,6238]",[176],[],,,,,,,,,,,,,month,1944-08-15T12:00:00,,"page_number_string: 148
notes: 
source_full_citation: Rauber, A. (2003). Formierter Widerstand: Geschichte der kommunistischen Bewegung in der Schweiz 1944-1991. Edition 8.
source_comment: 

page_number_string: 
notes: 
source_full_citation: Wikipedia. (2026). Partito Comunista (Svizzera). Consultato il 02 marzo 2026 dal https://it.wikipedia.org/wiki/Partito_Comunista_(Svizzera)
source_comment: ",,,,,,,
176,pop-ti,,1,[286],[253],[],[172],[171],[],[],[],"[213,415]",[],[],[],[],[177],[],,,,,,,,,,,,,exact,2015-01-25T12:00:00,,"page_number_string: 
notes: 
source_full_citation: POP cantone Ticino. (2015). Statuti. Consultato il 02 marzo 2026 dal https://web.archive.org/web/20180904000831/http://www.pop-pdl.ch/wordpress/statuti/
source_comment: ",,,,,,,
177,plr-ti-1934,,1,[287],[256],[254],[173],[172],[],[],[],[57],[],[],[],[],[178],[],,,,,,,,,,,,,year,1934-07-01T12:00:00,,"page_number_string: 
notes: 
source_full_citation: PLR cantone Ticino. (27 luglio 1946). ll programma del nuovo partito liberale radicale. La voce della Rezia. Consultato il 12 marzo 2026 dal https://www.e-newspaperarchives.ch/?a=d&d=LVR19460727-01.2.15
source_comment: ",year,1946-07-01T12:00:00,,"page_number_string: 
notes: 
source_full_citation: PLR cantone Ticino. (27 luglio 1946). ll programma del nuovo partito liberale radicale. La voce della Rezia. Consultato il 12 marzo 2026 dal https://www.e-newspaperarchives.ch/?a=d&d=LVR19460727-01.2.15
source_comment: ",,,
178,pld-ti,,1,[288],[257],[255],[174],[173],[],[],[],[],[],[],[],[],[179],[],,,,,,,,,,,,,year,1934-07-01T12:00:00,,"page_number_string: 
notes: 
source_full_citation: PLR cantone Ticino. (27 luglio 1946). ll programma del nuovo partito liberale radicale. La voce della Rezia. Consultato il 12 marzo 2026 dal https://www.e-newspaperarchives.ch/?a=d&d=LVR19460727-01.2.15
source_comment: ",year,1946-07-01T12:00:00,,"page_number_string: 
notes: 
source_full_citation: PLR cantone Ticino. (27 luglio 1946). ll programma del nuovo partito liberale radicale. La voce della Rezia. Consultato il 12 marzo 2026 dal https://www.e-newspaperarchives.ch/?a=d&d=LVR19460727-01.2.15
source_comment: ",,,
179,pl-ti,,1,[289],[],"[256,257]",[175],[174],"[4696,4697,4698,4699,4700,4837,4838,4839,4840,4841,5027,5028,5029,5175,5176,5177]",[],[],[166],[],[],[],[],[180],[],,,,,,,,,,,,,year,1894-07-01T12:00:00,,"page_number_string: 110
notes: 
source_full_citation: Ladner, A. (2022). Kantonale Wahlen und Parteiensysteme. IDHEAP.
source_comment: ",year,1934-07-01T12:00:00,,,,,
180,cst-ti,,1,[290],[259],[258],[176],[175],[],[],[],[333],[],[],[],[],[181],[],,,,,,,,,,,,,year,1986-07-01T12:00:00,,"page_number_string: 
notes: 
source_full_citation: spk. (02. April 1987). Tessiner SP-Strömungen auf dem Prüfstand. Freiburger Nachrichten. Abgerufen am 12. März 2026 von https://www.e-newspaperarchives.ch/?a=d&d=FZG19870402-01.2.47
source_comment: ",exact,1988-01-24T12:00:00,,"page_number_string: 
notes: 
source_full_citation: Maspoli, F. (25. Januar 1988). Partito Socialista Unitario gegründet. Der Bund. Abgerufen am 27. Februar 2026 von https://www.e-newspaperarchives.ch/?a=d&d=DBB19880125-01.2.18.7
source_comment: ",,,
181,svp-sz,,1,[291],[260],[],[177],[176],"[5310,5311,5312,5313,5314,5315,5316,5317,5318,5319,5320,5321,5417,5418,5419,5420,5421,5422,5423,5424,5425,5426,5427,5428,5521,5522,5523,5524,5525,5526,5556,5557,5558,5559,5560,5561,5562,5563,5564,5565,5566,5567,5568,5569,5667,5668,5669,5670,5671,5672,5673,5674,5675,5676,5677,5678,5679,5680,5750,5751,5752,5753,5754,5755,5756]","[666,667,668,669,670,671,672,673,674,675]",[],[142],[],"[526,527,528]",[120],"[6345,6346,6347,6348,6349,6350,6351,6352,6353,6354,6355,6356,6357,6358,6359,6360,6361,6362,6363,6364,6365,6366,6367,6368,6479,6480,6481,6482,6483,6484,6485,6486,6487,6488,6489,6490,6491,6492,6493,6494,6495,6496,6497,6498,6499,6500,6501,6502,6613,6614,6615,6616,6617,6618,6619,6620,6621,6792,6793,6794,6795,6796,6797,6798,6799,6800,6801,6802,6803,6804,6805]",[182],"[283,284]",,,,,,,,,,,,,exact,1972-04-10T12:00:00,,"page_number_string: 
notes: 
source_full_citation: sda. (11. April 1972). Schwyz: Gründung einer BGB-Partei. Neue Zürcher Zeitung. Abgerufen am 13. März 2026 von https://www.e-newspaperarchives.ch/?a=d&d=NZZ19720411-01.2.32.8
source_comment: ",,,,,,,
182,sp-sz,,1,[292],[261],[],[178],[177],"[5322,5323,5324,5325,5326,5327,5328,5329,5330,5331,5332,5333,5334,5335,5336,5337,5338,5339,5340,5341,5342,5343,5344,5345,5346,5347,5348,5429,5430,5431,5432,5433,5434,5435,5436,5437,5438,5439,5440,5441,5442,5443,5444,5445,5446,5447,5448,5449,5450,5451,5452,5453,5454,5527,5528,5529,5530,5531,5570,5571,5572,5573,5574,5575,5576,5577,5578,5579,5580,5581,5582,5583,5584,5585,5586,5587,5588,5589,5590,5591,5592,5593,5594,5595,5596,5597,5598,5599,5600,5601,5681,5682,5683,5684,5685,5686,5687,5688,5689,5690,5691,5692,5693,5694,5695,5696,5697,5698,5699,5700,5757,5758,5759,5760,5761,5762,5763,5764,5765,5766,5767,5768]","[676,677,678,679,680]",[],[107],[],"[529,530,531,532,533,534,535,536,537,538,539,540,541,542,543,544,545,546,547,548,549,550,551,552,553,554,555,556,557,558,1476]","[121,122]","[6369,6370,6371,6372,6373,6374,6375,6376,6377,6378,6379,6380,6381,6382,6383,6384,6385,6386,6387,6388,6389,6390,6391,6392,6393,6394,6395,6396,6503,6504,6505,6506,6507,6508,6509,6510,6511,6512,6513,6514,6515,6516,6517,6518,6519,6520,6521,6522,6523,6524,6525,6526,6527,6528,6529,6530,6622,6623,6624,6625,6626,6627,6806,6807,6808,6809,6810,6811,6812,6813,6814,6815,6816,6817,6818,6819,6820,6821,6822,6823,6824,6825,6826,6827,6828,6829]",[183],"[285,286,287,288,289,290,291,292,293,294,295,296,297,298,299]",,,,,,,,,,,,,year,1919-07-01T12:00:00,"note_translations: languages_code: de-CH
note: ""Das genaue Gründungsdatum der SP Schwyz ist gemäss Auskunft von Kantonsrat Otto Kümin kaum zu eruieren. Auch die SP Schwyz ist aus dem Grütliverein hervorgegangen, die eigentliche Gründung einer sozialdemokratischen Partei fand zwischen 1918 und 1919 statt."" (Ladner 2004: 347)","page_number_string: 110
notes: 
source_full_citation: Ladner, A. (2022). Kantonale Wahlen und Parteiensysteme. IDHEAP.
source_comment: ",,,,,,,
183,fdplib-sz,,1,"[293,294,295]","[262,263]",[],[179],[178],"[5349,5350,5351,5352,5353,5354,5355,5356,5357,5358,5359,5360,5361,5362,5363,5364,5365,5366,5367,5368,5369,5370,5371,5372,5373,5374,5375,5376,5455,5456,5457,5458,5459,5460,5461,5462,5463,5464,5465,5466,5467,5468,5469,5470,5471,5472,5473,5474,5475,5476,5477,5478,5479,5480,5532,5533,5534,5535,5536,5537,5538,5539,5602,5603,5604,5605,5606,5607,5608,5609,5610,5611,5612,5613,5614,5615,5616,5617,5618,5619,5620,5621,5622,5623,5624,5625,5626,5627,5628,5629,5630,5631,5632,5633,5701,5702,5703,5704,5705,5706,5707,5708,5709,5710,5711,5712,5713,5714,5715,5716,5717,5718,5719,5720,5769,5770,5771,5772,5773,5774,5775,5776,5777,5778,5779,5780]","[681,682,683,684,685,686,687]",[],[40],[],"[559,560]","[123,124,125]","[6397,6398,6399,6400,6401,6402,6403,6404,6405,6406,6407,6408,6409,6410,6411,6412,6413,6414,6415,6416,6417,6418,6419,6420,6421,6422,6423,6424,6531,6532,6533,6534,6535,6536,6537,6538,6539,6540,6541,6542,6543,6544,6545,6546,6547,6548,6549,6550,6551,6552,6553,6554,6555,6556,6557,6558,6628,6629,6630,6631,6632,6633,6634,6635,6636,6637,6638,6639,6640,6641,6830,6831,6832,6833,6834,6835,6836,6837,6838,6839,6840,6841,6842,6843,6844,6845,6846,6847,6848,6849,6850,6851,6852,6853]",[184],"[300,301]",,,,,,,,,,,,,year,1833-07-01T12:00:00,,"page_number_string: 110
notes: 
source_full_citation: Ladner, A. (2022). Kantonale Wahlen und Parteiensysteme. IDHEAP.
source_comment: ",,,,,,,
184,mitte-sz,,1,"[296,297]","[264,265,266,268]",[],[180],[179],"[5390,5391,5392,5393,5394,5395,5396,5397,5398,5399,5400,5401,5402,5403,5494,5495,5496,5497,5498,5499,5500,5501,5502,5503,5504,5505,5506,5507,5540,5541,5542,5543,5544,5545,5546,5547,5548,5549,5550,5551,5552,5553,5641,5642,5643,5644,5645,5646,5647,5648,5649,5650,5651,5652,5653,5654,5721,5722,5723,5724,5725,5726,5727,5728,5729,5730,5731,5732,5733,5734,5781,5782,5783,5784,5785,5786,5787,5788,5789,5790,5791,5792]","[702,703,704,705,706,707,708,709,710]",[],[81],[],[1392],"[126,127,128]","[6425,6426,6427,6428,6429,6430,6431,6432,6433,6434,6435,6436,6437,6438,6439,6440,6441,6442,6443,6444,6445,6446,6447,6448,6449,6450,6451,6452,6559,6560,6561,6562,6563,6564,6565,6566,6567,6568,6569,6570,6571,6572,6573,6574,6575,6576,6577,6578,6579,6580,6581,6582,6583,6584,6585,6586,6642,6643,6644,6645,6646,6647,6648,6649,6650,6651,6652,6653,6654,6655,6656,6657,6658,6659,6660,6661,6662,6663,6664,6854,6855,6856,6857,6858,6859,6860,6861,6862,6863,6864,6865,6866,6867,6868,6869,6870,6871,6872,6873,6874,6875,6876,6877]",[185],"[302,303]",,,,,,,,,,,,,exact,1971-11-27T12:00:00,,"page_number_string: 
notes: 
source_full_citation: ?. (29. November 1971). CVP des Kantons Schwyz gegründet. Neue Zürcher Nachrichten. Abgerufen am 17. März 2026 von https://www.e-newspaperarchives.ch/?a=d&d=NZN19711129-01.2.16.1
source_comment: ",,,,,,,
185,csp-sz,,1,[298],"[332,647]",[266],[181],[180],"[5385,5386,5387,5388,5389,5489,5490,5491,5492,5493]",[701],[],[380],[],[],[],[],[186],[],,,,,,,,,,,,,year,1946-07-01T12:00:00,,"page_number_string: 
notes: 
source_full_citation: Casetti, G. (1979). Partei und Christlichsoziale: Die heilsame Unruh. In U. Altermatt & H. P. Fagagnini (Hrsg.), Die CVP zwischen Programm und Wirklichkeit (S. 106-123). Benziger.
source_comment: 

page_number_string: 148
notes: 
source_full_citation: Vatter, A. (2002). Kantonale Demokratien im Vergleich: Entstehungsgründe, Interaktionen und Wirkungen politischer Institutionen in den Schweizer Kantonen. Leske + Budrich.
source_comment: 

page_number_string: 172
notes: 
source_full_citation: Rölli-Alkemper, L. (1993). Die Schweizerische Konservative Volkspartei 1935-1943 : politischer Katholizismus zwischen Emanzipation und Integration. Universitätsverlag Freiburg Schweiz.
source_comment: 

page_number_string: 74
notes: 
source_full_citation: Altermatt, U. (2000). Die Christlichdemokratische Volkspartei der Schweiz 1945-1999. In H.-J. Veen (Hrsg.), Christlich-demokratische und konservative Parteien in Westeuropa 5 (S. 35-115). Schöningh.
source_comment: ",exact,1971-11-27T12:00:00,,"page_number_string: 
notes: 
source_full_citation: ?. (29. November 1971). CVP des Kantons Schwyz gegründet. Neue Zürcher Nachrichten. Abgerufen am 17. März 2026 von https://www.e-newspaperarchives.ch/?a=d&d=NZN19711129-01.2.16.1
source_comment: 

page_number_string: 
notes: 
source_full_citation: Rinderknecht, M. (1992). Entstehung der Christlichsozialen Partei (CSP). Politchronik, Année Politique Suisse, Version vom 19.09.2025. Abgerufen am 5. August 2026 von https://politchronik.swiss/de/prozesse/52544/versionen/11b2891b-f00d-48fc-a03e-1ad82bf8fd8e
source_comment: ",,,
186,kvp-sz,,1,[299],[267],"[268,647]",[182],[181],"[5377,5378,5379,5380,5381,5382,5383,5384,5481,5482,5483,5484,5485,5486,5487,5488,5634,5635,5636,5637,5638,5639,5640]","[699,700]",[],[404],[],[],[],[],[187],[],,,,,,,,,,,,,unknown,1900-01-01T12:00:00,,,exact,1971-11-27T12:00:00,,"page_number_string: 
notes: 
source_full_citation: ?. (29. November 1971). CVP des Kantons Schwyz gegründet. Neue Zürcher Nachrichten. Abgerufen am 17. März 2026 von https://www.e-newspaperarchives.ch/?a=d&d=NZN19711129-01.2.16.1
source_comment: ",,,
187,gruene-sz-2007,,1,[300],"[269,272]",[],[183],[182],"[5404,5405,5406,5407,5408,5508,5509,5510,5511,5512,5554,5555,5658,5659,5660,5737,5738,5739,5740,5741,5793,5794]","[696,697,698]",[],[236],[],[],[],"[6453,6454,6455,6456,6457,6458,6459,6460,6461,6462,6587,6588,6589,6590,6591,6592,6593,6594,6595,6596,6665,6666,6667,6878,6879,6880,6881]",[188],[],,,,,,,,,,,,,exact,2007-06-21T12:00:00,,"page_number_string: 
notes: 
source_full_citation: AP. (23. Juni 2007). Grüne Partei nun auch in Schwyz und Graubünden. Tages-Anzeiger. Abgerufen am 18. März 2026 von https://essentials.swissdox.ch/
source_comment: ",,,,,,,
188,gruene-sz-1983,,1,"[301,302]","[270,271]",[272],[184],[183],"[5655,5656,5657,5735,5736,5748,5749]",[],[],[237],[],"[561,562,563]",[],[],[189],[],,,,,,,,,,,,,exact,1983-05-28T12:00:00,,"page_number_string: 105
notes: 
source_full_citation: Furrer, M. (1994). Die neue Opposition in der Urschweiz 1970–1990. In U. Altermatt et al. (Hrsg.), Rechte und linke Fundamentalopposition. Studien zur Schweizer Politik 1965–1990 (S. 95–134). Helbing & Lichtenhahn.
source_comment: ",year,1999-07-01T12:00:00,,"page_number_string: 25
notes: 
source_full_citation: Bütikofer, S. & Seitz, W. (Hrsg.). (2023). Die Grünen in der Schweiz. Entwicklung - Wirken - Perspektiven. Seismo.
source_comment: ",,,
189,glp-sz,,1,[303],[273],[],[185],[184],"[5409,5410,5411,5513,5514,5515,5661,5662,5663,5742,5743,5744,5795]","[692,693,694,695]",[],[278],[],[],[],"[6463,6464,6465,6466,6467,6468,6597,6598,6599,6600,6601,6602,6882,6883]",[190],[],,,,,,,,,,,,,exact,2012-08-22T12:00:00,,"page_number_string: 
notes: 
source_full_citation: GLP Kanton Schwyz. (2012). Statuten der Grünliberalen Partei Kanton Schwyz. Abgerufen am 19. März 2026 von https://web.archive.org/web/20160805225809/http:/sz.grunliberale.ch/dms/kantone/sz/Leitlinien---Statuten/Statuten-glp-SZ-1/Statuten%20glp%20SZ-1.pdf
source_comment: ",,,,,,,
190,evp-sz,,1,[304],[274],[],[186],[185],"[5412,5413,5414,5415,5516,5517,5518,5519,5664,5665,5745,5746]","[690,691]",[],[182],[],[564],[],"[6469,6470,6471,6472,6473,6474,6475,6476,6603,6604,6605,6606,6607,6608,6609,6610]",[191],[],"note_translations: languages_code: de-CH
note: Zwischen 2020 und 2024 waren die Aktivitäten der Partei eingestellt.",,,,,,,,,,,,exact,2009-08-31T12:00:00,,"page_number_string: 
notes: 
source_full_citation: Schnüriger, B. (01. September 2009). Bibel und Sackmesser als Begrüssungsgeschenk. Neue Luzerner Zeitung. Abgerufen am 19. März 2026 von https://essentials.swissdox.ch/
source_comment: ",,,,,,,
191,bdp-sz,,1,[305],[275],[],[187],[186],"[5416,5520,5666,5747]","[688,689]",[],[308],[],"[565,566]",[],"[6477,6478,6611,6612]",[192],[],,,,,,,,,,,,,exact,2009-08-17T12:00:00,,"page_number_string: 
notes: 
source_full_citation: sda. (19. August 2009). BDP neu auch im Kanton Schwyz. Die Südostschweiz. Abgerufen am 19. März 2026 von https://essentials.swissdox.ch/
source_comment: ",year,2016-07-01T12:00:00,"note_translations: languages_code: de-CH
note: Ab 2016 gibt es auf der Website der BDP Schwyz keine Aktivitäten mehr (https://web.archive.org/web/20191011235236/https://www.bdp.info/sz/de/medien/).","page_number_string: 
notes: 
source_full_citation: Grüter, S. (15. Januar 2016). BDP Schwyz plant einen Neustart, aber erst nächstes Jahr. Bote der Urschweiz. Abgerufen am 19. März 2026 von https://essentials.swissdox.ch/
source_comment: ",,,
192,svp-ow,,1,[306],[276],[],[188],[187],"[5802,5803,5804,5805,5806,5807,5845,5846,5847,5848,5849,5850,5887,5904,5905,5906,5907,5908,5909,5955,5956,5957,5958,5959,5960,5996,5997,5998,5999]","[711,712,713]",[],[143],[],[],[],"[6884,6885,6886,6887,6888,6889,6890,6891,6892,6893,6894,6895,6930,6959,6960,6961,6962,6963,6964,6965,6966,6967,6968,6969,6970,7053,7054,7055,7056,7057,7058,7059,7060]",[193],[],,,,,,,,,,,,,exact,1999-12-03T12:00:00,,"page_number_string: 
notes: 
source_full_citation: SVP Kanton Obwalden. (2026). Geschichte. Abgerufen am 20. März 2026 von https://www.svp-ow.ch/partei/geschichte/
source_comment: ",,,,,,,
193,sp-ow,,1,[307],"[277,278]",[],[189],[188],"[5808,5809,5851,5852,5888,5910,5911,5912,5913,5914,5915,5916,5961,5962,5963,5964,5965,5966,5967,6000]","[714,715,716,717,718,719,720,721,722,723]",[],[108],[],"[567,568,571,572,573,574,575,576,577,578,579,580,581,582,583,584,585,586,587,588,589,590,591,592,593,594]",[],"[6896,6897,6898,6899,6931,6932,6971,6972,6973,6974,6975,6976,6977,6978,6979,6980,6981,6982,6983,6984,7061,7062]",[194],[],,,,,,,,,,,,,exact,1998-02-02T12:00:00,,"page_number_string: 
notes: 
source_full_citation: SP Kanton Obwalden. (2023). Statuten der SP Obwalden. Abgerufen am 20. März 2026 von https://sp-obwalden.ch/wp-content/uploads/sites/26/2025/07/Statuten.pdf
source_comment: ",,,,,,,
194,do-ow,,1,[308],[],[278],[190],[189],"[5953,5954,5994,5995]",[],[],[],[],[],[],"[7049,7050,7051,7052]",[195],[],,,,,,,,,,,,,month,1992-10-15T12:00:00,,"page_number_string: 
notes: 
source_full_citation: von Flüe, N. (2018). Kanton Obwalden: Der Staat im 19. und 20. Jahrhundert, Verfassungsgeschichte. In Historisches Lexikon der Schweiz (HLS). Abgerufen am 20. März 2026 von https://hls-dhs-dss.ch/de/articles/007410/2018-02-07/
source_comment: 

page_number_string: 
notes: 
source_full_citation: sda. (20. Oktober 1992). Kurzmeldungen. Neue Zürcher Zeitung. Abgerufen am 20. März 2026 von https://www.e-newspaperarchives.ch/?a=d&d=NZZ19921020-01.2.33.5
source_comment: ",month,1998-01-31T12:00:00,,"page_number_string: 
notes: 
source_full_citation: Beer, U. (1998). Geschichte der Oppitionspartei «Demokratisches Obwalden». Année Politique Suisse. Abgerufen am 20. März 2026 von https://anneepolitique.swiss/prozesse/51751-geschichte-der-oppitionspartei-demokratisches-obwalden
source_comment: ",,,
195,fdplib-ow,,1,"[309,310,311]","[279,280]",[],[191],[190],"[5810,5811,5812,5813,5814,5815,5816,5817,5818,5819,5853,5854,5855,5856,5857,5858,5859,5860,5861,5862,5889,5890,5891,5892,5893,5917,5918,5919,5920,5921,5922,5923,5924,5925,5926,5927,5928,5929,5930,5931,5968,5969,5970,5971,5972,5973,5974,5975,5976,5977,6001,6002,6003,6004,6005,6006,6007,6008,6009,6010,6011]","[724,725,726,727,728,729]",[],[41],[],"[569,570]",[],"[6900,6901,6902,6903,6904,6905,6906,6907,6933,6934,6935,6936,6937,6938,6939,6940,6941,6985,6986,6987,6988,6989,6990,6991,6992,6993,6994,6995,6996,6997,6998,6999,7000,7001,7002,7003,7004,7005,7006,7007,7008,7009,7010,7063,7064,7065,7066,7067,7068,7069,7070,7071,7072,7073,7074,7075,7076,7077,7078,7079,7080,7081,7082,7083,7084,7085]",[196],"[304,305]",,,,,,,,,,,,,year,1911-07-01T12:00:00,,"page_number_string: 110
notes: 
source_full_citation: Ladner, A. (2022). Kantonale Wahlen und Parteiensysteme. IDHEAP.
source_comment: ",,,,,,,
196,mitte-ow,,1,"[312,313,314,315,316]","[281,282]",[285],[192],[191],"[5820,5821,5822,5823,5824,5825,5826,5827,5828,5829,5830,5831,5832,5833,5834,5835,5836,5837,5838,5839,5840,5841,5842,5843,5844,5863,5864,5865,5866,5867,5868,5869,5870,5871,5872,5873,5874,5875,5876,5877,5878,5879,5880,5881,5882,5883,5884,5885,5886,5894,5895,5896,5897,5898,5899,5900,5901,5902,5903,5932,5933,5934,5935,5936,5937,5938,5939,5940,5941,5942,5943,5944,5945,5946,5978,5979,5980,5981,5982,5983,5984,5985,5986,5987,6012,6013,6014,6015,6016,6017,6018,6019,6020,6021,6022]","[764,765,766,767,768,769,770,771,772,773,774]",[],[82],[],"[595,596,1388]",[],"[6908,6909,6910,6911,6912,6913,6914,6915,6916,6917,6918,6919,6920,6921,6922,6923,6924,6925,6926,6927,6928,6929,6942,6943,6944,6945,6946,6947,6948,6949,6950,6951,6952,6953,6954,6955,6956,6957,6958,7011,7012,7013,7014,7015,7016,7017,7018,7019,7020,7021,7022,7023,7024,7025,7026,7027,7028,7029,7030,7031,7032,7033,7034,7035,7036,7086,7087,7088,7089,7090,7091,7092,7093,7094,7095,7096,7097,7098,7099,7100,7101,7102,7103,7104,7105,7106,7107,7108]",[197],"[306,307]",,,,,,,,,,,,,exact,1919-10-12T12:00:00,,"page_number_string: 
notes: 
source_full_citation: CVP Kanton Obwalden. (2021). Geschichte. Abgerufen am 24. März 2026 von https://web.archive.org/web/20210415084343/https:/www.cvp-ow.ch/geschichte/
source_comment: ",,,,,,,
197,gruene-ow,,1,[317],[283],[],[193],[192],[],[775],[],[238],[],[],[],[],[198],[],,,,,,,,,,,,,exact,2008-12-05T12:00:00,,"page_number_string: 
notes: 
source_full_citation: se. (19. Dezember 2008). Weisse Flecken auf der Landkarte begrünt. Neue Zürcher Zeitung. Abgerufen am 24. März 2026 von https://essentials.swissdox.ch/
source_comment: ",exact,2009-11-30T12:00:00,,"page_number_string: 
notes: 
source_full_citation: sda. (30. Dezember 2009). Grüne Partei Obwalden aufgelöst. Die Südostschweiz. Abgerufen am 24. März 2026 von https://essentials.swissdox.ch/
source_comment: ",,,
198,glp-ow,,1,[318],[284],[],[194],[193],"[5947,5988]","[776,777,778]",[],[279],[],[],[],"[7037,7038]",[199],[],,,,,,,,,,,,,exact,2021-06-11T12:00:00,,"page_number_string: 
notes: 
source_full_citation: GLP Kanton Obwalden. (2021). Statuten der Grünliberalen Kanton Obwalden. Abgerufen am 24. März 2026 von https://web.archive.org/web/20220304002826/https:/ow.grunliberale.ch/dam/jcr:9c8a4672-b89a-404b-8daa-9c09bc75cc0b/Statuten%20GLP%20OW.pdf
source_comment: ",,,,,,,
199,csp-ow,#B72733,1,[319],"[285,286,331]",[],[195],[194],"[5948,5949,5950,5951,5952,5989,5990,5991,5992,5993,6023,6024,6025,6026,6027,6028]","[779,780,781,782,783,784,785,786,787]",[],[379],[],[],[],"[7039,7040,7041,7042,7043,7044,7045,7046,7047,7048,7109,7110,7111,7112,7113,7114,7115,7116,7117,7118,7119,7120]",[200],"[311,312]",,,,,,,,,,,,,year,1956-07-01T12:00:00,,"page_number_string: 
notes: 
source_full_citation: von Flüe, N. (2018). Kanton Obwalden: Der Staat im 19. und 20. Jahrhundert, Verfassungsgeschichte. In Historisches Lexikon der Schweiz (HLS). Abgerufen am 24. März 2026 von https://hls-dhs-dss.ch/de/articles/007410/2018-02-07/#HDerStaatim19.und20.Jahrhundert
source_comment: 

page_number_string: 
notes: 
source_full_citation: CSP Kanton Obwalden. (2026). Geschichte. Abgerufen am 5. August 2026 von https://web.archive.org/web/20260412020146/https://www.csp-ow.ch/partei/geschichte/
source_comment: 

page_number_string: 112
notes: 
source_full_citation: Casetti, G. (1979). Partei und Christlichsoziale: Die heilsame Unruh. In U. Altermatt & H. P. Fagagnini (Hrsg.), Die CVP zwischen Programm und Wirklichkeit (S. 106-123). Benziger.
source_comment: 

page_number_string: 74
notes: 
source_full_citation: Altermatt, U. (2000). Die Christlichdemokratische Volkspartei der Schweiz 1945-1999. In H.-J. Veen (Hrsg.), Christlich-demokratische und konservative Parteien in Westeuropa 5 (S. 35-115). Schöningh.
source_comment: ",,,,,,,
200,bdp-ow,,1,[320],[],[],[196],[195],[],[788],[],[309],[],[],[],[],[201],[],,,,,,,,,,,,,exact,2008-11-19T12:00:00,,"page_number_string: 
notes: 
source_full_citation: vin/sda. (21. November 2008). Siebte BDP-Sektion gegründet. Tages-Anzeiger. Abgerufen am 24. März 2026 von https://essentials.swissdox.ch
source_comment: ",year,2009-07-01T12:00:00,"note_translations: languages_code: de-CH
note: Seither gibt es keine Hinweise mehr auf eine Existenz der Partei.","page_number_string: 
notes: 
source_full_citation: ?. (06. August 2009). BDP: Knatsch in den eigenen Reihen. 20 Minuten. Abgerufen am 24. März 2026 von https://essentials.swissdox.ch
source_comment: ",,,
201,svp-nw,,1,[321],[287],[],[197],[196],"[6029,6030,6031,6032,6070,6071,6072,6073,6126,6127,6128,6129,6130,6131,6198,6199,6200,6201,6202,6203,6243,6244,6245,6246,6247]","[730,731,732,733]",[],[144],[],[597],[],"[7121,7122,7123,7124,7125,7126,7127,7128,7191,7192,7193,7194,7195,7196,7197,7198,7199,7200,7201,7202,7297,7298,7299,7300,7301,7302,7303,7304,7305,7306]",[202],[],,,,,,,,,,,,,exact,1999-08-28T12:00:00,,"page_number_string: 
notes: 
source_full_citation: SVP Kanton Nidwalden. (2026). Geschichte. Abgerufen am 26. März 2026 von https://www.svp-nw.ch/partei/geschichte/
source_comment: ",,,,,,,
202,sp-nw,,1,"[322,323]",[288],[],[198],[197],"[6033,6034,6074,6075,6132,6133,6134,6135,6136,6137,6138,6139,6140,6141,6142,6143,6144,6145,6204,6205,6206,6207,6208,6209,6210,6248,6249]",[],[],[109],[],"[598,599,600,601,602,603,604,605,606,607,608,609,610,611,612,613,614,615,616,617,618,619,620,621,622,623,624,625,626,1472]",[129],"[7129,7130,7203,7204,7205,7206,7207,7208,7209,7210,7211,7212,7213,7214,7215,7216,7217,7218,7219,7220,7307,7308,7309,7310]",[203],[308],,,,,,,,,,,,,year,1942-07-01T12:00:00,,"page_number_string: 110
notes: 
source_full_citation: Ladner, A. (2022). Kantonale Wahlen und Parteiensysteme. IDHEAP.
source_comment: ",,,,,,,
203,fdplib-nw,,1,"[324,325,326]","[289,290]",[],[199],[198],"[6035,6036,6037,6038,6039,6040,6041,6042,6043,6044,6045,6076,6077,6078,6079,6080,6081,6082,6083,6084,6085,6116,6123,6124,6125,6146,6147,6148,6149,6150,6151,6152,6153,6154,6155,6156,6157,6158,6159,6160,6161,6162,6163,6164,6165,6211,6212,6213,6214,6215,6216,6217,6218,6219,6220,6221,6250,6251,6252,6253,6254,6255,6256,6257,6258,6259,6260]",[],[],[42],[],"[627,628,629]",[130],"[7131,7132,7133,7134,7135,7136,7137,7138,7139,7140,7141,7142,7143,7144,7170,7182,7188,7189,7190,7221,7222,7223,7224,7225,7226,7227,7228,7229,7230,7231,7232,7233,7234,7235,7236,7237,7238,7239,7240,7241,7242,7243,7244,7245,7246,7311,7312,7313,7314,7315,7316,7317,7318,7319,7320,7321,7322,7323,7324,7325,7326,7327,7328,7329,7330,7331,7332]",[204],"[309,310]",,,,,,,,,,,,,exact,1902-11-10T12:00:00,,"page_number_string: 
notes: 
source_full_citation: Reinhard, H. (1993). Die Nidwaldner Liberalen als politische Kraft. Abgerufen am 27. März 2026 von https://www.fdp-nw.ch/fileadmin/groups/272/pdf/Wahlen/2018/geschichte_lpnneu.pdf
source_comment: ",,,,,,,
204,mitte-nw,,1,"[327,328]","[291,292,294,296]",[],[200],[199],"[6060,6061,6062,6063,6064,6065,6066,6067,6068,6100,6101,6102,6103,6104,6105,6106,6107,6108,6110,6111,6112,6113,6114,6115,6117,6118,6119,6120,6121,6122,6172,6173,6174,6175,6176,6177,6178,6179,6180,6181,6182,6183,6184,6185,6222,6223,6224,6225,6226,6227,6228,6229,6230,6231,6232,6261,6262,6263,6264,6265,6266,6267,6268,6269,6270,6271]",[],[],[83],[],"[630,1361,1387]",[],"[7145,7146,7147,7148,7149,7150,7151,7152,7153,7154,7155,7156,7157,7158,7159,7160,7161,7162,7165,7166,7167,7168,7169,7171,7172,7173,7174,7175,7176,7177,7178,7179,7180,7181,7183,7184,7185,7186,7187,7247,7248,7249,7250,7251,7252,7253,7254,7255,7256,7257,7258,7259,7260,7261,7262,7263,7264,7265,7266,7267,7268,7269,7270,7271,7272,7333,7334,7335,7336,7337,7338,7339,7340,7341,7342,7343,7344,7345,7346,7347,7348,7349,7350,7351,7352,7353,7354]",[205],"[313,314]",,,,,,,,,,,,,year,1970-07-01T12:00:00,,"page_number_string: 
notes: 
source_full_citation: Schleifer-Stöckli, K. (2017). Kanton Nidwalden: Der Staat im 19. und 20. Jahrhundert, Politische Geschichte und Verfassungsentwicklung. In Historisches Lexikon der Schweiz (HLS). Abgerufen am 27. März 2026 von https://hls-dhs-dss.ch/de/articles/007411/2017-05-11/#HPolitischeGeschichteundVerfassungsentwicklung
source_comment: ",,,,,,,
205,kkvp-nw,,1,[329],[293],"[294,295]",[201],[200],"[6046,6047,6048,6049,6050,6051,6052,6053,6054,6055,6056,6057,6058,6059,6086,6087,6088,6089,6090,6091,6092,6093,6094,6095,6096,6097,6098,6099,6166,6167,6168,6169,6170,6171]",[],[],[393],[],[],[],[],[206],[],,,,,,,,,,,,,year,1896-07-01T12:00:00,,"page_number_string: 110
notes: 
source_full_citation: Ladner, A. (2022). Kantonale Wahlen und Parteiensysteme. IDHEAP.
source_comment: ",year,1970-07-01T12:00:00,,"page_number_string: 
notes: 
source_full_citation: Schleifer-Stöckli, K. (2017). Kanton Nidwalden: Der Staat im 19. und 20. Jahrhundert, Politische Geschichte und Verfassungsentwicklung. In Historisches Lexikon der Schweiz (HLS). Abgerufen am 27. März 2026 von https://hls-dhs-dss.ch/de/articles/007411/2017-05-11/#HPolitischeGeschichteundVerfassungsentwicklung
source_comment: ",,,
206,csp-nw,,1,[330],"[295,330]",[296],[202],[201],[],[],[],[],[],[],[],[],[207],[],,,,,,,,,,,,,year,1946-07-01T12:00:00,"note_translations: languages_code: de-CH
note: Bei Casetti (1979: 112) und Rölli-Alkemper (1993: 172) heisst es ""anfangs der vierziger Jahre"".","page_number_string: 
notes: 
source_full_citation: Schleifer-Stöckli, K. (2017). Kanton Nidwalden: Der Staat im 19. und 20. Jahrhundert, Politische Geschichte und Verfassungsentwicklung. In Historisches Lexikon der Schweiz (HLS). Abgerufen am 27. März 2026 von https://hls-dhs-dss.ch/de/articles/007411/2017-05-11/#HPolitischeGeschichteundVerfassungsentwicklung
source_comment: ",year,1970-07-01T12:00:00,,"page_number_string: 
notes: 
source_full_citation: Schleifer-Stöckli, K. (2017). Kanton Nidwalden: Der Staat im 19. und 20. Jahrhundert, Politische Geschichte und Verfassungsentwicklung. In Historisches Lexikon der Schweiz (HLS). Abgerufen am 27. März 2026 von https://hls-dhs-dss.ch/de/articles/007411/2017-05-11/#HPolitischeGeschichteundVerfassungsentwicklung
source_comment: 

page_number_string: 113
notes: 
source_full_citation: Casetti, G. (1979). Partei und Christlichsoziale: Die heilsame Unruh. In U. Altermatt & H. P. Fagagnini (Hrsg.), Die CVP zwischen Programm und Wirklichkeit (S. 106-123). Benziger.
source_comment: ",,,
207,gruene-nw,,1,"[331,332]","[297,298]",[],[203],[202],"[6069,6109,6186,6187,6188,6189,6190,6191,6192,6193,6194,6195,6196,6233,6234,6235,6236,6237,6238,6239,6240,6241,6272,6273,6274,6275,6276]",[],[],[239],[],[631],[],"[7163,7164,7273,7274,7275,7276,7277,7278,7279,7280,7281,7282,7283,7284,7287,7288,7289,7290,7291,7292,7293,7294,7295,7296,7355,7356,7357,7358,7359,7360,7361,7362,7363,7364]",[208],[],,,,,,,,,,,,,exact,1982-01-08T12:00:00,,"page_number_string: 
notes: 
source_full_citation: Grüne Kanton Nidwalden. (2026). Geschichte. Abgerufen am 27. März 2026 von https://gruenenidwalden.ch/geschichte_neu/
source_comment: ",,,,,,,
208,glp-nw,,1,[333],[299],[],[204],[203],"[6197,6242,6277]",[],[],[280],[],[],[],"[7285,7286,7365,7366]",[209],[],,,,,,,,,,,,,exact,2021-06-21T12:00:00,,"page_number_string: 
notes: 
source_full_citation: Piazza, M. (19. August 2021). Die neugegründeten Grünliberalen schielen bereits auf die Landratswahlen. Bote der Urschweiz. Abgerufen am 27. März 2026 von https://essentials.swissdox.ch/
source_comment: ",,,,,,,
209,bgb-vorl,,,[334],[],[300],[205],[204],"[6292,7280,7281,7282,7283,7284,7285,7286,10276,10277,10278,10279,10280,10281]",[],[],[],[],[],[],[],[210],[],,,,,,,,,,,,,unknown,1920-01-01T12:00:00,,,exact,1936-12-23T12:00:00,,,,,
210,svp-gl,,1,"[335,336,337]","[301,302,316]",[],[206],[205],"[6303,6304,6305,6306,6307,6308,6309,6310,6311,6312,6313,6314,6367,6368,6369,6370,6371,6372,6373,6374,6375,6376,6377,6378,6419,6420,6421,6422,6423,6424,6425,6426,6427,6453,6454,6455,6456,6457,6458,6459,6460,6461,6462,6463,6464,6465,6466,6467,6468,6469,6470,6471,6472,6473,6474,6475,6476,6477,6478,6577,6578,6579,6580,6581,6582,6583,6584,6585,6586,6587,6588,6589,6590,6591,6592,6593,6594,6595,6596,6597,6681,6682,6683,6684,6685,6686,6687,6688,6689,6690]",[],[],[145],[],"[632,633]",[],"[7369,7370,7371,7372,7373,7374,7375,7376,7377,7378,7379,7380,7415,7416,7417,7418,7419,7420,7421,7422,7423,7424,7425,7426,7427,7428,7471,7472,7473,7474,7475,7476,7477,7478,7479,7480,7481,7482,7483,7484,7485,7486,7487,7488,7489,7490,7491,7492,7493,7494,7495,7496,7497,7498,7623,7624,7625,7626,7627,7628,7629,7630,7631,7632,7633,7634,7635,7636,7637,7638,7639,7640,7641,7642]",[211],[],,,,,,,,,,,,,year,1928-07-01T12:00:00,,"page_number_string: 110
notes: 
source_full_citation: Ladner, A. (2022). Kantonale Wahlen und Parteiensysteme. IDHEAP.
source_comment: ",,,,,,,
211,sp-gl,,1,[338],[303],[],[207],[206],"[6315,6316,6317,6318,6319,6320,6321,6322,6323,6324,6325,6326,6327,6328,6329,6330,6331,6332,6333,6334,6335,6379,6380,6381,6382,6383,6384,6385,6386,6387,6388,6389,6390,6391,6392,6393,6394,6395,6428,6429,6430,6479,6480,6481,6482,6483,6484,6485,6486,6487,6488,6489,6490,6491,6492,6493,6494,6495,6496,6497,6498,6499,6500,6501,6502,6503,6504,6598,6599,6600,6601,6602,6603,6604,6605,6606,6607,6608,6609,6610,6611,6612,6613,6614,6615,6616,6617,6618,6691,6692,6693,6694,6695,6696,6697,6698,6699,6700,6701]",[],[],[110],[],"[634,635,636,637,638,639,640,641,642,643,644,645,646,647,648,649,650,651,652,653,654,655,656,657,658,659,660,661,662,663,1469]",[131],"[7381,7382,7383,7384,7385,7386,7387,7388,7389,7390,7391,7392,7393,7394,7395,7396,7397,7398,7399,7400,7401,7402,7429,7430,7431,7432,7499,7500,7501,7502,7503,7504,7505,7506,7507,7508,7509,7510,7511,7512,7513,7514,7515,7516,7517,7518,7519,7520,7521,7522,7523,7524,7525,7526,7643,7644,7645,7646,7647,7648,7649,7650,7651,7652,7653,7654,7655,7656,7657,7658,7659,7660,7661,7662,7663,7664]",[212],"[315,316]",,,,,,,,,,,,,exact,1917-12-30T12:00:00,"note_translations: languages_code: de-CH
note: Vor der Kantonalpartei hatten bereits die Ortssektionen Glarus [Stadt] (ab 1916), SP Mollis (1.7.1917), SP Netstal (5.10.1917) bestanden; die Stadtglarner Sektion ""repräsentierte"" bis zu deren Gründung die noch nicht bestehende Kantonalpartei gegen aussen.
Es folgten Sektionsgründungen in Linthal (7.4.1918), Rüti (7.4.1918), Näfels (Oktober 1918), Niederurnen (""Mitte der zwanziger Jahre""), Ennenda (""Ende der zwanziger Jahre"") und Schwanden (""Ende der zwanziger Jahre"").","page_number_string: 25
notes: 
source_full_citation: SP des Kantons Glarus. (1995). 75 Jahre… und so weiter. Feldmann.
source_comment: ",,,,,,,
212,fdplib-gl,,1,"[339,340,341]","[304,305]",[],[208],[207],"[6336,6337,6338,6339,6340,6341,6342,6343,6344,6345,6346,6347,6348,6349,6350,6396,6397,6398,6399,6400,6401,6402,6403,6404,6431,6432,6433,6434,6435,6436,6437,6438,6439,6440,6441,6442,6443,6444,6505,6506,6507,6508,6509,6510,6511,6512,6513,6514,6515,6516,6517,6518,6519,6520,6521,6522,6523,6524,6525,6526,6527,6528,6529,6530,6619,6620,6621,6622,6623,6624,6625,6626,6627,6628,6629,6630,6631,6632,6633,6634,6635,6636,6637,6638,6639,6702,6703,6704,6705,6706,6707,6708,6709,6710,6711,6712]",[],[],[43],[],"[664,665,666,667]","[132,133,134,135]","[7403,7404,7433,7434,7435,7436,7437,7438,7439,7440,7441,7442,7443,7444,7445,7446,7447,7448,7449,7450,7451,7452,7453,7454,7455,7456,7527,7528,7529,7530,7531,7532,7533,7534,7535,7536,7537,7538,7539,7540,7541,7542,7543,7544,7545,7546,7547,7548,7549,7550,7551,7552,7553,7554,7665,7666,7667,7668,7669,7670,7671,7672,7673,7674,7675,7676,7677,7678,7679,7680,7681,7682,7683,7684,7685,7686]",[213],"[317,318]",,,,,,,,,,,,,year,1920-07-01T12:00:00,,"page_number_string: 110
notes: 
source_full_citation: Ladner, A. (2022). Kantonale Wahlen und Parteiensysteme. IDHEAP.
source_comment: ",,,,,,,
213,mitte-gl,,1,"[342,343]","[306,309,315]",[],[209],[208],"[6351,6405,6449,6556,6660,6723]",[],[],[84],[],[],[],"[7405,7406,7461,7568,7582,7697,7708]",[214],[],,,,,,,,,,,,,exact,2021-05-12T12:00:00,,"page_number_string: 
notes: 
source_full_citation: Fischli, D. (15. Mai 2021). Landrat Ruedi Tschudi will die Glarner Mitte in die Mitte führen. Südostschweiz. Abgerufen am 31. März 2026 von https://essentials.swissdox.ch/
source_comment: ",,,,,,,
214,cvp-gl,,1,"[344,345]","[307,308]","[309,659]",[210],[209],"[6352,6353,6354,6355,6356,6406,6407,6408,6409,6410,6445,6446,6447,6448,6531,6532,6533,6534,6535,6536,6537,6538,6539,6540,6541,6542,6543,6544,6545,6546,6547,6548,6549,6550,6551,6552,6553,6554,6555,6640,6641,6642,6643,6644,6645,6646,6647,6648,6649,6650,6651,6652,6653,6654,6655,6656,6657,6658,6659,6713,6714,6715,6716,6717,6718,6719,6720,6721,6722]",[],[],[65],[],"[668,1356,1382]",[],"[7457,7458,7459,7460,7462,7463,7464,7465,7555,7556,7557,7558,7559,7560,7561,7562,7563,7564,7565,7566,7567,7569,7570,7571,7572,7573,7574,7575,7576,7577,7578,7579,7580,7581,7687,7688,7689,7690,7691,7692,7693,7694,7695,7696,7698,7699,7700,7701,7702,7703,7704,7705,7706,7707]",[215],[],,,,,,,,,,,,,year,1903-07-01T12:00:00,,"page_number_string: 
notes: 
source_full_citation: Rohr, A. (2017). Kanton Glarus: Der Staat im 19. und 20. Jahrhundert, Verfassungs- und politische Geschichte. In Historisches Lexikon der Schweiz (HLS). Abgerufen am 31. März 2026 von https://hls-dhs-dss.ch/de/articles/007374/2017-05-30/#HVerfassungs-undpolitischeGeschichte
source_comment: ",exact,2021-05-12T12:00:00,,"page_number_string: 
notes: 
source_full_citation: Fischli, D. (15. Mai 2021). Landrat Ruedi Tschudi will die Glarner Mitte in die Mitte führen. Südostschweiz. Abgerufen am 31. März 2026 von https://essentials.swissdox.ch/
source_comment: ",,,
215,gruene-gl,,1,"[346,347]",[310],[],[211],[210],"[6357,6411,6450,6451,6452,6557,6558,6559,6560,6561,6562,6563,6564,6565,6661,6662,6663,6664,6665,6666,6667,6668,6669]",[],[],[240],[],"[669,670]",[],"[7407,7408,7466,7467,7468,7469,7470,7583,7584,7585,7586,7587,7588,7589,7590,7591,7592,7593,7594,7595,7596,7597,7598,7599,7600]",[216],[],,,,,,,,,,,,,exact,1987-03-18T12:00:00,,"page_number_string: 
notes: 
source_full_citation: Grüne Kanton Glarus. (2026). Portrait. Abgerufen am 31. März 2026 von https://gruene-gl.ch/partei/portrait/
source_comment: ",,,,,,,
216,glp-gl,,1,[348],[311],[661],[212],[211],"[6566,6567,6568,6670,6671,6672]",[],[],[281],[],[],[],"[7601,7602,7603,7604,7605,7606]",[217],[],,,,,,,,,,,,,exact,2013-03-14T12:00:00,,"page_number_string: 
notes: 
source_full_citation: GLP Kanton Glarus. (2013). Statuten der Grünliberalen Glarus. Abgerufen am 31. März 2026 von https://web.archive.org/web/20231023232804/https:/gl.grunliberale.ch/dam/jcr:05ddbf76-3493-4ee6-a40f-5158745d5771/Statuten-glp%20glarus.pdf
source_comment: ",,,,,,,
217,edu-gl,,1,[349],[312],[],[213],[212],"[6569,6570,6571,6572,6573,6673,6674,6675,6676,6677]",[],[],[257],[],[671],[],"[7607,7608,7609,7610,7611,7612,7613,7614,7615,7616]",[218],[],,,,,,,,,,,,,year,1991-07-01T12:00:00,,"page_number_string: 15
notes: 
source_full_citation: EDU Schweiz. (2000). 25 Jahre EDU - UDF, Eidgenössisch-Demokratische Union, Union Démocratique Fédérale : Rückblick, Aufblick, Blick voraus. EDU Schweiz.
source_comment: ",,,,,,,
218,bdp-gl,,1,[350],"[313,314]",[315],[214],[213],"[6358,6359,6360,6412,6413,6414,6574,6575,6576,6678,6679,6680,6725,6726,6727]",[],[],[310],[],[],[],"[7409,7410,7411,7412,7413,7414,7617,7618,7619,7620,7621,7622,7709,7710,7711,7712,7713,7714]",[219],[],,,,,,,,,,,,,exact,2008-08-28T12:00:00,,"page_number_string: 
notes: 
source_full_citation: mic/sda. (28. August 2008). BDP neu in Graubünden und Glarus. Berner Zeitung. Abgerufen am 31. März 2026 von https://essentials.swissdox.ch/
source_comment: ",exact,2021-05-12T12:00:00,,,,,
219,dem-gl,,1,[351],[],"[316,318]",[215],[214],"[6361,6362,6363,6364,6415,6416]",[],[],[391],[],[],[],[],[220],[],,,,,,,,,,,,,year,1902-07-01T12:00:00,,"page_number_string: 
notes: 
source_full_citation: Rohr, A. (2017). Kanton Glarus: Der Staat im 19. und 20. Jahrhundert, Verfassungs- und politische Geschichte. In Historisches Lexikon der Schweiz (HLS). Abgerufen am 31. März 2026 von https://hls-dhs-dss.ch/de/articles/007374/2017-05-30/#HVerfassungs-undpolitischeGeschichte
source_comment: ",year,1928-07-01T12:00:00,,,,,
220,gruetli-gl,,1,[352],"[317,318,531]",[],[216],[215],"[6365,6366,6417,6418]",[],[],[354],[],[672],[],[],[221],[],,,,,,,,,,,,,year,1838-07-01T12:00:00,,"page_number_string: 61
notes: 
source_full_citation: SP Schweiz. (Hrsg.). (2013). Einig - aber nicht einheitlich. 125 Jahre Sozialdemokratische Partei der Schweiz. Redboox edition und Limmat Verlag Zürich.
source_comment: ",year,1927-07-01T12:00:00,,"page_number_string: 61
notes: 
source_full_citation: SP Schweiz. (Hrsg.). (2013). Einig - aber nicht einheitlich. 125 Jahre Sozialdemokratische Partei der Schweiz. Redboox edition und Limmat Verlag Zürich.
source_comment: ",,,
221,svp-zg,,1,[353],[319],[],[217],[216],"[6728,6729,6730,6731,6732,6733,6734,6735,6829,6830,6831,6832,6833,6834,6835,6836,6924,6925,6926,6927,6928,6929,6930,6973,6974,6975,6976,6977,6978,6979,6980,7069,7070,7071,7072,7073,7074,7075,7076,7148,7149,7150,7151,7152,7153,7154]",[],[],[146],[],"[706,707,708]",[],"[7715,7716,7717,7718,7719,7720,7721,7722,7723,7724,7725,7726,7727,7728,7729,7730,7841,7842,7843,7844,7845,7846,7847,7848,7849,7850,7851,7852,7853,7854,7855,7856,7967,7968,7969,7970,7971,7972,7973,7974,7975,7976,7977,8048,8049,8050,8051,8052,8053,8054,8055,8056,8057,8058,8059,8060,8061,8062,8063,8186,8187,8188,8189,8190,8191,8192,8193,8194,8195,8196,8197,8198,8199]",[222],"[319,320]",,,,,,,,,,,,,exact,1991-09-11T12:00:00,,"page_number_string: 
notes: 
source_full_citation: SVP Kanton Zug. (2016). Festschrift zum Jubiläum 25 Jahre SVP Kanton Zug. Abgerufen am 07. April 2026 von https://www.svp-zug.ch/wp-content/uploads/sites/11/160815_1756_festschrift_web_resolution_druckbogen.pdf
source_comment: ",,,,,,,
222,sp-zg,,1,"[354,373,374,375]","[338,370]",[],[218],[217],"[6736,6737,6738,6739,6740,6741,6742,6743,6744,6745,6746,6747,6748,6749,6750,6751,6752,6753,6754,6755,6756,6757,6758,6759,6837,6838,6839,6840,6841,6842,6843,6844,6845,6846,6847,6848,6849,6850,6851,6852,6853,6854,6855,6856,6857,6858,6859,6860,6931,6932,6933,6934,6935,6936,6937,6938,6981,6982,6983,6984,6985,6986,6987,6988,6989,6990,6991,6992,6993,6994,6995,6996,6997,6998,6999,7000,7001,7002,7003,7077,7078,7079,7080,7081,7082,7083,7084,7085,7086,7087,7088,7089,7090,7091,7092,7093,7155,7156,7157,7158,7159,7160,7161,7162,7163,7164]","[734,735,736,737,738,739,740,741,742,743]",[],[111],[],"[673,674,675,676,677,678,679,680,681,682,683,684,685,686,687,688,689,690,691,692,693,694,695,696,697,698,699,700,712,713,1480]",[136],"[7731,7732,7733,7734,7735,7736,7737,7738,7739,7740,7741,7742,7743,7744,7745,7746,7747,7748,7749,7750,7751,7752,7753,7754,7755,7756,7857,7858,7859,7860,7861,7862,7863,7864,7865,7866,7867,7868,7869,7870,7871,7872,7873,7874,7875,7876,7877,7878,7879,7880,7881,7882,7978,7979,7980,7981,7982,7983,7984,7985,7986,7987,7988,7989,7990,7991,8064,8065,8066,8067,8068,8069,8070,8071,8072,8073,8074,8075,8076,8077,8078,8079,8080,8081,8082,8083,8084,8085,8086,8087,8088,8089,8090,8091,8200,8201,8202,8203,8204,8205,8206,8207,8208,8209,8210,8211,8212,8213,8214,8215,8216,8217,8218,8219]",[223],"[321,322]",,,,,,,,,,,,,exact,1889-09-01T12:00:00,,"page_number_string: 20
notes: 
source_full_citation: Jans, A. & Aeschlimann, R. (1988). 100 Jahre SP: Die Sozialdemokratische Partei im Kanton Zug von ihren Anfãngen bis 1988. SP Kanton Zug.
source_comment: ",,,,,,,
223,fdplib-zg,,1,"[355,364,365]","[321,322]",[],[219],[218],"[6760,6761,6762,6763,6764,6765,6766,6767,6768,6769,6770,6771,6772,6773,6774,6775,6776,6777,6778,6779,6780,6781,6782,6783,6784,6785,6786,6787,6861,6862,6863,6864,6865,6866,6867,6868,6869,6870,6871,6872,6873,6874,6875,6876,6877,6878,6879,6880,6881,6882,6883,6884,6885,6939,6940,6941,6942,6943,6944,6945,6946,6947,6948,6949,6950,6951,6952,7004,7005,7006,7007,7008,7009,7010,7011,7012,7013,7014,7015,7016,7017,7018,7019,7020,7021,7022,7023,7024,7025,7026,7094,7095,7096,7097,7098,7099,7100,7101,7102,7103,7104,7105,7106,7107,7108,7109,7110,7165,7166,7167,7168,7169,7170,7171,7172,7173,7174,7175]",[],[],[44],[],"[701,702,1524]","[137,138]","[7757,7758,7759,7760,7761,7762,7763,7764,7765,7766,7767,7768,7769,7770,7771,7772,7773,7774,7775,7776,7777,7778,7779,7780,7781,7782,7783,7784,7883,7884,7885,7886,7887,7888,7889,7890,7891,7892,7893,7894,7895,7896,7897,7898,7899,7900,7901,7902,7903,7904,7905,7906,7907,7908,7909,7910,7992,7993,7994,7995,7996,7997,7998,7999,8000,8001,8002,8003,8004,8005,8006,8007,8008,8009,8010,8011,8012,8013,8014,8015,8092,8093,8094,8095,8096,8097,8098,8099,8100,8101,8102,8103,8104,8105,8106,8107,8108,8109,8110,8111,8112,8113,8114,8115,8116,8117,8118,8119,8220,8221,8222,8223,8224,8225,8226,8227,8228,8229,8230,8231,8232,8233,8234,8235,8236,8237,8238,8239,8240,8241]",[224],"[323,324]",,,,,,,,,,,,,year,1870-07-01T12:00:00,"note_translations: languages_code: de-CH
note: Alternative Angaben bei Ladner (2022: 110): 1837 (Gründung der Mittwochgesellschaft in der Stadt Zug) und bei der Zuger Zeitung (https://www.zugerzeitung.ch/zentralschweiz/zug/die-fdp-ist-keine-polpartei-ld.1026679): 1898.","page_number_string: 
notes: 
source_full_citation: Morosoli, R. (2013). Kanton Zug: Der Staat im 19. und 20. Jahrhundert, Politische Geschichte und Verfassungsgeschichte. In Historisches Lexikon der Schweiz (HLS). Abgerufen am 13. April 2026 von https://hls-dhs-dss.ch/de/articles/007373/2019-04-24/#HPolitischeGeschichteundVerfassungsgeschichte
source_comment: 

page_number_string: 12
notes: 
source_full_citation: Blumenstein, M. (1997). Parteipolitik und Verfassungsrevision: Entstehungsgeschichte der Zuger Kantonsverfassung von 1894 [Lizentiatsarbeit Universität Zürich].
source_comment: ",,,,,,,
224,mitte-zg,,1,"[356,357,358,359]","[323,324]",[],[220],[219],"[6788,6789,6790,6791,6792,6793,6794,6795,6796,6797,6798,6799,6800,6801,6802,6803,6804,6805,6806,6807,6808,6809,6810,6811,6812,6813,6814,6886,6887,6888,6889,6890,6891,6892,6893,6894,6895,6896,6897,6898,6899,6900,6901,6902,6903,6904,6905,6906,6907,6908,6909,6953,6954,6955,6956,6957,6958,6959,6960,6961,6962,6963,6964,6965,6966,7027,7028,7029,7030,7031,7032,7033,7034,7035,7036,7037,7038,7039,7040,7041,7042,7043,7044,7045,7046,7047,7048,7049,7111,7112,7113,7114,7115,7116,7117,7118,7119,7120,7121,7122,7123,7124,7125,7126,7127,7176,7177,7178,7179,7180,7181,7182,7183,7184,7185,7186]",[],[],[85],[],"[703,704,1372,1400]","[139,140,141]","[7785,7786,7787,7788,7789,7790,7791,7792,7793,7794,7795,7796,7797,7798,7799,7800,7801,7802,7803,7804,7805,7806,7807,7808,7809,7810,7811,7812,7911,7912,7913,7914,7915,7916,7917,7918,7919,7920,7921,7922,7923,7924,7925,7926,7927,7928,7929,7930,7931,7932,7933,7934,7935,7936,7937,7938,8016,8017,8018,8019,8020,8021,8022,8023,8024,8025,8026,8027,8028,8029,8030,8031,8032,8033,8034,8035,8036,8037,8038,8039,8120,8121,8122,8123,8124,8125,8126,8127,8128,8129,8130,8131,8132,8133,8134,8135,8136,8137,8138,8139,8140,8141,8142,8143,8144,8145,8146,8147,8242,8243,8244,8245,8246,8247,8248,8249,8250,8251,8252,8253,8254,8255,8256,8257,8258,8259,8260,8261,8262,8263]",[225],[],,,,,,,,,,,,,year,1885-07-01T12:00:00,,"page_number_string: 110
notes: 
source_full_citation: Ladner, A. (2022). Kantonale Wahlen und Parteiensysteme. IDHEAP.
source_comment: ",,,,,,,
225,alg-zg,,1,"[360,361]","[325,326,327]",[],[221],[220],"[6815,6816,6817,6818,6819,6910,6911,6912,6913,6914,6967,6968,6969,6970,6972,7050,7051,7052,7053,7054,7128,7129,7130,7131,7132,7187,7188,7189,7190,7191]",[],[],[356],[],[705],[],"[7813,7814,7815,7816,7817,7818,7819,7820,7821,7822,7939,7940,7941,7942,7943,7944,7945,7946,7947,7948,8040,8041,8042,8043,8044,8045,8046,8148,8149,8150,8151,8152,8153,8154,8155,8156,8157,8264,8265,8266,8267,8268,8269,8270,8271,8272,8273]",[226],[],,,,,,,,,,,,,exact,2005-08-27T12:00:00,,"page_number_string: 
notes: 
source_full_citation: Spilker, M. (29. August 2005). Alternative Kräfte gebündelt. Neue Luzerner Zeitung. Abgerufen am 13. April 2026 von https://essentials.swissdox.ch/
source_comment: ",,,,,,,
226,sga-zg,,1,[362],[328],[327],[222],[221],"[6820,6821,6822,6823,6915,6916,6917,6918,7055,7056,7057,7058,7059,7133,7134,7135,7136,7137,7192,7193,7194,7195]",[],[],[357],[],[],[],"[7823,7824,7825,7826,7827,7828,7829,7830,7949,7950,7951,7952,7953,7954,7955,7956,8158,8159,8160,8161,8162,8163,8164,8165,8166,8167,8274,8275,8276,8277,8278,8279,8280,8281]",[227],"[325,326,327,328,329,330,331,332]",,,,,,,,,,,,,year,1986-07-01T12:00:00,,"page_number_string: 
notes: 
source_full_citation: SGA Kanton Zug. (2004). Gegensteuer geben. Abgerufen am 13. April 2026 von https://web.archive.org/web/20040614132450/http:/www.sga-zug.ch/pages/frame1_sga.htm
source_comment: ",exact,2005-08-27T12:00:00,,,,,
227,glp-zg,,1,[363],[329],[],[223],[222],"[6824,6825,6826,6827,6919,6920,6921,6922,6971,7060,7061,7062,7063,7138,7139,7140,7141,7196,7197]",[],[],[282],[],[],[],"[7831,7832,7833,7834,7835,7836,7837,7838,7957,7958,7959,7960,7961,7962,7963,7964,8047,8168,8169,8170,8171,8172,8173,8174,8175,8282,8283,8284,8285]",[228],[],,,,,,,,,,,,,exact,2007-11-28T12:00:00,,"page_number_string: 
notes: 
source_full_citation: sda. (05. Dezember 2007). GLP-Ärger über Thurgauer Grüne. Der Landbote. Abgerufen am 13. April 2026 von https://essentials.swissdox.ch/
source_comment: ",,,,,,,
228,evp-zg,,1,[366],[333],[],[224],[224],"[6828,6923,7142,7147]",[],[],[183],[],[],[],"[7839,7840,7965,7966]",[230],[],,,,,,,,,,,,,exact,2021-12-09T12:00:00,,"page_number_string: 
notes: 
source_full_citation: EVP Kanton Zug. (09. Dezember 2021). Die EVP Kanton Zug wurde gegründet. Abgerufen am 14. April 2026 von https://www.evp-zg.ch/newsartikel/die-evp-kanton-zug-wurde-gegruendet
source_comment: ",,,,,,,
229,csp-zg,,1,[367],[656],[],[225],[225],"[7064,7065,7066,7067,7068,7143,7144,7145,7146]",[],[],[358],[],[],[],"[8176,8177,8178,8179,8180,8181,8182,8183,8184,8185]",[231],[333],,,,,,,,,,,,,exact,2003-05-14T12:00:00,"note_translations: languages_code: de-CH
note: An diesem Datum fand die Umwandlung der städtischen in eine kantonale Partei statt.","page_number_string: 
notes: 
source_full_citation: Schmid, M. (15. Mai 2003). Aus CSV wird eine CSP. Neue Luzerner Zeitung. Abgerufen am 14. April 2026 von https://essentials.swissdox.ch/
 
source_comment: ",,,,,,,
230,edu-zg,,1,[368],[334],[],[226],[226],[],[],[],[258],[],[],[],[],[232],[],,,,,,,,,,,,,exact,2025-01-24T12:00:00,,"page_number_string: 
notes: 
source_full_citation: EDU Schweiz. (31. Januar 2025). EDU Kanton Zug offiziell gegründet. Abgerufen am 14. April 2026 von https://www.edu-schweiz.ch/aktuelles/neuigkeiten/edu-kanton-zug-offiziell-gegruendet/
source_comment: ",,,,,,,
231,udc-fr,,1,"[369,370,371]","[335,336]",[],[227],[227],"[7316,7317,7318,7319,7320,7321,7322,7323,7324,7325,7326,7327,7328,7329,7330,7331,7332,7333,7334,7335,7336,7337,7338,7339,7464,7465,7466,7467,7468,7469,7470,7471,7472,7473,7474,7475,7476,7477,7478,7479,7480,7481,7482,7483,7484,7485,7486,7487,7612,7613,7614,7615,7616,7617,7618,7660,7661,7662,7663,7664,7665,7666,7667,7668,7669,7670,7671,7672,7673,7674,7675,7768,7769,7770,7771,7772,7773,7774,7775,7776,7777,7778,7779,7780,7781,7782,7860,7861,7862,7863,7864,7865,7866,7867]",[],[],[158],[],"[709,710,711]",[],"[8286,8287,8288,8289,8290,8291,8292,8293,8294,8295,8296,8297,8298,8299,8300,8301,8302,8303,8304,8305,8306,8307,8308,8309,8310,8311,8312,8313,8480,8481,8482,8483,8484,8485,8486,8487,8488,8489,8490,8491,8492,8493,8494,8495,8496,8497,8498,8499,8500,8501,8502,8503,8504,8505,8506,8507,8674,8675,8676,8677,8678,8679,8680,8681,8682,8683,8684,8751,8752,8753,8754,8755,8756,8757,8758,8759,8760,8761,8762,8763,8764,8765,8766,8767,8768,8769,8770,8771,8772,8901,8902,8903,8904,8905,8906,8907,8908,8909,8910,8911,8912,8913,8914,8915,8916]",[233],[],,,,,,,,,,,,,year,1945-07-01T12:00:00,"note_translations: languages_code: de-CH
note: Die Wurzeln der SVP FR (damals BGU) reichen ins Jahr 1922 oder 1923 zurück, sie scheint zunächst aber auf den District de la Veveyse begrenzt gewesen zu sein (vgl. https://www.svp-fr.ch/partei/parteigeschichte/ und https://www.unifr.ch/histcont/de/assets/public/files/medien/skenderovic/DS_FN_281223.pdf).
Ladner (2022: 110) nennt als Gründungsdatum das Jahr 1953.","page_number_string: 152
notes: 
source_full_citation: Gruner, E. (1977). Die Parteien in der Schweiz (2. Auflage). Francke.
source_comment: 

page_number_string: 147
notes: 
source_full_citation: Vatter, A. (2002). Kantonale Demokratien im Vergleich: Entstehungsgründe, Interaktionen und Wirkungen politischer Institutionen in den Schweizer Kantonen. Leske + Budrich.
source_comment: ",,,,,,,
232,ps-fr,,1,[372],[337],[643],[228],[228],"[7340,7341,7342,7343,7344,7345,7346,7347,7348,7349,7350,7351,7352,7353,7354,7355,7356,7357,7358,7359,7360,7361,7362,7363,7364,7365,7366,7488,7489,7490,7491,7492,7493,7494,7495,7496,7497,7498,7499,7500,7501,7502,7503,7504,7505,7506,7507,7508,7509,7510,7511,7512,7513,7514,7619,7620,7621,7622,7623,7624,7625,7626,7627,7628,7629,7630,7676,7677,7678,7679,7680,7681,7682,7683,7684,7685,7686,7687,7688,7689,7690,7691,7783,7784,7785,7786,7787,7788,7789,7790,7791,7792,7793,7794,7795,7796,7797,7868,7869,7870,7871,7872,7873,7874,7875,7876]",[],[],[128],[],"[714,715,716,717,718,719,720,721,722,723,724,725,726,727,728,729,730,731,732,733,734,735,736,737,738,739,740,741,742,1462]","[142,143,144]","[8314,8315,8316,8317,8318,8319,8320,8321,8322,8323,8324,8325,8326,8327,8328,8329,8330,8331,8332,8333,8334,8335,8336,8337,8338,8339,8340,8341,8508,8509,8510,8511,8512,8513,8514,8515,8516,8517,8518,8519,8520,8521,8522,8523,8524,8525,8526,8527,8528,8529,8530,8531,8532,8533,8534,8535,8685,8686,8687,8688,8689,8690,8691,8692,8693,8694,8695,8696,8697,8698,8699,8700,8701,8702,8703,8704,8705,8773,8774,8775,8776,8777,8778,8779,8780,8781,8782,8783,8784,8785,8786,8787,8788,8789,8790,8791,8792,8793,8794,8917,8918,8919,8920,8921,8922,8923,8924,8925,8926,8927,8928,8929,8930,8931,8932,8933,8934]",[234],"[334,335]",,,,,,,,,,,,,year,1908-07-01T12:00:00,,"page_number_string: 110
notes: 
source_full_citation: Ladner, A. (2022). Kantonale Wahlen und Parteiensysteme. IDHEAP.
source_comment: ",,,,,,,
233,prd-fr,,1,[376],[339],[340],[229],[229],"[7367,7368,7369,7370,7371,7372,7373,7374,7375,7376,7377,7378,7379,7380,7381,7382,7383,7384,7385,7386,7387,7388,7389,7515,7516,7517,7518,7519,7520,7521,7522,7523,7524,7525,7526,7527,7528,7529,7530,7531,7532,7533,7534,7535,7536,7537,7631,7632,7633,7634,7635,7692,7693,7694,7695,7696,7697,7698,7699,7700,7701,7702,7703,7704,7705,7706,7707,7708,7709,7798,7799,7800,7801,7802,7803,7804,7805,7806,7807,7808,7877,7878,7879,7880,7881]",[],[],[328],[],"[743,744,745,746,747,748,749]","[145,146,147,148,149]","[8342,8343,8344,8345,8346,8347,8348,8349,8350,8356,8357,8358,8359,8360,8361,8362,8363,8364,8536,8537,8538,8539,8540,8541,8542,8543,8544,8550,8551,8552,8553,8554,8555,8556,8557,8558,8706,8707,8708,8709,8710,8715,8716,8717,8718,8719,8795,8796,8797,8798,8799,8800,8801,8806,8807,8808,8809,8810,8811,8812,8935,8936,8937,8938,8939,8944,8945,8946,8947,8948]",[235],"[336,337]",,,,,,,,,,,,,year,1894-07-01T12:00:00,,"page_number_string: 110
notes: 
source_full_citation: Ladner, A. (2022). Kantonale Wahlen und Parteiensysteme. IDHEAP.
source_comment: ",year,2006-07-01T12:00:00,,"page_number_string: 
notes: 
source_full_citation: Bernath, M., Bühlmann, M., Hohl, S. & Schoenholtz, S. (2025). Ausgewählte Beiträge zur Schweizer Politik: Dossier: Die Fusion von LPS und FDP, 2003-2013. Année Politique Suisse. Abgerufen am 09. September 2025 von https://anneepolitique.swiss/dossiers/384-dossier-die-fusion-von-lps-und-fdp
source_comment: ",,,
234,plr-fr,,1,"[377,378]","[340,341,342,344]",[],[230],[230],"[7390,7391,7392,7393,7394,7538,7539,7540,7541,7542,7636,7637,7638,7639,7640,7710,7711,7712,7713,7809,7810,7811,7812,7882,7883,7884,7885]",[],[],[58],[],[1518],[],"[8351,8352,8353,8354,8355,8365,8366,8367,8368,8369,8545,8546,8547,8548,8549,8559,8560,8561,8562,8563,8711,8712,8713,8714,8720,8721,8722,8802,8803,8804,8805,8813,8814,8815,8816,8940,8941,8942,8943,8949,8950,8951,8952]",[236],[],,,,,,,,,,,,,year,2006-07-01T12:00:00,,"page_number_string: 
notes: 
source_full_citation: Bernath, M., Bühlmann, M., Hohl, S. & Schoenholtz, S. (2025). Ausgewählte Beiträge zur Schweizer Politik: Dossier: Die Fusion von LPS und FDP, 2003-2013. Année Politique Suisse. Abgerufen am 09. September 2025 von https://anneepolitique.swiss/dossiers/384-dossier-die-fusion-von-lps-und-fdp
source_comment: ",,,,,,,
235,pl-fr,,1,[379],[343],[344],[231],[231],[],[],[],[167],[],"[750,751]",[],[],[237],[],,,,,,,,,,,,,exact,1981-04-25T12:00:00,,"page_number_string: 
notes: 
source_full_citation: LP Schweiz. (2004). Liberale Partei des Kantons Freiburg. Abgerufen am 15. April 2026 von https://web.archive.org/web/20040610110129/http://www.liberal.ch/index_de.html
source_comment: ",year,2006-07-01T12:00:00,,"page_number_string: 
notes: 
source_full_citation: Bernath, M., Bühlmann, M., Hohl, S. & Schoenholtz, S. (2025). Ausgewählte Beiträge zur Schweizer Politik: Dossier: Die Fusion von LPS und FDP, 2003-2013. Année Politique Suisse. Abgerufen am 09. September 2025 von https://anneepolitique.swiss/dossiers/384-dossier-die-fusion-von-lps-und-fdp
source_comment: ",,,
236,cvp-fr,,1,"[380,381,382,383]","[345,346]","[347,358,657]",[232],[232],"[7395,7396,7397,7398,7399,7400,7401,7402,7403,7404,7405,7406,7407,7408,7409,7410,7411,7412,7413,7414,7415,7416,7417,7418,7419,7420,7421,7543,7544,7545,7546,7547,7548,7549,7550,7551,7552,7553,7554,7555,7556,7557,7558,7559,7560,7561,7562,7563,7564,7565,7566,7567,7568,7569,7641,7642,7643,7644,7645,7646,7647,7648,7649,7650,7651,7652,7653,7714,7715,7716,7717,7718,7719,7720,7721,7722,7723,7724,7725,7726,7727,7728,7729,7730,7731,7732,7733,7734,7813,7814,7815,7816,7817,7818,7819,7820,7821,7822,7823,7824,7825,7826,7886,7887,7888,7889,7890,7891,7892,7893]",[],[],[66],[],"[1354,1380,1533,1534]","[150,151,152,153]","[8370,8371,8372,8373,8374,8375,8376,8377,8378,8379,8380,8381,8382,8384,8385,8386,8387,8388,8389,8390,8391,8392,8393,8394,8395,8396,8564,8565,8566,8567,8568,8569,8570,8571,8572,8573,8574,8575,8576,8578,8579,8580,8581,8582,8583,8584,8585,8586,8587,8588,8589,8590,8723,8724,8725,8726,8727,8728,8729,8730,8731,8732,8734,8735,8736,8737,8738,8739,8740,8741,8742,8743,8744,8745,8746,8817,8818,8819,8820,8821,8822,8823,8824,8825,8826,8828,8829,8830,8831,8832,8833,8834,8835,8836,8837,8953,8954,8955,8956,8957,8958,8959,8960,8962,8963,8964,8965,8966,8967,8968,8969]",[238],[],,,,,,,,,,,,,year,1857-07-01T12:00:00,"note_translations: languages_code: de-CH
note: Laut HLS (https://hls-dhs-dss.ch/de/articles/007379/2023-03-09/#HPolitischeGeschichteundVerfassungsentwicklung) erst 1885 ""kantonal organisiert"".","page_number_string: 110
notes: 
source_full_citation: Ladner, A. (2022). Kantonale Wahlen und Parteiensysteme. IDHEAP.
source_comment: ",exact,2021-07-01T12:00:00,,"page_number_string: 
notes: 
source_full_citation: uh. (19. Juni 2021). BDP Freiburg wird Teil der Partei Die Mitte. Freiburger Nachrichten. Abgerufen am 16. April 2026 von https://essentials.swissdox.ch/
source_comment: ",,,
237,centre-fr,,1,[384],"[347,348,364]",[],[233],[233],"[7422,7570,7654,7735,7827,7894]",[],[],[96],[],[],[],"[8383,8397,8577,8591,8733,8827,8838,8961,8970]",[239],[],,,,,,,,,,,,,exact,2021-07-01T12:00:00,,"page_number_string: 
notes: 
source_full_citation: uh. (19. Juni 2021). BDP Freiburg wird Teil der Partei Die Mitte. Freiburger Nachrichten. Abgerufen am 16. April 2026 von https://essentials.swissdox.ch/
source_comment: ",,,,,,,
238,pef-fr,,1,[385],"[349,350]",[351],[234],[234],"[7423,7571]",[],[],[326],[],[],[],"[8398,8406,8592,8600]",[240],[],,,,,,,,,,,,,year,1985-07-01T12:00:00,,"page_number_string: 25
notes: 
source_full_citation: Bütikofer, S. & Seitz, W. (Hrsg.). (2023). Die Grünen in der Schweiz. Entwicklung - Wirken - Perspektiven. Seismo.
source_comment: 

page_number_string: 
notes: 
source_full_citation: Verts canton Fribourg. (2010). Historique. Consulté le 20 avril 2026, sur https://web.archive.org/web/20100409053902/http:/www.verts-fr.ch/cms/le-parti/historique/
source_comment: ",year,1990-07-01T12:00:00,,"page_number_string: 
notes: 
source_full_citation: Verts canton Fribourg. (2010). Historique. Consulté le 20 avril 2026, sur https://web.archive.org/web/20100409053902/http:/www.verts-fr.ch/cms/le-parti/historique/
source_comment: ",,,
239,vertes-fr,,1,"[386,387,388,389]","[351,352,353,367]",[],[235],[235],"[7424,7425,7426,7427,7428,7429,7430,7572,7573,7574,7575,7576,7577,7578,7655,7656,7657,7736,7737,7738,7739,7740,7741,7828,7829,7830,7831,7832,7833,7895,7896,7897,7898]",[],[],[249],[],"[752,753,754,755,756]",[],"[8399,8400,8401,8402,8403,8404,8405,8407,8408,8409,8410,8411,8412,8413,8593,8594,8595,8596,8597,8598,8599,8601,8602,8603,8604,8605,8606,8607,8747,8748,8839,8840,8841,8842,8843,8844,8845,8846,8847,8848,8849,8850,8971,8972,8973,8974,8975,8976,8977,8978]",[241],"[338,339,340,341,342,343,344,345]",,,,,,,,,,,,,year,1990-07-01T12:00:00,,"page_number_string: 
notes: 
source_full_citation: Verts canton Fribourg. (2010). Historique. Consulté le 20 avril 2026, sur https://web.archive.org/web/20100409053902/http:/www.verts-fr.ch/cms/le-parti/historique/
source_comment: ",,,,,,,
240,pvl-fr,,1,[390],[354],[],[236],[236],"[7431,7432,7433,7434,7579,7580,7581,7582,7658,7742,7743,7744,7834,7835,7836,7899,7900]",[],[],[293],[],[],[],"[8414,8415,8416,8417,8418,8419,8420,8421,8608,8609,8610,8611,8612,8613,8614,8615,8749,8851,8852,8853,8854,8855,8856,8979,8980,8981,8982]",[242],[],,,,,,,,,,,,,exact,2009-05-08T12:00:00,,"page_number_string: 
notes: 
source_full_citation: Castella, P. (09 mai 2009). Les Verts libéraux essaiment à Fribourg. La Liberté. Consulté le 20 avril 2026, sur https://essentials.swissdox.ch/
source_comment: ",,,,,,,
241,pev-fr,,1,[391],[355],[],[237],[237],"[7435,7436,7437,7438,7439,7440,7583,7584,7585,7586,7587,7588,7745,7746,7747,7748,7749,7837,7838,7839,7840,7841]",[],[],[194],[],"[757,758]",[],"[8422,8423,8424,8425,8426,8427,8428,8429,8430,8431,8432,8433,8616,8617,8618,8619,8620,8621,8622,8623,8624,8625,8626,8627,8857,8858,8859,8860,8861,8862,8863,8864,8865,8866]",[243],[],,,,,,,,,,,,,exact,1996-09-19T12:00:00,,"page_number_string: 
notes: 
source_full_citation: EVP Kanton Freiburg. (2006). Geschichte. Abgerufen am 20. April 2026 von https://web.archive.org/web/20060622202957/http:/www.evppev-fr.ch/portrait/geschichte/index.html
source_comment: ",,,,,,,
242,cg-fr,,1,"[392,393,394]","[356,357,360]",[658],[238],[238],"[7444,7445,7446,7447,7448,7449,7450,7451,7452,7592,7593,7594,7595,7596,7597,7598,7599,7600,7753,7754,7755,7756,7757,7758,7759,7760,7761,7845,7846,7847,7848,7849,7850,7851,7852,7853,7901,7902]",[],[],[327],[],[],[],"[8435,8436,8437,8438,8439,8440,8441,8442,8443,8444,8445,8447,8448,8449,8450,8451,8452,8453,8454,8455,8456,8457,8629,8630,8631,8632,8633,8634,8635,8636,8637,8638,8639,8641,8642,8643,8644,8645,8646,8647,8648,8649,8650,8651,8869,8870,8871,8872,8873,8874,8875,8876,8877,8880,8881,8882,8883,8884,8885,8886,8887,8888,8983,8984,8985,8986]",[244],[],,,,,,,,,,,,,month,1980-09-15T12:00:00,,"page_number_string: 
notes: 
source_full_citation: Gilg, P. (1980). Christlichdemokratische Volkspartei (CVP) 1980. Année Politique Suisse. Abgerufen am 20. April 2026 von https://anneepolitique.swiss/prozesse/52225-christlichdemokratische-volkspartei-cvp-1980
source_comment: ",,,,,,,
243,pics-fr,,1,[395],"[358,359,616]",[360],[239],[239],"[7441,7442,7443,7589,7590,7591,7750,7751,7752,7842,7843,7844]",[],[],[325],[],[],[],"[8434,8446,8628,8640,8867,8868,8878,8879]",[245],[],,,,,,,,,,,,,year,1966-07-01T12:00:00,,"page_number_string: 
notes: 
source_full_citation: Gilg, P. (1980). Christlichdemokratische Volkspartei (CVP) 1980. Année Politique Suisse. Abgerufen am 20. April 2026 von https://anneepolitique.swiss/prozesse/52225-christlichdemokratische-volkspartei-cvp-1980
source_comment: ",month,1980-09-15T12:00:00,,"page_number_string: 
notes: 
source_full_citation: Gilg, P. (1980). Christlichdemokratische Volkspartei (CVP) 1980. Année Politique Suisse. Abgerufen am 20. April 2026 von https://anneepolitique.swiss/prozesse/52225-christlichdemokratische-volkspartei-cvp-1980
source_comment: ",,,
244,udf-fr,,1,[396],[361],[],[240],[240],"[7453,7454,7455,7456,7457,7458,7601,7602,7603,7604,7605,7606,7762,7763,7854,7855]",[],[],[268],[],"[759,760]",[],"[8458,8459,8460,8461,8462,8463,8464,8465,8466,8467,8468,8469,8652,8653,8654,8655,8656,8657,8658,8659,8660,8661,8662,8663,8889,8890,8891,8892]",[246],[],,,,,,,,,,,,,year,1993-07-01T12:00:00,,"page_number_string: 15
notes: 
source_full_citation: EDU Schweiz. (2000). 25 Jahre EDU - UDF, Eidgenössisch-Demokratische Union, Union Démocratique Fédérale : Rückblick, Aufblick, Blick voraus. EDU Schweiz.
source_comment: ",,,,,,,
245,pbd-fr,,1,[397],"[362,363]",[364],[241],[241],"[7459,7460,7461,7607,7608,7609,7659,7764,7765,7856,7857]",[],[],[298],[],[761],[],"[8470,8471,8472,8473,8474,8475,8664,8665,8666,8667,8668,8669,8750,8893,8894,8895,8896]",[247],[],,,,,,,,,,,,,exact,2010-04-28T12:00:00,,"page_number_string: 
notes: 
source_full_citation: Zurkinden, A. (29. April 2010). Der Kanton Freiburg hat eine BDP. Freiburger Nachrichten. Abgerufen am 20. April 2026 von https://essentials.swissdox.ch/
source_comment: ",exact,2021-07-01T12:00:00,,"page_number_string: 
notes: 
source_full_citation: uh. (19. Juni 2021). BDP Freiburg wird Teil der Partei Die Mitte. Freiburger Nachrichten. Abgerufen am 16. April 2026 von https://essentials.swissdox.ch/
source_comment: ",,,
246,pop-fr,,1,[398],[365],[],[242],[242],"[7462,7610]",[],[],[214],[],[762],[],"[8476,8477,8670,8671]",[248],[],,,,,,,,,,,,,year,1972-07-01T12:00:00,,"page_number_string: 
notes: 
source_full_citation: Ehinger, P. (1972). Parteien. In Année Politique Suisse 1972. Abgerufen am 31. März 2026 von https://anneepolitique.swiss/APS/de/APS_1972/APS1972_III_a.html
source_comment: ",,,,,,,
247,e-s-fr,,1,[399],[366],[367],[243],[243],"[7463,7611,7766,7767,7858,7859]",[],[],[324],[],[],[],"[8478,8479,8672,8673,8897,8898,8899,8900]",[249],[],,,,,,,,,,,,,year,1985-07-01T12:00:00,,"page_number_string: 
notes: 
source_full_citation: Verts canton Fribourg. (2010). Historique. Consulté le 20 avril 2026, sur https://web.archive.org/web/20100409053902/http:/www.verts-fr.ch/cms/le-parti/historique/
source_comment: ",year,1990-07-01T12:00:00,,"page_number_string: 
notes: 
source_full_citation: Verts canton Fribourg. (2010). Historique. Consulté le 20 avril 2026, sur https://web.archive.org/web/20100409053902/http:/www.verts-fr.ch/cms/le-parti/historique/
source_comment: ",,,
248,gruetli-ch,,,[400],"[369,636]","[370,531,532,533]",[244],[244],[],[758],[],"[350,416]",[],"[763,764,765,766]",[],[],[250],[],,,,,,,,,,,,,exact,1838-05-20T12:00:00,"note_translations: languages_code: de-CH
note: Alternative Angabe bei SP Kanton Bern (2020: 11): Der nationale Grütliverein sei erst 1843 gegründet worden (https://spbe.ch/wp-content/uploads/2023/02/SchuelerInnenbroschuere_web_Maerz_2020.pdf).","page_number_string: 169
notes: 
source_full_citation: Müller, H. (1918). Der schweizerische Grütliverein und die ""Junge Schweiz"". Wissen und Leben, 20, 168-175. https://doi.org/10.5169/seals-749829
source_comment: 

page_number_string: 
notes: 
source_full_citation: Müller, F. (2004). Grütliverein. In Historisches Lexikon der Schweiz (HLS). Abgerufen am 21. April 2026 von https://hls-dhs-dss.ch/de/articles/017397/2025-02-17/
source_comment: ",year,1925-07-01T12:00:00,,"page_number_string: 130
notes: 
source_full_citation: Gruner, E. (1977). Die Parteien in der Schweiz (2. Auflage). Francke.
source_comment: ",,,
249,svp-so,,1,[401],"[371,373]",[],[245],[245],"[7903,7904,7905,7906,7907,7908,7909,7910,8024,8025,8026,8027,8028,8029,8030,8031,8142,8143,8144,8145,8187,8188,8189,8190,8191,8192,8193,8194,8320,8321,8322,8323,8324,8325,8326,8327,8467,8468,8469,8470,8471,8472]",[],[],[147],[],"[767,768]",[],"[8987,8988,8989,8990,8991,8992,8993,8994,8995,8996,8997,8998,8999,9000,9001,9002,9143,9144,9145,9146,9147,9148,9149,9150,9151,9152,9153,9154,9155,9156,9157,9158,9299,9300,9301,9302,9303,9376,9377,9378,9379,9380,9381,9382,9383,9384,9385,9386,9387,9388,9389,9390,9391,9526,9527,9528,9529,9530,9531,9532,9533,9534,9535,9536,9537]",[251],"[346,347]",,,,,,,,,,,,,exact,1991-06-20T12:00:00,,"page_number_string: 
notes: 
source_full_citation: SVP Kanton Solothurn. (2026). Geschichte der SVP im Kanton Solothurn. Abgerufen am 21. April 2026 von https://www.svp-so.ch/geschichte-der-svp-im-kanton-solothurn/
source_comment: ",,,,,,,
250,bgb-so,,1,[402],[372],[373],[246],[246],"[7911,8032,8186,8319]",[],[],[134],[],[],[],[],[252],[],,,,,,,,,,,,,year,1944-07-01T12:00:00,,"page_number_string: 
notes: 
source_full_citation: SVP Kanton Solothurn. (2026). Geschichte der SVP im Kanton Solothurn. Abgerufen am 21. April 2026 von https://www.svp-so.ch/geschichte-der-svp-im-kanton-solothurn/
source_comment: ",year,1947-07-01T12:00:00,,"page_number_string: 
notes: 
source_full_citation: SVP Kanton Solothurn. (2026). Geschichte der SVP im Kanton Solothurn. Abgerufen am 21. April 2026 von https://www.svp-so.ch/geschichte-der-svp-im-kanton-solothurn/
source_comment: ",,,
251,sp-so-1890,,1,"[404,405]","[374,375]",[],[247],[247],"[7912,7913,7914,7915,7916,7917,7918,7919,7920,7921,7922,7923,7924,7925,7926,7927,7928,7929,7930,7931,7932,7933,7934,7935,7936,7937,7938,7939,8033,8034,8035,8036,8037,8038,8039,8040,8041,8042,8043,8044,8045,8046,8047,8048,8049,8050,8051,8052,8053,8054,8055,8056,8057,8058,8059,8146,8147,8148,8149,8150,8151,8152,8153,8154,8155,8156,8157,8158,8159,8195,8196,8197,8198,8199,8200,8201,8202,8203,8204,8205,8206,8207,8208,8209,8210,8211,8212,8213,8214,8215,8216,8217,8218,8219,8220,8221,8222,8223,8224,8225,8226,8328,8329,8330,8331,8332,8333,8334,8335,8336,8337,8338,8339,8340,8341,8342,8343,8344,8345,8346,8347,8348,8349,8350,8351,8352,8353,8354,8355,8356,8357,8358,8473,8474,8475,8476,8477,8478,8479,8480,8481,8482,8483]",[],[],[112],[],"[769,770,771,772,773,774,775,776,777,778,779,780,781,782,783,784,785,786,787,788,789,790,791,792,793,794,795,796,797,798,799,800,801,1475]","[154,155,156,157]","[9003,9004,9005,9006,9007,9008,9009,9010,9011,9012,9013,9014,9015,9016,9017,9018,9019,9020,9021,9022,9023,9024,9025,9026,9027,9028,9029,9030,9159,9160,9161,9162,9163,9164,9165,9166,9167,9168,9169,9170,9171,9172,9173,9174,9175,9176,9177,9178,9179,9180,9181,9182,9183,9184,9185,9186,9304,9305,9306,9307,9308,9309,9310,9311,9312,9313,9314,9315,9316,9317,9318,9319,9320,9321,9322,9323,9324,9325,9326,9327,9392,9393,9394,9395,9396,9397,9398,9399,9400,9401,9402,9403,9404,9405,9406,9407,9408,9409,9410,9411,9412,9413,9414,9415,9416,9417,9538,9539,9540,9541,9542,9543,9544,9545,9546,9547,9548,9549,9550,9551,9552,9553,9554,9555,9556,9557,9558,9559]",[253],"[348,349]",,,,,,,,,,,,,exact,1890-09-14T12:00:00,,"page_number_string: 
notes: 
source_full_citation: SP Kanton Solothurn. (2015). Gründung der Arbeiterpartei. Abgerufen am 21. April 2026 von https://sp-so.ch/artikel/grundung-der-arbeiterpartei/
source_comment: ",,,,,,,
252,sp-so-1883,,1,[403],[666],[375],[248],[248],[],[],[],[113],[],[],[],[],[254],[],,,,,,,,,,,,,exact,1883-02-15T12:00:00,,"page_number_string: 
notes: 
source_full_citation: SP Kanton Solothurn. (2015). Gründung der Arbeiterpartei. Abgerufen am 21. April 2026 von https://sp-so.ch/artikel/grundung-der-arbeiterpartei/
source_comment: ",exact,1890-09-14T12:00:00,,,,,
253,fdplib-so,,1,"[406,407,408]","[376,377]",[],[249],[249],"[7940,7941,7942,7943,7944,7945,7946,7947,7948,7949,7950,7951,7952,7953,7954,7955,7956,7957,7958,7959,7960,7961,7962,7963,7964,7965,7966,7967,8060,8061,8062,8063,8064,8065,8066,8067,8068,8069,8070,8071,8072,8073,8074,8075,8076,8077,8078,8079,8080,8081,8082,8083,8084,8085,8086,8160,8161,8162,8163,8164,8165,8166,8167,8168,8169,8170,8171,8172,8173,8227,8228,8229,8230,8231,8232,8233,8234,8235,8236,8237,8238,8239,8240,8241,8242,8243,8244,8245,8246,8247,8248,8249,8250,8251,8252,8253,8254,8255,8256,8257,8258,8359,8360,8361,8362,8363,8364,8365,8366,8367,8368,8369,8370,8371,8372,8373,8374,8375,8376,8377,8378,8379,8380,8381,8382,8383,8384,8385,8386,8387,8388,8389,8484,8485,8486,8487,8488,8489,8490,8491,8492,8493,8494]",[],[],[45],[],"[802,803,804]","[191,192,193,194,195]","[9031,9032,9033,9034,9035,9036,9037,9038,9039,9040,9041,9042,9043,9044,9045,9046,9047,9048,9049,9050,9051,9052,9053,9054,9055,9056,9057,9058,9187,9188,9189,9190,9191,9192,9193,9194,9195,9196,9197,9198,9199,9200,9201,9202,9203,9204,9205,9206,9207,9208,9209,9210,9211,9212,9213,9214,9328,9329,9330,9331,9332,9333,9334,9335,9336,9337,9338,9339,9340,9341,9342,9343,9344,9345,9346,9347,9348,9349,9350,9351,9418,9419,9420,9421,9422,9423,9424,9425,9426,9427,9428,9429,9430,9431,9432,9433,9434,9435,9436,9437,9438,9439,9440,9441,9442,9443,9560,9561,9562,9563,9564,9565,9566,9567,9568,9569,9570,9571,9572,9573,9574,9575,9576,9577,9578,9579,9580,9581]",[255],"[350,351]",,,,,,,,,,,,,exact,1872-10-06T12:00:00,,"page_number_string: 142
notes: 
source_full_citation: Vatter, A. (2002). Kantonale Demokratien im Vergleich: Entstehungsgründe, Interaktionen und Wirkungen politischer Institutionen in den Schweizer Kantonen. Leske + Budrich.
source_comment: 

page_number_string: 
notes: 
source_full_citation: Wikipedia. (2026). FDP Kanton Solothurn. Abgerufen am 21. April 2026 von https://de.wikipedia.org/wiki/FDP_Kanton_Solothurn
source_comment: ",,,,,,,
254,mitte-so,,1,"[409,410,411]","[378,379]",[381],[250],[250],"[7968,7969,7970,7971,7972,7973,7974,7975,7976,7977,7978,7979,7980,7981,7982,7983,7984,7985,7986,7987,7988,7989,7990,7991,7992,7993,7994,7995,8087,8088,8089,8090,8091,8092,8093,8094,8095,8096,8097,8098,8099,8100,8101,8102,8103,8104,8105,8106,8107,8108,8109,8110,8111,8112,8113,8174,8175,8176,8177,8178,8179,8180,8181,8182,8259,8260,8261,8262,8263,8264,8265,8266,8267,8268,8269,8270,8271,8272,8273,8274,8275,8276,8277,8278,8279,8280,8281,8282,8283,8284,8285,8286,8287,8288,8289,8290,8390,8391,8392,8393,8394,8395,8396,8397,8398,8399,8400,8401,8402,8403,8404,8405,8406,8407,8408,8409,8410,8411,8412,8413,8414,8415,8416,8417,8418,8419,8420,8495,8496,8497,8498,8499,8500,8501,8502,8503,8504,8505]",[],[],[86],[],"[805,806,1364,1391]","[196,197,198]","[9059,9060,9061,9062,9063,9064,9065,9066,9067,9068,9069,9070,9071,9072,9073,9074,9075,9076,9077,9078,9079,9080,9081,9082,9083,9084,9085,9086,9215,9216,9217,9218,9219,9220,9221,9222,9223,9224,9225,9226,9227,9228,9229,9230,9231,9232,9233,9234,9235,9236,9237,9238,9239,9240,9241,9242,9352,9353,9354,9355,9356,9357,9358,9359,9360,9361,9362,9363,9364,9365,9366,9444,9445,9446,9447,9448,9449,9450,9451,9452,9453,9454,9455,9456,9457,9458,9459,9460,9461,9462,9463,9464,9465,9466,9467,9468,9469,9582,9583,9584,9585,9586,9587,9588,9589,9590,9591,9592,9593,9594,9595,9596,9597,9598,9599,9600,9601,9602,9603]",[256],"[352,353]",,,,,,,,,,,,,exact,1902-12-07T12:00:00,"note_translations: languages_code: de-CH
note: Alternative Angabe bei Ladner (2022: 110): 1869
Gemäss HLS wurde in diesem Jahr der konservative Verein gegründet.","page_number_string: 
notes: 
source_full_citation: Graf, R. (2010). Kanton Solothurn: Der Kanton von 1798 bis zur Gegenwart, Politische Geschichte und Verfassungsgeschichte, Parteienentwicklung vom 19. bis zu Beginn des 21. Jahrhunderts. In Historisches Lexikon der Schweiz (HLS). Abgerufen am 21. April 2026 von https://hls-dhs-dss.ch/de/articles/007386/2023-03-08/#HPolitischeGeschichteundVerfassungsgeschichte
source_comment: ",,,,,,,
255,bdp-so,,1,[412],"[380,381]",[],[251],[251],"[7996,7997,7998,8114,8115,8116,8291,8292,8421,8422]","[744,745,746]",[],[311],[],"[807,808]",[],"[9087,9088,9089,9090,9091,9092,9243,9244,9245,9246,9247,9248,9470,9471,9472,9473]",[257],[],,,,,,,,,,,,,exact,2009-06-17T12:00:00,,"page_number_string: 
notes: 
source_full_citation: Müller, P. (18. Juni 2009). BDP startet mit 36 Mitgliedern. Berner Zeitung. Abgerufen am 21. April 2026 von https://essentials.swissdox.ch/
source_comment: ",year,2021-07-01T12:00:00,,"page_number_string: 
notes: 
source_full_citation: Altermatt, S. (26. Januar 2021). Alles Mitte oder was? Walliser Bote. Abgerufen am 21. April 2026 von https://essentials.swissdox.ch/
source_comment: ",,,
256,gruene-so,,1,[413],"[382,383]",[],[252],[252],"[7999,8000,8001,8002,8003,8004,8005,8006,8007,8117,8118,8119,8120,8121,8122,8123,8124,8125,8183,8184,8293,8294,8295,8296,8297,8298,8299,8300,8423,8424,8425,8426,8427,8428,8429,8430,8506,8507,8508]",[],[],[241],[],[809],[],"[9093,9094,9095,9096,9097,9098,9099,9100,9101,9102,9103,9104,9105,9106,9107,9108,9109,9110,9249,9250,9251,9252,9253,9254,9255,9256,9257,9258,9259,9260,9261,9262,9263,9264,9265,9266,9367,9368,9474,9475,9476,9477,9478,9479,9480,9481,9482,9483,9484,9485,9486,9487,9488,9489,9604,9605,9606,9607,9608,9609]",[258],[354],,,,,,,,,,,,,year,1990-07-01T12:00:00,,"page_number_string: 36
notes: 
source_full_citation: Baer, M. & Seitz, W. (Hrsg.). (2008). Die Grünen in der Schweiz: Ihre Politik, ihre Geschichte, ihre Basis. Rüegger Verlag.
source_comment: ",,,,,,,
257,glp-so,,1,[414],[384],[],[253],[253],"[8008,8009,8010,8011,8126,8127,8128,8129,8185,8301,8302,8303,8304,8431,8432,8433,8434,8509,8510]",[],[],[283],[],[810],[],"[9111,9112,9113,9114,9115,9116,9117,9118,9267,9268,9269,9270,9271,9272,9273,9274,9369,9490,9491,9492,9493,9494,9495,9496,9497,9610,9611,9612,9613]",[259],[],,,,,,,,,,,,,exact,2008-11-03T12:00:00,,"page_number_string: 
notes: 
source_full_citation: von Arx, C. (12. Dezember 2008). Grünliberale wollen es wissen. Solothurner Zeitung. Abgerufen am 21. April 2026 von https://essentials.swissdox.ch/
source_comment: ",,,,,,,
258,evp-so-1989,,1,[415],[385],[386],[254],[254],"[8012,8130,8305,8306,8435,8436]",[],[],[184],[],[],[],"[9119,9125,9275,9281,9498,9499,9505,9506]",[260],[],,,,,,,,,,,,,exact,1989-11-14T12:00:00,,"page_number_string: 
notes: 
source_full_citation: EVP Kanton Solothurn. (2026). Geschichte. Abgerufen am 21. April 2026 von https://www.evppev.ch/partei/geschichte
source_comment: ",year,1993-07-01T12:00:00,,"page_number_string: 
notes: 
source_full_citation: EVP Kanton Solothurn. (2011). Kurzgeschichte der EVP. Abgerufen am 21. April 2026 von https://web.archive.org/web/20110808093752/http:/www.evppev.ch/de/partei/geschichte.html
source_comment: ",,,
259,evp-so-2004,,1,[416],"[386,387]",[],[255],[255],"[8013,8014,8015,8016,8017,8131,8132,8133,8134,8135,8307,8308,8309,8310,8311,8437,8438,8439,8440,8441]",[],[],[185],[],[],[],"[9120,9121,9122,9123,9124,9126,9127,9128,9129,9130,9276,9277,9278,9279,9280,9282,9283,9284,9285,9286,9500,9501,9502,9503,9504,9507,9508,9509,9510,9511]",[261],[],,,,,,,,,,,,,exact,2004-03-12T12:00:00,,"page_number_string: 
notes: 
source_full_citation: EVP Kanton Solothurn. (2026). Geschichte. Abgerufen am 21. April 2026 von https://www.evppev.ch/partei/geschichte
source_comment: ",,,,,,,
260,edu-so-1987,,1,[417],[388],[389],[256],[256],[],[],[],[259],[],[],[],[],[262],[],"note_translations: languages_code: de-CH
note: Es gab kein/e Parteipräsident*in zwischen 1993 und 2002 gemäss EDU Kanton Solothurn (2021).",,,,,,,,,,,,exact,1987-10-07T12:00:00,,"page_number_string: 
notes: 
source_full_citation: EDU Kanton Solothurn. (2021). Geschichte der EDU Kanton Solothurn. Abgerufen am 22. April 2026 von https://web.archive.org/web/20210518192242/https:/edu-solothurn.ch/partei/ueber_uns.php
source_comment: ",year,2002-07-01T12:00:00,,"page_number_string: 
notes: 
source_full_citation: EDU Kanton Solothurn. (2021). Geschichte der EDU Kanton Solothurn. Abgerufen am 22. April 2026 von https://web.archive.org/web/20210518192242/https:/edu-solothurn.ch/partei/ueber_uns.php
source_comment: ",,,
261,edu-so-2008,,1,[418],"[389,390]",[],[257],[257],"[8018,8019,8136,8137,8312,8313,8314,8442,8443,8444]",[],[],[260],[],[],[],"[9131,9132,9133,9134,9287,9288,9289,9290,9512,9513,9514,9515,9516,9517]",[263],[],"note_translations: languages_code: de-CH
note: Website der EDU Kanton Solothurn wird im Moment nicht betrieben (https://www.edu-schweiz.ch/edu-solothurn/).",,,,,,,,,,,,exact,2008-12-04T12:00:00,,"page_number_string: 
notes: 
source_full_citation: EDU Kanton Solothurn. (2021). Geschichte der EDU Kanton Solothurn. Abgerufen am 22. April 2026 von https://web.archive.org/web/20210518192242/https:/edu-solothurn.ch/partei/ueber_uns.php
source_comment: ",,,,,,,
262,na-so,,1,[419],[391],[393],[258],[258],"[8020,8138,8315,8445]",[],[],[389],[],[],[],"[9135,9139,9291,9295,9518,9522]",[264],[],,,,,,,,,,,,,multiyear,1969-01-01T12:00:00,,"page_number_string: 
notes: 
source_full_citation: von Arx, C. (23. Februar 2006). Kanton Solothurn - steiniger Boden für SD. Solothurner Zeitung. Abgerufen am 22. April 2026 von https://essentials.swissdox.ch/
source_comment: ",year,1977-07-01T12:00:00,,"page_number_string: 
notes: 
source_full_citation: von Arx, C. (23. Februar 2006). Kanton Solothurn - steiniger Boden für SD. Solothurner Zeitung. Abgerufen am 22. April 2026 von https://essentials.swissdox.ch/
source_comment: ",,,
263,sd-so-1985,,1,"[420,421]","[392,393]",[395],[259],[259],"[8021,8139,8316,8317,8318,8446,8447,8448]",[],[],[387],[],"[811,812]",[],"[9136,9140,9292,9296,9519,9520,9521,9523,9524,9525]",[265],[],,,,,,,,,,,,,exact,1985-01-30T12:00:00,,"page_number_string: 
notes: 
source_full_citation: von Arx, C. (23. Februar 2006). Kanton Solothurn - steiniger Boden für SD. Solothurner Zeitung. Abgerufen am 22. April 2026 von https://essentials.swissdox.ch/
source_comment: ",year,1996-07-01T12:00:00,,"page_number_string: 
notes: 
source_full_citation: Schoenholt, S. (2006). SD-Solothurn gründet sich neu. Année Politique Suisse. Abgerufen am 22. April 2026 von https://anneepolitique.swiss/prozesse/53724-sd-solothurn-grundet-sich-neu
source_comment: ",,,
264,sd-so-2006,,1,[422],"[394,395]",[],[260],[260],"[8022,8023,8140,8141,8449,8450]",[],[],[351],[],[],[],"[9137,9138,9141,9142,9293,9294,9297,9298]",[266],[],,,,,,,,,,,,,exact,2006-03-04T12:00:00,,"page_number_string: 
notes: 
source_full_citation: von Arx, C. (23. Februar 2006). Kanton Solothurn - steiniger Boden für SD. Solothurner Zeitung. Abgerufen am 22. April 2026 von https://essentials.swissdox.ch/
source_comment: ",,,,,,,
265,svp-sh,,1,"[423,424,425]","[396,397,404]",[],[261],[261],"[8550,8551,8552,8553,8554,8555,8556,8557,8558,8559,8560,8561,8562,8563,8564,8565,8566,8567,8568,8569,8570,8657,8658,8659,8660,8661,8662,8663,8664,8665,8666,8667,8668,8669,8670,8671,8672,8673,8674,8675,8676,8677,8760,8761,8762,8763,8764,8765,8766,8767,8768,8769,8770,8771,8772,8773,8800,8801,8802,8803,8804,8805,8806,8807,8808,8809,8810,8811,8812,8813,8814,8815,8816,8817,8818,8819,8820,8821,8822,8950,8951,8952,8953,8954,8955,8956,8957,8958,8959,8960,8961,8962,8963,8964,8965,8966,8967,9075,9076,9077,9078,9079,9080,9081,9082,9083,9084,9085,9086]",[],[],[148],[],"[813,814,815,816,817,832]","[199,200]","[9654,9655,9656,9657,9658,9659,9660,9661,9662,9663,9664,9665,9666,9667,9668,9669,9670,9671,9672,9673,9674,9675,9676,9677,9788,9789,9790,9791,9792,9793,9794,9795,9796,9797,9798,9799,9800,9801,9802,9803,9804,9805,9806,9807,9808,9809,9810,9811,9922,9923,9924,9925,9926,9927,9928,9929,9930,9931,9932,9933,9934,9935,9936,9937,9938,9939,9940,9941,9942,9943,9944,9945,9990,9991,9992,9993,9994,9995,9996,9997,9998,9999,10000,10001,10002,10003,10004,10005,10006,10007,10008,10009,10010,10011,10012,10013,10014,10015,10016,10017,10190,10191,10192,10193,10194,10195,10196,10197,10198,10199,10200,10201,10202,10203,10204,10205,10206,10207,10208,10209,10210,10211,10212,10213]",[267],"[355,356,362,363]",,,,,,,,,,,,,exact,1918-12-19T12:00:00,,"page_number_string: 
notes: 
source_full_citation: SVP Kanton Schaffhausen. (2025). 100 Jahre SVP!  Abgerufen am 27. April 2026 von https://web.archive.org/web/20250207233200/https://svp-sh.ch/aktuell/berichte/100-jahre-svp
source_comment: ",,,,,,,
266,sp-sh-1935,,1,"[427,428]","[398,399,400]",[],[262],[262],"[8574,8575,8576,8577,8578,8579,8580,8581,8582,8583,8584,8585,8586,8587,8588,8589,8590,8591,8592,8593,8594,8595,8596,8681,8682,8683,8684,8685,8686,8687,8688,8689,8690,8691,8692,8693,8694,8695,8696,8697,8698,8699,8700,8701,8774,8775,8776,8777,8778,8779,8780,8781,8782,8783,8784,8823,8824,8825,8826,8827,8828,8829,8830,8831,8832,8833,8834,8835,8836,8837,8838,8839,8840,8841,8842,8843,8844,8845,8968,8969,8970,8971,8972,8973,8974,8975,8976,8977,8978,8979,8980,8981,8982,8983,8984,8985,9087,9088,9089,9090,9091,9092,9093,9094,9095,9096,9097,9098]",[],[],[114],[],"[834,835,836,837,838,839,840,841,842,843,844,845,846,847,848,849,850,851,852,853,854,855,856,857,858,859,860,861,862,863,864,1474]","[201,202,203]","[9678,9679,9680,9681,9682,9683,9684,9685,9686,9687,9688,9689,9690,9691,9692,9693,9694,9695,9696,9697,9698,9699,9700,9701,9702,9703,9704,9705,9812,9813,9814,9815,9816,9817,9818,9819,9820,9821,9822,9823,9824,9825,9826,9827,9828,9829,9830,9831,9832,9833,9834,9835,9836,9837,9838,9839,9946,9947,9948,9949,9950,9951,9952,9953,9954,9955,9956,9957,9958,9959,9960,9961,9962,9963,9964,10018,10019,10020,10021,10022,10023,10024,10025,10026,10027,10028,10029,10030,10031,10032,10033,10034,10035,10036,10037,10038,10039,10040,10041,10042,10043,10044,10045,10214,10215,10216,10217,10218,10219,10220,10221,10222,10223,10224,10225,10226,10227,10228,10229,10230,10231,10232,10233,10234,10235,10236,10237]",[268],"[357,358,359,366,367]",,,,,,,,,,,,,exact,1935-07-07T12:00:00,,"page_number_string: 457
notes: 
source_full_citation: Joos, E. (1975). Parteien und Presse im Kanton Schaffhausen [Dissertation Universität Zürich].
source_comment: ",,,,,,,
267,sp-sh-1921,,1,[426],[664],[399],[263],[263],"[8573,8680]",[],[],[115],[],[],[],[],[411],[],,,,,,,,,,,,,year,1921-07-01T12:00:00,,,exact,1935-07-07T12:00:00,,"page_number_string: 456f.
notes: 
source_full_citation: Joos, E. (1975). Parteien und Presse im Kanton Schaffhausen [Dissertation Universität Zürich].
source_comment: ",,,
268,kpo-sh,,1,"[429,430,431]","[401,634]",[398],[264],[264],"[8571,8572,8678,8679]",[],[],[321],[],[818],[],[],[270],[],,,,,,,,,,,,,year,1911-07-01T12:00:00,"note_translations: languages_code: de-CH
note: Das HLS (https://hls-dhs-dss.ch/de/articles/007388/2017-05-11/#HPolitischeundVerfassungsentwicklung) und Ladner (2022: 110) nennen 1904 als Gründungsdatum. Gemäss Neukomm (2024) wurde 1904 jedoch erst die städtische Partei gegründet, die Ausweitung zu einer kantonalen Partei erfolgte demnach 1911.
Joos (1975: 237) schreibt: ""Nach 1911 erklärte sich die Arbeiterunion als Sozialdemokratische Partei von
Schaffhausen und Umgebung und betrachtete sämtliche angeschlossenen Gewerkschaften und Grütlivereine als Kollektivmitglieder.""","page_number_string: 
notes: 
source_full_citation: Neukomm, P. (2024). 120 Jahre SP Schaffhausen. Abgerufen am 27. April 2026 von https://peterneukomm.ch/beitraege/SP-Jubilaeum.php
source_comment: 

page_number_string: 227-237
notes: 
source_full_citation: Joos, E. (1975). Parteien und Presse im Kanton Schaffhausen [Dissertation Universität Zürich].
source_comment: ",exact,1935-07-07T12:00:00,,"page_number_string: 456f.
notes: 
source_full_citation: Joos, E. (1975). Parteien und Presse im Kanton Schaffhausen [Dissertation Universität Zürich].
source_comment: ",,,
269,fdplib-sh,,1,"[432,433]","[402,403]",[404],[265],[265],"[8597,8598,8599,8600,8601,8602,8603,8604,8605,8606,8607,8608,8609,8610,8611,8612,8613,8614,8615,8616,8617,8618,8619,8620,8621,8622,8623,8624,8702,8703,8704,8705,8706,8707,8708,8709,8710,8711,8712,8713,8714,8715,8716,8717,8718,8719,8720,8721,8722,8723,8724,8725,8726,8727,8785,8786,8787,8788,8789,8790,8791,8792,8793,8794,8795,8796,8846,8847,8848,8849,8850,8851,8852,8853,8854,8855,8856,8857,8858,8859,8860,8861,8862,8863,8864,8865,8866,8867,8868,8986,8987,8988,8989,8990,8991,8992,8993,8994,8995,8996,8997,8998,8999,9000,9001,9002,9003,9099,9100,9101,9102,9103,9104,9105,9106,9107,9108,9109,9110]",[],[],[46],[],"[819,820,831]","[204,205,206,207,208]","[9706,9707,9708,9709,9710,9711,9712,9713,9714,9715,9716,9717,9718,9719,9720,9721,9722,9723,9724,9725,9726,9727,9728,9729,9730,9731,9732,9733,9840,9841,9842,9843,9844,9845,9846,9847,9848,9849,9850,9851,9852,9853,9854,9855,9856,9857,9858,9859,9860,9861,9862,9863,9864,9865,9866,9867,9965,9966,9967,9968,9969,9970,9971,9972,9973,9974,9975,9976,9977,9978,9979,9980,9981,9982,9983,9984,10046,10047,10048,10049,10050,10051,10052,10053,10054,10055,10056,10057,10058,10059,10060,10061,10062,10063,10064,10065,10066,10067,10068,10069,10070,10071,10072,10073,10238,10239,10240,10241,10242,10243,10244,10245,10246,10247,10248,10249,10250,10251,10252,10253,10254,10255,10256,10257,10258,10259,10260,10261]",[271],"[360,361,364,365]",,,,,,,,,,,,,exact,1904-01-24T12:00:00,,"page_number_string: 211
notes: 
source_full_citation: Joos, E. (1975). Parteien und Presse im Kanton Schaffhausen [Dissertation Universität Zürich].
source_comment: ",,,,,,,
270,mitte-sh,,1,"[434,435,436,437,438]","[405,406]",[],[266],[266],"[8625,8626,8627,8628,8629,8630,8631,8632,8728,8729,8730,8731,8732,8733,8734,8735,8869,8870,8871,8872,8873,8874,8875,8876,8877,8878,8879,8880,8881,8882,8883,8884,8885,8886,8887,8888,8889,8890,8891,9004,9005,9006,9007,9008,9009,9010,9011,9012,9013,9014,9015,9016,9017,9018,9019,9020,9021]",[],[],[87],[],"[821,822,1363,1390]",[],"[9734,9735,9736,9737,9738,9739,9740,9741,9742,9743,9744,9745,9868,9869,9870,9871,9872,9873,9874,9875,9876,9877,9878,9879,10074,10075,10076,10077,10078,10079,10080,10081,10082,10083,10084,10085,10086,10087,10088,10089,10090,10091,10092,10093,10094,10095,10096,10097,10098,10099,10100,10101]",[272],[],,,,,,,,,,,,,year,1911-07-01T12:00:00,,"page_number_string: 
notes: 
source_full_citation: Joos, E. (2009). Schaffhausen (Kanton): Der Staat im 19. und 20. Jahrhundert, Politische und Verfassungsentwicklung. In Historisches Lexikon der Schweiz (HLS). Abgerufen am 27. April 2026 von https://hls-dhs-dss.ch/de/articles/007388/2017-05-11/
source_comment: ",,,,,,,
271,gruene-sh,,1,"[439,440]","[407,408]",[409],[267],[267],"[8633,8634,8635,8736,8737,8738,8797,8798,8799,8892,8893,8894,8895,8896,8897,8898,8899,9022,9023,9024,9025,9026,9027,9028,9029,9030,9113,9114,9115,14369]",[],[],[242],[],"[823,828]",[],"[9746,9747,9748,9749,9750,9751,9880,9881,9882,9883,9884,9885,9985,9986,9987,9988,9989,10102,10103,10104,10105,10106,10107,10108,10109,10110,10111,10112,10113,10114,10115,10116,10117,10262,10263,10264,10265,10266,10267,10268,10269,10270,10271]",[273],[370],,,,,,,,,,,,,year,1990-07-01T12:00:00,,"page_number_string: 
notes: 
source_full_citation: Grüne Kanton Schaffhausen. (2017). Statuten Grüne Partei Schaffhausen. Abgerufen am 28. April 2026 von https://gruene-sh.ch/wp-content/uploads/2018/04/Statuten_Gruene_2018.pdf
source_comment: ",,,,,,,
272,glp-sh,,1,[441],"[409,410]",[],[268],[268],"[8636,8637,8739,8740,8900,8901,8902,9031,9032,9033]",[],[],[284],[],[824],[],"[9752,9753,9754,9755,9886,9887,9888,9889,10118,10119,10120,10121,10122,10123]",[274],[],,,,,,,,,,,,,exact,2014-06-30T12:00:00,,"page_number_string: 
notes: 
source_full_citation: GLP Kanton Schaffhausen. (2014). Statuten der Grünliberalen Partei des Kantons Schaffhausen. Abgerufen am 28. April 2026 von https://sh.grunliberale.ch/wp-content/uploads/sites/14/2025/08/GLP_Statuten_140630.pdf
source_comment: ",,,,,,,
273,evp-sh,,1,[442],"[411,413,415]",[],[269],[269],"[8638,8639,8640,8741,8742,8743,8903,8904,8905,8906,8907,8908,8909,8910,8911,8912,8913,8914,8915,8916,8917,8918,8919,8920,8921,8922,8923,8924,9034,9035,9036,9037,9038,9039,9040,9041,9042,9043,9044,9045,9046,9047,9048,9049,9050,9051]",[],[],[186],[],"[825,826,830]",[],"[9756,9757,9758,9759,9760,9761,9890,9891,9892,9893,9894,9895,10124,10125,10126,10127,10128,10129,10130,10131,10132,10133,10134,10135,10136,10137,10138,10139,10140,10141,10142,10143,10144,10145,10146,10147,10148,10149,10150,10151]",[275],"[368,369]",,,,,,,,,,,,,exact,1922-04-02T12:00:00,,"page_number_string: 282
notes: 
source_full_citation: Joos, E. (1975). Parteien und Presse im Kanton Schaffhausen [Dissertation Universität Zürich].
source_comment: ",,,,,,,
274,esv-sh,,1,[443],[412],[413],[270],[270],[],[],[],[322],[],[],[],[],[276],[],,,,,,,,,,,,,exact,1919-01-13T12:00:00,,"page_number_string: 280
notes: 
source_full_citation: Joos, E. (1975). Parteien und Presse im Kanton Schaffhausen [Dissertation Universität Zürich].
source_comment: ",exact,1922-04-02T12:00:00,,"page_number_string: 282
notes: 
source_full_citation: Joos, E. (1975). Parteien und Presse im Kanton Schaffhausen [Dissertation Universität Zürich].
source_comment: ",,,
275,ldp-sh,,1,"[444,445]",[414],[415],[271],[271],[],[],[],[],[],[],[],[],[277],[],,,,,,,,,,,,,exact,1905-06-26T12:00:00,,"page_number_string: 245
notes: 
source_full_citation: Joos, E. (1975). Parteien und Presse im Kanton Schaffhausen [Dissertation Universität Zürich].
source_comment: ",exact,1922-04-02T12:00:00,,"page_number_string: 
notes: 
source_full_citation: Joos, E. (2009). Schaffhausen (Kanton): Der Staat im 19. und 20. Jahrhundert, Politische und Verfassungsentwicklung. In Historisches Lexikon der Schweiz (HLS). Abgerufen am 27. April 2026 von https://hls-dhs-dss.ch/de/articles/007388/2017-05-11/
source_comment: ",,,
276,edu-sh,,1,[446],[416],[],[272],[272],"[8641,8642,8643,8644,8645,8646,8744,8745,8746,8747,8748,8749,8925,8926,8927,8928,8929,8930,8931,8932,8933,9052,9053,9054,9055,9056,9057,9058,9059,9060]",[],[],[261],[],[827],[],"[9762,9763,9764,9765,9766,9767,9768,9769,9770,9771,9772,9773,9896,9897,9898,9899,9900,9901,9902,9903,9904,9905,9906,9907,10152,10153,10154,10155,10156,10157,10158,10159,10160,10161,10162,10163,10164,10165,10166,10167,10168,10169]",[278],[],,,,,,,,,,,,,exact,1985-04-27T12:00:00,,"page_number_string: 
notes: 
source_full_citation: EDU Kanton Schaffhausen. (2026). EDU Schaffhausen feiert 40-Jahr-Jubiläum. Abgerufen am 28. April 2026 von https://www.edu-sh.ch/aktuelles/neuigkeiten/edu-schaffhausen-feiert-das-40-jahr-jubilaeum/
source_comment: ",,,,,,,
277,gb-sh,,1,[447],"[417,418,419]",[],[273],[273],"[8647,8750,8934,8935,9061,9062]",[],[],[323],[],[829],[],"[9774,9775,9908,9909,10170,10171,10172,10173]",[279],"[371,372]",,,,,,,,,,,,,year,1987-07-01T12:00:00,,"page_number_string: 25
notes: 
source_full_citation: Grüne Schweiz (2023). Geschichte der Grünen in der Schweiz. Abgerufen am 09. September 2025 von https://gruene.ch/wp-content/uploads/2023/07/230509_Geschichte-der-Gruenen_d.pdf
source_comment: ",year,2004-07-01T12:00:00,,"page_number_string: 25
notes: 
source_full_citation: Grüne Schweiz (2023). Geschichte der Grünen in der Schweiz. Abgerufen am 09. September 2025 von https://gruene.ch/wp-content/uploads/2023/07/230509_Geschichte-der-Gruenen_d.pdf
source_comment: ",,,
278,ldu-sh,,1,[448],[466],[],[274],[274],"[8648,8649,8650,8651,8652,8653,8751,8752,8753,8754,8755,8756,8936,8937,8938,8939,8940,8941,8942,8943,8944,8945,8946,9063,9064,9065,9066,9067,9068,9069,9070,9071]",[],[],[175],[],[],[],"[9776,9777,9778,9779,9780,9781,9910,9911,9912,9913,9914,9915,10174,10175,10176,10177,10178,10179,10180,10181,10182,10183]",[280],[],,,,,,,,,,,,,month,1937-03-15T12:00:00,,"page_number_string: 
notes: 
source_full_citation: Joos, E. (2009). Schaffhausen (Kanton): Der Staat im 19. und 20. Jahrhundert, Politische und Verfassungsentwicklung. In Historisches Lexikon der Schweiz (HLS). Abgerufen am 27. April 2026 von https://hls-dhs-dss.ch/de/articles/007388/2017-05-11/
source_comment: ",unknown,1999-12-04T12:00:00,,,,,
279,poch-sh,,1,"[449,450]",[612],[419],[275],[275],"[8654,8655,8656,8757,8758,8759,8947,8948,8949,9072,9073,9074]",[],[],[220],[],[],[],"[9782,9783,9784,9785,9786,9787,9916,9917,9918,9919,9920,9921,10184,10185,10186,10187,10188,10189]",[281],[],,,,,,,,,,,,,exact,1972-12-01T12:00:00,,"page_number_string: 488
notes: 
source_full_citation: Joos, E. (1975). Parteien und Presse im Kanton Schaffhausen [Dissertation Universität Zürich].
source_comment: ",year,1987-07-01T12:00:00,,"page_number_string: 24
notes: 
source_full_citation: Förster, S. (2004). Das politische System des Kantons Schaffhausen, Akteure, Institutionen und Entscheidungsprozesse in einem Kleingliedstaat [Dissertation Technische Hochschule Aachen].
source_comment: ",,,
280,svp-ar,,1,[451],[420],[],[276],[276],"[9116,9117,9118,9119,9120,9121,9122,9179,9180,9181,9182,9183,9184,9185,9234,9239,9244,9249,9254,9259,9264,9269,9274,9279,9284,9336,9337,9338,9339,9340,9341,9342,9343]",[],[],[149],[],"[833,1486]",[],"[10272,10273,10274,10275,10276,10277,10278,10279,10280,10281,10282,10283,10284,10285,10342,10343,10344,10345,10405,10407,10408,10409,10410,10411,10412,10413,10414,10415,10416,10417,10418,10501,10502,10505,10508,10511,10514,10517,10520,10523,10526,10530,10534,10537,10540,10543,10546]",[282],[373],,,,,,,,,,,,,year,1975-07-01T12:00:00,,"page_number_string: 110
notes: 
source_full_citation: Ladner, A. (2022). Kantonale Wahlen und Parteiensysteme. IDHEAP.
source_comment: ",,,,,,,
281,sp-ar,,1,[452],[421],[],[277],[277],"[9123,9124,9125,9126,9127,9128,9129,9130,9131,9132,9133,9134,9135,9136,9137,9138,9139,9140,9141,9142,9143,9144,9186,9187,9188,9189,9190,9191,9192,9193,9194,9195,9196,9197,9238,9243,9248,9253,9258,9263,9268,9273,9278,9283,9311,9312,9313,9314,9315,9316,9317,9318,9319,9320,9321,9322,9323,9324,9325,9326,9327,9328,9329,9330,9331,9332,9333,9334,9335]",[],[],[116],[],"[865,866,867,868,869,870,871,872,873,874,875,876,877,878,879,880,881,882,883,884,885,886,887,888,889,890,891,892,1479]",[209],"[10286,10287,10288,10289,10290,10291,10292,10293,10294,10295,10296,10297,10298,10299,10300,10301,10346,10347,10348,10349,10350,10351,10352,10353,10354,10355,10356,10357,10419,10420,10421,10422,10423,10424,10425,10426,10427,10428,10429,10430,10466,10468,10470,10472,10474,10476,10478,10480,10483,10484,10486,10488,10491,10492,10495,10496,10499,10500,10504,10507,10510,10513,10516,10519,10522,10525,10529,10533,10536,10539,10542,10545]",[283],[],,,,,,,,,,,,,year,1913-07-01T12:00:00,,"page_number_string: 
notes: 
source_full_citation: SP Kanton Appenzell Ausserrhoden. (2013). Schwerpunktprogramm. Abgerufen am 04. Mai 2026 von https://web.archive.org/web/20191016121942/http:/www.sp-ar.ch/Kantonalpartei/archiv/Schwerpunkt_Programm.pdf
source_comment: ",,,,,,,
282,fdp-ar,,1,"[453,454]",[422],[425],[278],[],[],[],[],[47],[],"[893,894]",[],[],[284],[],,,,,,,,,,,,,year,1874-07-01T12:00:00,,"page_number_string: 
notes: 
source_full_citation: Witschi, P. (2019). Appenzell Ausserrhoden: Der Kanton im 19. und 20. Jahrhundert, Politisches Leben. In Historisches Lexikon der Schweiz (HLS). Abgerufen am 04. Mai 2026 von https://hls-dhs-dss.ch/de/articles/007476/2019-10-25/#HPolitischesLeben
source_comment: ",year,1919-07-01T12:00:00,,"page_number_string: 
notes: 
source_full_citation: FDP.Die Liberalen Kanton Appenzell Ausserrhoden. (2026). Geschichte der FDP AR. Abgerufen am 04. Mai 2026 von https://www.fdp-ar.ch/partei/geschichte-der-fdp-ar
source_comment: ",,,
283,fdplib-ar,,1,"[455,456,457]","[423,424,425]",[],[279],[278],"[9145,9146,9147,9148,9149,9150,9151,9152,9153,9154,9155,9156,9157,9158,9159,9160,9161,9162,9163,9164,9165,9166,9167,9168,9169,9170,9171,9172,9198,9199,9200,9201,9202,9203,9204,9205,9206,9207,9208,9209,9210,9211,9212,9213,9214,9221,9222,9223,9224,9225,9226,9227,9228,9229,9230,9231,9232,9233,9235,9237,9242,9247,9252,9257,9262,9267,9272,9277,9282,9285,9286,9287,9288,9289,9290,9291,9292,9293,9294,9295,9296,9297,9298,9299,9300,9301,9302,9303,9304,9305,9306,9307,9308,9309,9310]",[],[],[48],[],"[895,896,897,898,899,900]",[210],"[10302,10303,10304,10305,10306,10307,10308,10309,10310,10311,10312,10313,10314,10315,10316,10317,10318,10319,10320,10321,10322,10323,10324,10325,10326,10327,10328,10329,10358,10359,10360,10361,10362,10363,10364,10365,10366,10367,10368,10369,10370,10371,10372,10373,10382,10383,10384,10385,10386,10387,10388,10389,10390,10391,10392,10393,10394,10395,10396,10397,10398,10399,10400,10401,10402,10403,10404,10406,10431,10432,10433,10434,10435,10436,10437,10438,10439,10440,10441,10442,10465,10467,10469,10471,10473,10475,10477,10479,10481,10482,10485,10487,10489,10490,10493,10494,10497,10498,10503,10506,10509,10512,10515,10518,10521,10524,10528,10532,10535,10538,10541,10544]",[285],"[374,375]",,,,,,,,,,,,,year,1919-07-01T12:00:00,,"page_number_string: 110
notes: 
source_full_citation: Ladner, A. (2022). Kantonale Wahlen und Parteiensysteme. IDHEAP.
source_comment: ",,,,,,,
284,mitte-ar,,1,"[458,459,460]","[426,427]",[],[280],[279],"[9173,9174,9175,9176,9177,9178,9215,9216,9217,9218,9219,9220,9236,9240,9245,9250,9255,9260,9265,9270,9275,9280,9344]",[],[],[88],[],"[901,902,903,904,1350,1376]",[],"[10330,10331,10332,10333,10334,10335,10336,10337,10338,10339,10340,10341,10374,10375,10376,10377,10378,10379,10380,10381,10443,10444,10445,10446,10447,10448,10449,10450,10451,10452,10453,10454,10527,10531]",[286],[376],,,,,,,,,,,,,year,1933-07-01T12:00:00,"note_translations: languages_code: de-CH
note: Gemäss Witschi (2003) war die 1933 gegründete KVP ""vorerst auf Herisau beschränkt"".

Nach eigener Darstellung der CVP Herisau wurde die katholische Volkspartei Herisau (Ortssektion) hingegen am 20.4.1937 gegründet, am 29.3.1972 wurde sie in CVP Herisau umbenannt (https://www.appenzellerzeitung.ch/ostschweiz/appenzellerland/die-cvp-herisau-wird-75-jahre-alt-ld.635275).

Casetti (1979: 112) schliesslich erwähnt bereits für 1917 die Gründung einer Christlichsozialen Partei in Appenzell Ausserrhoden, welche ""später in Katholische Volkspartei Herisau umbenannt"" worden sei.","page_number_string: 
notes: 
source_full_citation: Witschi, P. (2019). Appenzell Ausserrhoden: Der Kanton im 19. und 20. Jahrhundert, Politisches Leben. In Historisches Lexikon der Schweiz (HLS). Abgerufen am 04. Mai 2026 von https://hls-dhs-dss.ch/de/articles/007476/2019-10-25/#HPolitischesLeben
source_comment: ",,,,,,,
285,evp-ar,,1,[461],[428],[],[281],[280],"[9241,9246,9251,9256,9261,9266,9271,9276,9281]",[],[],[187],[],[],[],"[10455,10456,10457,10458,10459,10460,10461,10462,10463,10464]",[287],[],,,,,,,,,,,,,exact,1997-11-26T12:00:00,,"page_number_string: 
notes: 
source_full_citation: EVP Kanton Appenzell Ausserrhoden. (2011). Kurzgeschichte der EVP. Abgerufen am 04. Mai 2026 von https://web.archive.org/web/20110808093752/http:/www.evppev.ch/de/partei/geschichte.html
source_comment: ",,,,,,,
286,fdp-frauen-bs-bl,,1,"[462,463]","[429,430]",[],[282],[281],[],"[747,748,749]",[],[49],[],[905],[],[],[288],[],,"page_number_string: 
notes: 
source_full_citation: Schaub, H.-P. (2026). Ausgewählte Beiträge zur Schweizer Politik: Aus den FDP Frauen Basel-Stadt werden die FDP Frauen beider Basel. Année Politique Suisse. Abgerufen am 4. Mai 2026 von https://anneepolitique.swiss/prozesse/70355
source_comment: 

page_number_string: 
notes: 
source_full_citation: Jermann, H.-M. (4. Juni 2026). Freisinnige Frauen Seite an Seite. bz – Zeitung für die Region Basel. https://www.bzbasel.ch/basel/basel-stadt/parteipolitik-neue-sektion-vor-gruendung-freisinnige-frauen-beider-basel-politisieren-kuenftig-gemeinsam-ld.2779731
source_comment: ",de-CH,"Frauensektion der FDP.Liberalen, bis 2025 für den Kanton BS und danach auch für den Kanton BL",,,,,,,,,multiyear,1995-01-01T12:00:00,,"page_number_string: 
notes: 
source_full_citation: Jermann, H.-M. (4. Juni 2026). Freisinnige Frauen Seite an Seite. bz – Zeitung für die Region Basel. https://www.bzbasel.ch/basel/basel-stadt/parteipolitik-neue-sektion-vor-gruendung-freisinnige-frauen-beider-basel-politisieren-kuenftig-gemeinsam-ld.2779731
source_comment: ",,,,,,,
287,svp-ai,,1,[464],[431],[],[283],[282],"[9369,9375,9378,9380,9405,9413,9415,9475,9476,9477,9478,9479,9480,9481,9482,9483,9484,9485]",[],[],[150],[],"[906,1487]",[],"[10562,10564,10578,10581,10583,10585,10680,10681,10682,10683,10684,10685,10686,10687,10688,10689,10690,10691,10692,10693,10694,10695,10696,10697,10698,10699,10700,10701]",[289],[377],,,,,,,,,,,,,year,1996-07-01T12:00:00,,"page_number_string: 110
notes: 
source_full_citation: Ladner, A. (2022). Kantonale Wahlen und Parteiensysteme. IDHEAP.
source_comment: ",,,,,,,
288,gruetli-ai,,1,[465],[533],[],[284],[],[],[],[],[353],[],"[907,908]",[],[],[290],[],,,,,,,,,,,,,year,1870-07-01T12:00:00,,"page_number_string: 488
notes: 
source_full_citation: Grosser, H. & Hangartner, N. (1993). Appenzell Innerrhoden (Band 3). In Regierungen der beiden Halbkantone Appenzell (Hrsg.), Appenzeller Geschichte: Zur 450-Jahrfeier des Appenzellerbundes 1513-1963. Kantonskanzlei.
source_comment: ",exact,1925-12-15T12:00:00,,"page_number_string: 489
notes: 
source_full_citation: Grosser, H. & Hangartner, N. (1993). Appenzell Innerrhoden (Band 3). In Regierungen der beiden Halbkantone Appenzell (Hrsg.), Appenzeller Geschichte: Zur 450-Jahrfeier des Appenzellerbundes 1513-1963. Kantonskanzlei.
source_comment: ",,,
289,fdv-ai,,1,[466],[432],[],[285],[283],"[9346,9352,9382,9388]",[],[],[],[],"[909,910,911,912,913]",[],[],[291],[],,,,,,,,,,,,,year,1906-07-01T12:00:00,,"page_number_string: 
notes: 
source_full_citation: Küng, J. (2001). Appenzell Innerrhoden: Der Kanton im 19. und 20. Jahrhundert, Staat und Politik, Politisches Leben. In Historisches Lexikon der Schweiz (HLS). Abgerufen am 05. Mai 2026 von https://hls-dhs-dss.ch/de/articles/007475/2019-10-25/#HDerKantonim19.und20.Jahrhundert
source_comment: ",exact,1946-06-06T12:00:00,,"page_number_string: 272; 390
notes: 
source_full_citation: Huber-Schlatter, A. (1987). Politische Institutionen des Landsgemeinde-Kantons Appenzell Innerrhoden. Haupt.
source_comment: ",,,
290,kkp-ai,,1,[468],[433],[],[286],[307],"[9345,9347,9348,9349,9350,9351,9353,9354,9355,9356,9357,9358,9359,9360,9361,9362,9363,9364,9365,9381,9383,9384,9385,9386,9387,9389,9390,9391,9392,9393,9394,9395,9396,9397,9398,9399,9400,9401,9416,9417,9418,9419,9420,9430,9431,9432,9433,9434,9435,9436,9437,9438,9439,9440,9441,9442,9443,9444,9445,9446,9447,9448]",[],[],[395],[],[],[],"[10547,10548,10549,10550,10551,10552,10553,10554,10555,10556,10586,10587,10588,10589,10590,10591,10592,10593,10594,10595,10612,10613,10614,10615,10616,10617,10618,10619,10646,10647,10648,10649,10650,10651,10652,10653]",[292],[],,,,,,,,,,,,,exact,1914-03-29T12:00:00,,"page_number_string: 493
notes: 
source_full_citation: Grosser, H. & Hangartner, N. (1993). Appenzell Innerrhoden (Band 3). In Regierungen der beiden Halbkantone Appenzell (Hrsg.), Appenzeller Geschichte: Zur 450-Jahrfeier des Appenzellerbundes 1513-1963. Kantonskanzlei.
source_comment: ",unknown,1988-01-01T12:00:00,,,,,
291,gfi-ai,,1,[469],[],[],[287],[284],[],[],[],[386],[],[],[],[],[293],[],,,,,,,,,,,,,year,1969-07-01T12:00:00,,"page_number_string: 
notes: 
source_full_citation: Küng, J. (2001). Appenzell Innerrhoden: Der Kanton im 19. und 20. Jahrhundert, Staat und Politik, Politisches Leben. In Historisches Lexikon der Schweiz (HLS). Abgerufen am 05. Mai 2026 von https://hls-dhs-dss.ch/de/articles/007475/2019-10-25/#HDerKantonim19.und20.Jahrhundert
source_comment: ",,,,,,,
292,sp-ai-2012,,1,[470],[434],[],[288],[285],"[9374,9377,9410,9412]",[],[],[117],[],"[914,915,916,917,918,919,920,921,922,923]",[],"[10571,10573,10575,10577,10580]",[294],"[378,379,380,381,382,383]",,,,,,,,,,,,,exact,2012-08-17T12:00:00,,"page_number_string: 
notes: 
source_full_citation: SP Kanton Appenzell Innerrhoden. (2022). Wir ergreifen Partei für eine soziale, gerechte und ökologische Gesellschaft - Rede von Martin Pfister, Parteipräsident SP AI an der Jubiläumsfeier «10 Jahre SP AI» vom 5. November 2022. Abgerufen am 05. Mai 2026 von https://web.archive.org/web/20250317142659/https://sp-ai.ch/partei/10-parteitag-5-november-2022-und-jubilaeumsfest/wir-ergreifen-partei-fuer-eine-soziale
source_comment: ",,,,,,,
293,fdplib-ai,,1,[471],[435],[],[289],[286],[],[],[],[50],[],[],[],[],[295],[],,,,,,,,,,,,,exact,2017-06-09T12:00:00,,"page_number_string: 
notes: 
source_full_citation: pd. (27. Juni 2017). Innerrhoden: FDP AI ist offizielle Kantonalpartei. In St. Galler Tagblatt. Abgerufen am 05. Mai 2026 von https://www.tagblatt.ch/ostschweiz/appenzellerland/innerrhoden-fdp-ai-ist-offizielle-kantonalpartei-ld.609666
source_comment: ",,,,,,,
294,mitte-ai,,1,"[472,473]","[436,437]",[],[290],[287],"[9366,9367,9368,9370,9371,9372,9373,9376,9379,9402,9403,9404,9406,9407,9408,9409,9411,9414,9421,9422,9423,9424,9425,9426,9427,9428,9429,9449,9450,9451,9452,9453,9454,9455,9456,9457,9458,9459,9460,9461,9462,9463,9464,9465,9466,9467,9468,9469,9470,9471,9472,9473,9474]",[],[],[89],[],"[924,925,926,927,928,1349,1375]",[],"[10557,10558,10559,10560,10561,10563,10565,10566,10567,10568,10569,10570,10572,10574,10576,10579,10582,10584,10596,10597,10598,10599,10600,10601,10602,10603,10604,10605,10606,10607,10608,10609,10610,10611,10620,10621,10622,10623,10624,10625,10626,10627,10628,10629,10630,10631,10632,10633,10634,10635,10636,10637,10638,10639,10640,10641,10642,10643,10644,10645,10654,10655,10656,10657,10658,10659,10660,10661,10662,10663,10664,10665,10666,10667,10668,10669,10670,10671,10672,10673,10674,10675,10676,10677,10678,10679]",[296],"[384,385]",,,,,,,,,,,,,year,1988-07-01T12:00:00,"note_translations: languages_code: de-CH
note: In anderen Quellen wird teils das Jahr 1986 (https://web.archive.org/web/20200217061552/http:/www.cvp-ai.ch/partei/), teils das Jahr 1989 (Grosser & Hangartner 1993: 493) als Gründungsjahr genannt.","page_number_string: 
notes: 
source_full_citation: Küng, J. (2001). Appenzell Innerrhoden: Der Kanton im 19. und 20. Jahrhundert, Staat und Politik, Politisches Leben. In Historisches Lexikon der Schweiz (HLS). Abgerufen am 05. Mai 2026 von https://hls-dhs-dss.ch/de/articles/007475/2019-10-25/#HDerKantonim19.und20.Jahrhundert
source_comment: 

page_number_string: 110
notes: 
source_full_citation: Ladner, A. (2022). Kantonale Wahlen und Parteiensysteme. IDHEAP.
source_comment: ",,,,,,,
295,gral-appenz,,1,[474],[438],[],[291],[288],"[9486,9487,9488,9489]",[],[],[388],[],[],[],"[10702,10703]",[297],[],,,,,,,,,,,,,exact,2004-08-14T12:00:00,,"page_number_string: 
notes: 
source_full_citation: Strebel, H. (17. August 2004). Es grünt auch im Appenzellerland. St. Galler Tagblatt. Abgerufen am 06. Mai 2026 von https://essentials.swissdox.ch/
 
source_comment: ",exact,2016-02-12T12:00:00,,"page_number_string: 
notes: 
source_full_citation: brem. (12. Februar 2016). Gral gibt auf. In SRF. Abgerufen am 06. Mai 2026 von https://www.srf.ch/news/ostschweiz-gral-gibt-auf
source_comment: ",,,
296,glp-appenz,,1,[475],[439],[],[292],[289],"[9490,9491]",[],[],[285],[],[929],[],"[10704,10705]",[298],[],,,,,,,,,,,,,exact,2021-08-30T12:00:00,,"page_number_string: 
notes: 
source_full_citation: GLP Appenzellerland. (2021). Statuten der GLP Appenzellerland. Abgerufen am 06. Mai 2026 von https://appenzellerland.grunliberale.ch/wp-content/uploads/sites/4/2025/09/Statuten-der-GLP-Appenzellerland.pdf
source_comment: ",,,,,,,
297,edu-appenz,,1,[476],[440],[],[293],[290],[],[],[],[262],[],[],[],[],[299],[],,,,,,,,,,,,,year,1997-07-01T12:00:00,,"page_number_string: 
notes: 
source_full_citation: EDU Appenzellerland. (2026). Geschichte der EDU Appenzellerland. Abgerufen am 06. Mai 2026 von https://www.edu-ar.ch/partei/geschichte/
source_comment: ",,,,,,,
298,svp-sg,,1,[477],[441],[],[294],[291],"[9492,9493,9494,9495,9496,9497,9498,9499,9630,9631,9632,9633,9634,9635,9636,9637,9768,9769,9770,9771,9772,9773,9774,9821,9822,9823,9824,9825,9826,9827,9828,9975,9976,9977,9978,9979,9980,9981,9982,10142,10146,10151,10156,10160,10165,10170,10176]",[],[],[151],[],"[933,934]",[211],"[10706,10707,10708,10709,10710,10711,10712,10713,10714,10715,10716,10717,10718,10719,10720,10721,10892,10893,10894,10895,10896,10897,10898,10899,10900,10901,10902,10903,10904,10905,10906,10907,11096,11100,11105,11111,11116,11137,11141,11146,11152,11156,11160,11165,11166,11167,11168,11169,11170,11171,11172,11173,11174,11175,11176,11177,11178,11179,11180,11381,11386,11391,11396,11401,11406,11411,11416,11420,11424,11429,11434,11439,11444,11450,11456]",[300],"[419,420]",,,,,,,,,,,,,exact,1992-11-23T12:00:00,,"page_number_string: 4
notes: 
source_full_citation: SVP Kanton St. Gallen. (2017). 25 Jahre SVP Kanton St. Gallen - Festschrift zum Jubiläum 1992-2017. Abgerufen am 06. Mai 2026 von https://www.svp-sg.ch/wp-content/uploads/sites/29/25-Jahre-SVP-Kanton-St-Gallen-ohne-Anschnitt.pdf
source_comment: ",,,,,,,
299,sp-sg,,1,[478],[442],[],[295],[292],"[9500,9501,9502,9503,9504,9505,9506,9507,9508,9509,9510,9511,9512,9513,9514,9515,9516,9517,9518,9519,9520,9521,9522,9523,9524,9525,9526,9527,9638,9639,9640,9641,9642,9643,9644,9645,9646,9647,9648,9649,9650,9651,9652,9653,9654,9655,9656,9657,9658,9659,9660,9661,9662,9663,9664,9665,9775,9776,9777,9778,9779,9780,9781,9782,9783,9784,9785,9829,9830,9831,9832,9833,9834,9835,9836,9837,9838,9839,9840,9841,9842,9843,9844,9845,9846,9847,9848,9849,9850,9851,9852,9853,9854,9855,9856,9857,9858,9859,9860,9861,9983,9984,9985,9986,9987,9988,9989,9990,9991,9992,9993,9994,9995,9996,9997,9998,9999,10000,10001,10002,10003,10004,10005,10006,10007,10008,10009,10010,10011,10012,10013,10129,10132,10135,10138,10141,10145,10150,10155,10159,10164,10169,10175]",[],[],[118],[],"[958,959,960,961,962,963,964,965,966,967,968,969,970,971,972,973,974,975,976,977,978,979,980,981,982,983,984,985,986,987,988,989,1473]","[212,213,214,215,216]","[10722,10723,10724,10725,10726,10727,10728,10729,10730,10731,10732,10733,10734,10735,10736,10737,10738,10739,10740,10741,10742,10743,10744,10745,10746,10747,10748,10749,10908,10909,10910,10911,10912,10913,10914,10915,10916,10917,10918,10919,10920,10921,10922,10923,10924,10925,10926,10927,10928,10929,10930,10931,10932,10933,10934,10935,11086,11089,11092,11095,11099,11104,11110,11118,11127,11130,11133,11136,11140,11145,11151,11155,11159,11164,11181,11182,11183,11184,11185,11186,11187,11188,11189,11190,11191,11192,11193,11194,11195,11196,11197,11198,11199,11200,11201,11202,11203,11204,11205,11206,11207,11208,11353,11356,11359,11362,11365,11368,11372,11376,11380,11385,11390,11395,11400,11405,11410,11415,11419,11423,11428,11433,11438,11443,11449,11455]",[301],"[421,422,423,424,425]",,,,,,,,,,,,,exact,1905-01-15T12:00:00,,"page_number_string: 110
notes: 
source_full_citation: Ladner, A. (2022). Kantonale Wahlen und Parteiensysteme. IDHEAP.
source_comment: 

page_number_string: 
notes: 
source_full_citation: Wikipedia. (2026). SP Kanton St. Gallen. Abgerufen am 13. Mai 2026 von https://de.wikipedia.org/wiki/SP_Kanton_St._Gallen
source_comment: ",,,,,,,
300,fdplib-sg,,1,"[479,480]","[443,444,464]",[],[296],[293],"[9528,9529,9530,9531,9532,9533,9534,9535,9536,9537,9538,9539,9540,9541,9542,9543,9544,9545,9546,9547,9548,9549,9550,9551,9552,9553,9554,9555,9666,9667,9668,9669,9670,9671,9672,9673,9674,9675,9676,9677,9678,9679,9680,9681,9682,9683,9684,9685,9686,9687,9688,9689,9690,9691,9692,9693,9786,9787,9788,9789,9790,9791,9792,9793,9794,9795,9796,9797,9798,9862,9863,9864,9865,9866,9867,9868,9869,9870,9871,9872,9873,9874,9875,9876,9877,9878,9879,9880,9881,9882,9883,9884,9885,9886,9887,9888,9889,9890,9891,9892,9893,9894,10014,10015,10016,10017,10018,10019,10020,10021,10022,10023,10024,10025,10026,10027,10028,10029,10030,10031,10032,10033,10034,10035,10036,10037,10038,10039,10040,10041,10042,10043,10044,10128,10131,10134,10137,10140,10144,10148,10153,10158,10163,10167,10172]",[],[],[51],[],"[930,931,932,990,991,992,1517]","[217,218]","[10750,10751,10752,10753,10754,10755,10756,10757,10758,10759,10760,10761,10762,10763,10764,10765,10766,10767,10768,10769,10770,10771,10772,10773,10774,10775,10776,10777,10936,10937,10938,10939,10940,10941,10942,10943,10944,10945,10946,10947,10948,10949,10950,10951,10952,10953,10954,10955,10956,10957,10958,10959,10960,10961,10962,10963,11079,11081,11083,11085,11088,11091,11094,11098,11102,11108,11112,11120,11122,11124,11126,11129,11132,11135,11139,11143,11149,11158,11162,11209,11210,11211,11212,11213,11214,11215,11216,11217,11218,11219,11220,11221,11222,11223,11224,11225,11226,11227,11228,11229,11230,11231,11232,11233,11234,11235,11236,11352,11355,11358,11361,11364,11367,11370,11374,11378,11383,11388,11393,11398,11403,11408,11413,11418,11422,11427,11432,11436,11441,11446,11452]",[302],"[426,427,433,434]",,,,,,,,,,,,,exact,1890-12-14T12:00:00,,"page_number_string: 41
notes: 
source_full_citation: Ehinger, P. (1982). Ringen um die Verfassungen. 1803 bis 1890: Die Parteiorganisation entsteht. In Freisinnig-Demokratische Partei (FDP) des Kantons St. Gallen (Hrsg.), Vom liberalen Verein zur modernen FDP - Geschichte des St. Galler Freisinns 1857-1982, S. 24-43. Buchdruckerei Flawil.
source_comment: ",,,,,,,
301,mitte-sg,,1,"[481,482,483,560]","[445,446,535]",[],[297],[294],"[9556,9557,9558,9559,9560,9561,9562,9563,9564,9565,9566,9567,9568,9569,9570,9571,9572,9573,9574,9575,9576,9577,9578,9579,9580,9581,9582,9583,9694,9695,9696,9697,9698,9699,9700,9701,9702,9703,9704,9705,9706,9707,9708,9709,9710,9711,9712,9713,9714,9715,9716,9717,9718,9719,9720,9721,9799,9800,9801,9802,9803,9804,9805,9806,9807,9808,9809,9810,9811,9812,9895,9896,9897,9898,9899,9900,9901,9902,9903,9904,9905,9906,9907,9908,9909,9910,9911,9912,9913,9914,9915,9916,9917,9918,9919,9920,9921,9922,9923,9924,9925,9926,9927,10045,10046,10047,10048,10049,10050,10051,10052,10053,10054,10055,10056,10057,10058,10059,10060,10061,10062,10063,10064,10065,10066,10067,10068,10069,10070,10071,10072,10073,10074,10075,10127,10130,10133,10136,10139,10143,10147,10152,10157,10162,10166,10171]",[759],[],[90],[],"[935,936,937,938,939,940,941,1362,1389]","[219,220,221,222]","[10778,10779,10780,10781,10782,10783,10784,10785,10786,10787,10788,10789,10790,10791,10792,10793,10794,10795,10796,10797,10798,10799,10800,10801,10802,10803,10804,10805,10964,10965,10966,10967,10968,10969,10970,10971,10972,10973,10974,10975,10976,10977,10978,10979,10980,10981,10982,10983,10984,10985,10986,10987,10988,10989,10990,10991,11078,11080,11082,11084,11087,11090,11093,11097,11101,11107,11117,11119,11121,11123,11125,11128,11131,11134,11138,11142,11148,11154,11157,11161,11237,11238,11239,11240,11241,11242,11243,11244,11245,11246,11247,11248,11249,11250,11251,11252,11253,11254,11255,11256,11257,11258,11259,11260,11261,11262,11263,11264,11351,11354,11357,11360,11363,11366,11369,11373,11377,11382,11387,11392,11397,11402,11407,11412,11417,11421,11426,11431,11435,11440,11445,11451]",[303],"[428,429]",,,,,,,,,,,,,exact,1834-12-28T12:00:00,,"page_number_string: 110
notes: 
source_full_citation: Ladner, A. (2022). Kantonale Wahlen und Parteiensysteme. IDHEAP.
source_comment: 

page_number_string: 19-22
notes: 
source_full_citation: Holenstein, T. (1934). Geschichte der konservativen Volkspartei des Kantons St.Gallen. Verlag Buchdruckerei Ostschweiz AG St.Gallen.
source_comment: 

page_number_string: 
notes: 
source_full_citation: Bischof, F. X. (2012). St. Gallen (Diözese). In Historisches Lexikon der Schweiz (HLS). Abgerufen am 27. Mai 2026 von https://hls-dhs-dss.ch/de/articles/011404/2012-01-12/
source_comment: 

page_number_string: 
notes: 
source_full_citation: Ritter, W. (2012). CVP St.Gallen - älteste Partei Europas. In Verein Die Politik & CVP Schweiz (Hrsg.), 100 Jahre CVP: Politik der dynamischen Mitte (S. 78-79). Die Politik.
source_comment: ",,,,,,,
302,gruene-sg,,1,"[484,485,486,487]","[447,448,449]",[],[298],[295],"[9584,9585,9586,9587,9588,9589,9590,9591,9592,9593,9594,9722,9723,9724,9725,9726,9727,9728,9729,9730,9731,9732,9813,9814,9815,9816,9817,9928,9929,9930,9931,9932,9933,9934,9935,9936,9937,9938,9939,10076,10077,10078,10079,10080,10081,10082,10083,10084,10085,10086,10087,10149,10154,10168,10174]",[],[],[243],[],"[942,943]",[],"[10806,10807,10808,10809,10810,10811,10812,10813,10814,10815,10816,10817,10818,10819,10820,10821,10822,10823,10824,10825,10826,10827,10992,10993,10994,10995,10996,10997,10998,10999,11000,11001,11002,11003,11004,11005,11006,11007,11008,11009,11010,11011,11012,11013,11103,11109,11113,11114,11115,11144,11150,11265,11266,11267,11268,11269,11270,11271,11272,11273,11274,11275,11276,11277,11278,11279,11280,11281,11282,11283,11284,11285,11286,11287,11288,11371,11375,11379,11384,11389,11394,11399,11404,11409,11414,11437,11442,11448,11454]",[304],[],,,,,,,,,,,,,exact,1983-05-28T12:00:00,"note_translations: languages_code: de-CH
note: Andere Quellen datieren die Parteigründung hingegen erst auf 1985 (https://web.archive.org/web/20060224223050/http:/www.gruene-sg.ch/fileadmin/dokumente/Geschichte_Gr_ne_SG_bis__2005.pdf) oder auf den 10.6.1988 (Gründungsversammlung gemäss https://web.archive.org/web/20060224223024/http://www.gruene-sg.ch/fileadmin/dokumente/gruene_statuten_sg.pdf).","page_number_string: 107
notes: 
source_full_citation: Ziltener, P. (2020). «Teil einer breiten internationalen Überlebensbewegung», Entstehung und Entwicklung der Grünen in St. Gallen, 1983-1989. Abgerufen am 12. Mai 2026 von https://gruene-sg.ch/wp-content/uploads/2020/10/Entstehungsgeschichte_GR%C3%9CNE-Kanton-St.Gallen.pdf
source_comment: 

page_number_string: 
notes: 
source_full_citation: Grüne Kanton St. Gallen. (2025). Porträt. Abgerufen am 13. Mai 2026 von https://web.archive.org/web/20250404185050/https://gruene-sg.ch/portraet/
source_comment: 

page_number_string: 28
notes: 
source_full_citation: Bütikofer, S. & Seitz, W. (Hrsg.). (2023). Die Grünen in der Schweiz. Entwicklung - Wirken - Perspektiven. Seismo.
source_comment: ",,,,,,,
303,glp-sg,,1,"[488,489]",[450],[],[299],[296],"[9595,9596,9597,9598,9599,9733,9734,9735,9736,9737,9818,9940,9941,9942,9943,9944,10088,10089,10090,10091,10092,10173]",[],[],[286],[],[],[],"[10828,10829,10830,10831,10832,10833,10834,10835,10836,10837,11014,11015,11016,11017,11018,11019,11020,11021,11022,11023,11163,11289,11290,11291,11292,11293,11294,11295,11296,11297,11298,11447,11453]",[305],[],,,,,,,,,,,,,exact,2007-07-04T12:00:00,,"page_number_string: 
notes: 
source_full_citation: GLP Kanton St. Gallen. (2017). Grünliberales Engagement. Abgerufen am 12. Mai 2026 von https://web.archive.org/web/20170312055722/http:/www.sg.grunliberale.ch/unsere-partei.html
source_comment: ",,,,,,,
304,evp-sg-1928,,1,[490],[451],[453],[300],[297],"[9600,9738,9945,9946,10093,10094,10095,10096]",[],[],[188],[],[],[],[],[306],[],,,,,,,,,,,,,year,1928-07-01T12:00:00,"note_translations: languages_code: de-CH
note: Hier https://www.evppev.ch/partei/geschichte wird stattdessen 1920 als Gründungsjahr der St. Galler EVP genannt.","page_number_string: 
notes: 
source_full_citation: Weigelt, P. (1987). Übersicht über die st. gallische Parteilandschaft : FDP, CVP, LdU, EVP ([2. Aufl.]). Biber Verlagsorganisation.
source_comment: ",year,1953-07-01T12:00:00,,"page_number_string: 
notes: 
source_full_citation: Weigelt, P. (1987). Übersicht über die st. gallische Parteilandschaft : FDP, CVP, LdU, EVP ([2. Aufl.]). Biber Verlagsorganisation.
source_comment: ",,,
305,evp-sg-1971,,1,[491],"[452,453]",[],[301],[298],"[9601,9602,9603,9604,9605,9606,9607,9608,9609,9610,9611,9739,9740,9741,9742,9743,9744,9745,9746,9747,9748,9749,9947,9948,9949,9950,9951,9952,9953,9954,9955,9956,9957,9958,9959,9960,10097,10098,10099,10100,10101,10102,10103,10104,10105,10106,10107,10108,10109,10110]",[],[],[189],[],"[944,945,946]",[],"[10838,10839,10840,10841,10842,10843,10844,10845,10846,10847,10848,10849,10850,10851,10852,10853,10854,10855,10856,10857,10858,10859,11024,11025,11026,11027,11028,11029,11030,11031,11032,11033,11034,11035,11036,11037,11038,11039,11040,11041,11042,11043,11044,11045,11299,11300,11301,11302,11303,11304,11305,11306,11307,11308,11309,11310,11311,11312,11313,11314,11315,11316,11317,11318,11319,11320,11321,11322,11323,11324,11325,11326]",[307],[430],,,,,,,,,,,,,year,1971-07-01T12:00:00,,"page_number_string: 
notes: 
source_full_citation: Weigelt, P. (1987). Übersicht über die st. gallische Parteilandschaft : FDP, CVP, LdU, EVP ([2. Aufl.]). Biber Verlagsorganisation.
source_comment: ",,,,,,,
306,edu-sg,,1,[492],[454],[],[302],[299],"[9612,9613,9614,9615,9616,9617,9618,9619,9750,9751,9752,9753,9754,9755,9756,9757,9961,9962,9963,9964,9965,9966,9967,10111,10112,10113,10114,10115,10116,10117]",[],[],[263],[],[],[],"[10860,10861,10862,10863,10864,10865,10866,10867,10868,10869,10870,10871,10872,10873,10874,10875,11046,11047,11048,11049,11050,11051,11052,11053,11054,11055,11056,11057,11058,11059,11060,11061,11327,11328,11329,11330,11331,11332,11333,11334,11335,11336,11337,11338,11339,11340]",[308],[],,,,,,,,,,,,,year,1994-07-01T12:00:00,,"page_number_string: 15
notes: 
source_full_citation: EDU Schweiz. (2000). 25 Jahre EDU - UDF, Eidgenössisch-Demokratische Union, Union Démocratique Fédérale : Rückblick, Aufblick, Blick voraus. EDU Schweiz.
source_comment: ",,,,,,,
307,bdp-sg,,1,[493],[455],[],[303],[300],"[9620,9621,9622,9758,9759,9760,9819,9820,9968,9969,10118,10119,10120,10121,10161]",[],[],[312],[],[947],[],"[10876,10877,10878,10879,10880,10881,11062,11063,11064,11065,11066,11067,11106,11147,11153,11341,11342,11343,11344,11425,11430]",[309],[],,,,,,,,,,,,,exact,2009-01-30T12:00:00,,"page_number_string: 
notes: 
source_full_citation: sda. (01. Februar 2009). BDP neu mit neun Kantonalsektionen. Die Südostschweiz. Abgerufen am 12. Mai 2026 von https://essentials.swissdox.ch/
source_comment: ",year,2020-07-01T12:00:00,"note_translations: languages_code: de-CH
note: Die letzten dokumentierten Aktivitäten der BDP SG stammen vom Frühling 2020.  Im Zusammenhang mit der Mitte SG (inkl. der Diskussion um den Namenswechsel) findet sich keinerlei Erwähnung der kantonalen BDP, auch nicht auf der archivierten Website der CVP SG.  Es ist deshalb davon auszugehen, dass es nicht zu einem Zusammengehen der beiden Parteien in SG gekommen ist und dass die BDP SG schon aufhörte zu existieren, bevor ein solcher Schritt hätte konkret werden können.",,,,
308,pda-sg-1944,,1,[494],[456],[457],[304],[301],"[9623,9624,9625,9761,9762,9763,9970,9971,10122,10123]",[],[],[206],[],"[948,949,950,951,952,953,954,955]",[],"[10882,10883,11068,11069]",[310],[],,,,,,,,,,,,,year,1944-07-01T12:00:00,,"page_number_string: 
notes: 
source_full_citation: Hug, R. (08. Mai 2015). Als Moskau in der Ostschweiz siegte. St. Galler Tagblatt. Abgerufen am 12. Mai 2026 von https://essentials.swissdox.ch/
 
source_comment: ",multiyear,1985-01-01T12:00:00,,"page_number_string: 
notes: 
source_full_citation: Fagetti, A. (26. Mai 2003). PdA St. Gallen erlebt ein Revival. St. Galler Tagblatt. Abgerufen am 12. Mai 2026 von https://essentials.swissdox.ch
source_comment: ",,,
309,pda-sg-2003,,1,[495],"[457,458]",[],[305],[302],[],[],[],[207],[],[],[],[],[311],[],,,,,,,,,,,,,exact,2003-02-28T12:00:00,,"page_number_string: 
notes: 
source_full_citation: Fagetti, A. (26. Mai 2003). PdA St. Gallen erlebt ein Revival. St. Galler Tagblatt. Abgerufen am 12. Mai 2026 von https://essentials.swissdox.ch
source_comment: ",unknown,2020-01-01T12:00:00,,,,,
310,auto-sg,,1,[496],[668],[],[306],[303],"[9626,9627,9628,9629,9764,9765,9766,9767,9972,9973,9974,10124,10125,10126]",[],[],[361],[],"[956,957]",[],"[10884,10885,10886,10887,10888,10889,10890,10891,11070,11071,11072,11073,11074,11075,11076,11077,11345,11346,11347,11348,11349,11350]",[312],[],,,,,,,,,,,,,year,1987-07-01T12:00:00,,"page_number_string: 
notes: 
source_full_citation: Staatsarchiv St. Gallen. (2026). Autopartei / Freiheitspartei St.Gallen (APSG). Abgerufen am 12. Mai 2026 von https://dls.staatsarchiv.sg.ch/records/1089251
source_comment: ",month,2000-01-15T12:00:00,,"page_number_string: 
notes: 
source_full_citation: Staatsarchiv St. Gallen. (2026). Autopartei / Freiheitspartei St.Gallen (APSG). Abgerufen am 12. Mai 2026 von https://dls.staatsarchiv.sg.ch/records/1089251
source_comment: ",,,
311,bdp-gr,,1,"[497,498,499,500]","[459,460,461,472]","[463,473]",[307],[304],"[10386,10387,10388,10389,10390,10391,10392,10393,10394,10395,10396,10397,10398,10399,10400,10401,10402,10403,10404,10405,10406,10407,10408,10409,10410,10411,10412,10517,10518,10519,10520,10521,10522,10523,10524,10525,10526,10527,10528,10529,10530,10531,10532,10533,10534,10535,10536,10537,10538,10539,10540,10541,10542,10543,10648,10649,10650,10651,10652,10653,10654,10655,10656,10657,10683,10684,10685,10686,10687,10688,10689,10690,10691,10692,10693,10694,10695,10696,10697,10698,10699,10700,10701,10702,10703,10704,10705,10706,10707,10708,10709,10710,10711,10712,10713,10714,10715,10716,10717,10718,10719,10720,10721,10722,10723,10724,10725,10726,10727,10901,10905,10909,10913,10917,10921,10926,10927,10932,10937]",[],[],[313],[],[],"[223,224,225,226]","[11457,11458,11459,11460,11461,11462,11463,11464,11465,11466,11467,11468,11469,11470,11471,11472,11473,11474,11475,11476,11477,11478,11479,11480,11481,11482,11607,11608,11609,11610,11611,11612,11613,11614,11615,11616,11617,11618,11619,11620,11621,11622,11623,11624,11625,11626,11627,11628,11629,11630,11631,11632,11758,11760,11762,11764,11766,11770,11773,11776,11779,11784,11786,11788,11790,11792,11794,11798,11801,11804,11807,11817,11818,11819,11820,11821,11822,11823,11824,11825,11826,11827,11828,11829,11830,11831,11832,11833,11834,11835,11836,11837,11838,11839,11840,11841,11842,11843,11844,11845,11846,11847,11848,11849,11850,11851,11852,11998,12002,12006,12010,12014,12018,12022,12026,12030,12034,12038,12042,12046,12050,12051,12056,12061,12066,12071,12076]",[313],"[431,432]","note_translations: languages_code: de-CH
note: Es ist unklar, ob die ehemalige Demokratische Partei sich 1971 nur in die SVP umgewandelt hat oder neue Parteiorganisationsmerkmale definiert wurden. Gemäss Ladner (2004: 347) wird das Gründungsjahr 1919 angegeben und auch die alte SVP-Website listet Präsidien seit 1922 auf.",,,,,,,,,,,,exact,1919-09-14T12:00:00,,"page_number_string: 
notes: 
source_full_citation: Seiler, W. (2008). Die Gründung der Demokratischen Partei. Abgerufen am 13. Mai 2026 von https://web.archive.org/web/20080610070312fw_/http://www.svp-gr.ch/Daten/parteichronik1.htm
source_comment: ",exact,2021-06-07T12:00:00,,"page_number_string: 
notes: 
source_full_citation: Schaub, H.-P. (2026). Ausgewählte Beiträge zur Schweizer Politik: Auflösung derBDP und Zusammenschluss mit der CVP zur Mitte, 2022. Année Politique Suisse. Abgerufen am 13. Mai 2026 von https://anneepolitique.swiss/prozesse/64748-auflosung-der-bdp-und-zusammenschluss-mit-der-cvp-zur-mitte
source_comment: ",,,
312,svp-gr,,1,[501],"[462,463]",[],[308],[305],"[10413,10414,10415,10416,10544,10545,10546,10547,10658,10728,10729,10730,10731,10897,10931,10936,10941,10945]",[],[],[152],[],[],[],"[11483,11484,11485,11486,11487,11488,11489,11490,11633,11634,11635,11636,11637,11638,11639,11640,11782,11853,11854,11855,11856,11857,11858,11859,11860,12055,12060,12065,12070,12075,12080,12084,12088]",[314],[],,,,,,,,,,,,,exact,2008-06-19T12:00:00,,"page_number_string: 
notes: 
source_full_citation: Wikipedia. (2026). Die Mitte Graubünden. Abgerufen am 13. Mai 2026 von https://de.wikipedia.org/wiki/Die_Mitte_Graub%C3%Bcnden
source_comment: ",,,,,,,
313,lv-sg,,1,[502],[],"[464,467]",[309],[306],[],[],[],[],[],[],[],[],[315],[],,,,,,,,,,,,,exact,1873-04-02T12:00:00,,"page_number_string: 31
notes: 
source_full_citation: Ehinger, P. (1982). Ringen um die Verfassungen. 1803 bis 1890: Die Parteiorganisation entsteht. In Freisinnig-Demokratische Partei (FDP) des Kantons St. Gallen (Hrsg.), Vom liberalen Verein zur modernen FDP - Geschichte des St. Galler Freisinns 1857-1982, S. 24-43. Buchdruckerei Flawil.
source_comment: ",exact,1890-12-14T12:00:00,,"page_number_string: 41
notes: 
source_full_citation: Ehinger, P. (1982). Ringen um die Verfassungen. 1803 bis 1890: Die Parteiorganisation entsteht. In Freisinnig-Demokratische Partei (FDP) des Kantons St. Gallen (Hrsg.), Vom liberalen Verein zur modernen FDP - Geschichte des St. Galler Freisinns 1857-1982, S. 24-43. Buchdruckerei Flawil.
source_comment: ",,,
314,fbp-ai,,1,[503],[],[],[310],[308],[],[],[],[],[],[993],[],[],[316],[],,,,,,,,,,,,,year,1931-07-01T12:00:00,,"page_number_string: 271
notes: 
source_full_citation: Huber-Schlatter, A. (1987). Politische Institutionen des Landsgemeinde-Kantons Appenzell Innerrhoden. Haupt.
source_comment: ",unknown,1946-01-01T12:00:00,,,,,
315,dem-sg-1881,,1,[504],[467],[468],[311],[309],"[10177,10178,10179,10180,10181,10182,10183,10184,10185,10186,10187]",[],[],[359],[],[],[],[],[317],[],,,,,,,,,,,,,exact,1881-10-23T12:00:00,,"page_number_string: 34
notes: 
source_full_citation: Ehinger, P. (1982). Ringen um die Verfassungen. 1803 bis 1890: Die Parteiorganisation entsteht. In Freisinnig-Demokratische Partei (FDP) des Kantons St. Gallen (Hrsg.), Vom liberalen Verein zur modernen FDP - Geschichte des St. Galler Freisinns 1857-1982, S. 24-43. Buchdruckerei Flawil.
source_comment: ",year,1936-07-01T12:00:00,,"page_number_string: 
notes: 
source_full_citation: Staatsarchiv St. Gallen. (2026). Von Systemliberalen, geifernden Staatsfeinden und Drachentötern. Abgerufen am 13. Mai 2026 von https://dls.staatsarchiv.sg.ch/de/vermittlung/geschichten-staatsarchiv/demokratische-arbeiterpartei-stgallen/
source_comment: ",,,
316,dem-sg-1927,,1,[505],[468],[],[312],[310],"[10188,10189,10190,10191]",[],[],[360],[],[],[],[],[318],[],,,,,,,,,,,,,month,1927-11-15T12:00:00,,"page_number_string: 74
notes: 
source_full_citation: Büchler, H. (1982). Erschütterung und Bewährung. 1912 bis 1945: Weltkriege und Zwischenkriegszeit. In Freisinnig-Demokratische Partei (FDP) des Kantons St. Gallen (Hrsg.), Vom liberalen Verein zur modernen FDP - Geschichte des St. Galler Freisinns 1857 - 1982, S. 61-88. Buchdruckerei Flawil.
source_comment: ",unknown,1935-01-01T12:00:00,,,,,
317,sp-gr,,1,[506],[469],[642],[313],[311],"[10417,10418,10419,10420,10421,10422,10423,10424,10425,10426,10427,10428,10429,10430,10431,10432,10433,10434,10435,10436,10437,10438,10439,10440,10441,10442,10443,10444,10548,10549,10550,10551,10552,10553,10554,10555,10556,10557,10558,10559,10560,10561,10562,10563,10564,10565,10566,10567,10568,10569,10570,10571,10572,10573,10574,10575,10659,10660,10661,10662,10663,10732,10733,10734,10735,10736,10737,10738,10739,10740,10741,10742,10743,10744,10745,10746,10747,10748,10749,10750,10751,10752,10753,10754,10755,10756,10757,10758,10759,10760,10761,10762,10763,10764,10765,10766,10767,10768,10769,10770,10771,10772,10773,10774,10775,10776,10777,10896,10900,10904,10908,10912,10916,10920,10925,10930,10935,10940,10944]",[],[],[119],[],"[1004,1005,1006,1007,1008,1009,1010,1011,1012,1013,1014,1015,1016,1017,1018,1019,1020,1021,1022,1023,1024,1025,1026,1027,1028,1029,1030,1031,1032,1033,1034,1035,1036,1037,1038,1470]","[227,228]","[11491,11492,11493,11494,11495,11496,11497,11498,11499,11500,11501,11502,11503,11504,11505,11506,11507,11508,11509,11510,11511,11512,11513,11514,11515,11516,11517,11518,11641,11642,11643,11644,11645,11646,11647,11648,11649,11650,11651,11652,11653,11654,11655,11656,11657,11658,11659,11660,11661,11662,11663,11664,11665,11666,11667,11668,11769,11772,11775,11778,11797,11800,11803,11806,11814,11861,11862,11863,11864,11865,11866,11867,11868,11869,11870,11871,11872,11873,11874,11875,11876,11877,11878,11879,11880,11881,11882,11883,11884,11885,11886,11887,11888,11889,11890,11891,11892,11893,11894,11895,11896,11897,11898,11997,12001,12005,12009,12013,12017,12021,12025,12029,12033,12037,12041,12045,12049,12054,12059,12064,12069,12074,12079,12083,12087]",[319],"[435,436,437,438,439,440]",,,,,,,,,,,,,exact,1906-05-27T12:00:00,,"page_number_string: 
notes: 
source_full_citation: Berger, H. (01. Mai 2006). Nur ein Blick über die Grenze. Die Südostschweiz. Abgerufen am 18. Mai 2026 von https://essentials.swissdox.ch
source_comment: ",,,,,,,
318,fdplib-gr,,1,"[507,508,509]","[470,471]",[472],[314],[312],"[10445,10446,10447,10448,10449,10450,10451,10452,10453,10454,10455,10456,10457,10458,10459,10460,10461,10462,10463,10464,10465,10466,10467,10468,10469,10470,10471,10472,10576,10577,10578,10579,10580,10581,10582,10583,10584,10585,10586,10587,10588,10589,10590,10591,10592,10593,10594,10595,10596,10597,10598,10599,10600,10601,10602,10603,10664,10665,10666,10667,10668,10778,10779,10780,10781,10782,10783,10784,10785,10786,10787,10788,10789,10790,10791,10792,10793,10794,10795,10796,10797,10798,10799,10800,10801,10802,10803,10804,10805,10806,10807,10808,10809,10810,10811,10812,10813,10814,10815,10816,10817,10818,10819,10820,10821,10822,10823,10893,10899,10903,10907,10911,10915,10919,10924,10929,10934,10939,10943]",[],[],[52],[],"[1039,1040,1041,1042,1043,1044,1045,1046,1522]","[229,230,231]","[11519,11520,11521,11522,11523,11524,11525,11526,11527,11528,11529,11530,11531,11532,11533,11534,11535,11536,11537,11538,11539,11540,11541,11542,11543,11544,11545,11546,11669,11670,11671,11672,11673,11674,11675,11676,11677,11678,11679,11680,11681,11682,11683,11684,11685,11686,11687,11688,11689,11690,11691,11692,11693,11694,11695,11696,11768,11781,11796,11809,11811,11813,11816,11899,11900,11901,11902,11903,11904,11905,11906,11907,11908,11909,11910,11911,11912,11913,11914,11915,11916,11917,11918,11919,11920,11921,11922,11923,11924,11925,11926,11927,11928,11929,11930,11931,11932,11933,11934,11935,11936,11996,12000,12004,12008,12012,12016,12020,12024,12028,12032,12036,12040,12044,12048,12053,12058,12063,12068,12073,12078,12082,12086]",[320],"[441,442]",,,,,,,,,,,,,year,1868-07-01T12:00:00,,"page_number_string: 344
notes: 
source_full_citation: Ladner, A. (2022). Kantonale Wahlen und Parteiensysteme. IDHEAP.
source_comment: ",,,,,,,
319,mitte-gr,,1,[510],"[473,474,477]",[],[315],[313],"[10500,10631,10682,10869,10892,10942]",[],[],[91],[],[994],[],"[11560,11574,11710,11724,11815,11955,11974,12081,12085]",[321],[],,,,,,,,,,,,,exact,2021-06-07T12:00:00,,"page_number_string: 
notes: 
source_full_citation: Mitte Kanton Graubünden. (09. Juni 2021). Die Mitte Graubünden startet in die Zukunft. Abgerufen am 18. Mai 2026 von https://gr.die-mitte.ch/die-mitte-graubuenden-startet-in-die-zukunft/
source_comment: ",,,,,,,
320,cvp-gr,,1,"[511,512,513,514]","[475,476]","[477,486,648]",[316],[314],"[10473,10474,10475,10476,10477,10478,10479,10480,10481,10482,10483,10484,10485,10486,10487,10488,10489,10490,10491,10492,10493,10494,10495,10496,10497,10498,10499,10604,10605,10606,10607,10608,10609,10610,10611,10612,10613,10614,10615,10616,10617,10618,10619,10620,10621,10622,10623,10624,10625,10626,10627,10628,10629,10630,10669,10670,10671,10672,10673,10674,10675,10676,10677,10678,10679,10680,10681,10824,10825,10826,10827,10828,10829,10830,10831,10832,10833,10834,10835,10836,10837,10838,10839,10840,10841,10842,10843,10844,10845,10846,10847,10848,10849,10850,10851,10852,10853,10854,10855,10856,10857,10858,10859,10860,10861,10862,10863,10864,10865,10866,10867,10868,10898,10902,10906,10910,10914,10918,10923,10928,10933,10938]",[],[],[67],[],"[1047,1048,1049,1357,1383]","[232,233,234]","[11547,11548,11549,11550,11551,11552,11553,11554,11555,11556,11557,11558,11559,11561,11562,11563,11564,11565,11566,11567,11568,11569,11570,11571,11572,11573,11697,11698,11699,11700,11701,11702,11703,11704,11705,11706,11707,11708,11709,11711,11712,11713,11714,11715,11716,11717,11718,11719,11720,11721,11722,11723,11757,11759,11761,11763,11765,11767,11771,11774,11777,11780,11783,11785,11787,11789,11791,11793,11795,11799,11802,11805,11808,11810,11812,11937,11938,11939,11940,11941,11942,11943,11944,11945,11946,11947,11948,11949,11950,11951,11952,11953,11954,11956,11957,11958,11959,11960,11961,11962,11963,11964,11965,11966,11967,11968,11969,11970,11971,11972,11973,11995,11999,12003,12007,12011,12015,12019,12023,12027,12031,12035,12039,12043,12047,12052,12057,12062,12067,12072,12077]",[322],"[443,444]",,,,,,,,,,,,,exact,1903-05-22T12:00:00,,"page_number_string: 21
notes: 
source_full_citation: CVP Kanton Graubünden. (2003). 100 jahre cvp graubünden. Spescha & Grünenfelder.
source_comment: ",exact,2021-06-07T12:00:00,,"page_number_string: 
notes: 
source_full_citation: Mitte Kanton Graubünden. (09. Juni 2021). Die Mitte Graubünden startet in die Zukunft. Abgerufen am 18. Mai 2026 von https://gr.die-mitte.ch/die-mitte-graubuenden-startet-in-die-zukunft/
source_comment: ",,,
321,gruene-gr,,1,"[515,516]","[478,479,482]",[],[317],[315],"[10504,10505,10506,10635,10636,10637,10871,10895]",[],[],[244],[],[],[],"[11578,11579,11580,11584,11585,11586,11728,11729,11730,11734,11735,11736,11976,11978]",[323],[],,,,,,,,,,,,,exact,2007-06-26T12:00:00,,"page_number_string: 
notes: 
source_full_citation: Wikipedia. (2026). Grüne Graubünden. Abgerufen am 18. Mai 2026 von https://de.wikipedia.org/wiki/Gr%C3%BCne_Graub%C3%BCnden
source_comment: ",,,,,,,
322,verda-gr,,1,[517],"[480,481]",[482],[318],[316],"[10501,10502,10503,10632,10633,10634,10870]",[],[],[385],[],[],[],"[11575,11576,11577,11581,11582,11583,11725,11726,11727,11731,11732,11733,11975,11977]",[324],[],,,,,,,,,,,,,year,1987-07-01T12:00:00,,"page_number_string: 33
notes: 
source_full_citation: Bütikofer, S. & Seitz, W. (Hrsg.). (2023). Die Grünen in der Schweiz. Entwicklung - Wirken - Perspektiven. Seismo.
source_comment: ",year,2003-07-01T12:00:00,,"page_number_string: 
notes: 
source_full_citation: uhn. (17. März 2003). Graubünden ohne grüne Partei. Neue Zürcher Zeitung. Abgerufen am 18. Mai 2026 von https://essentials.swissdox.ch
source_comment: ",,,
323,glp-gr,,1,[518],[483],[],[319],[317],"[10507,10508,10509,10510,10638,10639,10640,10641,10872,10873,10874,10875,10894]",[],[],[287],[],[995],[],"[11587,11588,11589,11590,11591,11592,11593,11594,11737,11738,11739,11740,11741,11742,11743,11744,11979,11980,11981,11982,11983,11984,11985,11986]",[325],[],,,,,,,,,,,,,exact,2008-02-27T12:00:00,,"page_number_string: 
notes: 
source_full_citation: GLP Kanton Graubünden. (2008). Statuten der Grünliberalen Partei des Kantons Graubünden. Abgerufen am 18. Mai 2026 von https://web.archive.org/web/20110830144532/http:/www.gr.grunliberale.ch/dokumente/grundlagen/statuten.pdf
source_comment: ",,,,,,,
324,evp-gr,,1,[519],[484],[],[320],[318],"[10511,10642]",[],[],[190],[],"[996,997,998,999,1000,1001,1002,1003]",[],"[11595,11596,11745,11746]",[326],[],,,,,,,,,,,,,exact,2007-05-12T12:00:00,,"page_number_string: 
notes: 
source_full_citation: EVP Kanton Graubünden. (2026). Portrait. Abgerufen am 18. Mai 2026 von https://www.evp-gr.ch/partei/portrait
source_comment: ",,,,,,,
325,csp-gr-1987,,1,[520],"[485,487,488,489]",[],[321],[319],"[10512,10643,10888,10889,10890,10891,14819]",[797],[],[383],[],[],[],"[11597,11598,11747,11748,11987,11988,11989,11990,11991,11992,11993,11994]",[327],[],,,,,,,,,,,,,exact,1987-11-07T12:00:00,,"page_number_string: 
notes: 
source_full_citation: stb. (15. Juni 2000). Die CSP des Kantons Graubünden löst sich auf. Neue Zürcher Zeitung. Abgerufen am 18. Mai 2026 von https://essentials.swissdox.ch/de/research?q=eyJmbHQiOlt7ImZsIjoicXVlcnlfdGV4dCIsInZhbCI6WyJjc3AgZ3JhdWLDvG5kZW4iXX0seyJmbCI6ImRhdGV0aW1lIiwidmFsIjpbIjE5MTEtMTEtMzBUMjM6MDA6MDAuMDAwWiIsIjIwMDAtMTItMzFUMjI6NTk6MDAuMDAwWiJdfV0sImV4dCI6dHJ1ZSwic3J0Ijp7ImZsIjoiZGF0ZXRpbWUiLCJkaXIiOiJkZXNjIn19&articleId=15187739&articleView=text
source_comment: 

page_number_string: 55
notes: 
source_full_citation: CVP Kanton Graubünden. (2003). 100 jahre cvp graubünden. Spescha & Grünenfelder.
source_comment: ",month,2000-06-15T12:00:00,,"page_number_string: 
notes: 
source_full_citation: stb. (15. Juni 2000). Die CSP des Kantons Graubünden löst sich auf. Neue Zürcher Zeitung. Abgerufen am 18. Mai 2026 von https://essentials.swissdox.ch/de/research?q=eyJmbHQiOlt7ImZsIjoicXVlcnlfdGV4dCIsInZhbCI6WyJjc3AgZ3JhdWLDvG5kZW4iXX0seyJmbCI6ImRhdGV0aW1lIiwidmFsIjpbIjE5MTEtMTEtMzBUMjM6MDA6MDAuMDAwWiIsIjIwMDAtMTItMzFUMjI6NTk6MDAuMDAwWiJdfV0sImV4dCI6dHJ1ZSwic3J0Ijp7ImZsIjoiZGF0ZXRpbWUiLCJkaXIiOiJkZXNjIn19&articleId=15187739&articleView=text
source_comment: 

page_number_string: 56
notes: 
source_full_citation: CVP Kanton Graubünden. (2003). 100 jahre cvp graubünden. Spescha & Grünenfelder.
source_comment: ",,,
326,csp-gr-1936,,1,"[521,522]","[486,648]",[487],[322],[320],"[10876,10877,10878,10879,10880,10881,10882,10883,10884,10885,10886,10887]",[750],[],[384],[],[],[],[],[328],[],,,,,,,,,,,,,exact,1936-11-15T12:00:00,,"page_number_string: 54
notes: 
source_full_citation: CVP Kanton Graubünden. (2003). 100 jahre cvp graubünden. Spescha & Grünenfelder.
source_comment: 

page_number_string: 148
notes: 
source_full_citation: Vatter, A. (2002). Kantonale Demokratien im Vergleich: Entstehungsgründe, Interaktionen und Wirkungen politischer Institutionen in den Schweizer Kantonen. Leske + Budrich.
source_comment: 

page_number_string: 172-175
notes: 
source_full_citation: Rölli-Alkemper, L. (1993). Die Schweizerische Konservative Volkspartei 1935-1943 : politischer Katholizismus zwischen Emanzipation und Integration. Universitätsverlag Freiburg Schweiz.
source_comment: ",multiyear,1972-01-01T12:00:00,"note_translations: languages_code: de-CH
note: Die Partei scheint nie explizit aufgelöst worden, ab den frühen 1970er Jahren aber nicht mehr aktiv gewesen zu sein: ""...die Christlichsozialen 1971 als integriert in die Gesamtpartei galten. Demzufolge erachteten sie ihre Gruppierung nicht mehr als notwendig. So beschlossen 1973 die Christlichsozialen in der Stadt Chur ihre Partei aufzulösen. Auf kantonaler Ebene sind gemäss der Schrift des langjährigen Parteisekretärs Paul Bruggmann keine Unterlagen vorhanden, die auf einen Beschluss zur Auflösung der christlichsozialen Parteigruppe schliessen lassen. Mit der Zustimmung der Christlichsozialen zu den Statuten der neuen Gesamtpartei, der CVP [1971], betrachtete man diese Angelegenheit offenbar als erledigt."" - Am 7.11.1987 sei es dann ""zu einer Neugründung"" der CSP gekommen (CVP Kanton Graubünden 2003: 55).","page_number_string: 55
notes: 
source_full_citation: CVP Kanton Graubünden. (2003). 100 jahre cvp graubünden. Spescha & Grünenfelder.
source_comment: ",,,
327,edu-gr,,1,[523],[490],[],[323],[321],"[10513,10514,10515,10516,10644,10645,10646,10647]",[],[],[264],[],"[1050,1051]",[],"[11599,11600,11601,11602,11603,11604,11605,11606,11749,11750,11751,11752,11753,11754,11755,11756]",[329],[],,,,,,,,,,,,,year,1995-07-01T12:00:00,,"page_number_string: 15
notes: 
source_full_citation: EDU Schweiz. (2000). 25 Jahre EDU - UDF, Eidgenössisch-Demokratische Union, Union Démocratique Fédérale : Rückblick, Aufblick, Blick voraus. EDU Schweiz.
source_comment: ",,,,,,,
328,svp-ag,,1,"[524,525,526]","[491,492]",[],[324],[322],"[10948,10949,10950,10951,10952,10953,10954,10955,10956,10957,10958,10959,10960,10961,10962,10963,10964,10965,10966,10967,10968,10969,10970,10971,10972,10973,10974,11108,11109,11110,11111,11112,11113,11114,11115,11116,11117,11118,11119,11120,11121,11122,11123,11124,11125,11126,11127,11128,11129,11130,11131,11132,11133,11134,11284,11288,11292,11296,11301,11307,11313,11318,11324,11325,11326,11327,11328,11329,11330,11331,11332,11333,11334,11335,11336,11337,11338,11339,11340,11341,11342,11343,11344,11345,11346,11347,11348,11475,11476,11477,11478,11479,11480,11481,11482,11483,11484,11485,11486,11487,11488,11489,11490,11491,11492,11493,11494,11495,11496,11497,11622,11626,11630,11634,11638,11642,11647,11652,11657,11664,11669,11674]",[],[],[153],[],"[1052,1053,1054,1055,1056]","[235,236,237,238,239]","[12255,12256,12257,12258,12259,12260,12261,12262,12263,12264,12265,12266,12267,12268,12269,12270,12271,12272,12273,12274,12275,12276,12277,12278,12279,12280,12281,12282,12449,12450,12451,12452,12453,12454,12455,12456,12457,12458,12459,12460,12461,12462,12463,12464,12465,12466,12467,12468,12469,12470,12471,12472,12473,12474,12475,12476,12666,12670,12674,12678,12682,12686,12690,12694,12699,12704,12710,12716,12722,12727,12734,12735,12736,12737,12738,12739,12740,12741,12742,12743,12744,12745,12746,12747,12748,12749,12750,12751,12752,12753,12754,12755,12756,12757,12758,12759,12760,12761,12762,12936,12940,12944,12948,12952,12956,12960,12964,12968,12972,12976,12980,12984,12989,12994,13000,13006,13011,13016,13023,13030,13036,13042,13048,13054]",[330],"[445,446]",,,,,,,,,,,,,exact,1920-12-18T12:00:00,,"page_number_string: 
notes: 
source_full_citation: SVP Kanton Aargau. (2026). Geschichte. Abgerufen am 19. Mai 2026 von https://www.svpag.ch/partei/geschichte/
source_comment: ",,,,,,,
329,sp-ag,,1,"[527,528]","[493,530]",[],[325],[323],"[10975,10976,10977,10978,10979,10980,10981,10982,10983,10984,10985,10986,10987,10988,10989,10990,10991,10992,10993,10994,10995,10996,10997,10998,10999,11000,11001,11002,11135,11136,11137,11138,11139,11140,11141,11142,11143,11144,11145,11146,11147,11148,11149,11150,11151,11152,11153,11154,11155,11156,11157,11158,11159,11160,11161,11162,11280,11283,11287,11291,11295,11300,11306,11312,11317,11323,11349,11350,11351,11352,11353,11354,11355,11356,11357,11358,11359,11360,11361,11362,11363,11364,11365,11366,11367,11368,11369,11370,11371,11372,11498,11499,11500,11501,11502,11503,11504,11505,11506,11507,11508,11509,11510,11511,11512,11513,11514,11515,11516,11517,11518,11519,11520,11621,11625,11629,11633,11637,11641,11646,11651,11656,11663,11668,11673]",[],[],[120],[],"[1057,1058,1059,1060,1061,1062,1063,1064,1065,1066,1067,1068,1069,1070,1071,1072,1073,1074,1075,1076,1077,1078,1079,1080,1081,1082,1083,1084,1085,1086,1087,1088,1089,1090,1091,1465]","[240,241,242,243,244]","[12283,12284,12285,12286,12287,12288,12289,12290,12291,12292,12293,12294,12295,12296,12297,12298,12299,12300,12301,12302,12303,12304,12305,12306,12307,12308,12309,12310,12477,12478,12479,12480,12481,12482,12483,12484,12485,12486,12487,12488,12489,12490,12491,12492,12493,12494,12495,12496,12497,12498,12499,12500,12501,12502,12503,12504,12659,12662,12665,12669,12673,12677,12681,12685,12689,12693,12698,12703,12709,12715,12719,12726,12732,12763,12764,12765,12766,12767,12768,12769,12770,12771,12772,12773,12774,12775,12776,12777,12778,12779,12780,12781,12782,12783,12784,12785,12786,12787,12788,12789,12790,12935,12939,12943,12947,12951,12955,12959,12963,12967,12971,12975,12979,12983,12988,12993,12999,13005,13010,13015,13022,13029,13035,13041,13047,13053]",[331],"[447,448,449,450,451,452,453,454]",,,,,,,,,,,,,exact,1902-05-04T12:00:00,,"page_number_string: 110
notes: 
source_full_citation: Ladner, A. (2022). Kantonale Wahlen und Parteiensysteme. IDHEAP.
source_comment: 

page_number_string: 
notes: 
source_full_citation: SP Kanton Aargau. (2002). 100 Jahre SP Kanton Aargau: Kurzer historischer Abriss. Abgerufen am 20. Mai 2026 von https://web.archive.org/web/20020826003310/http:/www.sp-aargau.ch/fest/history.asp
source_comment: ",,,,,,,
330,fdplib-ag,,1,"[529,530]","[494,495]",[],[326],[324],"[11003,11004,11005,11006,11007,11008,11009,11010,11011,11012,11013,11014,11015,11016,11017,11018,11019,11020,11021,11022,11023,11024,11025,11026,11027,11028,11029,11030,11163,11164,11165,11166,11167,11168,11169,11170,11171,11172,11173,11174,11175,11176,11177,11178,11179,11180,11181,11182,11183,11184,11185,11186,11187,11188,11189,11190,11271,11273,11275,11277,11279,11282,11286,11290,11294,11298,11303,11310,11315,11320,11373,11374,11375,11376,11377,11378,11379,11380,11381,11382,11383,11384,11385,11386,11387,11388,11389,11390,11391,11392,11393,11394,11395,11396,11521,11522,11523,11524,11525,11526,11527,11528,11529,11530,11531,11532,11533,11534,11535,11536,11537,11538,11539,11540,11541,11542,11543,11620,11624,11628,11632,11636,11640,11644,11649,11654,11660,11666,11671]",[],[],[53],[],"[1092,1093,1094,1095,1096,1513]","[245,246,247,248,249]","[12311,12312,12313,12314,12315,12316,12317,12318,12319,12320,12321,12322,12323,12324,12325,12326,12327,12328,12329,12330,12331,12332,12333,12334,12335,12336,12337,12338,12505,12506,12507,12508,12509,12510,12511,12512,12513,12514,12515,12516,12517,12518,12519,12520,12521,12522,12523,12524,12525,12526,12527,12528,12529,12530,12531,12532,12644,12646,12648,12650,12652,12654,12656,12658,12661,12664,12668,12672,12676,12680,12684,12688,12692,12696,12701,12706,12712,12721,12725,12733,12791,12792,12793,12794,12795,12796,12797,12798,12799,12800,12801,12802,12803,12804,12805,12806,12807,12808,12809,12810,12811,12812,12813,12814,12815,12816,12817,12818,12934,12938,12942,12946,12950,12954,12958,12962,12966,12970,12974,12978,12982,12986,12991,12997,13003,13008,13013,13019,13026,13032,13038,13044,13050]",[332],"[455,456]",,,,,,,,,,,,,exact,1895-03-08T12:00:00,"note_translations: languages_code: de-CH
note: Alternative Angabe bei HLS (https://hls-dhs-dss.ch/de/articles/007392/2018-02-06/#HPolitischeGeschichteundVerfassungsentwicklung) ist das Gründungsjahr 1894, Ladner (2022: 110) schreibt 1896.","page_number_string: 
notes: 
source_full_citation: Lareida, K. (25. Oktober 1996). In den Wechselbädern der Politik 100 Jahre obenauf geblieben. Aargauer Tagblatt. Abgerufen am 20. Mai 2026 von https://essentials.swissdox.ch
source_comment: 

page_number_string: 
notes: 
source_full_citation: Wikipedia. (2026). FDP.Die Liberalen Aargau. Abgerufen am 20. Mai 2026 von https://de.wikipedia.org/wiki/FDP.Die_Liberalen_Aargau
source_comment: ",,,,,,,
331,mitte-ag,,1,[531],"[496,499,502]",[],[327],[325],"[11058,11218,11319,11420,11566,11670]",[],[],[92],[],[1097],[],"[12352,12366,12546,12560,12728,12832,12846,13043,13049]",[333],[],,,,,,,,,,,,,exact,2021-01-19T12:00:00,,"page_number_string: 
notes: 
source_full_citation: Mitte Kanton Aargau. (19. Januar 2021). Die CVP Aargau heisst neu Die Mitte Aargau. Abgerufen am 20. Mai 2026 von https://diemitteaargau.ch/die-cvp-aargau-heisst-neu-die-mitte-aargau/
source_comment: ",,,,,,,
332,cvp-ag,,1,"[532,533]","[497,498]",[499],[328],[326],"[11031,11032,11033,11034,11035,11036,11037,11038,11039,11040,11041,11042,11043,11044,11045,11046,11047,11048,11049,11050,11051,11052,11053,11054,11055,11056,11057,11191,11192,11193,11194,11195,11196,11197,11198,11199,11200,11201,11202,11203,11204,11205,11206,11207,11208,11209,11210,11211,11212,11213,11214,11215,11216,11217,11270,11272,11274,11276,11278,11281,11285,11289,11293,11297,11302,11309,11314,11397,11398,11399,11400,11401,11402,11403,11404,11405,11406,11407,11408,11409,11410,11411,11412,11413,11414,11415,11416,11417,11418,11419,11544,11545,11546,11547,11548,11549,11550,11551,11552,11553,11554,11555,11556,11557,11558,11559,11560,11561,11562,11563,11564,11565,11619,11623,11627,11631,11635,11639,11643,11648,11653,11659,11665]",[],[],[68],[],"[1098,1099,1348,1374]","[250,251,252,253,254]","[12339,12340,12341,12342,12343,12344,12345,12346,12347,12348,12349,12350,12351,12353,12354,12355,12356,12357,12358,12359,12360,12361,12362,12363,12364,12365,12533,12534,12535,12536,12537,12538,12539,12540,12541,12542,12543,12544,12545,12547,12548,12549,12550,12551,12552,12553,12554,12555,12556,12557,12558,12559,12643,12645,12647,12649,12651,12653,12655,12657,12660,12663,12667,12671,12675,12679,12683,12687,12691,12695,12700,12705,12711,12717,12723,12819,12820,12821,12822,12823,12824,12825,12826,12827,12828,12829,12830,12831,12833,12834,12835,12836,12837,12838,12839,12840,12841,12842,12843,12844,12845,12933,12937,12941,12945,12949,12953,12957,12961,12965,12969,12973,12977,12981,12985,12990,12996,13002,13007,13012,13018,13025,13031,13037]",[334],"[457,458]",,,,,,,,,,,,,year,1892-07-01T12:00:00,,"page_number_string: 
notes: 
source_full_citation: Staehelin, H. (2001). Aargau: Der Staat im 19. und 20. Jahrhundert, Politische Geschichte und Verfassungsentwicklung. In Historisches Lexikon der Schweiz (HLS). Abgerufen am 20. Mai 2026 von https://hls-dhs-dss.ch/de/articles/007392/2018-02-06/#HPolitischeGeschichteundVerfassungsentwicklung
source_comment: 

page_number_string: 110
notes: 
source_full_citation: Ladner, A. (2022). Kantonale Wahlen und Parteiensysteme. IDHEAP.
source_comment: ",exact,2021-01-19T12:00:00,,"page_number_string: 
notes: 
source_full_citation: Mitte Kanton Aargau. (19. Januar 2021). Die CVP Aargau heisst neu Die Mitte Aargau. Abgerufen am 20. Mai 2026 von https://diemitteaargau.ch/die-cvp-aargau-heisst-neu-die-mitte-aargau/
source_comment: ",,,
333,bdp-ag,,1,[534],"[500,501]",[502],[329],[327],"[11059,11060,11061,11219,11220,11221,11308,11421,11422,11423,11424,11567,11568,11569,11658]",[],[],[314],[],[1100],[],"[12367,12368,12369,12370,12371,12372,12561,12562,12563,12564,12565,12566,12720,12847,12848,12849,12850,12851,12852,12995,13001,13017,13024]",[335],[],,,,,,,,,,,,,exact,2008-11-21T12:00:00,,"page_number_string: 
notes: 
source_full_citation: Berger, E. (30. November 2018). Gekommen, um zu bleiben – wie lange noch? Aargauer Zeitung. Abgerufen am 20. Mai 2026 von https://essentials.swissdox.ch
source_comment: ",exact,2021-01-19T12:00:00,,"page_number_string: 
notes: 
source_full_citation: Mitte Kanton Aargau. (19. Januar 2021). Die CVP Aargau heisst neu Die Mitte Aargau. Abgerufen am 20. Mai 2026 von https://diemitteaargau.ch/die-cvp-aargau-heisst-neu-die-mitte-aargau/
source_comment: ",,,
334,gruene-ag,,1,[535],"[503,504]",[],[330],[328],"[11062,11063,11064,11065,11066,11067,11068,11069,11070,11071,11222,11223,11224,11225,11226,11227,11228,11229,11230,11231,11299,11305,11311,11316,11322,11425,11426,11427,11428,11429,11430,11431,11432,11433,11434,11435,11570,11571,11572,11573,11574,11575,11576,11577,11578,11579,11580,11645,11650,11655,11662,11667,11672]",[],[],[245],[],"[1101,1102,1103,1104]",[],"[12373,12374,12375,12376,12377,12378,12379,12380,12381,12382,12383,12384,12385,12386,12387,12388,12389,12390,12391,12392,12567,12568,12569,12570,12571,12572,12573,12574,12575,12576,12577,12578,12579,12580,12581,12582,12583,12584,12585,12586,12697,12702,12708,12714,12718,12724,12731,12853,12854,12855,12856,12857,12858,12859,12860,12861,12862,12863,12864,12865,12866,12867,12868,12869,12870,12871,12872,12873,12874,12987,12992,12998,13004,13009,13014,13021,13028,13034,13040,13046,13052]",[336],[],,,,,,,,,,,,,exact,1983-08-13T12:00:00,,"page_number_string: 
notes: 
source_full_citation: Velati, M. (19. August 2013). Vom bunten Haufen zur etablierten Partei: 30 Jahre Grüne Aargau. SRF. Abgerufen am 20. Mai 2026 von https://essentials.swissdox.ch
source_comment: ",,,,,,,
335,glp-ag,,1,[536],[505],[],[331],[329],"[11072,11073,11074,11075,11232,11233,11234,11235,11304,11321,11436,11437,11438,11439,11440,11581,11582,11583,11584,11585,11661]",[],[],[288],[],"[1105,1106,1107]",[],"[12393,12394,12395,12396,12397,12398,12399,12400,12587,12588,12589,12590,12591,12592,12593,12594,12707,12713,12730,12875,12876,12877,12878,12879,12880,12881,12882,12883,12884,13020,13027,13033,13039,13045,13051]",[337],[],,,,,,,,,,,,,exact,2008-06-27T12:00:00,,"page_number_string: 
notes: 
source_full_citation: GLP Kanton Aargau. (2008). Leitlinien der Grünliberalen Partei Kanton Aargau. Abgerufen am 23. Mai 2025 von https://ag.grunliberale.ch/partei/leitlinien_positionspapiere.html
source_comment: ",,,,,,,
336,evp-ag,,1,[537],[506],[],[332],[330],"[11076,11077,11078,11079,11080,11081,11082,11083,11084,11085,11086,11087,11088,11089,11090,11091,11092,11093,11094,11095,11096,11097,11236,11237,11238,11239,11240,11241,11242,11243,11244,11245,11246,11247,11248,11249,11250,11251,11252,11253,11254,11255,11256,11257,11258,11259,11441,11442,11443,11444,11445,11446,11447,11448,11449,11450,11451,11452,11453,11454,11455,11456,11457,11458,11459,11460,11461,11462,11463,11464,11586,11587,11588,11589,11590,11591,11592,11593,11594,11595,11596,11597,11598,11599,11600,11601,11602,11603,11604,11605,11606,11607,11608]",[],[],[191],[],"[1108,1109,1110,1111,1112,1113]",[],"[12401,12402,12403,12404,12405,12406,12407,12408,12409,12410,12411,12412,12413,12414,12415,12416,12417,12418,12419,12420,12421,12422,12423,12424,12425,12426,12427,12428,12595,12596,12597,12598,12599,12600,12601,12602,12603,12604,12605,12606,12607,12608,12609,12610,12611,12612,12613,12614,12615,12616,12617,12618,12619,12620,12621,12622,12729,12885,12886,12887,12888,12889,12890,12891,12892,12893,12894,12895,12896,12897,12898,12899,12900,12901,12902,12903,12904,12905,12906,12907,12908,12909,12910,12911,12912]",[338],[],,,,,,,,,,,,,month,1921-10-15T12:00:00,,"page_number_string: 2
notes: 
source_full_citation: EVP Kanton Aargau. (2021). 100 Jahre Jubiläum. Abgerufen am 20. Mai 2026 von https://www.evp-ag.ch/fileadmin/user_upload/aargau/Fotos_100_Jahre_EVP_Aargau/EVP_Jubila__um_Vers2_GzD_210702_Web_Version.pdf
source_comment: ",,,,,,,
337,edu-ag,,1,[538],[507],[],[333],[331],"[11098,11099,11100,11101,11102,11103,11104,11105,11106,11260,11261,11262,11263,11264,11265,11266,11267,11268,11465,11466,11467,11468,11469,11470,11471,11472,11473,11474,11609,11610,11611,11612,11613,11614,11615,11616,11617,11618]",[],[],[265],[],"[1114,1115,1116]",[],"[12429,12430,12431,12432,12433,12434,12435,12436,12437,12438,12439,12440,12441,12442,12443,12444,12445,12446,12623,12624,12625,12626,12627,12628,12629,12630,12631,12632,12633,12634,12635,12636,12637,12638,12639,12640,12913,12914,12915,12916,12917,12918,12919,12920,12921,12922,12923,12924,12925,12926,12927,12928,12929,12930,12931,12932]",[339],[459],,,,,,,,,,,,,year,1987-07-01T12:00:00,,"page_number_string: 15
notes: 
source_full_citation: EDU Schweiz. (2000). 25 Jahre EDU - UDF, Eidgenössisch-Demokratische Union, Union Démocratique Fédérale : Rückblick, Aufblick, Blick voraus. EDU Schweiz.
source_comment: ",,,,,,,
338,pda-ag,,1,[539],[508],[],[334],[332],"[11107,11269]",[],[],[208],[],[],[],"[12447,12448,12641,12642]",[340],[],,,,,,,,,,,,,year,2022-07-01T12:00:00,,"page_number_string: 
notes: 
source_full_citation: PdA Schweiz. (2025). Chronologie zur Geschichte der KPS und der PdA. Abgerufen am 30. September 2025 von https://pda.ch/geschichte-pdas/
source_comment: ",,,,,,,
339,ufl-ch,,,[540],[],"[509,510]",[335],[333],[],[],[],[],[],[],[],[],[341],[],,,de-CH,Parteienföderation aus FDP und LPS,,,,,,,,,exact,2005-06-25T12:00:00,,,exact,2008-12-31T12:00:00,,,,,
340,svp-tg,,1,[541],"[511,538]",[],[336],[334],"[11675,11676,11677,11678,11679,11680,11681,11682,11683,11684,11815,11816,11817,11818,11819,11820,11821,11822,11823,11824,11962,11965,11968,11972,11975,11979,11984,11986,11990,11994,11995,11996,11997,11998,11999,12000,12001,12002,12003,12004,12107,12108,12109,12110,12111,12112,12113,12114,12115,12116,12228,12232,12236,12240,12244,12248,12252,12257,12262,12268]",[],[],[154],[],"[1117,1118,1119]",[],"[13055,13056,13057,13058,13059,13060,13061,13062,13063,13064,13065,13066,13067,13068,13069,13070,13071,13072,13073,13074,13229,13230,13231,13232,13233,13234,13235,13236,13237,13238,13239,13240,13241,13242,13243,13244,13245,13246,13247,13248,13413,13417,13420,13423,13426,13429,13433,13437,13440,13443,13447,13451,13456,13461,13463,13467,13471,13472,13473,13474,13475,13476,13477,13478,13479,13480,13481,13482,13483,13484,13485,13486,13487,13488,13489,13490,13491,13669,13673,13677,13681,13685,13689,13693,13697,13701,13705,13709,13713,13717,13721,13726,13731,13736,13741,13746,13751]",[342],"[460,461]",,,,,,,,,,,,,exact,1985-04-23T12:00:00,"note_translations: languages_code: de-CH
note: Bei Ladner (2022: 110) wird die Gründung hingegen auf das Jahr 1982 datiert.","page_number_string: 
notes: 
source_full_citation: Schuck, J. (30. Oktober 2025). Vor 40 Jahren von der FDP getrennt. Thurgauer Zeitung. Abgerufen am 25. Mai 2026 von https://www.thurgauerzeitung.ch/ostschweiz/kanton-thurgau/svp-thurgau-feiert-40-jahre-mit-toni-brunner-ld.4036925
source_comment: ",,,,,,,
341,sp-tg,,1,[542],[512],[],[337],[335],"[11685,11686,11687,11688,11689,11690,11691,11692,11693,11694,11695,11696,11697,11698,11699,11700,11701,11702,11703,11704,11705,11706,11707,11708,11709,11710,11711,11712,11825,11826,11827,11828,11829,11830,11831,11832,11833,11834,11835,11836,11837,11838,11839,11840,11841,11842,11843,11844,11845,11846,11847,11848,11849,11850,11851,11852,11961,11964,11967,11971,11974,11978,11983,11989,12005,12006,12007,12008,12009,12010,12011,12012,12013,12014,12015,12016,12017,12018,12019,12020,12021,12022,12023,12024,12025,12117,12118,12119,12120,12121,12122,12123,12124,12125,12126,12127,12128,12129,12130,12131,12132,12133,12134,12135,12136,12137,12221,12224,12227,12231,12235,12239,12243,12247,12251,12256,12261,12267]",[],[],[121],[],"[1122,1123,1124,1125,1126,1127,1128,1129,1130,1131,1132,1133,1134,1135,1136,1137,1138,1139,1140,1141,1142,1143,1144,1145,1146,1147,1148,1149,1150,1151,1152,1153,1477]",[255],"[13075,13076,13077,13078,13079,13080,13081,13082,13083,13084,13085,13086,13087,13088,13089,13090,13091,13092,13093,13094,13095,13096,13097,13098,13099,13100,13101,13102,13249,13250,13251,13252,13253,13254,13255,13256,13257,13258,13259,13260,13261,13262,13263,13264,13265,13266,13267,13268,13269,13270,13271,13272,13273,13274,13275,13276,13412,13416,13419,13422,13425,13428,13432,13436,13439,13442,13446,13450,13455,13460,13465,13492,13493,13494,13495,13496,13497,13498,13499,13500,13501,13502,13503,13504,13505,13506,13507,13508,13509,13510,13511,13512,13513,13514,13515,13516,13517,13518,13519,13656,13659,13662,13665,13668,13672,13676,13680,13684,13688,13692,13696,13700,13704,13708,13712,13716,13720,13725,13730,13735,13740,13745,13750]",[343],"[462,463]",,,,,,,,,,,,,year,1906-07-01T12:00:00,,"page_number_string: 110
notes: 
source_full_citation: Ladner, A. (2022). Kantonale Wahlen und Parteiensysteme. IDHEAP.
source_comment: ",,,,,,,
342,fdplib-tg,,1,"[543,544]","[513,514]",[],[338],[336],"[11713,11714,11715,11716,11717,11718,11719,11720,11721,11722,11723,11724,11725,11726,11727,11728,11729,11730,11731,11732,11733,11734,11735,11736,11737,11738,11739,11740,11853,11854,11855,11856,11857,11858,11859,11860,11861,11862,11863,11864,11865,11866,11867,11868,11869,11870,11871,11872,11873,11874,11875,11876,11877,11878,11879,11880,11955,11956,11957,11958,11960,11963,11966,11970,11981,11992,12026,12027,12028,12029,12030,12031,12032,12033,12034,12035,12036,12037,12038,12039,12040,12041,12042,12043,12044,12045,12046,12138,12139,12140,12141,12142,12143,12144,12145,12146,12147,12148,12149,12150,12151,12152,12153,12154,12155,12156,12157,12158,12220,12223,12226,12230,12234,12238,12242,12246,12250,12254,12259,12265]",[],[],[54],[],"[1120,1121,1525]","[256,257,258,259,260]","[13103,13104,13105,13106,13107,13108,13109,13110,13111,13112,13113,13114,13115,13116,13117,13118,13119,13120,13121,13122,13123,13124,13125,13126,13127,13128,13129,13130,13277,13278,13279,13280,13281,13282,13283,13284,13285,13286,13287,13288,13289,13290,13291,13292,13293,13294,13295,13296,13297,13298,13299,13300,13301,13302,13303,13304,13403,13404,13405,13406,13407,13408,13409,13411,13415,13418,13421,13424,13427,13431,13435,13453,13458,13469,13520,13521,13522,13523,13524,13525,13526,13527,13528,13529,13530,13531,13532,13533,13534,13535,13536,13537,13538,13539,13540,13541,13542,13543,13544,13545,13546,13547,13655,13658,13661,13664,13667,13671,13675,13679,13683,13687,13691,13695,13699,13703,13707,13711,13715,13719,13723,13728,13733,13738,13743,13748]",[344],[],,,,,,,,,,,,,exact,1890-12-28T12:00:00,,"page_number_string: 1
notes: 
source_full_citation: Schönholzer, W. (13. Februar 2015). 125 Jahre FDP / Gemeindewahlen. In Thurgauer Freisinn. Abgerufen am 25. Mai 2026 von https://www.fdp-tg.ch/fileadmin/groups/499/pdf/Thurgauer_Freisinn/FDP_TG_Freisinn_2015_1.pdf
source_comment: ",,,,,,,
343,cvp-tg,,1,"[545,546,547]",[515],"[517,529]",[339],[337],"[11741,11742,11743,11744,11745,11746,11747,11748,11749,11750,11751,11752,11753,11754,11755,11881,11882,11883,11884,11885,11886,11887,11888,11889,11890,11891,11892,11893,11894,11895]",[],[],[69],[],[],[],"[13131,13145,13305,13319]",[345],[],,,,,,,,,,,,,year,1905-07-01T12:00:00,,"page_number_string: 
notes: 
source_full_citation: Salathé, A. (2012). Thurgau: Staat und Politik im 19. und 20. Jahrhundert. In Historisches Lexikon der Schweiz (HLS). Abgerufen am 25. Mai 2026 von https://hls-dhs-dss.ch/de/articles/007393/2017-05-22/#HAnfE4ngeimjungenBundesstaat1849-1869
source_comment: ",exact,1973-06-28T12:00:00,,"page_number_string: 
notes: 
source_full_citation: Staatsarchiv des Kantons Thurgau. (2026). Katholische Kantonalparteien im Thurgau (1906-2006). Abgerufen am 25. Mai 2026 von https://archivportal.tg.ch/records/289117
source_comment: ",,,
344,mitte-tg,,1,"[549,550]","[516,517,518,519]",[],[340],[338],"[11756,11757,11758,11759,11760,11761,11762,11763,11764,11765,11766,11767,11768,11896,11897,11898,11899,11900,11901,11902,11903,11904,11905,11906,11907,11908,11959,11969,11973,11976,11980,11985,11987,11991,12047,12048,12049,12050,12051,12052,12053,12054,12055,12056,12057,12058,12059,12159,12160,12161,12162,12163,12164,12165,12166,12167,12168,12169,12170,12171,12219,12222,12225,12229,12233,12237,12241,12245,12249,12253,12258,12263]",[],[],[93],[],"[1154,1155,1156,1365,1393]",[],"[13132,13133,13134,13135,13136,13137,13138,13139,13140,13141,13142,13143,13144,13146,13147,13148,13149,13150,13151,13152,13153,13154,13155,13156,13157,13158,13306,13307,13308,13309,13310,13311,13312,13313,13314,13315,13316,13317,13318,13320,13321,13322,13323,13324,13325,13326,13327,13328,13329,13330,13331,13332,13410,13414,13430,13434,13438,13441,13444,13448,13452,13457,13462,13464,13468,13548,13549,13550,13551,13552,13553,13554,13555,13556,13557,13558,13559,13560,13561,13562,13563,13564,13565,13566,13567,13568,13569,13570,13571,13572,13573,13654,13657,13660,13663,13666,13670,13674,13678,13682,13686,13690,13694,13698,13702,13706,13710,13714,13718,13722,13727,13732,13737,13742,13747]",[346],"[464,465]",,,,,,,,,,,,,exact,1973-06-28T12:00:00,,"page_number_string: 
notes: 
source_full_citation: Staatsarchiv des Kantons Thurgau. (2026). Katholische Kantonalparteien im Thurgau (1906-2006). Abgerufen am 25. Mai 2026 von https://archivportal.tg.ch/records/289117
source_comment: ",,,,,,,
345,csp-tg,,1,[548],"[528,529]",[516],[341],[339],"[11769,11770,11771,11772,11773,11774,11909,11910,11911,11912,11913,11914]","[751,752,753,754,755,756,757]",[],[381],[],[],[],[],[347],[],,,,,,,,,,,,,year,1947-07-01T12:00:00,,"page_number_string: 
notes: 
source_full_citation: Staatsarchiv des Kantons Thurgau. (2026). Katholische Kantonalparteien im Thurgau (1906-2006). Abgerufen am 25. Mai 2026 von https://archivportal.tg.ch/records/289117
source_comment: 

page_number_string: 112
notes: 
source_full_citation: Casetti, G. (1979). Partei und Christlichsoziale: Die heilsame Unruh. In U. Altermatt & H. P. Fagagnini (Hrsg.), Die CVP zwischen Programm und Wirklichkeit (S. 106-123). Benziger.
source_comment: ",exact,1973-06-28T12:00:00,,"page_number_string: 
notes: 
source_full_citation: Staatsarchiv des Kantons Thurgau. (2026). Katholische Kantonalparteien im Thurgau (1906-2006). Abgerufen am 25. Mai 2026 von https://archivportal.tg.ch/records/289117
source_comment: 

page_number_string: 113
notes: 
source_full_citation: Casetti, G. (1979). Partei und Christlichsoziale: Die heilsame Unruh. In U. Altermatt & H. P. Fagagnini (Hrsg.), Die CVP zwischen Programm und Wirklichkeit (S. 106-123). Benziger.
source_comment: ",,,
346,bdp-tg,,1,[551],"[520,521]",[],[342],[340],"[11775,11776,11777,11915,11916,11917,12060,12061,12062,12172,12173,12174]",[],[],[315],[],[1157],[],"[13159,13160,13161,13162,13163,13164,13333,13334,13335,13336,13337,13338,13574,13575,13576,13577,13578,13579]",[348],[],,,,,,,,,,,,,exact,2008-11-10T12:00:00,,"page_number_string: 
notes: 
source_full_citation: ?. (11. November 2008). BDP Thurgau aus Taufe gehoben. Thurgauer Zeitung. Abgerufen am 26. Mai 2026 von https://essentials.swissdox.ch
source_comment: ",exact,2021-05-31T12:00:00,,"page_number_string: 
notes: 
source_full_citation: Schaub, H.-P. (2025). Ausgewählte Beiträge zur Schweizer Politik: Auflösung der BDP und Zusammenschluss mit der CVP zur Mitte, 2022. Année Politique Suisse. Abgerufen am 09. September 2025 von https://anneepolitique.swiss/prozesse/64748-auflosung-der-bdp-und-zusammenschluss-mit-der-cvp-zur-mitte
source_comment: 

page_number_string: 
notes: 
source_full_citation: sda. (04. Juni 2021). Thurgauer BDP löst sich auf - kein Zusammenschluss mit CVP. In Nau.ch. Abgerufen am 26. Mai 2026 von https://www.nau.ch/ort/frauenfeld/thurgauer-bdp-lost-sich-auf-kein-zusammenschluss-mit-cvp-65940696
source_comment: ",,,
347,gruene-tg,,1,"[552,553]",[522],[],[343],[341],"[11778,11779,11780,11781,11782,11783,11784,11785,11786,11787,11788,11918,11919,11920,11921,11922,11923,11924,11925,11926,11927,11928,11977,11982,11988,12063,12064,12065,12066,12067,12068,12069,12070,12071,12072,12073,12175,12176,12177,12178,12179,12180,12181,12182,12183,12184,12185,12266]",[],[],[246],[],"[1158,1159]",[],"[13165,13166,13167,13168,13169,13170,13171,13172,13173,13174,13175,13176,13177,13178,13179,13180,13181,13182,13183,13184,13185,13186,13339,13340,13341,13342,13343,13344,13345,13346,13347,13348,13349,13350,13351,13352,13353,13354,13355,13356,13357,13358,13359,13360,13445,13449,13454,13459,13466,13580,13581,13582,13583,13584,13585,13586,13587,13588,13589,13590,13591,13592,13593,13594,13595,13596,13597,13598,13599,13600,13601,13744,13749]",[349],"[466,467,468,469,470,471,472,473,474,475,476,477]",,,,,,,,,,,,,multimonth,1983-12-01T12:00:00,,"page_number_string: 
notes: 
source_full_citation: Schuck, J. (08. Januar 2024). Grüne feiern: «40 ist das beste Alter». Thurgauer Zeitung.
source_comment: ",,,,,,,
348,glp-tg,,1,[554],[523],[],[344],[342],"[11789,11790,11791,11792,11929,11930,11931,11932,11993,12074,12075,12076,12077,12078,12186,12187,12188,12189,12190,12255,12260]",[],[],[289],[],[1160],[],"[13187,13188,13189,13190,13191,13192,13193,13194,13361,13362,13363,13364,13365,13366,13367,13368,13470,13602,13603,13604,13605,13606,13607,13608,13609,13610,13611,13724,13729,13734,13739]",[350],[],,,,,,,,,,,,,exact,2008-01-09T12:00:00,,"page_number_string: 
notes: 
source_full_citation: GLP Kanton Thurgau. (2026). Unsere Geschichte. Abgerufen am 26. Mai 2026 von https://tg.grunliberale.ch/partei/verein/unsere-geschichte/
source_comment: ",,,,,,,
349,evp-tg,,1,[555],[524],[],[345],[343],"[11793,11794,11795,11796,11797,11798,11799,11800,11801,11802,11933,11934,11935,11936,11937,11938,11939,11940,11941,11942,12079,12080,12081,12082,12083,12084,12085,12086,12087,12088,12089,12090,12091,12092,12093,12094,12095,12096,12097,12098,12099,12191,12192,12193,12194,12195,12196,12197,12198,12199,12200,12201,12202,12203,12204,12205,12206,12207,12208,12209,12210,12211,12264]",[],[],[192],[],"[1161,1162]",[],"[13195,13196,13197,13198,13199,13200,13201,13202,13203,13204,13205,13206,13207,13208,13209,13210,13211,13212,13213,13214,13369,13370,13371,13372,13373,13374,13375,13376,13377,13378,13379,13380,13381,13382,13383,13384,13385,13386,13387,13388,13612,13613,13614,13615,13616,13617,13618,13619,13620,13621,13622,13623,13624,13625,13626,13627,13628,13629,13630,13631,13632,13633,13634,13635,13636,13637,13638,13639]",[351],[],,,,,,,,,,,,,year,1955-07-01T12:00:00,,"page_number_string: 
notes: 
source_full_citation: EVP Schweiz. (2025). Geschichte. Abgerufen am 09. September 2025 von https://www.evppev.ch/partei/geschichte
source_comment: ",,,,,,,
350,edu-tg,,1,[556],[525],[],[346],[344],"[11803,11804,11805,11806,11807,11808,11809,11943,11944,11945,11946,11947,11948,11949,12100,12101,12102,12103,12104,12105,12106,12212,12213,12214,12215,12216,12217,12218]",[],[],[266],[],"[1163,1164]",[],"[13215,13216,13217,13218,13219,13220,13221,13222,13223,13224,13225,13226,13227,13228,13389,13390,13391,13392,13393,13394,13395,13396,13397,13398,13399,13400,13401,13402,13640,13641,13642,13643,13644,13645,13646,13647,13648,13649,13650,13651,13652,13653]",[352],[],,,,,,,,,,,,,year,1997-07-01T12:00:00,,"page_number_string: 15
notes: 
source_full_citation: EDU Schweiz. (2000). 25 Jahre EDU - UDF, Eidgenössisch-Demokratische Union, Union Démocratique Fédérale : Rückblick, Aufblick, Blick voraus. EDU Schweiz.
source_comment: ",,,,,,,
351,pda-tg,,1,[557],[526],[],[347],[345],[],[],[],[209],[],"[1165,1166,1167,1168,1169,1170,1171]",[],[],[353],[],,,,,,,,,,,,,year,1945-07-01T12:00:00,,"page_number_string: 162
notes: 
source_full_citation: Rauber, A. (2003). Formierter Widerstand: Geschichte der kommunistischen Bewegung in der Schweiz 1944-1991. Edition 8.
source_comment: ",multiyear,1955-01-01T12:00:00,,"page_number_string: 284
notes: 
source_full_citation: Rauber, A. (2003). Formierter Widerstand: Geschichte der kommunistischen Bewegung in der Schweiz 1944-1991. Edition 8.
source_comment: ",,,
352,dem-tg,,1,[558],[],[],[348],[346],"[11810,11811,11812,11813,11814,11950,11951,11952,11953,11954]",[],[],[405],[],[],[],[],[354],[],,,,,,,,,,,,,exact,1891-02-01T12:00:00,,"page_number_string: 
notes: 
source_full_citation: Schönholzer, W. (13. Februar 2015). 125 Jahre FDP / Gemeindewahlen. In Thurgauer Freisinn. Abgerufen am 25. Mai 2026 von https://www.fdp-tg.ch/fileadmin/groups/499/pdf/Thurgauer_Freisinn/FDP_TG_Freisinn_2015_1.pdf
source_comment: ",year,1932-07-01T12:00:00,,"page_number_string: 
notes: 
source_full_citation: Salathé, A. (2012). Thurgau: Staat und Politik im 19. und 20. Jahrhundert. In Historisches Lexikon der Schweiz (HLS). Abgerufen am 25. Mai 2026 von https://hls-dhs-dss.ch/de/articles/007393/2017-05-22/#HAnfE4ngeimjungenBundesstaat1849-1869
source_comment: ",,,
353,gruetli-ag,,1,[],[532],[530],[349],[347],[],[],[],[318],[],[],[],[],[355],[],,,,,,,,,,,,,unknown,1849-01-01T12:00:00,"note_translations: languages_code: de-CH
note: Der städtische Grütliverein in Aarau wurde 1849 gegründet (https://sp-aarau.ch/geschichte/). Zum Gründungsdatum des Aargauer Grütliverbands liegen uns keine Quellen vor.",,exact,1902-05-04T12:00:00,"note_translations: languages_code: de-CH
note: Am 4.5.1902 trat der Grütliverein Aargau der SP Schweiz bei und ""damit vollzog sich auch die Gründung der «Aargauischen Arbeiterpartei»"" (https://web.archive.org/web/20020826003310/http:/www.sp-aargau.ch/fest/history.asp) bzw. ""aus ihm ging die Aargauische Arbeiterpartei hervor"" (https://hls-dhs-dss.ch/de/articles/007392/2018-02-06/#HPolitischeGeschichteundVerfassungsentwicklung). Ob sich der Grütliverein damit auflöste oder innerhalb der Arbeiterpartei quasi als Teilorganisation/Kollektivmitglied noch weiterexistierte, geht aus den uns vorliegenden Quellen nicht eindeutig hervor.","page_number_string: 
notes: 
source_full_citation: SP Kanton Aargau. (2002). 100 Jahre SP Kanton Aargau: Kurzer historischer Abriss. Abgerufen am 20. Mai 2026 von https://web.archive.org/web/20020826003310/http:/www.sp-aargau.ch/fest/history.asp
source_comment: ",,,
354,sp-ai-192x,,1,[559],[534],[],[350],[348],[],[],[],[122],[],[],[],[],[356],[],,,,,,,,,,,,,multiyear,1925-01-01T12:00:00,,"page_number_string: 489-490
notes: 
source_full_citation: Grosser, H. & Hangartner, N. (1993). Appenzell Innerrhoden (Band 3). In Regierungen der beiden Halbkantone Appenzell (Hrsg.), Appenzeller Geschichte: Zur 450-Jahrfeier des Appenzellerbundes 1513-1963. Kantonskanzlei.
source_comment: ",multiyear,1947-01-01T12:00:00,,"page_number_string: 489-490
notes: 
source_full_citation: Grosser, H. & Hangartner, N. (1993). Appenzell Innerrhoden (Band 3). In Regierungen der beiden Halbkantone Appenzell (Hrsg.), Appenzeller Geschichte: Zur 450-Jahrfeier des Appenzellerbundes 1513-1963. Kantonskanzlei.
source_comment: ",,,
355,ov-sg,,1,[561],[],[535],[351],[349],[],[],[],[],[],[],[],[],[357],[],,,,,,,,,,,,,exact,1834-10-24T12:00:00,,"page_number_string: 18
notes: 
source_full_citation: Holenstein, T. (1934). Geschichte der konservativen Volkspartei des Kantons St.Gallen. Verlag Buchdruckerei Ostschweiz AG St.Gallen.
source_comment: ",exact,1834-12-28T12:00:00,,,,,
356,auto-ch,,,"[562,563,564,565]",[],"[667,668]",[352],[350],[],"[800,801,802]",[],[319],[],[1535],[],[],[358],[],,,de-CH,,https://hls-dhs-dss.ch/de/articles/017418/,,,fr-CH,,https://hls-dhs-dss.ch/fr/articles/017418/,,,exact,1985-02-25T12:00:00,,"page_number_string: 135
notes: 
source_full_citation: Altermatt, U. et al. (1994). Rechte und linke Fundamentalopposition. Studien zur Schweizer Politik 1965-1990. Helbing & Lichtenhahn.
source_comment: 

page_number_string: 
notes: 
source_full_citation: ? (21. März 2015). Die Auto-Partei: Aufstieg und Fall eines politischen Unikums. Aargauer Zeitung. Abgerufen am 26. August 2026 von https://www.aargauerzeitung.ch/aargau/kanton-aargau/die-auto-partei-aufstieg-und-fall-eines-politischen-unikums-ld.1681649
source_comment: ",,,,,,,
357,rep-ch,,,"[566,567]",[536],[537],[353],[351],[],"[760,761]",[],[397],[],[],[],[],[359],[],,,,,,,,,,,,,exact,1971-05-12T12:00:00,,"page_number_string: 120
notes: 
source_full_citation: Tschäni, H. (1979). Parteien, Programme, Parolen. Sauerländer & Ex-Libris-Verlag.
source_comment: ",exact,1989-04-22T12:00:00,,"page_number_string: 
notes: 
source_full_citation: Rinderknecht, M. (1989). Parteien. In Année Politique Suisse 1989. Abgerufen am 30. September 2025 von https://anneepolitique.swiss/APS/de/APS_1989/APS1989_III_a.html#ref11_9
source_comment: ",,,
358,vtl-tg,,1,"[568,569,570,571]",[],[538],[354],[352],"[12269,12270,12271,12272,12273,12274,12275,12276,12277,12278,12279,12280,12281,12282,12283,12284,12285,12286,12287,12288,12289,12290,12291,12292,12293,12294,12295,12296,12297,12298,12299,12300,12301,12302,12303,12304,12305,12306,12307,12308,12309,12310,12311,12312,12313,12314,12315,12316,12317,12318,12319,12320,12321,12322,12323,12324,12325,12326,12327,12328,12329,12330,12331,12332,14842,14843,14844]",[],[],[403],[],[],[],"[13752,13753,13754,13755,13756,13757,13758,13759,13760,13761,13762,13763,13764,13765,13766,13767,13768,13769,13770,13771,13772,13773,13774,13775,13776,13777,13778,13779,13780,13781,13782,13783,13784,13785,13786,13787,16772,16773]",[360],[],,,,,,,,,,,,,year,1835-07-01T12:00:00,,"page_number_string: 
notes: 
source_full_citation: Archiv für Agrargeschichte. (2026). Verband Thurgauer Landwirtschaft (VTL), AfA258. Abgerufen am 28. Mai 2026 von https://www.histoirerurale.ch/pers/personnes/Verband_Thurgauer_Landwirtschaft_(VTL),_AfA258.html
source_comment: ",,,,,,,
359,udc-vd,,1,"[572,573,574]","[539,540]",[],[355],[353],"[12333,12334,12335,12336,12337,12338,12339,12340,12341,12342,12343,12344,12345,12346,12347,12348,12349,12350,12351,12352,12353,12354,12355,12356,12357,12358,12359,12519,12520,12521,12522,12523,12524,12525,12526,12527,12528,12529,12530,12531,12532,12533,12534,12535,12536,12537,12538,12539,12540,12541,12542,12543,12544,12724,12729,12735,12740,12745,12751,12752,12753,12754,12755,12756,12757,12758,12759,12760,12761,12762,12763,12764,12765,12766,12767,12768,12769,12770,12888,12889,12890,12891,12892,12893,12894,12895,12896,12897,12898,12899,12900,12901,12902,13012,13016,13020,13025,13030,13036,13042,13052,13059,13066]",[],[],[159],[],"[1173,1174]","[261,262,263,264,265]","[13788,13789,13790,13791,13792,13793,13794,13795,13796,13797,13798,13799,13800,13801,13802,13803,13804,13805,13806,13807,13808,13809,13810,13811,13812,13813,13814,13815,14030,14031,14032,14033,14034,14035,14036,14037,14038,14039,14040,14041,14042,14043,14044,14045,14046,14047,14048,14049,14050,14051,14052,14053,14054,14055,14056,14057,14313,14317,14322,14327,14333,14339,14341,14348,14355,14356,14357,14358,14359,14360,14361,14362,14363,14364,14365,14366,14367,14368,14369,14370,14371,14372,14373,14374,14375,14376,14377,14378,14379,14380,14381,14382,14383,14384,14385,14585,14589,14593,14597,14601,14605,14610,14615,14620,14625,14631,14637,14643,14649,14659,14669,14676,14683,14689,14695]",[361],"[478,479]",,,,,,,,,,,,,exact,1921-01-13T12:00:00,,"page_number_string: 
notes: 
source_full_citation: UDC canton de Vaud. (2026). Histoire de l'UDC Vaud. Consulté le 02 juin 2026, sur https://www.udc-vaud.ch/histoire-de-ludc/
source_comment: ",,,,,,,
360,ps-vd,,1,[575],[541],[],[356],[354],"[12360,12361,12362,12363,12364,12365,12366,12367,12368,12369,12370,12371,12372,12373,12374,12375,12376,12377,12378,12379,12380,12381,12382,12383,12384,12385,12386,12387,12545,12546,12547,12548,12549,12550,12551,12552,12553,12554,12555,12556,12557,12558,12559,12560,12561,12562,12563,12564,12565,12566,12567,12568,12569,12570,12571,12704,12712,12715,12718,12720,12723,12728,12734,12739,12744,12750,12771,12772,12773,12774,12775,12776,12777,12778,12779,12780,12781,12782,12783,12784,12785,12786,12787,12788,12789,12903,12904,12905,12906,12907,12908,12909,12910,12911,12912,12913,12914,12915,12916,12917,13011,13015,13019,13024,13029,13035,13041,13051,13058,13065]",[],[],[129],[],"[1175,1176,1177,1178,1179,1180,1181,1182,1183,1184,1185,1186,1187,1188,1189,1190,1191,1192,1193,1194,1195,1196,1197,1198,1199,1200,1201,1202,1482]","[266,267,268]","[13816,13817,13818,13819,13820,13821,13822,13823,13824,13825,13826,13827,13828,13829,13830,13831,13832,13833,13834,13835,13836,13837,13838,13839,13840,13841,13842,13843,14058,14059,14060,14061,14062,14063,14064,14065,14066,14067,14068,14069,14070,14071,14072,14073,14074,14075,14076,14077,14078,14079,14080,14081,14082,14083,14084,14085,14275,14277,14289,14293,14296,14299,14302,14305,14307,14309,14312,14316,14321,14326,14332,14338,14340,14345,14351,14354,14386,14387,14388,14389,14390,14391,14392,14393,14394,14395,14396,14397,14398,14399,14400,14401,14402,14403,14404,14405,14406,14407,14408,14409,14410,14411,14412,14413,14414,14415,14584,14588,14592,14596,14600,14604,14609,14614,14619,14624,14630,14636,14642,14648,14658,14668,14675,14682,14688,14694]",[362],"[480,481,482,483,484,485,486,487,488,489,490,491,492,493,494,495,496,497,498]",,,,,,,,,,,,,year,1890-07-01T12:00:00,"note_translations: languages_code: de-CH
note: Vatter (2002: 144) nennt dagegen 1896 als Gründungsjahr der SP Waadt.","page_number_string: 110
notes: 
source_full_citation: Ladner, A. (2022). Kantonale Wahlen und Parteiensysteme. IDHEAP.
source_comment: 

page_number_string: 
notes: 
source_full_citation: Meuwly, O. (2012). Vaud: Aspects politiques du XIXe au début du XXIe siècle, Le canton de Vaud, de 1803 au début du XXIe siècle. In Dictionnaire Historique de la Suisse (DHS). Consulté le 02 juin 2026, sur https://hls-dhs-dss.ch/fr/articles/007395/2017-05-30/#HLecantondeVaud2Cde1803audE9butduXXIeA0siE8cle
source_comment: ",,,,,,,
361,prd-vd,,1,[576],"[542,543,544]",[546],[357],[355],"[12388,12389,12390,12391,12392,12393,12394,12395,12396,12397,12398,12399,12400,12401,12402,12403,12404,12405,12406,12407,12408,12409,12410,12411,12412,12572,12573,12574,12575,12576,12577,12578,12579,12580,12581,12582,12583,12584,12585,12586,12587,12588,12589,12590,12591,12592,12593,12594,12595,12701,12703,12705,12707,12710,12713,12716,12719,12722,12726,12731,12790,12791,12792,12793,12794,12795,12796,12797,12798,12799,12800,12801,12802,12803,12804,12805,12806,12918,12919,12920,12921,12922,12923,12924,12925,12926,12927,12928,12929,12930,13009,13013,13017,13021,13026,13032,13038,13046]",[],[],[341],[],"[1203,1204,1205]","[269,270,271,272]","[13844,13845,13846,13847,13848,13849,13850,13851,13852,13853,13854,13858,13859,13860,13861,13862,13863,13864,13865,13866,13867,13868,14086,14087,14088,14089,14090,14091,14092,14093,14094,14095,14096,14100,14101,14102,14103,14104,14105,14106,14107,14108,14109,14110,14272,14274,14276,14278,14280,14282,14284,14287,14291,14294,14297,14300,14303,14306,14308,14311,14315,14319,14324,14329,14335,14416,14417,14418,14419,14420,14421,14422,14423,14424,14425,14426,14427,14428,14431,14432,14433,14434,14435,14436,14437,14438,14439,14440,14441,14442,14443,14582,14586,14590,14594,14598,14602,14606,14611,14616,14621,14627,14633,14639,14645,14653,14663,14671,14678]",[363],[499],,,,,,,,,,,,,year,1845-07-01T12:00:00,,"page_number_string: 110
notes: 
source_full_citation: Ladner, A. (2022). Kantonale Wahlen und Parteiensysteme. IDHEAP.
source_comment: ",exact,2012-09-05T12:00:00,,"page_number_string: 
notes: 
source_full_citation: Bernath, M., Bühlmann, M., Hohl, S. & Schoenholtz, S. (2025). Ausgewählte Beiträge zur Schweizer Politik: Dossier: Die Fusion von LPS und FDP, 2003-2013. Année Politique Suisse. Abgerufen am 09. September 2025 von https://anneepolitique.swiss/dossiers/384-dossier-die-fusion-von-lps-und-fdp
source_comment: 

page_number_string: 
notes: 
source_full_citation: PLR canton de Vaud. (2026). Fusion libérale-radicale. Consulté le 02 juin 2026, sur https://www.plr-vd.ch/parti/histoire-du-parti/fusion-liberale-radicale
source_comment: ",,,
362,plr-vd,,1,[577],"[545,546,548]",[],[358],[356],"[12413,12414,12415,12596,12597,12598,12738,12742,12747,12807,12808,12931,12932,13054,13061]",[],[],[59],[],[1515],[],"[13855,13856,13857,13869,13870,13871,14097,14098,14099,14111,14112,14113,14342,14347,14352,14429,14430,14444,14445,14685,14691]",[364],[],,,,,,,,,,,,,exact,2012-09-26T12:00:00,,"page_number_string: 
notes: 
source_full_citation: PLR canton de Vaud. (2026). Fusion libérale-radicale. Consulté le 02 juin 2026, sur https://www.plr-vd.ch/parti/histoire-du-parti/fusion-liberale-radicale
source_comment: ",,,,,,,
363,pl-vd,,1,[578],[547],[548],[359],[357],"[12416,12417,12418,12419,12420,12421,12422,12423,12424,12425,12426,12427,12428,12429,12430,12431,12432,12433,12434,12435,12436,12437,12438,12439,12440,12599,12600,12601,12602,12603,12604,12605,12606,12607,12608,12609,12610,12611,12612,12613,12614,12615,12616,12617,12618,12619,12620,12621,12622,12702,12706,12708,12711,12714,12717,12809,12810,12811,12812,12813,12814,12815,12816,12817,12818,12819,12820,12821,12822,12823,12824,12825,12933,12934,12935,12936,12937,12938,12939,12940,12941,12942,12943,12944,12945,13010,13014,13018,13023,13028,13034,13040]",[],[],[168],[],"[1206,1207,1208]",[],"[13872,13873,13874,13875,13876,13877,13878,13879,13880,13881,13882,13883,13884,13885,13886,13887,13888,13889,13890,13891,13892,13893,14114,14115,14116,14117,14118,14119,14120,14121,14122,14123,14124,14125,14126,14127,14128,14129,14130,14131,14132,14133,14134,14135,14273,14279,14281,14283,14285,14288,14292,14295,14298,14301,14304,14476,14477,14478,14479,14480,14481,14482,14483,14484,14485,14486,14487,14488,14489,14490,14491,14492,14493,14494,14495,14496,14497,14498,14499,14500,14501,14583,14587,14591,14595,14599,14603,14608,14613,14618,14623,14629,14635,14641,14647]",[365],[],,,,,,,,,,,,,year,1913-07-01T12:00:00,"note_translations: languages_code: de-CH
note: Gemäss Vatter (2002: 143) war schon in den 1830er Jahren eine liberale Partei in der Waadt entstanden.","page_number_string: 
notes: 
source_full_citation: Meuwly, O. (2012). Vaud: Aspects politiques du XIXe au début du XXIe siècle, Le canton de Vaud, de 1803 au début du XXIe siècle. In Dictionnaire Historique de la Suisse (DHS). Consulté le 02 juin 2026, sur https://hls-dhs-dss.ch/fr/articles/007395/2017-05-30/#HLecantondeVaud2Cde1803audE9butduXXIeA0siE8cle
source_comment: ",exact,2012-09-26T12:00:00,,"page_number_string: 
notes: 
source_full_citation: PLR canton de Vaud. (2026). Fusion libérale-radicale. Consulté le 02 juin 2026, sur https://www.plr-vd.ch/parti/histoire-du-parti/fusion-liberale-radicale
source_comment: ",,,
364,centre-vd,,1,[579],"[549,552,555]",[],[360],[358],"[12458,12640,12746,12843,12960,13060]",[],[],[97],[],[],[],"[13907,13921,14149,14163,14460,14475,14684,14690]",[366],[],,,,,,,,,,,,,exact,2021-04-30T12:00:00,,"page_number_string: 
notes: 
source_full_citation: Skjellaug, A. (03 mai 2021). Poussé vers la sortie, Claude Béglé décide de qui!er Le Centre. In Le Temps.
source_comment: ",,,,,,,
365,pdc-vd,,1,"[580,581,582]","[550,551]",[552],[361],[359],"[12441,12442,12443,12444,12445,12446,12447,12448,12449,12450,12451,12452,12453,12454,12455,12456,12457,12623,12624,12625,12626,12627,12628,12629,12630,12631,12632,12633,12634,12635,12636,12637,12638,12639,12709,12721,12725,12730,12737,12741,12826,12827,12828,12829,12830,12831,12832,12833,12834,12835,12836,12837,12838,12839,12840,12841,12842,12946,12947,12948,12949,12950,12951,12952,12953,12954,12955,12956,12957,12958,12959,13031,13037,13044,13053]",[],[],[71],[],"[1209,1210,1368,1396]",[273],"[13894,13895,13896,13897,13898,13899,13900,13901,13902,13903,13904,13905,13906,13908,13909,13910,13911,13912,13913,13914,13915,13916,13917,13918,13919,13920,14136,14137,14138,14139,14140,14141,14142,14143,14144,14145,14146,14147,14148,14150,14151,14152,14153,14154,14155,14156,14157,14158,14159,14160,14161,14162,14286,14290,14310,14314,14318,14323,14328,14334,14346,14446,14447,14448,14449,14450,14451,14452,14453,14454,14455,14456,14457,14458,14459,14461,14462,14463,14464,14465,14466,14467,14468,14469,14470,14471,14472,14473,14474,14626,14632,14638,14644,14651,14661,14670,14677]",[367],[],,,,,,,,,,,,,month,1952-03-15T12:00:00,"note_translations: languages_code: de-CH
note: Im Jahr 1945, das bei Ladner (2022: 110), Casetti (1979: 112) und Altermatt (2000: 74) als Gründungsjahr genannt wird, wurde gemäss Parteigeschichte erst eine städtische Partei in Lausanne gegründet (Mouvement démocrate-populaire MDP), die Gründung der Kantonalpartei folgte demnach im März 1952 (https://web.archive.org/web/20191012010330/https:/www.pdc-vd.ch/historique/).","page_number_string: 
notes: 
source_full_citation: PDC canton de Vaud. (2019). Historique. Consulté le 03 juin 2026, sur https://web.archive.org/web/20191012010330/https:/www.pdc-vd.ch/historique/
source_comment: ",exact,2021-04-30T12:00:00,,"page_number_string: 
notes: 
source_full_citation: Skjellaug, A. (03 mai 2021). Poussé vers la sortie, Claude Béglé décide de qui!er Le Centre. In Le Temps.
source_comment: ",,,
366,pbd-vd,,1,[583],"[553,554]",[555],[362],[360],"[12459,12460,12461,12641,12642,12643,12736,12844,12961,12962,12963,13043]",[],[],[299],[],[],[],"[13922,13923,13924,13925,13926,13927,14164,14165,14166,14167,14168,14169,14502,14503,14650,14660]",[368],[],,,,,,,,,,,,,exact,2011-04-14T12:00:00,,"page_number_string: 
notes: 
source_full_citation: R.D./P.C. (15 avril 2011). Le PBD s’est implanté dans le canton de Vaud. Tribune de Genève. Consulté le 03 juin 2026, sur https://essentials.swissdox.ch
source_comment: ",exact,2021-04-30T12:00:00,,"page_number_string: 
notes: 
source_full_citation: Skjellaug, A. (03 mai 2021). Poussé vers la sortie, Claude Béglé décide de qui!er Le Centre. In Le Temps.
source_comment: ",,,
367,mpe-vd,,1,[584],[],[556],[363],[361],[],[],[],[340],[],[],[],[],[369],[],,,,,,,,,,,,,year,1973-07-01T12:00:00,,"page_number_string: 23
notes: 
source_full_citation: Grüne Schweiz (2023). Geschichte der Grünen in der Schweiz. Abgerufen am 09. September 2025 von https://gruene.ch/wp-content/uploads/2023/07/230509_Geschichte-der-Gruenen_d.pdf
source_comment: ",multimonth,1974-02-01T12:00:00,,"page_number_string: 
notes: 
source_full_citation: Seitz, W. (2024). Ergänzende Informationen zu den Grünen SH, VD und JU. Unveröffentlichtes Dokument, per E-Mail vom 7.7.2024 von Werner Seitz erhalten.
source_comment: ",,,
368,gpe-vd,,1,[585],"[556,557]",[558],[364],[362],"[12462,12463,12464,12465,12466,12467,12644,12645,12646,12647,12648,12649,12846,12847,12848,12849,12850,12965,12966,12967,12968,12969,12970,12971,13022]",[],[],[317],[],[],[],"[13928,13929,13930,13931,13932,13933,13941,13942,13943,13944,13945,13946,14170,14171,14172,14173,14174,14175,14183,14184,14185,14186,14187,14188,14504,14505,14506,14507,14508,14509,14516,14517,14518,14519,14520,14521,14607,14612]",[370],[],,,,,,,,,,,,,multimonth,1974-02-01T12:00:00,,"page_number_string: 
notes: 
source_full_citation: Seitz, W. (2024). Ergänzende Informationen zu den Grünen SH, VD und JU. Unveröffentlichtes Dokument, per E-Mail vom 7.7.2024 von Werner Seitz erhalten.
source_comment: ",exact,1997-03-08T12:00:00,,"page_number_string: 
notes: 
source_full_citation: Verts canton de Vaud. (2004). Points marquant de l'histoire des Verts vaudois. Consulté le 03 juin 2026, sur https://web.archive.org/web/20041015220723fw_/http:/www.verts-vd.ch/histoire_vd.html
source_comment: ",,,
369,vert-e-s-vd,,1,"[586,587]","[558,559,561]",[],[365],[363],"[12468,12469,12470,12471,12472,12473,12474,12650,12651,12652,12653,12654,12655,12656,12727,12733,12743,12749,12851,12852,12853,12854,12855,12856,12972,12973,12974,12975,12976,12977,13027,13033,13039,13048,13056,13063]",[],[],[250],[],"[1211,1212]",[],"[13934,13935,13936,13937,13938,13939,13940,13947,13948,13949,13950,13951,13952,13953,14176,14177,14178,14179,14180,14181,14182,14189,14190,14191,14192,14193,14194,14195,14320,14325,14331,14337,14343,14344,14350,14353,14510,14511,14512,14513,14514,14515,14522,14523,14524,14525,14526,14527,14617,14622,14628,14634,14640,14646,14655,14665,14673,14680,14687,14693]",[371],"[500,501,502,503,504,505,506,507,508,509,510,511,512,513,514]",,,,,,,,,,,,,exact,1997-03-08T12:00:00,,"page_number_string: 
notes: 
source_full_citation: Verts canton de Vaud. (2004). Points marquant de l'histoire des Verts vaudois. Consulté le 03 juin 2026, sur https://web.archive.org/web/20041015220723fw_/http:/www.verts-vd.ch/histoire_vd.html
source_comment: ",,,,,,,
370,asv-vd,,1,"[588,589,590]",[560],[561],[366],[364],"[12475,12476,12477,12478,12657,12658,12659,12660,12857,12858,12978,12979]",[],[],[339],[],[],[],"[13954,13955,13956,13957,13958,13959,13960,13961,14196,14197,14198,14199,14200,14201,14202,14203,14528,14529,14530,14531]",[372],[],,,,,,,,,,,,,month,1983-04-15T12:00:00,,"page_number_string: 
notes: 
source_full_citation: ?. (18 avril 1983). Un parti vert a été constitué la semaine dernière dans le canton de Vaud. L'impartial. Consulté le 04 juin 2026, sur https://www.e-newspaperarchives.ch/?a=d&d=IMP19830418-01.2.39
source_comment: ",exact,1997-03-08T12:00:00,,"page_number_string: 
notes: 
source_full_citation: Verts canton de Vaud. (2004). Points marquant de l'histoire des Verts vaudois. Consulté le 03 juin 2026, sur https://web.archive.org/web/20041015220723fw_/http:/www.verts-vd.ch/histoire_vd.html
source_comment: ",,,
371,autrement-vd,,1,[591],[562],[],[367],[365],[],[],[],[],[],[],[],[],[373],[],,,,,,,,,,,,,unknown,1983-01-01T12:00:00,,,unknown,1985-01-01T12:00:00,,,,,
372,pvl-vd,,1,[592],[563],[],[368],[366],"[12479,12480,12481,12482,12661,12662,12663,12664,12732,12748,12859,12860,12861,12980,12981,12982,13047,13055,13062]",[],[],[294],[],[],[],"[13962,13963,13964,13965,13966,13967,13968,13969,14204,14205,14206,14207,14208,14209,14210,14211,14330,14336,14349,14532,14533,14534,14535,14536,14537,14654,14664,14672,14679,14686,14692]",[374],[],,,,,,,,,,,,,exact,2010-02-18T12:00:00,,"page_number_string: 
notes: 
source_full_citation: PVL canton de Vaud. (2010). Statuts du Parti vert’libéral vaudois. Consulté le 04 juin 2026, sur https://web.archive.org/web/20100414194239/http:/www.vd.vertliberaux.ch/documents/lignes_directrices/pvl_vd_statuts.pdf
source_comment: ",,,,,,,
373,pev-vd,,1,[593],[564],[],[369],[367],"[12483,12484,12485,12486,12487,12665,12666,12667,12668,12669,12862,12863,12864,12983,12984,12985,12986,12987]",[],[],[195],[],[],[],"[13970,13971,13972,13973,13974,13975,13976,13977,13978,13979,14212,14213,14214,14215,14216,14217,14218,14219,14220,14221,14538,14539,14540,14541,14542,14543]",[375],[],,,,,,,,,,,,,exact,2004-05-22T12:00:00,,"page_number_string: 
notes: 
source_full_citation: EVP Schweiz. (2025). Geschichte. Abgerufen am 09. September 2025 von https://www.evppev.ch/partei/geschichte
source_comment: ",,,,,,,
374,udf-vd,,1,[594],[565],[],[370],[368],"[12488,12489,12490,12491,12492,12493,12494,12495,12496,12497,12670,12671,12672,12673,12674,12675,12676,12677,12678,12679,12865,12866,12867,12868,12988,12989,12990,12991,12992,12993,13045]",[],[],[269],[],[1213],[],"[13980,13981,13982,13983,13984,13985,13986,13987,13988,13989,13990,13991,13992,13993,13994,13995,13996,13997,13998,13999,14222,14223,14224,14225,14226,14227,14228,14229,14230,14231,14232,14233,14234,14235,14236,14237,14238,14239,14240,14241,14544,14545,14546,14547,14548,14549,14652,14662]",[376],[],,,,,,,,,,,,,year,1975-07-01T12:00:00,,"page_number_string: 105
notes: 
source_full_citation: Skenderovic, D. & D'Amato, G. (2008). Mit dem Fremden politisieren: Rechtspopulistische Parteien und Migrationspolitik in der Schweiz seit den 1960er Jahren. Chronos.
source_comment: ",,,,,,,
375,mc-vd,,1,[595],[566],[],[371],[369],"[12498,12680,12845,12964,13049]",[],[],[338],[],[],[],"[14000,14001,14242,14243,14550,14551,14656,14666]",[377],[],,,,,,,,,,,,,exact,2010-04-06T12:00:00,,"page_number_string: 
notes: 
source_full_citation: ats. (09 avril 2010). Le Mouvement Citoyens vaudois s’est trouvé une tête. Tribune de Genève. Consulté le 05 juin 2026, sur https://essentials.swissdox.ch/
source_comment: ",unknown,2017-01-01T12:00:00,,"page_number_string: 
notes: 
source_full_citation: Maendly, T. (13 janvier 2017). Le MCVD a quitté la scène dans l’indifférence. 24 heures. Consulté le 05 juin 2026, sur https://essentials.swissdox.ch/
source_comment: ",,,
376,pop-vd,,1,[596],[],[],[372],[370],"[12499,12500,12501,12502,12503,12504,12505,12506,12507,12508,12509,12510,12511,12512,12513,12514,12515,12516,12517,12518,12681,12682,12683,12684,12685,12686,12687,12688,12689,12690,12691,12692,12693,12694,12695,12696,12697,12698,12699,12700,12869,12870,12871,12872,12873,12874,12875,12876,12877,12878,12879,12880,12881,12882,12883,12884,12885,12886,12887,12994,12995,12996,12997,12998,12999,13000,13001,13002,13003,13004,13005,13006,13007,13008,13050,13057,13064]",[],[],[215],[],[],[],"[14002,14003,14004,14005,14006,14007,14008,14009,14010,14011,14012,14013,14014,14015,14016,14017,14018,14019,14020,14021,14022,14023,14024,14025,14026,14027,14028,14029,14244,14245,14246,14247,14248,14249,14250,14251,14252,14253,14254,14255,14256,14257,14258,14259,14260,14261,14262,14263,14264,14265,14266,14267,14268,14269,14270,14271,14552,14553,14554,14555,14556,14557,14558,14559,14560,14561,14562,14563,14564,14565,14566,14567,14568,14569,14570,14571,14572,14573,14574,14575,14576,14577,14578,14579,14580,14581,14657,14667,14674,14681]",[378],[],,,,,,,,,,,,,exact,1943-05-21T12:00:00,,"page_number_string: 
notes: 
source_full_citation: POP canton de Vaud. (2026). Le POP de 1943 à nos jours. Consulté le 05 juin 2026, sur https://popvaud.ch/lhistoire-pop-vaud/
source_comment: ",,,,,,,
377,mcr-rom,#49A5E7,1,[597],[],"[566,585,605]",[373],[371],[],[],[],[396],[],[1602],[],[],[379],[],,,,,,,,,,,,,year,2011-07-01T12:00:00,,,,,,,,,
378,udc-ne,,1,[599],[567],[],[374],[372],"[13067,13068,13069,13070,13071,13072,13205,13206,13207,13208,13209,13210,13361,13366,13372,13378,13383,13388,13389,13390,13391,13392,13393,13491,13492,13493,13494,13495,13617,13621,13625,13631,13638]",[],[],[160],[],[],[],"[14696,14697,14698,14699,14700,14701,14702,14703,14704,14705,14706,14707,14862,14863,14864,14865,14866,14867,14868,14869,14870,14871,14872,14873,15066,15069,15074,15079,15085,15091,15101,15105,15113,15114,15115,15116,15117,15118,15119,15120,15121,15122,15123,15344,15349,15353,15357,15361,15365,15371,15377,15382,15387]",[380],[],,,,,,,,,,,,,exact,2001-10-18T12:00:00,,"page_number_string: 
notes: 
source_full_citation: UDC canton de Neuchâtel. (2009). Historique de l’UDC du canton de Neuchâtel. Consulté le 10 juin 2026, sur https://web.archive.org/web/20090118100425/http:/www.udc-ne.ch/the_news/latest_news/historique_de_l%92udc_du_canton_de_neuch%E2tel_2006042640/
source_comment: ",,,,,,,
379,ps-ne,,1,[600],[568],[],[375],[373],"[13073,13074,13075,13076,13077,13078,13079,13080,13081,13082,13083,13084,13085,13086,13087,13088,13089,13090,13091,13092,13093,13094,13095,13096,13097,13098,13099,13100,13211,13212,13213,13214,13215,13216,13217,13218,13219,13220,13221,13222,13223,13224,13225,13226,13227,13228,13229,13230,13231,13232,13233,13234,13235,13236,13237,13341,13343,13345,13347,13350,13353,13356,13358,13360,13365,13371,13377,13382,13387,13394,13395,13396,13397,13398,13399,13400,13401,13402,13403,13404,13405,13406,13407,13408,13409,13410,13411,13496,13497,13498,13499,13500,13501,13502,13503,13504,13505,13506,13507,13508,13509,13510,13511,13512,13513,13597,13600,13603,13606,13609,13612,13616,13620,13624,13630,13637]",[],[],[130],[],"[1214,1215,1216,1217,1218,1219,1220,1221,1222,1223,1224,1225,1226,1227,1228,1229,1230,1231,1232,1233,1234,1235,1236,1237,1238,1239,1240,1241,1242,1243,1244,1245,1464]","[274,275,276,277,278]","[14708,14709,14710,14711,14712,14713,14714,14715,14716,14717,14718,14719,14720,14721,14722,14723,14724,14725,14726,14727,14728,14729,14730,14731,14732,14733,14734,14735,14874,14875,14876,14877,14878,14879,14880,14881,14882,14883,14884,14885,14886,14887,14888,14889,14890,14891,14892,14893,14894,14895,14896,14897,14898,14899,14900,14901,15029,15031,15033,15035,15037,15039,15041,15044,15047,15050,15053,15056,15059,15061,15063,15065,15068,15073,15078,15084,15090,15093,15097,15100,15112,15124,15125,15126,15127,15128,15129,15130,15131,15132,15133,15134,15135,15136,15137,15138,15139,15140,15141,15142,15143,15144,15145,15146,15147,15148,15149,15150,15151,15152,15153,15154,15155,15300,15303,15306,15309,15312,15315,15319,15323,15327,15331,15335,15339,15343,15348,15352,15356,15360,15364,15370,15376,15381,15386]",[381],"[515,516,517,518,519,520,521,522,523,524,525,526,527,528,529,530,531,532,533,534,535,536,537,538,539,540,541]",,,,,,,,,,,,,month,1896-09-15T12:00:00,,"page_number_string: 
notes: 
source_full_citation: PS canton de Neuchâtel. (2026). Histoire. Consulté le 10 juin 2026, sur https://psmne.ch/archives/histoire/histoire
source_comment: ",,,,,,,
380,prd-ne,,1,"[601,602,603]","[569,570]",[571],[376],[374],"[13101,13102,13103,13104,13105,13106,13107,13108,13109,13110,13111,13112,13113,13114,13115,13116,13117,13118,13119,13120,13121,13122,13123,13124,13238,13239,13240,13241,13242,13243,13244,13245,13246,13247,13248,13249,13250,13251,13252,13253,13254,13255,13256,13257,13258,13259,13260,13340,13342,13348,13351,13354,13357,13359,13363,13412,13413,13414,13415,13416,13417,13418,13419,13420,13421,13422,13423,13424,13425,13514,13515,13516,13517,13518,13519,13520,13521,13522,13523,13524,13525,13526,13527,13595,13598,13601,13604,13607,13610,13613]",[],[],[372],[],"[1246,1461]","[279,280,281,282,283]","[14736,14737,14738,14739,14740,14741,14742,14743,14744,14745,14750,14751,14752,14753,14754,14755,14756,14757,14758,14759,14902,14903,14904,14905,14906,14907,14908,14909,14910,14911,14916,14917,14918,14919,14920,14921,14922,14923,14924,14925,15028,15030,15032,15042,15045,15048,15051,15054,15057,15060,15062,15064,15067,15071,15076,15156,15157,15158,15159,15160,15161,15162,15163,15164,15165,15166,15167,15172,15173,15174,15175,15176,15177,15178,15179,15180,15181,15182,15183,15298,15301,15304,15307,15310,15313,15316,15320,15324,15328,15332,15336,15340,15345]",[382],"[542,543]",,,,,,,,,,,,,exact,1848-05-14T12:00:00,,"page_number_string: 
notes: 
source_full_citation: PRD canton de Neuchâtel. (2007). Histoire. Consulté le 15 juin 2026, sur https://web.archive.org/web/20071008102416/http://www.prdn.ch/f/page/110/
source_comment: ",exact,2008-04-10T12:00:00,,"page_number_string: 
notes: 
source_full_citation: PLR canton de Neuchâtel. (2026). Parti, Présentation. Consulté le 15 juin 2026, sur https://www.plrn.ch/parti/presentation
source_comment: ",,,
381,plr-ne,,1,[604],"[571,572,573,575]",[],[377],[375],"[13125,13126,13127,13128,13261,13262,13263,13264,13369,13375,13380,13384,13426,13427,13428,13429,13528,13529,13530,13531,13618,13622,13627,13634]",[],[],[60],[],[1520],[],"[14746,14747,14748,14749,14760,14761,14762,14763,14912,14913,14914,14915,14926,14927,14928,14929,15082,15088,15095,15103,15106,15109,15168,15169,15170,15171,15184,15185,15186,15187,15350,15354,15358,15362,15367,15373,15379,15384]",[383],[],,,,,,,,,,,,,exact,2008-06-21T12:00:00,,"page_number_string: 
notes: 
source_full_citation: PLR canton de Neuchâtel. (2026). Parti, Présentation. Consulté le 15 juin 2026, sur https://www.plrn.ch/parti/presentation
source_comment: ",,,,,,,
382,pl-ppn-ne,,1,[605],"[574,576,577]",[575],[378],[376],"[13146,13147,13148,13149,13150,13151,13152,13281,13282,13283,13284,13285,13286,13287,13346,13349,13352,13355,13437,13438,13439,13440,13441,13442,13443,13539,13540,13541,13542,13543,13544,13545,13596,13599,13602,13605,13608,13611,13615]",[],[],[169],[],"[1247,1248]",[],"[14767,14768,14769,14770,14771,14772,14773,14777,14778,14779,14780,14781,14782,14783,14933,14934,14935,14936,14937,14938,14939,14943,14944,14945,14946,14947,14948,14949,15038,15040,15043,15046,15049,15052,15055,15058,15193,15194,15195,15196,15197,15198,15199,15205,15206,15207,15208,15209,15210,15211,15299,15302,15305,15308,15311,15314,15318,15322,15326,15330,15334,15338,15342,15347]",[384],[],,,,,,,,,,,,,year,1981-07-01T12:00:00,,"page_number_string: 
notes: 
source_full_citation: Wikipédia. (2025). Parti libéral suisse. Consulté le 1 octobre 2025, sur https://fr.wikipedia.org/wiki/Parti_lib%C3%A9ral_suisse
source_comment: ",exact,2008-04-10T12:00:00,,"page_number_string: 
notes: 
source_full_citation: PLR canton de Neuchâtel. (2026). Parti, Présentation. Consulté le 15 juin 2026, sur https://www.plrn.ch/parti/presentation
source_comment: ",,,
383,pl-ne,,1,"[606,607]",[637],[576],[379],[377],"[13129,13130,13131,13132,13133,13134,13135,13136,13137,13138,13139,13140,13141,13142,13143,13144,13145,13265,13266,13267,13268,13269,13270,13271,13272,13273,13274,13275,13276,13277,13278,13279,13280,13344,13430,13431,13432,13433,13434,13435,13436,13532,13533,13534,13535,13536,13537,13538]",[],[],[170],[],[],[],"[14764,14765,14766,14774,14775,14776,14930,14931,14932,14940,14941,14942,15034,15036,15188,15189,15190,15191,15192,15200,15201,15202,15203,15204]",[385],[],,,,,,,,,,,,,year,1873-07-01T12:00:00,"note_translations: languages_code: de-CH
note: Gemäss Vatter (2002: 143) war in Neuenburg bereits in den 1850er Jahren eine liberale Partei entstanden.","page_number_string: 
notes: 
source_full_citation: Wikipédia. (2025). Parti libéral suisse. Consulté le 1 octobre 2025, sur https://fr.wikipedia.org/wiki/Parti_lib%C3%A9ral_suisse
source_comment: ",year,1981-07-01T12:00:00,,"page_number_string: 
notes: 
source_full_citation: Wikipédia. (2025). Parti libéral suisse. Consulté le 1 octobre 2025, sur https://fr.wikipedia.org/wiki/Parti_lib%C3%A9ral_suisse
source_comment: ",,,
384,ppn-ne,,1,[608],[],[577],[380],[378],"[13153,13154,13155,13156,13157,13288,13289,13290,13291,13292,13444,13445,13446,13447,13448,13449,13450,13546,13547,13548,13549,13550,13551,13552]",[],[],[371],[],[],[],"[15212,15213,15214,15215,15216,15217,15218,15219,15220,15221]",[386],[],,,,,,,,,,,,,year,1919-07-01T12:00:00,,"page_number_string: 
notes: 
source_full_citation: Perrenoud, M. (2009). Parti progressiste national (PPN). In Dictionnaire Historique de la Suisse (DHS). Consulté le 15 juin 2026, sur https://hls-dhs-dss.ch/fr/articles/041401/2010-12-23/
source_comment: ",year,1981-07-01T12:00:00,,"page_number_string: 
notes: 
source_full_citation: Wikipédia. (2025). Parti libéral suisse. Consulté le 1 octobre 2025, sur https://fr.wikipedia.org/wiki/Parti_lib%C3%A9ral_suisse
source_comment: ",,,
385,pdp-ne,,1,[609],[578],[],[381],[379],"[13158,13159,13293,13294]",[],[],[373],[],[],[],[],[387],[],,,,,,,,,,,,,year,1928-07-01T12:00:00,,"page_number_string: 148
notes: 
source_full_citation: Vatter, A. (2002). Kantonale Demokratien im Vergleich: Entstehungsgründe, Interaktionen und Wirkungen politischer Institutionen in den Schweizer Kantonen. Leske + Budrich.
source_comment: ",unknown,1970-01-01T12:00:00,,,,,
386,centre-ne,,1,"[610,611]","[579,580,662]",[],[382],[380],"[13160,13161,13162,13163,13164,13295,13296,13297,13298,13299,13362,13368,13374,13379,13451,13452,13453,13454,13455,13553,13554,13555,13556,13557,13626,13632,13633]",[],[],[98],[],"[1249,1360,1386]",[],"[14784,14785,14786,14787,14788,14789,14790,14791,14792,14793,14950,14951,14952,14953,14954,14955,14956,14957,14958,14959,15070,15075,15081,15087,15098,15102,15222,15223,15224,15225,15226,15227,15228,15229,15230,15231,15366,15372,15378,15383]",[388],[],,,,,,,,,,,,,month,2004-02-15T12:00:00,,"page_number_string: 
notes: 
source_full_citation: sdx. (21 février 2004). Et revoilà le Parti démocrate-chrétien. L'impartial. Consulté le 15 juin 2026, sur https://www.e-newspaperarchives.ch/?a=d&d=IMP20040221-01.2.24
source_comment: ",,,,,,,
387,vert-e-s-ne,,1,"[612,613,614,615]",[581],[],[383],[381],"[13165,13166,13167,13168,13169,13170,13171,13172,13173,13174,13175,13300,13301,13302,13303,13304,13305,13306,13307,13308,13309,13310,13364,13370,13376,13381,13386,13456,13457,13458,13459,13460,13461,13462,13463,13464,13465,13558,13559,13560,13561,13562,13563,13564,13565,13566,13567,13614,13619,13623,13628,13635]",[],[],[251],[],"[1250,1251]",[],"[14794,14795,14796,14797,14798,14799,14800,14801,14802,14803,14804,14805,14806,14807,14808,14809,14810,14811,14812,14813,14814,14815,14960,14961,14962,14963,14964,14965,14966,14967,14968,14969,14970,14971,14972,14973,14974,14975,14976,14977,14978,14979,14980,14981,15072,15077,15083,15089,15092,15096,15099,15104,15107,15110,15232,15233,15234,15235,15236,15237,15238,15239,15240,15241,15242,15243,15244,15245,15246,15247,15248,15249,15250,15251,15317,15321,15325,15329,15333,15337,15341,15346,15351,15355,15359,15363,15368,15374,15380,15385]",[389],"[544,545,546,547,548,549,550,551,552,553,554,555,556,557,558,559,560,561]",,,,,,,,,,,,,exact,1984-01-24T12:00:00,,,,,,,,,
388,pvl-ne,,1,[616],[582],[],[384],[382],"[13176,13177,13178,13311,13312,13313,13385,13466,13467,13468,13568,13569,13570]",[],[],[295],[],[],[],"[14816,14817,14818,14819,14820,14821,14982,14983,14984,14985,14986,14987,15252,15253,15254,15255,15256,15257]",[390],[],,,,,,,,,,,,,exact,2012-10-29T12:00:00,,"page_number_string: 
notes: 
source_full_citation: PVL canton de Neuchâtel. (2020). Statuts du Parti vert’libéral neuchâtelois. Consulté le 17 juin 2026, sur https://ne.vertliberaux.ch/wp-content/uploads/sites/4/2025/01/statuts-2020-07-01.pdf
source_comment: ",,,,,,,
389,pev-ne,,1,[617],[583],[],[385],[383],"[13179,13180,13314,13315,13469,13571,13572,13573]",[],[],[196],[],[],[],"[14822,14823,14824,14825,14988,14989,14990,14991,15258,15259]",[391],[],,,,,,,,,,,,,exact,2006-05-31T12:00:00,,"page_number_string: 
notes: 
source_full_citation: EVP Schweiz. (2025). Geschichte. Abgerufen am 09. September 2025 von https://www.evppev.ch/partei/geschichte
source_comment: ",,,,,,,
390,udf-ne,,1,[618],[584],[],[386],[384],"[13181,13182,13316,13317,13470,13471,13574,13575]",[],[],[270],[],[1252],[],"[14826,14827,14828,14829,14992,14993,14994,14995,15260,15261,15262,15263]",[392],[],,,,,,,,,,,,,year,1992-07-01T12:00:00,,"page_number_string: 15
notes: 
source_full_citation: EDU Schweiz. (2000). 25 Jahre EDU - UDF, Eidgenössisch-Demokratische Union, Union Démocratique Fédérale : Rückblick, Aufblick, Blick voraus. EDU Schweiz.
source_comment: ",,,,,,,
391,mc-ne,,1,[619],[585],[],[387],[385],[],[],[],[316],[],[],[],[],[393],[],,,,,,,,,,,,,exact,2010-06-03T12:00:00,,"page_number_string: 
notes: 
source_full_citation: réd. (03 juin 2010). Constitution du Mouvement citoyens neuchâtelois. L'Impartial. Consulté le 17 juin 2026, sur https://essentials.swissdox.ch/
source_comment: ",unknown,2015-01-01T12:00:00,"note_translations: languages_code: de-CH
note: Keine Hinweise auf Aktivitäten mehr.",,,,
392,pbd-ne,,1,[620],[586],[],[388],[386],"[13183,13184,13318,13319,13367,13373,13472,13576]",[],[],[300],[],[1253],[],"[14830,14831,14832,14833,14996,14997,14998,14999,15080,15086,15094,15264,15265]",[394],[],,,,,,,,,,,,,exact,2010-10-14T12:00:00,,"page_number_string: 
notes: 
source_full_citation: ?. (16 octobre 2010). Le théâtre du pouvoir. Le Temps. Consulté le 17 juin 2026, sur https://essentials.swissdox.ch/
source_comment: ",exact,2015-12-31T12:00:00,,"page_number_string: 
notes: 
source_full_citation: FRK. (14 décembre 2015). Le PBD disparaît du paysage politique neuchâtelois. L'Impartial. Consulté le 17 juin 2026, sur https://essentials.swissdox.ch/
source_comment: ",,,
393,pop-ne,,1,[621],[587],[],[389],[387],"[13185,13186,13187,13188,13189,13190,13191,13192,13193,13194,13195,13196,13197,13198,13199,13200,13201,13202,13203,13204,13320,13321,13322,13323,13324,13325,13326,13327,13328,13329,13330,13331,13332,13333,13334,13335,13336,13337,13338,13339,13473,13474,13475,13476,13477,13478,13479,13480,13481,13482,13483,13484,13485,13486,13487,13488,13489,13490,13577,13578,13579,13580,13581,13582,13583,13584,13585,13586,13587,13588,13589,13590,13591,13592,13593,13594,13629,13636]",[],[],[216],[],"[1254,1255,1256,1257,1258,1259,1260,1261,1262,1263]",[],"[14834,14835,14836,14837,14838,14839,14840,14841,14842,14843,14844,14845,14846,14847,14848,14849,14850,14851,14852,14853,14854,14855,14856,14857,14858,14859,14860,14861,15000,15001,15002,15003,15004,15005,15006,15007,15008,15009,15010,15011,15012,15013,15014,15015,15016,15017,15018,15019,15020,15021,15022,15023,15024,15025,15026,15027,15108,15111,15266,15267,15268,15269,15270,15271,15272,15273,15274,15275,15276,15277,15278,15279,15280,15281,15282,15283,15284,15285,15286,15287,15288,15289,15290,15291,15292,15293,15294,15295,15296,15297,15369,15375]",[395],[],,,,,,,,,,,,,year,1944-07-01T12:00:00,,"page_number_string: 
notes: 
source_full_citation: Berrelet, J-M. (2017). Neuchâtel (canton): L'Etat de 1848 au XXIe siècle, Histoire constitutionnelle et politique de 1848 au XXIe siècle, Les fondements de la République. In Dictionnaire Historique de la Suisse (DHA). Consulté le 17 juin 2026, sur https://hls-dhs-dss.ch/fr/articles/007397/2017-05-30/
source_comment: ",,,,,,,
394,udc-ge,,1,[622],[588],[604],[390],[388],"[13639,13640,13641,13642,13643,13644,13645,13646,13808,13809,13810,13811,13812,13813,13814,13815,13991,14002,14012,14017,14024,14026,14027,14028,14029,14030,14031,14032,14033,14187,14188,14189,14190,14191,14192,14193,14194,14338,14344,14352,14361,14367]",[],[],[161],[],"[1264,1490]",[],"[15388,15389,15390,15391,15392,15393,15394,15395,15396,15397,15398,15399,15400,15401,15402,15403,15594,15595,15596,15597,15598,15599,15600,15601,15602,15603,15604,15605,15606,15607,15608,15609,15824,15828,15846,15850,15860,15865,15868,15874,15880,15881,15882,15883,15884,15885,15886,15887,15888,15889,15890,15891,15892,15893,15894,15895,16147,16154,16161,16168,16176,16184,16193,16202,16208,16214]",[396],[],,,,,,,,,,,,,year,1987-07-01T12:00:00,,"page_number_string: 110
notes: 
source_full_citation: Ladner, A. (2022). Kantonale Wahlen und Parteiensysteme. IDHEAP.
source_comment: ",,,,,,,
395,ps-ge,,1,"[623,624,625]",[589],[],[391],[389],"[13647,13648,13649,13650,13651,13652,13653,13654,13655,13656,13657,13658,13659,13660,13661,13662,13663,13664,13665,13666,13667,13668,13669,13670,13671,13672,13673,13674,13816,13817,13818,13819,13820,13821,13822,13823,13824,13825,13826,13827,13828,13829,13830,13831,13832,13833,13834,13835,13836,13837,13838,13839,13840,13841,13842,13843,13980,13982,13987,13990,13994,13996,13998,14001,14006,14011,14016,14023,14034,14035,14036,14037,14038,14039,14040,14041,14042,14043,14044,14045,14046,14047,14048,14049,14050,14051,14052,14053,14054,14055,14056,14057,14058,14059,14060,14061,14062,14195,14196,14197,14198,14199,14200,14201,14202,14203,14204,14205,14206,14207,14208,14209,14210,14211,14212,14213,14310,14314,14318,14322,14327,14332,14337,14343,14351,14360,14366]",[],[],[131],[],"[1267,1268,1269,1270,1271,1272,1273,1274,1275,1276,1277,1278,1279,1280,1281,1282,1283,1284,1285,1286,1287,1288,1289,1290,1291,1292,1293,1294,1485]","[284,285]","[15404,15405,15406,15407,15408,15409,15410,15411,15412,15413,15414,15415,15416,15417,15418,15419,15420,15421,15422,15423,15424,15425,15426,15427,15428,15429,15430,15431,15610,15611,15612,15613,15614,15615,15616,15617,15618,15619,15620,15621,15622,15623,15624,15625,15626,15627,15628,15629,15630,15631,15632,15633,15634,15635,15636,15637,15804,15806,15808,15810,15817,15820,15823,15827,15831,15834,15836,15838,15840,15842,15845,15849,15854,15858,15859,15870,15879,15896,15897,15898,15899,15900,15901,15902,15903,15904,15905,15906,15907,15908,15909,15910,15911,15912,15913,15914,15915,15916,15917,15918,15919,15920,15921,15922,15923,15924,15925,15926,15927,16091,16095,16099,16103,16107,16111,16115,16119,16124,16130,16135,16141,16146,16153,16160,16167,16175,16183,16192,16201,16207,16213]",[397],"[562,563,564,565,566,567,568,569,570,571,572,573,574,575,576,577,578,579]",,,,,,,,,,,,,year,1892-07-01T12:00:00,"note_translations: languages_code: de-CH
note: Bei Vatter (2002: 144) und Ladner (2022: 110) wird als Gründungsjahr hingegen 1871 angegeben.","page_number_string: 
notes: 
source_full_citation: PS canton de Genève. (2026). Des Racines et des Ailes. Consulté le 25 juin 2026, sur https://web.archive.org/web/20191016122532/https:/www.ps-ge.ch/historique/
source_comment: ",,,,,,,
396,pr-ge,,1,[626],"[590,591,592]",[594],[392],[390],"[13675,13676,13677,13678,13679,13680,13681,13682,13683,13684,13685,13686,13687,13688,13689,13690,13691,13692,13693,13694,13695,13696,13697,13698,13844,13845,13846,13847,13848,13849,13850,13851,13852,13853,13854,13855,13856,13857,13858,13859,13860,13861,13862,13863,13864,13865,13866,13867,13977,13983,13985,13988,13992,13995,13997,14063,14064,14065,14066,14067,14068,14069,14070,14071,14072,14073,14074,14075,14076,14077,14078,14079,14080,14081,14082,14083,14084,14085,14086,14087,14088,14214,14215,14216,14217,14218,14219,14220,14221,14222,14223,14224,14225,14226,14227,14228,14229,14308,14312,14316,14320,14324,14329,14334,14340]",[],[],[346],[],"[1295,1296,1297]","[286,287,288,289,290]","[15432,15433,15434,15435,15436,15437,15438,15439,15440,15441,15446,15447,15448,15449,15450,15451,15452,15453,15454,15455,15638,15639,15640,15641,15642,15643,15644,15645,15646,15647,15652,15653,15654,15655,15656,15657,15658,15659,15660,15661,15800,15801,15811,15813,15815,15818,15821,15825,15829,15832,15835,15837,15839,15841,15928,15929,15930,15931,15932,15933,15934,15935,15936,15937,15938,15939,15940,15944,15945,15946,15947,15948,15949,15950,15951,15952,15953,15954,15955,15956,16089,16093,16097,16101,16105,16109,16113,16117,16121,16126,16132,16137,16143,16149,16156,16163]",[398],"[580,581]",,,,,,,,,,,,,year,1841-07-01T12:00:00,,"page_number_string: 110
notes: 
source_full_citation: Ladner, A. (2022). Kantonale Wahlen und Parteiensysteme. IDHEAP.
source_comment: ",exact,2011-05-24T12:00:00,,"page_number_string: 
notes: 
source_full_citation: Bernath, M., Bühlmann, M., Hohl, S. & Schoenholtz, S. (2025). Ausgewählte Beiträge zur Schweizer Politik: Dossier: Die Fusion von LPS und FDP, 2003-2013. Année Politique Suisse. Abgerufen am 09. September 2025 von https://anneepolitique.swiss/dossiers/384-dossier-die-fusion-von-lps-und-fdp
source_comment: ",,,
397,plr-ge,,1,[627],"[593,594,597]",[],[393],[391],"[13699,13700,13701,13702,13868,13869,13870,13871,14004,14009,14014,14019,14089,14090,14091,14230,14231,14232,14346,14355,14363]",[],[],[61],[],[1521],[],"[15442,15443,15444,15445,15456,15457,15458,15459,15648,15649,15650,15651,15662,15663,15664,15665,15852,15856,15863,15869,15871,15941,15942,15943,15957,15958,15959,16170,16178,16187,16196,16204,16210]",[399],[],,,,,,,,,,,,,exact,2011-05-24T12:00:00,,"page_number_string: 
notes: 
source_full_citation: PLR canton de Genève. (2026). Notre histoire et nos valeurs. Consulté le 25 juin 2026, sur https://www.plr-ge.ch/parti/histoire-et-valeurs
source_comment: ",,,,,,,
398,pl-ge,,1,"[628,629,630]","[595,596]",[597],[394],[392],"[13703,13704,13705,13706,13707,13708,13709,13710,13711,13712,13713,13714,13715,13716,13717,13718,13719,13720,13721,13722,13723,13724,13725,13726,13872,13873,13874,13875,13876,13877,13878,13879,13880,13881,13882,13883,13884,13885,13886,13887,13888,13889,13890,13891,13892,13893,13894,13978,13979,13981,13984,13986,13989,13993,14092,14093,14094,14095,14096,14097,14098,14099,14100,14101,14102,14103,14104,14105,14106,14107,14108,14109,14110,14111,14112,14113,14114,14115,14116,14117,14233,14234,14235,14236,14237,14238,14239,14240,14241,14242,14243,14244,14245,14246,14247,14248,14309,14313,14317,14321,14326,14331,14336,14342]",[],[],[171],[],[1298],[],"[15460,15461,15462,15463,15464,15465,15466,15467,15468,15469,15470,15471,15472,15473,15474,15475,15476,15477,15478,15479,15666,15667,15668,15669,15670,15671,15672,15673,15674,15675,15676,15677,15678,15679,15680,15681,15682,15683,15684,15685,15802,15803,15805,15807,15809,15812,15814,15816,15819,15822,15826,15830,15833,15960,15961,15962,15963,15964,15965,15966,15967,15968,15969,15970,15971,15972,15973,15974,15975,15976,15977,15978,15979,15980,15981,15982,15983,15984,15985,16090,16094,16098,16102,16106,16110,16114,16118,16123,16128,16134,16139,16145,16151,16158,16165]",[400],[],,,,,,,,,,,,,year,1875-07-01T12:00:00,,"page_number_string: 
notes: 
source_full_citation: PLR canton de Genève. (2026). Notre histoire et nos valeurs. Consulté le 25 juin 2026, sur https://www.plr-ge.ch/parti/histoire-et-valeurs
source_comment: ",exact,2011-05-24T12:00:00,,"page_number_string: 
notes: 
source_full_citation: Bernath, M., Bühlmann, M., Hohl, S. & Schoenholtz, S. (2025). Ausgewählte Beiträge zur Schweizer Politik: Dossier: Die Fusion von LPS und FDP, 2003-2013. Année Politique Suisse. Abgerufen am 09. September 2025 von https://anneepolitique.swiss/dossiers/384-dossier-die-fusion-von-lps-und-fdp
source_comment: ",,,
399,centre-ge,,1,"[631,632,633,634]","[598,599]",[655],[395],[393],"[13727,13728,13729,13730,13731,13732,13733,13734,13735,13736,13737,13738,13739,13740,13741,13742,13743,13744,13745,13746,13747,13748,13749,13750,13751,13752,13753,13754,13895,13896,13897,13898,13899,13900,13901,13902,13903,13904,13905,13906,13907,13908,13909,13910,13911,13912,13913,13914,13915,13916,13917,13918,13919,13920,13921,13999,14003,14008,14013,14018,14118,14119,14120,14121,14122,14123,14124,14125,14126,14127,14128,14129,14130,14131,14132,14133,14134,14135,14136,14137,14138,14139,14140,14141,14142,14143,14144,14145,14146,14249,14250,14251,14252,14253,14254,14255,14256,14257,14258,14259,14260,14261,14262,14263,14264,14265,14266,14267,14307,14311,14315,14319,14323,14328,14333,14339,14345,14354,14362]",[],[],[99],[],"[1299,1300,1355,1381]","[291,292]","[15480,15481,15482,15483,15484,15485,15486,15487,15488,15489,15490,15491,15492,15493,15494,15495,15496,15497,15498,15499,15500,15501,15502,15503,15504,15505,15506,15507,15686,15687,15688,15689,15690,15691,15692,15693,15694,15695,15696,15697,15698,15699,15700,15701,15702,15703,15704,15705,15706,15707,15708,15709,15710,15711,15712,15713,15843,15847,15851,15855,15862,15866,15875,15986,15987,15988,15989,15990,15991,15992,15993,15994,15995,15996,15997,15998,15999,16000,16001,16002,16003,16004,16005,16006,16007,16008,16009,16010,16011,16012,16013,16014,16015,16016,16017,16088,16092,16096,16100,16104,16108,16112,16116,16120,16125,16131,16136,16142,16148,16155,16162,16169,16177,16186,16195,16203,16209]",[401],"[582,583]",,,,,,,,,,,,,year,1892-07-01T12:00:00,,"page_number_string: 110
notes: 
source_full_citation: Ladner, A. (2022). Kantonale Wahlen und Parteiensysteme. IDHEAP.
source_comment: ",,,,,,,
400,vert-e-s-ge,,1,"[635,636,637,638,639]",[600],[],[396],[394],"[13755,13756,13757,13758,13759,13760,13761,13762,13763,13764,13765,13922,13923,13924,13925,13926,13927,13928,13929,13930,13931,13932,14000,14005,14010,14015,14021,14147,14148,14149,14150,14151,14152,14153,14154,14155,14156,14268,14269,14270,14271,14272,14273,14274,14275,14276,14277,14325,14330,14335,14341,14348,14357,14364]",[],[],[252],[],"[1301,1302]",[],"[15508,15509,15510,15511,15512,15513,15514,15515,15516,15517,15518,15519,15520,15521,15522,15523,15524,15525,15526,15527,15528,15529,15714,15715,15716,15717,15718,15719,15720,15721,15722,15723,15724,15725,15726,15727,15728,15729,15730,15731,15732,15733,15734,15735,15844,15848,15853,15857,15864,15867,15872,16018,16019,16020,16021,16022,16023,16024,16025,16026,16027,16028,16029,16030,16031,16032,16033,16034,16035,16036,16037,16122,16127,16133,16138,16144,16150,16157,16164,16172,16180,16189,16198,16205,16211]",[402],[],,,,,,,,,,,,,exact,1983-01-31T12:00:00,,"page_number_string: 
notes: 
source_full_citation: Verts canton de Genève. (2014). Les statuts des Verts genevois. Consulté le 25 juin 2026, sur https://web.archive.org/web/20140711014928/http:/www.verts-ge.ch/les-verts/les-statuts.html
source_comment: ",,,,,,,
401,pvl-ge,,1,[640],[601],[],[397],[395],"[13766,13767,13768,13769,13933,13934,13935,13936,14020,14157,14158,14159,14278,14279,14280,14347,14356]",[],[],[296],[],[1303],[],"[15530,15531,15532,15533,15534,15535,15536,15537,15736,15737,15738,15739,15740,15741,15742,15743,15876,16038,16039,16040,16041,16042,16043,16171,16179,16188,16197]",[403],[],,,,,,,,,,,,,exact,2010-09-29T12:00:00,,"page_number_string: 
notes: 
source_full_citation: PVL canton de Genève. (2025). Statuts du Parti vert’libéral genevois. Consulté le 02 juin 2026, sur https://ge.vertliberaux.ch/Le-Parti-Les-Vert-lib%C3%A9raux-genevois.html
source_comment: ",,,,,,,
402,pev-ge,,1,[641],[602],[],[398],[396],"[13770,13771,13772,13773,13774,13937,13938,13939,13940,13941]",[],[],[197],[],[],[],"[15538,15539,15540,15541,15542,15543,15544,15545,15546,15547,15744,15745,15746,15747,15748,15749,15750,15751,15752,15753]",[404],[],,,,,,,,,,,,,exact,2007-08-27T12:00:00,,"page_number_string: 
notes: 
source_full_citation: EVP Schweiz. (2025). Geschichte. Abgerufen am 09. September 2025 von https://www.evppev.ch/partei/geschichte
source_comment: ",,,,,,,
403,udf-ge,,1,[642],[603],[],[399],[397],"[13775,13776,13942,13943]",[],[],[271],[],[1304],[],"[15548,15549,15550,15551,15754,15755,15756,15757]",[405],[],,,,,,,,,,,,,year,1993-07-01T12:00:00,,"page_number_string: 15
notes: 
source_full_citation: EDU Schweiz. (2000). 25 Jahre EDU - UDF, Eidgenössisch-Demokratische Union, Union Démocratique Fédérale : Rückblick, Aufblick, Blick voraus. EDU Schweiz.
source_comment: ",,,,,,,
404,mcg-ge,#49A5E7,1,"[643,644,645]","[604,605]",[],[400],[398],"[13777,13778,13779,13780,13781,13944,13945,13946,13947,13948,14022,14160,14161,14162,14163,14164,14281,14282,14283,14284,14285,14349,14358,14365,14809,14810,14811,14812,14814,14815]",[],[],[349],[],[1603],[],"[15552,15553,15554,15555,15556,15557,15558,15559,15560,15561,15758,15759,15760,15761,15762,15763,15764,15765,15766,15767,15877,16044,16045,16046,16047,16048,16049,16050,16051,16052,16053,16129,16140,16152,16159,16166,16173,16181,16190,16199,16206,16212]",[406],[],,,,,,,,,,,,,exact,2005-06-06T12:00:00,,"page_number_string: 
notes: 
source_full_citation: Wikipedia. (2026). Mouvement citoyens genevois. Abgerufen am 25. Juni 2026 von https://de.wikipedia.org/wiki/Mouvement_citoyens_genevois
source_comment: ",,,,,,,
405,pbd-ge,,1,"[646,647]","[606,607,655]",[],[401],[399],"[13782,13783,13949,13950,14007,14165,14166,14286,14287,14353]",[],[],[301],[],[],[],"[15562,15563,15564,15565,15768,15769,15770,15771,15861,16054,16055,16056,16057,16185,16194]",[407],[],,,,,,,,,,,,,exact,2013-02-13T12:00:00,,"page_number_string: 
notes: 
source_full_citation: PBD canton de Genève. (2019). Présentation. Consulté le 25 juin 2026, sur https://web.archive.org/web/20191011234649/https:/www.bdp.info/ge/fr/quisommes-nous/
source_comment: ",exact,2021-12-21T12:00:00,,"page_number_string: 
notes: 
source_full_citation: EBU. (23 décembre 2021). Le PBD genevois disparaît. Tribune de Genève. Consulté le 25 juin 2026, sur https://essentials.swissdox.ch/
source_comment: ",,,
406,pdt-ge,,1,"[648,649]","[608,609]",[],[402],[400],"[13788,13789,13790,13791,13792,13793,13794,13795,13796,13797,13798,13799,13800,13801,13802,13803,13804,13805,13806,13807,13957,13958,13959,13960,13961,13962,13963,13964,13965,13966,13967,13968,13969,13970,13971,13972,13973,13974,13975,13976,14025,14167,14168,14169,14170,14171,14172,14173,14174,14175,14176,14177,14178,14179,14180,14181,14182,14183,14184,14185,14186,14288,14289,14290,14291,14292,14293,14294,14295,14296,14297,14298,14299,14300,14301,14302,14303,14304,14305,14306,14350,14359]",[],[],[218],[],"[1305,1306,1307,1308,1309,1310,1311,1312,1313,1314,1315,1316,1317,1318,1319,1320]",[],"[15566,15567,15568,15569,15570,15571,15572,15573,15574,15575,15576,15577,15578,15579,15580,15581,15582,15583,15584,15585,15586,15587,15588,15589,15590,15591,15592,15593,15772,15773,15774,15775,15776,15777,15778,15779,15780,15781,15782,15783,15784,15785,15786,15787,15788,15789,15790,15791,15792,15793,15794,15795,15796,15797,15798,15799,15873,15878,16058,16059,16060,16061,16062,16063,16064,16065,16066,16067,16068,16069,16070,16071,16072,16073,16074,16075,16076,16077,16078,16079,16080,16081,16082,16083,16084,16085,16086,16087,16174,16182,16191,16200]",[408],[],,,,,,,,,,,,,exact,1943-06-08T12:00:00,,"page_number_string: 146
notes: 
source_full_citation: Rauber, A. (2003). Formierter Widerstand: Geschichte der kommunistischen Bewegung in der Schweiz 1944-1991. Edition 8.
source_comment: ",,,,,,,
407,pc-ge,,1,[650],[],[609],[403],[401],"[13784,13785,13786,13787,13951,13952,13953,13954,13955,13956]",[],[],[348],[],[],[],[],[409],[],,,,,,,,,,,,,exact,1921-01-24T12:00:00,,"page_number_string: 
notes: 
source_full_citation: PdT canton de Genève. (2008). L'histoire du Parti du Travail. Consulté le 25 juin 2026, sur https://web.archive.org/web/20080513031822/http:/www.pdt-ge.org/content/view/18/66/
source_comment: ",year,1937-07-01T12:00:00,"note_translations: languages_code: de-CH
note: Jahr des Parteiverbots.",,,,
408,poch-ch,#CF526D,,[652],[],"[610,612,613,614]",[404],[402],[],[],[],[221],[],"[1321,1322,1323]",[],[],[410],"[584,585]",,,de-CH,,https://hls-dhs-dss.ch/de/articles/017404/,,,fr-CH,,https://hls-dhs-dss.ch/fr/articles/017404/,,,year,1971-07-01T12:00:00,"note_translations: languages_code: de-CH
note: Alternatives Gründungsdatum gemäss Tschäni (1979: 109) und Schmid (1981: 75) in 1973.","page_number_string: 120
notes: 
source_full_citation: Blum, R. (1986). Wandel und Konstanten bei den Progressiven Organisationen (POCH), 1971-1986. In W. Linder (Hrsg.), SVPW-Jahrbuch / Annuaire ASSP (Band 26, S. 119-150). Verlag Paul Haupt Bern. https://doi.org/10.5169/seals-172510
source_comment: ",year,1993-07-01T12:00:00,,"page_number_string: 
notes: 
source_full_citation: Degen, B. (2008). Progressive Organisationen (POCH). In Historisches Lexikon der Schweiz (HLS). Abgerufen am 29. Juni 2026 von https://hls-dhs-dss.ch/de/articles/017404/2011-12-14/
source_comment: ",,,
409,rml-bs,,1,[654],[],[],[405],[404],[],[],[],[352],[],[],[],[],[412],[],,,,,,,,,,,,,year,1973-07-01T12:00:00,,"page_number_string: 322
notes: 
source_full_citation: Lüthi, W. (1984). Parteien. In L. Burckhardt, R. Frey, G. Kreis & G. Schmid (Hrsg.), Das politische System Basel-Stadt. Geschichte, Strukturen, Institutionen , Politikbereiche (S. 319-332). Verlag Helbing & Lichtenhahn.
source_comment: ",,,,,,,
410,sp-vorl,,,[656],[],[618],[406],[405],[],[],[],[],[],[],[],[],[413],[],,,,,,,,,,,,,unknown,1850-01-01T12:00:00,,,exact,1888-10-21T12:00:00,,,,,
411,kp-ch,#8C2736,,[657],[619],"[620,621,622,630,634]",[407],[406],[],"[789,790]",[],[407],[],"[1334,1335]",[],[],[414],[],,,de-CH,,https://hls-dhs-dss.ch/de/articles/040168/,,,fr-CH,,https://hls-dhs-dss.ch/fr/articles/040168/,,,exact,1921-03-06T12:00:00,,"page_number_string: 141
notes: 
source_full_citation: Gruner, E. (1977). Die Parteien in der Schweiz (2. Auflage). Francke.
source_comment: ",exact,1940-11-26T12:00:00,"note_translations: languages_code: de-CH
note: Datum des Verbots der Kommunistischen Partei in der Schweiz: ""Am 26. November 1940 verschärfte der Bundesrat die Massnahmen und erklärte die KPS für aufgelöst"" (hä 2014).","page_number_string: 
notes: 
source_full_citation: hä. (27. November 2014). Als der Bundesrat sogar Parteien verbot. Neue Zürcher Zeitung. Abgerufen am 27. Juli 2026 von https://www.nzz.ch/schweiz/als-der-bundesrat-sogar-parteien-verbot-ld.1030566
source_comment: ",,,
413,lps-vorl,,,[659],[],[627],[409],[408],[],[],[],[],[],[],[],[],[416],[],,,,,,,,,,,,,unknown,1850-01-01T12:00:00,,,exact,1913-10-08T12:00:00,,,,,
414,ldu-vorl,,,[660],[],[628],[410],[409],[],[],[],[],[],[],[],[],[417],[],,,,,,,,,,,,,unknown,1930-01-01T12:00:00,,,exact,1936-12-30T12:00:00,,,,,
415,kp-zh,,1,[661],"[629,630]",[633],[411],[410],[],[],[],[],[],[],[],[],[418],[],,,,,,,,,,,,,year,1918-07-01T12:00:00,"note_translations: languages_code: de-CH
note: Das HLS (https://hls-dhs-dss.ch/de/articles/007381/2017-08-24/#HVerfassungsentwicklungundpolitischeGeschichteseit1798) nennt als Gründungsjahr hingegen 1921.","page_number_string: 152
notes: 
source_full_citation: Vatter, A. (2002). Kantonale Demokratien im Vergleich: Entstehungsgründe, Interaktionen und Wirkungen politischer Institutionen in den Schweizer Kantonen. Leske + Budrich.
source_comment: ",multimonth,1940-11-26T12:00:00,"note_translations: languages_code: de-CH
note: Datum der Auflösung der Mutterpartei KP Schweiz durch den Bundesrat (""Am 26. November 1940 verschärfte der Bundesrat die Massnahmen und erklärte die KPS für aufgelöst"" (hä 2014)).","page_number_string: 
notes: 
source_full_citation: hä. (27. November 2014). Als der Bundesrat sogar Parteien verbot. Neue Zürcher Zeitung. Abgerufen am 27. Juli 2026 von https://www.nzz.ch/schweiz/als-der-bundesrat-sogar-parteien-verbot-ld.1030566
source_comment: ",,,
416,lsp-ch,,,"[662,669,670]",[],[],[412],[411],[],[],[],[408],[],[],[],[],[419],[],,,de-CH,,https://hls-dhs-dss.ch/de/articles/017392/,,,fr-CH,,https://hls-dhs-dss.ch/fr/articles/017392/,,,year,1915-07-04T12:00:00,,"page_number_string: 
notes: 
source_full_citation: Wikipedia. (2026). Freiland-Freigeld-Bund. Abgerufen am 28. Juli 2026 von https://de.wikipedia.org/wiki/Freiland-Freigeld-Bund
source_comment: ",year,1990-07-01T12:00:00,,"page_number_string: 
notes: 
source_full_citation: Wikipedia. (2026). Liberalsozialistische Partei. Abgerufen am 22. Juli 2026 von https://de.wikipedia.org/wiki/Liberalsozialistische_Partei
source_comment: ",,,
417,jb-be,,1,[663],[631],[],[413],[412],"[14787,14788,14789,14790,14791,14792,14793,14794,14795,14796,14797,14798]",[],[],[409],[],[],[],[],[420],[],,,de-CH,,https://hls-dhs-dss.ch/de/articles/017390/,,,fr-CH,,https://hls-dhs-dss.ch/fr/articles/017390/,,,exact,1935-11-09T12:00:00,"note_translations: languages_code: de-CH
note: Als Gründungsdatum wird hier der offizielle Ausschluss der Bauernheimatbewegung aus dem Leitenden Ausschuss und Zentralvorstand der bernischen BGB gewählt. Die Bewegung an sich hatte es aber bereits vorher (ab den 1920er Jahren, siehe auch https://hls-dhs-dss.ch/de/articles/017390/2004-04-27/) gegeben.","page_number_string: 43
notes: 
source_full_citation: Jufer, M. (1993). 75 Jahre SVP Kanton Bern. Verlag SVP Kanton Bern.
source_comment: ",year,1946-07-01T12:00:00,,"page_number_string: 
notes: 
source_full_citation: Wikipedia. (2026). Jungbauernbewegung. Abgerufen am 22. Juli 2026 von https://de.wikipedia.org/wiki/Jungbauernbewegung
source_comment: ",,,
418,sap-ch,#AA3840,,"[664,665]",[632],[],[414],[413],[],[],[],[410],[],[],[],[],[421],[596],,,de-CH,,https://hls-dhs-dss.ch/de/articles/017402/,,,fr-CH,,https://hls-dhs-dss.ch/fr/articles/017402/,,,month,1969-10-15T12:00:00,,"page_number_string: 
notes: 
source_full_citation: Junker, B. (1969). Parteien. In Année Politique Suisse 1969. Abgerufen am 23. Juli 2026 von https://politchronik.swiss/APS/de/APS_1969/APS1969_III_a.html
source_comment: ",year,1989-07-01T12:00:00,"note_translations: languages_code: de-CH
note: Umstritten, ob Auflösung 1989 oder 1991. APS und Linder et al. schreiben 1989, HLS 1991 (https://anneepolitique.swiss/prozesse/52431-sap-als-gruppierung)","page_number_string: 
notes: 
source_full_citation: Rinderknecht, M. (1991). SAP als Gruppierung. Année Politique Suisse. Abgerufen am 23. Juli 2026 von https://politchronik.swiss/de/prozesse/52431
source_comment: ",,,
419,kvp-ch,,,"[666,667]",[],[],[415],[414],[],[],[],[411],[],[],[],[],[422],[],,,,,,,,,,,,,exact,1994-11-26T12:00:00,,"page_number_string: 
notes: 
source_full_citation: Katholisches Medienzentrum. (26. November 2014). 20 Jahre Katholische Volkspartei (KVP) – mit einem Geburtstagsgeschenk. Abgerufen am 23. Juli 2026 von https://www.kath.ch/medienspiegel/20-jahre-katholische-volkspartei-kvp-mit-einem-geburtstagsgeschenk/
source_comment: ",,,,,,,
420,foed-sp-gruet-ch,,,[668],[],"[635,636]",[416],[415],[],[],[],[],[],[],[],[],[423],[],,,,,,,,,,,,,year,1901-07-01T12:00:00,,"page_number_string: 
notes: 
source_full_citation: Müller, F. (2004). Grütliverein. In Historisches Lexikon der Schweiz (HLS). Abgerufen am 21. April 2026 von https://hls-dhs-dss.ch/de/articles/017397/2025-02-17/
source_comment: 

page_number_string: 
notes: 
source_full_citation: Degen, B. (2022). Sozialdemokratische Partei (SP). In Historisches Lexikon der Schweiz (HLS). Abgerufen am 12. September 2025 von https://hls-dhs-dss.ch/de/articles/017393/2022-01-24/
source_comment: ",year,1916-07-01T12:00:00,,"page_number_string: 
notes: 
source_full_citation: Müller, F. (2004). Grütliverein. In Historisches Lexikon der Schweiz (HLS). Abgerufen am 21. April 2026 von https://hls-dhs-dss.ch/de/articles/017397/2025-02-17/
source_comment: 

page_number_string: 
notes: 
source_full_citation: Degen, B. (2022). Sozialdemokratische Partei (SP). In Historisches Lexikon der Schweiz (HLS). Abgerufen am 12. September 2025 von https://hls-dhs-dss.ch/de/articles/017393/2022-01-24/
source_comment: ",,,
421,freiw-ch,,,[671],[],[],[417],[416],[],[],[],[],[],[],[],[],[424],[],,,,,,,,,,,,,month,1943-09-15T12:00:00,,"page_number_string: 
notes: 
source_full_citation: Gruner, E. (1977). Die Parteien in der Schweiz (2. Auflage). Francke.
source_comment: 

page_number_string: 
notes: 
source_full_citation: Mitg. (17 September 1943). Die Spaltung bei den Freiwirtschaftern. Tages-Anzeiger. Abgerufen am 28. Juli 2026 von https://www.e-newspaperarchives.ch/?a=d&d=TAG19430917-01.2.12.8
source_comment: ",year,1990-07-01T12:00:00,,"page_number_string: 
notes: 
source_full_citation: Brassel-Moser, R. (2003). Freiwirtschaftliche Bewegung. In Historisches Lexikon der Schweiz (HLS). Abgerufen am 28. Juli 2026 von https://hls-dhs-dss.ch/de/articles/017396/2008-10-02/
source_comment: ",,,
422,dsp-ch,,,[672],[638],"[639,640,641,644]",[418],[417],[],[],[],[417],[],[],[],[],[425],[],,,,,,,,,,,,,exact,1994-06-04T12:00:00,,"page_number_string: 
notes: 
source_full_citation: az. (06. Juni 1994). DSP der Schweiz versteht sich als dritte Kraft. Freiburger Nachrichten. Abgerufen am 28. Juli 2026 von https://www.e-newspaperarchives.ch/?a=d&d=FZG19940606-01.2.70
source_comment: ",unknown,2012-01-01T12:00:00,"note_translations: languages_code: de-CH
note: Seit ca. 2011 sind keine Aktivitäten der DSP mehr bekannt.
",,,,
423,dsp-bl,,1,[673],[640],[],[419],[418],[],[],[],[418],[],[1336],[],[],[426],[],,,,,,,,,,,,,exact,1995-09-23T12:00:00,,"page_number_string: 
notes: 
source_full_citation: mkr. (25. September 1995). DSP mit viel Optimismus gegründet. Basler Zeitung. Abgerufen am 28. Juli 2026 von https://essentials.swissdox.ch/
source_comment: ",unknown,2010-01-01T12:00:00,,,,,
424,dsp-gr,,1,[674],"[641,642]",[],[420],[419],"[14802,14803,14804,14805,14806,14807,14808]",[],[],[],[],"[1337,1338]",[],"[16734,16735,16736,16737,16738,16739,16740,16741,16742,16743,16744,16745,16746,16747]",[427],[],,,,,,,,,,,,,exact,1987-11-03T12:00:00,,"page_number_string: 
notes: 
source_full_citation: sda. (05. November 1987). «Zwischen linksaussen und bürgerlich». Der Bund. Abgerufen am 28. Juli 2026 von https://www.e-newspaperarchives.ch/?a=d&d=DBB19871105-01.2.18.9.5
source_comment: ",unknown,2017-01-01T12:00:00,,,,,
425,dsp-fr,,1,"[675,676]","[643,644]",[],[421],[420],[],[],[],[],[],[1339],[],[],[428],[],,,,,,,,,,,,,exact,1989-05-03T12:00:00,,"page_number_string: 
notes: 
source_full_citation: ap. (05. mai 1989). Freiburg hat neue Partei. Bieler Tagblatt. Abgerufen am 28. Juli 2026 von https://www.e-newspaperarchives.ch/?a=d&d=BTB19890505-01.2.14.4.1
source_comment: ",unknown,2009-01-01T12:00:00,,,,,
426,csp-zh,,1,"[680,681]",[649],[],[422],[421],"[14824,14825,14826,14827,14828,14829,14830,14831,14832,14833,14834,14835,14836,14837,14838,14839,14840,14841]",[796],[],[],[],[1450],[],"[16748,16749,16750,16751,16752,16753,16754,16755,16756,16757,16758,16759,16760,16761,16762,16763,16764,16765,16766,16767,16768,16769,16770,16771]",[429],[],,,,,,,,,,,,,exact,1994-09-15T12:00:00,,"page_number_string: 
notes: 
source_full_citation: cb. (17. September 1994). Freie CSP Zürich gegründet. Neue Zürcher Zeitung. Abgerufen am 12. August 2026 von https://essentials.swissdox.ch/de/research?articleId=17185870&articleView=text&q=eyJmbHQiOlt7ImZsIjoicXVlcnlfdGV4dCIsInZhbCI6WyJmcmVpZSBjc3AgesO8cmljaCJdfSx7ImZsIjoiZGF0ZXRpbWUiLCJ2YWwiOlsiMTkxMS0xMS0zMFQyMzowMDowMC4wMDBaIiwiMTk5Ni0xMi0zMVQyMjo1OTowMC4wMDBaIl19XSwiZXh0Ijp0cnVlLCJzcnQiOnsiZmwiOiJkYXRldGltZSIsImRpciI6ImRlc2MifX0%3D
source_comment: ",,,,,,,
427,pcsi-vs-r,,1,[682],[650],[],[423],[],[],[],[],[],[],[],[],[],[430],[],,,,,,,,,,,,,month,1976-04-15T12:00:00,,"page_number_string: 
notes: 
source_full_citation: Gilg, P. (1976). Parti démocrate-chrétien. In Année Politique Suisse 1976. Abgerufen am 6. Juli 2026 von https://politchronik.swiss/APS/de/APS_1976/APS1976_III_a.html#fnref9
source_comment: ",unknown,1980-01-01T12:00:00,"note_translations: languages_code: de-CH
note: Wir konnten keine Hinweise auf einen expliziten Auflösungsbeschluss finden, jedoch auch keine Hinweise auf Aktivitäten des PCSI im Wallis nach 1976. Bei Gilg (1981, in APS) findet die Unterwalliser Sektion im Zusammenhang mit dem CSP-Projekt von 1976 keine Erwähnung mehr und bereits 1976 schrieb er ""Le Parti chrétien-social indépendant du Bas-Valais [...] n'a pu prendre pied lors des élections communales de décembre"" (Gilg 1976, https://politchronik.swiss/APS/de/APS_1976/APS1976_III_a.html#ref2).",,,,
428,kkvp-vorl-vs-o,#212529,1,[683],[],"[651,652,654]",[424],[422],[],[],[],[],[],[],[],[],[431],[],,,,,,,,,,,,,unknown,1815-01-01T12:00:00,,"page_number_string: 
notes: 
source_full_citation: Salzmann, J. (2026). Seit 1857 bestimmen die Konservativen die Walliser Politik. In Trotz der Vispa, dank der Vispa - eine Chronik von Visp. Abgerufen am 10. August 2026 von https://www.visper-chronik.ch/kapitel/seit-1857-bestimmen-die-konservativen-die-walliser-politik-142
source_comment: ",exact,1919-04-23T12:00:00,,,,,
429,csp-vs-o-1917,,1,[684],"[652,653,654]",[],[425],[423],[],[],[],[],[],[],[],[],[432],[],,,,,,,,,,,,,year,1917-07-01T12:00:00,,"page_number_string: 112
notes: 
source_full_citation: Casetti, G. (1979). Partei und Christlichsoziale: Die heilsame Unruh. In U. Altermatt & H. P. Fagagnini (Hrsg.), Die CVP zwischen Programm und Wirklichkeit (S. 106-123). Benziger.
source_comment: 

page_number_string: 
notes: 
source_full_citation: Rohner, M. (2002). Christlichsoziale Bewegung. In Historisches Lexikon der Schweiz (HLS), Version von 2002. Abgerufen am 10. August von https://hls-dhs-dss.ch/de/articles/026985/2008-05-26/
source_comment: ",unknown,1949-01-01T12:00:00,"note_translations: languages_code: de-CH
note: Uns liegen keine Quellen für einen expliziten Auflösungsbeschluss vor. Fest steht, dass die alte CSP spätestens 1949 aufhörte zu existieren, da ab dann die neue, in gewandelter Form bis heute existierende CSP Oberwallis (heute ""neo Oberwallis"") bestand.",,,,
430,ml-fr-sense,,1,"[685,686]","[657,658]",[],[426],[424],[],[],[],[],[],[],[],[],[433],[],,,,,,,,,,,,,unknown,1966-01-01T12:00:00,,,,,,,,,
431,csp-gl-glarus-nord,,,"[688,689]",[659],[660],[427],[425],"[14845,14846,14847,14848,14849,14850,14851,14852,14853,14854,14855,14856,14857,14858,14859,14860,14861,14862,14863]",[799],[],[],[],[],[],[],"[434,435]",[],,,de-CH,"Einzugsgebiet der Partei war die Gemeinde Näfels, bis diese per 1.1.2011 im Rahmen einer Gemeindefusion in der Gemeinde Glarus Nord aufging.",,,,,,,,,multimonth,1947-02-01T12:00:00,"note_translations: languages_code: de-CH
note: Gründung im Vorfeld der Landratswahlen vom Juni 1947 (Landolt 2026).","page_number_string: 
notes: 
source_full_citation: Landolt, F. (2026). Auskunft zur Parteigeschichte der CSP Glarus Nord. Unveröffentlicht,per E-Mail vom 29.7.2026 an Hans-Peter Schaub erhalten.
source_comment: 

page_number_string: 172
notes: 
source_full_citation: Rölli-Alkemper, L. (1993). Die Schweizerische Konservative Volkspartei 1935-1943 : politischer Katholizismus zwischen Emanzipation und Integration. Universitätsverlag Freiburg Schweiz.
source_comment: ",exact,2012-03-16T12:00:00,,"page_number_string: 
notes: 
source_full_citation: Landolt, F. (2026). Auskunft zur Parteigeschichte der CSP Glarus Nord. Unveröffentlicht,per E-Mail vom 29.7.2026 an Hans-Peter Schaub erhalten.
source_comment: 

page_number_string: 
notes: 
source_full_citation: CSP Glarus Nord. (2012). Auflösung der CSP. Unveröffentlichtes Dokument, erhalten per E-Mail von Franz Landolt an Hans-Peter Schaub vom 29.7.2026.
source_comment: ",,,
432,glp-gl-glarus-nord,,,[687],"[660,661]",[],[428],[],[],[798],[],[],[],[],[],[],[436],[],,,,,,,,,,,,,exact,2012-03-29T12:00:00,,"page_number_string: 
notes: 
source_full_citation: CSP Glarus Nord. (2012). Auflösung der CSP. Unveröffentlichtes Dokument, erhalten per E-Mail von Franz Landolt an Hans-Peter Schaub vom 29.7.2026.
source_comment: 

page_number_string: 
notes: 
source_full_citation: Huber, J. (3. April 2012). GLP Glarus Nord gegründet. Glarus24.ch. Abgerufen am 12. August 2026 von https://www.glarus24.ch/artikel/glp-glarus-nord-gegruendet-2413571
source_comment: 

page_number_string: 
notes: 
source_full_citation: Landolt, F. (2026). Auskunft zur Parteigeschichte der CSP Glarus Nord. Unveröffentlicht,per E-Mail vom 29.7.2026 an Hans-Peter Schaub erhalten.
source_comment: ",,,,,,,
433,pdc-ne,,1,[690],[663],[662],[429],[426],[],[],[],[],[],[1493],[],[],[437],[675],,,,,,,,,,,,,exact,1997-03-03T12:00:00,,"page_number_string: 
notes: 
source_full_citation: Bardet, A. (11 mars 1997). Parti créé Le PDC vise une place au centre de l'échiquier politique. L'express. Consulté le 20 août 2026, sur https://www.e-newspaperarchives.ch/?a=d&d=EXR19970311-01.2.11
source_comment: ",unknown,2000-01-01T12:00:00,,,,,
434,auto-ag,,1,[691],[667],[],[430],[427],[],[],[],[],[],[],[],[],[438],[],,,,,,,,,,,,,exact,1987-01-17T12:00:00,"note_translations: languages_code: de-CH
note: Bei Staehelin (2001) wird als Gründungsjahr hingegen 1986 genannt.","page_number_string: 
notes: 
source_full_citation: ? (21. März 2015). Die Auto-Partei: Aufstieg und Fall eines politischen Unikums. Aargauer Zeitung. Abgerufen am 26. August 2026 von https://www.aargauerzeitung.ch/aargau/kanton-aargau/die-auto-partei-aufstieg-und-fall-eines-politischen-unikums-ld.1681649
source_comment: ",,,,,,,
