period_of_service_id,person_id,party_id,internal_function_id,public_role_id,notes,sources,from_date_precision,from_date_datetime,from_date_notes,from_date_sources,to_date_precision,to_date_datetime,to_date_notes,to_date_sources
1,405,1,1,,,"page_number_string: 
notes: 
source_full_citation: <p>Skenderovic, D. (2017). Schweizerische Volkspartei (SVP). In <em>Historisches Lexikon der Schweiz (HLS)</em>. Abgerufen am 12. September 2025 von https://hls-dhs-dss.ch/de/articles/017389/2017-03-20/</p>
source_comment: ",exact,1971-09-22T12:00:00,,,year,1976-07-01T12:00:00,,
2,889,1,1,,,"page_number_string: 
notes: 
source_full_citation: <p>Skenderovic, D. (2017). Schweizerische Volkspartei (SVP). In <em>Historisches Lexikon der Schweiz (HLS)</em>. Abgerufen am 12. September 2025 von https://hls-dhs-dss.ch/de/articles/017389/2017-03-20/</p>
source_comment: ",year,1976-07-01T12:00:00,,,year,1984-07-01T12:00:00,,
3,1384,1,1,,,"page_number_string: 
notes: 
source_full_citation: <p>H&auml;ttenschwiler, D. (2022). Ogi, Adolf. In <em>Historisches Lexikon der Schweiz (HLS). </em>Abgerufen am 12. September 2025 von&nbsp;https://hls-dhs-dss.ch/de/articles/004741/2022-03-11/</p>
source_comment: ",year,1984-07-01T12:00:00,,,month,1987-12-09T12:00:00,,
4,1890,1,1,,,"page_number_string: 
notes: 
source_full_citation: <p>Skenderovic, D. (2017). Schweizerische Volkspartei (SVP). In <em>Historisches Lexikon der Schweiz (HLS)</em>. Abgerufen am 12. September 2025 von https://hls-dhs-dss.ch/de/articles/017389/2017-03-20/</p>
source_comment: ",year,1988-07-01T12:00:00,,,exact,1996-01-27T12:00:00,,
5,1218,1,1,,,"page_number_string: 
notes: 
source_full_citation: <p>Skenderovic, D. (2017). Schweizerische Volkspartei (SVP). In <em>Historisches Lexikon der Schweiz (HLS)</em>. Abgerufen am 12. September 2025 von https://hls-dhs-dss.ch/de/articles/017389/2017-03-20/</p>
source_comment: ",exact,1996-01-27T12:00:00,,"page_number_string: 
notes: 
source_full_citation: <p>Rohner, M. (29. Januar 1996). Ueli Maurer will Pr&auml;sident der ganzen SVP sein. <em>Basler Zeitung</em>. Abgerufen am 12. September 2025 von https://essentials.swissdox.ch/</p>
source_comment: ",exact,2008-03-01T12:00:00,,
6,286,1,1,,,"page_number_string: 
notes: 
source_full_citation: <p>Skenderovic, D. (2017). Schweizerische Volkspartei (SVP). In <em>Historisches Lexikon der Schweiz (HLS)</em>. Abgerufen am 12. September 2025 von https://hls-dhs-dss.ch/de/articles/017389/2017-03-20/</p>
source_comment: ",exact,2008-03-01T12:00:00,,"page_number_string: 
notes: 
source_full_citation: <p>Weidmann, A. (03. M&auml;rz 2008). Wems nicht passt, der soll gehen. <em>Der Bund</em>. Abgerufen am 12. September 2025 von https://essentials.swissdox.ch/</p>
source_comment: ",exact,2016-04-23T12:00:00,,
7,1522,1,1,,,"page_number_string: 
notes: 
source_full_citation: <p>Skenderovic, D. (2017). Schweizerische Volkspartei (SVP). In <em>Historisches Lexikon der Schweiz (HLS)</em>. Abgerufen am 12. September 2025 von https://hls-dhs-dss.ch/de/articles/017389/2017-03-20/</p>
source_comment: ",exact,2016-04-23T12:00:00,,"page_number_string: 
notes: 
source_full_citation: <p>H&auml;fliger, M. (25. April 2016). In Berner Hand. <em>Tages-Anzeiger</em>. Abgerufen am 12. September 2025 von https://essentials.swissdox.ch/</p>
source_comment: ",exact,2020-08-22T12:00:00,,
8,376,1,1,,,"page_number_string: 
notes: 
source_full_citation: <p>Surber, M. (24. August 2020). Die SVP geht ein Wagnis ein. <em>Neue Z&uuml;rcher Zeitung</em>. Abgerufen am 12. September 2025 von https://essentials.swissdox.ch/</p>
source_comment: ",exact,2020-08-22T12:00:00,,,exact,2024-03-23T12:00:00,,
9,469,1,1,,,"page_number_string: 
notes: 
source_full_citation: <p>Graber, M. (25. M&auml;rz 2024). SVP l&auml;sst R&ouml;sti im Regen stehen. <em>Toggenburger Tagblatt</em>. Abgerufen am 12. September 2025 von https://essentials.swissdox.ch/</p>
source_comment: ",exact,2024-03-23T12:00:00,,,,,,
10,1479,2,1,,,"page_number_string: 
notes: 
source_full_citation: <p>Degen, B. (2022). Sozialdemokratische Partei (SP). In <em>Historisches Lexikon der Schweiz (HLS)</em>. Abgerufen am 12. September 2025 von&nbsp;https://hls-dhs-dss.ch/de/articles/017393/2022-01-24/</p>
source_comment: ",exact,1888-10-21T12:00:00,,,year,1890-07-01T12:00:00,,
11,1781,2,1,,,"page_number_string: 
notes: 
source_full_citation: <p>Degen, B. (2022). Sozialdemokratische Partei (SP). In <em>Historisches Lexikon der Schweiz (HLS)</em>. Abgerufen am 12. September 2025 von&nbsp;https://hls-dhs-dss.ch/de/articles/017393/2022-01-24/</p>
source_comment: ",year,1890-07-01T12:00:00,,,year,1891-07-01T12:00:00,,
12,2042,2,1,,,"page_number_string: 
notes: 
source_full_citation: <p>Degen, B. (2022). Sozialdemokratische Partei (SP). In <em>Historisches Lexikon der Schweiz (HLS)</em>. Abgerufen am 12. September 2025 von&nbsp;https://hls-dhs-dss.ch/de/articles/017393/2022-01-24/</p>
source_comment: ",year,1891-07-01T12:00:00,,,year,1893-07-01T12:00:00,,
13,678,2,1,,,"page_number_string: 
notes: 
source_full_citation: <p>Degen, B. (2022). Sozialdemokratische Partei (SP). In <em>Historisches Lexikon der Schweiz (HLS)</em>. Abgerufen am 12. September 2025 von&nbsp;https://hls-dhs-dss.ch/de/articles/017393/2022-01-24/</p>
source_comment: ",year,1893-07-01T12:00:00,,,year,1895-07-01T12:00:00,,
14,2069,2,1,,,"page_number_string: 
notes: 
source_full_citation: <p>Degen, B. (2022). Sozialdemokratische Partei (SP). In <em>Historisches Lexikon der Schweiz (HLS)</em>. Abgerufen am 12. September 2025 von&nbsp;https://hls-dhs-dss.ch/de/articles/017393/2022-01-24/</p>
source_comment: ",year,1896-07-01T12:00:00,,,year,1897-07-01T12:00:00,,
15,256,2,1,,,"page_number_string: 
notes: 
source_full_citation: <p>Degen, B. (2022). Sozialdemokratische Partei (SP). In <em>Historisches Lexikon der Schweiz (HLS)</em>. Abgerufen am 12. September 2025 von&nbsp;https://hls-dhs-dss.ch/de/articles/017393/2022-01-24/</p>
source_comment: ",year,1897-07-01T12:00:00,,,year,1898-07-01T12:00:00,,
16,1088,2,1,,,"page_number_string: 
notes: 
source_full_citation: <p>Degen, B. (2022). Sozialdemokratische Partei (SP). In <em>Historisches Lexikon der Schweiz (HLS)</em>. Abgerufen am 12. September 2025 von&nbsp;https://hls-dhs-dss.ch/de/articles/017393/2022-01-24/</p>
source_comment: ",year,1898-07-01T12:00:00,,,year,1902-07-01T12:00:00,,
17,24,2,1,,,"page_number_string: 
notes: 
source_full_citation: <p>Degen, B. (2022). Sozialdemokratische Partei (SP). In <em>Historisches Lexikon der Schweiz (HLS)</em>. Abgerufen am 12. September 2025 von&nbsp;https://hls-dhs-dss.ch/de/articles/017393/2022-01-24/</p>
source_comment: ",year,1902-07-01T12:00:00,,,year,1903-07-01T12:00:00,,
18,1483,2,1,,,"page_number_string: 
notes: 
source_full_citation: <p>Degen, B. (2022). Sozialdemokratische Partei (SP). In <em>Historisches Lexikon der Schweiz (HLS)</em>. Abgerufen am 12. September 2025 von&nbsp;https://hls-dhs-dss.ch/de/articles/017393/2022-01-24/</p>
source_comment: ",year,1903-07-01T12:00:00,,,year,1909-07-01T12:00:00,,
19,1009,2,1,,,"page_number_string: 
notes: 
source_full_citation: <p>Degen, B. (2022). Sozialdemokratische Partei (SP). In <em>Historisches Lexikon der Schweiz (HLS)</em>. Abgerufen am 12. September 2025 von&nbsp;https://hls-dhs-dss.ch/de/articles/017393/2022-01-24/</p>
source_comment: ",year,1909-07-01T12:00:00,,,year,1910-07-01T12:00:00,,
20,1347,2,1,,,"page_number_string: 
notes: 
source_full_citation: <p>Degen, B. (2022). Sozialdemokratische Partei (SP). In <em>Historisches Lexikon der Schweiz (HLS)</em>. Abgerufen am 12. September 2025 von&nbsp;https://hls-dhs-dss.ch/de/articles/017393/2022-01-24/</p>
source_comment: ",year,1911-07-01T12:00:00,,,year,1912-07-01T12:00:00,,
21,1830,2,1,,,"page_number_string: 
notes: 
source_full_citation: <p>Degen, B. (2022). Sozialdemokratische Partei (SP). In <em>Historisches Lexikon der Schweiz (HLS)</em>. Abgerufen am 12. September 2025 von&nbsp;https://hls-dhs-dss.ch/de/articles/017393/2022-01-24/</p>
source_comment: ",year,1912-07-01T12:00:00,,,year,1916-07-01T12:00:00,,
22,1023,2,1,,,"page_number_string: 
notes: 
source_full_citation: <p>Degen, B. (2022). Sozialdemokratische Partei (SP). In <em>Historisches Lexikon der Schweiz (HLS)</em>. Abgerufen am 12. September 2025 von&nbsp;https://hls-dhs-dss.ch/de/articles/017393/2022-01-24/</p>
source_comment: ",year,1916-07-01T12:00:00,,,year,1917-07-01T12:00:00,,
23,789,2,1,,,"page_number_string: 
notes: 
source_full_citation: <p>Degen, B. (2022). Sozialdemokratische Partei (SP). In <em>Historisches Lexikon der Schweiz (HLS)</em>. Abgerufen am 12. September 2025 von&nbsp;https://hls-dhs-dss.ch/de/articles/017393/2022-01-24/</p>
source_comment: ",year,1918-07-01T12:00:00,,,year,1918-07-01T12:00:00,,
24,1315,2,1,,,"page_number_string: 
notes: 
source_full_citation: <p>Degen, B. (2022). Sozialdemokratische Partei (SP). In <em>Historisches Lexikon der Schweiz (HLS)</em>. Abgerufen am 12. September 2025 von&nbsp;https://hls-dhs-dss.ch/de/articles/017393/2022-01-24/</p>
source_comment: ",year,1919-07-01T12:00:00,,,year,1919-07-01T12:00:00,,
25,1485,2,1,,,"page_number_string: 
notes: 
source_full_citation: <p>Degen, B. (2022). Sozialdemokratische Partei (SP). In <em>Historisches Lexikon der Schweiz (HLS)</em>. Abgerufen am 12. September 2025 von&nbsp;https://hls-dhs-dss.ch/de/articles/017393/2022-01-24/</p>
source_comment: ",year,1919-07-01T12:00:00,,,year,1936-07-01T12:00:00,,
26,1391,2,1,,,"page_number_string: 
notes: 
source_full_citation: <p>Degen, B. (2022). Sozialdemokratische Partei (SP). In <em>Historisches Lexikon der Schweiz (HLS)</em>. Abgerufen am 12. September 2025 von&nbsp;https://hls-dhs-dss.ch/de/articles/017393/2022-01-24/</p>
source_comment: ",year,1936-07-01T12:00:00,,,year,1952-07-01T12:00:00,,
27,269,2,1,,,"page_number_string: 
notes: 
source_full_citation: <p>Degen, B. (2022). Sozialdemokratische Partei (SP). In <em>Historisches Lexikon der Schweiz (HLS)</em>. Abgerufen am 12. September 2025 von&nbsp;https://hls-dhs-dss.ch/de/articles/017393/2022-01-24/</p>
source_comment: ",year,1952-07-01T12:00:00,,,year,1962-07-01T12:00:00,,
28,788,2,1,,,"page_number_string: 
notes: 
source_full_citation: <p>Degen, B. (2022). Sozialdemokratische Partei (SP). In <em>Historisches Lexikon der Schweiz (HLS)</em>. Abgerufen am 12. September 2025 von&nbsp;https://hls-dhs-dss.ch/de/articles/017393/2022-01-24/</p>
source_comment: ",year,1962-07-01T12:00:00,,,year,1970-07-01T12:00:00,,
29,1653,2,1,,,"page_number_string: 
notes: 
source_full_citation: <p>Degen, B. (2022). Sozialdemokratische Partei (SP). In <em>Historisches Lexikon der Schweiz (HLS)</em>. Abgerufen am 12. September 2025 von&nbsp;https://hls-dhs-dss.ch/de/articles/017393/2022-01-24/</p>
source_comment: ",year,1970-07-01T12:00:00,,,year,1975-07-01T12:00:00,,
30,900,2,1,,,"page_number_string: 
notes: 
source_full_citation: <p>Degen, B. (2022). Sozialdemokratische Partei (SP). In <em>Historisches Lexikon der Schweiz (HLS)</em>. Abgerufen am 12. September 2025 von&nbsp;https://hls-dhs-dss.ch/de/articles/017393/2022-01-24/</p>
source_comment: ",year,1975-07-01T12:00:00,,,exact,1990-04-28T12:00:00,,
31,203,2,1,,,"page_number_string: 
notes: 
source_full_citation: <p>Rinderknecht, M. (2025). <em>Ausgew&auml;hlte Beitr&auml;ge zur Schweizer Politik: &Uuml;bergang SP-Pr&auml;sident von Helmut Hubacher (BS) zu Peter Bodenmann (VS), 1990</em>. Ann&eacute;e Politique Suisse. Abgerufen am 16. September 2025 von https://anneepolitique.swiss/prozesse/52564-ubergang-sp-prasident-von-helmut-hubacher-bs-zu-peter-bodenmann-vs</p>
source_comment: ",exact,1990-04-28T12:00:00,,,exact,1997-06-28T12:00:00,,
32,1032,2,1,,,"page_number_string: 
notes: 
source_full_citation: <p>von Burg, D. &amp; von Matt, O. (29. Juni 1997). Mit ihrem Charisma &uuml;berzeugte Ursula Koch die Delegierten. <em>SonntagsZeitung</em>. Abgerufen am 16. September 2025 von https://essentials.swissdox.ch/</p>
source_comment: 

page_number_string: 
notes: 
source_full_citation: <p>Cavalli, R. &amp; Habegger, H. (16. April 2000). Plan zum Sozialstaat war ihr letzter Fehler. <em>Sonntagsblick</em>. Abgerufen am 16. September 2025 von https://essentials.swissdox.ch/</p>
source_comment: ",exact,1997-06-28T12:00:00,,,exact,2000-04-15T12:00:00,,
33,283,2,1,,,"page_number_string: 
notes: 
source_full_citation: <p>Burkhalter, K. (16. Oktober 2000). Hohe Erwartungen an neue Chefin. <em>Berner Zeitung</em>. Abgerufen am 16. September 2025 von https://essentials.swissdox.ch/</p>
source_comment: ",exact,2000-10-15T12:00:00,,,exact,2004-03-06T12:00:00,,
34,588,2,1,,,"page_number_string: 
notes: 
source_full_citation: <p>Gross, S. (8. M&auml;rz 2004). SP gleich doppelt auf Konkordanzkurs. <em>Basler Zeitung</em>. Abgerufen am 16. September 2025 von https://essentials.swissdox.ch/</p>
source_comment: ",exact,2004-03-06T12:00:00,,,exact,2008-03-01T12:00:00,,
35,1129,2,1,,,"page_number_string: 
notes: 
source_full_citation: <p>Granwehr, P. (1. M&auml;rz 2008). Hans-J&uuml;rg Fehr &uuml;ber Fehler der SP. <em>Der Landbote</em>. Abgerufen am 16. September 2025 von https://essentials.swissdox.ch/</p>
source_comment: ",exact,2008-03-01T12:00:00,,,exact,2020-10-17T12:00:00,,
36,1260,2,1,,,"page_number_string: 
notes: 
source_full_citation: <p>Altermatt, S. (19. Oktober 2020). Was der Machtwechsel bei der SP bedeutet. <em>Thurgauer Zeitung</em>. Abgerufen am 16. September 2025 von https://essentials.swissdox.ch/</p>
source_comment: ",exact,2020-10-17T12:00:00,,,,,,
37,1996,2,1,,,"page_number_string: 
notes: 
source_full_citation: <p>Altermatt, S. (19. Oktober 2020). Was der Machtwechsel bei der SP bedeutet. <em>Thurgauer Zeitung</em>. Abgerufen am 16. September 2025 von https://essentials.swissdox.ch/</p>
source_comment: ",exact,2020-10-17T12:00:00,,,,,,
38,1419,3,1,,,"page_number_string: 
notes: 
source_full_citation: <p>Aschinger, R. (7. M&auml;rz 2005). Fulvio Pelli hat die Chance gepackt. <em>Der Bund</em>. Abgerufen am 16. September 2025 von https://essentials.swissdox.ch/</p>
source_comment: ",exact,2009-01-01T12:00:00,,"page_number_string: 
notes: 
source_full_citation: <p>Bernath, M., B&uuml;hlmann, M., Hohl, S. &amp; Schoenholtz, S. (2025). <em>Ausgew&auml;hlte Beitr&auml;ge zur Schweizer Politik: Dossier: Die Fusion von LPS und FDP, 2003-2013</em>. Ann&eacute;e Politique Suisse. Abgerufen am 09. September 2025 von https://anneepolitique.swiss/dossiers/384-dossier-die-fusion-von-lps-und-fdp</p>
source_comment: ",exact,2012-04-21T12:00:00,,
39,1324,3,1,,,"page_number_string: 
notes: 
source_full_citation: <p>Kislig, B. (23. April 2012). ""Die FDP ist 'too big to fail'"". <em>Berner Zeitung</em>. Abgerufen am 16. September 2025 von https://essentials.swissdox.ch/</p>
source_comment: ",exact,2012-04-21T12:00:00,,,exact,2016-04-16T12:00:00,,
40,754,3,1,,,"page_number_string: 
notes: 
source_full_citation: <p>Hehli, S. (18. April 2016). Das L&auml;rmen &uuml;berl&auml;sst sie den anderen. <em>Neue Z&uuml;rcher Zeitung</em>. Abgerufen am 16. September 2025 von https://essentials.swissdox.ch/</p>
source_comment: ",exact,2016-04-16T12:00:00,,,exact,2021-10-02T12:00:00,,
41,317,3,1,,,"page_number_string: 
notes: 
source_full_citation: <p>Weber, S. (5. Oktober 2021). Sie diskutieren den Formstand ihrer Partei. <em>Willisauer Bote</em>. Abgerufen am 16. September 2025 von https://essentials.swissdox.ch/</p>
source_comment: ",exact,2021-10-02T12:00:00,,,,,,
42,1434,4,1,,,"page_number_string: 
notes: 
source_full_citation: <p>Wikipedia. (2025). <em>Gerhard Pfister (Politiker)</em>. Abgerufen am 16. September 2025 von https://de.wikipedia.org/wiki/Gerhard_Pfister_(Politiker)</p>
source_comment: ",exact,2021-01-01T12:00:00,,,exact,2025-06-28T12:00:00,,
43,262,4,1,,,"page_number_string: 
notes: 
source_full_citation: <p>Mitte Schweiz. (28. Juni 2025).&nbsp;<em>Philipp Matthias Bregy ist neuer Pr&auml;sident der Mitte Schweiz</em>. Abgerufen am 16. September 2025 von https://die-mitte.ch/philipp-matthias-bregy-ist-neuer-praesident-der-mitte-schweiz/</p>
source_comment: ",exact,2025-06-28T12:00:00,,,,,,
44,1475,5,1,,,"page_number_string: 26
notes: 
source_full_citation: <p>Gr&uuml;ne Schweiz (2023). <em>Geschichte der Gr&uuml;nen in der Schweiz</em>. Abgerufen am 09. September 2025 von https://gruene.ch/wp-content/uploads/2023/07/230509_Geschichte-der-Gruenen_d.pdf</p>
source_comment: ",exact,1983-05-28T12:00:00,,,month,1985-11-16T12:00:00,,
45,2074,5,1,,,"page_number_string: 26
notes: 
source_full_citation: <p>Gr&uuml;ne Schweiz (2023). <em>Geschichte der Gr&uuml;nen in der Schweiz</em>. Abgerufen am 09. September 2025 von https://gruene.ch/wp-content/uploads/2023/07/230509_Geschichte-der-Gruenen_d.pdf</p>
source_comment: ",month,1985-11-16T12:00:00,,,exact,1986-12-18T12:00:00,,
46,1475,5,1,,"note_translations: languages_code: de-CH
note: ad interim","page_number_string: 26
notes: 
source_full_citation: <p>Gr&uuml;ne Schweiz (2023). <em>Geschichte der Gr&uuml;nen in der Schweiz</em>. Abgerufen am 09. September 2025 von https://gruene.ch/wp-content/uploads/2023/07/230509_Geschichte-der-Gruenen_d.pdf</p>
source_comment: ",exact,1987-01-17T12:00:00,,,exact,1987-03-21T12:00:00,,
47,1660,5,1,,,"page_number_string: 26
notes: 
source_full_citation: <p>Gr&uuml;ne Schweiz (2023). <em>Geschichte der Gr&uuml;nen in der Schweiz</em>. Abgerufen am 09. September 2025 von https://gruene.ch/wp-content/uploads/2023/07/230509_Geschichte-der-Gruenen_d.pdf</p>
source_comment: ",exact,1987-03-21T12:00:00,,,exact,1990-10-27T12:00:00,,
48,695,5,1,,,"page_number_string: 26
notes: 
source_full_citation: <p>Gr&uuml;ne Schweiz (2023). <em>Geschichte der Gr&uuml;nen in der Schweiz</em>. Abgerufen am 09. September 2025 von https://gruene.ch/wp-content/uploads/2023/07/230509_Geschichte-der-Gruenen_d.pdf</p>
source_comment: ",exact,1990-10-27T12:00:00,,,exact,1992-10-10T12:00:00,,
49,475,5,1,,,"page_number_string: 26
notes: 
source_full_citation: <p>Gr&uuml;ne Schweiz (2023). <em>Geschichte der Gr&uuml;nen in der Schweiz</em>. Abgerufen am 09. September 2025 von https://gruene.ch/wp-content/uploads/2023/07/230509_Geschichte-der-Gruenen_d.pdf</p>
source_comment: ",exact,1992-10-10T12:00:00,,,exact,1995-07-01T12:00:00,,
50,1859,5,1,,,"page_number_string: 26
notes: 
source_full_citation: <p>Gr&uuml;ne Schweiz (2023). <em>Geschichte der Gr&uuml;nen in der Schweiz</em>. Abgerufen am 09. September 2025 von https://gruene.ch/wp-content/uploads/2023/07/230509_Geschichte-der-Gruenen_d.pdf</p>
source_comment: ",exact,1995-07-01T12:00:00,,,exact,1997-10-25T12:00:00,,
51,119,5,1,,,"page_number_string: 26
notes: 
source_full_citation: <p>Gr&uuml;ne Schweiz (2023). <em>Geschichte der Gr&uuml;nen in der Schweiz</em>. Abgerufen am 09. September 2025 von https://gruene.ch/wp-content/uploads/2023/07/230509_Geschichte-der-Gruenen_d.pdf</p>
source_comment: ",exact,1997-10-25T12:00:00,,,exact,2001-10-27T12:00:00,,
52,1304,5,1,,,"page_number_string: 26
notes: 
source_full_citation: <p>Gr&uuml;ne Schweiz (2023). <em>Geschichte der Gr&uuml;nen in der Schweiz</em>. Abgerufen am 09. September 2025 von https://gruene.ch/wp-content/uploads/2023/07/230509_Geschichte-der-Gruenen_d.pdf</p>
source_comment: ",exact,2001-10-27T12:00:00,,,exact,2004-09-10T12:00:00,,
53,714,5,1,,,"page_number_string: 26
notes: 
source_full_citation: <p>Gr&uuml;ne Schweiz (2023). <em>Geschichte der Gr&uuml;nen in der Schweiz</em>. Abgerufen am 09. September 2025 von https://gruene.ch/wp-content/uploads/2023/07/230509_Geschichte-der-Gruenen_d.pdf</p>
source_comment: ",exact,2001-10-27T12:00:00,,,exact,2008-04-26T12:00:00,,
54,1125,5,1,,,"page_number_string: 26
notes: 
source_full_citation: <p>Gr&uuml;ne Schweiz (2023). <em>Geschichte der Gr&uuml;nen in der Schweiz</em>. Abgerufen am 09. September 2025 von https://gruene.ch/wp-content/uploads/2023/07/230509_Geschichte-der-Gruenen_d.pdf</p>
source_comment: ",exact,2008-04-26T12:00:00,,,exact,2012-04-21T12:00:00,,
55,1857,5,1,,,"page_number_string: 26
notes: 
source_full_citation: <p>Gr&uuml;ne Schweiz (2023). <em>Geschichte der Gr&uuml;nen in der Schweiz</em>. Abgerufen am 09. September 2025 von https://gruene.ch/wp-content/uploads/2023/07/230509_Geschichte-der-Gruenen_d.pdf</p>
source_comment: ",exact,2012-04-28T12:00:00,,,exact,2016-01-28T12:00:00,,
56,1574,5,1,,,"page_number_string: 26
notes: 
source_full_citation: <p>Gr&uuml;ne Schweiz (2023). <em>Geschichte der Gr&uuml;nen in der Schweiz</em>. Abgerufen am 09. September 2025 von https://gruene.ch/wp-content/uploads/2023/07/230509_Geschichte-der-Gruenen_d.pdf</p>
source_comment: ",exact,2012-04-21T12:00:00,,,exact,2016-01-28T12:00:00,,
57,1574,5,1,,,"page_number_string: 26
notes: 
source_full_citation: <p>Gr&uuml;ne Schweiz (2023). <em>Geschichte der Gr&uuml;nen in der Schweiz</em>. Abgerufen am 09. September 2025 von https://gruene.ch/wp-content/uploads/2023/07/230509_Geschichte-der-Gruenen_d.pdf</p>
source_comment: ",exact,2016-04-16T12:00:00,,,exact,2020-06-20T12:00:00,,
58,736,5,1,,,"page_number_string: 26
notes: 
source_full_citation: <p>Gr&uuml;ne Schweiz (2023). <em>Geschichte der Gr&uuml;nen in der Schweiz</em>. Abgerufen am 09. September 2025 von https://gruene.ch/wp-content/uploads/2023/07/230509_Geschichte-der-Gruenen_d.pdf</p>
source_comment: ",exact,2020-06-20T12:00:00,,,exact,2024-04-06T12:00:00,,
59,1222,5,1,,,"page_number_string: 
notes: 
source_full_citation: <p>Wullschleger, C. (06. April 2024). Lisa Mazzone ist die neue Pr&auml;sidentin der Gr&uuml;nen. <em>Tagblatt</em>. Abgerufen am 16. September 2025 von https://essentials.swissdox.ch/</p>
source_comment: ",exact,2024-04-06T12:00:00,,,,,,
60,784,6,1,,,"page_number_string: 
notes: 
source_full_citation: <p>B&uuml;hler, D. (28. August 2017). Erm&ouml;glicht GLP-Chef Grossen eine &Ouml;ko-Allianz? In <em>S&uuml;dostschweiz</em>. Abgerufen am 19. September 2025 von https://essentials.swissdox.ch/</p>
source_comment: ",exact,2017-08-26T12:00:00,,,,,,
61,127,6,1,,,"page_number_string: 
notes: 
source_full_citation: <p>Bernath, M., B&uuml;hlmann, M., Hohl, S., Schaub, H.-P. &amp; Schoenholtz, S. (2025). <em>Ausgew&auml;hlte Beitr&auml;ge zur Schweizer Politik: Dossier: Gr&uuml;ndung und Entwicklung der GLP, 2004 - 2022</em>. Ann&eacute;e Politique Suisse. Abgerufen am 19. September 2025 von https://anneepolitique.swiss/dossiers/471-dossier-grundung-und-entwicklung-der-glp</p>
source_comment: ",exact,2007-07-19T12:00:00,,,exact,2017-08-26T12:00:00,,
62,1303,7,1,,,"page_number_string: 
notes: 
source_full_citation: <p>EVP Schweiz. (2018). <em>EVP 1919-2019: Pr&auml;sidien und Generalsekret&auml;re</em>. Abgerufen am 19. September 2025 von https://www.evppev.ch/fileadmin/user_upload/evppev/Anlaesse/Jubilaeum/EVP_Praesidien_und_Generalsekretaere.pdf</p>
source_comment: ",year,1919-07-01T12:00:00,,,year,1922-07-01T12:00:00,,
63,905,7,1,,,"page_number_string: 
notes: 
source_full_citation: <p>EVP Schweiz. (2018). <em>EVP 1919-2019: Pr&auml;sidien und Generalsekret&auml;re</em>. Abgerufen am 19. September 2025 von https://www.evppev.ch/fileadmin/user_upload/evppev/Anlaesse/Jubilaeum/EVP_Praesidien_und_Generalsekretaere.pdf</p>
source_comment: ",year,1922-07-01T12:00:00,,,year,1929-07-01T12:00:00,,
64,1261,7,1,,,"page_number_string: 
notes: 
source_full_citation: <p>EVP Schweiz. (2018). <em>EVP 1919-2019: Pr&auml;sidien und Generalsekret&auml;re</em>. Abgerufen am 19. September 2025 von https://www.evppev.ch/fileadmin/user_upload/evppev/Anlaesse/Jubilaeum/EVP_Praesidien_und_Generalsekretaere.pdf</p>
source_comment: ",year,1929-07-01T12:00:00,,,year,1935-07-01T12:00:00,,
65,1166,7,1,,,"page_number_string: 
notes: 
source_full_citation: <p>EVP Schweiz. (2018). <em>EVP 1919-2019: Pr&auml;sidien und Generalsekret&auml;re</em>. Abgerufen am 19. September 2025 von https://www.evppev.ch/fileadmin/user_upload/evppev/Anlaesse/Jubilaeum/EVP_Praesidien_und_Generalsekretaere.pdf</p>
source_comment: ",year,1935-07-01T12:00:00,,,year,1941-07-01T12:00:00,,
66,17,7,1,,,"page_number_string: 
notes: 
source_full_citation: <p>EVP Schweiz. (2018). <em>EVP 1919-2019: Pr&auml;sidien und Generalsekret&auml;re</em>. Abgerufen am 19. September 2025 von https://www.evppev.ch/fileadmin/user_upload/evppev/Anlaesse/Jubilaeum/EVP_Praesidien_und_Generalsekretaere.pdf</p>
source_comment: ",year,1941-07-01T12:00:00,,,year,1948-07-01T12:00:00,,
67,1689,7,1,,,"page_number_string: 
notes: 
source_full_citation: <p>EVP Schweiz. (2018). <em>EVP 1919-2019: Pr&auml;sidien und Generalsekret&auml;re</em>. Abgerufen am 19. September 2025 von https://www.evppev.ch/fileadmin/user_upload/evppev/Anlaesse/Jubilaeum/EVP_Praesidien_und_Generalsekretaere.pdf</p>
source_comment: ",year,1948-07-01T12:00:00,,,year,1963-07-01T12:00:00,,
68,1580,7,1,,,"page_number_string: 
notes: 
source_full_citation: <p>EVP Schweiz. (2018). <em>EVP 1919-2019: Pr&auml;sidien und Generalsekret&auml;re</em>. Abgerufen am 19. September 2025 von https://www.evppev.ch/fileadmin/user_upload/evppev/Anlaesse/Jubilaeum/EVP_Praesidien_und_Generalsekretaere.pdf</p>
source_comment: ",year,1963-07-01T12:00:00,,,year,1973-07-01T12:00:00,,
69,808,7,1,,,"page_number_string: 
notes: 
source_full_citation: <p>EVP Schweiz. (2018). <em>EVP 1919-2019: Pr&auml;sidien und Generalsekret&auml;re</em>. Abgerufen am 19. September 2025 von https://www.evppev.ch/fileadmin/user_upload/evppev/Anlaesse/Jubilaeum/EVP_Praesidien_und_Generalsekretaere.pdf</p>
source_comment: ",year,1973-07-01T12:00:00,,,year,1985-07-01T12:00:00,,
70,506,7,1,,,"page_number_string: 
notes: 
source_full_citation: <p>EVP Schweiz. (2018). <em>EVP 1919-2019: Pr&auml;sidien und Generalsekret&auml;re</em>. Abgerufen am 19. September 2025 von https://www.evppev.ch/fileadmin/user_upload/evppev/Anlaesse/Jubilaeum/EVP_Praesidien_und_Generalsekretaere.pdf</p>
source_comment: ",year,1985-07-01T12:00:00,,,year,1992-07-01T12:00:00,,
71,2093,7,1,,,"page_number_string: 
notes: 
source_full_citation: <p>EVP Schweiz. (2018). <em>EVP 1919-2019: Pr&auml;sidien und Generalsekret&auml;re</em>. Abgerufen am 19. September 2025 von https://www.evppev.ch/fileadmin/user_upload/evppev/Anlaesse/Jubilaeum/EVP_Praesidien_und_Generalsekretaere.pdf</p>
source_comment: ",year,1992-07-01T12:00:00,,,exact,2000-04-08T12:00:00,,
72,18,7,1,,,"page_number_string: 
notes: 
source_full_citation: <p>sda. (10. April 2000). Ja der EVP zu bilateralen Vertr&auml;gen. In <em>Neue Z&uuml;rcher Zeitung</em>. Abgerufen am 19. September 2025 von https://essentials.swissdox.ch/</p>
source_comment: <p>gelb</p>",exact,2000-04-08T12:00:00,,,exact,2008-04-05T12:00:00,,
73,1831,7,1,,,"page_number_string: 
notes: 
source_full_citation: <p>sda. (7. April 2008). Heiner Studer ist Pr&auml;sident der EVP. In <em>Basler Zeitung</em>. Abgerufen am 19. September 2025 von https://essentials.swissdox.ch/</p>
source_comment: ",exact,2008-04-05T12:00:00,,,exact,2014-04-05T12:00:00,,
74,1819,7,1,,,"page_number_string: 
notes: 
source_full_citation: <p>sda. (7. April 2014). Marianne Streiff-Feller ist die erste Parteipr&auml;sidentin. In <em>Der Bund</em>. Abgerufen am 19. September 2025 von https://essentials.swissdox.ch/</p>
source_comment: ",exact,2014-04-05T12:00:00,,,exact,2021-06-19T12:00:00,,
75,1832,7,1,,,"page_number_string: 
notes: 
source_full_citation: <p>sda. (20. Juni 2021). EVP-Delegierte w&auml;hlen neue Pr&auml;sidentin. In <em>SonntagsZeitung</em>. Abgerufen am 19. September 2025 von https://essentials.swissdox.ch/</p>
source_comment: ",exact,2021-06-19T12:00:00,,,,,,
76,755,9,1,,,"page_number_string: 
notes: 
source_full_citation: <p>FDP.Die Liberalen Schweiz. (2025). <em>Wer ist wer in der FDP.Die Liberalen?</em> Abgerufen am 19. September 2025 von https://www.fdp.ch/fileadmin/documents/fdp.ch/pdf/DE/Partei/Wer_ist_wer/REG_Wer_ist_wer_FDP_d.pdf</p>
source_comment: ",year,1894-07-01T12:00:00,,,year,1895-07-01T12:00:00,,
77,265,9,1,,,"page_number_string: 
notes: 
source_full_citation: <p>FDP.Die Liberalen Schweiz. (2025). <em>Wer ist wer in der FDP.Die Liberalen?</em> Abgerufen am 19. September 2025 von https://www.fdp.ch/fileadmin/documents/fdp.ch/pdf/DE/Partei/Wer_ist_wer/REG_Wer_ist_wer_FDP_d.pdf</p>
source_comment: ",year,1896-07-01T12:00:00,,,year,1897-07-01T12:00:00,,
78,1808,9,1,,,"page_number_string: 
notes: 
source_full_citation: <p>FDP.Die Liberalen Schweiz. (2025). <em>Wer ist wer in der FDP.Die Liberalen?</em> Abgerufen am 19. September 2025 von https://www.fdp.ch/fileadmin/documents/fdp.ch/pdf/DE/Partei/Wer_ist_wer/REG_Wer_ist_wer_FDP_d.pdf</p>
source_comment: ",year,1897-07-01T12:00:00,,,year,1898-07-01T12:00:00,,
79,880,9,1,,,"page_number_string: 
notes: 
source_full_citation: <p>FDP.Die Liberalen Schweiz. (2025). <em>Wer ist wer in der FDP.Die Liberalen?</em> Abgerufen am 19. September 2025 von https://www.fdp.ch/fileadmin/documents/fdp.ch/pdf/DE/Partei/Wer_ist_wer/REG_Wer_ist_wer_FDP_d.pdf</p>
source_comment: ",year,1898-07-01T12:00:00,,,year,1903-07-01T12:00:00,,
80,1633,9,1,,,"page_number_string: 
notes: 
source_full_citation: <p>FDP.Die Liberalen Schweiz. (2025). <em>Wer ist wer in der FDP.Die Liberalen?</em> Abgerufen am 19. September 2025 von https://www.fdp.ch/fileadmin/documents/fdp.ch/pdf/DE/Partei/Wer_ist_wer/REG_Wer_ist_wer_FDP_d.pdf</p>
source_comment: ",year,1904-07-01T12:00:00,,,year,1906-07-01T12:00:00,,
81,186,9,1,,,"page_number_string: 
notes: 
source_full_citation: <p>FDP.Die Liberalen Schweiz. (2025). <em>Wer ist wer in der FDP.Die Liberalen?</em> Abgerufen am 19. September 2025 von https://www.fdp.ch/fileadmin/documents/fdp.ch/pdf/DE/Partei/Wer_ist_wer/REG_Wer_ist_wer_FDP_d.pdf</p>
source_comment: ",year,1907-07-01T12:00:00,,,year,1910-07-01T12:00:00,,
82,447,9,1,,,"page_number_string: 
notes: 
source_full_citation: <p>FDP.Die Liberalen Schweiz. (2025). <em>Wer ist wer in der FDP.Die Liberalen?</em> Abgerufen am 19. September 2025 von https://www.fdp.ch/fileadmin/documents/fdp.ch/pdf/DE/Partei/Wer_ist_wer/REG_Wer_ist_wer_FDP_d.pdf</p>
source_comment: ",year,1911-07-01T12:00:00,,,year,1912-07-01T12:00:00,,
83,219,9,1,,,"page_number_string: 
notes: 
source_full_citation: <p>FDP.Die Liberalen Schweiz. (2025). <em>Wer ist wer in der FDP.Die Liberalen?</em> Abgerufen am 19. September 2025 von https://www.fdp.ch/fileadmin/documents/fdp.ch/pdf/DE/Partei/Wer_ist_wer/REG_Wer_ist_wer_FDP_d.pdf</p>
source_comment: ",year,1912-07-01T12:00:00,,,year,1913-07-01T12:00:00,,
84,1139,9,1,,,"page_number_string: 
notes: 
source_full_citation: <p>FDP.Die Liberalen Schweiz. (2025). <em>Wer ist wer in der FDP.Die Liberalen?</em> Abgerufen am 19. September 2025 von https://www.fdp.ch/fileadmin/documents/fdp.ch/pdf/DE/Partei/Wer_ist_wer/REG_Wer_ist_wer_FDP_d.pdf</p>
source_comment: ",year,1914-07-01T12:00:00,,,year,1918-07-01T12:00:00,,
85,1696,9,1,,,"page_number_string: 
notes: 
source_full_citation: <p>FDP.Die Liberalen Schweiz. (2025). <em>Wer ist wer in der FDP.Die Liberalen?</em> Abgerufen am 19. September 2025 von https://www.fdp.ch/fileadmin/documents/fdp.ch/pdf/DE/Partei/Wer_ist_wer/REG_Wer_ist_wer_FDP_d.pdf</p>
source_comment: ",year,1919-07-01T12:00:00,,,year,1923-07-01T12:00:00,,
86,1255,9,1,,,"page_number_string: 
notes: 
source_full_citation: <p>FDP.Die Liberalen Schweiz. (2025). <em>Wer ist wer in der FDP.Die Liberalen?</em> Abgerufen am 19. September 2025 von https://www.fdp.ch/fileadmin/documents/fdp.ch/pdf/DE/Partei/Wer_ist_wer/REG_Wer_ist_wer_FDP_d.pdf</p>
source_comment: ",year,1923-07-01T12:00:00,,,year,1929-07-01T12:00:00,,
87,1706,9,1,,,"page_number_string: 
notes: 
source_full_citation: <p>FDP.Die Liberalen Schweiz. (2025). <em>Wer ist wer in der FDP.Die Liberalen?</em> Abgerufen am 19. September 2025 von https://www.fdp.ch/fileadmin/documents/fdp.ch/pdf/DE/Partei/Wer_ist_wer/REG_Wer_ist_wer_FDP_d.pdf</p>
source_comment: ",year,1929-07-01T12:00:00,,,year,1934-07-01T12:00:00,,
88,138,9,1,,,"page_number_string: 
notes: 
source_full_citation: <p>FDP.Die Liberalen Schweiz. (2025). <em>Wer ist wer in der FDP.Die Liberalen?</em> Abgerufen am 19. September 2025 von https://www.fdp.ch/fileadmin/documents/fdp.ch/pdf/DE/Partei/Wer_ist_wer/REG_Wer_ist_wer_FDP_d.pdf</p>
source_comment: ",year,1934-07-01T12:00:00,,,year,1940-07-01T12:00:00,,
89,2002,9,1,,,"page_number_string: 
notes: 
source_full_citation: <p>FDP.Die Liberalen Schweiz. (2025). <em>Wer ist wer in der FDP.Die Liberalen?</em> Abgerufen am 19. September 2025 von https://www.fdp.ch/fileadmin/documents/fdp.ch/pdf/DE/Partei/Wer_ist_wer/REG_Wer_ist_wer_FDP_d.pdf</p>
source_comment: ",year,1940-07-01T12:00:00,,,year,1948-07-01T12:00:00,,
90,1447,9,1,,,"page_number_string: 
notes: 
source_full_citation: <p>FDP.Die Liberalen Schweiz. (2025). <em>Wer ist wer in der FDP.Die Liberalen?</em> Abgerufen am 19. September 2025 von https://www.fdp.ch/fileadmin/documents/fdp.ch/pdf/DE/Partei/Wer_ist_wer/REG_Wer_ist_wer_FDP_d.pdf</p>
source_comment: ",year,1948-07-01T12:00:00,,,year,1954-07-01T12:00:00,,
91,481,9,1,,,"page_number_string: 
notes: 
source_full_citation: <p>FDP.Die Liberalen Schweiz. (2025). <em>Wer ist wer in der FDP.Die Liberalen?</em> Abgerufen am 19. September 2025 von https://www.fdp.ch/fileadmin/documents/fdp.ch/pdf/DE/Partei/Wer_ist_wer/REG_Wer_ist_wer_FDP_d.pdf</p>
source_comment: ",year,1954-07-01T12:00:00,,,year,1960-07-01T12:00:00,,
92,363,9,1,,,"page_number_string: 
notes: 
source_full_citation: <p>FDP.Die Liberalen Schweiz. (2025). <em>Wer ist wer in der FDP.Die Liberalen?</em> Abgerufen am 19. September 2025 von https://www.fdp.ch/fileadmin/documents/fdp.ch/pdf/DE/Partei/Wer_ist_wer/REG_Wer_ist_wer_FDP_d.pdf</p>
source_comment: ",year,1960-07-01T12:00:00,,,year,1964-07-01T12:00:00,,
93,735,9,1,,,"page_number_string: 
notes: 
source_full_citation: <p>FDP.Die Liberalen Schweiz. (2025). <em>Wer ist wer in der FDP.Die Liberalen?</em> Abgerufen am 19. September 2025 von https://www.fdp.ch/fileadmin/documents/fdp.ch/pdf/DE/Partei/Wer_ist_wer/REG_Wer_ist_wer_FDP_d.pdf</p>
source_comment: ",year,1964-07-01T12:00:00,,,year,1968-07-01T12:00:00,,
94,1671,9,1,,,"page_number_string: 
notes: 
source_full_citation: <p>FDP.Die Liberalen Schweiz. (2025). <em>Wer ist wer in der FDP.Die Liberalen?</em> Abgerufen am 19. September 2025 von https://www.fdp.ch/fileadmin/documents/fdp.ch/pdf/DE/Partei/Wer_ist_wer/REG_Wer_ist_wer_FDP_d.pdf</p>
source_comment: ",year,1968-07-01T12:00:00,,,year,1974-07-01T12:00:00,,
95,896,9,1,,,"page_number_string: 
notes: 
source_full_citation: <p>FDP.Die Liberalen Schweiz. (2025). <em>Wer ist wer in der FDP.Die Liberalen?</em> Abgerufen am 19. September 2025 von https://www.fdp.ch/fileadmin/documents/fdp.ch/pdf/DE/Partei/Wer_ist_wer/REG_Wer_ist_wer_FDP_d.pdf</p>
source_comment: ",year,1974-07-01T12:00:00,,,year,1977-07-01T12:00:00,,
96,1503,9,1,,,"page_number_string: 
notes: 
source_full_citation: <p>FDP.Die Liberalen Schweiz. (2025). <em>Wer ist wer in der FDP.Die Liberalen?</em> Abgerufen am 19. September 2025 von https://www.fdp.ch/fileadmin/documents/fdp.ch/pdf/DE/Partei/Wer_ist_wer/REG_Wer_ist_wer_FDP_d.pdf</p>
source_comment: ",year,1978-07-01T12:00:00,,,year,1984-07-01T12:00:00,,
97,912,9,1,,,"page_number_string: 
notes: 
source_full_citation: <p>FDP.Die Liberalen Schweiz. (2025). <em>Wer ist wer in der FDP.Die Liberalen?</em> Abgerufen am 19. September 2025 von https://www.fdp.ch/fileadmin/documents/fdp.ch/pdf/DE/Partei/Wer_ist_wer/REG_Wer_ist_wer_FDP_d.pdf</p>
source_comment: ",year,1984-07-01T12:00:00,,,exact,1989-04-01T12:00:00,,
98,1788,9,1,,,"page_number_string: 
notes: 
source_full_citation: <p>Munzinger Personen. (2016). <em>Franz Steinegger</em>. Abgerufen am 19. September 2025 von https://online.munzinger.de/article/00000019703</p>
source_comment: ",exact,1989-04-01T12:00:00,,,exact,2001-04-07T12:00:00,,
99,303,9,1,,,"page_number_string: 
notes: 
source_full_citation: <p>von Burg, D. (09. April 2001). Auch B&uuml;hrer muss den Spagat lernen. In <em>Berner Zeitung</em>. Abgerufen am 19. September 2025 von https://essentials.swissdox.ch/</p>
source_comment: 

page_number_string: 
notes: 
source_full_citation: <p>Leibundgut, Y. (07. November 2002). B&uuml;hrer redete viel von Verantwortung. In <em>Der Bund</em>. Abgerufen am 19. September 2025 von https://essentials.swissdox.ch/</p>
source_comment: ",exact,2001-04-07T12:00:00,,,exact,2002-11-06T12:00:00,,
100,1089,9,1,,"note_translations: languages_code: de-CH
note: Zwischen November 2002 und Januar 2003 führte sie das Amt interimistisch aus.","page_number_string: 
notes: 
source_full_citation: <p>Leibundgut, Y. (07. November 2002). B&uuml;hrer redete viel von Verantwortung. In <em>Der Bund</em>. Abgerufen am 19. September 2025 von https://essentials.swissdox.ch/</p>
source_comment: 

page_number_string: 
notes: 
source_full_citation: <p>Amstutz, P. (13. Januar 2003). Von der Hinterb&auml;nklerin zur FDP-Nothelferin. In <em>Basler Zeitung</em>. Abgerufen am 22. September 2025 von https://essentials.swissdox.ch/</p>
source_comment: ",exact,2002-11-06T12:00:00,,,exact,2004-04-16T12:00:00,,
101,1718,9,1,,,"page_number_string: 
notes: 
source_full_citation: <p>Moser, U. (17. April 2004). FDP Der Zuger Rolf Schweiger solls richten. In <em>Blick</em>. Abgerufen am 22. September 2025 von https://essentials.swissdox.ch/</p>
source_comment: ",exact,2004-04-16T12:00:00,,,exact,2004-11-05T12:00:00,,
102,2094,9,1,,"note_translations: languages_code: de-CH
note: ad interim","page_number_string: 
notes: 
source_full_citation: <p>Valsecchi, F. (06. November 2004). Rolf Schweiger geht: FDP wieder auf der Suche. In <em>S&uuml;dostschweiz</em>. Abgerufen am 22. September 2025 von https://essentials.swissdox.ch/</p>
source_comment: ",exact,2004-11-05T12:00:00,,,exact,2005-03-06T12:00:00,,
103,1419,9,1,,,"page_number_string: 
notes: 
source_full_citation: <p>Aschinger, R. (7. M&auml;rz 2005). Fulvio Pelli hat die Chance gepackt. <em>Der Bund</em>. Abgerufen am 16. September 2025 von https://essentials.swissdox.ch/</p>
source_comment: ",exact,2005-03-06T12:00:00,,,exact,2009-01-01T12:00:00,,
104,1482,11,1,,,"page_number_string: 
notes: 
source_full_citation: <p>Skenderovic, D. (2017). Schweizerische Volkspartei (SVP). In <em>Historisches Lexikon der Schweiz (HLS)</em>. Abgerufen am 12. September 2025 von https://hls-dhs-dss.ch/de/articles/017389/2017-03-20/</p>
source_comment: ",year,1937-07-01T12:00:00,,,year,1945-07-01T12:00:00,,
105,1976,11,1,,,"page_number_string: 
notes: 
source_full_citation: <p>Skenderovic, D. (2017). Schweizerische Volkspartei (SVP). In <em>Historisches Lexikon der Schweiz (HLS)</em>. Abgerufen am 12. September 2025 von https://hls-dhs-dss.ch/de/articles/017389/2017-03-20/</p>
source_comment: ",year,1946-07-01T12:00:00,,,year,1952-07-01T12:00:00,,
106,1491,11,1,,,"page_number_string: 
notes: 
source_full_citation: <p>Skenderovic, D. (2017). Schweizerische Volkspartei (SVP). In <em>Historisches Lexikon der Schweiz (HLS)</em>. Abgerufen am 12. September 2025 von https://hls-dhs-dss.ch/de/articles/017389/2017-03-20/</p>
source_comment: ",year,1953-07-01T12:00:00,,,year,1957-07-01T12:00:00,,
107,1733,11,1,,,"page_number_string: 
notes: 
source_full_citation: <p>Skenderovic, D. (2017). Schweizerische Volkspartei (SVP). In <em>Historisches Lexikon der Schweiz (HLS)</em>. Abgerufen am 12. September 2025 von https://hls-dhs-dss.ch/de/articles/017389/2017-03-20/</p>
source_comment: ",year,1957-07-01T12:00:00,,,year,1965-07-01T12:00:00,,
108,405,11,1,,,"page_number_string: 
notes: 
source_full_citation: <p>Skenderovic, D. (2017). Schweizerische Volkspartei (SVP). In <em>Historisches Lexikon der Schweiz (HLS)</em>. Abgerufen am 12. September 2025 von https://hls-dhs-dss.ch/de/articles/017389/2017-03-20/</p>
source_comment: ",year,1965-07-01T12:00:00,,,exact,1971-09-22T12:00:00,,
109,2027,10,1,,,"page_number_string: 
notes: 
source_full_citation: <p>Altermatt, U. (2018). Christlichdemokratische Volkspartei (CVP). In&nbsp;<em>Historisches Lexikon der Schweiz (HLS)</em>. Abgerufen am 26. September 2025 von https://hls-dhs-dss.ch/de/articles/017377/2018-03-13/</p>
source_comment: ",year,1912-07-01T12:00:00,,,year,1917-07-01T12:00:00,,
110,463,10,1,,,"page_number_string: 
notes: 
source_full_citation: <p>Altermatt, U. (2018). Christlichdemokratische Volkspartei (CVP). In&nbsp;<em>Historisches Lexikon der Schweiz (HLS)</em>. Abgerufen am 26. September 2025 von https://hls-dhs-dss.ch/de/articles/017377/2018-03-13/</p>
source_comment: ",year,1917-07-01T12:00:00,,,year,1919-07-01T12:00:00,,
111,1467,10,1,,,"page_number_string: 
notes: 
source_full_citation: <p>Altermatt, U. (2018). Christlichdemokratische Volkspartei (CVP). In&nbsp;<em>Historisches Lexikon der Schweiz (HLS)</em>. Abgerufen am 26. September 2025 von https://hls-dhs-dss.ch/de/articles/017377/2018-03-13/</p>
source_comment: ",year,1919-07-01T12:00:00,,,year,1928-07-01T12:00:00,,
112,1423,10,1,,,"page_number_string: 
notes: 
source_full_citation: <p>Altermatt, U. (2018). Christlichdemokratische Volkspartei (CVP). In&nbsp;<em>Historisches Lexikon der Schweiz (HLS)</em>. Abgerufen am 26. September 2025 von https://hls-dhs-dss.ch/de/articles/017377/2018-03-13/</p>
source_comment: ",year,1928-07-01T12:00:00,,,year,1932-07-01T12:00:00,,
113,802,10,1,,,"page_number_string: 
notes: 
source_full_citation: <p>Altermatt, U. (2018). Christlichdemokratische Volkspartei (CVP). In&nbsp;<em>Historisches Lexikon der Schweiz (HLS)</em>. Abgerufen am 26. September 2025 von https://hls-dhs-dss.ch/de/articles/017377/2018-03-13/</p>
source_comment: ",year,1932-07-01T12:00:00,,,year,1934-07-01T12:00:00,,
114,577,10,1,,,"page_number_string: 
notes: 
source_full_citation: <p>Altermatt, U. (2018). Christlichdemokratische Volkspartei (CVP). In&nbsp;<em>Historisches Lexikon der Schweiz (HLS)</em>. Abgerufen am 26. September 2025 von https://hls-dhs-dss.ch/de/articles/017377/2018-03-13/</p>
source_comment: ",year,1934-07-01T12:00:00,,,year,1935-07-01T12:00:00,,
115,1360,10,1,,,"page_number_string: 
notes: 
source_full_citation: <p>Altermatt, U. (2018). Christlichdemokratische Volkspartei (CVP). In&nbsp;<em>Historisches Lexikon der Schweiz (HLS)</em>. Abgerufen am 26. September 2025 von https://hls-dhs-dss.ch/de/articles/017377/2018-03-13/</p>
source_comment: ",year,1935-07-01T12:00:00,,,year,1940-07-01T12:00:00,,
116,12,10,1,,,"page_number_string: 
notes: 
source_full_citation: <p>Altermatt, U. (2018). Christlichdemokratische Volkspartei (CVP). In&nbsp;<em>Historisches Lexikon der Schweiz (HLS)</em>. Abgerufen am 26. September 2025 von https://hls-dhs-dss.ch/de/articles/017377/2018-03-13/</p>
source_comment: ",year,1940-07-01T12:00:00,,,year,1946-07-01T12:00:00,,
117,563,10,1,,,"page_number_string: 
notes: 
source_full_citation: <p>Altermatt, U. (2018). Christlichdemokratische Volkspartei (CVP). In&nbsp;<em>Historisches Lexikon der Schweiz (HLS)</em>. Abgerufen am 26. September 2025 von https://hls-dhs-dss.ch/de/articles/017377/2018-03-13/</p>
source_comment: ",year,1946-07-01T12:00:00,,,year,1950-07-01T12:00:00,,
118,1519,10,1,,,"page_number_string: 
notes: 
source_full_citation: <p>Altermatt, U. (2018). Christlichdemokratische Volkspartei (CVP). In&nbsp;<em>Historisches Lexikon der Schweiz (HLS)</em>. Abgerufen am 26. September 2025 von https://hls-dhs-dss.ch/de/articles/017377/2018-03-13/</p>
source_comment: ",year,1950-07-01T12:00:00,,,year,1955-07-01T12:00:00,,
119,245,10,1,,,"page_number_string: 
notes: 
source_full_citation: <p>Altermatt, U. (2018). Christlichdemokratische Volkspartei (CVP). In&nbsp;<em>Historisches Lexikon der Schweiz (HLS)</em>. Abgerufen am 26. September 2025 von https://hls-dhs-dss.ch/de/articles/017377/2018-03-13/</p>
source_comment: ",year,1956-07-01T12:00:00,,,year,1959-07-01T12:00:00,,
120,1848,10,1,,,"page_number_string: 
notes: 
source_full_citation: <p>Altermatt, U. (2018). Christlichdemokratische Volkspartei (CVP). In&nbsp;<em>Historisches Lexikon der Schweiz (HLS)</em>. Abgerufen am 26. September 2025 von https://hls-dhs-dss.ch/de/articles/017377/2018-03-13/</p>
source_comment: ",year,1960-07-01T12:00:00,,,month,1968-04-15T12:00:00,,
121,1067,10,1,,,"page_number_string: 
notes: 
source_full_citation: <p>Gruner, E. (1968).&nbsp;Parteien. In <em>Ann&eacute;e Politique Suisse 1968</em>. Abgerufen am 30. September 2025 von https://anneepolitique.swiss/APS/de/APS_1968/APS1968_III_a.html</p>
source_comment: ",month,1968-04-15T12:00:00,,,year,1973-07-01T12:00:00,,
122,2045,10,1,,,"page_number_string: 
notes: 
source_full_citation: <p>Altermatt, U. (2018). Christlichdemokratische Volkspartei (CVP). In&nbsp;<em>Historisches Lexikon der Schweiz (HLS)</em>. Abgerufen am 26. September 2025 von https://hls-dhs-dss.ch/de/articles/017377/2018-03-13/</p>
source_comment: ",year,1973-07-01T12:00:00,,,year,1984-07-01T12:00:00,,
123,411,10,1,,,"page_number_string: 
notes: 
source_full_citation: <p>Altermatt, U. (2018). Christlichdemokratische Volkspartei (CVP). In&nbsp;<em>Historisches Lexikon der Schweiz (HLS)</em>. Abgerufen am 26. September 2025 von https://hls-dhs-dss.ch/de/articles/017377/2018-03-13/</p>
source_comment: ",year,1984-07-01T12:00:00,,,year,1986-07-01T12:00:00,,
124,1726,10,1,,,"page_number_string: 
notes: 
source_full_citation: <p>Altermatt, U. (2018). Christlichdemokratische Volkspartei (CVP). In&nbsp;<em>Historisches Lexikon der Schweiz (HLS)</em>. Abgerufen am 26. September 2025 von https://hls-dhs-dss.ch/de/articles/017377/2018-03-13/</p>
source_comment: ",year,1987-07-01T12:00:00,,,month,1992-01-15T12:00:00,,
125,1654,10,1,,,"page_number_string: 
notes: 
source_full_citation: <p>Rinderknecht, M. (2025). <em>Ausgew&auml;hlte Beitr&auml;ge zur Schweizer Politik: Wechsel an</em><br><em>der Parteispitze der CVP 1991-92, 1991</em>. Ann&eacute;e Politique Suisse. Abgerufen am 26. September 2025 von https://anneepolitique.swiss/prozesse/53462-wechsel-an-der-parteispitze-der-cvp-1991-92</p>
source_comment: ",month,1992-01-15T12:00:00,,,exact,1994-04-29T12:00:00,,
126,412,10,1,,,"page_number_string: 
notes: 
source_full_citation: <p>Duttweiler, C. (01. Mai 1994). Rekordwahl f&uuml;r Cottier als neuer Pr&auml;sident der CVP. In <em>Sonntagszeitung</em>. Abgerufen am 26. September 2025 von https://essentials.swissdox.ch/</p>
source_comment: ",exact,1994-04-30T12:00:00,,,exact,1997-01-18T12:00:00,,
127,512,10,1,,,"page_number_string: 
notes: 
source_full_citation: <p>Kobelt, E. (20. Januar 1997). Durrer soll CVP-Sinkflug stoppen. In <em>Bund</em>. Abgerufen am 30. September 2025 von https://essentials.swissdox.ch/</p>
source_comment: ",exact,1997-01-18T12:00:00,,,exact,2001-05-12T12:00:00,,
128,1768,10,1,,,"page_number_string: 
notes: 
source_full_citation: <p>Rohner, M. (14. Mai 2001). Die CVP setzt auf neue Kr&auml;fte. In <em>Aargauer Zeitung</em>. Abgerufen am 30. September 2025 von https://essentials.swissdox.ch/</p>
source_comment: ",exact,2001-05-12T12:00:00,,,exact,2004-01-23T12:00:00,,
129,1127,10,1,,"note_translations: languages_code: de-CH
note: Sie führte die Partei von Januar bis am 18. September 2004 interimistisch.","page_number_string: 
notes: 
source_full_citation: <p>Ramseyer, N. (23. Januar 2004). Fl&uuml;gelk&auml;mpfe auf dem sinkenden CVP-Schiff. In <em>Basler Zeitung</em>. Abgerufen am 30. September 2025 von https://essentials.swissdox.ch/</p>
source_comment: 

page_number_string: 
notes: 
source_full_citation: <p>Furrer, M. (20. September 2004). &laquo;Kommen Sie mit auf die Reise&raquo;. In <em>Aargauer Zeitung</em>. Abgerufen am 30. September 2025 von https://essentials.swissdox.ch/</p>
source_comment: ",exact,2004-01-23T12:00:00,,,exact,2006-06-15T12:00:00,,
130,656,10,1,,"note_translations: languages_code: de-CH
note: ad interim","page_number_string: 
notes: 
source_full_citation: <p>Bernath, M., B&uuml;hlmann, M. &amp; Schoenholtz, S. (2025). <em>Ausgew&auml;hlte Beitr&auml;ge zur Schweizer Politik: Dossier: CVP-Pr&auml;sidenten seit 2000, 2001 - 2016</em>. Ann&eacute;e Politique Suisse. Abgerufen am 30. September 2025 von https://anneepolitique.swiss/dossiers/467-cvp-prasidenten-seit-2000</p>
source_comment: ",exact,2006-06-15T12:00:00,,,exact,2006-09-02T12:00:00,,
131,438,10,1,,"note_translations: languages_code: de-CH
note: ad interim","page_number_string: 
notes: 
source_full_citation: <p>Bernath, M., B&uuml;hlmann, M. &amp; Schoenholtz, S. (2025). <em>Ausgew&auml;hlte Beitr&auml;ge zur Schweizer Politik: Dossier: CVP-Pr&auml;sidenten seit 2000, 2001 - 2016</em>. Ann&eacute;e Politique Suisse. Abgerufen am 30. September 2025 von https://anneepolitique.swiss/dossiers/467-cvp-prasidenten-seit-2000</p>
source_comment: ",exact,2006-06-15T12:00:00,,,exact,2006-09-02T12:00:00,,
132,432,10,1,,,"page_number_string: 
notes: 
source_full_citation: <p>Cortesi, A. (04. September 2006). CVP-Chef Darbellay mittet sich ein. In <em>Tages-Anzeiger</em>. Abgerufen am 30. September 2025 von https://essentials.swissdox.ch/</p>
source_comment: ",exact,2006-09-02T12:00:00,,,exact,2016-04-23T12:00:00,,
133,1434,10,1,,,"page_number_string: 
notes: 
source_full_citation: <p>Wikipedia. (2025). <em>Gerhard Pfister (Politiker)</em>. Abgerufen am 16. September 2025 von https://de.wikipedia.org/wiki/Gerhard_Pfister_(Politiker)</p>
source_comment: ",exact,2016-04-23T12:00:00,,,exact,2021-01-01T12:00:00,,
134,786,13,1,,,"page_number_string: 
notes: 
source_full_citation: <p>B&uuml;hlmann, B. (01. November 2008). Glarner Kampfwahl k&ouml;nnte BDP Schweiz erl&ouml;sen. In <em>Tages-Anzeiger</em>. Abgerufen am 30. September 2025 von https://essentials.swissdox.ch/</p>
source_comment: ",exact,2008-11-01T12:00:00,,,exact,2012-05-05T12:00:00,,
135,1084,13,1,,,"page_number_string: 
notes: 
source_full_citation: <p>Haltiner, M. (08. Mai 2012). Busenfreunde werden sie nicht. In <em>Thurgauer Zeitung</em>. Abgerufen am 30. September 2025 von https://essentials.swissdox.ch/</p>
source_comment: ",exact,2012-05-05T12:00:00,,,exact,2021-01-01T12:00:00,,
136,1354,14,1,,"note_translations: languages_code: de-CH
note: Ausschluss aus PdA im Dezember 1952 (https://hls-dhs-dss.ch/de/articles/003879/).","page_number_string: 808
notes: 
source_full_citation: <p>Rauber, A. (2003). <em>Formierter Widerstand: Geschichte der kommunistischen Bewegung in der Schweiz 1944-1991</em>. Edition 8.</p>
source_comment: ",exact,1944-10-14T12:00:00,,,multiyear,1951-01-01T12:00:00,,
137,1101,14,1,,,"page_number_string: 
notes: 
source_full_citation: <p>Gruner, E. (1968).&nbsp;Parteien. In <em>Ann&eacute;e Politique Suisse 1968</em>. Abgerufen am 30. September 2025 von https://anneepolitique.swiss/APS/de/APS_1968/APS1968_III_a.html</p>
source_comment: ",month,1968-11-15T12:00:00,,,year,1974-07-01T12:00:00,,
138,1908,14,1,,,"page_number_string: 
notes: 
source_full_citation: <p>Gruner, E. (1968).&nbsp;Parteien. In <em>Ann&eacute;e Politique Suisse 1968</em>. Abgerufen am 30. September 2025 von https://anneepolitique.swiss/APS/de/APS_1968/APS1968_III_a.html</p>
source_comment: 

page_number_string: 810
notes: 
source_full_citation: <p>Rauber, A. (2003). <em>Formierter Widerstand: Geschichte der kommunistischen Bewegung in der Schweiz 1944-1991</em>. Edition 8.</p>
source_comment: ",month,1968-11-15T12:00:00,,,year,1978-07-01T12:00:00,,
139,1254,14,1,,,"page_number_string: 
notes: 
source_full_citation: <p>Gruner, E. (1968).&nbsp;Parteien. In <em>Ann&eacute;e Politique Suisse 1968</em>. Abgerufen am 30. September 2025 von https://anneepolitique.swiss/APS/de/APS_1968/APS1968_III_a.html</p>
source_comment: ",month,1968-11-15T12:00:00,,,year,1974-07-01T12:00:00,,
140,1177,14,1,,,"page_number_string: 807
notes: 
source_full_citation: <p>Rauber, A. (2003). <em>Formierter Widerstand: Geschichte der kommunistischen Bewegung in der Schweiz 1944-1991</em>. Edition 8.</p>
source_comment: ",year,1978-07-01T12:00:00,,,year,1978-07-01T12:00:00,,
141,1748,14,1,,,"page_number_string: 810
notes: 
source_full_citation: <p>Rauber, A. (2003). <em>Formierter Widerstand: Geschichte der kommunistischen Bewegung in der Schweiz 1944-1991</em>. Edition 8.</p>
source_comment: ",year,1987-07-01T12:00:00,,,exact,1998-11-22T12:00:00,,
142,955,14,1,,,"page_number_string: 
notes: 
source_full_citation: <p>Haerle, P. (23. November 1998). Die PdA und die Barbarei. In <em>Tages-Anzeiger</em>. Abgerufen am 30. September 2025 von https://essentials.swissdox.ch/</p>
source_comment: ",exact,1998-11-22T12:00:00,,,month,2002-11-15T12:00:00,,
143,268,14,1,,,"page_number_string: 
notes: 
source_full_citation: <p>sda. (26. November 2002). PdA Schweiz hat einen neuen Pr&auml;sidenten. In <em>Berner Zeitung</em>. Abgerufen am 30. September 2025 von https://essentials.swissdox.ch/</p>
source_comment: ",month,2002-11-15T12:00:00,,,year,2006-07-01T12:00:00,,
144,596,14,1,,,"page_number_string: 
notes: 
source_full_citation: <p>sda. (27. M&auml;rz 2007). PdA-Pr&auml;sidentin nimmt politischen Urlaub. In <em>Neue Z&uuml;rcher Zeitung</em>. Abgerufen am 30. September 2025 von https://essentials.swissdox.ch/</p>
source_comment: ",year,2006-07-01T12:00:00,,,month,2007-03-15T12:00:00,,
145,306,14,1,,,"page_number_string: 
notes: 
source_full_citation: <p>Wikipedia. (2024). <em>Nelly Buntschu</em>. Abgerufen am 30. September 2025 von https://de.wikipedia.org/wiki/Nelly_Buntschu</p>
source_comment: ",exact,2007-08-25T12:00:00,,,year,2009-07-01T12:00:00,,
146,424,14,1,,,"page_number_string: 
notes: 
source_full_citation: <p>Wikipedia. (2024). <em>Nelly Buntschu</em>. Abgerufen am 30. September 2025 von https://de.wikipedia.org/wiki/Nelly_Buntschu</p>
source_comment: ",year,2009-07-01T12:00:00,,,exact,2013-09-08T12:00:00,,
147,1449,14,1,,,"page_number_string: 
notes: 
source_full_citation: <p>mti. (12 septembre 2013). Le Vaudois Gavriel Pinson &agrave; la t&ecirc;te du Parti suisse du travail. In <em>La Libert&eacute;</em>. Consult&eacute; le 30 septembre 2025, sur https://essentials.swissdox.ch/</p>
source_comment: <p>gelb</p>",exact,2013-09-08T12:00:00,,,exact,2021-11-07T12:00:00,,
148,940,14,1,,,"page_number_string: 
notes: 
source_full_citation: <p>Felley, E. (8 novembre 2021). Les communistes suisses plus proches des ouvriers. In&nbsp;<em>lematin.ch</em>. Consult&eacute; le 30 septembre 2025, sur https://essentials.swissdox.ch/</p>
source_comment: ",exact,2021-11-07T12:00:00,,,,,,
149,553,14,1,,,"page_number_string: 
notes: 
source_full_citation: <p>Felley, E. (8 novembre 2021). Les communistes suisses plus proches des ouvriers. In&nbsp;<em>lematin.ch</em>. Consult&eacute; le 30 septembre 2025, sur https://essentials.swissdox.ch/</p>
source_comment: ",exact,2021-11-07T12:00:00,,,,,,
150,460,15,1,,,"page_number_string: 11
notes: 
source_full_citation: <p>FDP.Die Liberalen Schweiz. (2025). <em>Wer ist wer in der FDP.Die Liberalen?</em> Abgerufen am 19. September 2025 von https://www.fdp.ch/fileadmin/documents/fdp.ch/pdf/DE/Partei/Wer_ist_wer/REG_Wer_ist_wer_FDP_d.pdf</p>
source_comment: ",year,1946-07-01T12:00:00,,,year,1950-07-01T12:00:00,,
151,856,15,1,,,"page_number_string: 11
notes: 
source_full_citation: <p>FDP.Die Liberalen Schweiz. (2025). <em>Wer ist wer in der FDP.Die Liberalen?</em> Abgerufen am 19. September 2025 von https://www.fdp.ch/fileadmin/documents/fdp.ch/pdf/DE/Partei/Wer_ist_wer/REG_Wer_ist_wer_FDP_d.pdf</p>
source_comment: ",year,1951-07-01T12:00:00,,,year,1955-07-01T12:00:00,,
152,369,15,1,,,"page_number_string: 
notes: 
source_full_citation: <p>Wikip&eacute;dia. (2025). <em>Parti lib&eacute;ral suisse</em>. Consult&eacute; le 1 octobre 2025, sur https://fr.wikipedia.org/wiki/Parti_lib%C3%A9ral_suisse</p>
source_comment: ",year,1956-07-01T12:00:00,,,year,1960-07-01T12:00:00,,
153,796,15,1,,,"page_number_string: 11
notes: 
source_full_citation: <p>FDP.Die Liberalen Schweiz. (2025). <em>Wer ist wer in der FDP.Die Liberalen?</em> Abgerufen am 19. September 2025 von https://www.fdp.ch/fileadmin/documents/fdp.ch/pdf/DE/Partei/Wer_ist_wer/REG_Wer_ist_wer_FDP_d.pdf</p>
source_comment: ",year,1972-07-01T12:00:00,,,year,1976-07-01T12:00:00,,
154,391,15,1,,,"page_number_string: 11
notes: 
source_full_citation: <p>FDP.Die Liberalen Schweiz. (2025). <em>Wer ist wer in der FDP.Die Liberalen?</em> Abgerufen am 19. September 2025 von https://www.fdp.ch/fileadmin/documents/fdp.ch/pdf/DE/Partei/Wer_ist_wer/REG_Wer_ist_wer_FDP_d.pdf</p>
source_comment: ",year,1976-07-01T12:00:00,,,year,1981-07-01T12:00:00,,
155,307,15,1,,,"page_number_string: 11
notes: 
source_full_citation: <p>FDP.Die Liberalen Schweiz. (2025). <em>Wer ist wer in der FDP.Die Liberalen?</em> Abgerufen am 19. September 2025 von https://www.fdp.ch/fileadmin/documents/fdp.ch/pdf/DE/Partei/Wer_ist_wer/REG_Wer_ist_wer_FDP_d.pdf</p>
source_comment: ",year,1981-07-01T12:00:00,,,year,1985-07-01T12:00:00,,
156,418,15,1,,,"page_number_string: 11
notes: 
source_full_citation: <p>FDP.Die Liberalen Schweiz. (2025). <em>Wer ist wer in der FDP.Die Liberalen?</em> Abgerufen am 19. September 2025 von https://www.fdp.ch/fileadmin/documents/fdp.ch/pdf/DE/Partei/Wer_ist_wer/REG_Wer_ist_wer_FDP_d.pdf</p>
source_comment: ",year,1985-07-01T12:00:00,,,year,1989-07-01T12:00:00,,
157,220,15,1,,,"page_number_string: 11
notes: 
source_full_citation: <p>FDP.Die Liberalen Schweiz. (2025). <em>Wer ist wer in der FDP.Die Liberalen?</em> Abgerufen am 19. September 2025 von https://www.fdp.ch/fileadmin/documents/fdp.ch/pdf/DE/Partei/Wer_ist_wer/REG_Wer_ist_wer_FDP_d.pdf</p>
source_comment: ",year,1989-07-01T12:00:00,,,year,1993-07-01T12:00:00,,
158,958,15,1,,,"page_number_string: 11
notes: 
source_full_citation: <p>FDP.Die Liberalen Schweiz. (2025). <em>Wer ist wer in der FDP.Die Liberalen?</em> Abgerufen am 19. September 2025 von https://www.fdp.ch/fileadmin/documents/fdp.ch/pdf/DE/Partei/Wer_ist_wer/REG_Wer_ist_wer_FDP_d.pdf</p>
source_comment: ",year,1993-07-01T12:00:00,,,exact,1997-04-26T12:00:00,,
159,534,15,1,,,"page_number_string: 
notes: 
source_full_citation: <p>j&ouml;r. (28. April 1997). Eggly neuer Pr&auml;sident der Liberalen. In <em>Neue Z&uuml;rcher Zeitung</em>. Abgerufen am 02. oktober 2025 von https://essentials.swissdox.ch/</p>
source_comment: ",exact,1997-04-26T12:00:00,,,exact,2002-06-08T12:00:00,,
160,1549,15,1,,,"page_number_string: 
notes: 
source_full_citation: <p>Wikip&eacute;dia. (2025). <em>Claude Ruey</em>. Consult&eacute; le 2 octobre 2025, sur https://fr.wikipedia.org/wiki/Claude_Ruey</p>
source_comment: ",exact,2002-06-08T12:00:00,,,exact,2008-03-15T12:00:00,,
161,1990,15,1,,,"page_number_string: 
notes: 
source_full_citation: <p>Wikipedia. (2023). <em>Pierre Weiss (Politiker)</em>. Abgerufen am 02. Oktober 2025 von https://de.wikipedia.org/wiki/Pierre_Weiss_(Politiker)</p>
source_comment: ",exact,2008-03-15T12:00:00,,,exact,2009-01-01T12:00:00,,
162,2043,20,1,,,"page_number_string: 
notes: 
source_full_citation: <p><span style=""font-size: 12.0pt; line-height: 115%; font-family: 'Aptos',sans-serif; mso-ascii-theme-font: minor-latin; mso-fareast-font-family: Aptos; mso-fareast-theme-font: minor-latin; mso-hansi-theme-font: minor-latin; mso-bidi-font-family: 'Times New Roman'; mso-bidi-theme-font: minor-bidi; mso-ansi-language: DE-CH; mso-fareast-language: EN-US; mso-bidi-language: AR-SA;"">Ob&eacute;lis. (2025). <em>Base de donn&eacute;es ""&eacute;lites suisses""</em>. Universit&eacute; de Lausanne. http://www.unil.ch/elitessuisses</span></p>
source_comment: ",year,1917-07-01T12:00:00,,,year,1920-07-01T12:00:00,,
163,1482,20,1,,,"page_number_string: 
notes: 
source_full_citation: <p><span style=""font-size: 12.0pt; line-height: 115%; font-family: 'Aptos',sans-serif; mso-ascii-theme-font: minor-latin; mso-fareast-font-family: Aptos; mso-fareast-theme-font: minor-latin; mso-hansi-theme-font: minor-latin; mso-bidi-font-family: 'Times New Roman'; mso-bidi-theme-font: minor-bidi; mso-ansi-language: DE-CH; mso-fareast-language: EN-US; mso-bidi-language: AR-SA;"">Ob&eacute;lis. (2025). <em>Base de donn&eacute;es ""&eacute;lites suisses""</em>. Universit&eacute; de Lausanne. http://www.unil.ch/elitessuisses</span></p>
source_comment: ",year,1926-07-01T12:00:00,,,exact,1944-07-01T12:00:00,,
164,195,20,1,,,"page_number_string: 
notes: 
source_full_citation: <p><span style=""font-size: 12.0pt; line-height: 115%; font-family: 'Aptos',sans-serif; mso-ascii-theme-font: minor-latin; mso-fareast-font-family: Aptos; mso-fareast-theme-font: minor-latin; mso-hansi-theme-font: minor-latin; mso-bidi-font-family: 'Times New Roman'; mso-bidi-theme-font: minor-bidi; mso-ansi-language: DE-CH; mso-fareast-language: EN-US; mso-bidi-language: AR-SA;"">Ob&eacute;lis. (2025). <em>Base de donn&eacute;es ""&eacute;lites suisses""</em>. Universit&eacute; de Lausanne. http://www.unil.ch/elitessuisses</span></p>
source_comment: ",year,1977-07-01T12:00:00,,,exact,2004-04-06T12:00:00,,
165,752,20,1,,,"page_number_string: 
notes: 
source_full_citation: <p>Borter, A. (8. April 2004). ""Ich sehe vor allem Arbeit vor mir"". In&nbsp;<em>Aargauer Zeitung</em>. Abgerufen am 06. Oktober 2025 von https://essentials.swissdox.ch/</p>
source_comment: ",exact,2004-04-06T12:00:00,,,exact,2005-11-03T12:00:00,,
166,1285,20,1,,,"page_number_string: 
notes: 
source_full_citation: <p>SVP Kanton Z&uuml;rich. (02. Februar 2006). <em>Dr. Hansj&ouml;rg Frei ist neuer Pr&auml;sident der Z&uuml;rcher SVP</em>. Abgerufen am 06. Oktober 2025 von https://www.svp-zuerich.ch/artikel/dr-hansjorg-frei-ist-neuer-prasident-der-zurcher-svp/</p>
source_comment: ",exact,2005-11-03T12:00:00,,,exact,2006-02-01T12:00:00,,
167,637,20,1,,,"page_number_string: 
notes: 
source_full_citation: <p>SVP Kanton Z&uuml;rich. (02. Februar 2006). <em>Dr. Hansj&ouml;rg Frei ist neuer Pr&auml;sident der Z&uuml;rcher SVP</em>. Abgerufen am 06. Oktober 2025 von https://www.svp-zuerich.ch/artikel/dr-hansjorg-frei-ist-neuer-prasident-der-zurcher-svp/</p>
source_comment: ",exact,2006-02-01T12:00:00,,,exact,2008-08-19T12:00:00,,
168,1218,20,1,,,"page_number_string: 
notes: 
source_full_citation: <p>Keller, R. (20. August 2008). Ueli&nbsp; Maurer mit Applaus gew&auml;hlt. In <em>Tages-Anzeiger</em>. Abgerufen am 06. Oktober 2025 von https://essentials.swissdox.ch/</p>
source_comment: ",exact,2008-08-19T12:00:00,,,exact,2009-01-01T12:00:00,,
169,851,20,1,,,"page_number_string: 
notes: 
source_full_citation: <p>Baumann, R. (15. April 2009). Heer nach Bundesratsschelte klar zum SVP-Pr&auml;sidenten gew&auml;hlt. In <em>Tages-Anzeiger</em>. Abgerufen am 06. Oktober 2025 von https://essentials.swissdox.ch/</p>
source_comment: ",exact,2009-04-14T12:00:00,,,exact,2016-04-28T12:00:00,,
170,1091,20,1,,,"page_number_string: 
notes: 
source_full_citation: <p>Neuhaus, C. (30. April 2016). Gut verankert. In <em>Neue Z&uuml;rcher Zeitung</em>. Abgerufen am 06. Oktober 2025 von https://essentials.swissdox.ch/</p>
source_comment: ",exact,2016-04-28T12:00:00,,,exact,2019-04-02T12:00:00,,
171,1947,20,1,,,"page_number_string: 
notes: 
source_full_citation: <p>Kleck, D. (03. April 2019). Mit ihm soll die SVP Z&uuml;rich wieder siegen. In <em>Wiler Zeitung</em>. Abgerufen am 06. Oktober 2025 von https://essentials.swissdox.ch/</p>
source_comment: ",exact,2019-04-02T12:00:00,,,exact,2020-01-07T12:00:00,,
172,602,20,1,,,"page_number_string: 
notes: 
source_full_citation: <p>Hartmann, L. (07. Januar 2020). Benjamin Fischer (28) ist neuer Pr&auml;sident der SVP Z&uuml;rich. In <em>blick.ch</em>. Abgerufen am 06. Oktober 2025 von https://essentials.swissdox.ch/</p>
source_comment: ",exact,2020-01-07T12:00:00,,,exact,2022-08-23T12:00:00,,
173,1103,20,1,,,"page_number_string: 
notes: 
source_full_citation: <p>Hotz, S. (25. August 2022). ""Das Wahljahr 2023 ist mein Hauptfokus"". In<em> Neue Z&uuml;rcher Zeitung</em>. Abgerufen am 06. Oktober 2025 von https://essentials.swissdox.ch/</p>
source_comment: ",exact,2022-08-23T12:00:00,,,,,,
174,1830,21,1,,,"page_number_string: 
notes: 
source_full_citation: <p><span style=""font-size: 12.0pt; line-height: 115%; font-family: 'Aptos',sans-serif; mso-ascii-theme-font: minor-latin; mso-fareast-font-family: Aptos; mso-fareast-theme-font: minor-latin; mso-hansi-theme-font: minor-latin; mso-bidi-font-family: 'Times New Roman'; mso-bidi-theme-font: minor-bidi; mso-ansi-language: DE-CH; mso-fareast-language: EN-US; mso-bidi-language: AR-SA;"">Ob&eacute;lis. (2025). <em>Base de donn&eacute;es ""&eacute;lites suisses""</em>. Universit&eacute; de Lausanne. http://www.unil.ch/elitessuisses</span></p>
source_comment: ",year,1900-07-01T12:00:00,,,year,1904-07-01T12:00:00,,
175,1190,21,1,,,"page_number_string: 
notes: 
source_full_citation: <p><span style=""font-size: 12.0pt; line-height: 115%; font-family: 'Aptos',sans-serif; mso-ascii-theme-font: minor-latin; mso-fareast-font-family: Aptos; mso-fareast-theme-font: minor-latin; mso-hansi-theme-font: minor-latin; mso-bidi-font-family: 'Times New Roman'; mso-bidi-theme-font: minor-bidi; mso-ansi-language: DE-CH; mso-fareast-language: EN-US; mso-bidi-language: AR-SA;"">Ob&eacute;lis. (2025). <em>Base de donn&eacute;es ""&eacute;lites suisses""</em>. Universit&eacute; de Lausanne. http://www.unil.ch/elitessuisses</span></p>
source_comment: ",year,1910-07-01T12:00:00,,,year,1917-07-01T12:00:00,,
176,1023,21,1,,,"page_number_string: 
notes: 
source_full_citation: <p><span style=""font-size: 12.0pt; line-height: 115%; font-family: 'Aptos',sans-serif; mso-ascii-theme-font: minor-latin; mso-fareast-font-family: Aptos; mso-fareast-theme-font: minor-latin; mso-hansi-theme-font: minor-latin; mso-bidi-font-family: 'Times New Roman'; mso-bidi-theme-font: minor-bidi; mso-ansi-language: DE-CH; mso-fareast-language: EN-US; mso-bidi-language: AR-SA;"">Ob&eacute;lis. (2025). <em>Base de donn&eacute;es ""&eacute;lites suisses""</em>. Universit&eacute; de Lausanne. http://www.unil.ch/elitessuisses</span></p>
source_comment: ",year,1916-07-01T12:00:00,,,year,1919-07-01T12:00:00,,
177,857,21,1,,,"page_number_string: 
notes: 
source_full_citation: <p><span style=""font-size: 12.0pt; line-height: 115%; font-family: 'Aptos',sans-serif; mso-ascii-theme-font: minor-latin; mso-fareast-font-family: Aptos; mso-fareast-theme-font: minor-latin; mso-hansi-theme-font: minor-latin; mso-bidi-font-family: 'Times New Roman'; mso-bidi-theme-font: minor-bidi; mso-ansi-language: DE-CH; mso-fareast-language: EN-US; mso-bidi-language: AR-SA;"">Ob&eacute;lis. (2025). <em>Base de donn&eacute;es ""&eacute;lites suisses""</em>. Universit&eacute; de Lausanne. http://www.unil.ch/elitessuisses</span></p>
source_comment: ",year,1932-07-01T12:00:00,,,year,1941-07-01T12:00:00,,
178,259,21,1,,,"page_number_string: 
notes: 
source_full_citation: <p><span style=""font-size: 12.0pt; line-height: 115%; font-family: 'Aptos',sans-serif; mso-ascii-theme-font: minor-latin; mso-fareast-font-family: Aptos; mso-fareast-theme-font: minor-latin; mso-hansi-theme-font: minor-latin; mso-bidi-font-family: 'Times New Roman'; mso-bidi-theme-font: minor-bidi; mso-ansi-language: DE-CH; mso-fareast-language: EN-US; mso-bidi-language: AR-SA;"">Ob&eacute;lis. (2025). <em>Base de donn&eacute;es ""&eacute;lites suisses""</em>. Universit&eacute; de Lausanne. http://www.unil.ch/elitessuisses</span></p>
source_comment: ",year,1976-07-01T12:00:00,,,year,1982-07-01T12:00:00,,
179,2025,21,1,,,"page_number_string: 
notes: 
source_full_citation: <p>nw. (04. Juli 1994). Klarer Entscheid f&uuml;r Vreni M&uuml;ller-Hemmi. In <em>Neue Z&uuml;rcher Zeitung</em>. Abgerufen am 09. Oktober 2025 von https://essentials.swissdox.ch/</p>
source_comment: ",year,1988-07-01T12:00:00,,,exact,1994-07-02T12:00:00,,
180,680,21,1,,,"page_number_string: 
notes: 
source_full_citation: <p>nw. (04. Juli 1994). Klarer Entscheid f&uuml;r Vreni M&uuml;ller-Hemmi. In <em>Neue Z&uuml;rcher Zeitung</em>. Abgerufen am 09. Oktober 2025 von https://essentials.swissdox.ch/</p>
source_comment: ",exact,1994-07-02T12:00:00,,,exact,2000-07-08T12:00:00,,
181,526,21,1,,,"page_number_string: 
notes: 
source_full_citation: <p>asp. (10. Juli 2000). SP ohne F&uuml;hrungsexperiment in die Zukunft. In <em>Neue Z&uuml;rcher Zeitung</em>. Abgerufen am 09. Oktober 2025 von https://essentials.swissdox.ch/</p>
source_comment: ",exact,2000-07-08T12:00:00,,,exact,2001-05-08T12:00:00,,
182,1608,21,1,,,"page_number_string: 
notes: 
source_full_citation: <p>dwr. (09. Mai 2001). Wechsel als Start zu ""politischer Offensive"". In <em>Neue Z&uuml;rcher Zeitung</em>. Abgerufen am 09. Oktober 2025 von https://essentials.swissdox.ch/</p>
source_comment: ",exact,2001-05-08T12:00:00,,,exact,2004-06-12T12:00:00,,
183,1343,21,1,,,"page_number_string: 
notes: 
source_full_citation: <p>sda. (14. Juni 2004). Martin Naef ist neuer Kantonalpr&auml;sident. In <em>Neue Luzerner Zeitung</em>. Abgerufen am 09. Oktober 2025 von https://essentials.swissdox.ch/</p>
source_comment: ",exact,2004-06-12T12:00:00,,,exact,2008-04-15T12:00:00,,
184,591,21,1,,,"page_number_string: 
notes: 
source_full_citation: <p>rba. (16. April 2008). Stefan Feldmann zum neuen SP-Pr&auml;sidenten gew&auml;hlt. In&nbsp;<em>Tages-Anzeiger</em>. Abgerufen am 09. Oktober 2025 von https://essentials.swissdox.ch/</p>
source_comment: ",exact,2008-04-15T12:00:00,,,exact,2012-09-25T12:00:00,,
185,635,21,1,,,"page_number_string: 
notes: 
source_full_citation: <p>sda. (26. September 2012). Neuer SP-Pr&auml;sident. In&nbsp;<em>20 minuten</em>. Abgerufen am 09. Oktober 2025 von https://essentials.swissdox.ch/</p>
source_comment: ",exact,2012-09-25T12:00:00,,,exact,2017-02-23T12:00:00,,
186,59,21,1,,"note_translations: languages_code: de-CH
note: ad interim","page_number_string: 
notes: 
source_full_citation: <p>SP Kanton Z&uuml;rich. (22. Februar 2017). <em>Daniel Frei tritt als Parteipr&auml;sident zur&uuml;ck</em>. Abgerufen am 09. Oktober 2025 von https://spzuerich.ch/daniel-frei-tritt-als-parteipraesident-zurueck/</p>
source_comment: ",exact,2017-02-23T12:00:00,,,exact,2017-05-22T12:00:00,,
187,436,21,1,,"note_translations: languages_code: de-CH
note: ad interim","page_number_string: 
notes: 
source_full_citation: <p>SP Kanton Z&uuml;rich. (22. Februar 2017). <em>Daniel Frei tritt als Parteipr&auml;sident zur&uuml;ck</em>. Abgerufen am 09. Oktober 2025 von https://spzuerich.ch/daniel-frei-tritt-als-parteipraesident-zurueck/</p>
source_comment: ",exact,2017-02-23T12:00:00,,,exact,2017-05-22T12:00:00,,
188,1728,21,1,,,"page_number_string: 
notes: 
source_full_citation: <p>SP Kanton Z&uuml;rich. (22. Mai 2017). <em>Priska Seiler Graf und Andreas Daur&ugrave; ins Co-Pr&auml;sidium gew&auml;hlt</em>. Abgerufen am 09. Oktober 2025 von https://spzuerich.ch/priska-seiler-graf-und-andreas-dauru-ins-co-praesidium-gewaehlt/</p>
source_comment: ",exact,2017-05-22T12:00:00,,,exact,2024-06-01T12:00:00,,
189,436,21,1,,,"page_number_string: 
notes: 
source_full_citation: <p>SP Kanton Z&uuml;rich. (22. Mai 2017). <em>Priska Seiler Graf und Andreas Daur&ugrave; ins Co-Pr&auml;sidium gew&auml;hlt</em>. Abgerufen am 09. Oktober 2025 von https://spzuerich.ch/priska-seiler-graf-und-andreas-dauru-ins-co-praesidium-gewaehlt/</p>
source_comment: ",exact,2017-05-22T12:00:00,,,exact,2024-06-01T12:00:00,,
190,507,21,1,,,"page_number_string: 
notes: 
source_full_citation: <p>SP Kanton Z&uuml;rich. (01. Juni 2024). <em>Mich&egrave;le D&uuml;nki-B&auml;ttig und Jean-Daniel Strub als Co-Pr&auml;sidium der SP Kanton Z&uuml;rich gew&auml;hlt</em>. Abgerufen am 09. Oktober 2025 von https://spzuerich.ch/michele-duenki-baettig-und-jean-daniel-strub-als-co-praesidium-der-sp-kanton-zuerich-gewaehlt/</p>
source_comment: ",exact,2024-06-01T12:00:00,,,,,,
191,1825,21,1,,,"page_number_string: 
notes: 
source_full_citation: <p>SP Kanton Z&uuml;rich. (01. Juni 2024). <em>Mich&egrave;le D&uuml;nki-B&auml;ttig und Jean-Daniel Strub als Co-Pr&auml;sidium der SP Kanton Z&uuml;rich gew&auml;hlt</em>. Abgerufen am 09. Oktober 2025 von https://spzuerich.ch/michele-duenki-baettig-und-jean-daniel-strub-als-co-praesidium-der-sp-kanton-zuerich-gewaehlt/</p>
source_comment: ",exact,2024-06-01T12:00:00,,,,,,
192,1984,23,1,,,"page_number_string: 
notes: 
source_full_citation: <p>Staatsarchiv des Kantons Z&uuml;rich. (2025). <em>Freisinnig-Demokratische Partei FDP des Kantons Z&uuml;rich, 1936-2001</em>. Abgerufen am 09. Oktober 2025 von https://suche.staatsarchiv.djiktzh.ch/detail.aspx?Id=3624<span id=""ctl00_cphMainArea_lblTitel""></span></p>
source_comment: ",year,1912-07-01T12:00:00,,,year,1918-07-01T12:00:00,,
193,1821,23,1,,,"page_number_string: 
notes: 
source_full_citation: <p>Staatsarchiv des Kantons Z&uuml;rich. (2025). <em>Freisinnig-Demokratische Partei FDP des Kantons Z&uuml;rich, 1936-2001</em>. Abgerufen am 09. Oktober 2025 von https://suche.staatsarchiv.djiktzh.ch/detail.aspx?Id=3624<span id=""ctl00_cphMainArea_lblTitel""></span></p>
source_comment: ",year,1918-07-01T12:00:00,,,year,1922-07-01T12:00:00,,
194,1567,23,1,,,"page_number_string: 
notes: 
source_full_citation: <p>Staatsarchiv des Kantons Z&uuml;rich. (2025). <em>Freisinnig-Demokratische Partei FDP des Kantons Z&uuml;rich, 1936-2001</em>. Abgerufen am 09. Oktober 2025 von https://suche.staatsarchiv.djiktzh.ch/detail.aspx?Id=3624<span id=""ctl00_cphMainArea_lblTitel""></span></p>
source_comment: ",year,1922-07-01T12:00:00,,,unknown,1925-01-01T12:00:00,,
195,664,24,1,,,"page_number_string: 
notes: 
source_full_citation: <p>Staatsarchiv des Kantons Z&uuml;rich. (2025). <em>Freisinnig-Demokratische Partei FDP des Kantons Z&uuml;rich, 1936-2001</em>. Abgerufen am 09. Oktober 2025 von https://suche.staatsarchiv.djiktzh.ch/detail.aspx?Id=3624<span id=""ctl00_cphMainArea_lblTitel""></span></p>
source_comment: ",year,1975-07-01T12:00:00,,,unknown,1980-01-01T12:00:00,,
196,668,24,1,,,"page_number_string: 
notes: 
source_full_citation: <p>Staatsarchiv des Kantons Z&uuml;rich. (2025). <em>Freisinnig-Demokratische Partei FDP des Kantons Z&uuml;rich, 1936-2001</em>. Abgerufen am 09. Oktober 2025 von https://suche.staatsarchiv.djiktzh.ch/detail.aspx?Id=3624<span id=""ctl00_cphMainArea_lblTitel""></span></p>
source_comment: ",year,1986-07-01T12:00:00,,,year,1992-07-01T12:00:00,,
197,237,24,1,,,"page_number_string: 
notes: 
source_full_citation: <p>Staatsarchiv des Kantons Z&uuml;rich. (2025). <em>Freisinnig-Demokratische Partei FDP des Kantons Z&uuml;rich, 1936-2001</em>. Abgerufen am 09. Oktober 2025 von https://suche.staatsarchiv.djiktzh.ch/detail.aspx?Id=3624<span id=""ctl00_cphMainArea_lblTitel""></span></p>
source_comment: ",year,1992-07-01T12:00:00,,,exact,1996-03-26T12:00:00,,
198,1915,24,1,,,"page_number_string: 
notes: 
source_full_citation: <p>Baumann, R. (28. M&auml;rz 1996). FDP w&auml;hlt Vollenwyder. In <em>Tages-Anzeiger</em>. Abgerufen am 10. Oktober 2025 von https://essentials.swissdox.ch/</p>
source_comment: ",exact,1996-03-27T12:00:00,,,exact,2000-04-13T12:00:00,,
199,867,24,1,,,"page_number_string: 
notes: 
source_full_citation: <p>Anderegg, S. (14. April 2000). Die FDP hat einen neuen Pr&auml;sidenten. In <em>Tages-Anzeiger</em>. Abgerufen am 10. Oktober 2025 von https://essentials.swissdox.ch/</p>
source_comment: ",exact,2000-04-13T12:00:00,,,exact,2003-04-08T12:00:00,,
200,1367,24,1,,,"page_number_string: 
notes: 
source_full_citation: <p>sda. (10. April 2003). R&uuml;cktritte bei FDP. In <em>Der</em> <em>Bund</em>. Abgerufen am 10. Oktober 2025 von https://essentials.swissdox.ch/</p>
source_comment: ",exact,2003-04-08T12:00:00,,,exact,2004-04-01T12:00:00,,
201,599,24,1,,,"page_number_string: 
notes: 
source_full_citation: <p>Hotz, S. (03. April 2004). Sieg dank Mut zur Niederlage. In&nbsp;<em>Der Bund. Abgerufen am 10. Oktober 2025 von https://essentials.swissdox.ch/</em></p>
source_comment: ",exact,2004-04-01T12:00:00,,,exact,2008-04-10T12:00:00,,
202,1955,24,1,,,"page_number_string: 
notes: 
source_full_citation: <p>Borter, A. (12. April 2008). Nicht nur Entertainer-Qualit&auml;ten. In <em>Z&uuml;richsee-Zeitung</em>. Abgerufen am 10. Oktober 2025 von https://essentials.swissdox.ch/</p>
source_comment: ",exact,2008-04-10T12:00:00,,,exact,2016-04-05T12:00:00,,
203,206,24,1,,,"page_number_string: 
notes: 
source_full_citation: <p>Sch&uuml;rer, A. (06. April 2016). Hans-Jakob Boesch setzt sich durch. In <em>Neue Z&uuml;rcher Zeitung</em>. Abgerufen am 10. Oktober 2025 von https://essentials.swissdox.ch/</p>
source_comment: ",exact,2016-04-05T12:00:00,,,exact,2023-11-21T12:00:00,,
204,1126,24,1,,,"page_number_string: 
notes: 
source_full_citation: <p>FDP.Die Liberalen Kanton Z&uuml;rich. (22. November 2023). <em>Der neue Pr&auml;sident der FDP Kanton Z&uuml;rich heisst Filippo Leutenegger</em>. Abgerufen am 10. Oktober 2025 von https://www.fdp-zh.ch/aktuelles/medienmitteilungen/medienmitteilungen-detail/news/der-neue-praesident-der-fdp-kanton-zuerich-heisst-filippo-leutenegger</p>
source_comment: ",exact,2023-11-21T12:00:00,,,,,,
205,2005,25,1,,,"page_number_string: 
notes: 
source_full_citation: <p><span style=""font-size: 12.0pt; line-height: 115%; font-family: 'Aptos',sans-serif; mso-ascii-theme-font: minor-latin; mso-fareast-font-family: Aptos; mso-fareast-theme-font: minor-latin; mso-hansi-theme-font: minor-latin; mso-bidi-font-family: 'Times New Roman'; mso-bidi-theme-font: minor-bidi; mso-ansi-language: DE-CH; mso-fareast-language: EN-US; mso-bidi-language: AR-SA;"">Ob&eacute;lis. (2025). <em>Base de donn&eacute;es ""&eacute;lites suisses""</em>. Universit&eacute; de Lausanne. http://www.unil.ch/elitessuisses</span></p>
source_comment: ",year,1926-07-01T12:00:00,,,year,1935-07-01T12:00:00,,
206,311,25,1,,,"page_number_string: 
notes: 
source_full_citation: <p><span style=""font-size: 12.0pt; line-height: 115%; font-family: 'Aptos',sans-serif; mso-ascii-theme-font: minor-latin; mso-fareast-font-family: Aptos; mso-fareast-theme-font: minor-latin; mso-hansi-theme-font: minor-latin; mso-bidi-font-family: 'Times New Roman'; mso-bidi-theme-font: minor-bidi; mso-ansi-language: DE-CH; mso-fareast-language: EN-US; mso-bidi-language: AR-SA;"">Ob&eacute;lis. (2025). <em>Base de donn&eacute;es ""&eacute;lites suisses""</em>. Universit&eacute; de Lausanne. http://www.unil.ch/elitessuisses</span></p>
source_comment: 

page_number_string: 164
notes: 
source_full_citation: <p>CVP Kanton Z&uuml;rich (1996). <em>100 Jahre CVP Kanton Z&uuml;rich</em>. Christlichdemokratische Volkspartei des Kantons Z&uuml;rich.</p>
source_comment: ",year,1936-07-01T12:00:00,,,year,1940-07-01T12:00:00,,
207,502,25,1,,,"page_number_string: 
notes: 
source_full_citation: <p><span style=""font-size: 12.0pt; line-height: 115%; font-family: 'Aptos',sans-serif; mso-ascii-theme-font: minor-latin; mso-fareast-font-family: Aptos; mso-fareast-theme-font: minor-latin; mso-hansi-theme-font: minor-latin; mso-bidi-font-family: 'Times New Roman'; mso-bidi-theme-font: minor-bidi; mso-ansi-language: DE-CH; mso-fareast-language: EN-US; mso-bidi-language: AR-SA;"">Ob&eacute;lis. (2025). <em>Base de donn&eacute;es ""&eacute;lites suisses""</em>. Universit&eacute; de Lausanne. http://www.unil.ch/elitessuisses</span></p>
source_comment: ",year,1943-07-01T12:00:00,,,year,1964-07-01T12:00:00,,
208,2092,25,1,,,"page_number_string: 
notes: 
source_full_citation: <p>Keller, R. (13. Mai 1996). Zivilschutz-Chef als CVP-Pr&auml;sident. In <em>Tages-Anzeiger</em>. Abgerufen am 10. Oktober 2025 von https://essentials.swissdox.ch/</p>
source_comment: ",year,1992-07-01T12:00:00,,,exact,1996-05-11T12:00:00,,
209,1234,25,1,,,"page_number_string: 
notes: 
source_full_citation: <p>Keller, R. (13. Mai 1996). Zivilschutz-Chef als CVP-Pr&auml;sident. In <em>Tages-Anzeiger</em>. Abgerufen am 10. Oktober 2025 von https://essentials.swissdox.ch/</p>
source_comment: ",exact,1996-05-11T12:00:00,,,exact,2000-03-18T12:00:00,,
210,833,25,1,,,"page_number_string: 
notes: 
source_full_citation: <p>sda. (20. M&auml;rz 2000). Urs Hany ist neuer Kantonalpr&auml;sident. In <em>Neue Luzerner Zeitung</em>. Abgerufen am 10. Oktober 2025 von https://essentials.swissdox.ch/</p>
source_comment: ",exact,2000-03-18T12:00:00,,,exact,2004-03-20T12:00:00,,
211,63,25,1,,,"page_number_string: 
notes: 
source_full_citation: <p>Hosp, J. (22. M&auml;rz 2004). &laquo;FDP-Rechtsrutsch ist ein Geschenk Gottes&raquo;. In <em>Tages-Anzeiger</em>. Abgerufen am 10. Oktober 2025 von https://essentials.swissdox.ch/</p>
source_comment: ",exact,2004-03-20T12:00:00,,,exact,2011-05-14T12:00:00,,
212,104,25,1,,,"page_number_string: 
notes: 
source_full_citation: <p>Sorg, F. (16. Mai 2011). Nicole Barandun pr&auml;sidiert CVP. In <em>Neue Z&uuml;rcher Zeitung</em>. Abgerufen am 10. Oktober 2025 von https://essentials.swissdox.ch/</p>
source_comment: ",exact,2011-05-14T12:00:00,,,exact,2024-04-16T12:00:00,,
213,918,25,1,,,"page_number_string: 
notes: 
source_full_citation: <p>sda. (29. M&auml;rz 2021). CVP und BDP werden zur ""Mitte"". In <em>Z&uuml;rcher Oberl&auml;nder</em>. Abgerufen am 10. Oktober 2025 von https://essentials.swissdox.ch/</p>
source_comment: ",exact,2021-03-27T12:00:00,,,exact,2024-04-17T12:00:00,,
214,461,25,1,,,"page_number_string: 
notes: 
source_full_citation: <p>Mitte Kanton Z&uuml;rich. (17. April 2024). <em>Neue Gesicher an der Spitze der Mitte Kanton Z&uuml;rich: Tina Deplazes und Michelle Halbheer als Co-Pr&auml;sidium gew&auml;hlt</em>. Abgerufen am 10. Oktober 2025 von https://zh.die-mitte.ch/neue-gesichter-an-der-spitze-der-mitte-kanton-zuerich-tina-deplazes-und-michelle-halbheer-als-co-praesidium-gewaehlt/</p>
source_comment: ",exact,2024-04-17T12:00:00,,,,,,
215,825,25,1,,,"page_number_string: 
notes: 
source_full_citation: <p>Mitte Kanton Z&uuml;rich. (17. April 2024). <em>Neue Gesicher an der Spitze der Mitte Kanton Z&uuml;rich: Tina Deplazes und Michelle Halbheer als Co-Pr&auml;sidium gew&auml;hlt</em>. Abgerufen am 10. Oktober 2025 von https://zh.die-mitte.ch/neue-gesichter-an-der-spitze-der-mitte-kanton-zuerich-tina-deplazes-und-michelle-halbheer-als-co-praesidium-gewaehlt/</p>
source_comment: 

page_number_string: 
notes: 
source_full_citation: <p>Mitte Kanton Z&uuml;rich. (01. Oktober 2025). <em>Tina Deplazes neu alleinige Pr&auml;sidentin der Mitte Kanton Z&uuml;rich</em>. Abgerufen am 10. Oktober 2025 von https://zh.die-mitte.ch/tina-deplazes-neu-alleinige-praesidentin-der-mitte-kanton-zuerich/</p>
source_comment: ",exact,2024-04-17T12:00:00,,,exact,2025-10-01T12:00:00,,
216,1591,26,1,,,"page_number_string: 
notes: 
source_full_citation: <p>Gr&uuml;ne Kanton Z&uuml;rich. (2025). <em>Chronologie</em>. Abgerufen am 10. Oktober 2025 von https://gruene-zh.ch/ueber-uns/partei/chronologie</p>
source_comment: ",exact,1978-08-31T12:00:00,,,year,1983-07-01T12:00:00,,
217,1226,26,1,,,"page_number_string: 
notes: 
source_full_citation: <p>Gr&uuml;ne Kanton Z&uuml;rich. (2025). <em>Chronologie</em>. Abgerufen am 10. Oktober 2025 von https://gruene-zh.ch/ueber-uns/partei/chronologie</p>
source_comment: ",year,1983-07-01T12:00:00,,,year,1991-07-01T12:00:00,,
218,1313,26,1,,,"page_number_string: 
notes: 
source_full_citation: <p>Gr&uuml;ne Kanton Z&uuml;rich. (2025). <em>Chronologie</em>. Abgerufen am 10. Oktober 2025 von https://gruene-zh.ch/ueber-uns/partei/chronologie</p>
source_comment: 

page_number_string: 
notes: 
source_full_citation: <p>lob. (28. Oktober 1997). R&uuml;cktritt Felix M&uuml;llers als Pr&auml;sident der Gr&uuml;nen. In&nbsp;<em>Neue Z&uuml;rcher Zeitung</em>. Abgerufen am 10. Oktober 2025 von https://essentials.swissdox.ch/</p>
source_comment: ",year,1991-07-01T12:00:00,,,exact,1997-10-28T12:00:00,,
219,127,26,1,,,"page_number_string: 
notes: 
source_full_citation: <p>lob. (19. Januar 1998). Martin B&auml;umle neuer Pr&auml;sident der Gr&uuml;nen. In&nbsp;<em>Neue Z&uuml;rcher Zeitung</em>. Abgerufen am 10. Oktober 2025 von https://essentials.swissdox.ch/</p>
source_comment: ",exact,1998-01-17T12:00:00,,,exact,2004-06-12T12:00:00,,
220,736,26,1,,,"page_number_string: 
notes: 
source_full_citation: <p>Keller, R. (15. Juni 2004). Die Idee einer Parteispaltung beunruhigt die Gr&uuml;nen. In&nbsp;<em>Tages-Anzeiger</em>. Abgerufen am 17. Oktober 2025 von https://essentials.swissdox.ch/</p>
source_comment: 

page_number_string: 
notes: 
source_full_citation: <p>sda/abr. (18. Januar 2008). B&auml;nziger bleibt Pr&auml;sidentin. In <em>Z&uuml;richsee-Zeitung</em>. Abgerufen am 17. Oktober 2025 von https://essentials.swissdox.ch/</p>
source_comment: ",exact,2004-06-12T12:00:00,,,exact,2008-01-17T12:00:00,,
221,99,26,1,,,"page_number_string: 
notes: 
source_full_citation: <p>Keller, R. (15. Juni 2004). Die Idee einer Parteispaltung beunruhigt die Gr&uuml;nen. In&nbsp;<em>Tages-Anzeiger</em>. Abgerufen am 17. Oktober 2025 von https://essentials.swissdox.ch/</p>
source_comment: ",exact,2004-06-12T12:00:00,,,exact,2008-11-04T12:00:00,,
222,1045,26,1,,,"page_number_string: 
notes: 
source_full_citation: <p>klr. (5. November 2008). Neues F&uuml;hrungsduo f&uuml;r die Gr&uuml;ne Partei. In <em>Tages-Anzeiger</em>. Abgerufen am 17. Oktober 2025 von https://essentials.swissdox.ch/</p>
source_comment: ",exact,2008-11-04T12:00:00,,,exact,2011-04-19T12:00:00,,
223,1217,26,1,,,"page_number_string: 
notes: 
source_full_citation: <p>klr. (5. November 2008). Neues F&uuml;hrungsduo f&uuml;r die Gr&uuml;ne Partei. In <em>Tages-Anzeiger</em>. Abgerufen am 17. Oktober 2025 von https://essentials.swissdox.ch/</p>
source_comment: 

page_number_string: 
notes: 
source_full_citation: <p>Gr&uuml;ne Kanton Z&uuml;rich. (02. Dezember 2011). <em>R&uuml;cktritt von Philipp Maurer als Co-Pr&auml;sident der Gr&uuml;nen Kanton Z&uuml;rich</em>. Abgerufen am 17. Oktober 2025 von https://gruene-zh.ch/medienmitteilungen/rucktritt-von-philipp-maurer-als-co-prasident-der-grunen-kanton-zurich</p>
source_comment: ",exact,2008-11-04T12:00:00,,,month,2012-05-15T12:00:00,,
224,1650,26,1,,,"page_number_string: 
notes: 
source_full_citation: <p>Aeschlimann, P. (21. April 2011). Als Greenhorn an die gr&uuml;ne Parteispitze. In <em>Tages-Anzeiger</em>. Abgerufen am 17. Oktober 2025 von https://essentials.swissdox.ch/</p>
source_comment: ",exact,2011-04-19T12:00:00,,,exact,2020-08-24T12:00:00,,
225,1264,26,1,,,"page_number_string: 
notes: 
source_full_citation: <p>Gr&uuml;ne Kanton Z&uuml;rich. (11. April 2024). <em>GR&Uuml;NE w&auml;hlen neues Parteipr&auml;sidium</em>. Abgerufen am 17. Oktober 2025 von https://gruene-zh.ch/medienmitteilungen/gruene-waehlen-neues-parteipraesidium</p>
source_comment: 

page_number_string: 
notes: 
source_full_citation: <p>Gr&uuml;ne Kanton Bern. (25. August 2020). <em>GR&Uuml;NE w&auml;hlen neues Co-Pr&auml;sidium</em>. Abgerufen am 17. Oktober 2025 von https://gruene-zh.ch/medienmitteilungen/gruene-waehlen-neues-co-praesidium&nbsp;</p>
source_comment: ",exact,2020-08-24T12:00:00,,,exact,2024-04-11T12:00:00,,
226,1071,26,1,,,"page_number_string: 
notes: 
source_full_citation: <p>Gr&uuml;ne Kanton Bern. (25. August 2020). <em>GR&Uuml;NE w&auml;hlen neues Co-Pr&auml;sidium</em>. Abgerufen am 17. Oktober 2025 von https://gruene-zh.ch/medienmitteilungen/gruene-waehlen-neues-co-praesidium&nbsp;</p>
source_comment: ",exact,2020-08-24T12:00:00,,,,,,
227,475,27,1,,,"page_number_string: 
notes: 
source_full_citation: <p>bto. (03. November 2004). Gr&uuml;nliberale starten vielversprechend. In <em>Neue Z&uuml;rcher Zeitung</em>. Abgerufen am 20. Oktober 2025 von https://essentials.swissdox.ch/</p>
source_comment: 

page_number_string: 
notes: 
source_full_citation: <p>bto. (20. April 2005). 250 Gr&uuml;nliberale. In&nbsp;<em>Neue Z&uuml;rcher Zeitung</em>. Abgerufen am 20. Oktober 2025 von https://essentials.swissdox.ch/</p>
source_comment: ",exact,2004-06-25T12:00:00,,,exact,2005-04-19T12:00:00,,
228,127,27,1,,,"page_number_string: 
notes: 
source_full_citation: <p>bto. (03. November 2004). Gr&uuml;nliberale starten vielversprechend. In <em>Neue Z&uuml;rcher Zeitung</em>. Abgerufen am 20. Oktober 2025 von https://essentials.swissdox.ch/</p>
source_comment: ",exact,2004-06-25T12:00:00,,,exact,2008-05-15T12:00:00,,
229,1986,27,1,,,"page_number_string: 
notes: 
source_full_citation: <p>bto. (03. November 2004). Gr&uuml;nliberale starten vielversprechend. In <em>Neue Z&uuml;rcher Zeitung</em>. Abgerufen am 20. Oktober 2025 von https://essentials.swissdox.ch/</p>
source_comment: ",exact,2004-06-25T12:00:00,,,exact,2008-05-15T12:00:00,,
230,1297,27,1,,,"page_number_string: 
notes: 
source_full_citation: <p>bto. (20. April 2005). 250 Gr&uuml;nliberale. In&nbsp;<em>Neue Z&uuml;rcher Zeitung</em>. Abgerufen am 20. Oktober 2025 von https://essentials.swissdox.ch/</p>
source_comment: 

page_number_string: 
notes: 
source_full_citation: <p>rsr. (20. April 2012). Nur noch ein Kantonalpr&auml;sident. In <em>Neue Z&uuml;rcher Zeitung</em>. Abgerufen am 20. Oktober 2025 von https://essentials.swissdox.ch/</p>
source_comment: ",exact,2005-04-19T12:00:00,,,exact,2012-04-18T12:00:00,,
231,1180,27,1,,,"page_number_string: 
notes: 
source_full_citation: <p>wbt. (30. April 2008). Die Gr&uuml;nliberalen stellen sich neu auf. In <em>Neue Z&uuml;rcher Zeitung</em>. Abgerufen am 20. Oktober 2025 von https://essentials.swissdox.ch/</p>
source_comment: ",exact,2008-05-15T12:00:00,,,exact,2018-11-20T12:00:00,,
232,772,27,1,,,"page_number_string: 
notes: 
source_full_citation: <p>Scharrer, M. (21. November 2018). Kantonale GLP hat neue Parteispitze. In <em>Z&uuml;rcher Oberl&auml;nder</em>. Abgerufen am 20. Oktober 2025 von https://essentials.swissdox.ch/</p>
source_comment: 

page_number_string: 
notes: 
source_full_citation: <p>Prader, F. (11. April 2024). GLP nominiert zwei Unbekannte. In <em>Neue Z&uuml;rcher Zeitung</em>. Abgerufen am 20. Oktober 2025 von https://essentials.swissdox.ch/</p>
source_comment: ",exact,2018-11-20T12:00:00,,,month,2023-12-15T12:00:00,,
233,624,27,1,,,"page_number_string: 
notes: 
source_full_citation: <p>Scharrer, M. (21. November 2018). Kantonale GLP hat neue Parteispitze. In <em>Z&uuml;rcher Oberl&auml;nder</em>. Abgerufen am 20. Oktober 2025 von https://essentials.swissdox.ch/</p>
source_comment: ",exact,2018-11-20T12:00:00,,,exact,2024-05-16T12:00:00,,
234,559,27,1,,,"page_number_string: 
notes: 
source_full_citation: <p>sda. (17. Mai 2024). Z&uuml;rcher GLP hat neues Co-Pr&auml;sidium und verliert Promi-Mitglied. In <em>nau.ch</em>. Abgerufen am 20. Oktober 2025 von https://essentials.swissdox.ch/</p>
source_comment: ",exact,2024-05-16T12:00:00,,,,,,
235,1551,27,1,,,"page_number_string: 
notes: 
source_full_citation: <p>sda. (17. Mai 2024). Z&uuml;rcher GLP hat neues Co-Pr&auml;sidium und verliert Promi-Mitglied. In <em>nau.ch</em>. Abgerufen am 20. Oktober 2025 von https://essentials.swissdox.ch/</p>
source_comment: ",exact,2024-05-16T12:00:00,,,,,,
236,2097,28,1,,,"page_number_string: 
notes: 
source_full_citation: <p>Staatsarchiv des Kantons Z&uuml;rich. (2025). <em>Evangelische Volkspartei EVP des Kantons Z&uuml;rich, 1913-2005</em>. Abgerufen am 20. Oktober 2025 von https://suche.staatsarchiv.djiktzh.ch/detail.aspx?Id=3621<span id=""ctl00_cphMainArea_lblTitel""></span></p>
source_comment: ",year,1917-07-01T12:00:00,,,year,1922-07-01T12:00:00,,
237,2098,28,1,,,"page_number_string: 
notes: 
source_full_citation: <p>Staatsarchiv des Kantons Z&uuml;rich. (2025). <em>Evangelische Volkspartei EVP des Kantons Z&uuml;rich, 1913-2005</em>. Abgerufen am 20. Oktober 2025 von https://suche.staatsarchiv.djiktzh.ch/detail.aspx?Id=3621<span id=""ctl00_cphMainArea_lblTitel""></span></p>
source_comment: ",year,1922-07-01T12:00:00,,,year,1924-07-01T12:00:00,,
238,1261,28,1,,,"page_number_string: 
notes: 
source_full_citation: <p>Staatsarchiv des Kantons Z&uuml;rich. (2025). <em>Evangelische Volkspartei EVP des Kantons Z&uuml;rich, 1913-2005</em>. Abgerufen am 20. Oktober 2025 von https://suche.staatsarchiv.djiktzh.ch/detail.aspx?Id=3621<span id=""ctl00_cphMainArea_lblTitel""></span></p>
source_comment: ",year,1924-07-01T12:00:00,,,year,1932-07-01T12:00:00,,
239,2099,28,1,,,"page_number_string: 
notes: 
source_full_citation: <p>Staatsarchiv des Kantons Z&uuml;rich. (2025). <em>Evangelische Volkspartei EVP des Kantons Z&uuml;rich, 1913-2005</em>. Abgerufen am 20. Oktober 2025 von https://suche.staatsarchiv.djiktzh.ch/detail.aspx?Id=3621<span id=""ctl00_cphMainArea_lblTitel""></span></p>
source_comment: ",year,1932-07-01T12:00:00,,,year,1936-07-01T12:00:00,,
240,2100,28,1,,,"page_number_string: 
notes: 
source_full_citation: <p>Staatsarchiv des Kantons Z&uuml;rich. (2025). <em>Evangelische Volkspartei EVP des Kantons Z&uuml;rich, 1913-2005</em>. Abgerufen am 20. Oktober 2025 von https://suche.staatsarchiv.djiktzh.ch/detail.aspx?Id=3621<span id=""ctl00_cphMainArea_lblTitel""></span></p>
source_comment: ",year,1936-07-01T12:00:00,,,year,1944-07-01T12:00:00,,
241,2101,28,1,,,"page_number_string: 
notes: 
source_full_citation: <p>Staatsarchiv des Kantons Z&uuml;rich. (2025). <em>Evangelische Volkspartei EVP des Kantons Z&uuml;rich, 1913-2005</em>. Abgerufen am 20. Oktober 2025 von https://suche.staatsarchiv.djiktzh.ch/detail.aspx?Id=3621<span id=""ctl00_cphMainArea_lblTitel""></span></p>
source_comment: ",year,1944-07-01T12:00:00,,,year,1952-07-01T12:00:00,,
242,2102,28,1,,,"page_number_string: 
notes: 
source_full_citation: <p>Staatsarchiv des Kantons Z&uuml;rich. (2025). <em>Evangelische Volkspartei EVP des Kantons Z&uuml;rich, 1913-2005</em>. Abgerufen am 20. Oktober 2025 von https://suche.staatsarchiv.djiktzh.ch/detail.aspx?Id=3621<span id=""ctl00_cphMainArea_lblTitel""></span></p>
source_comment: ",year,1952-07-01T12:00:00,,,year,1960-07-01T12:00:00,,
243,2103,28,1,,,"page_number_string: 
notes: 
source_full_citation: <p>Staatsarchiv des Kantons Z&uuml;rich. (2025). <em>Evangelische Volkspartei EVP des Kantons Z&uuml;rich, 1913-2005</em>. Abgerufen am 20. Oktober 2025 von https://suche.staatsarchiv.djiktzh.ch/detail.aspx?Id=3621<span id=""ctl00_cphMainArea_lblTitel""></span></p>
source_comment: ",year,1960-07-01T12:00:00,,,year,1964-07-01T12:00:00,,
244,2104,28,1,,,"page_number_string: 
notes: 
source_full_citation: <p>Staatsarchiv des Kantons Z&uuml;rich. (2025). <em>Evangelische Volkspartei EVP des Kantons Z&uuml;rich, 1913-2005</em>. Abgerufen am 20. Oktober 2025 von https://suche.staatsarchiv.djiktzh.ch/detail.aspx?Id=3621<span id=""ctl00_cphMainArea_lblTitel""></span></p>
source_comment: ",year,1964-07-01T12:00:00,,,year,1968-07-01T12:00:00,,
245,2105,28,1,,,"page_number_string: 
notes: 
source_full_citation: <p>Staatsarchiv des Kantons Z&uuml;rich. (2025). <em>Evangelische Volkspartei EVP des Kantons Z&uuml;rich, 1913-2005</em>. Abgerufen am 20. Oktober 2025 von https://suche.staatsarchiv.djiktzh.ch/detail.aspx?Id=3621<span id=""ctl00_cphMainArea_lblTitel""></span></p>
source_comment: ",year,1968-07-01T12:00:00,,,year,1972-07-01T12:00:00,,
246,2106,28,1,,,"page_number_string: 
notes: 
source_full_citation: <p>Staatsarchiv des Kantons Z&uuml;rich. (2025). <em>Evangelische Volkspartei EVP des Kantons Z&uuml;rich, 1913-2005</em>. Abgerufen am 20. Oktober 2025 von https://suche.staatsarchiv.djiktzh.ch/detail.aspx?Id=3621<span id=""ctl00_cphMainArea_lblTitel""></span></p>
source_comment: ",year,1972-07-01T12:00:00,,,year,1976-07-01T12:00:00,,
247,2107,28,1,,,"page_number_string: 
notes: 
source_full_citation: <p>Staatsarchiv des Kantons Z&uuml;rich. (2025). <em>Evangelische Volkspartei EVP des Kantons Z&uuml;rich, 1913-2005</em>. Abgerufen am 20. Oktober 2025 von https://suche.staatsarchiv.djiktzh.ch/detail.aspx?Id=3621<span id=""ctl00_cphMainArea_lblTitel""></span></p>
source_comment: ",year,1976-07-01T12:00:00,,,year,1980-07-01T12:00:00,,
248,2108,28,1,,,"page_number_string: 
notes: 
source_full_citation: <p>Staatsarchiv des Kantons Z&uuml;rich. (2025). <em>Evangelische Volkspartei EVP des Kantons Z&uuml;rich, 1913-2005</em>. Abgerufen am 20. Oktober 2025 von https://suche.staatsarchiv.djiktzh.ch/detail.aspx?Id=3621<span id=""ctl00_cphMainArea_lblTitel""></span></p>
source_comment: ",year,1980-07-01T12:00:00,,,year,1988-07-01T12:00:00,,
249,2109,28,1,,,"page_number_string: 
notes: 
source_full_citation: <p>Staatsarchiv des Kantons Z&uuml;rich. (2025). <em>Evangelische Volkspartei EVP des Kantons Z&uuml;rich, 1913-2005</em>. Abgerufen am 20. Oktober 2025 von https://suche.staatsarchiv.djiktzh.ch/detail.aspx?Id=3621<span id=""ctl00_cphMainArea_lblTitel""></span></p>
source_comment: ",year,1988-07-01T12:00:00,,,year,1993-07-01T12:00:00,,
250,1604,28,1,,,"page_number_string: 
notes: 
source_full_citation: <p>Staatsarchiv des Kantons Z&uuml;rich. (2025). <em>Evangelische Volkspartei EVP des Kantons Z&uuml;rich, 1913-2005</em>. Abgerufen am 20. Oktober 2025 von https://suche.staatsarchiv.djiktzh.ch/detail.aspx?Id=3621<span id=""ctl00_cphMainArea_lblTitel""></span></p>
source_comment: ",year,1993-07-01T12:00:00,,,exact,2008-03-29T12:00:00,,
251,2079,28,1,,,"page_number_string: 
notes: 
source_full_citation: <p>fur. (31. M&auml;rz 2008). Ein neuer Chef f&uuml;r das gute politische Gewissen. In <em>Neue Z&uuml;rcher Zeitung</em>. Abgerufen am 20. Oktober 2025 von https://essentials.swissdox.ch/</p>
source_comment: ",exact,2008-03-29T12:00:00,,,exact,2017-03-25T12:00:00,,
252,909,28,1,,,"page_number_string: 
notes: 
source_full_citation: <p>red. (27. M&auml;rz 2017). EVP hat neuen Pr&auml;sidenten. In <em>Z&uuml;rcher Unterl&auml;nder</em>. Abgerufen am 20. Oktober 2025 von https://essentials.swissdox.ch/</p>
source_comment: ",exact,2017-03-25T12:00:00,,,exact,2024-09-24T12:00:00,,
253,1725,28,1,,"note_translations: languages_code: de-CH
note: Jahresbericht der EVP Zürich aus dem Jahr 2024.","page_number_string: 
notes: 
source_full_citation: <p>EVP Kanton Z&uuml;rich. (2025). <em>EVP Jahresbericht</em>. Abgerufen am 20. Oktober 2025 von https://evpzh.ch/publikationen/jahresberichte</p>
source_comment: ",exact,2024-09-24T12:00:00,,,,,,
254,2031,28,2,,"note_translations: languages_code: de-CH
note: Jahresbericht der EVP Zürich aus dem Jahr 2024.","page_number_string: 
notes: 
source_full_citation: <p>EVP Kanton Z&uuml;rich. (2025). <em>EVP Jahresbericht</em>. Abgerufen am 20. Oktober 2025 von https://evpzh.ch/publikationen/jahresberichte</p>
source_comment: ",year,2019-07-01T12:00:00,,,exact,2025-04-01T12:00:00,,
255,2110,28,2,,,"page_number_string: 
notes: 
source_full_citation: <p>EVP Kanton Z&uuml;rich. (04. M&auml;rz 2025). <em>Wechsel der Gesch&auml;ftsf&uuml;hrung der kantonalen EVP</em>. Abgerufen am 20. Oktober 2025 von https://evpzh.ch/aktuelles/lesen/wechsel-der-geschaeftsfuehrung-der-kantonalen-evp</p>
source_comment: ",exact,2025-04-01T12:00:00,,,,,,
256,1487,28,2,,,"page_number_string: 
notes: 
source_full_citation: <p>Reinhard, Peter. (2025). <em>&Auml;mter von Peter Reinhard</em>. Abgerufen am 20. Oktober 2025 von https://peterreinhard.ch/meine-politik/aemter</p>
source_comment: ",exact,1975-04-01T12:00:00,,,exact,2018-12-31T12:00:00,,
257,1933,29,1,,,"page_number_string: 
notes: 
source_full_citation: <p>kg. (18. Januar 2006). R&uuml;cktritt des EDU-Pr&auml;sidenten. In <em>Neue Z&uuml;rcher Zeitung</em>. Abgerufen am 20. Oktober 2025 von https://essentials.swissdox.ch/</p>
source_comment: ",year,2001-07-01T12:00:00,,,exact,2006-01-17T12:00:00,,
258,1835,29,1,,,"page_number_string: 
notes: 
source_full_citation: <p>zsz. (21. M&auml;rz 2006). Andreas Mezzadri ist EDU-Vizepr&auml;sident. In <em>Z&uuml;richsee Zeitung</em>. Abgerufen am 20. Oktober 2025 von https://essentials.swissdox.ch/</p>
source_comment: ",exact,2006-03-17T12:00:00,,,exact,2010-03-15T12:00:00,,
259,1227,29,1,,,"page_number_string: 
notes: 
source_full_citation: <p>sda. (15. M&auml;rz 2010). EDU mit neuem Pr&auml;sidenten. In <em>nzz.ch</em>. Abgerufen am 20. Oktober 2025 von https://essentials.swissdox.ch/</p>
source_comment: ",exact,2010-03-15T12:00:00,,,unknown,2014-01-01T12:00:00,,
260,537,29,1,,,"page_number_string: 
notes: 
source_full_citation: <p>EDU Kanton Z&uuml;rich. (2016). <em>Hans Egli</em>. Abgerufen am 20. Oktober 2025 von https://web.archive.org/web/20161106191924/http:/www.edu-zh.ch/personen/egli-hans</p>
source_comment: ",year,2014-07-01T12:00:00,,,exact,2022-04-06T12:00:00,,
261,488,29,1,,,"page_number_string: 
notes: 
source_full_citation: <p>sda. (06. April 2022). Stefan Dollenmeier ist neuer Pr&auml;sident der EDU Kanton Z&uuml;rich. In <em>bluewin.ch</em>. Abgerufen am 20. Oktober 2025 von https://essentials.swissdox.ch/</p>
source_comment: ",exact,2022-04-06T12:00:00,,,year,2024-07-01T12:00:00,,
262,1070,29,1,,,"page_number_string: 
notes: 
source_full_citation: <p>EDU Kanton Z&uuml;rich. (2025). <em>Gesch&auml;ftsleitung</em>. Abgerufen am 20. Oktober 2025 von https://www.edu-zh.ch/personen/geschaeftsleitung/</p>
source_comment: ",year,2025-07-01T12:00:00,,,,,,
263,1835,29,2,,,"page_number_string: 
notes: 
source_full_citation: <p>EDU Kanton Z&uuml;rich. (2025). <em>25 Jahre im Dienst der christlichen Politik</em>. Abgerufen am 20. Oktober 2025 von https://www.edu-zh.ch/politik/25-jahre-im-dienst-der-christlichen-politik/</p>
source_comment: ",year,2000-07-01T12:00:00,,,exact,2025-02-28T12:00:00,,
264,2111,29,2,,,"page_number_string: 
notes: 
source_full_citation: <p>EDU Kanton Z&uuml;rich. (2025). <em>Der neue Gesch&auml;ftsf&uuml;hrer stellt sich vor</em>. Abgerufen am 20. Oktober 2025 von https://www.edu-zh.ch/politik/der-neue-geschaeftsfuehrer-stellt-sich-vor/</p>
source_comment: ",exact,2024-12-02T12:00:00,,,,,,
265,2112,20,1,,,"page_number_string: 
notes: 
source_full_citation: <p>Staatsarchiv des Kantons Z&uuml;rich. (2025). <em>Schweizerische Volkspartei SVP des Kantons Z&uuml;rich, 1917-2013</em>. Abgerufen am 20. Oktober 2025 von https://suche.staatsarchiv.djiktzh.ch/detail.aspx?id=4910710<span id=""ctl00_cphMainArea_lblTitel""></span></p>
source_comment: ",year,1920-07-01T12:00:00,,,year,1926-07-01T12:00:00,,
266,2113,20,1,,,"page_number_string: 
notes: 
source_full_citation: <p>Staatsarchiv des Kantons Z&uuml;rich. (2025). <em>Schweizerische Volkspartei SVP des Kantons Z&uuml;rich, 1917-2013</em>. Abgerufen am 20. Oktober 2025 von https://suche.staatsarchiv.djiktzh.ch/detail.aspx?id=4910710<span id=""ctl00_cphMainArea_lblTitel""></span></p>
source_comment: ",year,1944-07-01T12:00:00,,,year,1950-07-01T12:00:00,,
267,2114,20,1,,,"page_number_string: 
notes: 
source_full_citation: <p>Staatsarchiv des Kantons Z&uuml;rich. (2025). <em>Schweizerische Volkspartei SVP des Kantons Z&uuml;rich, 1917-2013</em>. Abgerufen am 20. Oktober 2025 von https://suche.staatsarchiv.djiktzh.ch/detail.aspx?id=4910710<span id=""ctl00_cphMainArea_lblTitel""></span></p>
source_comment: ",year,1950-07-01T12:00:00,,,year,1962-07-01T12:00:00,,
268,2115,20,1,,,"page_number_string: 
notes: 
source_full_citation: <p>Staatsarchiv des Kantons Z&uuml;rich. (2025). <em>Schweizerische Volkspartei SVP des Kantons Z&uuml;rich, 1917-2013</em>. Abgerufen am 20. Oktober 2025 von https://suche.staatsarchiv.djiktzh.ch/detail.aspx?id=4910710<span id=""ctl00_cphMainArea_lblTitel""></span></p>
source_comment: ",year,1962-07-01T12:00:00,,,year,1970-07-01T12:00:00,,
269,2116,20,1,,,"page_number_string: 
notes: 
source_full_citation: <p>Staatsarchiv des Kantons Z&uuml;rich. (2025). <em>Schweizerische Volkspartei SVP des Kantons Z&uuml;rich, 1917-2013</em>. Abgerufen am 20. Oktober 2025 von https://suche.staatsarchiv.djiktzh.ch/detail.aspx?id=4910710<span id=""ctl00_cphMainArea_lblTitel""></span></p>
source_comment: ",year,1970-07-01T12:00:00,,,year,1971-07-01T12:00:00,,
270,2117,20,1,,,"page_number_string: 
notes: 
source_full_citation: <p>Staatsarchiv des Kantons Z&uuml;rich. (2025). <em>Schweizerische Volkspartei SVP des Kantons Z&uuml;rich, 1917-2013</em>. Abgerufen am 20. Oktober 2025 von https://suche.staatsarchiv.djiktzh.ch/detail.aspx?id=4910710<span id=""ctl00_cphMainArea_lblTitel""></span></p>
source_comment: ",year,1971-07-01T12:00:00,,,year,1977-07-01T12:00:00,,
271,2118,26,1,,,"page_number_string: 
notes: 
source_full_citation: <p>Staatsarchiv des Kantons Z&uuml;rich. (2025). <em>Gr&uuml;ne Kanton Z&uuml;rich, 1978-2011</em>. Abgerufen am 20. Oktober 2025 von https://suche.staatsarchiv.djiktzh.ch/detail.aspx?id=1129450<span id=""ctl00_cphMainArea_lblTitel""></span></p>
source_comment: ",year,1998-07-01T12:00:00,,,year,2004-07-01T12:00:00,,
272,2119,25,1,,,"page_number_string: 
notes: 
source_full_citation: <p>Staatsarchiv des Kantons Z&uuml;rich. (2025). <em>Christlichdemokratische Volkspartei CVP des Kantons Z&uuml;rich, 1901-2001</em>. Abgerufen am 21. Oktober 2025 von https://suche.staatsarchiv.djiktzh.ch/detail.aspx?id=5003932<span id=""ctl00_cphMainArea_lblTitel""></span></p>
source_comment: ",year,1896-07-01T12:00:00,,,year,1905-07-01T12:00:00,,
273,2120,25,1,,,"page_number_string: 
notes: 
source_full_citation: <p>Staatsarchiv des Kantons Z&uuml;rich. (2025). <em>Christlichdemokratische Volkspartei CVP des Kantons Z&uuml;rich, 1901-2001</em>. Abgerufen am 21. Oktober 2025 von https://suche.staatsarchiv.djiktzh.ch/detail.aspx?id=5003932<span id=""ctl00_cphMainArea_lblTitel""></span></p>
source_comment: ",year,1906-07-01T12:00:00,,,year,1925-07-01T12:00:00,,
274,2121,25,1,,,"page_number_string: 
notes: 
source_full_citation: <p>Staatsarchiv des Kantons Z&uuml;rich. (2025). <em>Christlichdemokratische Volkspartei CVP des Kantons Z&uuml;rich, 1901-2001</em>. Abgerufen am 21. Oktober 2025 von https://suche.staatsarchiv.djiktzh.ch/detail.aspx?id=5003932<span id=""ctl00_cphMainArea_lblTitel""></span></p>
source_comment: ",year,1940-07-01T12:00:00,,,year,1943-07-01T12:00:00,,
275,2122,25,1,,,"page_number_string: 
notes: 
source_full_citation: <p>Staatsarchiv des Kantons Z&uuml;rich. (2025). <em>Christlichdemokratische Volkspartei CVP des Kantons Z&uuml;rich, 1901-2001</em>. Abgerufen am 21. Oktober 2025 von https://suche.staatsarchiv.djiktzh.ch/detail.aspx?id=5003932<span id=""ctl00_cphMainArea_lblTitel""></span></p>
source_comment: ",year,1964-07-01T12:00:00,,,year,1972-07-01T12:00:00,,
276,2123,25,1,,,"page_number_string: 
notes: 
source_full_citation: <p>Staatsarchiv des Kantons Z&uuml;rich. (2025). <em>Christlichdemokratische Volkspartei CVP des Kantons Z&uuml;rich, 1901-2001</em>. Abgerufen am 21. Oktober 2025 von https://suche.staatsarchiv.djiktzh.ch/detail.aspx?id=5003932<span id=""ctl00_cphMainArea_lblTitel""></span></p>
source_comment: ",year,1972-07-01T12:00:00,,,year,1980-07-01T12:00:00,,
277,2124,25,1,,,"page_number_string: 
notes: 
source_full_citation: <p>Staatsarchiv des Kantons Z&uuml;rich. (2025). <em>Christlichdemokratische Volkspartei CVP des Kantons Z&uuml;rich, 1901-2001</em>. Abgerufen am 21. Oktober 2025 von https://suche.staatsarchiv.djiktzh.ch/detail.aspx?id=5003932<span id=""ctl00_cphMainArea_lblTitel""></span></p>
source_comment: ",year,1980-07-01T12:00:00,,,year,1984-07-01T12:00:00,,
278,2125,25,1,,,"page_number_string: 
notes: 
source_full_citation: <p>Staatsarchiv des Kantons Z&uuml;rich. (2025). <em>Christlichdemokratische Volkspartei CVP des Kantons Z&uuml;rich, 1901-2001</em>. Abgerufen am 21. Oktober 2025 von https://suche.staatsarchiv.djiktzh.ch/detail.aspx?id=5003932<span id=""ctl00_cphMainArea_lblTitel""></span></p>
source_comment: ",year,1984-07-01T12:00:00,,,year,1992-07-01T12:00:00,,
279,819,31,1,,,"page_number_string: 
notes: 
source_full_citation: <p>Wepfer, A. (04. Mai 2009). Gelungener Auftakt Nr. 2 f&uuml;r BDP. In <em>Der Landbote</em>. Abgerufen am 24. Oktober 2025 von https://essentials.swissdox.ch/</p>
source_comment: ",month,2008-06-15T12:00:00,,,exact,2009-05-02T12:00:00,,
280,2075,31,1,,,"page_number_string: 
notes: 
source_full_citation: <p>Gurtner, K. (04. Mai 2009). Ein neues Pfl&auml;nzchen in der Z&uuml;rcher Parteienlandschaft. In <em>Neue Z&uuml;rcher Zeitung</em>. Abgerufen am 21. Oktober 2025 von https://essentials.swissdox.ch/</p>
source_comment: ",exact,2009-05-02T12:00:00,,,exact,2014-04-16T12:00:00,,
281,1114,31,1,,,"page_number_string: 
notes: 
source_full_citation: <p>as&uuml;. (19. April 2014). Neuer BDP-Pr&auml;sident gew&auml;hlt. In <em>Neue Z&uuml;rcher Zeitung</em>. Abgerufen am 24. Oktober 2025 von https://essentials.swissdox.ch/</p>
source_comment: ",exact,2014-04-16T12:00:00,,,exact,2017-04-20T12:00:00,,
282,1465,31,1,,,"page_number_string: 
notes: 
source_full_citation: <p>sho. (22. April 2017). Rosmarie Quadranti neue Pr&auml;sidentin der Z&uuml;rcher BDP. In <em>Neue Z&uuml;rcher Zeitung</em>. Abgerufen am 24. Oktober 2025 von https://essentials.swissdox.ch/</p>
source_comment: ",exact,2017-04-20T12:00:00,,,exact,2020-08-25T12:00:00,,
283,918,31,1,,,"page_number_string: 
notes: 
source_full_citation: <p>sda. (25. August 2020). Thomas H&uuml;rlilmann ist neuer Pr&auml;sident der BDP Kanton Z&uuml;rich. In <em>nau.ch</em>. Abgerufen am 24. Oktober 2025 von https://essentials.swissdox.ch/</p>
source_comment: ",exact,2020-08-25T12:00:00,,,exact,2021-03-27T12:00:00,,
284,2126,30,2,,,"page_number_string: 674
notes: 
source_full_citation: <p>Rauber, A. (2003). <em>Formierter Widerstand: Geschichte der kommunistischen Bewegung in der Schweiz 1944-1991</em>. Edition 8.</p>
source_comment: ",unknown,1978-01-01T12:00:00,,,year,1982-07-01T12:00:00,,
285,2127,30,2,,,"page_number_string: 674
notes: 
source_full_citation: <p>Rauber, A. (2003). <em>Formierter Widerstand: Geschichte der kommunistischen Bewegung in der Schweiz 1944-1991</em>. Edition 8.</p>
source_comment: ",year,1982-07-01T12:00:00,,,unknown,1986-01-01T12:00:00,,
286,2128,30,2,,,"page_number_string: 
notes: 
source_full_citation: <p><span style=""font-size: 12.0pt; line-height: 115%; font-family: 'Aptos',sans-serif; mso-ascii-theme-font: minor-latin; mso-fareast-font-family: Aptos; mso-fareast-theme-font: minor-latin; mso-hansi-theme-font: minor-latin; mso-bidi-font-family: 'Times New Roman'; mso-bidi-theme-font: minor-bidi; mso-ansi-language: DE-CH; mso-fareast-language: EN-US; mso-bidi-language: AR-SA;"">Ob&eacute;lis. (2025). <em>Base de donn&eacute;es ""&eacute;lites suisses""</em>. Universit&eacute; de Lausanne. http://www.unil.ch/elitessuisses</span></p>
source_comment: ",year,1992-07-01T12:00:00,,,year,1996-07-01T12:00:00,,
287,2129,32,1,,,"page_number_string: 
notes: 
source_full_citation: <p>sda. (04. Juni 1996). Lanzend&ouml;rfer ist neuer SD-Pr&auml;sident. In&nbsp;<em>Tages-Anzeiger</em>. Abgerufen am 30. Oktober 2025 von https://essentials.swissdox.ch/</p>
source_comment: ",exact,1996-06-03T12:00:00,,,unknown,2000-01-01T12:00:00,,
288,1749,32,1,,,"page_number_string: 
notes: 
source_full_citation: <p>fur. (01. September 2004). Neuer Parteipr&auml;sident bei den Schweizer Demokraten. In <em>Neue Z&uuml;rcher Zeitung</em>. Abgerufen am 30. Oktober 2025 von https://essentials.swissdox.ch/</p>
source_comment: ",unknown,2000-01-01T12:00:00,,,exact,2004-08-31T12:00:00,,
289,2130,32,1,,,"page_number_string: 
notes: 
source_full_citation: <p>fur. (01. September 2004). Neuer Parteipr&auml;sident bei den Schweizer Demokraten. In <em>Neue Z&uuml;rcher Zeitung</em>. Abgerufen am 30. Oktober 2025 von https://essentials.swissdox.ch/</p>
source_comment: ",exact,2004-08-31T12:00:00,,,unknown,2008-01-01T12:00:00,,
290,2131,32,1,,,"page_number_string: 
notes: 
source_full_citation: <p>SD Schweiz. (2025). <em>Geschichte der Schweizer Demokraten (SD)</em>. Abgerufen am 30. Oktober 2025 von https://www.schweizer-demokraten.ch/fileadmin/documents/ihre_partei/geschichte/Geschichte_der_SD.pdf</p>
source_comment: ",month,2012-02-15T12:00:00,,,unknown,2016-01-01T12:00:00,,
291,1749,32,1,,,"page_number_string: 
notes: 
source_full_citation: <p>SD Kanton Z&uuml;rich. (Dezember 2019). <em>SD-Poscht Nr. 40</em>. Abgerufen am 30. Oktober 2025 von https://www.schweizer-demokraten.ch/fileadmin/documents/kantone/zuerich-kanton/sd-post/SD-Poscht_Dezember2019-Nr40.pdf</p>
source_comment: ",multiyear,2019-01-01T12:00:00,,,,,,
292,1225,33,1,,,"page_number_string: 
notes: 
source_full_citation: <p>SD Schweiz. (2025). <em>Geschichte der Schweizer Demokraten (SD)</em>. Abgerufen am 30. Oktober 2025 von https://www.schweizer-demokraten.ch/fileadmin/documents/ihre_partei/geschichte/Geschichte_der_SD.pdf</p>
source_comment: ",month,1961-06-15T12:00:00,,,exact,1965-02-27T12:00:00,,
293,2132,33,1,,,"page_number_string: 33
notes: 
source_full_citation: <p>Simmen, L. &amp; Suter, E. (1985). <em>Die nationale Aktion: 1961-1970 </em>[Seminararbeit]. Universit&auml;t Z&uuml;rich.</p>
source_comment: ",exact,1965-02-27T12:00:00,,,year,1968-07-01T12:00:00,,
294,1715,33,1,,,"page_number_string: 38
notes: 
source_full_citation: <p>Simmen, L. &amp; Suter, E. (1985). <em>Die nationale Aktion: 1961-1970 </em>[Seminararbeit]. Universit&auml;t Z&uuml;rich.</p>
source_comment: ",year,1968-07-01T12:00:00,,,exact,1970-11-01T12:00:00,,
295,1976,33,1,,,"page_number_string: 
notes: 
source_full_citation: <p>Tsch&auml;ni, H. (1979). <em>Parteien, Programme, Parolen</em>. Sauerl&auml;nder &amp; Ex-Libris-Verlag.</p>
source_comment: ",exact,1970-11-01T12:00:00,,,year,1972-07-01T12:00:00,,
296,1379,33,1,,,"page_number_string: 
notes: 
source_full_citation: <p>Stettler, P. (2022). Valentin Oehen. In <em>Historisches Lexikon der Schweiz (HLS)</em>. Abgerufen am 30. Oktober 2025 von https://hls-dhs-dss.ch/de/articles/006457/</p>
source_comment: ",year,1972-07-01T12:00:00,,,exact,1980-04-26T12:00:00,,
297,2091,33,1,,,"page_number_string: 
notes: 
source_full_citation: <p>SD Schweiz. (2025). <em>Geschichte der Schweizer Demokraten (SD)</em>. Abgerufen am 30. Oktober 2025 von https://www.schweizer-demokraten.ch/fileadmin/documents/ihre_partei/geschichte/Geschichte_der_SD.pdf</p>
source_comment: ",exact,1980-04-26T12:00:00,,,exact,1986-06-14T12:00:00,,
298,1003,33,1,,,"page_number_string: 
notes: 
source_full_citation: <p>SD Schweiz. (2025). <em>Geschichte der Schweizer Demokraten (SD)</em>. Abgerufen am 30. Oktober 2025 von https://www.schweizer-demokraten.ch/fileadmin/documents/ihre_partei/geschichte/Geschichte_der_SD.pdf</p>
source_comment: ",exact,1986-06-14T12:00:00,,,exact,2005-06-08T12:00:00,,
299,866,33,1,,,"page_number_string: 
notes: 
source_full_citation: <p>SD Schweiz. (2025). <em>Geschichte der Schweizer Demokraten (SD)</em>. Abgerufen am 30. Oktober 2025 von https://www.schweizer-demokraten.ch/fileadmin/documents/ihre_partei/geschichte/Geschichte_der_SD.pdf</p>
source_comment: ",exact,2005-06-08T12:00:00,,,exact,2007-10-27T12:00:00,,
300,257,33,1,,,"page_number_string: 
notes: 
source_full_citation: <p>ap. (28. Oktober 2007). SD wollen nun doch weitermachen. In&nbsp;<em>NZZ am Sonntag</em>. Abgerufen am 30. Oktober 2025 von https://essentials.swissdox.ch/</p>
source_comment: ",exact,2007-10-27T12:00:00,,,exact,2010-11-02T12:00:00,,
301,233,33,1,,,"page_number_string: 
notes: 
source_full_citation: <p>sda. (26. M&auml;rz 2011). DV Schweizer Demokraten - SD wollen ausgeglichene Wanderungsbilanz. In&nbsp;<em>blick.ch</em>. Abgerufen am 30. Oktober 2025 von https://essentials.swissdox.ch/</p>
source_comment: ",exact,2011-03-26T12:00:00,,,exact,2011-06-25T12:00:00,,
302,1003,33,1,,,"page_number_string: 
notes: 
source_full_citation: <p>sda. (28. Juni 2011). Rudolf Keller neuer SD-Pr&auml;sident. In <em>Neue Z&uuml;rcher Zeitung</em>. Abgerufen am 30. Oktober 2025 von https://essentials.swissdox.ch/</p>
source_comment: ",exact,2011-06-25T12:00:00,,,exact,2016-05-27T12:00:00,,
303,509,33,1,,,"page_number_string: 
notes: 
source_full_citation: <p>SD Schweiz (27. Mai 2016). <em>Schweizer Demokraten (SD) unter neuer nationaler Parteif&uuml;hrung</em>. Abgerufen am 30. Oktober 2025 von https://www.schweizer-demokraten.ch/fileadmin/documents/publikationen/medien/2016/Medienmitteilung_Co-Praesidium.pdf</p>
source_comment: ",exact,2016-05-27T12:00:00,,,,,,
304,1749,33,1,,,"page_number_string: 
notes: 
source_full_citation: <p>SD Schweiz (27. Mai 2016). <em>Schweizer Demokraten (SD) unter neuer nationaler Parteif&uuml;hrung</em>. Abgerufen am 30. Oktober 2025 von https://www.schweizer-demokraten.ch/fileadmin/documents/publikationen/medien/2016/Medienmitteilung_Co-Praesidium.pdf</p>
source_comment: ",exact,2016-05-27T12:00:00,,,,,,
305,1462,33,2,,,"page_number_string: 
notes: 
source_full_citation: <p>sda. (28. Juni 2011). Rudolf Keller neuer SD-Pr&auml;sident. In <em>Neue Z&uuml;rcher Zeitung</em>. Abgerufen am 30. Oktober 2025 von https://essentials.swissdox.ch/</p>
source_comment: ",exact,2011-06-25T12:00:00,,,,,,
306,866,33,2,,,"page_number_string: 
notes: 
source_full_citation: <p>sda. (28. Juni 2011). Rudolf Keller neuer SD-Pr&auml;sident. In <em>Neue Z&uuml;rcher Zeitung</em>. Abgerufen am 30. Oktober 2025 von https://essentials.swissdox.ch/</p>
source_comment: ",unknown,2007-01-01T12:00:00,,,exact,2011-06-25T12:00:00,,
307,2133,33,2,,,"page_number_string: 
notes: 
source_full_citation: <p>Bernath, M. (2025). <em>Ausgew&auml;hlte Beitr&auml;ge zur Schweizer Politik: Parteisekret&auml;r der SD Nyffenegger muss sein Amt aufgeben, 2001</em>. Ann&eacute;e Politique Suisse. Abgerufen am 30. Oktober 2025 von https://anneepolitique.swiss/prozesse/53713-parteisekretar-der-sd-nyffenegger-muss-sein-amt-aufgeben</p>
source_comment: ",year,2001-07-01T12:00:00,,,unknown,2007-01-01T12:00:00,,
308,2134,33,1,,,"page_number_string: 
notes: 
source_full_citation: <p>Bernath, M. (2025). <em>Ausgew&auml;hlte Beitr&auml;ge zur Schweizer Politik: Parteisekret&auml;r der SD Nyffenegger muss sein Amt aufgeben, 2001</em>. Ann&eacute;e Politique Suisse. Abgerufen am 30. Oktober 2025 von https://anneepolitique.swiss/prozesse/53713-parteisekretar-der-sd-nyffenegger-muss-sein-amt-aufgeben</p>
source_comment: ",unknown,1997-01-01T12:00:00,,,year,2001-07-01T12:00:00,,
309,516,34,1,,,"page_number_string: 
notes: 
source_full_citation: <p>Ramseier, H. (1973). <em>Die Entstehung und Entwicklung des Landesrings der Unabh&auml;ngigen bis 1943</em> [Dissertation Universit&auml;t Z&uuml;rich]. Chemigraphisches Institut AG.</p>
source_comment: ",exact,1937-11-14T12:00:00,,,year,1947-07-01T12:00:00,,
310,1579,34,1,,,"page_number_string: 
notes: 
source_full_citation: <p>Wikipedia. (2025). <em>Landesring der Unabh&auml;ngigen</em>. Abgerufen am 31. Oktober 2025 von https://de.wikipedia.org/wiki/Landesring_der_Unabh%C3%A4ngigen</p>
source_comment: ",year,1948-07-01T12:00:00,,,year,1949-07-01T12:00:00,,
311,516,34,1,,,"page_number_string: 
notes: 
source_full_citation: <p>Wikipedia. (2025). <em>Landesring der Unabh&auml;ngigen</em>. Abgerufen am 31. Oktober 2025 von https://de.wikipedia.org/wiki/Landesring_der_Unabh%C3%A4ngigen</p>
source_comment: ",year,1950-07-01T12:00:00,,,year,1951-07-01T12:00:00,,
312,1765,34,1,,,"page_number_string: 
notes: 
source_full_citation: <p>Wikipedia. (2025). <em>Landesring der Unabh&auml;ngigen</em>. Abgerufen am 31. Oktober 2025 von https://de.wikipedia.org/wiki/Landesring_der_Unabh%C3%A4ngigen</p>
source_comment: ",year,1952-07-01T12:00:00,,,exact,1959-04-05T12:00:00,,
313,1273,35,1,,,"page_number_string: 
notes: 
source_full_citation: <p>SVP Kanton Bern. (1994). <em>Akzente 1994</em>. Abgerufen am 05. Januar 2026 von <span class=""VndcI veK2kb"" role=""heading"" aria-level=""2"" data-wiz-attrbind=""class=pg4RZd_1/tPhIrf;"">https://polidoc.net/</span></p>
source_comment: ",exact,1918-09-28T12:00:00,,,year,1929-07-01T12:00:00,,
314,743,35,1,,,"page_number_string: 124
notes: 
source_full_citation: <p>Jufer, M. (1993).&nbsp;<em>75 Jahre SVP Kanton Bern.</em> Verlag SVP Kanton Bern.</p>
source_comment: ",year,1930-07-01T12:00:00,,,year,1935-07-01T12:00:00,,
315,1970,35,1,,,"page_number_string: 
notes: 
source_full_citation: <p><span style=""font-size: 12.0pt; line-height: 115%; font-family: 'Aptos',sans-serif; mso-ascii-theme-font: minor-latin; mso-fareast-font-family: Aptos; mso-fareast-theme-font: minor-latin; mso-hansi-theme-font: minor-latin; mso-bidi-font-family: 'Times New Roman'; mso-bidi-theme-font: minor-bidi; mso-ansi-language: DE-CH; mso-fareast-language: EN-US; mso-bidi-language: AR-SA;"">Ob&eacute;lis. (2025). <em>Base de donn&eacute;es ""&eacute;lites suisses""</em>. Universit&eacute; de Lausanne. http://www.unil.ch/elitessuisses</span></p>
source_comment: ",year,1935-07-01T12:00:00,,,year,1943-07-01T12:00:00,,
316,590,35,1,,,"page_number_string: 124
notes: 
source_full_citation: <p>Jufer, M. (1993).&nbsp;<em>75 Jahre SVP Kanton Bern.</em> Verlag SVP Kanton Bern.</p>
source_comment: ",year,1943-07-01T12:00:00,,,year,1946-07-01T12:00:00,,
317,316,35,1,,,"page_number_string: 124
notes: 
source_full_citation: <p>Jufer, M. (1993).&nbsp;<em>75 Jahre SVP Kanton Bern.</em> Verlag SVP Kanton Bern.</p>
source_comment: ",year,1946-07-01T12:00:00,,,year,1952-07-01T12:00:00,,
318,1682,35,1,,,"page_number_string: 124
notes: 
source_full_citation: <p>Jufer, M. (1993).&nbsp;<em>75 Jahre SVP Kanton Bern.</em> Verlag SVP Kanton Bern.</p>
source_comment: ",year,1952-07-01T12:00:00,,,year,1958-07-01T12:00:00,,
319,572,35,1,,,"page_number_string: 
notes: 
source_full_citation: <p><span style=""font-size: 12.0pt; line-height: 115%; font-family: 'Aptos',sans-serif; mso-ascii-theme-font: minor-latin; mso-fareast-font-family: Aptos; mso-fareast-theme-font: minor-latin; mso-hansi-theme-font: minor-latin; mso-bidi-font-family: 'Times New Roman'; mso-bidi-theme-font: minor-bidi; mso-ansi-language: DE-CH; mso-fareast-language: EN-US; mso-bidi-language: AR-SA;"">Ob&eacute;lis. (2025). <em>Base de donn&eacute;es ""&eacute;lites suisses""</em>. Universit&eacute; de Lausanne. http://www.unil.ch/elitessuisses</span></p>
source_comment: ",year,1958-07-01T12:00:00,,,year,1963-07-01T12:00:00,,
320,60,35,1,,,"page_number_string: 124
notes: 
source_full_citation: <p>Jufer, M. (1993).&nbsp;<em>75 Jahre SVP Kanton Bern.</em> Verlag SVP Kanton Bern.</p>
source_comment: ",year,1963-07-01T12:00:00,,,year,1966-07-01T12:00:00,,
321,320,35,1,,,"page_number_string: 124
notes: 
source_full_citation: <p>Jufer, M. (1993).&nbsp;<em>75 Jahre SVP Kanton Bern.</em> Verlag SVP Kanton Bern.</p>
source_comment: ",year,1966-07-01T12:00:00,,,year,1972-07-01T12:00:00,,
322,1195,35,1,,,"page_number_string: 124
notes: 
source_full_citation: <p>Jufer, M. (1993).&nbsp;<em>75 Jahre SVP Kanton Bern.</em> Verlag SVP Kanton Bern.</p>
source_comment: ",year,1972-07-01T12:00:00,,,year,1976-07-01T12:00:00,,
323,710,35,1,,,"page_number_string: 
notes: 
source_full_citation: <p><span style=""font-size: 12.0pt; line-height: 115%; font-family: 'Aptos',sans-serif; mso-ascii-theme-font: minor-latin; mso-fareast-font-family: Aptos; mso-fareast-theme-font: minor-latin; mso-hansi-theme-font: minor-latin; mso-bidi-font-family: 'Times New Roman'; mso-bidi-theme-font: minor-bidi; mso-ansi-language: DE-CH; mso-fareast-language: EN-US; mso-bidi-language: AR-SA;"">Ob&eacute;lis. (2025). <em>Base de donn&eacute;es ""&eacute;lites suisses""</em>. Universit&eacute; de Lausanne. http://www.unil.ch/elitessuisses</span></p>
source_comment: ",year,1976-07-01T12:00:00,,,year,1984-07-01T12:00:00,,
324,1572,35,1,,,"page_number_string: 124
notes: 
source_full_citation: <p>Jufer, M. (1993).&nbsp;<em>75 Jahre SVP Kanton Bern.</em> Verlag SVP Kanton Bern.</p>
source_comment: ",year,1984-07-01T12:00:00,,,exact,1996-06-18T12:00:00,,
325,2068,35,1,,,"page_number_string: 
notes: 
source_full_citation: <p>sda. (20. Juni 1996).&nbsp;Rudolf Zesiger. In <em>Basler Zeitung</em>. Abgerufen am 03. November 2025 von https://essentials.swissdox.ch/</p>
source_comment: ",exact,1996-06-18T12:00:00,,,exact,2000-02-05T12:00:00,,
326,2003,35,1,,,"page_number_string: 
notes: 
source_full_citation: <p>sda. (07. Februar 2000). Weyeneth neuer Pr&auml;sident der Berner SVP. In&nbsp;<em>Neue Z&uuml;rcher Zeitung</em>. Abgerufen am 03. November 2025 von https://essentials.swissdox.ch/</p>
source_comment: ",exact,2000-02-05T12:00:00,,,exact,2006-06-29T12:00:00,,
327,967,35,1,,,"page_number_string: 
notes: 
source_full_citation: <p>sda. (01. Juli 2006). Joder folgt auf Weyeneth. In <em>Die S&uuml;dostschweiz</em>. Abgerufen am 03. November 2025 von https://essentials.swissdox.ch/</p>
source_comment: ",exact,2006-06-29T12:00:00,,,exact,2012-10-31T12:00:00,,
328,1576,35,1,,,"page_number_string: 
notes: 
source_full_citation: <p>Barben, D. (01. November 2012). Werner Salzmann wird in Wahlkrimi SVP-Pr&auml;sident. In <em>Der Bund</em>. Abgerufen am 03. November 2025 von https://essentials.swissdox.ch/</p>
source_comment: ",exact,2012-10-31T12:00:00,,,exact,2021-07-07T12:00:00,,
329,301,35,1,,,"page_number_string: 
notes: 
source_full_citation: <p>SVP Kanton Bern. (08. Juli 2021). <em>Erstmals ein Bernjurassier Pr&auml;sident der SVP BE</em>. Abgerufen am 04. November 2025 von https://www.svp-bern.ch/medienmitteilungen/erstmals-ein-bernjurassier-praesident-der-svp-be/</p>
source_comment: ",exact,2021-07-07T12:00:00,,,,,,
330,1770,35,2,,,"page_number_string: 126
notes: 
source_full_citation: <p>Jufer, M. (1993).&nbsp;<em>75 Jahre SVP Kanton Bern.</em> Verlag SVP Kanton Bern.</p>
source_comment: ",year,1919-07-01T00:00:00,,,year,1931-07-01T00:00:00,,
331,1014,35,2,,,"page_number_string: 126
notes: 
source_full_citation: <p>Jufer, M. (1993).&nbsp;<em>75 Jahre SVP Kanton Bern.</em> Verlag SVP Kanton Bern.</p>
source_comment: ",year,1931-07-01T00:00:00,,,year,1933-07-01T00:00:00,,
332,1733,35,2,,,"page_number_string: 126
notes: 
source_full_citation: <p>Jufer, M. (1993).&nbsp;<em>75 Jahre SVP Kanton Bern.</em> Verlag SVP Kanton Bern.</p>
source_comment: ",year,1934-07-01T00:00:00,,,year,1945-07-01T00:00:00,,
333,743,35,2,,,"page_number_string: 126
notes: 
source_full_citation: <p>Jufer, M. (1993).&nbsp;<em>75 Jahre SVP Kanton Bern.</em> Verlag SVP Kanton Bern.</p>
source_comment: ",year,1946-07-01T00:00:00,,,year,1951-07-01T00:00:00,,
334,187,35,2,,,"page_number_string: 126
notes: 
source_full_citation: <p>Jufer, M. (1993).&nbsp;<em>75 Jahre SVP Kanton Bern.</em> Verlag SVP Kanton Bern.</p>
source_comment: ",year,1952-07-01T00:00:00,,,year,1969-07-01T00:00:00,,
335,1659,35,2,,,"page_number_string: 126
notes: 
source_full_citation: <p>Jufer, M. (1993).&nbsp;<em>75 Jahre SVP Kanton Bern.</em> Verlag SVP Kanton Bern.</p>
source_comment: ",year,1969-07-01T00:00:00,,,year,1979-07-01T00:00:00,,
336,847,35,2,,,"page_number_string: 126
notes: 
source_full_citation: <p>Jufer, M. (1993).&nbsp;<em>75 Jahre SVP Kanton Bern.</em> Verlag SVP Kanton Bern.</p>
source_comment: ",year,1979-07-01T00:00:00,,,year,1985-07-01T00:00:00,,
337,967,35,2,,,"page_number_string: 126
notes: 
source_full_citation: <p>Jufer, M. (1993).&nbsp;<em>75 Jahre SVP Kanton Bern.</em> Verlag SVP Kanton Bern.</p>
source_comment: ",year,1985-07-01T00:00:00,,,year,1989-07-01T00:00:00,,
338,1923,35,2,,,"page_number_string: 126
notes: 
source_full_citation: <p>Jufer, M. (1993).&nbsp;<em>75 Jahre SVP Kanton Bern.</em> Verlag SVP Kanton Bern.</p>
source_comment: ",year,1989-07-01T00:00:00,,,year,1993-07-01T00:00:00,,
339,1156,35,2,,,"page_number_string: 126
notes: 
source_full_citation: <p>Jufer, M. (1993).&nbsp;<em>75 Jahre SVP Kanton Bern.</em> Verlag SVP Kanton Bern.</p>
source_comment: ",year,1993-07-01T00:00:00,,,unknown,1997-01-01T12:00:00,,
340,1351,35,2,,,"page_number_string: 
notes: 
source_full_citation: <p>Regierungsrat Kanton Bern. (2025). <em>Christoph Neuhaus</em>. Abgerufen am 04. November 2025 von https://www.rr.be.ch/de/start/mitglieder/christoph-neuhaus.html</p>
source_comment: ",year,2001-07-01T00:00:00,,,year,2006-07-01T00:00:00,,
341,1402,35,2,,,"page_number_string: 
notes: 
source_full_citation: <p>Wikipedia. (2025). <em>Aliki Panayides</em>. Abgerufen am 04. November 2025 von https://de.wikipedia.org/wiki/Aliki_Panayides</p>
source_comment: ",year,2007-07-01T00:00:00,,,,,,
342,777,36,1,,,"page_number_string: 
notes: 
source_full_citation: <p><span style=""font-size: 12.0pt; line-height: 115%; font-family: 'Aptos',sans-serif; mso-ascii-theme-font: minor-latin; mso-fareast-font-family: Aptos; mso-fareast-theme-font: minor-latin; mso-hansi-theme-font: minor-latin; mso-bidi-font-family: 'Times New Roman'; mso-bidi-theme-font: minor-bidi; mso-ansi-language: DE-CH; mso-fareast-language: EN-US; mso-bidi-language: AR-SA;"">Ob&eacute;lis. (2025). <em>Base de donn&eacute;es ""&eacute;lites suisses""</em>. Universit&eacute; de Lausanne. http://www.unil.ch/elitessuisses</span></p>
source_comment: ",year,1911-07-01T12:00:00,,,year,1943-07-01T12:00:00,,
343,1485,36,1,,,"page_number_string: 
notes: 
source_full_citation: <p><span style=""font-size: 12.0pt; line-height: 115%; font-family: 'Aptos',sans-serif; mso-ascii-theme-font: minor-latin; mso-fareast-font-family: Aptos; mso-fareast-theme-font: minor-latin; mso-hansi-theme-font: minor-latin; mso-bidi-font-family: 'Times New Roman'; mso-bidi-theme-font: minor-bidi; mso-ansi-language: DE-CH; mso-fareast-language: EN-US; mso-bidi-language: AR-SA;"">Ob&eacute;lis. (2025). <em>Base de donn&eacute;es ""&eacute;lites suisses""</em>. Universit&eacute; de Lausanne. http://www.unil.ch/elitessuisses</span></p>
source_comment: ",year,1941-07-01T12:00:00,,,year,1947-07-01T12:00:00,,
344,788,36,1,,,"page_number_string: 
notes: 
source_full_citation: <p><span style=""font-size: 12.0pt; line-height: 115%; font-family: 'Aptos',sans-serif; mso-ascii-theme-font: minor-latin; mso-fareast-font-family: Aptos; mso-fareast-theme-font: minor-latin; mso-hansi-theme-font: minor-latin; mso-bidi-font-family: 'Times New Roman'; mso-bidi-theme-font: minor-bidi; mso-ansi-language: DE-CH; mso-fareast-language: EN-US; mso-bidi-language: AR-SA;"">Ob&eacute;lis. (2025). <em>Base de donn&eacute;es ""&eacute;lites suisses""</em>. Universit&eacute; de Lausanne. http://www.unil.ch/elitessuisses</span></p>
source_comment: ",year,1947-07-01T12:00:00,,,year,1962-07-01T12:00:00,,
345,1879,36,1,,,"page_number_string: 
notes: 
source_full_citation: <p><span style=""font-size: 12.0pt; line-height: 115%; font-family: 'Aptos',sans-serif; mso-ascii-theme-font: minor-latin; mso-fareast-font-family: Aptos; mso-fareast-theme-font: minor-latin; mso-hansi-theme-font: minor-latin; mso-bidi-font-family: 'Times New Roman'; mso-bidi-theme-font: minor-bidi; mso-ansi-language: DE-CH; mso-fareast-language: EN-US; mso-bidi-language: AR-SA;"">Ob&eacute;lis. (2025). <em>Base de donn&eacute;es ""&eacute;lites suisses""</em>. Universit&eacute; de Lausanne. http://www.unil.ch/elitessuisses</span></p>
source_comment: ",year,1963-07-01T12:00:00,,,year,1969-07-01T12:00:00,,
346,1606,36,1,,,"page_number_string: 
notes: 
source_full_citation: <p>Utz, B. (10. September 1998). Team K&auml;ser und Hess f&uuml;r J&uuml;rg Sch&auml;rer. In <em>Solothurner Zeitung</em>. Abgerufen am 07. November 2025 von https://essentials.swissdox.ch/</p>
source_comment: ",unknown,1994-01-01T12:00:00,,,exact,1998-09-10T12:00:00,,
347,991,36,1,,,"page_number_string: 
notes: 
source_full_citation: <p>Utz, B. (10. September 1998). Team K&auml;ser und Hess f&uuml;r J&uuml;rg Sch&auml;rer. In <em>Solothurner Zeitung</em>. Abgerufen am 07. November 2025 von https://essentials.swissdox.ch/</p>
source_comment: ",exact,1998-09-10T12:00:00,,,exact,2003-03-01T12:00:00,,
348,1196,36,1,,,"page_number_string: 
notes: 
source_full_citation: <p>SP Kanton Bern. (01. September 2010). <em>Parteitag SP Kanton Bern: Neuer Pr&auml;sident: Roland N&auml;f - Bundesratskandidatin: Simonetta Sommaruga</em>. Abgerufen am 07. November 2025 von https://spbe.ch/blog/2010/09/01/parteitag-sp-kanton-bern-neuer-praesident-roland-naef-bundesratskandidatin-simonetta-sommaruga/</p>
source_comment: ",exact,2003-03-01T12:00:00,,,exact,2010-09-01T12:00:00,,
349,1344,36,1,,,"page_number_string: 
notes: 
source_full_citation: <p>SP Kanton Bern. (01. September 2010). <em>Parteitag SP Kanton Bern: Neuer Pr&auml;sident: Roland N&auml;f - Bundesratskandidatin: Simonetta Sommaruga</em>. Abgerufen am 07. November 2025 von https://spbe.ch/blog/2010/09/01/parteitag-sp-kanton-bern-neuer-praesident-roland-naef-bundesratskandidatin-simonetta-sommaruga/</p>
source_comment: ",exact,2010-09-01T12:00:00,,,exact,2014-11-05T12:00:00,,
350,1200,36,1,,,"page_number_string: 
notes: 
source_full_citation: <p>SP Kanton Bern. (20. August 2014). <em>Gesch&auml;ftsleitung schl&auml;gt Ursula Marti zur Wahl als neue Pr&auml;sidentin der SP Kanton Bern vor</em>. Abgerufen am 07. November 2025 von https://spbe.ch/blog/2014/08/20/geschaeftsleitung-schlaegt-ursula-marti-zur-wahl-als-neue-praesidentin-der-sp-kanton-bern-vor/</p>
source_comment: ",exact,2014-11-05T12:00:00,,,exact,2018-11-07T12:00:00,,
351,1903,36,1,,,"page_number_string: 
notes: 
source_full_citation: <p>SP Kanton Bern. (19. September 2018). <em>Gesch&auml;ftsleitung nominiert Mirjam Veglio und Ueli Egger als neues Co-Pr&auml;sidium</em>. Abgerufen am 07. November 2025 von https://spbe.ch/blog/2018/09/19/geschaeftsleitung-nominiert-mirjam-veglio-und-ueli-egger-als-neues-co-praesidium/</p>
source_comment: ",exact,2018-11-07T12:00:00,,,exact,2022-11-02T12:00:00,,
352,533,36,1,,,"page_number_string: 
notes: 
source_full_citation: <p>SP Kanton Bern. (19. September 2018). <em>Gesch&auml;ftsleitung nominiert Mirjam Veglio und Ueli Egger als neues Co-Pr&auml;sidium</em>. Abgerufen am 07. November 2025 von https://spbe.ch/blog/2018/09/19/geschaeftsleitung-nominiert-mirjam-veglio-und-ueli-egger-als-neues-co-praesidium/</p>
source_comment: ",exact,2018-11-07T12:00:00,,,exact,2025-03-26T12:00:00,,
353,1842,36,1,,,"page_number_string: 
notes: 
source_full_citation: <p>SP Kanton Bern. (21. September 2022). <em>Anna Tanner und Ueli Egger ins Parteipr&auml;sidium</em>. Abgerufen am 07. November 2025 von https://spbe.ch/blog/2022/09/21/anna-tanner-und-ueli-egger-ins-parteipraesidium/</p>
source_comment: ",exact,2022-11-02T12:00:00,,,exact,2025-03-26T12:00:00,,
354,2135,36,1,,,"page_number_string: 
notes: 
source_full_citation: <p>Walser, B. (27. M&auml;rz 2025). Ihr Beruf f&uuml;hrte sie in die Politik. In <em>Berner Zeitung</em>. Abgerufen am 07. November 2025 von https://essentials.swissdox.ch/</p>
source_comment: ",exact,2025-03-26T12:00:00,,,,,,
355,1646,36,2,,,"page_number_string: 
notes: 
source_full_citation: <p>SP Kanton Bern. (21. Dezember 2023). <em>Zora Schindler ist neue Gesch&auml;ftsf&uuml;hrerin der SP Kanton Bern.</em> Abgerufen am 07. November 2025 von https://spbe.ch/blog/2023/12/21/zora-schindler-ist-neue-geschaeftsfuehrerin-der-sp-kanton-bern/</p>
source_comment: ",exact,2024-03-01T12:00:00,,,,,,
356,1775,36,2,,,"page_number_string: 
notes: 
source_full_citation: <p>SP Kanton Bern. (18. Dezember 2013). <em>Sekretariat SP Kanton Bern: David Stampfli als neuer Gesch&auml;ftsf&uuml;hrer gew&auml;hlt</em>. Abgerufen am 07. November 2025 von https://spbe.ch/blog/2013/12/18/sekretariat-sp-kanton-bern-david-stampfli-als-neuer-geschaeftsfuehrer-gewaehlt/</p>
source_comment: ",exact,2014-04-01T12:00:00,,,exact,2024-03-01T12:00:00,,
357,683,36,2,,"note_translations: languages_code: de-CH
note: Als Quelle dient konkret der Jahresbericht von 2014.","page_number_string: 
notes: 
source_full_citation: <p>SP Kanton Bern. (2025).<em> &Uuml;ber uns.</em>&nbsp;Abgerufen am 07. November 2025 von https://spbe.ch/partei/ueber-uns/</p>
source_comment: ",exact,2007-12-01T12:00:00,,,exact,2014-04-01T12:00:00,,
358,1063,37,1,,,"page_number_string: 
notes: 
source_full_citation: <p><span style=""font-size: 12.0pt; line-height: 115%; font-family: 'Aptos',sans-serif; mso-ascii-theme-font: minor-latin; mso-fareast-font-family: Aptos; mso-fareast-theme-font: minor-latin; mso-hansi-theme-font: minor-latin; mso-bidi-font-family: 'Times New Roman'; mso-bidi-theme-font: minor-bidi; mso-ansi-language: DE-CH; mso-fareast-language: EN-US; mso-bidi-language: AR-SA;"">Ob&eacute;lis. (2025). <em>Base de donn&eacute;es ""&eacute;lites suisses""</em>. Universit&eacute; de Lausanne. http://www.unil.ch/elitessuisses</span></p>
source_comment: ",year,1973-07-01T12:00:00,,,year,1982-07-01T12:00:00,,
359,98,37,1,,,"page_number_string: 
notes: 
source_full_citation: <p>drg. (17. Januar 1996). K&auml;thi Bangerter gibt FDP-Pr&auml;sidium ab. In <em>Der Bund</em>. Abgerufen am 07. November 2025 von https://essentials.swissdox.ch/</p>
source_comment: ",year,1992-07-01T12:00:00,,,exact,1996-05-22T12:00:00,,
360,1573,37,1,,,"page_number_string: 
notes: 
source_full_citation: <p>Straub, D. (23. Mai 1996). &laquo;Keine reine Wirtschaftspartei&raquo;. In <em>Der Bund</em>. Abgerufen am 07. November 2025 von https://essentials.swissdox.ch/</p>
source_comment: ",exact,1996-05-22T12:00:00,,,exact,2002-05-01T12:00:00,,
361,1457,37,1,,,"page_number_string: 
notes: 
source_full_citation: <p>sny.(07. Mai 2002). Noch ein Amt f&uuml;r Rolf Portmann. In <em>Berner Zeitung</em>. Abgerufen am 07. November 2025 von https://essentials.swissdox.ch/</p>
source_comment: ",exact,2002-05-01T12:00:00,,,exact,2004-04-21T12:00:00,,
362,1213,37,1,,,"page_number_string: 
notes: 
source_full_citation: <p>sda. (22. April 2004). Matyassy wird Pr&auml;sident der Berner FDP. In&nbsp;<em>Aargauer Zeitung</em>. Abgerufen am 07. November 2025 von https://essentials.swissdox.ch/</p>
source_comment: ",exact,2004-04-21T12:00:00,,,exact,2010-05-05T12:00:00,,
363,615,37,1,,,"page_number_string: 
notes: 
source_full_citation: <p>Wissmann, R. (06. Mai 2010). Peter Fl&uuml;ck ist neuer Pr&auml;sident der Berner FDP. In <em>Der Bund</em>. Abgerufen am 07. November 2025 von https://essentials.swissdox.ch/</p>
source_comment: 

page_number_string: 
notes: 
source_full_citation: <p>Thomi, S. &amp; Zingg, C. (08. Dezember 2011). &laquo;Wir m&uuml;ssen den Fehler bei uns suchen&raquo;. In <em>Langenthaler Tagblatt</em>. Abgerufen am 07. November 2025 von https://essentials.swissdox.ch/</p>
source_comment: ",exact,2010-05-05T12:00:00,,,exact,2011-12-07T12:00:00,,
364,778,37,1,,,"page_number_string: 
notes: 
source_full_citation: <p>Wissmann, R. (24. Mai 2012). Der neue Coach der FDP&nbsp;will seine Mannschaft auf Trab bringen. In <em>Der Bund</em>. Abgerufen am 07. November 2025 von https://essentials.swissdox.ch/</p>
source_comment: ",exact,2012-05-23T12:00:00,,,exact,2020-08-19T12:00:00,,
365,1076,37,1,,,"page_number_string: 
notes: 
source_full_citation: <p>sda. (20. August 2020). Neuer Kantonalpr&auml;sident bei der FDP&nbsp;Bern. In <em>nau.ch</em>. Abgerufen am 07. November 2025 von https://essentials.swissdox.ch/</p>
source_comment: ",exact,2020-08-19T12:00:00,,,exact,2023-11-23T12:00:00,,
366,870,37,1,,,"page_number_string: 
notes: 
source_full_citation: <p>sda. (25. November 2023). Sandra Hess ist neue FDP-Parteipr&auml;sidentin. In <em>Berner Zeitung</em>. Abgerufen am 07. November 2025 von https://essentials.swissdox.ch/</p>
source_comment: ",exact,2023-11-23T12:00:00,,,,,,
367,1233,34,1,,,"page_number_string: 
notes: 
source_full_citation: <p>Wikipedia. (2025).&nbsp;<em>Hans Meisser</em>. Abgerufen am 11. November 2025 von https://de.wikipedia.org/wiki/Hans_Meisser</p>
source_comment: ",exact,1959-04-05T12:00:00,,,exact,1962-07-02T12:00:00,,
368,1838,34,1,,,"page_number_string: 
notes: 
source_full_citation: <p>Wikipedia. (2025). <em>Landesring der Unabh&auml;ngigen</em>. Abgerufen am 31. Oktober 2025 von https://de.wikipedia.org/wiki/Landesring_der_Unabh%C3%A4ngigen</p>
source_comment: ",exact,1962-07-02T12:00:00,,,year,1973-07-01T12:00:00,,
369,27,34,1,,,"page_number_string: 
notes: 
source_full_citation: <p>Wikipedia. (2025). <em>Landesring der Unabh&auml;ngigen</em>. Abgerufen am 31. Oktober 2025 von https://de.wikipedia.org/wiki/Landesring_der_Unabh%C3%A4ngigen</p>
source_comment: ",year,1973-07-01T12:00:00,,,year,1978-07-01T12:00:00,,
370,171,34,1,,,"page_number_string: 
notes: 
source_full_citation: <p>Wikipedia. (2025). <em>Landesring der Unabh&auml;ngigen</em>. Abgerufen am 31. Oktober 2025 von https://de.wikipedia.org/wiki/Landesring_der_Unabh%C3%A4ngigen</p>
source_comment: ",year,1978-07-01T12:00:00,,,year,1985-07-01T12:00:00,,
371,946,34,1,,,"page_number_string: 
notes: 
source_full_citation: <p>Wikipedia. (2025). <em>Landesring der Unabh&auml;ngigen</em>. Abgerufen am 31. Oktober 2025 von https://de.wikipedia.org/wiki/Landesring_der_Unabh%C3%A4ngigen</p>
source_comment: ",year,1985-07-01T12:00:00,,,year,1992-07-01T12:00:00,,
372,1975,34,1,,,"page_number_string: 
notes: 
source_full_citation: <p>Wikipedia. (2025). <em>Landesring der Unabh&auml;ngigen</em>. Abgerufen am 31. Oktober 2025 von https://de.wikipedia.org/wiki/Landesring_der_Unabh%C3%A4ngigen</p>
source_comment: ",year,1992-07-01T12:00:00,,,exact,1996-06-08T12:00:00,,
373,52,34,1,,,"page_number_string: 
notes: 
source_full_citation: <p>Hotz, S. (10. Juni 1996). Wechsel an LdU-Spitze: Abgang in Sch&ouml;nheit? In&nbsp;<em>Basler Zeitung</em>. Abgerufen am 11. November 2025 von https://essentials.swissdox.ch/</p>
source_comment: ",exact,1996-06-08T12:00:00,,,exact,1999-01-16T12:00:00,,
374,1600,34,1,,,"page_number_string: 
notes: 
source_full_citation: <p>Hotz, S. (18. Januar 1999). Frauenopfer zur Rettung des LdU-Sitzes. In&nbsp;<em>Der Bund</em>. Abgerufen am 11. November 2025 von https://essentials.swissdox.ch/</p>
source_comment: ",exact,1999-01-16T12:00:00,,,exact,1999-12-04T12:00:00,,
375,1517,38,1,,,"page_number_string: 
notes: 
source_full_citation: <p>Mitte Kanton Bern. (27. April 2022).&nbsp;<em>Die Mitte Kanton Bern w&auml;hlt Sibyl Eigenmann und Andr&eacute; Roggli als neues Co-Pr&auml;sidium</em>. Abgerufen am 17. November 2025 von https://be.die-mitte.ch/de/die-mitte-kanton-bern-waehlt-sibyl-eigenmann-und-andre-roggli-als-neues-co-praesidium/</p>
source_comment: ",exact,2022-04-27T12:00:00,,,,,,
376,543,38,1,,,"page_number_string: 
notes: 
source_full_citation: <p>Mitte Kanton Bern. (27. April 2022).&nbsp;<em>Die Mitte Kanton Bern w&auml;hlt Sibyl Eigenmann und Andr&eacute; Roggli als neues Co-Pr&auml;sidium</em>. Abgerufen am 17. November 2025 von https://be.die-mitte.ch/de/die-mitte-kanton-bern-waehlt-sibyl-eigenmann-und-andre-roggli-als-neues-co-praesidium/</p>
source_comment: ",exact,2022-04-27T12:00:00,,,,,,
377,742,38,1,,,"page_number_string: 
notes: 
source_full_citation: <p>Mitte Kanton Bern. (27. April 2022).&nbsp;<em>Die Mitte Kanton Bern w&auml;hlt Sibyl Eigenmann und Andr&eacute; Roggli als neues Co-Pr&auml;sidium</em>. Abgerufen am 17. November 2025 von https://be.die-mitte.ch/de/die-mitte-kanton-bern-waehlt-sibyl-eigenmann-und-andre-roggli-als-neues-co-praesidium/</p>
source_comment: ",exact,2021-03-24T12:00:00,,,exact,2022-04-27T12:00:00,,
378,1081,39,1,,,"page_number_string: 
notes: 
source_full_citation: <p>of. (12. November 1999). Wechsel an der CVP-Spitze. In <em>Der Bund</em>. Abgerufen am 17. November 2025 von https://essentials.swissdox.ch/</p>
source_comment: ",year,1994-07-01T12:00:00,,,exact,2000-02-16T12:00:00,,
379,767,39,1,,,"page_number_string: 
notes: 
source_full_citation: <p>Spiess, R. (22. Februar 2000). Pia Graf-V&ouml;geli neue CVP-Kantonalpr&auml;sidentin. In <em>Solothurner Zeitung</em>. Abgerufen am 17. November 2025 von https://essentials.swissdox.ch/</p>
source_comment: ",exact,2000-02-16T12:00:00,,,exact,2002-05-18T12:00:00,,
380,1368,39,1,,,"page_number_string: 
notes: 
source_full_citation: <p>pd. (18. Mai 2002). Thomas Notter ist CVP-Pr&auml;sident. In <em>Der Bund</em>. Abgerufen am 17. November 2025 von https://essentials.swissdox.ch/</p>
source_comment: ",exact,2002-05-18T12:00:00,,,exact,2008-05-07T12:00:00,,
381,1082,39,1,,,"page_number_string: 
notes: 
source_full_citation: <p>sda. (07. Mai 2008). Valentin Lagger an der Spitze. In <em>Der Bund</em>. Abgerufen am 17. November 2025 von https://essentials.swissdox.ch/</p>
source_comment: ",exact,2008-05-07T12:00:00,,,multiyear,2012-01-01T12:00:00,,
382,1230,39,1,,,"page_number_string: 
notes: 
source_full_citation: <p>pd. (20. August 2013). Neue Pr&auml;sidentin. In <em>Berner Zeitung</em>. Abgerufen am 17. November 2025 von https://essentials.swissdox.ch/</p>
source_comment: ",multiyear,2013-01-01T12:00:00,,,multiyear,2014-01-01T12:00:00,,
383,1420,39,1,,,"page_number_string: 
notes: 
source_full_citation: <p>sda. (20. Dezember 2014). Perina-Werz sieht viel Potenzial in CVP. In <em>Der Bund</em>. Abgerufen am 17. November 2025 von https://essentials.swissdox.ch/</p>
source_comment: ",exact,2014-12-19T12:00:00,,,exact,2017-07-04T12:00:00,,
384,1466,39,1,,"note_translations: languages_code: de-CH
note: ad interim","page_number_string: 
notes: 
source_full_citation: <p>msl/sda. (04. Juli 2017). CVP-Pr&auml;sidentin Alexandra Perina-Werz tritt zur&uuml;ck. In <em>derbund.ch</em>. Abgerufen am 17. November 2025 von https://essentials.swissdox.ch/</p>
source_comment: ",exact,2017-07-04T12:00:00,,,exact,2018-11-01T12:00:00,,
385,561,39,1,,"note_translations: languages_code: de-CH
note: ad interim","page_number_string: 
notes: 
source_full_citation: <p>msl/sda. (04. Juli 2017). CVP-Pr&auml;sidentin Alexandra Perina-Werz tritt zur&uuml;ck. In <em>derbund.ch</em>. Abgerufen am 17. November 2025 von https://essentials.swissdox.ch/</p>
source_comment: ",exact,2017-07-04T12:00:00,,,exact,2018-11-01T12:00:00,,
386,1999,39,1,,,"page_number_string: 
notes: 
source_full_citation: <p>CVP Bern. (01. November 2018).&nbsp;<em>B&eacute;atrice Wertli neue Pr&auml;sidentin CVP Kanton Bern</em>. Abgerufen am 17. November 2025 von https://web.archive.org/web/20191012002019/https://www.cvp-be.ch/2018/11/01/beatrice-wertli-neue-praesidentin-cvp-kanton-bern/</p>
source_comment: ",exact,2018-11-01T12:00:00,,,exact,2021-03-24T12:00:00,,
387,1850,40,1,,,"page_number_string: 
notes: 
source_full_citation: <p>Barben, D. (17. Oktober 2006). &laquo;Den enormen Schwung beibehalten&raquo;. In&nbsp;<em>Der Bund</em>. Abgerufen am 17. November 2025 von https://essentials.swissdox.ch/</p>
source_comment: ",exact,2006-05-15T12:00:00,,,exact,2006-10-17T12:00:00,,
388,1956,40,1,,,"page_number_string: 
notes: 
source_full_citation: <p>Barben, D. (17. Oktober 2006). &laquo;Den enormen Schwung beibehalten&raquo;. In&nbsp;<em>Der Bund</em>. Abgerufen am 17. November 2025 von https://essentials.swissdox.ch/</p>
source_comment: ",exact,2006-05-15T12:00:00,,,exact,2006-10-17T12:00:00,,
389,1721,40,1,,,"page_number_string: 
notes: 
source_full_citation: <p>Barben, D. (17. Oktober 2006). &laquo;Den enormen Schwung beibehalten&raquo;. In&nbsp;<em>Der Bund</em>. Abgerufen am 17. November 2025 von https://essentials.swissdox.ch/</p>
source_comment: ",exact,2006-10-17T12:00:00,,,exact,2009-08-18T12:00:00,,
390,1050,40,1,,,"page_number_string: 
notes: 
source_full_citation: <p>Barben, D. (17. Oktober 2006). &laquo;Den enormen Schwung beibehalten&raquo;. In&nbsp;<em>Der Bund</em>. Abgerufen am 17. November 2025 von https://essentials.swissdox.ch/</p>
source_comment: ",exact,2006-10-17T12:00:00,,,exact,2015-03-10T12:00:00,,
391,1489,40,1,,,"page_number_string: 
notes: 
source_full_citation: <p>sar. (11. M&auml;rz 2015). Imboden und Remund an der Spitze. In&nbsp;<em>Berner Zeitung</em>. Abgerufen am 17. November 2025 von https://essentials.swissdox.ch/</p>
source_comment: ",exact,2015-03-10T12:00:00,,,month,2020-03-15T12:00:00,,
392,929,40,1,,,"page_number_string: 
notes: 
source_full_citation: <p>sar. (11. M&auml;rz 2015). Imboden und Remund an der Spitze. In&nbsp;<em>Berner Zeitung</em>. Abgerufen am 17. November 2025 von https://essentials.swissdox.ch/</p>
source_comment: 

page_number_string: 
notes: 
source_full_citation: <p>Gr&uuml;ne Kanton Bern. (25. Oktober 2022). <em>GR&Uuml;NE w&auml;hlen neues Co-Pr&auml;sidium mit Cyprien Louis und Brigitte Hilty Haller</em>. Abgerufen am 17. November 2025 von https://gruenebern.ch/blog/medienmitteilungen/gruene-waehlen-neues-co-praesidium-mit-cyprien-louis-und-brigitte-hilty-haller</p>
source_comment: ",exact,2015-03-10T12:00:00,,,exact,2022-10-25T12:00:00,,
393,1150,40,1,,,"page_number_string: 
notes: 
source_full_citation: <p>Gr&uuml;ne Kanton Bern. (25. Oktober 2022). <em>GR&Uuml;NE w&auml;hlen neues Co-Pr&auml;sidium mit Cyprien Louis und Brigitte Hilty Haller</em>. Abgerufen am 17. November 2025 von https://gruenebern.ch/blog/medienmitteilungen/gruene-waehlen-neues-co-praesidium-mit-cyprien-louis-und-brigitte-hilty-haller</p>
source_comment: ",exact,2022-10-25T12:00:00,,,,,,
394,877,40,1,,,"page_number_string: 
notes: 
source_full_citation: <p>Gr&uuml;ne Kanton Bern. (25. Oktober 2022). <em>GR&Uuml;NE w&auml;hlen neues Co-Pr&auml;sidium mit Cyprien Louis und Brigitte Hilty Haller</em>. Abgerufen am 17. November 2025 von https://gruenebern.ch/blog/medienmitteilungen/gruene-waehlen-neues-co-praesidium-mit-cyprien-louis-und-brigitte-hilty-haller</p>
source_comment: ",exact,2022-10-25T12:00:00,,,,,,
395,1922,41,1,,,"page_number_string: 
notes: 
source_full_citation: <p>sda. (19. Februar 2000). Freie Liste sucht Pr&auml;sidentin. In&nbsp;<em>Solothurner Zeitung</em>. Abgerufen am 17. November 2025 von https://essentials.swissdox.ch/</p>
source_comment: ",year,1994-07-01T12:00:00,,,exact,2000-06-15T12:00:00,,
396,1828,41,1,,,"page_number_string: 
notes: 
source_full_citation: <p>sda. (22. September 2000). Gr&uuml;ne Freie Liste Kanton Bern w&auml;hlt Ueli St&uuml;ckelberger. In&nbsp;<em>Solothurner Zeitung</em>. Abgerufen am 17. November 2025 von https://essentials.swissdox.ch/</p>
source_comment: ",exact,2000-09-20T12:00:00,,,exact,2003-01-21T12:00:00,,
397,871,41,1,,,"page_number_string: 
notes: 
source_full_citation: <p>Brand, C. (22. Januar 2003). Zweierteam an GFL-Spitze. In <em>Der Bund</em>. Abgerufen am 17. November 2025 von https://essentials.swissdox.ch/</p>
source_comment: 

page_number_string: 
notes: 
source_full_citation: <p>sda. (05. September 2005). GFL Johanna W&auml;lti ist alleine Kantonal-Pr&auml;sidentin. In <em>Berner Rundschau</em>. Abgerufen am 17. November 2025 von https://essentials.swissdox.ch/</p>
source_comment: ",exact,2003-01-21T12:00:00,,,exact,2005-07-31T12:00:00,,
398,1956,41,1,,,"page_number_string: 
notes: 
source_full_citation: <p>Brand, C. (22. Januar 2003). Zweierteam an GFL-Spitze. In <em>Der Bund</em>. Abgerufen am 17. November 2025 von https://essentials.swissdox.ch/</p>
source_comment: 

page_number_string: 
notes: 
source_full_citation: <p>sda. (05. September 2005). GFL Johanna W&auml;lti ist alleine Kantonal-Pr&auml;sidentin. In <em>Berner Rundschau</em>. Abgerufen am 17. November 2025 von https://essentials.swissdox.ch/</p>
source_comment: ",exact,2003-01-21T12:00:00,,,exact,2006-05-15T12:00:00,,
399,1574,42,1,,"note_translations: languages_code: de-CH
note: Amt wurde hier erst eingeführt.","page_number_string: 
notes: 
source_full_citation: <p>sda. (18. September 2001). Regula Rytz ist die erste Pr&auml;sidentin. In <em>Der Bund</em>.&nbsp;</p>
source_comment: ",exact,2001-09-19T12:00:00,,,exact,2005-10-19T12:00:00,,
400,1850,42,1,,,"page_number_string: 
notes: 
source_full_citation: <p>Barben, D. (21. Oktober 2005). Teuscher will Einfluss gewinnen. In <em>Der Bund</em>.&nbsp;</p>
source_comment: ",exact,2005-10-19T12:00:00,,,exact,2006-05-15T12:00:00,,
401,935,46,1,,"note_translations: languages_code: de-CH
note: ad interim","page_number_string: 
notes: 
source_full_citation: <p>Regli, S. (09. Oktober 2007). Ein zartgr&uuml;nes Pfl&auml;nzchen. In <em>Der Bund</em>. Abgerufen am 24. November 2025 von https://essentials.swissdox.ch/</p>
source_comment: ",exact,2007-09-25T12:00:00,,,exact,2008-04-28T12:00:00,,
402,616,46,1,,,"page_number_string: 
notes: 
source_full_citation: <p>uz. (30. April 2008). Zwei Oberaargauer im Vorstand. In <em>Solothurner Zeitung</em>. Abgerufen am 24. November 2025 von https://essentials.swissdox.ch/</p>
source_comment: ",exact,2008-04-28T12:00:00,,,exact,2010-10-25T12:00:00,,
403,1605,46,1,,,"page_number_string: 
notes: 
source_full_citation: <p>sda. (28. April 2010). Neuer Ko-Pr&auml;sident der kantonalen GLP. In <em>Der Bund</em>. Abgerufen am 24. November 2025 von https://essentials.swissdox.ch/</p>
source_comment: ",exact,2010-04-26T12:00:00,,,exact,2012-09-12T12:00:00,,
404,1695,46,1,,,"page_number_string: 
notes: 
source_full_citation: <p>pd. (27. Oktober 2010). Gr&uuml;nliberale haben neues Co-Pr&auml;sidium. In&nbsp;<em>Der Bund</em>. Abgerufen am 24. November 2025 von https://essentials.swissdox.ch/</p>
source_comment: ",exact,2010-10-25T12:00:00,,,exact,2016-05-10T12:00:00,,
405,1042,46,1,,,"page_number_string: 
notes: 
source_full_citation: <p>pd. (27. Oktober 2010). Gr&uuml;nliberale haben neues Co-Pr&auml;sidium. In&nbsp;<em>Der Bund</em>. Abgerufen am 24. November 2025 von https://essentials.swissdox.ch/</p>
source_comment: ",exact,2010-10-25T12:00:00,,,exact,2016-05-10T12:00:00,,
406,784,46,1,,,"page_number_string: 
notes: 
source_full_citation: <p>sda. (15. September 2012). Gr&uuml;nliberale mit neuem Co-Pr&auml;sidenten. In <em>Der Bund</em>. Abgerufen am 24. November 2025 von https://essentials.swissdox.ch/</p>
source_comment: ",exact,2012-09-12T12:00:00,,,exact,2016-05-10T12:00:00,,
407,804,46,1,,,"page_number_string: 
notes: 
source_full_citation: <p>Schmid, A. (10. Mai 2016). Neue GLP-Chefin h&auml;lt Abstand zu den Mitteparteien. In <em>Der Bund</em>. Abgerufen am 24. November 2025 von https://essentials.swissdox.ch/</p>
source_comment: ",exact,2016-05-10T12:00:00,,,exact,2018-08-21T12:00:00,,
408,1918,46,1,,,"page_number_string: 
notes: 
source_full_citation: <p>sda. (22. August 2018). Von Arx ist neuer Pr&auml;sident der GLP Kanton Bern. In <em>nau.ch</em>. Abgerufen am 24. November 2025 von https://essentials.swissdox.ch/</p>
source_comment: ",exact,2018-08-21T12:00:00,,,,,,
409,1303,47,1,,,"page_number_string: 
notes: 
source_full_citation: <p>EVP Kanton Bern. (2021). <em>Die Anf&auml;nge der EVP: Erfolgreicher Start und langer Atem</em>. Abgerufen am 24. November 2025 von https://www.evp-be.ch/fileadmin/user_upload/bern/PDF/Geschichte/Geschichte_EVP_BE_Anfaenge.pdf</p>
source_comment: ",exact,1921-01-29T12:00:00,,,year,1930-07-01T12:00:00,,
410,850,47,1,,,"page_number_string: 
notes: 
source_full_citation: <p>EVP Kanton Bern. (2021). <em>Die Anf&auml;nge der EVP: Erfolgreicher Start und langer Atem</em>. Abgerufen am 24. November 2025 von https://www.evp-be.ch/fileadmin/user_upload/bern/PDF/Geschichte/Geschichte_EVP_BE_Anfaenge.pdf</p>
source_comment: ",year,1930-07-01T12:00:00,,,year,1934-07-01T12:00:00,,
411,1643,47,1,,,"page_number_string: 
notes: 
source_full_citation: <p>EVP Kanton Bern. (2021). <em>Die Anf&auml;nge der EVP: Erfolgreicher Start und langer Atem</em>. Abgerufen am 24. November 2025 von https://www.evp-be.ch/fileadmin/user_upload/bern/PDF/Geschichte/Geschichte_EVP_BE_Anfaenge.pdf</p>
source_comment: ",year,1934-07-01T12:00:00,,,year,1936-07-01T12:00:00,,
412,1622,47,1,,,"page_number_string: 
notes: 
source_full_citation: <p>EVP Kanton Bern. (2021). <em>Die Anf&auml;nge der EVP: Erfolgreicher Start und langer Atem</em>. Abgerufen am 24. November 2025 von https://www.evp-be.ch/fileadmin/user_upload/bern/PDF/Geschichte/Geschichte_EVP_BE_Anfaenge.pdf</p>
source_comment: ",year,1936-07-01T12:00:00,,,year,1937-07-01T12:00:00,,
413,806,47,1,,,"page_number_string: 
notes: 
source_full_citation: <p>EVP Kanton Bern. (2021). <em>Die Anf&auml;nge der EVP: Erfolgreicher Start und langer Atem</em>. Abgerufen am 24. November 2025 von https://www.evp-be.ch/fileadmin/user_upload/bern/PDF/Geschichte/Geschichte_EVP_BE_Anfaenge.pdf</p>
source_comment: ",year,1937-07-01T12:00:00,,,year,1939-07-01T12:00:00,,
414,373,47,1,,,"page_number_string: 
notes: 
source_full_citation: <p>EVP Kanton Bern. (2021). <em>Die Anf&auml;nge der EVP: Erfolgreicher Start und langer Atem</em>. Abgerufen am 24. November 2025 von https://www.evp-be.ch/fileadmin/user_upload/bern/PDF/Geschichte/Geschichte_EVP_BE_Anfaenge.pdf</p>
source_comment: ",year,1939-07-01T12:00:00,,,year,1942-07-01T12:00:00,,
415,1166,47,1,,,"page_number_string: 
notes: 
source_full_citation: <p>EVP Kanton Bern. (2021). <em>Die Anf&auml;nge der EVP: Erfolgreicher Start und langer Atem</em>. Abgerufen am 24. November 2025 von https://www.evp-be.ch/fileadmin/user_upload/bern/PDF/Geschichte/Geschichte_EVP_BE_Anfaenge.pdf</p>
source_comment: ",year,1942-07-01T12:00:00,,,year,1943-07-01T12:00:00,,
416,445,47,1,,,"page_number_string: 
notes: 
source_full_citation: <p>EVP Kanton Bern. (2021). <em>Die Anf&auml;nge der EVP: Erfolgreicher Start und langer Atem</em>. Abgerufen am 24. November 2025 von https://www.evp-be.ch/fileadmin/user_upload/bern/PDF/Geschichte/Geschichte_EVP_BE_Anfaenge.pdf</p>
source_comment: ",year,1944-07-01T12:00:00,,,year,1948-07-01T12:00:00,,
417,746,47,1,,,"page_number_string: 
notes: 
source_full_citation: <p>EVP Kanton Bern. (2021). <em>Die Anf&auml;nge der EVP: Erfolgreicher Start und langer Atem</em>. Abgerufen am 24. November 2025 von https://www.evp-be.ch/fileadmin/user_upload/bern/PDF/Geschichte/Geschichte_EVP_BE_Anfaenge.pdf</p>
source_comment: ",year,1948-07-01T12:00:00,,,year,1952-07-01T12:00:00,,
418,2093,47,1,,,"page_number_string: 
notes: 
source_full_citation: <p>EVP Kanton Bern. (2021). <em>Die Anf&auml;nge der EVP: Erfolgreicher Start und langer Atem</em>. Abgerufen am 24. November 2025 von https://www.evp-be.ch/fileadmin/user_upload/bern/PDF/Geschichte/Geschichte_EVP_BE_Anfaenge.pdf</p>
source_comment: ",year,1952-07-01T12:00:00,,,year,1955-07-01T12:00:00,,
419,1810,47,1,,,"page_number_string: 
notes: 
source_full_citation: <p>EVP Kanton Bern. (2021). <em>Die Anf&auml;nge der EVP: Erfolgreicher Start und langer Atem</em>. Abgerufen am 24. November 2025 von https://www.evp-be.ch/fileadmin/user_upload/bern/PDF/Geschichte/Geschichte_EVP_BE_Anfaenge.pdf</p>
source_comment: ",year,1955-07-01T12:00:00,,,year,1962-07-01T12:00:00,,
420,1060,47,1,,,"page_number_string: 
notes: 
source_full_citation: <p>EVP Kanton Bern. (2021). <em>Die Anf&auml;nge der EVP: Erfolgreicher Start und langer Atem</em>. Abgerufen am 24. November 2025 von https://www.evp-be.ch/fileadmin/user_upload/bern/PDF/Geschichte/Geschichte_EVP_BE_Anfaenge.pdf</p>
source_comment: ",year,1962-07-01T12:00:00,,,year,1978-07-01T12:00:00,,
421,2093,47,1,,,"page_number_string: 
notes: 
source_full_citation: <p>EVP Kanton Bern. (2021). <em>Die Anf&auml;nge der EVP: Erfolgreicher Start und langer Atem</em>. Abgerufen am 24. November 2025 von https://www.evp-be.ch/fileadmin/user_upload/bern/PDF/Geschichte/Geschichte_EVP_BE_Anfaenge.pdf</p>
source_comment: ",year,1978-07-01T12:00:00,,,year,1984-07-01T12:00:00,,
422,966,47,1,,,"page_number_string: 
notes: 
source_full_citation: <p>EVP Kanton Bern. (2021). <em>Die Anf&auml;nge der EVP: Erfolgreicher Start und langer Atem</em>. Abgerufen am 24. November 2025 von https://www.evp-be.ch/fileadmin/user_upload/bern/PDF/Geschichte/Geschichte_EVP_BE_Anfaenge.pdf</p>
source_comment: ",year,1984-07-01T12:00:00,,,year,1989-07-01T12:00:00,,
423,712,47,1,,,"page_number_string: 
notes: 
source_full_citation: <p>EVP Kanton Bern. (2021). <em>Die Anf&auml;nge der EVP: Erfolgreicher Start und langer Atem</em>. Abgerufen am 24. November 2025 von https://www.evp-be.ch/fileadmin/user_upload/bern/PDF/Geschichte/Geschichte_EVP_BE_Anfaenge.pdf</p>
source_comment: ",year,1989-07-01T12:00:00,,,year,1991-07-01T12:00:00,,
424,1492,47,1,,,"page_number_string: 
notes: 
source_full_citation: <p>EVP Kanton Bern. (2021). <em>Die Anf&auml;nge der EVP: Erfolgreicher Start und langer Atem</em>. Abgerufen am 24. November 2025 von https://www.evp-be.ch/fileadmin/user_upload/bern/PDF/Geschichte/Geschichte_EVP_BE_Anfaenge.pdf</p>
source_comment: ",year,1991-07-01T12:00:00,,,exact,1998-05-28T12:00:00,,
425,173,47,1,,,"page_number_string: 
notes: 
source_full_citation: <p>pd. (28. Mai 1998). EVP: Bieri ist neuer Kantonalpr&auml;sident. In <em>Der Bund</em>. Abgerufen am 24. November 2025 von https://essentials.swissdox.ch/</p>
source_comment: ",exact,1998-05-28T12:00:00,,,exact,2005-03-19T12:00:00,,
426,435,47,1,,,"page_number_string: 
notes: 
source_full_citation: <p>ktn. (21. M&auml;rz 2005). Heinz D&auml;twyler ist neuer EVP-Pr&auml;sident. In <em>Der Bund</em>. Abgerufen am 24. November 2025 von https://essentials.swissdox.ch/</p>
source_comment: 

page_number_string: 
notes: 
source_full_citation: <p>pkb. (19. Dezember 2006). Parteipr&auml;sident tritt zur&uuml;ck. In <em>Der Bund</em>. Abgerufen am 24. November 2025 von https://essentials.swissdox.ch/</p>
source_comment: ",exact,2005-03-19T12:00:00,,,exact,2006-12-18T12:00:00,,
427,1957,47,1,,"note_translations: languages_code: de-CH
note: ad interim","page_number_string: 
notes: 
source_full_citation: <p>drh. (17. Oktober 2008). Baumgartner an der Spitze. In <em>Berner Zeitung</em>. Abgerufen am 24. November 2025 von https://essentials.swissdox.ch/</p>
source_comment: ",exact,2006-12-18T12:00:00,,,exact,2008-10-16T12:00:00,,
428,979,47,1,,"note_translations: languages_code: de-CH
note: ad interim","page_number_string: 
notes: 
source_full_citation: <p>drh. (17. Oktober 2008). Baumgartner an der Spitze. In <em>Berner Zeitung</em>. Abgerufen am 24. November 2025 von https://essentials.swissdox.ch/</p>
source_comment: ",exact,2006-12-18T12:00:00,,,exact,2008-10-16T12:00:00,,
429,125,47,1,,,"page_number_string: 
notes: 
source_full_citation: <p>drh. (17. Oktober 2008). Baumgartner an der Spitze. In <em>Berner Zeitung</em>. Abgerufen am 24. November 2025 von https://essentials.swissdox.ch/</p>
source_comment: ",exact,2008-10-16T12:00:00,,,exact,2012-05-23T12:00:00,,
430,1138,47,1,,"note_translations: languages_code: de-CH
note: ad interim","page_number_string: 
notes: 
source_full_citation: <p>sda/db. (11. M&auml;rz 2013). Christine Schnegg f&uuml;hrt nun die EVP des Kantons Bern. In <em>Der Bund</em>. Abgerufen am 24. November 2025 von https://essentials.swissdox.ch/</p>
source_comment: ",exact,2012-05-23T12:00:00,,,exact,2013-03-09T12:00:00,,
431,1672,47,1,,"note_translations: languages_code: de-CH
note: Zwischen Mai 2012 und März 2013 interimistisch.","page_number_string: 
notes: 
source_full_citation: <p>sda/db. (11. M&auml;rz 2013). Christine Schnegg f&uuml;hrt nun die EVP des Kantons Bern. In <em>Der Bund</em>. Abgerufen am 24. November 2025 von https://essentials.swissdox.ch/</p>
source_comment: ",exact,2012-05-23T12:00:00,,,exact,2023-05-01T12:00:00,,
432,1811,47,1,,,"page_number_string: 
notes: 
source_full_citation: <p>EVP Kanton Bern. (01. Mai 2023). <em>Barbara Stotzer-Wyss ist neue Pr&auml;sidentin der EVP BE</em>. Abgerufen am 24. November 2025 von https://www.evp-be.ch/newsartikel/barbara-stotzer-wyss-ist-neue-praesidentin-der-evp-be</p>
source_comment: ",exact,2023-05-01T12:00:00,,,,,,
433,172,47,2,,,"page_number_string: 
notes: 
source_full_citation: <p>EVP Kanton Bern. (2021). <em>Die Anf&auml;nge der EVP: Erfolgreicher Start und langer Atem</em>. Abgerufen am 24. November 2025 von https://www.evp-be.ch/fileadmin/user_upload/bern/PDF/Geschichte/Geschichte_EVP_BE_Anfaenge.pdf</p>
source_comment: ",year,1997-07-01T12:00:00,,,month,1999-09-15T12:00:00,,
434,1820,47,2,,,"page_number_string: 
notes: 
source_full_citation: <p>EVP Kanton Bern. (2021). <em>Die Anf&auml;nge der EVP: Erfolgreicher Start und langer Atem</em>. Abgerufen am 24. November 2025 von https://www.evp-be.ch/fileadmin/user_upload/bern/PDF/Geschichte/Geschichte_EVP_BE_Anfaenge.pdf</p>
source_comment: ",month,1999-09-15T12:00:00,,,unknown,2000-01-01T12:00:00,,
435,1138,47,2,,,"page_number_string: 
notes: 
source_full_citation: <p>EVP Kanton Bern. (2025).&nbsp;<em>Die Gesch&auml;ftsleitung</em>. Abgerufen am 24. November 2025 von https://www.evp-be.ch/menschen/geschaeftsleitung</p>
source_comment: ",year,2000-07-01T12:00:00,,,,,,
436,1247,47,2,,,"page_number_string: 
notes: 
source_full_citation: <p>EVP Kanton Bern. (2025).&nbsp;<em>Die Gesch&auml;ftsleitung</em>. Abgerufen am 24. November 2025 von https://www.evp-be.ch/menschen/geschaeftsleitung</p>
source_comment: ",unknown,2020-01-01T12:00:00,,,,,,
437,1634,48,1,,,"page_number_string: 
notes: 
source_full_citation: <p>EDU Schweiz. (2025). <em>Abschied - Werner Scherrer ist heimgegangen</em>. Abgerufen am 24. November 2025 von https://www.edu-schweiz.ch/aktuelles/neuigkeiten/abschied/</p>
source_comment: ",year,1982-07-01T12:00:00,,,year,1992-07-01T12:00:00,,
438,1681,48,1,,,"page_number_string: 
notes: 
source_full_citation: <p>mgt. (22. Januar 2008). EDU: Pr&auml;sident gesucht. In <em>Berner Zeitung</em>. Abgerufen am 24. November 2025 von https://essentials.swissdox.ch/</p>
source_comment: ",unknown,1998-01-01T12:00:00,,,exact,2008-04-25T12:00:00,,
439,223,48,1,,,"page_number_string: 
notes: 
source_full_citation: <p>mgt/sat. (07. Mai 2008). Peter Bonsack ist neuer EDU-Pr&auml;si. In <em>Berner Rundschau</em>. Abgerufen am 24. November 2025 von https://essentials.swissdox.ch/</p>
source_comment: ",exact,2008-04-25T12:00:00,,,exact,2020-06-29T12:00:00,,
440,347,48,1,,,"page_number_string: 
notes: 
source_full_citation: <p>Pressedienst EDU Kanton Bern. (02. Juli 2020). Neuer Pr&auml;sident f&uuml;r die EDU. In <em>Frutigl&auml;nder</em>. Abgerufen am 24. November 2025 von https://essentials.swissdox.ch/</p>
source_comment: ",exact,2020-06-29T12:00:00,,,,,,
441,1738,49,1,,,"page_number_string: 
notes: 
source_full_citation: <p>sda. (23. Juni 2008). Von k&uuml;nftigem Erfolg &uuml;berzeugt. In <em>Z&uuml;richsee-Zeitung</em>. Abgerufen am 24. November 2025 von https://essentials.swissdox.ch/</p>
source_comment: ",exact,2008-06-21T12:00:00,,,exact,2010-05-17T12:00:00,,
442,698,49,1,,,"page_number_string: 
notes: 
source_full_citation: <p>sda. (18. Mai 2010). BDP w&auml;hlt Gasche zum Pr&auml;sidenten. In <em>Berner Zeitung</em>. Abgerufen am 24. November 2025 von https://essentials.swissdox.ch/</p>
source_comment: ",exact,2010-05-17T12:00:00,,,exact,2011-04-01T12:00:00,,
443,1123,49,1,,"note_translations: languages_code: de-CH
note: ad interim","page_number_string: 
notes: 
source_full_citation: <p>sda. (25. Mai 2011). Berner BDP&nbsp;will im November neuen Pr&auml;sidenten w&auml;hlen. In <em>Der Bund</em>. Abgerufen am 24. November 2025 von https://essentials.swissdox.ch/</p>
source_comment: ",exact,2011-04-01T12:00:00,,,exact,2012-02-01T12:00:00,,
444,1731,49,1,,,"page_number_string: 
notes: 
source_full_citation: <p>Utz, B. (03. Februar 2012). Heinz Siegenthaler &uuml;bernimmt. In <em>Grenchner Tagblatt</em>. Abgerufen am 24. November 2025 von https://essentials.swissdox.ch/</p>
source_comment: ",exact,2012-02-01T12:00:00,,,exact,2015-10-28T12:00:00,,
445,1202,49,1,,,"page_number_string: 
notes: 
source_full_citation: <p>Rutschi, S. (29. Oktober 2015). Enea Martinelli ist der neue Pr&auml;sident der Berner BDP. In <em>Berner Zeitung</em>. Abgerufen am 24. November 2025 von https://essentials.swissdox.ch/</p>
source_comment: ",exact,2015-10-28T12:00:00,,,exact,2018-09-05T12:00:00,,
446,742,49,1,,,"page_number_string: 
notes: 
source_full_citation: <p>sda. (06. September 2018). Jan Gn&auml;gi ist neuer BDP-Pr&auml;sident. In <em>Der Bund</em>. Abgerufen am 24. November 2025 von https://essentials.swissdox.ch/</p>
source_comment: ",exact,2018-09-05T12:00:00,,,exact,2021-03-24T12:00:00,,
447,2136,52,1,,,"page_number_string: 36
notes: 
source_full_citation: <p>Junker, B. (1996). <em>Geschichte des Kantons Bern seit 1798. Band 3, Tradition und Aufbruch 1881-1995</em>. Historischer Verein des Kantons Bern.</p>
source_comment: ",year,1891-07-01T12:00:00,,,exact,1908-07-27T12:00:00,,
448,2137,53,1,,,"page_number_string: 
notes: 
source_full_citation: <p>Rinderknecht, M. (2025).<em> Ausgew&auml;hlte Beitr&auml;ge zur Schweizer Politik: interne parteipolitische Schwierigkeiten beim LdU 1990, 1990</em>. Ann&eacute;e Politique Suisse. Abgerufen am 01. Dezember 2025 von https://anneepolitique.swiss/prozesse/53134-interne-parteipolitische-schwierigkeiten-beim-ldu-1990</p>
source_comment: ",unknown,1986-01-01T12:00:00,,,year,1990-07-01T12:00:00,,
449,52,53,1,,,"page_number_string: 
notes: 
source_full_citation: <p>Lb. (01. M&auml;rz 1995). Ein Parteiwinzling rudert, um zu &uuml;berleben. In <em>Der Bund</em>. Abgerufen am 01. Dezember 2025 von https://essentials.swissdox.ch/</p>
source_comment: ",multiyear,1995-01-01T12:00:00,,,unknown,1999-01-01T12:00:00,,
450,566,54,1,,,"page_number_string: 
notes: 
source_full_citation: <p>SVP Kanton Luzern. (2005). <em>Geschichte der SVP des Kantons Luzern</em>. Abgerufen am 04. Dezember 2025 von https://web.archive.org/web/20050210190720/https://www.svp-lu.ch/</p>
source_comment: ",exact,1992-04-30T12:00:00,,,exact,2000-01-25T12:00:00,,
451,1020,54,1,,,"page_number_string: 
notes: 
source_full_citation: <p>Moos, H. (27. Januar 2000). Schlanke Strukturen &shy; sofern es passt. In <em>Neue Luzerner Zeitung</em>. Abgerufen am 04. Dezember 2025 von https://essentials.swissdox.ch/</p>
source_comment: ",exact,2000-01-25T12:00:00,,,exact,2001-02-08T12:00:00,,
452,1338,54,1,,,"page_number_string: 
notes: 
source_full_citation: <p>tob. (29. September 2004). Luzerns SVP-Chef muss abtreten. In <em>Tages-Anzeiger</em>. Abgerufen am 04. Dezember 2025 von https://essentials.swissdox.ch/</p>
source_comment: 

page_number_string: 
notes: 
source_full_citation: <p>gf. (10. Februar 2001). Entlebucher gefrustet. In&nbsp;<em>Neue Luzerner Zeitung</em>. Abgerufen am 04. Dezember 2025 von https://essentials.swissdox.ch/</p>
source_comment: ",exact,2001-02-08T12:00:00,,,exact,2004-09-30T12:00:00,,
453,1061,54,1,,"note_translations: languages_code: de-CH
note: ad interim","page_number_string: 
notes: 
source_full_citation: <p>tob. (29. September 2004). Luzerns SVP-Chef muss abtreten. In <em>Tages-Anzeiger</em>. Abgerufen am 04. Dezember 2025 von https://essentials.swissdox.ch/</p>
source_comment: ",exact,2004-09-30T12:00:00,,,exact,2005-05-18T12:00:00,,
454,1098,54,1,,,"page_number_string: 
notes: 
source_full_citation: <p>T&ouml;ns, A. (19. Mai 2005). Otto Laubacher will die Pole zusammenhalten. In <em>Neue Luzerner Zeitung</em>.&nbsp;</p>
source_comment: ",exact,2005-05-18T12:00:00,,,exact,2008-05-15T12:00:00,,
455,569,54,1,,,"page_number_string: 
notes: 
source_full_citation: <p>T&ouml;ns, A. (16. Mai 2008). Jetzt f&uuml;hrt Estermann die SVP. In <em>Neue Luzerner Zeitung</em>. Abgerufen am 04. Dezember 2025 von https://essentials.swissdox.ch/</p>
source_comment: ",exact,2008-05-15T12:00:00,,,exact,2009-03-20T12:00:00,,
456,1061,54,1,,,"page_number_string: 
notes: 
source_full_citation: <p>Wikipedia. (2025). <em>Josef Kunz (Politiker)</em>. Abgerufen am 04. Dezember 2025 von https://de.wikipedia.org/wiki/Josef_Kunz_(Politiker)</p>
source_comment: ",exact,2009-03-20T12:00:00,,,exact,2012-05-10T12:00:00,,
457,787,54,1,,,"page_number_string: 
notes: 
source_full_citation: <p>Calivers, S. (11. Mai 2012). Integration oder Isolation. In&nbsp;<em>Willisauer Bote</em>. Abgerufen am 04. Dezember 2025 von https://essentials.swissdox.ch/</p>
source_comment: ",exact,2012-05-10T12:00:00,,,exact,2017-06-01T12:00:00,,
458,1165,54,1,,,"page_number_string: 
notes: 
source_full_citation: <p>SVP Kanton Luzern. (02. Juni 2017). <em>Die W&uuml;rfel sind gefallen - Angela L&uuml;thold-Sidler ist neue Pr&auml;sidentin</em>. Abgerufen am 04. Dezember 2025 von https://www.svp-lu.ch/artikel/die-wuerfel-sind-gefallen-angela-luethold-sidler-ist-neue-praesidentin/</p>
source_comment: ",exact,2017-06-01T12:00:00,,,exact,2024-05-23T12:00:00,,
459,2004,54,1,,,"page_number_string: 
notes: 
source_full_citation: <p>SVP Kanton Luzern. (24. Mai 2024). <em>Medienmitteilung: Martin Wicki ist neuer Pr&auml;sident</em>. Abgerufen am 04. Dezember 2025 von https://www.svp-lu.ch/medienmitteilungen/medienmitteilung-generalversammlung-svp-kanton-luzern/</p>
source_comment: ",exact,2024-05-23T12:00:00,,,,,,
460,1658,55,1,,,"page_number_string: 
notes: 
source_full_citation: <p>scd. (10. September 2008). Der SP-Stadtrat Markus Schmid tritt zur&uuml;ck. In <em>Luzerner Zeitung</em>. Abgerufen am 05. Dezember 2025 von https://www.luzernerzeitung.ch/zentralschweiz/luzern/politik-der-sp-stadtrat-markus-schmid-tritt-zurueck-ld.29873</p>
source_comment: ",year,1997-07-01T12:00:00,,,exact,2001-03-17T12:00:00,,
461,822,55,1,,,"page_number_string: 
notes: 
source_full_citation: <p>Vogt, B. (19. M&auml;rz 2001). SP in der Defensive. In <em>Neue Luzerner Zeitung</em>. Abgerufen am 05. Dezember 2025 von https://essentials.swissdox.ch/</p>
source_comment: ",exact,2001-03-17T12:00:00,,,exact,2009-03-21T12:00:00,,
462,470,55,1,,,"page_number_string: 
notes: 
source_full_citation: <p>Vogt, B. (19. M&auml;rz 2001). SP in der Defensive. In <em>Neue Luzerner Zeitung</em>. Abgerufen am 05. Dezember 2025 von https://essentials.swissdox.ch/</p>
source_comment: ",exact,2001-03-17T12:00:00,,,exact,2009-03-21T12:00:00,,
463,2080,55,1,,,"page_number_string: 
notes: 
source_full_citation: <p>Oswald, T. (22. M&auml;rz 2009). &laquo;Tiefere Steuern schaffen keine Jobs&raquo;. In <em>Zentralschweiz am Sonntag</em>. Abgerufen am 05. Dezember 2025 von https://essentials.swissdox.ch/</p>
source_comment: ",exact,2009-03-21T12:00:00,,,exact,2015-03-01T12:00:00,,
464,687,55,1,,"note_translations: languages_code: de-CH
note: ad interim","page_number_string: 
notes: 
source_full_citation: <p>red. (01. M&auml;rz 2015). Prisca Birrer-Heimo nominiert. In <em>Zentralschweiz am Sonntag</em>. Abgerufen am 05. Dezember 2025 von https://essentials.swissdox.ch/</p>
source_comment: ",exact,2015-03-01T12:00:00,,,exact,2015-06-13T12:00:00,,
465,1524,55,1,,,"page_number_string: 
notes: 
source_full_citation: <p>sda. (15. Juni 2015). David Roth neuer Pr&auml;sident der SP des Kantons Luzern. In&nbsp;<em>Zofinger Tagblatt</em>. Abgerufen am 05. Dezember 2025 von https://essentials.swissdox.ch/</p>
source_comment: ",exact,2015-06-13T12:00:00,,,,,,
466,1730,56,1,,,"page_number_string: 
notes: 
source_full_citation: <p><span style=""font-size: 12.0pt; line-height: 115%; font-family: 'Aptos',sans-serif; mso-ascii-theme-font: minor-latin; mso-fareast-font-family: Aptos; mso-fareast-theme-font: minor-latin; mso-hansi-theme-font: minor-latin; mso-bidi-font-family: 'Times New Roman'; mso-bidi-theme-font: minor-bidi; mso-ansi-language: DE-CH; mso-fareast-language: EN-US; mso-bidi-language: AR-SA;"">Ob&eacute;lis. (2025). <em>Base de donn&eacute;es ""&eacute;lites suisses""</em>. Universit&eacute; de Lausanne. http://www.unil.ch/elitessuisses</span></p>
source_comment: ",year,1907-07-01T12:00:00,,,year,1919-07-01T12:00:00,,
467,2002,56,1,,,"page_number_string: 
notes: 
source_full_citation: <p><span style=""font-size: 12.0pt; line-height: 115%; font-family: 'Aptos',sans-serif; mso-ascii-theme-font: minor-latin; mso-fareast-font-family: Aptos; mso-fareast-theme-font: minor-latin; mso-hansi-theme-font: minor-latin; mso-bidi-font-family: 'Times New Roman'; mso-bidi-theme-font: minor-bidi; mso-ansi-language: DE-CH; mso-fareast-language: EN-US; mso-bidi-language: AR-SA;"">Ob&eacute;lis. (2025). <em>Base de donn&eacute;es ""&eacute;lites suisses""</em>. Universit&eacute; de Lausanne. http://www.unil.ch/elitessuisses</span></p>
source_comment: ",year,1929-07-01T12:00:00,,,year,1940-07-01T12:00:00,,
468,292,56,1,,,"page_number_string: 
notes: 
source_full_citation: <p><span style=""font-size: 12.0pt; line-height: 115%; font-family: 'Aptos',sans-serif; mso-ascii-theme-font: minor-latin; mso-fareast-font-family: Aptos; mso-fareast-theme-font: minor-latin; mso-hansi-theme-font: minor-latin; mso-bidi-font-family: 'Times New Roman'; mso-bidi-theme-font: minor-bidi; mso-ansi-language: DE-CH; mso-fareast-language: EN-US; mso-bidi-language: AR-SA;"">Ob&eacute;lis. (2025). <em>Base de donn&eacute;es ""&eacute;lites suisses""</em>. Universit&eacute; de Lausanne. http://www.unil.ch/elitessuisses</span></p>
source_comment: ",year,1940-07-01T12:00:00,,,year,1951-07-01T12:00:00,,
469,1614,56,1,,,"page_number_string: 
notes: 
source_full_citation: <p>L&uuml;scher, W. (15. Januar 2004). Herbert Widmer neuer Kantonalpr&auml;sident. In <em>Zofinger Tagblatt</em>. Abgerufen am 08. Dezember 2025 von https://essentials.swissdox.ch/</p>
source_comment: ",year,1996-07-01T12:00:00,,,exact,2004-01-13T12:00:00,,
470,2008,56,1,,,"page_number_string: 
notes: 
source_full_citation: <p>L&uuml;scher, W. (15. Januar 2004). Herbert Widmer neuer Kantonalpr&auml;sident. In <em>Zofinger Tagblatt</em>. Abgerufen am 08. Dezember 2025 von https://essentials.swissdox.ch/</p>
source_comment: ",exact,2004-01-13T12:00:00,,,exact,2008-06-24T12:00:00,,
471,1645,56,1,,,"page_number_string: 
notes: 
source_full_citation: <p>Knittel, E. (27. Juni 2008). Peter Schilliger f&uuml;r Herbert Widmer. In <em>Willisauer Bote</em>. Abgerufen am 08. Dezember 2025 von https://essentials.swissdox.ch/</p>
source_comment: ",exact,2008-06-24T12:00:00,,,exact,2016-01-18T12:00:00,,
472,2066,56,1,,,"page_number_string: 
notes: 
source_full_citation: <p>sda/ln. (20. Januar 2016). Markus Zenklusen wird FDP-Pr&auml;sident. In <em>Zofinger Tagblatt</em>. Abgerufen am 08. Dezember 2025 von https://essentials.swissdox.ch/</p>
source_comment: ",exact,2016-01-18T12:00:00,,,exact,2020-01-14T12:00:00,,
473,1851,56,1,,,"page_number_string: 
notes: 
source_full_citation: <p>pd. (16. Januar 2020). Erstmals eine Frau an der Spitze der Luzerner FDP. In <em>Seetaler Bote</em>. Abgerufen am 08. Dezember 2025 von https://essentials.swissdox.ch/</p>
source_comment: ",exact,2020-01-14T12:00:00,,,exact,2024-08-22T12:00:00,,
474,42,56,1,,,"page_number_string: 
notes: 
source_full_citation: <p>Fischer, L. (23. August 2024). Neues Trio an Spitze best&auml;tigt. In <em>Luzerner Zeitung</em>. Abgerufen am 08. Dezember 2025 von https://essentials.swissdox.ch/</p>
source_comment: ",exact,2024-08-22T12:00:00,,,,,,
475,593,57,1,,,"page_number_string: 
notes: 
source_full_citation: <p><span style=""font-size: 12.0pt; line-height: 115%; font-family: 'Aptos',sans-serif; mso-ascii-theme-font: minor-latin; mso-fareast-font-family: Aptos; mso-fareast-theme-font: minor-latin; mso-hansi-theme-font: minor-latin; mso-bidi-font-family: 'Times New Roman'; mso-bidi-theme-font: minor-bidi; mso-ansi-language: DE-CH; mso-fareast-language: EN-US; mso-bidi-language: AR-SA;"">Ob&eacute;lis. (2025). <em>Base de donn&eacute;es ""&eacute;lites suisses""</em>. Universit&eacute; de Lausanne. http://www.unil.ch/elitessuisses</span></p>
source_comment: ",year,1887-07-01T12:00:00,,,year,1919-07-01T12:00:00,,
476,557,57,1,,,"page_number_string: 
notes: 
source_full_citation: <p><span style=""font-size: 12.0pt; line-height: 115%; font-family: 'Aptos',sans-serif; mso-ascii-theme-font: minor-latin; mso-fareast-font-family: Aptos; mso-fareast-theme-font: minor-latin; mso-hansi-theme-font: minor-latin; mso-bidi-font-family: 'Times New Roman'; mso-bidi-theme-font: minor-bidi; mso-ansi-language: DE-CH; mso-fareast-language: EN-US; mso-bidi-language: AR-SA;"">Ob&eacute;lis. (2025). <em>Base de donn&eacute;es ""&eacute;lites suisses""</em>. Universit&eacute; de Lausanne. http://www.unil.ch/elitessuisses</span></p>
source_comment: ",year,1919-07-01T12:00:00,,,year,1931-07-01T12:00:00,,
477,536,57,1,,,"page_number_string: 
notes: 
source_full_citation: <p><span style=""font-size: 12.0pt; line-height: 115%; font-family: 'Aptos',sans-serif; mso-ascii-theme-font: minor-latin; mso-fareast-font-family: Aptos; mso-fareast-theme-font: minor-latin; mso-hansi-theme-font: minor-latin; mso-bidi-font-family: 'Times New Roman'; mso-bidi-theme-font: minor-bidi; mso-ansi-language: DE-CH; mso-fareast-language: EN-US; mso-bidi-language: AR-SA;"">Ob&eacute;lis. (2025). <em>Base de donn&eacute;es ""&eacute;lites suisses""</em>. Universit&eacute; de Lausanne. http://www.unil.ch/elitessuisses</span></p>
source_comment: ",year,1933-07-01T12:00:00,,,year,1940-07-01T12:00:00,,
478,603,57,1,,,"page_number_string: 
notes: 
source_full_citation: <p><span style=""font-size: 12.0pt; line-height: 115%; font-family: 'Aptos',sans-serif; mso-ascii-theme-font: minor-latin; mso-fareast-font-family: Aptos; mso-fareast-theme-font: minor-latin; mso-hansi-theme-font: minor-latin; mso-bidi-font-family: 'Times New Roman'; mso-bidi-theme-font: minor-bidi; mso-ansi-language: DE-CH; mso-fareast-language: EN-US; mso-bidi-language: AR-SA;"">Ob&eacute;lis. (2025). <em>Base de donn&eacute;es ""&eacute;lites suisses""</em>. Universit&eacute; de Lausanne. http://www.unil.ch/elitessuisses</span></p>
source_comment: ",year,1952-07-01T12:00:00,,,year,1956-07-01T12:00:00,,
479,1067,57,1,,,"page_number_string: 
notes: 
source_full_citation: <p><span style=""font-size: 12.0pt; line-height: 115%; font-family: 'Aptos',sans-serif; mso-ascii-theme-font: minor-latin; mso-fareast-font-family: Aptos; mso-fareast-theme-font: minor-latin; mso-hansi-theme-font: minor-latin; mso-bidi-font-family: 'Times New Roman'; mso-bidi-theme-font: minor-bidi; mso-ansi-language: DE-CH; mso-fareast-language: EN-US; mso-bidi-language: AR-SA;"">Ob&eacute;lis. (2025). <em>Base de donn&eacute;es ""&eacute;lites suisses""</em>. Universit&eacute; de Lausanne. http://www.unil.ch/elitessuisses</span></p>
source_comment: ",year,1956-07-01T12:00:00,,,year,1964-07-01T12:00:00,,
480,1333,57,1,,,"page_number_string: 
notes: 
source_full_citation: <p><span style=""font-size: 12.0pt; line-height: 115%; font-family: 'Aptos',sans-serif; mso-ascii-theme-font: minor-latin; mso-fareast-font-family: Aptos; mso-fareast-theme-font: minor-latin; mso-hansi-theme-font: minor-latin; mso-bidi-font-family: 'Times New Roman'; mso-bidi-theme-font: minor-bidi; mso-ansi-language: DE-CH; mso-fareast-language: EN-US; mso-bidi-language: AR-SA;"">Ob&eacute;lis. (2025). <em>Base de donn&eacute;es ""&eacute;lites suisses""</em>. Universit&eacute; de Lausanne. http://www.unil.ch/elitessuisses</span></p>
source_comment: ",year,1960-07-01T12:00:00,,,year,1970-07-01T12:00:00,,
481,760,57,1,,,"page_number_string: 
notes: 
source_full_citation: <p><span style=""font-size: 12.0pt; line-height: 115%; font-family: 'Aptos',sans-serif; mso-ascii-theme-font: minor-latin; mso-fareast-font-family: Aptos; mso-fareast-theme-font: minor-latin; mso-hansi-theme-font: minor-latin; mso-bidi-font-family: 'Times New Roman'; mso-bidi-theme-font: minor-bidi; mso-ansi-language: DE-CH; mso-fareast-language: EN-US; mso-bidi-language: AR-SA;"">Ob&eacute;lis. (2025). <em>Base de donn&eacute;es ""&eacute;lites suisses""</em>. Universit&eacute; de Lausanne. http://www.unil.ch/elitessuisses</span></p>
source_comment: ",year,1997-07-01T12:00:00,,,exact,2001-08-29T12:00:00,,
482,1163,57,1,,,"page_number_string: 
notes: 
source_full_citation: <p>red. (29. August 2001). CVP w&auml;hlt heute neuen Pr&auml;sidenten. In <em>Neue Luzerner Zeitung</em>. Abgerufen am 08. Dezember 2025 von https://essentials.swissdox.ch/</p>
source_comment: ",exact,2001-08-29T12:00:00,,,exact,2005-06-20T12:00:00,,
483,1717,57,1,,,"page_number_string: 
notes: 
source_full_citation: <p>sda. (22. Juni 2005). Schwegler neuer CVP-Pr&auml;sident. In <em>Neue Luzerner Zeitung</em>. Abgerufen am 08. Dezember 2025 von https://essentials.swissdox.ch/</p>
source_comment: ",exact,2005-06-20T12:00:00,,,exact,2012-04-26T12:00:00,,
484,978,57,1,,,"page_number_string: 
notes: 
source_full_citation: <p>Koller, D. (01. Mai 2012). Pr&auml;sident Pirmin Jung ist im Amt. In <em>Willisauer Bote</em>. Abgerufen am 08. Dezember 2025 von https://essentials.swissdox.ch/</p>
source_comment: ",exact,2012-04-26T12:00:00,,,exact,2017-04-27T12:00:00,,
485,938,57,1,,,"page_number_string: 
notes: 
source_full_citation: <p>Fischer, E. (28. April 2017). Ineichen pr&auml;sidiert neu die CVP. In <em>Luzerner Zeitung</em>. Abgerufen am 08. Dezember 2025 von https://essentials.swissdox.ch/</p>
source_comment: ",exact,2017-04-27T12:00:00,,,exact,2024-02-01T12:00:00,,
486,1758,57,1,,,"page_number_string: 
notes: 
source_full_citation: <p>Mitte Kanton Luzern. (01. Februar 2024). <em>Karin Stadelmann ist neue Pr&auml;sidentin</em>. Abgerufen am 08. Dezember 2025 von https://lu.die-mitte.ch/karin-stadelmann-ist-neue-praesidentin/</p>
source_comment: ",exact,2024-02-01T12:00:00,,,,,,
487,2138,57,2,,,"page_number_string: 
notes: 
source_full_citation: <p>Staatsarchiv Luzern. (2025). <em>Die Mitte / CVP (Christlichdemokratische Volkspartei) des Kantons Luzern (Provenienz)</em>. Abgerufen am 08. Dezember 2025 von https://query-staatsarchiv.lu.ch/detail.aspx?Id=774085<span id=""ctl00_cphMainArea_lblTitel""></span></p>
source_comment: ",year,1958-07-01T12:00:00,,,year,1969-07-01T12:00:00,,
488,2139,57,2,,,"page_number_string: 
notes: 
source_full_citation: <p>Staatsarchiv Luzern. (2025). <em>Die Mitte / CVP (Christlichdemokratische Volkspartei) des Kantons Luzern (Provenienz)</em>. Abgerufen am 08. Dezember 2025 von https://query-staatsarchiv.lu.ch/detail.aspx?Id=774085<span id=""ctl00_cphMainArea_lblTitel""></span></p>
source_comment: ",year,1970-07-01T12:00:00,,,year,1975-07-01T12:00:00,,
489,2140,57,2,,,"page_number_string: 
notes: 
source_full_citation: <p>Staatsarchiv Luzern. (2025). <em>Die Mitte / CVP (Christlichdemokratische Volkspartei) des Kantons Luzern (Provenienz)</em>. Abgerufen am 08. Dezember 2025 von https://query-staatsarchiv.lu.ch/detail.aspx?Id=774085<span id=""ctl00_cphMainArea_lblTitel""></span></p>
source_comment: 

page_number_string: 13
notes: 
source_full_citation: <p>Verein Die Politik, &amp; CVP Schweiz. (2012). <em>100 Jahre CVP : Politik der dynamischen Mitte</em>. Die Politik.</p>
source_comment: ",year,1975-07-01T12:00:00,,,unknown,1988-07-01T12:00:00,,
490,2141,57,2,,,"page_number_string: 
notes: 
source_full_citation: <p>Staatsarchiv Luzern. (2025). <em>Die Mitte / CVP (Christlichdemokratische Volkspartei) des Kantons Luzern (Provenienz)</em>. Abgerufen am 08. Dezember 2025 von https://query-staatsarchiv.lu.ch/detail.aspx?Id=774085<span id=""ctl00_cphMainArea_lblTitel""></span></p>
source_comment: 

page_number_string: 13
notes: 
source_full_citation: <p>Verein Die Politik, &amp; CVP Schweiz. (2012). <em>100 Jahre CVP : Politik der dynamischen Mitte</em>. Die Politik.</p>
source_comment: ",year,1988-07-01T12:00:00,,,year,1996-07-01T12:00:00,,
491,2142,57,2,,,"page_number_string: 
notes: 
source_full_citation: <p>?. (17. Juni 2005). Neue Parteif&uuml;hrung. In <em>Willisauer Bote</em>. Abgerufen am 08. Dezember 2025 von https://essentials.swissdox.ch/</p>
source_comment: ",year,1996-07-01T12:00:00,,,multimonth,2005-07-01T12:00:00,,
492,2143,57,2,,,"page_number_string: 
notes: 
source_full_citation: <p>Staatsarchiv Luzern. (2025). <em>Die Mitte / CVP (Christlichdemokratische Volkspartei) des Kantons Luzern (Provenienz)</em>. Abgerufen am 08. Dezember 2025 von https://query-staatsarchiv.lu.ch/detail.aspx?Id=774085<span id=""ctl00_cphMainArea_lblTitel""></span></p>
source_comment: 

page_number_string: 
notes: 
source_full_citation: <p>?. (17. Juni 2005). Neue Parteif&uuml;hrung. In <em>Willisauer Bote</em>. Abgerufen am 08. Dezember 2025 von https://essentials.swissdox.ch/</p>
source_comment: ",multimonth,2005-07-01T12:00:00,,,month,2012-10-15T12:00:00,,
493,2144,57,2,,,"page_number_string: 
notes: 
source_full_citation: <p>Mitte Kanton Luzern. (01. September 2023). <em>Rico De Bona geht in Pension, Luca Boog wird sein Nachfolger</em>. Abgerufen am 08. Dezember 2025 von https://lu.die-mitte.ch/medienmitteilung-die-mitte-kanton-luzern-rico-de-bona-geht-in-pension/</p>
source_comment: ",month,2012-10-15T12:00:00,,,exact,2023-12-01T12:00:00,,
494,2145,57,2,,,"page_number_string: 
notes: 
source_full_citation: <p>Mitte Kanton Luzern. (01. September 2023). <em>Rico De Bona geht in Pension, Luca Boog wird sein Nachfolger</em>. Abgerufen am 08. Dezember 2025 von https://lu.die-mitte.ch/medienmitteilung-die-mitte-kanton-luzern-rico-de-bona-geht-in-pension/</p>
source_comment: ",exact,2023-12-01T12:00:00,,,,,,
495,1932,59,1,,,"page_number_string: 
notes: 
source_full_citation: <p>Reichmuth, C. (18. Mai 2001). Radikaler sein liegt nicht drin. In <em>Neue Luzerner Zeitung</em>. Abgerufen am 08. Dezember 2025 von https://essentials.swissdox.ch/</p>
source_comment: ",exact,2001-05-18T12:00:00,,,exact,2004-05-10T12:00:00,,
496,1559,59,1,,,"page_number_string: 
notes: 
source_full_citation: <p>Vogt, B. (26. Juni 2003). Rumi ist Co-Pr&auml;sidentin. In <em>Neue Luzerner Zeitung</em>. Abgerufen am 08. Dezember 2025 von https://essentials.swissdox.ch/</p>
source_comment: ",exact,2003-06-25T12:00:00,,,exact,2008-06-04T12:00:00,,
497,1866,59,1,,,"page_number_string: 
notes: 
source_full_citation: <p>?. (11. Mai 2004). Michael T&ouml;ngi wird neuer GB-Co-Pr&auml;sident. In<em> Neue Luzerner Zeitung</em>. Abgerufen am 08. Dezember 2025 von https://essentials.swissdox.ch/</p>
source_comment: ",exact,2004-05-10T12:00:00,,,exact,2008-06-04T12:00:00,,
498,651,59,1,,,"page_number_string: 
notes: 
source_full_citation: <p>Im. (05. Juni 2008). Frey und Hubacher&nbsp;sind gew&auml;hlt. In<em> Neue Luzerner Zeitung</em>. Abgerufen am 08. Dezember 2025 von https://essentials.swissdox.ch/</p>
source_comment: 

page_number_string: 
notes: 
source_full_citation: <p>lm. (13. Juni 2012). Gr&uuml;ne mit neuem Leitungsteam. In <em>Neue Luzerner Zeitung</em>. Abgerufen am 08. Dezember 2025 von https://essentials.swissdox.ch/</p>
source_comment: ",exact,2008-06-04T12:00:00,,,exact,2012-06-13T12:00:00,,
499,901,59,1,,,"page_number_string: 
notes: 
source_full_citation: <p>Im. (05. Juni 2008). Frey und Hubacher&nbsp;sind gew&auml;hlt. In<em> Neue Luzerner Zeitung</em>. Abgerufen am 08. Dezember 2025 von https://essentials.swissdox.ch/</p>
source_comment: 

page_number_string: 
notes: 
source_full_citation: <p>lm. (13. Juni 2012). Gr&uuml;ne mit neuem Leitungsteam. In <em>Neue Luzerner Zeitung</em>. Abgerufen am 08. Dezember 2025 von https://essentials.swissdox.ch/</p>
source_comment: ",exact,2008-06-04T12:00:00,,,exact,2012-06-13T12:00:00,,
500,606,59,1,,,"page_number_string: 
notes: 
source_full_citation: <p>Bieri, R. (30. Mai 2014). Gr&uuml;ne w&auml;hlen junges F&uuml;hrungsduo. In <em>Seetaler Bote</em>. Abgerufen am 08. Dezember 2025 von https://essentials.swissdox.ch/</p>
source_comment: ",exact,2014-05-26T12:00:00,,,exact,2016-05-24T12:00:00,,
501,1232,59,1,,,"page_number_string: 
notes: 
source_full_citation: <p>Bieri, R. (30. Mai 2014). Gr&uuml;ne w&auml;hlen junges F&uuml;hrungsduo. In <em>Seetaler Bote</em>. Abgerufen am 08. Dezember 2025 von https://essentials.swissdox.ch/</p>
source_comment: ",exact,2014-05-26T12:00:00,,,exact,2017-05-26T12:00:00,,
502,650,59,1,,,"page_number_string: 
notes: 
source_full_citation: <p>red. (21. Mai 2016). Gr&uuml;ne: Wechsel im Pr&auml;sidium. In <em>Neue Luzerner Zeitung</em>. Abgerufen am 08. Dezember 2025 von https://essentials.swissdox.ch/</p>
source_comment: ",exact,2016-05-24T12:00:00,,,exact,2020-08-20T12:00:00,,
503,1833,59,1,,,"page_number_string: 
notes: 
source_full_citation: <p>jon/sma. (21. August 2020). Pr&auml;sidenten-Trio gew&auml;hlt. In <em>Luzerner Zeitung</em>. Abgerufen am 08. Dezember 2025 von https://essentials.swissdox.ch/</p>
source_comment: ",exact,2020-08-20T12:00:00,,,exact,2022-05-19T12:00:00,,
504,1029,59,1,,,"page_number_string: 
notes: 
source_full_citation: <p>jon/sma. (21. August 2020). Pr&auml;sidenten-Trio gew&auml;hlt. In <em>Luzerner Zeitung</em>. Abgerufen am 08. Dezember 2025 von https://essentials.swissdox.ch/</p>
source_comment: 

page_number_string: 
notes: 
source_full_citation: <p>Gr&uuml;ne Kanton Luzern. (23. Mai 2025). <em>GR&Uuml;NE Jahresversammlung: Raoul Niederberger und Zita Bucher bilden k&uuml;nftig zu zweit das Co-Pr&auml;sidium der Kantonalpartei</em>. Abgerufen am 08. Dezember 2025 von https://gruene-luzern.ch/wp-content/uploads/sites/2/2025/05/20250523_MM_Jahresversammlung-GRUeNE-Vorstandswahl.pdf</p>
source_comment: ",exact,2020-08-20T12:00:00,,,exact,2025-05-22T12:00:00,,
505,1358,59,1,,,"page_number_string: 
notes: 
source_full_citation: <p>jon/sma. (21. August 2020). Pr&auml;sidenten-Trio gew&auml;hlt. In <em>Luzerner Zeitung</em>. Abgerufen am 08. Dezember 2025 von https://essentials.swissdox.ch/</p>
source_comment: ",exact,2020-08-20T12:00:00,,,,,,
506,313,59,1,,,"page_number_string: 
notes: 
source_full_citation: <p>Gr&uuml;ne Kanton Luzern. (25. April 2022). <em>Co-Pr&auml;sidentin Irina Studhalter tritt zur&uuml;ck, Nadja B&uuml;rgi stellt sich der Wahl</em>. Abgerufen am 08. Dezember 2025 von https://gruene-luzern.ch/blog/allgemein/co-praesidentin-irina-studhalter-tritt-zurueck-nadja-buergi-stellt-sich-der-wahl</p>
source_comment: ",exact,2022-05-19T12:00:00,,,exact,2024-05-21T12:00:00,,
507,293,59,1,,,"page_number_string: 
notes: 
source_full_citation: <p>Gr&uuml;ne Kanton Luzern. (16. Mai 2024). <em>Zita Bucher kandidiert f&uuml;r Co-Pr&auml;sidium</em>. Abgerufen am 08. Dezember 2025 von https://gruene-luzern.ch/blog/allgemein/zita-bucher-kandidiert-fuer-co-praesidium</p>
source_comment: ",exact,2024-05-21T12:00:00,,,,,,
508,1401,60,1,,,"page_number_string: 
notes: 
source_full_citation: <p>Vogt, B. (09. April 2008). Die Gr&uuml;nliberalen sind gestartet. In<em> Neue Luzerner Zeitung</em>. Abgerufen am 08. Dezember 2025 von https://essentials.swissdox.ch/</p>
source_comment: ",exact,2008-04-01T12:00:00,,,exact,2009-11-05T12:00:00,,
509,274,60,1,,,"page_number_string: 
notes: 
source_full_citation: <p>red. (07. November 2009). Gr&uuml;nliberale mit neuem Pr&auml;sidenten. In&nbsp;<em>Neue Luzerner Zeitung</em>. Abgerufen am 08. Dezember 2025 von https://essentials.swissdox.ch/</p>
source_comment: 

page_number_string: 
notes: 
source_full_citation: <p>red. (31. Oktober 2012). Laura Kopp folgt auf Urs Br&uuml;cker. In <em>Neue Luzerner Zeitung</em>. Abgerufen am 08. Dezember 2025 von https://essentials.swissdox.ch/</p>
source_comment: ",exact,2009-11-05T12:00:00,,,month,2012-06-15T12:00:00,,
510,1044,60,1,,"note_translations: languages_code: de-CH
note: ad interim seit September.","page_number_string: 
notes: 
source_full_citation: <p>red. (31. Oktober 2012). Laura Kopp folgt auf Urs Br&uuml;cker. In <em>Neue Luzerner Zeitung</em>. Abgerufen am 08. Dezember 2025 von https://essentials.swissdox.ch/</p>
source_comment: ",exact,2012-10-29T12:00:00,,,exact,2016-04-04T12:00:00,,
511,607,60,1,,,"page_number_string: 
notes: 
source_full_citation: <p>sda. (08. April 2016). Roland Fischer neuer Pr&auml;sident. In <em>Willisauer Bote</em>. Abgerufen am 08. Dezember 2025 von https://essentials.swissdox.ch/</p>
source_comment: ",exact,2016-04-04T12:00:00,,,exact,2020-04-20T12:00:00,,
512,1544,60,1,,,"page_number_string: 
notes: 
source_full_citation: <p>pd/WB. (24. April 2020). Riccarda Schaller und Michel Rudin gew&auml;hlt. In<em> Willisauer Bote</em>. Abgerufen am 08. Dezember 2025 von https://essentials.swissdox.ch/</p>
source_comment: ",exact,2020-04-20T12:00:00,,,exact,2024-01-17T12:00:00,,
513,1602,60,1,,,"page_number_string: 
notes: 
source_full_citation: <p>pd/WB. (24. April 2020). Riccarda Schaller und Michel Rudin gew&auml;hlt. In<em> Willisauer Bote</em>. Abgerufen am 08. Dezember 2025 von https://essentials.swissdox.ch/</p>
source_comment: 

page_number_string: 
notes: 
source_full_citation: <p>GLP Kanton Luzern. (24. Januar 2025). <em>Wechsel und Kontinuit&auml;t an der Parteispitze und klare Position zur Umweltverantwortungsinitiative</em>. Abgerufen am 08. Dezember 2025 von https://lu.grunliberale.ch/wechsel-und-kontinuitat-an-der-parteispitze-und-klare-position-zur-umweltverantwortungsinitiative/</p>
source_comment: ",exact,2020-04-20T12:00:00,,,exact,2025-01-23T12:00:00,,
514,1395,60,1,,,"page_number_string: 
notes: 
source_full_citation: <p>Geske, S. (18. Januar 2024). Gr&uuml;nliberale neu mit doppelter Co-Leitung: Andr&aacute;s &Ouml;zvegyi verst&auml;rkt Riccarda Schaller. In <em>Luzerner Zeitung</em>. Abgerufen am 08. Dezember 2025 von https://essentials.swissdox.ch/</p>
source_comment: ",exact,2024-01-17T12:00:00,,,,,,
515,2146,61,1,,,"page_number_string: 
notes: 
source_full_citation: <p>Jones, A. (11. Oktober 2003). Die EVP gr&uuml;ndet Kantonalpartei. In <em>Neue Luzerner Zeitung</em>. Abgerufen am 08. Dezember 2025 von https://essentials.swissdox.ch/</p>
source_comment: ",exact,2003-10-10T12:00:00,,,multiyear,2006-01-01T12:00:00,,
516,1469,61,1,,,"page_number_string: 
notes: 
source_full_citation: <p>EVP Kanton Luzern. (2005). <em>Statuten der Evangelischen Volkspartei des Kantons Luzern</em>. Abgerufen am 08. Dezember 2025 von https://www.evplu.ch/fileadmin/user_upload/luzern/de/Statuten_EVP_Luzern.pdf</p>
source_comment: ",multiyear,2006-01-01T12:00:00,,,year,2013-07-01T12:00:00,,
517,80,61,1,,,"page_number_string: 
notes: 
source_full_citation: <p>EVP Kanton Luzern. (25. Juni 2015). <em>Wechsel in der Leitung der EVP Kanton Luzern</em>. Abgerufen am 08. Dezember 2025 von https://www.evplu.ch/fileadmin/user_upload/luzern/de/Medienmitteilung_Wechsel_in_der_Leitung.pdf</p>
source_comment: ",year,2013-07-01T12:00:00,,,exact,2015-06-17T12:00:00,,
518,1560,61,1,,,"page_number_string: 
notes: 
source_full_citation: <p>EVP Kanton Luzern. (25. Juni 2015). <em>Wechsel in der Leitung der EVP Kanton Luzern</em>. Abgerufen am 08. Dezember 2025 von https://www.evplu.ch/fileadmin/user_upload/luzern/de/Medienmitteilung_Wechsel_in_der_Leitung.pdf</p>
source_comment: ",year,2013-07-01T12:00:00,,,exact,2015-06-17T12:00:00,,
519,1488,61,1,,,"page_number_string: 
notes: 
source_full_citation: <p>EVP Kanton Luzern. (25. Juni 2015). <em>Wechsel in der Leitung der EVP Kanton Luzern</em>. Abgerufen am 08. Dezember 2025 von https://www.evplu.ch/fileadmin/user_upload/luzern/de/Medienmitteilung_Wechsel_in_der_Leitung.pdf</p>
source_comment: ",exact,2015-06-17T12:00:00,,,unknown,2021-01-01T12:00:00,,
520,1596,62,1,,,"page_number_string: 
notes: 
source_full_citation: <p>Staatsarchiv Luzern. (2025). <em>CSP (Christlich-soziale Partei) des Kantons und der Stadt Luzern (Provenienz)</em>. Abgerufen am 08. Dezember 2025 von https://query-staatsarchiv.lu.ch/detail.aspx?ID=1587955<span id=""ctl00_cphMainArea_lblTitel""></span></p>
source_comment: ",year,1970-07-01T12:00:00,,,year,1971-07-01T12:00:00,,
521,300,62,1,,,"page_number_string: 
notes: 
source_full_citation: <p>Staatsarchiv Luzern. (2025). <em>CSP (Christlich-soziale Partei) des Kantons und der Stadt Luzern (Provenienz)</em>. Abgerufen am 08. Dezember 2025 von https://query-staatsarchiv.lu.ch/detail.aspx?ID=1587955<span id=""ctl00_cphMainArea_lblTitel""></span></p>
source_comment: ",year,1971-07-01T12:00:00,,,year,1985-07-01T12:00:00,,
522,291,62,1,,,"page_number_string: 
notes: 
source_full_citation: <p>Staatsarchiv Luzern. (2025). <em>CSP (Christlich-soziale Partei) des Kantons und der Stadt Luzern (Provenienz)</em>. Abgerufen am 08. Dezember 2025 von https://query-staatsarchiv.lu.ch/detail.aspx?ID=1587955<span id=""ctl00_cphMainArea_lblTitel""></span></p>
source_comment: ",year,1985-07-01T12:00:00,,,year,1987-07-01T12:00:00,,
523,1145,62,1,,,"page_number_string: 
notes: 
source_full_citation: <p>Staatsarchiv Luzern. (2025). <em>CSP (Christlich-soziale Partei) des Kantons und der Stadt Luzern (Provenienz)</em>. Abgerufen am 08. Dezember 2025 von https://query-staatsarchiv.lu.ch/detail.aspx?ID=1587955<span id=""ctl00_cphMainArea_lblTitel""></span></p>
source_comment: ",year,1987-07-01T12:00:00,,,year,1996-07-01T12:00:00,,
524,1080,62,1,,,"page_number_string: 
notes: 
source_full_citation: <p>Staatsarchiv Luzern. (2025). <em>CSP (Christlich-soziale Partei) des Kantons und der Stadt Luzern (Provenienz)</em>. Abgerufen am 08. Dezember 2025 von https://query-staatsarchiv.lu.ch/detail.aspx?ID=1587955<span id=""ctl00_cphMainArea_lblTitel""></span></p>
source_comment: ",year,1996-07-01T12:00:00,,,exact,2008-05-28T12:00:00,,
525,483,62,1,,,"page_number_string: 
notes: 
source_full_citation: <p>WB. (30. Mai 2008). Ir&egrave;ne Dissler Pr&auml;sidentin. In <em>Willisauer Bote</em>. Abgerufen am 11. Dezember 2025 von https://essentials.swissdox.ch/</p>
source_comment: ",exact,2008-05-28T12:00:00,,,year,2010-07-01T12:00:00,,
526,296,63,1,,,"page_number_string: 
notes: 
source_full_citation: <p>sda. (24. April 2010). BDP in Luzern gegr&uuml;ndet. In <em>Zofinger Tagblatt</em>. Abgerufen am 11. Dezember 2025 von https://essentials.swissdox.ch/</p>
source_comment: ",exact,2010-04-22T12:00:00,,,exact,2010-12-22T12:00:00,,
527,936,63,1,,,"page_number_string: 
notes: 
source_full_citation: <p>Nussbaumer, L. (23. Dezember 2010). BDP-Pr&auml;sident wirft Handtuch. In <em>Neue Luzerner Zeitung</em>. Abgerufen am 08. Dezember 2025 von https://essentials.swissdox.ch/</p>
source_comment: ",exact,2010-12-22T12:00:00,,,exact,2014-10-24T12:00:00,,
528,672,63,1,,,"page_number_string: 
notes: 
source_full_citation: <p>Stadler, M. (25. Oktober 2014). BDP neu mit Co-Pr&auml;sidium. In <em>Neue Luzerner Zeitung</em>. Abgerufen am 11. Dezember 2025 von https://essentials.swissdox.ch/</p>
source_comment: ",exact,2014-10-24T12:00:00,,,unknown,2018-01-01T12:00:00,,
529,1017,63,1,,,"page_number_string: 
notes: 
source_full_citation: <p>Stadler, M. (25. Oktober 2014). BDP neu mit Co-Pr&auml;sidium. In <em>Neue Luzerner Zeitung</em>. Abgerufen am 11. Dezember 2025 von https://essentials.swissdox.ch/</p>
source_comment: 

page_number_string: 
notes: 
source_full_citation: <p>Poletti, G. (17. Februar 2020). Aufl&ouml;sungserscheinungen bei der BDP. In <em>Berner Zeitung</em>. Abgerufen am 11. Dezember 2025 von https://essentials.swissdox.ch/</p>
source_comment: ",exact,2014-10-24T12:00:00,,,exact,2020-02-09T12:00:00,,
530,2147,23,1,,,"page_number_string: 
notes: 
source_full_citation: <p>Gruner, E. (1966). Parteien. In <em>Ann&eacute;e Politique Suisse 1966</em>. Abgerufen am 19. Januar 2026 von https://anneepolitique.swiss/APS/de/APS_1966/APS1966_III_a.html</p>
source_comment: ",unknown,1960-01-01T12:00:00,,,multiyear,1967-01-01T12:00:00,,
531,62,67,1,,,"page_number_string: 
notes: 
source_full_citation: <p>mjm. (07. Dezember 1998). Eine SVP mit &laquo;Urner&raquo; Programm. In <em>Neue Z&uuml;rcher Zeitung</em>. Abgerufen am 15. Dezember 2025 von https://essentials.swissdox.ch/</p>
source_comment: ",exact,1998-12-05T12:00:00,,,exact,2004-10-28T12:00:00,,
532,498,67,1,,,"page_number_string: 
notes: 
source_full_citation: <p>mjm. (07. Dezember 1998). Eine SVP mit &laquo;Urner&raquo; Programm. In <em>Neue Z&uuml;rcher Zeitung</em>. Abgerufen am 15. Dezember 2025 von https://essentials.swissdox.ch/</p>
source_comment: 

page_number_string: 
notes: 
source_full_citation: <p>ars. (28. Oktober 2006). Dubacher geht Planzer nun allein. In <em>Neue Luzerner Zeitung</em>. Abgerufen am 15. Dezember 2025 von https://essentials.swissdox.ch/</p>
source_comment: ",exact,1998-12-05T12:00:00,,,exact,2006-10-26T12:00:00,,
533,1452,67,1,,,"page_number_string: 
notes: 
source_full_citation: <p>SVP Kanton Uri. (01. Oktober 2012). <em>Parteipr&auml;sident reicht Demission ein</em>. Abgerufen am 15. Dezember 2025 von https://web.archive.org/web/20160702174034/http:/svpuri.ch/documents/medienmitteilungen/2012/pm%20ruecktritt%20praesident.pdf</p>
source_comment: ",exact,2004-10-28T12:00:00,,,exact,2012-10-01T12:00:00,,
534,198,67,1,,,"page_number_string: 
notes: 
source_full_citation: <p>SVP Kanton Uri. (28. Januar 2013). <em>Wechsel an der Parteispitze</em>. Abgerufen am 15. Dezember 2025 von https://web.archive.org/web/20160702173609/http:/svpuri.ch/documents/medienmitteilungen/2013/Pressemitteilung%20Praesident%20SVP%20Uri.pdf</p>
source_comment: ",exact,2013-03-14T12:00:00,,,exact,2019-05-23T12:00:00,,
535,62,67,1,,,"page_number_string: 
notes: 
source_full_citation: <p>SVP Kanton Uri. (24. Mai 2019). <em>SVP Uri: Pascal Bl&ouml;chlinger als Nationalratskandidat und Christian Arnold als Regierungsratskandidat nominiert.</em> Abgerufen am 15. Dezember 2025 von https://www.svpuri.ch/wp-content/uploads/sites/32/PM-Nominationsversammlung-SVP.pdf</p>
source_comment: ",exact,2019-05-23T12:00:00,,,exact,2020-05-01T12:00:00,,
536,20,67,1,,,"page_number_string: 
notes: 
source_full_citation: <p>SVP Kanton Uri. (25. M&auml;rz 2020). <em>SVP Uri: Absage Generalversammlung und Vorstand ab 01. Mai 2020</em>. Abgerufen am 15. Dezember 2025 von https://www.svpuri.ch/wp-content/uploads/sites/32/PM-Absage-GV-und-Vorstand-ab-01.05.2020.pdf</p>
source_comment: ",exact,2020-05-01T12:00:00,,,exact,2024-03-28T12:00:00,,
537,284,67,1,,,"page_number_string: 
notes: 
source_full_citation: <p>SVP Kanton Uri. (29. M&auml;rz 2024). <em>F&uuml;hrungswechseln bei der SVP Uri</em>. Abgerufen am 15. Dezember 2025 von https://www.svpuri.ch/wp-content/uploads/sites/32/Pressemitteilung-GV-der-SVP-Uri.pdf</p>
source_comment: ",exact,2024-03-28T12:00:00,,,,,,
538,1683,68,1,,,"page_number_string: 
notes: 
source_full_citation: <p>SP Kanton Uri. (2025). <em>Geschichte SP-Uri</em>. Abgerufen am 15. Dezember 2025 von https://web.archive.org/web/20200217070028mp_/https:/www.sp-uri.ch/de/no_active_menu_item_found/geschichte-sp-uri</p>
source_comment: 

page_number_string: 
notes: 
source_full_citation: <p>Gisler-Jauch, R. (2012). Edi Schnurrenberger. In&nbsp;<em>Historisches Lexikon der Schweiz (HLS)</em>. Abgerufen am 15. Dezember 2025 von https://hls-dhs-dss.ch/de/articles/013648/2012-09-11/</p>
source_comment: ",exact,1907-10-06T12:00:00,,,year,1921-07-01T12:00:00,,
539,1683,68,1,,,"page_number_string: 
notes: 
source_full_citation: <p>Gisler-Jauch, R. (2012). Edi Schnurrenberger. In&nbsp;<em>Historisches Lexikon der Schweiz (HLS)</em>. Abgerufen am 15. Dezember 2025 von https://hls-dhs-dss.ch/de/articles/013648/2012-09-11/</p>
source_comment: ",year,1932-07-01T12:00:00,,,year,1944-07-01T12:00:00,,
540,1788,69,1,,,"page_number_string: 
notes: 
source_full_citation: <p><span style=""font-size: 12.0pt; line-height: 115%; font-family: 'Aptos',sans-serif; mso-ascii-theme-font: minor-latin; mso-fareast-font-family: Aptos; mso-fareast-theme-font: minor-latin; mso-hansi-theme-font: minor-latin; mso-bidi-font-family: 'Times New Roman'; mso-bidi-theme-font: minor-bidi; mso-ansi-language: DE-CH; mso-fareast-language: EN-US; mso-bidi-language: AR-SA;"">Ob&eacute;lis. (2025). <em>Base de donn&eacute;es ""&eacute;lites suisses""</em>. Universit&eacute; de Lausanne. http://www.unil.ch/elitessuisses</span></p>
source_comment: ",year,1977-07-01T12:00:00,,,year,1984-07-01T12:00:00,,
541,1385,69,1,,,"page_number_string: 
notes: 
source_full_citation: <p>bar. (17. Mai 2001). Ja zu Milit&auml;rgesetz und Bistumsartikel. In&nbsp;<em>Neue Luzerner Zeitung</em>. Abgerufen am 15. Dezember 2025 von https://essentials.swissdox.ch/</p>
source_comment: ",year,1998-07-01T12:00:00,,,exact,2001-05-16T12:00:00,,
542,120,69,1,,,"page_number_string: 
notes: 
source_full_citation: <p>bar. (17. Mai 2001). Ja zu Milit&auml;rgesetz und Bistumsartikel. In&nbsp;<em>Neue Luzerner Zeitung</em>. Abgerufen am 15. Dezember 2025 von https://essentials.swissdox.ch/</p>
source_comment: ",exact,2001-05-16T12:00:00,,,exact,2006-05-08T12:00:00,,
543,381,69,1,,,"page_number_string: 
notes: 
source_full_citation: <p>tre. (09. Mai 2006). Jules Christen l&ouml;st Stefan Baumann ab. In <em>Neue Luzerner Zeitung</em>. Abgerufen am 15. Dezember 2025 von https://essentials.swissdox.ch/</p>
source_comment: ",exact,2006-05-08T12:00:00,,,exact,2010-05-18T12:00:00,,
544,554,69,1,,,"page_number_string: 
notes: 
source_full_citation: <p>Regli, D. (08. September 2010). Zwei Neue in der Gesch&auml;ftsleitung. In <em>Neue Luzerner Zeitung</em>. Abgerufen am 15. Dezember 2025 von https://essentials.swissdox.ch/</p>
source_comment: ",exact,2010-05-18T12:00:00,,,exact,2013-05-02T12:00:00,,
545,1789,69,1,,,"page_number_string: 
notes: 
source_full_citation: <p>Aregger, S. (03. Mai 2013). &laquo;Ich gehe meinen eigenen Weg&raquo;. In <em>Neue Luzerner Zeitung</em>. Abgerufen am 15. Dezember 2025 von https://essentials.swissdox.ch/</p>
source_comment: ",exact,2013-05-02T12:00:00,,,exact,2018-06-04T12:00:00,,
546,354,69,1,,,"page_number_string: 
notes: 
source_full_citation: <p>Arnold, B. (05. Juni 2018). Cathry leitet die FDP Uri. In <em>Urner Zeitung</em>. Abgerufen am 15. Dezember 2025 von https://essentials.swissdox.ch/</p>
source_comment: ",exact,2018-06-04T12:00:00,,,exact,2022-06-30T12:00:00,,
547,1644,69,1,,,"page_number_string: 
notes: 
source_full_citation: <p>zgc. (05. Juli 2022). Die FDP Uri hat einen neuen Pr&auml;sidenten. In <em>Urner Zeitung</em>. Abgerufen am 15. Dezember 2025 von https://essentials.swissdox.ch/</p>
source_comment: ",exact,2022-06-30T12:00:00,,,exact,2025-06-06T12:00:00,,
548,2148,69,1,,,"page_number_string: 
notes: 
source_full_citation: <p>FDP.Die Liberalen Kanton Uri. (05. Juni 2025). <em>Frische Kr&auml;fte bei den Liberalen</em>. Abgerufen am 15. Dezember 2025 von https://www.fdp-ur.ch/aktuell/medienmitteilungen/medienmitteilungen-detail/news/frische-kraefte-bei-den-liberalen</p>
source_comment: ",exact,2025-06-06T12:00:00,,,,,,
549,273,70,1,,,"page_number_string: 
notes: 
source_full_citation: <p>Arnold, B. (31. Oktober 2000). Die CVP Uri setzt auf eine Frau. In&nbsp;<em>Neue Luzerner Zeitung</em>. Abgerufen am 15. Dezember 2025 von https://essentials.swissdox.ch/</p>
source_comment: ",unknown,1996-01-01T12:00:00,,,exact,2000-10-30T12:00:00,,
550,2055,70,1,,,"page_number_string: 
notes: 
source_full_citation: <p>Arnold, B. (31. Oktober 2000). Die CVP Uri setzt auf eine Frau. In&nbsp;<em>Neue Luzerner Zeitung</em>. Abgerufen am 15. Dezember 2025 von https://essentials.swissdox.ch/</p>
source_comment: ",exact,2000-10-30T12:00:00,,,exact,2005-08-29T12:00:00,,
551,272,70,1,,,"page_number_string: 
notes: 
source_full_citation: <p>Arnold, B. (30. August 2005). CVP Uri wird endlich f&uuml;ndig. In <em>Neue Luzerner Zeitung</em>. Abgerufen am 15. Dezember 2025 von https://essentials.swissdox.ch/</p>
source_comment: ",exact,2005-08-29T12:00:00,,,exact,2009-09-03T12:00:00,,
552,430,70,1,,,"page_number_string: 
notes: 
source_full_citation: <p>eb/eg/ars. (05. September 2009). Patrizia Danioth Halter sieht Potenzial f&uuml;r z&uuml;ndende Ideen. In <em>Neue Luzerner Zeitung</em>. Abgerufen am 15. Dezember 2025 von https://essentials.swissdox.ch/</p>
source_comment: ",exact,2009-09-03T12:00:00,,,exact,2013-05-02T12:00:00,,
553,1784,70,1,,,"page_number_string: 
notes: 
source_full_citation: <p>zf. (03. Mai 2013). Pr&auml;sidium noch nicht fix besetzt. In <em>Neue Luzerner Zeitung</em>. Abgerufen am 15. Dezember 2025 von https://essentials.swissdox.ch/</p>
source_comment: ",exact,2013-05-02T12:00:00,,,exact,2014-10-30T12:00:00,,
554,1876,70,1,,,"page_number_string: 
notes: 
source_full_citation: <p>zf. (03. Mai 2013). Pr&auml;sidium noch nicht fix besetzt. In <em>Neue Luzerner Zeitung</em>. Abgerufen am 15. Dezember 2025 von https://essentials.swissdox.ch/</p>
source_comment: ",exact,2013-05-02T12:00:00,,,exact,2014-10-30T12:00:00,,
555,2006,70,1,,,"page_number_string: 
notes: 
source_full_citation: <p>red. (25. Oktober 2014). Widmer soll an die CVP-Spitze. In <em>Neue Luzerner Zeitung</em>. Abgerufen am 15. Dezember 2025 von https://essentials.swissdox.ch/</p>
source_comment: ",exact,2014-10-30T12:00:00,,,exact,2017-01-18T12:00:00,,
556,731,70,1,,,"page_number_string: 
notes: 
source_full_citation: <p>Stadler, M. (19. Januar 2017). Neuer Pr&auml;sident: &laquo;Wir m&uuml;ssen uns st&auml;rker engagieren&raquo;. In <em>Luzerner Zeitung</em>. Abgerufen am 15. Dezember 2025 von https://essentials.swissdox.ch/</p>
source_comment: ",exact,2017-01-18T12:00:00,,,,,,
557,1158,71,1,,,"page_number_string: 
notes: 
source_full_citation: <p>Gr&uuml;ne Kanton Uri. (24. Januar 2020). <em>Die GR&Uuml;NEN Uri starten neu</em>. Abgerufen am 15. Dezember 2025 von https://gruene-uri.ch/blog/allgemein/die-grunen-uri-starten-neu</p>
source_comment: ",exact,2020-01-13T12:00:00,,,,,,
558,718,73,1,,,"page_number_string: 
notes: 
source_full_citation: <p>Hanhart, U. (02. April 2022). Nun gibt es auch in Uri eine GLP. In <em>Urner Zeitung</em>. Abgerufen am 15. Dezember 2025 von https://www.urnerzeitung.ch/zentralschweiz/uri/partei-nun-gibt-es-auch-in-uri-eine-glp-ld.2271662</p>
source_comment: ",exact,2022-04-01T12:00:00,,,unknown,2023-01-01T12:00:00,,
559,65,73,1,,,"page_number_string: 
notes: 
source_full_citation: <p>Hanhart, U. (02. April 2022). Nun gibt es auch in Uri eine GLP. In <em>Urner Zeitung</em>. Abgerufen am 15. Dezember 2025 von https://www.urnerzeitung.ch/zentralschweiz/uri/partei-nun-gibt-es-auch-in-uri-eine-glp-ld.2271662</p>
source_comment: ",exact,2022-04-01T12:00:00,,,exact,2024-06-19T12:00:00,,
560,732,73,1,,,"page_number_string: 
notes: 
source_full_citation: <p>GLP Kanton Uri. (22. Juni 2024). <em>Generalversammlung GLP Uri - neue Vorstandsstruktur</em>. Abgerufen am 15. Dezember 2025 von https://ur.grunliberale.ch/generalversammlung-und-1-jahres-jubilaeum-der-glp-uri/</p>
source_comment: ",exact,2024-06-19T12:00:00,,,,,,
561,2149,57,1,,,"page_number_string: 
notes: 
source_full_citation: <p>S. (05. Mai 1972). CVP Delegiertenversammlung der christlichdemokratischen Volkspartei des Kantons Luzern. In <em>Entlebucher Anzeiger.</em> Abgerufen am 16. Dezember 2025 von https://www.e-newspaperarchives.ch/?a=d&amp;d=ENA19720505-01.2.20.</p>
source_comment: ",multiyear,1972-01-01T12:00:00,,,unknown,1976-01-01T12:00:00,,
562,743,1,,5,,"page_number_string: 730ff.
notes: 
source_full_citation: <p>Altermatt, U. (2019). <em>Das Bundesratslexikon</em>. NZZ Libro.</p>
source_comment: ",exact,1971-09-22T12:00:00,,,exact,1979-12-31T12:00:00,,
563,1652,1,,5,,"page_number_string: 630ff.
notes: 
source_full_citation: <p>Altermatt, U. (2019). <em>Das Bundesratslexikon</em>. NZZ Libro.</p>
source_comment: ",exact,1980-01-01T12:00:00,,,exact,1987-12-31T12:00:00,,
564,1384,1,,5,,"page_number_string: 630ff.
notes: 
source_full_citation: <p>Altermatt, U. (2019). <em>Das Bundesratslexikon</em>. NZZ Libro.</p>
source_comment: ",exact,1988-01-01T12:00:00,,,exact,2000-12-31T12:00:00,,
565,1661,1,,5,,"page_number_string: 630ff.
notes: 
source_full_citation: <p>Altermatt, U. (2019). <em>Das Bundesratslexikon</em>. NZZ Libro.</p>
source_comment: 

page_number_string: 
notes: 
source_full_citation: <p>ap. (30. Juni 2008). Bundesrat Schmid bekr&auml;ftigt &Uuml;bertritt zur BDP. In <em>Neue Z&uuml;rcher Zeitung</em>.&nbsp;</p>
source_comment: ",exact,2001-01-01T12:00:00,,,exact,2008-07-05T12:00:00,,
566,195,1,,5,,"page_number_string: 630ff.
notes: 
source_full_citation: <p>Altermatt, U. (2019). <em>Das Bundesratslexikon</em>. NZZ Libro.</p>
source_comment: ",exact,2004-04-01T12:00:00,,,exact,2007-12-31T12:00:00,,
567,2011,1,,5,"note_translations: languages_code: de-CH
note: Formeller Entscheid SVP CH am 1.6.2008, Statuten-Beschluss der SVP GR am 16.6.2008.","page_number_string: 630ff.
notes: 
source_full_citation: <p>Altermatt, U. (2019). <em>Das Bundesratslexikon</em>. NZZ Libro.</p>
source_comment: ",exact,2008-01-01T12:00:00,,,exact,2008-06-16T12:00:00,,
568,1218,1,,5,,"page_number_string: 630ff.
notes: 
source_full_citation: <p>Altermatt, U. (2019). <em>Das Bundesratslexikon</em>. NZZ Libro.</p>
source_comment: ",exact,2009-01-01T12:00:00,,,exact,2022-12-31T12:00:00,,
569,1405,1,,5,,"page_number_string: 
notes: 
source_full_citation: <p>Wikipedia. (2025). <em>Guy Parmelin</em>. Abgerufen am 16. Dezember 2025 von https://de.wikipedia.org/wiki/Guy_Parmelin</p>
source_comment: ",exact,2016-01-01T12:00:00,,,,,,
570,1522,1,,5,,"page_number_string: 
notes: 
source_full_citation: <p>Wikipedia. (2025). <em>Albert R&ouml;sti</em>. Abgerufen am 16. Dezember 2025 von https://de.wikipedia.org/wiki/Albert_R%C3%B6sti</p>
source_comment: ",exact,2023-01-01T12:00:00,,,,,,
571,1364,2,,5,,"page_number_string: 630ff.
notes: 
source_full_citation: <p>Altermatt, U. (2019). <em>Das Bundesratslexikon</em>. NZZ Libro.</p>
source_comment: ",exact,1944-01-01T12:00:00,,,exact,1951-12-31T12:00:00,,
572,1974,2,,5,,"page_number_string: 630ff.
notes: 
source_full_citation: <p>Altermatt, U. (2019). <em>Das Bundesratslexikon</em>. NZZ Libro.</p>
source_comment: ",exact,1952-01-01T12:00:00,,,exact,1954-01-31T12:00:00,,
573,1756,2,,5,,"page_number_string: 630ff.
notes: 
source_full_citation: <p>Altermatt, U. (2019). <em>Das Bundesratslexikon</em>. NZZ Libro.</p>
source_comment: ",exact,1960-01-01T12:00:00,,,exact,1970-01-31T12:00:00,,
574,1881,2,,5,,"page_number_string: 630ff.
notes: 
source_full_citation: <p>Altermatt, U. (2019). <em>Das Bundesratslexikon</em>. NZZ Libro.</p>
source_comment: ",exact,1960-01-01T12:00:00,,,exact,1973-12-31T12:00:00,,
575,761,2,,5,,"page_number_string: 630ff.
notes: 
source_full_citation: <p>Altermatt, U. (2019). <em>Das Bundesratslexikon</em>. NZZ Libro.</p>
source_comment: ",exact,1970-02-01T12:00:00,,,exact,1978-01-31T12:00:00,,
576,1509,2,,5,,"page_number_string: 630ff.
notes: 
source_full_citation: <p>Altermatt, U. (2019). <em>Das Bundesratslexikon</em>. NZZ Libro.</p>
source_comment: ",exact,1974-01-01T12:00:00,,,exact,1983-10-16T12:00:00,,
577,71,2,,5,,"page_number_string: 630ff.
notes: 
source_full_citation: <p>Altermatt, U. (2019). <em>Das Bundesratslexikon</em>. NZZ Libro.</p>
source_comment: ",exact,1978-02-01T12:00:00,,,exact,1987-12-31T12:00:00,,
578,2150,36,2,,,"page_number_string: 138
notes: 
source_full_citation: <p>SP Schweiz. (Hrsg.). (2013). <em>Einig - aber nicht einheitlich. 125 Jahre Sozialdemokratische Partei der Schweiz</em>. Redboox edition und Limmat Verlag Z&uuml;rich.</p>
source_comment: ",year,1912-07-01T12:00:00,,,unknown,1919-01-01T12:00:00,,
579,2151,36,2,,,"page_number_string: 
notes: 
source_full_citation: <p>Stettler, P. (2006). Fritz Giovanoli. In <em>Historisches Lexikon der Schweiz (HLS)</em>. Abgerufen am 06. Januar 2026 von https://hls-dhs-dss.ch/de/articles/005681/2006-12-19/</p>
source_comment: ",year,1933-07-01T12:00:00,,,year,1946-07-01T12:00:00,,
580,2152,25,2,,,"page_number_string: 
notes: 
source_full_citation: <p>CVP Kanton Z&uuml;rich (1996). <em>100 Jahre CVP Kanton Z&uuml;rich</em>. Christlichdemokratische Volkspartei des Kantons Z&uuml;rich.</p>
source_comment: ",year,1948-07-01T12:00:00,,,year,1967-07-01T12:00:00,,
581,2153,25,2,,,"page_number_string: 164
notes: 
source_full_citation: <p>CVP Kanton Z&uuml;rich (1996). <em>100 Jahre CVP Kanton Z&uuml;rich</em>. Christlichdemokratische Volkspartei des Kantons Z&uuml;rich.</p>
source_comment: ",year,1969-07-01T12:00:00,,"page_number_string: 
notes: ",year,1973-07-01T12:00:00,,
582,2154,25,2,,,"page_number_string: 164
notes: 
source_full_citation: <p>CVP Kanton Z&uuml;rich (1996). <em>100 Jahre CVP Kanton Z&uuml;rich</em>. Christlichdemokratische Volkspartei des Kantons Z&uuml;rich.</p>
source_comment: ",year,1974-07-01T12:00:00,,,year,1982-07-01T12:00:00,,
583,2155,25,2,,,"page_number_string: 164
notes: 
source_full_citation: <p>CVP Kanton Z&uuml;rich (1996). <em>100 Jahre CVP Kanton Z&uuml;rich</em>. Christlichdemokratische Volkspartei des Kantons Z&uuml;rich.</p>
source_comment: ",year,1982-07-01T12:00:00,,,year,1986-07-01T12:00:00,,
584,2156,25,2,,,"page_number_string: 164
notes: 
source_full_citation: <p>CVP Kanton Z&uuml;rich (1996). <em>100 Jahre CVP Kanton Z&uuml;rich</em>. Christlichdemokratische Volkspartei des Kantons Z&uuml;rich.</p>
source_comment: ",year,1986-07-01T12:00:00,,,year,1988-07-01T12:00:00,,
585,2157,25,2,,,"page_number_string: 164
notes: 
source_full_citation: <p>CVP Kanton Z&uuml;rich (1996). <em>100 Jahre CVP Kanton Z&uuml;rich</em>. Christlichdemokratische Volkspartei des Kantons Z&uuml;rich.</p>
source_comment: ",year,1988-07-01T12:00:00,,,unknown,1999-07-01T12:00:00,"note_translations: languages_code: de-CH
note: Stephan Schwitter war jedenfalls länger als bis 1996 Generalsekretär (CVP Kanton Zürich 1996, S. 164)",
586,2158,101,1,,,"page_number_string: 87
notes: 
source_full_citation: <p>Larcher, Marie-Therese (1996). Die Geschichte der CVP-Frauen beginnt in Z&uuml;rich. In: CVP Kanton Z&uuml;rich (Hrsg.), <em>100 Jahre CVP Kanton Z&uuml;rich</em> (S. 85-89). Christlichdemokratische Volkspartei des Kantons Z&uuml;rich.</p>
source_comment: ",exact,1979-03-05T12:00:00,,"page_number_string: 87
notes: 
source_full_citation: <p>Larcher, Marie-Therese (1996). Die Geschichte der CVP-Frauen beginnt in Z&uuml;rich. In: CVP Kanton Z&uuml;rich (Hrsg.), <em>100 Jahre CVP Kanton Z&uuml;rich</em> (S. 85-89). Christlichdemokratische Volkspartei des Kantons Z&uuml;rich.</p>
source_comment: ",year,1983-07-01T12:00:00,,"page_number_string: 88
notes: 
source_full_citation: <p>Larcher, Marie-Therese (1996). Die Geschichte der CVP-Frauen beginnt in Z&uuml;rich. In: CVP Kanton Z&uuml;rich (Hrsg.), <em>100 Jahre CVP Kanton Z&uuml;rich</em> (S. 85-89). Christlichdemokratische Volkspartei des Kantons Z&uuml;rich.</p>
source_comment: "
587,2159,101,1,,,"page_number_string: 88
notes: 
source_full_citation: <p>Larcher, Marie-Therese (1996). Die Geschichte der CVP-Frauen beginnt in Z&uuml;rich. In: CVP Kanton Z&uuml;rich (Hrsg.), <em>100 Jahre CVP Kanton Z&uuml;rich</em> (S. 85-89). Christlichdemokratische Volkspartei des Kantons Z&uuml;rich.</p>
source_comment: ",year,1983-07-01T12:00:00,,,year,1988-07-01T12:00:00,,
588,2160,101,1,,,"page_number_string: 88
notes: 
source_full_citation: <p>Larcher, Marie-Therese (1996). Die Geschichte der CVP-Frauen beginnt in Z&uuml;rich. In: CVP Kanton Z&uuml;rich (Hrsg.), <em>100 Jahre CVP Kanton Z&uuml;rich</em> (S. 85-89). Christlichdemokratische Volkspartei des Kantons Z&uuml;rich.</p>
source_comment: ",year,1988-07-01T12:00:00,,,unknown,1998-07-01T12:00:00,,
589,2161,25,2,,,"page_number_string: 32, 164
notes: 
source_full_citation: <p>CVP Kanton Z&uuml;rich (1996). <em>100 Jahre CVP Kanton Z&uuml;rich</em>. Christlichdemokratische Volkspartei des Kantons Z&uuml;rich.</p>
source_comment: ",unknown,1930-01-01T12:00:00,,,unknown,1935-01-01T12:00:00,,
590,2162,25,2,,,"page_number_string: 29, 164
notes: 
source_full_citation: <p>CVP Kanton Z&uuml;rich (1996). <em>100 Jahre CVP Kanton Z&uuml;rich</em>. Christlichdemokratische Volkspartei des Kantons Z&uuml;rich.</p>
source_comment: ",unknown,1925-01-01T12:00:00,,,unknown,1930-01-01T12:00:00,,
591,2163,25,2,,,"page_number_string: 164
notes: 
source_full_citation: <p>CVP Kanton Z&uuml;rich (1996). <em>100 Jahre CVP Kanton Z&uuml;rich</em>. Christlichdemokratische Volkspartei des Kantons Z&uuml;rich.</p>
source_comment: ",unknown,1922-01-01T12:00:00,,,unknown,1923-01-01T12:00:00,,
592,2164,66,1,,,"page_number_string: 
notes: 
source_full_citation: <p>Mitte-Links CSP Schweiz (2023). <em>Portrait Marius Achermann</em>. Abgerufen am 19. Januar 2026 von https://web.archive.org/web/20230109192707/http://www.csp-pcs.ch/csp/index.php?id=393&amp;lang=de</p>
source_comment: ",month,2010-08-15T12:00:00,,"page_number_string: 
notes: 
source_full_citation: <p>Mitte-Links CSP Schweiz (2023). <em>Portrait Marius Achermann</em>. Abgerufen am 19. Januar 2026 von https://web.archive.org/web/20230109192707/http://www.csp-pcs.ch/csp/index.php?id=393&amp;lang=de</p>
source_comment: ",,,,
593,2165,102,1,,,"page_number_string: 86
notes: 
source_full_citation: <p>Altermatt, U. (2000). Die Christlichdemokratische Volkspartei der Schweiz 1945-1999. In H.-J. Veen (Hrsg.), <em>Christlich-demokratische und konservative Parteien in Westeuropa 5</em> (S. 35-115). Sch&ouml;ningh.</p>
source_comment: ",exact,1975-05-17T12:00:00,"note_translations: languages_code: de-CH
note: Altermatt (2000: 86) nennt gar 1974 als Beginn von Larcher-Schelberts Amtszeit, die Gründung der Arbeitsgemeinschaft erfolgte jedoch erst am 17.5.1975.","page_number_string: 86
notes: 
source_full_citation: <p>Altermatt, U. (2000). Die Christlichdemokratische Volkspartei der Schweiz 1945-1999. In H.-J. Veen (Hrsg.), <em>Christlich-demokratische und konservative Parteien in Westeuropa 5</em> (S. 35-115). Sch&ouml;ningh.</p>
source_comment: ",year,1986-07-01T12:00:00,,"page_number_string: 86
notes: 
source_full_citation: <p>Altermatt, U. (2000). Die Christlichdemokratische Volkspartei der Schweiz 1945-1999. In H.-J. Veen (Hrsg.), <em>Christlich-demokratische und konservative Parteien in Westeuropa 5</em> (S. 35-115). Sch&ouml;ningh.</p>
source_comment: "
594,2166,102,1,,,"page_number_string: 86
notes: 
source_full_citation: <p>Altermatt, U. (2000). Die Christlichdemokratische Volkspartei der Schweiz 1945-1999. In H.-J. Veen (Hrsg.), <em>Christlich-demokratische und konservative Parteien in Westeuropa 5</em> (S. 35-115). Sch&ouml;ningh.</p>
source_comment: ",year,1986-07-01T12:00:00,,,month,1991-10-15T12:00:00,,
595,2167,102,1,,,"page_number_string: 86
notes: 
source_full_citation: <p>Altermatt, U. (2000). Die Christlichdemokratische Volkspartei der Schweiz 1945-1999. In H.-J. Veen (Hrsg.), <em>Christlich-demokratische und konservative Parteien in Westeuropa 5</em> (S. 35-115). Sch&ouml;ningh.</p>
source_comment: 

page_number_string: 
notes: 
source_full_citation: <p>Wikipedia. (2026). <em>Die Mitte Frauen Schweiz</em>. Abgerufen am 21. Januar 2026 von https://de.wikipedia.org/wiki/Die_Mitte_Frauen_Schweiz</p>
source_comment: ",month,1991-10-15T12:00:00,,,year,2001-07-01T12:00:00,,
596,2168,102,1,,,"page_number_string: 
notes: 
source_full_citation: <p>Wikipedia. (2026). <em>Die Mitte Frauen Schweiz</em>. Abgerufen am 21. Januar 2026 von https://de.wikipedia.org/wiki/Die_Mitte_Frauen_Schweiz</p>
source_comment: ",year,2001-07-01T12:00:00,,,year,2009-07-01T12:00:00,,
597,2169,102,1,,,"page_number_string: 
notes: 
source_full_citation: <p>Wikipedia. (2026). <em>Die Mitte Frauen Schweiz</em>. Abgerufen am 21. Januar 2026 von https://de.wikipedia.org/wiki/Die_Mitte_Frauen_Schweiz</p>
source_comment: 

page_number_string: 
notes: 
source_full_citation: <p>CVP-Frauen Schweiz. (2021). <em>Christina Bachmann-Roth ist Pr&auml;sidentin der CVP-Frauen Schweiz</em>. Abgerufen am 22. Januar 2026 von https://frauen.die-mitte.ch/christina-bachmann-roth-ist-praesidentin-der-cvp-frauen-schweiz/</p>
source_comment: ",year,2009-07-01T12:00:00,,,month,2021-06-15T12:00:00,"note_translations: languages_code: de-CH
note: In einer Medienmitteilung vom Dezember 2020 war hingegen noch der 6.3.2021 als Rücktrittsdatum von Babette Sigg Frank angekündigt worden.","page_number_string: 
notes: 
source_full_citation: <p>CVP-Frauen Schweiz. (2021). <em>Christina Bachmann-Roth ist Pr&auml;sidentin der CVP-Frauen Schweiz</em>. Abgerufen am 22. Januar 2026 von https://frauen.die-mitte.ch/christina-bachmann-roth-ist-praesidentin-der-cvp-frauen-schweiz/</p>
source_comment: "
598,2170,102,1,,,"page_number_string: 
notes: 
source_full_citation: <p>CVP-Frauen Schweiz. (2021). <em>Christina Bachmann-Roth ist Pr&auml;sidentin der CVP-Frauen Schweiz</em>. Abgerufen am 22. Januar 2026 von https://frauen.die-mitte.ch/christina-bachmann-roth-ist-praesidentin-der-cvp-frauen-schweiz/</p>
source_comment: ",exact,2021-10-23T12:00:00,,"page_number_string: 
notes: 
source_full_citation: <p>CVP-Frauen Schweiz. (2021). <em>Christina Bachmann-Roth ist Pr&auml;sidentin der CVP-Frauen Schweiz</em>. Abgerufen am 22. Januar 2026 von https://frauen.die-mitte.ch/christina-bachmann-roth-ist-praesidentin-der-cvp-frauen-schweiz/</p>
source_comment: ",,,,
599,2171,10,2,,,"page_number_string: 
notes: 
source_full_citation: <p>K&uuml;ng-Aerni, B. (2010). Rosenberg, Martin. In <em>Historisches Lexikon der Schweiz (HLS)</em>. Abgerufen am 26. Januar 2026 von https://hls-dhs-dss.ch/de/articles/041350/2010-11-11/</p>
source_comment: 

page_number_string: 13
notes: 
source_full_citation: <p>Verein Die Politik, &amp; CVP Schweiz. (2012). <em>100 Jahre CVP : Politik der dynamischen Mitte</em>. Die Politik.</p>
source_comment: ",year,1941-07-01T12:00:00,,,year,1968-07-01T12:00:00,,
600,2172,10,2,,,"page_number_string: 
notes: 
source_full_citation: <p>Wikipedia. (2026). <em>Urs C. Reinhardt</em><span class=""mw-page-title-main"">. Abgerufen am 26. Januar 2026 vo</span>n <a href=""https://de.wikipedia.org/wiki/Urs_C._Reinhardt"">https://de.wikipedia.org/wiki/Demokratisch-Soziale_Partei</a></p>
source_comment: 

page_number_string: 13
notes: 
source_full_citation: <p>Verein Die Politik, &amp; CVP Schweiz. (2012). <em>100 Jahre CVP : Politik der dynamischen Mitte</em>. Die Politik.</p>
source_comment: ",year,1968-07-01T12:00:00,,,year,1974-07-01T12:00:00,,
601,2173,10,2,,,"page_number_string: 
notes: 
source_full_citation: <p>Wikipedia. (2026). <em>Christlichdemokratische Volkspartei</em>. Abgerufen am 26. Januar 2026 von https://de.wikipedia.org/wiki/Christlichdemokratische_Volkspartei#Generalsekret%C3%A4re</p>
<p>&nbsp;</p>
source_comment: ",year,1921-07-01T12:00:00,,,year,1928-07-01T12:00:00,,"page_number_string: 
notes: "
602,2174,10,2,,,"page_number_string: 
notes: 
source_full_citation: <p>Wikipedia. (2026). <em>Christlichdemokratische Volkspartei</em>. Abgerufen am 26. Januar 2026 von https://de.wikipedia.org/wiki/Christlichdemokratische_Volkspartei#Generalsekret%C3%A4re</p>
<p>&nbsp;</p>
source_comment: ",year,1928-07-01T12:00:00,,,year,1941-07-01T12:00:00,,
603,2175,10,2,,,"page_number_string: 
notes: 
source_full_citation: <p>Wikipedia. (2026). <em>Christlichdemokratische Volkspartei</em>. Abgerufen am 26. Januar 2026 von https://de.wikipedia.org/wiki/Christlichdemokratische_Volkspartei#Generalsekret%C3%A4re</p>
<p>&nbsp;</p>
source_comment: 

page_number_string: 85
notes: 
source_full_citation: <p>Verein Die Politik, &amp; CVP Schweiz. (2012). <em>100 Jahre CVP : Politik der dynamischen Mitte</em>. Die Politik.</p>
source_comment: ",year,1974-07-01T12:00:00,,,year,1988-07-01T12:00:00,,
604,2176,10,2,,,"page_number_string: 
notes: 
source_full_citation: <p>Wikipedia. (2026). <em>Christlichdemokratische Volkspartei</em>. Abgerufen am 26. Januar 2026 von https://de.wikipedia.org/wiki/Christlichdemokratische_Volkspartei#Generalsekret%C3%A4re</p>
<p>&nbsp;</p>
source_comment: 

page_number_string: 85
notes: 
source_full_citation: <p>Verein Die Politik, &amp; CVP Schweiz. (2012). <em>100 Jahre CVP : Politik der dynamischen Mitte</em>. Die Politik.</p>
source_comment: ",year,1988-07-01T12:00:00,,,year,1992-07-01T12:00:00,,
605,2177,10,2,,,"page_number_string: 
notes: 
source_full_citation: <p>Wikipedia. (2026). <em>Christlichdemokratische Volkspartei</em>. Abgerufen am 26. Januar 2026 von https://de.wikipedia.org/wiki/Christlichdemokratische_Volkspartei#Generalsekret%C3%A4re</p>
<p>&nbsp;</p>
source_comment: ",year,1992-07-01T12:00:00,,,year,1997-07-01T12:00:00,,
606,2178,10,2,,,"page_number_string: 
notes: 
source_full_citation: <p>Wikipedia. (2026). <em>Christlichdemokratische Volkspartei</em>. Abgerufen am 26. Januar 2026 von https://de.wikipedia.org/wiki/Christlichdemokratische_Volkspartei#Generalsekret%C3%A4re</p>
<p>&nbsp;</p>
source_comment: ",year,1997-07-01T12:00:00,,,year,2001-07-01T12:00:00,,
607,2179,10,2,,,"page_number_string: 
notes: 
source_full_citation: <p>Wikipedia. (2026). <em>Christlichdemokratische Volkspartei</em>. Abgerufen am 26. Januar 2026 von https://de.wikipedia.org/wiki/Christlichdemokratische_Volkspartei#Generalsekret%C3%A4re</p>
<p>&nbsp;</p>
source_comment: ",year,2001-07-01T12:00:00,,,year,2008-07-01T12:00:00,,
608,2180,10,2,,,"page_number_string: 
notes: 
source_full_citation: <p>Wikipedia. (2026). <em>Christlichdemokratische Volkspartei</em>. Abgerufen am 26. Januar 2026 von https://de.wikipedia.org/wiki/Christlichdemokratische_Volkspartei#Generalsekret%C3%A4re</p>
<p>&nbsp;</p>
source_comment: ",year,2008-07-01T12:00:00,,,year,2012-07-01T12:00:00,,
609,2181,10,2,,,"page_number_string: 
notes: 
source_full_citation: <p>Wikipedia. (2026). <em>Christlichdemokratische Volkspartei</em>. Abgerufen am 26. Januar 2026 von https://de.wikipedia.org/wiki/Christlichdemokratische_Volkspartei#Generalsekret%C3%A4re</p>
<p>&nbsp;</p>
source_comment: ",year,2012-07-01T12:00:00,,,year,2018-07-01T12:00:00,,
610,2182,10,2,,,"page_number_string: 
notes: 
source_full_citation: <p>Wikipedia. (2026). <em>Christlichdemokratische Volkspartei</em>. Abgerufen am 26. Januar 2026 von https://de.wikipedia.org/wiki/Christlichdemokratische_Volkspartei#Generalsekret%C3%A4re</p>
<p>&nbsp;</p>
source_comment: ",year,2018-07-01T12:00:00,,,exact,2020-12-31T12:00:00,,
611,2182,4,2,,,"page_number_string: 
notes: 
source_full_citation: <p>Die Mitte Schweiz. (2025). <em>Blaise Fasel zum neuen Mitte-Generalsekret&auml;r gew&auml;hlt</em>. Abgerufen am 26. Januar 2026 von https://die-mitte.ch/blaise-fasel-zum-neuen-mitte-generalsekretaer-gewaehlt/</p>
source_comment: ",exact,2021-01-01T12:00:00,,,exact,2025-09-30T12:00:00,,"page_number_string: 
notes: "
612,2183,4,2,,,"page_number_string: 
notes: 
source_full_citation: <p>Die Mitte Schweiz. (2025). <em>Blaise Fasel zum neuen Mitte-Generalsekret&auml;r gew&auml;hlt</em>. Abgerufen am 26. Januar 2026 von https://die-mitte.ch/blaise-fasel-zum-neuen-mitte-generalsekretaer-gewaehlt/</p>
source_comment: ",exact,2025-10-01T12:00:00,,,,,,
613,2184,127,1,,,"page_number_string: 
notes: 
source_full_citation: <p>Maillard, F. (2026). Parti radical-r&eacute;formiste jurassien (PRR). In <em>Dictionnaire du Jura (DIJU)</em>. Consult&eacute; le 12 f&eacute;vrier 2026, sur https://diju.ch/f/notices/detail/1003472-parti-radical-reformiste-jurassien-prr</p>
source_comment: ",year,1974-07-01T12:00:00,,,year,1976-07-01T12:00:00,,
614,2185,127,1,,,"page_number_string: 
notes: 
source_full_citation: <p>Maillard, F. (2026). Parti radical-r&eacute;formiste jurassien (PRR). In <em>Dictionnaire du Jura (DIJU)</em>. Consult&eacute; le 12 f&eacute;vrier 2026, sur https://diju.ch/f/notices/detail/1003472-parti-radical-reformiste-jurassien-prr</p>
source_comment: ",year,1976-07-01T12:00:00,,,year,1982-07-01T12:00:00,,
615,2186,127,1,,,"page_number_string: 
notes: 
source_full_citation: <p>Maillard, F. (2026). Parti radical-r&eacute;formiste jurassien (PRR). In <em>Dictionnaire du Jura (DIJU)</em>. Consult&eacute; le 12 f&eacute;vrier 2026, sur https://diju.ch/f/notices/detail/1003472-parti-radical-reformiste-jurassien-prr</p>
source_comment: ",year,1982-07-01T12:00:00,,,year,1987-07-01T12:00:00,,
616,2187,125,1,,,"page_number_string: 
notes: 
source_full_citation: <p>Maillard, F. (2026). Parti lib&eacute;ral-radical jurassien (PLRJ). In <em>Dictionnaire du Jura (DIJU)</em>. Consult&eacute; le 12 f&eacute;vrier 2026, sur https://diju.ch/f/notices/detail/1003504-parti-liberal-radical-jurassien-plrj</p>
source_comment: ",year,1920-07-01T12:00:00,,,year,1930-07-01T12:00:00,,
617,2188,125,1,,,"page_number_string: 
notes: 
source_full_citation: <p>Maillard, F. (2026). Parti lib&eacute;ral-radical jurassien (PLRJ). In <em>Dictionnaire du Jura (DIJU)</em>. Consult&eacute; le 12 f&eacute;vrier 2026, sur https://diju.ch/f/notices/detail/1003504-parti-liberal-radical-jurassien-plrj</p>
source_comment: ",multiyear,1940-01-01T12:00:00,,,multiyear,1949-01-01T12:00:00,,
618,1035,125,1,,,"page_number_string: 
notes: 
source_full_citation: <p>Maillard, F. (2026). Parti lib&eacute;ral-radical jurassien (PLRJ). In <em>Dictionnaire du Jura (DIJU)</em>. Consult&eacute; le 12 f&eacute;vrier 2026, sur https://diju.ch/f/notices/detail/1003504-parti-liberal-radical-jurassien-plrj</p>
source_comment: ",year,1954-07-01T12:00:00,,,year,1958-07-01T12:00:00,,
619,2189,125,1,,,"page_number_string: 
notes: 
source_full_citation: <p>Maillard, F. (2026). Parti lib&eacute;ral-radical jurassien (PLRJ). In <em>Dictionnaire du Jura (DIJU)</em>. Consult&eacute; le 12 f&eacute;vrier 2026, sur https://diju.ch/f/notices/detail/1003504-parti-liberal-radical-jurassien-plrj</p>
source_comment: ",year,1958-07-01T12:00:00,,,year,1962-07-01T12:00:00,,
620,2190,125,1,,,"page_number_string: 
notes: 
source_full_citation: <p>Maillard, F. (2026). Parti lib&eacute;ral-radical jurassien (PLRJ). In <em>Dictionnaire du Jura (DIJU)</em>. Consult&eacute; le 12 f&eacute;vrier 2026, sur https://diju.ch/f/notices/detail/1003504-parti-liberal-radical-jurassien-plrj</p>
source_comment: ",year,1962-07-01T12:00:00,,,year,1968-07-01T12:00:00,,
621,2191,125,1,,,"page_number_string: 
notes: 
source_full_citation: <p>Maillard, F. (2026). Parti lib&eacute;ral-radical jurassien (PLRJ). In <em>Dictionnaire du Jura (DIJU)</em>. Consult&eacute; le 12 f&eacute;vrier 2026, sur https://diju.ch/f/notices/detail/1003504-parti-liberal-radical-jurassien-plrj</p>
source_comment: ",year,1969-07-01T12:00:00,,,year,1976-07-01T12:00:00,,
622,655,139,1,,,"page_number_string: 
notes: 
source_full_citation: <p>Felley, E. (24 juin1999). L<span class=""NVE19990624-01.2.19.6.2-Title-0"">'UDC valaisanne est n&eacute;e. In <em>Le Nouvelliste</em>. Consult&eacute; le 16 f&eacute;vrier 2026, sur </span>https://www.e-newspaperarchives.ch/?a=d&amp;d=NVE19990624-01.2.19.6.2</p>
source_comment: ",exact,1999-07-15T12:00:00,,,exact,2002-11-28T12:00:00,,
623,2192,139,1,,,"page_number_string: 
notes: 
source_full_citation: <p>Pellegrini, V. (29 novembre 2002). L<span class=""NVE20021129-01.2.25.1-Title-0"">e pr&eacute;sident jette l'&eacute;ponge. In <em>Le Nouvelliste</em>. Consult&eacute; le 16 f&eacute;vrier 2026, sur h</span>ttps://www.e-newspaperarchives.ch/?a=d&amp;d=NVE20021129-01.2.25.1</p>
source_comment: ",exact,2002-11-28T12:00:00,,,exact,2008-11-21T12:00:00,,
624,655,139,1,,,"page_number_string: 
notes: 
source_full_citation: <p>Gabbud, J. (22 novembre 2008). D<span class=""NVE20081122-01.2.28.6-Title-0"">uo savi&eacute;san &agrave; la t&ecirc;te de l'UDC. In<em> Le Nouvelliste</em>. Consult&eacute; le 16 f&eacute;vrier 2026, sur h</span>ttps://www.e-newspaperarchives.ch/?a=d&amp;d=NVE20081122-01.2.28.6</p>
source_comment: ",exact,2008-11-21T12:00:00,,,exact,2013-04-26T12:00:00,,
625,466,139,1,,,"page_number_string: 
notes: 
source_full_citation: <p>Reichen, P. und Loser, P. (29. August 2018). D<span class=""text astro-mrojhlls"" data-testid=""content-title"">ie SVP scheitert in ihrem gr&ouml;ssten Wachstumsmarkt. In <em>Der Bund</em>. Abgerufen am 16. Februar 2026 von https://www.derbund.ch/die-svp-scheitert-in-ihrem-groessten-wachstumsmarkt-510275249896</span></p>
source_comment: 

page_number_string: 
notes: 
source_full_citation: <p>?. (29. April 2013). Zwei neue Co-Pr&auml;sidenten. In <em>Walliser Bote</em>. Abgerufen am 16. Februar 2026 von https://essentials.swissdox.ch/</p>
source_comment: ",exact,2013-04-26T12:00:00,,,exact,2018-08-21T12:00:00,,
626,584,139,1,,,"page_number_string: 
notes: 
source_full_citation: <p>?. (29. April 2013). Zwei neue Co-Pr&auml;sidenten. In <em>Walliser Bote</em>. Abgerufen am 16. Februar 2026 von https://essentials.swissdox.ch/</p>
source_comment: ",exact,2016-04-26T12:00:00,,,exact,2021-10-09T12:00:00,,
627,1286,139,1,,,"page_number_string: 
notes: 
source_full_citation: <p>UDC Valais romand. (10 octobre 2021). <em>L&rsquo;UDCVR renouvelle son comit&eacute; et &eacute;lit Donald Moos &agrave; la pr&eacute;sidence</em>. Consult&eacute; le 16 f&eacute;vrier 2026, sur https://www.udc-valais.ch/artikel/ludcvr-renouvelle-son-comite-et-elit-donald-moos-a-la-presidence/</p>
source_comment: ",exact,2021-10-09T12:00:00,,,,,,
628,800,153,1,,,"page_number_string: 
notes: 
source_full_citation: <p>Wikipedia. (2026). <em>N</em><span class=""mw-page-title-main""><em>eo &ndash; Die sozialliberale Mitte</em>. Abgerufen am 23. Februar 2026 von https://de.wikipedia.org/wiki/Neo_%E2%80%93_Die_sozialliberale_Mitte</span></p>
source_comment: ",year,1949-07-01T12:00:00,,,multiyear,1952-01-01T12:00:00,,
629,1149,153,1,,,"page_number_string: 
notes: 
source_full_citation: <p>Wikipedia. (2026). <em>N</em><span class=""mw-page-title-main""><em>eo &ndash; Die sozialliberale Mitte</em>. Abgerufen am 23. Februar 2026 von https://de.wikipedia.org/wiki/Neo_%E2%80%93_Die_sozialliberale_Mitte</span></p>
source_comment: ",year,1955-07-01T12:00:00,,,year,1965-07-01T12:00:00,,
630,2045,153,1,,,"page_number_string: 
notes: 
source_full_citation: <p>Wikipedia. (2026). <em>N</em><span class=""mw-page-title-main""><em>eo &ndash; Die sozialliberale Mitte</em>. Abgerufen am 23. Februar 2026 von https://de.wikipedia.org/wiki/Neo_%E2%80%93_Die_sozialliberale_Mitte</span></p>
source_comment: ",year,1965-07-01T12:00:00,,,year,1973-07-01T12:00:00,,
631,348,153,1,,,"page_number_string: 
notes: 
source_full_citation: <p>Wikipedia. (2026). <em>N</em><span class=""mw-page-title-main""><em>eo &ndash; Die sozialliberale Mitte</em>. Abgerufen am 23. Februar 2026 von https://de.wikipedia.org/wiki/Neo_%E2%80%93_Die_sozialliberale_Mitte</span></p>
source_comment: ",year,1973-07-01T12:00:00,,,year,1974-07-01T12:00:00,,
632,199,153,1,,,"page_number_string: 
notes: 
source_full_citation: <p>Wikipedia. (2026). <em>N</em><span class=""mw-page-title-main""><em>eo &ndash; Die sozialliberale Mitte</em>. Abgerufen am 23. Februar 2026 von https://de.wikipedia.org/wiki/Neo_%E2%80%93_Die_sozialliberale_Mitte</span></p>
source_comment: ",year,1974-07-01T12:00:00,,,year,1984-07-01T12:00:00,,
633,801,153,1,,,"page_number_string: 
notes: 
source_full_citation: <p>Wikipedia. (2026). <em>N</em><span class=""mw-page-title-main""><em>eo &ndash; Die sozialliberale Mitte</em>. Abgerufen am 23. Februar 2026 von https://de.wikipedia.org/wiki/Neo_%E2%80%93_Die_sozialliberale_Mitte</span></p>
source_comment: ",year,1984-07-01T12:00:00,,,year,1989-07-01T12:00:00,,
634,1684,153,1,,,"page_number_string: 
notes: 
source_full_citation: <p>Wikipedia. (2026). <em>N</em><span class=""mw-page-title-main""><em>eo &ndash; Die sozialliberale Mitte</em>. Abgerufen am 23. Februar 2026 von https://de.wikipedia.org/wiki/Neo_%E2%80%93_Die_sozialliberale_Mitte</span></p>
source_comment: ",year,1989-07-01T12:00:00,,,year,1993-07-01T12:00:00,,
635,56,153,1,,,"page_number_string: 
notes: 
source_full_citation: <p>Wikipedia. (2026). <em>N</em><span class=""mw-page-title-main""><em>eo &ndash; Die sozialliberale Mitte</em>. Abgerufen am 23. Februar 2026 von https://de.wikipedia.org/wiki/Neo_%E2%80%93_Die_sozialliberale_Mitte</span></p>
source_comment: ",year,1993-07-01T12:00:00,,,year,1994-07-01T12:00:00,,
636,937,153,1,,,"page_number_string: 
notes: 
source_full_citation: <p>Wikipedia. (2026). <em>N</em><span class=""mw-page-title-main""><em>eo &ndash; Die sozialliberale Mitte</em>. Abgerufen am 23. Februar 2026 von https://de.wikipedia.org/wiki/Neo_%E2%80%93_Die_sozialliberale_Mitte</span></p>
source_comment: ",year,1994-07-01T12:00:00,,,year,2002-07-01T12:00:00,,
637,181,153,1,,,"page_number_string: 
notes: 
source_full_citation: <p>Wikipedia. (2026). <em>N</em><span class=""mw-page-title-main""><em>eo &ndash; Die sozialliberale Mitte</em>. Abgerufen am 23. Februar 2026 von https://de.wikipedia.org/wiki/Neo_%E2%80%93_Die_sozialliberale_Mitte</span></p>
source_comment: ",year,2002-07-01T12:00:00,,,exact,2008-06-06T12:00:00,,
638,1950,153,1,,,"page_number_string: 
notes: 
source_full_citation: <p>Claivaz, P. (09 juin 2008). Nouvelle pr&eacute;sidente. In <em>Le Nouvelliste</em>. Consult&eacute; le 23 f&eacute;vrier 2026, sur https://essentials.swissdox.ch/</p>
source_comment: ",exact,2008-06-06T12:00:00,,,exact,2009-10-02T12:00:00,,
639,388,153,1,,,"page_number_string: 
notes: 
source_full_citation: <p>Claivaz, P. (03 octobre 2009). Jaunes du Haut en forme et Cina pr&eacute;sident. In<em> Le Nouvelliste</em>. Consult&eacute; le 23 f&eacute;vrier 2026, sur https://essentials.swissdox.ch/</p>
source_comment: 

page_number_string: 
notes: 
source_full_citation: <p>wb. (21. November 2013). CSPO sucht weiter. In <em>Walliser Bote</em>. Abgerufen am 23. Februar 2026 von https://essentials.swissdox.ch/</p>
source_comment: ",exact,2009-10-02T12:00:00,,,exact,2013-11-20T12:00:00,,
640,1720,153,1,,,"page_number_string: 
notes: 
source_full_citation: <p>hbi. (09. Januar 2014). Alex Schwestermann soll die &laquo;Gelben&raquo; aus der Krise f&uuml;hren. In<em> Walliser Bote</em>. Abgerufen am 23. Februar 2026 von https://essentials.swissdox.ch/</p>
source_comment: ",exact,2014-01-23T12:00:00,,,exact,2019-11-07T12:00:00,,
641,305,153,1,,,"page_number_string: 
notes: 
source_full_citation: <p>Biner, D. (08. November 2019). Frauen-Revolte gescheitert. In <em>Walliser Bote</em>. Abgerufen am 23. Februar 2026 von https://essentials.swissdox.ch/</p>
source_comment: ",exact,2019-11-07T12:00:00,,,exact,2022-09-01T12:00:00,,
642,1697,153,1,,,"page_number_string: 
notes: 
source_full_citation: <p>Jossen, T. (02. September 2022). Neue CSPO-Parteileitung &ndash; doch St&auml;nderat Beat Rieder muss weiter zappeln. In <em>Walliser Bote</em>. Abgerufen am 23. Februar 2026 von https://essentials.swissdox.ch/</p>
source_comment: ",exact,2022-09-01T12:00:00,,,exact,2026-01-13T12:00:00,,
643,2193,153,1,,"note_translations: languages_code: de-CH
note: ad interim","page_number_string: 
notes: 
source_full_citation: <p>Bregy, A. (15. Januar 2026). Philipp Loretan &uuml;bernimmt neo-Pr&auml;sidium &ndash; zumindest vorl&auml;ufig. In <em>Walliser Bote</em>. Abgerufen am 23. Februar 2026 von https://essentials.swissdox.ch/</p>
source_comment: ",exact,2026-01-13T12:00:00,,,,,,
644,1952,152,1,,,"page_number_string: 
notes: 
source_full_citation: <p>Wikipedia. (2026). <em>D</em><span class=""mw-page-title-main""><em>ie Mitte Oberwallis</em>. Abgerufen am 23. Februar 2026 von https://de.wikipedia.org/wiki/Die_Mitte_Oberwallis</span></p>
source_comment: ",year,1919-07-01T12:00:00,,,year,1925-07-01T12:00:00,,
645,563,152,1,,,"page_number_string: 
notes: 
source_full_citation: <p>Wikipedia. (2026). <em>D</em><span class=""mw-page-title-main""><em>ie Mitte Oberwallis</em>. Abgerufen am 23. Februar 2026 von https://de.wikipedia.org/wiki/Die_Mitte_Oberwallis</span></p>
source_comment: ",year,1925-07-01T12:00:00,,,year,1950-07-01T12:00:00,,
646,518,152,1,,,"page_number_string: 
notes: 
source_full_citation: <p>Wikipedia. (2026). <em>D</em><span class=""mw-page-title-main""><em>ie Mitte Oberwallis</em>. Abgerufen am 23. Februar 2026 von https://de.wikipedia.org/wiki/Die_Mitte_Oberwallis</span></p>
source_comment: ",year,1951-07-01T12:00:00,,,year,1954-07-01T12:00:00,,
647,986,152,1,,,"page_number_string: 
notes: 
source_full_citation: <p>Wikipedia. (2026). <em>D</em><span class=""mw-page-title-main""><em>ie Mitte Oberwallis</em>. Abgerufen am 23. Februar 2026 von https://de.wikipedia.org/wiki/Die_Mitte_Oberwallis</span></p>
source_comment: ",year,1955-07-01T12:00:00,,,year,1967-07-01T12:00:00,,
648,562,152,1,,,"page_number_string: 
notes: 
source_full_citation: <p>Wikipedia. (2026). <em>D</em><span class=""mw-page-title-main""><em>ie Mitte Oberwallis</em>. Abgerufen am 23. Februar 2026 von https://de.wikipedia.org/wiki/Die_Mitte_Oberwallis</span></p>
source_comment: ",year,1968-07-01T12:00:00,,,year,1981-07-01T12:00:00,,
649,676,152,1,,,"page_number_string: 
notes: 
source_full_citation: <p>Wikipedia. (2026). <em>D</em><span class=""mw-page-title-main""><em>ie Mitte Oberwallis</em>. Abgerufen am 23. Februar 2026 von https://de.wikipedia.org/wiki/Die_Mitte_Oberwallis</span></p>
source_comment: ",year,1981-07-01T12:00:00,,,year,1988-07-01T12:00:00,,
650,1666,152,1,,,"page_number_string: 
notes: 
source_full_citation: <p>Wikipedia. (2026). <em>D</em><span class=""mw-page-title-main""><em>ie Mitte Oberwallis</em>. Abgerufen am 23. Februar 2026 von https://de.wikipedia.org/wiki/Die_Mitte_Oberwallis</span></p>
source_comment: ",year,1988-07-01T12:00:00,,,year,1994-07-01T12:00:00,,
651,1874,152,1,,,"page_number_string: 
notes: 
source_full_citation: <p>Wikipedia. (2026). <em>D</em><span class=""mw-page-title-main""><em>ie Mitte Oberwallis</em>. Abgerufen am 23. Februar 2026 von https://de.wikipedia.org/wiki/Die_Mitte_Oberwallis</span></p>
source_comment: ",year,1994-07-01T12:00:00,,,year,1998-07-01T12:00:00,,
652,846,152,1,,,"page_number_string: 
notes: 
source_full_citation: <p>Wikipedia. (2026). <em>D</em><span class=""mw-page-title-main""><em>ie Mitte Oberwallis</em>. Abgerufen am 23. Februar 2026 von https://de.wikipedia.org/wiki/Die_Mitte_Oberwallis</span></p>
source_comment: ",year,1998-07-01T12:00:00,,,month,2000-05-15T12:00:00,,
653,984,152,1,,,"page_number_string: 
notes: 
source_full_citation: <p>Wikipedia. (2026). <em>D</em><span class=""mw-page-title-main""><em>ie Mitte Oberwallis</em>. Abgerufen am 23. Februar 2026 von https://de.wikipedia.org/wiki/Die_Mitte_Oberwallis</span></p>
source_comment: 

page_number_string: 
notes: 
source_full_citation: <p>pr. (20. April 2006). <span class=""WAB20060420-01.2.71-Title-0"">Roger Michlig neuer CVPO-Pr&auml;sident? In <em>Walliser Bote</em>. Abgerufen am 23. Februar 2026 von </span>https://www.e-newspaperarchives.ch/?a=d&amp;d=WAB20060420-01.2.71</p>
source_comment: ",month,2000-05-15T12:00:00,,,exact,2006-06-01T12:00:00,,
654,1270,152,1,,,"page_number_string: 
notes: 
source_full_citation: <p>Wikipedia. (2026). <em>D</em><span class=""mw-page-title-main""><em>ie Mitte Oberwallis</em>. Abgerufen am 23. Februar 2026 von https://de.wikipedia.org/wiki/Die_Mitte_Oberwallis</span></p>
source_comment: 

page_number_string: 
notes: 
source_full_citation: <p>pr. (20. April 2006). <span class=""WAB20060420-01.2.71-Title-0"">Roger Michlig neuer CVPO-Pr&auml;sident? In <em>Walliser Bote</em>. Abgerufen am 23. Februar 2026 von </span>https://www.e-newspaperarchives.ch/?a=d&amp;d=WAB20060420-01.2.71</p>
source_comment: ",exact,2006-06-01T12:00:00,,,year,2009-07-01T12:00:00,,
655,47,152,1,,,"page_number_string: 
notes: 
source_full_citation: <p>Wikipedia. (2026). <em>D</em><span class=""mw-page-title-main""><em>ie Mitte Oberwallis</em>. Abgerufen am 23. Februar 2026 von https://de.wikipedia.org/wiki/Die_Mitte_Oberwallis</span></p>
source_comment: ",year,2009-07-01T12:00:00,,,exact,2018-03-28T12:00:00,,
656,182,152,1,,,"page_number_string: 
notes: 
source_full_citation: <p>Dellberg, P. (29. M&auml;rz 2018). Franziska Biner f&uuml;hrt neu die CVP Oberwallis. In <em>SRF Schweizer Radio und Fernsehen</em>. Abgerufen am 23. Februar 2026 von https://essentials.swissdox.ch/</p>
source_comment: ",exact,2018-03-28T12:00:00,,,exact,2025-06-25T12:00:00,,
657,2194,152,1,,,"page_number_string: 
notes: 
source_full_citation: <p>Mitte Oberwallis. (06. Juni 2025). <em>Findungskommission schl&auml;gt Urs Juon als neuen Parteipr&auml;sidenten vor</em>. Abgerufen am 23. Februar 2026 von https://vs.die-mitte.ch/findungskommission-schlaegt-urs-juon-als-neuen-parteipraesidenten-vor/</p>
source_comment: ",exact,2025-06-25T12:00:00,,,,,,
658,1740,164,1,,,"page_number_string: 
notes: 
source_full_citation: <p>PS cantone Ticino. (16 febbraio 2020). <em>Laura Riget e Fabrizio Sirica alla copresidenza del PS</em>. Consultato il 27 febbraio 2026 dal https://ps-ticino.ch/laura-riget-fabrizio-sirica-alla-copresidenza-del-ps-2/</p>
source_comment: ",exact,2020-02-16T12:00:00,,,,,,
659,1505,164,1,,,"page_number_string: 
notes: 
source_full_citation: <p>PS cantone Ticino. (16 febbraio 2020). <em>Laura Riget e Fabrizio Sirica alla copresidenza del PS</em>. Consultato il 27 febbraio 2026 dal https://ps-ticino.ch/laura-riget-fabrizio-sirica-alla-copresidenza-del-ps-2/</p>
source_comment: ",exact,2020-02-16T12:00:00,,,,,,
660,1506,164,1,,,"page_number_string: 
notes: 
source_full_citation: <p>PS cantone Ticino. (25 gennaio 2016).&nbsp;<em>&Egrave; Igor Righini il nuovo presidente del Partito Socialista</em>. Consultato il 27 febbraio 2026 dal https://web.archive.org/web/20190420180407/http://www.ps-ticino.ch/e-igor-righini-il-nuovo-presidente-del-partito-socialista/</p>
source_comment: ",exact,2016-01-25T12:00:00,,,exact,2020-02-16T12:00:00,,
661,1116,164,1,,"note_translations: languages_code: de-CH
note: ad interim","page_number_string: 
notes: 
source_full_citation: <p>sda. (26. Januar 2016). <span class=""WAB20160126-01.2.16.10.1-Title-0"">Parteipr&auml;sidien neu besetzt. In <em>Walliser Bote</em>. Abgerufen am 27. Februar 2026 von </span>https://www.e-newspaperarchives.ch/?a=d&amp;d=WAB20160126-01.2.16.10.1</p>
source_comment: ",month,2015-05-15T12:00:00,,,exact,2016-01-25T12:00:00,,
662,2195,164,1,,,"page_number_string: 
notes: 
source_full_citation: <p>TP. (05 marzo 2012). Saverio Lurati presidente Ps. In <em>20 minuti</em>. Consultato il 27 febbraio 2026 dal https://essentials.swissdox.ch/</p>
source_comment: ",exact,2012-03-03T12:00:00,,,month,2015-05-15T12:00:00,,
663,154,164,1,,,"page_number_string: 
notes: 
source_full_citation: <p>sda. (02. Februar 2004). Neuer Tessiner SP-Chef. In <em>Freiburger Nachrichten</em>. Abgerufen am 27. Februar 2026 von https://www.e-newspaperarchives.ch/?a=d&amp;d=FZG20040202-01.2.59</p>
source_comment: 

page_number_string: 
notes: 
source_full_citation: <p>Lob, G. (05. September 2011). <span class=""TGZ20110905-01.2.18.1-Title-0"">Die Tessiner FDP muss zittern. In <em>Thurgauer Zeitung</em>. Abgerufen am 27. Februar 2026 von </span>https://www.e-newspaperarchives.ch/?a=d&amp;d=TGZ20110905-01.2.18.1</p>
source_comment: ",exact,2004-01-31T12:00:00,,,month,2011-04-15T12:00:00,,
664,2196,164,1,,,"page_number_string: 
notes: 
source_full_citation: <p>?. (04. M&auml;rz 1996). Neue Tessiner SP-Pr&auml;sidentin. In <em>Berner Tagwacht</em>. Abgerufen am 27. Februar 2026 von https://www.e-newspaperarchives.ch/?a=d&amp;d=TGW19960304-01.2.14.1.4</p>
source_comment: ",exact,1996-03-03T12:00:00,,,exact,2004-01-31T12:00:00,,
665,2197,164,1,,,"page_number_string: 
notes: 
source_full_citation: <p>ru. (19. Oktober 1992). <span class=""NZZ19921019-01.2.22.14-Title-0"">Tessiner Sozialisten wieder vereint. In <em>Neue Z&uuml;rcher Zeitung</em>. Abgerufen am 26. Februar 2026 von </span>https://www.e-newspaperarchives.ch/?a=d&amp;d=NZZ19921019-01.2.22.14</p>
source_comment: ",exact,1992-10-18T12:00:00,,,exact,1996-03-03T12:00:00,,
666,2198,181,1,,,"page_number_string: 
notes: 
source_full_citation: <p>sda. (11. April 1972). Schwyz: Gr&uuml;ndung einer BGB-Partei. In <em>Neue Z&uuml;rcher Zeitung</em>. Abgerufen am 13. M&auml;rz 2026 von https://www.e-newspaperarchives.ch/?a=d&amp;d=NZZ19720411-01.2.32.8</p>
source_comment: ",exact,1972-04-10T12:00:00,,,unknown,1980-01-01T12:00:00,,
667,183,181,1,,,"page_number_string: 
notes: 
source_full_citation: <p>Schn&uuml;riger, B. (30. Juni 2000). Die SVP des Kantons Schwyz hat einen neuen Pr&auml;sidenten. In <em>Neue Luzerner Zeitung</em>. Abgerufen am 13. M&auml;rz 2026 von https://essentials.swissdox.ch</p>
source_comment: ",year,1984-07-01T12:00:00,,,exact,2000-06-29T12:00:00,,
668,1712,181,1,,,"page_number_string: 
notes: 
source_full_citation: <p>Schn&uuml;riger, B. (30. Juni 2000). Die SVP des Kantons Schwyz hat einen neuen Pr&auml;sidenten. In <em>Neue Luzerner Zeitung</em>. Abgerufen am 13. M&auml;rz 2026 von https://essentials.swissdox.ch</p>
source_comment: ",exact,2000-06-29T12:00:00,,,exact,2008-03-25T12:00:00,,
669,1888,181,1,,,"page_number_string: 
notes: 
source_full_citation: <p>e. (25. M&auml;rz 2008). Uebersax l&ouml;st Schwander ab. In <em>Z&uuml;richsee-Zeitung</em>. Abgerufen am 13. M&auml;rz 2026 von https://essentials.swissdox.ch/</p>
source_comment: ",exact,2008-03-25T12:00:00,,,exact,2012-03-21T12:00:00,,
670,1703,181,1,,,"page_number_string: 
notes: 
source_full_citation: <p>j&auml;. (22. M&auml;rz 2012). Xaver Schuler ist SVP-Pr&auml;sident. In <em>Z&uuml;richsee-Zeitung</em>. Abgerufen am 13. M&auml;rz 2026 von https://essentials.swissdox.ch/</p>
source_comment: ",exact,2012-03-21T12:00:00,,,exact,2016-03-24T12:00:00,,
671,832,181,1,,,"page_number_string: 
notes: 
source_full_citation: <p>M&uuml;ller, A. (24. M&auml;rz 2016). SVP hegt Demo-Pl&auml;ne gegen Asylzentrum. In <em>Bote der Urschweiz</em>. Abgerufen am 13. M&auml;rz 2026 von https://essentials.swissdox.ch/</p>
source_comment: ",exact,2016-03-24T12:00:00,,,exact,2016-12-01T12:00:00,,
672,1167,181,1,,,"page_number_string: 
notes: 
source_full_citation: <p>Schoder, V. (08. Dezember 2016). Beim Sparen ist man sich uneinig. In <em>Obersee Nachrichten</em>. Abgerufen am 13. M&auml;rz 2026 von https://essentials.swissdox.ch/</p>
source_comment: ",exact,2016-12-01T12:00:00,,,exact,2020-04-16T12:00:00,,
673,315,181,1,,,"page_number_string: 
notes: 
source_full_citation: <p>Auf der Maur, J. (15. April 2020). Walter Duss soll neuer SVP-Pr&auml;sident werden. In <em>Bote der Urschweiz</em>. Abgerufen am 13. M&auml;rz 2026 von https://essentials.swissdox.ch/</p>
source_comment: ",exact,2020-04-16T12:00:00,,,exact,2020-07-09T12:00:00,,
674,514,181,1,,,"page_number_string: 
notes: 
source_full_citation: <p>SVP Kanton Schwyz. (25. September 2020).<em> Neuer Pr&auml;sident und Neuer Politischer Sekret&auml;r &uuml;bernehmen Verantwortung in der SVP-Kantonalpartei</em>. Abgerufen am 13. M&auml;rz von https://www.svp-sz.ch/medienmitteilungen/neuer-praesident-und-neuer-politischer-sekretaer-uebernehmen-verantwortung-in-der-svp-kantonalpartei/2026</p>
source_comment: ",exact,2020-07-09T12:00:00,,,exact,2021-02-18T12:00:00,,
675,315,181,1,,"note_translations: languages_code: de-CH
note: Bis Ende Juni 2021 ad interim.","page_number_string: 
notes: 
source_full_citation: <p>SVP Kanton Schwyz. (17. Februar 2021). <em>R&uuml;cktritt des Parteipr&auml;sidenten</em>. Abgerufen am 13. M&auml;rz 2026 von https://www.svp-sz.ch/medienmitteilungen/ruecktritt-des-parteipraesidenten/</p>
source_comment: ",exact,2021-02-18T12:00:00,,,,,,
676,1722,182,1,,,"page_number_string: 
notes: 
source_full_citation: <p>Auf der Maur, J. (10. April 2021). Karin Schwiter &uuml;bernimmt das SP-Ruder. In <em>Bote der Urschweiz</em>. Abgerufen am 13. M&auml;rz 2026 von https://essentials.swissdox.ch/</p>
source_comment: ",exact,2021-04-09T12:00:00,,,,,,
677,1204,182,1,,,"page_number_string: 
notes: 
source_full_citation: <p>R&uuml;egsegger, H. (13. November 2015). Andreas Marty soll es f&uuml;r die SP richten. In <em>Bote der Urschweiz</em>. Abgerufen am 13. M&auml;rz 2026 von https://essentials.swissdox.ch/</p>
source_comment: ",exact,2015-11-12T12:00:00,,,exact,2021-04-09T12:00:00,,
678,1894,182,1,,,"page_number_string: 
notes: 
source_full_citation: <p>Vercellone, R. (07. April 2014). SP lanciert Steuer-Initiativen. In <em>Neue Luzerner Zeitung</em>. Abgerufen am 13. M&auml;rz 2026 von https://essentials.swissdox.ch/</p>
source_comment: 

page_number_string: 
notes: 
source_full_citation: <p>Auf der Maur, J. (19. Mai 2015). SP sucht zwei neue Kaderleute. In <em>Bote der Urschweiz</em>. Abgerufen am 13. M&auml;rz 2026 von https://essentials.swissdox.ch/</p>
source_comment: ",exact,2014-04-05T12:00:00,,,exact,2015-05-18T12:00:00,,
679,1481,182,1,,,"page_number_string: 
notes: 
source_full_citation: <p>Bellandi, D. (23. April 2002). F&uuml;r eine bessere Familienpolitik. In <em>Neue Luzerner Zeitung</em>. Abgerufen am 13. M&auml;rz 2026 von https://essentials.swissdox.ch/</p>
source_comment: ",exact,2002-04-20T12:00:00,,,exact,2014-04-05T12:00:00,,
680,48,182,1,,,"page_number_string: 
notes: 
source_full_citation: <p>Gallinelli, S. (22. April 2002). Neuer Pr&auml;sident f&uuml;r die SP. In <em>Neue Luzerner Zeitung</em>. Abgerufen am 13. M&auml;rz 2026 von https://essentials.swissdox.ch/</p>
source_comment: ",year,1996-07-01T12:00:00,,,exact,2002-04-20T12:00:00,,
681,1972,183,1,,,"page_number_string: 
notes: 
source_full_citation: <p><span style=""font-size: 12.0pt; line-height: 115%; font-family: 'Aptos',sans-serif; mso-ascii-theme-font: minor-latin; mso-fareast-font-family: Aptos; mso-fareast-theme-font: minor-latin; mso-hansi-theme-font: minor-latin; mso-bidi-font-family: 'Times New Roman'; mso-bidi-theme-font: minor-bidi; mso-ansi-language: DE-CH; mso-fareast-language: EN-US; mso-bidi-language: AR-SA;"">Ob&eacute;lis. (2025). <em>Base de donn&eacute;es ""&eacute;lites suisses""</em>. Universit&eacute; de Lausanne. http://www.unil.ch/elitessuisses</span></p>
source_comment: ",year,1972-07-01T12:00:00,,,year,1976-07-01T12:00:00,,
682,538,183,1,,,"page_number_string: 
notes: 
source_full_citation: <p>one. (20. April 2004). Kuno Kennel neuer Pr&auml;sident der FDP. In <em>Neue Luzerner Zeitung</em>. Abgerufen am 16. M&auml;rz 2026 von https://essentials.swissdox.ch/</p>
source_comment: ",year,2000-07-01T12:00:00,,,exact,2004-04-19T12:00:00,,
683,1007,183,1,,,"page_number_string: 
notes: 
source_full_citation: <p>one. (20. April 2004). Kuno Kennel neuer Pr&auml;sident der FDP. In <em>Neue Luzerner Zeitung</em>. Abgerufen am 16. M&auml;rz 2026 von https://essentials.swissdox.ch/</p>
source_comment: ",exact,2004-04-19T12:00:00,,,exact,2007-05-16T12:00:00,,
684,1413,183,1,,,"page_number_string: 
notes: 
source_full_citation: <p>pd. (18. Mai 2007). Pedrazzini folgt auf Kennel. In <em>Z&uuml;richsee-Zeitung</em>. Abgerufen am 16. M&auml;rz 2026 von https://essentials.swissdox.ch/</p>
source_comment: ",exact,2007-05-16T12:00:00,,,exact,2012-05-22T12:00:00,,
685,754,183,1,,,"page_number_string: 
notes: 
source_full_citation: <p>Richter, M. (24. Mai 2012). Erste Pr&auml;sidentin der Schwyzer FDP. In <em>Z&uuml;richsee-Zeitung</em>. Abgerufen am 16. M&auml;rz 2026 von https://essentials.swissdox.ch/</p>
source_comment: ",exact,2012-05-22T12:00:00,,,exact,2016-04-19T12:00:00,,
686,1331,183,1,,,"page_number_string: 
notes: 
source_full_citation: <p>Auf der Maur. (20. April 2016). FDP hat eine neue Pr&auml;sidentin. In <em>Bote der Urschweiz</em>. Abgerufen am 16. M&auml;rz 2026 von https://essentials.swissdox.ch/</p>
source_comment: ",exact,2016-04-19T12:00:00,,,exact,2022-03-16T12:00:00,,
687,1499,183,1,,,"page_number_string: 
notes: 
source_full_citation: <p>pd/adm. (12. M&auml;rz 2022). FDP erh&auml;lt neue Parteispitze. In <em>Bote der Urschweiz</em>. Abgerufen am 16. M&auml;rz 2026 von https://essentials.swissdox.ch/</p>
source_comment: ",exact,2022-03-16T12:00:00,,,,,,
688,1680,191,1,,,"page_number_string: 
notes: 
source_full_citation: <p>Schn&uuml;riger, B. (07. August 2010). Kleine Partei hat Grosses vor. In <em>Neue Luzerner Zeitung</em>. Abgerufen am 19. M&auml;rz 2026 von https://essentials.swissdox.ch/</p>
source_comment: ",exact,2010-08-06T12:00:00,,,year,2016-07-01T12:00:00,,
689,310,191,1,,,"page_number_string: 
notes: 
source_full_citation: <p>Schelbert, A. (29. August 2009). BDP muss man &laquo;ernst nehmen&raquo;. In <em>Z&uuml;richsee-Zeitung</em>. Abgerufen am 19. M&auml;rz 2026 von https://essentials.swissdox.ch/</p>
source_comment: ",exact,2009-08-17T12:00:00,,,exact,2010-08-06T12:00:00,,
690,1841,190,1,,,"page_number_string: 
notes: 
source_full_citation: <p>Gick, E. (20. Februar 2024). Schwyzer EVP setzt auf Frauenpower. In <em>Bote der Urschweiz</em>. Abgerufen am 19. M&auml;rz 2026 von https://essentials.swissdox.ch/</p>
source_comment: ",exact,2024-02-20T12:00:00,,,,,,
691,1272,190,1,,,"page_number_string: 
notes: 
source_full_citation: <p>Schn&uuml;riger, B. (01. September 2009). Bibel und Sackmesser als Begr&uuml;ssungsgeschenk. In<em> Neue Luzerner Zeitung</em>. Abgerufen am 19. M&auml;rz 2026 von https://essentials.swissdox.ch/</p>
source_comment: 

page_number_string: 
notes: 
source_full_citation: <p>EVP Kanton Schwyz. (2026). <em>Geschichte der EVP Kanton Schwyz</em>. Abgerufen am 19. M&auml;rz 2026 von https://www.evp-sz.ch/partei/geschichte</p>
source_comment: ",exact,2009-08-31T12:00:00,,,exact,2020-04-23T12:00:00,,
692,926,189,1,,,"page_number_string: 
notes: 
source_full_citation: <p>GLP Kanton Schwyz. (22. April 2021).&nbsp;<em>Stabs&uuml;bergabe bei den Gr&uuml;nliberalen Kanton Schwyz</em>. Abgerufen am 19. M&auml;rz 2026 von&nbsp; https://sz.grunliberale.ch/2021/04/stabsuebergabe-bei-den-gruenliberalen-kanton-schwyz/</p>
source_comment: ",exact,2021-04-13T12:00:00,,,,,,
693,1973,189,1,,,"page_number_string: 
notes: 
source_full_citation: <p>GLP Kanton Schwyz. (02. Juli 2018). <em>Markus Weber neuer Pr&auml;sident der Gr&uuml;nliberalen Kanton Schwyz</em>. Abgerufen am 19. M&auml;rz 2026 von https://web.archive.org/web/20180815211414/http:/sz.grunliberale.ch/aktuell/medienmitteilungen.html</p>
source_comment: ",exact,2018-07-02T12:00:00,,,exact,2021-04-13T12:00:00,,
694,934,189,1,,,"page_number_string: 
notes: 
source_full_citation: <p>adm. (10. Oktober 2016). Imhof neuer Pr&auml;sident der Gr&uuml;nliberalen. In <em>Bote der Urschweiz</em>. Abgerufen am 19. M&auml;rz 2026 von https://essentials.swissdox.ch/</p>
source_comment: ",exact,2016-10-10T12:00:00,,,exact,2018-07-02T12:00:00,,
695,1006,189,1,,,"page_number_string: 
notes: 
source_full_citation: <p>Schn&uuml;riger, B. (23. August 2012). Eine neue politische Kraft. In <em>Neue Luzerner Zeitung</em>. Abgerufen am 19. M&auml;rz 2026 von https://essentials.swissdox.ch/</p>
source_comment: ",exact,2012-08-22T12:00:00,,,exact,2016-10-10T12:00:00,,
696,928,187,1,,,"page_number_string: 
notes: 
source_full_citation: <p>Auf der Maur, J. (10. Februar 2021). Hartes Pflaster f&uuml;r neue Gr&uuml;ne und das Klima im Kanton. In Bote der Urschweiz. Abgerufen am 19. M&auml;rz 2026 von https://essentials.swissdox.ch/</p>
source_comment: ",year,2021-07-01T12:00:00,,,,,,
697,855,187,1,,,"page_number_string: 
notes: 
source_full_citation: <p>Auf der Maur, J. (10. Februar 2021). Hartes Pflaster f&uuml;r neue Gr&uuml;ne und das Klima im Kanton. In Bote der Urschweiz. Abgerufen am 19. M&auml;rz 2026 von https://essentials.swissdox.ch/</p>
source_comment: ",year,2021-07-01T12:00:00,,,,,,
698,1615,187,1,,,"page_number_string: 
notes: 
source_full_citation: <p>one. (23. Juni 2007). &laquo;Gr&uuml;ne Schwyz&raquo; gegr&uuml;ndet. In <em>Z&uuml;richsee-Zeitung</em>. Abgerufen am 19. M&auml;rz 2026 von https://essentials.swissdox.ch/</p>
source_comment: ",exact,2007-06-21T12:00:00,,,unknown,2010-01-01T12:00:00,,
699,2199,186,1,,,"page_number_string: 
notes: 
source_full_citation: <p>?. (09. Dezember 1968). Neues Pr&auml;sidium der Schwyzer Konservativen. In <em>Freiburger Nachrichten</em>. Abgerufen am 19. M&auml;rz 2026 von https://www.e-newspaperarchives.ch/?a=d&amp;d=FZG19681209-01.2.15</p>
source_comment: ",exact,1968-12-09T12:00:00,,,exact,1971-11-27T12:00:00,,
700,1891,186,1,,,"page_number_string: 
notes: 
source_full_citation: <p><span style=""font-size: 12.0pt; line-height: 115%; font-family: 'Aptos',sans-serif; mso-ascii-theme-font: minor-latin; mso-fareast-font-family: Aptos; mso-fareast-theme-font: minor-latin; mso-hansi-theme-font: minor-latin; mso-bidi-font-family: 'Times New Roman'; mso-bidi-theme-font: minor-bidi; mso-ansi-language: DE-CH; mso-fareast-language: EN-US; mso-bidi-language: AR-SA;"">Ob&eacute;lis. (2025). <em>Base de donn&eacute;es ""&eacute;lites suisses""</em>. Universit&eacute; de Lausanne. http://www.unil.ch/elitessuisses</span></p>
source_comment: ",year,1963-07-01T12:00:00,,,exact,1968-12-09T12:00:00,,
701,2200,185,1,,,"page_number_string: 
notes: 
source_full_citation: <p>cvp. (04. Dezember 1971). <span class=""NVB19711204-01.2.7.1-Title-0"">Auch in Schwyz gibt es nun eine CVP. In <em>Nidwaldner Volksblatt</em>. Abgerufen am 19. M&auml;rz 2026 von https://www.e-newspaperarchives.ch/?a=d&amp;d=NVB19711204-01.2.7.1</span></p>
source_comment: ",unknown,1967-01-01T12:00:00,,,exact,1971-11-27T12:00:00,,
702,2201,184,1,,,"page_number_string: 
notes: 
source_full_citation: <p>cvp. (04. Dezember 1971). <span class=""NVB19711204-01.2.7.1-Title-0"">Auch in Schwyz gibt es nun eine CVP. In <em>Nidwaldner Volksblatt</em>. Abgerufen am 19. M&auml;rz 2026 von https://www.e-newspaperarchives.ch/?a=d&amp;d=NVB19711204-01.2.7.1</span></p>
source_comment: ",exact,1971-11-27T12:00:00,,,year,1996-07-01T12:00:00,,
703,160,184,1,,,"page_number_string: 
notes: 
source_full_citation: <p>Bachmann, R. (30. August 2000). Ein neuer Pr&auml;sident an der CVP-Spitze. In <em>Neue Luzerner Zeitung</em>. Abgerufen am 20. M&auml;rz 2026 von https://essentials.swissdox.ch/</p>
source_comment: ",year,1996-07-01T12:00:00,,,exact,2000-08-29T12:00:00,,
704,1870,184,1,,,"page_number_string: 
notes: 
source_full_citation: <p>Bachmann, R. (30. August 2000). Ein neuer Pr&auml;sident an der CVP-Spitze. In <em>Neue Luzerner Zeitung</em>. Abgerufen am 20. M&auml;rz 2026 von https://essentials.swissdox.ch/</p>
source_comment: ",exact,2000-08-29T12:00:00,,,exact,2002-01-02T12:00:00,,
705,519,184,1,,,"page_number_string: 
notes: 
source_full_citation: <p>red. (03. Januar 2002). Eberhard ist neuer CVP-Pr&auml;sident. In <em>Neue Luzerner Zeitung</em>.&nbsp;</p>
source_comment: ",exact,2002-01-02T12:00:00,,,exact,2004-08-31T12:00:00,,
706,798,184,1,,,"page_number_string: 
notes: 
source_full_citation: <p>red. (01. September 2004). G&uuml;ntensperger neuer Pr&auml;sident. In&nbsp;<em>Neue Luzerner Zeitung</em>. Abgerufen am 20. M&auml;rz 2026 von https://essentials.swissdox.ch/</p>
source_comment: ",exact,2004-08-31T12:00:00,,,exact,2008-09-25T12:00:00,,
707,66,184,1,,,"page_number_string: 
notes: 
source_full_citation: <p>Ziegler, H. (25. September 2008). Aschwanden neuer CVP-Chef. In&nbsp;<em>Neue Luzerner Zeitung</em>. Abgerufen am 20. M&auml;rz 2026 von https://essentials.swissdox.ch/</p>
source_comment: ",exact,2008-09-25T12:00:00,,,exact,2010-10-19T12:00:00,,
708,1267,184,1,,,"page_number_string: 
notes: 
source_full_citation: <p>cvp. (21. Oktober 2010). Meyerhans ist neuer Pr&auml;sident. In <em>Z&uuml;richsee-Zeitung</em>. Abgerufen am 20. M&auml;rz 2026 von https://essentials.swissdox.ch/</p>
source_comment: ",exact,2010-10-19T12:00:00,,,exact,2016-09-01T12:00:00,,
709,1983,184,1,,"note_translations: languages_code: de-CH
note: ad interim","page_number_string: 
notes: 
source_full_citation: <p>pd/red. (03. September 2016). CVP sagt kantonal zweimal Nein. In <em>Bote der Urschweiz</em>. Abgerufen am 20. M&auml;rz 2026 von https://essentials.swissdox.ch/</p>
source_comment: ",exact,2016-09-01T12:00:00,,,exact,2017-01-17T12:00:00,,
710,134,184,1,,,"page_number_string: 
notes: 
source_full_citation: <p>CVP Kanton Schwyz. (17. Januar 2017). <em>Bruno Beeler neuer Pr&auml;sident der CVP des Kantons Schwyz</em>. Abgerufen am 20. M&auml;rz 2026 von https://sz.die-mitte.ch/bruno-beeler-neuer-praesident-der-cvp-des-kantons-schwyz/</p>
source_comment: ",exact,2017-01-17T12:00:00,,,,,,
711,1618,192,1,,,"page_number_string: 
notes: 
source_full_citation: <p>SVP Kanton Obwalden. (2026). <em>Geschichte</em>. Abgerufen am 20. M&auml;rz 2026 von https://www.svp-ow.ch/partei/geschichte/</p>
source_comment: ",exact,2023-05-04T12:00:00,,,,,,
712,1548,192,1,,,"page_number_string: 
notes: 
source_full_citation: <p>SVP Kanton Obwalden. (2026). <em>Geschichte</em>. Abgerufen am 20. M&auml;rz 2026 von https://www.svp-ow.ch/partei/geschichte/</p>
source_comment: ",exact,2016-05-11T12:00:00,,,exact,2023-05-04T12:00:00,,
713,1735,192,1,,,"page_number_string: 
notes: 
source_full_citation: <p>SVP Kanton Obwalden. (2026). <em>Geschichte</em>. Abgerufen am 20. M&auml;rz 2026 von https://www.svp-ow.ch/partei/geschichte/</p>
source_comment: ",exact,1999-12-03T12:00:00,,,exact,2016-05-11T12:00:00,,
714,1049,193,1,,,"page_number_string: 
notes: 
source_full_citation: <p>SP Kanton Obwalden. (05. Mai 2025). <em>Generalversammlung vom 3. Mai 2025 / Neues Pr&auml;sidium</em>. Abgerufen am 20. M&auml;rz 2026 von https://sp-obwalden.ch/blog/2025/05/05/generalversammlung-vom-3-mai-2025-neues-praesidium/</p>
source_comment: ",exact,2025-05-03T12:00:00,,,,,,
715,1066,193,1,,,"page_number_string: 
notes: 
source_full_citation: <p>pd/mu. (29. M&auml;rz 2021). Benjamin Kurmann pr&auml;sidiert neu die SP Obwalden. In <em>Obwaldner Zeitung</em>. Abgerufen am 20. M&auml;rz 2026 von https://essentials.swissdox.ch/</p>
source_comment: 

page_number_string: 
notes: 
source_full_citation: <p>Uebelhart, M. (18. Mai 2022). SP Obwalden steht ohne Pr&auml;sidium da. In <em>Obwaldner Zeitung</em>. Abgerufen am 20. M&auml;rz 2026 von https://essentials.swissdox.ch/</p>
source_comment: ",exact,2021-03-29T12:00:00,,,exact,2022-05-13T12:00:00,,
716,1049,193,1,,,"page_number_string: 
notes: 
source_full_citation: <p>pd/red. (29. Juni 2018). Neue F&uuml;hrung bei der SP Obwalden. In <em>Obwaldner Zeitung</em>. Abgerufen am 20. M&auml;rz 2026 von https://essentials.swissdox.ch/</p>
source_comment: ",exact,2018-06-29T12:00:00,,,exact,2021-03-29T12:00:00,,
717,410,193,1,,,"page_number_string: 
notes: 
source_full_citation: <p>pd/mvr. (19. Juni 2019). SP hat neue Pr&auml;sidentin. In <em>Obwaldner Zeitung</em>. Abgerufen am 20. M&auml;rz 2026 von https://essentials.swissdox.ch/</p>
source_comment: ",exact,2018-06-29T12:00:00,,,exact,2019-06-18T12:00:00,,
718,2016,193,1,,,"page_number_string: 
notes: 
source_full_citation: <p>pd/red. (13. Juni 2013). Gerichtspr&auml;sident neu im SP-Vorstand. In <em>Neue Luzerner Zeitung</em>. Abgerufen am 20. M&auml;rz 2026 von https://essentials.swissdox.ch/</p>
source_comment: ",exact,2013-06-13T12:00:00,,,exact,2018-06-29T12:00:00,,
719,1031,193,1,,,"page_number_string: 
notes: 
source_full_citation: <p>pd/red. (13. Juni 2013). Gerichtspr&auml;sident neu im SP-Vorstand. In <em>Neue Luzerner Zeitung</em>. Abgerufen am 20. M&auml;rz 2026 von https://essentials.swissdox.ch/</p>
source_comment: ",exact,2013-06-13T12:00:00,,,exact,2018-06-29T12:00:00,,
720,1930,193,1,,"note_translations: languages_code: de-CH
note: Bis Frühjahr 2008 noch nicht offiziell gewählt.","page_number_string: 
notes: 
source_full_citation: <p>pd/red. (04. Juni 2012). SP Obwalden: Pr&auml;sidium vakant. In <em>Neue Luzerner Zeitung</em>. Abgerufen am 20. M&auml;rz 2026 von https://essentials.swissdox.ch/</p>
source_comment: 

page_number_string: 
notes: 
source_full_citation: <p>red. (15. Dezember 2007). SP-Pr&auml;sident tritt zur&uuml;ck. In <em>Neue Luzerner Zeitung</em>. Abgerufen am 20. M&auml;rz 2026 von https://essentials.swissdox.ch/</p>
source_comment: ",exact,2006-11-27T12:00:00,,,exact,2012-06-01T12:00:00,,
721,462,193,1,,,"page_number_string: 
notes: 
source_full_citation: <p>red. (15. Dezember 2007). SP-Pr&auml;sident tritt zur&uuml;ck. In <em>Neue Luzerner Zeitung</em>. Abgerufen am 20. M&auml;rz 2026 von https://essentials.swissdox.ch/</p>
source_comment: 

page_number_string: 
notes: 
source_full_citation: <p>red. (30. April 2005). SP-Co-Pr&auml;sidentin tritt zur&uuml;ck. In <em>Neue Luzerner Zeitung</em>. Abgerufen am 20. M&auml;rz 2026 von https://essentials.swissdox.ch/</p>
source_comment: 

page_number_string: 
notes: 
source_full_citation: <p>red. (07. Mai 2003). SP mit neuem Co-Pr&auml;sidium. In <em>Neue Luzerner Zeitung</em>. Abgerufen am 20. M&auml;rz 2026 von https://essentials.swissdox.ch/</p>
source_comment: ",exact,2003-05-07T12:00:00,,,exact,2007-11-27T12:00:00,,
722,61,193,1,,,"page_number_string: 
notes: 
source_full_citation: <p>red. (07. Mai 2003). SP mit neuem Co-Pr&auml;sidium. In <em>Neue Luzerner Zeitung</em>. Abgerufen am 20. M&auml;rz 2026 von https://essentials.swissdox.ch/</p>
source_comment: 

page_number_string: 
notes: 
source_full_citation: <p>red. (30. April 2005). SP-Co-Pr&auml;sidentin tritt zur&uuml;ck. In <em>Neue Luzerner Zeitung</em>. Abgerufen am 20. M&auml;rz 2026 von https://essentials.swissdox.ch/</p>
source_comment: ",exact,2003-05-07T12:00:00,,,exact,2005-04-29T12:00:00,,
723,149,193,1,,,"page_number_string: 
notes: 
source_full_citation: <p>red. (07. Mai 2003). SP mit neuem Co-Pr&auml;sidium. In <em>Neue Luzerner Zeitung</em>. Abgerufen am 20. M&auml;rz 2026 von https://essentials.swissdox.ch/</p>
source_comment: ",exact,1998-02-02T12:00:00,,,exact,2003-05-07T12:00:00,,
724,1989,195,1,,,"page_number_string: 
notes: 
source_full_citation: <p>Hess, R. (06. November 2021). FDP Obwalden hat nun ein Co-Pr&auml;sidium. In <em>Luzerner Zeitung</em>. Abgerufen am 20. M&auml;rz 2026 von https://essentials.swissdox.ch/</p>
source_comment: ",exact,2021-11-04T12:00:00,,,,,,
725,1068,195,1,,,"page_number_string: 
notes: 
source_full_citation: <p>Hess, R. (06. November 2021). FDP Obwalden hat nun ein Co-Pr&auml;sidium. In <em>Luzerner Zeitung</em>. Abgerufen am 20. M&auml;rz 2026 von https://essentials.swissdox.ch/</p>
source_comment: 

page_number_string: 
notes: 
source_full_citation: <p>Hess, R. (01. September 2022). FDP Obwalden stellt Parteileitung um und fasst Parolen. In <em>Luzerner Zeitung</em>. Abgerufen am 20. M&auml;rz 2026 von https://essentials.swissdox.ch/</p>
source_comment: ",exact,2021-11-04T12:00:00,,,exact,2022-08-31T12:00:00,,
726,2020,195,1,,,"page_number_string: 
notes: 
source_full_citation: <p>Piazza, M. (11. Juli 2020). Neuer FDP-Pr&auml;sident will verlorene Sitze zur&uuml;ckholen. In <em>Nidwaldner Zeitung</em>. Abgerufen am 20. M&auml;rz 2026 von https://essentials.swissdox.ch/</p>
source_comment: ",exact,2020-07-01T12:00:00,,,exact,2021-11-04T12:00:00,,
727,1486,195,1,,,"page_number_string: 
notes: 
source_full_citation: <p>unp. (19. August 2016). FDP-Pr&auml;sident tritt zur&uuml;ck. In <em>Neue Luzerner Zeitung</em>. Abgerufen am 20. M&auml;rz 2026 von https://essentials.swissdox.ch/</p>
source_comment: ",exact,2016-09-07T12:00:00,,,exact,2020-07-01T12:00:00,,
728,339,195,1,,,"page_number_string: 
notes: 
source_full_citation: <p>ve. (05. Juni 2009). Sonderzonen: FDP setzt ein Zeichen. In <em>Neue Luzerner Zeitung</em>. Abgerufen am 20. M&auml;rz 2026 von https://essentials.swissdox.ch/</p>
source_comment: ",month,2009-03-15T12:00:00,,,exact,2016-09-07T12:00:00,,
729,558,195,1,,,"page_number_string: 
notes: 
source_full_citation: <p>ve. (05. Juni 2009). Sonderzonen: FDP setzt ein Zeichen. In <em>Neue Luzerner Zeitung</em>. Abgerufen am 20. M&auml;rz 2026 von https://essentials.swissdox.ch/</p>
source_comment: ",unknown,2005-01-01T12:00:00,,,month,2009-06-15T12:00:00,,
730,189,201,1,,,"page_number_string: 
notes: 
source_full_citation: <p>SVP Kanton Nidwalden. (2026). <em>Geschichte</em>. Abgerufen am 26. M&auml;rz 2026 von https://www.svp-nw.ch/partei/geschichte/</p>
source_comment: ",exact,2020-07-01T12:00:00,,,,,,
731,999,201,1,,,"page_number_string: 
notes: 
source_full_citation: <p>SVP Kanton Nidwalden. (2026). <em>Geschichte</em>. Abgerufen am 26. M&auml;rz 2026 von https://www.svp-nw.ch/partei/geschichte/</p>
source_comment: ",exact,2011-06-22T12:00:00,,,exact,2020-07-01T12:00:00,,
732,2051,201,1,,,"page_number_string: 
notes: 
source_full_citation: <p>SVP Kanton Nidwalden. (2026). <em>Geschichte</em>. Abgerufen am 26. M&auml;rz 2026 von https://www.svp-nw.ch/partei/geschichte/</p>
source_comment: ",exact,2005-06-30T12:00:00,,,exact,2011-06-22T12:00:00,,
733,197,201,1,,,"page_number_string: 
notes: 
source_full_citation: <p>SVP Kanton Nidwalden. (2026). <em>Geschichte</em>. Abgerufen am 26. M&auml;rz 2026 von https://www.svp-nw.ch/partei/geschichte/</p>
source_comment: ",exact,1999-08-28T12:00:00,,,exact,2005-06-30T12:00:00,,
734,1736,222,1,,,"page_number_string: 153
notes: 
source_full_citation: <p>Jans, A. &amp; Aeschlimann, R. (1988).<em> 100 Jahre SP: Die Sozialdemokratische Partei im Kanton Zug von ihren Anf&atilde;ngen bis 1988</em>. SP Kanton Zug.</p>
source_comment: ",year,1940-07-01T12:00:00,,,year,1946-07-01T12:00:00,,
735,975,222,1,,"note_translations: languages_code: de-CH
note: ad interim","page_number_string: 153
notes: 
source_full_citation: <p>Jans, A. &amp; Aeschlimann, R. (1988).<em> 100 Jahre SP: Die Sozialdemokratische Partei im Kanton Zug von ihren Anf&atilde;ngen bis 1988</em>. SP Kanton Zug.</p>
source_comment: ",year,1947-07-01T12:00:00,,,year,1947-07-01T12:00:00,,
736,1805,222,1,,,"page_number_string: 153
notes: 
source_full_citation: <p>Jans, A. &amp; Aeschlimann, R. (1988).<em> 100 Jahre SP: Die Sozialdemokratische Partei im Kanton Zug von ihren Anf&atilde;ngen bis 1988</em>. SP Kanton Zug.</p>
source_comment: ",year,1947-07-01T12:00:00,,,year,1947-07-01T12:00:00,,
737,975,222,1,,,"page_number_string: 153
notes: 
source_full_citation: <p>Jans, A. &amp; Aeschlimann, R. (1988).<em> 100 Jahre SP: Die Sozialdemokratische Partei im Kanton Zug von ihren Anf&atilde;ngen bis 1988</em>. SP Kanton Zug.</p>
source_comment: ",year,1947-07-01T12:00:00,,,year,1965-07-01T12:00:00,,
738,1223,222,1,,,"page_number_string: 153
notes: 
source_full_citation: <p>Jans, A. &amp; Aeschlimann, R. (1988).<em> 100 Jahre SP: Die Sozialdemokratische Partei im Kanton Zug von ihren Anf&atilde;ngen bis 1988</em>. SP Kanton Zug.</p>
source_comment: ",year,1965-07-01T12:00:00,,,year,1968-07-01T12:00:00,,
739,627,222,1,,,"page_number_string: 153
notes: 
source_full_citation: <p>Jans, A. &amp; Aeschlimann, R. (1988).<em> 100 Jahre SP: Die Sozialdemokratische Partei im Kanton Zug von ihren Anf&atilde;ngen bis 1988</em>. SP Kanton Zug.</p>
source_comment: ",year,1968-07-01T12:00:00,,,year,1973-07-01T12:00:00,,
740,1520,222,1,,,"page_number_string: 153
notes: 
source_full_citation: <p>Jans, A. &amp; Aeschlimann, R. (1988).<em> 100 Jahre SP: Die Sozialdemokratische Partei im Kanton Zug von ihren Anf&atilde;ngen bis 1988</em>. SP Kanton Zug.</p>
source_comment: ",year,1973-07-01T12:00:00,,,year,1983-07-01T12:00:00,,
741,939,222,1,,,"page_number_string: 153
notes: 
source_full_citation: <p>Jans, A. &amp; Aeschlimann, R. (1988).<em> 100 Jahre SP: Die Sozialdemokratische Partei im Kanton Zug von ihren Anf&atilde;ngen bis 1988</em>. SP Kanton Zug.</p>
source_comment: ",year,1983-07-01T12:00:00,,,year,1988-07-01T12:00:00,,
742,184,222,1,,,"page_number_string: 153
notes: 
source_full_citation: <p>Jans, A. &amp; Aeschlimann, R. (1988).<em> 100 Jahre SP: Die Sozialdemokratische Partei im Kanton Zug von ihren Anf&atilde;ngen bis 1988</em>. SP Kanton Zug.</p>
source_comment: ",year,1988-07-01T12:00:00,,,unknown,1990-01-01T12:00:00,,
743,2202,222,1,,,"page_number_string: 15
notes: 
source_full_citation: <p>Blumenstein, M. (1997). <em>Parteipolitik und Verfassungsrevision: Entstehungsgeschichte der Zuger Kantonsverfassung von 1894</em> [Lizentiatsarbeit Universit&auml;t Z&uuml;rich].</p>
source_comment: ",exact,1891-12-13T12:00:00,,,unknown,1895-01-01T12:00:00,,
744,361,255,1,,,"page_number_string: 
notes: 
source_full_citation: <p>M&uuml;ller, P. (18. Juni 2009). BDP startet mit 36 Mitgliedern. In<em> Berner Zeitung</em>. Abgerufen am 21. April 2026 von https://essentials.swissdox.ch/</p>
source_comment: ",exact,2009-06-17T12:00:00,,,exact,2012-01-18T12:00:00,,
745,482,255,1,,,"page_number_string: 
notes: 
source_full_citation: <p>ums. (19. Januar 2012). Markus Dietschi ist BDP-Pr&auml;sident. In <em>Solothurner Zeitung</em>. Abgerufen am 21. April 2026 von https://essentials.swissdox.ch/</p>
source_comment: ",exact,2012-01-18T12:00:00,,,exact,2018-04-17T12:00:00,,
746,1898,255,1,,,"page_number_string: 
notes: 
source_full_citation: <p>Velati, M. (18. April 2018). &laquo;Unsere Zukunft ist nicht rosig, aber auch nicht schwarz&raquo;. In <em>SRF</em>. Abgerufen am 21. April 2026 von https://essentials.swissdox.ch</p>
source_comment: ",exact,2018-04-17T12:00:00,,,year,2021-07-01T12:00:00,,
747,2203,286,1,,,"page_number_string: 
notes: 
source_full_citation: <p>FDP Frauen beider Basel. (2026). <em>FDP Frauen beider Basel: Co-Pr&auml;sidium &uuml;bernimmt nach R&uuml;cktritt von Tamara Hunziker</em>. Abgerufen am 4. Mai 2026 von https://www.fdpfrauenbeiderbasel.ch/aktuell/news/news-detail/news/fdp-frauen-beider-basel-co-praesidium-uebernimmt-nach-ruecktritt-von-tamara-hunziker</p>
source_comment: ",year,2021-07-01T12:00:00,,"page_number_string: 
notes: 
source_full_citation: <p>FDP Frauen beider Basel. (2026). <em>FDP Frauen beider Basel: Co-Pr&auml;sidium &uuml;bernimmt nach R&uuml;cktritt von Tamara Hunziker</em>. Abgerufen am 4. Mai 2026 von https://www.fdpfrauenbeiderbasel.ch/aktuell/news/news-detail/news/fdp-frauen-beider-basel-co-praesidium-uebernimmt-nach-ruecktritt-von-tamara-hunziker</p>
source_comment: ",exact,2026-04-23T12:00:00,,
748,2204,286,1,,,"page_number_string: 
notes: 
source_full_citation: <p>FDP Frauen beider Basel. (2026). <em>FDP Frauen beider Basel: Co-Pr&auml;sidium &uuml;bernimmt nach R&uuml;cktritt von Tamara Hunziker</em>. Abgerufen am 4. Mai 2026 von https://www.fdpfrauenbeiderbasel.ch/aktuell/news/news-detail/news/fdp-frauen-beider-basel-co-praesidium-uebernimmt-nach-ruecktritt-von-tamara-hunziker</p>
source_comment: ",exact,2026-04-23T12:00:00,,,,,,
749,2205,286,1,,,"page_number_string: 
notes: 
source_full_citation: <p>FDP Frauen beider Basel. (2026). <em>FDP Frauen beider Basel: Co-Pr&auml;sidium &uuml;bernimmt nach R&uuml;cktritt von Tamara Hunziker</em>. Abgerufen am 4. Mai 2026 von https://www.fdpfrauenbeiderbasel.ch/aktuell/news/news-detail/news/fdp-frauen-beider-basel-co-praesidium-uebernimmt-nach-ruecktritt-von-tamara-hunziker</p>
source_comment: ",exact,2026-04-23T12:00:00,,,,,,
