voting_issue_id,area_id,url,parliament_position_id,swissvotes_vote_number_string,voting_issue_legal_type_id,policy_area_id,party_id,notes,sources,translations_languages_code1,translations_name1,translations_notes1,translations_sources1,translations_languages_code2,translations_name2,translations_notes2,translations_sources2,translations_languages_code3,translations_name3,translations_notes3,translations_sources3,date_precision,date_datetime,date_notes,date_sources,status_identifier,status_notes,status_sources,status_translations_languages_code1,status_translations_status1,status_translations_notes1,status_translations_languages_code2,status_translations_status2,status_translations_notes2,status_translations_languages_code3,status_translations_status3,status_translations_notes3
1,1,https://swissvotes.ch/vote/1.00,3,1,1,[24],[],,"page_number_string: 
notes: 
source_full_citation: Swissvotes. (2025). Swissvotes – die Datenbank der eidgenössischen Volksabstimmungen. Abgerufen am 8.9.2025 von www.swissvotes.ch
source_comment: ",de-CH,Bundesverfassung der schweizerischen Eidgenossenschaft,,,fr-CH,Constitution fédérale de la Confédération suisse,,,en-US,Federal Constitution of the Swiss Confederation,,,exact,1848-09-12T12:00:00,,,accepted,,,de-CH,Angenommen,,en-US,Accepted,,fr-CH,Accepté,
4,1,https://swissvotes.ch/vote/2.00,1,2,1,[45],[],,"page_number_string: 
notes: 
source_full_citation: Swissvotes. (2025). Swissvotes – die Datenbank der eidgenössischen Volksabstimmungen. Abgerufen am 8.9.2025 von www.swissvotes.ch
source_comment: ",de-CH,Mass und Gewicht,,,fr-CH,Poids et mesures,,,en-US,Weights and measures,,,exact,1866-01-14T12:00:00,,,rejected,,,de-CH,Abgelehnt,,en-US,Rejected,,fr-CH,Rejeté,
5,1,https://swissvotes.ch/vote/3.00,1,3,1,"[46,47]",[],,"page_number_string: 
notes: 
source_full_citation: Swissvotes. (2025). Swissvotes – die Datenbank der eidgenössischen Volksabstimmungen. Abgerufen am 8.9.2025 von www.swissvotes.ch
source_comment: ",de-CH,Gleichstellung der Juden und Naturalisierten mit Bezug auf Niederlassung,,,fr-CH,Egalité des Juifs,,,en-US,Equal rights for Jews and naturalised citizens with regard to the right of residence,,,exact,1866-01-14T12:00:00,,,accepted,,,de-CH,Angenommen,,en-US,Accepted,,fr-CH,Accepté,
6,1,https://swissvotes.ch/vote/4.00,1,4,1,[48],[],,"page_number_string: 
notes: 
source_full_citation: Swissvotes. (2025). Swissvotes – die Datenbank der eidgenössischen Volksabstimmungen. Abgerufen am 8.9.2025 von www.swissvotes.ch
source_comment: ",de-CH,Stimmrecht der Niedergelassenen in Gemeindeangelegenheiten,,,fr-CH,"Droit de vote des Suisses établis, en matière communale",,,en-US,Swiss residents' right to vote in communal matters,,,exact,1866-01-14T12:00:00,,,rejected,,,de-CH,Abgelehnt,,en-US,Rejected,,fr-CH,Rejeté,
7,1,https://swissvotes.ch/vote/5.00,1,5,1,"[49,50]",[],,"page_number_string: 
notes: 
source_full_citation: Swissvotes. (2025). Swissvotes – die Datenbank der eidgenössischen Volksabstimmungen. Abgerufen am 8.9.2025 von www.swissvotes.ch
source_comment: ",de-CH,Besteuerung und zivilrechtliche Verhältnisse der Niedergelassenen,,,fr-CH,Impôts et rapports civils des Suisses établis,,,en-US,Taxation and civil law status of Swiss residents,,,exact,1866-01-14T12:00:00,,,rejected,,,de-CH,Abgelehnt,,en-US,Rejected,,fr-CH,Rejeté,
8,1,https://swissvotes.ch/vote/6.00,1,6,1,[51],[],,"page_number_string: 
notes: 
source_full_citation: Swissvotes. (2025). Swissvotes – die Datenbank der eidgenössischen Volksabstimmungen. Abgerufen am 8.9.2025 von www.swissvotes.ch
source_comment: ",de-CH,Stimmrecht der Niedergelassenen in kantonalen Angelegenheiten,,,fr-CH,"Droit de vote des Suisses établis, en matière cantonale",,,en-US,Swiss residents' right to vote in cantonal matters,,,exact,1866-01-14T12:00:00,,,rejected,,,de-CH,Abgelehnt,,en-US,Rejected,,fr-CH,Rejeté,
9,1,https://swissvotes.ch/vote/7.00,1,7,1,"[52,53]",[],,"page_number_string: 
notes: 
source_full_citation: Swissvotes. (2025). Swissvotes – die Datenbank der eidgenössischen Volksabstimmungen. Abgerufen am 8.9.2025 von www.swissvotes.ch
source_comment: ",de-CH,Glaubens- und Kultusfreiheit,,,fr-CH,Liberté de conscience et des cultes,,,en-US,Freedom of belief and religious practice,,,exact,1866-01-14T12:00:00,,,rejected,,,de-CH,Abgelehnt,,en-US,Rejected,,fr-CH,Rejeté,
10,1,https://swissvotes.ch/vote/8.00,1,8,1,[54],[],,"page_number_string: 
notes: 
source_full_citation: Swissvotes. (2025). Swissvotes – die Datenbank der eidgenössischen Volksabstimmungen. Abgerufen am 8.9.2025 von www.swissvotes.ch
source_comment: ",de-CH,Ausschliessung einzelner Strafarten,,,fr-CH,Interdiction de certains genres de peines,,,en-US,Exclusion of certain types of penalties,,,exact,1866-01-14T12:00:00,,,rejected,,,de-CH,Abgelehnt,,en-US,Rejected,,fr-CH,Rejeté,
11,1,https://swissvotes.ch/vote/9.00,1,9,1,"[55,56,57]",[],,"page_number_string: 
notes: 
source_full_citation: Swissvotes. (2025). Swissvotes – die Datenbank der eidgenössischen Volksabstimmungen. Abgerufen am 8.9.2025 von www.swissvotes.ch
source_comment: ",de-CH,Schutz des geistigen Eigentums,,,fr-CH,"Protection de la propriété littéraire, artistique et industrielle",,,en-US,Protection of intellectual property,,,exact,1866-01-14T12:00:00,,,rejected,,,de-CH,Abgelehnt,,en-US,Rejected,,fr-CH,Rejeté,
12,1,https://swissvotes.ch/vote/10.00,1,10,1,[58],[],,"page_number_string: 
notes: 
source_full_citation: Swissvotes. (2025). Swissvotes – die Datenbank der eidgenössischen Volksabstimmungen. Abgerufen am 8.9.2025 von www.swissvotes.ch
source_comment: ",de-CH,Verbot der Lotterie und Hasardspiele,,,fr-CH,Interdiction des loteries et jeux de hasard,,,en-US,Ban on lotteries and games of chance,,,exact,1866-01-14T12:00:00,,,rejected,,,de-CH,Abgelehnt,,en-US,Rejected,,fr-CH,Rejeté,
13,1,https://swissvotes.ch/vote/11.00,1,11,1,[59],[],,"page_number_string: 
notes: 
source_full_citation: Swissvotes. (2025). Swissvotes – die Datenbank der eidgenössischen Volksabstimmungen. Abgerufen am 8.9.2025 von www.swissvotes.ch
source_comment: ",de-CH,Bundesverfassung (Totalrevision),,,fr-CH,Constitution fédérale (révision totale),,,en-US,Federal Constitution (total revision),,,exact,1872-05-12T12:00:00,,,rejected,,,de-CH,Abgelehnt,,en-US,Rejected,,fr-CH,Rejeté,
14,1,https://swissvotes.ch/vote/12.00,1,12,1,[60],[],,"page_number_string: 
notes: 
source_full_citation: Swissvotes. (2025). Swissvotes – die Datenbank der eidgenössischen Volksabstimmungen. Abgerufen am 8.9.2025 von www.swissvotes.ch
source_comment: ",de-CH,Bundesverfassung (Totalrevision),,,fr-CH,Constitution fédérale (révision totale),,,en-US,Federal Constitution (total revision),,,exact,1874-04-19T12:00:00,,,accepted,,,de-CH,Angenommen,,en-US,Accepted,,fr-CH,Accepté,
15,1,https://swissvotes.ch/vote/13.00,1,13,2,"[61,62]",[],,"page_number_string: 
notes: 
source_full_citation: Swissvotes. (2025). Swissvotes – die Datenbank der eidgenössischen Volksabstimmungen. Abgerufen am 8.9.2025 von www.swissvotes.ch
source_comment: ",de-CH,Gesetz betreffend Feststellung und Beurkundung des Zivilstandes und die Ehe,,,fr-CH,Loi concernant l'état civil et le mariage,,,en-US,Civil status and marriage Act,,,exact,1875-05-23T12:00:00,,,accepted,,,de-CH,Angenommen,,en-US,Accepted,,fr-CH,Accepté,
31,1,https://swissvotes.ch/vote/14.00,1,14,2,[63],[],,"page_number_string: 
notes: 
source_full_citation: Swissvotes. (2025). Swissvotes – die Datenbank der eidgenössischen Volksabstimmungen. Abgerufen am 8.9.2025 von www.swissvotes.ch
source_comment: ",de-CH,Gesetz über die politische Stimmberechtigung der Schweizerbürger,,,fr-CH,Loi sur le droit de vote des citoyens suisses,,,en-US,Act on Swiss citizens' right to vote,,,exact,1875-05-23T12:00:00,,,rejected,,,de-CH,Abgelehnt,,en-US,Rejected,,fr-CH,Rejeté,
32,1,https://swissvotes.ch/vote/15.00,1,15,2,"[64,65]",[],,"page_number_string: 
notes: 
source_full_citation: Swissvotes. (2025). Swissvotes – die Datenbank der eidgenössischen Volksabstimmungen. Abgerufen am 8.9.2025 von www.swissvotes.ch
source_comment: ",de-CH,Banknotengesetz,,,fr-CH,Loi sur les billets de banque,,,en-US,Banknotes Act,,,exact,1876-04-23T12:00:00,,,rejected,,,de-CH,Abgelehnt,,en-US,Rejected,,fr-CH,Rejeté,
33,1,https://swissvotes.ch/vote/16.00,1,16,2,"[66,67,68]",[],,"page_number_string: 
notes: 
source_full_citation: Swissvotes. (2025). Swissvotes – die Datenbank der eidgenössischen Volksabstimmungen. Abgerufen am 8.9.2025 von www.swissvotes.ch
source_comment: ",de-CH,Gesetz betreffend die Militärpflichtersatzsteuer,,,fr-CH,Loi sur la taxe d'exemption du service militaire,,,en-US,Military service exemption tax Act,,,exact,1876-07-09T12:00:00,,,rejected,,,de-CH,Abgelehnt,,en-US,Rejected,,fr-CH,Rejeté,
34,1,https://swissvotes.ch/vote/17.00,1,17,2,"[69,70]",[],,"page_number_string: 
notes: 
source_full_citation: Swissvotes. (2025). Swissvotes – die Datenbank der eidgenössischen Volksabstimmungen. Abgerufen am 8.9.2025 von www.swissvotes.ch
source_comment: ",de-CH,Fabrikgesetz,,,fr-CH,Loi sur les fabriques,,,en-US,Factories Act,,,exact,1877-10-21T12:00:00,,,accepted,,,de-CH,Angenommen,,en-US,Accepted,,fr-CH,Accepté,
35,1,https://swissvotes.ch/vote/18.00,1,18,2,"[71,72,73]",[],,"page_number_string: 
notes: 
source_full_citation: Swissvotes. (2025). Swissvotes – die Datenbank der eidgenössischen Volksabstimmungen. Abgerufen am 8.9.2025 von www.swissvotes.ch
source_comment: ",de-CH,Gesetz betreffend den Militärpflichtersatz,,,fr-CH,Loi sur la taxe d'exemption du service militaire,,,en-US,Military service exemption tax Act,,,exact,1877-10-21T12:00:00,,,rejected,,,de-CH,Abgelehnt,,en-US,Rejected,,fr-CH,Rejeté,
36,1,https://swissvotes.ch/vote/19.00,1,19,2,[74],[],,"page_number_string: 
notes: 
source_full_citation: Swissvotes. (2025). Swissvotes – die Datenbank der eidgenössischen Volksabstimmungen. Abgerufen am 8.9.2025 von www.swissvotes.ch
source_comment: ",de-CH,Politische Rechte der Niedergelassenen und Aufenthalter,,,fr-CH,Droits politiques des Suisses établis et en séjour,,,en-US,Political rights of settled and resident citizens,,,exact,1877-10-21T12:00:00,,,rejected,,,de-CH,Abgelehnt,,en-US,Rejected,,fr-CH,Rejeté,
37,1,https://swissvotes.ch/vote/20.00,1,20,2,[75],[],,"page_number_string: 
notes: 
source_full_citation: Swissvotes. (2025). Swissvotes – die Datenbank der eidgenössischen Volksabstimmungen. Abgerufen am 8.9.2025 von www.swissvotes.ch
source_comment: ",de-CH,Subvention der Alpenbahnen,,,fr-CH,Subventions aux chemins de fer des Alpes,,,en-US,Subsidies for the Alpine railways,,,exact,1879-01-19T12:00:00,,,accepted,,,de-CH,Angenommen,,en-US,Accepted,,fr-CH,Accepté,
38,1,https://swissvotes.ch/vote/21.00,1,21,1,[76],[],,"page_number_string: 
notes: 
source_full_citation: Swissvotes. (2025). Swissvotes – die Datenbank der eidgenössischen Volksabstimmungen. Abgerufen am 8.9.2025 von www.swissvotes.ch
source_comment: ",de-CH,Wiedereinführung der Todesstrafe,,,fr-CH,Réintroduction de la peine de mort,,,en-US,Reintroduction of the death penalty,,,exact,1879-05-18T12:00:00,,,accepted,,,de-CH,Angenommen,,en-US,Accepted,,fr-CH,Accepté,
39,1,https://swissvotes.ch/vote/22.00,1,22,1,"[77,78]",[],,"page_number_string: 
notes: 
source_full_citation: Swissvotes. (2025). Swissvotes – die Datenbank der eidgenössischen Volksabstimmungen. Abgerufen am 8.9.2025 von www.swissvotes.ch
source_comment: ",de-CH,Banknotenmonopol,,,fr-CH,Monopole des billets de banque,,,en-US,Banknote monopoly ,,,exact,1880-10-31T12:00:00,,,rejected,,,de-CH,Abgelehnt,,en-US,Rejected,,fr-CH,Rejeté,
40,1,https://swissvotes.ch/vote/23.00,1,23,1,[79],[],,"page_number_string: 
notes: 
source_full_citation: Swissvotes. (2025). Swissvotes – die Datenbank der eidgenössischen Volksabstimmungen. Abgerufen am 8.9.2025 von www.swissvotes.ch
source_comment: ",de-CH,Bundesbeschluss betreffend den Erfindungsschutz,,,fr-CH,Arrêté concernant la protection des inventions,,,en-US,Decree on the protection of inventions,,,exact,1882-07-30T12:00:00,,,rejected,,,de-CH,Abgelehnt,,en-US,Rejected,,fr-CH,Rejeté,
41,1,https://swissvotes.ch/vote/24.00,1,24,2,"[80,81]",[],,"page_number_string: 
notes: 
source_full_citation: Swissvotes. (2025). Swissvotes – die Datenbank der eidgenössischen Volksabstimmungen. Abgerufen am 8.9.2025 von www.swissvotes.ch
source_comment: ",de-CH,Epidemiengesetz,,,fr-CH,Loi sur les épidémies,,,en-US,Epidemics Act,,,exact,1882-07-30T12:00:00,,,rejected,,,de-CH,Abgelehnt,,en-US,Rejected,,fr-CH,Rejeté,
42,1,https://swissvotes.ch/vote/25.00,1,25,2,"[82,83]",[],,"page_number_string: 
notes: 
source_full_citation: Swissvotes. (2025). Swissvotes – die Datenbank der eidgenössischen Volksabstimmungen. Abgerufen am 8.9.2025 von www.swissvotes.ch
source_comment: ",de-CH,Schaffung eines Erziehungssekretärs des Bundes,,,fr-CH,Compétences fédérales dans l'instruction primaire,,,,,,,exact,1882-11-26T12:00:00,,,rejected,,,de-CH,Abgelehnt,,en-US,Rejected,,fr-CH,Rejeté,
43,1,https://swissvotes.ch/vote/26.00,1,26,2,[84],[],,"page_number_string: 
notes: 
source_full_citation: Swissvotes. (2025). Swissvotes – die Datenbank der eidgenössischen Volksabstimmungen. Abgerufen am 8.9.2025 von www.swissvotes.ch
source_comment: ",de-CH,Organisation des Justiz- und Polizeidepartements,,,fr-CH,Organisation du département de justice et de police,,,en-US,Organisation of the Department of Justice and Police,,,exact,1884-05-11T12:00:00,,,rejected,,,de-CH,Abgelehnt,,en-US,Rejected,,fr-CH,Rejeté,
44,1,https://swissvotes.ch/vote/27.00,1,27,2,"[85,86]",[],,"page_number_string: 
notes: 
source_full_citation: Swissvotes. (2025). Swissvotes – die Datenbank der eidgenössischen Volksabstimmungen. Abgerufen am 8.9.2025 von www.swissvotes.ch
source_comment: ",en-US,Patent taxes for commercial travellers,,,de-CH,Patenttaxen der Handelsreisenden,,,fr-CH,Taxes de patente des voyageurs de commerce,,,exact,1884-05-11T12:00:00,,,rejected,,,de-CH,Abgelehnt,,en-US,Rejected,,fr-CH,Rejeté,
45,1,https://swissvotes.ch/vote/28.00,1,28,2,"[87,88]",[],,"page_number_string: 
notes: 
source_full_citation: Swissvotes. (2025). Swissvotes – die Datenbank der eidgenössischen Volksabstimmungen. Abgerufen am 8.9.2025 von www.swissvotes.ch
source_comment: ",de-CH,Bundesstrafrecht (Stabio-Artikel),,,fr-CH,Code pénal fédéral (article Stabio),,,en-US,Federal criminal law (Stabio article),,,exact,1884-05-11T12:00:00,,,rejected,,,de-CH,Abgelehnt,,en-US,Rejected,,fr-CH,Rejeté,
46,1,https://swissvotes.ch/vote/29.00,1,29,2,[89],[],,"page_number_string: 
notes: 
source_full_citation: Swissvotes. (2025). Swissvotes – die Datenbank der eidgenössischen Volksabstimmungen. Abgerufen am 8.9.2025 von www.swissvotes.ch
source_comment: ",de-CH,Beitrag an die Gesandtschaft in Washington,,,en-US,Subsidy to the Swiss legation in Washington ,,,fr-CH,Subvention à la légation suisse à Washington ,,,exact,1884-05-11T12:00:00,,,rejected,,,de-CH,Abgelehnt,,en-US,Rejected,,fr-CH,Rejeté,
47,1,https://swissvotes.ch/vote/30.00,1,30,1,"[90,91,92]",[],,"page_number_string: 
notes: 
source_full_citation: Swissvotes. (2025). Swissvotes – die Datenbank der eidgenössischen Volksabstimmungen. Abgerufen am 8.9.2025 von www.swissvotes.ch
source_comment: ",de-CH,Bundeskompetenz zur Regelung des Alkoholwesens,,,fr-CH,Compétences fédérales en matière des boissons alcooliques,,,,,,,exact,1885-10-25T12:00:00,,,accepted,,,de-CH,Angenommen,,en-US,Accepted,,fr-CH,Accepté,
48,1,https://swissvotes.ch/vote/31.00,1,31,2,"[93,94,95]",[],,"page_number_string: 
notes: 
source_full_citation: Swissvotes. (2025). Swissvotes – die Datenbank der eidgenössischen Volksabstimmungen. Abgerufen am 8.9.2025 von www.swissvotes.ch
source_comment: ",de-CH,Bundesgesetz betreffend gebrannte Wasser,,,fr-CH,Loi fédérale concernant les spiritueux,,,,,,,exact,1887-05-15T12:00:00,,,accepted,,,de-CH,Angenommen,,en-US,Accepted,,fr-CH,Accepté,
49,1,https://swissvotes.ch/vote/32.00,1,32,1,[96],[],,"page_number_string: 
notes: 
source_full_citation: Swissvotes. (2025). Swissvotes – die Datenbank der eidgenössischen Volksabstimmungen. Abgerufen am 8.9.2025 von www.swissvotes.ch
source_comment: ",de-CH,Bundeskompetenz für den Erfindungsschutz,,,fr-CH,Compétence de la Confédération en matière de la protection des inventions,,,,,,,exact,1887-07-10T12:00:00,,,accepted,,,de-CH,Angenommen,,en-US,Accepted,,fr-CH,Accepté,
50,1,https://swissvotes.ch/vote/33.00,1,33,2,"[97,98]",[],,"page_number_string: 
notes: 
source_full_citation: Swissvotes. (2025). Swissvotes – die Datenbank der eidgenössischen Volksabstimmungen. Abgerufen am 8.9.2025 von www.swissvotes.ch
source_comment: ",en-US,Debt collection and bankruptcy Act,,,de-CH,Gesetz über Schuldbetreibung und Konkurs,,,fr-CH,Loi sur la poursuite pour dettes et la faillite,,,exact,1889-11-17T12:00:00,,,accepted,,,de-CH,Angenommen,,en-US,Accepted,,fr-CH,Accepté,
51,1,https://swissvotes.ch/vote/34.00,1,34,1,[99],[],,"page_number_string: 
notes: 
source_full_citation: Swissvotes. (2025). Swissvotes – die Datenbank der eidgenössischen Volksabstimmungen. Abgerufen am 8.9.2025 von www.swissvotes.ch
source_comment: ",fr-CH,Droit de légiférer sur l'assurance en cas d'accident et de maladie,,,de-CH,Gesetzgebungsrecht über die Unfall- und Krankenversicherung,,,en-US,Right to legislate on accident and health insurance,,,exact,1890-10-26T12:00:00,,,accepted,,,de-CH,Angenommen,,en-US,Accepted,,fr-CH,Accepté,
52,1,https://swissvotes.ch/vote/35.00,1,35,2,"[100,101]",[],,"page_number_string: 
notes: 
source_full_citation: Swissvotes. (2025). Swissvotes – die Datenbank der eidgenössischen Volksabstimmungen. Abgerufen am 8.9.2025 von www.swissvotes.ch
source_comment: ",fr-CH,Loi sur les pensions,,,en-US,Pension Act,,,de-CH,Pensionsgesetz,,,exact,1891-03-15T12:00:00,,,rejected,,,de-CH,Abgelehnt,,en-US,Rejected,,fr-CH,Rejeté,
53,1,https://swissvotes.ch/vote/36.00,1,36,1,[102],[],,"page_number_string: 
notes: 
source_full_citation: Swissvotes. (2025). Swissvotes – die Datenbank der eidgenössischen Volksabstimmungen. Abgerufen am 8.9.2025 von www.swissvotes.ch
source_comment: ",de-CH,Einführung der Volksinitiative zur Teilrevision der Bundesverfassung,,,fr-CH,Introduction de l'initiative pour la révision partielle de la Constitution,,,en-US,Introduction of the popular initiative for the partial revision of the Federal Constitution,,,exact,1891-07-05T12:00:00,,,accepted,,,de-CH,Angenommen,,en-US,Accepted,,fr-CH,Accepté,
54,1,https://swissvotes.ch/vote/37.00,1,37,1,"[103,104]",[],,"page_number_string: 
notes: 
source_full_citation: Swissvotes. (2025). Swissvotes – die Datenbank der eidgenössischen Volksabstimmungen. Abgerufen am 8.9.2025 von www.swissvotes.ch
source_comment: ",en-US,Banknote monopoly ,,,de-CH,Banknotenmonopol,,,fr-CH,Monopole des billets de banque,,,exact,1891-10-18T12:00:00,,,accepted,,,de-CH,Angenommen,,en-US,Accepted,,fr-CH,Accepté,
55,1,https://swissvotes.ch/vote/38.00,1,38,2,"[105,106,107]",[],,"page_number_string: 
notes: 
source_full_citation: Swissvotes. (2025). Swissvotes – die Datenbank der eidgenössischen Volksabstimmungen. Abgerufen am 8.9.2025 von www.swissvotes.ch
source_comment: ",en-US,Customs tariff Act,,,fr-CH,Loi sur les tarifs douaniers,,,de-CH,Zolltarifgesetz,,,exact,1891-10-18T12:00:00,,,accepted,,,de-CH,Angenommen,,en-US,Accepted,,fr-CH,Accepté,
56,1,https://swissvotes.ch/vote/39.00,1,39,2,[108],[],,"page_number_string: 
notes: 
source_full_citation: Swissvotes. (2025). Swissvotes – die Datenbank der eidgenössischen Volksabstimmungen. Abgerufen am 8.9.2025 von www.swissvotes.ch
source_comment: ",en-US,Buyback of the Swiss Central Railway,,,fr-CH,Rachat du chemin de fer Central suisse,,,de-CH,Rückkauf der Centralbahn,,,exact,1891-12-06T12:00:00,,,rejected,,,de-CH,Abgelehnt,,en-US,Rejected,,fr-CH,Rejeté,
57,1,https://swissvotes.ch/vote/40.00,2,40,3,"[109,110]",[],,"page_number_string: 
notes: 
source_full_citation: Swissvotes. (2025). Swissvotes – die Datenbank der eidgenössischen Volksabstimmungen. Abgerufen am 8.9.2025 von www.swissvotes.ch
source_comment: ",de-CH,Initiative für ein Schächtverbot,,,fr-CH,Initiative pour l'interdiction de l'abattage sans étourdissement préalable,,,en-US,Initiative to ban slaughter without stunning,,,exact,1893-08-20T12:00:00,,,accepted,,,de-CH,Angenommen,,en-US,Accepted,,fr-CH,Accepté,
58,1,https://swissvotes.ch/vote/41.00,1,41,1,[111],[],,"page_number_string: 
notes: 
source_full_citation: Swissvotes. (2025). Swissvotes – die Datenbank der eidgenössischen Volksabstimmungen. Abgerufen am 8.9.2025 von www.swissvotes.ch
source_comment: ",de-CH,Bundeskompetenz für das Gewerbewesen,,,fr-CH,Compétence de la Confédération en matière de métiers,,,en-US,Federal competence for trade and commerce,,,exact,1894-03-04T12:00:00,,,rejected,,,de-CH,Abgelehnt,,en-US,Rejected,,fr-CH,Rejeté,
59,1,https://swissvotes.ch/vote/42.00,2,42,3,"[112,113,114]",[],,"page_number_string: 
notes: 
source_full_citation: Swissvotes. (2025). Swissvotes – die Datenbank der eidgenössischen Volksabstimmungen. Abgerufen am 8.9.2025 von www.swissvotes.ch
source_comment: ",de-CH,Initiative «zur Gewährleistung des Rechts auf Arbeit»,,,en-US,Initiative for a right to work ,,,fr-CH,Initiative pour un droit au travail,,,exact,1894-06-03T12:00:00,,,rejected,,,de-CH,Abgelehnt,,en-US,Rejected,,fr-CH,Rejeté,
60,1,https://swissvotes.ch/vote/43.00,2,43,3,"[115,116]",[],,"page_number_string: 
notes: 
source_full_citation: Swissvotes. (2025). Swissvotes – die Datenbank der eidgenössischen Volksabstimmungen. Abgerufen am 8.9.2025 von www.swissvotes.ch
source_comment: ",en-US,Customs revenue initiative,,,fr-CH,Initiative sur les recettes douanières,,,de-CH,Zollinitiative,,,exact,1894-11-04T12:00:00,,,rejected,,,de-CH,Abgelehnt,,en-US,Rejected,,fr-CH,Rejeté,
61,1,https://swissvotes.ch/vote/44.00,1,44,2,[117],[],,"page_number_string: 
notes: 
source_full_citation: Swissvotes. (2025). Swissvotes – die Datenbank der eidgenössischen Volksabstimmungen. Abgerufen am 8.9.2025 von www.swissvotes.ch
source_comment: ",en-US,Act on the representation of Switzerland abroad,,,de-CH,Gesandtschaftsgesetz,,,fr-CH,Loi sur la représentation de la Suisse à l'étranger,,,exact,1895-02-03T12:00:00,,,rejected,,,de-CH,Abgelehnt,,en-US,Rejected,,fr-CH,Rejeté,
62,1,https://swissvotes.ch/vote/45.00,1,45,1,"[118,119]",[],,"page_number_string: 
notes: 
source_full_citation: Swissvotes. (2025). Swissvotes – die Datenbank der eidgenössischen Volksabstimmungen. Abgerufen am 8.9.2025 von www.swissvotes.ch
source_comment: ",fr-CH,Monopole des allumettes,,,en-US,Monopoly on matches,,,de-CH,Zündhölzchenmonopol,,,exact,1895-09-29T12:00:00,,,rejected,,,de-CH,Abgelehnt,,en-US,Rejected,,fr-CH,Rejeté,
63,1,https://swissvotes.ch/vote/46.00,1,46,1,"[120,121]",[],,"page_number_string: 
notes: 
source_full_citation: Swissvotes. (2025). Swissvotes – die Datenbank der eidgenössischen Volksabstimmungen. Abgerufen am 8.9.2025 von www.swissvotes.ch
source_comment: ",de-CH,Revision der Verfassungsartikel zum Militär,,,fr-CH,Révision des articles relatifs à l'organisation militaire,,,en-US,Revision of the constitutional articles on the military,,,exact,1895-11-03T12:00:00,,,rejected,,,de-CH,Abgelehnt,,en-US,Rejected,,fr-CH,Rejeté,
64,1,https://swissvotes.ch/vote/47.00,1,47,2,"[122,123]",[],,"page_number_string: 
notes: 
source_full_citation: Swissvotes. (2025). Swissvotes – die Datenbank der eidgenössischen Volksabstimmungen. Abgerufen am 8.9.2025 von www.swissvotes.ch
source_comment: ",en-US,Livestock trade Act,,,fr-CH,Loi sur le commerce de bétail,,,de-CH,Viehhandelsgesetz,,,exact,1896-10-04T12:00:00,,,rejected,,,de-CH,Abgelehnt,,en-US,Rejected,,fr-CH,Rejeté,
65,1,https://swissvotes.ch/vote/48.00,1,48,2,[124],[],,"page_number_string: 
notes: 
source_full_citation: Swissvotes. (2025). Swissvotes – die Datenbank der eidgenössischen Volksabstimmungen. Abgerufen am 8.9.2025 von www.swissvotes.ch
source_comment: ",de-CH,Gesetz über das Rechnungswesen der Eisenbahnen,,,fr-CH,Loi sur la comptabilité des chemins de fer,,,en-US,Railway accounting Act,,,exact,1896-10-04T12:00:00,,,accepted,,,de-CH,Angenommen,,en-US,Accepted,,fr-CH,Accepté,
66,1,https://swissvotes.ch/vote/49.00,1,49,2,"[125,126]",[],,"page_number_string: 
notes: 
source_full_citation: Swissvotes. (2025). Swissvotes – die Datenbank der eidgenössischen Volksabstimmungen. Abgerufen am 8.9.2025 von www.swissvotes.ch
source_comment: ",de-CH,Disciplinarstrafordnung der Armee,,,en-US,Disciplinary Code for the Swiss Armed Forces,,,fr-CH,Loi sur les peines disciplinaires dans l'armée suisse,,,exact,1896-10-04T12:00:00,,,rejected,,,de-CH,Abgelehnt,,en-US,Rejected,,fr-CH,Rejeté,
67,1,https://swissvotes.ch/vote/50.00,1,50,2,"[127,128]",[],,"page_number_string: 
notes: 
source_full_citation: Swissvotes. (2025). Swissvotes – die Datenbank der eidgenössischen Volksabstimmungen. Abgerufen am 8.9.2025 von www.swissvotes.ch
source_comment: ",en-US,Act on the establishment of the Swiss Federal Bank,,,de-CH,Gesetz über die Errichtung der schweizerischen Bundesbank,,,fr-CH,Loi créant une Banque de la Confédération suisse,,,exact,1897-02-28T12:00:00,,,rejected,,,de-CH,Abgelehnt,,en-US,Rejected,,fr-CH,Rejeté,
68,1,https://swissvotes.ch/vote/51.00,1,51,1,"[129,130]",[],,"page_number_string: 
notes: 
source_full_citation: Swissvotes. (2025). Swissvotes – die Datenbank der eidgenössischen Volksabstimmungen. Abgerufen am 8.9.2025 von www.swissvotes.ch
source_comment: ",de-CH,Bundeskompetenz bei der Wasserbau- und Forstpolizei,,,fr-CH,Compétence de la Confédération en matière de la police des eaux et des forêts,,,,,,,exact,1897-07-11T12:00:00,,,accepted,,,de-CH,Angenommen,,en-US,Accepted,,fr-CH,Accepté,
69,1,https://swissvotes.ch/vote/52.00,1,52,1,"[131,132,133]",[],,"page_number_string: 
notes: 
source_full_citation: Swissvotes. (2025). Swissvotes – die Datenbank der eidgenössischen Volksabstimmungen. Abgerufen am 8.9.2025 von www.swissvotes.ch
source_comment: ",de-CH,Bundeskompetenz für die Lebensmittelpolizei,,,fr-CH,Compétence de la Confédération en matière de la police des denrées alimentaires,,,,,,,exact,1897-07-11T12:00:00,,,accepted,,,de-CH,Angenommen,,en-US,Accepted,,fr-CH,Accepté,
70,1,https://swissvotes.ch/vote/53.00,1,53,2,[134],[],,"page_number_string: 
notes: 
source_full_citation: Swissvotes. (2025). Swissvotes – die Datenbank der eidgenössischen Volksabstimmungen. Abgerufen am 8.9.2025 von www.swissvotes.ch
source_comment: ",de-CH,Gesetz über die schweizerischen Bundesbahnen,,,fr-CH,Loi concernant les chemins de fer fédéraux,,,,,,,exact,1898-02-20T12:00:00,,,accepted,,,de-CH,Angenommen,,en-US,Accepted,,fr-CH,Accepté,
71,1,https://swissvotes.ch/vote/54.00,1,54,1,[135],[],,"page_number_string: 
notes: 
source_full_citation: Swissvotes. (2025). Swissvotes – die Datenbank der eidgenössischen Volksabstimmungen. Abgerufen am 8.9.2025 von www.swissvotes.ch
source_comment: ",fr-CH,Unification du droit civil,,,de-CH,Vereinheitlichung des Zivilrechts,,,,,,,exact,1898-11-13T12:00:00,,,accepted,,,de-CH,Angenommen,,en-US,Accepted,,fr-CH,Accepté,
72,1,https://swissvotes.ch/vote/55.00,1,55,1,[136],[],,"page_number_string: 
notes: 
source_full_citation: Swissvotes. (2025). Swissvotes – die Datenbank der eidgenössischen Volksabstimmungen. Abgerufen am 8.9.2025 von www.swissvotes.ch
source_comment: ",fr-CH,Unification du droit pénal,,,de-CH,Vereinheitlichung des Strafrechts,,,,,,,exact,1898-11-13T12:00:00,,,accepted,,,de-CH,Angenommen,,en-US,Accepted,,fr-CH,Accepté,
73,1,https://swissvotes.ch/vote/56.00,1,56,2,[137],[],,"page_number_string: 
notes: 
source_full_citation: Swissvotes. (2025). Swissvotes – die Datenbank der eidgenössischen Volksabstimmungen. Abgerufen am 8.9.2025 von www.swissvotes.ch
source_comment: ",de-CH,"Gesetz zur Kranken-, Unfall- und Militärversicherung",,,fr-CH,"Loi sur l'assurance maladie, accidents et militaire",,,,,,,exact,1900-05-20T12:00:00,,,rejected,,,de-CH,Abgelehnt,,en-US,Rejected,,fr-CH,Rejeté,
74,1,https://swissvotes.ch/vote/57.00,2,57,3,[138],[],,"page_number_string: 
notes: 
source_full_citation: Swissvotes. (2025). Swissvotes – die Datenbank der eidgenössischen Volksabstimmungen. Abgerufen am 8.9.2025 von www.swissvotes.ch
source_comment: ",de-CH,Initiative «für die Proporzwahl des Nationalrates»,,,fr-CH,Initiative pour l'introduction du système proportionnel dans les élections au Conseil national,,,,,,,exact,1900-11-04T12:00:00,,,rejected,,,de-CH,Abgelehnt,,en-US,Rejected,,fr-CH,Rejeté,
75,1,https://swissvotes.ch/vote/58.00,2,58,3,[139],[],,"page_number_string: 
notes: 
source_full_citation: Swissvotes. (2025). Swissvotes – die Datenbank der eidgenössischen Volksabstimmungen. Abgerufen am 8.9.2025 von www.swissvotes.ch
source_comment: ",de-CH,Initiative für die Volkswahl des Bundesrates,,,fr-CH,Initiative pour la nomination du Conseil fédéral par le peuple,,,,,,,exact,1900-11-04T12:00:00,,,rejected,,,de-CH,Abgelehnt,,en-US,Rejected,,fr-CH,Rejeté,
76,1,https://swissvotes.ch/vote/59.00,1,59,1,"[140,141]",[],,"page_number_string: 
notes: 
source_full_citation: Swissvotes. (2025). Swissvotes – die Datenbank der eidgenössischen Volksabstimmungen. Abgerufen am 8.9.2025 von www.swissvotes.ch
source_comment: ",fr-CH,Subvention de l'école primaire publique par la Confédération,,,de-CH,Unterstützung der Primarschule durch den Bund,,,,,,,exact,1902-11-23T12:00:00,,,accepted,,,de-CH,Angenommen,,en-US,Accepted,,fr-CH,Accepté,
77,1,https://swissvotes.ch/vote/60.00,1,60,2,"[142,143,144]",[],,"page_number_string: 
notes: 
source_full_citation: Swissvotes. (2025). Swissvotes – die Datenbank der eidgenössischen Volksabstimmungen. Abgerufen am 8.9.2025 von www.swissvotes.ch
source_comment: ",fr-CH,Loi sur les tarifs douaniers,,,de-CH,Zolltarifgesetz,,,,,,,exact,1903-03-15T12:00:00,,,accepted,,,de-CH,Angenommen,,en-US,Accepted,,fr-CH,Accepté,
78,1,https://swissvotes.ch/vote/61.00,1,61,2,"[145,146,147]",[],,"page_number_string: 
notes: 
source_full_citation: Swissvotes. (2025). Swissvotes – die Datenbank der eidgenössischen Volksabstimmungen. Abgerufen am 8.9.2025 von www.swissvotes.ch
source_comment: ",de-CH,Bundesstrafrecht (Anstiftung Militärpflichtiger zu Verbrechen),,,fr-CH,Code pénal fédéral (incitation à l'insubordination militaire),,,,,,,exact,1903-10-25T12:00:00,,,rejected,,,de-CH,Abgelehnt,,en-US,Rejected,,fr-CH,Rejeté,
79,1,https://swissvotes.ch/vote/62.00,2,62,3,[148],[],,"page_number_string: 
notes: 
source_full_citation: Swissvotes. (2025). Swissvotes – die Datenbank der eidgenössischen Volksabstimmungen. Abgerufen am 8.9.2025 von www.swissvotes.ch
source_comment: ",de-CH,Initiative «für die Wahl des Nationalrates aufgrund der Schweizer Wohnbevölkerung»,,,fr-CH,Initiative pour l'élection du Conseil national basée sur la population de nationalité suisse,,,,,,,exact,1903-10-25T12:00:00,,,rejected,,,de-CH,Abgelehnt,,en-US,Rejected,,fr-CH,Rejeté,
80,1,https://swissvotes.ch/vote/63.00,1,63,1,"[149,150,151]",[],,"page_number_string: 
notes: 
source_full_citation: Swissvotes. (2025). Swissvotes – die Datenbank der eidgenössischen Volksabstimmungen. Abgerufen am 8.9.2025 von www.swissvotes.ch
source_comment: ",fr-CH,Article concernant la réglementation des ventes au détail des spiritueux,,,de-CH,Artikel über die Regulierung des Alkoholhandels,,,,,,,exact,1903-10-25T12:00:00,,,rejected,,,de-CH,Abgelehnt,,en-US,Rejected,,fr-CH,Rejeté,
81,1,https://swissvotes.ch/vote/64.00,1,64,1,[152],[],,"page_number_string: 
notes: 
source_full_citation: Swissvotes. (2025). Swissvotes – die Datenbank der eidgenössischen Volksabstimmungen. Abgerufen am 8.9.2025 von www.swissvotes.ch
source_comment: ",de-CH,Ausdehnung des Erfinderschutzes,,,fr-CH,Extension de la protection des inventions,,,,,,,exact,1905-03-19T12:00:00,,,accepted,,,de-CH,Angenommen,,en-US,Accepted,,fr-CH,Accepté,
82,1,https://swissvotes.ch/vote/65.00,1,65,2,"[153,154,155]",[],,"page_number_string: 
notes: 
source_full_citation: Swissvotes. (2025). Swissvotes – die Datenbank der eidgenössischen Volksabstimmungen. Abgerufen am 8.9.2025 von www.swissvotes.ch
source_comment: ",de-CH,Lebensmittelgesetz,,,fr-CH,Loi sur le commerce des denrées alimentaires,,,,,,,exact,1906-06-10T12:00:00,,,accepted,,,de-CH,Angenommen,,en-US,Accepted,,fr-CH,Accepté,
83,1,https://swissvotes.ch/vote/66.00,1,66,2,[156],[],,"page_number_string: 
notes: 
source_full_citation: Swissvotes. (2025). Swissvotes – die Datenbank der eidgenössischen Volksabstimmungen. Abgerufen am 8.9.2025 von www.swissvotes.ch
source_comment: ",de-CH,Militärorganisation der schweizerischen Eidgenossenschaft,,,fr-CH,Organisation militaire de la Confédération suisse,,,,,,,exact,1907-11-03T12:00:00,,,accepted,,,de-CH,Angenommen,,en-US,Accepted,,fr-CH,Accepté,
84,1,https://swissvotes.ch/vote/67.00,1,67,1,[157],[],,"page_number_string: 
notes: 
source_full_citation: Swissvotes. (2025). Swissvotes – die Datenbank der eidgenössischen Volksabstimmungen. Abgerufen am 8.9.2025 von www.swissvotes.ch
source_comment: ",fr-CH,Article concernant la législation sur les arts et métiers,,,de-CH,Verfassungsartikel zur Gesetzgebung über das Gewerbewesen,,,,,,,exact,1908-07-05T12:00:00,,,accepted,,,de-CH,Angenommen,,en-US,Accepted,,fr-CH,Accepté,
85,1,https://swissvotes.ch/vote/68.00,1,68,3,[158],[],,"page_number_string: 
notes: 
source_full_citation: Swissvotes. (2025). Swissvotes – die Datenbank der eidgenössischen Volksabstimmungen. Abgerufen am 8.9.2025 von www.swissvotes.ch
source_comment: ",de-CH,Initiative «für ein Absinthverbot»,,,fr-CH,Initiative pour l'interdiction de l'absinthe,,,,,,,exact,1908-07-05T12:00:00,,,accepted,,,de-CH,Angenommen,,en-US,Accepted,,fr-CH,Accepté,
86,1,https://swissvotes.ch/vote/69.00,1,69,4,[159],[],,"page_number_string: 
notes: 
source_full_citation: Swissvotes. (2025). Swissvotes – die Datenbank der eidgenössischen Volksabstimmungen. Abgerufen am 8.9.2025 von www.swissvotes.ch
source_comment: ",fr-CH,Article sur les forces hydrauliques et l'énergie électrique,,,de-CH,Verfassungsartikel über die Wasserkraft und Elektrizität,,,,,,,exact,1908-10-25T12:00:00,,,accepted,,,de-CH,Angenommen,,en-US,Accepted,,fr-CH,Accepté,
87,1,https://swissvotes.ch/vote/70.00,2,70,3,[160],[],,"page_number_string: 
notes: 
source_full_citation: Swissvotes. (2025). Swissvotes – die Datenbank der eidgenössischen Volksabstimmungen. Abgerufen am 8.9.2025 von www.swissvotes.ch
source_comment: ",de-CH,Initiative «für die Proporzwahl des Nationalrates»,,,fr-CH,Initiative pour le système proportionnel aux élections pour le Conseil national,,,,,,,exact,1910-10-23T12:00:00,,,rejected,,,de-CH,Abgelehnt,,en-US,Rejected,,fr-CH,Rejeté,
88,1,https://swissvotes.ch/vote/71.00,1,71,2,[161],[],,"page_number_string: 
notes: 
source_full_citation: Swissvotes. (2025). Swissvotes – die Datenbank der eidgenössischen Volksabstimmungen. Abgerufen am 8.9.2025 von www.swissvotes.ch
source_comment: ",de-CH,Kranken- und Unfallversicherungsgesetz,,,fr-CH,Loi sur l'assurance en cas de maladie et d'accidents,,,,,,,exact,1912-02-04T12:00:00,,,accepted,,,de-CH,Angenommen,,en-US,Accepted,,fr-CH,Accepté,
89,1,https://swissvotes.ch/vote/72.00,1,72,1,"[162,163]",[],,"page_number_string: 
notes: 
source_full_citation: Swissvotes. (2025). Swissvotes – die Datenbank der eidgenössischen Volksabstimmungen. Abgerufen am 8.9.2025 von www.swissvotes.ch
source_comment: ",de-CH,Bekämpfung menschlicher und tierischer Krankheiten,,,fr-CH,Lutte contre les maladies de l'homme et des animaux,,,,,,,exact,1913-05-04T12:00:00,,,accepted,,,de-CH,Angenommen,,en-US,Accepted,,fr-CH,Accepté,
90,1,https://swissvotes.ch/vote/73.00,1,73,1,[164],[],,"page_number_string: 
notes: 
source_full_citation: Swissvotes. (2025). Swissvotes – die Datenbank der eidgenössischen Volksabstimmungen. Abgerufen am 8.9.2025 von www.swissvotes.ch
source_comment: ",fr-CH,Création d'une cour administrative,,,de-CH,Schaffung eines Verwaltungsgerichts,,,,,,,exact,1914-10-25T12:00:00,,,accepted,,,de-CH,Angenommen,,en-US,Accepted,,fr-CH,Accepté,
91,1,https://swissvotes.ch/vote/74.00,1,74,1,"[165,166]",[],,"page_number_string: 
notes: 
source_full_citation: Swissvotes. (2025). Swissvotes – die Datenbank der eidgenössischen Volksabstimmungen. Abgerufen am 8.9.2025 von www.swissvotes.ch
source_comment: ",fr-CH,Article pour un impôt de guerre non renouvelable,,,de-CH,Verfassungsgrundlage für eine einmalige Kriegssteuer,,,,,,,exact,1915-06-06T12:00:00,,,accepted,,,de-CH,Angenommen,,en-US,Accepted,,fr-CH,Accepté,
92,1,https://swissvotes.ch/vote/75.00,1,75,1,"[167,168]",[],,"page_number_string: 
notes: 
source_full_citation: Swissvotes. (2025). Swissvotes – die Datenbank der eidgenössischen Volksabstimmungen. Abgerufen am 8.9.2025 von www.swissvotes.ch
source_comment: ",fr-CH,Droit de timbre,,,de-CH,Stempelabgaben,,,,,,,exact,1917-05-13T12:00:00,,,accepted,,,de-CH,Angenommen,,en-US,Accepted,,fr-CH,Accepté,
93,1,https://swissvotes.ch/vote/76.00,2,76,3,[169],[],,"page_number_string: 
notes: 
source_full_citation: Swissvotes. (2025). Swissvotes – die Datenbank der eidgenössischen Volksabstimmungen. Abgerufen am 8.9.2025 von www.swissvotes.ch
source_comment: ",de-CH,Initiative für eine direkte Bundessteuer,,,fr-CH,Initiative pour l'impôt fédéral direct,,,,,,,exact,1918-06-02T12:00:00,,,rejected,,,de-CH,Abgelehnt,,en-US,Rejected,,fr-CH,Rejeté,
94,1,https://swissvotes.ch/vote/77.00,2,77,3,[170],[],,"page_number_string: 
notes: 
source_full_citation: Swissvotes. (2025). Swissvotes – die Datenbank der eidgenössischen Volksabstimmungen. Abgerufen am 8.9.2025 von www.swissvotes.ch
source_comment: ",de-CH,Initiative «für die Proporzwahl des Nationalrates»,,,fr-CH,Initiative pour le système proportionnel aux élections du Conseil national,,,,,,,exact,1918-10-13T12:00:00,,,accepted,,,de-CH,Angenommen,,en-US,Accepted,,fr-CH,Accepté,
95,1,https://swissvotes.ch/vote/78.00,1,78,1,"[171,172]",[],,"page_number_string: 
notes: 
source_full_citation: Swissvotes. (2025). Swissvotes – die Datenbank der eidgenössischen Volksabstimmungen. Abgerufen am 8.9.2025 von www.swissvotes.ch
source_comment: ",fr-CH,Article sur la navigation,,,de-CH,Artikel über die Schifffahrt,,,,,,,exact,1919-05-04T12:00:00,,,accepted,,,de-CH,Angenommen,,en-US,Accepted,,fr-CH,Accepté,
96,1,https://swissvotes.ch/vote/79.00,1,79,1,"[173,174]",[],,"page_number_string: 
notes: 
source_full_citation: Swissvotes. (2025). Swissvotes – die Datenbank der eidgenössischen Volksabstimmungen. Abgerufen am 8.9.2025 von www.swissvotes.ch
source_comment: ",fr-CH,Article pour un impôt de guerre extraordinaire,,,de-CH,Verfassungsgrundlage für eine ausserordentliche Kriegssteuer,,,,,,,exact,1919-05-04T12:00:00,,,accepted,,,de-CH,Angenommen,,en-US,Accepted,,fr-CH,Accepté,
97,1,https://swissvotes.ch/vote/80.00,1,80,1,[175],[],,"page_number_string: 
notes: 
source_full_citation: Swissvotes. (2025). Swissvotes – die Datenbank der eidgenössischen Volksabstimmungen. Abgerufen am 8.9.2025 von www.swissvotes.ch
source_comment: ",fr-CH,Dispositions transistoires pour les élections aux Conseils national et fédéral,,,de-CH,Übergangsbestimmungen für vorgezogene Wahlen in den National- und Bundesrat,,,,,,,exact,1919-08-10T12:00:00,,,accepted,,,de-CH,Angenommen,,en-US,Accepted,,fr-CH,Accepté,
98,1,https://swissvotes.ch/vote/81.00,1,81,2,[176],[],,"page_number_string: 
notes: 
source_full_citation: Swissvotes. (2025). Swissvotes – die Datenbank der eidgenössischen Volksabstimmungen. Abgerufen am 8.9.2025 von www.swissvotes.ch
source_comment: ",de-CH,Gesetz zur Ordnung des Arbeitsverhältnisses,,,fr-CH,Loi portant réglementation des conditions de travail,,,,,,,exact,1920-03-21T12:00:00,,,rejected,,,de-CH,Abgelehnt,,en-US,Rejected,,fr-CH,Rejeté,
99,1,https://swissvotes.ch/vote/82.10,2,82.1,3,[177],[],,"page_number_string: 
notes: 
source_full_citation: Swissvotes. (2025). Swissvotes – die Datenbank der eidgenössischen Volksabstimmungen. Abgerufen am 8.9.2025 von www.swissvotes.ch
source_comment: ",de-CH,Initiative für ein Verbot der Spielbanken,,,fr-CH,Initiative pour l'interdiction des maisons de jeux,,,,,,,exact,1920-03-21T12:00:00,,,accepted,,,de-CH,Angenommen,,en-US,Accepted,,fr-CH,Accepté,
100,1,https://swissvotes.ch/vote/82.20,1,82.2,4,[178],[],,"page_number_string: 
notes: 
source_full_citation: Swissvotes. (2025). Swissvotes – die Datenbank der eidgenössischen Volksabstimmungen. Abgerufen am 8.9.2025 von www.swissvotes.ch
source_comment: ",fr-CH,Contre-projet à l'initiative pour l'interdiction des maisons de jeux,,,de-CH,Gegenentwurf zur Initiative für ein Verbot der Spielbanken,,,,,,,exact,1920-03-21T12:00:00,,,rejected,,,de-CH,Abgelehnt,,en-US,Rejected,,fr-CH,Rejeté,
101,1,https://swissvotes.ch/vote/83.00,1,83,1,[179],[],,"page_number_string: 
notes: 
source_full_citation: Swissvotes. (2025). Swissvotes – die Datenbank der eidgenössischen Volksabstimmungen. Abgerufen am 8.9.2025 von www.swissvotes.ch
source_comment: ",fr-CH,Accession de la Suisse à la Société des Nations,,,de-CH,Beitritt zum Völkerbund,,,,,,,exact,1920-05-16T12:00:00,,,accepted,,,de-CH,Angenommen,,en-US,Accepted,,fr-CH,Accepté,
102,1,https://swissvotes.ch/vote/84.00,1,84,2,"[180,181]",[],,"page_number_string: 
notes: 
source_full_citation: Swissvotes. (2025). Swissvotes – die Datenbank der eidgenössischen Volksabstimmungen. Abgerufen am 8.9.2025 von www.swissvotes.ch
source_comment: ",de-CH,Gesetz zur Arbeitszeit bei den Eisenbahnen,,,fr-CH,Loi concernant la durée de travail dans les entreprises de transport,,,,,,,exact,1920-10-31T12:00:00,,,accepted,,,de-CH,Angenommen,,en-US,Accepted,,fr-CH,Accepté,
103,1,https://swissvotes.ch/vote/85.00,1,85,3,"[182,183]",[],,"page_number_string: 
notes: 
source_full_citation: Swissvotes. (2025). Swissvotes – die Datenbank der eidgenössischen Volksabstimmungen. Abgerufen am 8.9.2025 von www.swissvotes.ch
source_comment: ",de-CH,Initiative für ein Staatsvertragsreferendum,,,fr-CH,Initiative pour la soumission de traités internationaux au référendum,,,,,,,exact,1921-01-30T12:00:00,,,accepted,,,de-CH,Angenommen,,en-US,Accepted,,fr-CH,Accepté,
104,1,https://swissvotes.ch/vote/86.00,2,86,3,"[184,185]",[],,"page_number_string: 
notes: 
source_full_citation: Swissvotes. (2025). Swissvotes – die Datenbank der eidgenössischen Volksabstimmungen. Abgerufen am 8.9.2025 von www.swissvotes.ch
source_comment: ",de-CH,Initiative «für die Aufhebung der Militärjustiz»,,,fr-CH,Initiative «Suppression de la justice millitaire»,,,,,,,exact,1921-01-30T12:00:00,,,rejected,,,de-CH,Abgelehnt,,en-US,Rejected,,fr-CH,Rejeté,
105,1,https://swissvotes.ch/vote/87.00,1,87,1,"[186,187]",[],,"page_number_string: 
notes: 
source_full_citation: Swissvotes. (2025). Swissvotes – die Datenbank der eidgenössischen Volksabstimmungen. Abgerufen am 8.9.2025 von www.swissvotes.ch
source_comment: ",fr-CH,Article sur la circulation des automobiles et des cycles,,,de-CH,Artikel über den Automobil- und Fahrradverkehr,,,,,,,exact,1921-05-22T12:00:00,,,accepted,,,de-CH,Angenommen,,en-US,Accepted,,fr-CH,Accepté,
106,1,https://swissvotes.ch/vote/88.00,1,88,1,"[188,189]",[],,"page_number_string: 
notes: 
source_full_citation: Swissvotes. (2025). Swissvotes – die Datenbank der eidgenössischen Volksabstimmungen. Abgerufen am 8.9.2025 von www.swissvotes.ch
source_comment: ",fr-CH,Article sur la navigation aérienne,,,de-CH,Artikel über die Luftschiffahrt,,,,,,,exact,1921-05-22T12:00:00,,,accepted,,,de-CH,Angenommen,,en-US,Accepted,,fr-CH,Accepté,
107,1,https://swissvotes.ch/vote/89.00,2,89,3,"[190,191]",[],,"page_number_string: 
notes: 
source_full_citation: Swissvotes. (2025). Swissvotes – die Datenbank der eidgenössischen Volksabstimmungen. Abgerufen am 8.9.2025 von www.swissvotes.ch
source_comment: ",de-CH,Initiative «betreffend die Erlangung des Schweizerbürgerrechts»,,,fr-CH,Initiative concernant les naturalisations,,,,,,,exact,1922-06-11T12:00:00,,,rejected,,,de-CH,Abgelehnt,,en-US,Rejected,,fr-CH,Rejeté,
108,1,https://swissvotes.ch/vote/90.00,2,90,3,"[192,193]",[],,"page_number_string: 
notes: 
source_full_citation: Swissvotes. (2025). Swissvotes – die Datenbank der eidgenössischen Volksabstimmungen. Abgerufen am 8.9.2025 von www.swissvotes.ch
source_comment: ",de-CH,Initiative «betreffend die Ausweisung von Ausländern»,,,fr-CH,Initiative concernant l'expulsion pour atteinte à la sécurité du pays,,,,,,,exact,1922-06-11T12:00:00,,,rejected,,,de-CH,Abgelehnt,,en-US,Rejected,,fr-CH,Rejeté,
109,1,https://swissvotes.ch/vote/91.00,2,91,3,[194],[],,"page_number_string: 
notes: 
source_full_citation: Swissvotes. (2025). Swissvotes – die Datenbank der eidgenössischen Volksabstimmungen. Abgerufen am 8.9.2025 von www.swissvotes.ch
source_comment: ",de-CH,Initiative «betreffend die Wählbarkeit der Bundesbeamten in den Nationalrat»,,,fr-CH,Initiative sur «l'éligibilité des fonctionnaires fédéraux au Conseil national»,,,,,,,exact,1922-06-11T12:00:00,,,rejected,,,de-CH,Abgelehnt,,en-US,Rejected,,fr-CH,Rejeté,
110,1,https://swissvotes.ch/vote/92.00,1,92,2,"[195,196]",[],,"page_number_string: 
notes: 
source_full_citation: Swissvotes. (2025). Swissvotes – die Datenbank der eidgenössischen Volksabstimmungen. Abgerufen am 8.9.2025 von www.swissvotes.ch
source_comment: ",fr-CH,Modification du code pénal (sûreté intérieure et sursis à l'exécution de la peine),,,de-CH,Strafrechtsrevision (innere Sicherheit und bedingter Strafvollzug),,,,,,,exact,1922-09-24T12:00:00,,,rejected,,,de-CH,Abgelehnt,,en-US,Rejected,,fr-CH,Rejeté,
111,1,https://swissvotes.ch/vote/93.00,2,93,3,"[197,198]",[],,"page_number_string: 
notes: 
source_full_citation: Swissvotes. (2025). Swissvotes – die Datenbank der eidgenössischen Volksabstimmungen. Abgerufen am 8.9.2025 von www.swissvotes.ch
source_comment: ",de-CH,Initiative für eine einmalige Vermögensabgabe,,,fr-CH,Initiative pour un impôt unique sur la fortune,,,,,,,exact,1922-12-03T12:00:00,,,rejected,,,de-CH,Abgelehnt,,en-US,Rejected,,fr-CH,Rejeté,
112,1,https://swissvotes.ch/vote/94.00,2,94,3,"[199,200]",[],,"page_number_string: 
notes: 
source_full_citation: Swissvotes. (2025). Swissvotes – die Datenbank der eidgenössischen Volksabstimmungen. Abgerufen am 8.9.2025 von www.swissvotes.ch
source_comment: ",fr-CH,Initiative sur la détention préventive,,,de-CH,Schutzhaft-Initiative,,,,,,,exact,1923-02-18T12:00:00,,,rejected,,,de-CH,Abgelehnt,,en-US,Rejected,,fr-CH,Rejeté,
113,1,https://swissvotes.ch/vote/95.00,1,95,2,[201],[],,"page_number_string: 
notes: 
source_full_citation: Swissvotes. (2025). Swissvotes – die Datenbank der eidgenössischen Volksabstimmungen. Abgerufen am 8.9.2025 von www.swissvotes.ch
source_comment: ",de-CH,Abkommen mit Frankreich betreffend Hochsavoyen,,,fr-CH,Convention avec la France concernant la Haute-Savoie,,,,,,,exact,1923-02-18T12:00:00,,,rejected,,,de-CH,Abgelehnt,,en-US,Rejected,,fr-CH,Rejeté,
114,1,https://swissvotes.ch/vote/96.00,2,96,3,"[202,203]",[],,"page_number_string: 
notes: 
source_full_citation: Swissvotes. (2025). Swissvotes – die Datenbank der eidgenössischen Volksabstimmungen. Abgerufen am 8.9.2025 von www.swissvotes.ch
source_comment: ",fr-CH,Initiative douanière,,,de-CH,Zollinitiative,,,,,,,exact,1923-04-15T12:00:00,,,rejected,,,de-CH,Abgelehnt,,en-US,Rejected,,fr-CH,Rejeté,
115,1,https://swissvotes.ch/vote/97.00,1,97,1,"[204,205]",[],,"page_number_string: 
notes: 
source_full_citation: Swissvotes. (2025). Swissvotes – die Datenbank der eidgenössischen Volksabstimmungen. Abgerufen am 8.9.2025 von www.swissvotes.ch
source_comment: ",fr-CH,Arrêté sur la régime des alcools,,,de-CH,Bundesbeschluss zum Alkoholwesen,,,,,,,exact,1923-06-03T12:00:00,,,rejected,,,de-CH,Abgelehnt,,en-US,Rejected,,fr-CH,Rejeté,
116,1,https://swissvotes.ch/vote/98.00,1,98,2,[206],[],,"page_number_string: 
notes: 
source_full_citation: Swissvotes. (2025). Swissvotes – die Datenbank der eidgenössischen Volksabstimmungen. Abgerufen am 8.9.2025 von www.swissvotes.ch
source_comment: ",de-CH,Fabrikgesetz,,,fr-CH,Loi sur les fabriques,,,,,,,exact,1924-02-17T12:00:00,,,rejected,,,de-CH,Abgelehnt,,en-US,Rejected,,fr-CH,Rejeté,
117,1,https://swissvotes.ch/vote/99.00,2,99,3,"[207,208]",[],,"page_number_string: 
notes: 
source_full_citation: Swissvotes. (2025). Swissvotes – die Datenbank der eidgenössischen Volksabstimmungen. Abgerufen am 8.9.2025 von www.swissvotes.ch
source_comment: ",de-CH,Initiative für eine AHV/IV,,,fr-CH,Initiative pour une AVS/AI,,,,,,,exact,1925-05-24T12:00:00,,,rejected,,,de-CH,Abgelehnt,,en-US,Rejected,,fr-CH,Rejeté,
118,1,https://swissvotes.ch/vote/100.00,1,100,1,[209],[],,"page_number_string: 
notes: 
source_full_citation: Swissvotes. (2025). Swissvotes – die Datenbank der eidgenössischen Volksabstimmungen. Abgerufen am 8.9.2025 von www.swissvotes.ch
source_comment: ",fr-CH,Arrêté concernant le séjour et l'établissement des étrangers,,,de-CH,Beschluss betreffend Aufenthalt und Niederlassung der Ausländer,,,,,,,exact,1925-10-25T12:00:00,,,accepted,,,de-CH,Angenommen,,en-US,Accepted,,fr-CH,Accepté,
119,1,https://swissvotes.ch/vote/101.00,1,101,1,"[210,211]",[],,"page_number_string: 
notes: 
source_full_citation: Swissvotes. (2025). Swissvotes – die Datenbank der eidgenössischen Volksabstimmungen. Abgerufen am 8.9.2025 von www.swissvotes.ch
source_comment: ",fr-CH,Arrêté fédéral concernant une AVS/AI,,,de-CH,Bundesbeschluss betreffend eine AHV/IV,,,,,,,exact,1925-12-06T12:00:00,,,accepted,,,de-CH,Angenommen,,en-US,Accepted,,fr-CH,Accepté,
120,1,https://swissvotes.ch/vote/102.00,1,102,1,"[212,213]",[],,"page_number_string: 
notes: 
source_full_citation: Swissvotes. (2025). Swissvotes – die Datenbank der eidgenössischen Volksabstimmungen. Abgerufen am 8.9.2025 von www.swissvotes.ch
source_comment: ",fr-CH,Article sur l'approvisionnement du pays en céréales,,,de-CH,Artikel zur Getreideversorgung,,,,,,,exact,1926-12-05T12:00:00,,,rejected,,,de-CH,Abgelehnt,,en-US,Rejected,,fr-CH,Rejeté,
121,1,https://swissvotes.ch/vote/103.00,1,103,1,"[214,215]",[],,"page_number_string: 
notes: 
source_full_citation: Swissvotes. (2025). Swissvotes – die Datenbank der eidgenössischen Volksabstimmungen. Abgerufen am 8.9.2025 von www.swissvotes.ch
source_comment: ",de-CH,Entschädigung an Kantone für Alpenstrassen,,,fr-CH,Indemnité aux cantons pour les routes alpestres,,,,,,,exact,1927-05-15T12:00:00,,,accepted,,,de-CH,Angenommen,,en-US,Accepted,,fr-CH,Accepté,
122,1,https://swissvotes.ch/vote/104.00,1,104,2,"[216,217]",[],,"page_number_string: 
notes: 
source_full_citation: Swissvotes. (2025). Swissvotes – die Datenbank der eidgenössischen Volksabstimmungen. Abgerufen am 8.9.2025 von www.swissvotes.ch
source_comment: ",de-CH,Gesetz über den Automobil- und Fahrradverkehr,,,fr-CH,Loi sur la circulation des automobiles et des cycles,,,,,,,exact,1927-05-15T12:00:00,,,rejected,,,de-CH,Abgelehnt,,en-US,Rejected,,fr-CH,Rejeté,
123,1,https://swissvotes.ch/vote/105.00,1,105,1,"[218,219]",[],,"page_number_string: 
notes: 
source_full_citation: Swissvotes. (2025). Swissvotes – die Datenbank der eidgenössischen Volksabstimmungen. Abgerufen am 8.9.2025 von www.swissvotes.ch
source_comment: ",de-CH,Massnahmen gegen die Überfremdung,,,fr-CH,Mesures concernant la naturalisation,,,,,,,exact,1928-05-20T12:00:00,,,accepted,,,de-CH,Angenommen,,en-US,Accepted,,fr-CH,Accepté,
124,1,https://swissvotes.ch/vote/106.00,1,106,3,[220],[],,"page_number_string: 
notes: 
source_full_citation: Swissvotes. (2025). Swissvotes – die Datenbank der eidgenössischen Volksabstimmungen. Abgerufen am 8.9.2025 von www.swissvotes.ch
source_comment: ",de-CH,Initiative für die Erhaltung der Kursäle,,,fr-CH,Initiative pour le maintien des kursaals,,,,,,,exact,1928-12-02T12:00:00,,,accepted,,,de-CH,Angenommen,,en-US,Accepted,,fr-CH,Accepté,
125,1,https://swissvotes.ch/vote/107.10,2,107.1,3,"[221,222]",[],,"page_number_string: 
notes: 
source_full_citation: Swissvotes. (2025). Swissvotes – die Datenbank der eidgenössischen Volksabstimmungen. Abgerufen am 8.9.2025 von www.swissvotes.ch
source_comment: ",fr-CH,Initiative sur l'approvisionnement du pays en blé,,,de-CH,Initiative zur Getreideversorgung,,,,,,,exact,1929-03-03T12:00:00,,,rejected,,,de-CH,Abgelehnt,,en-US,Rejected,,fr-CH,Rejeté,
126,1,https://swissvotes.ch/vote/107.20,1,107.2,4,"[223,224]",[],,"page_number_string: 
notes: 
source_full_citation: Swissvotes. (2025). Swissvotes – die Datenbank der eidgenössischen Volksabstimmungen. Abgerufen am 8.9.2025 von www.swissvotes.ch
source_comment: ",fr-CH,Contre-projet à l'initiative sur l'approvisionnement du pays en blé,,,de-CH,Gegenentwurf zur Initiative zur Getreideversorgung,,,,,,,exact,1929-03-03T12:00:00,,,accepted,,,de-CH,Angenommen,,en-US,Accepted,,fr-CH,Accepté,
127,1,https://swissvotes.ch/vote/108.00,1,108,2,"[225,226]",[],,"page_number_string: 
notes: 
source_full_citation: Swissvotes. (2025). Swissvotes – die Datenbank der eidgenössischen Volksabstimmungen. Abgerufen am 8.9.2025 von www.swissvotes.ch
source_comment: ",fr-CH,Loi sur le tarif douanier,,,de-CH,Zolltarifgesetz,,,,,,,exact,1929-03-03T12:00:00,,,accepted,,,de-CH,Angenommen,,en-US,Accepted,,fr-CH,Accepté,
128,1,https://swissvotes.ch/vote/109.00,2,109,3,"[227,228,229]",[],,"page_number_string: 
notes: 
source_full_citation: Swissvotes. (2025). Swissvotes – die Datenbank der eidgenössischen Volksabstimmungen. Abgerufen am 8.9.2025 von www.swissvotes.ch
source_comment: ",de-CH,Initiative «betreffend die Gesetzgebung über den Strassenverkehr»,,,fr-CH,Initiative concernant la circulation routière,,,,,,,exact,1929-05-12T12:00:00,,,rejected,,,de-CH,Abgelehnt,,en-US,Rejected,,fr-CH,Rejeté,
129,1,https://swissvotes.ch/vote/110.00,2,110,3,[230],[],,"page_number_string: 
notes: 
source_full_citation: Swissvotes. (2025). Swissvotes – die Datenbank der eidgenössischen Volksabstimmungen. Abgerufen am 8.9.2025 von www.swissvotes.ch
source_comment: ",de-CH,Initiative «für ein Branntweinverbot»,,,fr-CH,Initiative concernant le droit d'interdire les boissons distillées,,,,,,,exact,1929-05-12T12:00:00,,,rejected,,,de-CH,Abgelehnt,,en-US,Rejected,,fr-CH,Rejeté,
130,1,https://swissvotes.ch/vote/111.00,1,111,1,"[231,232,233]",[],,"page_number_string: 
notes: 
source_full_citation: Swissvotes. (2025). Swissvotes – die Datenbank der eidgenössischen Volksabstimmungen. Abgerufen am 8.9.2025 von www.swissvotes.ch
source_comment: ",de-CH,Neuregelung des Alkoholwesens,,,fr-CH,Révision du régime des alcools,,,,,,,exact,1930-04-06T12:00:00,,,accepted,,,de-CH,Angenommen,,en-US,Accepted,,fr-CH,Accepté,
131,1,https://swissvotes.ch/vote/112.00,1,112,4,"[234,235]",[],,"page_number_string: 
notes: 
source_full_citation: Swissvotes. (2025). Swissvotes – die Datenbank der eidgenössischen Volksabstimmungen. Abgerufen am 8.9.2025 von www.swissvotes.ch
source_comment: ",fr-CH,Interdiction des décorations,,,de-CH,Ordensverbot,,,,,,,exact,1931-02-08T12:00:00,,,accepted,,,de-CH,Angenommen,,en-US,Accepted,,fr-CH,Accepté,
132,1,https://swissvotes.ch/vote/113.00,1,113,1,[236],[],,"page_number_string: 
notes: 
source_full_citation: Swissvotes. (2025). Swissvotes – die Datenbank der eidgenössischen Volksabstimmungen. Abgerufen am 8.9.2025 von www.swissvotes.ch
source_comment: ",fr-CH,Arrêté sur le nombre des membres du Conseil national,,,de-CH,Beschluss über die Mitgliederzahl des Nationalrates,,,,,,,exact,1931-03-15T12:00:00,,,accepted,,,de-CH,Angenommen,,en-US,Accepted,,fr-CH,Accepté,
133,1,https://swissvotes.ch/vote/114.00,1,114,1,[237],[],,"page_number_string: 
notes: 
source_full_citation: Swissvotes. (2025). Swissvotes – die Datenbank der eidgenössischen Volksabstimmungen. Abgerufen am 8.9.2025 von www.swissvotes.ch
source_comment: ",de-CH,"Amtsdauer des Nationalrats, des Bundesrats und des Bundeskanzlers",,,fr-CH,"Durée du mandat du Conseil national, du Conseil fédéral et du chancelier de la Confédération",,,,,,,exact,1931-03-15T12:00:00,,,accepted,,,de-CH,Angenommen,,en-US,Accepted,,fr-CH,Accepté,
134,1,https://swissvotes.ch/vote/115.00,1,115,2,[238],[],,"page_number_string: 
notes: 
source_full_citation: Swissvotes. (2025). Swissvotes – die Datenbank der eidgenössischen Volksabstimmungen. Abgerufen am 8.9.2025 von www.swissvotes.ch
source_comment: ",de-CH,Gesetz über die AHV,,,fr-CH,Loi sur l'AVS,,,,,,,exact,1931-12-06T12:00:00,,,rejected,,,de-CH,Abgelehnt,,en-US,Rejected,,fr-CH,Rejeté,
135,1,https://swissvotes.ch/vote/116.00,1,116,2,"[239,240]",[],,"page_number_string: 
notes: 
source_full_citation: Swissvotes. (2025). Swissvotes – die Datenbank der eidgenössischen Volksabstimmungen. Abgerufen am 8.9.2025 von www.swissvotes.ch
source_comment: ",de-CH,Gesetz über die Besteuerung des Tabaks,,,fr-CH,Loi sur l'imposition du tabac,,,,,,,exact,1931-12-06T12:00:00,,,rejected,,,de-CH,Abgelehnt,,en-US,Rejected,,fr-CH,Rejeté,
136,1,https://swissvotes.ch/vote/117.00,1,117,2,"[241,242]",[],,"page_number_string: 
notes: 
source_full_citation: Swissvotes. (2025). Swissvotes – die Datenbank der eidgenössischen Volksabstimmungen. Abgerufen am 8.9.2025 von www.swissvotes.ch
source_comment: ",de-CH,Gesetz zur Herabsetzung der Löhne des Bundespersonals,,,fr-CH,Loi réduisant les traitements du personnel fédéral,,,,,,,exact,1933-05-28T12:00:00,,,rejected,,,de-CH,Abgelehnt,,en-US,Rejected,,fr-CH,Rejeté,
137,1,https://swissvotes.ch/vote/118.00,1,118,2,"[243,244,245]",[],,"page_number_string: 
notes: 
source_full_citation: Swissvotes. (2025). Swissvotes – die Datenbank der eidgenössischen Volksabstimmungen. Abgerufen am 8.9.2025 von www.swissvotes.ch
source_comment: ",de-CH,Gesetz über den Schutz der öffentlichen Ordnung,,,fr-CH,Loi sur la protection de l'ordre public,,,,,,,exact,1934-03-11T12:00:00,,,rejected,,,de-CH,Abgelehnt,,en-US,Rejected,,fr-CH,Rejeté,
138,1,https://swissvotes.ch/vote/119.00,1,119,2,[246],[],,"page_number_string: 
notes: 
source_full_citation: Swissvotes. (2025). Swissvotes – die Datenbank der eidgenössischen Volksabstimmungen. Abgerufen am 8.9.2025 von www.swissvotes.ch
source_comment: ",de-CH,Neuordnung der militärischen Ausbildung,,,fr-CH,Réorganisation de l'instruction militaire,,,,,,,exact,1935-02-24T12:00:00,,,accepted,,,de-CH,Angenommen,,en-US,Accepted,,fr-CH,Accepté,
139,1,https://swissvotes.ch/vote/120.00,1,120,2,"[247,248]",[],,"page_number_string: 
notes: 
source_full_citation: Swissvotes. (2025). Swissvotes – die Datenbank der eidgenössischen Volksabstimmungen. Abgerufen am 8.9.2025 von www.swissvotes.ch
source_comment: ",fr-CH,Loi sur le partage du trafic,,,de-CH,Verkehrsteilungsgesetz,,,,,,,exact,1935-05-05T12:00:00,,,rejected,,,de-CH,Abgelehnt,,en-US,Rejected,,fr-CH,Rejeté,
140,1,https://swissvotes.ch/vote/121.00,2,121,3,[249],[],,"page_number_string: 
notes: 
source_full_citation: Swissvotes. (2025). Swissvotes – die Datenbank der eidgenössischen Volksabstimmungen. Abgerufen am 8.9.2025 von www.swissvotes.ch
source_comment: ",de-CH,Initiative «zur Bekämpfung der Wirtschaftskrise»,,,fr-CH,Initiative pour combattre la crise économique,,,,,,,exact,1935-06-02T12:00:00,,,rejected,,,de-CH,Abgelehnt,,en-US,Rejected,,fr-CH,Rejeté,
141,1,https://swissvotes.ch/vote/122.00,3,122,3,[250],[],,"page_number_string: 
notes: 
source_full_citation: Swissvotes. (2025). Swissvotes – die Datenbank der eidgenössischen Volksabstimmungen. Abgerufen am 8.9.2025 von www.swissvotes.ch
source_comment: ",de-CH,Initiative für eine Totalrevision der Bundesverfassung,,,fr-CH,Initiative pour la révision totale de la constitution,,,,,,,exact,1935-09-08T12:00:00,,,rejected,,,de-CH,Abgelehnt,,en-US,Rejected,,fr-CH,Rejeté,
142,1,https://swissvotes.ch/vote/123.00,2,123,3,"[251,252]",[],,"page_number_string: 
notes: 
source_full_citation: Swissvotes. (2025). Swissvotes – die Datenbank der eidgenössischen Volksabstimmungen. Abgerufen am 8.9.2025 von www.swissvotes.ch
source_comment: ",de-CH,Initiative «für ein Verbot der Freimaurerei»,,,fr-CH,Initiative pour l'interdiction des sociétés franc-maçonniques,,,,,,,exact,1937-11-28T12:00:00,,,rejected,,,de-CH,Abgelehnt,,en-US,Rejected,,fr-CH,Rejeté,
143,1,https://swissvotes.ch/vote/124.00,1,124,1,[253],[],,"page_number_string: 
notes: 
source_full_citation: Swissvotes. (2025). Swissvotes – die Datenbank der eidgenössischen Volksabstimmungen. Abgerufen am 8.9.2025 von www.swissvotes.ch
source_comment: ",de-CH,Anerkennung des Rätoromanischen als Nationalsprache,,,fr-CH,Reconnaissance du romanche comme langue nationale,,,,,,,exact,1938-02-20T12:00:00,,,accepted,,,de-CH,Angenommen,,en-US,Accepted,,fr-CH,Accepté,
144,1,https://swissvotes.ch/vote/125.00,2,125,3,[254],[],,"page_number_string: 
notes: 
source_full_citation: Swissvotes. (2025). Swissvotes – die Datenbank der eidgenössischen Volksabstimmungen. Abgerufen am 8.9.2025 von www.swissvotes.ch
source_comment: ",fr-CH,Initiative contre la clause d'urgence,,,de-CH,Initiative zur Beschränkung der Dringlichkeitsklausel,,,,,,,exact,1938-02-20T12:00:00,,,rejected,,,de-CH,Abgelehnt,,en-US,Rejected,,fr-CH,Rejeté,
145,1,https://swissvotes.ch/vote/126.10,2,126.1,3,"[255,256,257]",[],,"page_number_string: 
notes: 
source_full_citation: Swissvotes. (2025). Swissvotes – die Datenbank der eidgenössischen Volksabstimmungen. Abgerufen am 8.9.2025 von www.swissvotes.ch
source_comment: ",de-CH,Initiative «Private Rüstungsindustrie»,,,fr-CH,Initiative contre l'industrie privée des armements,,,,,,,exact,1938-02-20T12:00:00,,,rejected,,,de-CH,Abgelehnt,,en-US,Rejected,,fr-CH,Rejeté,
146,1,https://swissvotes.ch/vote/126.20,1,126.2,4,"[258,259,260]",[],,"page_number_string: 
notes: 
source_full_citation: Swissvotes. (2025). Swissvotes – die Datenbank der eidgenössischen Volksabstimmungen. Abgerufen am 8.9.2025 von www.swissvotes.ch
source_comment: ",fr-CH,Contre-projet à l'initiative contre l'industrie privée des armements,,,de-CH,Gegenentwurf zur Initiative «Private Rüstungsindustrie»,,,,,,,exact,1938-02-20T12:00:00,,,accepted,,,de-CH,Angenommen,,en-US,Accepted,,fr-CH,Accepté,
147,1,https://swissvotes.ch/vote/127.00,1,127,2,"[261,262]",[],,"page_number_string: 
notes: 
source_full_citation: Swissvotes. (2025). Swissvotes – die Datenbank der eidgenössischen Volksabstimmungen. Abgerufen am 8.9.2025 von www.swissvotes.ch
source_comment: ",fr-CH,Code pénal suisse,,,de-CH,Schweizerisches Strafgesetzbuch,,,,,,,exact,1938-07-03T12:00:00,,,accepted,,,de-CH,Angenommen,,en-US,Accepted,,fr-CH,Accepté,
148,1,https://swissvotes.ch/vote/128.00,1,128,1,"[263,264]",[],,"page_number_string: 
notes: 
source_full_citation: Swissvotes. (2025). Swissvotes – die Datenbank der eidgenössischen Volksabstimmungen. Abgerufen am 8.9.2025 von www.swissvotes.ch
source_comment: ",fr-CH,Régime transitoire des finances fédérales,,,de-CH,Übergangsordnung des Finanzhaushalts,,,,,,,exact,1938-11-27T12:00:00,,,accepted,,,de-CH,Angenommen,,en-US,Accepted,,fr-CH,Accepté,
149,1,https://swissvotes.ch/vote/129.00,2,129,3,[265],[],,"page_number_string: 
notes: 
source_full_citation: Swissvotes. (2025). Swissvotes – die Datenbank der eidgenössischen Volksabstimmungen. Abgerufen am 8.9.2025 von www.swissvotes.ch
source_comment: ",de-CH,Initiative für eine Erweiterung der Verfassungsgerichtsbarkeit,,,fr-CH,Initiative pour l'extension de la juridiction constitutionnelle,,,,,,,exact,1939-01-22T12:00:00,,,rejected,,,de-CH,Abgelehnt,,en-US,Rejected,,fr-CH,Rejeté,
150,1,https://swissvotes.ch/vote/130.00,1,130,4,[266],[],,"page_number_string: 
notes: 
source_full_citation: Swissvotes. (2025). Swissvotes – die Datenbank der eidgenössischen Volksabstimmungen. Abgerufen am 8.9.2025 von www.swissvotes.ch
source_comment: ",fr-CH,Arrêté concernant la restriction de l'emploi de la clause d'urgence,,,de-CH,Beschluss betreffend eine Einschränkung der Dringlichkeitsklausel,,,,,,,exact,1939-01-22T12:00:00,,,accepted,,,de-CH,Angenommen,,en-US,Accepted,,fr-CH,Accepté,
151,1,https://swissvotes.ch/vote/131.00,1,131,1,"[267,268,269]",[],,"page_number_string: 
notes: 
source_full_citation: Swissvotes. (2025). Swissvotes – die Datenbank der eidgenössischen Volksabstimmungen. Abgerufen am 8.9.2025 von www.swissvotes.ch
source_comment: ",fr-CH,Arrêté pour le renforcement de la défense nationale et la lutte contre le chômage,,,de-CH,Bundesbeschluss zum Ausbau der Landesverteidigung und zur Bekämpfung der Arbeitslosigkeit,,,,,,,exact,1939-06-04T12:00:00,,,accepted,,,de-CH,Angenommen,,en-US,Accepted,,fr-CH,Accepté,
152,1,https://swissvotes.ch/vote/132.00,1,132,2,"[270,271,272]",[],,"page_number_string: 
notes: 
source_full_citation: Swissvotes. (2025). Swissvotes – die Datenbank der eidgenössischen Volksabstimmungen. Abgerufen am 8.9.2025 von www.swissvotes.ch
source_comment: ",de-CH,Dienstverhältnis und Versicherung des Bundespersonals,,,fr-CH,Statut des fonctionnaires et assurance du personnel fédéral,,,,,,,exact,1939-12-03T12:00:00,,,rejected,,,de-CH,Abgelehnt,,en-US,Rejected,,fr-CH,Rejeté,
153,1,https://swissvotes.ch/vote/133.00,1,133,2,"[273,274]",[],,"page_number_string: 
notes: 
source_full_citation: Swissvotes. (2025). Swissvotes – die Datenbank der eidgenössischen Volksabstimmungen. Abgerufen am 8.9.2025 von www.swissvotes.ch
source_comment: ",de-CH,Einführung des obligatorischen militärischen Vorunterrichts,,,fr-CH,Obligation de l'instruction militaire préparatoire,,,,,,,exact,1940-12-01T12:00:00,,,rejected,,,de-CH,Abgelehnt,,en-US,Rejected,,fr-CH,Rejeté,
154,1,https://swissvotes.ch/vote/134.00,2,134,3,"[275,276]",[],,"page_number_string: 
notes: 
source_full_citation: Swissvotes. (2025). Swissvotes – die Datenbank der eidgenössischen Volksabstimmungen. Abgerufen am 8.9.2025 von www.swissvotes.ch
source_comment: ",de-CH,Initiative «zur Neuordnung des Alkoholwesens»,,,fr-CH,Initiative pour une réforme du régime de l'alcool,,,,,,,exact,1941-03-09T12:00:00,,,rejected,,,de-CH,Abgelehnt,,en-US,Rejected,,fr-CH,Rejeté,
155,1,https://swissvotes.ch/vote/135.00,2,135,3,[277],[],,"page_number_string: 
notes: 
source_full_citation: Swissvotes. (2025). Swissvotes – die Datenbank der eidgenössischen Volksabstimmungen. Abgerufen am 8.9.2025 von www.swissvotes.ch
source_comment: ",de-CH,Initiative für die Wahl des Bundesrates durch das Volk,,,fr-CH,Initiative pour l'élection du Conseil fédéral par le peuple,,,,,,,exact,1942-01-25T12:00:00,,,rejected,,,de-CH,Abgelehnt,,en-US,Rejected,,fr-CH,Rejeté,
156,1,https://swissvotes.ch/vote/136.00,2,136,3,[278],[],,"page_number_string: 
notes: 
source_full_citation: Swissvotes. (2025). Swissvotes – die Datenbank der eidgenössischen Volksabstimmungen. Abgerufen am 8.9.2025 von www.swissvotes.ch
source_comment: ",de-CH,Initiative «für die Reorganisation des Nationalrates»,,,fr-CH,Initiative pour la réorganisation du Conseil national,,,,,,,exact,1942-05-03T12:00:00,,,rejected,,,de-CH,Abgelehnt,,en-US,Rejected,,fr-CH,Rejeté,
157,1,https://swissvotes.ch/vote/137.00,1,137,2,[279],[],,"page_number_string: 
notes: 
source_full_citation: Swissvotes. (2025). Swissvotes – die Datenbank der eidgenössischen Volksabstimmungen. Abgerufen am 8.9.2025 von www.swissvotes.ch
source_comment: ",de-CH,Gesetz über den unlauteren Wettbewerb,,,fr-CH,Loi sur la concurrence déloyale,,,,,,,exact,1944-10-29T12:00:00,,,accepted,,,de-CH,Angenommen,,en-US,Accepted,,fr-CH,Accepté,
158,1,https://swissvotes.ch/vote/138.00,1,138,2,"[280,281]",[],,"page_number_string: 
notes: 
source_full_citation: Swissvotes. (2025). Swissvotes – die Datenbank der eidgenössischen Volksabstimmungen. Abgerufen am 8.9.2025 von www.swissvotes.ch
source_comment: ",de-CH,Gesetz über die Bundesbahnen,,,fr-CH,Loi sur les chemins de fer fédéraux,,,,,,,exact,1945-01-21T12:00:00,,,accepted,,,de-CH,Angenommen,,en-US,Accepted,,fr-CH,Accepté,
159,1,https://swissvotes.ch/vote/139.00,1,139,4,"[282,283]",[],,"page_number_string: 
notes: 
source_full_citation: Swissvotes. (2025). Swissvotes – die Datenbank der eidgenössischen Volksabstimmungen. Abgerufen am 8.9.2025 von www.swissvotes.ch
source_comment: ",fr-CH,Contre-projet à l'initiative «Pour la famille»,,,de-CH,Gegenentwurf zur Volksinitiative «Für die Familie»,,,,,,,exact,1945-11-25T12:00:00,,,accepted,,,de-CH,Angenommen,,en-US,Accepted,,fr-CH,Accepté,
160,1,https://swissvotes.ch/vote/140.00,1,140,4,"[284,285]",[],,"page_number_string: 
notes: 
source_full_citation: Swissvotes. (2025). Swissvotes – die Datenbank der eidgenössischen Volksabstimmungen. Abgerufen am 8.9.2025 von www.swissvotes.ch
source_comment: ",fr-CH,Arrêté concernant la réglementation du transport des marchandises,,,de-CH,Bundesbeschluss für eine Gütertransportordnung,,,,,,,exact,1946-02-10T12:00:00,,,rejected,,,de-CH,Abgelehnt,,en-US,Rejected,,fr-CH,Rejeté,
161,1,https://swissvotes.ch/vote/141.00,2,141,3,"[286,287,288]",[],,"page_number_string: 
notes: 
source_full_citation: Swissvotes. (2025). Swissvotes – die Datenbank der eidgenössischen Volksabstimmungen. Abgerufen am 8.9.2025 von www.swissvotes.ch
source_comment: ",de-CH,Initiative «Recht auf Arbeit»,,,fr-CH,Initiative pour un droit au travail,,,,,,,exact,1946-12-08T12:00:00,,,rejected,,,de-CH,Abgelehnt,,en-US,Rejected,,fr-CH,Rejeté,
162,1,https://swissvotes.ch/vote/142.00,2,142,3,[289],[],,"page_number_string: 
notes: 
source_full_citation: Swissvotes. (2025). Swissvotes – die Datenbank der eidgenössischen Volksabstimmungen. Abgerufen am 8.9.2025 von www.swissvotes.ch
source_comment: ",fr-CH,Initiative «pour la réforme économique et les droits du travail»,,,de-CH,Initiative «Wirtschaftsreform und Rechte der Arbeit»,,,,,,,exact,1947-05-18T12:00:00,,,rejected,,,de-CH,Abgelehnt,,en-US,Rejected,,fr-CH,Rejeté,
163,1,https://swissvotes.ch/vote/143.00,1,143,1,"[290,291,292]",[],,"page_number_string: 
notes: 
source_full_citation: Swissvotes. (2025). Swissvotes – die Datenbank der eidgenössischen Volksabstimmungen. Abgerufen am 8.9.2025 von www.swissvotes.ch
source_comment: ",fr-CH,Révision constitutionnelle du domaine économique,,,de-CH,Revision der Wirtschaftsartikel,,,,,,,exact,1947-07-06T12:00:00,,,accepted,,,de-CH,Angenommen,,en-US,Accepted,,fr-CH,Accepté,
164,1,https://swissvotes.ch/vote/144.00,1,144,2,[293],[],,"page_number_string: 
notes: 
source_full_citation: Swissvotes. (2025). Swissvotes – die Datenbank der eidgenössischen Volksabstimmungen. Abgerufen am 8.9.2025 von www.swissvotes.ch
source_comment: ",de-CH,Gesetz über die AHV,,,fr-CH,Loi sur l'AVS,,,,,,,exact,1947-07-06T12:00:00,,,accepted,,,de-CH,Angenommen,,en-US,Accepted,,fr-CH,Accepté,
165,1,https://swissvotes.ch/vote/145.00,1,145,2,"[294,295]",[],,"page_number_string: 
notes: 
source_full_citation: Swissvotes. (2025). Swissvotes – die Datenbank der eidgenössischen Volksabstimmungen. Abgerufen am 8.9.2025 von www.swissvotes.ch
source_comment: ",de-CH,Ordnung der Zuckerwirtschaft,,,fr-CH,Régime du sucre,,,,,,,exact,1948-03-14T12:00:00,,,rejected,,,de-CH,Abgelehnt,,en-US,Rejected,,fr-CH,Rejeté,
166,1,https://swissvotes.ch/vote/146.00,1,146,1,"[296,297]",[],,"page_number_string: 
notes: 
source_full_citation: Swissvotes. (2025). Swissvotes – die Datenbank der eidgenössischen Volksabstimmungen. Abgerufen am 8.9.2025 von www.swissvotes.ch
source_comment: ",fr-CH,Article concernant la Banque nationale,,,de-CH,Nationalbank-Artikel,,,,,,,exact,1949-05-22T12:00:00,,,rejected,,,de-CH,Abgelehnt,,en-US,Rejected,,fr-CH,Rejeté,
167,1,https://swissvotes.ch/vote/147.00,1,147,2,[298],[],,"page_number_string: 
notes: 
source_full_citation: Swissvotes. (2025). Swissvotes – die Datenbank der eidgenössischen Volksabstimmungen. Abgerufen am 8.9.2025 von www.swissvotes.ch
source_comment: ",de-CH,Gesetz zur Bekämpfung der Tuberkulose,,,fr-CH,Loi sur la lutte contre la tuberculose,,,,,,,exact,1949-05-22T12:00:00,,,rejected,,,de-CH,Abgelehnt,,en-US,Rejected,,fr-CH,Rejeté,
168,1,https://swissvotes.ch/vote/148.00,2,148,3,[299],[],,"page_number_string: 
notes: 
source_full_citation: Swissvotes. (2025). Swissvotes – die Datenbank der eidgenössischen Volksabstimmungen. Abgerufen am 8.9.2025 von www.swissvotes.ch
source_comment: ",de-CH,Initiative «für die Rückkehr zur direkten Demokratie»,,,fr-CH,Initiative «pour le retour à la démocratie directe»,,,,,,,exact,1949-09-11T12:00:00,,,accepted,,,de-CH,Angenommen,,en-US,Accepted,,fr-CH,Accepté,
169,1,https://swissvotes.ch/vote/149.00,1,149,2,[300],[],,"page_number_string: 
notes: 
source_full_citation: Swissvotes. (2025). Swissvotes – die Datenbank der eidgenössischen Volksabstimmungen. Abgerufen am 8.9.2025 von www.swissvotes.ch
source_comment: ",de-CH,Gesetz über das Dienstverhältnis der Bundesbeamten,,,fr-CH,Loi sur le statut des fonctionnaires,,,,,,,exact,1949-12-11T12:00:00,,,accepted,,,de-CH,Angenommen,,en-US,Accepted,,fr-CH,Accepté,
170,1,https://swissvotes.ch/vote/150.00,1,150,2,[301],[],,"page_number_string: 
notes: 
source_full_citation: Swissvotes. (2025). Swissvotes – die Datenbank der eidgenössischen Volksabstimmungen. Abgerufen am 8.9.2025 von www.swissvotes.ch
source_comment: ",de-CH,Massnahmen zur Förderung der Wohnbautätigkeit,,,fr-CH,Mesures pour encourager la construction de maisons d'habitation,,,,,,,exact,1950-01-29T12:00:00,,,rejected,,,de-CH,Abgelehnt,,en-US,Rejected,,fr-CH,Rejeté,
171,1,https://swissvotes.ch/vote/151.00,1,151,1,[302],[],,"page_number_string: 
notes: 
source_full_citation: Swissvotes. (2025). Swissvotes – die Datenbank der eidgenössischen Volksabstimmungen. Abgerufen am 8.9.2025 von www.swissvotes.ch
source_comment: ",de-CH,Neuordnung des Finanzhaushalts,,,fr-CH,Révision du régime financier ,,,,,,,exact,1950-06-04T12:00:00,,,rejected,,,de-CH,Abgelehnt,,en-US,Rejected,,fr-CH,Rejeté,
172,1,https://swissvotes.ch/vote/152.00,2,152,3,"[303,304]",[],,"page_number_string: 
notes: 
source_full_citation: Swissvotes. (2025). Swissvotes – die Datenbank der eidgenössischen Volksabstimmungen. Abgerufen am 8.9.2025 von www.swissvotes.ch
source_comment: ",fr-CH,Initiative pour les mesures «contre la spéculation»,,,de-CH,Initiative zur «Verhinderung der Spekulation»,,,,,,,exact,1950-10-01T12:00:00,,,rejected,,,de-CH,Abgelehnt,,en-US,Rejected,,fr-CH,Rejeté,
173,1,https://swissvotes.ch/vote/153.00,1,153,1,[305],[],,"page_number_string: 
notes: 
source_full_citation: Swissvotes. (2025). Swissvotes – die Datenbank der eidgenössischen Volksabstimmungen. Abgerufen am 8.9.2025 von www.swissvotes.ch
source_comment: ",fr-CH,Arrêté sur le nombre des membres du Conseil national,,,de-CH,Beschluss über die Mitgliederzahl des Nationalrates,,,,,,,exact,1950-12-03T12:00:00,,,accepted,,,de-CH,Angenommen,,en-US,Accepted,,fr-CH,Accepté,
174,1,https://swissvotes.ch/vote/154.00,1,154,1,[306],[],,"page_number_string: 
notes: 
source_full_citation: Swissvotes. (2025). Swissvotes – die Datenbank der eidgenössischen Volksabstimmungen. Abgerufen am 8.9.2025 von www.swissvotes.ch
source_comment: ",de-CH,Finanzordnung 1951 bis 1954,,,fr-CH,Régime financier de 1951 à 1954,,,,,,,exact,1950-12-03T12:00:00,,,accepted,,,de-CH,Angenommen,,en-US,Accepted,,fr-CH,Accepté,
175,1,https://swissvotes.ch/vote/155.00,1,155,2,"[307,308]",[],,"page_number_string: 
notes: 
source_full_citation: Swissvotes. (2025). Swissvotes – die Datenbank der eidgenössischen Volksabstimmungen. Abgerufen am 8.9.2025 von www.swissvotes.ch
source_comment: ",de-CH,Autotransportordnung,,,fr-CH,Ordonnance sur le transport par véhicules automobiles,,,,,,,exact,1951-02-25T12:00:00,,,rejected,,,de-CH,Abgelehnt,,en-US,Rejected,,fr-CH,Rejeté,
176,1,https://swissvotes.ch/vote/156.10,2,156.1,3,"[309,310]",[],,"page_number_string: 
notes: 
source_full_citation: Swissvotes. (2025). Swissvotes – die Datenbank der eidgenössischen Volksabstimmungen. Abgerufen am 8.9.2025 von www.swissvotes.ch
source_comment: ",de-CH,Freigeld-Initiative,,,fr-CH,Initiative «pour la monnaie franche»,,,,,,,exact,1951-04-15T12:00:00,,,rejected,,,de-CH,Abgelehnt,,en-US,Rejected,,fr-CH,Rejeté,
177,1,https://swissvotes.ch/vote/156.20,1,156.2,4,"[311,312]",[],,"page_number_string: 
notes: 
source_full_citation: Swissvotes. (2025). Swissvotes – die Datenbank der eidgenössischen Volksabstimmungen. Abgerufen am 8.9.2025 von www.swissvotes.ch
source_comment: ",fr-CH,Contre-projet à l'initiative «pour la monnaie franche»,,,de-CH,Gegenentwurf zur «Freigeldinitiative»,,,,,,,exact,1951-04-15T12:00:00,,,accepted,,,de-CH,Angenommen,,en-US,Accepted,,fr-CH,Accepté,
178,1,https://swissvotes.ch/vote/157.00,2,157,3,"[313,314]",[],,"page_number_string: 
notes: 
source_full_citation: Swissvotes. (2025). Swissvotes – die Datenbank der eidgenössischen Volksabstimmungen. Abgerufen am 8.9.2025 von www.swissvotes.ch
source_comment: ",de-CH,Initiative für einen Beitrag der öffentlichen Unternehmungen an die Kosten der Landesverteidigung,,,fr-CH,Initiative pour la participation des entreprises de droit public aux dépenses pour la défense nationale,,,,,,,exact,1951-07-08T12:00:00,,,rejected,,,de-CH,Abgelehnt,,en-US,Rejected,,fr-CH,Rejeté,
179,1,https://swissvotes.ch/vote/158.00,1,158,2,[315],[],,"page_number_string: 
notes: 
source_full_citation: Swissvotes. (2025). Swissvotes – die Datenbank der eidgenössischen Volksabstimmungen. Abgerufen am 8.9.2025 von www.swissvotes.ch
source_comment: ",fr-CH,Prorogation des restrictions à l'ouverture et l'agrandissement d'hôtels,,,de-CH,Verlängerung der Bewilligungspflicht für Gasthöfe,,,,,,,exact,1952-03-02T12:00:00,,,rejected,,,de-CH,Abgelehnt,,en-US,Rejected,,fr-CH,Rejeté,
180,1,https://swissvotes.ch/vote/159.00,1,159,2,"[316,317]",[],,"page_number_string: 
notes: 
source_full_citation: Swissvotes. (2025). Swissvotes – die Datenbank der eidgenössischen Volksabstimmungen. Abgerufen am 8.9.2025 von www.swissvotes.ch
source_comment: ",de-CH,Landwirtschaftsgesetz,,,fr-CH,Loi sur l'agriculture,,,,,,,exact,1952-03-30T12:00:00,,,accepted,,,de-CH,Angenommen,,en-US,Accepted,,fr-CH,Accepté,
181,1,https://swissvotes.ch/vote/160.00,2,160,3,[318],[],,"page_number_string: 
notes: 
source_full_citation: Swissvotes. (2025). Swissvotes – die Datenbank der eidgenössischen Volksabstimmungen. Abgerufen am 8.9.2025 von www.swissvotes.ch
source_comment: ",fr-CH,Initiative concernant les impôts sur le chiffre d'affaires,,,de-CH,Warenumsatzsteuer-Initiative,,,,,,,exact,1952-04-20T12:00:00,,,rejected,,,de-CH,Abgelehnt,,en-US,Rejected,,fr-CH,Rejeté,
182,1,https://swissvotes.ch/vote/161.00,2,161,3,"[319,320,321]",[],,"page_number_string: 
notes: 
source_full_citation: Swissvotes. (2025). Swissvotes – die Datenbank der eidgenössischen Volksabstimmungen. Abgerufen am 8.9.2025 von www.swissvotes.ch
source_comment: ",fr-CH,Initiative «pour le financement des armements et pour la sauvegarde des conquêtes sociales»,,,de-CH,Initiative «zur Rüstungsfinanzierung und zum Schutze der sozialen Errungenschaften»,,,,,,,exact,1952-05-18T12:00:00,,,rejected,,,de-CH,Abgelehnt,,en-US,Rejected,,fr-CH,Rejeté,
183,1,https://swissvotes.ch/vote/162.00,1,162,1,"[322,323]",[],,"page_number_string: 
notes: 
source_full_citation: Swissvotes. (2025). Swissvotes – die Datenbank der eidgenössischen Volksabstimmungen. Abgerufen am 8.9.2025 von www.swissvotes.ch
source_comment: ",fr-CH,Arrêté sur la couverture des dépenses pour l'armement,,,de-CH,Bundesbeschluss über die Deckung der Rüstungsausgaben,,,,,,,exact,1952-07-06T12:00:00,,,rejected,,,de-CH,Abgelehnt,,en-US,Rejected,,fr-CH,Rejeté,
184,1,https://swissvotes.ch/vote/163.00,1,163,2,"[324,325]",[],,"page_number_string: 
notes: 
source_full_citation: Swissvotes. (2025). Swissvotes – die Datenbank der eidgenössischen Volksabstimmungen. Abgerufen am 8.9.2025 von www.swissvotes.ch
source_comment: ",fr-CH,Imposition et contingentement du tabac,,,de-CH,Tabakzölle und Tabakkontingentierung,,,,,,,exact,1952-10-05T12:00:00,,,accepted,,,de-CH,Angenommen,,en-US,Accepted,,fr-CH,Accepté,
185,1,https://swissvotes.ch/vote/164.00,1,164,2,[326],[],,"page_number_string: 
notes: 
source_full_citation: Swissvotes. (2025). Swissvotes – die Datenbank der eidgenössischen Volksabstimmungen. Abgerufen am 8.9.2025 von www.swissvotes.ch
source_comment: ",fr-CH,Arrêté concernant la construction d'abris antiaériens,,,de-CH,Bundesbeschluss über den Einbau von Luftschutzräumen,,,,,,,exact,1952-10-05T12:00:00,,,rejected,,,de-CH,Abgelehnt,,en-US,Rejected,,fr-CH,Rejeté,
186,1,https://swissvotes.ch/vote/165.00,1,165,1,"[327,328]",[],,"page_number_string: 
notes: 
source_full_citation: Swissvotes. (2025). Swissvotes – die Datenbank der eidgenössischen Volksabstimmungen. Abgerufen am 8.9.2025 von www.swissvotes.ch
source_comment: ",de-CH,Befristete Weiterführung der Preiskontrolle,,,fr-CH,Maintien temporaire d'un contrôle des prix réduit,,,,,,,exact,1952-11-23T12:00:00,,,accepted,,,de-CH,Angenommen,,en-US,Accepted,,fr-CH,Accepté,
187,1,https://swissvotes.ch/vote/166.00,1,166,1,"[329,330]",[],,"page_number_string: 
notes: 
source_full_citation: Swissvotes. (2025). Swissvotes – die Datenbank der eidgenössischen Volksabstimmungen. Abgerufen am 8.9.2025 von www.swissvotes.ch
source_comment: ",fr-CH,Arrêté sur le ravitaillement du pays en céréales panifiables,,,de-CH,Beschluss zur Brotgetreideversorgung des Landes,,,,,,,exact,1952-11-23T12:00:00,,,accepted,,,de-CH,Angenommen,,en-US,Accepted,,fr-CH,Accepté,
188,1,https://swissvotes.ch/vote/167.00,1,167,2,[331],[],,"page_number_string: 
notes: 
source_full_citation: Swissvotes. (2025). Swissvotes – die Datenbank der eidgenössischen Volksabstimmungen. Abgerufen am 8.9.2025 von www.swissvotes.ch
source_comment: ",fr-CH,Loi sur le service des postes,,,de-CH,Postverkehrsgesetz,,,,,,,exact,1953-04-19T12:00:00,,,rejected,,,de-CH,Abgelehnt,,en-US,Rejected,,fr-CH,Rejeté,
189,1,https://swissvotes.ch/vote/168.00,1,168,1,[332],[],,"page_number_string: 
notes: 
source_full_citation: Swissvotes. (2025). Swissvotes – die Datenbank der eidgenössischen Volksabstimmungen. Abgerufen am 8.9.2025 von www.swissvotes.ch
source_comment: ",de-CH,Neuordnung des Finanzhaushalts,,,fr-CH,Révision du régime financier ,,,,,,,exact,1953-12-06T12:00:00,,,rejected,,,de-CH,Abgelehnt,,en-US,Rejected,,fr-CH,Rejeté,
190,1,https://swissvotes.ch/vote/169.00,1,169,1,[333],[],,"page_number_string: 
notes: 
source_full_citation: Swissvotes. (2025). Swissvotes – die Datenbank der eidgenössischen Volksabstimmungen. Abgerufen am 8.9.2025 von www.swissvotes.ch
source_comment: ",fr-CH,Article sur la protection des eaux,,,de-CH,Verfassungsartikel über den Schutz der Gewässer ,,,,,,,exact,1953-12-06T12:00:00,,,accepted,,,de-CH,Angenommen,,en-US,Accepted,,fr-CH,Accepté,
191,1,https://swissvotes.ch/vote/170.00,1,170,2,"[334,335]",[],,"page_number_string: 
notes: 
source_full_citation: Swissvotes. (2025). Swissvotes – die Datenbank der eidgenössischen Volksabstimmungen. Abgerufen am 8.9.2025 von www.swissvotes.ch
source_comment: ",fr-CH,Arrêté fédéral sur les certificats de capacité,,,de-CH,Bundesbeschluss über Fähigkeitsausweise,,,,,,,exact,1954-06-20T12:00:00,,,rejected,,,de-CH,Abgelehnt,,en-US,Rejected,,fr-CH,Rejeté,
192,1,https://swissvotes.ch/vote/171.00,1,171,2,[336],[],,"page_number_string: 
notes: 
source_full_citation: Swissvotes. (2025). Swissvotes – die Datenbank der eidgenössischen Volksabstimmungen. Abgerufen am 8.9.2025 von www.swissvotes.ch
source_comment: ",fr-CH,Aide aux Suisses de l'étranger victimes de la guerre,,,de-CH,Hilfe an kriegsgeschädigte Auslandschweizer,,,,,,,exact,1954-06-20T12:00:00,,,rejected,,,de-CH,Abgelehnt,,en-US,Rejected,,fr-CH,Rejeté,
193,1,https://swissvotes.ch/vote/172.00,1,172,1,[337],[],,"page_number_string: 
notes: 
source_full_citation: Swissvotes. (2025). Swissvotes – die Datenbank der eidgenössischen Volksabstimmungen. Abgerufen am 8.9.2025 von www.swissvotes.ch
source_comment: ",de-CH,Finanzordnung 1955 bis 1958,,,fr-CH,Régime financier de 1955 à 1958,,,,,,,exact,1954-10-24T12:00:00,,,accepted,,,de-CH,Angenommen,,en-US,Accepted,,fr-CH,Accepté,
194,1,https://swissvotes.ch/vote/173.00,2,173,3,"[338,339]",[],,"page_number_string: 
notes: 
source_full_citation: Swissvotes. (2025). Swissvotes – die Datenbank der eidgenössischen Volksabstimmungen. Abgerufen am 8.9.2025 von www.swissvotes.ch
source_comment: ",fr-CH,Initiative pour la protection des sites depuis la chute du Rhin jusqu'à Rheinau,,,de-CH,Initiative zum Schutz der Stromlandschaft Rheinau,,,,,,,exact,1954-12-05T12:00:00,,,rejected,,,de-CH,Abgelehnt,,en-US,Rejected,,fr-CH,Rejeté,
195,1,https://swissvotes.ch/vote/174.10,2,174.1,3,"[340,341]",[],,"page_number_string: 
notes: 
source_full_citation: Swissvotes. (2025). Swissvotes – die Datenbank der eidgenössischen Volksabstimmungen. Abgerufen am 8.9.2025 von www.swissvotes.ch
source_comment: ",fr-CH,Initiative concernant la protection des locataires et consommateurs,,,de-CH,Mieter- und Konsumentenschutzinitiative,,,,,,,exact,1955-03-13T12:00:00,,,rejected,,,de-CH,Abgelehnt,,en-US,Rejected,,fr-CH,Rejeté,
196,1,https://swissvotes.ch/vote/174.20,1,174.2,4,"[342,343]",[],,"page_number_string: 
notes: 
source_full_citation: Swissvotes. (2025). Swissvotes – die Datenbank der eidgenössischen Volksabstimmungen. Abgerufen am 8.9.2025 von www.swissvotes.ch
source_comment: ",fr-CH,Contre-projet à l'initiative concernant la protection des locataires et consommateurs,,,de-CH,Gegenentwurf zur Mieter- und Konsumentenschutzinitiative,,,,,,,exact,1955-03-13T12:00:00,,,rejected,,,de-CH,Abgelehnt,,en-US,Rejected,,fr-CH,Rejeté,
197,1,https://swissvotes.ch/vote/175.00,1,175,1,"[344,345]",[],,"page_number_string: 
notes: 
source_full_citation: Swissvotes. (2025). Swissvotes – die Datenbank der eidgenössischen Volksabstimmungen. Abgerufen am 8.9.2025 von www.swissvotes.ch
source_comment: ",de-CH,Befristete Weiterführung einer beschränkten Preiskontrolle,,,fr-CH,Maintien temporaire d'un contrôle des prix réduit,,,,,,,exact,1956-03-04T12:00:00,,,accepted,,,de-CH,Angenommen,,en-US,Accepted,,fr-CH,Accepté,
198,1,https://swissvotes.ch/vote/176.00,2,176,3,"[346,347,348]",[],,"page_number_string: 
notes: 
source_full_citation: Swissvotes. (2025). Swissvotes – die Datenbank der eidgenössischen Volksabstimmungen. Abgerufen am 8.9.2025 von www.swissvotes.ch
source_comment: ",fr-CH,Initiative pour une extension des droits populaires lors de l'octroi de concessions pour l'utilisation de forces hydrauliques,,,de-CH,Initiative zur Erweiterung der Volksrechte bei Wasserrechtskonzessionen,,,,,,,exact,1956-05-13T12:00:00,,,rejected,,,de-CH,Abgelehnt,,en-US,Rejected,,fr-CH,Rejeté,
199,1,https://swissvotes.ch/vote/177.00,1,177,2,"[349,350,351]",[],,"page_number_string: 
notes: 
source_full_citation: Swissvotes. (2025). Swissvotes – die Datenbank der eidgenössischen Volksabstimmungen. Abgerufen am 8.9.2025 von www.swissvotes.ch
source_comment: ",fr-CH,Aide à la SA de saccharification du bois de Domat/Ems,,,de-CH,Gewährung einer Hilfe an die Holzverzuckerungs-AG Graubünden,,,,,,,exact,1956-05-13T12:00:00,,,rejected,,,de-CH,Abgelehnt,,en-US,Rejected,,fr-CH,Rejeté,
200,1,https://swissvotes.ch/vote/178.00,1,178,1,"[352,353]",[],,"page_number_string: 
notes: 
source_full_citation: Swissvotes. (2025). Swissvotes – die Datenbank der eidgenössischen Volksabstimmungen. Abgerufen am 8.9.2025 von www.swissvotes.ch
source_comment: ",de-CH,Revision der Brotgetreideordnung ,,,fr-CH,Révision du régime du blé,,,,,,,exact,1956-09-30T12:00:00,,,rejected,,,de-CH,Abgelehnt,,en-US,Rejected,,fr-CH,Rejeté,
201,1,https://swissvotes.ch/vote/179.00,1,179,4,"[354,355]",[],,"page_number_string: 
notes: 
source_full_citation: Swissvotes. (2025). Swissvotes – die Datenbank der eidgenössischen Volksabstimmungen. Abgerufen am 8.9.2025 von www.swissvotes.ch
source_comment: ",fr-CH,Arrêté concernant le vote des dépenses par l'Assemblée fédérale,,,de-CH,Beschluss betreffend Ausgabenbeschlüsse der Bundesversammlung,,,,,,,exact,1956-09-30T12:00:00,,,rejected,,,de-CH,Abgelehnt,,en-US,Rejected,,fr-CH,Rejeté,
202,1,https://swissvotes.ch/vote/180.00,1,180,1,"[356,357]",[],,"page_number_string: 
notes: 
source_full_citation: Swissvotes. (2025). Swissvotes – die Datenbank der eidgenössischen Volksabstimmungen. Abgerufen am 8.9.2025 von www.swissvotes.ch
source_comment: ",fr-CH,Article sur la protection civile,,,de-CH,Zivilschutzartikel,,,,,,,exact,1957-03-03T12:00:00,,,rejected,,,de-CH,Abgelehnt,,en-US,Rejected,,fr-CH,Rejeté,
203,1,https://swissvotes.ch/vote/181.00,1,181,1,[358],[],,"page_number_string: 
notes: 
source_full_citation: Swissvotes. (2025). Swissvotes – die Datenbank der eidgenössischen Volksabstimmungen. Abgerufen am 8.9.2025 von www.swissvotes.ch
source_comment: ",fr-CH,Article sur la radiodiffusion et la télévision,,,de-CH,Verfassungsartikel betreffend Rundspruch und Fernsehen,,,,,,,exact,1957-03-03T12:00:00,,,rejected,,,de-CH,Abgelehnt,,en-US,Rejected,,fr-CH,Rejeté,
204,1,https://swissvotes.ch/vote/182.00,1,182,1,"[359,360]",[],,"page_number_string: 
notes: 
source_full_citation: Swissvotes. (2025). Swissvotes – die Datenbank der eidgenössischen Volksabstimmungen. Abgerufen am 8.9.2025 von www.swissvotes.ch
source_comment: ",fr-CH,Article sur l'énergie atomique et la protection contre les radiations,,,de-CH,Verfassungsartikel zu Atomenergie und Strahlenschutz,,,,,,,exact,1957-11-24T12:00:00,,,accepted,,,de-CH,Angenommen,,en-US,Accepted,,fr-CH,Accepté,
205,1,https://swissvotes.ch/vote/183.00,1,183,1,"[361,362]",[],,"page_number_string: 
notes: 
source_full_citation: Swissvotes. (2025). Swissvotes – die Datenbank der eidgenössischen Volksabstimmungen. Abgerufen am 8.9.2025 von www.swissvotes.ch
source_comment: ",fr-CH,Arrêté sur le ravitaillement du pays en céréales panifiables,,,de-CH,Beschluss zur Brotgetreideversorgung des Landes,,,,,,,exact,1957-11-24T12:00:00,,,accepted,,,de-CH,Angenommen,,en-US,Accepted,,fr-CH,Accepté,
206,1,https://swissvotes.ch/vote/184.00,2,184,3,[363],[],,"page_number_string: 
notes: 
source_full_citation: Swissvotes. (2025). Swissvotes – die Datenbank der eidgenössischen Volksabstimmungen. Abgerufen am 8.9.2025 von www.swissvotes.ch
source_comment: ",fr-CH,Initiative «contre l'abus de la puissance économique»,,,de-CH,Initiative «gegen den Missbrauch wirtschaftlicher Macht»,,,,,,,exact,1958-01-26T12:00:00,,,rejected,,,de-CH,Abgelehnt,,en-US,Rejected,,fr-CH,Rejeté,
207,1,https://swissvotes.ch/vote/185.00,1,185,1,[364],[],,"page_number_string: 
notes: 
source_full_citation: Swissvotes. (2025). Swissvotes – die Datenbank der eidgenössischen Volksabstimmungen. Abgerufen am 8.9.2025 von www.swissvotes.ch
source_comment: ",de-CH,Neuordnung des Finanzhaushalts,,,fr-CH,Révision du régime financier ,,,,,,,exact,1958-05-11T12:00:00,,,accepted,,,de-CH,Angenommen,,en-US,Accepted,,fr-CH,Accepté,
208,1,https://swissvotes.ch/vote/186.00,1,186,1,"[365,366]",[],,"page_number_string: 
notes: 
source_full_citation: Swissvotes. (2025). Swissvotes – die Datenbank der eidgenössischen Volksabstimmungen. Abgerufen am 8.9.2025 von www.swissvotes.ch
source_comment: ",fr-CH,Article sur le cinéma,,,de-CH,Verfassungsartikel zum Filmwesen,,,,,,,exact,1958-07-06T12:00:00,,,accepted,,,de-CH,Angenommen,,en-US,Accepted,,fr-CH,Accepté,
209,1,https://swissvotes.ch/vote/187.00,1,187,4,[367],[],,"page_number_string: 
notes: 
source_full_citation: Swissvotes. (2025). Swissvotes – die Datenbank der eidgenössischen Volksabstimmungen. Abgerufen am 8.9.2025 von www.swissvotes.ch
source_comment: ",fr-CH,Arrêté pour l'amélioration du réseau routier,,,de-CH,Bundesbeschluss über die Verbesserung des Strassennetzes,,,,,,,exact,1958-07-06T12:00:00,,,accepted,,,de-CH,Angenommen,,en-US,Accepted,,fr-CH,Accepté,
210,1,https://swissvotes.ch/vote/188.00,2,188,3,[368],[],,"page_number_string: 
notes: 
source_full_citation: Swissvotes. (2025). Swissvotes – die Datenbank der eidgenössischen Volksabstimmungen. Abgerufen am 8.9.2025 von www.swissvotes.ch
source_comment: ",de-CH,Initiative «zur Einführung der 44-Stunden-Woche»,,,fr-CH,Initiative pour la semaine de 44 heures,,,,,,,exact,1958-10-26T12:00:00,,,rejected,,,de-CH,Abgelehnt,,en-US,Rejected,,fr-CH,Rejeté,
211,1,https://swissvotes.ch/vote/189.00,1,189,1,[369],[],,"page_number_string: 
notes: 
source_full_citation: Swissvotes. (2025). Swissvotes – die Datenbank der eidgenössischen Volksabstimmungen. Abgerufen am 8.9.2025 von www.swissvotes.ch
source_comment: ",de-CH,Erhöhung des Höchsteinsatzes bei Kursaalspielen,,,fr-CH,Jeux de kursaals,,,,,,,exact,1958-12-07T12:00:00,,,accepted,,,de-CH,Angenommen,,en-US,Accepted,,fr-CH,Accepté,
212,1,https://swissvotes.ch/vote/190.00,1,190,2,"[370,371,372]",[],,"page_number_string: 
notes: 
source_full_citation: Swissvotes. (2025). Swissvotes – die Datenbank der eidgenössischen Volksabstimmungen. Abgerufen am 8.9.2025 von www.swissvotes.ch
source_comment: ",de-CH,Abkommen mit Italien zur Wasserkraft des Spöl,,,fr-CH,Convention avec l'Italie sur la force hydraulique du Spöl,,,,,,,exact,1958-12-07T12:00:00,,,accepted,,,de-CH,Angenommen,,en-US,Accepted,,fr-CH,Accepté,
213,1,https://swissvotes.ch/vote/191.00,1,191,1,"[373,374]",[],,"page_number_string: 
notes: 
source_full_citation: Swissvotes. (2025). Swissvotes – die Datenbank der eidgenössischen Volksabstimmungen. Abgerufen am 8.9.2025 von www.swissvotes.ch
source_comment: ",de-CH,Einführung des Frauenstimmrechts,,,fr-CH,Introduction du suffrage féminin,,,,,,,exact,1959-02-01T12:00:00,,,rejected,,,de-CH,Abgelehnt,,en-US,Rejected,,fr-CH,Rejeté,
214,1,https://swissvotes.ch/vote/192.00,1,192,1,[375],[],,"page_number_string: 
notes: 
source_full_citation: Swissvotes. (2025). Swissvotes – die Datenbank der eidgenössischen Volksabstimmungen. Abgerufen am 8.9.2025 von www.swissvotes.ch
source_comment: ",fr-CH,Article sur la protection civile,,,de-CH,Zivilschutzartikel,,,,,,,exact,1959-05-24T12:00:00,,,accepted,,,de-CH,Angenommen,,en-US,Accepted,,fr-CH,Accepté,
215,1,https://swissvotes.ch/vote/193.00,1,193,1,"[376,377,378]",[],,"page_number_string: 
notes: 
source_full_citation: Swissvotes. (2025). Swissvotes – die Datenbank der eidgenössischen Volksabstimmungen. Abgerufen am 8.9.2025 von www.swissvotes.ch
source_comment: ",fr-CH,Maintien de mesures en matière de contrôle des prix,,,de-CH,Weiterführung befristeter Preiskontrollmassnahmen,,,,,,,exact,1960-05-29T12:00:00,,,accepted,,,de-CH,Angenommen,,en-US,Accepted,,fr-CH,Accepté,
216,1,https://swissvotes.ch/vote/194.00,1,194,2,[379],[],,"page_number_string: 
notes: 
source_full_citation: Swissvotes. (2025). Swissvotes – die Datenbank der eidgenössischen Volksabstimmungen. Abgerufen am 8.9.2025 von www.swissvotes.ch
source_comment: ",de-CH,Massnahmen für die Milchwirtschaft,,,fr-CH,Mesures pour l'économie laitière,,,,,,,exact,1960-12-04T12:00:00,,,accepted,,,de-CH,Angenommen,,en-US,Accepted,,fr-CH,Accepté,
217,1,https://swissvotes.ch/vote/195.00,1,195,1,[380],[],,"page_number_string: 
notes: 
source_full_citation: Swissvotes. (2025). Swissvotes – die Datenbank der eidgenössischen Volksabstimmungen. Abgerufen am 8.9.2025 von www.swissvotes.ch
source_comment: ",fr-CH,Article sur le transport de carburants par conduites ,,,de-CH,Artikel betreffend Leitungsanlagen für Treibstoffe,,,,,,,exact,1961-03-05T12:00:00,,,accepted,,,de-CH,Angenommen,,en-US,Accepted,,fr-CH,Accepté,
218,1,https://swissvotes.ch/vote/196.00,1,196,2,"[381,382]",[],,"page_number_string: 
notes: 
source_full_citation: Swissvotes. (2025). Swissvotes – die Datenbank der eidgenössischen Volksabstimmungen. Abgerufen am 8.9.2025 von www.swissvotes.ch
source_comment: ",fr-CH,Taxe sur les carburants pour financer les routes nationales,,,de-CH,Treibstoffzoll zur Finanzierung der Nationalstrassen,,,,,,,exact,1961-03-05T12:00:00,,,rejected,,,de-CH,Abgelehnt,,en-US,Rejected,,fr-CH,Rejeté,
219,1,https://swissvotes.ch/vote/197.00,2,197,3,[383],[],,"page_number_string: 
notes: 
source_full_citation: Swissvotes. (2025). Swissvotes – die Datenbank der eidgenössischen Volksabstimmungen. Abgerufen am 8.9.2025 von www.swissvotes.ch
source_comment: ",fr-CH,Initiative pour l'institution de l'initiative législative,,,de-CH,Volksinitiative zur Einführung der Gesetzesinitiative,,,,,,,exact,1961-10-22T12:00:00,,,rejected,,,de-CH,Abgelehnt,,en-US,Rejected,,fr-CH,Rejeté,
220,1,https://swissvotes.ch/vote/198.00,1,198,2,[384],[],,"page_number_string: 
notes: 
source_full_citation: Swissvotes. (2025). Swissvotes – die Datenbank der eidgenössischen Volksabstimmungen. Abgerufen am 8.9.2025 von www.swissvotes.ch
source_comment: ",fr-CH,Statut de l'horlogerie,,,de-CH,Uhrenstatut,,,,,,,exact,1961-12-03T12:00:00,,,accepted,,,de-CH,Angenommen,,en-US,Accepted,,fr-CH,Accepté,
221,1,https://swissvotes.ch/vote/199.00,2,199,3,[385],[],,"page_number_string: 
notes: 
source_full_citation: Swissvotes. (2025). Swissvotes – die Datenbank der eidgenössischen Volksabstimmungen. Abgerufen am 8.9.2025 von www.swissvotes.ch
source_comment: ",de-CH,Initiative «für ein Verbot der Atomwaffen»,,,fr-CH,Initiative pour l'interdiction des armes atomiques,,,,,,,exact,1962-04-01T12:00:00,,,rejected,,,de-CH,Abgelehnt,,en-US,Rejected,,fr-CH,Rejeté,
222,1,https://swissvotes.ch/vote/200.00,1,200,1,[386],[],,"page_number_string: 
notes: 
source_full_citation: Swissvotes. (2025). Swissvotes – die Datenbank der eidgenössischen Volksabstimmungen. Abgerufen am 8.9.2025 von www.swissvotes.ch
source_comment: ",fr-CH,Article sur la protection de la nature et du paysage,,,de-CH,Natur- und Heimatschutz-Artikel,,,,,,,exact,1962-05-27T12:00:00,,,accepted,,,de-CH,Angenommen,,en-US,Accepted,,fr-CH,Accepté,
223,1,https://swissvotes.ch/vote/201.00,1,201,2,[387],[],,"page_number_string: 
notes: 
source_full_citation: Swissvotes. (2025). Swissvotes – die Datenbank der eidgenössischen Volksabstimmungen. Abgerufen am 8.9.2025 von www.swissvotes.ch
source_comment: ",de-CH,Gesetz über die Taggelder des Nationalrates,,,fr-CH,Loi sur les indemnités de présence au Conseil national,,,,,,,exact,1962-05-27T12:00:00,,,rejected,,,de-CH,Abgelehnt,,en-US,Rejected,,fr-CH,Rejeté,
224,1,https://swissvotes.ch/vote/202.00,1,202,1,[388],[],,"page_number_string: 
notes: 
source_full_citation: Swissvotes. (2025). Swissvotes – die Datenbank der eidgenössischen Volksabstimmungen. Abgerufen am 8.9.2025 von www.swissvotes.ch
source_comment: ",de-CH,Festsetzung der Mitgliederzahl des Nationalrates,,,fr-CH,Nombre des membres du Conseil national,,,,,,,exact,1962-11-04T12:00:00,,,accepted,,,de-CH,Angenommen,,en-US,Accepted,,fr-CH,Accepté,
225,1,https://swissvotes.ch/vote/203.00,2,203,3,"[389,390]",[],,"page_number_string: 
notes: 
source_full_citation: Swissvotes. (2025). Swissvotes – die Datenbank der eidgenössischen Volksabstimmungen. Abgerufen am 8.9.2025 von www.swissvotes.ch
source_comment: ",de-CH,Initiative für ein Referendum gegen Atomwaffen,,,fr-CH,Initiative sur le droit du peuple de décider d'armes atomiques,,,,,,,exact,1963-05-26T12:00:00,,,rejected,,,de-CH,Abgelehnt,,en-US,Rejected,,fr-CH,Rejeté,
226,1,https://swissvotes.ch/vote/204.00,1,204,1,[391],[],,"page_number_string: 
notes: 
source_full_citation: Swissvotes. (2025). Swissvotes – die Datenbank der eidgenössischen Volksabstimmungen. Abgerufen am 8.9.2025 von www.swissvotes.ch
source_comment: ",fr-CH,Prorogation du régime financier,,,de-CH,Weiterführung der Finanzordnung ,,,,,,,exact,1963-12-08T12:00:00,,,accepted,,,de-CH,Angenommen,,en-US,Accepted,,fr-CH,Accepté,
227,1,https://swissvotes.ch/vote/205.00,1,205,1,[392],[],,"page_number_string: 
notes: 
source_full_citation: Swissvotes. (2025). Swissvotes – die Datenbank der eidgenössischen Volksabstimmungen. Abgerufen am 8.9.2025 von www.swissvotes.ch
source_comment: ",fr-CH,Article sur les bourses d'études,,,de-CH,Artikel über Stipendien und Ausbildungsbeihilfen,,,,,,,exact,1963-12-08T12:00:00,,,accepted,,,de-CH,Angenommen,,en-US,Accepted,,fr-CH,Accepté,
228,1,https://swissvotes.ch/vote/206.00,1,206,1,[393],[],,"page_number_string: 
notes: 
source_full_citation: Swissvotes. (2025). Swissvotes – die Datenbank der eidgenössischen Volksabstimmungen. Abgerufen am 8.9.2025 von www.swissvotes.ch
source_comment: ",de-CH,Erlass einer allgemeinen Steueramnestie,,,fr-CH,Octroi d'une amnistie fiscale générale,,,,,,,exact,1964-02-02T12:00:00,,,rejected,,,de-CH,Abgelehnt,,en-US,Rejected,,fr-CH,Rejeté,
229,1,https://swissvotes.ch/vote/207.00,1,207,2,[394],[],,"page_number_string: 
notes: 
source_full_citation: Swissvotes. (2025). Swissvotes – die Datenbank der eidgenössischen Volksabstimmungen. Abgerufen am 8.9.2025 von www.swissvotes.ch
source_comment: ",de-CH,Berufsbildungsgesetz,,,fr-CH,Loi sur la formation professionnelle,,,,,,,exact,1964-05-24T12:00:00,,,accepted,,,de-CH,Angenommen,,en-US,Accepted,,fr-CH,Accepté,
230,1,https://swissvotes.ch/vote/208.00,1,208,1,"[395,396]",[],,"page_number_string: 
notes: 
source_full_citation: Swissvotes. (2025). Swissvotes – die Datenbank der eidgenössischen Volksabstimmungen. Abgerufen am 8.9.2025 von www.swissvotes.ch
source_comment: ",fr-CH,Maintien de mesures en matière de contrôle des prix,,,de-CH,Weiterführung befristeter Preiskontrollmassnahmen,,,,,,,exact,1964-12-06T12:00:00,,,accepted,,,de-CH,Angenommen,,en-US,Accepted,,fr-CH,Accepté,
231,1,https://swissvotes.ch/vote/209.00,1,209,1,[397],[],,"page_number_string: 
notes: 
source_full_citation: Swissvotes. (2025). Swissvotes – die Datenbank der eidgenössischen Volksabstimmungen. Abgerufen am 8.9.2025 von www.swissvotes.ch
source_comment: ",de-CH,Bekämpfung der Teuerung durch Massnahmen im Kreditwesen,,,fr-CH,Mesures dans le domaine du crédit contre le renchérissement,,,,,,,exact,1965-02-28T12:00:00,,,accepted,,,de-CH,Angenommen,,en-US,Accepted,,fr-CH,Accepté,
232,1,https://swissvotes.ch/vote/210.00,1,210,1,[398],[],,"page_number_string: 
notes: 
source_full_citation: Swissvotes. (2025). Swissvotes – die Datenbank der eidgenössischen Volksabstimmungen. Abgerufen am 8.9.2025 von www.swissvotes.ch
source_comment: ",de-CH,Bekämpfung der Teuerung durch Massnahmen in der Bauwirtschaft,,,fr-CH,Mesures dans le domaine de la construction contre le renchérissement,,,,,,,exact,1965-02-28T12:00:00,,,accepted,,,de-CH,Angenommen,,en-US,Accepted,,fr-CH,Accepté,
233,1,https://swissvotes.ch/vote/211.00,1,211,2,[399],[],,"page_number_string: 
notes: 
source_full_citation: Swissvotes. (2025). Swissvotes – die Datenbank der eidgenössischen Volksabstimmungen. Abgerufen am 8.9.2025 von www.swissvotes.ch
source_comment: ",fr-CH,Arrêté sur le lait,,,de-CH,Milchbeschluss,,,,,,,exact,1965-05-16T12:00:00,,,accepted,,,de-CH,Angenommen,,en-US,Accepted,,fr-CH,Accepté,
234,1,https://swissvotes.ch/vote/212.00,1,212,1,[400],[],,"page_number_string: 
notes: 
source_full_citation: Swissvotes. (2025). Swissvotes – die Datenbank der eidgenössischen Volksabstimmungen. Abgerufen am 8.9.2025 von www.swissvotes.ch
source_comment: ",fr-CH,Article concernant les Suisses de l'étranger,,,de-CH,Auslandschweizer-Artikel,,,,,,,exact,1966-10-16T12:00:00,,,accepted,,,de-CH,Angenommen,,en-US,Accepted,,fr-CH,Accepté,
235,1,https://swissvotes.ch/vote/213.00,2,213,3,"[401,402]",[],,"page_number_string: 
notes: 
source_full_citation: Swissvotes. (2025). Swissvotes – die Datenbank der eidgenössischen Volksabstimmungen. Abgerufen am 8.9.2025 von www.swissvotes.ch
source_comment: ",de-CH,Initiative «zur Bekämpfung des Alkoholismus»,,,fr-CH,Initiative contre l'alcoolisme,,,,,,,exact,1966-10-16T12:00:00,,,rejected,,,de-CH,Abgelehnt,,en-US,Rejected,,fr-CH,Rejeté,
236,1,https://swissvotes.ch/vote/214.00,2,214,3,[403],[],,"page_number_string: 
notes: 
source_full_citation: Swissvotes. (2025). Swissvotes – die Datenbank der eidgenössischen Volksabstimmungen. Abgerufen am 8.9.2025 von www.swissvotes.ch
source_comment: ",fr-CH,Initiative «contre la spéculation foncière»,,,de-CH,Initiative «gegen die Bodenspekulation»,,,,,,,exact,1967-07-02T12:00:00,,,rejected,,,de-CH,Abgelehnt,,en-US,Rejected,,fr-CH,Rejeté,
237,1,https://swissvotes.ch/vote/215.00,1,215,1,[404],[],,"page_number_string: 
notes: 
source_full_citation: Swissvotes. (2025). Swissvotes – die Datenbank der eidgenössischen Volksabstimmungen. Abgerufen am 8.9.2025 von www.swissvotes.ch
source_comment: ",de-CH,Erlass einer allgemeinen Steueramnestie,,,fr-CH,Octroi d'une amnistie fiscale générale,,,,,,,exact,1968-02-18T12:00:00,,,accepted,,,de-CH,Angenommen,,en-US,Accepted,,fr-CH,Accepté,
238,1,https://swissvotes.ch/vote/216.00,1,216,2,[405],[],,"page_number_string: 
notes: 
source_full_citation: Swissvotes. (2025). Swissvotes – die Datenbank der eidgenössischen Volksabstimmungen. Abgerufen am 8.9.2025 von www.swissvotes.ch
source_comment: ",de-CH,Gesetz über die Tabakbesteuerung,,,fr-CH,Loi sur l'imposition du tabac,,,,,,,exact,1968-05-19T12:00:00,,,rejected,,,de-CH,Abgelehnt,,en-US,Rejected,,fr-CH,Rejeté,
239,1,https://swissvotes.ch/vote/217.00,1,217,2,[406],[],,"page_number_string: 
notes: 
source_full_citation: Swissvotes. (2025). Swissvotes – die Datenbank der eidgenössischen Volksabstimmungen. Abgerufen am 8.9.2025 von www.swissvotes.ch
source_comment: ",de-CH,Gesetz über die Eidgenössischen Technischen Hochschulen,,,fr-CH,Loi sur les écoles polytechniques fédérales,,,,,,,exact,1969-06-01T12:00:00,,,rejected,,,de-CH,Abgelehnt,,en-US,Rejected,,fr-CH,Rejeté,
240,1,https://swissvotes.ch/vote/218.00,1,218,1,[407],[],,"page_number_string: 
notes: 
source_full_citation: Swissvotes. (2025). Swissvotes – die Datenbank der eidgenössischen Volksabstimmungen. Abgerufen am 8.9.2025 von www.swissvotes.ch
source_comment: ",fr-CH,Dispositions constitutionnelles sur le droit foncier,,,de-CH,Verfassungsrechtliche Ordnung des Bodenrechts,,,,,,,exact,1969-09-14T12:00:00,,,accepted,,,de-CH,Angenommen,,en-US,Accepted,,fr-CH,Accepté,
241,1,https://swissvotes.ch/vote/219.00,1,219,2,[408],[],,"page_number_string: 
notes: 
source_full_citation: Swissvotes. (2025). Swissvotes – die Datenbank der eidgenössischen Volksabstimmungen. Abgerufen am 8.9.2025 von www.swissvotes.ch
source_comment: ",fr-CH,Arrêté sur l'économie sucrière indigène,,,de-CH,Bundesbeschluss über die inländische Zuckerwirtschaft,,,,,,,exact,1970-02-01T12:00:00,,,accepted,,,de-CH,Angenommen,,en-US,Accepted,,fr-CH,Accepté,
242,1,https://swissvotes.ch/vote/220.00,2,220,3,"[409,410]",[],,"page_number_string: 
notes: 
source_full_citation: Swissvotes. (2025). Swissvotes – die Datenbank der eidgenössischen Volksabstimmungen. Abgerufen am 8.9.2025 von www.swissvotes.ch
source_comment: ",fr-CH,Initiative «contre l'emprise étrangère»,,,de-CH,Initiative «Gegen die Überfremdung»,,,,,,,exact,1970-06-07T12:00:00,,,rejected,,,de-CH,Abgelehnt,,en-US,Rejected,,fr-CH,Rejeté,
243,1,https://swissvotes.ch/vote/221.00,1,221,1,"[411,412]",[],,"page_number_string: 
notes: 
source_full_citation: Swissvotes. (2025). Swissvotes – die Datenbank der eidgenössischen Volksabstimmungen. Abgerufen am 8.9.2025 von www.swissvotes.ch
source_comment: ",fr-CH,Article sur l'encouragement de la gymnastique et des sports,,,de-CH,Verfassungsartikel zur Förderung von Turnen und Sport,,,,,,,exact,1970-09-27T12:00:00,,,accepted,,,de-CH,Angenommen,,en-US,Accepted,,fr-CH,Accepté,
244,1,https://swissvotes.ch/vote/222.00,2,222,3,"[413,414,415]",[],,"page_number_string: 
notes: 
source_full_citation: Swissvotes. (2025). Swissvotes – die Datenbank der eidgenössischen Volksabstimmungen. Abgerufen am 8.9.2025 von www.swissvotes.ch
source_comment: ",de-CH,Initiative «Recht auf Wohnung und Ausbau des Familienschutzes»,,,fr-CH,Initiative pour le droit au logement et la protection de la famille,,,,,,,exact,1970-09-27T12:00:00,,,rejected,,,de-CH,Abgelehnt,,en-US,Rejected,,fr-CH,Rejeté,
245,1,https://swissvotes.ch/vote/223.00,1,223,1,[416],[],,"page_number_string: 
notes: 
source_full_citation: Swissvotes. (2025). Swissvotes – die Datenbank der eidgenössischen Volksabstimmungen. Abgerufen am 8.9.2025 von www.swissvotes.ch
source_comment: ",de-CH,Änderung der Finanzordnung,,,fr-CH,Modification du régime financier,,,,,,,exact,1970-11-15T12:00:00,,,rejected,,,de-CH,Abgelehnt,,en-US,Rejected,,fr-CH,Rejeté,
246,1,https://swissvotes.ch/vote/224.00,1,224,1,"[417,418]",[],,"page_number_string: 
notes: 
source_full_citation: Swissvotes. (2025). Swissvotes – die Datenbank der eidgenössischen Volksabstimmungen. Abgerufen am 8.9.2025 von www.swissvotes.ch
source_comment: ",de-CH,Einführung des Frauenstimmrechts,,,fr-CH,Introduction du suffrage féminin,,,,,,,exact,1971-02-07T12:00:00,,,accepted,,,de-CH,Angenommen,,en-US,Accepted,,fr-CH,Accepté,
247,1,https://swissvotes.ch/vote/225.00,1,225,1,[419],[],,"page_number_string: 
notes: 
source_full_citation: Swissvotes. (2025). Swissvotes – die Datenbank der eidgenössischen Volksabstimmungen. Abgerufen am 8.9.2025 von www.swissvotes.ch
source_comment: ",fr-CH,Article sur la protection de l'environnement,,,de-CH,Umweltschutzartikel,,,,,,,exact,1971-06-06T12:00:00,,,accepted,,,de-CH,Angenommen,,en-US,Accepted,,fr-CH,Accepté,
248,1,https://swissvotes.ch/vote/226.00,1,226,1,[420],[],,"page_number_string: 
notes: 
source_full_citation: Swissvotes. (2025). Swissvotes – die Datenbank der eidgenössischen Volksabstimmungen. Abgerufen am 8.9.2025 von www.swissvotes.ch
source_comment: ",fr-CH,Prorogation du régime financier,,,de-CH,Weiterführung der Finanzordnung,,,,,,,exact,1971-06-06T12:00:00,,,accepted,,,de-CH,Angenommen,,en-US,Accepted,,fr-CH,Accepté,
249,1,https://swissvotes.ch/vote/227.10,2,227.1,3,[421],[],,"page_number_string: 
notes: 
source_full_citation: Swissvotes. (2025). Swissvotes – die Datenbank der eidgenössischen Volksabstimmungen. Abgerufen am 8.9.2025 von www.swissvotes.ch
source_comment: ",de-CH,Initiative «zur Förderung des Wohnungsbaues»,,,fr-CH,Initiative sur la construction de logements,,,,,,,exact,1972-03-05T12:00:00,,,rejected,,,de-CH,Abgelehnt,,en-US,Rejected,,fr-CH,Rejeté,
250,1,https://swissvotes.ch/vote/227.20,1,227.2,4,[422],[],,"page_number_string: 
notes: 
source_full_citation: Swissvotes. (2025). Swissvotes – die Datenbank der eidgenössischen Volksabstimmungen. Abgerufen am 8.9.2025 von www.swissvotes.ch
source_comment: ",fr-CH,Contre-projet à l'initiative sur la construction de logements,,,de-CH,Gegenentwurf zur Wohnungsbau-Initiative,,,,,,,exact,1972-03-05T12:00:00,,,accepted,,,de-CH,Angenommen,,en-US,Accepted,,fr-CH,Accepté,
251,1,https://swissvotes.ch/vote/228.00,1,228,1,[423],[],,"page_number_string: 
notes: 
source_full_citation: Swissvotes. (2025). Swissvotes – die Datenbank der eidgenössischen Volksabstimmungen. Abgerufen am 8.9.2025 von www.swissvotes.ch
source_comment: ",fr-CH,Article sur sur la protection des locataires et sur la déclaration de force obligatoire générale de baux à loyer,,,de-CH,Verfassungsartikel über den Mieterschutz und die Allgemeinverbindlicherklärung von Mietverträgen,,,,,,,exact,1972-03-05T12:00:00,,,accepted,,,de-CH,Angenommen,,en-US,Accepted,,fr-CH,Accepté,
252,1,https://swissvotes.ch/vote/229.00,1,229,1,[424],[],,"page_number_string: 
notes: 
source_full_citation: Swissvotes. (2025). Swissvotes – die Datenbank der eidgenössischen Volksabstimmungen. Abgerufen am 8.9.2025 von www.swissvotes.ch
source_comment: ",de-CH,Massnahmen zur Stabilisierung des Baumarktes,,,fr-CH,Mesures pour la stabilisation du marché de la construction,,,,,,,exact,1972-06-04T12:00:00,,,accepted,,,de-CH,Angenommen,,en-US,Accepted,,fr-CH,Accepté,
253,1,https://swissvotes.ch/vote/230.00,1,230,1,[425],[],,"page_number_string: 
notes: 
source_full_citation: Swissvotes. (2025). Swissvotes – die Datenbank der eidgenössischen Volksabstimmungen. Abgerufen am 8.9.2025 von www.swissvotes.ch
source_comment: ",fr-CH,Arrêté sur la sauvegarde de la monnaie,,,de-CH,Bundesbeschluss über den Schutz der Währung,,,,,,,exact,1972-06-04T12:00:00,,,accepted,,,de-CH,Angenommen,,en-US,Accepted,,fr-CH,Accepté,
254,1,https://swissvotes.ch/vote/231.00,2,231,3,"[426,427]",[],,"page_number_string: 
notes: 
source_full_citation: Swissvotes. (2025). Swissvotes – die Datenbank der eidgenössischen Volksabstimmungen. Abgerufen am 8.9.2025 von www.swissvotes.ch
source_comment: ",de-CH,Initiative für ein Waffenausfuhrverbot,,,fr-CH,Initiative pour l'interdiction de l'exportation d'armes,,,,,,,exact,1972-09-24T12:00:00,,,rejected,,,de-CH,Abgelehnt,,en-US,Rejected,,fr-CH,Rejeté,
255,1,https://swissvotes.ch/vote/232.10,2,232.1,3,[428],[],,"page_number_string: 
notes: 
source_full_citation: Swissvotes. (2025). Swissvotes – die Datenbank der eidgenössischen Volksabstimmungen. Abgerufen am 8.9.2025 von www.swissvotes.ch
source_comment: ",fr-CH,Initiative pour l'introduction d'une retraite populaire,,,de-CH,Initiative zur Einführung einer Volkspension,,,,,,,exact,1972-12-03T12:00:00,,,rejected,,,de-CH,Abgelehnt,,en-US,Rejected,,fr-CH,Rejeté,
256,1,https://swissvotes.ch/vote/232.20,1,232.2,4,[429],[],,"page_number_string: 
notes: 
source_full_citation: Swissvotes. (2025). Swissvotes – die Datenbank der eidgenössischen Volksabstimmungen. Abgerufen am 8.9.2025 von www.swissvotes.ch
source_comment: ",fr-CH,Contre-projet à l'initiative pour une retraite populaire,,,de-CH,Gegenentwurf zur Initiative zur Einführung einer Volkspension,,,,,,,exact,1972-12-03T12:00:00,,,accepted,,,de-CH,Angenommen,,en-US,Accepted,,fr-CH,Accepté,
257,1,https://swissvotes.ch/vote/233.00,1,233,1,"[430,431]",[],,"page_number_string: 
notes: 
source_full_citation: Swissvotes. (2025). Swissvotes – die Datenbank der eidgenössischen Volksabstimmungen. Abgerufen am 8.9.2025 von www.swissvotes.ch
source_comment: ",de-CH,Abkommen mit der EWG,,,fr-CH,Accords avec la CEE,,,,,,,exact,1972-12-03T12:00:00,,,accepted,,,de-CH,Angenommen,,en-US,Accepted,,fr-CH,Accepté,
258,1,https://swissvotes.ch/vote/234.00,1,234,1,"[432,433]",[],,"page_number_string: 
notes: 
source_full_citation: Swissvotes. (2025). Swissvotes – die Datenbank der eidgenössischen Volksabstimmungen. Abgerufen am 8.9.2025 von www.swissvotes.ch
source_comment: ",fr-CH,Articles sur l'enseignement,,,de-CH,Bildungsartikel,,,,,,,exact,1973-03-04T12:00:00,,,rejected,,,de-CH,Abgelehnt,,en-US,Rejected,,fr-CH,Rejeté,
259,1,https://swissvotes.ch/vote/235.00,1,235,1,[434],[],,"page_number_string: 
notes: 
source_full_citation: Swissvotes. (2025). Swissvotes – die Datenbank der eidgenössischen Volksabstimmungen. Abgerufen am 8.9.2025 von www.swissvotes.ch
source_comment: ",fr-CH,Article sur la recherche scientifique,,,de-CH,Verfassungsartikel zur wissenschaftlichen Forschung,,,,,,,exact,1973-03-04T12:00:00,,,accepted,,,de-CH,Angenommen,,en-US,Accepted,,fr-CH,Accepté,
260,1,https://swissvotes.ch/vote/236.00,1,236,1,[435],[],,"page_number_string: 
notes: 
source_full_citation: Swissvotes. (2025). Swissvotes – die Datenbank der eidgenössischen Volksabstimmungen. Abgerufen am 8.9.2025 von www.swissvotes.ch
source_comment: ",fr-CH,Abrogation des articles concernant les jésuites et les couvents,,,de-CH,Aufhebung des Jesuiten- und des Klosterartikels,,,,,,,exact,1973-05-20T12:00:00,,,accepted,,,de-CH,Angenommen,,en-US,Accepted,,fr-CH,Accepté,
261,1,https://swissvotes.ch/vote/237.00,1,237,1,[436],[],,"page_number_string: 
notes: 
source_full_citation: Swissvotes. (2025). Swissvotes – die Datenbank der eidgenössischen Volksabstimmungen. Abgerufen am 8.9.2025 von www.swissvotes.ch
source_comment: ",fr-CH,Arrêté sur la surveillance des prix,,,de-CH,Massnahmen zur Preisüberwachung,,,,,,,exact,1973-12-02T12:00:00,,,accepted,,,de-CH,Angenommen,,en-US,Accepted,,fr-CH,Accepté,
262,1,https://swissvotes.ch/vote/238.00,1,238,1,[437],[],,"page_number_string: 
notes: 
source_full_citation: Swissvotes. (2025). Swissvotes – die Datenbank der eidgenössischen Volksabstimmungen. Abgerufen am 8.9.2025 von www.swissvotes.ch
source_comment: ",de-CH,Massnahmen auf dem Gebiet des Kreditwesens,,,fr-CH,Mesures dans le domaine du crédit,,,,,,,exact,1973-12-02T12:00:00,,,accepted,,,de-CH,Angenommen,,en-US,Accepted,,fr-CH,Accepté,
263,1,https://swissvotes.ch/vote/239.00,1,239,1,[438],[],,"page_number_string: 
notes: 
source_full_citation: Swissvotes. (2025). Swissvotes – die Datenbank der eidgenössischen Volksabstimmungen. Abgerufen am 8.9.2025 von www.swissvotes.ch
source_comment: ",fr-CH,Arrêté sur la stabilisation du marché de la construction,,,de-CH,Massnahmen zur Stabilisierung des Baumarktes,,,,,,,exact,1973-12-02T12:00:00,,,accepted,,,de-CH,Angenommen,,en-US,Accepted,,fr-CH,Accepté,
264,1,https://swissvotes.ch/vote/240.00,1,240,1,"[439,440]",[],,"page_number_string: 
notes: 
source_full_citation: Swissvotes. (2025). Swissvotes – die Datenbank der eidgenössischen Volksabstimmungen. Abgerufen am 8.9.2025 von www.swissvotes.ch
source_comment: ",fr-CH,Arrêté limitant les amortissements admissibles pour les impôts,,,de-CH,Einschränkung der steuerwirksamen Abschreibungen,,,,,,,exact,1973-12-02T12:00:00,,,accepted,,,de-CH,Angenommen,,en-US,Accepted,,fr-CH,Accepté,
265,1,https://swissvotes.ch/vote/241.00,1,241,1,"[441,442]",[],,"page_number_string: 
notes: 
source_full_citation: Swissvotes. (2025). Swissvotes – die Datenbank der eidgenössischen Volksabstimmungen. Abgerufen am 8.9.2025 von www.swissvotes.ch
source_comment: ",fr-CH,Article sur la protection des animaux ,,,de-CH,Tierschutzartikel ,,,,,,,exact,1973-12-02T12:00:00,,,accepted,,,de-CH,Angenommen,,en-US,Accepted,,fr-CH,Accepté,
266,1,https://swissvotes.ch/vote/242.00,2,242,3,[443],[],,"page_number_string: 
notes: 
source_full_citation: Swissvotes. (2025). Swissvotes – die Datenbank der eidgenössischen Volksabstimmungen. Abgerufen am 8.9.2025 von www.swissvotes.ch
source_comment: ",fr-CH,Initiative «Contre l'emprise étrangère»,,,de-CH,Initiative «Gegen die Überfremdung»,,,,,,,exact,1974-10-20T12:00:00,,,rejected,,,de-CH,Abgelehnt,,en-US,Rejected,,fr-CH,Rejeté,
267,1,https://swissvotes.ch/vote/243.00,1,243,1,[444],[],,"page_number_string: 
notes: 
source_full_citation: Swissvotes. (2025). Swissvotes – die Datenbank der eidgenössischen Volksabstimmungen. Abgerufen am 8.9.2025 von www.swissvotes.ch
source_comment: ",fr-CH,Amélioration des finances fédérales,,,de-CH,Verbesserung des Bundeshaushalts,,,,,,,exact,1974-12-08T12:00:00,,,rejected,,,de-CH,Abgelehnt,,en-US,Rejected,,fr-CH,Rejeté,
268,1,https://swissvotes.ch/vote/244.00,1,244,1,"[445,446]",[],,"page_number_string: 
notes: 
source_full_citation: Swissvotes. (2025). Swissvotes – die Datenbank der eidgenössischen Volksabstimmungen. Abgerufen am 8.9.2025 von www.swissvotes.ch
source_comment: ",de-CH,Erschwerung von Ausgabenbeschlüssen,,,fr-CH,Freins aux décisions en matière de dépenses ,,,,,,,exact,1974-12-08T12:00:00,,,accepted,,,de-CH,Angenommen,,en-US,Accepted,,fr-CH,Accepté,
269,1,https://swissvotes.ch/vote/245.10,2,245.1,3,[447],[],,"page_number_string: 
notes: 
source_full_citation: Swissvotes. (2025). Swissvotes – die Datenbank der eidgenössischen Volksabstimmungen. Abgerufen am 8.9.2025 von www.swissvotes.ch
source_comment: ",de-CH,Initiative «für eine soziale Krankenversicherung»,,,fr-CH,Initiative «pour une meilleure assurance-maladie»,,,,,,,exact,1974-12-08T12:00:00,,,rejected,,,de-CH,Abgelehnt,,en-US,Rejected,,fr-CH,Rejeté,
270,1,https://swissvotes.ch/vote/245.20,1,245.2,4,[448],[],,"page_number_string: 
notes: 
source_full_citation: Swissvotes. (2025). Swissvotes – die Datenbank der eidgenössischen Volksabstimmungen. Abgerufen am 8.9.2025 von www.swissvotes.ch
source_comment: ",de-CH,Bundesbeschluss über die soziale Krankenversicherung (Gegenentwurf),,,fr-CH,Contre-projet à l'initiative «pour une meilleure assurance-maladie»,,,,,,,exact,1974-12-08T12:00:00,,,rejected,,,de-CH,Abgelehnt,,en-US,Rejected,,fr-CH,Rejeté,
271,1,https://swissvotes.ch/vote/246.00,1,246,1,[449],[],,"page_number_string: 
notes: 
source_full_citation: Swissvotes. (2025). Swissvotes – die Datenbank der eidgenössischen Volksabstimmungen. Abgerufen am 8.9.2025 von www.swissvotes.ch
source_comment: ",fr-CH,Article conjoncturel,,,de-CH,Konjunkturartikel,,,,,,,exact,1975-03-02T12:00:00,,,rejected,,,de-CH,Abgelehnt,,en-US,Rejected,,fr-CH,Rejeté,
272,1,https://swissvotes.ch/vote/247.00,1,247,1,[450],[],,"page_number_string: 
notes: 
source_full_citation: Swissvotes. (2025). Swissvotes – die Datenbank der eidgenössischen Volksabstimmungen. Abgerufen am 8.9.2025 von www.swissvotes.ch
source_comment: ",fr-CH,Arrêté sur la sauvegarde de la monnaie,,,de-CH,Bundesbeschluss über den Schutz der Währung,,,,,,,exact,1975-06-08T12:00:00,,,accepted,,,de-CH,Angenommen,,en-US,Accepted,,fr-CH,Accepté,
273,1,https://swissvotes.ch/vote/248.00,1,248,2,"[451,452]",[],,"page_number_string: 
notes: 
source_full_citation: Swissvotes. (2025). Swissvotes – die Datenbank der eidgenössischen Volksabstimmungen. Abgerufen am 8.9.2025 von www.swissvotes.ch
source_comment: ",fr-CH,Arrêté concernant le financement des routes nationales,,,de-CH,Bundesbeschluss über die Finanzierung der Nationalstrassen,,,,,,,exact,1975-06-08T12:00:00,,,accepted,,,de-CH,Angenommen,,en-US,Accepted,,fr-CH,Accepté,
274,1,https://swissvotes.ch/vote/249.00,1,249,2,[453],[],,"page_number_string: 
notes: 
source_full_citation: Swissvotes. (2025). Swissvotes – die Datenbank der eidgenössischen Volksabstimmungen. Abgerufen am 8.9.2025 von www.swissvotes.ch
source_comment: ",de-CH,Änderung des Generalzolltarifs,,,fr-CH,Modification du tarif général des douanes,,,,,,,exact,1975-06-08T12:00:00,,,rejected,,,de-CH,Abgelehnt,,en-US,Rejected,,fr-CH,Rejeté,
275,1,https://swissvotes.ch/vote/250.00,1,250,1,[454],[],,"page_number_string: 
notes: 
source_full_citation: Swissvotes. (2025). Swissvotes – die Datenbank der eidgenössischen Volksabstimmungen. Abgerufen am 8.9.2025 von www.swissvotes.ch
source_comment: ",fr-CH,Arrêté concernant l'augmentation des recettes fiscales,,,de-CH,Bundesbeschluss zur Erhöhung der Steuereinnahmen,,,,,,,exact,1975-06-08T12:00:00,,,accepted,,,de-CH,Angenommen,,en-US,Accepted,,fr-CH,Accepté,
276,1,https://swissvotes.ch/vote/251.00,1,251,1,"[455,456]",[],,"page_number_string: 
notes: 
source_full_citation: Swissvotes. (2025). Swissvotes – die Datenbank der eidgenössischen Volksabstimmungen. Abgerufen am 8.9.2025 von www.swissvotes.ch
source_comment: ",de-CH,Erschwerung von Ausgabenbeschlüssen,,,fr-CH,Frein aux décisions en matière de dépenses ,,,,,,,exact,1975-06-08T12:00:00,,,accepted,,,de-CH,Angenommen,,en-US,Accepted,,fr-CH,Accepté,
277,1,https://swissvotes.ch/vote/252.00,1,252,1,"[457,458]",[],,"page_number_string: 
notes: 
source_full_citation: Swissvotes. (2025). Swissvotes – die Datenbank der eidgenössischen Volksabstimmungen. Abgerufen am 8.9.2025 von www.swissvotes.ch
source_comment: ",de-CH,Reform der Niederlassungsfreiheit und Unterstützungsregelung,,,fr-CH,Réforme de la liberté d'établissement et de la réglementation de l'assistance,,,,,,,exact,1975-12-07T12:00:00,,,accepted,,,de-CH,Angenommen,,en-US,Accepted,,fr-CH,Accepté,
278,1,https://swissvotes.ch/vote/253.00,1,253,1,"[459,460,461]",[],,"page_number_string: 
notes: 
source_full_citation: Swissvotes. (2025). Swissvotes – die Datenbank der eidgenössischen Volksabstimmungen. Abgerufen am 8.9.2025 von www.swissvotes.ch
source_comment: ",fr-CH,Révision de la constitution dans le domaine de l'économie des eaux,,,de-CH,Verfassungsbestimmungen zur Wasserwirtschaft,,,,,,,exact,1975-12-07T12:00:00,,,accepted,,,de-CH,Angenommen,,en-US,Accepted,,fr-CH,Accepté,
279,1,https://swissvotes.ch/vote/254.00,1,254,2,"[462,463]",[],,"page_number_string: 
notes: 
source_full_citation: Swissvotes. (2025). Swissvotes – die Datenbank der eidgenössischen Volksabstimmungen. Abgerufen am 8.9.2025 von www.swissvotes.ch
source_comment: ",de-CH,Gesetz über die Ein- und Ausfuhr von Landwirtschaftserzeugnissen,,,fr-CH,Loi sur l'importation et l'exportation de produits agricoles transformés,,,,,,,exact,1975-12-07T12:00:00,,,accepted,,,de-CH,Angenommen,,en-US,Accepted,,fr-CH,Accepté,
280,1,https://swissvotes.ch/vote/255.10,2,255.1,3,[464],[],,"page_number_string: 
notes: 
source_full_citation: Swissvotes. (2025). Swissvotes – die Datenbank der eidgenössischen Volksabstimmungen. Abgerufen am 8.9.2025 von www.swissvotes.ch
source_comment: ",de-CH,Initiative «für die Mitbestimmung der Arbeitnehmer»,,,fr-CH,Initiative sur la participation des travailleurs,,,,,,,exact,1976-03-21T12:00:00,,,rejected,,,de-CH,Abgelehnt,,en-US,Rejected,,fr-CH,Rejeté,
281,1,https://swissvotes.ch/vote/255.20,1,255.2,4,[465],[],,"page_number_string: 
notes: 
source_full_citation: Swissvotes. (2025). Swissvotes – die Datenbank der eidgenössischen Volksabstimmungen. Abgerufen am 8.9.2025 von www.swissvotes.ch
source_comment: ",de-CH,Gegenentwurf zur Mitbestimmungsinitiative,,,fr-CH,Participation des travailleurs (contre-projet),,,,,,,exact,1976-03-21T12:00:00,,,rejected,,,de-CH,Abgelehnt,,en-US,Rejected,,fr-CH,Rejeté,
282,1,https://swissvotes.ch/vote/256.00,2,256,3,[466],[],,"page_number_string: 
notes: 
source_full_citation: Swissvotes. (2025). Swissvotes – die Datenbank der eidgenössischen Volksabstimmungen. Abgerufen am 8.9.2025 von www.swissvotes.ch
source_comment: ",de-CH,Initiative «für eine Reform des Steuerwesens»,,,fr-CH,Initiative «pour la réforme fiscale»,,,,,,,exact,1976-03-21T12:00:00,,,rejected,,,de-CH,Abgelehnt,,en-US,Rejected,,fr-CH,Rejeté,
283,1,https://swissvotes.ch/vote/257.00,1,257,2,[467],[],,"page_number_string: 
notes: 
source_full_citation: Swissvotes. (2025). Swissvotes – die Datenbank der eidgenössischen Volksabstimmungen. Abgerufen am 8.9.2025 von www.swissvotes.ch
source_comment: ",fr-CH,Loi sur l'aménagement du territoire,,,de-CH,Raumplanungsgesetz,,,,,,,exact,1976-06-13T12:00:00,,,rejected,,,de-CH,Abgelehnt,,en-US,Rejected,,fr-CH,Rejeté,
284,1,https://swissvotes.ch/vote/258.00,1,258,2,[468],[],,"page_number_string: 
notes: 
source_full_citation: Swissvotes. (2025). Swissvotes – die Datenbank der eidgenössischen Volksabstimmungen. Abgerufen am 8.9.2025 von www.swissvotes.ch
source_comment: ",de-CH,Darlehen an die Internationale Entwicklungsorganisation,,,fr-CH,Prêt à l'Association internationale de développement,,,,,,,exact,1976-06-13T12:00:00,,,rejected,,,de-CH,Abgelehnt,,en-US,Rejected,,fr-CH,Rejeté,
285,1,https://swissvotes.ch/vote/259.00,1,259,1,[469],[],,"page_number_string: 
notes: 
source_full_citation: Swissvotes. (2025). Swissvotes – die Datenbank der eidgenössischen Volksabstimmungen. Abgerufen am 8.9.2025 von www.swissvotes.ch
source_comment: ",de-CH,Neukonzeption der Arbeitslosenversicherung,,,fr-CH,Nouvelle conception de l'assurance-chômage,,,,,,,exact,1976-06-13T12:00:00,,,accepted,,,de-CH,Angenommen,,en-US,Accepted,,fr-CH,Accepté,
286,1,https://swissvotes.ch/vote/260.00,1,260,1,"[470,471]",[],,"page_number_string: 
notes: 
source_full_citation: Swissvotes. (2025). Swissvotes – die Datenbank der eidgenössischen Volksabstimmungen. Abgerufen am 8.9.2025 von www.swissvotes.ch
source_comment: ",fr-CH,Article sur la radio et la télévision ,,,de-CH,Radio- und Fernsehartikel,,,,,,,exact,1976-09-26T12:00:00,,,rejected,,,de-CH,Abgelehnt,,en-US,Rejected,,fr-CH,Rejeté,
287,1,https://swissvotes.ch/vote/261.00,2,261,3,[472],[],,"page_number_string: 
notes: 
source_full_citation: Swissvotes. (2025). Swissvotes – die Datenbank der eidgenössischen Volksabstimmungen. Abgerufen am 8.9.2025 von www.swissvotes.ch
source_comment: ",de-CH,Initiative für eine Haftpflichtversicherung für Motorfahrzeuge und Fahrräder,,,fr-CH,Initiative pour une assurance responsabilité civile pour les véhicules,,,,,,,exact,1976-09-26T12:00:00,,,rejected,,,de-CH,Abgelehnt,,en-US,Rejected,,fr-CH,Rejeté,
288,1,https://swissvotes.ch/vote/262.00,1,262,1,[473],[],,"page_number_string: 
notes: 
source_full_citation: Swissvotes. (2025). Swissvotes – die Datenbank der eidgenössischen Volksabstimmungen. Abgerufen am 8.9.2025 von www.swissvotes.ch
source_comment: ",fr-CH,Arrêté fédéral sur la politique du marché de l'argent et du crédit,,,de-CH,Bundesbeschluss über die Geld- und Kreditpolitik,,,,,,,exact,1976-12-05T12:00:00,,,accepted,,,de-CH,Angenommen,,en-US,Accepted,,fr-CH,Accepté,
289,1,https://swissvotes.ch/vote/263.00,1,263,1,[474],[],,"page_number_string: 
notes: 
source_full_citation: Swissvotes. (2025). Swissvotes – die Datenbank der eidgenössischen Volksabstimmungen. Abgerufen am 8.9.2025 von www.swissvotes.ch
source_comment: ",fr-CH,Arrêté fédéral sur la surveillance des prix,,,de-CH,Bundesbeschluss über die Preisüberwachung,,,,,,,exact,1976-12-05T12:00:00,,,accepted,,,de-CH,Angenommen,,en-US,Accepted,,fr-CH,Accepté,
290,1,https://swissvotes.ch/vote/264.00,2,264,3,[475],[],,"page_number_string: 
notes: 
source_full_citation: Swissvotes. (2025). Swissvotes – die Datenbank der eidgenössischen Volksabstimmungen. Abgerufen am 8.9.2025 von www.swissvotes.ch
source_comment: ",de-CH,Initiative «für die Einführung der 40-Stunden-Woche»,,,fr-CH,Initiative pour la semaine de travail de 40 heures,,,,,,,exact,1976-12-05T12:00:00,,,rejected,,,de-CH,Abgelehnt,,en-US,Rejected,,fr-CH,Rejeté,
291,1,https://swissvotes.ch/vote/265.00,2,265,3,[476],[],,"page_number_string: 
notes: 
source_full_citation: Swissvotes. (2025). Swissvotes – die Datenbank der eidgenössischen Volksabstimmungen. Abgerufen am 8.9.2025 von www.swissvotes.ch
source_comment: ",fr-CH,4e initiative «contre l'emprise étrangère»,,,de-CH,Vierte «Überfremdungsinitiative»,,,,,,,exact,1977-03-13T12:00:00,,,rejected,,,de-CH,Abgelehnt,,en-US,Rejected,,fr-CH,Rejeté,
292,1,https://swissvotes.ch/vote/266.00,2,266,3,"[477,478]",[],,"page_number_string: 
notes: 
source_full_citation: Swissvotes. (2025). Swissvotes – die Datenbank der eidgenössischen Volksabstimmungen. Abgerufen am 8.9.2025 von www.swissvotes.ch
source_comment: ",de-CH,Initiative «für eine Beschränkung der Einbürgerungen»,,,fr-CH,Initiative pour une limitation des naturalisations,,,,,,,exact,1977-03-13T12:00:00,,,rejected,,,de-CH,Abgelehnt,,en-US,Rejected,,fr-CH,Rejeté,
293,1,https://swissvotes.ch/vote/267.10,2,267.1,3,"[479,480,481]",[],,"page_number_string: 
notes: 
source_full_citation: Swissvotes. (2025). Swissvotes – die Datenbank der eidgenössischen Volksabstimmungen. Abgerufen am 8.9.2025 von www.swissvotes.ch
source_comment: ",fr-CH,Initative pour une réforme du référendum en matière de traités internationaux,,,de-CH,Initiative zur Neuordnung des Staatsvertragsreferendums,,,,,,,exact,1977-03-13T12:00:00,,,rejected,,,de-CH,Abgelehnt,,en-US,Rejected,,fr-CH,Rejeté,
294,1,https://swissvotes.ch/vote/267.20,1,267.2,4,"[482,483]",[],,"page_number_string: 
notes: 
source_full_citation: Swissvotes. (2025). Swissvotes – die Datenbank der eidgenössischen Volksabstimmungen. Abgerufen am 8.9.2025 von www.swissvotes.ch
source_comment: ",fr-CH,Dispositions sur le référendum en matière de traités (contre-projet),,,de-CH,Neuordnung des Staatsvertragsreferendums (Gegenentwurf),,,,,,,exact,1977-03-13T12:00:00,,,accepted,,,de-CH,Angenommen,,en-US,Accepted,,fr-CH,Accepté,
295,1,https://swissvotes.ch/vote/268.00,1,268,1,[484],[],,"page_number_string: 
notes: 
source_full_citation: Swissvotes. (2025). Swissvotes – die Datenbank der eidgenössischen Volksabstimmungen. Abgerufen am 8.9.2025 von www.swissvotes.ch
source_comment: ",de-CH,Neuordnung der Umsatzsteuer und der direkten Bundessteuer,,,fr-CH,Réforme de l'impôt sur le chiffre d'affaires et de l'impôt fédéral direct,,,,,,,exact,1977-06-12T12:00:00,,,rejected,,,de-CH,Abgelehnt,,en-US,Rejected,,fr-CH,Rejeté,
296,1,https://swissvotes.ch/vote/269.00,1,269,1,[485],[],,"page_number_string: 
notes: 
source_full_citation: Swissvotes. (2025). Swissvotes – die Datenbank der eidgenössischen Volksabstimmungen. Abgerufen am 8.9.2025 von www.swissvotes.ch
source_comment: ",fr-CH,Arrêté concernant l'harmonisation fiscale,,,de-CH,Bundesbeschluss über die Steuerharmonisierung,,,,,,,exact,1977-06-12T12:00:00,,,accepted,,,de-CH,Angenommen,,en-US,Accepted,,fr-CH,Accepté,
297,1,https://swissvotes.ch/vote/270.10,2,270.1,3,[486],[],,"page_number_string: 
notes: 
source_full_citation: Swissvotes. (2025). Swissvotes – die Datenbank der eidgenössischen Volksabstimmungen. Abgerufen am 8.9.2025 von www.swissvotes.ch
source_comment: ",fr-CH,Initiative pour la protection des locataires,,,de-CH,Mieterschutzinitiative,,,,,,,exact,1977-09-25T12:00:00,,,rejected,,,de-CH,Abgelehnt,,en-US,Rejected,,fr-CH,Rejeté,
298,1,https://swissvotes.ch/vote/270.20,1,270.2,4,[487],[],,"page_number_string: 
notes: 
source_full_citation: Swissvotes. (2025). Swissvotes – die Datenbank der eidgenössischen Volksabstimmungen. Abgerufen am 8.9.2025 von www.swissvotes.ch
source_comment: ",fr-CH,Contre-projet à l'initiative pour la protection des locataires,,,de-CH,Gegenentwurf zur Mieterschutzinitiative,,,,,,,exact,1977-09-25T12:00:00,,,rejected,,,de-CH,Abgelehnt,,en-US,Rejected,,fr-CH,Rejeté,
299,1,https://swissvotes.ch/vote/271.00,2,271,3,"[488,489]",[],,"page_number_string: 
notes: 
source_full_citation: Swissvotes. (2025). Swissvotes – die Datenbank der eidgenössischen Volksabstimmungen. Abgerufen am 8.9.2025 von www.swissvotes.ch
source_comment: ",de-CH,Initiative «gegen die Luftverschmutzung durch Motorfahrzeuge»,,,fr-CH,Initiative contre la pollution par les véhicules à moteur,,,,,,,exact,1977-09-25T12:00:00,,,rejected,,,de-CH,Abgelehnt,,en-US,Rejected,,fr-CH,Rejeté,
300,1,https://swissvotes.ch/vote/272.00,1,272,1,[490],[],,"page_number_string: 
notes: 
source_full_citation: Swissvotes. (2025). Swissvotes – die Datenbank der eidgenössischen Volksabstimmungen. Abgerufen am 8.9.2025 von www.swissvotes.ch
source_comment: ",de-CH,Erhöhung der Unterschriftenzahl für das Referendum,,,fr-CH,Relèvement du nombre de signatures requis pour le référendum,,,,,,,exact,1977-09-25T12:00:00,,,accepted,,,de-CH,Angenommen,,en-US,Accepted,,fr-CH,Accepté,
301,1,https://swissvotes.ch/vote/273.00,1,273,1,[491],[],,"page_number_string: 
notes: 
source_full_citation: Swissvotes. (2025). Swissvotes – die Datenbank der eidgenössischen Volksabstimmungen. Abgerufen am 8.9.2025 von www.swissvotes.ch
source_comment: ",de-CH,Erhöhung der Unterschriftenzahl für die Verfassungsinitiative,,,fr-CH,Relèvement du nombre de signatures requis pour l'initiative constitutionnelle,,,,,,,exact,1977-09-25T12:00:00,,,accepted,,,de-CH,Angenommen,,en-US,Accepted,,fr-CH,Accepté,
302,1,https://swissvotes.ch/vote/274.00,3,274,3,"[492,493]",[],,"page_number_string: 
notes: 
source_full_citation: Swissvotes. (2025). Swissvotes – die Datenbank der eidgenössischen Volksabstimmungen. Abgerufen am 8.9.2025 von www.swissvotes.ch
source_comment: ",de-CH,Initiative «für die Fristenlösung»,,,fr-CH,Initiative «pour la solution du délai»,,,,,,,exact,1977-09-25T12:00:00,,,rejected,,,de-CH,Abgelehnt,,en-US,Rejected,,fr-CH,Rejeté,
303,1,https://swissvotes.ch/vote/275.00,2,275,3,[494],[],,"page_number_string: 
notes: 
source_full_citation: Swissvotes. (2025). Swissvotes – die Datenbank der eidgenössischen Volksabstimmungen. Abgerufen am 8.9.2025 von www.swissvotes.ch
source_comment: ",de-CH,«Reichtumssteuer-Initiative»,,,fr-CH,Initiative «pour l'impôt sur la richesse»,,,,,,,exact,1977-12-04T12:00:00,,,rejected,,,de-CH,Abgelehnt,,en-US,Rejected,,fr-CH,Rejeté,
304,1,https://swissvotes.ch/vote/276.00,1,276,2,[495],[],,"page_number_string: 
notes: 
source_full_citation: Swissvotes. (2025). Swissvotes – die Datenbank der eidgenössischen Volksabstimmungen. Abgerufen am 8.9.2025 von www.swissvotes.ch
source_comment: ",de-CH,Bundesgesetz über die politischen Rechte,,,fr-CH,Loi fédérale sur les droits politiques,,,,,,,exact,1977-12-04T12:00:00,,,accepted,,,de-CH,Angenommen,,en-US,Accepted,,fr-CH,Accepté,
305,1,https://swissvotes.ch/vote/277.00,1,277,1,[496],[],,"page_number_string: 
notes: 
source_full_citation: Swissvotes. (2025). Swissvotes – die Datenbank der eidgenössischen Volksabstimmungen. Abgerufen am 8.9.2025 von www.swissvotes.ch
source_comment: ",de-CH,Einführung eines zivilen Ersatzdienstes,,,fr-CH,Introduction d'un service civil de remplacement,,,,,,,exact,1977-12-04T12:00:00,,,rejected,,,de-CH,Abgelehnt,,en-US,Rejected,,fr-CH,Rejeté,
306,1,https://swissvotes.ch/vote/278.00,1,278,2,[497],[],,"page_number_string: 
notes: 
source_full_citation: Swissvotes. (2025). Swissvotes – die Datenbank der eidgenössischen Volksabstimmungen. Abgerufen am 8.9.2025 von www.swissvotes.ch
source_comment: ",de-CH,Massnahmen zum Ausgleich des Bundeshaushaltes,,,fr-CH,Mesures à équilibrer les finances fédérales,,,,,,,exact,1977-12-04T12:00:00,,,accepted,,,de-CH,Angenommen,,en-US,Accepted,,fr-CH,Accepté,
307,1,https://swissvotes.ch/vote/279.00,2,279,3,"[498,499,500]",[],,"page_number_string: 
notes: 
source_full_citation: Swissvotes. (2025). Swissvotes – die Datenbank der eidgenössischen Volksabstimmungen. Abgerufen am 8.9.2025 von www.swissvotes.ch
source_comment: ",fr-CH,Initiative «Démocratie dans la construction des routes nationales»,,,de-CH,Initiative für mehr Mitbestimmung im Nationalstrassenbau,,,,,,,exact,1978-02-26T12:00:00,,,rejected,,,de-CH,Abgelehnt,,en-US,Rejected,,fr-CH,Rejeté,
308,1,https://swissvotes.ch/vote/280.00,1,280,2,[501],[],,"page_number_string: 
notes: 
source_full_citation: Swissvotes. (2025). Swissvotes – die Datenbank der eidgenössischen Volksabstimmungen. Abgerufen am 8.9.2025 von www.swissvotes.ch
source_comment: ",de-CH,9. AHV-Revision,,,fr-CH,9e révision de l'AVS,,,,,,,exact,1978-02-26T12:00:00,,,accepted,,,de-CH,Angenommen,,en-US,Accepted,,fr-CH,Accepté,
309,1,https://swissvotes.ch/vote/281.00,2,281,3,[502],[],,"page_number_string: 
notes: 
source_full_citation: Swissvotes. (2025). Swissvotes – die Datenbank der eidgenössischen Volksabstimmungen. Abgerufen am 8.9.2025 von www.swissvotes.ch
source_comment: ",fr-CH,Initiative pour l'abaissage de l'âge de la retraite,,,de-CH,Initiative zur Herabsetzung des AHV-Alters,,,,,,,exact,1978-02-26T12:00:00,,,rejected,,,de-CH,Abgelehnt,,en-US,Rejected,,fr-CH,Rejeté,
310,1,https://swissvotes.ch/vote/282.00,1,282,1,[503],[],,"page_number_string: 
notes: 
source_full_citation: Swissvotes. (2025). Swissvotes – die Datenbank der eidgenössischen Volksabstimmungen. Abgerufen am 8.9.2025 von www.swissvotes.ch
source_comment: ",fr-CH,Article conjoncturel,,,de-CH,Konjunkturartikel,,,,,,,exact,1978-02-26T12:00:00,,,accepted,,,de-CH,Angenommen,,en-US,Accepted,,fr-CH,Accepté,
311,1,https://swissvotes.ch/vote/283.00,1,283,2,[504],[],,"page_number_string: 
notes: 
source_full_citation: Swissvotes. (2025). Swissvotes – die Datenbank der eidgenössischen Volksabstimmungen. Abgerufen am 8.9.2025 von www.swissvotes.ch
source_comment: ",fr-CH,Loi réglementant l'heure (heure d'été),,,de-CH,Zeitgesetz (Sommerzeit),,,,,,,exact,1978-05-28T12:00:00,,,rejected,,,de-CH,Abgelehnt,,en-US,Rejected,,fr-CH,Rejeté,
312,1,https://swissvotes.ch/vote/284.00,1,284,2,"[505,506,507]",[],,"page_number_string: 
notes: 
source_full_citation: Swissvotes. (2025). Swissvotes – die Datenbank der eidgenössischen Volksabstimmungen. Abgerufen am 8.9.2025 von www.swissvotes.ch
source_comment: ",fr-CH,Loi sur les tarifs douaniers (prix du pain),,,de-CH,Zolltarifgesetz (Brotpreis),,,,,,,exact,1978-05-28T12:00:00,,,accepted,,,de-CH,Angenommen,,en-US,Accepted,,fr-CH,Accepté,
313,1,https://swissvotes.ch/vote/285.00,1,285,2,"[508,509]",[],,"page_number_string: 
notes: 
source_full_citation: Swissvotes. (2025). Swissvotes – die Datenbank der eidgenössischen Volksabstimmungen. Abgerufen am 8.9.2025 von www.swissvotes.ch
source_comment: ",de-CH,Gesetz über den Schwangerschaftsabbruch,,,fr-CH,Loi concernant l'interruption de la grossesse,,,,,,,exact,1978-05-28T12:00:00,,,rejected,,,de-CH,Abgelehnt,,en-US,Rejected,,fr-CH,Rejeté,
314,1,https://swissvotes.ch/vote/286.00,1,286,2,[510],[],,"page_number_string: 
notes: 
source_full_citation: Swissvotes. (2025). Swissvotes – die Datenbank der eidgenössischen Volksabstimmungen. Abgerufen am 8.9.2025 von www.swissvotes.ch
source_comment: ",de-CH,Gesetz über die Hochschulförderung,,,fr-CH,Loi sur l'aide aux hautes écoles,,,,,,,exact,1978-05-28T12:00:00,,,rejected,,,de-CH,Abgelehnt,,en-US,Rejected,,fr-CH,Rejeté,
315,1,https://swissvotes.ch/vote/287.00,2,287,3,"[511,512]",[],,"page_number_string: 
notes: 
source_full_citation: Swissvotes. (2025). Swissvotes – die Datenbank der eidgenössischen Volksabstimmungen. Abgerufen am 8.9.2025 von www.swissvotes.ch
source_comment: ",de-CH,Initiative für 12 autofreie Sonntage pro Jahr,,,fr-CH,Initiative pour douze dimanches sans véhicules à moteur,,,,,,,exact,1978-05-28T12:00:00,,,rejected,,,de-CH,Abgelehnt,,en-US,Rejected,,fr-CH,Rejeté,
316,1,https://swissvotes.ch/vote/288.00,1,288,1,[513],[],,"page_number_string: 
notes: 
source_full_citation: Swissvotes. (2025). Swissvotes – die Datenbank der eidgenössischen Volksabstimmungen. Abgerufen am 8.9.2025 von www.swissvotes.ch
source_comment: ",fr-CH,Arrêté fédéral sur la création du canton du Jura,,,de-CH,Bundesbeschluss über die Gründung des Kantons Jura,,,,,,,exact,1978-09-24T12:00:00,,,accepted,,,de-CH,Angenommen,,en-US,Accepted,,fr-CH,Accepté,
317,1,https://swissvotes.ch/vote/289.00,1,289,2,[514],[],,"page_number_string: 
notes: 
source_full_citation: Swissvotes. (2025). Swissvotes – die Datenbank der eidgenössischen Volksabstimmungen. Abgerufen am 8.9.2025 von www.swissvotes.ch
source_comment: ",fr-CH,Arrêté sur l'économie laitière,,,de-CH,Milchwirtschaftsbeschluss,,,,,,,exact,1978-12-03T12:00:00,,,accepted,,,de-CH,Angenommen,,en-US,Accepted,,fr-CH,Accepté,
318,1,https://swissvotes.ch/vote/290.00,1,290,2,"[515,516]",[],,"page_number_string: 
notes: 
source_full_citation: Swissvotes. (2025). Swissvotes – die Datenbank der eidgenössischen Volksabstimmungen. Abgerufen am 8.9.2025 von www.swissvotes.ch
source_comment: ",fr-CH,Loi sur la protection des animaux,,,de-CH,Tierschutzgesetz ,,,,,,,exact,1978-12-03T12:00:00,,,accepted,,,de-CH,Angenommen,,en-US,Accepted,,fr-CH,Accepté,
319,1,https://swissvotes.ch/vote/291.00,1,291,2,[517],[],,"page_number_string: 
notes: 
source_full_citation: Swissvotes. (2025). Swissvotes – die Datenbank der eidgenössischen Volksabstimmungen. Abgerufen am 8.9.2025 von www.swissvotes.ch
source_comment: ",fr-CH,Loi sur la police de sécurité ,,,de-CH,Sicherheitspolizeigesetz,,,,,,,exact,1978-12-03T12:00:00,,,rejected,,,de-CH,Abgelehnt,,en-US,Rejected,,fr-CH,Rejeté,
320,1,https://swissvotes.ch/vote/292.00,1,292,2,[518],[],,"page_number_string: 
notes: 
source_full_citation: Swissvotes. (2025). Swissvotes – die Datenbank der eidgenössischen Volksabstimmungen. Abgerufen am 8.9.2025 von www.swissvotes.ch
source_comment: ",de-CH,Berufsbildungsgesetz,,,fr-CH,Loi sur la formation professionnelle,,,,,,,exact,1978-12-03T12:00:00,,,accepted,,,de-CH,Angenommen,,en-US,Accepted,,fr-CH,Accepté,
321,1,https://swissvotes.ch/vote/293.00,1,293,1,"[519,520]",[],,"page_number_string: 
notes: 
source_full_citation: Swissvotes. (2025). Swissvotes – die Datenbank der eidgenössischen Volksabstimmungen. Abgerufen am 8.9.2025 von www.swissvotes.ch
source_comment: ",fr-CH,Droit de vote à 18 ans,,,de-CH,Stimm- und Wahlrecht für 18-Jährige,,,,,,,exact,1979-02-18T12:00:00,,,rejected,,,de-CH,Abgelehnt,,en-US,Rejected,,fr-CH,Rejeté,
322,1,https://swissvotes.ch/vote/294.00,1,294,4,"[521,522,523]",[],,"page_number_string: 
notes: 
source_full_citation: Swissvotes. (2025). Swissvotes – die Datenbank der eidgenössischen Volksabstimmungen. Abgerufen am 8.9.2025 von www.swissvotes.ch
source_comment: ",fr-CH,Arrêté fédéral sur les chemins et sentiers,,,de-CH,Bundesbeschluss über die Fuss- und Wanderwege,,,,,,,exact,1979-02-18T12:00:00,,,accepted,,,de-CH,Angenommen,,en-US,Accepted,,fr-CH,Accepté,
323,1,https://swissvotes.ch/vote/295.00,2,295,3,[524],[],,"page_number_string: 
notes: 
source_full_citation: Swissvotes. (2025). Swissvotes – die Datenbank der eidgenössischen Volksabstimmungen. Abgerufen am 8.9.2025 von www.swissvotes.ch
source_comment: ",fr-CH,Initiative «contre la publicité pour des produits qui engendrent la dépendance»,,,de-CH,Initiative «gegen Suchtmittelreklame»,,,,,,,exact,1979-02-18T12:00:00,,,rejected,,,de-CH,Abgelehnt,,en-US,Rejected,,fr-CH,Rejeté,
324,1,https://swissvotes.ch/vote/296.00,2,296,3,"[525,526,527]",[],,"page_number_string: 
notes: 
source_full_citation: Swissvotes. (2025). Swissvotes – die Datenbank der eidgenössischen Volksabstimmungen. Abgerufen am 8.9.2025 von www.swissvotes.ch
source_comment: ",de-CH,Atominitiative,,,fr-CH,Initiative concernant les installations atomiques (droits populaires),,,,,,,exact,1979-02-18T12:00:00,,,rejected,,,de-CH,Abgelehnt,,en-US,Rejected,,fr-CH,Rejeté,
325,1,https://swissvotes.ch/vote/297.00,1,297,1,[528],[],,"page_number_string: 
notes: 
source_full_citation: Swissvotes. (2025). Swissvotes – die Datenbank der eidgenössischen Volksabstimmungen. Abgerufen am 8.9.2025 von www.swissvotes.ch
source_comment: ",de-CH,Neuordnung der Umsatzsteuer und der direkten Bundessteuer,,,fr-CH,Réforme des impôts directs et sur le chiffre d'affaires,,,,,,,exact,1979-05-20T12:00:00,,,rejected,,,de-CH,Abgelehnt,,en-US,Rejected,,fr-CH,Rejeté,
326,1,https://swissvotes.ch/vote/298.00,1,298,2,"[529,530]",[],,"page_number_string: 
notes: 
source_full_citation: Swissvotes. (2025). Swissvotes – die Datenbank der eidgenössischen Volksabstimmungen. Abgerufen am 8.9.2025 von www.swissvotes.ch
source_comment: ",de-CH,Atomgesetz,,,fr-CH,Loi sur l'énergie atomique,,,,,,,exact,1979-05-20T12:00:00,,,accepted,,,de-CH,Angenommen,,en-US,Accepted,,fr-CH,Accepté,
327,1,https://swissvotes.ch/vote/299.00,2,299,3,"[531,532,533]",[],,"page_number_string: 
notes: 
source_full_citation: Swissvotes. (2025). Swissvotes – die Datenbank der eidgenössischen Volksabstimmungen. Abgerufen am 8.9.2025 von www.swissvotes.ch
source_comment: ",fr-CH,Initiative sur la «séparation complète de l'Etat et de l'Eglise»,,,de-CH,Initiative zur «vollständigen Trennung von Kirche und Staat»,,,,,,,exact,1980-03-02T12:00:00,,,rejected,,,de-CH,Abgelehnt,,en-US,Rejected,,fr-CH,Rejeté,
328,1,https://swissvotes.ch/vote/300.00,1,300,1,[534],[],,"page_number_string: 
notes: 
source_full_citation: Swissvotes. (2025). Swissvotes – die Datenbank der eidgenössischen Volksabstimmungen. Abgerufen am 8.9.2025 von www.swissvotes.ch
source_comment: ",de-CH,Neuordnung der Landesversorgung,,,fr-CH,Nouvelle réglementation de l'approvisionnement du pays,,,,,,,exact,1980-03-02T12:00:00,,,accepted,,,de-CH,Angenommen,,en-US,Accepted,,fr-CH,Accepté,
329,1,https://swissvotes.ch/vote/301.00,1,301,2,[535],[],,"page_number_string: 
notes: 
source_full_citation: Swissvotes. (2025). Swissvotes – die Datenbank der eidgenössischen Volksabstimmungen. Abgerufen am 8.9.2025 von www.swissvotes.ch
source_comment: ",de-CH,Gurten- und Schutzhelmobligatorium,,,fr-CH,Port obligatoire des ceintures de sécurité et des casques protecteurs,,,,,,,exact,1980-11-30T12:00:00,,,accepted,,,de-CH,Angenommen,,en-US,Accepted,,fr-CH,Accepté,
330,1,https://swissvotes.ch/vote/302.00,1,302,1,"[536,537]",[],,"page_number_string: 
notes: 
source_full_citation: Swissvotes. (2025). Swissvotes – die Datenbank der eidgenössischen Volksabstimmungen. Abgerufen am 8.9.2025 von www.swissvotes.ch
source_comment: ",de-CH,Aufhebung des Kantonsanteils an den Stempelabgaben,,,fr-CH,Suppression de la quote-part des cantons aux droits de timbre,,,,,,,exact,1980-11-30T12:00:00,,,accepted,,,de-CH,Angenommen,,en-US,Accepted,,fr-CH,Accepté,
331,1,https://swissvotes.ch/vote/303.00,1,303,1,"[538,539]",[],,"page_number_string: 
notes: 
source_full_citation: Swissvotes. (2025). Swissvotes – die Datenbank der eidgenössischen Volksabstimmungen. Abgerufen am 8.9.2025 von www.swissvotes.ch
source_comment: ",de-CH,Abbau des Kantonsanteils an den Alkoholeinnahmen ,,,fr-CH,Réduction de la quote-part des cantons aux recettes sur l'alcool,,,,,,,exact,1980-11-30T12:00:00,,,accepted,,,de-CH,Angenommen,,en-US,Accepted,,fr-CH,Accepté,
332,1,https://swissvotes.ch/vote/304.00,1,304,1,"[540,541,542]",[],,"page_number_string: 
notes: 
source_full_citation: Swissvotes. (2025). Swissvotes – die Datenbank der eidgenössischen Volksabstimmungen. Abgerufen am 8.9.2025 von www.swissvotes.ch
source_comment: ",de-CH,Revision der Brotgetreideordnung,,,fr-CH,Révision du régime du blé,,,,,,,exact,1980-11-30T12:00:00,,,accepted,,,de-CH,Angenommen,,en-US,Accepted,,fr-CH,Accepté,
333,1,https://swissvotes.ch/vote/305.00,2,305,3,"[543,544]",[],,"page_number_string: 
notes: 
source_full_citation: Swissvotes. (2025). Swissvotes – die Datenbank der eidgenössischen Volksabstimmungen. Abgerufen am 8.9.2025 von www.swissvotes.ch
source_comment: ",de-CH,Initiative «für eine neue Ausländerpolitik»,,,fr-CH,Initiative «pour une nouvelle politique à l'égard des étrangers»,,,,,,,exact,1981-04-05T12:00:00,,,rejected,,,de-CH,Abgelehnt,,en-US,Rejected,,fr-CH,Rejeté,
334,1,https://swissvotes.ch/vote/306.00,1,306,4,"[545,546]",[],,"page_number_string: 
notes: 
source_full_citation: Swissvotes. (2025). Swissvotes – die Datenbank der eidgenössischen Volksabstimmungen. Abgerufen am 8.9.2025 von www.swissvotes.ch
source_comment: ",de-CH,Artikel zur Gleichstellung von Mann und Frau,,,fr-CH,Egalité des droits entre hommes et femmes,,,,,,,exact,1981-06-14T12:00:00,,,accepted,,,de-CH,Angenommen,,en-US,Accepted,,fr-CH,Accepté,
335,1,https://swissvotes.ch/vote/307.00,1,307,4,[547],[],,"page_number_string: 
notes: 
source_full_citation: Swissvotes. (2025). Swissvotes – die Datenbank der eidgenössischen Volksabstimmungen. Abgerufen am 8.9.2025 von www.swissvotes.ch
source_comment: ",fr-CH,Article constitutionnel sur la protection des consommateurs,,,de-CH,Konsumentenschutz-Artikel,,,,,,,exact,1981-06-14T12:00:00,,,accepted,,,de-CH,Angenommen,,en-US,Accepted,,fr-CH,Accepté,
336,1,https://swissvotes.ch/vote/308.00,1,308,1,[548],[],,"page_number_string: 
notes: 
source_full_citation: Swissvotes. (2025). Swissvotes – die Datenbank der eidgenössischen Volksabstimmungen. Abgerufen am 8.9.2025 von www.swissvotes.ch
source_comment: ",fr-CH,Prorogation du régime financier,,,de-CH,Weiterführung der Finanzordnung,,,,,,,exact,1981-11-29T12:00:00,,,accepted,,,de-CH,Angenommen,,en-US,Accepted,,fr-CH,Accepté,
337,1,https://swissvotes.ch/vote/309.00,1,309,2,"[549,550]",[],,"page_number_string: 
notes: 
source_full_citation: Swissvotes. (2025). Swissvotes – die Datenbank der eidgenössischen Volksabstimmungen. Abgerufen am 8.9.2025 von www.swissvotes.ch
source_comment: ",de-CH,Revision des Strafgesetzes (Gewaltverbrechen),,,fr-CH,Révision du code pénal (actes de violence criminels),,,,,,,exact,1982-06-06T12:00:00,,,accepted,,,de-CH,Angenommen,,en-US,Accepted,,fr-CH,Accepté,
338,1,https://swissvotes.ch/vote/310.00,1,310,2,"[551,552]",[],,"page_number_string: 
notes: 
source_full_citation: Swissvotes. (2025). Swissvotes – die Datenbank der eidgenössischen Volksabstimmungen. Abgerufen am 8.9.2025 von www.swissvotes.ch
source_comment: ",de-CH,Ausländergesetz,,,fr-CH,Loi sur les étrangers,,,,,,,exact,1982-06-06T12:00:00,,,rejected,,,de-CH,Abgelehnt,,en-US,Rejected,,fr-CH,Rejeté,
339,1,https://swissvotes.ch/vote/311.10,2,311.1,3,[553],[],,"page_number_string: 
notes: 
source_full_citation: Swissvotes. (2025). Swissvotes – die Datenbank der eidgenössischen Volksabstimmungen. Abgerufen am 8.9.2025 von www.swissvotes.ch
source_comment: ",fr-CH,Initiative sur la surveillance des prix,,,de-CH,Preisüberwachungs-Initiative,,,,,,,exact,1982-11-28T12:00:00,,,accepted,,,de-CH,Angenommen,,en-US,Accepted,,fr-CH,Accepté,
340,1,https://swissvotes.ch/vote/311.20,1,311.2,4,[554],[],,"page_number_string: 
notes: 
source_full_citation: Swissvotes. (2025). Swissvotes – die Datenbank der eidgenössischen Volksabstimmungen. Abgerufen am 8.9.2025 von www.swissvotes.ch
source_comment: ",fr-CH,Contre-projet à l'initiative sur la surveillance des prix,,,de-CH,Gegenentwurf zur Preisüberwachungs-Initiative,,,,,,,exact,1982-11-28T12:00:00,,,rejected,,,de-CH,Abgelehnt,,en-US,Rejected,,fr-CH,Rejeté,
341,1,https://swissvotes.ch/vote/312.00,1,312,1,"[555,556]",[],,"page_number_string: 
notes: 
source_full_citation: Swissvotes. (2025). Swissvotes – die Datenbank der eidgenössischen Volksabstimmungen. Abgerufen am 8.9.2025 von www.swissvotes.ch
source_comment: ",de-CH,Neuregelung der Treibstoffzölle,,,fr-CH,Nouvelle réglementation des droits de douane sur les carburants,,,,,,,exact,1983-02-27T12:00:00,,,accepted,,,de-CH,Angenommen,,en-US,Accepted,,fr-CH,Accepté,
342,1,https://swissvotes.ch/vote/313.00,1,313,1,"[557,558]",[],,"page_number_string: 
notes: 
source_full_citation: Swissvotes. (2025). Swissvotes – die Datenbank der eidgenössischen Volksabstimmungen. Abgerufen am 8.9.2025 von www.swissvotes.ch
source_comment: ",fr-CH,Article sur l'énergie,,,de-CH,Energieartikel,,,,,,,exact,1983-02-27T12:00:00,,,rejected,,,de-CH,Abgelehnt,,en-US,Rejected,,fr-CH,Rejeté,
343,1,https://swissvotes.ch/vote/314.00,1,314,1,"[559,560]",[],,"page_number_string: 
notes: 
source_full_citation: Swissvotes. (2025). Swissvotes – die Datenbank der eidgenössischen Volksabstimmungen. Abgerufen am 8.9.2025 von www.swissvotes.ch
source_comment: ",de-CH,Reform der Bürgerrechtsregelung in der Bundesverfassung,,,fr-CH,Révision du droit de la nationalité dans la constitution,,,,,,,exact,1983-12-04T12:00:00,,,accepted,,,de-CH,Angenommen,,en-US,Accepted,,fr-CH,Accepté,
344,1,https://swissvotes.ch/vote/315.00,1,315,1,"[561,562]",[],,"page_number_string: 
notes: 
source_full_citation: Swissvotes. (2025). Swissvotes – die Datenbank der eidgenössischen Volksabstimmungen. Abgerufen am 8.9.2025 von www.swissvotes.ch
source_comment: ",fr-CH,Arrêté tendant à faciliter certaines naturalisations,,,de-CH,Bundesbeschluss über die Erleichterung gewisser Einbürgerungen,,,,,,,exact,1983-12-04T12:00:00,,,rejected,,,de-CH,Abgelehnt,,en-US,Rejected,,fr-CH,Rejeté,
345,1,https://swissvotes.ch/vote/316.00,1,316,1,"[563,564,565]",[],,"page_number_string: 
notes: 
source_full_citation: Swissvotes. (2025). Swissvotes – die Datenbank der eidgenössischen Volksabstimmungen. Abgerufen am 8.9.2025 von www.swissvotes.ch
source_comment: ",de-CH,Einführung einer Schwerverkehrsabgabe,,,fr-CH,Introduction d'une redevance sur le trafic des poids lourds,,,,,,,exact,1984-02-26T12:00:00,,,accepted,,,de-CH,Angenommen,,en-US,Accepted,,fr-CH,Accepté,
346,1,https://swissvotes.ch/vote/317.00,1,317,1,"[566,567]",[],,"page_number_string: 
notes: 
source_full_citation: Swissvotes. (2025). Swissvotes – die Datenbank der eidgenössischen Volksabstimmungen. Abgerufen am 8.9.2025 von www.swissvotes.ch
source_comment: ",de-CH,Einführung der Autobahnvignette,,,fr-CH,Introduction de la vignette autoroutière,,,,,,,exact,1984-02-26T12:00:00,,,accepted,,,de-CH,Angenommen,,en-US,Accepted,,fr-CH,Accepté,
347,1,https://swissvotes.ch/vote/318.00,2,318,3,[568],[],,"page_number_string: 
notes: 
source_full_citation: Swissvotes. (2025). Swissvotes – die Datenbank der eidgenössischen Volksabstimmungen. Abgerufen am 8.9.2025 von www.swissvotes.ch
source_comment: ",fr-CH,Initiative pour le service civil,,,de-CH,Zivildienst-Initiative,,,,,,,exact,1984-02-26T12:00:00,,,rejected,,,de-CH,Abgelehnt,,en-US,Rejected,,fr-CH,Rejeté,
348,1,https://swissvotes.ch/vote/319.00,2,319,3,"[569,570]",[1],,"page_number_string: 
notes: 
source_full_citation: Swissvotes. (2025). Swissvotes – die Datenbank der eidgenössischen Volksabstimmungen. Abgerufen am 8.9.2025 von www.swissvotes.ch
source_comment: ",fr-CH,Initiative «contre l'abus du secret bancaire et de la puissance des banques»,,,de-CH,Initiative «gegen den Missbrauch des Bankgeheimnisses und der Bankenmacht»,,,,,,,exact,1984-05-20T12:00:00,,,rejected,,,de-CH,Abgelehnt,,en-US,Rejected,,fr-CH,Rejeté,
349,1,https://swissvotes.ch/vote/320.00,2,320,3,"[571,572]",[],,"page_number_string: 
notes: 
source_full_citation: Swissvotes. (2025). Swissvotes – die Datenbank der eidgenössischen Volksabstimmungen. Abgerufen am 8.9.2025 von www.swissvotes.ch
source_comment: ",fr-CH,Initiative «Contre le bradage du sol national»,,,de-CH,Initiative «Gegen den Ausverkauf der Heimat»,,,,,,,exact,1984-05-20T12:00:00,,,rejected,,,de-CH,Abgelehnt,,en-US,Rejected,,fr-CH,Rejeté,
350,1,https://swissvotes.ch/vote/321.00,2,321,3,"[573,574]",[],,"page_number_string: 
notes: 
source_full_citation: Swissvotes. (2025). Swissvotes – die Datenbank der eidgenössischen Volksabstimmungen. Abgerufen am 8.9.2025 von www.swissvotes.ch
source_comment: ",de-CH,Initiative «für eine Zukunft ohne weitere Atomkraftwerke»,,,fr-CH,Initiative «pour un avenir sans nouvelles centrales atomiques»,,,,,,,exact,1984-09-23T12:00:00,,,rejected,,,de-CH,Abgelehnt,,en-US,Rejected,,fr-CH,Rejeté,
351,1,https://swissvotes.ch/vote/322.00,2,322,3,"[575,576]",[],,"page_number_string: 
notes: 
source_full_citation: Swissvotes. (2025). Swissvotes – die Datenbank der eidgenössischen Volksabstimmungen. Abgerufen am 8.9.2025 von www.swissvotes.ch
source_comment: ",de-CH,Initiative «für eine umweltgerechte Energieversorgung»,,,fr-CH,Initiative «pour un approvisionnement en énergie respecteux de l'environnement»,,,,,,,exact,1984-09-23T12:00:00,,,rejected,,,de-CH,Abgelehnt,,en-US,Rejected,,fr-CH,Rejeté,
352,1,https://swissvotes.ch/vote/323.00,2,323,3,[577],[],,"page_number_string: 
notes: 
source_full_citation: Swissvotes. (2025). Swissvotes – die Datenbank der eidgenössischen Volksabstimmungen. Abgerufen am 8.9.2025 von www.swissvotes.ch
source_comment: ",de-CH,Initiative «für einen wirksamen Schutz der Mutterschaft»,,,fr-CH,Initiative «pour une protection efficace de la maternité»,,,,,,,exact,1984-12-02T12:00:00,,,rejected,,,de-CH,Abgelehnt,,en-US,Rejected,,fr-CH,Rejeté,
353,1,https://swissvotes.ch/vote/324.00,1,324,1,[578],[],,"page_number_string: 
notes: 
source_full_citation: Swissvotes. (2025). Swissvotes – die Datenbank der eidgenössischen Volksabstimmungen. Abgerufen am 8.9.2025 von www.swissvotes.ch
source_comment: ",fr-CH,Article sur la radio et télévision,,,de-CH,Radio- und Fernsehartikel,,,,,,,exact,1984-12-02T12:00:00,,,accepted,,,de-CH,Angenommen,,en-US,Accepted,,fr-CH,Accepté,
354,1,https://swissvotes.ch/vote/325.00,1,325,4,[579],[],,"page_number_string: 
notes: 
source_full_citation: Swissvotes. (2025). Swissvotes – die Datenbank der eidgenössischen Volksabstimmungen. Abgerufen am 8.9.2025 von www.swissvotes.ch
source_comment: ",fr-CH,Arrêté sur l'indemnisation des victimes d'actes de violence criminels,,,de-CH,Bundesbeschluss über die Entschädigung der Opfer von Gewaltverbrechen,,,,,,,exact,1984-12-02T12:00:00,,,accepted,,,de-CH,Angenommen,,en-US,Accepted,,fr-CH,Accepté,
355,1,https://swissvotes.ch/vote/326.00,1,326,1,"[580,581,582]",[],,"page_number_string: 
notes: 
source_full_citation: Swissvotes. (2025). Swissvotes – die Datenbank der eidgenössischen Volksabstimmungen. Abgerufen am 8.9.2025 von www.swissvotes.ch
source_comment: ",de-CH,Aufhebung der Bundesbeiträge für den Primarschulunterricht,,,fr-CH,Suppression des subventions de la Confédération pour l'instruction primaire,,,,,,,exact,1985-03-10T12:00:00,,,accepted,,,de-CH,Angenommen,,en-US,Accepted,,fr-CH,Accepté,
356,1,https://swissvotes.ch/vote/327.00,1,327,1,"[583,584,585]",[],,"page_number_string: 
notes: 
source_full_citation: Swissvotes. (2025). Swissvotes – die Datenbank der eidgenössischen Volksabstimmungen. Abgerufen am 8.9.2025 von www.swissvotes.ch
source_comment: ",de-CH,Aufhebung der Beitragspflicht des Bundes im Gesundheitswesen,,,fr-CH,Suppression de l'obligation de la Confédération d'allouer des subventions dans le domaine de la santé publique,,,,,,,exact,1985-03-10T12:00:00,,,accepted,,,de-CH,Angenommen,,en-US,Accepted,,fr-CH,Accepté,
357,1,https://swissvotes.ch/vote/328.00,1,328,1,"[586,587,588]",[],,"page_number_string: 
notes: 
source_full_citation: Swissvotes. (2025). Swissvotes – die Datenbank der eidgenössischen Volksabstimmungen. Abgerufen am 8.9.2025 von www.swissvotes.ch
source_comment: ",fr-CH,Arrêté sur les subsides de formation,,,de-CH,Bundesbeschluss über die Ausbildungsbeiträge,,,,,,,exact,1985-03-10T12:00:00,,,rejected,,,de-CH,Abgelehnt,,en-US,Rejected,,fr-CH,Rejeté,
358,1,https://swissvotes.ch/vote/329.00,2,329,3,[589],[],,"page_number_string: 
notes: 
source_full_citation: Swissvotes. (2025). Swissvotes – die Datenbank der eidgenössischen Volksabstimmungen. Abgerufen am 8.9.2025 von www.swissvotes.ch
source_comment: ",de-CH,Ferien-Initiative,,,fr-CH,Initiative sur les vacances,,,,,,,exact,1985-03-10T12:00:00,,,rejected,,,de-CH,Abgelehnt,,en-US,Rejected,,fr-CH,Rejeté,
359,1,https://swissvotes.ch/vote/330.00,2,330,3,"[590,591]",[],,"page_number_string: 
notes: 
source_full_citation: Swissvotes. (2025). Swissvotes – die Datenbank der eidgenössischen Volksabstimmungen. Abgerufen am 8.9.2025 von www.swissvotes.ch
source_comment: ",fr-CH,Initiative «Pour le droit à la vie»,,,de-CH,Initiative «Recht auf Leben»,,,,,,,exact,1985-06-09T12:00:00,,,rejected,,,de-CH,Abgelehnt,,en-US,Rejected,,fr-CH,Rejeté,
360,1,https://swissvotes.ch/vote/331.00,1,331,1,"[592,593]",[],,"page_number_string: 
notes: 
source_full_citation: Swissvotes. (2025). Swissvotes – die Datenbank der eidgenössischen Volksabstimmungen. Abgerufen am 8.9.2025 von www.swissvotes.ch
source_comment: ",de-CH,Aufhebung des Kantonsanteils an den Stempelabgaben,,,fr-CH,Suppression de la part des cantons aux droits de timbre,,,,,,,exact,1985-06-09T12:00:00,,,accepted,,,de-CH,Angenommen,,en-US,Accepted,,fr-CH,Accepté,
361,1,https://swissvotes.ch/vote/332.00,1,332,1,"[594,595]",[],,"page_number_string: 
notes: 
source_full_citation: Swissvotes. (2025). Swissvotes – die Datenbank der eidgenössischen Volksabstimmungen. Abgerufen am 8.9.2025 von www.swissvotes.ch
source_comment: ",de-CH,Neuverteilung der Erträge aus der Alkoholabgabe,,,fr-CH,Nouvelle répartition des recettes de l'imposition des boissons distillées,,,,,,,exact,1985-06-09T12:00:00,,,accepted,,,de-CH,Angenommen,,en-US,Accepted,,fr-CH,Accepté,
362,1,https://swissvotes.ch/vote/333.00,1,333,1,"[596,597,598]",[],,"page_number_string: 
notes: 
source_full_citation: Swissvotes. (2025). Swissvotes – die Datenbank der eidgenössischen Volksabstimmungen. Abgerufen am 8.9.2025 von www.swissvotes.ch
source_comment: ",de-CH,Aufhebung der Unterstützung für die Selbstversorgung mit Brotgetreide,,,fr-CH,Suppression de l'aide aux producteurs cultivant le blé,,,,,,,exact,1985-06-09T12:00:00,,,accepted,,,de-CH,Angenommen,,en-US,Accepted,,fr-CH,Accepté,
363,1,https://swissvotes.ch/vote/334.00,1,334,4,"[599,600]",[],,"page_number_string: 
notes: 
source_full_citation: Swissvotes. (2025). Swissvotes – die Datenbank der eidgenössischen Volksabstimmungen. Abgerufen am 8.9.2025 von www.swissvotes.ch
source_comment: ",fr-CH,Arrêté fédéral sur l'harmonisation du début de l'année scolaire,,,de-CH,Bundesbeschluss zur Koordination des Schuljahresbeginns,,,,,,,exact,1985-09-22T12:00:00,,,accepted,,,de-CH,Angenommen,,en-US,Accepted,,fr-CH,Accepté,
364,1,https://swissvotes.ch/vote/335.00,1,335,2,[601],[],,"page_number_string: 
notes: 
source_full_citation: Swissvotes. (2025). Swissvotes – die Datenbank der eidgenössischen Volksabstimmungen. Abgerufen am 8.9.2025 von www.swissvotes.ch
source_comment: ",fr-CH,Arrêté instituant une garantie contre les risques à l'innovation,,,de-CH,Bundesbeschluss über die Innovationsrisikogarantie,,,,,,,exact,1985-09-22T12:00:00,,,rejected,,,de-CH,Abgelehnt,,en-US,Rejected,,fr-CH,Rejeté,
365,1,https://swissvotes.ch/vote/336.00,1,336,2,"[602,603]",[],,"page_number_string: 
notes: 
source_full_citation: Swissvotes. (2025). Swissvotes – die Datenbank der eidgenössischen Volksabstimmungen. Abgerufen am 8.9.2025 von www.swissvotes.ch
source_comment: ",de-CH,Neues Ehe- und Erbrecht,,,fr-CH,Nouveau droit matrimonial et successoral,,,,,,,exact,1985-09-22T12:00:00,,,accepted,,,de-CH,Angenommen,,en-US,Accepted,,fr-CH,Accepté,
366,1,https://swissvotes.ch/vote/337.00,2,337,3,"[604,605,606]",[],,"page_number_string: 
notes: 
source_full_citation: Swissvotes. (2025). Swissvotes – die Datenbank der eidgenössischen Volksabstimmungen. Abgerufen am 8.9.2025 von www.swissvotes.ch
source_comment: ",de-CH,Initiative «für die Abschaffung der Vivisektion»,,,fr-CH,Initiative «pour la suppression de la vivisection»,,,,,,,exact,1985-12-01T12:00:00,,,rejected,,,de-CH,Abgelehnt,,en-US,Rejected,,fr-CH,Rejeté,
367,1,https://swissvotes.ch/vote/338.00,1,338,1,[607],[],,"page_number_string: 
notes: 
source_full_citation: Swissvotes. (2025). Swissvotes – die Datenbank der eidgenössischen Volksabstimmungen. Abgerufen am 8.9.2025 von www.swissvotes.ch
source_comment: ",fr-CH,Adhésion de la Suisse à l'ONU,,,de-CH,UNO-Beitritt,,,,,,,exact,1986-03-16T12:00:00,,,rejected,,,de-CH,Abgelehnt,,en-US,Rejected,,fr-CH,Rejeté,
368,1,https://swissvotes.ch/vote/339.10,2,339.1,3,"[608,609]",[],,"page_number_string: 
notes: 
source_full_citation: Swissvotes. (2025). Swissvotes – die Datenbank der eidgenössischen Volksabstimmungen. Abgerufen am 8.9.2025 von www.swissvotes.ch
source_comment: ",fr-CH,Initiative «en faveur de la culture»,,,de-CH,Kulturinitiative,,,,,,,exact,1986-09-28T12:00:00,,,rejected,,,de-CH,Abgelehnt,,en-US,Rejected,,fr-CH,Rejeté,
369,1,https://swissvotes.ch/vote/339.20,1,339.2,4,"[610,611]",[],,"page_number_string: 
notes: 
source_full_citation: Swissvotes. (2025). Swissvotes – die Datenbank der eidgenössischen Volksabstimmungen. Abgerufen am 8.9.2025 von www.swissvotes.ch
source_comment: ",fr-CH,Contre-projet à l'initiative «en faveur de la culture»,,,de-CH,Gegenentwurf zur Kulturinitiative,,,,,,,exact,1986-09-28T12:00:00,,,rejected,,,de-CH,Abgelehnt,,en-US,Rejected,,fr-CH,Rejeté,
370,1,https://swissvotes.ch/vote/340.00,2,340,3,[612],[],,"page_number_string: 
notes: 
source_full_citation: Swissvotes. (2025). Swissvotes – die Datenbank der eidgenössischen Volksabstimmungen. Abgerufen am 8.9.2025 von www.swissvotes.ch
source_comment: ",fr-CH,Initiative pour la formation professionnelle et recyclage,,,de-CH,Initiative zur Berufsbildung und Umschulung,,,,,,,exact,1986-09-28T12:00:00,,,rejected,,,de-CH,Abgelehnt,,en-US,Rejected,,fr-CH,Rejeté,
371,1,https://swissvotes.ch/vote/341.00,1,341,2,[613],[],,"page_number_string: 
notes: 
source_full_citation: Swissvotes. (2025). Swissvotes – die Datenbank der eidgenössischen Volksabstimmungen. Abgerufen am 8.9.2025 von www.swissvotes.ch
source_comment: ",fr-CH,Arrêté sur l'économie sucrière,,,de-CH,Bundesbeschluss über die Zuckerwirtschaft,,,,,,,exact,1986-09-28T12:00:00,,,rejected,,,de-CH,Abgelehnt,,en-US,Rejected,,fr-CH,Rejeté,
372,1,https://swissvotes.ch/vote/342.00,1,342,4,[614],[],,"page_number_string: 
notes: 
source_full_citation: Swissvotes. (2025). Swissvotes – die Datenbank der eidgenössischen Volksabstimmungen. Abgerufen am 8.9.2025 von www.swissvotes.ch
source_comment: ",fr-CH,Arrêté sur la protection des locataires,,,de-CH,Bundesbeschluss zum Mieterschutz,,,,,,,exact,1986-12-07T12:00:00,,,accepted,,,de-CH,Angenommen,,en-US,Accepted,,fr-CH,Accepté,
373,1,https://swissvotes.ch/vote/343.00,2,343,3,"[615,616,617]",[],,"page_number_string: 
notes: 
source_full_citation: Swissvotes. (2025). Swissvotes – die Datenbank der eidgenössischen Volksabstimmungen. Abgerufen am 8.9.2025 von www.swissvotes.ch
source_comment: ",de-CH,Initiative für eine Schwerverkehrsabgabe,,,fr-CH,Initiative pour une redevance sur les poids lourds,,,,,,,exact,1986-12-07T12:00:00,,,rejected,,,de-CH,Abgelehnt,,en-US,Rejected,,fr-CH,Rejeté,
374,1,https://swissvotes.ch/vote/344.00,1,344,2,[618],[],,"page_number_string: 
notes: 
source_full_citation: Swissvotes. (2025). Swissvotes – die Datenbank der eidgenössischen Volksabstimmungen. Abgerufen am 8.9.2025 von www.swissvotes.ch
source_comment: ",de-CH,Asylgesetz,,,fr-CH,Loi sur l'asile,,,,,,,exact,1987-04-05T12:00:00,,,accepted,,,de-CH,Angenommen,,en-US,Accepted,,fr-CH,Accepté,
375,1,https://swissvotes.ch/vote/345.00,1,345,2,[619],[],,"page_number_string: 
notes: 
source_full_citation: Swissvotes. (2025). Swissvotes – die Datenbank der eidgenössischen Volksabstimmungen. Abgerufen am 8.9.2025 von www.swissvotes.ch
source_comment: ",de-CH,Ausländergesetz,,,fr-CH,Loi sur les étrangers,,,,,,,exact,1987-04-05T12:00:00,,,accepted,,,de-CH,Angenommen,,en-US,Accepted,,fr-CH,Accepté,
376,1,https://swissvotes.ch/vote/346.00,2,346,3,"[620,621]",[],,"page_number_string: 
notes: 
source_full_citation: Swissvotes. (2025). Swissvotes – die Datenbank der eidgenössischen Volksabstimmungen. Abgerufen am 8.9.2025 von www.swissvotes.ch
source_comment: ",de-CH,Initiative für die Einführung eines Rüstungsreferendums,,,fr-CH,Initiative pour un droit de référendum en matière de dépenses militaires,,,,,,,exact,1987-04-05T12:00:00,,,rejected,,,de-CH,Abgelehnt,,en-US,Rejected,,fr-CH,Rejeté,
377,1,https://swissvotes.ch/vote/347.00,1,347,1,[622],[],,"page_number_string: 
notes: 
source_full_citation: Swissvotes. (2025). Swissvotes – die Datenbank der eidgenössischen Volksabstimmungen. Abgerufen am 8.9.2025 von www.swissvotes.ch
source_comment: ",de-CH,Abstimmungsverfahren bei Volksinitiativen mit Gegenentwurf,,,fr-CH,Procédure de vote relative aux initiatives avec un contre-projet,,,,,,,exact,1987-04-05T12:00:00,,,accepted,,,de-CH,Angenommen,,en-US,Accepted,,fr-CH,Accepté,
378,1,https://swissvotes.ch/vote/348.00,1,348,2,"[623,624]",[],,"page_number_string: 
notes: 
source_full_citation: Swissvotes. (2025). Swissvotes – die Datenbank der eidgenössischen Volksabstimmungen. Abgerufen am 8.9.2025 von www.swissvotes.ch
source_comment: ",de-CH,Bahn 2000,,,fr-CH,Projet RAIL 2000,,,,,,,exact,1987-12-06T12:00:00,,,accepted,,,de-CH,Angenommen,,en-US,Accepted,,fr-CH,Accepté,
379,1,https://swissvotes.ch/vote/349.00,1,349,2,[625],[],,"page_number_string: 
notes: 
source_full_citation: Swissvotes. (2025). Swissvotes – die Datenbank der eidgenössischen Volksabstimmungen. Abgerufen am 8.9.2025 von www.swissvotes.ch
source_comment: ",de-CH,Krankenversicherungsgesetz,,,fr-CH,Loi sur l'assurance-maladie,,,,,,,exact,1987-12-06T12:00:00,,,rejected,,,de-CH,Abgelehnt,,en-US,Rejected,,fr-CH,Rejeté,
380,1,https://swissvotes.ch/vote/350.00,2,350,3,"[626,627]",[],,"page_number_string: 
notes: 
source_full_citation: Swissvotes. (2025). Swissvotes – die Datenbank der eidgenössischen Volksabstimmungen. Abgerufen am 8.9.2025 von www.swissvotes.ch
source_comment: ",fr-CH,Initiative «pour la protection des marais - Initiative de Rothenthurm»,,,de-CH,Initiative «zum Schutz der Moore - Rothenthurm-Initiative»,,,,,,,exact,1987-12-06T12:00:00,,,accepted,,,de-CH,Angenommen,,en-US,Accepted,,fr-CH,Accepté,
381,1,https://swissvotes.ch/vote/351.00,1,351,1,"[628,629]",[],,"page_number_string: 
notes: 
source_full_citation: Swissvotes. (2025). Swissvotes – die Datenbank der eidgenössischen Volksabstimmungen. Abgerufen am 8.9.2025 von www.swissvotes.ch
source_comment: ",fr-CH,Bases constitutionelles pour une politique coordonnée des transports,,,de-CH,Verfassungsgrundlagen für eine koordinierte Verkehrspolitik,,,,,,,exact,1988-06-12T12:00:00,,,rejected,,,de-CH,Abgelehnt,,en-US,Rejected,,fr-CH,Rejeté,
382,1,https://swissvotes.ch/vote/352.00,2,352,3,[630],[],,"page_number_string: 
notes: 
source_full_citation: Swissvotes. (2025). Swissvotes – die Datenbank der eidgenössischen Volksabstimmungen. Abgerufen am 8.9.2025 von www.swissvotes.ch
source_comment: ",fr-CH,Initiative pour l'abaissement de l'âge de la retraite,,,de-CH,Initiative zur Herabsetzung des AHV-Rentenalters,,,,,,,exact,1988-06-12T12:00:00,,,rejected,,,de-CH,Abgelehnt,,en-US,Rejected,,fr-CH,Rejeté,
383,1,https://swissvotes.ch/vote/353.00,2,353,3,[631],[],,"page_number_string: 
notes: 
source_full_citation: Swissvotes. (2025). Swissvotes – die Datenbank der eidgenössischen Volksabstimmungen. Abgerufen am 8.9.2025 von www.swissvotes.ch
source_comment: ",de-CH,«Stadt-Land-Initiative gegen die Bodenspekulation»,,,fr-CH,Initiative «ville-campagne contre la spéculation foncière»,,,,,,,exact,1988-12-04T12:00:00,,,rejected,,,de-CH,Abgelehnt,,en-US,Rejected,,fr-CH,Rejeté,
384,1,https://swissvotes.ch/vote/354.00,2,354,3,[632],[],,"page_number_string: 
notes: 
source_full_citation: Swissvotes. (2025). Swissvotes – die Datenbank der eidgenössischen Volksabstimmungen. Abgerufen am 8.9.2025 von www.swissvotes.ch
source_comment: ",fr-CH,Initiative «pour la réduction de la durée du travail»,,,de-CH,Initiative «zur Herabsetzung der Arbeitszeit»,,,,,,,exact,1988-12-04T12:00:00,,,rejected,,,de-CH,Abgelehnt,,en-US,Rejected,,fr-CH,Rejeté,
385,1,https://swissvotes.ch/vote/355.00,2,355,3,[633],[],,"page_number_string: 
notes: 
source_full_citation: Swissvotes. (2025). Swissvotes – die Datenbank der eidgenössischen Volksabstimmungen. Abgerufen am 8.9.2025 von www.swissvotes.ch
source_comment: ",de-CH,Initiative «für die Begrenzung der Einwanderung»,,,fr-CH,Initiative «pour la limitation de l'immigration»,,,,,,,exact,1988-12-04T12:00:00,,,rejected,,,de-CH,Abgelehnt,,en-US,Rejected,,fr-CH,Rejeté,
386,1,https://swissvotes.ch/vote/356.00,2,356,3,"[634,635]",[],,"page_number_string: 
notes: 
source_full_citation: Swissvotes. (2025). Swissvotes – die Datenbank der eidgenössischen Volksabstimmungen. Abgerufen am 8.9.2025 von www.swissvotes.ch
source_comment: ",fr-CH,Initiative en faveur des petits paysans,,,de-CH,Kleinbauern-Initiative,,,,,,,exact,1989-06-04T12:00:00,,,rejected,,,de-CH,Abgelehnt,,en-US,Rejected,,fr-CH,Rejeté,
387,1,https://swissvotes.ch/vote/357.00,2,357,3,[636],[],,"page_number_string: 
notes: 
source_full_citation: Swissvotes. (2025). Swissvotes – die Datenbank der eidgenössischen Volksabstimmungen. Abgerufen am 8.9.2025 von www.swissvotes.ch
source_comment: ",de-CH,Initiative für eine Schweiz ohne Armee,,,fr-CH,Initiative pour une Suisse sans armée,,,,,,,exact,1989-11-26T12:00:00,,,rejected,,,de-CH,Abgelehnt,,en-US,Rejected,,fr-CH,Rejeté,
388,1,https://swissvotes.ch/vote/358.00,2,358,3,"[637,638]",[],,"page_number_string: 
notes: 
source_full_citation: Swissvotes. (2025). Swissvotes – die Datenbank der eidgenössischen Volksabstimmungen. Abgerufen am 8.9.2025 von www.swissvotes.ch
source_comment: ",de-CH,Initiative «pro Tempo 130/100»,,,fr-CH,Initiative «pro vitesse 130/100»,,,,,,,exact,1989-11-26T12:00:00,,,rejected,,,de-CH,Abgelehnt,,en-US,Rejected,,fr-CH,Rejeté,
389,1,https://swissvotes.ch/vote/359.00,2,359,3,"[639,640]",[],,"page_number_string: 
notes: 
source_full_citation: Swissvotes. (2025). Swissvotes – die Datenbank der eidgenössischen Volksabstimmungen. Abgerufen am 8.9.2025 von www.swissvotes.ch
source_comment: ",de-CH,Initiative «für eine Begrenzung des Strassenbaus»,,,fr-CH,Initiative «pour une stabilisation du réseau routier»,,,,,,,exact,1990-04-01T12:00:00,,,rejected,,,de-CH,Abgelehnt,,en-US,Rejected,,fr-CH,Rejeté,
390,1,https://swissvotes.ch/vote/360.00,2,360,3,"[641,642]",[],,"page_number_string: 
notes: 
source_full_citation: Swissvotes. (2025). Swissvotes – die Datenbank der eidgenössischen Volksabstimmungen. Abgerufen am 8.9.2025 von www.swissvotes.ch
source_comment: ",de-CH,Initiative «für eine autobahnfreie Landschaft zwischen Murten und Yverdon»,,,fr-CH,Initiative «pour une région sans autoroute entre Morat et Yverdon»,,,,,,,exact,1990-04-01T12:00:00,,,rejected,,,de-CH,Abgelehnt,,en-US,Rejected,,fr-CH,Rejeté,
391,1,https://swissvotes.ch/vote/361.00,2,361,3,"[643,644]",[],,"page_number_string: 
notes: 
source_full_citation: Swissvotes. (2025). Swissvotes – die Datenbank der eidgenössischen Volksabstimmungen. Abgerufen am 8.9.2025 von www.swissvotes.ch
source_comment: ",de-CH,Initiative «für ein autobahnfreies Knonauer Amt»,,,fr-CH,Initiative «pour un district du Knonau sans autoroute»,,,,,,,exact,1990-04-01T12:00:00,,,rejected,,,de-CH,Abgelehnt,,en-US,Rejected,,fr-CH,Rejeté,
392,1,https://swissvotes.ch/vote/362.00,2,362,3,"[645,646]",[],,"page_number_string: 
notes: 
source_full_citation: Swissvotes. (2025). Swissvotes – die Datenbank der eidgenössischen Volksabstimmungen. Abgerufen am 8.9.2025 von www.swissvotes.ch
source_comment: ",fr-CH,Initiative contre la construction d'une autoroute entre Bienne et Soleure,,,de-CH,Initiative für eine freie Aarelandschaft zwischen Biel und Solothurn,,,,,,,exact,1990-04-01T12:00:00,,,rejected,,,de-CH,Abgelehnt,,en-US,Rejected,,fr-CH,Rejeté,
393,1,https://swissvotes.ch/vote/363.00,1,363,2,[647],[],,"page_number_string: 
notes: 
source_full_citation: Swissvotes. (2025). Swissvotes – die Datenbank der eidgenössischen Volksabstimmungen. Abgerufen am 8.9.2025 von www.swissvotes.ch
source_comment: ",fr-CH,Arrêté sur la viticulture,,,de-CH,Rebbaubeschluss,,,,,,,exact,1990-04-01T12:00:00,,,rejected,,,de-CH,Abgelehnt,,en-US,Rejected,,fr-CH,Rejeté,
394,1,https://swissvotes.ch/vote/364.00,1,364,2,[648],[],,"page_number_string: 
notes: 
source_full_citation: Swissvotes. (2025). Swissvotes – die Datenbank der eidgenössischen Volksabstimmungen. Abgerufen am 8.9.2025 von www.swissvotes.ch
source_comment: ",de-CH,Gesetz über die Organisation der Bundesrechtspflege,,,fr-CH,Loi sur l'organisation judiciaire,,,,,,,exact,1990-04-01T12:00:00,,,rejected,,,de-CH,Abgelehnt,,en-US,Rejected,,fr-CH,Rejeté,
395,1,https://swissvotes.ch/vote/365.00,2,365,3,"[649,650]",[],,"page_number_string: 
notes: 
source_full_citation: Swissvotes. (2025). Swissvotes – die Datenbank der eidgenössischen Volksabstimmungen. Abgerufen am 8.9.2025 von www.swissvotes.ch
source_comment: ",de-CH,Initiative für einen Ausstieg aus der Atomenergie,,,fr-CH,Initiative pour un abandon de l'énergie atomique,,,,,,,exact,1990-09-23T12:00:00,,,rejected,,,de-CH,Abgelehnt,,en-US,Rejected,,fr-CH,Rejeté,
396,1,https://swissvotes.ch/vote/366.00,2,366,3,"[651,652]",[],,"page_number_string: 
notes: 
source_full_citation: Swissvotes. (2025). Swissvotes – die Datenbank der eidgenössischen Volksabstimmungen. Abgerufen am 8.9.2025 von www.swissvotes.ch
source_comment: ",fr-CH,Initiative «Halte à la construction de centrales nucléaires (moratoire)»,,,de-CH,Initiative «Stopp dem Atomkraftwerkbau (Moratorium)»,,,,,,,exact,1990-09-23T12:00:00,,,accepted,,,de-CH,Angenommen,,en-US,Accepted,,fr-CH,Accepté,
397,1,https://swissvotes.ch/vote/367.00,1,367,1,[653],[],,"page_number_string: 
notes: 
source_full_citation: Swissvotes. (2025). Swissvotes – die Datenbank der eidgenössischen Volksabstimmungen. Abgerufen am 8.9.2025 von www.swissvotes.ch
source_comment: ",fr-CH,Article constitutionnel sur l'énergie,,,de-CH,Energieartikel,,,,,,,exact,1990-09-23T12:00:00,,,accepted,,,de-CH,Angenommen,,en-US,Accepted,,fr-CH,Accepté,
398,1,https://swissvotes.ch/vote/368.00,1,368,2,[654],[],,"page_number_string: 
notes: 
source_full_citation: Swissvotes. (2025). Swissvotes – die Datenbank der eidgenössischen Volksabstimmungen. Abgerufen am 8.9.2025 von www.swissvotes.ch
source_comment: ",fr-CH,Loi sur la circulation routière,,,de-CH,Strassenverkehrsgesetz,,,,,,,exact,1990-09-23T12:00:00,,,accepted,,,de-CH,Angenommen,,en-US,Accepted,,fr-CH,Accepté,
399,1,https://swissvotes.ch/vote/369.00,1,369,1,"[655,656]",[],,"page_number_string: 
notes: 
source_full_citation: Swissvotes. (2025). Swissvotes – die Datenbank der eidgenössischen Volksabstimmungen. Abgerufen am 8.9.2025 von www.swissvotes.ch
source_comment: ",fr-CH,Droit de vote à 18 ans,,,de-CH,Herabsetzung des Stimmrechtsalters auf 18 Jahre,,,,,,,exact,1991-03-03T12:00:00,,,accepted,,,de-CH,Angenommen,,en-US,Accepted,,fr-CH,Accepté,
400,1,https://swissvotes.ch/vote/370.00,2,370,3,"[657,658]",[],,"page_number_string: 
notes: 
source_full_citation: Swissvotes. (2025). Swissvotes – die Datenbank der eidgenössischen Volksabstimmungen. Abgerufen am 8.9.2025 von www.swissvotes.ch
source_comment: ",fr-CH,Initiative «pour l'encouragement des transports publics»,,,de-CH,Initiative «zur Förderung des öffentlichen Verkehrs»,,,,,,,exact,1991-03-03T12:00:00,,,rejected,,,de-CH,Abgelehnt,,en-US,Rejected,,fr-CH,Rejeté,
401,1,https://swissvotes.ch/vote/371.00,1,371,1,[659],[],,"page_number_string: 
notes: 
source_full_citation: Swissvotes. (2025). Swissvotes – die Datenbank der eidgenössischen Volksabstimmungen. Abgerufen am 8.9.2025 von www.swissvotes.ch
source_comment: ",de-CH,Neuordnung der Bundesfinanzen (Einführung Mehrwertsteuer),,,fr-CH,Nouveau régime des finances fédérales (introduction de la TVA),,,,,,,exact,1991-06-02T12:00:00,,,rejected,,,de-CH,Abgelehnt,,en-US,Rejected,,fr-CH,Rejeté,
402,1,https://swissvotes.ch/vote/372.00,1,372,2,[660],[],,"page_number_string: 
notes: 
source_full_citation: Swissvotes. (2025). Swissvotes – die Datenbank der eidgenössischen Volksabstimmungen. Abgerufen am 8.9.2025 von www.swissvotes.ch
source_comment: ",fr-CH,Code pénal militaire,,,de-CH,Militärstrafgesetz,,,,,,,exact,1991-06-02T12:00:00,,,accepted,,,de-CH,Angenommen,,en-US,Accepted,,fr-CH,Accepté,
403,1,https://swissvotes.ch/vote/373.00,2,373,3,[661],[],,"page_number_string: 
notes: 
source_full_citation: Swissvotes. (2025). Swissvotes – die Datenbank der eidgenössischen Volksabstimmungen. Abgerufen am 8.9.2025 von www.swissvotes.ch
source_comment: ",fr-CH,«Initiative des caisses-maladie»,,,de-CH,«Krankenkassen-Initiative»,,,,,,,exact,1992-02-16T12:00:00,,,rejected,,,de-CH,Abgelehnt,,en-US,Rejected,,fr-CH,Rejeté,
404,1,https://swissvotes.ch/vote/374.00,2,374,3,"[662,663,664]",[],,"page_number_string: 
notes: 
source_full_citation: Swissvotes. (2025). Swissvotes – die Datenbank der eidgenössischen Volksabstimmungen. Abgerufen am 8.9.2025 von www.swissvotes.ch
source_comment: ",fr-CH,Initiative «Limitons strictement l'expérimentation animale!»,,,de-CH,Initiative «Weg vom Tierversuch!»,,,,,,,exact,1992-02-16T12:00:00,,,rejected,,,de-CH,Abgelehnt,,en-US,Rejected,,fr-CH,Rejeté,
405,1,https://swissvotes.ch/vote/375.00,1,375,2,[665],[],,"page_number_string: 
notes: 
source_full_citation: Swissvotes. (2025). Swissvotes – die Datenbank der eidgenössischen Volksabstimmungen. Abgerufen am 8.9.2025 von www.swissvotes.ch
source_comment: ",fr-CH,Adhésion aux institutions de Bretton Woods,,,de-CH,Beitritt zu den Institutionen von Bretton Woods,,,,,,,exact,1992-05-17T12:00:00,,,accepted,,,de-CH,Angenommen,,en-US,Accepted,,fr-CH,Accepté,
406,1,https://swissvotes.ch/vote/376.00,1,376,2,[666],[],,"page_number_string: 
notes: 
source_full_citation: Swissvotes. (2025). Swissvotes – die Datenbank der eidgenössischen Volksabstimmungen. Abgerufen am 8.9.2025 von www.swissvotes.ch
source_comment: ",de-CH,Gesetz über die Mitwirkung an den Institutionen von Bretton Woods,,,fr-CH,Loi sur la participation aux institutions de Bretton Woods,,,,,,,exact,1992-05-17T12:00:00,,,accepted,,,de-CH,Angenommen,,en-US,Accepted,,fr-CH,Accepté,
407,1,https://swissvotes.ch/vote/377.00,1,377,2,"[667,668]",[],,"page_number_string: 
notes: 
source_full_citation: Swissvotes. (2025). Swissvotes – die Datenbank der eidgenössischen Volksabstimmungen. Abgerufen am 8.9.2025 von www.swissvotes.ch
source_comment: ",de-CH,Gewässerschutzgesetz,,,fr-CH,Loi sur la protection des eaux,,,,,,,exact,1992-05-17T12:00:00,,,accepted,,,de-CH,Angenommen,,en-US,Accepted,,fr-CH,Accepté,
408,1,https://swissvotes.ch/vote/378.00,2,378,3,"[669,670]",[],,"page_number_string: 
notes: 
source_full_citation: Swissvotes. (2025). Swissvotes – die Datenbank der eidgenössischen Volksabstimmungen. Abgerufen am 8.9.2025 von www.swissvotes.ch
source_comment: ",de-CH,Gewässerschutz-Initiative,,,fr-CH,Initiative «pour la sauvegarde de nos eaux»,,,,,,,exact,1992-05-17T12:00:00,,,rejected,,,de-CH,Abgelehnt,,en-US,Rejected,,fr-CH,Rejeté,
409,1,https://swissvotes.ch/vote/379.00,1,379,4,"[671,672]",[],,"page_number_string: 
notes: 
source_full_citation: Swissvotes. (2025). Swissvotes – die Datenbank der eidgenössischen Volksabstimmungen. Abgerufen am 8.9.2025 von www.swissvotes.ch
source_comment: ",de-CH,Regelung der Fortpflanzungs- und Gentechnologie,,,fr-CH,Réglementation des techniques de reproduction et manipulation génétique,,,,,,,exact,1992-05-17T12:00:00,,,accepted,,,de-CH,Angenommen,,en-US,Accepted,,fr-CH,Accepté,
410,1,https://swissvotes.ch/vote/380.00,1,380,1,[673],[],,"page_number_string: 
notes: 
source_full_citation: Swissvotes. (2025). Swissvotes – die Datenbank der eidgenössischen Volksabstimmungen. Abgerufen am 8.9.2025 von www.swissvotes.ch
source_comment: ",de-CH,Einführung eines Zivildiensts,,,fr-CH,Introduction d'un service civil,,,,,,,exact,1992-05-17T12:00:00,,,accepted,,,de-CH,Angenommen,,en-US,Accepted,,fr-CH,Accepté,
411,1,https://swissvotes.ch/vote/381.00,1,381,2,"[674,675]",[],,"page_number_string: 
notes: 
source_full_citation: Swissvotes. (2025). Swissvotes – die Datenbank der eidgenössischen Volksabstimmungen. Abgerufen am 8.9.2025 von www.swissvotes.ch
source_comment: ",de-CH,Reform des Sexualstrafrechts,,,fr-CH,Révision du droit pénal en matière sexuelle,,,,,,,exact,1992-05-17T12:00:00,,,accepted,,,de-CH,Angenommen,,en-US,Accepted,,fr-CH,Accepté,
412,1,https://swissvotes.ch/vote/382.00,1,382,2,"[676,677]",[],,"page_number_string: 
notes: 
source_full_citation: Swissvotes. (2025). Swissvotes – die Datenbank der eidgenössischen Volksabstimmungen. Abgerufen am 8.9.2025 von www.swissvotes.ch
source_comment: ",de-CH,Alpentransit-Beschluss (NEAT),,,fr-CH,Arrêté sur le transit alpin,,,,,,,exact,1992-09-27T12:00:00,,,accepted,,,de-CH,Angenommen,,en-US,Accepted,,fr-CH,Accepté,
413,1,https://swissvotes.ch/vote/383.00,1,383,2,[678],[],,"page_number_string: 
notes: 
source_full_citation: Swissvotes. (2025). Swissvotes – die Datenbank der eidgenössischen Volksabstimmungen. Abgerufen am 8.9.2025 von www.swissvotes.ch
source_comment: ",de-CH,Geschäftsverkehrsgesetz,,,fr-CH,Loi sur les rapports entre les conseils,,,,,,,exact,1992-09-27T12:00:00,,,accepted,,,de-CH,Angenommen,,en-US,Accepted,,fr-CH,Accepté,
414,1,https://swissvotes.ch/vote/384.00,1,384,2,[679],[],,"page_number_string: 
notes: 
source_full_citation: Swissvotes. (2025). Swissvotes – die Datenbank der eidgenössischen Volksabstimmungen. Abgerufen am 8.9.2025 von www.swissvotes.ch
source_comment: ",de-CH,Entschädigungsgesetz,,,fr-CH,Loi sur les indemnités parlementaires,,,,,,,exact,1992-09-27T12:00:00,,,rejected,,,de-CH,Abgelehnt,,en-US,Rejected,,fr-CH,Rejeté,
415,1,https://swissvotes.ch/vote/385.00,1,385,2,[680],[],,"page_number_string: 
notes: 
source_full_citation: Swissvotes. (2025). Swissvotes – die Datenbank der eidgenössischen Volksabstimmungen. Abgerufen am 8.9.2025 von www.swissvotes.ch
source_comment: ",de-CH,Infrastrukturgesetz,,,fr-CH,Loi sur les coûts d'infrastructure,,,,,,,exact,1992-09-27T12:00:00,,,rejected,,,de-CH,Abgelehnt,,en-US,Rejected,,fr-CH,Rejeté,
416,1,https://swissvotes.ch/vote/386.00,1,386,2,"[681,682]",[],,"page_number_string: 
notes: 
source_full_citation: Swissvotes. (2025). Swissvotes – die Datenbank der eidgenössischen Volksabstimmungen. Abgerufen am 8.9.2025 von www.swissvotes.ch
source_comment: ",de-CH,Gesetz über die Stempelabgaben,,,fr-CH,Loi sur les droits de timbre,,,,,,,exact,1992-09-27T12:00:00,,,accepted,,,de-CH,Angenommen,,en-US,Accepted,,fr-CH,Accepté,
417,1,https://swissvotes.ch/vote/387.00,1,387,2,"[683,684]",[],,"page_number_string: 
notes: 
source_full_citation: Swissvotes. (2025). Swissvotes – die Datenbank der eidgenössischen Volksabstimmungen. Abgerufen am 8.9.2025 von www.swissvotes.ch
source_comment: ",de-CH,Gesetz über das bäuerliche Bodenrecht,,,fr-CH,Loi sur le droit foncier rural,,,,,,,exact,1992-09-27T12:00:00,,,accepted,,,de-CH,Angenommen,,en-US,Accepted,,fr-CH,Accepté,
418,1,https://swissvotes.ch/vote/388.00,1,388,1,"[685,686]",[],,"page_number_string: 
notes: 
source_full_citation: Swissvotes. (2025). Swissvotes – die Datenbank der eidgenössischen Volksabstimmungen. Abgerufen am 8.9.2025 von www.swissvotes.ch
source_comment: ",fr-CH,Adhésion à l'EEE,,,de-CH,EWR-Beitritt,,,,,,,exact,1992-12-06T12:00:00,,,rejected,,,de-CH,Abgelehnt,,en-US,Rejected,,fr-CH,Rejeté,
419,1,https://swissvotes.ch/vote/389.00,1,389,2,"[687,688]",[],,"page_number_string: 
notes: 
source_full_citation: Swissvotes. (2025). Swissvotes – die Datenbank der eidgenössischen Volksabstimmungen. Abgerufen am 8.9.2025 von www.swissvotes.ch
source_comment: ",fr-CH,Augmentation des droits d'entrée sur les carburants,,,de-CH,Erhöhung des Treibstoffzolls,,,,,,,exact,1993-03-07T12:00:00,,,accepted,,,de-CH,Angenommen,,en-US,Accepted,,fr-CH,Accepté,
420,1,https://swissvotes.ch/vote/390.00,1,390,1,"[689,690]",[],,"page_number_string: 
notes: 
source_full_citation: Swissvotes. (2025). Swissvotes – die Datenbank der eidgenössischen Volksabstimmungen. Abgerufen am 8.9.2025 von www.swissvotes.ch
source_comment: ",de-CH,Aufhebung des Spielbankenverbots,,,fr-CH,Suppression de l'interdiction des maisons de jeu,,,,,,,exact,1993-03-07T12:00:00,,,accepted,,,de-CH,Angenommen,,en-US,Accepted,,fr-CH,Accepté,
421,1,https://swissvotes.ch/vote/391.00,2,391,3,"[691,692,693]",[],,"page_number_string: 
notes: 
source_full_citation: Swissvotes. (2025). Swissvotes – die Datenbank der eidgenössischen Volksabstimmungen. Abgerufen am 8.9.2025 von www.swissvotes.ch
source_comment: ",fr-CH,Initiative «pour l'abolition des expériences sur animaux»,,,de-CH,Initiative «zur Abschaffung der Tierversuche»,,,,,,,exact,1993-03-07T12:00:00,,,rejected,,,de-CH,Abgelehnt,,en-US,Rejected,,fr-CH,Rejeté,
422,1,https://swissvotes.ch/vote/392.00,2,392,3,"[694,695]",[],,"page_number_string: 
notes: 
source_full_citation: Swissvotes. (2025). Swissvotes – die Datenbank der eidgenössischen Volksabstimmungen. Abgerufen am 8.9.2025 von www.swissvotes.ch
source_comment: ",fr-CH,Initiative «40 places d'armes ça suffit»,,,de-CH,Initiative «40 Waffenplätze sind genug»,,,,,,,exact,1993-06-06T12:00:00,,,rejected,,,de-CH,Abgelehnt,,en-US,Rejected,,fr-CH,Rejeté,
423,1,https://swissvotes.ch/vote/393.00,2,393,3,[696],[],,"page_number_string: 
notes: 
source_full_citation: Swissvotes. (2025). Swissvotes – die Datenbank der eidgenössischen Volksabstimmungen. Abgerufen am 8.9.2025 von www.swissvotes.ch
source_comment: ",de-CH,Initiative «für eine Schweiz ohne neue Kampfflugzeuge»,,,fr-CH,Initiative contre de nouveaux avions de combat,,,,,,,exact,1993-06-06T12:00:00,,,rejected,,,de-CH,Abgelehnt,,en-US,Rejected,,fr-CH,Rejeté,
424,1,https://swissvotes.ch/vote/394.00,1,394,1,[697],[],,"page_number_string: 
notes: 
source_full_citation: Swissvotes. (2025). Swissvotes – die Datenbank der eidgenössischen Volksabstimmungen. Abgerufen am 8.9.2025 von www.swissvotes.ch
source_comment: ",fr-CH,Arrêté fédéral contre l'usage abusif d'armes,,,de-CH,Bundesbeschluss gegen den Waffenmissbrauch,,,,,,,exact,1993-09-26T12:00:00,,,accepted,,,de-CH,Angenommen,,en-US,Accepted,,fr-CH,Accepté,
425,1,https://swissvotes.ch/vote/395.00,1,395,1,[698],[],,"page_number_string: 
notes: 
source_full_citation: Swissvotes. (2025). Swissvotes – die Datenbank der eidgenössischen Volksabstimmungen. Abgerufen am 8.9.2025 von www.swissvotes.ch
source_comment: ",de-CH,Kantonswechsel des Laufentals zu Basel-Landschaft,,,fr-CH,Rattachement du district de Laufon à Bâle-Campagne,,,,,,,exact,1993-09-26T12:00:00,,,accepted,,,de-CH,Angenommen,,en-US,Accepted,,fr-CH,Accepté,
426,1,https://swissvotes.ch/vote/396.00,1,396,3,"[699,700]",[],,"page_number_string: 
notes: 
source_full_citation: Swissvotes. (2025). Swissvotes – die Datenbank der eidgenössischen Volksabstimmungen. Abgerufen am 8.9.2025 von www.swissvotes.ch
source_comment: ",de-CH,1.-August-Initiative,,,fr-CH,Initiative 1er août,,,,,,,exact,1993-09-26T12:00:00,,,accepted,,,de-CH,Angenommen,,en-US,Accepted,,fr-CH,Accepté,
427,1,https://swissvotes.ch/vote/397.00,1,397,2,[701],[],,"page_number_string: 
notes: 
source_full_citation: Swissvotes. (2025). Swissvotes – die Datenbank der eidgenössischen Volksabstimmungen. Abgerufen am 8.9.2025 von www.swissvotes.ch
source_comment: ",de-CH,Befristete Massnahmen in der Krankenversicherung,,,fr-CH,Mesures concernant l'assurance-maladie,,,,,,,exact,1993-09-26T12:00:00,,,accepted,,,de-CH,Angenommen,,en-US,Accepted,,fr-CH,Accepté,
428,1,https://swissvotes.ch/vote/398.00,1,398,2,[702],[],,"page_number_string: 
notes: 
source_full_citation: Swissvotes. (2025). Swissvotes – die Datenbank der eidgenössischen Volksabstimmungen. Abgerufen am 8.9.2025 von www.swissvotes.ch
source_comment: ",de-CH,Massnahmen in der Arbeitslosenversicherung,,,fr-CH,Mesures en matière d'assurance-chômage,,,,,,,exact,1993-09-26T12:00:00,,,accepted,,,de-CH,Angenommen,,en-US,Accepted,,fr-CH,Accepté,
429,1,https://swissvotes.ch/vote/399.00,1,399,1,[703],[],,"page_number_string: 
notes: 
source_full_citation: Swissvotes. (2025). Swissvotes – die Datenbank der eidgenössischen Volksabstimmungen. Abgerufen am 8.9.2025 von www.swissvotes.ch
source_comment: ",de-CH,Einführung der Mehrwertsteuer,,,fr-CH,Introduction de la TVA,,,,,,,exact,1993-11-28T12:00:00,,,accepted,,,de-CH,Angenommen,,en-US,Accepted,,fr-CH,Accepté,
430,1,https://swissvotes.ch/vote/400.00,1,400,1,[704],[],,"page_number_string: 
notes: 
source_full_citation: Swissvotes. (2025). Swissvotes – die Datenbank der eidgenössischen Volksabstimmungen. Abgerufen am 8.9.2025 von www.swissvotes.ch
source_comment: ",de-CH,"Mehrwertsteuer-Satz 6,5%",,,fr-CH,"Taux fiscal de la TVA 6,5%",,,,,,,exact,1993-11-28T12:00:00,,,accepted,,,de-CH,Angenommen,,en-US,Accepted,,fr-CH,Accepté,
431,1,https://swissvotes.ch/vote/401.00,1,401,1,"[705,706]",[],,"page_number_string: 
notes: 
source_full_citation: Swissvotes. (2025). Swissvotes – die Datenbank der eidgenössischen Volksabstimmungen. Abgerufen am 8.9.2025 von www.swissvotes.ch
source_comment: ",de-CH,Mehrwertsteuerprozent für die AHV,,,fr-CH,Pourcentage de la TVA pour l'AVS,,,,,,,exact,1993-11-28T12:00:00,,,accepted,,,de-CH,Angenommen,,en-US,Accepted,,fr-CH,Accepté,
432,1,https://swissvotes.ch/vote/402.00,1,402,1,[707],[],,"page_number_string: 
notes: 
source_full_citation: Swissvotes. (2025). Swissvotes – die Datenbank der eidgenössischen Volksabstimmungen. Abgerufen am 8.9.2025 von www.swissvotes.ch
source_comment: ",fr-CH,Arrêté fédéral sur les impôts de consommation spéciaux,,,de-CH,Bundesbeschluss über besondere Verbrauchssteuern,,,,,,,exact,1993-11-28T12:00:00,,,accepted,,,de-CH,Angenommen,,en-US,Accepted,,fr-CH,Accepté,
433,1,https://swissvotes.ch/vote/403.00,2,403,3,[708],[],,"page_number_string: 
notes: 
source_full_citation: Swissvotes. (2025). Swissvotes – die Datenbank der eidgenössischen Volksabstimmungen. Abgerufen am 8.9.2025 von www.swissvotes.ch
source_comment: ",fr-CH,Initiative «pour la prévention des problèmes liés à l'alcool»,,,de-CH,Initiative «zur Verminderung der Alkoholprobleme»,,,,,,,exact,1993-11-28T12:00:00,,,rejected,,,de-CH,Abgelehnt,,en-US,Rejected,,fr-CH,Rejeté,
434,1,https://swissvotes.ch/vote/404.00,2,404,3,[709],[],,"page_number_string: 
notes: 
source_full_citation: Swissvotes. (2025). Swissvotes – die Datenbank der eidgenössischen Volksabstimmungen. Abgerufen am 8.9.2025 von www.swissvotes.ch
source_comment: ",fr-CH,Initiative «pour la prévention des problèmes liés au tabac»,,,de-CH,Initiative «zur Verminderung der Tabakprobleme»,,,,,,,exact,1993-11-28T12:00:00,,,rejected,,,de-CH,Abgelehnt,,en-US,Rejected,,fr-CH,Rejeté,
435,1,https://swissvotes.ch/vote/405.00,1,405,1,"[710,711]",[],,"page_number_string: 
notes: 
source_full_citation: Swissvotes. (2025). Swissvotes – die Datenbank der eidgenössischen Volksabstimmungen. Abgerufen am 8.9.2025 von www.swissvotes.ch
source_comment: ",fr-CH,Prorogation de la vignette autoroutière,,,de-CH,Weiterführung Autobahnvignette,,,,,,,exact,1994-02-20T12:00:00,,,accepted,,,de-CH,Angenommen,,en-US,Accepted,,fr-CH,Accepté,
436,1,https://swissvotes.ch/vote/406.00,1,406,1,"[712,713,714]",[],,"page_number_string: 
notes: 
source_full_citation: Swissvotes. (2025). Swissvotes – die Datenbank der eidgenössischen Volksabstimmungen. Abgerufen am 8.9.2025 von www.swissvotes.ch
source_comment: ",fr-CH,Prorogation de la redevance sur le trafic des poids lourds,,,de-CH,Weiterführung der Schwerverkehrsabgabe,,,,,,,exact,1994-02-20T12:00:00,,,accepted,,,de-CH,Angenommen,,en-US,Accepted,,fr-CH,Accepté,
437,1,https://swissvotes.ch/vote/407.00,1,407,1,"[715,716,717]",[],,"page_number_string: 
notes: 
source_full_citation: Swissvotes. (2025). Swissvotes – die Datenbank der eidgenössischen Volksabstimmungen. Abgerufen am 8.9.2025 von www.swissvotes.ch
source_comment: ",de-CH,Einführung einer leistungsabhängigen Schwerverkehrsabgabe,,,fr-CH,Introduction d'une redevance sur le trafic de poids lourds liée aux prestations,,,,,,,exact,1994-02-20T12:00:00,,,accepted,,,de-CH,Angenommen,,en-US,Accepted,,fr-CH,Accepté,
438,1,https://swissvotes.ch/vote/408.00,2,408,3,"[718,719]",[],,"page_number_string: 
notes: 
source_full_citation: Swissvotes. (2025). Swissvotes – die Datenbank der eidgenössischen Volksabstimmungen. Abgerufen am 8.9.2025 von www.swissvotes.ch
source_comment: ",de-CH,Alpen-Initiative,,,fr-CH,Initiative des Alpes,,,,,,,exact,1994-02-20T12:00:00,,,accepted,,,de-CH,Angenommen,,en-US,Accepted,,fr-CH,Accepté,
439,1,https://swissvotes.ch/vote/409.00,1,409,2,[720],[],,"page_number_string: 
notes: 
source_full_citation: Swissvotes. (2025). Swissvotes – die Datenbank der eidgenössischen Volksabstimmungen. Abgerufen am 8.9.2025 von www.swissvotes.ch
source_comment: ",fr-CH,Loi sur la navigation aérienne,,,de-CH,Luftfahrtgesetz,,,,,,,exact,1994-02-20T12:00:00,,,accepted,,,de-CH,Angenommen,,en-US,Accepted,,fr-CH,Accepté,
440,1,https://swissvotes.ch/vote/410.00,1,410,1,"[721,722]",[],,"page_number_string: 
notes: 
source_full_citation: Swissvotes. (2025). Swissvotes – die Datenbank der eidgenössischen Volksabstimmungen. Abgerufen am 8.9.2025 von www.swissvotes.ch
source_comment: ",fr-CH,Article sur l'encouragement de la culture,,,de-CH,Kulturförderungsartikel,,,,,,,exact,1994-06-12T12:00:00,,,rejected,,,de-CH,Abgelehnt,,en-US,Rejected,,fr-CH,Rejeté,
441,1,https://swissvotes.ch/vote/411.00,1,411,1,"[723,724]",[],,"page_number_string: 
notes: 
source_full_citation: Swissvotes. (2025). Swissvotes – die Datenbank der eidgenössischen Volksabstimmungen. Abgerufen am 8.9.2025 von www.swissvotes.ch
source_comment: ",de-CH,Erleichterte Einbürgerung für junge Ausländer,,,fr-CH,Naturalisation facilitée pour les jeunes étrangers,,,,,,,exact,1994-06-12T12:00:00,,,rejected,,,de-CH,Abgelehnt,,en-US,Rejected,,fr-CH,Rejeté,
442,1,https://swissvotes.ch/vote/412.00,1,412,2,"[725,726]",[],,"page_number_string: 
notes: 
source_full_citation: Swissvotes. (2025). Swissvotes – die Datenbank der eidgenössischen Volksabstimmungen. Abgerufen am 8.9.2025 von www.swissvotes.ch
source_comment: ",fr-CH,Casques bleus,,,de-CH,UNO-Blauhelme,,,,,,,exact,1994-06-12T12:00:00,,,rejected,,,de-CH,Abgelehnt,,en-US,Rejected,,fr-CH,Rejeté,
443,1,https://swissvotes.ch/vote/413.00,1,413,1,"[727,728]",[],,"page_number_string: 
notes: 
source_full_citation: Swissvotes. (2025). Swissvotes – die Datenbank der eidgenössischen Volksabstimmungen. Abgerufen am 8.9.2025 von www.swissvotes.ch
source_comment: ",de-CH,Aufhebung der Brotgetreideverbilligung,,,fr-CH,Suppression de la réduction du prix du blé,,,,,,,exact,1994-09-25T12:00:00,,,accepted,,,de-CH,Angenommen,,en-US,Accepted,,fr-CH,Accepté,
444,1,https://swissvotes.ch/vote/414.00,1,414,2,"[729,730]",[],,"page_number_string: 
notes: 
source_full_citation: Swissvotes. (2025). Swissvotes – die Datenbank der eidgenössischen Volksabstimmungen. Abgerufen am 8.9.2025 von www.swissvotes.ch
source_comment: ",fr-CH,Interdiction de la discrimination raciale,,,de-CH,Verbot der Rassendiskriminierung,,,,,,,exact,1994-09-25T12:00:00,,,accepted,,,de-CH,Angenommen,,en-US,Accepted,,fr-CH,Accepté,
445,1,https://swissvotes.ch/vote/415.00,1,415,2,[731],[],,"page_number_string: 
notes: 
source_full_citation: Swissvotes. (2025). Swissvotes – die Datenbank der eidgenössischen Volksabstimmungen. Abgerufen am 8.9.2025 von www.swissvotes.ch
source_comment: ",de-CH,Krankenversicherungsgesetz,,,fr-CH,Loi sur l'assurance-maladie,,,,,,,exact,1994-12-04T12:00:00,,,accepted,,,de-CH,Angenommen,,en-US,Accepted,,fr-CH,Accepté,
446,1,https://swissvotes.ch/vote/416.00,2,416,3,[732],[],,"page_number_string: 
notes: 
source_full_citation: Swissvotes. (2025). Swissvotes – die Datenbank der eidgenössischen Volksabstimmungen. Abgerufen am 8.9.2025 von www.swissvotes.ch
source_comment: ",de-CH,Initiative «für eine gesunde Krankenversicherung»,,,fr-CH,Initiative «pour une saine assurance-maladie»,,,,,,,exact,1994-12-04T12:00:00,,,rejected,,,de-CH,Abgelehnt,,en-US,Rejected,,fr-CH,Rejeté,
447,1,https://swissvotes.ch/vote/417.00,1,417,2,"[733,734]",[],,"page_number_string: 
notes: 
source_full_citation: Swissvotes. (2025). Swissvotes – die Datenbank der eidgenössischen Volksabstimmungen. Abgerufen am 8.9.2025 von www.swissvotes.ch
source_comment: ",fr-CH,Mesures de contrainte concernant les étrangers,,,de-CH,Zwangsmassnahmen im Ausländerrecht,,,,,,,exact,1994-12-04T12:00:00,,,accepted,,,de-CH,Angenommen,,en-US,Accepted,,fr-CH,Accepté,
448,1,https://swissvotes.ch/vote/418.00,1,418,4,"[735,736]",[],,"page_number_string: 
notes: 
source_full_citation: Swissvotes. (2025). Swissvotes – die Datenbank der eidgenössischen Volksabstimmungen. Abgerufen am 8.9.2025 von www.swissvotes.ch
source_comment: ",fr-CH,Article sur l'agriculture,,,de-CH,Landwirtschaftsartikel,,,,,,,exact,1995-03-12T12:00:00,,,rejected,,,de-CH,Abgelehnt,,en-US,Rejected,,fr-CH,Rejeté,
449,1,https://swissvotes.ch/vote/419.00,1,419,2,[737],[],,"page_number_string: 
notes: 
source_full_citation: Swissvotes. (2025). Swissvotes – die Datenbank der eidgenössischen Volksabstimmungen. Abgerufen am 8.9.2025 von www.swissvotes.ch
source_comment: ",fr-CH,Arrêté sur l'économie laitière,,,de-CH,Milchwirtschaftsbeschluss,,,,,,,exact,1995-03-12T12:00:00,,,rejected,,,de-CH,Abgelehnt,,en-US,Rejected,,fr-CH,Rejeté,
450,1,https://swissvotes.ch/vote/420.00,1,420,2,[738],[],,"page_number_string: 
notes: 
source_full_citation: Swissvotes. (2025). Swissvotes – die Datenbank der eidgenössischen Volksabstimmungen. Abgerufen am 8.9.2025 von www.swissvotes.ch
source_comment: ",de-CH,Landwirtschaftsgesetz,,,fr-CH,Loi sur l'agriculture,,,,,,,exact,1995-03-12T12:00:00,,,rejected,,,de-CH,Abgelehnt,,en-US,Rejected,,fr-CH,Rejeté,
451,1,https://swissvotes.ch/vote/421.00,1,421,1,"[739,740]",[],,"page_number_string: 
notes: 
source_full_citation: Swissvotes. (2025). Swissvotes – die Datenbank der eidgenössischen Volksabstimmungen. Abgerufen am 8.9.2025 von www.swissvotes.ch
source_comment: ",de-CH,Ausgabenbremse,,,fr-CH,Frein aux dépenses,,,,,,,exact,1995-03-12T12:00:00,,,accepted,,,de-CH,Angenommen,,en-US,Accepted,,fr-CH,Accepté,
452,1,https://swissvotes.ch/vote/422.00,1,422,2,[741],[],,"page_number_string: 
notes: 
source_full_citation: Swissvotes. (2025). Swissvotes – die Datenbank der eidgenössischen Volksabstimmungen. Abgerufen am 8.9.2025 von www.swissvotes.ch
source_comment: ",de-CH,10. AHV-Revision,,,fr-CH,10e révision de l'AVS,,,,,,,exact,1995-06-25T12:00:00,,,accepted,,,de-CH,Angenommen,,en-US,Accepted,,fr-CH,Accepté,
453,1,https://swissvotes.ch/vote/423.00,2,423,3,[742],[],,"page_number_string: 
notes: 
source_full_citation: Swissvotes. (2025). Swissvotes – die Datenbank der eidgenössischen Volksabstimmungen. Abgerufen am 8.9.2025 von www.swissvotes.ch
source_comment: ",fr-CH,Initiative «pour l'extension de l'AVS et de l'AI»,,,de-CH,Initiative «zum Ausbau von AHV und IV»,,,,,,,exact,1995-06-25T12:00:00,,,rejected,,,de-CH,Abgelehnt,,en-US,Rejected,,fr-CH,Rejeté,
454,1,https://swissvotes.ch/vote/424.00,1,424,2,"[743,744,745]",[],,"page_number_string: 
notes: 
source_full_citation: Swissvotes. (2025). Swissvotes – die Datenbank der eidgenössischen Volksabstimmungen. Abgerufen am 8.9.2025 von www.swissvotes.ch
source_comment: ",de-CH,Gesetz über den Erwerb von Grundstücken durch Personen im Ausland,,,fr-CH,Loi sur l'acquisition d'immeubles par des personnes à l'étranger,,,,,,,exact,1995-06-25T12:00:00,,,rejected,,,de-CH,Abgelehnt,,en-US,Rejected,,fr-CH,Rejeté,
455,1,https://swissvotes.ch/vote/425.00,1,425,1,[746],[],,"page_number_string: 
notes: 
source_full_citation: Swissvotes. (2025). Swissvotes – die Datenbank der eidgenössischen Volksabstimmungen. Abgerufen am 8.9.2025 von www.swissvotes.ch
source_comment: ",fr-CH,Article sur les langues,,,de-CH,Sprachenartikel,,,,,,,exact,1996-03-10T12:00:00,,,accepted,,,de-CH,Angenommen,,en-US,Accepted,,fr-CH,Accepté,
456,1,https://swissvotes.ch/vote/426.00,1,426,1,[747],[],,"page_number_string: 
notes: 
source_full_citation: Swissvotes. (2025). Swissvotes – die Datenbank der eidgenössischen Volksabstimmungen. Abgerufen am 8.9.2025 von www.swissvotes.ch
source_comment: ",fr-CH,Transfert de la commune de Vellerat au canton du Jura,,,de-CH,Übertritt Vellerat zum Kanton Jura,,,,,,,exact,1996-03-10T12:00:00,,,accepted,,,de-CH,Angenommen,,en-US,Accepted,,fr-CH,Accepté,
457,1,https://swissvotes.ch/vote/427.00,1,427,1,"[748,749,750]",[],,"page_number_string: 
notes: 
source_full_citation: Swissvotes. (2025). Swissvotes – die Datenbank der eidgenössischen Volksabstimmungen. Abgerufen am 8.9.2025 von www.swissvotes.ch
source_comment: ",fr-CH,Compétence en matière de l'équipement personnel des militaires,,,de-CH,Zuständigkeit im Bereich der persönlichen militärischen Ausrüstung,,,,,,,exact,1996-03-10T12:00:00,,,rejected,,,de-CH,Abgelehnt,,en-US,Rejected,,fr-CH,Rejeté,
458,1,https://swissvotes.ch/vote/428.00,1,428,1,"[751,752]",[],,"page_number_string: 
notes: 
source_full_citation: Swissvotes. (2025). Swissvotes – die Datenbank der eidgenössischen Volksabstimmungen. Abgerufen am 8.9.2025 von www.swissvotes.ch
source_comment: ",fr-CH,Abrogation de l'obligation de rachat des appareils à distiller et de l'eau-de-vie,,,de-CH,Aufhebung der Pflicht zur Übernahme von Brennapparaten und Branntwein,,,,,,,exact,1996-03-10T12:00:00,,,accepted,,,de-CH,Angenommen,,en-US,Accepted,,fr-CH,Accepté,
459,1,https://swissvotes.ch/vote/429.00,1,429,1,"[753,754]",[],,"page_number_string: 
notes: 
source_full_citation: Swissvotes. (2025). Swissvotes – die Datenbank der eidgenössischen Volksabstimmungen. Abgerufen am 8.9.2025 von www.swissvotes.ch
source_comment: ",de-CH,Aufhebung der Beiträge an Bahnhofparkplätze,,,fr-CH,Suppression des contributions aux places de stationnement près des gares,,,,,,,exact,1996-03-10T12:00:00,,,accepted,,,de-CH,Angenommen,,en-US,Accepted,,fr-CH,Accepté,
460,1,https://swissvotes.ch/vote/430.00,1,430,4,"[755,756]",[],,"page_number_string: 
notes: 
source_full_citation: Swissvotes. (2025). Swissvotes – die Datenbank der eidgenössischen Volksabstimmungen. Abgerufen am 8.9.2025 von www.swissvotes.ch
source_comment: ",fr-CH,Article constitutionnel sur l'agriculture,,,de-CH,Verfassungsartikel zur Landwirtschaft,,,,,,,exact,1996-06-09T12:00:00,,,accepted,,,de-CH,Angenommen,,en-US,Accepted,,fr-CH,Accepté,
461,1,https://swissvotes.ch/vote/431.00,1,431,2,[757],[],,"page_number_string: 
notes: 
source_full_citation: Swissvotes. (2025). Swissvotes – die Datenbank der eidgenössischen Volksabstimmungen. Abgerufen am 8.9.2025 von www.swissvotes.ch
source_comment: ",fr-CH,Loi sur l'organisation du gouvernement et de l'administration,,,de-CH,Regierungs- und Verwaltungsorganisationsgesetz,,,,,,,exact,1996-06-09T12:00:00,,,rejected,,,de-CH,Abgelehnt,,en-US,Rejected,,fr-CH,Rejeté,
462,1,https://swissvotes.ch/vote/432.00,2,432,3,[758],[14],,"page_number_string: 
notes: 
source_full_citation: Swissvotes. (2025). Swissvotes – die Datenbank der eidgenössischen Volksabstimmungen. Abgerufen am 8.9.2025 von www.swissvotes.ch
source_comment: ",fr-CH,Initiative «contre l'immigration clandestine»,,,de-CH,Initiative «gegen die illegale Einwanderung»,,,,,,,exact,1996-12-01T12:00:00,,,rejected,,,de-CH,Abgelehnt,,en-US,Rejected,,fr-CH,Rejeté,
463,1,https://swissvotes.ch/vote/433.00,1,433,2,"[759,760]",[],,"page_number_string: 
notes: 
source_full_citation: Swissvotes. (2025). Swissvotes – die Datenbank der eidgenössischen Volksabstimmungen. Abgerufen am 8.9.2025 von www.swissvotes.ch
source_comment: ",de-CH,Arbeitsgesetz,,,fr-CH,Loi sur le travail,,,,,,,exact,1996-12-01T12:00:00,,,rejected,,,de-CH,Abgelehnt,,en-US,Rejected,,fr-CH,Rejeté,
464,1,https://swissvotes.ch/vote/434.00,2,434,3,"[761,762]",[],,"page_number_string: 
notes: 
source_full_citation: Swissvotes. (2025). Swissvotes – die Datenbank der eidgenössischen Volksabstimmungen. Abgerufen am 8.9.2025 von www.swissvotes.ch
source_comment: ",de-CH,Initiative «EU-Beitrittsverhandlungen vors Volk!»,,,fr-CH,Initiative «Négociations d'adhésion à l'UE: que le peuple décide!»,,,,,,,exact,1997-06-08T12:00:00,,,rejected,,,de-CH,Abgelehnt,,en-US,Rejected,,fr-CH,Rejeté,
465,1,https://swissvotes.ch/vote/435.00,2,435,3,"[763,764]",[],,"page_number_string: 
notes: 
source_full_citation: Swissvotes. (2025). Swissvotes – die Datenbank der eidgenössischen Volksabstimmungen. Abgerufen am 8.9.2025 von www.swissvotes.ch
source_comment: ",de-CH,Initiative «für ein Verbot der Kriegsmaterialausfuhr»,,,fr-CH,Initiative «pour l'interdiction d'exporter du matériel de guerre»,,,,,,,exact,1997-06-08T12:00:00,,,rejected,,,de-CH,Abgelehnt,,en-US,Rejected,,fr-CH,Rejeté,
466,1,https://swissvotes.ch/vote/436.00,1,436,1,"[765,766]",[],,"page_number_string: 
notes: 
source_full_citation: Swissvotes. (2025). Swissvotes – die Datenbank der eidgenössischen Volksabstimmungen. Abgerufen am 8.9.2025 von www.swissvotes.ch
source_comment: ",de-CH,Aufhebung des Pulverregals,,,fr-CH,Suppression de la régale des poudres,,,,,,,exact,1997-06-08T12:00:00,,,accepted,,,de-CH,Angenommen,,en-US,Accepted,,fr-CH,Accepté,
467,1,https://swissvotes.ch/vote/437.00,1,437,2,"[767,768]",[],,"page_number_string: 
notes: 
source_full_citation: Swissvotes. (2025). Swissvotes – die Datenbank der eidgenössischen Volksabstimmungen. Abgerufen am 8.9.2025 von www.swissvotes.ch
source_comment: ",fr-CH,Financement de l'assurance-chômage,,,de-CH,Finanzierung der Arbeitslosenversicherung,,,,,,,exact,1997-09-28T12:00:00,,,rejected,,,de-CH,Abgelehnt,,en-US,Rejected,,fr-CH,Rejeté,
468,1,https://swissvotes.ch/vote/438.00,2,438,3,[769],[],,"page_number_string: 
notes: 
source_full_citation: Swissvotes. (2025). Swissvotes – die Datenbank der eidgenössischen Volksabstimmungen. Abgerufen am 8.9.2025 von www.swissvotes.ch
source_comment: ",fr-CH,Initiative «Jeunesse sans drogue»,,,de-CH,Initiative «Jugend ohne Drogen»,,,,,,,exact,1997-09-28T12:00:00,,,rejected,,,de-CH,Abgelehnt,,en-US,Rejected,,fr-CH,Rejeté,
469,1,https://swissvotes.ch/vote/439.00,1,439,1,[770],[],,"page_number_string: 
notes: 
source_full_citation: Swissvotes. (2025). Swissvotes – die Datenbank der eidgenössischen Volksabstimmungen. Abgerufen am 8.9.2025 von www.swissvotes.ch
source_comment: ",de-CH,Haushaltsziel 2001,,,fr-CH,Objectif budgétaire 2001,,,,,,,exact,1998-06-07T12:00:00,,,accepted,,,de-CH,Angenommen,,en-US,Accepted,,fr-CH,Accepté,
470,1,https://swissvotes.ch/vote/440.00,2,440,3,"[771,772,773]",[],,"page_number_string: 
notes: 
source_full_citation: Swissvotes. (2025). Swissvotes – die Datenbank der eidgenössischen Volksabstimmungen. Abgerufen am 8.9.2025 von www.swissvotes.ch
source_comment: ",de-CH,«Gen-Schutz-Initiative»,,,fr-CH,«Initiative pour la protection génétique»,,,,,,,exact,1998-06-07T12:00:00,,,rejected,,,de-CH,Abgelehnt,,en-US,Rejected,,fr-CH,Rejeté,
471,1,https://swissvotes.ch/vote/441.00,2,441,3,"[774,775]",[],,"page_number_string: 
notes: 
source_full_citation: Swissvotes. (2025). Swissvotes – die Datenbank der eidgenössischen Volksabstimmungen. Abgerufen am 8.9.2025 von www.swissvotes.ch
source_comment: ",fr-CH,Initiative «S.o.S. - pour une Suisse sans police fouineuse»,,,de-CH,Initiative «S.o.S. - Schweiz ohne Schnüffelpolizei»,,,,,,,exact,1998-06-07T12:00:00,,,rejected,,,de-CH,Abgelehnt,,en-US,Rejected,,fr-CH,Rejeté,
472,1,https://swissvotes.ch/vote/442.00,1,442,2,"[776,777,778]",[],,"page_number_string: 
notes: 
source_full_citation: Swissvotes. (2025). Swissvotes – die Datenbank der eidgenössischen Volksabstimmungen. Abgerufen am 8.9.2025 von www.swissvotes.ch
source_comment: ",de-CH,Leistungsabhängige Schwerverkehrsabgabe (LSVA),,,fr-CH,Redevance sur les poids lourds liée aux prestations,,,,,,,exact,1998-09-27T12:00:00,,,accepted,,,de-CH,Angenommen,,en-US,Accepted,,fr-CH,Accepté,
473,1,https://swissvotes.ch/vote/443.00,2,443,3,"[779,780]",[],,"page_number_string: 
notes: 
source_full_citation: Swissvotes. (2025). Swissvotes – die Datenbank der eidgenössischen Volksabstimmungen. Abgerufen am 8.9.2025 von www.swissvotes.ch
source_comment: ",fr-CH,Initiative des petits paysans,,,de-CH,Kleinbauern-Initiative,,,,,,,exact,1998-09-27T12:00:00,,,rejected,,,de-CH,Abgelehnt,,en-US,Rejected,,fr-CH,Rejeté,
474,1,https://swissvotes.ch/vote/444.00,2,444,3,[781],[],,"page_number_string: 
notes: 
source_full_citation: Swissvotes. (2025). Swissvotes – die Datenbank der eidgenössischen Volksabstimmungen. Abgerufen am 8.9.2025 von www.swissvotes.ch
source_comment: ",de-CH,Initiative «für die 10. AHV-Revision ohne Erhöhung des Rentenalters»,,,fr-CH,Initiative «pour la 10e révision de l'AVS sans relèvement de l'âge de la retraite»,,,,,,,exact,1998-09-27T12:00:00,,,rejected,,,de-CH,Abgelehnt,,en-US,Rejected,,fr-CH,Rejeté,
475,1,https://swissvotes.ch/vote/445.00,1,445,1,"[782,783]",[],,"page_number_string: 
notes: 
source_full_citation: Swissvotes. (2025). Swissvotes – die Datenbank der eidgenössischen Volksabstimmungen. Abgerufen am 8.9.2025 von www.swissvotes.ch
source_comment: ",fr-CH,Financement des transports publics,,,de-CH,Finanzierung des öffentlichen Verkehrs (FinöV),,,,,,,exact,1998-11-29T12:00:00,,,accepted,,,de-CH,Angenommen,,en-US,Accepted,,fr-CH,Accepté,
476,1,https://swissvotes.ch/vote/446.00,1,446,1,[784],[],,"page_number_string: 
notes: 
source_full_citation: Swissvotes. (2025). Swissvotes – die Datenbank der eidgenössischen Volksabstimmungen. Abgerufen am 8.9.2025 von www.swissvotes.ch
source_comment: ",fr-CH,Article céréalier,,,de-CH,Getreideartikel,,,,,,,exact,1998-11-29T12:00:00,,,accepted,,,de-CH,Angenommen,,en-US,Accepted,,fr-CH,Accepté,
477,1,https://swissvotes.ch/vote/447.00,2,447,3,[785],[],,"page_number_string: 
notes: 
source_full_citation: Swissvotes. (2025). Swissvotes – die Datenbank der eidgenössischen Volksabstimmungen. Abgerufen am 8.9.2025 von www.swissvotes.ch
source_comment: ",de-CH,Initiative «für eine vernünftige Drogenpolitik»,,,fr-CH,Initiative «pour une politique raisonnable en matière de drogue»,,,,,,,exact,1998-11-29T12:00:00,,,rejected,,,de-CH,Abgelehnt,,en-US,Rejected,,fr-CH,Rejeté,
478,1,https://swissvotes.ch/vote/448.00,1,448,2,"[786,787]",[],,"page_number_string: 
notes: 
source_full_citation: Swissvotes. (2025). Swissvotes – die Datenbank der eidgenössischen Volksabstimmungen. Abgerufen am 8.9.2025 von www.swissvotes.ch
source_comment: ",de-CH,Arbeitsgesetz,,,fr-CH,Loi sur le travail,,,,,,,exact,1998-11-29T12:00:00,,,accepted,,,de-CH,Angenommen,,en-US,Accepted,,fr-CH,Accepté,
479,1,https://swissvotes.ch/vote/449.00,1,449,1,[788],[],,"page_number_string: 
notes: 
source_full_citation: Swissvotes. (2025). Swissvotes – die Datenbank der eidgenössischen Volksabstimmungen. Abgerufen am 8.9.2025 von www.swissvotes.ch
source_comment: ",fr-CH,Arrêté fédéral concernant l'éligibilité au Conseil fédéral,,,de-CH,Bundesbeschluss über die Wählbarkeit in den Bundesrat,,,,,,,exact,1999-02-07T12:00:00,,,accepted,,,de-CH,Angenommen,,en-US,Accepted,,fr-CH,Accepté,
480,1,https://swissvotes.ch/vote/450.00,1,450,1,[789],[],,"page_number_string: 
notes: 
source_full_citation: Swissvotes. (2025). Swissvotes – die Datenbank der eidgenössischen Volksabstimmungen. Abgerufen am 8.9.2025 von www.swissvotes.ch
source_comment: ",fr-CH,Article constitutionnel sur la médecine de la transplantation,,,de-CH,Verfassungsbestimmung über die Transplantationsmedizin,,,,,,,exact,1999-02-07T12:00:00,,,accepted,,,de-CH,Angenommen,,en-US,Accepted,,fr-CH,Accepté,
481,1,https://swissvotes.ch/vote/451.00,2,451,3,"[790,791]",[],,"page_number_string: 
notes: 
source_full_citation: Swissvotes. (2025). Swissvotes – die Datenbank der eidgenössischen Volksabstimmungen. Abgerufen am 8.9.2025 von www.swissvotes.ch
source_comment: ",fr-CH,Initiative «Propriété du logement pour tous»,,,de-CH,Wohneigentums-Initiative,,,,,,,exact,1999-02-07T12:00:00,,,rejected,,,de-CH,Abgelehnt,,en-US,Rejected,,fr-CH,Rejeté,
482,1,https://swissvotes.ch/vote/452.00,1,452,2,"[792,793]",[],,"page_number_string: 
notes: 
source_full_citation: Swissvotes. (2025). Swissvotes – die Datenbank der eidgenössischen Volksabstimmungen. Abgerufen am 8.9.2025 von www.swissvotes.ch
source_comment: ",fr-CH,Loi sur l'aménagement du territoire,,,de-CH,Raumplanungsgesetz,,,,,,,exact,1999-02-07T12:00:00,,,accepted,,,de-CH,Angenommen,,en-US,Accepted,,fr-CH,Accepté,
483,1,https://swissvotes.ch/vote/453.00,1,453,1,[794],[],,"page_number_string: 
notes: 
source_full_citation: Swissvotes. (2025). Swissvotes – die Datenbank der eidgenössischen Volksabstimmungen. Abgerufen am 8.9.2025 von www.swissvotes.ch
source_comment: ",de-CH,Neue Bundesverfassung,,,fr-CH,Nouvelle Constitution fédérale,,,,,,,exact,1999-04-18T12:00:00,,,accepted,,,de-CH,Angenommen,,en-US,Accepted,,fr-CH,Accepté,
484,1,https://swissvotes.ch/vote/454.00,1,454,2,[795],[],,"page_number_string: 
notes: 
source_full_citation: Swissvotes. (2025). Swissvotes – die Datenbank der eidgenössischen Volksabstimmungen. Abgerufen am 8.9.2025 von www.swissvotes.ch
source_comment: ",de-CH,Asylgesetz,,,fr-CH,Loi sur l'asile,,,,,,,exact,1999-06-13T12:00:00,,,accepted,,,de-CH,Angenommen,,en-US,Accepted,,fr-CH,Accepté,
485,1,https://swissvotes.ch/vote/455.00,1,455,2,[796],[],,"page_number_string: 
notes: 
source_full_citation: Swissvotes. (2025). Swissvotes – die Datenbank der eidgenössischen Volksabstimmungen. Abgerufen am 8.9.2025 von www.swissvotes.ch
source_comment: ",de-CH,Massnahmen im Asyl- und Ausländerbereich,,,fr-CH,Mesures dans le domaine de l'asile et des étrangers,,,,,,,exact,1999-06-13T12:00:00,,,accepted,,,de-CH,Angenommen,,en-US,Accepted,,fr-CH,Accepté,
486,1,https://swissvotes.ch/vote/456.00,1,456,2,[797],[],,"page_number_string: 
notes: 
source_full_citation: Swissvotes. (2025). Swissvotes – die Datenbank der eidgenössischen Volksabstimmungen. Abgerufen am 8.9.2025 von www.swissvotes.ch
source_comment: ",fr-CH,Arrêté fédéral sur la prescription médicale d'héroïne,,,de-CH,Bundesbeschluss über die ärztliche Verschreibung von Heroin,,,,,,,exact,1999-06-13T12:00:00,,,accepted,,,de-CH,Angenommen,,en-US,Accepted,,fr-CH,Accepté,
487,1,https://swissvotes.ch/vote/457.00,1,457,2,[798],[],,"page_number_string: 
notes: 
source_full_citation: Swissvotes. (2025). Swissvotes – die Datenbank der eidgenössischen Volksabstimmungen. Abgerufen am 8.9.2025 von www.swissvotes.ch
source_comment: ",de-CH,Gesetz über die Invalidenversicherung,,,fr-CH,Loi sur l'assurance-invalidité,,,,,,,exact,1999-06-13T12:00:00,,,rejected,,,de-CH,Abgelehnt,,en-US,Rejected,,fr-CH,Rejeté,
488,1,https://swissvotes.ch/vote/458.00,1,458,2,[799],[],,"page_number_string: 
notes: 
source_full_citation: Swissvotes. (2025). Swissvotes – die Datenbank der eidgenössischen Volksabstimmungen. Abgerufen am 8.9.2025 von www.swissvotes.ch
source_comment: ",de-CH,Gesetz über die Mutterschaftsversicherung,,,fr-CH,Loi sur l'assurance-maternité,,,,,,,exact,1999-06-13T12:00:00,,,rejected,,,de-CH,Abgelehnt,,en-US,Rejected,,fr-CH,Rejeté,
489,1,https://swissvotes.ch/vote/459.00,1,459,1,[800],[],,"page_number_string: 
notes: 
source_full_citation: Swissvotes. (2025). Swissvotes – die Datenbank der eidgenössischen Volksabstimmungen. Abgerufen am 8.9.2025 von www.swissvotes.ch
source_comment: ",de-CH,Justizreform,,,fr-CH,Réforme de la justice,,,,,,,exact,2000-03-12T12:00:00,,,accepted,,,de-CH,Angenommen,,en-US,Accepted,,fr-CH,Accepté,
490,1,https://swissvotes.ch/vote/460.00,2,460,3,[801],[],,"page_number_string: 
notes: 
source_full_citation: Swissvotes. (2025). Swissvotes – die Datenbank der eidgenössischen Volksabstimmungen. Abgerufen am 8.9.2025 von www.swissvotes.ch
source_comment: ",de-CH,Initiative «für die Beschleunigung der direkten Demokratie»,,,fr-CH,Initiative «pour une démocratie directe plus rapide»,,,,,,,exact,2000-03-12T12:00:00,,,rejected,,,de-CH,Abgelehnt,,en-US,Rejected,,fr-CH,Rejeté,
491,1,https://swissvotes.ch/vote/461.00,2,461,3,"[802,803]",[],,"page_number_string: 
notes: 
source_full_citation: Swissvotes. (2025). Swissvotes – die Datenbank der eidgenössischen Volksabstimmungen. Abgerufen am 8.9.2025 von www.swissvotes.ch
source_comment: ",de-CH,Initiative «für eine gerechte Vertretung der Frauen in den Bundesbehörden»,,,fr-CH,Initiative «pour une représentation équitable des femmes dans les autorités fédérales»,,,,,,,exact,2000-03-12T12:00:00,,,rejected,,,de-CH,Abgelehnt,,en-US,Rejected,,fr-CH,Rejeté,
492,1,https://swissvotes.ch/vote/462.00,2,462,3,"[804,805]",[],,"page_number_string: 
notes: 
source_full_citation: Swissvotes. (2025). Swissvotes – die Datenbank der eidgenössischen Volksabstimmungen. Abgerufen am 8.9.2025 von www.swissvotes.ch
source_comment: ",de-CH,Initiative «für menschenwürdige Fortpflanzung»,,,fr-CH,Initiative «pour une procréation respectant la dignité humaine»,,,,,,,exact,2000-03-12T12:00:00,,,rejected,,,de-CH,Abgelehnt,,en-US,Rejected,,fr-CH,Rejeté,
493,1,https://swissvotes.ch/vote/463.00,2,463,3,"[806,807]",[],,"page_number_string: 
notes: 
source_full_citation: Swissvotes. (2025). Swissvotes – die Datenbank der eidgenössischen Volksabstimmungen. Abgerufen am 8.9.2025 von www.swissvotes.ch
source_comment: ",fr-CH,«Initiative pour la réduction du trafic»,,,de-CH,«Verkehrshalbierungs-Initiative»,,,,,,,exact,2000-03-12T12:00:00,,,rejected,,,de-CH,Abgelehnt,,en-US,Rejected,,fr-CH,Rejeté,
494,1,https://swissvotes.ch/vote/464.00,1,464,2,[808],[],,"page_number_string: 
notes: 
source_full_citation: Swissvotes. (2025). Swissvotes – die Datenbank der eidgenössischen Volksabstimmungen. Abgerufen am 8.9.2025 von www.swissvotes.ch
source_comment: ",fr-CH,Accords bilatéraux avec l'UE,,,de-CH,Bilaterale Abkommen mit der EU,,,,,,,exact,2000-05-21T12:00:00,,,accepted,,,de-CH,Angenommen,,en-US,Accepted,,fr-CH,Accepté,
495,1,https://swissvotes.ch/vote/465.10,2,465.1,3,"[809,810,811]",[],,"page_number_string: 
notes: 
source_full_citation: Swissvotes. (2025). Swissvotes – die Datenbank der eidgenössischen Volksabstimmungen. Abgerufen am 8.9.2025 von www.swissvotes.ch
source_comment: ",fr-CH,Initiative solaire,,,de-CH,Solarinitiative,,,,,,,exact,2000-09-24T12:00:00,,,rejected,,,de-CH,Abgelehnt,,en-US,Rejected,,fr-CH,Rejeté,
496,1,https://swissvotes.ch/vote/465.20,1,465.2,4,"[812,813,814]",[],,"page_number_string: 
notes: 
source_full_citation: Swissvotes. (2025). Swissvotes – die Datenbank der eidgenössischen Volksabstimmungen. Abgerufen am 8.9.2025 von www.swissvotes.ch
source_comment: ",de-CH,Förderabgabe für erneuerbare Energien,,,fr-CH,Redevance pour l'encouragement des énergies renouvelables,,,,,,,exact,2000-09-24T12:00:00,,,rejected,,,de-CH,Abgelehnt,,en-US,Rejected,,fr-CH,Rejeté,
497,1,https://swissvotes.ch/vote/465.30,8,465.3,5,"[815,816,817]",[],,"page_number_string: 
notes: 
source_full_citation: Swissvotes. (2025). Swissvotes – die Datenbank der eidgenössischen Volksabstimmungen. Abgerufen am 8.9.2025 von www.swissvotes.ch
source_comment: ",fr-CH,Question subsidiaire sur l'initiative solaire et le contre-projet,,,de-CH,Stichfrage zu Solarinitiative und Gegenentwurf,,,,,,,exact,2000-09-24T12:00:00,,,,,,,,,,,,,,
498,1,https://swissvotes.ch/vote/466.00,1,466,4,"[818,819,820]",[],,"page_number_string: 
notes: 
source_full_citation: Swissvotes. (2025). Swissvotes – die Datenbank der eidgenössischen Volksabstimmungen. Abgerufen am 8.9.2025 von www.swissvotes.ch
source_comment: ",de-CH,Energielenkungsabgabe für die Umwelt,,,fr-CH,Redevance incitative sur l'énergie en faveur de l'environnement,,,,,,,exact,2000-09-24T12:00:00,,,rejected,,,de-CH,Abgelehnt,,en-US,Rejected,,fr-CH,Rejeté,
499,1,https://swissvotes.ch/vote/467.00,2,467,3,[821],[],,"page_number_string: 
notes: 
source_full_citation: Swissvotes. (2025). Swissvotes – die Datenbank der eidgenössischen Volksabstimmungen. Abgerufen am 8.9.2025 von www.swissvotes.ch
source_comment: ",de-CH,Initiative «für eine Regelung der Zuwanderung»,,,fr-CH,Initiative «pour une réglementation de l'immigration»,,,,,,,exact,2000-09-24T12:00:00,,,rejected,,,de-CH,Abgelehnt,,en-US,Rejected,,fr-CH,Rejeté,
500,1,https://swissvotes.ch/vote/468.00,2,468,3,[822],[],,"page_number_string: 
notes: 
source_full_citation: Swissvotes. (2025). Swissvotes – die Datenbank der eidgenössischen Volksabstimmungen. Abgerufen am 8.9.2025 von www.swissvotes.ch
source_comment: ",de-CH,Initiative für ein konstruktives Referendum,,,fr-CH,Initiative pour un référendum constructif,,,,,,,exact,2000-09-24T12:00:00,,,rejected,,,de-CH,Abgelehnt,,en-US,Rejected,,fr-CH,Rejeté,
501,1,https://swissvotes.ch/vote/469.00,2,469,3,[823],[],,"page_number_string: 
notes: 
source_full_citation: Swissvotes. (2025). Swissvotes – die Datenbank der eidgenössischen Volksabstimmungen. Abgerufen am 8.9.2025 von www.swissvotes.ch
source_comment: ",de-CH,Initiative «für eine Flexibilisierung der AHV - gegen die Erhöhung des Rentenalters für Frauen»,,,fr-CH,Initiative «pour un assouplissement de l'AVS - contre le relèvement de l'âge de la retraite des femmes»,,,,,,,exact,2000-11-26T12:00:00,,,rejected,,,de-CH,Abgelehnt,,en-US,Rejected,,fr-CH,Rejeté,
502,1,https://swissvotes.ch/vote/470.00,2,470,3,[824],[],,"page_number_string: 
notes: 
source_full_citation: Swissvotes. (2025). Swissvotes – die Datenbank der eidgenössischen Volksabstimmungen. Abgerufen am 8.9.2025 von www.swissvotes.ch
source_comment: ",de-CH,Initiative «für ein flexibles Rentenalter ab 62 für Frau und Mann»,,,fr-CH,Initiative pour une retraite à la carte dès 62 ans pour les femmes et pour les hommes,,,,,,,exact,2000-11-26T12:00:00,,,rejected,,,de-CH,Abgelehnt,,en-US,Rejected,,fr-CH,Rejeté,
503,1,https://swissvotes.ch/vote/471.00,2,471,3,[825],[],,"page_number_string: 
notes: 
source_full_citation: Swissvotes. (2025). Swissvotes – die Datenbank der eidgenössischen Volksabstimmungen. Abgerufen am 8.9.2025 von www.swissvotes.ch
source_comment: ",fr-CH,«Initiative en faveur d'une redistribution des dépenses»,,,de-CH,«Umverteilungsinitiative»,,,,,,,exact,2000-11-26T12:00:00,,,rejected,,,de-CH,Abgelehnt,,en-US,Rejected,,fr-CH,Rejeté,
504,1,https://swissvotes.ch/vote/472.00,2,472,3,[826],[],,"page_number_string: 
notes: 
source_full_citation: Swissvotes. (2025). Swissvotes – die Datenbank der eidgenössischen Volksabstimmungen. Abgerufen am 8.9.2025 von www.swissvotes.ch
source_comment: ",de-CH,Initiative «für tiefere Spitalkosten»,,,fr-CH,Initiative «pour des coûts hospitaliers moins élevés»,,,,,,,exact,2000-11-26T12:00:00,,,rejected,,,de-CH,Abgelehnt,,en-US,Rejected,,fr-CH,Rejeté,
505,1,https://swissvotes.ch/vote/473.00,1,473,2,[827],[],,"page_number_string: 
notes: 
source_full_citation: Swissvotes. (2025). Swissvotes – die Datenbank der eidgenössischen Volksabstimmungen. Abgerufen am 8.9.2025 von www.swissvotes.ch
source_comment: ",de-CH,Bundespersonalgesetz,,,fr-CH,Loi sur le personnel de la Confédération,,,,,,,exact,2000-11-26T12:00:00,,,accepted,,,de-CH,Angenommen,,en-US,Accepted,,fr-CH,Accepté,
506,1,https://swissvotes.ch/vote/474.00,2,474,3,[828],[],,"page_number_string: 
notes: 
source_full_citation: Swissvotes. (2025). Swissvotes – die Datenbank der eidgenössischen Volksabstimmungen. Abgerufen am 8.9.2025 von www.swissvotes.ch
source_comment: ",de-CH,Initiative «Ja zu Europa!»,,,fr-CH,Initiative «Oui à l'Europe!»,,,,,,,exact,2001-03-04T12:00:00,,,rejected,,,de-CH,Abgelehnt,,en-US,Rejected,,fr-CH,Rejeté,
507,1,https://swissvotes.ch/vote/475.00,2,475,3,[829],[],,"page_number_string: 
notes: 
source_full_citation: Swissvotes. (2025). Swissvotes – die Datenbank der eidgenössischen Volksabstimmungen. Abgerufen am 8.9.2025 von www.swissvotes.ch
source_comment: ",de-CH,Initiative «für tiefere Arzneimittelpreise»,,,fr-CH,Initiative «pour des médicaments à moindre prix»,,,,,,,exact,2001-03-04T12:00:00,,,rejected,,,de-CH,Abgelehnt,,en-US,Rejected,,fr-CH,Rejeté,
508,1,https://swissvotes.ch/vote/476.00,2,476,3,"[830,831]",[],,"page_number_string: 
notes: 
source_full_citation: Swissvotes. (2025). Swissvotes – die Datenbank der eidgenössischen Volksabstimmungen. Abgerufen am 8.9.2025 von www.swissvotes.ch
source_comment: ",fr-CH,Initiative «Rues pour tous» (vitesse maximale de 30 km/h),,,de-CH,Initiative «Strassen für alle» (Tempo 30),,,,,,,exact,2001-03-04T12:00:00,,,rejected,,,de-CH,Abgelehnt,,en-US,Rejected,,fr-CH,Rejeté,
509,1,https://swissvotes.ch/vote/477.00,1,477,2,[832],[],,"page_number_string: 
notes: 
source_full_citation: Swissvotes. (2025). Swissvotes – die Datenbank der eidgenössischen Volksabstimmungen. Abgerufen am 8.9.2025 von www.swissvotes.ch
source_comment: ",fr-CH,Loi sur l'armée: armement,,,de-CH,Militärgesetz: Bewaffnung,,,,,,,exact,2001-06-10T12:00:00,,,accepted,,,de-CH,Angenommen,,en-US,Accepted,,fr-CH,Accepté,
510,1,https://swissvotes.ch/vote/478.00,1,478,2,[833],[],,"page_number_string: 
notes: 
source_full_citation: Swissvotes. (2025). Swissvotes – die Datenbank der eidgenössischen Volksabstimmungen. Abgerufen am 8.9.2025 von www.swissvotes.ch
source_comment: ",fr-CH,Loi sur l'armée: coopération en matière d'instruction,,,de-CH,Militärgesetz: Ausbildungszusammenarbeit,,,,,,,exact,2001-06-10T12:00:00,,,accepted,,,de-CH,Angenommen,,en-US,Accepted,,fr-CH,Accepté,
511,1,https://swissvotes.ch/vote/479.00,1,479,1,[834],[],,"page_number_string: 
notes: 
source_full_citation: Swissvotes. (2025). Swissvotes – die Datenbank der eidgenössischen Volksabstimmungen. Abgerufen am 8.9.2025 von www.swissvotes.ch
source_comment: ",de-CH,Aufhebung des Bistumsartikels,,,fr-CH,Suppression de l'article sur les évêchés,,,,,,,exact,2001-06-10T12:00:00,,,accepted,,,de-CH,Angenommen,,en-US,Accepted,,fr-CH,Accepté,
512,1,https://swissvotes.ch/vote/480.00,1,480,1,[835],[],,"page_number_string: 
notes: 
source_full_citation: Swissvotes. (2025). Swissvotes – die Datenbank der eidgenössischen Volksabstimmungen. Abgerufen am 8.9.2025 von www.swissvotes.ch
source_comment: ",fr-CH,Frein à l'endettement,,,de-CH,Schuldenbremse,,,,,,,exact,2001-12-02T12:00:00,,,accepted,,,de-CH,Angenommen,,en-US,Accepted,,fr-CH,Accepté,
513,1,https://swissvotes.ch/vote/481.00,2,481,3,"[836,837,838]",[],,"page_number_string: 
notes: 
source_full_citation: Swissvotes. (2025). Swissvotes – die Datenbank der eidgenössischen Volksabstimmungen. Abgerufen am 8.9.2025 von www.swissvotes.ch
source_comment: ",de-CH,Initiative «Energie statt Arbeit besteuern»,,,fr-CH,Initiative «Taxer l'énergie et non le travail»,,,,,,,exact,2001-12-02T12:00:00,,,rejected,,,de-CH,Abgelehnt,,en-US,Rejected,,fr-CH,Rejeté,
514,1,https://swissvotes.ch/vote/482.00,2,482,3,[839],[],,"page_number_string: 
notes: 
source_full_citation: Swissvotes. (2025). Swissvotes – die Datenbank der eidgenössischen Volksabstimmungen. Abgerufen am 8.9.2025 von www.swissvotes.ch
source_comment: ",de-CH,Initiative für eine Schweiz ohne Armee,,,fr-CH,Initiative pour une Suisse sans armée,,,,,,,exact,2001-12-02T12:00:00,,,rejected,,,de-CH,Abgelehnt,,en-US,Rejected,,fr-CH,Rejeté,
515,1,https://swissvotes.ch/vote/483.00,2,483,3,[840],[],,"page_number_string: 
notes: 
source_full_citation: Swissvotes. (2025). Swissvotes – die Datenbank der eidgenössischen Volksabstimmungen. Abgerufen am 8.9.2025 von www.swissvotes.ch
source_comment: ",de-CH,Initiative «Für einen freiwilligen zivilen Friedensdienst»,,,fr-CH,Initiative «Pour un service civil volontaire pour la paix»,,,,,,,exact,2001-12-02T12:00:00,,,rejected,,,de-CH,Abgelehnt,,en-US,Rejected,,fr-CH,Rejeté,
516,1,https://swissvotes.ch/vote/484.00,2,484,3,[841],[],,"page_number_string: 
notes: 
source_full_citation: Swissvotes. (2025). Swissvotes – die Datenbank der eidgenössischen Volksabstimmungen. Abgerufen am 8.9.2025 von www.swissvotes.ch
source_comment: ",de-CH,Initiative «für eine Kapitalgewinnsteuer»,,,fr-CH,Initiative «pour un impôt sur les gains en capital»,,,,,,,exact,2001-12-02T12:00:00,,,rejected,,,de-CH,Abgelehnt,,en-US,Rejected,,fr-CH,Rejeté,
517,1,https://swissvotes.ch/vote/485.00,1,485,3,[842],[],,"page_number_string: 
notes: 
source_full_citation: Swissvotes. (2025). Swissvotes – die Datenbank der eidgenössischen Volksabstimmungen. Abgerufen am 8.9.2025 von www.swissvotes.ch
source_comment: ",de-CH,Initiative für den UNO-Beitritt,,,fr-CH,Initiative pour l'adhésion à l'ONU,,,,,,,exact,2002-03-03T12:00:00,,,accepted,,,de-CH,Angenommen,,en-US,Accepted,,fr-CH,Accepté,
518,1,https://swissvotes.ch/vote/486.00,2,486,3,[843],[],,"page_number_string: 
notes: 
source_full_citation: Swissvotes. (2025). Swissvotes – die Datenbank der eidgenössischen Volksabstimmungen. Abgerufen am 8.9.2025 von www.swissvotes.ch
source_comment: ",de-CH,Initiative «für eine kürzere Arbeitszeit»,,,fr-CH,Initiative «pour une durée du travail réduite»,,,,,,,exact,2002-03-03T12:00:00,,,rejected,,,de-CH,Abgelehnt,,en-US,Rejected,,fr-CH,Rejeté,
519,1,https://swissvotes.ch/vote/487.00,1,487,2,"[844,845]",[],,"page_number_string: 
notes: 
source_full_citation: Swissvotes. (2025). Swissvotes – die Datenbank der eidgenössischen Volksabstimmungen. Abgerufen am 8.9.2025 von www.swissvotes.ch
source_comment: ",de-CH,Fristenregelung (Schwangerschaftsabbruch),,,fr-CH,Régime du délai (interruption de grossesse),,,,,,,exact,2002-06-02T12:00:00,,,accepted,,,de-CH,Angenommen,,en-US,Accepted,,fr-CH,Accepté,
520,1,https://swissvotes.ch/vote/488.00,2,488,3,"[846,847]",[],,"page_number_string: 
notes: 
source_full_citation: Swissvotes. (2025). Swissvotes – die Datenbank der eidgenössischen Volksabstimmungen. Abgerufen am 8.9.2025 von www.swissvotes.ch
source_comment: ",de-CH,Initiative «Für Mutter und Kind»,,,fr-CH,Initiative «Pour la mère et l'enfant»,,,,,,,exact,2002-06-02T12:00:00,,,rejected,,,de-CH,Abgelehnt,,en-US,Rejected,,fr-CH,Rejeté,
521,1,https://swissvotes.ch/vote/489.10,2,489.1,3,"[848,849]",[13],,"page_number_string: 
notes: 
source_full_citation: Swissvotes. (2025). Swissvotes – die Datenbank der eidgenössischen Volksabstimmungen. Abgerufen am 8.9.2025 von www.swissvotes.ch
source_comment: ",de-CH,«Goldinitiative»,,,fr-CH,«Initiative sur l'or»,,,,,,,exact,2002-09-22T12:00:00,,,rejected,,,de-CH,Abgelehnt,,en-US,Rejected,,fr-CH,Rejeté,
522,1,https://swissvotes.ch/vote/489.20,1,489.2,4,"[850,851,852]",[],,"page_number_string: 
notes: 
source_full_citation: Swissvotes. (2025). Swissvotes – die Datenbank der eidgenössischen Volksabstimmungen. Abgerufen am 8.9.2025 von www.swissvotes.ch
source_comment: ",fr-CH,"Contre-projet «L'or à l’AVS, aux cantons et à la Fondation»",,,de-CH,"Gegenentwurf «Gold für AHV, Kantone und Stiftung»",,,,,,,exact,2002-09-22T12:00:00,,,rejected,,,de-CH,Abgelehnt,,en-US,Rejected,,fr-CH,Rejeté,
523,1,https://swissvotes.ch/vote/489.30,8,489.3,5,"[853,854,855]",[],,"page_number_string: 
notes: 
source_full_citation: Swissvotes. (2025). Swissvotes – die Datenbank der eidgenössischen Volksabstimmungen. Abgerufen am 8.9.2025 von www.swissvotes.ch
source_comment: ",fr-CH,Question subsidiaire sur l'«Initiative sur l'or» et le contre-projet,,,de-CH,Stichfrage zu Goldinitiative und Gegenentwurf,,,,,,,exact,2002-09-22T12:00:00,,,,,,,,,,,,,,
524,1,https://swissvotes.ch/vote/490.00,1,490,2,[856],[],,"page_number_string: 
notes: 
source_full_citation: Swissvotes. (2025). Swissvotes – die Datenbank der eidgenössischen Volksabstimmungen. Abgerufen am 8.9.2025 von www.swissvotes.ch
source_comment: ",de-CH,Elektrizitätsmarktgesetz,,,fr-CH,Loi sur le marché de l'électricité,,,,,,,exact,2002-09-22T12:00:00,,,rejected,,,de-CH,Abgelehnt,,en-US,Rejected,,fr-CH,Rejeté,
525,1,https://swissvotes.ch/vote/491.00,2,491,3,[857],[],,"page_number_string: 
notes: 
source_full_citation: Swissvotes. (2025). Swissvotes – die Datenbank der eidgenössischen Volksabstimmungen. Abgerufen am 8.9.2025 von www.swissvotes.ch
source_comment: ",fr-CH,Initiative «contre les abus dans le droit d'asile»,,,de-CH,Initiative «gegen Asylrechtsmissbrauch»,,,,,,,exact,2002-11-24T12:00:00,,,rejected,,,de-CH,Abgelehnt,,en-US,Rejected,,fr-CH,Rejeté,
526,1,https://swissvotes.ch/vote/492.00,1,492,2,[858],[],,"page_number_string: 
notes: 
source_full_citation: Swissvotes. (2025). Swissvotes – die Datenbank der eidgenössischen Volksabstimmungen. Abgerufen am 8.9.2025 von www.swissvotes.ch
source_comment: ",de-CH,Arbeitslosenversicherungsgesetz,,,fr-CH,Loi sur l'assurance-chômage,,,,,,,exact,2002-11-24T12:00:00,,,accepted,,,de-CH,Angenommen,,en-US,Accepted,,fr-CH,Accepté,
527,1,https://swissvotes.ch/vote/493.00,1,493,1,[859],[],,"page_number_string: 
notes: 
source_full_citation: Swissvotes. (2025). Swissvotes – die Datenbank der eidgenössischen Volksabstimmungen. Abgerufen am 8.9.2025 von www.swissvotes.ch
source_comment: ",de-CH,Bundesbeschluss über die Änderung der Volksrechte,,,fr-CH,Révision des droits populaires,,,,,,,exact,2003-02-09T12:00:00,,,accepted,,,de-CH,Angenommen,,en-US,Accepted,,fr-CH,Accepté,
528,1,https://swissvotes.ch/vote/494.00,1,494,2,[860],[],,"page_number_string: 
notes: 
source_full_citation: Swissvotes. (2025). Swissvotes – die Datenbank der eidgenössischen Volksabstimmungen. Abgerufen am 8.9.2025 von www.swissvotes.ch
source_comment: ",de-CH,Gesetz über die kantonalen Beiträge an Spitalbehandlungen,,,fr-CH,Loi sur les participations cantonales aux coûts des traitements hospitaliers,,,,,,,exact,2003-02-09T12:00:00,,,accepted,,,de-CH,Angenommen,,en-US,Accepted,,fr-CH,Accepté,
529,1,https://swissvotes.ch/vote/495.00,1,495,2,[861],[],,"page_number_string: 
notes: 
source_full_citation: Swissvotes. (2025). Swissvotes – die Datenbank der eidgenössischen Volksabstimmungen. Abgerufen am 8.9.2025 von www.swissvotes.ch
source_comment: ",de-CH,Armee XXI,,,fr-CH,Armée XXI,,,,,,,exact,2003-05-18T12:00:00,,,accepted,,,de-CH,Angenommen,,en-US,Accepted,,fr-CH,Accepté,
530,1,https://swissvotes.ch/vote/496.00,1,496,2,[862],[],,"page_number_string: 
notes: 
source_full_citation: Swissvotes. (2025). Swissvotes – die Datenbank der eidgenössischen Volksabstimmungen. Abgerufen am 8.9.2025 von www.swissvotes.ch
source_comment: ",de-CH,Gesetz über den Zivilschutz,,,fr-CH,Loi sur la protection civile,,,,,,,exact,2003-05-18T12:00:00,,,accepted,,,de-CH,Angenommen,,en-US,Accepted,,fr-CH,Accepté,
531,1,https://swissvotes.ch/vote/497.00,2,497,3,[863],[],,"page_number_string: 
notes: 
source_full_citation: Swissvotes. (2025). Swissvotes – die Datenbank der eidgenössischen Volksabstimmungen. Abgerufen am 8.9.2025 von www.swissvotes.ch
source_comment: ",de-CH,Initiative «Ja zu fairen Mieten»,,,fr-CH,Initiative «pour des loyers loyaux»,,,,,,,exact,2003-05-18T12:00:00,,,rejected,,,de-CH,Abgelehnt,,en-US,Rejected,,fr-CH,Rejeté,
532,1,https://swissvotes.ch/vote/498.00,2,498,3,[864],[],,"page_number_string: 
notes: 
source_full_citation: Swissvotes. (2025). Swissvotes – die Datenbank der eidgenössischen Volksabstimmungen. Abgerufen am 8.9.2025 von www.swissvotes.ch
source_comment: ",de-CH,Initiative «Für einen autofreien Sonntag pro Jahreszeit»,,,fr-CH,Initiative «Pour un dimanche sans voitures par saison»,,,,,,,exact,2003-05-18T12:00:00,,,rejected,,,de-CH,Abgelehnt,,en-US,Rejected,,fr-CH,Rejeté,
533,1,https://swissvotes.ch/vote/499.00,2,499,3,[865],[],,"page_number_string: 
notes: 
source_full_citation: Swissvotes. (2025). Swissvotes – die Datenbank der eidgenössischen Volksabstimmungen. Abgerufen am 8.9.2025 von www.swissvotes.ch
source_comment: ",de-CH,«Gesundheitsinitiative»,,,fr-CH,«Initiative-santé»,,,,,,,exact,2003-05-18T12:00:00,,,rejected,,,de-CH,Abgelehnt,,en-US,Rejected,,fr-CH,Rejeté,
534,1,https://swissvotes.ch/vote/500.00,2,500,3,"[866,867]",[],,"page_number_string: 
notes: 
source_full_citation: Swissvotes. (2025). Swissvotes – die Datenbank der eidgenössischen Volksabstimmungen. Abgerufen am 8.9.2025 von www.swissvotes.ch
source_comment: ",fr-CH,Initiative «Droits égaux pour les personnes handicapées»,,,de-CH,Initiative «Gleiche Rechte für Behinderte»,,,,,,,exact,2003-05-18T12:00:00,,,rejected,,,de-CH,Abgelehnt,,en-US,Rejected,,fr-CH,Rejeté,
535,1,https://swissvotes.ch/vote/501.00,2,501,3,"[868,869]",[],,"page_number_string: 
notes: 
source_full_citation: Swissvotes. (2025). Swissvotes – die Datenbank der eidgenössischen Volksabstimmungen. Abgerufen am 8.9.2025 von www.swissvotes.ch
source_comment: ",fr-CH,Initiative «Sortir du nucléaire»,,,de-CH,Initiative «Strom ohne Atom»,,,,,,,exact,2003-05-18T12:00:00,,,rejected,,,de-CH,Abgelehnt,,en-US,Rejected,,fr-CH,Rejeté,
536,1,https://swissvotes.ch/vote/502.00,2,502,3,"[870,871]",[],,"page_number_string: 
notes: 
source_full_citation: Swissvotes. (2025). Swissvotes – die Datenbank der eidgenössischen Volksabstimmungen. Abgerufen am 8.9.2025 von www.swissvotes.ch
source_comment: ",fr-CH,Initiative «Moratoire-plus»,,,de-CH,Initiative «MoratoriumPlus»,,,,,,,exact,2003-05-18T12:00:00,,,rejected,,,de-CH,Abgelehnt,,en-US,Rejected,,fr-CH,Rejeté,
537,1,https://swissvotes.ch/vote/503.00,2,503,3,"[872,873,874]",[],,"page_number_string: 
notes: 
source_full_citation: Swissvotes. (2025). Swissvotes – die Datenbank der eidgenössischen Volksabstimmungen. Abgerufen am 8.9.2025 von www.swissvotes.ch
source_comment: ",de-CH,«Lehrstellen-Initiative»,,,fr-CH,Initiative «Pour des places d'apprentissage»,,,,,,,exact,2003-05-18T12:00:00,,,rejected,,,de-CH,Abgelehnt,,en-US,Rejected,,fr-CH,Rejeté,
538,1,https://swissvotes.ch/vote/504.00,1,504,4,[875],[],,"page_number_string: 
notes: 
source_full_citation: Swissvotes. (2025). Swissvotes – die Datenbank der eidgenössischen Volksabstimmungen. Abgerufen am 8.9.2025 von www.swissvotes.ch
source_comment: ",fr-CH,Contre-projet relatif à l'initiative Avanti,,,de-CH,Gegenentwurf zur Avanti-Initiative,,,,,,,exact,2004-02-08T12:00:00,,,rejected,,,de-CH,Abgelehnt,,en-US,Rejected,,fr-CH,Rejeté,
539,1,https://swissvotes.ch/vote/505.00,1,505,2,"[876,877]",[],,"page_number_string: 
notes: 
source_full_citation: Swissvotes. (2025). Swissvotes – die Datenbank der eidgenössischen Volksabstimmungen. Abgerufen am 8.9.2025 von www.swissvotes.ch
source_comment: ",de-CH,Änderung des Mietrechts,,,fr-CH,Bail à loyer,,,,,,,exact,2004-02-08T12:00:00,,,rejected,,,de-CH,Abgelehnt,,en-US,Rejected,,fr-CH,Rejeté,
540,1,https://swissvotes.ch/vote/506.00,2,506,3,"[878,879]",[],,"page_number_string: 
notes: 
source_full_citation: Swissvotes. (2025). Swissvotes – die Datenbank der eidgenössischen Volksabstimmungen. Abgerufen am 8.9.2025 von www.swissvotes.ch
source_comment: ",de-CH,Initiative für eine lebenslange Verwahrung für gefährliche Straftäter,,,fr-CH,Initiative pour un internement à vie pour les délinquants dangereux,,,,,,,exact,2004-02-08T12:00:00,,,accepted,,,de-CH,Angenommen,,en-US,Accepted,,fr-CH,Accepté,
541,1,https://swissvotes.ch/vote/507.00,1,507,2,[880],[],,"page_number_string: 
notes: 
source_full_citation: Swissvotes. (2025). Swissvotes – die Datenbank der eidgenössischen Volksabstimmungen. Abgerufen am 8.9.2025 von www.swissvotes.ch
source_comment: ",de-CH,11. AHV-Revision,,,fr-CH,11e révision de l'AVS,,,,,,,exact,2004-05-16T12:00:00,,,rejected,,,de-CH,Abgelehnt,,en-US,Rejected,,fr-CH,Rejeté,
542,1,https://swissvotes.ch/vote/508.00,1,508,1,"[881,882]",[],,"page_number_string: 
notes: 
source_full_citation: Swissvotes. (2025). Swissvotes – die Datenbank der eidgenössischen Volksabstimmungen. Abgerufen am 8.9.2025 von www.swissvotes.ch
source_comment: ",de-CH,Anhebung der Mehrwertsteuer zu Gunsten von AHV und IV,,,fr-CH,Relèvement de la TVA en faveur de l'AVS/AI,,,,,,,exact,2004-05-16T12:00:00,,,rejected,,,de-CH,Abgelehnt,,en-US,Rejected,,fr-CH,Rejeté,
543,1,https://swissvotes.ch/vote/509.00,1,509,2,"[883,884,885]",[],,"page_number_string: 
notes: 
source_full_citation: Swissvotes. (2025). Swissvotes – die Datenbank der eidgenössischen Volksabstimmungen. Abgerufen am 8.9.2025 von www.swissvotes.ch
source_comment: ",fr-CH,Paquet fiscal,,,de-CH,Steuerpaket,,,,,,,exact,2004-05-16T12:00:00,,,rejected,,,de-CH,Abgelehnt,,en-US,Rejected,,fr-CH,Rejeté,
544,1,https://swissvotes.ch/vote/510.00,1,510,1,"[886,887]",[],,"page_number_string: 
notes: 
source_full_citation: Swissvotes. (2025). Swissvotes – die Datenbank der eidgenössischen Volksabstimmungen. Abgerufen am 8.9.2025 von www.swissvotes.ch
source_comment: ",de-CH,Erleichterte Einbürgerung von Jugendlichen der zweiten Generation,,,fr-CH,Naturalisation des jeunes de la deuxième génération,,,,,,,exact,2004-09-26T12:00:00,,,rejected,,,de-CH,Abgelehnt,,en-US,Rejected,,fr-CH,Rejeté,
545,1,https://swissvotes.ch/vote/511.00,1,511,1,"[888,889]",[],,"page_number_string: 
notes: 
source_full_citation: Swissvotes. (2025). Swissvotes – die Datenbank der eidgenössischen Volksabstimmungen. Abgerufen am 8.9.2025 von www.swissvotes.ch
source_comment: ",fr-CH,Acquisition de la nationalité suisse par la troisième génération,,,de-CH,Bürgerrechtserwerb für die dritte Generation,,,,,,,exact,2004-09-26T12:00:00,,,rejected,,,de-CH,Abgelehnt,,en-US,Rejected,,fr-CH,Rejeté,
546,1,https://swissvotes.ch/vote/512.00,2,512,3,[890],[],,"page_number_string: 
notes: 
source_full_citation: Swissvotes. (2025). Swissvotes – die Datenbank der eidgenössischen Volksabstimmungen. Abgerufen am 8.9.2025 von www.swissvotes.ch
source_comment: ",de-CH,Initiative «Postdienst für alle»,,,fr-CH,Initiative «Services postaux pour tous»,,,,,,,exact,2004-09-26T12:00:00,,,rejected,,,de-CH,Abgelehnt,,en-US,Rejected,,fr-CH,Rejeté,
547,1,https://swissvotes.ch/vote/513.00,1,513,2,[891],[],,"page_number_string: 
notes: 
source_full_citation: Swissvotes. (2025). Swissvotes – die Datenbank der eidgenössischen Volksabstimmungen. Abgerufen am 8.9.2025 von www.swissvotes.ch
source_comment: ",fr-CH,Allocations pour perte de gain en cas de service ou de maternité,,,de-CH,Erwerbsersatz für Dienstleistende und bei Mutterschaft,,,,,,,exact,2004-09-26T12:00:00,,,accepted,,,de-CH,Angenommen,,en-US,Accepted,,fr-CH,Accepté,
548,1,https://swissvotes.ch/vote/514.00,1,514,1,"[892,893]",[],,"page_number_string: 
notes: 
source_full_citation: Swissvotes. (2025). Swissvotes – die Datenbank der eidgenössischen Volksabstimmungen. Abgerufen am 8.9.2025 von www.swissvotes.ch
source_comment: ",de-CH,Neugestaltung Finanzausgleich,,,fr-CH,Réforme de la péréquation financière,,,,,,,exact,2004-11-28T12:00:00,,,accepted,,,de-CH,Angenommen,,en-US,Accepted,,fr-CH,Accepté,
549,1,https://swissvotes.ch/vote/515.00,1,515,1,[894],[],,"page_number_string: 
notes: 
source_full_citation: Swissvotes. (2025). Swissvotes – die Datenbank der eidgenössischen Volksabstimmungen. Abgerufen am 8.9.2025 von www.swissvotes.ch
source_comment: ",de-CH,Neue Finanzordnung,,,fr-CH,Nouveau régime financier,,,,,,,exact,2004-11-28T12:00:00,,,accepted,,,de-CH,Angenommen,,en-US,Accepted,,fr-CH,Accepté,
550,1,https://swissvotes.ch/vote/516.00,1,516,2,"[895,896]",[],,"page_number_string: 
notes: 
source_full_citation: Swissvotes. (2025). Swissvotes – die Datenbank der eidgenössischen Volksabstimmungen. Abgerufen am 8.9.2025 von www.swissvotes.ch
source_comment: ",fr-CH,Loi relative à la recherche sur les cellules souches,,,de-CH,Stammzellenforschungsgesetz,,,,,,,exact,2004-11-28T12:00:00,,,accepted,,,de-CH,Angenommen,,en-US,Accepted,,fr-CH,Accepté,
551,1,https://swissvotes.ch/vote/517.00,1,517,2,"[897,898,899]",[],,"page_number_string: 
notes: 
source_full_citation: Swissvotes. (2025). Swissvotes – die Datenbank der eidgenössischen Volksabstimmungen. Abgerufen am 8.9.2025 von www.swissvotes.ch
source_comment: ",de-CH,Abkommen zu Schengen und Dublin,,,fr-CH,Accords Schengen/Dublin,,,,,,,exact,2005-06-05T12:00:00,,,accepted,,,de-CH,Angenommen,,en-US,Accepted,,fr-CH,Accepté,
552,1,https://swissvotes.ch/vote/518.00,1,518,2,"[900,901]",[],,"page_number_string: 
notes: 
source_full_citation: Swissvotes. (2025). Swissvotes – die Datenbank der eidgenössischen Volksabstimmungen. Abgerufen am 8.9.2025 von www.swissvotes.ch
source_comment: ",de-CH,Gesetz über die eingetragene Partnerschaft gleichgeschlechtlicher Paare,,,fr-CH,Loi sur le partenariat enregistré entre personnes du même sexe,,,,,,,exact,2005-06-05T12:00:00,,,accepted,,,de-CH,Angenommen,,en-US,Accepted,,fr-CH,Accepté,
553,1,https://swissvotes.ch/vote/519.00,1,519,2,"[902,903]",[],,"page_number_string: 
notes: 
source_full_citation: Swissvotes. (2025). Swissvotes – die Datenbank der eidgenössischen Volksabstimmungen. Abgerufen am 8.9.2025 von www.swissvotes.ch
source_comment: ",de-CH,Ausdehnung der Personenfreizügigkeit auf die neuen EU-Staaten,,,fr-CH,Extension de la libre circulation des personnes aux nouveaux Etats membres de l'UE,,,,,,,exact,2005-09-25T12:00:00,,,accepted,,,de-CH,Angenommen,,en-US,Accepted,,fr-CH,Accepté,
554,1,https://swissvotes.ch/vote/520.00,2,520,3,"[904,905,906]",[],,"page_number_string: 
notes: 
source_full_citation: Swissvotes. (2025). Swissvotes – die Datenbank der eidgenössischen Volksabstimmungen. Abgerufen am 8.9.2025 von www.swissvotes.ch
source_comment: ",de-CH,Initiative «für Lebensmittel aus gentechnikfreier Landwirtschaft»,,,fr-CH,Initiative «pour des aliments produits sans manipulations génétiques»,,,,,,,exact,2005-11-27T12:00:00,,,accepted,,,de-CH,Angenommen,,en-US,Accepted,,fr-CH,Accepté,
555,1,https://swissvotes.ch/vote/521.00,1,521,2,[907],[],,"page_number_string: 
notes: 
source_full_citation: Swissvotes. (2025). Swissvotes – die Datenbank der eidgenössischen Volksabstimmungen. Abgerufen am 8.9.2025 von www.swissvotes.ch
source_comment: ",de-CH,Arbeitsgesetz (Sonntagsarbeit),,,fr-CH,Loi sur le travail (travail du dimanche),,,,,,,exact,2005-11-27T12:00:00,,,accepted,,,de-CH,Angenommen,,en-US,Accepted,,fr-CH,Accepté,
556,1,https://swissvotes.ch/vote/522.00,1,522,1,[908],[],,"page_number_string: 
notes: 
source_full_citation: Swissvotes. (2025). Swissvotes – die Datenbank der eidgenössischen Volksabstimmungen. Abgerufen am 8.9.2025 von www.swissvotes.ch
source_comment: ",fr-CH,Modification des articles de la Constitution sur la formation,,,de-CH,Neuordnung der Verfassungsbestimmungen zur Bildung,,,,,,,exact,2006-05-21T12:00:00,,,accepted,,,de-CH,Angenommen,,en-US,Accepted,,fr-CH,Accepté,
557,1,https://swissvotes.ch/vote/523.00,2,523,3,"[909,910]",[],,"page_number_string: 
notes: 
source_full_citation: Swissvotes. (2025). Swissvotes – die Datenbank der eidgenössischen Volksabstimmungen. Abgerufen am 8.9.2025 von www.swissvotes.ch
source_comment: ",fr-CH,Initiative «Bénéfices de la Banque nationale pour l'AVS»,,,de-CH,Initiative «Nationalbankgewinne für die AHV»,,,,,,,exact,2006-09-24T12:00:00,,,rejected,,,de-CH,Abgelehnt,,en-US,Rejected,,fr-CH,Rejeté,
558,1,https://swissvotes.ch/vote/524.00,1,524,2,[911],[],,"page_number_string: 
notes: 
source_full_citation: Swissvotes. (2025). Swissvotes – die Datenbank der eidgenössischen Volksabstimmungen. Abgerufen am 8.9.2025 von www.swissvotes.ch
source_comment: ",de-CH,Ausländergesetz,,,fr-CH,Loi sur les étrangers,,,,,,,exact,2006-09-24T12:00:00,,,accepted,,,de-CH,Angenommen,,en-US,Accepted,,fr-CH,Accepté,
559,1,https://swissvotes.ch/vote/525.00,1,525,2,[912],[],,"page_number_string: 
notes: 
source_full_citation: Swissvotes. (2025). Swissvotes – die Datenbank der eidgenössischen Volksabstimmungen. Abgerufen am 8.9.2025 von www.swissvotes.ch
source_comment: ",de-CH,Asylgesetz,,,fr-CH,Loi sur l'asile,,,,,,,exact,2006-09-24T12:00:00,,,accepted,,,de-CH,Angenommen,,en-US,Accepted,,fr-CH,Accepté,
560,1,https://swissvotes.ch/vote/526.00,1,526,2,[913],[],,"page_number_string: 
notes: 
source_full_citation: Swissvotes. (2025). Swissvotes – die Datenbank der eidgenössischen Volksabstimmungen. Abgerufen am 8.9.2025 von www.swissvotes.ch
source_comment: ",de-CH,Gesetz über die Zusammenarbeit mit den Staaten Osteuropas,,,fr-CH,Loi sur la coopération avec l’Europe de l’Est,,,,,,,exact,2006-11-26T12:00:00,,,accepted,,,de-CH,Angenommen,,en-US,Accepted,,fr-CH,Accepté,
561,1,https://swissvotes.ch/vote/527.00,1,527,2,[914],[],,"page_number_string: 
notes: 
source_full_citation: Swissvotes. (2025). Swissvotes – die Datenbank der eidgenössischen Volksabstimmungen. Abgerufen am 8.9.2025 von www.swissvotes.ch
source_comment: ",de-CH,Gesetz über die Familienzulagen,,,fr-CH,Loi sur les allocations familiales,,,,,,,exact,2006-11-26T12:00:00,,,accepted,,,de-CH,Angenommen,,en-US,Accepted,,fr-CH,Accepté,
562,1,https://swissvotes.ch/vote/528.00,2,528,3,[915],[],,"page_number_string: 
notes: 
source_full_citation: Swissvotes. (2025). Swissvotes – die Datenbank der eidgenössischen Volksabstimmungen. Abgerufen am 8.9.2025 von www.swissvotes.ch
source_comment: ",en-US,Initiative for a single health insurance fund,,,de-CH,Initiative für eine Einheitskrankenkasse,,,fr-CH,Initiative pour une caisse maladie unique,,,exact,2007-03-11T12:00:00,,,rejected,,,de-CH,Abgelehnt,,en-US,Rejected,,fr-CH,Rejeté,
563,1,https://swissvotes.ch/vote/529.00,1,529,2,[916],[],,"page_number_string: 
notes: 
source_full_citation: Swissvotes. (2025). Swissvotes – die Datenbank der eidgenössischen Volksabstimmungen. Abgerufen am 8.9.2025 von www.swissvotes.ch
source_comment: ",de-CH,5. IV-Revision,,,fr-CH,5e révision de l'AI,,,en-US,5th revision of the invalidity insurance,,,exact,2007-06-17T12:00:00,,,accepted,,,de-CH,Angenommen,,en-US,Accepted,,fr-CH,Accepté,
564,1,https://swissvotes.ch/vote/530.00,2,530,3,"[917,918,919]",[],,"page_number_string: 
notes: 
source_full_citation: Swissvotes. (2025). Swissvotes – die Datenbank der eidgenössischen Volksabstimmungen. Abgerufen am 8.9.2025 von www.swissvotes.ch
source_comment: ",en-US,Initiative «Against fighter jet noise in tourist areas»,,,fr-CH,Initiative «Contre le bruit des avions de combat»,,,de-CH,Initiative «Gegen Kampfjetlärm in Tourismusgebieten»,,,exact,2008-02-24T12:00:00,,,rejected,,,de-CH,Abgelehnt,,en-US,Rejected,,fr-CH,Rejeté,
565,1,https://swissvotes.ch/vote/531.00,1,531,2,"[920,921]",[],,"page_number_string: 
notes: 
source_full_citation: Swissvotes. (2025). Swissvotes – die Datenbank der eidgenössischen Volksabstimmungen. Abgerufen am 8.9.2025 von www.swissvotes.ch
source_comment: ",en-US,Corporate Tax Reform II,,,fr-CH,Réforme de l’imposition des entreprises II,,,de-CH,Unternehmenssteuerreform II,,,exact,2008-02-24T12:00:00,,,accepted,,,de-CH,Angenommen,,en-US,Accepted,,fr-CH,Accepté,
566,1,https://swissvotes.ch/vote/532.00,2,532,3,"[922,923]",[],,"page_number_string: 
notes: 
source_full_citation: Swissvotes. (2025). Swissvotes – die Datenbank der eidgenössischen Volksabstimmungen. Abgerufen am 8.9.2025 von www.swissvotes.ch
source_comment: ",en-US,Initiative «for democratic naturalisation decisions»,,,de-CH,Initiative «Für demokratische Einbürgerungen»,,,fr-CH,Initiative «Pour des naturalisations démocratiques»,,,exact,2008-06-01T12:00:00,,,rejected,,,de-CH,Abgelehnt,,en-US,Rejected,,fr-CH,Rejeté,
567,1,https://swissvotes.ch/vote/533.00,2,533,3,[924],[],,"page_number_string: 
notes: 
source_full_citation: Swissvotes. (2025). Swissvotes – die Datenbank der eidgenössischen Volksabstimmungen. Abgerufen am 8.9.2025 von www.swissvotes.ch
source_comment: ",en-US,Initiative “Popular sovereignty instead of government propaganda”,,,de-CH,Initiative «gegen Behördenprogaganda»,,,fr-CH,Initiative «sans propagande gouvernementale»,,,exact,2008-06-01T12:00:00,,,rejected,,,de-CH,Abgelehnt,,en-US,Rejected,,fr-CH,Rejeté,
568,1,https://swissvotes.ch/vote/534.00,1,534,4,[925],[],,"page_number_string: 
notes: 
source_full_citation: Swissvotes. (2025). Swissvotes – die Datenbank der eidgenössischen Volksabstimmungen. Abgerufen am 8.9.2025 von www.swissvotes.ch
source_comment: ",fr-CH,Article constitutionnel sur l'assurance-maladie,,,en-US,Constitutional article on health insurance,,,de-CH,Verfassungsartikel zur Krankenversicherung,,,exact,2008-06-01T12:00:00,,,rejected,,,de-CH,Abgelehnt,,en-US,Rejected,,fr-CH,Rejeté,
569,1,https://swissvotes.ch/vote/535.00,2,535,3,"[926,927]",[],,"page_number_string: 
notes: 
source_full_citation: Swissvotes. (2025). Swissvotes – die Datenbank der eidgenössischen Volksabstimmungen. Abgerufen am 8.9.2025 von www.swissvotes.ch
source_comment: ",en-US,Initiative for the non-applicability of statutory limitations to sexual and pornographic offenses against children,,,de-CH,Initiative für die Unverjährbarkeit pornografischer Straftaten an Kindern,,,fr-CH,Initiative pour l'mprescriptibilité des actes de pornographie enfantine,,,exact,2008-11-30T12:00:00,,,accepted,,,de-CH,Angenommen,,en-US,Accepted,,fr-CH,Accepté,
570,1,https://swissvotes.ch/vote/536.00,2,536,3,[928],[],,"page_number_string: 
notes: 
source_full_citation: Swissvotes. (2025). Swissvotes – die Datenbank der eidgenössischen Volksabstimmungen. Abgerufen am 8.9.2025 von www.swissvotes.ch
source_comment: ",en-US,Initiative «for a flexible retirement age»,,,de-CH,Initiative «für ein flexibles AHV-Alter»,,,fr-CH,Initiative «Pour un âge de l'AVS flexible»,,,exact,2008-11-30T12:00:00,,,rejected,,,de-CH,Abgelehnt,,en-US,Rejected,,fr-CH,Rejeté,
571,1,https://swissvotes.ch/vote/537.00,2,537,3,[929],[],,"page_number_string: 
notes: 
source_full_citation: Swissvotes. (2025). Swissvotes – die Datenbank der eidgenössischen Volksabstimmungen. Abgerufen am 8.9.2025 von www.swissvotes.ch
source_comment: ",en-US,Initiative on the associative right of appeal for environmental organisations,,,fr-CH,Initiative sur le droit de recours des organisations,,,de-CH,Verbandsbeschwerderechts-Initiative,,,exact,2008-11-30T12:00:00,,,rejected,,,de-CH,Abgelehnt,,en-US,Rejected,,fr-CH,Rejeté,
572,1,https://swissvotes.ch/vote/538.00,2,538,3,[930],[],,"page_number_string: 
notes: 
source_full_citation: Swissvotes. (2025). Swissvotes – die Datenbank der eidgenössischen Volksabstimmungen. Abgerufen am 8.9.2025 von www.swissvotes.ch
source_comment: ",en-US,Initiative «for a sensible hemp policy with effective protection of minors»,,,de-CH,Initiative «für eine vernünftige Hanf-Politik»,,,fr-CH,Initiative «pour une politique raisonnable en matière de chanvre»,,,exact,2008-11-30T12:00:00,,,rejected,,,de-CH,Abgelehnt,,en-US,Rejected,,fr-CH,Rejeté,
573,1,https://swissvotes.ch/vote/539.00,1,539,2,[931],[],,"page_number_string: 
notes: 
source_full_citation: Swissvotes. (2025). Swissvotes – die Datenbank der eidgenössischen Volksabstimmungen. Abgerufen am 8.9.2025 von www.swissvotes.ch
source_comment: ",de-CH,Betäubungsmittelgesetz,,,fr-CH,Loi sur les stupéfiants,,,en-US,Narcotics Act,,,exact,2008-11-30T12:00:00,,,accepted,,,de-CH,Angenommen,,en-US,Accepted,,fr-CH,Accepté,
574,1,https://swissvotes.ch/vote/540.00,1,540,2,[932],[12],,"page_number_string: 
notes: 
source_full_citation: Swissvotes. (2025). Swissvotes – die Datenbank der eidgenössischen Volksabstimmungen. Abgerufen am 8.9.2025 von www.swissvotes.ch
source_comment: ",en-US,Continuation of the free movement of people between Switzerland and the EU and extension to Bulgaria and Romania,,,fr-CH,Reconduction de la libre circulation des personnes Suisse–UE et extension à la Bulgarie et à la Roumanie,,,de-CH,Weiterführung der Personenfreizügigkeit Schweiz–EU und Ausdehnung auf Bulgarien und Rumänien,,,exact,2009-02-08T12:00:00,,,accepted,,,de-CH,Angenommen,,en-US,Accepted,,fr-CH,Accepté,
575,1,https://swissvotes.ch/vote/541.00,1,541,4,[933],[],,"page_number_string: 
notes: 
source_full_citation: Swissvotes. (2025). Swissvotes – die Datenbank der eidgenössischen Volksabstimmungen. Abgerufen am 8.9.2025 von www.swissvotes.ch
source_comment: ",fr-CH,Article constitutionnel sur les médecines complémentaires,,,en-US,Constitutional article on complementary medicine,,,de-CH,Verfassungsartikel zur Komplementärmedizin,,,exact,2009-05-17T12:00:00,,,accepted,,,de-CH,Angenommen,,en-US,Accepted,,fr-CH,Accepté,
576,1,https://swissvotes.ch/vote/542.00,1,542,2,"[934,935]",[],,"page_number_string: 
notes: 
source_full_citation: Swissvotes. (2025). Swissvotes – die Datenbank der eidgenössischen Volksabstimmungen. Abgerufen am 8.9.2025 von www.swissvotes.ch
source_comment: ",de-CH,Einführung des biometrischen Passes,,,fr-CH,Introduction du passeport biométrique,,,en-US,Introduction of the biometric passport,,,exact,2009-05-17T12:00:00,,,accepted,,,de-CH,Angenommen,,en-US,Accepted,,fr-CH,Accepté,
577,1,https://swissvotes.ch/vote/543.00,1,543,1,"[936,937]",[],,"page_number_string: 
notes: 
source_full_citation: Swissvotes. (2025). Swissvotes – die Datenbank der eidgenössischen Volksabstimmungen. Abgerufen am 8.9.2025 von www.swissvotes.ch
source_comment: ",fr-CH,Financement additionnel de l'Assurance-invalidité,,,en-US,VAT increase for the temporary additional funding of Invalidity Insurance,,,de-CH,Zusatzfinanzierung der Invalidenversicherung,,,exact,2009-09-27T12:00:00,,,accepted,,,de-CH,Angenommen,,en-US,Accepted,,fr-CH,Accepté,
578,1,https://swissvotes.ch/vote/544.00,1,544,1,[938],[],,"page_number_string: 
notes: 
source_full_citation: Swissvotes. (2025). Swissvotes – die Datenbank der eidgenössischen Volksabstimmungen. Abgerufen am 8.9.2025 von www.swissvotes.ch
source_comment: ",fr-CH,Suppression de l'initiative populaire générale,,,de-CH,Verzicht auf die Einführung der allgemeinen Volksinitiative,,,en-US,Waiver of the introduction of the general popular initiative,,,exact,2009-09-27T12:00:00,,,accepted,,,de-CH,Angenommen,,en-US,Accepted,,fr-CH,Accepté,
579,1,https://swissvotes.ch/vote/545.00,1,545,1,[939],[],,"page_number_string: 
notes: 
source_full_citation: Swissvotes. (2025). Swissvotes – die Datenbank der eidgenössischen Volksabstimmungen. Abgerufen am 8.9.2025 von www.swissvotes.ch
source_comment: ",en-US,Creation of a special financing programme for tasks in air traffic,,,fr-CH,Financement spécial en faveur du trafic aérien,,,de-CH,Spezialfinanzierung für Aufgaben im Luftverkehr,,,exact,2009-11-29T12:00:00,,,accepted,,,de-CH,Angenommen,,en-US,Accepted,,fr-CH,Accepté,
580,1,https://swissvotes.ch/vote/546.00,2,546,3,"[940,941]",[],,"page_number_string: 
notes: 
source_full_citation: Swissvotes. (2025). Swissvotes – die Datenbank der eidgenössischen Volksabstimmungen. Abgerufen am 8.9.2025 von www.swissvotes.ch
source_comment: ",en-US,Initiative «For a ban on exports of war material»,,,de-CH,Initiative «Für ein Verbot von Kriegsmaterial-Exporten»,,,fr-CH,Initiative «Pour l'interdiction d'exporter du matériel de guerre»,,,exact,2009-11-29T12:00:00,,,rejected,,,de-CH,Abgelehnt,,en-US,Rejected,,fr-CH,Rejeté,
581,1,https://swissvotes.ch/vote/547.00,2,547,3,"[942,943]",[],,"page_number_string: 
notes: 
source_full_citation: Swissvotes. (2025). Swissvotes – die Datenbank der eidgenössischen Volksabstimmungen. Abgerufen am 8.9.2025 von www.swissvotes.ch
source_comment: ",fr-CH,Initiative «Contre la construction de minarets»,,,de-CH,Initiative «Gegen den Bau von Minaretten»,,,en-US,Initiative to ban the construction of minarets,,,exact,2009-11-29T12:00:00,,,accepted,,,de-CH,Angenommen,,en-US,Accepted,,fr-CH,Accepté,
582,1,https://swissvotes.ch/vote/548.00,1,548,1,[944],[],,"page_number_string: 
notes: 
source_full_citation: Swissvotes. (2025). Swissvotes – die Datenbank der eidgenössischen Volksabstimmungen. Abgerufen am 8.9.2025 von www.swissvotes.ch
source_comment: ",fr-CH,Article constitutionnel concernant la recherche sur l'être humain,,,en-US,Constitutional article on human research,,,de-CH,Verfassungsartikel über die Forschung am Menschen,,,exact,2010-03-07T12:00:00,,,accepted,,,de-CH,Angenommen,,en-US,Accepted,,fr-CH,Accepté,
583,1,https://swissvotes.ch/vote/549.00,2,549,3,[945],[],,"page_number_string: 
notes: 
source_full_citation: Swissvotes. (2025). Swissvotes – die Datenbank der eidgenössischen Volksabstimmungen. Abgerufen am 8.9.2025 von www.swissvotes.ch
source_comment: ",en-US,Initiative for an Animal Lawyer,,,fr-CH,Initiative pour l'institution d'un avocat de la protection des animaux,,,de-CH,Tierschutzanwalt-Initiative,,,exact,2010-03-07T12:00:00,,,rejected,,,de-CH,Abgelehnt,,en-US,Rejected,,fr-CH,Rejeté,
584,1,https://swissvotes.ch/vote/550.00,1,550,2,[946],[],,"page_number_string: 
notes: 
source_full_citation: Swissvotes. (2025). Swissvotes – die Datenbank der eidgenössischen Volksabstimmungen. Abgerufen am 8.9.2025 von www.swissvotes.ch
source_comment: ",en-US,Amendment to the Occupational Pensions Act (minimum conversion rate),,,de-CH,Berufliche Vorsorge: Anpassung des Mindestumwandlungssatzes,,,fr-CH,Prévoyance professionnelle: adaptation du taux de conversion minimal,,,exact,2010-03-07T12:00:00,,,rejected,,,de-CH,Abgelehnt,,en-US,Rejected,,fr-CH,Rejeté,
585,1,https://swissvotes.ch/vote/551.00,1,551,2,[947],[],,"page_number_string: 
notes: 
source_full_citation: Swissvotes. (2025). Swissvotes – die Datenbank der eidgenössischen Volksabstimmungen. Abgerufen am 8.9.2025 von www.swissvotes.ch
source_comment: ",fr-CH,Révision de la loi sur l'assurance-chômage,,,de-CH,Revision des Arbeitslosenversicherungsgesetzes,,,en-US,Revision of the Unemployment Insurance Act,,,exact,2010-09-26T12:00:00,,,accepted,,,de-CH,Angenommen,,en-US,Accepted,,fr-CH,Accepté,
586,1,https://swissvotes.ch/vote/552.10,2,552.1,3,"[948,949]",[11],,"page_number_string: 
notes: 
source_full_citation: Swissvotes. (2025). Swissvotes – die Datenbank der eidgenössischen Volksabstimmungen. Abgerufen am 8.9.2025 von www.swissvotes.ch
source_comment: ",de-CH,Ausschaffungsinitiative,,,en-US,Initiative «For the expulsion of criminal foreigners (Expulsion Initiative)»,,,fr-CH,Initiative sur le renvoi,,,exact,2010-11-28T12:00:00,,,accepted,,,de-CH,Angenommen,,en-US,Accepted,,fr-CH,Accepté,
587,1,https://swissvotes.ch/vote/552.20,1,552.2,4,"[950,951]",[],,"page_number_string: 
notes: 
source_full_citation: Swissvotes. (2025). Swissvotes – die Datenbank der eidgenössischen Volksabstimmungen. Abgerufen am 8.9.2025 von www.swissvotes.ch
source_comment: ",fr-CH,Contre-projet à l'initiative sur le renvoi,,,en-US,Counter-proposal to the Expulsion Initiative,,,de-CH,Gegenentwurf zur Ausschaffungsinitiative,,,exact,2010-11-28T12:00:00,,,rejected,,,de-CH,Abgelehnt,,en-US,Rejected,,fr-CH,Rejeté,
588,1,https://swissvotes.ch/vote/552.30,8,552.3,5,"[952,953]",[],,"page_number_string: 
notes: 
source_full_citation: Swissvotes. (2025). Swissvotes – die Datenbank der eidgenössischen Volksabstimmungen. Abgerufen am 8.9.2025 von www.swissvotes.ch
source_comment: ",fr-CH,Question subsidiaire sur l'«Initiative sur le renvoi» et le contre-projet,,,de-CH,Stichfrage zu Ausschaffungsinitiative und Gegenentwurf,,,en-US,Tie-breaker question on the Expulsion Initiative and the counter-proposal,,,exact,2010-11-28T12:00:00,,,,,,,,,,,,,,
589,1,https://swissvotes.ch/vote/553.00,2,553,3,"[954,955]",[],,"page_number_string: 
notes: 
source_full_citation: Swissvotes. (2025). Swissvotes – die Datenbank der eidgenössischen Volksabstimmungen. Abgerufen am 8.9.2025 von www.swissvotes.ch
source_comment: ",de-CH,«Steuergerechtigkeits-Initiative»,,,en-US,Initiative «For equitable taxes»,,,fr-CH,Initiative «Pour des impôts équitables»,,,exact,2010-11-28T12:00:00,,,rejected,,,de-CH,Abgelehnt,,en-US,Rejected,,fr-CH,Rejeté,
590,1,https://swissvotes.ch/vote/554.00,2,554,3,"[956,957]",[],,"page_number_string: 
notes: 
source_full_citation: Swissvotes. (2025). Swissvotes – die Datenbank der eidgenössischen Volksabstimmungen. Abgerufen am 8.9.2025 von www.swissvotes.ch
source_comment: ",en-US,Initiative «For the protection against gun violence»,,,de-CH,Initiative «Für den Schutz vor Waffengewalt»,,,fr-CH,Initiative «Pour la protection face à la violence des armes»,,,exact,2011-02-13T12:00:00,,,rejected,,,de-CH,Abgelehnt,,en-US,Rejected,,fr-CH,Rejeté,
591,1,https://swissvotes.ch/vote/555.00,2,555,3,"[958,959]",[],,"page_number_string: 
notes: 
source_full_citation: Swissvotes. (2025). Swissvotes – die Datenbank der eidgenössischen Volksabstimmungen. Abgerufen am 8.9.2025 von www.swissvotes.ch
source_comment: ",en-US,Initiative «Stop the unconstrained building of secondary residences»,,,fr-CH,Initiative sur les résidences secondaires,,,de-CH,Zweitwohnungsinitiative,,,exact,2012-03-11T12:00:00,,,accepted,,,de-CH,Angenommen,,en-US,Accepted,,fr-CH,Accepté,
592,1,https://swissvotes.ch/vote/556.00,3,556,3,"[960,961]",[],,"page_number_string: 
notes: 
source_full_citation: Swissvotes. (2025). Swissvotes – die Datenbank der eidgenössischen Volksabstimmungen. Abgerufen am 8.9.2025 von www.swissvotes.ch
source_comment: ",en-US,Initiative «For tax-privileged home savings»,,,de-CH,Initiative «Für ein steuerlich begünstigtes Bausparen»,,,fr-CH,Initiative «Pour un traitement fiscal privilégié de l'épargne-logement»,,,exact,2012-03-11T12:00:00,,,rejected,,,de-CH,Abgelehnt,,en-US,Rejected,,fr-CH,Rejeté,
593,1,https://swissvotes.ch/vote/557.00,2,557,3,[962],[],,"page_number_string: 
notes: 
source_full_citation: Swissvotes. (2025). Swissvotes – die Datenbank der eidgenössischen Volksabstimmungen. Abgerufen am 8.9.2025 von www.swissvotes.ch
source_comment: ",fr-CH,Initiative «6 semaines de vacances pour tous»,,,en-US,Initiative «6 weeks of holidays for all»,,,de-CH,Initiative «6 Wochen Ferien für alle»,,,exact,2012-03-11T12:00:00,,,rejected,,,de-CH,Abgelehnt,,en-US,Rejected,,fr-CH,Rejeté,
594,1,https://swissvotes.ch/vote/558.00,1,558,4,[963],[],,"page_number_string: 
notes: 
source_full_citation: Swissvotes. (2025). Swissvotes – die Datenbank der eidgenössischen Volksabstimmungen. Abgerufen am 8.9.2025 von www.swissvotes.ch
source_comment: ",de-CH,Regelung der Geldspiele zugunsten gemeinnütziger Zwecke,,,fr-CH,Réglementation des jeux d'argent en faveur de l'utilité publique,,,en-US,Regulation of gambling in favour of charitable purposes,,,exact,2012-03-11T12:00:00,,,accepted,,,de-CH,Angenommen,,en-US,Accepted,,fr-CH,Accepté,
595,1,https://swissvotes.ch/vote/559.00,1,559,2,"[964,965]",[],,"page_number_string: 
notes: 
source_full_citation: Swissvotes. (2025). Swissvotes – die Datenbank der eidgenössischen Volksabstimmungen. Abgerufen am 8.9.2025 von www.swissvotes.ch
source_comment: ",en-US,Book price regulation Act,,,de-CH,Gesetz über die Buchpreisbindung,,,fr-CH,Loi sur la réglementation du prix du livre,,,exact,2012-03-11T12:00:00,,,rejected,,,de-CH,Abgelehnt,,en-US,Rejected,,fr-CH,Rejeté,
596,1,https://swissvotes.ch/vote/560.00,3,560,3,"[966,967]",[],,"page_number_string: 
notes: 
source_full_citation: Swissvotes. (2025). Swissvotes – die Datenbank der eidgenössischen Volksabstimmungen. Abgerufen am 8.9.2025 von www.swissvotes.ch
source_comment: ",fr-CH,Initiative «Accéder à la propriété grâce à l'épargne-logement»,,,en-US,Initiative «Access to home ownership thanks to home savings»,,,de-CH,Initiative «Eigene vier Wände dank Bausparen»,,,exact,2012-06-17T12:00:00,,,rejected,,,de-CH,Abgelehnt,,en-US,Rejected,,fr-CH,Rejeté,
597,1,https://swissvotes.ch/vote/561.00,2,561,3,"[968,969]",[],,"page_number_string: 
notes: 
source_full_citation: Swissvotes. (2025). Swissvotes – die Datenbank der eidgenössischen Volksabstimmungen. Abgerufen am 8.9.2025 von www.swissvotes.ch
source_comment: ",fr-CH,Initiative «Accords internationaux: la parole au peuple!»,,,en-US,Initiative «Let the people decide on international treaties»,,,de-CH,Initiative «Staatsverträge vors Volk!»,,,exact,2012-06-17T12:00:00,,,rejected,,,de-CH,Abgelehnt,,en-US,Rejected,,fr-CH,Rejeté,
598,1,https://swissvotes.ch/vote/562.00,1,562,2,[970],[],,"page_number_string: 
notes: 
source_full_citation: Swissvotes. (2025). Swissvotes – die Datenbank der eidgenössischen Volksabstimmungen. Abgerufen am 8.9.2025 von www.swissvotes.ch
source_comment: ",en-US,Amendment to the Health Insurance Act (health care networks),,,de-CH,Gesetz über die Krankenversicherung (Managed Care),,,fr-CH,Loi sur l'assurance-maladie (Réseaux de soins),,,exact,2012-06-17T12:00:00,,,rejected,,,de-CH,Abgelehnt,,en-US,Rejected,,fr-CH,Rejeté,
599,1,https://swissvotes.ch/vote/563.00,1,563,4,"[971,972,973]",[],,"page_number_string: 
notes: 
source_full_citation: Swissvotes. (2025). Swissvotes – die Datenbank der eidgenössischen Volksabstimmungen. Abgerufen am 8.9.2025 von www.swissvotes.ch
source_comment: ",fr-CH,Arrêté fédéral sur la promotion de la formation musicale des jeunes,,,de-CH,Bundesbeschluss über die Jugendmusikförderung,,,en-US,Federal decree on the promotion of musical training for young people,,,exact,2012-09-23T12:00:00,,,accepted,,,de-CH,Angenommen,,en-US,Accepted,,fr-CH,Accepté,
600,1,https://swissvotes.ch/vote/564.00,2,564,3,"[974,975,976]",[],,"page_number_string: 
notes: 
source_full_citation: Swissvotes. (2025). Swissvotes – die Datenbank der eidgenössischen Volksabstimmungen. Abgerufen am 8.9.2025 von www.swissvotes.ch
source_comment: ",en-US,Initiative «Safe housing for the elderly»,,,fr-CH,Initiative «Sécurité du logement à la retraite»,,,de-CH,Initiative «Sicheres Wohnen im Alter»,,,exact,2012-09-23T12:00:00,,,rejected,,,de-CH,Abgelehnt,,en-US,Rejected,,fr-CH,Rejeté,
601,1,https://swissvotes.ch/vote/565.00,2,565,3,"[977,978]",[],,"page_number_string: 
notes: 
source_full_citation: Swissvotes. (2025). Swissvotes – die Datenbank der eidgenössischen Volksabstimmungen. Abgerufen am 8.9.2025 von www.swissvotes.ch
source_comment: ",en-US,Initiative «Protection against passive smoking»,,,fr-CH,Initiative «Protection contre le tabagisme passif»,,,de-CH,Initiative «Schutz vor Passivrauchen»,,,exact,2012-09-23T12:00:00,,,rejected,,,de-CH,Abgelehnt,,en-US,Rejected,,fr-CH,Rejeté,
602,1,https://swissvotes.ch/vote/566.00,1,566,2,[979],[],,"page_number_string: 
notes: 
source_full_citation: Swissvotes. (2025). Swissvotes – die Datenbank der eidgenössischen Volksabstimmungen. Abgerufen am 8.9.2025 von www.swissvotes.ch
source_comment: ",en-US,Epizootics Act,,,fr-CH,Loi sur les épizooties,,,de-CH,Tierseuchengesetz,,,exact,2012-11-25T12:00:00,,,accepted,,,de-CH,Angenommen,,en-US,Accepted,,fr-CH,Accepté,
603,1,https://swissvotes.ch/vote/567.00,1,567,1,[980],[],,"page_number_string: 
notes: 
source_full_citation: Swissvotes. (2025). Swissvotes – die Datenbank der eidgenössischen Volksabstimmungen. Abgerufen am 8.9.2025 von www.swissvotes.ch
source_comment: ",fr-CH,Arrêté fédéral sur la politique familiale,,,de-CH,Bundesbeschluss über die Familienpolitik,,,en-US,Federal decree on family policy,,,exact,2013-03-03T12:00:00,,,rejected,,,de-CH,Abgelehnt,,en-US,Rejected,,fr-CH,Rejeté,
604,1,https://swissvotes.ch/vote/568.00,3,568,3,[981],[],,"page_number_string: 
notes: 
source_full_citation: Swissvotes. (2025). Swissvotes – die Datenbank der eidgenössischen Volksabstimmungen. Abgerufen am 8.9.2025 von www.swissvotes.ch
source_comment: ",en-US,Initiative «Against abusive remuneration (rip-off initiative)» ,,,fr-CH,Initiative «contre les rémunérations abusives»,,,de-CH,Initiative «gegen die Abzockerei»,,,exact,2013-03-03T12:00:00,,,accepted,,,de-CH,Angenommen,,en-US,Accepted,,fr-CH,Accepté,
605,1,https://swissvotes.ch/vote/569.00,1,569,2,[982],[],,"page_number_string: 
notes: 
source_full_citation: Swissvotes. (2025). Swissvotes – die Datenbank der eidgenössischen Volksabstimmungen. Abgerufen am 8.9.2025 von www.swissvotes.ch
source_comment: ",fr-CH,Loi sur l'aménagement du territoire,,,de-CH,Raumplanungsgesetz,,,en-US,Spatial Planning Act,,,exact,2013-03-03T12:00:00,,,accepted,,,de-CH,Angenommen,,en-US,Accepted,,fr-CH,Accepté,
606,1,https://swissvotes.ch/vote/570.00,2,570,3,[983],[10],,"page_number_string: 
notes: 
source_full_citation: Swissvotes. (2025). Swissvotes – die Datenbank der eidgenössischen Volksabstimmungen. Abgerufen am 8.9.2025 von www.swissvotes.ch
source_comment: ",fr-CH,Initiative «Election du Conseil fédéral par le peuple»,,,de-CH,Initiative «Volkswahl des Bundesrates»,,,en-US,Initiative for the election of the Federal Council by the people,,,exact,2013-06-09T12:00:00,,,rejected,,,de-CH,Abgelehnt,,en-US,Rejected,,fr-CH,Rejeté,
607,1,https://swissvotes.ch/vote/571.00,1,571,2,[984],[],,"page_number_string: 
notes: 
source_full_citation: Swissvotes. (2025). Swissvotes – die Datenbank der eidgenössischen Volksabstimmungen. Abgerufen am 8.9.2025 von www.swissvotes.ch
source_comment: ",de-CH,Asylgesetz,,,en-US,Asylum Act,,,fr-CH,Loi sur l'asile,,,exact,2013-06-09T12:00:00,,,accepted,,,de-CH,Angenommen,,en-US,Accepted,,fr-CH,Accepté,
608,1,https://swissvotes.ch/vote/572.00,2,572,3,[985],[],,"page_number_string: 
notes: 
source_full_citation: Swissvotes. (2025). Swissvotes – die Datenbank der eidgenössischen Volksabstimmungen. Abgerufen am 8.9.2025 von www.swissvotes.ch
source_comment: ",en-US,Initiative for the abolition of compulsory military service,,,fr-CH,Initiative pour l'abrogation du service militaire obligatoire,,,de-CH,Initiative zur Aufhebung der Wehrpflicht,,,exact,2013-09-22T12:00:00,,,rejected,,,de-CH,Abgelehnt,,en-US,Rejected,,fr-CH,Rejeté,
609,1,https://swissvotes.ch/vote/573.00,1,573,2,[986],[],,"page_number_string: 
notes: 
source_full_citation: Swissvotes. (2025). Swissvotes – die Datenbank der eidgenössischen Volksabstimmungen. Abgerufen am 8.9.2025 von www.swissvotes.ch
source_comment: ",en-US,Epidemics Act,,,de-CH,Epidemiengesetz,,,fr-CH,Loi sur les épidémies,,,exact,2013-09-22T12:00:00,,,accepted,,,de-CH,Angenommen,,en-US,Accepted,,fr-CH,Accepté,
610,1,https://swissvotes.ch/vote/574.00,1,574,2,[987],[],,"page_number_string: 
notes: 
source_full_citation: Swissvotes. (2025). Swissvotes – die Datenbank der eidgenössischen Volksabstimmungen. Abgerufen am 8.9.2025 von www.swissvotes.ch
source_comment: ",de-CH,Arbeitsgesetz (Öffnungszeiten von Tankstellenshops),,,en-US,Employment Act (opening hours of petrol station shops),,,fr-CH,Loi sur le travail (heures d'ouverture des shops des stations-service),,,exact,2013-09-22T12:00:00,,,accepted,,,de-CH,Angenommen,,en-US,Accepted,,fr-CH,Accepté,
611,1,https://swissvotes.ch/vote/575.00,2,575,3,[988],[],,"page_number_string: 
notes: 
source_full_citation: Swissvotes. (2025). Swissvotes – die Datenbank der eidgenössischen Volksabstimmungen. Abgerufen am 8.9.2025 von www.swissvotes.ch
source_comment: ",en-US,Initiative «1:12 – For fair wages»,,,de-CH,Initiative «1:12 – Für gerechte Löhne»,,,fr-CH,Initiative «1:12 – Pour des salaires équitables»,,,exact,2013-11-24T12:00:00,,,rejected,,,de-CH,Abgelehnt,,en-US,Rejected,,fr-CH,Rejeté,
612,1,https://swissvotes.ch/vote/576.00,2,576,3,"[989,990]",[9],,"page_number_string: 
notes: 
source_full_citation: Swissvotes. (2025). Swissvotes – die Datenbank der eidgenössischen Volksabstimmungen. Abgerufen am 8.9.2025 von www.swissvotes.ch
source_comment: ",de-CH,«Familieninitiative»,,,en-US,Initiative «For families»,,,fr-CH,Initiative «Pour les familles»,,,exact,2013-11-24T12:00:00,,,rejected,,,de-CH,Abgelehnt,,en-US,Rejected,,fr-CH,Rejeté,
613,1,https://swissvotes.ch/vote/577.00,1,577,2,"[991,992]",[],,"page_number_string: 
notes: 
source_full_citation: Swissvotes. (2025). Swissvotes – die Datenbank der eidgenössischen Volksabstimmungen. Abgerufen am 8.9.2025 von www.swissvotes.ch
source_comment: ",de-CH,Änderung des Nationalstrassenabgabegesetzes (Autobahnvignette),,,fr-CH,Loi sur la vignette autoroutière,,,en-US,Motorway Vignette Act,,,exact,2013-11-24T12:00:00,,,rejected,,,de-CH,Abgelehnt,,en-US,Rejected,,fr-CH,Rejeté,
614,1,https://swissvotes.ch/vote/578.00,1,578,4,"[993,994]",[],,"page_number_string: 
notes: 
source_full_citation: Swissvotes. (2025). Swissvotes – die Datenbank der eidgenössischen Volksabstimmungen. Abgerufen am 8.9.2025 von www.swissvotes.ch
source_comment: ",fr-CH,Financement et aménagement de l'infrastructure ferroviaire (FAIF),,,en-US,Financing and expansion of the railway infrastructure,,,de-CH,Finanzierung und Ausbau der Eisenbahninfrastruktur (FABI),,,exact,2014-02-09T12:00:00,,,accepted,,,de-CH,Angenommen,,en-US,Accepted,,fr-CH,Accepté,
615,1,https://swissvotes.ch/vote/579.00,2,579,3,"[995,996]",[],,"page_number_string: 
notes: 
source_full_citation: Swissvotes. (2025). Swissvotes – die Datenbank der eidgenössischen Volksabstimmungen. Abgerufen am 8.9.2025 von www.swissvotes.ch
source_comment: ",de-CH,Initiative «Abtreibungsfinanzierung ist Privatsache»,,,fr-CH,Initiative «Financer l'avortement est une affaire privée»,,,en-US,Initiative «Financing abortion is a private matter»,,,exact,2014-02-09T12:00:00,,,rejected,,,de-CH,Abgelehnt,,en-US,Rejected,,fr-CH,Rejeté,
616,1,https://swissvotes.ch/vote/580.00,2,580,3,"[997,998]",[8],,"page_number_string: 
notes: 
source_full_citation: Swissvotes. (2025). Swissvotes – die Datenbank der eidgenössischen Volksabstimmungen. Abgerufen am 8.9.2025 von www.swissvotes.ch
source_comment: ",en-US,Initiative «Against mass immigration»,,,fr-CH,Initiative «Contre l'immigration de masse»,,,de-CH,Initiative «Gegen Masseneinwanderung»,,,exact,2014-02-09T12:00:00,,,accepted,,,de-CH,Angenommen,,en-US,Accepted,,fr-CH,Accepté,
617,1,https://swissvotes.ch/vote/581.00,1,581,4,[999],[],,"page_number_string: 
notes: 
source_full_citation: Swissvotes. (2025). Swissvotes – die Datenbank der eidgenössischen Volksabstimmungen. Abgerufen am 8.9.2025 von www.swissvotes.ch
source_comment: ",fr-CH,Arrêté fédéral concernant les soins médicaux de base,,,de-CH,Bundesbeschluss über die medizinische Grundversorgung,,,en-US,Federal decree on basic medical care,,,exact,2014-05-18T12:00:00,,,accepted,,,de-CH,Angenommen,,en-US,Accepted,,fr-CH,Accepté,
618,1,https://swissvotes.ch/vote/582.00,3,582,3,"[1000,1001]",[],,"page_number_string: 
notes: 
source_full_citation: Swissvotes. (2025). Swissvotes – die Datenbank der eidgenössischen Volksabstimmungen. Abgerufen am 8.9.2025 von www.swissvotes.ch
source_comment: ",de-CH,Initiative «Pädophile sollen nicht mehr mit Kindern arbeiten dürfen»,,,en-US,Initiative «Pedophiles must no longer be allowed to work with children»,,,fr-CH,Initiative «Pour que les pédophiles ne travaillent plus avec des enfants»,,,exact,2014-05-18T12:00:00,,,accepted,,,de-CH,Angenommen,,en-US,Accepted,,fr-CH,Accepté,
619,1,https://swissvotes.ch/vote/583.00,2,583,3,[1002],[],,"page_number_string: 
notes: 
source_full_citation: Swissvotes. (2025). Swissvotes – die Datenbank der eidgenössischen Volksabstimmungen. Abgerufen am 8.9.2025 von www.swissvotes.ch
source_comment: ",fr-CH,«Initiative sur les salaires minimums»,,,de-CH,«Mindestlohn-Initiative»,,,en-US,Minimum Wage Initiative,,,exact,2014-05-18T12:00:00,,,rejected,,,de-CH,Abgelehnt,,en-US,Rejected,,fr-CH,Rejeté,
620,1,https://swissvotes.ch/vote/584.00,1,584,2,"[1003,1004]",[],,"page_number_string: 
notes: 
source_full_citation: Swissvotes. (2025). Swissvotes – die Datenbank der eidgenössischen Volksabstimmungen. Abgerufen am 8.9.2025 von www.swissvotes.ch
source_comment: ",fr-CH,Fonds d'acquisition de l'avion de combat Gripen,,,de-CH,Fonds zur Beschaffung des Kampfflugzeugs Gripen,,,en-US,Fund for the acquisition of the Gripen fighter aircraft,,,exact,2014-05-18T12:00:00,,,rejected,,,de-CH,Abgelehnt,,en-US,Rejected,,fr-CH,Rejeté,
621,1,https://swissvotes.ch/vote/585.00,2,585,3,"[1005,1006]",[],,"page_number_string: 
notes: 
source_full_citation: Swissvotes. (2025). Swissvotes – die Datenbank der eidgenössischen Volksabstimmungen. Abgerufen am 8.9.2025 von www.swissvotes.ch
source_comment: ",de-CH,Initiative «Schluss mit der MwSt-Diskriminierung des Gastgewerbes!»,,,fr-CH,Initiative «Stop à la TVA discriminatoire pour la restauration!»,,,en-US,Initiative «Stop the discriminatory VAT for the hospitality sector!»,,,exact,2014-09-28T12:00:00,,,rejected,,,de-CH,Abgelehnt,,en-US,Rejected,,fr-CH,Rejeté,
622,1,https://swissvotes.ch/vote/586.00,2,586,3,[1007],[],,"page_number_string: 
notes: 
source_full_citation: Swissvotes. (2025). Swissvotes – die Datenbank der eidgenössischen Volksabstimmungen. Abgerufen am 8.9.2025 von www.swissvotes.ch
source_comment: ",en-US,Initiative «For a public health insurance»,,,de-CH,Initiative «Für eine öffentliche Krankenkasse»,,,fr-CH,Initiative «Pour une caisse publique d'assurance-maladie»,,,exact,2014-09-28T12:00:00,,,rejected,,,de-CH,Abgelehnt,,en-US,Rejected,,fr-CH,Rejeté,
623,1,https://swissvotes.ch/vote/587.00,2,587,3,[1008],[],,"page_number_string: 
notes: 
source_full_citation: Swissvotes. (2025). Swissvotes – die Datenbank der eidgenössischen Volksabstimmungen. Abgerufen am 8.9.2025 von www.swissvotes.ch
source_comment: ",en-US,Initiative for the abolition of lump-sum taxation,,,fr-CH,Initiative pour l'abolition des forfaits fiscaux,,,de-CH,Initiative zur Abschaffung der Pauschalbesteuerung,,,exact,2014-11-30T12:00:00,,,rejected,,,de-CH,Abgelehnt,,en-US,Rejected,,fr-CH,Rejeté,
624,1,https://swissvotes.ch/vote/588.00,2,588,3,"[1009,1010]",[],,"page_number_string: 
notes: 
source_full_citation: Swissvotes. (2025). Swissvotes – die Datenbank der eidgenössischen Volksabstimmungen. Abgerufen am 8.9.2025 von www.swissvotes.ch
source_comment: ",en-US,Initiative «Halt overpopulation - Preserve the natural environment»,,,fr-CH,Initiative «Halte à la surpopulation – Oui à la préservation durable des ressources naturelles»,,,de-CH,Initiative «Stopp der Überbevölkerung – zur Sicherung der natürlichen Lebensgrundlagen»,,,exact,2014-11-30T12:00:00,,,rejected,,,de-CH,Abgelehnt,,en-US,Rejected,,fr-CH,Rejeté,
625,1,https://swissvotes.ch/vote/589.00,2,589,3,"[1011,1012]",[],,"page_number_string: 
notes: 
source_full_citation: Swissvotes. (2025). Swissvotes – die Datenbank der eidgenössischen Volksabstimmungen. Abgerufen am 8.9.2025 von www.swissvotes.ch
source_comment: ",en-US,Gold initiative,,,de-CH,Gold-Initiative,,,fr-CH,Initiative sur l'or,,,exact,2014-11-30T12:00:00,,,rejected,,,de-CH,Abgelehnt,,en-US,Rejected,,fr-CH,Rejeté,
626,1,https://swissvotes.ch/vote/590.00,2,590,3,"[1013,1014]",[],,"page_number_string: 
notes: 
source_full_citation: Swissvotes. (2025). Swissvotes – die Datenbank der eidgenössischen Volksabstimmungen. Abgerufen am 8.9.2025 von www.swissvotes.ch
source_comment: ",en-US,Initiative for tax-free child allowances,,,de-CH,Initiative für steuerfreie Kinderzulagen,,,fr-CH,Initiative pour des allocations pour enfant exonérées de l'impôt,,,exact,2015-03-08T12:00:00,,,rejected,,,de-CH,Abgelehnt,,en-US,Rejected,,fr-CH,Rejeté,
627,1,https://swissvotes.ch/vote/591.00,2,591,3,"[1015,1016]",[],,"page_number_string: 
notes: 
source_full_citation: Swissvotes. (2025). Swissvotes – die Datenbank der eidgenössischen Volksabstimmungen. Abgerufen am 8.9.2025 von www.swissvotes.ch
source_comment: ",de-CH,Initiative «Energie- statt Mehrwertsteuer»,,,fr-CH,Initiative «Remplacer la TVA par une taxe sur l'énergie»,,,en-US,Initiative «Replace VAT with an energy tax»,,,exact,2015-03-08T12:00:00,,,rejected,,,de-CH,Abgelehnt,,en-US,Rejected,,fr-CH,Rejeté,
628,1,https://swissvotes.ch/vote/592.00,1,592,1,"[1017,1018]",[],,"page_number_string: 
notes: 
source_full_citation: Swissvotes. (2025). Swissvotes – die Datenbank der eidgenössischen Volksabstimmungen. Abgerufen am 8.9.2025 von www.swissvotes.ch
source_comment: ",fr-CH,Article constitutionnel relatif à la procréation médicalement assistée et au génie génétique dans le domaine humain,,,en-US,Constitutional article on reproductive medicine and genetic engineering in the human field,,,de-CH,Verfassungsbestimmung zur Fortpflanzungsmedizin und Gentechnologie im Humanbereich,,,exact,2015-06-14T12:00:00,,,accepted,,,de-CH,Angenommen,,en-US,Accepted,,fr-CH,Accepté,
629,1,https://swissvotes.ch/vote/593.00,2,593,3,[1019],[],,"page_number_string: 
notes: 
source_full_citation: Swissvotes. (2025). Swissvotes – die Datenbank der eidgenössischen Volksabstimmungen. Abgerufen am 8.9.2025 von www.swissvotes.ch
source_comment: ",en-US,Initiative on scholarships,,,fr-CH,Initiative sur les bourses d'études,,,de-CH,Stipendieninitiative,,,exact,2015-06-14T12:00:00,,,rejected,,,de-CH,Abgelehnt,,en-US,Rejected,,fr-CH,Rejeté,
630,1,https://swissvotes.ch/vote/594.00,2,594,3,"[1020,1021]",[],,"page_number_string: 
notes: 
source_full_citation: Swissvotes. (2025). Swissvotes – die Datenbank der eidgenössischen Volksabstimmungen. Abgerufen am 8.9.2025 von www.swissvotes.ch
source_comment: ",fr-CH,Initiative «Imposer les successions de plusieurs millions»,,,de-CH,Initiative «Millionen-Erbschaften besteuern für unsere AHV»,,,en-US,Initiative «Taxing multi-millionaire inheritances»,,,exact,2015-06-14T12:00:00,,,rejected,,,de-CH,Abgelehnt,,en-US,Rejected,,fr-CH,Rejeté,
631,1,https://swissvotes.ch/vote/595.00,1,595,2,[1022],[],,"page_number_string: 
notes: 
source_full_citation: Swissvotes. (2025). Swissvotes – die Datenbank der eidgenössischen Volksabstimmungen. Abgerufen am 8.9.2025 von www.swissvotes.ch
source_comment: ",fr-CH,Loi sur la radio et la télévision (redevance radio/TV),,,en-US,Radio and Television Act (radio/TV licence fee),,,de-CH,Radio- und Fernsehgesetz (Radio- und Fernsehabgabe),,,exact,2015-06-14T12:00:00,,,accepted,,,de-CH,Angenommen,,en-US,Accepted,,fr-CH,Accepté,
632,1,https://swissvotes.ch/vote/596.00,2,596,3,[1023],[],,"page_number_string: 
notes: 
source_full_citation: Swissvotes. (2025). Swissvotes – die Datenbank der eidgenössischen Volksabstimmungen. Abgerufen am 8.9.2025 von www.swissvotes.ch
source_comment: ",de-CH,Initiative «gegen die Heiratsstrafe»,,,en-US,Initiative «No to the penalisation of marriage»,,,fr-CH,Initiative «Non à la pénalisation du mariage»,,,exact,2016-02-28T12:00:00,,,rejected,,,de-CH,Abgelehnt,,en-US,Rejected,,fr-CH,Rejeté,
633,1,https://swissvotes.ch/vote/597.00,2,597,3,"[1024,1025]",[],,"page_number_string: 
notes: 
source_full_citation: Swissvotes. (2025). Swissvotes – die Datenbank der eidgenössischen Volksabstimmungen. Abgerufen am 8.9.2025 von www.swissvotes.ch
source_comment: ",de-CH,«Durchsetzungsinitiative»,,,en-US,«Implementation initiative»,,,fr-CH,«Initiative de mise en oeuvre»,,,exact,2016-02-28T12:00:00,,,rejected,,,de-CH,Abgelehnt,,en-US,Rejected,,fr-CH,Rejeté,
634,1,https://swissvotes.ch/vote/598.00,2,598,3,[1026],[],,"page_number_string: 
notes: 
source_full_citation: Swissvotes. (2025). Swissvotes – die Datenbank der eidgenössischen Volksabstimmungen. Abgerufen am 8.9.2025 von www.swissvotes.ch
source_comment: ",de-CH,Initiative «Keine Spekulation mit Nahrungsmitteln!»,,,en-US,Initiative «No speculation on food»,,,fr-CH,Initiative «Pas de spéculation sur les denrées alimentaires»,,,exact,2016-02-28T12:00:00,,,rejected,,,de-CH,Abgelehnt,,en-US,Rejected,,fr-CH,Rejeté,
635,1,https://swissvotes.ch/vote/599.00,1,599,2,[1027],[],,"page_number_string: 
notes: 
source_full_citation: Swissvotes. (2025). Swissvotes – die Datenbank der eidgenössischen Volksabstimmungen. Abgerufen am 8.9.2025 von www.swissvotes.ch
source_comment: ",fr-CH,Réfection du tunnel routier du Gothard,,,en-US,Rehabilitation of the Gotthard road tunnel,,,de-CH,Sanierung Gotthard-Strassentunnel,,,exact,2016-02-28T12:00:00,,,accepted,,,de-CH,Angenommen,,en-US,Accepted,,fr-CH,Accepté,
636,1,https://swissvotes.ch/vote/600.00,2,600,3,[1028],[],,"page_number_string: 
notes: 
source_full_citation: Swissvotes. (2025). Swissvotes – die Datenbank der eidgenössischen Volksabstimmungen. Abgerufen am 8.9.2025 von www.swissvotes.ch
source_comment: ",fr-CH,Initiative «En faveur du service public»,,,en-US,Initiative «Pro public services»,,,de-CH,Initiative «Pro Service public»,,,exact,2016-06-05T12:00:00,,,rejected,,,de-CH,Abgelehnt,,en-US,Rejected,,fr-CH,Rejeté,
637,1,https://swissvotes.ch/vote/601.00,2,601,3,"[1029,1030]",[],,"page_number_string: 
notes: 
source_full_citation: Swissvotes. (2025). Swissvotes – die Datenbank der eidgenössischen Volksabstimmungen. Abgerufen am 8.9.2025 von www.swissvotes.ch
source_comment: ",en-US,Initiative «For an unconditional basic income»,,,de-CH,Initiative «Für ein bedingungsloses Grundeinkommen»,,,fr-CH,Initiative «Pour un revenu de base inconditionnel»,,,exact,2016-06-05T12:00:00,,,rejected,,,de-CH,Abgelehnt,,en-US,Rejected,,fr-CH,Rejeté,
638,1,https://swissvotes.ch/vote/602.00,2,602,3,"[1031,1032]",[],,"page_number_string: 
notes: 
source_full_citation: Swissvotes. (2025). Swissvotes – die Datenbank der eidgenössischen Volksabstimmungen. Abgerufen am 8.9.2025 von www.swissvotes.ch
source_comment: ",en-US,Initiative «For fair transport funding»,,,de-CH,Initiative «Für eine faire Verkehrsfinanzierung»,,,fr-CH,Initiative «Pour un financement équitable des transports»,,,exact,2016-06-05T12:00:00,,,rejected,,,de-CH,Abgelehnt,,en-US,Rejected,,fr-CH,Rejeté,
639,1,https://swissvotes.ch/vote/603.00,1,603,2,"[1033,1034]",[],,"page_number_string: 
notes: 
source_full_citation: Swissvotes. (2025). Swissvotes – die Datenbank der eidgenössischen Volksabstimmungen. Abgerufen am 8.9.2025 von www.swissvotes.ch
source_comment: ",de-CH,Fortpflanzungsmedizingesetz,,,fr-CH,Loi sur la procréation médicalement assistée,,,en-US,Reproductive Medicine Act,,,exact,2016-06-05T12:00:00,,,accepted,,,de-CH,Angenommen,,en-US,Accepted,,fr-CH,Accepté,
640,1,https://swissvotes.ch/vote/604.00,1,604,2,[1035],[7],,"page_number_string: 
notes: 
source_full_citation: Swissvotes. (2025). Swissvotes – die Datenbank der eidgenössischen Volksabstimmungen. Abgerufen am 8.9.2025 von www.swissvotes.ch
source_comment: ",de-CH,Asylgesetz,,,en-US,Asylum Act,,,fr-CH,Loi sur l'asile,,,exact,2016-06-05T12:00:00,,,accepted,,,de-CH,Angenommen,,en-US,Accepted,,fr-CH,Accepté,
641,1,https://swissvotes.ch/vote/605.00,2,605,3,"[1036,1037]",[],,"page_number_string: 
notes: 
source_full_citation: Swissvotes. (2025). Swissvotes – die Datenbank der eidgenössischen Volksabstimmungen. Abgerufen am 8.9.2025 von www.swissvotes.ch
source_comment: ",fr-CH,Initiative «Economie verte»,,,en-US,Initiative «For a Green Economy»,,,de-CH,Initiative «Grüne Wirtschaft»,,,exact,2016-09-25T12:00:00,,,rejected,,,de-CH,Abgelehnt,,en-US,Rejected,,fr-CH,Rejeté,
642,1,https://swissvotes.ch/vote/606.00,2,606,3,[1038],[],,"page_number_string: 
notes: 
source_full_citation: Swissvotes. (2025). Swissvotes – die Datenbank der eidgenössischen Volksabstimmungen. Abgerufen am 8.9.2025 von www.swissvotes.ch
source_comment: ",de-CH,Initiative «AHVplus: für eine starke AHV»,,,fr-CH,Initiative «AVSplus: pour une AVS forte»,,,en-US,Initiative «For a decent old-age pension»,,,exact,2016-09-25T12:00:00,,,rejected,,,de-CH,Abgelehnt,,en-US,Rejected,,fr-CH,Rejeté,
643,1,https://swissvotes.ch/vote/607.00,1,607,2,"[1039,1040]",[],,"page_number_string: 
notes: 
source_full_citation: Swissvotes. (2025). Swissvotes – die Datenbank der eidgenössischen Volksabstimmungen. Abgerufen am 8.9.2025 von www.swissvotes.ch
source_comment: ",en-US,Act on the Intelligence Service,,,fr-CH,Loi sur le renseignement,,,de-CH,Nachrichtendienstgesetz,,,exact,2016-09-25T12:00:00,,,accepted,,,de-CH,Angenommen,,en-US,Accepted,,fr-CH,Accepté,
644,1,https://swissvotes.ch/vote/608.00,2,608,3,[1041],[],,"page_number_string: 
notes: 
source_full_citation: Swissvotes. (2025). Swissvotes – die Datenbank der eidgenössischen Volksabstimmungen. Abgerufen am 8.9.2025 von www.swissvotes.ch
source_comment: ",de-CH,Atomausstiegsinitiative,,,fr-CH,Initiative pour la sortie du nucléaire,,,en-US,Nuclear phase-out initiative,,,exact,2016-11-27T12:00:00,,,rejected,,,de-CH,Abgelehnt,,en-US,Rejected,,fr-CH,Rejeté,
645,1,https://swissvotes.ch/vote/609.00,1,609,1,"[1042,1043]",[],,"page_number_string: 
notes: 
source_full_citation: Swissvotes. (2025). Swissvotes – die Datenbank der eidgenössischen Volksabstimmungen. Abgerufen am 8.9.2025 von www.swissvotes.ch
source_comment: ",de-CH,Erleichterte Einbürgerung der dritten Ausländergeneration,,,fr-CH,Naturalisation facilitée des étrangers de la troisième génération,,,en-US,Simplified naturalisation for third-generation foreigners,,,exact,2017-02-12T12:00:00,,,accepted,,,de-CH,Angenommen,,en-US,Accepted,,fr-CH,Accepté,
646,1,https://swissvotes.ch/vote/610.00,1,610,1,"[1044,1045]",[],,"page_number_string: 
notes: 
source_full_citation: Swissvotes. (2025). Swissvotes – die Datenbank der eidgenössischen Volksabstimmungen. Abgerufen am 8.9.2025 von www.swissvotes.ch
source_comment: ",de-CH,Fonds für die Nationalstrassen und den Agglomerationsverkehr (NAF),,,fr-CH,Fonds pour les routes nationales et pour le trafic d‘agglomération (FORTA),,,en-US,Fund for national roads and urban traffic,,,exact,2017-02-12T12:00:00,,,accepted,,,de-CH,Angenommen,,en-US,Accepted,,fr-CH,Accepté,
647,1,https://swissvotes.ch/vote/611.00,1,611,2,"[1046,1047]",[],,"page_number_string: 
notes: 
source_full_citation: Swissvotes. (2025). Swissvotes – die Datenbank der eidgenössischen Volksabstimmungen. Abgerufen am 8.9.2025 von www.swissvotes.ch
source_comment: ",en-US,Corporate Tax Reform III,,,fr-CH,Réforme de l'imposition des entreprises III,,,de-CH,Unternehmenssteuerreform III,,,exact,2017-02-12T12:00:00,,,rejected,,,de-CH,Abgelehnt,,en-US,Rejected,,fr-CH,Rejeté,
648,1,https://swissvotes.ch/vote/612.00,1,612,2,[1048],[6],,"page_number_string: 
notes: 
source_full_citation: Swissvotes. (2025). Swissvotes – die Datenbank der eidgenössischen Volksabstimmungen. Abgerufen am 8.9.2025 von www.swissvotes.ch
source_comment: ",de-CH,Energiegesetz,,,en-US,Energy Act,,,fr-CH,Loi sur l'énergie,,,exact,2017-05-21T12:00:00,,,accepted,,,de-CH,Angenommen,,en-US,Accepted,,fr-CH,Accepté,
649,1,https://swissvotes.ch/vote/613.00,1,613,4,[1049],[],,"page_number_string: 
notes: 
source_full_citation: Swissvotes. (2025). Swissvotes – die Datenbank der eidgenössischen Volksabstimmungen. Abgerufen am 8.9.2025 von www.swissvotes.ch
source_comment: ",fr-CH,Arrêté fédéral sur la sécurité alimentaire,,,de-CH,Bundesbeschluss über die Ernährungssicherheit,,,en-US,Decree on Food Security,,,exact,2017-09-24T12:00:00,,,accepted,,,de-CH,Angenommen,,en-US,Accepted,,fr-CH,Accepté,
650,1,https://swissvotes.ch/vote/614.00,1,614,1,"[1050,1051]",[],,"page_number_string: 
notes: 
source_full_citation: Swissvotes. (2025). Swissvotes – die Datenbank der eidgenössischen Volksabstimmungen. Abgerufen am 8.9.2025 von www.swissvotes.ch
source_comment: ",en-US,Additional funding for the old-age insurance through a VAT increase,,,fr-CH,Financement additionnel de l'AVS (relèvement de la TVA),,,de-CH,Zusatzfinanzierung der AHV durch eine Erhöhung der Mehrwertsteuer,,,exact,2017-09-24T12:00:00,,,rejected,,,de-CH,Abgelehnt,,en-US,Rejected,,fr-CH,Rejeté,
651,1,https://swissvotes.ch/vote/615.00,1,615,2,[1052],[],,"page_number_string: 
notes: 
source_full_citation: Swissvotes. (2025). Swissvotes – die Datenbank der eidgenössischen Volksabstimmungen. Abgerufen am 8.9.2025 von www.swissvotes.ch
source_comment: ",en-US,Pension reform,,,de-CH,Reform der Altersvorsorge 2020,,,fr-CH,Réforme de la prévoyance vieillesse 2020,,,exact,2017-09-24T12:00:00,,,rejected,,,de-CH,Abgelehnt,,en-US,Rejected,,fr-CH,Rejeté,
652,1,https://swissvotes.ch/vote/616.00,1,616,1,[1053],[],,"page_number_string: 
notes: 
source_full_citation: Swissvotes. (2025). Swissvotes – die Datenbank der eidgenössischen Volksabstimmungen. Abgerufen am 8.9.2025 von www.swissvotes.ch
source_comment: ",de-CH,Neue Finanzordnung 2021,,,en-US,New financial regime,,,fr-CH,Nouveau régime financier 2021,,,exact,2018-03-04T12:00:00,,,accepted,,,de-CH,Angenommen,,en-US,Accepted,,fr-CH,Accepté,
653,1,https://swissvotes.ch/vote/617.00,2,617,3,[1054],[],,"page_number_string: 
notes: 
source_full_citation: Swissvotes. (2025). Swissvotes – die Datenbank der eidgenössischen Volksabstimmungen. Abgerufen am 8.9.2025 von www.swissvotes.ch
source_comment: ",de-CH,Initiative «Abschaffung der Billag-Gebühren»,,,fr-CH,Initiative «suppression des redevances Billag»,,,en-US,Initiative for the abolition of radio and television fees,,,exact,2018-03-04T12:00:00,,,rejected,,,de-CH,Abgelehnt,,en-US,Rejected,,fr-CH,Rejeté,
654,1,https://swissvotes.ch/vote/618.00,2,618,3,"[1055,1056]",[],,"page_number_string: 
notes: 
source_full_citation: Swissvotes. (2025). Swissvotes – die Datenbank der eidgenössischen Volksabstimmungen. Abgerufen am 8.9.2025 von www.swissvotes.ch
source_comment: ",en-US,«Sovereign Money Initiative»,,,fr-CH,Initiative Monnaie pleine,,,de-CH,Vollgeld-Initiative,,,exact,2018-06-10T12:00:00,,,rejected,,,de-CH,Abgelehnt,,en-US,Rejected,,fr-CH,Rejeté,
655,1,https://swissvotes.ch/vote/619.00,1,619,2,[1057],[],,"page_number_string: 
notes: 
source_full_citation: Swissvotes. (2025). Swissvotes – die Datenbank der eidgenössischen Volksabstimmungen. Abgerufen am 8.9.2025 von www.swissvotes.ch
source_comment: ",en-US,Gambling Act,,,de-CH,Geldspielgesetz,,,fr-CH,Loi sur les jeux d'argent,,,exact,2018-06-10T12:00:00,,,accepted,,,de-CH,Angenommen,,en-US,Accepted,,fr-CH,Accepté,
656,1,https://swissvotes.ch/vote/620.00,1,620,4,[1058],[],,"page_number_string: 
notes: 
source_full_citation: Swissvotes. (2025). Swissvotes – die Datenbank der eidgenössischen Volksabstimmungen. Abgerufen am 8.9.2025 von www.swissvotes.ch
source_comment: ",fr-CH,Arrêté fédéral concernant les voies cyclables et les chemins et sentiers pédestres,,,de-CH,Bundesbeschluss über die Velowege sowie die Fuss- und Wanderwege,,,en-US,Decree on cycle paths and footpaths,,,exact,2018-09-23T12:00:00,,,accepted,,,de-CH,Angenommen,,en-US,Accepted,,fr-CH,Accepté,
657,1,https://swissvotes.ch/vote/621.00,2,621,3,[1059],[],,"page_number_string: 
notes: 
source_full_citation: Swissvotes. (2025). Swissvotes – die Datenbank der eidgenössischen Volksabstimmungen. Abgerufen am 8.9.2025 von www.swissvotes.ch
source_comment: ",en-US,«Fair Food Initiative»,,,de-CH,Fair-Food-Initiative,,,fr-CH,Initiative pour des aliments équitables,,,exact,2018-09-23T12:00:00,,,rejected,,,de-CH,Abgelehnt,,en-US,Rejected,,fr-CH,Rejeté,
658,1,https://swissvotes.ch/vote/622.00,2,622,3,"[1060,1061]",[],,"page_number_string: 
notes: 
source_full_citation: Swissvotes. (2025). Swissvotes – die Datenbank der eidgenössischen Volksabstimmungen. Abgerufen am 8.9.2025 von www.swissvotes.ch
source_comment: ",en-US,Initiative «For food sovereignty»,,,de-CH,Initiative «Für Ernährungssouveränität»,,,fr-CH,Initiative «Pour la souveraineté alimentaire»,,,exact,2018-09-23T12:00:00,,,rejected,,,de-CH,Abgelehnt,,en-US,Rejected,,fr-CH,Rejeté,
659,1,https://swissvotes.ch/vote/623.00,2,623,3,"[1062,1063]",[],,"page_number_string: 
notes: 
source_full_citation: Swissvotes. (2025). Swissvotes – die Datenbank der eidgenössischen Volksabstimmungen. Abgerufen am 8.9.2025 von www.swissvotes.ch
source_comment: ",de-CH,Hornkuh-Initiative,,,en-US,Initiative «For the dignity of farm animals (horned cows initiative)»,,,fr-CH,Initiative pour les vaches à cornes,,,exact,2018-11-25T12:00:00,,,rejected,,,de-CH,Abgelehnt,,en-US,Rejected,,fr-CH,Rejeté,
660,1,https://swissvotes.ch/vote/624.00,2,624,3,"[1064,1065]",[5],,"page_number_string: 
notes: 
source_full_citation: Swissvotes. (2025). Swissvotes – die Datenbank der eidgenössischen Volksabstimmungen. Abgerufen am 8.9.2025 von www.swissvotes.ch
source_comment: ",fr-CH,Initiative pour l’autodétermination,,,de-CH,Selbstbestimmungsinitiative,,,en-US,Self-determination initiative,,,exact,2018-11-25T12:00:00,,,rejected,,,de-CH,Abgelehnt,,en-US,Rejected,,fr-CH,Rejeté,
661,1,https://swissvotes.ch/vote/625.00,1,625,2,"[1066,1067]",[],,"page_number_string: 
notes: 
source_full_citation: Swissvotes. (2025). Swissvotes – die Datenbank der eidgenössischen Volksabstimmungen. Abgerufen am 8.9.2025 von www.swissvotes.ch
source_comment: ",fr-CH,Base légale pour la surveillance des assurés,,,de-CH,Gesetzliche Grundlage für die Überwachung von Versicherten,,,en-US,Legal basis for the monitoring of insured persons,,,exact,2018-11-25T12:00:00,,,accepted,,,de-CH,Angenommen,,en-US,Accepted,,fr-CH,Accepté,
662,1,https://swissvotes.ch/vote/626.00,2,626,3,[1068],[],,"page_number_string: 
notes: 
source_full_citation: Swissvotes. (2025). Swissvotes – die Datenbank der eidgenössischen Volksabstimmungen. Abgerufen am 8.9.2025 von www.swissvotes.ch
source_comment: ",en-US,Initiative against urban sprawl,,,fr-CH,Initiative contre le mitage,,,de-CH,Zersiedelungsinitiative,,,exact,2019-02-10T12:00:00,,,rejected,,,de-CH,Abgelehnt,,en-US,Rejected,,fr-CH,Rejeté,
663,1,https://swissvotes.ch/vote/627.00,1,627,2,"[1069,1070,1071]",[],,"page_number_string: 
notes: 
source_full_citation: Swissvotes. (2025). Swissvotes – die Datenbank der eidgenössischen Volksabstimmungen. Abgerufen am 8.9.2025 von www.swissvotes.ch
source_comment: ",fr-CH,Réforme fiscale et financement de l'AVS (RFFA),,,de-CH,Steuerreform und AHV-Finanzierung (STAF),,,en-US,Tax reform and funding of old-age insurance,,,exact,2019-05-19T12:00:00,,,accepted,,,de-CH,Angenommen,,en-US,Accepted,,fr-CH,Accepté,
664,1,https://swissvotes.ch/vote/628.00,1,628,2,"[1072,1073]",[],,"page_number_string: 
notes: 
source_full_citation: Swissvotes. (2025). Swissvotes – die Datenbank der eidgenössischen Volksabstimmungen. Abgerufen am 8.9.2025 von www.swissvotes.ch
source_comment: ",en-US,Implementation of the EU Weapons Directive,,,fr-CH,Mise en oeuvre de la directive de l’UE sur les armes,,,de-CH,Umsetzung der EU-Waffenrichtlinie,,,exact,2019-05-19T12:00:00,,,accepted,,,de-CH,Angenommen,,en-US,Accepted,,fr-CH,Accepté,
665,1,https://swissvotes.ch/vote/629.00,2,629,3,[1074],[],,"page_number_string: 
notes: 
source_full_citation: Swissvotes. (2025). Swissvotes – die Datenbank der eidgenössischen Volksabstimmungen. Abgerufen am 8.9.2025 von www.swissvotes.ch
source_comment: ",fr-CH,Initiative «Davantage de logements abordables»,,,de-CH,Initiative «Mehr bezahlbare Wohnungen»,,,en-US,Initiative «More affordable homes»,,,exact,2020-02-09T12:00:00,,,rejected,,,de-CH,Abgelehnt,,en-US,Rejected,,fr-CH,Rejeté,
666,1,https://swissvotes.ch/vote/630.00,1,630,2,"[1075,1076]",[],,"page_number_string: 
notes: 
source_full_citation: Swissvotes. (2025). Swissvotes – die Datenbank der eidgenössischen Volksabstimmungen. Abgerufen am 8.9.2025 von www.swissvotes.ch
source_comment: ",en-US,Ban on discrimination based on sexual orientation,,,fr-CH,Interdiction de la discrimination en raison de l’orientation sexuelle,,,de-CH,Verbot der Diskriminierung aufgrund der sexuellen Orientierung,,,exact,2020-02-09T12:00:00,,,accepted,,,de-CH,Angenommen,,en-US,Accepted,,fr-CH,Accepté,
667,1,https://swissvotes.ch/vote/631.00,2,631,3,"[1077,1078]",[4],,"page_number_string: 
notes: 
source_full_citation: Swissvotes. (2025). Swissvotes – die Datenbank der eidgenössischen Volksabstimmungen. Abgerufen am 8.9.2025 von www.swissvotes.ch
source_comment: ",de-CH,Begrenzungsinitiative,,,en-US,Initiative «For moderate immigration (Limitation Initiative)»,,,fr-CH,Initiative de limitation,,,exact,2020-09-27T12:00:00,,,rejected,,,de-CH,Abgelehnt,,en-US,Rejected,,fr-CH,Rejeté,
668,1,https://swissvotes.ch/vote/632.00,1,632,2,"[1079,1080]",[],,"page_number_string: 
notes: 
source_full_citation: Swissvotes. (2025). Swissvotes – die Datenbank der eidgenössischen Volksabstimmungen. Abgerufen am 8.9.2025 von www.swissvotes.ch
source_comment: ",en-US,Hunting Act,,,de-CH,Jagdgesetz,,,fr-CH,Loi sur la chasse,,,exact,2020-09-27T12:00:00,,,rejected,,,de-CH,Abgelehnt,,en-US,Rejected,,fr-CH,Rejeté,
669,1,https://swissvotes.ch/vote/633.00,1,633,2,"[1081,1082]",[],,"page_number_string: 
notes: 
source_full_citation: Swissvotes. (2025). Swissvotes – die Datenbank der eidgenössischen Volksabstimmungen. Abgerufen am 8.9.2025 von www.swissvotes.ch
source_comment: ",de-CH,Erhöhung der steuerlichen Kinderabzüge,,,en-US,Increase of tax deductions for children,,,fr-CH,Relèvement des déductions fiscales pour enfants,,,exact,2020-09-27T12:00:00,,,rejected,,,de-CH,Abgelehnt,,en-US,Rejected,,fr-CH,Rejeté,
670,1,https://swissvotes.ch/vote/634.00,1,634,2,"[1083,1084]",[],,"page_number_string: 
notes: 
source_full_citation: Swissvotes. (2025). Swissvotes – die Datenbank der eidgenössischen Volksabstimmungen. Abgerufen am 8.9.2025 von www.swissvotes.ch
source_comment: ",fr-CH,Congé de paternité,,,en-US,Paternity leave,,,de-CH,Vaterschaftsurlaub,,,exact,2020-09-27T12:00:00,,,accepted,,,de-CH,Angenommen,,en-US,Accepted,,fr-CH,Accepté,
671,1,https://swissvotes.ch/vote/635.00,1,635,2,"[1085,1086]",[],,"page_number_string: 
notes: 
source_full_citation: Swissvotes. (2025). Swissvotes – die Datenbank der eidgenössischen Volksabstimmungen. Abgerufen am 8.9.2025 von www.swissvotes.ch
source_comment: ",fr-CH,Acquisition de nouveaux avions de combat,,,de-CH,Beschaffung neuer Kampfflugzeuge,,,en-US,Procurement of new fighter aircraft,,,exact,2020-09-27T12:00:00,,,accepted,,,de-CH,Angenommen,,en-US,Accepted,,fr-CH,Accepté,
672,1,https://swissvotes.ch/vote/636.00,2,636,3,"[1087,1088,1089]",[],,"page_number_string: 
notes: 
source_full_citation: Swissvotes. (2025). Swissvotes – die Datenbank der eidgenössischen Volksabstimmungen. Abgerufen am 8.9.2025 von www.swissvotes.ch
source_comment: ",fr-CH,Initiative «Entreprises responsables»,,,en-US,Initiative «For responsible businesses – protecting human rights and the environment»,,,de-CH,Konzernverantwortungsinitiative,,,exact,2020-11-29T12:00:00,,,rejected,,,de-CH,Abgelehnt,,en-US,Rejected,,fr-CH,Rejeté,
673,1,https://swissvotes.ch/vote/637.00,2,637,3,"[1090,1091,1092]",[],,"page_number_string: 
notes: 
source_full_citation: Swissvotes. (2025). Swissvotes – die Datenbank der eidgenössischen Volksabstimmungen. Abgerufen am 8.9.2025 von www.swissvotes.ch
source_comment: ",de-CH,«Kriegsgeschäfte-Initiative»,,,fr-CH,Initiative «Contre le commerce de guerre»,,,en-US,Initiative «For a ban on financing war material manufacturers»,,,exact,2020-11-29T12:00:00,,,rejected,,,de-CH,Abgelehnt,,en-US,Rejected,,fr-CH,Rejeté,
674,1,https://swissvotes.ch/vote/638.00,2,638,3,"[1093,1094]",[],,"page_number_string: 
notes: 
source_full_citation: Swissvotes. (2025). Swissvotes – die Datenbank der eidgenössischen Volksabstimmungen. Abgerufen am 8.9.2025 von www.swissvotes.ch
source_comment: ",en-US,Initiative for a ban on full facial coverings,,,de-CH,Initiative für ein Verhüllungsverbot,,,fr-CH,Initiative pour l’interdiction de se dissimuler le visage,,,exact,2021-03-07T12:00:00,,,accepted,,,de-CH,Angenommen,,en-US,Accepted,,fr-CH,Accepté,
675,1,https://swissvotes.ch/vote/639.00,1,639,2,[1095],[],,"page_number_string: 
notes: 
source_full_citation: Swissvotes. (2025). Swissvotes – die Datenbank der eidgenössischen Volksabstimmungen. Abgerufen am 8.9.2025 von www.swissvotes.ch
source_comment: ",en-US,Act on Electronic Identification Services (e-ID Act),,,de-CH,Gesetz über elektronische Identifizierungsdienste,,,fr-CH,Loi sur les services d’identification électronique,,,exact,2021-03-07T12:00:00,,,rejected,,,de-CH,Abgelehnt,,en-US,Rejected,,fr-CH,Rejeté,
676,1,https://swissvotes.ch/vote/640.00,1,640,2,"[1096,1097]",[],,"page_number_string: 
notes: 
source_full_citation: Swissvotes. (2025). Swissvotes – die Datenbank der eidgenössischen Volksabstimmungen. Abgerufen am 8.9.2025 von www.swissvotes.ch
source_comment: ",fr-CH,Accord de libre-échange avec l'Indonésie,,,en-US,Economic partnership agreement with Indonesia,,,de-CH,Freihandelsabkommen mit Indonesien,,,exact,2021-03-07T12:00:00,,,accepted,,,de-CH,Angenommen,,en-US,Accepted,,fr-CH,Accepté,
677,1,https://swissvotes.ch/vote/641.00,2,641,3,"[1098,1099]",[],,"page_number_string: 
notes: 
source_full_citation: Swissvotes. (2025). Swissvotes – die Datenbank der eidgenössischen Volksabstimmungen. Abgerufen am 8.9.2025 von www.swissvotes.ch
source_comment: ",en-US,Initiative «For clean drinking water and healthy food»,,,fr-CH,Initiative pour une eau potable propre,,,de-CH,Trinkwasserinitiative,,,exact,2021-06-13T12:00:00,,,rejected,,,de-CH,Abgelehnt,,en-US,Rejected,,fr-CH,Rejeté,
678,1,https://swissvotes.ch/vote/642.00,2,642,3,"[1100,1101]",[],,"page_number_string: 
notes: 
source_full_citation: Swissvotes. (2025). Swissvotes – die Datenbank der eidgenössischen Volksabstimmungen. Abgerufen am 8.9.2025 von www.swissvotes.ch
source_comment: ",en-US,Initiative «For a Switzerland without artificial pesticides»,,,fr-CH,Initiative sur les pesticides,,,de-CH,Pestizidinitiative,,,exact,2021-06-13T12:00:00,,,rejected,,,de-CH,Abgelehnt,,en-US,Rejected,,fr-CH,Rejeté,
679,1,https://swissvotes.ch/vote/643.00,1,643,2,"[1102,1103,1104]",[],,"page_number_string: 
notes: 
source_full_citation: Swissvotes. (2025). Swissvotes – die Datenbank der eidgenössischen Volksabstimmungen. Abgerufen am 8.9.2025 von www.swissvotes.ch
source_comment: ",en-US,COVID-19 Act,,,de-CH,Covid-19-Gesetz,,,fr-CH,Loi COVID-19,,,exact,2021-06-13T12:00:00,,,accepted,,,de-CH,Angenommen,,en-US,Accepted,,fr-CH,Accepté,
680,1,https://swissvotes.ch/vote/644.00,1,644,2,"[1105,1106,1107]",[],,"page_number_string: 
notes: 
source_full_citation: Swissvotes. (2025). Swissvotes – die Datenbank der eidgenössischen Volksabstimmungen. Abgerufen am 8.9.2025 von www.swissvotes.ch
source_comment: ",en-US,CO2 Act,,,de-CH,CO2-Gesetz,,,fr-CH,Loi sur le CO2,,,exact,2021-06-13T12:00:00,,,rejected,,,de-CH,Abgelehnt,,en-US,Rejected,,fr-CH,Rejeté,
681,1,https://swissvotes.ch/vote/645.00,1,645,2,"[1108,1109]",[],,"page_number_string: 
notes: 
source_full_citation: Swissvotes. (2025). Swissvotes – die Datenbank der eidgenössischen Volksabstimmungen. Abgerufen am 8.9.2025 von www.swissvotes.ch
source_comment: ",en-US,Act on police measures to combat terrorism,,,de-CH,Gesetz über polizeiliche Massnahmen gegen Terrorismus,,,fr-CH,Loi sur les mesures policières contre le terrorisme,,,exact,2021-06-13T12:00:00,,,accepted,,,de-CH,Angenommen,,en-US,Accepted,,fr-CH,Accepté,
682,1,https://swissvotes.ch/vote/646.00,2,646,3,"[1110,1111]",[],,"page_number_string: 
notes: 
source_full_citation: Swissvotes. (2025). Swissvotes – die Datenbank der eidgenössischen Volksabstimmungen. Abgerufen am 8.9.2025 von www.swissvotes.ch
source_comment: ",en-US,"«99% Initiative» (Initiative «Reduce tax on salaries, tax capital fairly»)",,,de-CH,«99%-Initiative»,,,fr-CH,«Initiative 99%»,,,exact,2021-09-26T12:00:00,,,rejected,,,de-CH,Abgelehnt,,en-US,Rejected,,fr-CH,Rejeté,
683,1,https://swissvotes.ch/vote/647.00,1,647,2,"[1112,1113]",[],,"page_number_string: 
notes: 
source_full_citation: Swissvotes. (2025). Swissvotes – die Datenbank der eidgenössischen Volksabstimmungen. Abgerufen am 8.9.2025 von www.swissvotes.ch
source_comment: ",de-CH,Ehe für alle,,,fr-CH,Mariage pour tous,,,en-US,Marriage for all,,,exact,2021-09-26T12:00:00,,,accepted,,,de-CH,Angenommen,,en-US,Accepted,,fr-CH,Accepté,
684,1,https://swissvotes.ch/vote/648.00,2,648,3,"[1114,1115]",[],,"page_number_string: 
notes: 
source_full_citation: Swissvotes. (2025). Swissvotes – die Datenbank der eidgenössischen Volksabstimmungen. Abgerufen am 8.9.2025 von www.swissvotes.ch
source_comment: ",fr-CH,Initiative sur les soins infirmiers,,,en-US,Nursing initiative,,,de-CH,Pflegeinitiative,,,exact,2021-11-28T12:00:00,,,accepted,,,de-CH,Angenommen,,en-US,Accepted,,fr-CH,Accepté,
685,1,https://swissvotes.ch/vote/649.00,2,649,3,[1116],[],,"page_number_string: 
notes: 
source_full_citation: Swissvotes. (2025). Swissvotes – die Datenbank der eidgenössischen Volksabstimmungen. Abgerufen am 8.9.2025 von www.swissvotes.ch
source_comment: ",fr-CH,Initiative sur la justice,,,en-US,Justice initiative,,,de-CH,Justizinitiative,,,exact,2021-11-28T12:00:00,,,rejected,,,de-CH,Abgelehnt,,en-US,Rejected,,fr-CH,Rejeté,
686,1,https://swissvotes.ch/vote/650.00,1,650,2,"[1117,1118,1119]",[],,"page_number_string: 
notes: 
source_full_citation: Swissvotes. (2025). Swissvotes – die Datenbank der eidgenössischen Volksabstimmungen. Abgerufen am 8.9.2025 von www.swissvotes.ch
source_comment: ",en-US,Amendment to the COVID-19 Act (2nd revision),,,de-CH,Änderung des Covid-19-Gesetzes (2. Revision),,,fr-CH,Modification de la loi COVID-19 (2e révision),,,exact,2021-11-28T12:00:00,,,accepted,,,de-CH,Angenommen,,en-US,Accepted,,fr-CH,Accepté,
687,1,https://swissvotes.ch/vote/651.00,2,651,3,"[1120,1121]",[],,"page_number_string: 
notes: 
source_full_citation: Swissvotes. (2025). Swissvotes – die Datenbank der eidgenössischen Volksabstimmungen. Abgerufen am 8.9.2025 von www.swissvotes.ch
source_comment: ",en-US,Initiative for a ban on animal and human experiments,,,de-CH,Initiative für ein Verbot von Tier- und Menschenversuchen,,,fr-CH,Initiative pour l'interdiction de l'expérimentation animale et humaine,,,exact,2022-02-13T12:00:00,,,rejected,,,de-CH,Abgelehnt,,en-US,Rejected,,fr-CH,Rejeté,
688,1,https://swissvotes.ch/vote/652.00,2,652,3,"[1122,1123]",[],,"page_number_string: 
notes: 
source_full_citation: Swissvotes. (2025). Swissvotes – die Datenbank der eidgenössischen Volksabstimmungen. Abgerufen am 8.9.2025 von www.swissvotes.ch
source_comment: ",fr-CH,Initiative «Enfants et jeunes sans publicité pour le tabac»,,,de-CH,Initiative «Kinder und Jugendliche ohne Tabakwerbung»,,,en-US,Initiative «No tobacco ads for children and young adults»,,,exact,2022-02-13T12:00:00,,,accepted,,,de-CH,Angenommen,,en-US,Accepted,,fr-CH,Accepté,
689,1,https://swissvotes.ch/vote/653.00,1,653,2,"[1124,1125]",[],,"page_number_string: 
notes: 
source_full_citation: Swissvotes. (2025). Swissvotes – die Datenbank der eidgenössischen Volksabstimmungen. Abgerufen am 8.9.2025 von www.swissvotes.ch
source_comment: ",en-US,Act on Stamp Duties,,,de-CH,Gesetz über die Stempelabgaben,,,fr-CH,Loi sur les droits de timbre,,,exact,2022-02-13T12:00:00,,,rejected,,,de-CH,Abgelehnt,,en-US,Rejected,,fr-CH,Rejeté,
690,1,https://swissvotes.ch/vote/654.00,1,654,2,"[1126,1127]",[],,"page_number_string: 
notes: 
source_full_citation: Swissvotes. (2025). Swissvotes – die Datenbank der eidgenössischen Volksabstimmungen. Abgerufen am 8.9.2025 von www.swissvotes.ch
source_comment: ",de-CH,Medienpaket,,,en-US,Package of measures to support the media,,,fr-CH,Train de mesures en faveur des médias,,,exact,2022-02-13T12:00:00,,,rejected,,,de-CH,Abgelehnt,,en-US,Rejected,,fr-CH,Rejeté,
691,1,https://swissvotes.ch/vote/655.00,1,655,2,"[1128,1129]",[],,"page_number_string: 
notes: 
source_full_citation: Swissvotes. (2025). Swissvotes – die Datenbank der eidgenössischen Volksabstimmungen. Abgerufen am 8.9.2025 von www.swissvotes.ch
source_comment: ",en-US,Amendment to the Film Act,,,de-CH,Änderung des Filmgesetzes,,,fr-CH,Modification de la loi sur le cinéma,,,exact,2022-05-15T12:00:00,,,accepted,,,de-CH,Angenommen,,en-US,Accepted,,fr-CH,Accepté,
692,1,https://swissvotes.ch/vote/656.00,1,656,2,"[1130,1131]",[],,"page_number_string: 
notes: 
source_full_citation: Swissvotes. (2025). Swissvotes – die Datenbank der eidgenössischen Volksabstimmungen. Abgerufen am 8.9.2025 von www.swissvotes.ch
source_comment: ",fr-CH,Principe du consentement présumé pour le don d’organes,,,en-US,Transplantation Act (principle of presumed consent in organ donation),,,de-CH,Widerspruchsregelung bei der Organspende,,,exact,2022-05-15T12:00:00,,,accepted,,,de-CH,Angenommen,,en-US,Accepted,,fr-CH,Accepté,
693,1,https://swissvotes.ch/vote/657.00,1,657,2,"[1132,1133]",[],,"page_number_string: 
notes: 
source_full_citation: Swissvotes. (2025). Swissvotes – die Datenbank der eidgenössischen Volksabstimmungen. Abgerufen am 8.9.2025 von www.swissvotes.ch
source_comment: ",de-CH,Beteiligung an der europäischen Grenz- und Küstenwache Frontex,,,fr-CH,Contribution au corps européen de garde-frontières et de garde-côtes Frontex,,,en-US,Contribution to the European border and coast guard Frontex,,,exact,2022-05-15T12:00:00,,,accepted,,,de-CH,Angenommen,,en-US,Accepted,,fr-CH,Accepté,
694,1,https://swissvotes.ch/vote/658.00,2,658,3,"[1134,1135]",[],,"page_number_string: 
notes: 
source_full_citation: Swissvotes. (2025). Swissvotes – die Datenbank der eidgenössischen Volksabstimmungen. Abgerufen am 8.9.2025 von www.swissvotes.ch
source_comment: ",en-US,Initiative against factory farming,,,fr-CH,Initiative sur l’élevage intensif,,,de-CH,Massentierhaltungsinitiative,,,exact,2022-09-25T12:00:00,,,rejected,,,de-CH,Abgelehnt,,en-US,Rejected,,fr-CH,Rejeté,
695,1,https://swissvotes.ch/vote/659.00,1,659,1,"[1136,1137]",[],,"page_number_string: 
notes: 
source_full_citation: Swissvotes. (2025). Swissvotes – die Datenbank der eidgenössischen Volksabstimmungen. Abgerufen am 8.9.2025 von www.swissvotes.ch
source_comment: ",de-CH,Erhöhung der Mehrwertsteuer zugunsten der AHV,,,fr-CH,Relèvement de la TVA pour un financement additionnel de l’AVS,,,en-US,VAT increase in favour of the old-age insurance,,,exact,2022-09-25T12:00:00,,,accepted,,,de-CH,Angenommen,,en-US,Accepted,,fr-CH,Accepté,
696,1,https://swissvotes.ch/vote/660.00,1,660,2,[1138],[],,"page_number_string: 
notes: 
source_full_citation: Swissvotes. (2025). Swissvotes – die Datenbank der eidgenössischen Volksabstimmungen. Abgerufen am 8.9.2025 von www.swissvotes.ch
source_comment: ",en-US,Act on the old-age insurance,,,de-CH,AHV-Gesetz (AHV 21),,,fr-CH,Loi sur l’AVS (AVS 21),,,exact,2022-09-25T12:00:00,,,accepted,,,de-CH,Angenommen,,en-US,Accepted,,fr-CH,Accepté,
697,1,https://swissvotes.ch/vote/661.00,1,661,2,"[1139,1140]",[],,"page_number_string: 
notes: 
source_full_citation: Swissvotes. (2025). Swissvotes – die Datenbank der eidgenössischen Volksabstimmungen. Abgerufen am 8.9.2025 von www.swissvotes.ch
source_comment: ",en-US,Act on Withholding Tax,,,fr-CH,Loi sur l’impôt anticipé,,,de-CH,Verrechnungssteuergesetz,,,exact,2022-09-25T12:00:00,,,rejected,,,de-CH,Abgelehnt,,en-US,Rejected,,fr-CH,Rejeté,
698,1,https://swissvotes.ch/vote/662.00,1,662,1,"[1141,1142]",[],,"page_number_string: 
notes: 
source_full_citation: Swissvotes. (2025). Swissvotes – die Datenbank der eidgenössischen Volksabstimmungen. Abgerufen am 8.9.2025 von www.swissvotes.ch
source_comment: ",fr-CH,Imposition minimale de l'OCDE,,,en-US,OECD minimum tax for enterprises,,,de-CH,OECD-Mindeststeuer für Unternehmen,,,exact,2023-06-18T12:00:00,,,accepted,,,de-CH,Angenommen,,en-US,Accepted,,fr-CH,Accepté,
699,1,https://swissvotes.ch/vote/663.00,1,663,2,"[1143,1144,1145]",[3],,"page_number_string: 
notes: 
source_full_citation: Swissvotes. (2025). Swissvotes – die Datenbank der eidgenössischen Volksabstimmungen. Abgerufen am 8.9.2025 von www.swissvotes.ch
source_comment: ",en-US,Climate and Innovation Act,,,de-CH,Klimagesetz,,,fr-CH,Loi sur le climat,,,exact,2023-06-18T12:00:00,,,accepted,,,de-CH,Angenommen,,en-US,Accepted,,fr-CH,Accepté,
700,1,https://swissvotes.ch/vote/664.00,1,664,2,"[1146,1147]",[],,"page_number_string: 
notes: 
source_full_citation: Swissvotes. (2025). Swissvotes – die Datenbank der eidgenössischen Volksabstimmungen. Abgerufen am 8.9.2025 von www.swissvotes.ch
source_comment: ",en-US,Amendment to the COVID-19 Act (5th revision),,,de-CH,Änderung des Covid-19-Gesetzes (5. Revision),,,fr-CH,Modification de la loi COVID-19 (5e révision),,,exact,2023-06-18T12:00:00,,,accepted,,,de-CH,Angenommen,,en-US,Accepted,,fr-CH,Accepté,
701,1,https://swissvotes.ch/vote/665.00,2,665,3,[1148],[],,"page_number_string: 
notes: 
source_full_citation: Swissvotes. (2025). Swissvotes – die Datenbank der eidgenössischen Volksabstimmungen. Abgerufen am 8.9.2025 von www.swissvotes.ch
source_comment: ",en-US,Initiative for a 13th monthly pension in old-age insurance,,,de-CH,Initiative für eine 13. AHV-Rente,,,fr-CH,Initiative pour une 13e rente AVS,,,exact,2024-03-03T12:00:00,,,accepted,,,de-CH,Angenommen,,en-US,Accepted,,fr-CH,Accepté,
702,1,https://swissvotes.ch/vote/666.00,2,666,3,[1149],[],,"page_number_string: 
notes: 
source_full_citation: Swissvotes. (2025). Swissvotes – die Datenbank der eidgenössischen Volksabstimmungen. Abgerufen am 8.9.2025 von www.swissvotes.ch
source_comment: ",fr-CH,Initiative sur les rentes,,,en-US,Pension initiative (retirement age),,,de-CH,Renteninitiative,,,exact,2024-03-03T12:00:00,,,rejected,,,de-CH,Abgelehnt,,en-US,Rejected,,fr-CH,Rejeté,
703,1,https://swissvotes.ch/vote/667.00,2,667,3,[1150],[],,"page_number_string: 
notes: 
source_full_citation: Swissvotes. (2025). Swissvotes – die Datenbank der eidgenössischen Volksabstimmungen. Abgerufen am 8.9.2025 von www.swissvotes.ch
source_comment: ",en-US,Initiative «Maximum 10% of income for health insurance premiums (Premium relief initiative)»,,,fr-CH,Initiative d’allègement des primes,,,de-CH,Prämien-Entlastungs-Initiative,,,exact,2024-06-09T12:00:00,,,rejected,,,de-CH,Abgelehnt,,en-US,Rejected,,fr-CH,Rejeté,
704,1,https://swissvotes.ch/vote/668.00,2,668,3,[1151],[],,"page_number_string: 
notes: 
source_full_citation: Swissvotes. (2025). Swissvotes – die Datenbank der eidgenössischen Volksabstimmungen. Abgerufen am 8.9.2025 von www.swissvotes.ch
source_comment: ",en-US,Initiative for a brake on healthcare costs,,,de-CH,Initiative für eine Kostenbremse im Gesundheitswesen,,,fr-CH,Initiative pour un frein aux coûts dans le système de santé,,,exact,2024-06-09T12:00:00,,,rejected,,,de-CH,Abgelehnt,,en-US,Rejected,,fr-CH,Rejeté,
705,1,https://swissvotes.ch/vote/669.00,2,669,3,"[1152,1153]",[],,"page_number_string: 
notes: 
source_full_citation: Swissvotes. (2025). Swissvotes – die Datenbank der eidgenössischen Volksabstimmungen. Abgerufen am 8.9.2025 von www.swissvotes.ch
source_comment: ",en-US,Initiative «For freedom and physical integrity»,,,de-CH,Initiative «Für Freiheit und körperliche Unversehrtheit»,,,fr-CH,Initiative «Pour la liberté et l’intégrité physique»,,,exact,2024-06-09T12:00:00,,,rejected,,,de-CH,Abgelehnt,,en-US,Rejected,,fr-CH,Rejeté,
706,1,https://swissvotes.ch/vote/670.00,1,670,2,"[1154,1155]",[],,"page_number_string: 
notes: 
source_full_citation: Swissvotes. (2025). Swissvotes – die Datenbank der eidgenössischen Volksabstimmungen. Abgerufen am 8.9.2025 von www.swissvotes.ch
source_comment: ",en-US,Act on a Secure Electricity Supply from Renewable Energy Sources,,,fr-CH,Loi sur les énergies renouvelables (acte modificateur unique),,,de-CH,Stromgesetz (Mantelerlass Energie),,,exact,2024-06-09T12:00:00,,,accepted,,,de-CH,Angenommen,,en-US,Accepted,,fr-CH,Accepté,
707,1,https://swissvotes.ch/vote/671.00,2,671,3,[1156],[],,"page_number_string: 
notes: 
source_full_citation: Swissvotes. (2025). Swissvotes – die Datenbank der eidgenössischen Volksabstimmungen. Abgerufen am 8.9.2025 von www.swissvotes.ch
source_comment: ",de-CH,Biodiversitäts-Initiative,,,en-US,Biodiversity initiative,,,fr-CH,Initiative biodiversité,,,exact,2024-09-22T12:00:00,,,rejected,,,de-CH,Abgelehnt,,en-US,Rejected,,fr-CH,Rejeté,
708,1,https://swissvotes.ch/vote/672.00,1,672,2,[1157],[],,"page_number_string: 
notes: 
source_full_citation: Swissvotes. (2025). Swissvotes – die Datenbank der eidgenössischen Volksabstimmungen. Abgerufen am 8.9.2025 von www.swissvotes.ch
source_comment: ",de-CH,Reform der beruflichen Vorsorge,,,en-US,Reform of the occupational pension benefit plans,,,fr-CH,Réforme de la prévoyance professionnelle,,,exact,2024-09-22T12:00:00,,,rejected,,,de-CH,Abgelehnt,,en-US,Rejected,,fr-CH,Rejeté,
709,1,https://swissvotes.ch/vote/673.00,1,673,2,"[1158,1159]",[],,"page_number_string: 
notes: 
source_full_citation: Swissvotes. (2025). Swissvotes – die Datenbank der eidgenössischen Volksabstimmungen. Abgerufen am 8.9.2025 von www.swissvotes.ch
source_comment: ",de-CH,Ausbau des Autobahnnetzes,,,en-US,Expansion of the motorway network,,,fr-CH,Extension du réseau autoroutier,,,exact,2024-11-24T12:00:00,,,rejected,,,de-CH,Abgelehnt,,en-US,Rejected,,fr-CH,Rejeté,
710,1,https://swissvotes.ch/vote/674.00,1,674,2,[1160],[],,"page_number_string: 
notes: 
source_full_citation: Swissvotes. (2025). Swissvotes – die Datenbank der eidgenössischen Volksabstimmungen. Abgerufen am 8.9.2025 von www.swissvotes.ch
source_comment: ",de-CH,Bedingungen für Untermiete,,,en-US,Conditions for subletting,,,fr-CH,Conditions pour la sous-location,,,exact,2024-11-24T12:00:00,,,rejected,,,de-CH,Abgelehnt,,en-US,Rejected,,fr-CH,Rejeté,
711,1,https://swissvotes.ch/vote/675.00,1,675,2,[1161],[],,"page_number_string: 
notes: 
source_full_citation: Swissvotes. (2025). Swissvotes – die Datenbank der eidgenössischen Volksabstimmungen. Abgerufen am 8.9.2025 von www.swissvotes.ch
source_comment: ",de-CH,Kündigung wegen Eigenbedarfs (Mietrecht),,,fr-CH,Résiliation pour besoin propre (droit du bail),,,en-US,Termination due to personal need (tenancy law),,,exact,2024-11-24T12:00:00,,,rejected,,,de-CH,Abgelehnt,,en-US,Rejected,,fr-CH,Rejeté,
712,1,https://swissvotes.ch/vote/676.00,1,676,2,"[1162,1163]",[],,"page_number_string: 
notes: 
source_full_citation: Swissvotes. (2025). Swissvotes – die Datenbank der eidgenössischen Volksabstimmungen. Abgerufen am 8.9.2025 von www.swissvotes.ch
source_comment: ",de-CH,Einheitliche Finanzierung ambulanter und stationärer Leistungen (EFAS),,,fr-CH,Financement uniforme des prestations ambulatoires et stationnaires,,,en-US,Uniform financing of outpatient and inpatient services,,,exact,2024-11-24T12:00:00,,,accepted,,,de-CH,Angenommen,,en-US,Accepted,,fr-CH,Accepté,
713,1,https://swissvotes.ch/vote/677.00,2,677,3,"[1164,1165]",[],,"page_number_string: 
notes: 
source_full_citation: Swissvotes. (2025). Swissvotes – die Datenbank der eidgenössischen Volksabstimmungen. Abgerufen am 8.9.2025 von www.swissvotes.ch
source_comment: ",de-CH,«Umweltverantwortungsinitiative»,,,fr-CH,Initiative «pour la responsabilité environnementale»,,,en-US,Initiative for an economy within planetary boundaries («Environmental Responsibility Initiative»),,,exact,2025-02-09T12:00:00,,,rejected,,,de-CH,Abgelehnt,,en-US,Rejected,,fr-CH,Rejeté,
714,1,https://swissvotes.ch/vote/678.00,1,678,1,"[1166,1167]",[],,"page_number_string: 
notes: 
source_full_citation: Swissvotes. (2025). Swissvotes – die Datenbank der eidgenössischen Volksabstimmungen. Abgerufen am 8.9.2025 von www.swissvotes.ch
source_comment: ",en-US,Cantonal taxation of second properties,,,fr-CH,Impôts cantonaux sur les résidences secondaires,,,de-CH,Kantonale Besteuerung von Zweitliegenschaften,,,exact,2025-09-28T12:00:00,,,accepted,,,de-CH,Angenommen,,en-US,Accepted,,fr-CH,Accepté,
715,1,https://swissvotes.ch/vote/679.00,1,679,2,[1168],[],,"page_number_string: 
notes: 
source_full_citation: Swissvotes. (2025). Swissvotes – die Datenbank der eidgenössischen Volksabstimmungen. Abgerufen am 8.9.2025 von www.swissvotes.ch
source_comment: ",en-US,E-ID Act,,,de-CH,E-ID-Gesetz,,,fr-CH,Loi sur l’e-ID,,,exact,2025-09-28T12:00:00,,,accepted,,,de-CH,Angenommen,,en-US,Accepted,,fr-CH,Accepté,
716,1,https://swissvotes.ch/vote/680.00,2,680,3,"[1169,1170,1171]",[],,"page_number_string: 
notes: 
source_full_citation: Swissvotes. (2025). Swissvotes – die Datenbank der eidgenössischen Volksabstimmungen. Abgerufen am 8.9.2025 von www.swissvotes.ch
source_comment: ",fr-CH,«Initiative service citoyen»,,,de-CH,«Service-Citoyen-Initiative»,,,en-US,Service Citoyen Initiative,,,exact,2025-11-30T12:00:00,,,rejected,,,de-CH,Abgelehnt,,en-US,Rejected,,fr-CH,Rejeté,
717,1,https://swissvotes.ch/vote/681.00,2,681,3,"[1172,1173]",[],,"page_number_string: 
notes: 
source_full_citation: Swissvotes. (2025). Swissvotes – die Datenbank der eidgenössischen Volksabstimmungen. Abgerufen am 8.9.2025 von www.swissvotes.ch
source_comment: ",de-CH,«Initiative für eine Zukunft»,,,fr-CH,«Initiative pour l’avenir»,,,en-US,Initiative «For a social climate policy (Initiative for a Future)»,,,exact,2025-11-30T12:00:00,,,rejected,,,de-CH,Abgelehnt,,en-US,Rejected,,fr-CH,Rejeté,
718,1,https://www.bk.admin.ch/ch/d/pore/vi/vis555.html,,,3,"[1174,1175]",[2],,,de-CH,Initiative «Keine 10-Millionen-Schweiz! (Nachhaltigkeitsinitiative)»,,,fr-CH,Initiative «Pas de Suisse à 10 millions ! (initiative pour la durabilité)»,,,,,,,,,,,succeeded,,,de-CH,Zustandegekommen,,fr-CH,Ayant abouti,,en-US,Succeeded,
2850,1,https://swissvotes.ch/vote/682.10,2,682.1,3,"[1176,1177]",[],,"page_number_string: 
notes: 
source_full_citation: Swissvotes. (2025). Swissvotes – die Datenbank der eidgenössischen Volksabstimmungen. Abgerufen am 8.9.2025 von www.swissvotes.ch
source_comment: ",de-CH,Bargeld-Initiative,,,fr-CH,Initiative sur l'argent liquide,,,en-US,Initiative «Cash is Freedom»,,,exact,2026-03-08T12:00:00,,,succeeded,,,de-CH,Zustandegekommen,,fr-CH,Ayant abouti,,en-US,Succeeded,
