voting_recommendation_id,party_id,voting_recommendation_type_id,voting_issue_id,deviating_sections,notes,sources
1,1,2,715,1,,"page_number_string: 
notes: 
source_full_citation: Swissvotes. (2025). Swissvotes – die Datenbank der eidgenössischen Volksabstimmungen. Abgerufen am 8.9.2025 von www.swissvotes.ch
source_comment: "
2,2,1,715,,,"page_number_string: 
notes: 
source_full_citation: Swissvotes. (2025). Swissvotes – die Datenbank der eidgenössischen Volksabstimmungen. Abgerufen am 8.9.2025 von www.swissvotes.ch
source_comment: "
3,3,1,715,,,"page_number_string: 
notes: 
source_full_citation: Swissvotes. (2025). Swissvotes – die Datenbank der eidgenössischen Volksabstimmungen. Abgerufen am 8.9.2025 von www.swissvotes.ch
source_comment: "
4,6,5,714,1,,"page_number_string: 
notes: 
source_full_citation: Swissvotes. (2025). Swissvotes – die Datenbank der eidgenössischen Volksabstimmungen. Abgerufen am 8.9.2025 von www.swissvotes.ch
source_comment: "
5,1,1,714,1,,"page_number_string: 
notes: 
source_full_citation: Swissvotes. (2025). Swissvotes – die Datenbank der eidgenössischen Volksabstimmungen. Abgerufen am 8.9.2025 von www.swissvotes.ch
source_comment: "
6,2,2,714,,,"page_number_string: 
notes: 
source_full_citation: Swissvotes. (2025). Swissvotes – die Datenbank der eidgenössischen Volksabstimmungen. Abgerufen am 8.9.2025 von www.swissvotes.ch
source_comment: "
7,1,7,588,,,"page_number_string: 
notes: 
source_full_citation: Swissvotes. (2025). Swissvotes – die Datenbank der eidgenössischen Volksabstimmungen. Abgerufen am 8.9.2025 von www.swissvotes.ch
source_comment: "
8,2,6,588,,,"page_number_string: 
notes: 
source_full_citation: Swissvotes. (2025). Swissvotes – die Datenbank der eidgenössischen Volksabstimmungen. Abgerufen am 8.9.2025 von www.swissvotes.ch
source_comment: "
9,2,4,529,1,,"page_number_string: 
notes: 
source_full_citation: Swissvotes. (2025). Swissvotes – die Datenbank der eidgenössischen Volksabstimmungen. Abgerufen am 8.9.2025 von www.swissvotes.ch
source_comment: "
10,5,3,387,1,,"page_number_string: 
notes: 
source_full_citation: Swissvotes. (2025). Swissvotes – die Datenbank der eidgenössischen Volksabstimmungen. Abgerufen am 8.9.2025 von www.swissvotes.ch
source_comment: "
11,1,2,249,,,"page_number_string: 
notes: 
source_full_citation: Swissvotes. (2025). Swissvotes – die Datenbank der eidgenössischen Volksabstimmungen. Abgerufen am 8.9.2025 von www.swissvotes.ch
source_comment: "
12,1,8,250,,,"page_number_string: 
notes: 
source_full_citation: Swissvotes. (2025). Swissvotes – die Datenbank der eidgenössischen Volksabstimmungen. Abgerufen am 8.9.2025 von www.swissvotes.ch
source_comment: "
13,1,1,251,,,"page_number_string: 
notes: 
source_full_citation: Swissvotes. (2025). Swissvotes – die Datenbank der eidgenössischen Volksabstimmungen. Abgerufen am 8.9.2025 von www.swissvotes.ch
source_comment: "
14,1,1,252,,,"page_number_string: 
notes: 
source_full_citation: Swissvotes. (2025). Swissvotes – die Datenbank der eidgenössischen Volksabstimmungen. Abgerufen am 8.9.2025 von www.swissvotes.ch
source_comment: "
15,1,1,253,,,"page_number_string: 
notes: 
source_full_citation: Swissvotes. (2025). Swissvotes – die Datenbank der eidgenössischen Volksabstimmungen. Abgerufen am 8.9.2025 von www.swissvotes.ch
source_comment: "
16,1,2,254,,,"page_number_string: 
notes: 
source_full_citation: Swissvotes. (2025). Swissvotes – die Datenbank der eidgenössischen Volksabstimmungen. Abgerufen am 8.9.2025 von www.swissvotes.ch
source_comment: "
17,1,2,255,,,"page_number_string: 
notes: 
source_full_citation: Swissvotes. (2025). Swissvotes – die Datenbank der eidgenössischen Volksabstimmungen. Abgerufen am 8.9.2025 von www.swissvotes.ch
source_comment: "
18,1,8,256,,,"page_number_string: 
notes: 
source_full_citation: Swissvotes. (2025). Swissvotes – die Datenbank der eidgenössischen Volksabstimmungen. Abgerufen am 8.9.2025 von www.swissvotes.ch
source_comment: "
19,1,1,257,,,"page_number_string: 
notes: 
source_full_citation: Swissvotes. (2025). Swissvotes – die Datenbank der eidgenössischen Volksabstimmungen. Abgerufen am 8.9.2025 von www.swissvotes.ch
source_comment: "
20,1,1,258,,,"page_number_string: 
notes: 
source_full_citation: Swissvotes. (2025). Swissvotes – die Datenbank der eidgenössischen Volksabstimmungen. Abgerufen am 8.9.2025 von www.swissvotes.ch
source_comment: "
21,1,1,259,,,"page_number_string: 
notes: 
source_full_citation: Swissvotes. (2025). Swissvotes – die Datenbank der eidgenössischen Volksabstimmungen. Abgerufen am 8.9.2025 von www.swissvotes.ch
source_comment: "
22,1,1,260,,,"page_number_string: 
notes: 
source_full_citation: Swissvotes. (2025). Swissvotes – die Datenbank der eidgenössischen Volksabstimmungen. Abgerufen am 8.9.2025 von www.swissvotes.ch
source_comment: "
23,1,1,261,,,"page_number_string: 
notes: 
source_full_citation: Swissvotes. (2025). Swissvotes – die Datenbank der eidgenössischen Volksabstimmungen. Abgerufen am 8.9.2025 von www.swissvotes.ch
source_comment: "
24,1,1,262,,,"page_number_string: 
notes: 
source_full_citation: Swissvotes. (2025). Swissvotes – die Datenbank der eidgenössischen Volksabstimmungen. Abgerufen am 8.9.2025 von www.swissvotes.ch
source_comment: "
25,1,1,263,,,"page_number_string: 
notes: 
source_full_citation: Swissvotes. (2025). Swissvotes – die Datenbank der eidgenössischen Volksabstimmungen. Abgerufen am 8.9.2025 von www.swissvotes.ch
source_comment: "
26,1,1,264,,,"page_number_string: 
notes: 
source_full_citation: Swissvotes. (2025). Swissvotes – die Datenbank der eidgenössischen Volksabstimmungen. Abgerufen am 8.9.2025 von www.swissvotes.ch
source_comment: "
27,1,1,265,,,"page_number_string: 
notes: 
source_full_citation: Swissvotes. (2025). Swissvotes – die Datenbank der eidgenössischen Volksabstimmungen. Abgerufen am 8.9.2025 von www.swissvotes.ch
source_comment: "
28,1,2,266,,,"page_number_string: 
notes: 
source_full_citation: Swissvotes. (2025). Swissvotes – die Datenbank der eidgenössischen Volksabstimmungen. Abgerufen am 8.9.2025 von www.swissvotes.ch
source_comment: "
29,1,1,267,,,"page_number_string: 
notes: 
source_full_citation: Swissvotes. (2025). Swissvotes – die Datenbank der eidgenössischen Volksabstimmungen. Abgerufen am 8.9.2025 von www.swissvotes.ch
source_comment: "
30,1,1,268,,,"page_number_string: 
notes: 
source_full_citation: Swissvotes. (2025). Swissvotes – die Datenbank der eidgenössischen Volksabstimmungen. Abgerufen am 8.9.2025 von www.swissvotes.ch
source_comment: "
31,1,2,269,,,"page_number_string: 
notes: 
source_full_citation: Swissvotes. (2025). Swissvotes – die Datenbank der eidgenössischen Volksabstimmungen. Abgerufen am 8.9.2025 von www.swissvotes.ch
source_comment: "
32,1,8,270,,,"page_number_string: 
notes: 
source_full_citation: Swissvotes. (2025). Swissvotes – die Datenbank der eidgenössischen Volksabstimmungen. Abgerufen am 8.9.2025 von www.swissvotes.ch
source_comment: "
33,1,1,271,,,"page_number_string: 
notes: 
source_full_citation: Swissvotes. (2025). Swissvotes – die Datenbank der eidgenössischen Volksabstimmungen. Abgerufen am 8.9.2025 von www.swissvotes.ch
source_comment: "
34,1,1,272,,,"page_number_string: 
notes: 
source_full_citation: Swissvotes. (2025). Swissvotes – die Datenbank der eidgenössischen Volksabstimmungen. Abgerufen am 8.9.2025 von www.swissvotes.ch
source_comment: "
35,1,1,273,,,"page_number_string: 
notes: 
source_full_citation: Swissvotes. (2025). Swissvotes – die Datenbank der eidgenössischen Volksabstimmungen. Abgerufen am 8.9.2025 von www.swissvotes.ch
source_comment: "
36,1,1,274,,,"page_number_string: 
notes: 
source_full_citation: Swissvotes. (2025). Swissvotes – die Datenbank der eidgenössischen Volksabstimmungen. Abgerufen am 8.9.2025 von www.swissvotes.ch
source_comment: "
37,1,1,275,,,"page_number_string: 
notes: 
source_full_citation: Swissvotes. (2025). Swissvotes – die Datenbank der eidgenössischen Volksabstimmungen. Abgerufen am 8.9.2025 von www.swissvotes.ch
source_comment: "
38,1,1,276,,,"page_number_string: 
notes: 
source_full_citation: Swissvotes. (2025). Swissvotes – die Datenbank der eidgenössischen Volksabstimmungen. Abgerufen am 8.9.2025 von www.swissvotes.ch
source_comment: "
39,1,1,277,,,"page_number_string: 
notes: 
source_full_citation: Swissvotes. (2025). Swissvotes – die Datenbank der eidgenössischen Volksabstimmungen. Abgerufen am 8.9.2025 von www.swissvotes.ch
source_comment: "
40,1,1,278,,,"page_number_string: 
notes: 
source_full_citation: Swissvotes. (2025). Swissvotes – die Datenbank der eidgenössischen Volksabstimmungen. Abgerufen am 8.9.2025 von www.swissvotes.ch
source_comment: "
41,1,1,279,,,"page_number_string: 
notes: 
source_full_citation: Swissvotes. (2025). Swissvotes – die Datenbank der eidgenössischen Volksabstimmungen. Abgerufen am 8.9.2025 von www.swissvotes.ch
source_comment: "
42,1,2,280,,,"page_number_string: 
notes: 
source_full_citation: Swissvotes. (2025). Swissvotes – die Datenbank der eidgenössischen Volksabstimmungen. Abgerufen am 8.9.2025 von www.swissvotes.ch
source_comment: "
43,1,8,281,,,"page_number_string: 
notes: 
source_full_citation: Swissvotes. (2025). Swissvotes – die Datenbank der eidgenössischen Volksabstimmungen. Abgerufen am 8.9.2025 von www.swissvotes.ch
source_comment: "
44,1,2,282,,,"page_number_string: 
notes: 
source_full_citation: Swissvotes. (2025). Swissvotes – die Datenbank der eidgenössischen Volksabstimmungen. Abgerufen am 8.9.2025 von www.swissvotes.ch
source_comment: "
45,1,1,283,,,"page_number_string: 
notes: 
source_full_citation: Swissvotes. (2025). Swissvotes – die Datenbank der eidgenössischen Volksabstimmungen. Abgerufen am 8.9.2025 von www.swissvotes.ch
source_comment: "
46,1,1,284,,,"page_number_string: 
notes: 
source_full_citation: Swissvotes. (2025). Swissvotes – die Datenbank der eidgenössischen Volksabstimmungen. Abgerufen am 8.9.2025 von www.swissvotes.ch
source_comment: "
47,1,1,285,,,"page_number_string: 
notes: 
source_full_citation: Swissvotes. (2025). Swissvotes – die Datenbank der eidgenössischen Volksabstimmungen. Abgerufen am 8.9.2025 von www.swissvotes.ch
source_comment: "
48,1,1,286,,,"page_number_string: 
notes: 
source_full_citation: Swissvotes. (2025). Swissvotes – die Datenbank der eidgenössischen Volksabstimmungen. Abgerufen am 8.9.2025 von www.swissvotes.ch
source_comment: "
49,1,2,287,,,"page_number_string: 
notes: 
source_full_citation: Swissvotes. (2025). Swissvotes – die Datenbank der eidgenössischen Volksabstimmungen. Abgerufen am 8.9.2025 von www.swissvotes.ch
source_comment: "
50,1,1,288,,,"page_number_string: 
notes: 
source_full_citation: Swissvotes. (2025). Swissvotes – die Datenbank der eidgenössischen Volksabstimmungen. Abgerufen am 8.9.2025 von www.swissvotes.ch
source_comment: "
51,1,1,289,,,"page_number_string: 
notes: 
source_full_citation: Swissvotes. (2025). Swissvotes – die Datenbank der eidgenössischen Volksabstimmungen. Abgerufen am 8.9.2025 von www.swissvotes.ch
source_comment: "
52,1,2,290,,,"page_number_string: 
notes: 
source_full_citation: Swissvotes. (2025). Swissvotes – die Datenbank der eidgenössischen Volksabstimmungen. Abgerufen am 8.9.2025 von www.swissvotes.ch
source_comment: "
53,1,2,291,,,"page_number_string: 
notes: 
source_full_citation: Swissvotes. (2025). Swissvotes – die Datenbank der eidgenössischen Volksabstimmungen. Abgerufen am 8.9.2025 von www.swissvotes.ch
source_comment: "
54,1,2,292,,,"page_number_string: 
notes: 
source_full_citation: Swissvotes. (2025). Swissvotes – die Datenbank der eidgenössischen Volksabstimmungen. Abgerufen am 8.9.2025 von www.swissvotes.ch
source_comment: "
55,1,2,293,,,"page_number_string: 
notes: 
source_full_citation: Swissvotes. (2025). Swissvotes – die Datenbank der eidgenössischen Volksabstimmungen. Abgerufen am 8.9.2025 von www.swissvotes.ch
source_comment: "
56,1,8,294,,,"page_number_string: 
notes: 
source_full_citation: Swissvotes. (2025). Swissvotes – die Datenbank der eidgenössischen Volksabstimmungen. Abgerufen am 8.9.2025 von www.swissvotes.ch
source_comment: "
57,1,1,295,,,"page_number_string: 
notes: 
source_full_citation: Swissvotes. (2025). Swissvotes – die Datenbank der eidgenössischen Volksabstimmungen. Abgerufen am 8.9.2025 von www.swissvotes.ch
source_comment: "
58,1,1,296,,,"page_number_string: 
notes: 
source_full_citation: Swissvotes. (2025). Swissvotes – die Datenbank der eidgenössischen Volksabstimmungen. Abgerufen am 8.9.2025 von www.swissvotes.ch
source_comment: "
59,1,2,297,,,"page_number_string: 
notes: 
source_full_citation: Swissvotes. (2025). Swissvotes – die Datenbank der eidgenössischen Volksabstimmungen. Abgerufen am 8.9.2025 von www.swissvotes.ch
source_comment: "
60,1,8,298,,,"page_number_string: 
notes: 
source_full_citation: Swissvotes. (2025). Swissvotes – die Datenbank der eidgenössischen Volksabstimmungen. Abgerufen am 8.9.2025 von www.swissvotes.ch
source_comment: "
61,1,2,299,,,"page_number_string: 
notes: 
source_full_citation: Swissvotes. (2025). Swissvotes – die Datenbank der eidgenössischen Volksabstimmungen. Abgerufen am 8.9.2025 von www.swissvotes.ch
source_comment: "
62,1,1,300,,,"page_number_string: 
notes: 
source_full_citation: Swissvotes. (2025). Swissvotes – die Datenbank der eidgenössischen Volksabstimmungen. Abgerufen am 8.9.2025 von www.swissvotes.ch
source_comment: "
63,1,1,301,,,"page_number_string: 
notes: 
source_full_citation: Swissvotes. (2025). Swissvotes – die Datenbank der eidgenössischen Volksabstimmungen. Abgerufen am 8.9.2025 von www.swissvotes.ch
source_comment: "
64,1,5,302,,,"page_number_string: 
notes: 
source_full_citation: Swissvotes. (2025). Swissvotes – die Datenbank der eidgenössischen Volksabstimmungen. Abgerufen am 8.9.2025 von www.swissvotes.ch
source_comment: "
65,1,2,303,,,"page_number_string: 
notes: 
source_full_citation: Swissvotes. (2025). Swissvotes – die Datenbank der eidgenössischen Volksabstimmungen. Abgerufen am 8.9.2025 von www.swissvotes.ch
source_comment: "
66,1,1,304,,,"page_number_string: 
notes: 
source_full_citation: Swissvotes. (2025). Swissvotes – die Datenbank der eidgenössischen Volksabstimmungen. Abgerufen am 8.9.2025 von www.swissvotes.ch
source_comment: "
67,1,2,305,,,"page_number_string: 
notes: 
source_full_citation: Swissvotes. (2025). Swissvotes – die Datenbank der eidgenössischen Volksabstimmungen. Abgerufen am 8.9.2025 von www.swissvotes.ch
source_comment: "
68,1,1,306,,,"page_number_string: 
notes: 
source_full_citation: Swissvotes. (2025). Swissvotes – die Datenbank der eidgenössischen Volksabstimmungen. Abgerufen am 8.9.2025 von www.swissvotes.ch
source_comment: "
69,1,2,307,,,"page_number_string: 
notes: 
source_full_citation: Swissvotes. (2025). Swissvotes – die Datenbank der eidgenössischen Volksabstimmungen. Abgerufen am 8.9.2025 von www.swissvotes.ch
source_comment: "
70,1,1,308,,,"page_number_string: 
notes: 
source_full_citation: Swissvotes. (2025). Swissvotes – die Datenbank der eidgenössischen Volksabstimmungen. Abgerufen am 8.9.2025 von www.swissvotes.ch
source_comment: "
71,1,2,309,,,"page_number_string: 
notes: 
source_full_citation: Swissvotes. (2025). Swissvotes – die Datenbank der eidgenössischen Volksabstimmungen. Abgerufen am 8.9.2025 von www.swissvotes.ch
source_comment: "
72,1,1,310,,,"page_number_string: 
notes: 
source_full_citation: Swissvotes. (2025). Swissvotes – die Datenbank der eidgenössischen Volksabstimmungen. Abgerufen am 8.9.2025 von www.swissvotes.ch
source_comment: "
73,1,2,311,,,"page_number_string: 
notes: 
source_full_citation: Swissvotes. (2025). Swissvotes – die Datenbank der eidgenössischen Volksabstimmungen. Abgerufen am 8.9.2025 von www.swissvotes.ch
source_comment: "
74,1,1,312,,,"page_number_string: 
notes: 
source_full_citation: Swissvotes. (2025). Swissvotes – die Datenbank der eidgenössischen Volksabstimmungen. Abgerufen am 8.9.2025 von www.swissvotes.ch
source_comment: "
75,1,5,313,,,"page_number_string: 
notes: 
source_full_citation: Swissvotes. (2025). Swissvotes – die Datenbank der eidgenössischen Volksabstimmungen. Abgerufen am 8.9.2025 von www.swissvotes.ch
source_comment: "
76,1,1,314,,,"page_number_string: 
notes: 
source_full_citation: Swissvotes. (2025). Swissvotes – die Datenbank der eidgenössischen Volksabstimmungen. Abgerufen am 8.9.2025 von www.swissvotes.ch
source_comment: "
77,1,2,315,,,"page_number_string: 
notes: 
source_full_citation: Swissvotes. (2025). Swissvotes – die Datenbank der eidgenössischen Volksabstimmungen. Abgerufen am 8.9.2025 von www.swissvotes.ch
source_comment: "
78,1,1,316,,,"page_number_string: 
notes: 
source_full_citation: Swissvotes. (2025). Swissvotes – die Datenbank der eidgenössischen Volksabstimmungen. Abgerufen am 8.9.2025 von www.swissvotes.ch
source_comment: "
79,1,1,317,,,"page_number_string: 
notes: 
source_full_citation: Swissvotes. (2025). Swissvotes – die Datenbank der eidgenössischen Volksabstimmungen. Abgerufen am 8.9.2025 von www.swissvotes.ch
source_comment: "
80,1,1,318,,,"page_number_string: 
notes: 
source_full_citation: Swissvotes. (2025). Swissvotes – die Datenbank der eidgenössischen Volksabstimmungen. Abgerufen am 8.9.2025 von www.swissvotes.ch
source_comment: "
81,1,1,319,,,"page_number_string: 
notes: 
source_full_citation: Swissvotes. (2025). Swissvotes – die Datenbank der eidgenössischen Volksabstimmungen. Abgerufen am 8.9.2025 von www.swissvotes.ch
source_comment: "
82,1,1,320,,,"page_number_string: 
notes: 
source_full_citation: Swissvotes. (2025). Swissvotes – die Datenbank der eidgenössischen Volksabstimmungen. Abgerufen am 8.9.2025 von www.swissvotes.ch
source_comment: "
83,1,1,321,,,"page_number_string: 
notes: 
source_full_citation: Swissvotes. (2025). Swissvotes – die Datenbank der eidgenössischen Volksabstimmungen. Abgerufen am 8.9.2025 von www.swissvotes.ch
source_comment: "
84,1,1,322,,,"page_number_string: 
notes: 
source_full_citation: Swissvotes. (2025). Swissvotes – die Datenbank der eidgenössischen Volksabstimmungen. Abgerufen am 8.9.2025 von www.swissvotes.ch
source_comment: "
85,1,2,323,,,"page_number_string: 
notes: 
source_full_citation: Swissvotes. (2025). Swissvotes – die Datenbank der eidgenössischen Volksabstimmungen. Abgerufen am 8.9.2025 von www.swissvotes.ch
source_comment: "
86,1,2,324,,,"page_number_string: 
notes: 
source_full_citation: Swissvotes. (2025). Swissvotes – die Datenbank der eidgenössischen Volksabstimmungen. Abgerufen am 8.9.2025 von www.swissvotes.ch
source_comment: "
87,1,1,325,,,"page_number_string: 
notes: 
source_full_citation: Swissvotes. (2025). Swissvotes – die Datenbank der eidgenössischen Volksabstimmungen. Abgerufen am 8.9.2025 von www.swissvotes.ch
source_comment: "
88,1,1,326,,,"page_number_string: 
notes: 
source_full_citation: Swissvotes. (2025). Swissvotes – die Datenbank der eidgenössischen Volksabstimmungen. Abgerufen am 8.9.2025 von www.swissvotes.ch
source_comment: "
89,1,2,327,,,"page_number_string: 
notes: 
source_full_citation: Swissvotes. (2025). Swissvotes – die Datenbank der eidgenössischen Volksabstimmungen. Abgerufen am 8.9.2025 von www.swissvotes.ch
source_comment: "
90,1,1,328,,,"page_number_string: 
notes: 
source_full_citation: Swissvotes. (2025). Swissvotes – die Datenbank der eidgenössischen Volksabstimmungen. Abgerufen am 8.9.2025 von www.swissvotes.ch
source_comment: "
91,1,1,329,,,"page_number_string: 
notes: 
source_full_citation: Swissvotes. (2025). Swissvotes – die Datenbank der eidgenössischen Volksabstimmungen. Abgerufen am 8.9.2025 von www.swissvotes.ch
source_comment: "
92,1,1,330,,,"page_number_string: 
notes: 
source_full_citation: Swissvotes. (2025). Swissvotes – die Datenbank der eidgenössischen Volksabstimmungen. Abgerufen am 8.9.2025 von www.swissvotes.ch
source_comment: "
93,1,1,331,,,"page_number_string: 
notes: 
source_full_citation: Swissvotes. (2025). Swissvotes – die Datenbank der eidgenössischen Volksabstimmungen. Abgerufen am 8.9.2025 von www.swissvotes.ch
source_comment: "
94,1,1,332,,,"page_number_string: 
notes: 
source_full_citation: Swissvotes. (2025). Swissvotes – die Datenbank der eidgenössischen Volksabstimmungen. Abgerufen am 8.9.2025 von www.swissvotes.ch
source_comment: "
95,1,2,333,,,"page_number_string: 
notes: 
source_full_citation: Swissvotes. (2025). Swissvotes – die Datenbank der eidgenössischen Volksabstimmungen. Abgerufen am 8.9.2025 von www.swissvotes.ch
source_comment: "
96,1,1,334,,,"page_number_string: 
notes: 
source_full_citation: Swissvotes. (2025). Swissvotes – die Datenbank der eidgenössischen Volksabstimmungen. Abgerufen am 8.9.2025 von www.swissvotes.ch
source_comment: "
97,1,1,335,,,"page_number_string: 
notes: 
source_full_citation: Swissvotes. (2025). Swissvotes – die Datenbank der eidgenössischen Volksabstimmungen. Abgerufen am 8.9.2025 von www.swissvotes.ch
source_comment: "
98,1,1,336,,,"page_number_string: 
notes: 
source_full_citation: Swissvotes. (2025). Swissvotes – die Datenbank der eidgenössischen Volksabstimmungen. Abgerufen am 8.9.2025 von www.swissvotes.ch
source_comment: "
99,1,1,337,,,"page_number_string: 
notes: 
source_full_citation: Swissvotes. (2025). Swissvotes – die Datenbank der eidgenössischen Volksabstimmungen. Abgerufen am 8.9.2025 von www.swissvotes.ch
source_comment: "
100,1,1,338,,,"page_number_string: 
notes: 
source_full_citation: Swissvotes. (2025). Swissvotes – die Datenbank der eidgenössischen Volksabstimmungen. Abgerufen am 8.9.2025 von www.swissvotes.ch
source_comment: "
101,1,2,339,,,"page_number_string: 
notes: 
source_full_citation: Swissvotes. (2025). Swissvotes – die Datenbank der eidgenössischen Volksabstimmungen. Abgerufen am 8.9.2025 von www.swissvotes.ch
source_comment: "
102,1,1,340,,,"page_number_string: 
notes: 
source_full_citation: Swissvotes. (2025). Swissvotes – die Datenbank der eidgenössischen Volksabstimmungen. Abgerufen am 8.9.2025 von www.swissvotes.ch
source_comment: "
103,1,1,341,,,"page_number_string: 
notes: 
source_full_citation: Swissvotes. (2025). Swissvotes – die Datenbank der eidgenössischen Volksabstimmungen. Abgerufen am 8.9.2025 von www.swissvotes.ch
source_comment: "
104,1,1,342,,,"page_number_string: 
notes: 
source_full_citation: Swissvotes. (2025). Swissvotes – die Datenbank der eidgenössischen Volksabstimmungen. Abgerufen am 8.9.2025 von www.swissvotes.ch
source_comment: "
105,1,1,343,,,"page_number_string: 
notes: 
source_full_citation: Swissvotes. (2025). Swissvotes – die Datenbank der eidgenössischen Volksabstimmungen. Abgerufen am 8.9.2025 von www.swissvotes.ch
source_comment: "
106,1,1,344,,,"page_number_string: 
notes: 
source_full_citation: Swissvotes. (2025). Swissvotes – die Datenbank der eidgenössischen Volksabstimmungen. Abgerufen am 8.9.2025 von www.swissvotes.ch
source_comment: "
107,1,1,345,,,"page_number_string: 
notes: 
source_full_citation: Swissvotes. (2025). Swissvotes – die Datenbank der eidgenössischen Volksabstimmungen. Abgerufen am 8.9.2025 von www.swissvotes.ch
source_comment: "
108,1,1,346,,,"page_number_string: 
notes: 
source_full_citation: Swissvotes. (2025). Swissvotes – die Datenbank der eidgenössischen Volksabstimmungen. Abgerufen am 8.9.2025 von www.swissvotes.ch
source_comment: "
109,1,2,347,,,"page_number_string: 
notes: 
source_full_citation: Swissvotes. (2025). Swissvotes – die Datenbank der eidgenössischen Volksabstimmungen. Abgerufen am 8.9.2025 von www.swissvotes.ch
source_comment: "
110,1,2,348,,,"page_number_string: 
notes: 
source_full_citation: Swissvotes. (2025). Swissvotes – die Datenbank der eidgenössischen Volksabstimmungen. Abgerufen am 8.9.2025 von www.swissvotes.ch
source_comment: "
111,1,2,349,,,"page_number_string: 
notes: 
source_full_citation: Swissvotes. (2025). Swissvotes – die Datenbank der eidgenössischen Volksabstimmungen. Abgerufen am 8.9.2025 von www.swissvotes.ch
source_comment: "
112,1,2,350,,,"page_number_string: 
notes: 
source_full_citation: Swissvotes. (2025). Swissvotes – die Datenbank der eidgenössischen Volksabstimmungen. Abgerufen am 8.9.2025 von www.swissvotes.ch
source_comment: "
113,1,2,351,,,"page_number_string: 
notes: 
source_full_citation: Swissvotes. (2025). Swissvotes – die Datenbank der eidgenössischen Volksabstimmungen. Abgerufen am 8.9.2025 von www.swissvotes.ch
source_comment: "
114,1,2,352,,,"page_number_string: 
notes: 
source_full_citation: Swissvotes. (2025). Swissvotes – die Datenbank der eidgenössischen Volksabstimmungen. Abgerufen am 8.9.2025 von www.swissvotes.ch
source_comment: "
115,1,1,353,,,"page_number_string: 
notes: 
source_full_citation: Swissvotes. (2025). Swissvotes – die Datenbank der eidgenössischen Volksabstimmungen. Abgerufen am 8.9.2025 von www.swissvotes.ch
source_comment: "
116,1,1,354,,,"page_number_string: 
notes: 
source_full_citation: Swissvotes. (2025). Swissvotes – die Datenbank der eidgenössischen Volksabstimmungen. Abgerufen am 8.9.2025 von www.swissvotes.ch
source_comment: "
117,1,1,355,,,"page_number_string: 
notes: 
source_full_citation: Swissvotes. (2025). Swissvotes – die Datenbank der eidgenössischen Volksabstimmungen. Abgerufen am 8.9.2025 von www.swissvotes.ch
source_comment: "
118,1,1,356,,,"page_number_string: 
notes: 
source_full_citation: Swissvotes. (2025). Swissvotes – die Datenbank der eidgenössischen Volksabstimmungen. Abgerufen am 8.9.2025 von www.swissvotes.ch
source_comment: "
119,1,1,357,,,"page_number_string: 
notes: 
source_full_citation: Swissvotes. (2025). Swissvotes – die Datenbank der eidgenössischen Volksabstimmungen. Abgerufen am 8.9.2025 von www.swissvotes.ch
source_comment: "
120,1,2,358,,,"page_number_string: 
notes: 
source_full_citation: Swissvotes. (2025). Swissvotes – die Datenbank der eidgenössischen Volksabstimmungen. Abgerufen am 8.9.2025 von www.swissvotes.ch
source_comment: "
121,1,2,359,,,"page_number_string: 
notes: 
source_full_citation: Swissvotes. (2025). Swissvotes – die Datenbank der eidgenössischen Volksabstimmungen. Abgerufen am 8.9.2025 von www.swissvotes.ch
source_comment: "
122,1,1,360,,,"page_number_string: 
notes: 
source_full_citation: Swissvotes. (2025). Swissvotes – die Datenbank der eidgenössischen Volksabstimmungen. Abgerufen am 8.9.2025 von www.swissvotes.ch
source_comment: "
123,1,1,361,,,"page_number_string: 
notes: 
source_full_citation: Swissvotes. (2025). Swissvotes – die Datenbank der eidgenössischen Volksabstimmungen. Abgerufen am 8.9.2025 von www.swissvotes.ch
source_comment: "
124,1,2,362,,,"page_number_string: 
notes: 
source_full_citation: Swissvotes. (2025). Swissvotes – die Datenbank der eidgenössischen Volksabstimmungen. Abgerufen am 8.9.2025 von www.swissvotes.ch
source_comment: "
125,1,2,363,,,"page_number_string: 
notes: 
source_full_citation: Swissvotes. (2025). Swissvotes – die Datenbank der eidgenössischen Volksabstimmungen. Abgerufen am 8.9.2025 von www.swissvotes.ch
source_comment: "
126,1,2,364,,,"page_number_string: 
notes: 
source_full_citation: Swissvotes. (2025). Swissvotes – die Datenbank der eidgenössischen Volksabstimmungen. Abgerufen am 8.9.2025 von www.swissvotes.ch
source_comment: "
127,1,1,365,,,"page_number_string: 
notes: 
source_full_citation: Swissvotes. (2025). Swissvotes – die Datenbank der eidgenössischen Volksabstimmungen. Abgerufen am 8.9.2025 von www.swissvotes.ch
source_comment: "
128,1,2,366,,,"page_number_string: 
notes: 
source_full_citation: Swissvotes. (2025). Swissvotes – die Datenbank der eidgenössischen Volksabstimmungen. Abgerufen am 8.9.2025 von www.swissvotes.ch
source_comment: "
129,1,2,367,,,"page_number_string: 
notes: 
source_full_citation: Swissvotes. (2025). Swissvotes – die Datenbank der eidgenössischen Volksabstimmungen. Abgerufen am 8.9.2025 von www.swissvotes.ch
source_comment: "
130,1,2,368,,,"page_number_string: 
notes: 
source_full_citation: Swissvotes. (2025). Swissvotes – die Datenbank der eidgenössischen Volksabstimmungen. Abgerufen am 8.9.2025 von www.swissvotes.ch
source_comment: "
131,1,1,369,,,"page_number_string: 
notes: 
source_full_citation: Swissvotes. (2025). Swissvotes – die Datenbank der eidgenössischen Volksabstimmungen. Abgerufen am 8.9.2025 von www.swissvotes.ch
source_comment: "
132,1,2,370,,,"page_number_string: 
notes: 
source_full_citation: Swissvotes. (2025). Swissvotes – die Datenbank der eidgenössischen Volksabstimmungen. Abgerufen am 8.9.2025 von www.swissvotes.ch
source_comment: "
133,1,1,371,,,"page_number_string: 
notes: 
source_full_citation: Swissvotes. (2025). Swissvotes – die Datenbank der eidgenössischen Volksabstimmungen. Abgerufen am 8.9.2025 von www.swissvotes.ch
source_comment: "
134,1,1,372,,,"page_number_string: 
notes: 
source_full_citation: Swissvotes. (2025). Swissvotes – die Datenbank der eidgenössischen Volksabstimmungen. Abgerufen am 8.9.2025 von www.swissvotes.ch
source_comment: "
135,1,2,373,,,"page_number_string: 
notes: 
source_full_citation: Swissvotes. (2025). Swissvotes – die Datenbank der eidgenössischen Volksabstimmungen. Abgerufen am 8.9.2025 von www.swissvotes.ch
source_comment: "
136,1,1,374,,,"page_number_string: 
notes: 
source_full_citation: Swissvotes. (2025). Swissvotes – die Datenbank der eidgenössischen Volksabstimmungen. Abgerufen am 8.9.2025 von www.swissvotes.ch
source_comment: "
137,1,1,375,,,"page_number_string: 
notes: 
source_full_citation: Swissvotes. (2025). Swissvotes – die Datenbank der eidgenössischen Volksabstimmungen. Abgerufen am 8.9.2025 von www.swissvotes.ch
source_comment: "
138,1,2,376,,,"page_number_string: 
notes: 
source_full_citation: Swissvotes. (2025). Swissvotes – die Datenbank der eidgenössischen Volksabstimmungen. Abgerufen am 8.9.2025 von www.swissvotes.ch
source_comment: "
139,1,2,377,,,"page_number_string: 
notes: 
source_full_citation: Swissvotes. (2025). Swissvotes – die Datenbank der eidgenössischen Volksabstimmungen. Abgerufen am 8.9.2025 von www.swissvotes.ch
source_comment: "
140,1,1,378,,,"page_number_string: 
notes: 
source_full_citation: Swissvotes. (2025). Swissvotes – die Datenbank der eidgenössischen Volksabstimmungen. Abgerufen am 8.9.2025 von www.swissvotes.ch
source_comment: "
141,1,1,379,,,"page_number_string: 
notes: 
source_full_citation: Swissvotes. (2025). Swissvotes – die Datenbank der eidgenössischen Volksabstimmungen. Abgerufen am 8.9.2025 von www.swissvotes.ch
source_comment: "
142,1,2,380,,,"page_number_string: 
notes: 
source_full_citation: Swissvotes. (2025). Swissvotes – die Datenbank der eidgenössischen Volksabstimmungen. Abgerufen am 8.9.2025 von www.swissvotes.ch
source_comment: "
143,1,2,381,,,"page_number_string: 
notes: 
source_full_citation: Swissvotes. (2025). Swissvotes – die Datenbank der eidgenössischen Volksabstimmungen. Abgerufen am 8.9.2025 von www.swissvotes.ch
source_comment: "
144,1,2,382,,,"page_number_string: 
notes: 
source_full_citation: Swissvotes. (2025). Swissvotes – die Datenbank der eidgenössischen Volksabstimmungen. Abgerufen am 8.9.2025 von www.swissvotes.ch
source_comment: "
145,1,2,383,,,"page_number_string: 
notes: 
source_full_citation: Swissvotes. (2025). Swissvotes – die Datenbank der eidgenössischen Volksabstimmungen. Abgerufen am 8.9.2025 von www.swissvotes.ch
source_comment: "
146,1,2,384,,,"page_number_string: 
notes: 
source_full_citation: Swissvotes. (2025). Swissvotes – die Datenbank der eidgenössischen Volksabstimmungen. Abgerufen am 8.9.2025 von www.swissvotes.ch
source_comment: "
147,1,2,385,,,"page_number_string: 
notes: 
source_full_citation: Swissvotes. (2025). Swissvotes – die Datenbank der eidgenössischen Volksabstimmungen. Abgerufen am 8.9.2025 von www.swissvotes.ch
source_comment: "
148,1,2,386,,,"page_number_string: 
notes: 
source_full_citation: Swissvotes. (2025). Swissvotes – die Datenbank der eidgenössischen Volksabstimmungen. Abgerufen am 8.9.2025 von www.swissvotes.ch
source_comment: "
149,1,2,387,,,"page_number_string: 
notes: 
source_full_citation: Swissvotes. (2025). Swissvotes – die Datenbank der eidgenössischen Volksabstimmungen. Abgerufen am 8.9.2025 von www.swissvotes.ch
source_comment: "
150,1,2,388,,,"page_number_string: 
notes: 
source_full_citation: Swissvotes. (2025). Swissvotes – die Datenbank der eidgenössischen Volksabstimmungen. Abgerufen am 8.9.2025 von www.swissvotes.ch
source_comment: "
151,1,2,389,,,"page_number_string: 
notes: 
source_full_citation: Swissvotes. (2025). Swissvotes – die Datenbank der eidgenössischen Volksabstimmungen. Abgerufen am 8.9.2025 von www.swissvotes.ch
source_comment: "
152,1,2,390,,,"page_number_string: 
notes: 
source_full_citation: Swissvotes. (2025). Swissvotes – die Datenbank der eidgenössischen Volksabstimmungen. Abgerufen am 8.9.2025 von www.swissvotes.ch
source_comment: "
153,1,2,391,,,"page_number_string: 
notes: 
source_full_citation: Swissvotes. (2025). Swissvotes – die Datenbank der eidgenössischen Volksabstimmungen. Abgerufen am 8.9.2025 von www.swissvotes.ch
source_comment: "
154,1,2,392,,,"page_number_string: 
notes: 
source_full_citation: Swissvotes. (2025). Swissvotes – die Datenbank der eidgenössischen Volksabstimmungen. Abgerufen am 8.9.2025 von www.swissvotes.ch
source_comment: "
155,1,1,393,,,"page_number_string: 
notes: 
source_full_citation: Swissvotes. (2025). Swissvotes – die Datenbank der eidgenössischen Volksabstimmungen. Abgerufen am 8.9.2025 von www.swissvotes.ch
source_comment: "
156,1,1,394,,,"page_number_string: 
notes: 
source_full_citation: Swissvotes. (2025). Swissvotes – die Datenbank der eidgenössischen Volksabstimmungen. Abgerufen am 8.9.2025 von www.swissvotes.ch
source_comment: "
157,1,2,395,,,"page_number_string: 
notes: 
source_full_citation: Swissvotes. (2025). Swissvotes – die Datenbank der eidgenössischen Volksabstimmungen. Abgerufen am 8.9.2025 von www.swissvotes.ch
source_comment: "
158,1,2,396,,,"page_number_string: 
notes: 
source_full_citation: Swissvotes. (2025). Swissvotes – die Datenbank der eidgenössischen Volksabstimmungen. Abgerufen am 8.9.2025 von www.swissvotes.ch
source_comment: "
159,1,5,397,,,"page_number_string: 
notes: 
source_full_citation: Swissvotes. (2025). Swissvotes – die Datenbank der eidgenössischen Volksabstimmungen. Abgerufen am 8.9.2025 von www.swissvotes.ch
source_comment: "
160,1,1,398,,,"page_number_string: 
notes: 
source_full_citation: Swissvotes. (2025). Swissvotes – die Datenbank der eidgenössischen Volksabstimmungen. Abgerufen am 8.9.2025 von www.swissvotes.ch
source_comment: "
161,1,1,399,,,"page_number_string: 
notes: 
source_full_citation: Swissvotes. (2025). Swissvotes – die Datenbank der eidgenössischen Volksabstimmungen. Abgerufen am 8.9.2025 von www.swissvotes.ch
source_comment: "
162,1,2,400,,,"page_number_string: 
notes: 
source_full_citation: Swissvotes. (2025). Swissvotes – die Datenbank der eidgenössischen Volksabstimmungen. Abgerufen am 8.9.2025 von www.swissvotes.ch
source_comment: "
163,1,1,401,,,"page_number_string: 
notes: 
source_full_citation: Swissvotes. (2025). Swissvotes – die Datenbank der eidgenössischen Volksabstimmungen. Abgerufen am 8.9.2025 von www.swissvotes.ch
source_comment: "
164,1,1,402,,,"page_number_string: 
notes: 
source_full_citation: Swissvotes. (2025). Swissvotes – die Datenbank der eidgenössischen Volksabstimmungen. Abgerufen am 8.9.2025 von www.swissvotes.ch
source_comment: "
165,1,2,403,,,"page_number_string: 
notes: 
source_full_citation: Swissvotes. (2025). Swissvotes – die Datenbank der eidgenössischen Volksabstimmungen. Abgerufen am 8.9.2025 von www.swissvotes.ch
source_comment: "
166,1,2,404,,,"page_number_string: 
notes: 
source_full_citation: Swissvotes. (2025). Swissvotes – die Datenbank der eidgenössischen Volksabstimmungen. Abgerufen am 8.9.2025 von www.swissvotes.ch
source_comment: "
167,1,1,405,,,"page_number_string: 
notes: 
source_full_citation: Swissvotes. (2025). Swissvotes – die Datenbank der eidgenössischen Volksabstimmungen. Abgerufen am 8.9.2025 von www.swissvotes.ch
source_comment: "
168,1,1,406,,,"page_number_string: 
notes: 
source_full_citation: Swissvotes. (2025). Swissvotes – die Datenbank der eidgenössischen Volksabstimmungen. Abgerufen am 8.9.2025 von www.swissvotes.ch
source_comment: "
169,1,1,407,,,"page_number_string: 
notes: 
source_full_citation: Swissvotes. (2025). Swissvotes – die Datenbank der eidgenössischen Volksabstimmungen. Abgerufen am 8.9.2025 von www.swissvotes.ch
source_comment: "
170,1,2,408,,,"page_number_string: 
notes: 
source_full_citation: Swissvotes. (2025). Swissvotes – die Datenbank der eidgenössischen Volksabstimmungen. Abgerufen am 8.9.2025 von www.swissvotes.ch
source_comment: "
171,1,1,409,,,"page_number_string: 
notes: 
source_full_citation: Swissvotes. (2025). Swissvotes – die Datenbank der eidgenössischen Volksabstimmungen. Abgerufen am 8.9.2025 von www.swissvotes.ch
source_comment: "
172,1,1,410,,,"page_number_string: 
notes: 
source_full_citation: Swissvotes. (2025). Swissvotes – die Datenbank der eidgenössischen Volksabstimmungen. Abgerufen am 8.9.2025 von www.swissvotes.ch
source_comment: "
173,1,1,411,,,"page_number_string: 
notes: 
source_full_citation: Swissvotes. (2025). Swissvotes – die Datenbank der eidgenössischen Volksabstimmungen. Abgerufen am 8.9.2025 von www.swissvotes.ch
source_comment: "
174,1,1,412,,,"page_number_string: 
notes: 
source_full_citation: Swissvotes. (2025). Swissvotes – die Datenbank der eidgenössischen Volksabstimmungen. Abgerufen am 8.9.2025 von www.swissvotes.ch
source_comment: "
175,1,2,413,,,"page_number_string: 
notes: 
source_full_citation: Swissvotes. (2025). Swissvotes – die Datenbank der eidgenössischen Volksabstimmungen. Abgerufen am 8.9.2025 von www.swissvotes.ch
source_comment: "
176,1,2,414,,,"page_number_string: 
notes: 
source_full_citation: Swissvotes. (2025). Swissvotes – die Datenbank der eidgenössischen Volksabstimmungen. Abgerufen am 8.9.2025 von www.swissvotes.ch
source_comment: "
177,1,2,415,,,"page_number_string: 
notes: 
source_full_citation: Swissvotes. (2025). Swissvotes – die Datenbank der eidgenössischen Volksabstimmungen. Abgerufen am 8.9.2025 von www.swissvotes.ch
source_comment: "
178,1,1,416,,,"page_number_string: 
notes: 
source_full_citation: Swissvotes. (2025). Swissvotes – die Datenbank der eidgenössischen Volksabstimmungen. Abgerufen am 8.9.2025 von www.swissvotes.ch
source_comment: "
179,1,1,417,,,"page_number_string: 
notes: 
source_full_citation: Swissvotes. (2025). Swissvotes – die Datenbank der eidgenössischen Volksabstimmungen. Abgerufen am 8.9.2025 von www.swissvotes.ch
source_comment: "
180,1,2,418,,,"page_number_string: 
notes: 
source_full_citation: Swissvotes. (2025). Swissvotes – die Datenbank der eidgenössischen Volksabstimmungen. Abgerufen am 8.9.2025 von www.swissvotes.ch
source_comment: "
181,1,1,419,,,"page_number_string: 
notes: 
source_full_citation: Swissvotes. (2025). Swissvotes – die Datenbank der eidgenössischen Volksabstimmungen. Abgerufen am 8.9.2025 von www.swissvotes.ch
source_comment: "
182,1,1,420,,,"page_number_string: 
notes: 
source_full_citation: Swissvotes. (2025). Swissvotes – die Datenbank der eidgenössischen Volksabstimmungen. Abgerufen am 8.9.2025 von www.swissvotes.ch
source_comment: "
183,1,2,421,,,"page_number_string: 
notes: 
source_full_citation: Swissvotes. (2025). Swissvotes – die Datenbank der eidgenössischen Volksabstimmungen. Abgerufen am 8.9.2025 von www.swissvotes.ch
source_comment: "
184,1,2,422,,,"page_number_string: 
notes: 
source_full_citation: Swissvotes. (2025). Swissvotes – die Datenbank der eidgenössischen Volksabstimmungen. Abgerufen am 8.9.2025 von www.swissvotes.ch
source_comment: "
185,1,2,423,,,"page_number_string: 
notes: 
source_full_citation: Swissvotes. (2025). Swissvotes – die Datenbank der eidgenössischen Volksabstimmungen. Abgerufen am 8.9.2025 von www.swissvotes.ch
source_comment: "
186,1,1,424,,,"page_number_string: 
notes: 
source_full_citation: Swissvotes. (2025). Swissvotes – die Datenbank der eidgenössischen Volksabstimmungen. Abgerufen am 8.9.2025 von www.swissvotes.ch
source_comment: "
187,1,1,425,,,"page_number_string: 
notes: 
source_full_citation: Swissvotes. (2025). Swissvotes – die Datenbank der eidgenössischen Volksabstimmungen. Abgerufen am 8.9.2025 von www.swissvotes.ch
source_comment: "
188,1,1,426,,,"page_number_string: 
notes: 
source_full_citation: Swissvotes. (2025). Swissvotes – die Datenbank der eidgenössischen Volksabstimmungen. Abgerufen am 8.9.2025 von www.swissvotes.ch
source_comment: "
189,1,1,427,,,"page_number_string: 
notes: 
source_full_citation: Swissvotes. (2025). Swissvotes – die Datenbank der eidgenössischen Volksabstimmungen. Abgerufen am 8.9.2025 von www.swissvotes.ch
source_comment: "
190,1,1,428,,,"page_number_string: 
notes: 
source_full_citation: Swissvotes. (2025). Swissvotes – die Datenbank der eidgenössischen Volksabstimmungen. Abgerufen am 8.9.2025 von www.swissvotes.ch
source_comment: "
191,1,1,429,,,"page_number_string: 
notes: 
source_full_citation: Swissvotes. (2025). Swissvotes – die Datenbank der eidgenössischen Volksabstimmungen. Abgerufen am 8.9.2025 von www.swissvotes.ch
source_comment: "
192,1,1,430,,,"page_number_string: 
notes: 
source_full_citation: Swissvotes. (2025). Swissvotes – die Datenbank der eidgenössischen Volksabstimmungen. Abgerufen am 8.9.2025 von www.swissvotes.ch
source_comment: "
193,1,1,431,,,"page_number_string: 
notes: 
source_full_citation: Swissvotes. (2025). Swissvotes – die Datenbank der eidgenössischen Volksabstimmungen. Abgerufen am 8.9.2025 von www.swissvotes.ch
source_comment: "
194,1,1,432,,,"page_number_string: 
notes: 
source_full_citation: Swissvotes. (2025). Swissvotes – die Datenbank der eidgenössischen Volksabstimmungen. Abgerufen am 8.9.2025 von www.swissvotes.ch
source_comment: "
195,1,2,433,,,"page_number_string: 
notes: 
source_full_citation: Swissvotes. (2025). Swissvotes – die Datenbank der eidgenössischen Volksabstimmungen. Abgerufen am 8.9.2025 von www.swissvotes.ch
source_comment: "
196,1,2,434,,,"page_number_string: 
notes: 
source_full_citation: Swissvotes. (2025). Swissvotes – die Datenbank der eidgenössischen Volksabstimmungen. Abgerufen am 8.9.2025 von www.swissvotes.ch
source_comment: "
197,1,1,435,,,"page_number_string: 
notes: 
source_full_citation: Swissvotes. (2025). Swissvotes – die Datenbank der eidgenössischen Volksabstimmungen. Abgerufen am 8.9.2025 von www.swissvotes.ch
source_comment: "
198,1,1,436,,,"page_number_string: 
notes: 
source_full_citation: Swissvotes. (2025). Swissvotes – die Datenbank der eidgenössischen Volksabstimmungen. Abgerufen am 8.9.2025 von www.swissvotes.ch
source_comment: "
199,1,2,437,,,"page_number_string: 
notes: 
source_full_citation: Swissvotes. (2025). Swissvotes – die Datenbank der eidgenössischen Volksabstimmungen. Abgerufen am 8.9.2025 von www.swissvotes.ch
source_comment: "
200,1,2,438,,,"page_number_string: 
notes: 
source_full_citation: Swissvotes. (2025). Swissvotes – die Datenbank der eidgenössischen Volksabstimmungen. Abgerufen am 8.9.2025 von www.swissvotes.ch
source_comment: "
201,1,1,439,,,"page_number_string: 
notes: 
source_full_citation: Swissvotes. (2025). Swissvotes – die Datenbank der eidgenössischen Volksabstimmungen. Abgerufen am 8.9.2025 von www.swissvotes.ch
source_comment: "
202,1,2,440,,,"page_number_string: 
notes: 
source_full_citation: Swissvotes. (2025). Swissvotes – die Datenbank der eidgenössischen Volksabstimmungen. Abgerufen am 8.9.2025 von www.swissvotes.ch
source_comment: "
203,1,1,441,,,"page_number_string: 
notes: 
source_full_citation: Swissvotes. (2025). Swissvotes – die Datenbank der eidgenössischen Volksabstimmungen. Abgerufen am 8.9.2025 von www.swissvotes.ch
source_comment: "
204,1,2,442,,,"page_number_string: 
notes: 
source_full_citation: Swissvotes. (2025). Swissvotes – die Datenbank der eidgenössischen Volksabstimmungen. Abgerufen am 8.9.2025 von www.swissvotes.ch
source_comment: "
205,1,1,443,,,"page_number_string: 
notes: 
source_full_citation: Swissvotes. (2025). Swissvotes – die Datenbank der eidgenössischen Volksabstimmungen. Abgerufen am 8.9.2025 von www.swissvotes.ch
source_comment: "
206,1,1,444,,,"page_number_string: 
notes: 
source_full_citation: Swissvotes. (2025). Swissvotes – die Datenbank der eidgenössischen Volksabstimmungen. Abgerufen am 8.9.2025 von www.swissvotes.ch
source_comment: "
207,1,2,445,,,"page_number_string: 
notes: 
source_full_citation: Swissvotes. (2025). Swissvotes – die Datenbank der eidgenössischen Volksabstimmungen. Abgerufen am 8.9.2025 von www.swissvotes.ch
source_comment: "
208,1,2,446,,,"page_number_string: 
notes: 
source_full_citation: Swissvotes. (2025). Swissvotes – die Datenbank der eidgenössischen Volksabstimmungen. Abgerufen am 8.9.2025 von www.swissvotes.ch
source_comment: "
209,1,1,447,,,"page_number_string: 
notes: 
source_full_citation: Swissvotes. (2025). Swissvotes – die Datenbank der eidgenössischen Volksabstimmungen. Abgerufen am 8.9.2025 von www.swissvotes.ch
source_comment: "
210,1,1,448,,,"page_number_string: 
notes: 
source_full_citation: Swissvotes. (2025). Swissvotes – die Datenbank der eidgenössischen Volksabstimmungen. Abgerufen am 8.9.2025 von www.swissvotes.ch
source_comment: "
211,1,1,449,,,"page_number_string: 
notes: 
source_full_citation: Swissvotes. (2025). Swissvotes – die Datenbank der eidgenössischen Volksabstimmungen. Abgerufen am 8.9.2025 von www.swissvotes.ch
source_comment: "
212,1,1,450,,,"page_number_string: 
notes: 
source_full_citation: Swissvotes. (2025). Swissvotes – die Datenbank der eidgenössischen Volksabstimmungen. Abgerufen am 8.9.2025 von www.swissvotes.ch
source_comment: "
213,1,1,451,,,"page_number_string: 
notes: 
source_full_citation: Swissvotes. (2025). Swissvotes – die Datenbank der eidgenössischen Volksabstimmungen. Abgerufen am 8.9.2025 von www.swissvotes.ch
source_comment: "
214,1,1,452,,,"page_number_string: 
notes: 
source_full_citation: Swissvotes. (2025). Swissvotes – die Datenbank der eidgenössischen Volksabstimmungen. Abgerufen am 8.9.2025 von www.swissvotes.ch
source_comment: "
215,1,2,453,,,"page_number_string: 
notes: 
source_full_citation: Swissvotes. (2025). Swissvotes – die Datenbank der eidgenössischen Volksabstimmungen. Abgerufen am 8.9.2025 von www.swissvotes.ch
source_comment: "
216,1,1,454,,,"page_number_string: 
notes: 
source_full_citation: Swissvotes. (2025). Swissvotes – die Datenbank der eidgenössischen Volksabstimmungen. Abgerufen am 8.9.2025 von www.swissvotes.ch
source_comment: "
217,1,1,455,,,"page_number_string: 
notes: 
source_full_citation: Swissvotes. (2025). Swissvotes – die Datenbank der eidgenössischen Volksabstimmungen. Abgerufen am 8.9.2025 von www.swissvotes.ch
source_comment: "
218,1,1,456,,,"page_number_string: 
notes: 
source_full_citation: Swissvotes. (2025). Swissvotes – die Datenbank der eidgenössischen Volksabstimmungen. Abgerufen am 8.9.2025 von www.swissvotes.ch
source_comment: "
219,1,1,457,,,"page_number_string: 
notes: 
source_full_citation: Swissvotes. (2025). Swissvotes – die Datenbank der eidgenössischen Volksabstimmungen. Abgerufen am 8.9.2025 von www.swissvotes.ch
source_comment: "
220,1,1,458,,,"page_number_string: 
notes: 
source_full_citation: Swissvotes. (2025). Swissvotes – die Datenbank der eidgenössischen Volksabstimmungen. Abgerufen am 8.9.2025 von www.swissvotes.ch
source_comment: "
221,1,1,459,,,"page_number_string: 
notes: 
source_full_citation: Swissvotes. (2025). Swissvotes – die Datenbank der eidgenössischen Volksabstimmungen. Abgerufen am 8.9.2025 von www.swissvotes.ch
source_comment: "
222,1,1,460,,,"page_number_string: 
notes: 
source_full_citation: Swissvotes. (2025). Swissvotes – die Datenbank der eidgenössischen Volksabstimmungen. Abgerufen am 8.9.2025 von www.swissvotes.ch
source_comment: "
223,1,2,461,,,"page_number_string: 
notes: 
source_full_citation: Swissvotes. (2025). Swissvotes – die Datenbank der eidgenössischen Volksabstimmungen. Abgerufen am 8.9.2025 von www.swissvotes.ch
source_comment: "
224,1,1,462,,,"page_number_string: 
notes: 
source_full_citation: Swissvotes. (2025). Swissvotes – die Datenbank der eidgenössischen Volksabstimmungen. Abgerufen am 8.9.2025 von www.swissvotes.ch
source_comment: "
225,1,1,463,,,"page_number_string: 
notes: 
source_full_citation: Swissvotes. (2025). Swissvotes – die Datenbank der eidgenössischen Volksabstimmungen. Abgerufen am 8.9.2025 von www.swissvotes.ch
source_comment: "
226,1,2,464,,,"page_number_string: 
notes: 
source_full_citation: Swissvotes. (2025). Swissvotes – die Datenbank der eidgenössischen Volksabstimmungen. Abgerufen am 8.9.2025 von www.swissvotes.ch
source_comment: "
227,1,2,465,,,"page_number_string: 
notes: 
source_full_citation: Swissvotes. (2025). Swissvotes – die Datenbank der eidgenössischen Volksabstimmungen. Abgerufen am 8.9.2025 von www.swissvotes.ch
source_comment: "
228,1,1,466,,,"page_number_string: 
notes: 
source_full_citation: Swissvotes. (2025). Swissvotes – die Datenbank der eidgenössischen Volksabstimmungen. Abgerufen am 8.9.2025 von www.swissvotes.ch
source_comment: "
229,1,1,467,,,"page_number_string: 
notes: 
source_full_citation: Swissvotes. (2025). Swissvotes – die Datenbank der eidgenössischen Volksabstimmungen. Abgerufen am 8.9.2025 von www.swissvotes.ch
source_comment: "
230,1,1,468,,,"page_number_string: 
notes: 
source_full_citation: Swissvotes. (2025). Swissvotes – die Datenbank der eidgenössischen Volksabstimmungen. Abgerufen am 8.9.2025 von www.swissvotes.ch
source_comment: "
231,1,1,469,,,"page_number_string: 
notes: 
source_full_citation: Swissvotes. (2025). Swissvotes – die Datenbank der eidgenössischen Volksabstimmungen. Abgerufen am 8.9.2025 von www.swissvotes.ch
source_comment: "
232,1,2,470,,,"page_number_string: 
notes: 
source_full_citation: Swissvotes. (2025). Swissvotes – die Datenbank der eidgenössischen Volksabstimmungen. Abgerufen am 8.9.2025 von www.swissvotes.ch
source_comment: "
233,1,2,471,,,"page_number_string: 
notes: 
source_full_citation: Swissvotes. (2025). Swissvotes – die Datenbank der eidgenössischen Volksabstimmungen. Abgerufen am 8.9.2025 von www.swissvotes.ch
source_comment: "
234,1,2,472,,,"page_number_string: 
notes: 
source_full_citation: Swissvotes. (2025). Swissvotes – die Datenbank der eidgenössischen Volksabstimmungen. Abgerufen am 8.9.2025 von www.swissvotes.ch
source_comment: "
235,1,2,473,,,"page_number_string: 
notes: 
source_full_citation: Swissvotes. (2025). Swissvotes – die Datenbank der eidgenössischen Volksabstimmungen. Abgerufen am 8.9.2025 von www.swissvotes.ch
source_comment: "
236,1,2,474,,,"page_number_string: 
notes: 
source_full_citation: Swissvotes. (2025). Swissvotes – die Datenbank der eidgenössischen Volksabstimmungen. Abgerufen am 8.9.2025 von www.swissvotes.ch
source_comment: "
237,1,2,475,,,"page_number_string: 
notes: 
source_full_citation: Swissvotes. (2025). Swissvotes – die Datenbank der eidgenössischen Volksabstimmungen. Abgerufen am 8.9.2025 von www.swissvotes.ch
source_comment: "
238,1,1,476,,,"page_number_string: 
notes: 
source_full_citation: Swissvotes. (2025). Swissvotes – die Datenbank der eidgenössischen Volksabstimmungen. Abgerufen am 8.9.2025 von www.swissvotes.ch
source_comment: "
239,1,2,477,,,"page_number_string: 
notes: 
source_full_citation: Swissvotes. (2025). Swissvotes – die Datenbank der eidgenössischen Volksabstimmungen. Abgerufen am 8.9.2025 von www.swissvotes.ch
source_comment: "
240,1,1,478,,,"page_number_string: 
notes: 
source_full_citation: Swissvotes. (2025). Swissvotes – die Datenbank der eidgenössischen Volksabstimmungen. Abgerufen am 8.9.2025 von www.swissvotes.ch
source_comment: "
241,1,1,479,,,"page_number_string: 
notes: 
source_full_citation: Swissvotes. (2025). Swissvotes – die Datenbank der eidgenössischen Volksabstimmungen. Abgerufen am 8.9.2025 von www.swissvotes.ch
source_comment: "
242,1,1,480,,,"page_number_string: 
notes: 
source_full_citation: Swissvotes. (2025). Swissvotes – die Datenbank der eidgenössischen Volksabstimmungen. Abgerufen am 8.9.2025 von www.swissvotes.ch
source_comment: "
243,1,1,481,,,"page_number_string: 
notes: 
source_full_citation: Swissvotes. (2025). Swissvotes – die Datenbank der eidgenössischen Volksabstimmungen. Abgerufen am 8.9.2025 von www.swissvotes.ch
source_comment: "
244,1,1,482,,,"page_number_string: 
notes: 
source_full_citation: Swissvotes. (2025). Swissvotes – die Datenbank der eidgenössischen Volksabstimmungen. Abgerufen am 8.9.2025 von www.swissvotes.ch
source_comment: "
245,1,1,483,,,"page_number_string: 
notes: 
source_full_citation: Swissvotes. (2025). Swissvotes – die Datenbank der eidgenössischen Volksabstimmungen. Abgerufen am 8.9.2025 von www.swissvotes.ch
source_comment: "
246,1,1,484,,,"page_number_string: 
notes: 
source_full_citation: Swissvotes. (2025). Swissvotes – die Datenbank der eidgenössischen Volksabstimmungen. Abgerufen am 8.9.2025 von www.swissvotes.ch
source_comment: "
247,1,1,485,,,"page_number_string: 
notes: 
source_full_citation: Swissvotes. (2025). Swissvotes – die Datenbank der eidgenössischen Volksabstimmungen. Abgerufen am 8.9.2025 von www.swissvotes.ch
source_comment: "
248,1,2,486,,,"page_number_string: 
notes: 
source_full_citation: Swissvotes. (2025). Swissvotes – die Datenbank der eidgenössischen Volksabstimmungen. Abgerufen am 8.9.2025 von www.swissvotes.ch
source_comment: "
249,1,1,487,,,"page_number_string: 
notes: 
source_full_citation: Swissvotes. (2025). Swissvotes – die Datenbank der eidgenössischen Volksabstimmungen. Abgerufen am 8.9.2025 von www.swissvotes.ch
source_comment: "
250,1,2,488,,,"page_number_string: 
notes: 
source_full_citation: Swissvotes. (2025). Swissvotes – die Datenbank der eidgenössischen Volksabstimmungen. Abgerufen am 8.9.2025 von www.swissvotes.ch
source_comment: "
251,1,1,489,,,"page_number_string: 
notes: 
source_full_citation: Swissvotes. (2025). Swissvotes – die Datenbank der eidgenössischen Volksabstimmungen. Abgerufen am 8.9.2025 von www.swissvotes.ch
source_comment: "
252,1,1,490,,,"page_number_string: 
notes: 
source_full_citation: Swissvotes. (2025). Swissvotes – die Datenbank der eidgenössischen Volksabstimmungen. Abgerufen am 8.9.2025 von www.swissvotes.ch
source_comment: "
253,1,2,491,,,"page_number_string: 
notes: 
source_full_citation: Swissvotes. (2025). Swissvotes – die Datenbank der eidgenössischen Volksabstimmungen. Abgerufen am 8.9.2025 von www.swissvotes.ch
source_comment: "
254,1,2,492,,,"page_number_string: 
notes: 
source_full_citation: Swissvotes. (2025). Swissvotes – die Datenbank der eidgenössischen Volksabstimmungen. Abgerufen am 8.9.2025 von www.swissvotes.ch
source_comment: "
255,1,2,493,,,"page_number_string: 
notes: 
source_full_citation: Swissvotes. (2025). Swissvotes – die Datenbank der eidgenössischen Volksabstimmungen. Abgerufen am 8.9.2025 von www.swissvotes.ch
source_comment: "
256,1,1,494,,,"page_number_string: 
notes: 
source_full_citation: Swissvotes. (2025). Swissvotes – die Datenbank der eidgenössischen Volksabstimmungen. Abgerufen am 8.9.2025 von www.swissvotes.ch
source_comment: "
257,1,2,495,,,"page_number_string: 
notes: 
source_full_citation: Swissvotes. (2025). Swissvotes – die Datenbank der eidgenössischen Volksabstimmungen. Abgerufen am 8.9.2025 von www.swissvotes.ch
source_comment: "
258,1,2,496,,,"page_number_string: 
notes: 
source_full_citation: Swissvotes. (2025). Swissvotes – die Datenbank der eidgenössischen Volksabstimmungen. Abgerufen am 8.9.2025 von www.swissvotes.ch
source_comment: "
259,1,8,497,,,"page_number_string: 
notes: 
source_full_citation: Swissvotes. (2025). Swissvotes – die Datenbank der eidgenössischen Volksabstimmungen. Abgerufen am 8.9.2025 von www.swissvotes.ch
source_comment: "
260,1,2,498,,,"page_number_string: 
notes: 
source_full_citation: Swissvotes. (2025). Swissvotes – die Datenbank der eidgenössischen Volksabstimmungen. Abgerufen am 8.9.2025 von www.swissvotes.ch
source_comment: "
261,1,1,499,,,"page_number_string: 
notes: 
source_full_citation: Swissvotes. (2025). Swissvotes – die Datenbank der eidgenössischen Volksabstimmungen. Abgerufen am 8.9.2025 von www.swissvotes.ch
source_comment: "
262,1,2,500,,,"page_number_string: 
notes: 
source_full_citation: Swissvotes. (2025). Swissvotes – die Datenbank der eidgenössischen Volksabstimmungen. Abgerufen am 8.9.2025 von www.swissvotes.ch
source_comment: "
263,1,2,501,,,"page_number_string: 
notes: 
source_full_citation: Swissvotes. (2025). Swissvotes – die Datenbank der eidgenössischen Volksabstimmungen. Abgerufen am 8.9.2025 von www.swissvotes.ch
source_comment: "
264,1,2,502,,,"page_number_string: 
notes: 
source_full_citation: Swissvotes. (2025). Swissvotes – die Datenbank der eidgenössischen Volksabstimmungen. Abgerufen am 8.9.2025 von www.swissvotes.ch
source_comment: "
265,1,2,503,,,"page_number_string: 
notes: 
source_full_citation: Swissvotes. (2025). Swissvotes – die Datenbank der eidgenössischen Volksabstimmungen. Abgerufen am 8.9.2025 von www.swissvotes.ch
source_comment: "
266,1,2,504,,,"page_number_string: 
notes: 
source_full_citation: Swissvotes. (2025). Swissvotes – die Datenbank der eidgenössischen Volksabstimmungen. Abgerufen am 8.9.2025 von www.swissvotes.ch
source_comment: "
267,1,1,505,,,"page_number_string: 
notes: 
source_full_citation: Swissvotes. (2025). Swissvotes – die Datenbank der eidgenössischen Volksabstimmungen. Abgerufen am 8.9.2025 von www.swissvotes.ch
source_comment: "
268,1,2,506,,,"page_number_string: 
notes: 
source_full_citation: Swissvotes. (2025). Swissvotes – die Datenbank der eidgenössischen Volksabstimmungen. Abgerufen am 8.9.2025 von www.swissvotes.ch
source_comment: "
269,1,2,507,,,"page_number_string: 
notes: 
source_full_citation: Swissvotes. (2025). Swissvotes – die Datenbank der eidgenössischen Volksabstimmungen. Abgerufen am 8.9.2025 von www.swissvotes.ch
source_comment: "
270,1,2,508,,,"page_number_string: 
notes: 
source_full_citation: Swissvotes. (2025). Swissvotes – die Datenbank der eidgenössischen Volksabstimmungen. Abgerufen am 8.9.2025 von www.swissvotes.ch
source_comment: "
271,1,2,509,,,"page_number_string: 
notes: 
source_full_citation: Swissvotes. (2025). Swissvotes – die Datenbank der eidgenössischen Volksabstimmungen. Abgerufen am 8.9.2025 von www.swissvotes.ch
source_comment: "
272,1,2,510,,,"page_number_string: 
notes: 
source_full_citation: Swissvotes. (2025). Swissvotes – die Datenbank der eidgenössischen Volksabstimmungen. Abgerufen am 8.9.2025 von www.swissvotes.ch
source_comment: "
273,1,1,511,,,"page_number_string: 
notes: 
source_full_citation: Swissvotes. (2025). Swissvotes – die Datenbank der eidgenössischen Volksabstimmungen. Abgerufen am 8.9.2025 von www.swissvotes.ch
source_comment: "
274,1,1,512,,,"page_number_string: 
notes: 
source_full_citation: Swissvotes. (2025). Swissvotes – die Datenbank der eidgenössischen Volksabstimmungen. Abgerufen am 8.9.2025 von www.swissvotes.ch
source_comment: "
275,1,2,513,,,"page_number_string: 
notes: 
source_full_citation: Swissvotes. (2025). Swissvotes – die Datenbank der eidgenössischen Volksabstimmungen. Abgerufen am 8.9.2025 von www.swissvotes.ch
source_comment: "
276,1,2,514,,,"page_number_string: 
notes: 
source_full_citation: Swissvotes. (2025). Swissvotes – die Datenbank der eidgenössischen Volksabstimmungen. Abgerufen am 8.9.2025 von www.swissvotes.ch
source_comment: "
277,1,2,515,,,"page_number_string: 
notes: 
source_full_citation: Swissvotes. (2025). Swissvotes – die Datenbank der eidgenössischen Volksabstimmungen. Abgerufen am 8.9.2025 von www.swissvotes.ch
source_comment: "
278,1,2,516,,,"page_number_string: 
notes: 
source_full_citation: Swissvotes. (2025). Swissvotes – die Datenbank der eidgenössischen Volksabstimmungen. Abgerufen am 8.9.2025 von www.swissvotes.ch
source_comment: "
279,1,2,517,,,"page_number_string: 
notes: 
source_full_citation: Swissvotes. (2025). Swissvotes – die Datenbank der eidgenössischen Volksabstimmungen. Abgerufen am 8.9.2025 von www.swissvotes.ch
source_comment: "
280,1,2,518,,,"page_number_string: 
notes: 
source_full_citation: Swissvotes. (2025). Swissvotes – die Datenbank der eidgenössischen Volksabstimmungen. Abgerufen am 8.9.2025 von www.swissvotes.ch
source_comment: "
281,1,2,519,,,"page_number_string: 
notes: 
source_full_citation: Swissvotes. (2025). Swissvotes – die Datenbank der eidgenössischen Volksabstimmungen. Abgerufen am 8.9.2025 von www.swissvotes.ch
source_comment: "
282,1,2,520,,,"page_number_string: 
notes: 
source_full_citation: Swissvotes. (2025). Swissvotes – die Datenbank der eidgenössischen Volksabstimmungen. Abgerufen am 8.9.2025 von www.swissvotes.ch
source_comment: "
283,1,1,521,,,"page_number_string: 
notes: 
source_full_citation: Swissvotes. (2025). Swissvotes – die Datenbank der eidgenössischen Volksabstimmungen. Abgerufen am 8.9.2025 von www.swissvotes.ch
source_comment: "
284,1,2,522,,,"page_number_string: 
notes: 
source_full_citation: Swissvotes. (2025). Swissvotes – die Datenbank der eidgenössischen Volksabstimmungen. Abgerufen am 8.9.2025 von www.swissvotes.ch
source_comment: "
285,1,7,523,,,"page_number_string: 
notes: 
source_full_citation: Swissvotes. (2025). Swissvotes – die Datenbank der eidgenössischen Volksabstimmungen. Abgerufen am 8.9.2025 von www.swissvotes.ch
source_comment: "
286,1,1,524,,,"page_number_string: 
notes: 
source_full_citation: Swissvotes. (2025). Swissvotes – die Datenbank der eidgenössischen Volksabstimmungen. Abgerufen am 8.9.2025 von www.swissvotes.ch
source_comment: "
287,1,1,525,,,"page_number_string: 
notes: 
source_full_citation: Swissvotes. (2025). Swissvotes – die Datenbank der eidgenössischen Volksabstimmungen. Abgerufen am 8.9.2025 von www.swissvotes.ch
source_comment: "
288,1,1,526,,,"page_number_string: 
notes: 
source_full_citation: Swissvotes. (2025). Swissvotes – die Datenbank der eidgenössischen Volksabstimmungen. Abgerufen am 8.9.2025 von www.swissvotes.ch
source_comment: "
289,1,2,527,,,"page_number_string: 
notes: 
source_full_citation: Swissvotes. (2025). Swissvotes – die Datenbank der eidgenössischen Volksabstimmungen. Abgerufen am 8.9.2025 von www.swissvotes.ch
source_comment: "
290,1,1,528,,,"page_number_string: 
notes: 
source_full_citation: Swissvotes. (2025). Swissvotes – die Datenbank der eidgenössischen Volksabstimmungen. Abgerufen am 8.9.2025 von www.swissvotes.ch
source_comment: "
291,1,1,529,,,"page_number_string: 
notes: 
source_full_citation: Swissvotes. (2025). Swissvotes – die Datenbank der eidgenössischen Volksabstimmungen. Abgerufen am 8.9.2025 von www.swissvotes.ch
source_comment: "
292,1,1,530,,,"page_number_string: 
notes: 
source_full_citation: Swissvotes. (2025). Swissvotes – die Datenbank der eidgenössischen Volksabstimmungen. Abgerufen am 8.9.2025 von www.swissvotes.ch
source_comment: "
293,1,2,531,,,"page_number_string: 
notes: 
source_full_citation: Swissvotes. (2025). Swissvotes – die Datenbank der eidgenössischen Volksabstimmungen. Abgerufen am 8.9.2025 von www.swissvotes.ch
source_comment: "
294,1,2,532,,,"page_number_string: 
notes: 
source_full_citation: Swissvotes. (2025). Swissvotes – die Datenbank der eidgenössischen Volksabstimmungen. Abgerufen am 8.9.2025 von www.swissvotes.ch
source_comment: "
295,1,2,533,,,"page_number_string: 
notes: 
source_full_citation: Swissvotes. (2025). Swissvotes – die Datenbank der eidgenössischen Volksabstimmungen. Abgerufen am 8.9.2025 von www.swissvotes.ch
source_comment: "
296,1,2,534,,,"page_number_string: 
notes: 
source_full_citation: Swissvotes. (2025). Swissvotes – die Datenbank der eidgenössischen Volksabstimmungen. Abgerufen am 8.9.2025 von www.swissvotes.ch
source_comment: "
297,1,2,535,,,"page_number_string: 
notes: 
source_full_citation: Swissvotes. (2025). Swissvotes – die Datenbank der eidgenössischen Volksabstimmungen. Abgerufen am 8.9.2025 von www.swissvotes.ch
source_comment: "
298,1,2,536,,,"page_number_string: 
notes: 
source_full_citation: Swissvotes. (2025). Swissvotes – die Datenbank der eidgenössischen Volksabstimmungen. Abgerufen am 8.9.2025 von www.swissvotes.ch
source_comment: "
299,1,2,537,,,"page_number_string: 
notes: 
source_full_citation: Swissvotes. (2025). Swissvotes – die Datenbank der eidgenössischen Volksabstimmungen. Abgerufen am 8.9.2025 von www.swissvotes.ch
source_comment: "
300,1,1,538,,,"page_number_string: 
notes: 
source_full_citation: Swissvotes. (2025). Swissvotes – die Datenbank der eidgenössischen Volksabstimmungen. Abgerufen am 8.9.2025 von www.swissvotes.ch
source_comment: "
301,1,1,539,,,"page_number_string: 
notes: 
source_full_citation: Swissvotes. (2025). Swissvotes – die Datenbank der eidgenössischen Volksabstimmungen. Abgerufen am 8.9.2025 von www.swissvotes.ch
source_comment: "
302,1,1,540,,,"page_number_string: 
notes: 
source_full_citation: Swissvotes. (2025). Swissvotes – die Datenbank der eidgenössischen Volksabstimmungen. Abgerufen am 8.9.2025 von www.swissvotes.ch
source_comment: "
303,1,1,541,,,"page_number_string: 
notes: 
source_full_citation: Swissvotes. (2025). Swissvotes – die Datenbank der eidgenössischen Volksabstimmungen. Abgerufen am 8.9.2025 von www.swissvotes.ch
source_comment: "
304,1,2,542,,,"page_number_string: 
notes: 
source_full_citation: Swissvotes. (2025). Swissvotes – die Datenbank der eidgenössischen Volksabstimmungen. Abgerufen am 8.9.2025 von www.swissvotes.ch
source_comment: "
305,1,1,543,,,"page_number_string: 
notes: 
source_full_citation: Swissvotes. (2025). Swissvotes – die Datenbank der eidgenössischen Volksabstimmungen. Abgerufen am 8.9.2025 von www.swissvotes.ch
source_comment: "
306,1,2,544,,,"page_number_string: 
notes: 
source_full_citation: Swissvotes. (2025). Swissvotes – die Datenbank der eidgenössischen Volksabstimmungen. Abgerufen am 8.9.2025 von www.swissvotes.ch
source_comment: "
307,1,2,545,,,"page_number_string: 
notes: 
source_full_citation: Swissvotes. (2025). Swissvotes – die Datenbank der eidgenössischen Volksabstimmungen. Abgerufen am 8.9.2025 von www.swissvotes.ch
source_comment: "
308,1,2,546,,,"page_number_string: 
notes: 
source_full_citation: Swissvotes. (2025). Swissvotes – die Datenbank der eidgenössischen Volksabstimmungen. Abgerufen am 8.9.2025 von www.swissvotes.ch
source_comment: "
309,1,2,547,,,"page_number_string: 
notes: 
source_full_citation: Swissvotes. (2025). Swissvotes – die Datenbank der eidgenössischen Volksabstimmungen. Abgerufen am 8.9.2025 von www.swissvotes.ch
source_comment: "
310,1,1,548,,,"page_number_string: 
notes: 
source_full_citation: Swissvotes. (2025). Swissvotes – die Datenbank der eidgenössischen Volksabstimmungen. Abgerufen am 8.9.2025 von www.swissvotes.ch
source_comment: "
311,1,1,549,,,"page_number_string: 
notes: 
source_full_citation: Swissvotes. (2025). Swissvotes – die Datenbank der eidgenössischen Volksabstimmungen. Abgerufen am 8.9.2025 von www.swissvotes.ch
source_comment: "
312,1,1,550,,,"page_number_string: 
notes: 
source_full_citation: Swissvotes. (2025). Swissvotes – die Datenbank der eidgenössischen Volksabstimmungen. Abgerufen am 8.9.2025 von www.swissvotes.ch
source_comment: "
313,1,2,551,,,"page_number_string: 
notes: 
source_full_citation: Swissvotes. (2025). Swissvotes – die Datenbank der eidgenössischen Volksabstimmungen. Abgerufen am 8.9.2025 von www.swissvotes.ch
source_comment: "
314,1,2,552,,,"page_number_string: 
notes: 
source_full_citation: Swissvotes. (2025). Swissvotes – die Datenbank der eidgenössischen Volksabstimmungen. Abgerufen am 8.9.2025 von www.swissvotes.ch
source_comment: "
315,1,2,553,,,"page_number_string: 
notes: 
source_full_citation: Swissvotes. (2025). Swissvotes – die Datenbank der eidgenössischen Volksabstimmungen. Abgerufen am 8.9.2025 von www.swissvotes.ch
source_comment: "
316,1,2,554,,,"page_number_string: 
notes: 
source_full_citation: Swissvotes. (2025). Swissvotes – die Datenbank der eidgenössischen Volksabstimmungen. Abgerufen am 8.9.2025 von www.swissvotes.ch
source_comment: "
317,1,1,555,,,"page_number_string: 
notes: 
source_full_citation: Swissvotes. (2025). Swissvotes – die Datenbank der eidgenössischen Volksabstimmungen. Abgerufen am 8.9.2025 von www.swissvotes.ch
source_comment: "
318,1,1,556,,,"page_number_string: 
notes: 
source_full_citation: Swissvotes. (2025). Swissvotes – die Datenbank der eidgenössischen Volksabstimmungen. Abgerufen am 8.9.2025 von www.swissvotes.ch
source_comment: "
319,1,2,557,,,"page_number_string: 
notes: 
source_full_citation: Swissvotes. (2025). Swissvotes – die Datenbank der eidgenössischen Volksabstimmungen. Abgerufen am 8.9.2025 von www.swissvotes.ch
source_comment: "
320,1,1,558,,,"page_number_string: 
notes: 
source_full_citation: Swissvotes. (2025). Swissvotes – die Datenbank der eidgenössischen Volksabstimmungen. Abgerufen am 8.9.2025 von www.swissvotes.ch
source_comment: "
321,1,1,559,,,"page_number_string: 
notes: 
source_full_citation: Swissvotes. (2025). Swissvotes – die Datenbank der eidgenössischen Volksabstimmungen. Abgerufen am 8.9.2025 von www.swissvotes.ch
source_comment: "
322,1,2,560,,,"page_number_string: 
notes: 
source_full_citation: Swissvotes. (2025). Swissvotes – die Datenbank der eidgenössischen Volksabstimmungen. Abgerufen am 8.9.2025 von www.swissvotes.ch
source_comment: "
323,1,2,561,,,"page_number_string: 
notes: 
source_full_citation: Swissvotes. (2025). Swissvotes – die Datenbank der eidgenössischen Volksabstimmungen. Abgerufen am 8.9.2025 von www.swissvotes.ch
source_comment: "
324,1,2,562,,,"page_number_string: 
notes: 
source_full_citation: Swissvotes. (2025). Swissvotes – die Datenbank der eidgenössischen Volksabstimmungen. Abgerufen am 8.9.2025 von www.swissvotes.ch
source_comment: "
325,1,1,563,,,"page_number_string: 
notes: 
source_full_citation: Swissvotes. (2025). Swissvotes – die Datenbank der eidgenössischen Volksabstimmungen. Abgerufen am 8.9.2025 von www.swissvotes.ch
source_comment: "
326,1,2,564,,,"page_number_string: 
notes: 
source_full_citation: Swissvotes. (2025). Swissvotes – die Datenbank der eidgenössischen Volksabstimmungen. Abgerufen am 8.9.2025 von www.swissvotes.ch
source_comment: "
327,1,1,565,,,"page_number_string: 
notes: 
source_full_citation: Swissvotes. (2025). Swissvotes – die Datenbank der eidgenössischen Volksabstimmungen. Abgerufen am 8.9.2025 von www.swissvotes.ch
source_comment: "
328,1,1,566,,,"page_number_string: 
notes: 
source_full_citation: Swissvotes. (2025). Swissvotes – die Datenbank der eidgenössischen Volksabstimmungen. Abgerufen am 8.9.2025 von www.swissvotes.ch
source_comment: "
329,1,1,567,,,"page_number_string: 
notes: 
source_full_citation: Swissvotes. (2025). Swissvotes – die Datenbank der eidgenössischen Volksabstimmungen. Abgerufen am 8.9.2025 von www.swissvotes.ch
source_comment: "
330,1,1,568,,,"page_number_string: 
notes: 
source_full_citation: Swissvotes. (2025). Swissvotes – die Datenbank der eidgenössischen Volksabstimmungen. Abgerufen am 8.9.2025 von www.swissvotes.ch
source_comment: "
331,1,1,569,,,"page_number_string: 
notes: 
source_full_citation: Swissvotes. (2025). Swissvotes – die Datenbank der eidgenössischen Volksabstimmungen. Abgerufen am 8.9.2025 von www.swissvotes.ch
source_comment: "
332,1,2,570,,,"page_number_string: 
notes: 
source_full_citation: Swissvotes. (2025). Swissvotes – die Datenbank der eidgenössischen Volksabstimmungen. Abgerufen am 8.9.2025 von www.swissvotes.ch
source_comment: "
333,1,1,571,,,"page_number_string: 
notes: 
source_full_citation: Swissvotes. (2025). Swissvotes – die Datenbank der eidgenössischen Volksabstimmungen. Abgerufen am 8.9.2025 von www.swissvotes.ch
source_comment: "
334,1,2,572,,,"page_number_string: 
notes: 
source_full_citation: Swissvotes. (2025). Swissvotes – die Datenbank der eidgenössischen Volksabstimmungen. Abgerufen am 8.9.2025 von www.swissvotes.ch
source_comment: "
335,1,2,573,,,"page_number_string: 
notes: 
source_full_citation: Swissvotes. (2025). Swissvotes – die Datenbank der eidgenössischen Volksabstimmungen. Abgerufen am 8.9.2025 von www.swissvotes.ch
source_comment: "
336,1,2,574,,,"page_number_string: 
notes: 
source_full_citation: Swissvotes. (2025). Swissvotes – die Datenbank der eidgenössischen Volksabstimmungen. Abgerufen am 8.9.2025 von www.swissvotes.ch
source_comment: "
337,1,2,575,,,"page_number_string: 
notes: 
source_full_citation: Swissvotes. (2025). Swissvotes – die Datenbank der eidgenössischen Volksabstimmungen. Abgerufen am 8.9.2025 von www.swissvotes.ch
source_comment: "
338,1,2,576,,,"page_number_string: 
notes: 
source_full_citation: Swissvotes. (2025). Swissvotes – die Datenbank der eidgenössischen Volksabstimmungen. Abgerufen am 8.9.2025 von www.swissvotes.ch
source_comment: "
339,1,2,577,,,"page_number_string: 
notes: 
source_full_citation: Swissvotes. (2025). Swissvotes – die Datenbank der eidgenössischen Volksabstimmungen. Abgerufen am 8.9.2025 von www.swissvotes.ch
source_comment: "
340,1,1,578,,,"page_number_string: 
notes: 
source_full_citation: Swissvotes. (2025). Swissvotes – die Datenbank der eidgenössischen Volksabstimmungen. Abgerufen am 8.9.2025 von www.swissvotes.ch
source_comment: "
341,1,1,579,,,"page_number_string: 
notes: 
source_full_citation: Swissvotes. (2025). Swissvotes – die Datenbank der eidgenössischen Volksabstimmungen. Abgerufen am 8.9.2025 von www.swissvotes.ch
source_comment: "
342,1,2,580,,,"page_number_string: 
notes: 
source_full_citation: Swissvotes. (2025). Swissvotes – die Datenbank der eidgenössischen Volksabstimmungen. Abgerufen am 8.9.2025 von www.swissvotes.ch
source_comment: "
343,1,1,581,,,"page_number_string: 
notes: 
source_full_citation: Swissvotes. (2025). Swissvotes – die Datenbank der eidgenössischen Volksabstimmungen. Abgerufen am 8.9.2025 von www.swissvotes.ch
source_comment: "
344,1,2,582,,,"page_number_string: 
notes: 
source_full_citation: Swissvotes. (2025). Swissvotes – die Datenbank der eidgenössischen Volksabstimmungen. Abgerufen am 8.9.2025 von www.swissvotes.ch
source_comment: "
345,1,2,583,,,"page_number_string: 
notes: 
source_full_citation: Swissvotes. (2025). Swissvotes – die Datenbank der eidgenössischen Volksabstimmungen. Abgerufen am 8.9.2025 von www.swissvotes.ch
source_comment: "
346,1,1,584,,,"page_number_string: 
notes: 
source_full_citation: Swissvotes. (2025). Swissvotes – die Datenbank der eidgenössischen Volksabstimmungen. Abgerufen am 8.9.2025 von www.swissvotes.ch
source_comment: "
347,1,1,585,,,"page_number_string: 
notes: 
source_full_citation: Swissvotes. (2025). Swissvotes – die Datenbank der eidgenössischen Volksabstimmungen. Abgerufen am 8.9.2025 von www.swissvotes.ch
source_comment: "
348,1,1,586,,,"page_number_string: 
notes: 
source_full_citation: Swissvotes. (2025). Swissvotes – die Datenbank der eidgenössischen Volksabstimmungen. Abgerufen am 8.9.2025 von www.swissvotes.ch
source_comment: "
349,1,2,587,,,"page_number_string: 
notes: 
source_full_citation: Swissvotes. (2025). Swissvotes – die Datenbank der eidgenössischen Volksabstimmungen. Abgerufen am 8.9.2025 von www.swissvotes.ch
source_comment: "
350,1,2,589,,,"page_number_string: 
notes: 
source_full_citation: Swissvotes. (2025). Swissvotes – die Datenbank der eidgenössischen Volksabstimmungen. Abgerufen am 8.9.2025 von www.swissvotes.ch
source_comment: "
351,1,2,590,,,"page_number_string: 
notes: 
source_full_citation: Swissvotes. (2025). Swissvotes – die Datenbank der eidgenössischen Volksabstimmungen. Abgerufen am 8.9.2025 von www.swissvotes.ch
source_comment: "
352,1,2,591,,,"page_number_string: 
notes: 
source_full_citation: Swissvotes. (2025). Swissvotes – die Datenbank der eidgenössischen Volksabstimmungen. Abgerufen am 8.9.2025 von www.swissvotes.ch
source_comment: "
353,1,1,592,,,"page_number_string: 
notes: 
source_full_citation: Swissvotes. (2025). Swissvotes – die Datenbank der eidgenössischen Volksabstimmungen. Abgerufen am 8.9.2025 von www.swissvotes.ch
source_comment: "
354,1,2,593,,,"page_number_string: 
notes: 
source_full_citation: Swissvotes. (2025). Swissvotes – die Datenbank der eidgenössischen Volksabstimmungen. Abgerufen am 8.9.2025 von www.swissvotes.ch
source_comment: "
355,1,1,594,,,"page_number_string: 
notes: 
source_full_citation: Swissvotes. (2025). Swissvotes – die Datenbank der eidgenössischen Volksabstimmungen. Abgerufen am 8.9.2025 von www.swissvotes.ch
source_comment: "
356,1,2,595,,,"page_number_string: 
notes: 
source_full_citation: Swissvotes. (2025). Swissvotes – die Datenbank der eidgenössischen Volksabstimmungen. Abgerufen am 8.9.2025 von www.swissvotes.ch
source_comment: "
357,1,1,596,,,"page_number_string: 
notes: 
source_full_citation: Swissvotes. (2025). Swissvotes – die Datenbank der eidgenössischen Volksabstimmungen. Abgerufen am 8.9.2025 von www.swissvotes.ch
source_comment: "
358,1,1,597,,,"page_number_string: 
notes: 
source_full_citation: Swissvotes. (2025). Swissvotes – die Datenbank der eidgenössischen Volksabstimmungen. Abgerufen am 8.9.2025 von www.swissvotes.ch
source_comment: "
359,1,2,598,,,"page_number_string: 
notes: 
source_full_citation: Swissvotes. (2025). Swissvotes – die Datenbank der eidgenössischen Volksabstimmungen. Abgerufen am 8.9.2025 von www.swissvotes.ch
source_comment: "
360,1,2,599,,,"page_number_string: 
notes: 
source_full_citation: Swissvotes. (2025). Swissvotes – die Datenbank der eidgenössischen Volksabstimmungen. Abgerufen am 8.9.2025 von www.swissvotes.ch
source_comment: "
361,1,1,600,,,"page_number_string: 
notes: 
source_full_citation: Swissvotes. (2025). Swissvotes – die Datenbank der eidgenössischen Volksabstimmungen. Abgerufen am 8.9.2025 von www.swissvotes.ch
source_comment: "
362,1,2,601,,,"page_number_string: 
notes: 
source_full_citation: Swissvotes. (2025). Swissvotes – die Datenbank der eidgenössischen Volksabstimmungen. Abgerufen am 8.9.2025 von www.swissvotes.ch
source_comment: "
363,1,2,602,,,"page_number_string: 
notes: 
source_full_citation: Swissvotes. (2025). Swissvotes – die Datenbank der eidgenössischen Volksabstimmungen. Abgerufen am 8.9.2025 von www.swissvotes.ch
source_comment: "
364,1,2,603,,,"page_number_string: 
notes: 
source_full_citation: Swissvotes. (2025). Swissvotes – die Datenbank der eidgenössischen Volksabstimmungen. Abgerufen am 8.9.2025 von www.swissvotes.ch
source_comment: "
365,1,2,604,,,"page_number_string: 
notes: 
source_full_citation: Swissvotes. (2025). Swissvotes – die Datenbank der eidgenössischen Volksabstimmungen. Abgerufen am 8.9.2025 von www.swissvotes.ch
source_comment: "
366,1,2,605,,,"page_number_string: 
notes: 
source_full_citation: Swissvotes. (2025). Swissvotes – die Datenbank der eidgenössischen Volksabstimmungen. Abgerufen am 8.9.2025 von www.swissvotes.ch
source_comment: "
367,1,1,606,,,"page_number_string: 
notes: 
source_full_citation: Swissvotes. (2025). Swissvotes – die Datenbank der eidgenössischen Volksabstimmungen. Abgerufen am 8.9.2025 von www.swissvotes.ch
source_comment: "
368,1,1,607,,,"page_number_string: 
notes: 
source_full_citation: Swissvotes. (2025). Swissvotes – die Datenbank der eidgenössischen Volksabstimmungen. Abgerufen am 8.9.2025 von www.swissvotes.ch
source_comment: "
369,1,2,608,,,"page_number_string: 
notes: 
source_full_citation: Swissvotes. (2025). Swissvotes – die Datenbank der eidgenössischen Volksabstimmungen. Abgerufen am 8.9.2025 von www.swissvotes.ch
source_comment: "
370,1,2,609,,,"page_number_string: 
notes: 
source_full_citation: Swissvotes. (2025). Swissvotes – die Datenbank der eidgenössischen Volksabstimmungen. Abgerufen am 8.9.2025 von www.swissvotes.ch
source_comment: "
371,1,1,610,,,"page_number_string: 
notes: 
source_full_citation: Swissvotes. (2025). Swissvotes – die Datenbank der eidgenössischen Volksabstimmungen. Abgerufen am 8.9.2025 von www.swissvotes.ch
source_comment: "
372,1,2,611,,,"page_number_string: 
notes: 
source_full_citation: Swissvotes. (2025). Swissvotes – die Datenbank der eidgenössischen Volksabstimmungen. Abgerufen am 8.9.2025 von www.swissvotes.ch
source_comment: "
373,1,1,612,,,"page_number_string: 
notes: 
source_full_citation: Swissvotes. (2025). Swissvotes – die Datenbank der eidgenössischen Volksabstimmungen. Abgerufen am 8.9.2025 von www.swissvotes.ch
source_comment: "
374,1,2,613,,,"page_number_string: 
notes: 
source_full_citation: Swissvotes. (2025). Swissvotes – die Datenbank der eidgenössischen Volksabstimmungen. Abgerufen am 8.9.2025 von www.swissvotes.ch
source_comment: "
375,1,2,614,,,"page_number_string: 
notes: 
source_full_citation: Swissvotes. (2025). Swissvotes – die Datenbank der eidgenössischen Volksabstimmungen. Abgerufen am 8.9.2025 von www.swissvotes.ch
source_comment: "
376,1,1,615,,,"page_number_string: 
notes: 
source_full_citation: Swissvotes. (2025). Swissvotes – die Datenbank der eidgenössischen Volksabstimmungen. Abgerufen am 8.9.2025 von www.swissvotes.ch
source_comment: "
377,1,1,616,,,"page_number_string: 
notes: 
source_full_citation: Swissvotes. (2025). Swissvotes – die Datenbank der eidgenössischen Volksabstimmungen. Abgerufen am 8.9.2025 von www.swissvotes.ch
source_comment: "
378,1,2,617,,,"page_number_string: 
notes: 
source_full_citation: Swissvotes. (2025). Swissvotes – die Datenbank der eidgenössischen Volksabstimmungen. Abgerufen am 8.9.2025 von www.swissvotes.ch
source_comment: "
379,1,1,618,,,"page_number_string: 
notes: 
source_full_citation: Swissvotes. (2025). Swissvotes – die Datenbank der eidgenössischen Volksabstimmungen. Abgerufen am 8.9.2025 von www.swissvotes.ch
source_comment: "
380,1,2,619,,,"page_number_string: 
notes: 
source_full_citation: Swissvotes. (2025). Swissvotes – die Datenbank der eidgenössischen Volksabstimmungen. Abgerufen am 8.9.2025 von www.swissvotes.ch
source_comment: "
381,1,1,620,,,"page_number_string: 
notes: 
source_full_citation: Swissvotes. (2025). Swissvotes – die Datenbank der eidgenössischen Volksabstimmungen. Abgerufen am 8.9.2025 von www.swissvotes.ch
source_comment: "
382,1,1,621,,,"page_number_string: 
notes: 
source_full_citation: Swissvotes. (2025). Swissvotes – die Datenbank der eidgenössischen Volksabstimmungen. Abgerufen am 8.9.2025 von www.swissvotes.ch
source_comment: "
383,1,2,622,,,"page_number_string: 
notes: 
source_full_citation: Swissvotes. (2025). Swissvotes – die Datenbank der eidgenössischen Volksabstimmungen. Abgerufen am 8.9.2025 von www.swissvotes.ch
source_comment: "
384,1,2,623,,,"page_number_string: 
notes: 
source_full_citation: Swissvotes. (2025). Swissvotes – die Datenbank der eidgenössischen Volksabstimmungen. Abgerufen am 8.9.2025 von www.swissvotes.ch
source_comment: "
385,1,2,624,,,"page_number_string: 
notes: 
source_full_citation: Swissvotes. (2025). Swissvotes – die Datenbank der eidgenössischen Volksabstimmungen. Abgerufen am 8.9.2025 von www.swissvotes.ch
source_comment: "
386,1,2,625,,,"page_number_string: 
notes: 
source_full_citation: Swissvotes. (2025). Swissvotes – die Datenbank der eidgenössischen Volksabstimmungen. Abgerufen am 8.9.2025 von www.swissvotes.ch
source_comment: "
387,1,1,626,,,"page_number_string: 
notes: 
source_full_citation: Swissvotes. (2025). Swissvotes – die Datenbank der eidgenössischen Volksabstimmungen. Abgerufen am 8.9.2025 von www.swissvotes.ch
source_comment: "
388,1,2,627,,,"page_number_string: 
notes: 
source_full_citation: Swissvotes. (2025). Swissvotes – die Datenbank der eidgenössischen Volksabstimmungen. Abgerufen am 8.9.2025 von www.swissvotes.ch
source_comment: "
389,1,2,628,,,"page_number_string: 
notes: 
source_full_citation: Swissvotes. (2025). Swissvotes – die Datenbank der eidgenössischen Volksabstimmungen. Abgerufen am 8.9.2025 von www.swissvotes.ch
source_comment: "
390,1,2,629,,,"page_number_string: 
notes: 
source_full_citation: Swissvotes. (2025). Swissvotes – die Datenbank der eidgenössischen Volksabstimmungen. Abgerufen am 8.9.2025 von www.swissvotes.ch
source_comment: "
391,1,2,630,,,"page_number_string: 
notes: 
source_full_citation: Swissvotes. (2025). Swissvotes – die Datenbank der eidgenössischen Volksabstimmungen. Abgerufen am 8.9.2025 von www.swissvotes.ch
source_comment: "
392,1,2,631,,,"page_number_string: 
notes: 
source_full_citation: Swissvotes. (2025). Swissvotes – die Datenbank der eidgenössischen Volksabstimmungen. Abgerufen am 8.9.2025 von www.swissvotes.ch
source_comment: "
393,1,1,632,,,"page_number_string: 
notes: 
source_full_citation: Swissvotes. (2025). Swissvotes – die Datenbank der eidgenössischen Volksabstimmungen. Abgerufen am 8.9.2025 von www.swissvotes.ch
source_comment: "
394,1,1,633,,,"page_number_string: 
notes: 
source_full_citation: Swissvotes. (2025). Swissvotes – die Datenbank der eidgenössischen Volksabstimmungen. Abgerufen am 8.9.2025 von www.swissvotes.ch
source_comment: "
395,1,2,634,,,"page_number_string: 
notes: 
source_full_citation: Swissvotes. (2025). Swissvotes – die Datenbank der eidgenössischen Volksabstimmungen. Abgerufen am 8.9.2025 von www.swissvotes.ch
source_comment: "
396,1,1,635,,,"page_number_string: 
notes: 
source_full_citation: Swissvotes. (2025). Swissvotes – die Datenbank der eidgenössischen Volksabstimmungen. Abgerufen am 8.9.2025 von www.swissvotes.ch
source_comment: "
397,1,2,636,,,"page_number_string: 
notes: 
source_full_citation: Swissvotes. (2025). Swissvotes – die Datenbank der eidgenössischen Volksabstimmungen. Abgerufen am 8.9.2025 von www.swissvotes.ch
source_comment: "
398,1,2,637,,,"page_number_string: 
notes: 
source_full_citation: Swissvotes. (2025). Swissvotes – die Datenbank der eidgenössischen Volksabstimmungen. Abgerufen am 8.9.2025 von www.swissvotes.ch
source_comment: "
399,1,1,638,,,"page_number_string: 
notes: 
source_full_citation: Swissvotes. (2025). Swissvotes – die Datenbank der eidgenössischen Volksabstimmungen. Abgerufen am 8.9.2025 von www.swissvotes.ch
source_comment: "
400,1,2,639,,,"page_number_string: 
notes: 
source_full_citation: Swissvotes. (2025). Swissvotes – die Datenbank der eidgenössischen Volksabstimmungen. Abgerufen am 8.9.2025 von www.swissvotes.ch
source_comment: "
401,1,2,640,,,"page_number_string: 
notes: 
source_full_citation: Swissvotes. (2025). Swissvotes – die Datenbank der eidgenössischen Volksabstimmungen. Abgerufen am 8.9.2025 von www.swissvotes.ch
source_comment: "
402,1,2,641,,,"page_number_string: 
notes: 
source_full_citation: Swissvotes. (2025). Swissvotes – die Datenbank der eidgenössischen Volksabstimmungen. Abgerufen am 8.9.2025 von www.swissvotes.ch
source_comment: "
403,1,2,642,,,"page_number_string: 
notes: 
source_full_citation: Swissvotes. (2025). Swissvotes – die Datenbank der eidgenössischen Volksabstimmungen. Abgerufen am 8.9.2025 von www.swissvotes.ch
source_comment: "
404,1,1,643,,,"page_number_string: 
notes: 
source_full_citation: Swissvotes. (2025). Swissvotes – die Datenbank der eidgenössischen Volksabstimmungen. Abgerufen am 8.9.2025 von www.swissvotes.ch
source_comment: "
405,1,2,644,,,"page_number_string: 
notes: 
source_full_citation: Swissvotes. (2025). Swissvotes – die Datenbank der eidgenössischen Volksabstimmungen. Abgerufen am 8.9.2025 von www.swissvotes.ch
source_comment: "
406,1,2,645,,,"page_number_string: 
notes: 
source_full_citation: Swissvotes. (2025). Swissvotes – die Datenbank der eidgenössischen Volksabstimmungen. Abgerufen am 8.9.2025 von www.swissvotes.ch
source_comment: "
407,1,1,646,,,"page_number_string: 
notes: 
source_full_citation: Swissvotes. (2025). Swissvotes – die Datenbank der eidgenössischen Volksabstimmungen. Abgerufen am 8.9.2025 von www.swissvotes.ch
source_comment: "
408,1,1,647,,,"page_number_string: 
notes: 
source_full_citation: Swissvotes. (2025). Swissvotes – die Datenbank der eidgenössischen Volksabstimmungen. Abgerufen am 8.9.2025 von www.swissvotes.ch
source_comment: "
409,1,2,648,,,"page_number_string: 
notes: 
source_full_citation: Swissvotes. (2025). Swissvotes – die Datenbank der eidgenössischen Volksabstimmungen. Abgerufen am 8.9.2025 von www.swissvotes.ch
source_comment: "
410,1,1,649,,,"page_number_string: 
notes: 
source_full_citation: Swissvotes. (2025). Swissvotes – die Datenbank der eidgenössischen Volksabstimmungen. Abgerufen am 8.9.2025 von www.swissvotes.ch
source_comment: "
411,1,2,650,,,"page_number_string: 
notes: 
source_full_citation: Swissvotes. (2025). Swissvotes – die Datenbank der eidgenössischen Volksabstimmungen. Abgerufen am 8.9.2025 von www.swissvotes.ch
source_comment: "
412,1,2,651,,,"page_number_string: 
notes: 
source_full_citation: Swissvotes. (2025). Swissvotes – die Datenbank der eidgenössischen Volksabstimmungen. Abgerufen am 8.9.2025 von www.swissvotes.ch
source_comment: "
413,1,1,652,,,"page_number_string: 
notes: 
source_full_citation: Swissvotes. (2025). Swissvotes – die Datenbank der eidgenössischen Volksabstimmungen. Abgerufen am 8.9.2025 von www.swissvotes.ch
source_comment: "
414,1,1,653,,,"page_number_string: 
notes: 
source_full_citation: Swissvotes. (2025). Swissvotes – die Datenbank der eidgenössischen Volksabstimmungen. Abgerufen am 8.9.2025 von www.swissvotes.ch
source_comment: "
415,1,2,654,,,"page_number_string: 
notes: 
source_full_citation: Swissvotes. (2025). Swissvotes – die Datenbank der eidgenössischen Volksabstimmungen. Abgerufen am 8.9.2025 von www.swissvotes.ch
source_comment: "
416,1,5,655,,,"page_number_string: 
notes: 
source_full_citation: Swissvotes. (2025). Swissvotes – die Datenbank der eidgenössischen Volksabstimmungen. Abgerufen am 8.9.2025 von www.swissvotes.ch
source_comment: "
417,1,2,656,,,"page_number_string: 
notes: 
source_full_citation: Swissvotes. (2025). Swissvotes – die Datenbank der eidgenössischen Volksabstimmungen. Abgerufen am 8.9.2025 von www.swissvotes.ch
source_comment: "
418,1,2,657,,,"page_number_string: 
notes: 
source_full_citation: Swissvotes. (2025). Swissvotes – die Datenbank der eidgenössischen Volksabstimmungen. Abgerufen am 8.9.2025 von www.swissvotes.ch
source_comment: "
419,1,2,658,,,"page_number_string: 
notes: 
source_full_citation: Swissvotes. (2025). Swissvotes – die Datenbank der eidgenössischen Volksabstimmungen. Abgerufen am 8.9.2025 von www.swissvotes.ch
source_comment: "
420,1,2,659,,,"page_number_string: 
notes: 
source_full_citation: Swissvotes. (2025). Swissvotes – die Datenbank der eidgenössischen Volksabstimmungen. Abgerufen am 8.9.2025 von www.swissvotes.ch
source_comment: "
421,1,1,660,,,"page_number_string: 
notes: 
source_full_citation: Swissvotes. (2025). Swissvotes – die Datenbank der eidgenössischen Volksabstimmungen. Abgerufen am 8.9.2025 von www.swissvotes.ch
source_comment: "
422,1,1,661,,,"page_number_string: 
notes: 
source_full_citation: Swissvotes. (2025). Swissvotes – die Datenbank der eidgenössischen Volksabstimmungen. Abgerufen am 8.9.2025 von www.swissvotes.ch
source_comment: "
423,1,2,662,,,"page_number_string: 
notes: 
source_full_citation: Swissvotes. (2025). Swissvotes – die Datenbank der eidgenössischen Volksabstimmungen. Abgerufen am 8.9.2025 von www.swissvotes.ch
source_comment: "
424,1,5,663,,,"page_number_string: 
notes: 
source_full_citation: Swissvotes. (2025). Swissvotes – die Datenbank der eidgenössischen Volksabstimmungen. Abgerufen am 8.9.2025 von www.swissvotes.ch
source_comment: "
425,1,2,664,,,"page_number_string: 
notes: 
source_full_citation: Swissvotes. (2025). Swissvotes – die Datenbank der eidgenössischen Volksabstimmungen. Abgerufen am 8.9.2025 von www.swissvotes.ch
source_comment: "
426,1,2,665,,,"page_number_string: 
notes: 
source_full_citation: Swissvotes. (2025). Swissvotes – die Datenbank der eidgenössischen Volksabstimmungen. Abgerufen am 8.9.2025 von www.swissvotes.ch
source_comment: "
427,1,2,666,,,"page_number_string: 
notes: 
source_full_citation: Swissvotes. (2025). Swissvotes – die Datenbank der eidgenössischen Volksabstimmungen. Abgerufen am 8.9.2025 von www.swissvotes.ch
source_comment: "
428,1,1,667,,,"page_number_string: 
notes: 
source_full_citation: Swissvotes. (2025). Swissvotes – die Datenbank der eidgenössischen Volksabstimmungen. Abgerufen am 8.9.2025 von www.swissvotes.ch
source_comment: "
429,1,1,668,,,"page_number_string: 
notes: 
source_full_citation: Swissvotes. (2025). Swissvotes – die Datenbank der eidgenössischen Volksabstimmungen. Abgerufen am 8.9.2025 von www.swissvotes.ch
source_comment: "
430,1,1,669,,,"page_number_string: 
notes: 
source_full_citation: Swissvotes. (2025). Swissvotes – die Datenbank der eidgenössischen Volksabstimmungen. Abgerufen am 8.9.2025 von www.swissvotes.ch
source_comment: "
431,1,2,670,,,"page_number_string: 
notes: 
source_full_citation: Swissvotes. (2025). Swissvotes – die Datenbank der eidgenössischen Volksabstimmungen. Abgerufen am 8.9.2025 von www.swissvotes.ch
source_comment: "
432,1,1,671,,,"page_number_string: 
notes: 
source_full_citation: Swissvotes. (2025). Swissvotes – die Datenbank der eidgenössischen Volksabstimmungen. Abgerufen am 8.9.2025 von www.swissvotes.ch
source_comment: "
433,1,2,672,,,"page_number_string: 
notes: 
source_full_citation: Swissvotes. (2025). Swissvotes – die Datenbank der eidgenössischen Volksabstimmungen. Abgerufen am 8.9.2025 von www.swissvotes.ch
source_comment: "
434,1,2,673,,,"page_number_string: 
notes: 
source_full_citation: Swissvotes. (2025). Swissvotes – die Datenbank der eidgenössischen Volksabstimmungen. Abgerufen am 8.9.2025 von www.swissvotes.ch
source_comment: "
435,1,1,674,,,"page_number_string: 
notes: 
source_full_citation: Swissvotes. (2025). Swissvotes – die Datenbank der eidgenössischen Volksabstimmungen. Abgerufen am 8.9.2025 von www.swissvotes.ch
source_comment: "
436,1,1,675,,,"page_number_string: 
notes: 
source_full_citation: Swissvotes. (2025). Swissvotes – die Datenbank der eidgenössischen Volksabstimmungen. Abgerufen am 8.9.2025 von www.swissvotes.ch
source_comment: "
437,1,1,676,,,"page_number_string: 
notes: 
source_full_citation: Swissvotes. (2025). Swissvotes – die Datenbank der eidgenössischen Volksabstimmungen. Abgerufen am 8.9.2025 von www.swissvotes.ch
source_comment: "
438,1,2,677,,,"page_number_string: 
notes: 
source_full_citation: Swissvotes. (2025). Swissvotes – die Datenbank der eidgenössischen Volksabstimmungen. Abgerufen am 8.9.2025 von www.swissvotes.ch
source_comment: "
439,1,2,678,,,"page_number_string: 
notes: 
source_full_citation: Swissvotes. (2025). Swissvotes – die Datenbank der eidgenössischen Volksabstimmungen. Abgerufen am 8.9.2025 von www.swissvotes.ch
source_comment: "
440,1,5,679,,,"page_number_string: 
notes: 
source_full_citation: Swissvotes. (2025). Swissvotes – die Datenbank der eidgenössischen Volksabstimmungen. Abgerufen am 8.9.2025 von www.swissvotes.ch
source_comment: "
441,1,2,680,,,"page_number_string: 
notes: 
source_full_citation: Swissvotes. (2025). Swissvotes – die Datenbank der eidgenössischen Volksabstimmungen. Abgerufen am 8.9.2025 von www.swissvotes.ch
source_comment: "
442,1,1,681,,,"page_number_string: 
notes: 
source_full_citation: Swissvotes. (2025). Swissvotes – die Datenbank der eidgenössischen Volksabstimmungen. Abgerufen am 8.9.2025 von www.swissvotes.ch
source_comment: "
443,1,2,682,,,"page_number_string: 
notes: 
source_full_citation: Swissvotes. (2025). Swissvotes – die Datenbank der eidgenössischen Volksabstimmungen. Abgerufen am 8.9.2025 von www.swissvotes.ch
source_comment: "
444,1,2,683,,,"page_number_string: 
notes: 
source_full_citation: Swissvotes. (2025). Swissvotes – die Datenbank der eidgenössischen Volksabstimmungen. Abgerufen am 8.9.2025 von www.swissvotes.ch
source_comment: "
445,1,2,684,,,"page_number_string: 
notes: 
source_full_citation: Swissvotes. (2025). Swissvotes – die Datenbank der eidgenössischen Volksabstimmungen. Abgerufen am 8.9.2025 von www.swissvotes.ch
source_comment: "
446,1,2,685,,,"page_number_string: 
notes: 
source_full_citation: Swissvotes. (2025). Swissvotes – die Datenbank der eidgenössischen Volksabstimmungen. Abgerufen am 8.9.2025 von www.swissvotes.ch
source_comment: "
447,1,2,686,,,"page_number_string: 
notes: 
source_full_citation: Swissvotes. (2025). Swissvotes – die Datenbank der eidgenössischen Volksabstimmungen. Abgerufen am 8.9.2025 von www.swissvotes.ch
source_comment: "
448,1,2,687,,,"page_number_string: 
notes: 
source_full_citation: Swissvotes. (2025). Swissvotes – die Datenbank der eidgenössischen Volksabstimmungen. Abgerufen am 8.9.2025 von www.swissvotes.ch
source_comment: "
449,1,2,688,,,"page_number_string: 
notes: 
source_full_citation: Swissvotes. (2025). Swissvotes – die Datenbank der eidgenössischen Volksabstimmungen. Abgerufen am 8.9.2025 von www.swissvotes.ch
source_comment: "
450,1,1,689,,,"page_number_string: 
notes: 
source_full_citation: Swissvotes. (2025). Swissvotes – die Datenbank der eidgenössischen Volksabstimmungen. Abgerufen am 8.9.2025 von www.swissvotes.ch
source_comment: "
451,1,2,690,,,"page_number_string: 
notes: 
source_full_citation: Swissvotes. (2025). Swissvotes – die Datenbank der eidgenössischen Volksabstimmungen. Abgerufen am 8.9.2025 von www.swissvotes.ch
source_comment: "
452,1,2,691,,,"page_number_string: 
notes: 
source_full_citation: Swissvotes. (2025). Swissvotes – die Datenbank der eidgenössischen Volksabstimmungen. Abgerufen am 8.9.2025 von www.swissvotes.ch
source_comment: "
453,1,2,692,,,"page_number_string: 
notes: 
source_full_citation: Swissvotes. (2025). Swissvotes – die Datenbank der eidgenössischen Volksabstimmungen. Abgerufen am 8.9.2025 von www.swissvotes.ch
source_comment: "
454,1,1,693,,,"page_number_string: 
notes: 
source_full_citation: Swissvotes. (2025). Swissvotes – die Datenbank der eidgenössischen Volksabstimmungen. Abgerufen am 8.9.2025 von www.swissvotes.ch
source_comment: "
455,1,2,694,,,"page_number_string: 
notes: 
source_full_citation: Swissvotes. (2025). Swissvotes – die Datenbank der eidgenössischen Volksabstimmungen. Abgerufen am 8.9.2025 von www.swissvotes.ch
source_comment: "
456,1,1,695,,,"page_number_string: 
notes: 
source_full_citation: Swissvotes. (2025). Swissvotes – die Datenbank der eidgenössischen Volksabstimmungen. Abgerufen am 8.9.2025 von www.swissvotes.ch
source_comment: "
457,1,1,696,,,"page_number_string: 
notes: 
source_full_citation: Swissvotes. (2025). Swissvotes – die Datenbank der eidgenössischen Volksabstimmungen. Abgerufen am 8.9.2025 von www.swissvotes.ch
source_comment: "
458,1,1,697,,,"page_number_string: 
notes: 
source_full_citation: Swissvotes. (2025). Swissvotes – die Datenbank der eidgenössischen Volksabstimmungen. Abgerufen am 8.9.2025 von www.swissvotes.ch
source_comment: "
459,1,1,698,,,"page_number_string: 
notes: 
source_full_citation: Swissvotes. (2025). Swissvotes – die Datenbank der eidgenössischen Volksabstimmungen. Abgerufen am 8.9.2025 von www.swissvotes.ch
source_comment: "
460,1,2,699,,,"page_number_string: 
notes: 
source_full_citation: Swissvotes. (2025). Swissvotes – die Datenbank der eidgenössischen Volksabstimmungen. Abgerufen am 8.9.2025 von www.swissvotes.ch
source_comment: "
461,1,2,700,,,"page_number_string: 
notes: 
source_full_citation: Swissvotes. (2025). Swissvotes – die Datenbank der eidgenössischen Volksabstimmungen. Abgerufen am 8.9.2025 von www.swissvotes.ch
source_comment: "
462,1,2,701,,,"page_number_string: 
notes: 
source_full_citation: Swissvotes. (2025). Swissvotes – die Datenbank der eidgenössischen Volksabstimmungen. Abgerufen am 8.9.2025 von www.swissvotes.ch
source_comment: "
463,1,1,702,,,"page_number_string: 
notes: 
source_full_citation: Swissvotes. (2025). Swissvotes – die Datenbank der eidgenössischen Volksabstimmungen. Abgerufen am 8.9.2025 von www.swissvotes.ch
source_comment: "
464,1,2,703,,,"page_number_string: 
notes: 
source_full_citation: Swissvotes. (2025). Swissvotes – die Datenbank der eidgenössischen Volksabstimmungen. Abgerufen am 8.9.2025 von www.swissvotes.ch
source_comment: "
465,1,2,704,,,"page_number_string: 
notes: 
source_full_citation: Swissvotes. (2025). Swissvotes – die Datenbank der eidgenössischen Volksabstimmungen. Abgerufen am 8.9.2025 von www.swissvotes.ch
source_comment: "
466,1,1,705,,,"page_number_string: 
notes: 
source_full_citation: Swissvotes. (2025). Swissvotes – die Datenbank der eidgenössischen Volksabstimmungen. Abgerufen am 8.9.2025 von www.swissvotes.ch
source_comment: "
467,1,2,706,,,"page_number_string: 
notes: 
source_full_citation: Swissvotes. (2025). Swissvotes – die Datenbank der eidgenössischen Volksabstimmungen. Abgerufen am 8.9.2025 von www.swissvotes.ch
source_comment: "
468,1,2,707,,,"page_number_string: 
notes: 
source_full_citation: Swissvotes. (2025). Swissvotes – die Datenbank der eidgenössischen Volksabstimmungen. Abgerufen am 8.9.2025 von www.swissvotes.ch
source_comment: "
469,1,1,708,,,"page_number_string: 
notes: 
source_full_citation: Swissvotes. (2025). Swissvotes – die Datenbank der eidgenössischen Volksabstimmungen. Abgerufen am 8.9.2025 von www.swissvotes.ch
source_comment: "
470,1,1,709,,,"page_number_string: 
notes: 
source_full_citation: Swissvotes. (2025). Swissvotes – die Datenbank der eidgenössischen Volksabstimmungen. Abgerufen am 8.9.2025 von www.swissvotes.ch
source_comment: "
471,1,1,710,,,"page_number_string: 
notes: 
source_full_citation: Swissvotes. (2025). Swissvotes – die Datenbank der eidgenössischen Volksabstimmungen. Abgerufen am 8.9.2025 von www.swissvotes.ch
source_comment: "
472,1,1,711,,,"page_number_string: 
notes: 
source_full_citation: Swissvotes. (2025). Swissvotes – die Datenbank der eidgenössischen Volksabstimmungen. Abgerufen am 8.9.2025 von www.swissvotes.ch
source_comment: "
473,1,1,712,,,"page_number_string: 
notes: 
source_full_citation: Swissvotes. (2025). Swissvotes – die Datenbank der eidgenössischen Volksabstimmungen. Abgerufen am 8.9.2025 von www.swissvotes.ch
source_comment: "
474,1,2,713,,,"page_number_string: 
notes: 
source_full_citation: Swissvotes. (2025). Swissvotes – die Datenbank der eidgenössischen Volksabstimmungen. Abgerufen am 8.9.2025 von www.swissvotes.ch
source_comment: "
475,1,2,716,,,"page_number_string: 
notes: 
source_full_citation: Swissvotes. (2025). Swissvotes – die Datenbank der eidgenössischen Volksabstimmungen. Abgerufen am 8.9.2025 von www.swissvotes.ch
source_comment: "
476,1,2,717,,,"page_number_string: 
notes: 
source_full_citation: Swissvotes. (2025). Swissvotes – die Datenbank der eidgenössischen Volksabstimmungen. Abgerufen am 8.9.2025 von www.swissvotes.ch
source_comment: "
477,11,2,142,,,"page_number_string: 
notes: 
source_full_citation: Swissvotes. (2025). Swissvotes – die Datenbank der eidgenössischen Volksabstimmungen. Abgerufen am 8.9.2025 von www.swissvotes.ch
source_comment: "
478,11,1,143,,,"page_number_string: 
notes: 
source_full_citation: Swissvotes. (2025). Swissvotes – die Datenbank der eidgenössischen Volksabstimmungen. Abgerufen am 8.9.2025 von www.swissvotes.ch
source_comment: "
479,11,2,144,,,"page_number_string: 
notes: 
source_full_citation: Swissvotes. (2025). Swissvotes – die Datenbank der eidgenössischen Volksabstimmungen. Abgerufen am 8.9.2025 von www.swissvotes.ch
source_comment: "
480,11,2,145,,,"page_number_string: 
notes: 
source_full_citation: Swissvotes. (2025). Swissvotes – die Datenbank der eidgenössischen Volksabstimmungen. Abgerufen am 8.9.2025 von www.swissvotes.ch
source_comment: "
481,11,1,146,,,"page_number_string: 
notes: 
source_full_citation: Swissvotes. (2025). Swissvotes – die Datenbank der eidgenössischen Volksabstimmungen. Abgerufen am 8.9.2025 von www.swissvotes.ch
source_comment: "
482,11,1,147,,,"page_number_string: 
notes: 
source_full_citation: Swissvotes. (2025). Swissvotes – die Datenbank der eidgenössischen Volksabstimmungen. Abgerufen am 8.9.2025 von www.swissvotes.ch
source_comment: "
483,11,1,148,,,"page_number_string: 
notes: 
source_full_citation: Swissvotes. (2025). Swissvotes – die Datenbank der eidgenössischen Volksabstimmungen. Abgerufen am 8.9.2025 von www.swissvotes.ch
source_comment: "
484,11,2,149,,,"page_number_string: 
notes: 
source_full_citation: Swissvotes. (2025). Swissvotes – die Datenbank der eidgenössischen Volksabstimmungen. Abgerufen am 8.9.2025 von www.swissvotes.ch
source_comment: "
485,11,1,150,,,"page_number_string: 
notes: 
source_full_citation: Swissvotes. (2025). Swissvotes – die Datenbank der eidgenössischen Volksabstimmungen. Abgerufen am 8.9.2025 von www.swissvotes.ch
source_comment: "
486,11,1,151,,,"page_number_string: 
notes: 
source_full_citation: Swissvotes. (2025). Swissvotes – die Datenbank der eidgenössischen Volksabstimmungen. Abgerufen am 8.9.2025 von www.swissvotes.ch
source_comment: "
487,11,1,152,,,"page_number_string: 
notes: 
source_full_citation: Swissvotes. (2025). Swissvotes – die Datenbank der eidgenössischen Volksabstimmungen. Abgerufen am 8.9.2025 von www.swissvotes.ch
source_comment: "
488,11,1,153,,,"page_number_string: 
notes: 
source_full_citation: Swissvotes. (2025). Swissvotes – die Datenbank der eidgenössischen Volksabstimmungen. Abgerufen am 8.9.2025 von www.swissvotes.ch
source_comment: "
489,11,2,154,,,"page_number_string: 
notes: 
source_full_citation: Swissvotes. (2025). Swissvotes – die Datenbank der eidgenössischen Volksabstimmungen. Abgerufen am 8.9.2025 von www.swissvotes.ch
source_comment: "
490,11,2,155,,,"page_number_string: 
notes: 
source_full_citation: Swissvotes. (2025). Swissvotes – die Datenbank der eidgenössischen Volksabstimmungen. Abgerufen am 8.9.2025 von www.swissvotes.ch
source_comment: "
491,11,2,156,,,"page_number_string: 
notes: 
source_full_citation: Swissvotes. (2025). Swissvotes – die Datenbank der eidgenössischen Volksabstimmungen. Abgerufen am 8.9.2025 von www.swissvotes.ch
source_comment: "
492,11,1,157,,,"page_number_string: 
notes: 
source_full_citation: Swissvotes. (2025). Swissvotes – die Datenbank der eidgenössischen Volksabstimmungen. Abgerufen am 8.9.2025 von www.swissvotes.ch
source_comment: "
493,11,1,158,,,"page_number_string: 
notes: 
source_full_citation: Swissvotes. (2025). Swissvotes – die Datenbank der eidgenössischen Volksabstimmungen. Abgerufen am 8.9.2025 von www.swissvotes.ch
source_comment: "
494,11,1,159,,,"page_number_string: 
notes: 
source_full_citation: Swissvotes. (2025). Swissvotes – die Datenbank der eidgenössischen Volksabstimmungen. Abgerufen am 8.9.2025 von www.swissvotes.ch
source_comment: "
495,11,5,160,,,"page_number_string: 
notes: 
source_full_citation: Swissvotes. (2025). Swissvotes – die Datenbank der eidgenössischen Volksabstimmungen. Abgerufen am 8.9.2025 von www.swissvotes.ch
source_comment: "
496,11,2,161,,,"page_number_string: 
notes: 
source_full_citation: Swissvotes. (2025). Swissvotes – die Datenbank der eidgenössischen Volksabstimmungen. Abgerufen am 8.9.2025 von www.swissvotes.ch
source_comment: "
497,11,2,162,,,"page_number_string: 
notes: 
source_full_citation: Swissvotes. (2025). Swissvotes – die Datenbank der eidgenössischen Volksabstimmungen. Abgerufen am 8.9.2025 von www.swissvotes.ch
source_comment: "
498,11,1,163,,,"page_number_string: 
notes: 
source_full_citation: Swissvotes. (2025). Swissvotes – die Datenbank der eidgenössischen Volksabstimmungen. Abgerufen am 8.9.2025 von www.swissvotes.ch
source_comment: "
499,11,1,164,,,"page_number_string: 
notes: 
source_full_citation: Swissvotes. (2025). Swissvotes – die Datenbank der eidgenössischen Volksabstimmungen. Abgerufen am 8.9.2025 von www.swissvotes.ch
source_comment: "
500,11,1,165,,,"page_number_string: 
notes: 
source_full_citation: Swissvotes. (2025). Swissvotes – die Datenbank der eidgenössischen Volksabstimmungen. Abgerufen am 8.9.2025 von www.swissvotes.ch
source_comment: "
501,11,1,166,,,"page_number_string: 
notes: 
source_full_citation: Swissvotes. (2025). Swissvotes – die Datenbank der eidgenössischen Volksabstimmungen. Abgerufen am 8.9.2025 von www.swissvotes.ch
source_comment: "
502,11,9,167,,,"page_number_string: 
notes: 
source_full_citation: Swissvotes. (2025). Swissvotes – die Datenbank der eidgenössischen Volksabstimmungen. Abgerufen am 8.9.2025 von www.swissvotes.ch
source_comment: "
503,11,2,168,,,"page_number_string: 
notes: 
source_full_citation: Swissvotes. (2025). Swissvotes – die Datenbank der eidgenössischen Volksabstimmungen. Abgerufen am 8.9.2025 von www.swissvotes.ch
source_comment: "
504,11,1,169,,,"page_number_string: 
notes: 
source_full_citation: Swissvotes. (2025). Swissvotes – die Datenbank der eidgenössischen Volksabstimmungen. Abgerufen am 8.9.2025 von www.swissvotes.ch
source_comment: "
505,11,1,170,,,"page_number_string: 
notes: 
source_full_citation: Swissvotes. (2025). Swissvotes – die Datenbank der eidgenössischen Volksabstimmungen. Abgerufen am 8.9.2025 von www.swissvotes.ch
source_comment: "
506,11,1,171,,,"page_number_string: 
notes: 
source_full_citation: Swissvotes. (2025). Swissvotes – die Datenbank der eidgenössischen Volksabstimmungen. Abgerufen am 8.9.2025 von www.swissvotes.ch
source_comment: "
507,11,2,172,,,"page_number_string: 
notes: 
source_full_citation: Swissvotes. (2025). Swissvotes – die Datenbank der eidgenössischen Volksabstimmungen. Abgerufen am 8.9.2025 von www.swissvotes.ch
source_comment: "
508,11,1,173,,,"page_number_string: 
notes: 
source_full_citation: Swissvotes. (2025). Swissvotes – die Datenbank der eidgenössischen Volksabstimmungen. Abgerufen am 8.9.2025 von www.swissvotes.ch
source_comment: "
509,11,1,174,,,"page_number_string: 
notes: 
source_full_citation: Swissvotes. (2025). Swissvotes – die Datenbank der eidgenössischen Volksabstimmungen. Abgerufen am 8.9.2025 von www.swissvotes.ch
source_comment: "
510,11,1,175,,,"page_number_string: 
notes: 
source_full_citation: Swissvotes. (2025). Swissvotes – die Datenbank der eidgenössischen Volksabstimmungen. Abgerufen am 8.9.2025 von www.swissvotes.ch
source_comment: "
511,11,2,176,,,"page_number_string: 
notes: 
source_full_citation: Swissvotes. (2025). Swissvotes – die Datenbank der eidgenössischen Volksabstimmungen. Abgerufen am 8.9.2025 von www.swissvotes.ch
source_comment: "
512,11,8,177,,,"page_number_string: 
notes: 
source_full_citation: Swissvotes. (2025). Swissvotes – die Datenbank der eidgenössischen Volksabstimmungen. Abgerufen am 8.9.2025 von www.swissvotes.ch
source_comment: "
513,11,9,178,,,"page_number_string: 
notes: 
source_full_citation: Swissvotes. (2025). Swissvotes – die Datenbank der eidgenössischen Volksabstimmungen. Abgerufen am 8.9.2025 von www.swissvotes.ch
source_comment: "
514,11,1,179,,,"page_number_string: 
notes: 
source_full_citation: Swissvotes. (2025). Swissvotes – die Datenbank der eidgenössischen Volksabstimmungen. Abgerufen am 8.9.2025 von www.swissvotes.ch
source_comment: "
515,11,1,180,,,"page_number_string: 
notes: 
source_full_citation: Swissvotes. (2025). Swissvotes – die Datenbank der eidgenössischen Volksabstimmungen. Abgerufen am 8.9.2025 von www.swissvotes.ch
source_comment: "
516,11,2,181,,,"page_number_string: 
notes: 
source_full_citation: Swissvotes. (2025). Swissvotes – die Datenbank der eidgenössischen Volksabstimmungen. Abgerufen am 8.9.2025 von www.swissvotes.ch
source_comment: "
517,11,2,182,,,"page_number_string: 
notes: 
source_full_citation: Swissvotes. (2025). Swissvotes – die Datenbank der eidgenössischen Volksabstimmungen. Abgerufen am 8.9.2025 von www.swissvotes.ch
source_comment: "
518,11,1,183,,,"page_number_string: 
notes: 
source_full_citation: Swissvotes. (2025). Swissvotes – die Datenbank der eidgenössischen Volksabstimmungen. Abgerufen am 8.9.2025 von www.swissvotes.ch
source_comment: "
519,11,1,184,,,"page_number_string: 
notes: 
source_full_citation: Swissvotes. (2025). Swissvotes – die Datenbank der eidgenössischen Volksabstimmungen. Abgerufen am 8.9.2025 von www.swissvotes.ch
source_comment: "
520,11,1,185,,,"page_number_string: 
notes: 
source_full_citation: Swissvotes. (2025). Swissvotes – die Datenbank der eidgenössischen Volksabstimmungen. Abgerufen am 8.9.2025 von www.swissvotes.ch
source_comment: "
521,11,1,186,,,"page_number_string: 
notes: 
source_full_citation: Swissvotes. (2025). Swissvotes – die Datenbank der eidgenössischen Volksabstimmungen. Abgerufen am 8.9.2025 von www.swissvotes.ch
source_comment: "
522,11,1,187,,,"page_number_string: 
notes: 
source_full_citation: Swissvotes. (2025). Swissvotes – die Datenbank der eidgenössischen Volksabstimmungen. Abgerufen am 8.9.2025 von www.swissvotes.ch
source_comment: "
523,11,1,188,,,"page_number_string: 
notes: 
source_full_citation: Swissvotes. (2025). Swissvotes – die Datenbank der eidgenössischen Volksabstimmungen. Abgerufen am 8.9.2025 von www.swissvotes.ch
source_comment: "
524,11,1,189,,,"page_number_string: 
notes: 
source_full_citation: Swissvotes. (2025). Swissvotes – die Datenbank der eidgenössischen Volksabstimmungen. Abgerufen am 8.9.2025 von www.swissvotes.ch
source_comment: "
525,11,1,190,,,"page_number_string: 
notes: 
source_full_citation: Swissvotes. (2025). Swissvotes – die Datenbank der eidgenössischen Volksabstimmungen. Abgerufen am 8.9.2025 von www.swissvotes.ch
source_comment: "
526,11,1,191,,,"page_number_string: 
notes: 
source_full_citation: Swissvotes. (2025). Swissvotes – die Datenbank der eidgenössischen Volksabstimmungen. Abgerufen am 8.9.2025 von www.swissvotes.ch
source_comment: "
527,11,1,192,,,"page_number_string: 
notes: 
source_full_citation: Swissvotes. (2025). Swissvotes – die Datenbank der eidgenössischen Volksabstimmungen. Abgerufen am 8.9.2025 von www.swissvotes.ch
source_comment: "
528,11,1,193,,,"page_number_string: 
notes: 
source_full_citation: Swissvotes. (2025). Swissvotes – die Datenbank der eidgenössischen Volksabstimmungen. Abgerufen am 8.9.2025 von www.swissvotes.ch
source_comment: "
529,11,2,194,,,"page_number_string: 
notes: 
source_full_citation: Swissvotes. (2025). Swissvotes – die Datenbank der eidgenössischen Volksabstimmungen. Abgerufen am 8.9.2025 von www.swissvotes.ch
source_comment: "
530,11,2,195,,,"page_number_string: 
notes: 
source_full_citation: Swissvotes. (2025). Swissvotes – die Datenbank der eidgenössischen Volksabstimmungen. Abgerufen am 8.9.2025 von www.swissvotes.ch
source_comment: "
531,11,8,196,,,"page_number_string: 
notes: 
source_full_citation: Swissvotes. (2025). Swissvotes – die Datenbank der eidgenössischen Volksabstimmungen. Abgerufen am 8.9.2025 von www.swissvotes.ch
source_comment: "
532,11,1,197,,,"page_number_string: 
notes: 
source_full_citation: Swissvotes. (2025). Swissvotes – die Datenbank der eidgenössischen Volksabstimmungen. Abgerufen am 8.9.2025 von www.swissvotes.ch
source_comment: "
533,11,2,198,,,"page_number_string: 
notes: 
source_full_citation: Swissvotes. (2025). Swissvotes – die Datenbank der eidgenössischen Volksabstimmungen. Abgerufen am 8.9.2025 von www.swissvotes.ch
source_comment: "
534,11,1,199,,,"page_number_string: 
notes: 
source_full_citation: Swissvotes. (2025). Swissvotes – die Datenbank der eidgenössischen Volksabstimmungen. Abgerufen am 8.9.2025 von www.swissvotes.ch
source_comment: "
535,11,1,200,,,"page_number_string: 
notes: 
source_full_citation: Swissvotes. (2025). Swissvotes – die Datenbank der eidgenössischen Volksabstimmungen. Abgerufen am 8.9.2025 von www.swissvotes.ch
source_comment: "
536,11,5,201,,,"page_number_string: 
notes: 
source_full_citation: Swissvotes. (2025). Swissvotes – die Datenbank der eidgenössischen Volksabstimmungen. Abgerufen am 8.9.2025 von www.swissvotes.ch
source_comment: "
537,11,1,202,,,"page_number_string: 
notes: 
source_full_citation: Swissvotes. (2025). Swissvotes – die Datenbank der eidgenössischen Volksabstimmungen. Abgerufen am 8.9.2025 von www.swissvotes.ch
source_comment: "
538,11,1,203,,,"page_number_string: 
notes: 
source_full_citation: Swissvotes. (2025). Swissvotes – die Datenbank der eidgenössischen Volksabstimmungen. Abgerufen am 8.9.2025 von www.swissvotes.ch
source_comment: "
539,11,1,204,,,"page_number_string: 
notes: 
source_full_citation: Swissvotes. (2025). Swissvotes – die Datenbank der eidgenössischen Volksabstimmungen. Abgerufen am 8.9.2025 von www.swissvotes.ch
source_comment: "
540,11,1,205,,,"page_number_string: 
notes: 
source_full_citation: Swissvotes. (2025). Swissvotes – die Datenbank der eidgenössischen Volksabstimmungen. Abgerufen am 8.9.2025 von www.swissvotes.ch
source_comment: "
541,11,2,206,,,"page_number_string: 
notes: 
source_full_citation: Swissvotes. (2025). Swissvotes – die Datenbank der eidgenössischen Volksabstimmungen. Abgerufen am 8.9.2025 von www.swissvotes.ch
source_comment: "
542,11,1,207,,,"page_number_string: 
notes: 
source_full_citation: Swissvotes. (2025). Swissvotes – die Datenbank der eidgenössischen Volksabstimmungen. Abgerufen am 8.9.2025 von www.swissvotes.ch
source_comment: "
543,11,1,208,,,"page_number_string: 
notes: 
source_full_citation: Swissvotes. (2025). Swissvotes – die Datenbank der eidgenössischen Volksabstimmungen. Abgerufen am 8.9.2025 von www.swissvotes.ch
source_comment: "
544,11,1,209,,,"page_number_string: 
notes: 
source_full_citation: Swissvotes. (2025). Swissvotes – die Datenbank der eidgenössischen Volksabstimmungen. Abgerufen am 8.9.2025 von www.swissvotes.ch
source_comment: "
545,11,2,210,,,"page_number_string: 
notes: 
source_full_citation: Swissvotes. (2025). Swissvotes – die Datenbank der eidgenössischen Volksabstimmungen. Abgerufen am 8.9.2025 von www.swissvotes.ch
source_comment: "
546,11,1,211,,,"page_number_string: 
notes: 
source_full_citation: Swissvotes. (2025). Swissvotes – die Datenbank der eidgenössischen Volksabstimmungen. Abgerufen am 8.9.2025 von www.swissvotes.ch
source_comment: "
547,11,1,212,,,"page_number_string: 
notes: 
source_full_citation: Swissvotes. (2025). Swissvotes – die Datenbank der eidgenössischen Volksabstimmungen. Abgerufen am 8.9.2025 von www.swissvotes.ch
source_comment: "
548,11,2,213,,,"page_number_string: 
notes: 
source_full_citation: Swissvotes. (2025). Swissvotes – die Datenbank der eidgenössischen Volksabstimmungen. Abgerufen am 8.9.2025 von www.swissvotes.ch
source_comment: "
549,11,1,214,,,"page_number_string: 
notes: 
source_full_citation: Swissvotes. (2025). Swissvotes – die Datenbank der eidgenössischen Volksabstimmungen. Abgerufen am 8.9.2025 von www.swissvotes.ch
source_comment: "
550,11,1,215,,,"page_number_string: 
notes: 
source_full_citation: Swissvotes. (2025). Swissvotes – die Datenbank der eidgenössischen Volksabstimmungen. Abgerufen am 8.9.2025 von www.swissvotes.ch
source_comment: "
551,11,1,216,,,"page_number_string: 
notes: 
source_full_citation: Swissvotes. (2025). Swissvotes – die Datenbank der eidgenössischen Volksabstimmungen. Abgerufen am 8.9.2025 von www.swissvotes.ch
source_comment: "
552,11,1,217,,,"page_number_string: 
notes: 
source_full_citation: Swissvotes. (2025). Swissvotes – die Datenbank der eidgenössischen Volksabstimmungen. Abgerufen am 8.9.2025 von www.swissvotes.ch
source_comment: "
553,11,1,218,,,"page_number_string: 
notes: 
source_full_citation: Swissvotes. (2025). Swissvotes – die Datenbank der eidgenössischen Volksabstimmungen. Abgerufen am 8.9.2025 von www.swissvotes.ch
source_comment: "
554,11,2,219,,,"page_number_string: 
notes: 
source_full_citation: Swissvotes. (2025). Swissvotes – die Datenbank der eidgenössischen Volksabstimmungen. Abgerufen am 8.9.2025 von www.swissvotes.ch
source_comment: "
555,11,1,220,,,"page_number_string: 
notes: 
source_full_citation: Swissvotes. (2025). Swissvotes – die Datenbank der eidgenössischen Volksabstimmungen. Abgerufen am 8.9.2025 von www.swissvotes.ch
source_comment: "
556,11,2,221,,,"page_number_string: 
notes: 
source_full_citation: Swissvotes. (2025). Swissvotes – die Datenbank der eidgenössischen Volksabstimmungen. Abgerufen am 8.9.2025 von www.swissvotes.ch
source_comment: "
557,11,1,222,,,"page_number_string: 
notes: 
source_full_citation: Swissvotes. (2025). Swissvotes – die Datenbank der eidgenössischen Volksabstimmungen. Abgerufen am 8.9.2025 von www.swissvotes.ch
source_comment: "
558,11,9,223,,,"page_number_string: 
notes: 
source_full_citation: Swissvotes. (2025). Swissvotes – die Datenbank der eidgenössischen Volksabstimmungen. Abgerufen am 8.9.2025 von www.swissvotes.ch
source_comment: "
559,11,1,224,,,"page_number_string: 
notes: 
source_full_citation: Swissvotes. (2025). Swissvotes – die Datenbank der eidgenössischen Volksabstimmungen. Abgerufen am 8.9.2025 von www.swissvotes.ch
source_comment: "
560,11,2,225,,,"page_number_string: 
notes: 
source_full_citation: Swissvotes. (2025). Swissvotes – die Datenbank der eidgenössischen Volksabstimmungen. Abgerufen am 8.9.2025 von www.swissvotes.ch
source_comment: "
561,11,1,226,,,"page_number_string: 
notes: 
source_full_citation: Swissvotes. (2025). Swissvotes – die Datenbank der eidgenössischen Volksabstimmungen. Abgerufen am 8.9.2025 von www.swissvotes.ch
source_comment: "
562,11,1,227,,,"page_number_string: 
notes: 
source_full_citation: Swissvotes. (2025). Swissvotes – die Datenbank der eidgenössischen Volksabstimmungen. Abgerufen am 8.9.2025 von www.swissvotes.ch
source_comment: "
563,11,1,228,,,"page_number_string: 
notes: 
source_full_citation: Swissvotes. (2025). Swissvotes – die Datenbank der eidgenössischen Volksabstimmungen. Abgerufen am 8.9.2025 von www.swissvotes.ch
source_comment: "
564,11,1,229,,,"page_number_string: 
notes: 
source_full_citation: Swissvotes. (2025). Swissvotes – die Datenbank der eidgenössischen Volksabstimmungen. Abgerufen am 8.9.2025 von www.swissvotes.ch
source_comment: "
565,11,1,230,,,"page_number_string: 
notes: 
source_full_citation: Swissvotes. (2025). Swissvotes – die Datenbank der eidgenössischen Volksabstimmungen. Abgerufen am 8.9.2025 von www.swissvotes.ch
source_comment: "
566,11,1,231,,,"page_number_string: 
notes: 
source_full_citation: Swissvotes. (2025). Swissvotes – die Datenbank der eidgenössischen Volksabstimmungen. Abgerufen am 8.9.2025 von www.swissvotes.ch
source_comment: "
567,11,1,232,,,"page_number_string: 
notes: 
source_full_citation: Swissvotes. (2025). Swissvotes – die Datenbank der eidgenössischen Volksabstimmungen. Abgerufen am 8.9.2025 von www.swissvotes.ch
source_comment: "
568,11,1,233,,,"page_number_string: 
notes: 
source_full_citation: Swissvotes. (2025). Swissvotes – die Datenbank der eidgenössischen Volksabstimmungen. Abgerufen am 8.9.2025 von www.swissvotes.ch
source_comment: "
569,11,1,234,,,"page_number_string: 
notes: 
source_full_citation: Swissvotes. (2025). Swissvotes – die Datenbank der eidgenössischen Volksabstimmungen. Abgerufen am 8.9.2025 von www.swissvotes.ch
source_comment: "
570,11,2,235,,,"page_number_string: 
notes: 
source_full_citation: Swissvotes. (2025). Swissvotes – die Datenbank der eidgenössischen Volksabstimmungen. Abgerufen am 8.9.2025 von www.swissvotes.ch
source_comment: "
571,11,2,236,,,"page_number_string: 
notes: 
source_full_citation: Swissvotes. (2025). Swissvotes – die Datenbank der eidgenössischen Volksabstimmungen. Abgerufen am 8.9.2025 von www.swissvotes.ch
source_comment: "
572,11,1,237,,,"page_number_string: 
notes: 
source_full_citation: Swissvotes. (2025). Swissvotes – die Datenbank der eidgenössischen Volksabstimmungen. Abgerufen am 8.9.2025 von www.swissvotes.ch
source_comment: "
573,11,1,238,,,"page_number_string: 
notes: 
source_full_citation: Swissvotes. (2025). Swissvotes – die Datenbank der eidgenössischen Volksabstimmungen. Abgerufen am 8.9.2025 von www.swissvotes.ch
source_comment: "
574,11,9,239,,,"page_number_string: 
notes: 
source_full_citation: Swissvotes. (2025). Swissvotes – die Datenbank der eidgenössischen Volksabstimmungen. Abgerufen am 8.9.2025 von www.swissvotes.ch
source_comment: "
575,11,1,240,,,"page_number_string: 
notes: 
source_full_citation: Swissvotes. (2025). Swissvotes – die Datenbank der eidgenössischen Volksabstimmungen. Abgerufen am 8.9.2025 von www.swissvotes.ch
source_comment: "
576,11,1,241,,,"page_number_string: 
notes: 
source_full_citation: Swissvotes. (2025). Swissvotes – die Datenbank der eidgenössischen Volksabstimmungen. Abgerufen am 8.9.2025 von www.swissvotes.ch
source_comment: "
577,11,2,242,,,"page_number_string: 
notes: 
source_full_citation: Swissvotes. (2025). Swissvotes – die Datenbank der eidgenössischen Volksabstimmungen. Abgerufen am 8.9.2025 von www.swissvotes.ch
source_comment: "
578,11,1,243,,,"page_number_string: 
notes: 
source_full_citation: Swissvotes. (2025). Swissvotes – die Datenbank der eidgenössischen Volksabstimmungen. Abgerufen am 8.9.2025 von www.swissvotes.ch
source_comment: "
579,11,2,244,,,"page_number_string: 
notes: 
source_full_citation: Swissvotes. (2025). Swissvotes – die Datenbank der eidgenössischen Volksabstimmungen. Abgerufen am 8.9.2025 von www.swissvotes.ch
source_comment: "
580,11,1,245,,,"page_number_string: 
notes: 
source_full_citation: Swissvotes. (2025). Swissvotes – die Datenbank der eidgenössischen Volksabstimmungen. Abgerufen am 8.9.2025 von www.swissvotes.ch
source_comment: "
581,11,1,246,,,"page_number_string: 
notes: 
source_full_citation: Swissvotes. (2025). Swissvotes – die Datenbank der eidgenössischen Volksabstimmungen. Abgerufen am 8.9.2025 von www.swissvotes.ch
source_comment: "
582,11,1,247,,,"page_number_string: 
notes: 
source_full_citation: Swissvotes. (2025). Swissvotes – die Datenbank der eidgenössischen Volksabstimmungen. Abgerufen am 8.9.2025 von www.swissvotes.ch
source_comment: "
583,11,1,248,,,"page_number_string: 
notes: 
source_full_citation: Swissvotes. (2025). Swissvotes – die Datenbank der eidgenössischen Volksabstimmungen. Abgerufen am 8.9.2025 von www.swissvotes.ch
source_comment: "
584,4,2,674,,,"page_number_string: 
notes: 
source_full_citation: Swissvotes. (2025). Swissvotes – die Datenbank der eidgenössischen Volksabstimmungen. Abgerufen am 8.9.2025 von www.swissvotes.ch
source_comment: "
585,4,1,675,,,"page_number_string: 
notes: 
source_full_citation: Swissvotes. (2025). Swissvotes – die Datenbank der eidgenössischen Volksabstimmungen. Abgerufen am 8.9.2025 von www.swissvotes.ch
source_comment: "
586,4,1,676,,,"page_number_string: 
notes: 
source_full_citation: Swissvotes. (2025). Swissvotes – die Datenbank der eidgenössischen Volksabstimmungen. Abgerufen am 8.9.2025 von www.swissvotes.ch
source_comment: "
587,4,2,677,,,"page_number_string: 
notes: 
source_full_citation: Swissvotes. (2025). Swissvotes – die Datenbank der eidgenössischen Volksabstimmungen. Abgerufen am 8.9.2025 von www.swissvotes.ch
source_comment: "
588,4,2,678,,,"page_number_string: 
notes: 
source_full_citation: Swissvotes. (2025). Swissvotes – die Datenbank der eidgenössischen Volksabstimmungen. Abgerufen am 8.9.2025 von www.swissvotes.ch
source_comment: "
589,4,1,679,,,"page_number_string: 
notes: 
source_full_citation: Swissvotes. (2025). Swissvotes – die Datenbank der eidgenössischen Volksabstimmungen. Abgerufen am 8.9.2025 von www.swissvotes.ch
source_comment: "
590,4,1,680,,,"page_number_string: 
notes: 
source_full_citation: Swissvotes. (2025). Swissvotes – die Datenbank der eidgenössischen Volksabstimmungen. Abgerufen am 8.9.2025 von www.swissvotes.ch
source_comment: "
591,4,1,681,,,"page_number_string: 
notes: 
source_full_citation: Swissvotes. (2025). Swissvotes – die Datenbank der eidgenössischen Volksabstimmungen. Abgerufen am 8.9.2025 von www.swissvotes.ch
source_comment: "
592,4,2,682,,,"page_number_string: 
notes: 
source_full_citation: Swissvotes. (2025). Swissvotes – die Datenbank der eidgenössischen Volksabstimmungen. Abgerufen am 8.9.2025 von www.swissvotes.ch
source_comment: "
593,4,1,683,,,"page_number_string: 
notes: 
source_full_citation: Swissvotes. (2025). Swissvotes – die Datenbank der eidgenössischen Volksabstimmungen. Abgerufen am 8.9.2025 von www.swissvotes.ch
source_comment: "
594,4,5,684,,,"page_number_string: 
notes: 
source_full_citation: Swissvotes. (2025). Swissvotes – die Datenbank der eidgenössischen Volksabstimmungen. Abgerufen am 8.9.2025 von www.swissvotes.ch
source_comment: "
595,4,2,685,,,"page_number_string: 
notes: 
source_full_citation: Swissvotes. (2025). Swissvotes – die Datenbank der eidgenössischen Volksabstimmungen. Abgerufen am 8.9.2025 von www.swissvotes.ch
source_comment: "
596,4,1,686,,,"page_number_string: 
notes: 
source_full_citation: Swissvotes. (2025). Swissvotes – die Datenbank der eidgenössischen Volksabstimmungen. Abgerufen am 8.9.2025 von www.swissvotes.ch
source_comment: "
597,4,2,687,,,"page_number_string: 
notes: 
source_full_citation: Swissvotes. (2025). Swissvotes – die Datenbank der eidgenössischen Volksabstimmungen. Abgerufen am 8.9.2025 von www.swissvotes.ch
source_comment: "
598,4,2,688,,,"page_number_string: 
notes: 
source_full_citation: Swissvotes. (2025). Swissvotes – die Datenbank der eidgenössischen Volksabstimmungen. Abgerufen am 8.9.2025 von www.swissvotes.ch
source_comment: "
599,4,1,689,,,"page_number_string: 
notes: 
source_full_citation: Swissvotes. (2025). Swissvotes – die Datenbank der eidgenössischen Volksabstimmungen. Abgerufen am 8.9.2025 von www.swissvotes.ch
source_comment: "
600,4,1,690,,,"page_number_string: 
notes: 
source_full_citation: Swissvotes. (2025). Swissvotes – die Datenbank der eidgenössischen Volksabstimmungen. Abgerufen am 8.9.2025 von www.swissvotes.ch
source_comment: "
601,4,1,691,,,"page_number_string: 
notes: 
source_full_citation: Swissvotes. (2025). Swissvotes – die Datenbank der eidgenössischen Volksabstimmungen. Abgerufen am 8.9.2025 von www.swissvotes.ch
source_comment: "
602,4,1,692,,,"page_number_string: 
notes: 
source_full_citation: Swissvotes. (2025). Swissvotes – die Datenbank der eidgenössischen Volksabstimmungen. Abgerufen am 8.9.2025 von www.swissvotes.ch
source_comment: "
603,4,1,693,,,"page_number_string: 
notes: 
source_full_citation: Swissvotes. (2025). Swissvotes – die Datenbank der eidgenössischen Volksabstimmungen. Abgerufen am 8.9.2025 von www.swissvotes.ch
source_comment: "
604,4,2,694,,,"page_number_string: 
notes: 
source_full_citation: Swissvotes. (2025). Swissvotes – die Datenbank der eidgenössischen Volksabstimmungen. Abgerufen am 8.9.2025 von www.swissvotes.ch
source_comment: "
605,4,1,695,,,"page_number_string: 
notes: 
source_full_citation: Swissvotes. (2025). Swissvotes – die Datenbank der eidgenössischen Volksabstimmungen. Abgerufen am 8.9.2025 von www.swissvotes.ch
source_comment: "
606,4,1,696,,,"page_number_string: 
notes: 
source_full_citation: Swissvotes. (2025). Swissvotes – die Datenbank der eidgenössischen Volksabstimmungen. Abgerufen am 8.9.2025 von www.swissvotes.ch
source_comment: "
607,4,1,697,,,"page_number_string: 
notes: 
source_full_citation: Swissvotes. (2025). Swissvotes – die Datenbank der eidgenössischen Volksabstimmungen. Abgerufen am 8.9.2025 von www.swissvotes.ch
source_comment: "
608,4,1,698,,,"page_number_string: 
notes: 
source_full_citation: Swissvotes. (2025). Swissvotes – die Datenbank der eidgenössischen Volksabstimmungen. Abgerufen am 8.9.2025 von www.swissvotes.ch
source_comment: "
609,4,1,699,,,"page_number_string: 
notes: 
source_full_citation: Swissvotes. (2025). Swissvotes – die Datenbank der eidgenössischen Volksabstimmungen. Abgerufen am 8.9.2025 von www.swissvotes.ch
source_comment: "
610,4,1,700,,,"page_number_string: 
notes: 
source_full_citation: Swissvotes. (2025). Swissvotes – die Datenbank der eidgenössischen Volksabstimmungen. Abgerufen am 8.9.2025 von www.swissvotes.ch
source_comment: "
611,4,2,701,,,"page_number_string: 
notes: 
source_full_citation: Swissvotes. (2025). Swissvotes – die Datenbank der eidgenössischen Volksabstimmungen. Abgerufen am 8.9.2025 von www.swissvotes.ch
source_comment: "
612,4,2,702,,,"page_number_string: 
notes: 
source_full_citation: Swissvotes. (2025). Swissvotes – die Datenbank der eidgenössischen Volksabstimmungen. Abgerufen am 8.9.2025 von www.swissvotes.ch
source_comment: "
613,4,2,703,,,"page_number_string: 
notes: 
source_full_citation: Swissvotes. (2025). Swissvotes – die Datenbank der eidgenössischen Volksabstimmungen. Abgerufen am 8.9.2025 von www.swissvotes.ch
source_comment: "
614,4,1,704,,,"page_number_string: 
notes: 
source_full_citation: Swissvotes. (2025). Swissvotes – die Datenbank der eidgenössischen Volksabstimmungen. Abgerufen am 8.9.2025 von www.swissvotes.ch
source_comment: "
615,4,2,705,,,"page_number_string: 
notes: 
source_full_citation: Swissvotes. (2025). Swissvotes – die Datenbank der eidgenössischen Volksabstimmungen. Abgerufen am 8.9.2025 von www.swissvotes.ch
source_comment: "
616,4,1,706,,,"page_number_string: 
notes: 
source_full_citation: Swissvotes. (2025). Swissvotes – die Datenbank der eidgenössischen Volksabstimmungen. Abgerufen am 8.9.2025 von www.swissvotes.ch
source_comment: "
617,4,2,707,,,"page_number_string: 
notes: 
source_full_citation: Swissvotes. (2025). Swissvotes – die Datenbank der eidgenössischen Volksabstimmungen. Abgerufen am 8.9.2025 von www.swissvotes.ch
source_comment: "
618,4,1,708,,,"page_number_string: 
notes: 
source_full_citation: Swissvotes. (2025). Swissvotes – die Datenbank der eidgenössischen Volksabstimmungen. Abgerufen am 8.9.2025 von www.swissvotes.ch
source_comment: "
619,4,1,709,,,"page_number_string: 
notes: 
source_full_citation: Swissvotes. (2025). Swissvotes – die Datenbank der eidgenössischen Volksabstimmungen. Abgerufen am 8.9.2025 von www.swissvotes.ch
source_comment: "
620,4,1,710,,,"page_number_string: 
notes: 
source_full_citation: Swissvotes. (2025). Swissvotes – die Datenbank der eidgenössischen Volksabstimmungen. Abgerufen am 8.9.2025 von www.swissvotes.ch
source_comment: "
621,4,1,711,,,"page_number_string: 
notes: 
source_full_citation: Swissvotes. (2025). Swissvotes – die Datenbank der eidgenössischen Volksabstimmungen. Abgerufen am 8.9.2025 von www.swissvotes.ch
source_comment: "
622,4,1,712,,,"page_number_string: 
notes: 
source_full_citation: Swissvotes. (2025). Swissvotes – die Datenbank der eidgenössischen Volksabstimmungen. Abgerufen am 8.9.2025 von www.swissvotes.ch
source_comment: "
623,4,2,713,,,"page_number_string: 
notes: 
source_full_citation: Swissvotes. (2025). Swissvotes – die Datenbank der eidgenössischen Volksabstimmungen. Abgerufen am 8.9.2025 von www.swissvotes.ch
source_comment: "
624,4,1,714,,,"page_number_string: 
notes: 
source_full_citation: Swissvotes. (2025). Swissvotes – die Datenbank der eidgenössischen Volksabstimmungen. Abgerufen am 8.9.2025 von www.swissvotes.ch
source_comment: "
625,4,1,715,,,"page_number_string: 
notes: 
source_full_citation: Swissvotes. (2025). Swissvotes – die Datenbank der eidgenössischen Volksabstimmungen. Abgerufen am 8.9.2025 von www.swissvotes.ch
source_comment: "
626,4,2,716,,,"page_number_string: 
notes: 
source_full_citation: Swissvotes. (2025). Swissvotes – die Datenbank der eidgenössischen Volksabstimmungen. Abgerufen am 8.9.2025 von www.swissvotes.ch
source_comment: "
627,4,2,717,,,"page_number_string: 
notes: 
source_full_citation: Swissvotes. (2025). Swissvotes – die Datenbank der eidgenössischen Volksabstimmungen. Abgerufen am 8.9.2025 von www.swissvotes.ch
source_comment: "
628,2,8,50,,,"page_number_string: 
notes: 
source_full_citation: Swissvotes. (2025). Swissvotes – die Datenbank der eidgenössischen Volksabstimmungen. Abgerufen am 8.9.2025 von www.swissvotes.ch
source_comment: "
629,2,8,51,,,"page_number_string: 
notes: 
source_full_citation: Swissvotes. (2025). Swissvotes – die Datenbank der eidgenössischen Volksabstimmungen. Abgerufen am 8.9.2025 von www.swissvotes.ch
source_comment: "
630,2,9,52,,,"page_number_string: 
notes: 
source_full_citation: Swissvotes. (2025). Swissvotes – die Datenbank der eidgenössischen Volksabstimmungen. Abgerufen am 8.9.2025 von www.swissvotes.ch
source_comment: "
631,2,1,53,,,"page_number_string: 
notes: 
source_full_citation: Swissvotes. (2025). Swissvotes – die Datenbank der eidgenössischen Volksabstimmungen. Abgerufen am 8.9.2025 von www.swissvotes.ch
source_comment: "
632,2,1,54,,,"page_number_string: 
notes: 
source_full_citation: Swissvotes. (2025). Swissvotes – die Datenbank der eidgenössischen Volksabstimmungen. Abgerufen am 8.9.2025 von www.swissvotes.ch
source_comment: "
633,2,2,55,,,"page_number_string: 
notes: 
source_full_citation: Swissvotes. (2025). Swissvotes – die Datenbank der eidgenössischen Volksabstimmungen. Abgerufen am 8.9.2025 von www.swissvotes.ch
source_comment: "
634,2,2,56,,,"page_number_string: 
notes: 
source_full_citation: Swissvotes. (2025). Swissvotes – die Datenbank der eidgenössischen Volksabstimmungen. Abgerufen am 8.9.2025 von www.swissvotes.ch
source_comment: "
635,2,8,57,,,"page_number_string: 
notes: 
source_full_citation: Swissvotes. (2025). Swissvotes – die Datenbank der eidgenössischen Volksabstimmungen. Abgerufen am 8.9.2025 von www.swissvotes.ch
source_comment: "
636,2,1,58,,,"page_number_string: 
notes: 
source_full_citation: Swissvotes. (2025). Swissvotes – die Datenbank der eidgenössischen Volksabstimmungen. Abgerufen am 8.9.2025 von www.swissvotes.ch
source_comment: "
637,2,1,59,,,"page_number_string: 
notes: 
source_full_citation: Swissvotes. (2025). Swissvotes – die Datenbank der eidgenössischen Volksabstimmungen. Abgerufen am 8.9.2025 von www.swissvotes.ch
source_comment: "
638,2,8,60,,,"page_number_string: 
notes: 
source_full_citation: Swissvotes. (2025). Swissvotes – die Datenbank der eidgenössischen Volksabstimmungen. Abgerufen am 8.9.2025 von www.swissvotes.ch
source_comment: "
639,2,8,61,,,"page_number_string: 
notes: 
source_full_citation: Swissvotes. (2025). Swissvotes – die Datenbank der eidgenössischen Volksabstimmungen. Abgerufen am 8.9.2025 von www.swissvotes.ch
source_comment: "
640,2,1,62,,,"page_number_string: 
notes: 
source_full_citation: Swissvotes. (2025). Swissvotes – die Datenbank der eidgenössischen Volksabstimmungen. Abgerufen am 8.9.2025 von www.swissvotes.ch
source_comment: "
641,2,9,63,,,"page_number_string: 
notes: 
source_full_citation: Swissvotes. (2025). Swissvotes – die Datenbank der eidgenössischen Volksabstimmungen. Abgerufen am 8.9.2025 von www.swissvotes.ch
source_comment: "
642,2,9,64,,,"page_number_string: 
notes: 
source_full_citation: Swissvotes. (2025). Swissvotes – die Datenbank der eidgenössischen Volksabstimmungen. Abgerufen am 8.9.2025 von www.swissvotes.ch
source_comment: "
643,2,1,65,,,"page_number_string: 
notes: 
source_full_citation: Swissvotes. (2025). Swissvotes – die Datenbank der eidgenössischen Volksabstimmungen. Abgerufen am 8.9.2025 von www.swissvotes.ch
source_comment: "
644,2,9,66,,,"page_number_string: 
notes: 
source_full_citation: Swissvotes. (2025). Swissvotes – die Datenbank der eidgenössischen Volksabstimmungen. Abgerufen am 8.9.2025 von www.swissvotes.ch
source_comment: "
645,2,1,67,,,"page_number_string: 
notes: 
source_full_citation: Swissvotes. (2025). Swissvotes – die Datenbank der eidgenössischen Volksabstimmungen. Abgerufen am 8.9.2025 von www.swissvotes.ch
source_comment: "
646,2,1,68,,,"page_number_string: 
notes: 
source_full_citation: Swissvotes. (2025). Swissvotes – die Datenbank der eidgenössischen Volksabstimmungen. Abgerufen am 8.9.2025 von www.swissvotes.ch
source_comment: "
647,2,8,69,,,"page_number_string: 
notes: 
source_full_citation: Swissvotes. (2025). Swissvotes – die Datenbank der eidgenössischen Volksabstimmungen. Abgerufen am 8.9.2025 von www.swissvotes.ch
source_comment: "
648,2,1,70,,,"page_number_string: 
notes: 
source_full_citation: Swissvotes. (2025). Swissvotes – die Datenbank der eidgenössischen Volksabstimmungen. Abgerufen am 8.9.2025 von www.swissvotes.ch
source_comment: "
649,2,1,71,,,"page_number_string: 
notes: 
source_full_citation: Swissvotes. (2025). Swissvotes – die Datenbank der eidgenössischen Volksabstimmungen. Abgerufen am 8.9.2025 von www.swissvotes.ch
source_comment: "
650,2,1,72,,,"page_number_string: 
notes: 
source_full_citation: Swissvotes. (2025). Swissvotes – die Datenbank der eidgenössischen Volksabstimmungen. Abgerufen am 8.9.2025 von www.swissvotes.ch
source_comment: "
651,2,1,73,,,"page_number_string: 
notes: 
source_full_citation: Swissvotes. (2025). Swissvotes – die Datenbank der eidgenössischen Volksabstimmungen. Abgerufen am 8.9.2025 von www.swissvotes.ch
source_comment: "
652,2,1,74,,,"page_number_string: 
notes: 
source_full_citation: Swissvotes. (2025). Swissvotes – die Datenbank der eidgenössischen Volksabstimmungen. Abgerufen am 8.9.2025 von www.swissvotes.ch
source_comment: "
653,2,1,75,,,"page_number_string: 
notes: 
source_full_citation: Swissvotes. (2025). Swissvotes – die Datenbank der eidgenössischen Volksabstimmungen. Abgerufen am 8.9.2025 von www.swissvotes.ch
source_comment: "
654,2,1,76,,,"page_number_string: 
notes: 
source_full_citation: Swissvotes. (2025). Swissvotes – die Datenbank der eidgenössischen Volksabstimmungen. Abgerufen am 8.9.2025 von www.swissvotes.ch
source_comment: "
655,2,2,77,,,"page_number_string: 
notes: 
source_full_citation: Swissvotes. (2025). Swissvotes – die Datenbank der eidgenössischen Volksabstimmungen. Abgerufen am 8.9.2025 von www.swissvotes.ch
source_comment: "
656,2,2,78,,,"page_number_string: 
notes: 
source_full_citation: Swissvotes. (2025). Swissvotes – die Datenbank der eidgenössischen Volksabstimmungen. Abgerufen am 8.9.2025 von www.swissvotes.ch
source_comment: "
657,2,2,79,,,"page_number_string: 
notes: 
source_full_citation: Swissvotes. (2025). Swissvotes – die Datenbank der eidgenössischen Volksabstimmungen. Abgerufen am 8.9.2025 von www.swissvotes.ch
source_comment: "
658,2,2,80,,,"page_number_string: 
notes: 
source_full_citation: Swissvotes. (2025). Swissvotes – die Datenbank der eidgenössischen Volksabstimmungen. Abgerufen am 8.9.2025 von www.swissvotes.ch
source_comment: "
659,2,8,81,,,"page_number_string: 
notes: 
source_full_citation: Swissvotes. (2025). Swissvotes – die Datenbank der eidgenössischen Volksabstimmungen. Abgerufen am 8.9.2025 von www.swissvotes.ch
source_comment: "
660,2,2,82,,,"page_number_string: 
notes: 
source_full_citation: Swissvotes. (2025). Swissvotes – die Datenbank der eidgenössischen Volksabstimmungen. Abgerufen am 8.9.2025 von www.swissvotes.ch
source_comment: "
661,2,2,83,,,"page_number_string: 
notes: 
source_full_citation: Swissvotes. (2025). Swissvotes – die Datenbank der eidgenössischen Volksabstimmungen. Abgerufen am 8.9.2025 von www.swissvotes.ch
source_comment: "
662,2,1,84,,,"page_number_string: 
notes: 
source_full_citation: Swissvotes. (2025). Swissvotes – die Datenbank der eidgenössischen Volksabstimmungen. Abgerufen am 8.9.2025 von www.swissvotes.ch
source_comment: "
663,2,1,85,,,"page_number_string: 
notes: 
source_full_citation: Swissvotes. (2025). Swissvotes – die Datenbank der eidgenössischen Volksabstimmungen. Abgerufen am 8.9.2025 von www.swissvotes.ch
source_comment: "
664,2,1,86,,,"page_number_string: 
notes: 
source_full_citation: Swissvotes. (2025). Swissvotes – die Datenbank der eidgenössischen Volksabstimmungen. Abgerufen am 8.9.2025 von www.swissvotes.ch
source_comment: "
665,2,1,87,,,"page_number_string: 
notes: 
source_full_citation: Swissvotes. (2025). Swissvotes – die Datenbank der eidgenössischen Volksabstimmungen. Abgerufen am 8.9.2025 von www.swissvotes.ch
source_comment: "
666,2,1,88,,,"page_number_string: 
notes: 
source_full_citation: Swissvotes. (2025). Swissvotes – die Datenbank der eidgenössischen Volksabstimmungen. Abgerufen am 8.9.2025 von www.swissvotes.ch
source_comment: "
667,2,1,89,,,"page_number_string: 
notes: 
source_full_citation: Swissvotes. (2025). Swissvotes – die Datenbank der eidgenössischen Volksabstimmungen. Abgerufen am 8.9.2025 von www.swissvotes.ch
source_comment: "
668,2,1,90,,,"page_number_string: 
notes: 
source_full_citation: Swissvotes. (2025). Swissvotes – die Datenbank der eidgenössischen Volksabstimmungen. Abgerufen am 8.9.2025 von www.swissvotes.ch
source_comment: "
669,2,1,91,,,"page_number_string: 
notes: 
source_full_citation: Swissvotes. (2025). Swissvotes – die Datenbank der eidgenössischen Volksabstimmungen. Abgerufen am 8.9.2025 von www.swissvotes.ch
source_comment: "
670,2,1,92,,,"page_number_string: 
notes: 
source_full_citation: Swissvotes. (2025). Swissvotes – die Datenbank der eidgenössischen Volksabstimmungen. Abgerufen am 8.9.2025 von www.swissvotes.ch
source_comment: "
671,2,1,93,,,"page_number_string: 
notes: 
source_full_citation: Swissvotes. (2025). Swissvotes – die Datenbank der eidgenössischen Volksabstimmungen. Abgerufen am 8.9.2025 von www.swissvotes.ch
source_comment: "
672,2,1,94,,,"page_number_string: 
notes: 
source_full_citation: Swissvotes. (2025). Swissvotes – die Datenbank der eidgenössischen Volksabstimmungen. Abgerufen am 8.9.2025 von www.swissvotes.ch
source_comment: "
673,2,8,95,,,"page_number_string: 
notes: 
source_full_citation: Swissvotes. (2025). Swissvotes – die Datenbank der eidgenössischen Volksabstimmungen. Abgerufen am 8.9.2025 von www.swissvotes.ch
source_comment: "
674,2,1,96,,,"page_number_string: 
notes: 
source_full_citation: Swissvotes. (2025). Swissvotes – die Datenbank der eidgenössischen Volksabstimmungen. Abgerufen am 8.9.2025 von www.swissvotes.ch
source_comment: "
675,2,8,97,,,"page_number_string: 
notes: 
source_full_citation: Swissvotes. (2025). Swissvotes – die Datenbank der eidgenössischen Volksabstimmungen. Abgerufen am 8.9.2025 von www.swissvotes.ch
source_comment: "
676,2,1,98,,,"page_number_string: 
notes: 
source_full_citation: Swissvotes. (2025). Swissvotes – die Datenbank der eidgenössischen Volksabstimmungen. Abgerufen am 8.9.2025 von www.swissvotes.ch
source_comment: "
677,2,1,99,,,"page_number_string: 
notes: 
source_full_citation: Swissvotes. (2025). Swissvotes – die Datenbank der eidgenössischen Volksabstimmungen. Abgerufen am 8.9.2025 von www.swissvotes.ch
source_comment: "
678,2,2,100,,,"page_number_string: 
notes: 
source_full_citation: Swissvotes. (2025). Swissvotes – die Datenbank der eidgenössischen Volksabstimmungen. Abgerufen am 8.9.2025 von www.swissvotes.ch
source_comment: "
679,2,2,101,,,"page_number_string: 
notes: 
source_full_citation: Swissvotes. (2025). Swissvotes – die Datenbank der eidgenössischen Volksabstimmungen. Abgerufen am 8.9.2025 von www.swissvotes.ch
source_comment: "
680,2,1,102,,,"page_number_string: 
notes: 
source_full_citation: Swissvotes. (2025). Swissvotes – die Datenbank der eidgenössischen Volksabstimmungen. Abgerufen am 8.9.2025 von www.swissvotes.ch
source_comment: "
681,2,1,103,,,"page_number_string: 
notes: 
source_full_citation: Swissvotes. (2025). Swissvotes – die Datenbank der eidgenössischen Volksabstimmungen. Abgerufen am 8.9.2025 von www.swissvotes.ch
source_comment: "
682,2,1,104,,,"page_number_string: 
notes: 
source_full_citation: Swissvotes. (2025). Swissvotes – die Datenbank der eidgenössischen Volksabstimmungen. Abgerufen am 8.9.2025 von www.swissvotes.ch
source_comment: "
683,2,8,105,,,"page_number_string: 
notes: 
source_full_citation: Swissvotes. (2025). Swissvotes – die Datenbank der eidgenössischen Volksabstimmungen. Abgerufen am 8.9.2025 von www.swissvotes.ch
source_comment: "
684,2,8,106,,,"page_number_string: 
notes: 
source_full_citation: Swissvotes. (2025). Swissvotes – die Datenbank der eidgenössischen Volksabstimmungen. Abgerufen am 8.9.2025 von www.swissvotes.ch
source_comment: "
685,2,2,107,,,"page_number_string: 
notes: 
source_full_citation: Swissvotes. (2025). Swissvotes – die Datenbank der eidgenössischen Volksabstimmungen. Abgerufen am 8.9.2025 von www.swissvotes.ch
source_comment: "
686,2,2,108,,,"page_number_string: 
notes: 
source_full_citation: Swissvotes. (2025). Swissvotes – die Datenbank der eidgenössischen Volksabstimmungen. Abgerufen am 8.9.2025 von www.swissvotes.ch
source_comment: "
687,2,1,109,,,"page_number_string: 
notes: 
source_full_citation: Swissvotes. (2025). Swissvotes – die Datenbank der eidgenössischen Volksabstimmungen. Abgerufen am 8.9.2025 von www.swissvotes.ch
source_comment: "
688,2,2,110,,,"page_number_string: 
notes: 
source_full_citation: Swissvotes. (2025). Swissvotes – die Datenbank der eidgenössischen Volksabstimmungen. Abgerufen am 8.9.2025 von www.swissvotes.ch
source_comment: "
689,2,1,111,,,"page_number_string: 
notes: 
source_full_citation: Swissvotes. (2025). Swissvotes – die Datenbank der eidgenössischen Volksabstimmungen. Abgerufen am 8.9.2025 von www.swissvotes.ch
source_comment: "
690,2,2,112,,,"page_number_string: 
notes: 
source_full_citation: Swissvotes. (2025). Swissvotes – die Datenbank der eidgenössischen Volksabstimmungen. Abgerufen am 8.9.2025 von www.swissvotes.ch
source_comment: "
691,2,2,113,,,"page_number_string: 
notes: 
source_full_citation: Swissvotes. (2025). Swissvotes – die Datenbank der eidgenössischen Volksabstimmungen. Abgerufen am 8.9.2025 von www.swissvotes.ch
source_comment: "
692,2,1,114,,,"page_number_string: 
notes: 
source_full_citation: Swissvotes. (2025). Swissvotes – die Datenbank der eidgenössischen Volksabstimmungen. Abgerufen am 8.9.2025 von www.swissvotes.ch
source_comment: "
693,2,1,115,,,"page_number_string: 
notes: 
source_full_citation: Swissvotes. (2025). Swissvotes – die Datenbank der eidgenössischen Volksabstimmungen. Abgerufen am 8.9.2025 von www.swissvotes.ch
source_comment: "
694,2,2,116,,,"page_number_string: 
notes: 
source_full_citation: Swissvotes. (2025). Swissvotes – die Datenbank der eidgenössischen Volksabstimmungen. Abgerufen am 8.9.2025 von www.swissvotes.ch
source_comment: "
695,2,1,117,,,"page_number_string: 
notes: 
source_full_citation: Swissvotes. (2025). Swissvotes – die Datenbank der eidgenössischen Volksabstimmungen. Abgerufen am 8.9.2025 von www.swissvotes.ch
source_comment: "
696,2,2,118,,,"page_number_string: 
notes: 
source_full_citation: Swissvotes. (2025). Swissvotes – die Datenbank der eidgenössischen Volksabstimmungen. Abgerufen am 8.9.2025 von www.swissvotes.ch
source_comment: "
697,2,1,119,,,"page_number_string: 
notes: 
source_full_citation: Swissvotes. (2025). Swissvotes – die Datenbank der eidgenössischen Volksabstimmungen. Abgerufen am 8.9.2025 von www.swissvotes.ch
source_comment: "
698,2,1,120,,,"page_number_string: 
notes: 
source_full_citation: Swissvotes. (2025). Swissvotes – die Datenbank der eidgenössischen Volksabstimmungen. Abgerufen am 8.9.2025 von www.swissvotes.ch
source_comment: "
699,2,1,121,,,"page_number_string: 
notes: 
source_full_citation: Swissvotes. (2025). Swissvotes – die Datenbank der eidgenössischen Volksabstimmungen. Abgerufen am 8.9.2025 von www.swissvotes.ch
source_comment: "
700,2,9,122,,,"page_number_string: 
notes: 
source_full_citation: Swissvotes. (2025). Swissvotes – die Datenbank der eidgenössischen Volksabstimmungen. Abgerufen am 8.9.2025 von www.swissvotes.ch
source_comment: "
701,2,1,123,,,"page_number_string: 
notes: 
source_full_citation: Swissvotes. (2025). Swissvotes – die Datenbank der eidgenössischen Volksabstimmungen. Abgerufen am 8.9.2025 von www.swissvotes.ch
source_comment: "
702,2,9,124,,,"page_number_string: 
notes: 
source_full_citation: Swissvotes. (2025). Swissvotes – die Datenbank der eidgenössischen Volksabstimmungen. Abgerufen am 8.9.2025 von www.swissvotes.ch
source_comment: "
703,2,2,125,,,"page_number_string: 
notes: 
source_full_citation: Swissvotes. (2025). Swissvotes – die Datenbank der eidgenössischen Volksabstimmungen. Abgerufen am 8.9.2025 von www.swissvotes.ch
source_comment: "
704,2,8,126,,,"page_number_string: 
notes: 
source_full_citation: Swissvotes. (2025). Swissvotes – die Datenbank der eidgenössischen Volksabstimmungen. Abgerufen am 8.9.2025 von www.swissvotes.ch
source_comment: "
705,2,2,127,,,"page_number_string: 
notes: 
source_full_citation: Swissvotes. (2025). Swissvotes – die Datenbank der eidgenössischen Volksabstimmungen. Abgerufen am 8.9.2025 von www.swissvotes.ch
source_comment: "
706,2,2,128,,,"page_number_string: 
notes: 
source_full_citation: Swissvotes. (2025). Swissvotes – die Datenbank der eidgenössischen Volksabstimmungen. Abgerufen am 8.9.2025 von www.swissvotes.ch
source_comment: "
707,2,1,129,,,"page_number_string: 
notes: 
source_full_citation: Swissvotes. (2025). Swissvotes – die Datenbank der eidgenössischen Volksabstimmungen. Abgerufen am 8.9.2025 von www.swissvotes.ch
source_comment: "
708,2,1,130,,,"page_number_string: 
notes: 
source_full_citation: Swissvotes. (2025). Swissvotes – die Datenbank der eidgenössischen Volksabstimmungen. Abgerufen am 8.9.2025 von www.swissvotes.ch
source_comment: "
709,2,2,131,,,"page_number_string: 
notes: 
source_full_citation: Swissvotes. (2025). Swissvotes – die Datenbank der eidgenössischen Volksabstimmungen. Abgerufen am 8.9.2025 von www.swissvotes.ch
source_comment: "
710,2,2,132,,,"page_number_string: 
notes: 
source_full_citation: Swissvotes. (2025). Swissvotes – die Datenbank der eidgenössischen Volksabstimmungen. Abgerufen am 8.9.2025 von www.swissvotes.ch
source_comment: "
711,2,2,133,,,"page_number_string: 
notes: 
source_full_citation: Swissvotes. (2025). Swissvotes – die Datenbank der eidgenössischen Volksabstimmungen. Abgerufen am 8.9.2025 von www.swissvotes.ch
source_comment: "
712,2,1,134,,,"page_number_string: 
notes: 
source_full_citation: Swissvotes. (2025). Swissvotes – die Datenbank der eidgenössischen Volksabstimmungen. Abgerufen am 8.9.2025 von www.swissvotes.ch
source_comment: "
713,2,1,135,,,"page_number_string: 
notes: 
source_full_citation: Swissvotes. (2025). Swissvotes – die Datenbank der eidgenössischen Volksabstimmungen. Abgerufen am 8.9.2025 von www.swissvotes.ch
source_comment: "
714,2,2,136,,,"page_number_string: 
notes: 
source_full_citation: Swissvotes. (2025). Swissvotes – die Datenbank der eidgenössischen Volksabstimmungen. Abgerufen am 8.9.2025 von www.swissvotes.ch
source_comment: "
715,2,2,137,,,"page_number_string: 
notes: 
source_full_citation: Swissvotes. (2025). Swissvotes – die Datenbank der eidgenössischen Volksabstimmungen. Abgerufen am 8.9.2025 von www.swissvotes.ch
source_comment: "
716,2,2,138,,,"page_number_string: 
notes: 
source_full_citation: Swissvotes. (2025). Swissvotes – die Datenbank der eidgenössischen Volksabstimmungen. Abgerufen am 8.9.2025 von www.swissvotes.ch
source_comment: "
717,2,2,139,,,"page_number_string: 
notes: 
source_full_citation: Swissvotes. (2025). Swissvotes – die Datenbank der eidgenössischen Volksabstimmungen. Abgerufen am 8.9.2025 von www.swissvotes.ch
source_comment: "
718,2,1,140,,,"page_number_string: 
notes: 
source_full_citation: Swissvotes. (2025). Swissvotes – die Datenbank der eidgenössischen Volksabstimmungen. Abgerufen am 8.9.2025 von www.swissvotes.ch
source_comment: "
719,2,2,141,,,"page_number_string: 
notes: 
source_full_citation: Swissvotes. (2025). Swissvotes – die Datenbank der eidgenössischen Volksabstimmungen. Abgerufen am 8.9.2025 von www.swissvotes.ch
source_comment: "
720,2,2,142,,,"page_number_string: 
notes: 
source_full_citation: Swissvotes. (2025). Swissvotes – die Datenbank der eidgenössischen Volksabstimmungen. Abgerufen am 8.9.2025 von www.swissvotes.ch
source_comment: "
721,2,1,143,,,"page_number_string: 
notes: 
source_full_citation: Swissvotes. (2025). Swissvotes – die Datenbank der eidgenössischen Volksabstimmungen. Abgerufen am 8.9.2025 von www.swissvotes.ch
source_comment: "
722,2,2,144,,,"page_number_string: 
notes: 
source_full_citation: Swissvotes. (2025). Swissvotes – die Datenbank der eidgenössischen Volksabstimmungen. Abgerufen am 8.9.2025 von www.swissvotes.ch
source_comment: "
723,2,2,145,,,"page_number_string: 
notes: 
source_full_citation: Swissvotes. (2025). Swissvotes – die Datenbank der eidgenössischen Volksabstimmungen. Abgerufen am 8.9.2025 von www.swissvotes.ch
source_comment: "
724,2,1,146,,,"page_number_string: 
notes: 
source_full_citation: Swissvotes. (2025). Swissvotes – die Datenbank der eidgenössischen Volksabstimmungen. Abgerufen am 8.9.2025 von www.swissvotes.ch
source_comment: "
725,2,1,147,,,"page_number_string: 
notes: 
source_full_citation: Swissvotes. (2025). Swissvotes – die Datenbank der eidgenössischen Volksabstimmungen. Abgerufen am 8.9.2025 von www.swissvotes.ch
source_comment: "
726,2,1,148,,,"page_number_string: 
notes: 
source_full_citation: Swissvotes. (2025). Swissvotes – die Datenbank der eidgenössischen Volksabstimmungen. Abgerufen am 8.9.2025 von www.swissvotes.ch
source_comment: "
727,2,2,149,,,"page_number_string: 
notes: 
source_full_citation: Swissvotes. (2025). Swissvotes – die Datenbank der eidgenössischen Volksabstimmungen. Abgerufen am 8.9.2025 von www.swissvotes.ch
source_comment: "
728,2,1,150,,,"page_number_string: 
notes: 
source_full_citation: Swissvotes. (2025). Swissvotes – die Datenbank der eidgenössischen Volksabstimmungen. Abgerufen am 8.9.2025 von www.swissvotes.ch
source_comment: "
729,2,1,151,,,"page_number_string: 
notes: 
source_full_citation: Swissvotes. (2025). Swissvotes – die Datenbank der eidgenössischen Volksabstimmungen. Abgerufen am 8.9.2025 von www.swissvotes.ch
source_comment: "
730,2,1,152,,,"page_number_string: 
notes: 
source_full_citation: Swissvotes. (2025). Swissvotes – die Datenbank der eidgenössischen Volksabstimmungen. Abgerufen am 8.9.2025 von www.swissvotes.ch
source_comment: "
731,2,1,153,,,"page_number_string: 
notes: 
source_full_citation: Swissvotes. (2025). Swissvotes – die Datenbank der eidgenössischen Volksabstimmungen. Abgerufen am 8.9.2025 von www.swissvotes.ch
source_comment: "
732,2,2,154,,,"page_number_string: 
notes: 
source_full_citation: Swissvotes. (2025). Swissvotes – die Datenbank der eidgenössischen Volksabstimmungen. Abgerufen am 8.9.2025 von www.swissvotes.ch
source_comment: "
733,2,1,155,,,"page_number_string: 
notes: 
source_full_citation: Swissvotes. (2025). Swissvotes – die Datenbank der eidgenössischen Volksabstimmungen. Abgerufen am 8.9.2025 von www.swissvotes.ch
source_comment: "
734,2,2,156,,,"page_number_string: 
notes: 
source_full_citation: Swissvotes. (2025). Swissvotes – die Datenbank der eidgenössischen Volksabstimmungen. Abgerufen am 8.9.2025 von www.swissvotes.ch
source_comment: "
735,2,1,157,,,"page_number_string: 
notes: 
source_full_citation: Swissvotes. (2025). Swissvotes – die Datenbank der eidgenössischen Volksabstimmungen. Abgerufen am 8.9.2025 von www.swissvotes.ch
source_comment: "
736,2,1,158,,,"page_number_string: 
notes: 
source_full_citation: Swissvotes. (2025). Swissvotes – die Datenbank der eidgenössischen Volksabstimmungen. Abgerufen am 8.9.2025 von www.swissvotes.ch
source_comment: "
737,2,1,159,,,"page_number_string: 
notes: 
source_full_citation: Swissvotes. (2025). Swissvotes – die Datenbank der eidgenössischen Volksabstimmungen. Abgerufen am 8.9.2025 von www.swissvotes.ch
source_comment: "
738,2,1,160,,,"page_number_string: 
notes: 
source_full_citation: Swissvotes. (2025). Swissvotes – die Datenbank der eidgenössischen Volksabstimmungen. Abgerufen am 8.9.2025 von www.swissvotes.ch
source_comment: "
739,2,2,161,,,"page_number_string: 
notes: 
source_full_citation: Swissvotes. (2025). Swissvotes – die Datenbank der eidgenössischen Volksabstimmungen. Abgerufen am 8.9.2025 von www.swissvotes.ch
source_comment: "
740,2,1,162,,,"page_number_string: 
notes: 
source_full_citation: Swissvotes. (2025). Swissvotes – die Datenbank der eidgenössischen Volksabstimmungen. Abgerufen am 8.9.2025 von www.swissvotes.ch
source_comment: "
741,2,1,163,,,"page_number_string: 
notes: 
source_full_citation: Swissvotes. (2025). Swissvotes – die Datenbank der eidgenössischen Volksabstimmungen. Abgerufen am 8.9.2025 von www.swissvotes.ch
source_comment: "
742,2,1,164,,,"page_number_string: 
notes: 
source_full_citation: Swissvotes. (2025). Swissvotes – die Datenbank der eidgenössischen Volksabstimmungen. Abgerufen am 8.9.2025 von www.swissvotes.ch
source_comment: "
743,2,9,165,,,"page_number_string: 
notes: 
source_full_citation: Swissvotes. (2025). Swissvotes – die Datenbank der eidgenössischen Volksabstimmungen. Abgerufen am 8.9.2025 von www.swissvotes.ch
source_comment: "
744,2,1,166,,,"page_number_string: 
notes: 
source_full_citation: Swissvotes. (2025). Swissvotes – die Datenbank der eidgenössischen Volksabstimmungen. Abgerufen am 8.9.2025 von www.swissvotes.ch
source_comment: "
745,2,1,167,,,"page_number_string: 
notes: 
source_full_citation: Swissvotes. (2025). Swissvotes – die Datenbank der eidgenössischen Volksabstimmungen. Abgerufen am 8.9.2025 von www.swissvotes.ch
source_comment: "
746,2,2,168,,,"page_number_string: 
notes: 
source_full_citation: Swissvotes. (2025). Swissvotes – die Datenbank der eidgenössischen Volksabstimmungen. Abgerufen am 8.9.2025 von www.swissvotes.ch
source_comment: "
747,2,1,169,,,"page_number_string: 
notes: 
source_full_citation: Swissvotes. (2025). Swissvotes – die Datenbank der eidgenössischen Volksabstimmungen. Abgerufen am 8.9.2025 von www.swissvotes.ch
source_comment: "
748,2,1,170,,,"page_number_string: 
notes: 
source_full_citation: Swissvotes. (2025). Swissvotes – die Datenbank der eidgenössischen Volksabstimmungen. Abgerufen am 8.9.2025 von www.swissvotes.ch
source_comment: "
749,2,2,171,,,"page_number_string: 
notes: 
source_full_citation: Swissvotes. (2025). Swissvotes – die Datenbank der eidgenössischen Volksabstimmungen. Abgerufen am 8.9.2025 von www.swissvotes.ch
source_comment: "
750,2,1,172,,,"page_number_string: 
notes: 
source_full_citation: Swissvotes. (2025). Swissvotes – die Datenbank der eidgenössischen Volksabstimmungen. Abgerufen am 8.9.2025 von www.swissvotes.ch
source_comment: "
751,2,1,173,,,"page_number_string: 
notes: 
source_full_citation: Swissvotes. (2025). Swissvotes – die Datenbank der eidgenössischen Volksabstimmungen. Abgerufen am 8.9.2025 von www.swissvotes.ch
source_comment: "
752,2,1,174,,,"page_number_string: 
notes: 
source_full_citation: Swissvotes. (2025). Swissvotes – die Datenbank der eidgenössischen Volksabstimmungen. Abgerufen am 8.9.2025 von www.swissvotes.ch
source_comment: "
753,2,1,175,,,"page_number_string: 
notes: 
source_full_citation: Swissvotes. (2025). Swissvotes – die Datenbank der eidgenössischen Volksabstimmungen. Abgerufen am 8.9.2025 von www.swissvotes.ch
source_comment: "
754,2,2,176,,,"page_number_string: 
notes: 
source_full_citation: Swissvotes. (2025). Swissvotes – die Datenbank der eidgenössischen Volksabstimmungen. Abgerufen am 8.9.2025 von www.swissvotes.ch
source_comment: "
755,2,8,177,,,"page_number_string: 
notes: 
source_full_citation: Swissvotes. (2025). Swissvotes – die Datenbank der eidgenössischen Volksabstimmungen. Abgerufen am 8.9.2025 von www.swissvotes.ch
source_comment: "
756,2,2,178,,,"page_number_string: 
notes: 
source_full_citation: Swissvotes. (2025). Swissvotes – die Datenbank der eidgenössischen Volksabstimmungen. Abgerufen am 8.9.2025 von www.swissvotes.ch
source_comment: "
757,2,5,179,,,"page_number_string: 
notes: 
source_full_citation: Swissvotes. (2025). Swissvotes – die Datenbank der eidgenössischen Volksabstimmungen. Abgerufen am 8.9.2025 von www.swissvotes.ch
source_comment: "
758,2,1,180,,,"page_number_string: 
notes: 
source_full_citation: Swissvotes. (2025). Swissvotes – die Datenbank der eidgenössischen Volksabstimmungen. Abgerufen am 8.9.2025 von www.swissvotes.ch
source_comment: "
759,2,2,181,,,"page_number_string: 
notes: 
source_full_citation: Swissvotes. (2025). Swissvotes – die Datenbank der eidgenössischen Volksabstimmungen. Abgerufen am 8.9.2025 von www.swissvotes.ch
source_comment: "
760,2,1,182,,,"page_number_string: 
notes: 
source_full_citation: Swissvotes. (2025). Swissvotes – die Datenbank der eidgenössischen Volksabstimmungen. Abgerufen am 8.9.2025 von www.swissvotes.ch
source_comment: "
761,2,1,183,,,"page_number_string: 
notes: 
source_full_citation: Swissvotes. (2025). Swissvotes – die Datenbank der eidgenössischen Volksabstimmungen. Abgerufen am 8.9.2025 von www.swissvotes.ch
source_comment: "
762,2,1,184,,,"page_number_string: 
notes: 
source_full_citation: Swissvotes. (2025). Swissvotes – die Datenbank der eidgenössischen Volksabstimmungen. Abgerufen am 8.9.2025 von www.swissvotes.ch
source_comment: "
763,2,2,185,,,"page_number_string: 
notes: 
source_full_citation: Swissvotes. (2025). Swissvotes – die Datenbank der eidgenössischen Volksabstimmungen. Abgerufen am 8.9.2025 von www.swissvotes.ch
source_comment: "
764,2,1,186,,,"page_number_string: 
notes: 
source_full_citation: Swissvotes. (2025). Swissvotes – die Datenbank der eidgenössischen Volksabstimmungen. Abgerufen am 8.9.2025 von www.swissvotes.ch
source_comment: "
765,2,1,187,,,"page_number_string: 
notes: 
source_full_citation: Swissvotes. (2025). Swissvotes – die Datenbank der eidgenössischen Volksabstimmungen. Abgerufen am 8.9.2025 von www.swissvotes.ch
source_comment: "
766,2,9,188,,,"page_number_string: 
notes: 
source_full_citation: Swissvotes. (2025). Swissvotes – die Datenbank der eidgenössischen Volksabstimmungen. Abgerufen am 8.9.2025 von www.swissvotes.ch
source_comment: "
767,2,1,189,,,"page_number_string: 
notes: 
source_full_citation: Swissvotes. (2025). Swissvotes – die Datenbank der eidgenössischen Volksabstimmungen. Abgerufen am 8.9.2025 von www.swissvotes.ch
source_comment: "
768,2,1,190,,,"page_number_string: 
notes: 
source_full_citation: Swissvotes. (2025). Swissvotes – die Datenbank der eidgenössischen Volksabstimmungen. Abgerufen am 8.9.2025 von www.swissvotes.ch
source_comment: "
769,2,9,191,,,"page_number_string: 
notes: 
source_full_citation: Swissvotes. (2025). Swissvotes – die Datenbank der eidgenössischen Volksabstimmungen. Abgerufen am 8.9.2025 von www.swissvotes.ch
source_comment: "
770,2,1,192,,,"page_number_string: 
notes: 
source_full_citation: Swissvotes. (2025). Swissvotes – die Datenbank der eidgenössischen Volksabstimmungen. Abgerufen am 8.9.2025 von www.swissvotes.ch
source_comment: "
771,2,1,193,,,"page_number_string: 
notes: 
source_full_citation: Swissvotes. (2025). Swissvotes – die Datenbank der eidgenössischen Volksabstimmungen. Abgerufen am 8.9.2025 von www.swissvotes.ch
source_comment: "
772,2,5,194,,,"page_number_string: 
notes: 
source_full_citation: Swissvotes. (2025). Swissvotes – die Datenbank der eidgenössischen Volksabstimmungen. Abgerufen am 8.9.2025 von www.swissvotes.ch
source_comment: "
773,2,1,195,,,"page_number_string: 
notes: 
source_full_citation: Swissvotes. (2025). Swissvotes – die Datenbank der eidgenössischen Volksabstimmungen. Abgerufen am 8.9.2025 von www.swissvotes.ch
source_comment: "
774,2,8,196,,,"page_number_string: 
notes: 
source_full_citation: Swissvotes. (2025). Swissvotes – die Datenbank der eidgenössischen Volksabstimmungen. Abgerufen am 8.9.2025 von www.swissvotes.ch
source_comment: "
775,2,1,197,,,"page_number_string: 
notes: 
source_full_citation: Swissvotes. (2025). Swissvotes – die Datenbank der eidgenössischen Volksabstimmungen. Abgerufen am 8.9.2025 von www.swissvotes.ch
source_comment: "
776,2,5,198,,,"page_number_string: 
notes: 
source_full_citation: Swissvotes. (2025). Swissvotes – die Datenbank der eidgenössischen Volksabstimmungen. Abgerufen am 8.9.2025 von www.swissvotes.ch
source_comment: "
777,2,1,199,,,"page_number_string: 
notes: 
source_full_citation: Swissvotes. (2025). Swissvotes – die Datenbank der eidgenössischen Volksabstimmungen. Abgerufen am 8.9.2025 von www.swissvotes.ch
source_comment: "
778,2,2,200,,,"page_number_string: 
notes: 
source_full_citation: Swissvotes. (2025). Swissvotes – die Datenbank der eidgenössischen Volksabstimmungen. Abgerufen am 8.9.2025 von www.swissvotes.ch
source_comment: "
779,2,2,201,,,"page_number_string: 
notes: 
source_full_citation: Swissvotes. (2025). Swissvotes – die Datenbank der eidgenössischen Volksabstimmungen. Abgerufen am 8.9.2025 von www.swissvotes.ch
source_comment: "
780,2,1,202,,,"page_number_string: 
notes: 
source_full_citation: Swissvotes. (2025). Swissvotes – die Datenbank der eidgenössischen Volksabstimmungen. Abgerufen am 8.9.2025 von www.swissvotes.ch
source_comment: "
781,2,1,203,,,"page_number_string: 
notes: 
source_full_citation: Swissvotes. (2025). Swissvotes – die Datenbank der eidgenössischen Volksabstimmungen. Abgerufen am 8.9.2025 von www.swissvotes.ch
source_comment: "
782,2,1,204,,,"page_number_string: 
notes: 
source_full_citation: Swissvotes. (2025). Swissvotes – die Datenbank der eidgenössischen Volksabstimmungen. Abgerufen am 8.9.2025 von www.swissvotes.ch
source_comment: "
783,2,1,205,,,"page_number_string: 
notes: 
source_full_citation: Swissvotes. (2025). Swissvotes – die Datenbank der eidgenössischen Volksabstimmungen. Abgerufen am 8.9.2025 von www.swissvotes.ch
source_comment: "
784,2,5,206,,,"page_number_string: 
notes: 
source_full_citation: Swissvotes. (2025). Swissvotes – die Datenbank der eidgenössischen Volksabstimmungen. Abgerufen am 8.9.2025 von www.swissvotes.ch
source_comment: "
785,2,2,207,,,"page_number_string: 
notes: 
source_full_citation: Swissvotes. (2025). Swissvotes – die Datenbank der eidgenössischen Volksabstimmungen. Abgerufen am 8.9.2025 von www.swissvotes.ch
source_comment: "
786,2,1,208,,,"page_number_string: 
notes: 
source_full_citation: Swissvotes. (2025). Swissvotes – die Datenbank der eidgenössischen Volksabstimmungen. Abgerufen am 8.9.2025 von www.swissvotes.ch
source_comment: "
787,2,1,209,,,"page_number_string: 
notes: 
source_full_citation: Swissvotes. (2025). Swissvotes – die Datenbank der eidgenössischen Volksabstimmungen. Abgerufen am 8.9.2025 von www.swissvotes.ch
source_comment: "
788,2,5,210,,,"page_number_string: 
notes: 
source_full_citation: Swissvotes. (2025). Swissvotes – die Datenbank der eidgenössischen Volksabstimmungen. Abgerufen am 8.9.2025 von www.swissvotes.ch
source_comment: "
789,2,1,211,,,"page_number_string: 
notes: 
source_full_citation: Swissvotes. (2025). Swissvotes – die Datenbank der eidgenössischen Volksabstimmungen. Abgerufen am 8.9.2025 von www.swissvotes.ch
source_comment: "
790,2,1,212,,,"page_number_string: 
notes: 
source_full_citation: Swissvotes. (2025). Swissvotes – die Datenbank der eidgenössischen Volksabstimmungen. Abgerufen am 8.9.2025 von www.swissvotes.ch
source_comment: "
791,2,1,213,,,"page_number_string: 
notes: 
source_full_citation: Swissvotes. (2025). Swissvotes – die Datenbank der eidgenössischen Volksabstimmungen. Abgerufen am 8.9.2025 von www.swissvotes.ch
source_comment: "
792,2,1,214,,,"page_number_string: 
notes: 
source_full_citation: Swissvotes. (2025). Swissvotes – die Datenbank der eidgenössischen Volksabstimmungen. Abgerufen am 8.9.2025 von www.swissvotes.ch
source_comment: "
793,2,1,215,,,"page_number_string: 
notes: 
source_full_citation: Swissvotes. (2025). Swissvotes – die Datenbank der eidgenössischen Volksabstimmungen. Abgerufen am 8.9.2025 von www.swissvotes.ch
source_comment: "
794,2,1,216,,,"page_number_string: 
notes: 
source_full_citation: Swissvotes. (2025). Swissvotes – die Datenbank der eidgenössischen Volksabstimmungen. Abgerufen am 8.9.2025 von www.swissvotes.ch
source_comment: "
795,2,1,217,,,"page_number_string: 
notes: 
source_full_citation: Swissvotes. (2025). Swissvotes – die Datenbank der eidgenössischen Volksabstimmungen. Abgerufen am 8.9.2025 von www.swissvotes.ch
source_comment: "
796,2,1,218,,,"page_number_string: 
notes: 
source_full_citation: Swissvotes. (2025). Swissvotes – die Datenbank der eidgenössischen Volksabstimmungen. Abgerufen am 8.9.2025 von www.swissvotes.ch
source_comment: "
797,2,1,219,,,"page_number_string: 
notes: 
source_full_citation: Swissvotes. (2025). Swissvotes – die Datenbank der eidgenössischen Volksabstimmungen. Abgerufen am 8.9.2025 von www.swissvotes.ch
source_comment: "
798,2,1,220,,,"page_number_string: 
notes: 
source_full_citation: Swissvotes. (2025). Swissvotes – die Datenbank der eidgenössischen Volksabstimmungen. Abgerufen am 8.9.2025 von www.swissvotes.ch
source_comment: "
799,2,2,221,,,"page_number_string: 
notes: 
source_full_citation: Swissvotes. (2025). Swissvotes – die Datenbank der eidgenössischen Volksabstimmungen. Abgerufen am 8.9.2025 von www.swissvotes.ch
source_comment: "
800,2,1,222,,,"page_number_string: 
notes: 
source_full_citation: Swissvotes. (2025). Swissvotes – die Datenbank der eidgenössischen Volksabstimmungen. Abgerufen am 8.9.2025 von www.swissvotes.ch
source_comment: "
801,2,5,223,,,"page_number_string: 
notes: 
source_full_citation: Swissvotes. (2025). Swissvotes – die Datenbank der eidgenössischen Volksabstimmungen. Abgerufen am 8.9.2025 von www.swissvotes.ch
source_comment: "
802,2,1,224,,,"page_number_string: 
notes: 
source_full_citation: Swissvotes. (2025). Swissvotes – die Datenbank der eidgenössischen Volksabstimmungen. Abgerufen am 8.9.2025 von www.swissvotes.ch
source_comment: "
803,2,1,225,,,"page_number_string: 
notes: 
source_full_citation: Swissvotes. (2025). Swissvotes – die Datenbank der eidgenössischen Volksabstimmungen. Abgerufen am 8.9.2025 von www.swissvotes.ch
source_comment: "
804,2,1,226,,,"page_number_string: 
notes: 
source_full_citation: Swissvotes. (2025). Swissvotes – die Datenbank der eidgenössischen Volksabstimmungen. Abgerufen am 8.9.2025 von www.swissvotes.ch
source_comment: "
805,2,1,227,,,"page_number_string: 
notes: 
source_full_citation: Swissvotes. (2025). Swissvotes – die Datenbank der eidgenössischen Volksabstimmungen. Abgerufen am 8.9.2025 von www.swissvotes.ch
source_comment: "
806,2,9,228,,,"page_number_string: 
notes: 
source_full_citation: Swissvotes. (2025). Swissvotes – die Datenbank der eidgenössischen Volksabstimmungen. Abgerufen am 8.9.2025 von www.swissvotes.ch
source_comment: "
807,2,1,229,,,"page_number_string: 
notes: 
source_full_citation: Swissvotes. (2025). Swissvotes – die Datenbank der eidgenössischen Volksabstimmungen. Abgerufen am 8.9.2025 von www.swissvotes.ch
source_comment: "
808,2,1,230,,,"page_number_string: 
notes: 
source_full_citation: Swissvotes. (2025). Swissvotes – die Datenbank der eidgenössischen Volksabstimmungen. Abgerufen am 8.9.2025 von www.swissvotes.ch
source_comment: "
809,2,1,231,,,"page_number_string: 
notes: 
source_full_citation: Swissvotes. (2025). Swissvotes – die Datenbank der eidgenössischen Volksabstimmungen. Abgerufen am 8.9.2025 von www.swissvotes.ch
source_comment: "
810,2,1,232,,,"page_number_string: 
notes: 
source_full_citation: Swissvotes. (2025). Swissvotes – die Datenbank der eidgenössischen Volksabstimmungen. Abgerufen am 8.9.2025 von www.swissvotes.ch
source_comment: "
811,2,1,233,,,"page_number_string: 
notes: 
source_full_citation: Swissvotes. (2025). Swissvotes – die Datenbank der eidgenössischen Volksabstimmungen. Abgerufen am 8.9.2025 von www.swissvotes.ch
source_comment: "
812,2,1,234,,,"page_number_string: 
notes: 
source_full_citation: Swissvotes. (2025). Swissvotes – die Datenbank der eidgenössischen Volksabstimmungen. Abgerufen am 8.9.2025 von www.swissvotes.ch
source_comment: "
813,2,9,235,,,"page_number_string: 
notes: 
source_full_citation: Swissvotes. (2025). Swissvotes – die Datenbank der eidgenössischen Volksabstimmungen. Abgerufen am 8.9.2025 von www.swissvotes.ch
source_comment: "
814,2,1,236,,,"page_number_string: 
notes: 
source_full_citation: Swissvotes. (2025). Swissvotes – die Datenbank der eidgenössischen Volksabstimmungen. Abgerufen am 8.9.2025 von www.swissvotes.ch
source_comment: "
815,2,5,237,,,"page_number_string: 
notes: 
source_full_citation: Swissvotes. (2025). Swissvotes – die Datenbank der eidgenössischen Volksabstimmungen. Abgerufen am 8.9.2025 von www.swissvotes.ch
source_comment: "
816,2,5,238,,,"page_number_string: 
notes: 
source_full_citation: Swissvotes. (2025). Swissvotes – die Datenbank der eidgenössischen Volksabstimmungen. Abgerufen am 8.9.2025 von www.swissvotes.ch
source_comment: "
817,2,2,239,,,"page_number_string: 
notes: 
source_full_citation: Swissvotes. (2025). Swissvotes – die Datenbank der eidgenössischen Volksabstimmungen. Abgerufen am 8.9.2025 von www.swissvotes.ch
source_comment: "
818,2,1,240,,,"page_number_string: 
notes: 
source_full_citation: Swissvotes. (2025). Swissvotes – die Datenbank der eidgenössischen Volksabstimmungen. Abgerufen am 8.9.2025 von www.swissvotes.ch
source_comment: "
819,2,2,241,,,"page_number_string: 
notes: 
source_full_citation: Swissvotes. (2025). Swissvotes – die Datenbank der eidgenössischen Volksabstimmungen. Abgerufen am 8.9.2025 von www.swissvotes.ch
source_comment: "
820,2,2,242,,,"page_number_string: 
notes: 
source_full_citation: Swissvotes. (2025). Swissvotes – die Datenbank der eidgenössischen Volksabstimmungen. Abgerufen am 8.9.2025 von www.swissvotes.ch
source_comment: "
821,2,1,243,,,"page_number_string: 
notes: 
source_full_citation: Swissvotes. (2025). Swissvotes – die Datenbank der eidgenössischen Volksabstimmungen. Abgerufen am 8.9.2025 von www.swissvotes.ch
source_comment: "
822,2,1,244,,,"page_number_string: 
notes: 
source_full_citation: Swissvotes. (2025). Swissvotes – die Datenbank der eidgenössischen Volksabstimmungen. Abgerufen am 8.9.2025 von www.swissvotes.ch
source_comment: "
823,2,1,245,,,"page_number_string: 
notes: 
source_full_citation: Swissvotes. (2025). Swissvotes – die Datenbank der eidgenössischen Volksabstimmungen. Abgerufen am 8.9.2025 von www.swissvotes.ch
source_comment: "
824,2,1,246,,,"page_number_string: 
notes: 
source_full_citation: Swissvotes. (2025). Swissvotes – die Datenbank der eidgenössischen Volksabstimmungen. Abgerufen am 8.9.2025 von www.swissvotes.ch
source_comment: "
825,2,1,247,,,"page_number_string: 
notes: 
source_full_citation: Swissvotes. (2025). Swissvotes – die Datenbank der eidgenössischen Volksabstimmungen. Abgerufen am 8.9.2025 von www.swissvotes.ch
source_comment: "
826,2,1,248,,,"page_number_string: 
notes: 
source_full_citation: Swissvotes. (2025). Swissvotes – die Datenbank der eidgenössischen Volksabstimmungen. Abgerufen am 8.9.2025 von www.swissvotes.ch
source_comment: "
827,2,2,249,,,"page_number_string: 
notes: 
source_full_citation: Swissvotes. (2025). Swissvotes – die Datenbank der eidgenössischen Volksabstimmungen. Abgerufen am 8.9.2025 von www.swissvotes.ch
source_comment: "
828,2,1,250,,,"page_number_string: 
notes: 
source_full_citation: Swissvotes. (2025). Swissvotes – die Datenbank der eidgenössischen Volksabstimmungen. Abgerufen am 8.9.2025 von www.swissvotes.ch
source_comment: "
829,2,1,251,,,"page_number_string: 
notes: 
source_full_citation: Swissvotes. (2025). Swissvotes – die Datenbank der eidgenössischen Volksabstimmungen. Abgerufen am 8.9.2025 von www.swissvotes.ch
source_comment: "
830,2,1,252,,,"page_number_string: 
notes: 
source_full_citation: Swissvotes. (2025). Swissvotes – die Datenbank der eidgenössischen Volksabstimmungen. Abgerufen am 8.9.2025 von www.swissvotes.ch
source_comment: "
831,2,1,253,,,"page_number_string: 
notes: 
source_full_citation: Swissvotes. (2025). Swissvotes – die Datenbank der eidgenössischen Volksabstimmungen. Abgerufen am 8.9.2025 von www.swissvotes.ch
source_comment: "
832,2,1,254,,,"page_number_string: 
notes: 
source_full_citation: Swissvotes. (2025). Swissvotes – die Datenbank der eidgenössischen Volksabstimmungen. Abgerufen am 8.9.2025 von www.swissvotes.ch
source_comment: "
833,2,2,255,,,"page_number_string: 
notes: 
source_full_citation: Swissvotes. (2025). Swissvotes – die Datenbank der eidgenössischen Volksabstimmungen. Abgerufen am 8.9.2025 von www.swissvotes.ch
source_comment: "
834,2,1,256,,,"page_number_string: 
notes: 
source_full_citation: Swissvotes. (2025). Swissvotes – die Datenbank der eidgenössischen Volksabstimmungen. Abgerufen am 8.9.2025 von www.swissvotes.ch
source_comment: "
835,2,1,257,,,"page_number_string: 
notes: 
source_full_citation: Swissvotes. (2025). Swissvotes – die Datenbank der eidgenössischen Volksabstimmungen. Abgerufen am 8.9.2025 von www.swissvotes.ch
source_comment: "
836,2,1,258,,,"page_number_string: 
notes: 
source_full_citation: Swissvotes. (2025). Swissvotes – die Datenbank der eidgenössischen Volksabstimmungen. Abgerufen am 8.9.2025 von www.swissvotes.ch
source_comment: "
837,2,1,259,,,"page_number_string: 
notes: 
source_full_citation: Swissvotes. (2025). Swissvotes – die Datenbank der eidgenössischen Volksabstimmungen. Abgerufen am 8.9.2025 von www.swissvotes.ch
source_comment: "
838,2,1,260,,,"page_number_string: 
notes: 
source_full_citation: Swissvotes. (2025). Swissvotes – die Datenbank der eidgenössischen Volksabstimmungen. Abgerufen am 8.9.2025 von www.swissvotes.ch
source_comment: "
839,2,2,261,,,"page_number_string: 
notes: 
source_full_citation: Swissvotes. (2025). Swissvotes – die Datenbank der eidgenössischen Volksabstimmungen. Abgerufen am 8.9.2025 von www.swissvotes.ch
source_comment: "
840,2,1,262,,,"page_number_string: 
notes: 
source_full_citation: Swissvotes. (2025). Swissvotes – die Datenbank der eidgenössischen Volksabstimmungen. Abgerufen am 8.9.2025 von www.swissvotes.ch
source_comment: "
841,2,1,263,,,"page_number_string: 
notes: 
source_full_citation: Swissvotes. (2025). Swissvotes – die Datenbank der eidgenössischen Volksabstimmungen. Abgerufen am 8.9.2025 von www.swissvotes.ch
source_comment: "
842,2,1,264,,,"page_number_string: 
notes: 
source_full_citation: Swissvotes. (2025). Swissvotes – die Datenbank der eidgenössischen Volksabstimmungen. Abgerufen am 8.9.2025 von www.swissvotes.ch
source_comment: "
843,2,1,265,,,"page_number_string: 
notes: 
source_full_citation: Swissvotes. (2025). Swissvotes – die Datenbank der eidgenössischen Volksabstimmungen. Abgerufen am 8.9.2025 von www.swissvotes.ch
source_comment: "
844,2,2,266,,,"page_number_string: 
notes: 
source_full_citation: Swissvotes. (2025). Swissvotes – die Datenbank der eidgenössischen Volksabstimmungen. Abgerufen am 8.9.2025 von www.swissvotes.ch
source_comment: "
845,2,1,267,,,"page_number_string: 
notes: 
source_full_citation: Swissvotes. (2025). Swissvotes – die Datenbank der eidgenössischen Volksabstimmungen. Abgerufen am 8.9.2025 von www.swissvotes.ch
source_comment: "
846,2,2,268,,,"page_number_string: 
notes: 
source_full_citation: Swissvotes. (2025). Swissvotes – die Datenbank der eidgenössischen Volksabstimmungen. Abgerufen am 8.9.2025 von www.swissvotes.ch
source_comment: "
847,2,1,269,,,"page_number_string: 
notes: 
source_full_citation: Swissvotes. (2025). Swissvotes – die Datenbank der eidgenössischen Volksabstimmungen. Abgerufen am 8.9.2025 von www.swissvotes.ch
source_comment: "
848,2,2,270,,,"page_number_string: 
notes: 
source_full_citation: Swissvotes. (2025). Swissvotes – die Datenbank der eidgenössischen Volksabstimmungen. Abgerufen am 8.9.2025 von www.swissvotes.ch
source_comment: "
849,2,1,271,,,"page_number_string: 
notes: 
source_full_citation: Swissvotes. (2025). Swissvotes – die Datenbank der eidgenössischen Volksabstimmungen. Abgerufen am 8.9.2025 von www.swissvotes.ch
source_comment: "
850,2,1,272,,,"page_number_string: 
notes: 
source_full_citation: Swissvotes. (2025). Swissvotes – die Datenbank der eidgenössischen Volksabstimmungen. Abgerufen am 8.9.2025 von www.swissvotes.ch
source_comment: "
851,2,1,273,,,"page_number_string: 
notes: 
source_full_citation: Swissvotes. (2025). Swissvotes – die Datenbank der eidgenössischen Volksabstimmungen. Abgerufen am 8.9.2025 von www.swissvotes.ch
source_comment: "
852,2,2,274,,,"page_number_string: 
notes: 
source_full_citation: Swissvotes. (2025). Swissvotes – die Datenbank der eidgenössischen Volksabstimmungen. Abgerufen am 8.9.2025 von www.swissvotes.ch
source_comment: "
853,2,1,275,,,"page_number_string: 
notes: 
source_full_citation: Swissvotes. (2025). Swissvotes – die Datenbank der eidgenössischen Volksabstimmungen. Abgerufen am 8.9.2025 von www.swissvotes.ch
source_comment: "
854,2,2,276,,,"page_number_string: 
notes: 
source_full_citation: Swissvotes. (2025). Swissvotes – die Datenbank der eidgenössischen Volksabstimmungen. Abgerufen am 8.9.2025 von www.swissvotes.ch
source_comment: "
855,2,1,277,,,"page_number_string: 
notes: 
source_full_citation: Swissvotes. (2025). Swissvotes – die Datenbank der eidgenössischen Volksabstimmungen. Abgerufen am 8.9.2025 von www.swissvotes.ch
source_comment: "
856,2,1,278,,,"page_number_string: 
notes: 
source_full_citation: Swissvotes. (2025). Swissvotes – die Datenbank der eidgenössischen Volksabstimmungen. Abgerufen am 8.9.2025 von www.swissvotes.ch
source_comment: "
857,2,5,279,,,"page_number_string: 
notes: 
source_full_citation: Swissvotes. (2025). Swissvotes – die Datenbank der eidgenössischen Volksabstimmungen. Abgerufen am 8.9.2025 von www.swissvotes.ch
source_comment: "
858,2,1,280,,,"page_number_string: 
notes: 
source_full_citation: Swissvotes. (2025). Swissvotes – die Datenbank der eidgenössischen Volksabstimmungen. Abgerufen am 8.9.2025 von www.swissvotes.ch
source_comment: "
859,2,2,281,,,"page_number_string: 
notes: 
source_full_citation: Swissvotes. (2025). Swissvotes – die Datenbank der eidgenössischen Volksabstimmungen. Abgerufen am 8.9.2025 von www.swissvotes.ch
source_comment: "
860,2,5,282,,,"page_number_string: 
notes: 
source_full_citation: Swissvotes. (2025). Swissvotes – die Datenbank der eidgenössischen Volksabstimmungen. Abgerufen am 8.9.2025 von www.swissvotes.ch
source_comment: "
861,2,1,283,,,"page_number_string: 
notes: 
source_full_citation: Swissvotes. (2025). Swissvotes – die Datenbank der eidgenössischen Volksabstimmungen. Abgerufen am 8.9.2025 von www.swissvotes.ch
source_comment: "
862,2,1,284,,,"page_number_string: 
notes: 
source_full_citation: Swissvotes. (2025). Swissvotes – die Datenbank der eidgenössischen Volksabstimmungen. Abgerufen am 8.9.2025 von www.swissvotes.ch
source_comment: "
863,2,1,285,,,"page_number_string: 
notes: 
source_full_citation: Swissvotes. (2025). Swissvotes – die Datenbank der eidgenössischen Volksabstimmungen. Abgerufen am 8.9.2025 von www.swissvotes.ch
source_comment: "
864,2,2,286,,,"page_number_string: 
notes: 
source_full_citation: Swissvotes. (2025). Swissvotes – die Datenbank der eidgenössischen Volksabstimmungen. Abgerufen am 8.9.2025 von www.swissvotes.ch
source_comment: "
865,2,1,287,,,"page_number_string: 
notes: 
source_full_citation: Swissvotes. (2025). Swissvotes – die Datenbank der eidgenössischen Volksabstimmungen. Abgerufen am 8.9.2025 von www.swissvotes.ch
source_comment: "
866,2,1,288,,,"page_number_string: 
notes: 
source_full_citation: Swissvotes. (2025). Swissvotes – die Datenbank der eidgenössischen Volksabstimmungen. Abgerufen am 8.9.2025 von www.swissvotes.ch
source_comment: "
867,2,1,289,,,"page_number_string: 
notes: 
source_full_citation: Swissvotes. (2025). Swissvotes – die Datenbank der eidgenössischen Volksabstimmungen. Abgerufen am 8.9.2025 von www.swissvotes.ch
source_comment: "
868,2,1,290,,,"page_number_string: 
notes: 
source_full_citation: Swissvotes. (2025). Swissvotes – die Datenbank der eidgenössischen Volksabstimmungen. Abgerufen am 8.9.2025 von www.swissvotes.ch
source_comment: "
869,2,2,291,,,"page_number_string: 
notes: 
source_full_citation: Swissvotes. (2025). Swissvotes – die Datenbank der eidgenössischen Volksabstimmungen. Abgerufen am 8.9.2025 von www.swissvotes.ch
source_comment: "
870,2,2,292,,,"page_number_string: 
notes: 
source_full_citation: Swissvotes. (2025). Swissvotes – die Datenbank der eidgenössischen Volksabstimmungen. Abgerufen am 8.9.2025 von www.swissvotes.ch
source_comment: "
871,2,2,293,,,"page_number_string: 
notes: 
source_full_citation: Swissvotes. (2025). Swissvotes – die Datenbank der eidgenössischen Volksabstimmungen. Abgerufen am 8.9.2025 von www.swissvotes.ch
source_comment: "
872,2,1,294,,,"page_number_string: 
notes: 
source_full_citation: Swissvotes. (2025). Swissvotes – die Datenbank der eidgenössischen Volksabstimmungen. Abgerufen am 8.9.2025 von www.swissvotes.ch
source_comment: "
873,2,1,295,,,"page_number_string: 
notes: 
source_full_citation: Swissvotes. (2025). Swissvotes – die Datenbank der eidgenössischen Volksabstimmungen. Abgerufen am 8.9.2025 von www.swissvotes.ch
source_comment: "
874,2,1,296,,,"page_number_string: 
notes: 
source_full_citation: Swissvotes. (2025). Swissvotes – die Datenbank der eidgenössischen Volksabstimmungen. Abgerufen am 8.9.2025 von www.swissvotes.ch
source_comment: "
875,2,1,297,,,"page_number_string: 
notes: 
source_full_citation: Swissvotes. (2025). Swissvotes – die Datenbank der eidgenössischen Volksabstimmungen. Abgerufen am 8.9.2025 von www.swissvotes.ch
source_comment: "
876,2,2,298,,,"page_number_string: 
notes: 
source_full_citation: Swissvotes. (2025). Swissvotes – die Datenbank der eidgenössischen Volksabstimmungen. Abgerufen am 8.9.2025 von www.swissvotes.ch
source_comment: "
877,2,1,299,,,"page_number_string: 
notes: 
source_full_citation: Swissvotes. (2025). Swissvotes – die Datenbank der eidgenössischen Volksabstimmungen. Abgerufen am 8.9.2025 von www.swissvotes.ch
source_comment: "
878,2,2,300,,,"page_number_string: 
notes: 
source_full_citation: Swissvotes. (2025). Swissvotes – die Datenbank der eidgenössischen Volksabstimmungen. Abgerufen am 8.9.2025 von www.swissvotes.ch
source_comment: "
879,2,2,301,,,"page_number_string: 
notes: 
source_full_citation: Swissvotes. (2025). Swissvotes – die Datenbank der eidgenössischen Volksabstimmungen. Abgerufen am 8.9.2025 von www.swissvotes.ch
source_comment: "
880,2,1,302,,,"page_number_string: 
notes: 
source_full_citation: Swissvotes. (2025). Swissvotes – die Datenbank der eidgenössischen Volksabstimmungen. Abgerufen am 8.9.2025 von www.swissvotes.ch
source_comment: "
881,2,1,303,,,"page_number_string: 
notes: 
source_full_citation: Swissvotes. (2025). Swissvotes – die Datenbank der eidgenössischen Volksabstimmungen. Abgerufen am 8.9.2025 von www.swissvotes.ch
source_comment: "
882,2,2,304,,,"page_number_string: 
notes: 
source_full_citation: Swissvotes. (2025). Swissvotes – die Datenbank der eidgenössischen Volksabstimmungen. Abgerufen am 8.9.2025 von www.swissvotes.ch
source_comment: "
883,2,5,305,,,"page_number_string: 
notes: 
source_full_citation: Swissvotes. (2025). Swissvotes – die Datenbank der eidgenössischen Volksabstimmungen. Abgerufen am 8.9.2025 von www.swissvotes.ch
source_comment: "
884,2,2,306,,,"page_number_string: 
notes: 
source_full_citation: Swissvotes. (2025). Swissvotes – die Datenbank der eidgenössischen Volksabstimmungen. Abgerufen am 8.9.2025 von www.swissvotes.ch
source_comment: "
885,2,2,307,,,"page_number_string: 
notes: 
source_full_citation: Swissvotes. (2025). Swissvotes – die Datenbank der eidgenössischen Volksabstimmungen. Abgerufen am 8.9.2025 von www.swissvotes.ch
source_comment: "
886,2,1,308,,,"page_number_string: 
notes: 
source_full_citation: Swissvotes. (2025). Swissvotes – die Datenbank der eidgenössischen Volksabstimmungen. Abgerufen am 8.9.2025 von www.swissvotes.ch
source_comment: "
887,2,2,309,,,"page_number_string: 
notes: 
source_full_citation: Swissvotes. (2025). Swissvotes – die Datenbank der eidgenössischen Volksabstimmungen. Abgerufen am 8.9.2025 von www.swissvotes.ch
source_comment: "
888,2,1,310,,,"page_number_string: 
notes: 
source_full_citation: Swissvotes. (2025). Swissvotes – die Datenbank der eidgenössischen Volksabstimmungen. Abgerufen am 8.9.2025 von www.swissvotes.ch
source_comment: "
889,2,5,311,,,"page_number_string: 
notes: 
source_full_citation: Swissvotes. (2025). Swissvotes – die Datenbank der eidgenössischen Volksabstimmungen. Abgerufen am 8.9.2025 von www.swissvotes.ch
source_comment: "
890,2,2,312,,,"page_number_string: 
notes: 
source_full_citation: Swissvotes. (2025). Swissvotes – die Datenbank der eidgenössischen Volksabstimmungen. Abgerufen am 8.9.2025 von www.swissvotes.ch
source_comment: "
891,2,2,313,,,"page_number_string: 
notes: 
source_full_citation: Swissvotes. (2025). Swissvotes – die Datenbank der eidgenössischen Volksabstimmungen. Abgerufen am 8.9.2025 von www.swissvotes.ch
source_comment: "
892,2,1,314,,,"page_number_string: 
notes: 
source_full_citation: Swissvotes. (2025). Swissvotes – die Datenbank der eidgenössischen Volksabstimmungen. Abgerufen am 8.9.2025 von www.swissvotes.ch
source_comment: "
893,2,5,315,,,"page_number_string: 
notes: 
source_full_citation: Swissvotes. (2025). Swissvotes – die Datenbank der eidgenössischen Volksabstimmungen. Abgerufen am 8.9.2025 von www.swissvotes.ch
source_comment: "
894,2,1,316,,,"page_number_string: 
notes: 
source_full_citation: Swissvotes. (2025). Swissvotes – die Datenbank der eidgenössischen Volksabstimmungen. Abgerufen am 8.9.2025 von www.swissvotes.ch
source_comment: "
895,2,2,317,,,"page_number_string: 
notes: 
source_full_citation: Swissvotes. (2025). Swissvotes – die Datenbank der eidgenössischen Volksabstimmungen. Abgerufen am 8.9.2025 von www.swissvotes.ch
source_comment: "
896,2,1,318,,,"page_number_string: 
notes: 
source_full_citation: Swissvotes. (2025). Swissvotes – die Datenbank der eidgenössischen Volksabstimmungen. Abgerufen am 8.9.2025 von www.swissvotes.ch
source_comment: "
897,2,2,319,,,"page_number_string: 
notes: 
source_full_citation: Swissvotes. (2025). Swissvotes – die Datenbank der eidgenössischen Volksabstimmungen. Abgerufen am 8.9.2025 von www.swissvotes.ch
source_comment: "
898,2,2,320,,,"page_number_string: 
notes: 
source_full_citation: Swissvotes. (2025). Swissvotes – die Datenbank der eidgenössischen Volksabstimmungen. Abgerufen am 8.9.2025 von www.swissvotes.ch
source_comment: "
899,2,1,321,,,"page_number_string: 
notes: 
source_full_citation: Swissvotes. (2025). Swissvotes – die Datenbank der eidgenössischen Volksabstimmungen. Abgerufen am 8.9.2025 von www.swissvotes.ch
source_comment: "
900,2,1,322,,,"page_number_string: 
notes: 
source_full_citation: Swissvotes. (2025). Swissvotes – die Datenbank der eidgenössischen Volksabstimmungen. Abgerufen am 8.9.2025 von www.swissvotes.ch
source_comment: "
901,2,1,323,,,"page_number_string: 
notes: 
source_full_citation: Swissvotes. (2025). Swissvotes – die Datenbank der eidgenössischen Volksabstimmungen. Abgerufen am 8.9.2025 von www.swissvotes.ch
source_comment: "
902,2,1,324,,,"page_number_string: 
notes: 
source_full_citation: Swissvotes. (2025). Swissvotes – die Datenbank der eidgenössischen Volksabstimmungen. Abgerufen am 8.9.2025 von www.swissvotes.ch
source_comment: "
903,2,2,325,,,"page_number_string: 
notes: 
source_full_citation: Swissvotes. (2025). Swissvotes – die Datenbank der eidgenössischen Volksabstimmungen. Abgerufen am 8.9.2025 von www.swissvotes.ch
source_comment: "
904,2,1,326,,,"page_number_string: 
notes: 
source_full_citation: Swissvotes. (2025). Swissvotes – die Datenbank der eidgenössischen Volksabstimmungen. Abgerufen am 8.9.2025 von www.swissvotes.ch
source_comment: "
905,2,5,327,,,"page_number_string: 
notes: 
source_full_citation: Swissvotes. (2025). Swissvotes – die Datenbank der eidgenössischen Volksabstimmungen. Abgerufen am 8.9.2025 von www.swissvotes.ch
source_comment: "
906,2,1,328,,,"page_number_string: 
notes: 
source_full_citation: Swissvotes. (2025). Swissvotes – die Datenbank der eidgenössischen Volksabstimmungen. Abgerufen am 8.9.2025 von www.swissvotes.ch
source_comment: "
907,2,1,329,,,"page_number_string: 
notes: 
source_full_citation: Swissvotes. (2025). Swissvotes – die Datenbank der eidgenössischen Volksabstimmungen. Abgerufen am 8.9.2025 von www.swissvotes.ch
source_comment: "
908,2,1,330,,,"page_number_string: 
notes: 
source_full_citation: Swissvotes. (2025). Swissvotes – die Datenbank der eidgenössischen Volksabstimmungen. Abgerufen am 8.9.2025 von www.swissvotes.ch
source_comment: "
909,2,1,331,,,"page_number_string: 
notes: 
source_full_citation: Swissvotes. (2025). Swissvotes – die Datenbank der eidgenössischen Volksabstimmungen. Abgerufen am 8.9.2025 von www.swissvotes.ch
source_comment: "
910,2,5,332,,,"page_number_string: 
notes: 
source_full_citation: Swissvotes. (2025). Swissvotes – die Datenbank der eidgenössischen Volksabstimmungen. Abgerufen am 8.9.2025 von www.swissvotes.ch
source_comment: "
911,2,1,333,,,"page_number_string: 
notes: 
source_full_citation: Swissvotes. (2025). Swissvotes – die Datenbank der eidgenössischen Volksabstimmungen. Abgerufen am 8.9.2025 von www.swissvotes.ch
source_comment: "
912,2,1,334,,,"page_number_string: 
notes: 
source_full_citation: Swissvotes. (2025). Swissvotes – die Datenbank der eidgenössischen Volksabstimmungen. Abgerufen am 8.9.2025 von www.swissvotes.ch
source_comment: "
913,2,1,335,,,"page_number_string: 
notes: 
source_full_citation: Swissvotes. (2025). Swissvotes – die Datenbank der eidgenössischen Volksabstimmungen. Abgerufen am 8.9.2025 von www.swissvotes.ch
source_comment: "
914,2,1,336,,,"page_number_string: 
notes: 
source_full_citation: Swissvotes. (2025). Swissvotes – die Datenbank der eidgenössischen Volksabstimmungen. Abgerufen am 8.9.2025 von www.swissvotes.ch
source_comment: "
915,2,2,337,,,"page_number_string: 
notes: 
source_full_citation: Swissvotes. (2025). Swissvotes – die Datenbank der eidgenössischen Volksabstimmungen. Abgerufen am 8.9.2025 von www.swissvotes.ch
source_comment: "
916,2,1,338,,,"page_number_string: 
notes: 
source_full_citation: Swissvotes. (2025). Swissvotes – die Datenbank der eidgenössischen Volksabstimmungen. Abgerufen am 8.9.2025 von www.swissvotes.ch
source_comment: "
917,2,1,339,,,"page_number_string: 
notes: 
source_full_citation: Swissvotes. (2025). Swissvotes – die Datenbank der eidgenössischen Volksabstimmungen. Abgerufen am 8.9.2025 von www.swissvotes.ch
source_comment: "
918,2,2,340,,,"page_number_string: 
notes: 
source_full_citation: Swissvotes. (2025). Swissvotes – die Datenbank der eidgenössischen Volksabstimmungen. Abgerufen am 8.9.2025 von www.swissvotes.ch
source_comment: "
919,2,5,341,,,"page_number_string: 
notes: 
source_full_citation: Swissvotes. (2025). Swissvotes – die Datenbank der eidgenössischen Volksabstimmungen. Abgerufen am 8.9.2025 von www.swissvotes.ch
source_comment: "
920,2,5,342,,,"page_number_string: 
notes: 
source_full_citation: Swissvotes. (2025). Swissvotes – die Datenbank der eidgenössischen Volksabstimmungen. Abgerufen am 8.9.2025 von www.swissvotes.ch
source_comment: "
921,2,1,343,,,"page_number_string: 
notes: 
source_full_citation: Swissvotes. (2025). Swissvotes – die Datenbank der eidgenössischen Volksabstimmungen. Abgerufen am 8.9.2025 von www.swissvotes.ch
source_comment: "
922,2,1,344,,,"page_number_string: 
notes: 
source_full_citation: Swissvotes. (2025). Swissvotes – die Datenbank der eidgenössischen Volksabstimmungen. Abgerufen am 8.9.2025 von www.swissvotes.ch
source_comment: "
923,2,1,345,,,"page_number_string: 
notes: 
source_full_citation: Swissvotes. (2025). Swissvotes – die Datenbank der eidgenössischen Volksabstimmungen. Abgerufen am 8.9.2025 von www.swissvotes.ch
source_comment: "
924,2,1,346,,,"page_number_string: 
notes: 
source_full_citation: Swissvotes. (2025). Swissvotes – die Datenbank der eidgenössischen Volksabstimmungen. Abgerufen am 8.9.2025 von www.swissvotes.ch
source_comment: "
925,2,1,347,,,"page_number_string: 
notes: 
source_full_citation: Swissvotes. (2025). Swissvotes – die Datenbank der eidgenössischen Volksabstimmungen. Abgerufen am 8.9.2025 von www.swissvotes.ch
source_comment: "
926,2,1,348,,,"page_number_string: 
notes: 
source_full_citation: Swissvotes. (2025). Swissvotes – die Datenbank der eidgenössischen Volksabstimmungen. Abgerufen am 8.9.2025 von www.swissvotes.ch
source_comment: "
927,2,1,349,,,"page_number_string: 
notes: 
source_full_citation: Swissvotes. (2025). Swissvotes – die Datenbank der eidgenössischen Volksabstimmungen. Abgerufen am 8.9.2025 von www.swissvotes.ch
source_comment: "
928,2,1,350,,,"page_number_string: 
notes: 
source_full_citation: Swissvotes. (2025). Swissvotes – die Datenbank der eidgenössischen Volksabstimmungen. Abgerufen am 8.9.2025 von www.swissvotes.ch
source_comment: "
929,2,1,351,,,"page_number_string: 
notes: 
source_full_citation: Swissvotes. (2025). Swissvotes – die Datenbank der eidgenössischen Volksabstimmungen. Abgerufen am 8.9.2025 von www.swissvotes.ch
source_comment: "
930,2,1,352,,,"page_number_string: 
notes: 
source_full_citation: Swissvotes. (2025). Swissvotes – die Datenbank der eidgenössischen Volksabstimmungen. Abgerufen am 8.9.2025 von www.swissvotes.ch
source_comment: "
931,2,1,353,,,"page_number_string: 
notes: 
source_full_citation: Swissvotes. (2025). Swissvotes – die Datenbank der eidgenössischen Volksabstimmungen. Abgerufen am 8.9.2025 von www.swissvotes.ch
source_comment: "
932,2,1,354,,,"page_number_string: 
notes: 
source_full_citation: Swissvotes. (2025). Swissvotes – die Datenbank der eidgenössischen Volksabstimmungen. Abgerufen am 8.9.2025 von www.swissvotes.ch
source_comment: "
933,2,1,355,,,"page_number_string: 
notes: 
source_full_citation: Swissvotes. (2025). Swissvotes – die Datenbank der eidgenössischen Volksabstimmungen. Abgerufen am 8.9.2025 von www.swissvotes.ch
source_comment: "
934,2,1,356,,,"page_number_string: 
notes: 
source_full_citation: Swissvotes. (2025). Swissvotes – die Datenbank der eidgenössischen Volksabstimmungen. Abgerufen am 8.9.2025 von www.swissvotes.ch
source_comment: "
935,2,2,357,,,"page_number_string: 
notes: 
source_full_citation: Swissvotes. (2025). Swissvotes – die Datenbank der eidgenössischen Volksabstimmungen. Abgerufen am 8.9.2025 von www.swissvotes.ch
source_comment: "
936,2,1,358,,,"page_number_string: 
notes: 
source_full_citation: Swissvotes. (2025). Swissvotes – die Datenbank der eidgenössischen Volksabstimmungen. Abgerufen am 8.9.2025 von www.swissvotes.ch
source_comment: "
937,2,2,359,,,"page_number_string: 
notes: 
source_full_citation: Swissvotes. (2025). Swissvotes – die Datenbank der eidgenössischen Volksabstimmungen. Abgerufen am 8.9.2025 von www.swissvotes.ch
source_comment: "
938,2,1,360,,,"page_number_string: 
notes: 
source_full_citation: Swissvotes. (2025). Swissvotes – die Datenbank der eidgenössischen Volksabstimmungen. Abgerufen am 8.9.2025 von www.swissvotes.ch
source_comment: "
939,2,1,361,,,"page_number_string: 
notes: 
source_full_citation: Swissvotes. (2025). Swissvotes – die Datenbank der eidgenössischen Volksabstimmungen. Abgerufen am 8.9.2025 von www.swissvotes.ch
source_comment: "
940,2,1,362,,,"page_number_string: 
notes: 
source_full_citation: Swissvotes. (2025). Swissvotes – die Datenbank der eidgenössischen Volksabstimmungen. Abgerufen am 8.9.2025 von www.swissvotes.ch
source_comment: "
941,2,1,363,,,"page_number_string: 
notes: 
source_full_citation: Swissvotes. (2025). Swissvotes – die Datenbank der eidgenössischen Volksabstimmungen. Abgerufen am 8.9.2025 von www.swissvotes.ch
source_comment: "
942,2,1,364,,,"page_number_string: 
notes: 
source_full_citation: Swissvotes. (2025). Swissvotes – die Datenbank der eidgenössischen Volksabstimmungen. Abgerufen am 8.9.2025 von www.swissvotes.ch
source_comment: "
943,2,1,365,,,"page_number_string: 
notes: 
source_full_citation: Swissvotes. (2025). Swissvotes – die Datenbank der eidgenössischen Volksabstimmungen. Abgerufen am 8.9.2025 von www.swissvotes.ch
source_comment: "
944,2,2,366,,,"page_number_string: 
notes: 
source_full_citation: Swissvotes. (2025). Swissvotes – die Datenbank der eidgenössischen Volksabstimmungen. Abgerufen am 8.9.2025 von www.swissvotes.ch
source_comment: "
945,2,1,367,,,"page_number_string: 
notes: 
source_full_citation: Swissvotes. (2025). Swissvotes – die Datenbank der eidgenössischen Volksabstimmungen. Abgerufen am 8.9.2025 von www.swissvotes.ch
source_comment: "
946,2,1,368,,,"page_number_string: 
notes: 
source_full_citation: Swissvotes. (2025). Swissvotes – die Datenbank der eidgenössischen Volksabstimmungen. Abgerufen am 8.9.2025 von www.swissvotes.ch
source_comment: "
947,2,4,369,,,"page_number_string: 
notes: 
source_full_citation: Swissvotes. (2025). Swissvotes – die Datenbank der eidgenössischen Volksabstimmungen. Abgerufen am 8.9.2025 von www.swissvotes.ch
source_comment: "
948,2,1,370,,,"page_number_string: 
notes: 
source_full_citation: Swissvotes. (2025). Swissvotes – die Datenbank der eidgenössischen Volksabstimmungen. Abgerufen am 8.9.2025 von www.swissvotes.ch
source_comment: "
949,2,5,371,,,"page_number_string: 
notes: 
source_full_citation: Swissvotes. (2025). Swissvotes – die Datenbank der eidgenössischen Volksabstimmungen. Abgerufen am 8.9.2025 von www.swissvotes.ch
source_comment: "
950,2,1,372,,,"page_number_string: 
notes: 
source_full_citation: Swissvotes. (2025). Swissvotes – die Datenbank der eidgenössischen Volksabstimmungen. Abgerufen am 8.9.2025 von www.swissvotes.ch
source_comment: "
951,2,1,373,,,"page_number_string: 
notes: 
source_full_citation: Swissvotes. (2025). Swissvotes – die Datenbank der eidgenössischen Volksabstimmungen. Abgerufen am 8.9.2025 von www.swissvotes.ch
source_comment: "
952,2,2,374,,,"page_number_string: 
notes: 
source_full_citation: Swissvotes. (2025). Swissvotes – die Datenbank der eidgenössischen Volksabstimmungen. Abgerufen am 8.9.2025 von www.swissvotes.ch
source_comment: "
953,2,2,375,,,"page_number_string: 
notes: 
source_full_citation: Swissvotes. (2025). Swissvotes – die Datenbank der eidgenössischen Volksabstimmungen. Abgerufen am 8.9.2025 von www.swissvotes.ch
source_comment: "
954,2,1,376,,,"page_number_string: 
notes: 
source_full_citation: Swissvotes. (2025). Swissvotes – die Datenbank der eidgenössischen Volksabstimmungen. Abgerufen am 8.9.2025 von www.swissvotes.ch
source_comment: "
955,2,1,377,,,"page_number_string: 
notes: 
source_full_citation: Swissvotes. (2025). Swissvotes – die Datenbank der eidgenössischen Volksabstimmungen. Abgerufen am 8.9.2025 von www.swissvotes.ch
source_comment: "
956,2,1,378,,,"page_number_string: 
notes: 
source_full_citation: Swissvotes. (2025). Swissvotes – die Datenbank der eidgenössischen Volksabstimmungen. Abgerufen am 8.9.2025 von www.swissvotes.ch
source_comment: "
957,2,1,379,,,"page_number_string: 
notes: 
source_full_citation: Swissvotes. (2025). Swissvotes – die Datenbank der eidgenössischen Volksabstimmungen. Abgerufen am 8.9.2025 von www.swissvotes.ch
source_comment: "
958,2,1,380,,,"page_number_string: 
notes: 
source_full_citation: Swissvotes. (2025). Swissvotes – die Datenbank der eidgenössischen Volksabstimmungen. Abgerufen am 8.9.2025 von www.swissvotes.ch
source_comment: "
959,2,1,381,,,"page_number_string: 
notes: 
source_full_citation: Swissvotes. (2025). Swissvotes – die Datenbank der eidgenössischen Volksabstimmungen. Abgerufen am 8.9.2025 von www.swissvotes.ch
source_comment: "
960,2,1,382,,,"page_number_string: 
notes: 
source_full_citation: Swissvotes. (2025). Swissvotes – die Datenbank der eidgenössischen Volksabstimmungen. Abgerufen am 8.9.2025 von www.swissvotes.ch
source_comment: "
961,2,1,383,,,"page_number_string: 
notes: 
source_full_citation: Swissvotes. (2025). Swissvotes – die Datenbank der eidgenössischen Volksabstimmungen. Abgerufen am 8.9.2025 von www.swissvotes.ch
source_comment: "
962,2,1,384,,,"page_number_string: 
notes: 
source_full_citation: Swissvotes. (2025). Swissvotes – die Datenbank der eidgenössischen Volksabstimmungen. Abgerufen am 8.9.2025 von www.swissvotes.ch
source_comment: "
963,2,2,385,,,"page_number_string: 
notes: 
source_full_citation: Swissvotes. (2025). Swissvotes – die Datenbank der eidgenössischen Volksabstimmungen. Abgerufen am 8.9.2025 von www.swissvotes.ch
source_comment: "
964,2,1,386,,,"page_number_string: 
notes: 
source_full_citation: Swissvotes. (2025). Swissvotes – die Datenbank der eidgenössischen Volksabstimmungen. Abgerufen am 8.9.2025 von www.swissvotes.ch
source_comment: "
965,2,5,387,,,"page_number_string: 
notes: 
source_full_citation: Swissvotes. (2025). Swissvotes – die Datenbank der eidgenössischen Volksabstimmungen. Abgerufen am 8.9.2025 von www.swissvotes.ch
source_comment: "
966,2,2,388,,,"page_number_string: 
notes: 
source_full_citation: Swissvotes. (2025). Swissvotes – die Datenbank der eidgenössischen Volksabstimmungen. Abgerufen am 8.9.2025 von www.swissvotes.ch
source_comment: "
967,2,1,389,,,"page_number_string: 
notes: 
source_full_citation: Swissvotes. (2025). Swissvotes – die Datenbank der eidgenössischen Volksabstimmungen. Abgerufen am 8.9.2025 von www.swissvotes.ch
source_comment: "
968,2,1,390,,,"page_number_string: 
notes: 
source_full_citation: Swissvotes. (2025). Swissvotes – die Datenbank der eidgenössischen Volksabstimmungen. Abgerufen am 8.9.2025 von www.swissvotes.ch
source_comment: "
969,2,1,391,,,"page_number_string: 
notes: 
source_full_citation: Swissvotes. (2025). Swissvotes – die Datenbank der eidgenössischen Volksabstimmungen. Abgerufen am 8.9.2025 von www.swissvotes.ch
source_comment: "
970,2,1,392,,,"page_number_string: 
notes: 
source_full_citation: Swissvotes. (2025). Swissvotes – die Datenbank der eidgenössischen Volksabstimmungen. Abgerufen am 8.9.2025 von www.swissvotes.ch
source_comment: "
971,2,5,393,,,"page_number_string: 
notes: 
source_full_citation: Swissvotes. (2025). Swissvotes – die Datenbank der eidgenössischen Volksabstimmungen. Abgerufen am 8.9.2025 von www.swissvotes.ch
source_comment: "
972,2,2,394,,,"page_number_string: 
notes: 
source_full_citation: Swissvotes. (2025). Swissvotes – die Datenbank der eidgenössischen Volksabstimmungen. Abgerufen am 8.9.2025 von www.swissvotes.ch
source_comment: "
973,2,1,395,,,"page_number_string: 
notes: 
source_full_citation: Swissvotes. (2025). Swissvotes – die Datenbank der eidgenössischen Volksabstimmungen. Abgerufen am 8.9.2025 von www.swissvotes.ch
source_comment: "
974,2,1,396,,,"page_number_string: 
notes: 
source_full_citation: Swissvotes. (2025). Swissvotes – die Datenbank der eidgenössischen Volksabstimmungen. Abgerufen am 8.9.2025 von www.swissvotes.ch
source_comment: "
975,2,1,397,,,"page_number_string: 
notes: 
source_full_citation: Swissvotes. (2025). Swissvotes – die Datenbank der eidgenössischen Volksabstimmungen. Abgerufen am 8.9.2025 von www.swissvotes.ch
source_comment: "
976,2,2,398,,,"page_number_string: 
notes: 
source_full_citation: Swissvotes. (2025). Swissvotes – die Datenbank der eidgenössischen Volksabstimmungen. Abgerufen am 8.9.2025 von www.swissvotes.ch
source_comment: "
977,2,1,399,,,"page_number_string: 
notes: 
source_full_citation: Swissvotes. (2025). Swissvotes – die Datenbank der eidgenössischen Volksabstimmungen. Abgerufen am 8.9.2025 von www.swissvotes.ch
source_comment: "
978,2,1,400,,,"page_number_string: 
notes: 
source_full_citation: Swissvotes. (2025). Swissvotes – die Datenbank der eidgenössischen Volksabstimmungen. Abgerufen am 8.9.2025 von www.swissvotes.ch
source_comment: "
979,2,1,401,,,"page_number_string: 
notes: 
source_full_citation: Swissvotes. (2025). Swissvotes – die Datenbank der eidgenössischen Volksabstimmungen. Abgerufen am 8.9.2025 von www.swissvotes.ch
source_comment: "
980,2,2,402,,,"page_number_string: 
notes: 
source_full_citation: Swissvotes. (2025). Swissvotes – die Datenbank der eidgenössischen Volksabstimmungen. Abgerufen am 8.9.2025 von www.swissvotes.ch
source_comment: "
981,2,1,403,,,"page_number_string: 
notes: 
source_full_citation: Swissvotes. (2025). Swissvotes – die Datenbank der eidgenössischen Volksabstimmungen. Abgerufen am 8.9.2025 von www.swissvotes.ch
source_comment: "
982,2,1,404,,,"page_number_string: 
notes: 
source_full_citation: Swissvotes. (2025). Swissvotes – die Datenbank der eidgenössischen Volksabstimmungen. Abgerufen am 8.9.2025 von www.swissvotes.ch
source_comment: "
983,2,5,405,,,"page_number_string: 
notes: 
source_full_citation: Swissvotes. (2025). Swissvotes – die Datenbank der eidgenössischen Volksabstimmungen. Abgerufen am 8.9.2025 von www.swissvotes.ch
source_comment: "
984,2,5,406,,,"page_number_string: 
notes: 
source_full_citation: Swissvotes. (2025). Swissvotes – die Datenbank der eidgenössischen Volksabstimmungen. Abgerufen am 8.9.2025 von www.swissvotes.ch
source_comment: "
985,2,1,407,,,"page_number_string: 
notes: 
source_full_citation: Swissvotes. (2025). Swissvotes – die Datenbank der eidgenössischen Volksabstimmungen. Abgerufen am 8.9.2025 von www.swissvotes.ch
source_comment: "
986,2,1,408,,,"page_number_string: 
notes: 
source_full_citation: Swissvotes. (2025). Swissvotes – die Datenbank der eidgenössischen Volksabstimmungen. Abgerufen am 8.9.2025 von www.swissvotes.ch
source_comment: "
987,2,1,409,,,"page_number_string: 
notes: 
source_full_citation: Swissvotes. (2025). Swissvotes – die Datenbank der eidgenössischen Volksabstimmungen. Abgerufen am 8.9.2025 von www.swissvotes.ch
source_comment: "
988,2,1,410,,,"page_number_string: 
notes: 
source_full_citation: Swissvotes. (2025). Swissvotes – die Datenbank der eidgenössischen Volksabstimmungen. Abgerufen am 8.9.2025 von www.swissvotes.ch
source_comment: "
989,2,1,411,,,"page_number_string: 
notes: 
source_full_citation: Swissvotes. (2025). Swissvotes – die Datenbank der eidgenössischen Volksabstimmungen. Abgerufen am 8.9.2025 von www.swissvotes.ch
source_comment: "
990,2,1,412,,,"page_number_string: 
notes: 
source_full_citation: Swissvotes. (2025). Swissvotes – die Datenbank der eidgenössischen Volksabstimmungen. Abgerufen am 8.9.2025 von www.swissvotes.ch
source_comment: "
991,2,1,413,,,"page_number_string: 
notes: 
source_full_citation: Swissvotes. (2025). Swissvotes – die Datenbank der eidgenössischen Volksabstimmungen. Abgerufen am 8.9.2025 von www.swissvotes.ch
source_comment: "
992,2,1,414,,,"page_number_string: 
notes: 
source_full_citation: Swissvotes. (2025). Swissvotes – die Datenbank der eidgenössischen Volksabstimmungen. Abgerufen am 8.9.2025 von www.swissvotes.ch
source_comment: "
993,2,1,415,,,"page_number_string: 
notes: 
source_full_citation: Swissvotes. (2025). Swissvotes – die Datenbank der eidgenössischen Volksabstimmungen. Abgerufen am 8.9.2025 von www.swissvotes.ch
source_comment: "
994,2,2,416,,,"page_number_string: 
notes: 
source_full_citation: Swissvotes. (2025). Swissvotes – die Datenbank der eidgenössischen Volksabstimmungen. Abgerufen am 8.9.2025 von www.swissvotes.ch
source_comment: "
995,2,1,417,,,"page_number_string: 
notes: 
source_full_citation: Swissvotes. (2025). Swissvotes – die Datenbank der eidgenössischen Volksabstimmungen. Abgerufen am 8.9.2025 von www.swissvotes.ch
source_comment: "
996,2,1,418,,,"page_number_string: 
notes: 
source_full_citation: Swissvotes. (2025). Swissvotes – die Datenbank der eidgenössischen Volksabstimmungen. Abgerufen am 8.9.2025 von www.swissvotes.ch
source_comment: "
997,2,1,419,,,"page_number_string: 
notes: 
source_full_citation: Swissvotes. (2025). Swissvotes – die Datenbank der eidgenössischen Volksabstimmungen. Abgerufen am 8.9.2025 von www.swissvotes.ch
source_comment: "
998,2,5,420,,,"page_number_string: 
notes: 
source_full_citation: Swissvotes. (2025). Swissvotes – die Datenbank der eidgenössischen Volksabstimmungen. Abgerufen am 8.9.2025 von www.swissvotes.ch
source_comment: "
999,2,2,421,,,"page_number_string: 
notes: 
source_full_citation: Swissvotes. (2025). Swissvotes – die Datenbank der eidgenössischen Volksabstimmungen. Abgerufen am 8.9.2025 von www.swissvotes.ch
source_comment: "
1000,2,1,422,,,"page_number_string: 
notes: 
source_full_citation: Swissvotes. (2025). Swissvotes – die Datenbank der eidgenössischen Volksabstimmungen. Abgerufen am 8.9.2025 von www.swissvotes.ch
source_comment: "
1001,2,1,423,,,"page_number_string: 
notes: 
source_full_citation: Swissvotes. (2025). Swissvotes – die Datenbank der eidgenössischen Volksabstimmungen. Abgerufen am 8.9.2025 von www.swissvotes.ch
source_comment: "
1002,2,1,424,,,"page_number_string: 
notes: 
source_full_citation: Swissvotes. (2025). Swissvotes – die Datenbank der eidgenössischen Volksabstimmungen. Abgerufen am 8.9.2025 von www.swissvotes.ch
source_comment: "
1003,2,1,425,,,"page_number_string: 
notes: 
source_full_citation: Swissvotes. (2025). Swissvotes – die Datenbank der eidgenössischen Volksabstimmungen. Abgerufen am 8.9.2025 von www.swissvotes.ch
source_comment: "
1004,2,1,426,,,"page_number_string: 
notes: 
source_full_citation: Swissvotes. (2025). Swissvotes – die Datenbank der eidgenössischen Volksabstimmungen. Abgerufen am 8.9.2025 von www.swissvotes.ch
source_comment: "
1005,2,1,427,,,"page_number_string: 
notes: 
source_full_citation: Swissvotes. (2025). Swissvotes – die Datenbank der eidgenössischen Volksabstimmungen. Abgerufen am 8.9.2025 von www.swissvotes.ch
source_comment: "
1006,2,2,428,,,"page_number_string: 
notes: 
source_full_citation: Swissvotes. (2025). Swissvotes – die Datenbank der eidgenössischen Volksabstimmungen. Abgerufen am 8.9.2025 von www.swissvotes.ch
source_comment: "
1007,2,1,429,,,"page_number_string: 
notes: 
source_full_citation: Swissvotes. (2025). Swissvotes – die Datenbank der eidgenössischen Volksabstimmungen. Abgerufen am 8.9.2025 von www.swissvotes.ch
source_comment: "
1008,2,1,430,,,"page_number_string: 
notes: 
source_full_citation: Swissvotes. (2025). Swissvotes – die Datenbank der eidgenössischen Volksabstimmungen. Abgerufen am 8.9.2025 von www.swissvotes.ch
source_comment: "
1009,2,1,431,,,"page_number_string: 
notes: 
source_full_citation: Swissvotes. (2025). Swissvotes – die Datenbank der eidgenössischen Volksabstimmungen. Abgerufen am 8.9.2025 von www.swissvotes.ch
source_comment: "
1010,2,1,432,,,"page_number_string: 
notes: 
source_full_citation: Swissvotes. (2025). Swissvotes – die Datenbank der eidgenössischen Volksabstimmungen. Abgerufen am 8.9.2025 von www.swissvotes.ch
source_comment: "
1011,2,1,433,,,"page_number_string: 
notes: 
source_full_citation: Swissvotes. (2025). Swissvotes – die Datenbank der eidgenössischen Volksabstimmungen. Abgerufen am 8.9.2025 von www.swissvotes.ch
source_comment: "
1012,2,1,434,,,"page_number_string: 
notes: 
source_full_citation: Swissvotes. (2025). Swissvotes – die Datenbank der eidgenössischen Volksabstimmungen. Abgerufen am 8.9.2025 von www.swissvotes.ch
source_comment: "
1013,2,1,435,,,"page_number_string: 
notes: 
source_full_citation: Swissvotes. (2025). Swissvotes – die Datenbank der eidgenössischen Volksabstimmungen. Abgerufen am 8.9.2025 von www.swissvotes.ch
source_comment: "
1014,2,1,436,,,"page_number_string: 
notes: 
source_full_citation: Swissvotes. (2025). Swissvotes – die Datenbank der eidgenössischen Volksabstimmungen. Abgerufen am 8.9.2025 von www.swissvotes.ch
source_comment: "
1015,2,1,437,,,"page_number_string: 
notes: 
source_full_citation: Swissvotes. (2025). Swissvotes – die Datenbank der eidgenössischen Volksabstimmungen. Abgerufen am 8.9.2025 von www.swissvotes.ch
source_comment: "
1016,2,1,438,,,"page_number_string: 
notes: 
source_full_citation: Swissvotes. (2025). Swissvotes – die Datenbank der eidgenössischen Volksabstimmungen. Abgerufen am 8.9.2025 von www.swissvotes.ch
source_comment: "
1017,2,2,439,,,"page_number_string: 
notes: 
source_full_citation: Swissvotes. (2025). Swissvotes – die Datenbank der eidgenössischen Volksabstimmungen. Abgerufen am 8.9.2025 von www.swissvotes.ch
source_comment: "
1018,2,1,440,,,"page_number_string: 
notes: 
source_full_citation: Swissvotes. (2025). Swissvotes – die Datenbank der eidgenössischen Volksabstimmungen. Abgerufen am 8.9.2025 von www.swissvotes.ch
source_comment: "
1019,2,1,441,,,"page_number_string: 
notes: 
source_full_citation: Swissvotes. (2025). Swissvotes – die Datenbank der eidgenössischen Volksabstimmungen. Abgerufen am 8.9.2025 von www.swissvotes.ch
source_comment: "
1020,2,1,442,,,"page_number_string: 
notes: 
source_full_citation: Swissvotes. (2025). Swissvotes – die Datenbank der eidgenössischen Volksabstimmungen. Abgerufen am 8.9.2025 von www.swissvotes.ch
source_comment: "
1021,2,1,443,,,"page_number_string: 
notes: 
source_full_citation: Swissvotes. (2025). Swissvotes – die Datenbank der eidgenössischen Volksabstimmungen. Abgerufen am 8.9.2025 von www.swissvotes.ch
source_comment: "
1022,2,1,444,,,"page_number_string: 
notes: 
source_full_citation: Swissvotes. (2025). Swissvotes – die Datenbank der eidgenössischen Volksabstimmungen. Abgerufen am 8.9.2025 von www.swissvotes.ch
source_comment: "
1023,2,1,445,,,"page_number_string: 
notes: 
source_full_citation: Swissvotes. (2025). Swissvotes – die Datenbank der eidgenössischen Volksabstimmungen. Abgerufen am 8.9.2025 von www.swissvotes.ch
source_comment: "
1024,2,1,446,,,"page_number_string: 
notes: 
source_full_citation: Swissvotes. (2025). Swissvotes – die Datenbank der eidgenössischen Volksabstimmungen. Abgerufen am 8.9.2025 von www.swissvotes.ch
source_comment: "
1025,2,2,447,,,"page_number_string: 
notes: 
source_full_citation: Swissvotes. (2025). Swissvotes – die Datenbank der eidgenössischen Volksabstimmungen. Abgerufen am 8.9.2025 von www.swissvotes.ch
source_comment: "
1026,2,2,448,,,"page_number_string: 
notes: 
source_full_citation: Swissvotes. (2025). Swissvotes – die Datenbank der eidgenössischen Volksabstimmungen. Abgerufen am 8.9.2025 von www.swissvotes.ch
source_comment: "
1027,2,2,449,,,"page_number_string: 
notes: 
source_full_citation: Swissvotes. (2025). Swissvotes – die Datenbank der eidgenössischen Volksabstimmungen. Abgerufen am 8.9.2025 von www.swissvotes.ch
source_comment: "
1028,2,2,450,,,"page_number_string: 
notes: 
source_full_citation: Swissvotes. (2025). Swissvotes – die Datenbank der eidgenössischen Volksabstimmungen. Abgerufen am 8.9.2025 von www.swissvotes.ch
source_comment: "
1029,2,5,451,,,"page_number_string: 
notes: 
source_full_citation: Swissvotes. (2025). Swissvotes – die Datenbank der eidgenössischen Volksabstimmungen. Abgerufen am 8.9.2025 von www.swissvotes.ch
source_comment: "
1030,2,1,452,,,"page_number_string: 
notes: 
source_full_citation: Swissvotes. (2025). Swissvotes – die Datenbank der eidgenössischen Volksabstimmungen. Abgerufen am 8.9.2025 von www.swissvotes.ch
source_comment: "
1031,2,1,453,,,"page_number_string: 
notes: 
source_full_citation: Swissvotes. (2025). Swissvotes – die Datenbank der eidgenössischen Volksabstimmungen. Abgerufen am 8.9.2025 von www.swissvotes.ch
source_comment: "
1032,2,1,454,,,"page_number_string: 
notes: 
source_full_citation: Swissvotes. (2025). Swissvotes – die Datenbank der eidgenössischen Volksabstimmungen. Abgerufen am 8.9.2025 von www.swissvotes.ch
source_comment: "
1033,2,1,455,,,"page_number_string: 
notes: 
source_full_citation: Swissvotes. (2025). Swissvotes – die Datenbank der eidgenössischen Volksabstimmungen. Abgerufen am 8.9.2025 von www.swissvotes.ch
source_comment: "
1034,2,1,456,,,"page_number_string: 
notes: 
source_full_citation: Swissvotes. (2025). Swissvotes – die Datenbank der eidgenössischen Volksabstimmungen. Abgerufen am 8.9.2025 von www.swissvotes.ch
source_comment: "
1035,2,1,457,,,"page_number_string: 
notes: 
source_full_citation: Swissvotes. (2025). Swissvotes – die Datenbank der eidgenössischen Volksabstimmungen. Abgerufen am 8.9.2025 von www.swissvotes.ch
source_comment: "
1036,2,1,458,,,"page_number_string: 
notes: 
source_full_citation: Swissvotes. (2025). Swissvotes – die Datenbank der eidgenössischen Volksabstimmungen. Abgerufen am 8.9.2025 von www.swissvotes.ch
source_comment: "
1037,2,5,459,,,"page_number_string: 
notes: 
source_full_citation: Swissvotes. (2025). Swissvotes – die Datenbank der eidgenössischen Volksabstimmungen. Abgerufen am 8.9.2025 von www.swissvotes.ch
source_comment: "
1038,2,1,460,,,"page_number_string: 
notes: 
source_full_citation: Swissvotes. (2025). Swissvotes – die Datenbank der eidgenössischen Volksabstimmungen. Abgerufen am 8.9.2025 von www.swissvotes.ch
source_comment: "
1039,2,1,461,,,"page_number_string: 
notes: 
source_full_citation: Swissvotes. (2025). Swissvotes – die Datenbank der eidgenössischen Volksabstimmungen. Abgerufen am 8.9.2025 von www.swissvotes.ch
source_comment: "
1040,2,2,462,,,"page_number_string: 
notes: 
source_full_citation: Swissvotes. (2025). Swissvotes – die Datenbank der eidgenössischen Volksabstimmungen. Abgerufen am 8.9.2025 von www.swissvotes.ch
source_comment: "
1041,2,2,463,,,"page_number_string: 
notes: 
source_full_citation: Swissvotes. (2025). Swissvotes – die Datenbank der eidgenössischen Volksabstimmungen. Abgerufen am 8.9.2025 von www.swissvotes.ch
source_comment: "
1042,2,2,464,,,"page_number_string: 
notes: 
source_full_citation: Swissvotes. (2025). Swissvotes – die Datenbank der eidgenössischen Volksabstimmungen. Abgerufen am 8.9.2025 von www.swissvotes.ch
source_comment: "
1043,2,1,465,,,"page_number_string: 
notes: 
source_full_citation: Swissvotes. (2025). Swissvotes – die Datenbank der eidgenössischen Volksabstimmungen. Abgerufen am 8.9.2025 von www.swissvotes.ch
source_comment: "
1044,2,1,466,,,"page_number_string: 
notes: 
source_full_citation: Swissvotes. (2025). Swissvotes – die Datenbank der eidgenössischen Volksabstimmungen. Abgerufen am 8.9.2025 von www.swissvotes.ch
source_comment: "
1045,2,2,467,,,"page_number_string: 
notes: 
source_full_citation: Swissvotes. (2025). Swissvotes – die Datenbank der eidgenössischen Volksabstimmungen. Abgerufen am 8.9.2025 von www.swissvotes.ch
source_comment: "
1046,2,2,468,,,"page_number_string: 
notes: 
source_full_citation: Swissvotes. (2025). Swissvotes – die Datenbank der eidgenössischen Volksabstimmungen. Abgerufen am 8.9.2025 von www.swissvotes.ch
source_comment: "
1047,2,2,469,,,"page_number_string: 
notes: 
source_full_citation: Swissvotes. (2025). Swissvotes – die Datenbank der eidgenössischen Volksabstimmungen. Abgerufen am 8.9.2025 von www.swissvotes.ch
source_comment: "
1048,2,1,470,,,"page_number_string: 
notes: 
source_full_citation: Swissvotes. (2025). Swissvotes – die Datenbank der eidgenössischen Volksabstimmungen. Abgerufen am 8.9.2025 von www.swissvotes.ch
source_comment: "
1049,2,1,471,,,"page_number_string: 
notes: 
source_full_citation: Swissvotes. (2025). Swissvotes – die Datenbank der eidgenössischen Volksabstimmungen. Abgerufen am 8.9.2025 von www.swissvotes.ch
source_comment: "
1050,2,1,472,,,"page_number_string: 
notes: 
source_full_citation: Swissvotes. (2025). Swissvotes – die Datenbank der eidgenössischen Volksabstimmungen. Abgerufen am 8.9.2025 von www.swissvotes.ch
source_comment: "
1051,2,5,473,,,"page_number_string: 
notes: 
source_full_citation: Swissvotes. (2025). Swissvotes – die Datenbank der eidgenössischen Volksabstimmungen. Abgerufen am 8.9.2025 von www.swissvotes.ch
source_comment: "
1052,2,1,474,,,"page_number_string: 
notes: 
source_full_citation: Swissvotes. (2025). Swissvotes – die Datenbank der eidgenössischen Volksabstimmungen. Abgerufen am 8.9.2025 von www.swissvotes.ch
source_comment: "
1053,2,1,475,,,"page_number_string: 
notes: 
source_full_citation: Swissvotes. (2025). Swissvotes – die Datenbank der eidgenössischen Volksabstimmungen. Abgerufen am 8.9.2025 von www.swissvotes.ch
source_comment: "
1054,2,1,476,,,"page_number_string: 
notes: 
source_full_citation: Swissvotes. (2025). Swissvotes – die Datenbank der eidgenössischen Volksabstimmungen. Abgerufen am 8.9.2025 von www.swissvotes.ch
source_comment: "
1055,2,1,477,,,"page_number_string: 
notes: 
source_full_citation: Swissvotes. (2025). Swissvotes – die Datenbank der eidgenössischen Volksabstimmungen. Abgerufen am 8.9.2025 von www.swissvotes.ch
source_comment: "
1056,2,1,478,,,"page_number_string: 
notes: 
source_full_citation: Swissvotes. (2025). Swissvotes – die Datenbank der eidgenössischen Volksabstimmungen. Abgerufen am 8.9.2025 von www.swissvotes.ch
source_comment: "
1057,2,1,479,,,"page_number_string: 
notes: 
source_full_citation: Swissvotes. (2025). Swissvotes – die Datenbank der eidgenössischen Volksabstimmungen. Abgerufen am 8.9.2025 von www.swissvotes.ch
source_comment: "
1058,2,1,480,,,"page_number_string: 
notes: 
source_full_citation: Swissvotes. (2025). Swissvotes – die Datenbank der eidgenössischen Volksabstimmungen. Abgerufen am 8.9.2025 von www.swissvotes.ch
source_comment: "
1059,2,2,481,,,"page_number_string: 
notes: 
source_full_citation: Swissvotes. (2025). Swissvotes – die Datenbank der eidgenössischen Volksabstimmungen. Abgerufen am 8.9.2025 von www.swissvotes.ch
source_comment: "
1060,2,2,482,,,"page_number_string: 
notes: 
source_full_citation: Swissvotes. (2025). Swissvotes – die Datenbank der eidgenössischen Volksabstimmungen. Abgerufen am 8.9.2025 von www.swissvotes.ch
source_comment: "
1061,2,1,483,,,"page_number_string: 
notes: 
source_full_citation: Swissvotes. (2025). Swissvotes – die Datenbank der eidgenössischen Volksabstimmungen. Abgerufen am 8.9.2025 von www.swissvotes.ch
source_comment: "
1062,2,2,484,,,"page_number_string: 
notes: 
source_full_citation: Swissvotes. (2025). Swissvotes – die Datenbank der eidgenössischen Volksabstimmungen. Abgerufen am 8.9.2025 von www.swissvotes.ch
source_comment: "
1063,2,2,485,,,"page_number_string: 
notes: 
source_full_citation: Swissvotes. (2025). Swissvotes – die Datenbank der eidgenössischen Volksabstimmungen. Abgerufen am 8.9.2025 von www.swissvotes.ch
source_comment: "
1064,2,1,486,,,"page_number_string: 
notes: 
source_full_citation: Swissvotes. (2025). Swissvotes – die Datenbank der eidgenössischen Volksabstimmungen. Abgerufen am 8.9.2025 von www.swissvotes.ch
source_comment: "
1065,2,2,487,,,"page_number_string: 
notes: 
source_full_citation: Swissvotes. (2025). Swissvotes – die Datenbank der eidgenössischen Volksabstimmungen. Abgerufen am 8.9.2025 von www.swissvotes.ch
source_comment: "
1066,2,1,488,,,"page_number_string: 
notes: 
source_full_citation: Swissvotes. (2025). Swissvotes – die Datenbank der eidgenössischen Volksabstimmungen. Abgerufen am 8.9.2025 von www.swissvotes.ch
source_comment: "
1067,2,1,489,,,"page_number_string: 
notes: 
source_full_citation: Swissvotes. (2025). Swissvotes – die Datenbank der eidgenössischen Volksabstimmungen. Abgerufen am 8.9.2025 von www.swissvotes.ch
source_comment: "
1068,2,2,490,,,"page_number_string: 
notes: 
source_full_citation: Swissvotes. (2025). Swissvotes – die Datenbank der eidgenössischen Volksabstimmungen. Abgerufen am 8.9.2025 von www.swissvotes.ch
source_comment: "
1069,2,1,491,,,"page_number_string: 
notes: 
source_full_citation: Swissvotes. (2025). Swissvotes – die Datenbank der eidgenössischen Volksabstimmungen. Abgerufen am 8.9.2025 von www.swissvotes.ch
source_comment: "
1070,2,2,492,,,"page_number_string: 
notes: 
source_full_citation: Swissvotes. (2025). Swissvotes – die Datenbank der eidgenössischen Volksabstimmungen. Abgerufen am 8.9.2025 von www.swissvotes.ch
source_comment: "
1071,2,1,493,,,"page_number_string: 
notes: 
source_full_citation: Swissvotes. (2025). Swissvotes – die Datenbank der eidgenössischen Volksabstimmungen. Abgerufen am 8.9.2025 von www.swissvotes.ch
source_comment: "
1072,2,1,494,,,"page_number_string: 
notes: 
source_full_citation: Swissvotes. (2025). Swissvotes – die Datenbank der eidgenössischen Volksabstimmungen. Abgerufen am 8.9.2025 von www.swissvotes.ch
source_comment: "
1073,2,1,495,,,"page_number_string: 
notes: 
source_full_citation: Swissvotes. (2025). Swissvotes – die Datenbank der eidgenössischen Volksabstimmungen. Abgerufen am 8.9.2025 von www.swissvotes.ch
source_comment: "
1074,2,1,496,,,"page_number_string: 
notes: 
source_full_citation: Swissvotes. (2025). Swissvotes – die Datenbank der eidgenössischen Volksabstimmungen. Abgerufen am 8.9.2025 von www.swissvotes.ch
source_comment: "
1075,2,8,497,,,"page_number_string: 
notes: 
source_full_citation: Swissvotes. (2025). Swissvotes – die Datenbank der eidgenössischen Volksabstimmungen. Abgerufen am 8.9.2025 von www.swissvotes.ch
source_comment: "
1076,2,1,498,,,"page_number_string: 
notes: 
source_full_citation: Swissvotes. (2025). Swissvotes – die Datenbank der eidgenössischen Volksabstimmungen. Abgerufen am 8.9.2025 von www.swissvotes.ch
source_comment: "
1077,2,2,499,,,"page_number_string: 
notes: 
source_full_citation: Swissvotes. (2025). Swissvotes – die Datenbank der eidgenössischen Volksabstimmungen. Abgerufen am 8.9.2025 von www.swissvotes.ch
source_comment: "
1078,2,1,500,,,"page_number_string: 
notes: 
source_full_citation: Swissvotes. (2025). Swissvotes – die Datenbank der eidgenössischen Volksabstimmungen. Abgerufen am 8.9.2025 von www.swissvotes.ch
source_comment: "
1079,2,1,501,,,"page_number_string: 
notes: 
source_full_citation: Swissvotes. (2025). Swissvotes – die Datenbank der eidgenössischen Volksabstimmungen. Abgerufen am 8.9.2025 von www.swissvotes.ch
source_comment: "
1080,2,1,502,,,"page_number_string: 
notes: 
source_full_citation: Swissvotes. (2025). Swissvotes – die Datenbank der eidgenössischen Volksabstimmungen. Abgerufen am 8.9.2025 von www.swissvotes.ch
source_comment: "
1081,2,1,503,,,"page_number_string: 
notes: 
source_full_citation: Swissvotes. (2025). Swissvotes – die Datenbank der eidgenössischen Volksabstimmungen. Abgerufen am 8.9.2025 von www.swissvotes.ch
source_comment: "
1082,2,2,504,,,"page_number_string: 
notes: 
source_full_citation: Swissvotes. (2025). Swissvotes – die Datenbank der eidgenössischen Volksabstimmungen. Abgerufen am 8.9.2025 von www.swissvotes.ch
source_comment: "
1083,2,2,505,,,"page_number_string: 
notes: 
source_full_citation: Swissvotes. (2025). Swissvotes – die Datenbank der eidgenössischen Volksabstimmungen. Abgerufen am 8.9.2025 von www.swissvotes.ch
source_comment: "
1084,2,1,506,,,"page_number_string: 
notes: 
source_full_citation: Swissvotes. (2025). Swissvotes – die Datenbank der eidgenössischen Volksabstimmungen. Abgerufen am 8.9.2025 von www.swissvotes.ch
source_comment: "
1085,2,5,507,,,"page_number_string: 
notes: 
source_full_citation: Swissvotes. (2025). Swissvotes – die Datenbank der eidgenössischen Volksabstimmungen. Abgerufen am 8.9.2025 von www.swissvotes.ch
source_comment: "
1086,2,1,508,,,"page_number_string: 
notes: 
source_full_citation: Swissvotes. (2025). Swissvotes – die Datenbank der eidgenössischen Volksabstimmungen. Abgerufen am 8.9.2025 von www.swissvotes.ch
source_comment: "
1087,2,1,509,,,"page_number_string: 
notes: 
source_full_citation: Swissvotes. (2025). Swissvotes – die Datenbank der eidgenössischen Volksabstimmungen. Abgerufen am 8.9.2025 von www.swissvotes.ch
source_comment: "
1088,2,1,510,,,"page_number_string: 
notes: 
source_full_citation: Swissvotes. (2025). Swissvotes – die Datenbank der eidgenössischen Volksabstimmungen. Abgerufen am 8.9.2025 von www.swissvotes.ch
source_comment: "
1089,2,1,511,,,"page_number_string: 
notes: 
source_full_citation: Swissvotes. (2025). Swissvotes – die Datenbank der eidgenössischen Volksabstimmungen. Abgerufen am 8.9.2025 von www.swissvotes.ch
source_comment: "
1090,2,2,512,,,"page_number_string: 
notes: 
source_full_citation: Swissvotes. (2025). Swissvotes – die Datenbank der eidgenössischen Volksabstimmungen. Abgerufen am 8.9.2025 von www.swissvotes.ch
source_comment: "
1091,2,1,513,,,"page_number_string: 
notes: 
source_full_citation: Swissvotes. (2025). Swissvotes – die Datenbank der eidgenössischen Volksabstimmungen. Abgerufen am 8.9.2025 von www.swissvotes.ch
source_comment: "
1092,2,5,514,,,"page_number_string: 
notes: 
source_full_citation: Swissvotes. (2025). Swissvotes – die Datenbank der eidgenössischen Volksabstimmungen. Abgerufen am 8.9.2025 von www.swissvotes.ch
source_comment: "
1093,2,1,515,,,"page_number_string: 
notes: 
source_full_citation: Swissvotes. (2025). Swissvotes – die Datenbank der eidgenössischen Volksabstimmungen. Abgerufen am 8.9.2025 von www.swissvotes.ch
source_comment: "
1094,2,1,516,,,"page_number_string: 
notes: 
source_full_citation: Swissvotes. (2025). Swissvotes – die Datenbank der eidgenössischen Volksabstimmungen. Abgerufen am 8.9.2025 von www.swissvotes.ch
source_comment: "
1095,2,1,517,,,"page_number_string: 
notes: 
source_full_citation: Swissvotes. (2025). Swissvotes – die Datenbank der eidgenössischen Volksabstimmungen. Abgerufen am 8.9.2025 von www.swissvotes.ch
source_comment: "
1096,2,1,518,,,"page_number_string: 
notes: 
source_full_citation: Swissvotes. (2025). Swissvotes – die Datenbank der eidgenössischen Volksabstimmungen. Abgerufen am 8.9.2025 von www.swissvotes.ch
source_comment: "
1097,2,1,519,,,"page_number_string: 
notes: 
source_full_citation: Swissvotes. (2025). Swissvotes – die Datenbank der eidgenössischen Volksabstimmungen. Abgerufen am 8.9.2025 von www.swissvotes.ch
source_comment: "
1098,2,2,520,,,"page_number_string: 
notes: 
source_full_citation: Swissvotes. (2025). Swissvotes – die Datenbank der eidgenössischen Volksabstimmungen. Abgerufen am 8.9.2025 von www.swissvotes.ch
source_comment: "
1099,2,2,521,,,"page_number_string: 
notes: 
source_full_citation: Swissvotes. (2025). Swissvotes – die Datenbank der eidgenössischen Volksabstimmungen. Abgerufen am 8.9.2025 von www.swissvotes.ch
source_comment: "
1100,2,1,522,,,"page_number_string: 
notes: 
source_full_citation: Swissvotes. (2025). Swissvotes – die Datenbank der eidgenössischen Volksabstimmungen. Abgerufen am 8.9.2025 von www.swissvotes.ch
source_comment: "
1101,2,6,523,,,"page_number_string: 
notes: 
source_full_citation: Swissvotes. (2025). Swissvotes – die Datenbank der eidgenössischen Volksabstimmungen. Abgerufen am 8.9.2025 von www.swissvotes.ch
source_comment: "
1102,2,2,524,,,"page_number_string: 
notes: 
source_full_citation: Swissvotes. (2025). Swissvotes – die Datenbank der eidgenössischen Volksabstimmungen. Abgerufen am 8.9.2025 von www.swissvotes.ch
source_comment: "
1103,2,2,525,,,"page_number_string: 
notes: 
source_full_citation: Swissvotes. (2025). Swissvotes – die Datenbank der eidgenössischen Volksabstimmungen. Abgerufen am 8.9.2025 von www.swissvotes.ch
source_comment: "
1104,2,2,526,,,"page_number_string: 
notes: 
source_full_citation: Swissvotes. (2025). Swissvotes – die Datenbank der eidgenössischen Volksabstimmungen. Abgerufen am 8.9.2025 von www.swissvotes.ch
source_comment: "
1105,2,2,527,,,"page_number_string: 
notes: 
source_full_citation: Swissvotes. (2025). Swissvotes – die Datenbank der eidgenössischen Volksabstimmungen. Abgerufen am 8.9.2025 von www.swissvotes.ch
source_comment: "
1106,2,1,528,,,"page_number_string: 
notes: 
source_full_citation: Swissvotes. (2025). Swissvotes – die Datenbank der eidgenössischen Volksabstimmungen. Abgerufen am 8.9.2025 von www.swissvotes.ch
source_comment: "
1107,2,4,529,,,"page_number_string: 
notes: 
source_full_citation: Swissvotes. (2025). Swissvotes – die Datenbank der eidgenössischen Volksabstimmungen. Abgerufen am 8.9.2025 von www.swissvotes.ch
source_comment: "
1108,2,1,530,,,"page_number_string: 
notes: 
source_full_citation: Swissvotes. (2025). Swissvotes – die Datenbank der eidgenössischen Volksabstimmungen. Abgerufen am 8.9.2025 von www.swissvotes.ch
source_comment: "
1109,2,1,531,,,"page_number_string: 
notes: 
source_full_citation: Swissvotes. (2025). Swissvotes – die Datenbank der eidgenössischen Volksabstimmungen. Abgerufen am 8.9.2025 von www.swissvotes.ch
source_comment: "
1110,2,1,532,,,"page_number_string: 
notes: 
source_full_citation: Swissvotes. (2025). Swissvotes – die Datenbank der eidgenössischen Volksabstimmungen. Abgerufen am 8.9.2025 von www.swissvotes.ch
source_comment: "
1111,2,1,533,,,"page_number_string: 
notes: 
source_full_citation: Swissvotes. (2025). Swissvotes – die Datenbank der eidgenössischen Volksabstimmungen. Abgerufen am 8.9.2025 von www.swissvotes.ch
source_comment: "
1112,2,1,534,,,"page_number_string: 
notes: 
source_full_citation: Swissvotes. (2025). Swissvotes – die Datenbank der eidgenössischen Volksabstimmungen. Abgerufen am 8.9.2025 von www.swissvotes.ch
source_comment: "
1113,2,1,535,,,"page_number_string: 
notes: 
source_full_citation: Swissvotes. (2025). Swissvotes – die Datenbank der eidgenössischen Volksabstimmungen. Abgerufen am 8.9.2025 von www.swissvotes.ch
source_comment: "
1114,2,1,536,,,"page_number_string: 
notes: 
source_full_citation: Swissvotes. (2025). Swissvotes – die Datenbank der eidgenössischen Volksabstimmungen. Abgerufen am 8.9.2025 von www.swissvotes.ch
source_comment: "
1115,2,1,537,,,"page_number_string: 
notes: 
source_full_citation: Swissvotes. (2025). Swissvotes – die Datenbank der eidgenössischen Volksabstimmungen. Abgerufen am 8.9.2025 von www.swissvotes.ch
source_comment: "
1116,2,2,538,,,"page_number_string: 
notes: 
source_full_citation: Swissvotes. (2025). Swissvotes – die Datenbank der eidgenössischen Volksabstimmungen. Abgerufen am 8.9.2025 von www.swissvotes.ch
source_comment: "
1117,2,2,539,,,"page_number_string: 
notes: 
source_full_citation: Swissvotes. (2025). Swissvotes – die Datenbank der eidgenössischen Volksabstimmungen. Abgerufen am 8.9.2025 von www.swissvotes.ch
source_comment: "
1118,2,2,540,,,"page_number_string: 
notes: 
source_full_citation: Swissvotes. (2025). Swissvotes – die Datenbank der eidgenössischen Volksabstimmungen. Abgerufen am 8.9.2025 von www.swissvotes.ch
source_comment: "
1119,2,2,541,,,"page_number_string: 
notes: 
source_full_citation: Swissvotes. (2025). Swissvotes – die Datenbank der eidgenössischen Volksabstimmungen. Abgerufen am 8.9.2025 von www.swissvotes.ch
source_comment: "
1120,2,1,542,,,"page_number_string: 
notes: 
source_full_citation: Swissvotes. (2025). Swissvotes – die Datenbank der eidgenössischen Volksabstimmungen. Abgerufen am 8.9.2025 von www.swissvotes.ch
source_comment: "
1121,2,2,543,,,"page_number_string: 
notes: 
source_full_citation: Swissvotes. (2025). Swissvotes – die Datenbank der eidgenössischen Volksabstimmungen. Abgerufen am 8.9.2025 von www.swissvotes.ch
source_comment: "
1122,2,1,544,,,"page_number_string: 
notes: 
source_full_citation: Swissvotes. (2025). Swissvotes – die Datenbank der eidgenössischen Volksabstimmungen. Abgerufen am 8.9.2025 von www.swissvotes.ch
source_comment: "
1123,2,1,545,,,"page_number_string: 
notes: 
source_full_citation: Swissvotes. (2025). Swissvotes – die Datenbank der eidgenössischen Volksabstimmungen. Abgerufen am 8.9.2025 von www.swissvotes.ch
source_comment: "
1124,2,1,546,,,"page_number_string: 
notes: 
source_full_citation: Swissvotes. (2025). Swissvotes – die Datenbank der eidgenössischen Volksabstimmungen. Abgerufen am 8.9.2025 von www.swissvotes.ch
source_comment: "
1125,2,1,547,,,"page_number_string: 
notes: 
source_full_citation: Swissvotes. (2025). Swissvotes – die Datenbank der eidgenössischen Volksabstimmungen. Abgerufen am 8.9.2025 von www.swissvotes.ch
source_comment: "
1126,2,2,548,,,"page_number_string: 
notes: 
source_full_citation: Swissvotes. (2025). Swissvotes – die Datenbank der eidgenössischen Volksabstimmungen. Abgerufen am 8.9.2025 von www.swissvotes.ch
source_comment: "
1127,2,1,549,,,"page_number_string: 
notes: 
source_full_citation: Swissvotes. (2025). Swissvotes – die Datenbank der eidgenössischen Volksabstimmungen. Abgerufen am 8.9.2025 von www.swissvotes.ch
source_comment: "
1128,2,1,550,,,"page_number_string: 
notes: 
source_full_citation: Swissvotes. (2025). Swissvotes – die Datenbank der eidgenössischen Volksabstimmungen. Abgerufen am 8.9.2025 von www.swissvotes.ch
source_comment: "
1129,2,1,551,,,"page_number_string: 
notes: 
source_full_citation: Swissvotes. (2025). Swissvotes – die Datenbank der eidgenössischen Volksabstimmungen. Abgerufen am 8.9.2025 von www.swissvotes.ch
source_comment: "
1130,2,1,552,,,"page_number_string: 
notes: 
source_full_citation: Swissvotes. (2025). Swissvotes – die Datenbank der eidgenössischen Volksabstimmungen. Abgerufen am 8.9.2025 von www.swissvotes.ch
source_comment: "
1131,2,1,553,,,"page_number_string: 
notes: 
source_full_citation: Swissvotes. (2025). Swissvotes – die Datenbank der eidgenössischen Volksabstimmungen. Abgerufen am 8.9.2025 von www.swissvotes.ch
source_comment: "
1132,2,1,554,,,"page_number_string: 
notes: 
source_full_citation: Swissvotes. (2025). Swissvotes – die Datenbank der eidgenössischen Volksabstimmungen. Abgerufen am 8.9.2025 von www.swissvotes.ch
source_comment: "
1133,2,2,555,,,"page_number_string: 
notes: 
source_full_citation: Swissvotes. (2025). Swissvotes – die Datenbank der eidgenössischen Volksabstimmungen. Abgerufen am 8.9.2025 von www.swissvotes.ch
source_comment: "
1134,2,1,556,,,"page_number_string: 
notes: 
source_full_citation: Swissvotes. (2025). Swissvotes – die Datenbank der eidgenössischen Volksabstimmungen. Abgerufen am 8.9.2025 von www.swissvotes.ch
source_comment: "
1135,2,1,557,,,"page_number_string: 
notes: 
source_full_citation: Swissvotes. (2025). Swissvotes – die Datenbank der eidgenössischen Volksabstimmungen. Abgerufen am 8.9.2025 von www.swissvotes.ch
source_comment: "
1136,2,2,558,,,"page_number_string: 
notes: 
source_full_citation: Swissvotes. (2025). Swissvotes – die Datenbank der eidgenössischen Volksabstimmungen. Abgerufen am 8.9.2025 von www.swissvotes.ch
source_comment: "
1137,2,2,559,,,"page_number_string: 
notes: 
source_full_citation: Swissvotes. (2025). Swissvotes – die Datenbank der eidgenössischen Volksabstimmungen. Abgerufen am 8.9.2025 von www.swissvotes.ch
source_comment: "
1138,2,1,560,,,"page_number_string: 
notes: 
source_full_citation: Swissvotes. (2025). Swissvotes – die Datenbank der eidgenössischen Volksabstimmungen. Abgerufen am 8.9.2025 von www.swissvotes.ch
source_comment: "
1139,2,1,561,,,"page_number_string: 
notes: 
source_full_citation: Swissvotes. (2025). Swissvotes – die Datenbank der eidgenössischen Volksabstimmungen. Abgerufen am 8.9.2025 von www.swissvotes.ch
source_comment: "
1140,2,1,562,,,"page_number_string: 
notes: 
source_full_citation: Swissvotes. (2025). Swissvotes – die Datenbank der eidgenössischen Volksabstimmungen. Abgerufen am 8.9.2025 von www.swissvotes.ch
source_comment: "
1141,2,2,563,,,"page_number_string: 
notes: 
source_full_citation: Swissvotes. (2025). Swissvotes – die Datenbank der eidgenössischen Volksabstimmungen. Abgerufen am 8.9.2025 von www.swissvotes.ch
source_comment: "
1142,2,1,564,,,"page_number_string: 
notes: 
source_full_citation: Swissvotes. (2025). Swissvotes – die Datenbank der eidgenössischen Volksabstimmungen. Abgerufen am 8.9.2025 von www.swissvotes.ch
source_comment: "
1143,2,2,565,,,"page_number_string: 
notes: 
source_full_citation: Swissvotes. (2025). Swissvotes – die Datenbank der eidgenössischen Volksabstimmungen. Abgerufen am 8.9.2025 von www.swissvotes.ch
source_comment: "
1144,2,2,566,,,"page_number_string: 
notes: 
source_full_citation: Swissvotes. (2025). Swissvotes – die Datenbank der eidgenössischen Volksabstimmungen. Abgerufen am 8.9.2025 von www.swissvotes.ch
source_comment: "
1145,2,2,567,,,"page_number_string: 
notes: 
source_full_citation: Swissvotes. (2025). Swissvotes – die Datenbank der eidgenössischen Volksabstimmungen. Abgerufen am 8.9.2025 von www.swissvotes.ch
source_comment: "
1146,2,2,568,,,"page_number_string: 
notes: 
source_full_citation: Swissvotes. (2025). Swissvotes – die Datenbank der eidgenössischen Volksabstimmungen. Abgerufen am 8.9.2025 von www.swissvotes.ch
source_comment: "
1147,2,2,569,,,"page_number_string: 
notes: 
source_full_citation: Swissvotes. (2025). Swissvotes – die Datenbank der eidgenössischen Volksabstimmungen. Abgerufen am 8.9.2025 von www.swissvotes.ch
source_comment: "
1148,2,1,570,,,"page_number_string: 
notes: 
source_full_citation: Swissvotes. (2025). Swissvotes – die Datenbank der eidgenössischen Volksabstimmungen. Abgerufen am 8.9.2025 von www.swissvotes.ch
source_comment: "
1149,2,2,571,,,"page_number_string: 
notes: 
source_full_citation: Swissvotes. (2025). Swissvotes – die Datenbank der eidgenössischen Volksabstimmungen. Abgerufen am 8.9.2025 von www.swissvotes.ch
source_comment: "
1150,2,1,572,,,"page_number_string: 
notes: 
source_full_citation: Swissvotes. (2025). Swissvotes – die Datenbank der eidgenössischen Volksabstimmungen. Abgerufen am 8.9.2025 von www.swissvotes.ch
source_comment: "
1151,2,1,573,,,"page_number_string: 
notes: 
source_full_citation: Swissvotes. (2025). Swissvotes – die Datenbank der eidgenössischen Volksabstimmungen. Abgerufen am 8.9.2025 von www.swissvotes.ch
source_comment: "
1152,2,1,574,,,"page_number_string: 
notes: 
source_full_citation: Swissvotes. (2025). Swissvotes – die Datenbank der eidgenössischen Volksabstimmungen. Abgerufen am 8.9.2025 von www.swissvotes.ch
source_comment: "
1153,2,1,575,,,"page_number_string: 
notes: 
source_full_citation: Swissvotes. (2025). Swissvotes – die Datenbank der eidgenössischen Volksabstimmungen. Abgerufen am 8.9.2025 von www.swissvotes.ch
source_comment: "
1154,2,2,576,,,"page_number_string: 
notes: 
source_full_citation: Swissvotes. (2025). Swissvotes – die Datenbank der eidgenössischen Volksabstimmungen. Abgerufen am 8.9.2025 von www.swissvotes.ch
source_comment: "
1155,2,1,577,,,"page_number_string: 
notes: 
source_full_citation: Swissvotes. (2025). Swissvotes – die Datenbank der eidgenössischen Volksabstimmungen. Abgerufen am 8.9.2025 von www.swissvotes.ch
source_comment: "
1156,2,1,578,,,"page_number_string: 
notes: 
source_full_citation: Swissvotes. (2025). Swissvotes – die Datenbank der eidgenössischen Volksabstimmungen. Abgerufen am 8.9.2025 von www.swissvotes.ch
source_comment: "
1157,2,5,579,,,"page_number_string: 
notes: 
source_full_citation: Swissvotes. (2025). Swissvotes – die Datenbank der eidgenössischen Volksabstimmungen. Abgerufen am 8.9.2025 von www.swissvotes.ch
source_comment: "
1158,2,1,580,,,"page_number_string: 
notes: 
source_full_citation: Swissvotes. (2025). Swissvotes – die Datenbank der eidgenössischen Volksabstimmungen. Abgerufen am 8.9.2025 von www.swissvotes.ch
source_comment: "
1159,2,2,581,,,"page_number_string: 
notes: 
source_full_citation: Swissvotes. (2025). Swissvotes – die Datenbank der eidgenössischen Volksabstimmungen. Abgerufen am 8.9.2025 von www.swissvotes.ch
source_comment: "
1160,2,1,582,,,"page_number_string: 
notes: 
source_full_citation: Swissvotes. (2025). Swissvotes – die Datenbank der eidgenössischen Volksabstimmungen. Abgerufen am 8.9.2025 von www.swissvotes.ch
source_comment: "
1161,2,1,583,,,"page_number_string: 
notes: 
source_full_citation: Swissvotes. (2025). Swissvotes – die Datenbank der eidgenössischen Volksabstimmungen. Abgerufen am 8.9.2025 von www.swissvotes.ch
source_comment: "
1162,2,2,584,,,"page_number_string: 
notes: 
source_full_citation: Swissvotes. (2025). Swissvotes – die Datenbank der eidgenössischen Volksabstimmungen. Abgerufen am 8.9.2025 von www.swissvotes.ch
source_comment: "
1163,2,2,585,,,"page_number_string: 
notes: 
source_full_citation: Swissvotes. (2025). Swissvotes – die Datenbank der eidgenössischen Volksabstimmungen. Abgerufen am 8.9.2025 von www.swissvotes.ch
source_comment: "
1164,2,2,586,,,"page_number_string: 
notes: 
source_full_citation: Swissvotes. (2025). Swissvotes – die Datenbank der eidgenössischen Volksabstimmungen. Abgerufen am 8.9.2025 von www.swissvotes.ch
source_comment: "
1165,2,2,587,,,"page_number_string: 
notes: 
source_full_citation: Swissvotes. (2025). Swissvotes – die Datenbank der eidgenössischen Volksabstimmungen. Abgerufen am 8.9.2025 von www.swissvotes.ch
source_comment: "
1166,2,6,588,,,"page_number_string: 
notes: 
source_full_citation: Swissvotes. (2025). Swissvotes – die Datenbank der eidgenössischen Volksabstimmungen. Abgerufen am 8.9.2025 von www.swissvotes.ch
source_comment: "
1167,2,1,589,,,"page_number_string: 
notes: 
source_full_citation: Swissvotes. (2025). Swissvotes – die Datenbank der eidgenössischen Volksabstimmungen. Abgerufen am 8.9.2025 von www.swissvotes.ch
source_comment: "
1168,2,1,590,,,"page_number_string: 
notes: 
source_full_citation: Swissvotes. (2025). Swissvotes – die Datenbank der eidgenössischen Volksabstimmungen. Abgerufen am 8.9.2025 von www.swissvotes.ch
source_comment: "
1169,2,1,591,,,"page_number_string: 
notes: 
source_full_citation: Swissvotes. (2025). Swissvotes – die Datenbank der eidgenössischen Volksabstimmungen. Abgerufen am 8.9.2025 von www.swissvotes.ch
source_comment: "
1170,2,2,592,,,"page_number_string: 
notes: 
source_full_citation: Swissvotes. (2025). Swissvotes – die Datenbank der eidgenössischen Volksabstimmungen. Abgerufen am 8.9.2025 von www.swissvotes.ch
source_comment: "
1171,2,1,593,,,"page_number_string: 
notes: 
source_full_citation: Swissvotes. (2025). Swissvotes – die Datenbank der eidgenössischen Volksabstimmungen. Abgerufen am 8.9.2025 von www.swissvotes.ch
source_comment: "
1172,2,1,594,,,"page_number_string: 
notes: 
source_full_citation: Swissvotes. (2025). Swissvotes – die Datenbank der eidgenössischen Volksabstimmungen. Abgerufen am 8.9.2025 von www.swissvotes.ch
source_comment: "
1173,2,1,595,,,"page_number_string: 
notes: 
source_full_citation: Swissvotes. (2025). Swissvotes – die Datenbank der eidgenössischen Volksabstimmungen. Abgerufen am 8.9.2025 von www.swissvotes.ch
source_comment: "
1174,2,2,596,,,"page_number_string: 
notes: 
source_full_citation: Swissvotes. (2025). Swissvotes – die Datenbank der eidgenössischen Volksabstimmungen. Abgerufen am 8.9.2025 von www.swissvotes.ch
source_comment: "
1175,2,2,597,,,"page_number_string: 
notes: 
source_full_citation: Swissvotes. (2025). Swissvotes – die Datenbank der eidgenössischen Volksabstimmungen. Abgerufen am 8.9.2025 von www.swissvotes.ch
source_comment: "
1176,2,2,598,,,"page_number_string: 
notes: 
source_full_citation: Swissvotes. (2025). Swissvotes – die Datenbank der eidgenössischen Volksabstimmungen. Abgerufen am 8.9.2025 von www.swissvotes.ch
source_comment: "
1177,2,1,599,,,"page_number_string: 
notes: 
source_full_citation: Swissvotes. (2025). Swissvotes – die Datenbank der eidgenössischen Volksabstimmungen. Abgerufen am 8.9.2025 von www.swissvotes.ch
source_comment: "
1178,2,2,600,,,"page_number_string: 
notes: 
source_full_citation: Swissvotes. (2025). Swissvotes – die Datenbank der eidgenössischen Volksabstimmungen. Abgerufen am 8.9.2025 von www.swissvotes.ch
source_comment: "
1179,2,1,601,,,"page_number_string: 
notes: 
source_full_citation: Swissvotes. (2025). Swissvotes – die Datenbank der eidgenössischen Volksabstimmungen. Abgerufen am 8.9.2025 von www.swissvotes.ch
source_comment: "
1180,2,1,602,,,"page_number_string: 
notes: 
source_full_citation: Swissvotes. (2025). Swissvotes – die Datenbank der eidgenössischen Volksabstimmungen. Abgerufen am 8.9.2025 von www.swissvotes.ch
source_comment: "
1181,2,1,603,,,"page_number_string: 
notes: 
source_full_citation: Swissvotes. (2025). Swissvotes – die Datenbank der eidgenössischen Volksabstimmungen. Abgerufen am 8.9.2025 von www.swissvotes.ch
source_comment: "
1182,2,1,604,,,"page_number_string: 
notes: 
source_full_citation: Swissvotes. (2025). Swissvotes – die Datenbank der eidgenössischen Volksabstimmungen. Abgerufen am 8.9.2025 von www.swissvotes.ch
source_comment: "
1183,2,1,605,,,"page_number_string: 
notes: 
source_full_citation: Swissvotes. (2025). Swissvotes – die Datenbank der eidgenössischen Volksabstimmungen. Abgerufen am 8.9.2025 von www.swissvotes.ch
source_comment: "
1184,2,2,606,,,"page_number_string: 
notes: 
source_full_citation: Swissvotes. (2025). Swissvotes – die Datenbank der eidgenössischen Volksabstimmungen. Abgerufen am 8.9.2025 von www.swissvotes.ch
source_comment: "
1185,2,2,607,,,"page_number_string: 
notes: 
source_full_citation: Swissvotes. (2025). Swissvotes – die Datenbank der eidgenössischen Volksabstimmungen. Abgerufen am 8.9.2025 von www.swissvotes.ch
source_comment: "
1186,2,1,608,,,"page_number_string: 
notes: 
source_full_citation: Swissvotes. (2025). Swissvotes – die Datenbank der eidgenössischen Volksabstimmungen. Abgerufen am 8.9.2025 von www.swissvotes.ch
source_comment: "
1187,2,1,609,,,"page_number_string: 
notes: 
source_full_citation: Swissvotes. (2025). Swissvotes – die Datenbank der eidgenössischen Volksabstimmungen. Abgerufen am 8.9.2025 von www.swissvotes.ch
source_comment: "
1188,2,2,610,,,"page_number_string: 
notes: 
source_full_citation: Swissvotes. (2025). Swissvotes – die Datenbank der eidgenössischen Volksabstimmungen. Abgerufen am 8.9.2025 von www.swissvotes.ch
source_comment: "
1189,2,1,611,,,"page_number_string: 
notes: 
source_full_citation: Swissvotes. (2025). Swissvotes – die Datenbank der eidgenössischen Volksabstimmungen. Abgerufen am 8.9.2025 von www.swissvotes.ch
source_comment: "
1190,2,2,612,,,"page_number_string: 
notes: 
source_full_citation: Swissvotes. (2025). Swissvotes – die Datenbank der eidgenössischen Volksabstimmungen. Abgerufen am 8.9.2025 von www.swissvotes.ch
source_comment: "
1191,2,5,613,,,"page_number_string: 
notes: 
source_full_citation: Swissvotes. (2025). Swissvotes – die Datenbank der eidgenössischen Volksabstimmungen. Abgerufen am 8.9.2025 von www.swissvotes.ch
source_comment: "
1192,2,1,614,,,"page_number_string: 
notes: 
source_full_citation: Swissvotes. (2025). Swissvotes – die Datenbank der eidgenössischen Volksabstimmungen. Abgerufen am 8.9.2025 von www.swissvotes.ch
source_comment: "
1193,2,2,615,,,"page_number_string: 
notes: 
source_full_citation: Swissvotes. (2025). Swissvotes – die Datenbank der eidgenössischen Volksabstimmungen. Abgerufen am 8.9.2025 von www.swissvotes.ch
source_comment: "
1194,2,2,616,,,"page_number_string: 
notes: 
source_full_citation: Swissvotes. (2025). Swissvotes – die Datenbank der eidgenössischen Volksabstimmungen. Abgerufen am 8.9.2025 von www.swissvotes.ch
source_comment: "
1195,2,1,617,,,"page_number_string: 
notes: 
source_full_citation: Swissvotes. (2025). Swissvotes – die Datenbank der eidgenössischen Volksabstimmungen. Abgerufen am 8.9.2025 von www.swissvotes.ch
source_comment: "
1196,2,2,618,,,"page_number_string: 
notes: 
source_full_citation: Swissvotes. (2025). Swissvotes – die Datenbank der eidgenössischen Volksabstimmungen. Abgerufen am 8.9.2025 von www.swissvotes.ch
source_comment: "
1197,2,1,619,,,"page_number_string: 
notes: 
source_full_citation: Swissvotes. (2025). Swissvotes – die Datenbank der eidgenössischen Volksabstimmungen. Abgerufen am 8.9.2025 von www.swissvotes.ch
source_comment: "
1198,2,2,620,,,"page_number_string: 
notes: 
source_full_citation: Swissvotes. (2025). Swissvotes – die Datenbank der eidgenössischen Volksabstimmungen. Abgerufen am 8.9.2025 von www.swissvotes.ch
source_comment: "
1199,2,2,621,,,"page_number_string: 
notes: 
source_full_citation: Swissvotes. (2025). Swissvotes – die Datenbank der eidgenössischen Volksabstimmungen. Abgerufen am 8.9.2025 von www.swissvotes.ch
source_comment: "
1200,2,1,622,,,"page_number_string: 
notes: 
source_full_citation: Swissvotes. (2025). Swissvotes – die Datenbank der eidgenössischen Volksabstimmungen. Abgerufen am 8.9.2025 von www.swissvotes.ch
source_comment: "
1201,2,1,623,,,"page_number_string: 
notes: 
source_full_citation: Swissvotes. (2025). Swissvotes – die Datenbank der eidgenössischen Volksabstimmungen. Abgerufen am 8.9.2025 von www.swissvotes.ch
source_comment: "
1202,2,2,624,,,"page_number_string: 
notes: 
source_full_citation: Swissvotes. (2025). Swissvotes – die Datenbank der eidgenössischen Volksabstimmungen. Abgerufen am 8.9.2025 von www.swissvotes.ch
source_comment: "
1203,2,2,625,,,"page_number_string: 
notes: 
source_full_citation: Swissvotes. (2025). Swissvotes – die Datenbank der eidgenössischen Volksabstimmungen. Abgerufen am 8.9.2025 von www.swissvotes.ch
source_comment: "
1204,2,2,626,,,"page_number_string: 
notes: 
source_full_citation: Swissvotes. (2025). Swissvotes – die Datenbank der eidgenössischen Volksabstimmungen. Abgerufen am 8.9.2025 von www.swissvotes.ch
source_comment: "
1205,2,2,627,,,"page_number_string: 
notes: 
source_full_citation: Swissvotes. (2025). Swissvotes – die Datenbank der eidgenössischen Volksabstimmungen. Abgerufen am 8.9.2025 von www.swissvotes.ch
source_comment: "
1206,2,5,628,,,"page_number_string: 
notes: 
source_full_citation: Swissvotes. (2025). Swissvotes – die Datenbank der eidgenössischen Volksabstimmungen. Abgerufen am 8.9.2025 von www.swissvotes.ch
source_comment: "
1207,2,1,629,,,"page_number_string: 
notes: 
source_full_citation: Swissvotes. (2025). Swissvotes – die Datenbank der eidgenössischen Volksabstimmungen. Abgerufen am 8.9.2025 von www.swissvotes.ch
source_comment: "
1208,2,1,630,,,"page_number_string: 
notes: 
source_full_citation: Swissvotes. (2025). Swissvotes – die Datenbank der eidgenössischen Volksabstimmungen. Abgerufen am 8.9.2025 von www.swissvotes.ch
source_comment: "
1209,2,1,631,,,"page_number_string: 
notes: 
source_full_citation: Swissvotes. (2025). Swissvotes – die Datenbank der eidgenössischen Volksabstimmungen. Abgerufen am 8.9.2025 von www.swissvotes.ch
source_comment: "
1210,2,2,632,,,"page_number_string: 
notes: 
source_full_citation: Swissvotes. (2025). Swissvotes – die Datenbank der eidgenössischen Volksabstimmungen. Abgerufen am 8.9.2025 von www.swissvotes.ch
source_comment: "
1211,2,2,633,,,"page_number_string: 
notes: 
source_full_citation: Swissvotes. (2025). Swissvotes – die Datenbank der eidgenössischen Volksabstimmungen. Abgerufen am 8.9.2025 von www.swissvotes.ch
source_comment: "
1212,2,1,634,,,"page_number_string: 
notes: 
source_full_citation: Swissvotes. (2025). Swissvotes – die Datenbank der eidgenössischen Volksabstimmungen. Abgerufen am 8.9.2025 von www.swissvotes.ch
source_comment: "
1213,2,2,635,,,"page_number_string: 
notes: 
source_full_citation: Swissvotes. (2025). Swissvotes – die Datenbank der eidgenössischen Volksabstimmungen. Abgerufen am 8.9.2025 von www.swissvotes.ch
source_comment: "
1214,2,2,636,,,"page_number_string: 
notes: 
source_full_citation: Swissvotes. (2025). Swissvotes – die Datenbank der eidgenössischen Volksabstimmungen. Abgerufen am 8.9.2025 von www.swissvotes.ch
source_comment: "
1215,2,2,637,,,"page_number_string: 
notes: 
source_full_citation: Swissvotes. (2025). Swissvotes – die Datenbank der eidgenössischen Volksabstimmungen. Abgerufen am 8.9.2025 von www.swissvotes.ch
source_comment: "
1216,2,2,638,,,"page_number_string: 
notes: 
source_full_citation: Swissvotes. (2025). Swissvotes – die Datenbank der eidgenössischen Volksabstimmungen. Abgerufen am 8.9.2025 von www.swissvotes.ch
source_comment: "
1217,2,5,639,,,"page_number_string: 
notes: 
source_full_citation: Swissvotes. (2025). Swissvotes – die Datenbank der eidgenössischen Volksabstimmungen. Abgerufen am 8.9.2025 von www.swissvotes.ch
source_comment: "
1218,2,1,640,,,"page_number_string: 
notes: 
source_full_citation: Swissvotes. (2025). Swissvotes – die Datenbank der eidgenössischen Volksabstimmungen. Abgerufen am 8.9.2025 von www.swissvotes.ch
source_comment: "
1219,2,1,641,,,"page_number_string: 
notes: 
source_full_citation: Swissvotes. (2025). Swissvotes – die Datenbank der eidgenössischen Volksabstimmungen. Abgerufen am 8.9.2025 von www.swissvotes.ch
source_comment: "
1220,2,1,642,,,"page_number_string: 
notes: 
source_full_citation: Swissvotes. (2025). Swissvotes – die Datenbank der eidgenössischen Volksabstimmungen. Abgerufen am 8.9.2025 von www.swissvotes.ch
source_comment: "
1221,2,2,643,,,"page_number_string: 
notes: 
source_full_citation: Swissvotes. (2025). Swissvotes – die Datenbank der eidgenössischen Volksabstimmungen. Abgerufen am 8.9.2025 von www.swissvotes.ch
source_comment: "
1222,2,1,644,,,"page_number_string: 
notes: 
source_full_citation: Swissvotes. (2025). Swissvotes – die Datenbank der eidgenössischen Volksabstimmungen. Abgerufen am 8.9.2025 von www.swissvotes.ch
source_comment: "
1223,2,1,645,,,"page_number_string: 
notes: 
source_full_citation: Swissvotes. (2025). Swissvotes – die Datenbank der eidgenössischen Volksabstimmungen. Abgerufen am 8.9.2025 von www.swissvotes.ch
source_comment: "
1224,2,2,646,,,"page_number_string: 
notes: 
source_full_citation: Swissvotes. (2025). Swissvotes – die Datenbank der eidgenössischen Volksabstimmungen. Abgerufen am 8.9.2025 von www.swissvotes.ch
source_comment: "
1225,2,2,647,,,"page_number_string: 
notes: 
source_full_citation: Swissvotes. (2025). Swissvotes – die Datenbank der eidgenössischen Volksabstimmungen. Abgerufen am 8.9.2025 von www.swissvotes.ch
source_comment: "
1226,2,1,648,,,"page_number_string: 
notes: 
source_full_citation: Swissvotes. (2025). Swissvotes – die Datenbank der eidgenössischen Volksabstimmungen. Abgerufen am 8.9.2025 von www.swissvotes.ch
source_comment: "
1227,2,1,649,,,"page_number_string: 
notes: 
source_full_citation: Swissvotes. (2025). Swissvotes – die Datenbank der eidgenössischen Volksabstimmungen. Abgerufen am 8.9.2025 von www.swissvotes.ch
source_comment: "
1228,2,1,650,,,"page_number_string: 
notes: 
source_full_citation: Swissvotes. (2025). Swissvotes – die Datenbank der eidgenössischen Volksabstimmungen. Abgerufen am 8.9.2025 von www.swissvotes.ch
source_comment: "
1229,2,1,651,,,"page_number_string: 
notes: 
source_full_citation: Swissvotes. (2025). Swissvotes – die Datenbank der eidgenössischen Volksabstimmungen. Abgerufen am 8.9.2025 von www.swissvotes.ch
source_comment: "
1230,2,1,652,,,"page_number_string: 
notes: 
source_full_citation: Swissvotes. (2025). Swissvotes – die Datenbank der eidgenössischen Volksabstimmungen. Abgerufen am 8.9.2025 von www.swissvotes.ch
source_comment: "
1231,2,2,653,,,"page_number_string: 
notes: 
source_full_citation: Swissvotes. (2025). Swissvotes – die Datenbank der eidgenössischen Volksabstimmungen. Abgerufen am 8.9.2025 von www.swissvotes.ch
source_comment: "
1232,2,2,654,,,"page_number_string: 
notes: 
source_full_citation: Swissvotes. (2025). Swissvotes – die Datenbank der eidgenössischen Volksabstimmungen. Abgerufen am 8.9.2025 von www.swissvotes.ch
source_comment: "
1233,2,1,655,,,"page_number_string: 
notes: 
source_full_citation: Swissvotes. (2025). Swissvotes – die Datenbank der eidgenössischen Volksabstimmungen. Abgerufen am 8.9.2025 von www.swissvotes.ch
source_comment: "
1234,2,1,656,,,"page_number_string: 
notes: 
source_full_citation: Swissvotes. (2025). Swissvotes – die Datenbank der eidgenössischen Volksabstimmungen. Abgerufen am 8.9.2025 von www.swissvotes.ch
source_comment: "
1235,2,1,657,,,"page_number_string: 
notes: 
source_full_citation: Swissvotes. (2025). Swissvotes – die Datenbank der eidgenössischen Volksabstimmungen. Abgerufen am 8.9.2025 von www.swissvotes.ch
source_comment: "
1236,2,1,658,,,"page_number_string: 
notes: 
source_full_citation: Swissvotes. (2025). Swissvotes – die Datenbank der eidgenössischen Volksabstimmungen. Abgerufen am 8.9.2025 von www.swissvotes.ch
source_comment: "
1237,2,1,659,,,"page_number_string: 
notes: 
source_full_citation: Swissvotes. (2025). Swissvotes – die Datenbank der eidgenössischen Volksabstimmungen. Abgerufen am 8.9.2025 von www.swissvotes.ch
source_comment: "
1238,2,2,660,,,"page_number_string: 
notes: 
source_full_citation: Swissvotes. (2025). Swissvotes – die Datenbank der eidgenössischen Volksabstimmungen. Abgerufen am 8.9.2025 von www.swissvotes.ch
source_comment: "
1239,2,2,661,,,"page_number_string: 
notes: 
source_full_citation: Swissvotes. (2025). Swissvotes – die Datenbank der eidgenössischen Volksabstimmungen. Abgerufen am 8.9.2025 von www.swissvotes.ch
source_comment: "
1240,2,1,662,,,"page_number_string: 
notes: 
source_full_citation: Swissvotes. (2025). Swissvotes – die Datenbank der eidgenössischen Volksabstimmungen. Abgerufen am 8.9.2025 von www.swissvotes.ch
source_comment: "
1241,2,1,663,,,"page_number_string: 
notes: 
source_full_citation: Swissvotes. (2025). Swissvotes – die Datenbank der eidgenössischen Volksabstimmungen. Abgerufen am 8.9.2025 von www.swissvotes.ch
source_comment: "
1242,2,1,664,,,"page_number_string: 
notes: 
source_full_citation: Swissvotes. (2025). Swissvotes – die Datenbank der eidgenössischen Volksabstimmungen. Abgerufen am 8.9.2025 von www.swissvotes.ch
source_comment: "
1243,2,1,665,,,"page_number_string: 
notes: 
source_full_citation: Swissvotes. (2025). Swissvotes – die Datenbank der eidgenössischen Volksabstimmungen. Abgerufen am 8.9.2025 von www.swissvotes.ch
source_comment: "
1244,2,1,666,,,"page_number_string: 
notes: 
source_full_citation: Swissvotes. (2025). Swissvotes – die Datenbank der eidgenössischen Volksabstimmungen. Abgerufen am 8.9.2025 von www.swissvotes.ch
source_comment: "
1245,2,2,667,,,"page_number_string: 
notes: 
source_full_citation: Swissvotes. (2025). Swissvotes – die Datenbank der eidgenössischen Volksabstimmungen. Abgerufen am 8.9.2025 von www.swissvotes.ch
source_comment: "
1246,2,2,668,,,"page_number_string: 
notes: 
source_full_citation: Swissvotes. (2025). Swissvotes – die Datenbank der eidgenössischen Volksabstimmungen. Abgerufen am 8.9.2025 von www.swissvotes.ch
source_comment: "
1247,2,2,669,,,"page_number_string: 
notes: 
source_full_citation: Swissvotes. (2025). Swissvotes – die Datenbank der eidgenössischen Volksabstimmungen. Abgerufen am 8.9.2025 von www.swissvotes.ch
source_comment: "
1248,2,1,670,,,"page_number_string: 
notes: 
source_full_citation: Swissvotes. (2025). Swissvotes – die Datenbank der eidgenössischen Volksabstimmungen. Abgerufen am 8.9.2025 von www.swissvotes.ch
source_comment: "
1249,2,2,671,,,"page_number_string: 
notes: 
source_full_citation: Swissvotes. (2025). Swissvotes – die Datenbank der eidgenössischen Volksabstimmungen. Abgerufen am 8.9.2025 von www.swissvotes.ch
source_comment: "
1250,2,1,672,,,"page_number_string: 
notes: 
source_full_citation: Swissvotes. (2025). Swissvotes – die Datenbank der eidgenössischen Volksabstimmungen. Abgerufen am 8.9.2025 von www.swissvotes.ch
source_comment: "
1251,2,1,673,,,"page_number_string: 
notes: 
source_full_citation: Swissvotes. (2025). Swissvotes – die Datenbank der eidgenössischen Volksabstimmungen. Abgerufen am 8.9.2025 von www.swissvotes.ch
source_comment: "
1252,2,2,674,,,"page_number_string: 
notes: 
source_full_citation: Swissvotes. (2025). Swissvotes – die Datenbank der eidgenössischen Volksabstimmungen. Abgerufen am 8.9.2025 von www.swissvotes.ch
source_comment: "
1253,2,2,675,,,"page_number_string: 
notes: 
source_full_citation: Swissvotes. (2025). Swissvotes – die Datenbank der eidgenössischen Volksabstimmungen. Abgerufen am 8.9.2025 von www.swissvotes.ch
source_comment: "
1254,2,2,676,,,"page_number_string: 
notes: 
source_full_citation: Swissvotes. (2025). Swissvotes – die Datenbank der eidgenössischen Volksabstimmungen. Abgerufen am 8.9.2025 von www.swissvotes.ch
source_comment: "
1255,2,1,677,,,"page_number_string: 
notes: 
source_full_citation: Swissvotes. (2025). Swissvotes – die Datenbank der eidgenössischen Volksabstimmungen. Abgerufen am 8.9.2025 von www.swissvotes.ch
source_comment: "
1256,2,1,678,,,"page_number_string: 
notes: 
source_full_citation: Swissvotes. (2025). Swissvotes – die Datenbank der eidgenössischen Volksabstimmungen. Abgerufen am 8.9.2025 von www.swissvotes.ch
source_comment: "
1257,2,1,679,,,"page_number_string: 
notes: 
source_full_citation: Swissvotes. (2025). Swissvotes – die Datenbank der eidgenössischen Volksabstimmungen. Abgerufen am 8.9.2025 von www.swissvotes.ch
source_comment: "
1258,2,1,680,,,"page_number_string: 
notes: 
source_full_citation: Swissvotes. (2025). Swissvotes – die Datenbank der eidgenössischen Volksabstimmungen. Abgerufen am 8.9.2025 von www.swissvotes.ch
source_comment: "
1259,2,2,681,,,"page_number_string: 
notes: 
source_full_citation: Swissvotes. (2025). Swissvotes – die Datenbank der eidgenössischen Volksabstimmungen. Abgerufen am 8.9.2025 von www.swissvotes.ch
source_comment: "
1260,2,1,682,,,"page_number_string: 
notes: 
source_full_citation: Swissvotes. (2025). Swissvotes – die Datenbank der eidgenössischen Volksabstimmungen. Abgerufen am 8.9.2025 von www.swissvotes.ch
source_comment: "
1261,2,1,683,,,"page_number_string: 
notes: 
source_full_citation: Swissvotes. (2025). Swissvotes – die Datenbank der eidgenössischen Volksabstimmungen. Abgerufen am 8.9.2025 von www.swissvotes.ch
source_comment: "
1262,2,1,684,,,"page_number_string: 
notes: 
source_full_citation: Swissvotes. (2025). Swissvotes – die Datenbank der eidgenössischen Volksabstimmungen. Abgerufen am 8.9.2025 von www.swissvotes.ch
source_comment: "
1263,2,2,685,,,"page_number_string: 
notes: 
source_full_citation: Swissvotes. (2025). Swissvotes – die Datenbank der eidgenössischen Volksabstimmungen. Abgerufen am 8.9.2025 von www.swissvotes.ch
source_comment: "
1264,2,1,686,,,"page_number_string: 
notes: 
source_full_citation: Swissvotes. (2025). Swissvotes – die Datenbank der eidgenössischen Volksabstimmungen. Abgerufen am 8.9.2025 von www.swissvotes.ch
source_comment: "
1265,2,2,687,,,"page_number_string: 
notes: 
source_full_citation: Swissvotes. (2025). Swissvotes – die Datenbank der eidgenössischen Volksabstimmungen. Abgerufen am 8.9.2025 von www.swissvotes.ch
source_comment: "
1266,2,1,688,,,"page_number_string: 
notes: 
source_full_citation: Swissvotes. (2025). Swissvotes – die Datenbank der eidgenössischen Volksabstimmungen. Abgerufen am 8.9.2025 von www.swissvotes.ch
source_comment: "
1267,2,2,689,,,"page_number_string: 
notes: 
source_full_citation: Swissvotes. (2025). Swissvotes – die Datenbank der eidgenössischen Volksabstimmungen. Abgerufen am 8.9.2025 von www.swissvotes.ch
source_comment: "
1268,2,1,690,,,"page_number_string: 
notes: 
source_full_citation: Swissvotes. (2025). Swissvotes – die Datenbank der eidgenössischen Volksabstimmungen. Abgerufen am 8.9.2025 von www.swissvotes.ch
source_comment: "
1269,2,1,691,,,"page_number_string: 
notes: 
source_full_citation: Swissvotes. (2025). Swissvotes – die Datenbank der eidgenössischen Volksabstimmungen. Abgerufen am 8.9.2025 von www.swissvotes.ch
source_comment: "
1270,2,1,692,,,"page_number_string: 
notes: 
source_full_citation: Swissvotes. (2025). Swissvotes – die Datenbank der eidgenössischen Volksabstimmungen. Abgerufen am 8.9.2025 von www.swissvotes.ch
source_comment: "
1271,2,2,693,,,"page_number_string: 
notes: 
source_full_citation: Swissvotes. (2025). Swissvotes – die Datenbank der eidgenössischen Volksabstimmungen. Abgerufen am 8.9.2025 von www.swissvotes.ch
source_comment: "
1272,2,1,694,,,"page_number_string: 
notes: 
source_full_citation: Swissvotes. (2025). Swissvotes – die Datenbank der eidgenössischen Volksabstimmungen. Abgerufen am 8.9.2025 von www.swissvotes.ch
source_comment: "
1273,2,2,695,,,"page_number_string: 
notes: 
source_full_citation: Swissvotes. (2025). Swissvotes – die Datenbank der eidgenössischen Volksabstimmungen. Abgerufen am 8.9.2025 von www.swissvotes.ch
source_comment: "
1274,2,2,696,,,"page_number_string: 
notes: 
source_full_citation: Swissvotes. (2025). Swissvotes – die Datenbank der eidgenössischen Volksabstimmungen. Abgerufen am 8.9.2025 von www.swissvotes.ch
source_comment: "
1275,2,2,697,,,"page_number_string: 
notes: 
source_full_citation: Swissvotes. (2025). Swissvotes – die Datenbank der eidgenössischen Volksabstimmungen. Abgerufen am 8.9.2025 von www.swissvotes.ch
source_comment: "
1276,2,2,698,,,"page_number_string: 
notes: 
source_full_citation: Swissvotes. (2025). Swissvotes – die Datenbank der eidgenössischen Volksabstimmungen. Abgerufen am 8.9.2025 von www.swissvotes.ch
source_comment: "
1277,2,1,699,,,"page_number_string: 
notes: 
source_full_citation: Swissvotes. (2025). Swissvotes – die Datenbank der eidgenössischen Volksabstimmungen. Abgerufen am 8.9.2025 von www.swissvotes.ch
source_comment: "
1278,2,1,700,,,"page_number_string: 
notes: 
source_full_citation: Swissvotes. (2025). Swissvotes – die Datenbank der eidgenössischen Volksabstimmungen. Abgerufen am 8.9.2025 von www.swissvotes.ch
source_comment: "
1279,2,1,701,,,"page_number_string: 
notes: 
source_full_citation: Swissvotes. (2025). Swissvotes – die Datenbank der eidgenössischen Volksabstimmungen. Abgerufen am 8.9.2025 von www.swissvotes.ch
source_comment: "
1280,2,2,702,,,"page_number_string: 
notes: 
source_full_citation: Swissvotes. (2025). Swissvotes – die Datenbank der eidgenössischen Volksabstimmungen. Abgerufen am 8.9.2025 von www.swissvotes.ch
source_comment: "
1281,2,1,703,,,"page_number_string: 
notes: 
source_full_citation: Swissvotes. (2025). Swissvotes – die Datenbank der eidgenössischen Volksabstimmungen. Abgerufen am 8.9.2025 von www.swissvotes.ch
source_comment: "
1282,2,2,704,,,"page_number_string: 
notes: 
source_full_citation: Swissvotes. (2025). Swissvotes – die Datenbank der eidgenössischen Volksabstimmungen. Abgerufen am 8.9.2025 von www.swissvotes.ch
source_comment: "
1283,2,2,705,,,"page_number_string: 
notes: 
source_full_citation: Swissvotes. (2025). Swissvotes – die Datenbank der eidgenössischen Volksabstimmungen. Abgerufen am 8.9.2025 von www.swissvotes.ch
source_comment: "
1284,2,1,706,,,"page_number_string: 
notes: 
source_full_citation: Swissvotes. (2025). Swissvotes – die Datenbank der eidgenössischen Volksabstimmungen. Abgerufen am 8.9.2025 von www.swissvotes.ch
source_comment: "
1285,2,1,707,,,"page_number_string: 
notes: 
source_full_citation: Swissvotes. (2025). Swissvotes – die Datenbank der eidgenössischen Volksabstimmungen. Abgerufen am 8.9.2025 von www.swissvotes.ch
source_comment: "
1286,2,2,708,,,"page_number_string: 
notes: 
source_full_citation: Swissvotes. (2025). Swissvotes – die Datenbank der eidgenössischen Volksabstimmungen. Abgerufen am 8.9.2025 von www.swissvotes.ch
source_comment: "
1287,2,2,709,,,"page_number_string: 
notes: 
source_full_citation: Swissvotes. (2025). Swissvotes – die Datenbank der eidgenössischen Volksabstimmungen. Abgerufen am 8.9.2025 von www.swissvotes.ch
source_comment: "
1288,2,2,710,,,"page_number_string: 
notes: 
source_full_citation: Swissvotes. (2025). Swissvotes – die Datenbank der eidgenössischen Volksabstimmungen. Abgerufen am 8.9.2025 von www.swissvotes.ch
source_comment: "
1289,2,2,711,,,"page_number_string: 
notes: 
source_full_citation: Swissvotes. (2025). Swissvotes – die Datenbank der eidgenössischen Volksabstimmungen. Abgerufen am 8.9.2025 von www.swissvotes.ch
source_comment: "
1290,2,2,712,,,"page_number_string: 
notes: 
source_full_citation: Swissvotes. (2025). Swissvotes – die Datenbank der eidgenössischen Volksabstimmungen. Abgerufen am 8.9.2025 von www.swissvotes.ch
source_comment: "
1291,2,1,713,,,"page_number_string: 
notes: 
source_full_citation: Swissvotes. (2025). Swissvotes – die Datenbank der eidgenössischen Volksabstimmungen. Abgerufen am 8.9.2025 von www.swissvotes.ch
source_comment: "
1292,2,2,714,,,"page_number_string: 
notes: 
source_full_citation: Swissvotes. (2025). Swissvotes – die Datenbank der eidgenössischen Volksabstimmungen. Abgerufen am 8.9.2025 von www.swissvotes.ch
source_comment: "
1293,2,1,715,,,"page_number_string: 
notes: 
source_full_citation: Swissvotes. (2025). Swissvotes – die Datenbank der eidgenössischen Volksabstimmungen. Abgerufen am 8.9.2025 von www.swissvotes.ch
source_comment: "
1294,2,2,716,,,"page_number_string: 
notes: 
source_full_citation: Swissvotes. (2025). Swissvotes – die Datenbank der eidgenössischen Volksabstimmungen. Abgerufen am 8.9.2025 von www.swissvotes.ch
source_comment: "
1295,2,1,717,,,"page_number_string: 
notes: 
source_full_citation: Swissvotes. (2025). Swissvotes – die Datenbank der eidgenössischen Volksabstimmungen. Abgerufen am 8.9.2025 von www.swissvotes.ch
source_comment: "
1296,10,1,89,,,"page_number_string: 
notes: 
source_full_citation: Swissvotes. (2025). Swissvotes – die Datenbank der eidgenössischen Volksabstimmungen. Abgerufen am 8.9.2025 von www.swissvotes.ch
source_comment: "
1297,10,1,90,,,"page_number_string: 
notes: 
source_full_citation: Swissvotes. (2025). Swissvotes – die Datenbank der eidgenössischen Volksabstimmungen. Abgerufen am 8.9.2025 von www.swissvotes.ch
source_comment: "
1298,10,1,91,,,"page_number_string: 
notes: 
source_full_citation: Swissvotes. (2025). Swissvotes – die Datenbank der eidgenössischen Volksabstimmungen. Abgerufen am 8.9.2025 von www.swissvotes.ch
source_comment: "
1299,10,1,92,,,"page_number_string: 
notes: 
source_full_citation: Swissvotes. (2025). Swissvotes – die Datenbank der eidgenössischen Volksabstimmungen. Abgerufen am 8.9.2025 von www.swissvotes.ch
source_comment: "
1300,10,8,93,,,"page_number_string: 
notes: 
source_full_citation: Swissvotes. (2025). Swissvotes – die Datenbank der eidgenössischen Volksabstimmungen. Abgerufen am 8.9.2025 von www.swissvotes.ch
source_comment: "
1301,10,1,94,,,"page_number_string: 
notes: 
source_full_citation: Swissvotes. (2025). Swissvotes – die Datenbank der eidgenössischen Volksabstimmungen. Abgerufen am 8.9.2025 von www.swissvotes.ch
source_comment: "
1302,10,1,95,,,"page_number_string: 
notes: 
source_full_citation: Swissvotes. (2025). Swissvotes – die Datenbank der eidgenössischen Volksabstimmungen. Abgerufen am 8.9.2025 von www.swissvotes.ch
source_comment: "
1303,10,1,96,,,"page_number_string: 
notes: 
source_full_citation: Swissvotes. (2025). Swissvotes – die Datenbank der eidgenössischen Volksabstimmungen. Abgerufen am 8.9.2025 von www.swissvotes.ch
source_comment: "
1304,10,1,97,,,"page_number_string: 
notes: 
source_full_citation: Swissvotes. (2025). Swissvotes – die Datenbank der eidgenössischen Volksabstimmungen. Abgerufen am 8.9.2025 von www.swissvotes.ch
source_comment: "
1305,10,9,98,,,"page_number_string: 
notes: 
source_full_citation: Swissvotes. (2025). Swissvotes – die Datenbank der eidgenössischen Volksabstimmungen. Abgerufen am 8.9.2025 von www.swissvotes.ch
source_comment: "
1306,10,5,99,,,"page_number_string: 
notes: 
source_full_citation: Swissvotes. (2025). Swissvotes – die Datenbank der eidgenössischen Volksabstimmungen. Abgerufen am 8.9.2025 von www.swissvotes.ch
source_comment: "
1307,10,9,100,,,"page_number_string: 
notes: 
source_full_citation: Swissvotes. (2025). Swissvotes – die Datenbank der eidgenössischen Volksabstimmungen. Abgerufen am 8.9.2025 von www.swissvotes.ch
source_comment: "
1308,10,1,101,,,"page_number_string: 
notes: 
source_full_citation: Swissvotes. (2025). Swissvotes – die Datenbank der eidgenössischen Volksabstimmungen. Abgerufen am 8.9.2025 von www.swissvotes.ch
source_comment: "
1309,10,1,102,,,"page_number_string: 
notes: 
source_full_citation: Swissvotes. (2025). Swissvotes – die Datenbank der eidgenössischen Volksabstimmungen. Abgerufen am 8.9.2025 von www.swissvotes.ch
source_comment: "
1310,10,1,103,,,"page_number_string: 
notes: 
source_full_citation: Swissvotes. (2025). Swissvotes – die Datenbank der eidgenössischen Volksabstimmungen. Abgerufen am 8.9.2025 von www.swissvotes.ch
source_comment: "
1311,10,2,104,,,"page_number_string: 
notes: 
source_full_citation: Swissvotes. (2025). Swissvotes – die Datenbank der eidgenössischen Volksabstimmungen. Abgerufen am 8.9.2025 von www.swissvotes.ch
source_comment: "
1312,10,9,105,,,"page_number_string: 
notes: 
source_full_citation: Swissvotes. (2025). Swissvotes – die Datenbank der eidgenössischen Volksabstimmungen. Abgerufen am 8.9.2025 von www.swissvotes.ch
source_comment: "
1313,10,9,106,,,"page_number_string: 
notes: 
source_full_citation: Swissvotes. (2025). Swissvotes – die Datenbank der eidgenössischen Volksabstimmungen. Abgerufen am 8.9.2025 von www.swissvotes.ch
source_comment: "
1314,10,9,107,,,"page_number_string: 
notes: 
source_full_citation: Swissvotes. (2025). Swissvotes – die Datenbank der eidgenössischen Volksabstimmungen. Abgerufen am 8.9.2025 von www.swissvotes.ch
source_comment: "
1315,10,9,108,,,"page_number_string: 
notes: 
source_full_citation: Swissvotes. (2025). Swissvotes – die Datenbank der eidgenössischen Volksabstimmungen. Abgerufen am 8.9.2025 von www.swissvotes.ch
source_comment: "
1316,10,9,109,,,"page_number_string: 
notes: 
source_full_citation: Swissvotes. (2025). Swissvotes – die Datenbank der eidgenössischen Volksabstimmungen. Abgerufen am 8.9.2025 von www.swissvotes.ch
source_comment: "
1317,10,1,110,,,"page_number_string: 
notes: 
source_full_citation: Swissvotes. (2025). Swissvotes – die Datenbank der eidgenössischen Volksabstimmungen. Abgerufen am 8.9.2025 von www.swissvotes.ch
source_comment: "
1318,10,2,111,,,"page_number_string: 
notes: 
source_full_citation: Swissvotes. (2025). Swissvotes – die Datenbank der eidgenössischen Volksabstimmungen. Abgerufen am 8.9.2025 von www.swissvotes.ch
source_comment: "
1319,10,2,112,,,"page_number_string: 
notes: 
source_full_citation: Swissvotes. (2025). Swissvotes – die Datenbank der eidgenössischen Volksabstimmungen. Abgerufen am 8.9.2025 von www.swissvotes.ch
source_comment: "
1320,10,9,113,,,"page_number_string: 
notes: 
source_full_citation: Swissvotes. (2025). Swissvotes – die Datenbank der eidgenössischen Volksabstimmungen. Abgerufen am 8.9.2025 von www.swissvotes.ch
source_comment: "
1321,10,2,114,,,"page_number_string: 
notes: 
source_full_citation: Swissvotes. (2025). Swissvotes – die Datenbank der eidgenössischen Volksabstimmungen. Abgerufen am 8.9.2025 von www.swissvotes.ch
source_comment: "
1322,10,1,115,,,"page_number_string: 
notes: 
source_full_citation: Swissvotes. (2025). Swissvotes – die Datenbank der eidgenössischen Volksabstimmungen. Abgerufen am 8.9.2025 von www.swissvotes.ch
source_comment: "
1323,10,1,116,,,"page_number_string: 
notes: 
source_full_citation: Swissvotes. (2025). Swissvotes – die Datenbank der eidgenössischen Volksabstimmungen. Abgerufen am 8.9.2025 von www.swissvotes.ch
source_comment: "
1324,10,2,117,,,"page_number_string: 
notes: 
source_full_citation: Swissvotes. (2025). Swissvotes – die Datenbank der eidgenössischen Volksabstimmungen. Abgerufen am 8.9.2025 von www.swissvotes.ch
source_comment: "
1325,10,1,118,,,"page_number_string: 
notes: 
source_full_citation: Swissvotes. (2025). Swissvotes – die Datenbank der eidgenössischen Volksabstimmungen. Abgerufen am 8.9.2025 von www.swissvotes.ch
source_comment: "
1326,10,1,119,,,"page_number_string: 
notes: 
source_full_citation: Swissvotes. (2025). Swissvotes – die Datenbank der eidgenössischen Volksabstimmungen. Abgerufen am 8.9.2025 von www.swissvotes.ch
source_comment: "
1327,10,9,120,,,"page_number_string: 
notes: 
source_full_citation: Swissvotes. (2025). Swissvotes – die Datenbank der eidgenössischen Volksabstimmungen. Abgerufen am 8.9.2025 von www.swissvotes.ch
source_comment: "
1328,10,1,121,,,"page_number_string: 
notes: 
source_full_citation: Swissvotes. (2025). Swissvotes – die Datenbank der eidgenössischen Volksabstimmungen. Abgerufen am 8.9.2025 von www.swissvotes.ch
source_comment: "
1329,10,1,122,,,"page_number_string: 
notes: 
source_full_citation: Swissvotes. (2025). Swissvotes – die Datenbank der eidgenössischen Volksabstimmungen. Abgerufen am 8.9.2025 von www.swissvotes.ch
source_comment: "
1330,10,1,123,,,"page_number_string: 
notes: 
source_full_citation: Swissvotes. (2025). Swissvotes – die Datenbank der eidgenössischen Volksabstimmungen. Abgerufen am 8.9.2025 von www.swissvotes.ch
source_comment: "
1331,10,9,124,,,"page_number_string: 
notes: 
source_full_citation: Swissvotes. (2025). Swissvotes – die Datenbank der eidgenössischen Volksabstimmungen. Abgerufen am 8.9.2025 von www.swissvotes.ch
source_comment: "
1332,10,2,125,,,"page_number_string: 
notes: 
source_full_citation: Swissvotes. (2025). Swissvotes – die Datenbank der eidgenössischen Volksabstimmungen. Abgerufen am 8.9.2025 von www.swissvotes.ch
source_comment: "
1333,10,8,126,,,"page_number_string: 
notes: 
source_full_citation: Swissvotes. (2025). Swissvotes – die Datenbank der eidgenössischen Volksabstimmungen. Abgerufen am 8.9.2025 von www.swissvotes.ch
source_comment: "
1334,10,1,127,,,"page_number_string: 
notes: 
source_full_citation: Swissvotes. (2025). Swissvotes – die Datenbank der eidgenössischen Volksabstimmungen. Abgerufen am 8.9.2025 von www.swissvotes.ch
source_comment: "
1335,10,2,128,,,"page_number_string: 
notes: 
source_full_citation: Swissvotes. (2025). Swissvotes – die Datenbank der eidgenössischen Volksabstimmungen. Abgerufen am 8.9.2025 von www.swissvotes.ch
source_comment: "
1336,10,2,129,,,"page_number_string: 
notes: 
source_full_citation: Swissvotes. (2025). Swissvotes – die Datenbank der eidgenössischen Volksabstimmungen. Abgerufen am 8.9.2025 von www.swissvotes.ch
source_comment: "
1337,10,1,130,,,"page_number_string: 
notes: 
source_full_citation: Swissvotes. (2025). Swissvotes – die Datenbank der eidgenössischen Volksabstimmungen. Abgerufen am 8.9.2025 von www.swissvotes.ch
source_comment: "
1338,10,1,131,,,"page_number_string: 
notes: 
source_full_citation: Swissvotes. (2025). Swissvotes – die Datenbank der eidgenössischen Volksabstimmungen. Abgerufen am 8.9.2025 von www.swissvotes.ch
source_comment: "
1339,10,1,132,,,"page_number_string: 
notes: 
source_full_citation: Swissvotes. (2025). Swissvotes – die Datenbank der eidgenössischen Volksabstimmungen. Abgerufen am 8.9.2025 von www.swissvotes.ch
source_comment: "
1340,10,1,133,,,"page_number_string: 
notes: 
source_full_citation: Swissvotes. (2025). Swissvotes – die Datenbank der eidgenössischen Volksabstimmungen. Abgerufen am 8.9.2025 von www.swissvotes.ch
source_comment: "
1341,10,2,134,,,"page_number_string: 
notes: 
source_full_citation: Swissvotes. (2025). Swissvotes – die Datenbank der eidgenössischen Volksabstimmungen. Abgerufen am 8.9.2025 von www.swissvotes.ch
source_comment: "
1342,10,1,135,,,"page_number_string: 
notes: 
source_full_citation: Swissvotes. (2025). Swissvotes – die Datenbank der eidgenössischen Volksabstimmungen. Abgerufen am 8.9.2025 von www.swissvotes.ch
source_comment: "
1343,10,1,136,,,"page_number_string: 
notes: 
source_full_citation: Swissvotes. (2025). Swissvotes – die Datenbank der eidgenössischen Volksabstimmungen. Abgerufen am 8.9.2025 von www.swissvotes.ch
source_comment: "
1344,10,1,137,,,"page_number_string: 
notes: 
source_full_citation: Swissvotes. (2025). Swissvotes – die Datenbank der eidgenössischen Volksabstimmungen. Abgerufen am 8.9.2025 von www.swissvotes.ch
source_comment: "
1345,10,1,138,,,"page_number_string: 
notes: 
source_full_citation: Swissvotes. (2025). Swissvotes – die Datenbank der eidgenössischen Volksabstimmungen. Abgerufen am 8.9.2025 von www.swissvotes.ch
source_comment: "
1346,10,2,139,,,"page_number_string: 
notes: 
source_full_citation: Swissvotes. (2025). Swissvotes – die Datenbank der eidgenössischen Volksabstimmungen. Abgerufen am 8.9.2025 von www.swissvotes.ch
source_comment: "
1347,10,2,140,,,"page_number_string: 
notes: 
source_full_citation: Swissvotes. (2025). Swissvotes – die Datenbank der eidgenössischen Volksabstimmungen. Abgerufen am 8.9.2025 von www.swissvotes.ch
source_comment: "
1348,10,1,141,,,"page_number_string: 
notes: 
source_full_citation: Swissvotes. (2025). Swissvotes – die Datenbank der eidgenössischen Volksabstimmungen. Abgerufen am 8.9.2025 von www.swissvotes.ch
source_comment: "
1349,10,9,142,,,"page_number_string: 
notes: 
source_full_citation: Swissvotes. (2025). Swissvotes – die Datenbank der eidgenössischen Volksabstimmungen. Abgerufen am 8.9.2025 von www.swissvotes.ch
source_comment: "
1350,10,1,143,,,"page_number_string: 
notes: 
source_full_citation: Swissvotes. (2025). Swissvotes – die Datenbank der eidgenössischen Volksabstimmungen. Abgerufen am 8.9.2025 von www.swissvotes.ch
source_comment: "
1351,10,2,144,,,"page_number_string: 
notes: 
source_full_citation: Swissvotes. (2025). Swissvotes – die Datenbank der eidgenössischen Volksabstimmungen. Abgerufen am 8.9.2025 von www.swissvotes.ch
source_comment: "
1352,10,2,145,,,"page_number_string: 
notes: 
source_full_citation: Swissvotes. (2025). Swissvotes – die Datenbank der eidgenössischen Volksabstimmungen. Abgerufen am 8.9.2025 von www.swissvotes.ch
source_comment: "
1353,10,1,146,,,"page_number_string: 
notes: 
source_full_citation: Swissvotes. (2025). Swissvotes – die Datenbank der eidgenössischen Volksabstimmungen. Abgerufen am 8.9.2025 von www.swissvotes.ch
source_comment: "
1354,10,2,147,,,"page_number_string: 
notes: 
source_full_citation: Swissvotes. (2025). Swissvotes – die Datenbank der eidgenössischen Volksabstimmungen. Abgerufen am 8.9.2025 von www.swissvotes.ch
source_comment: "
1355,10,1,148,,,"page_number_string: 
notes: 
source_full_citation: Swissvotes. (2025). Swissvotes – die Datenbank der eidgenössischen Volksabstimmungen. Abgerufen am 8.9.2025 von www.swissvotes.ch
source_comment: "
1356,10,2,149,,,"page_number_string: 
notes: 
source_full_citation: Swissvotes. (2025). Swissvotes – die Datenbank der eidgenössischen Volksabstimmungen. Abgerufen am 8.9.2025 von www.swissvotes.ch
source_comment: "
1357,10,1,150,,,"page_number_string: 
notes: 
source_full_citation: Swissvotes. (2025). Swissvotes – die Datenbank der eidgenössischen Volksabstimmungen. Abgerufen am 8.9.2025 von www.swissvotes.ch
source_comment: "
1358,10,1,151,,,"page_number_string: 
notes: 
source_full_citation: Swissvotes. (2025). Swissvotes – die Datenbank der eidgenössischen Volksabstimmungen. Abgerufen am 8.9.2025 von www.swissvotes.ch
source_comment: "
1359,10,8,152,,,"page_number_string: 
notes: 
source_full_citation: Swissvotes. (2025). Swissvotes – die Datenbank der eidgenössischen Volksabstimmungen. Abgerufen am 8.9.2025 von www.swissvotes.ch
source_comment: "
1360,10,1,153,,,"page_number_string: 
notes: 
source_full_citation: Swissvotes. (2025). Swissvotes – die Datenbank der eidgenössischen Volksabstimmungen. Abgerufen am 8.9.2025 von www.swissvotes.ch
source_comment: "
1361,10,2,154,,,"page_number_string: 
notes: 
source_full_citation: Swissvotes. (2025). Swissvotes – die Datenbank der eidgenössischen Volksabstimmungen. Abgerufen am 8.9.2025 von www.swissvotes.ch
source_comment: "
1362,10,2,155,,,"page_number_string: 
notes: 
source_full_citation: Swissvotes. (2025). Swissvotes – die Datenbank der eidgenössischen Volksabstimmungen. Abgerufen am 8.9.2025 von www.swissvotes.ch
source_comment: "
1363,10,2,156,,,"page_number_string: 
notes: 
source_full_citation: Swissvotes. (2025). Swissvotes – die Datenbank der eidgenössischen Volksabstimmungen. Abgerufen am 8.9.2025 von www.swissvotes.ch
source_comment: "
1364,10,8,157,,,"page_number_string: 
notes: 
source_full_citation: Swissvotes. (2025). Swissvotes – die Datenbank der eidgenössischen Volksabstimmungen. Abgerufen am 8.9.2025 von www.swissvotes.ch
source_comment: "
1365,10,1,158,,,"page_number_string: 
notes: 
source_full_citation: Swissvotes. (2025). Swissvotes – die Datenbank der eidgenössischen Volksabstimmungen. Abgerufen am 8.9.2025 von www.swissvotes.ch
source_comment: "
1366,10,1,159,,,"page_number_string: 
notes: 
source_full_citation: Swissvotes. (2025). Swissvotes – die Datenbank der eidgenössischen Volksabstimmungen. Abgerufen am 8.9.2025 von www.swissvotes.ch
source_comment: "
1367,10,1,160,,,"page_number_string: 
notes: 
source_full_citation: Swissvotes. (2025). Swissvotes – die Datenbank der eidgenössischen Volksabstimmungen. Abgerufen am 8.9.2025 von www.swissvotes.ch
source_comment: "
1368,10,2,161,,,"page_number_string: 
notes: 
source_full_citation: Swissvotes. (2025). Swissvotes – die Datenbank der eidgenössischen Volksabstimmungen. Abgerufen am 8.9.2025 von www.swissvotes.ch
source_comment: "
1369,10,2,162,,,"page_number_string: 
notes: 
source_full_citation: Swissvotes. (2025). Swissvotes – die Datenbank der eidgenössischen Volksabstimmungen. Abgerufen am 8.9.2025 von www.swissvotes.ch
source_comment: "
1370,10,1,163,,,"page_number_string: 
notes: 
source_full_citation: Swissvotes. (2025). Swissvotes – die Datenbank der eidgenössischen Volksabstimmungen. Abgerufen am 8.9.2025 von www.swissvotes.ch
source_comment: "
1371,10,1,164,,,"page_number_string: 
notes: 
source_full_citation: Swissvotes. (2025). Swissvotes – die Datenbank der eidgenössischen Volksabstimmungen. Abgerufen am 8.9.2025 von www.swissvotes.ch
source_comment: "
1372,10,1,165,,,"page_number_string: 
notes: 
source_full_citation: Swissvotes. (2025). Swissvotes – die Datenbank der eidgenössischen Volksabstimmungen. Abgerufen am 8.9.2025 von www.swissvotes.ch
source_comment: "
1373,10,1,166,,,"page_number_string: 
notes: 
source_full_citation: Swissvotes. (2025). Swissvotes – die Datenbank der eidgenössischen Volksabstimmungen. Abgerufen am 8.9.2025 von www.swissvotes.ch
source_comment: "
1374,10,9,167,,,"page_number_string: 
notes: 
source_full_citation: Swissvotes. (2025). Swissvotes – die Datenbank der eidgenössischen Volksabstimmungen. Abgerufen am 8.9.2025 von www.swissvotes.ch
source_comment: "
1375,10,2,168,,,"page_number_string: 
notes: 
source_full_citation: Swissvotes. (2025). Swissvotes – die Datenbank der eidgenössischen Volksabstimmungen. Abgerufen am 8.9.2025 von www.swissvotes.ch
source_comment: "
1376,10,1,169,,,"page_number_string: 
notes: 
source_full_citation: Swissvotes. (2025). Swissvotes – die Datenbank der eidgenössischen Volksabstimmungen. Abgerufen am 8.9.2025 von www.swissvotes.ch
source_comment: "
1377,10,1,170,,,"page_number_string: 
notes: 
source_full_citation: Swissvotes. (2025). Swissvotes – die Datenbank der eidgenössischen Volksabstimmungen. Abgerufen am 8.9.2025 von www.swissvotes.ch
source_comment: "
1378,10,1,171,,,"page_number_string: 
notes: 
source_full_citation: Swissvotes. (2025). Swissvotes – die Datenbank der eidgenössischen Volksabstimmungen. Abgerufen am 8.9.2025 von www.swissvotes.ch
source_comment: "
1379,10,2,172,,,"page_number_string: 
notes: 
source_full_citation: Swissvotes. (2025). Swissvotes – die Datenbank der eidgenössischen Volksabstimmungen. Abgerufen am 8.9.2025 von www.swissvotes.ch
source_comment: "
1380,10,1,173,,,"page_number_string: 
notes: 
source_full_citation: Swissvotes. (2025). Swissvotes – die Datenbank der eidgenössischen Volksabstimmungen. Abgerufen am 8.9.2025 von www.swissvotes.ch
source_comment: "
1381,10,1,174,,,"page_number_string: 
notes: 
source_full_citation: Swissvotes. (2025). Swissvotes – die Datenbank der eidgenössischen Volksabstimmungen. Abgerufen am 8.9.2025 von www.swissvotes.ch
source_comment: "
1382,10,1,175,,,"page_number_string: 
notes: 
source_full_citation: Swissvotes. (2025). Swissvotes – die Datenbank der eidgenössischen Volksabstimmungen. Abgerufen am 8.9.2025 von www.swissvotes.ch
source_comment: "
1383,10,2,176,,,"page_number_string: 
notes: 
source_full_citation: Swissvotes. (2025). Swissvotes – die Datenbank der eidgenössischen Volksabstimmungen. Abgerufen am 8.9.2025 von www.swissvotes.ch
source_comment: "
1384,10,8,177,,,"page_number_string: 
notes: 
source_full_citation: Swissvotes. (2025). Swissvotes – die Datenbank der eidgenössischen Volksabstimmungen. Abgerufen am 8.9.2025 von www.swissvotes.ch
source_comment: "
1385,10,2,178,,,"page_number_string: 
notes: 
source_full_citation: Swissvotes. (2025). Swissvotes – die Datenbank der eidgenössischen Volksabstimmungen. Abgerufen am 8.9.2025 von www.swissvotes.ch
source_comment: "
1386,10,1,179,,,"page_number_string: 
notes: 
source_full_citation: Swissvotes. (2025). Swissvotes – die Datenbank der eidgenössischen Volksabstimmungen. Abgerufen am 8.9.2025 von www.swissvotes.ch
source_comment: "
1387,10,1,180,,,"page_number_string: 
notes: 
source_full_citation: Swissvotes. (2025). Swissvotes – die Datenbank der eidgenössischen Volksabstimmungen. Abgerufen am 8.9.2025 von www.swissvotes.ch
source_comment: "
1388,10,2,181,,,"page_number_string: 
notes: 
source_full_citation: Swissvotes. (2025). Swissvotes – die Datenbank der eidgenössischen Volksabstimmungen. Abgerufen am 8.9.2025 von www.swissvotes.ch
source_comment: "
1389,10,2,182,,,"page_number_string: 
notes: 
source_full_citation: Swissvotes. (2025). Swissvotes – die Datenbank der eidgenössischen Volksabstimmungen. Abgerufen am 8.9.2025 von www.swissvotes.ch
source_comment: "
1390,10,1,183,,,"page_number_string: 
notes: 
source_full_citation: Swissvotes. (2025). Swissvotes – die Datenbank der eidgenössischen Volksabstimmungen. Abgerufen am 8.9.2025 von www.swissvotes.ch
source_comment: "
1391,10,1,184,,,"page_number_string: 
notes: 
source_full_citation: Swissvotes. (2025). Swissvotes – die Datenbank der eidgenössischen Volksabstimmungen. Abgerufen am 8.9.2025 von www.swissvotes.ch
source_comment: "
1392,10,1,185,,,"page_number_string: 
notes: 
source_full_citation: Swissvotes. (2025). Swissvotes – die Datenbank der eidgenössischen Volksabstimmungen. Abgerufen am 8.9.2025 von www.swissvotes.ch
source_comment: "
1393,10,5,186,,,"page_number_string: 
notes: 
source_full_citation: Swissvotes. (2025). Swissvotes – die Datenbank der eidgenössischen Volksabstimmungen. Abgerufen am 8.9.2025 von www.swissvotes.ch
source_comment: "
1394,10,1,187,,,"page_number_string: 
notes: 
source_full_citation: Swissvotes. (2025). Swissvotes – die Datenbank der eidgenössischen Volksabstimmungen. Abgerufen am 8.9.2025 von www.swissvotes.ch
source_comment: "
1395,10,1,188,,,"page_number_string: 
notes: 
source_full_citation: Swissvotes. (2025). Swissvotes – die Datenbank der eidgenössischen Volksabstimmungen. Abgerufen am 8.9.2025 von www.swissvotes.ch
source_comment: "
1396,10,1,189,,,"page_number_string: 
notes: 
source_full_citation: Swissvotes. (2025). Swissvotes – die Datenbank der eidgenössischen Volksabstimmungen. Abgerufen am 8.9.2025 von www.swissvotes.ch
source_comment: "
1397,10,1,190,,,"page_number_string: 
notes: 
source_full_citation: Swissvotes. (2025). Swissvotes – die Datenbank der eidgenössischen Volksabstimmungen. Abgerufen am 8.9.2025 von www.swissvotes.ch
source_comment: "
1398,10,1,191,,,"page_number_string: 
notes: 
source_full_citation: Swissvotes. (2025). Swissvotes – die Datenbank der eidgenössischen Volksabstimmungen. Abgerufen am 8.9.2025 von www.swissvotes.ch
source_comment: "
1399,10,1,192,,,"page_number_string: 
notes: 
source_full_citation: Swissvotes. (2025). Swissvotes – die Datenbank der eidgenössischen Volksabstimmungen. Abgerufen am 8.9.2025 von www.swissvotes.ch
source_comment: "
1400,10,1,193,,,"page_number_string: 
notes: 
source_full_citation: Swissvotes. (2025). Swissvotes – die Datenbank der eidgenössischen Volksabstimmungen. Abgerufen am 8.9.2025 von www.swissvotes.ch
source_comment: "
1401,10,2,194,,,"page_number_string: 
notes: 
source_full_citation: Swissvotes. (2025). Swissvotes – die Datenbank der eidgenössischen Volksabstimmungen. Abgerufen am 8.9.2025 von www.swissvotes.ch
source_comment: "
1402,10,2,195,,,"page_number_string: 
notes: 
source_full_citation: Swissvotes. (2025). Swissvotes – die Datenbank der eidgenössischen Volksabstimmungen. Abgerufen am 8.9.2025 von www.swissvotes.ch
source_comment: "
1403,10,8,196,,,"page_number_string: 
notes: 
source_full_citation: Swissvotes. (2025). Swissvotes – die Datenbank der eidgenössischen Volksabstimmungen. Abgerufen am 8.9.2025 von www.swissvotes.ch
source_comment: "
1404,10,1,197,,,"page_number_string: 
notes: 
source_full_citation: Swissvotes. (2025). Swissvotes – die Datenbank der eidgenössischen Volksabstimmungen. Abgerufen am 8.9.2025 von www.swissvotes.ch
source_comment: "
1405,10,2,198,,,"page_number_string: 
notes: 
source_full_citation: Swissvotes. (2025). Swissvotes – die Datenbank der eidgenössischen Volksabstimmungen. Abgerufen am 8.9.2025 von www.swissvotes.ch
source_comment: "
1406,10,1,199,,,"page_number_string: 
notes: 
source_full_citation: Swissvotes. (2025). Swissvotes – die Datenbank der eidgenössischen Volksabstimmungen. Abgerufen am 8.9.2025 von www.swissvotes.ch
source_comment: "
1407,10,1,200,,,"page_number_string: 
notes: 
source_full_citation: Swissvotes. (2025). Swissvotes – die Datenbank der eidgenössischen Volksabstimmungen. Abgerufen am 8.9.2025 von www.swissvotes.ch
source_comment: "
1408,10,1,201,,,"page_number_string: 
notes: 
source_full_citation: Swissvotes. (2025). Swissvotes – die Datenbank der eidgenössischen Volksabstimmungen. Abgerufen am 8.9.2025 von www.swissvotes.ch
source_comment: "
1409,10,1,202,,,"page_number_string: 
notes: 
source_full_citation: Swissvotes. (2025). Swissvotes – die Datenbank der eidgenössischen Volksabstimmungen. Abgerufen am 8.9.2025 von www.swissvotes.ch
source_comment: "
1410,10,1,203,,,"page_number_string: 
notes: 
source_full_citation: Swissvotes. (2025). Swissvotes – die Datenbank der eidgenössischen Volksabstimmungen. Abgerufen am 8.9.2025 von www.swissvotes.ch
source_comment: "
1411,10,1,204,,,"page_number_string: 
notes: 
source_full_citation: Swissvotes. (2025). Swissvotes – die Datenbank der eidgenössischen Volksabstimmungen. Abgerufen am 8.9.2025 von www.swissvotes.ch
source_comment: "
1412,10,1,205,,,"page_number_string: 
notes: 
source_full_citation: Swissvotes. (2025). Swissvotes – die Datenbank der eidgenössischen Volksabstimmungen. Abgerufen am 8.9.2025 von www.swissvotes.ch
source_comment: "
1413,10,2,206,,,"page_number_string: 
notes: 
source_full_citation: Swissvotes. (2025). Swissvotes – die Datenbank der eidgenössischen Volksabstimmungen. Abgerufen am 8.9.2025 von www.swissvotes.ch
source_comment: "
1414,10,1,207,,,"page_number_string: 
notes: 
source_full_citation: Swissvotes. (2025). Swissvotes – die Datenbank der eidgenössischen Volksabstimmungen. Abgerufen am 8.9.2025 von www.swissvotes.ch
source_comment: "
1415,10,1,208,,,"page_number_string: 
notes: 
source_full_citation: Swissvotes. (2025). Swissvotes – die Datenbank der eidgenössischen Volksabstimmungen. Abgerufen am 8.9.2025 von www.swissvotes.ch
source_comment: "
1416,10,1,209,,,"page_number_string: 
notes: 
source_full_citation: Swissvotes. (2025). Swissvotes – die Datenbank der eidgenössischen Volksabstimmungen. Abgerufen am 8.9.2025 von www.swissvotes.ch
source_comment: "
1417,10,2,210,,,"page_number_string: 
notes: 
source_full_citation: Swissvotes. (2025). Swissvotes – die Datenbank der eidgenössischen Volksabstimmungen. Abgerufen am 8.9.2025 von www.swissvotes.ch
source_comment: "
1418,10,1,211,,,"page_number_string: 
notes: 
source_full_citation: Swissvotes. (2025). Swissvotes – die Datenbank der eidgenössischen Volksabstimmungen. Abgerufen am 8.9.2025 von www.swissvotes.ch
source_comment: "
1419,10,1,212,,,"page_number_string: 
notes: 
source_full_citation: Swissvotes. (2025). Swissvotes – die Datenbank der eidgenössischen Volksabstimmungen. Abgerufen am 8.9.2025 von www.swissvotes.ch
source_comment: "
1420,10,5,213,,,"page_number_string: 
notes: 
source_full_citation: Swissvotes. (2025). Swissvotes – die Datenbank der eidgenössischen Volksabstimmungen. Abgerufen am 8.9.2025 von www.swissvotes.ch
source_comment: "
1421,10,1,214,,,"page_number_string: 
notes: 
source_full_citation: Swissvotes. (2025). Swissvotes – die Datenbank der eidgenössischen Volksabstimmungen. Abgerufen am 8.9.2025 von www.swissvotes.ch
source_comment: "
1422,10,1,215,,,"page_number_string: 
notes: 
source_full_citation: Swissvotes. (2025). Swissvotes – die Datenbank der eidgenössischen Volksabstimmungen. Abgerufen am 8.9.2025 von www.swissvotes.ch
source_comment: "
1423,10,1,216,,,"page_number_string: 
notes: 
source_full_citation: Swissvotes. (2025). Swissvotes – die Datenbank der eidgenössischen Volksabstimmungen. Abgerufen am 8.9.2025 von www.swissvotes.ch
source_comment: "
1424,10,1,217,,,"page_number_string: 
notes: 
source_full_citation: Swissvotes. (2025). Swissvotes – die Datenbank der eidgenössischen Volksabstimmungen. Abgerufen am 8.9.2025 von www.swissvotes.ch
source_comment: "
1425,10,1,218,,,"page_number_string: 
notes: 
source_full_citation: Swissvotes. (2025). Swissvotes – die Datenbank der eidgenössischen Volksabstimmungen. Abgerufen am 8.9.2025 von www.swissvotes.ch
source_comment: "
1426,10,2,219,,,"page_number_string: 
notes: 
source_full_citation: Swissvotes. (2025). Swissvotes – die Datenbank der eidgenössischen Volksabstimmungen. Abgerufen am 8.9.2025 von www.swissvotes.ch
source_comment: "
1427,10,1,220,,,"page_number_string: 
notes: 
source_full_citation: Swissvotes. (2025). Swissvotes – die Datenbank der eidgenössischen Volksabstimmungen. Abgerufen am 8.9.2025 von www.swissvotes.ch
source_comment: "
1428,10,2,221,,,"page_number_string: 
notes: 
source_full_citation: Swissvotes. (2025). Swissvotes – die Datenbank der eidgenössischen Volksabstimmungen. Abgerufen am 8.9.2025 von www.swissvotes.ch
source_comment: "
1429,10,1,222,,,"page_number_string: 
notes: 
source_full_citation: Swissvotes. (2025). Swissvotes – die Datenbank der eidgenössischen Volksabstimmungen. Abgerufen am 8.9.2025 von www.swissvotes.ch
source_comment: "
1430,10,1,223,,,"page_number_string: 
notes: 
source_full_citation: Swissvotes. (2025). Swissvotes – die Datenbank der eidgenössischen Volksabstimmungen. Abgerufen am 8.9.2025 von www.swissvotes.ch
source_comment: "
1431,10,9,224,,,"page_number_string: 
notes: 
source_full_citation: Swissvotes. (2025). Swissvotes – die Datenbank der eidgenössischen Volksabstimmungen. Abgerufen am 8.9.2025 von www.swissvotes.ch
source_comment: "
1432,10,2,225,,,"page_number_string: 
notes: 
source_full_citation: Swissvotes. (2025). Swissvotes – die Datenbank der eidgenössischen Volksabstimmungen. Abgerufen am 8.9.2025 von www.swissvotes.ch
source_comment: "
1433,10,1,226,,,"page_number_string: 
notes: 
source_full_citation: Swissvotes. (2025). Swissvotes – die Datenbank der eidgenössischen Volksabstimmungen. Abgerufen am 8.9.2025 von www.swissvotes.ch
source_comment: "
1434,10,1,227,,,"page_number_string: 
notes: 
source_full_citation: Swissvotes. (2025). Swissvotes – die Datenbank der eidgenössischen Volksabstimmungen. Abgerufen am 8.9.2025 von www.swissvotes.ch
source_comment: "
1435,10,1,228,,,"page_number_string: 
notes: 
source_full_citation: Swissvotes. (2025). Swissvotes – die Datenbank der eidgenössischen Volksabstimmungen. Abgerufen am 8.9.2025 von www.swissvotes.ch
source_comment: "
1436,10,1,229,,,"page_number_string: 
notes: 
source_full_citation: Swissvotes. (2025). Swissvotes – die Datenbank der eidgenössischen Volksabstimmungen. Abgerufen am 8.9.2025 von www.swissvotes.ch
source_comment: "
1437,10,1,230,,,"page_number_string: 
notes: 
source_full_citation: Swissvotes. (2025). Swissvotes – die Datenbank der eidgenössischen Volksabstimmungen. Abgerufen am 8.9.2025 von www.swissvotes.ch
source_comment: "
1438,10,1,231,,,"page_number_string: 
notes: 
source_full_citation: Swissvotes. (2025). Swissvotes – die Datenbank der eidgenössischen Volksabstimmungen. Abgerufen am 8.9.2025 von www.swissvotes.ch
source_comment: "
1439,10,1,232,,,"page_number_string: 
notes: 
source_full_citation: Swissvotes. (2025). Swissvotes – die Datenbank der eidgenössischen Volksabstimmungen. Abgerufen am 8.9.2025 von www.swissvotes.ch
source_comment: "
1440,10,1,233,,,"page_number_string: 
notes: 
source_full_citation: Swissvotes. (2025). Swissvotes – die Datenbank der eidgenössischen Volksabstimmungen. Abgerufen am 8.9.2025 von www.swissvotes.ch
source_comment: "
1441,10,1,234,,,"page_number_string: 
notes: 
source_full_citation: Swissvotes. (2025). Swissvotes – die Datenbank der eidgenössischen Volksabstimmungen. Abgerufen am 8.9.2025 von www.swissvotes.ch
source_comment: "
1442,10,2,235,,,"page_number_string: 
notes: 
source_full_citation: Swissvotes. (2025). Swissvotes – die Datenbank der eidgenössischen Volksabstimmungen. Abgerufen am 8.9.2025 von www.swissvotes.ch
source_comment: "
1443,10,2,236,,,"page_number_string: 
notes: 
source_full_citation: Swissvotes. (2025). Swissvotes – die Datenbank der eidgenössischen Volksabstimmungen. Abgerufen am 8.9.2025 von www.swissvotes.ch
source_comment: "
1444,10,1,237,,,"page_number_string: 
notes: 
source_full_citation: Swissvotes. (2025). Swissvotes – die Datenbank der eidgenössischen Volksabstimmungen. Abgerufen am 8.9.2025 von www.swissvotes.ch
source_comment: "
1445,10,1,238,,,"page_number_string: 
notes: 
source_full_citation: Swissvotes. (2025). Swissvotes – die Datenbank der eidgenössischen Volksabstimmungen. Abgerufen am 8.9.2025 von www.swissvotes.ch
source_comment: "
1446,10,1,239,,,"page_number_string: 
notes: 
source_full_citation: Swissvotes. (2025). Swissvotes – die Datenbank der eidgenössischen Volksabstimmungen. Abgerufen am 8.9.2025 von www.swissvotes.ch
source_comment: "
1447,10,1,240,,,"page_number_string: 
notes: 
source_full_citation: Swissvotes. (2025). Swissvotes – die Datenbank der eidgenössischen Volksabstimmungen. Abgerufen am 8.9.2025 von www.swissvotes.ch
source_comment: "
1448,10,1,241,,,"page_number_string: 
notes: 
source_full_citation: Swissvotes. (2025). Swissvotes – die Datenbank der eidgenössischen Volksabstimmungen. Abgerufen am 8.9.2025 von www.swissvotes.ch
source_comment: "
1449,10,2,242,,,"page_number_string: 
notes: 
source_full_citation: Swissvotes. (2025). Swissvotes – die Datenbank der eidgenössischen Volksabstimmungen. Abgerufen am 8.9.2025 von www.swissvotes.ch
source_comment: "
1450,10,1,243,,,"page_number_string: 
notes: 
source_full_citation: Swissvotes. (2025). Swissvotes – die Datenbank der eidgenössischen Volksabstimmungen. Abgerufen am 8.9.2025 von www.swissvotes.ch
source_comment: "
1451,10,1,244,,,"page_number_string: 
notes: 
source_full_citation: Swissvotes. (2025). Swissvotes – die Datenbank der eidgenössischen Volksabstimmungen. Abgerufen am 8.9.2025 von www.swissvotes.ch
source_comment: "
1452,10,1,245,,,"page_number_string: 
notes: 
source_full_citation: Swissvotes. (2025). Swissvotes – die Datenbank der eidgenössischen Volksabstimmungen. Abgerufen am 8.9.2025 von www.swissvotes.ch
source_comment: "
1453,10,1,246,,,"page_number_string: 
notes: 
source_full_citation: Swissvotes. (2025). Swissvotes – die Datenbank der eidgenössischen Volksabstimmungen. Abgerufen am 8.9.2025 von www.swissvotes.ch
source_comment: "
1454,10,1,247,,,"page_number_string: 
notes: 
source_full_citation: Swissvotes. (2025). Swissvotes – die Datenbank der eidgenössischen Volksabstimmungen. Abgerufen am 8.9.2025 von www.swissvotes.ch
source_comment: "
1455,10,1,248,,,"page_number_string: 
notes: 
source_full_citation: Swissvotes. (2025). Swissvotes – die Datenbank der eidgenössischen Volksabstimmungen. Abgerufen am 8.9.2025 von www.swissvotes.ch
source_comment: "
1456,10,2,249,,,"page_number_string: 
notes: 
source_full_citation: Swissvotes. (2025). Swissvotes – die Datenbank der eidgenössischen Volksabstimmungen. Abgerufen am 8.9.2025 von www.swissvotes.ch
source_comment: "
1457,10,8,250,,,"page_number_string: 
notes: 
source_full_citation: Swissvotes. (2025). Swissvotes – die Datenbank der eidgenössischen Volksabstimmungen. Abgerufen am 8.9.2025 von www.swissvotes.ch
source_comment: "
1458,10,1,251,,,"page_number_string: 
notes: 
source_full_citation: Swissvotes. (2025). Swissvotes – die Datenbank der eidgenössischen Volksabstimmungen. Abgerufen am 8.9.2025 von www.swissvotes.ch
source_comment: "
1459,10,1,252,,,"page_number_string: 
notes: 
source_full_citation: Swissvotes. (2025). Swissvotes – die Datenbank der eidgenössischen Volksabstimmungen. Abgerufen am 8.9.2025 von www.swissvotes.ch
source_comment: "
1460,10,1,253,,,"page_number_string: 
notes: 
source_full_citation: Swissvotes. (2025). Swissvotes – die Datenbank der eidgenössischen Volksabstimmungen. Abgerufen am 8.9.2025 von www.swissvotes.ch
source_comment: "
1461,10,2,254,,,"page_number_string: 
notes: 
source_full_citation: Swissvotes. (2025). Swissvotes – die Datenbank der eidgenössischen Volksabstimmungen. Abgerufen am 8.9.2025 von www.swissvotes.ch
source_comment: "
1462,10,2,255,,,"page_number_string: 
notes: 
source_full_citation: Swissvotes. (2025). Swissvotes – die Datenbank der eidgenössischen Volksabstimmungen. Abgerufen am 8.9.2025 von www.swissvotes.ch
source_comment: "
1463,10,8,256,,,"page_number_string: 
notes: 
source_full_citation: Swissvotes. (2025). Swissvotes – die Datenbank der eidgenössischen Volksabstimmungen. Abgerufen am 8.9.2025 von www.swissvotes.ch
source_comment: "
1464,10,1,257,,,"page_number_string: 
notes: 
source_full_citation: Swissvotes. (2025). Swissvotes – die Datenbank der eidgenössischen Volksabstimmungen. Abgerufen am 8.9.2025 von www.swissvotes.ch
source_comment: "
1465,10,1,258,,,"page_number_string: 
notes: 
source_full_citation: Swissvotes. (2025). Swissvotes – die Datenbank der eidgenössischen Volksabstimmungen. Abgerufen am 8.9.2025 von www.swissvotes.ch
source_comment: "
1466,10,1,259,,,"page_number_string: 
notes: 
source_full_citation: Swissvotes. (2025). Swissvotes – die Datenbank der eidgenössischen Volksabstimmungen. Abgerufen am 8.9.2025 von www.swissvotes.ch
source_comment: "
1467,10,1,260,,,"page_number_string: 
notes: 
source_full_citation: Swissvotes. (2025). Swissvotes – die Datenbank der eidgenössischen Volksabstimmungen. Abgerufen am 8.9.2025 von www.swissvotes.ch
source_comment: "
1468,10,1,261,,,"page_number_string: 
notes: 
source_full_citation: Swissvotes. (2025). Swissvotes – die Datenbank der eidgenössischen Volksabstimmungen. Abgerufen am 8.9.2025 von www.swissvotes.ch
source_comment: "
1469,10,1,262,,,"page_number_string: 
notes: 
source_full_citation: Swissvotes. (2025). Swissvotes – die Datenbank der eidgenössischen Volksabstimmungen. Abgerufen am 8.9.2025 von www.swissvotes.ch
source_comment: "
1470,10,1,263,,,"page_number_string: 
notes: 
source_full_citation: Swissvotes. (2025). Swissvotes – die Datenbank der eidgenössischen Volksabstimmungen. Abgerufen am 8.9.2025 von www.swissvotes.ch
source_comment: "
1471,10,1,264,,,"page_number_string: 
notes: 
source_full_citation: Swissvotes. (2025). Swissvotes – die Datenbank der eidgenössischen Volksabstimmungen. Abgerufen am 8.9.2025 von www.swissvotes.ch
source_comment: "
1472,10,1,265,,,"page_number_string: 
notes: 
source_full_citation: Swissvotes. (2025). Swissvotes – die Datenbank der eidgenössischen Volksabstimmungen. Abgerufen am 8.9.2025 von www.swissvotes.ch
source_comment: "
1473,10,2,266,,,"page_number_string: 
notes: 
source_full_citation: Swissvotes. (2025). Swissvotes – die Datenbank der eidgenössischen Volksabstimmungen. Abgerufen am 8.9.2025 von www.swissvotes.ch
source_comment: "
1474,10,1,267,,,"page_number_string: 
notes: 
source_full_citation: Swissvotes. (2025). Swissvotes – die Datenbank der eidgenössischen Volksabstimmungen. Abgerufen am 8.9.2025 von www.swissvotes.ch
source_comment: "
1475,10,1,268,,,"page_number_string: 
notes: 
source_full_citation: Swissvotes. (2025). Swissvotes – die Datenbank der eidgenössischen Volksabstimmungen. Abgerufen am 8.9.2025 von www.swissvotes.ch
source_comment: "
1476,10,2,269,,,"page_number_string: 
notes: 
source_full_citation: Swissvotes. (2025). Swissvotes – die Datenbank der eidgenössischen Volksabstimmungen. Abgerufen am 8.9.2025 von www.swissvotes.ch
source_comment: "
1477,10,8,270,,,"page_number_string: 
notes: 
source_full_citation: Swissvotes. (2025). Swissvotes – die Datenbank der eidgenössischen Volksabstimmungen. Abgerufen am 8.9.2025 von www.swissvotes.ch
source_comment: "
1478,10,1,271,,,"page_number_string: 
notes: 
source_full_citation: Swissvotes. (2025). Swissvotes – die Datenbank der eidgenössischen Volksabstimmungen. Abgerufen am 8.9.2025 von www.swissvotes.ch
source_comment: "
1479,10,1,272,,,"page_number_string: 
notes: 
source_full_citation: Swissvotes. (2025). Swissvotes – die Datenbank der eidgenössischen Volksabstimmungen. Abgerufen am 8.9.2025 von www.swissvotes.ch
source_comment: "
1480,10,1,273,,,"page_number_string: 
notes: 
source_full_citation: Swissvotes. (2025). Swissvotes – die Datenbank der eidgenössischen Volksabstimmungen. Abgerufen am 8.9.2025 von www.swissvotes.ch
source_comment: "
1481,10,1,274,,,"page_number_string: 
notes: 
source_full_citation: Swissvotes. (2025). Swissvotes – die Datenbank der eidgenössischen Volksabstimmungen. Abgerufen am 8.9.2025 von www.swissvotes.ch
source_comment: "
1482,10,1,275,,,"page_number_string: 
notes: 
source_full_citation: Swissvotes. (2025). Swissvotes – die Datenbank der eidgenössischen Volksabstimmungen. Abgerufen am 8.9.2025 von www.swissvotes.ch
source_comment: "
1483,10,1,276,,,"page_number_string: 
notes: 
source_full_citation: Swissvotes. (2025). Swissvotes – die Datenbank der eidgenössischen Volksabstimmungen. Abgerufen am 8.9.2025 von www.swissvotes.ch
source_comment: "
1484,10,1,277,,,"page_number_string: 
notes: 
source_full_citation: Swissvotes. (2025). Swissvotes – die Datenbank der eidgenössischen Volksabstimmungen. Abgerufen am 8.9.2025 von www.swissvotes.ch
source_comment: "
1485,10,1,278,,,"page_number_string: 
notes: 
source_full_citation: Swissvotes. (2025). Swissvotes – die Datenbank der eidgenössischen Volksabstimmungen. Abgerufen am 8.9.2025 von www.swissvotes.ch
source_comment: "
1486,10,1,279,,,"page_number_string: 
notes: 
source_full_citation: Swissvotes. (2025). Swissvotes – die Datenbank der eidgenössischen Volksabstimmungen. Abgerufen am 8.9.2025 von www.swissvotes.ch
source_comment: "
1487,10,2,280,,,"page_number_string: 
notes: 
source_full_citation: Swissvotes. (2025). Swissvotes – die Datenbank der eidgenössischen Volksabstimmungen. Abgerufen am 8.9.2025 von www.swissvotes.ch
source_comment: "
1488,10,8,281,,,"page_number_string: 
notes: 
source_full_citation: Swissvotes. (2025). Swissvotes – die Datenbank der eidgenössischen Volksabstimmungen. Abgerufen am 8.9.2025 von www.swissvotes.ch
source_comment: "
1489,10,2,282,,,"page_number_string: 
notes: 
source_full_citation: Swissvotes. (2025). Swissvotes – die Datenbank der eidgenössischen Volksabstimmungen. Abgerufen am 8.9.2025 von www.swissvotes.ch
source_comment: "
1490,10,1,283,,,"page_number_string: 
notes: 
source_full_citation: Swissvotes. (2025). Swissvotes – die Datenbank der eidgenössischen Volksabstimmungen. Abgerufen am 8.9.2025 von www.swissvotes.ch
source_comment: "
1491,10,1,284,,,"page_number_string: 
notes: 
source_full_citation: Swissvotes. (2025). Swissvotes – die Datenbank der eidgenössischen Volksabstimmungen. Abgerufen am 8.9.2025 von www.swissvotes.ch
source_comment: "
1492,10,1,285,,,"page_number_string: 
notes: 
source_full_citation: Swissvotes. (2025). Swissvotes – die Datenbank der eidgenössischen Volksabstimmungen. Abgerufen am 8.9.2025 von www.swissvotes.ch
source_comment: "
1493,10,1,286,,,"page_number_string: 
notes: 
source_full_citation: Swissvotes. (2025). Swissvotes – die Datenbank der eidgenössischen Volksabstimmungen. Abgerufen am 8.9.2025 von www.swissvotes.ch
source_comment: "
1494,10,2,287,,,"page_number_string: 
notes: 
source_full_citation: Swissvotes. (2025). Swissvotes – die Datenbank der eidgenössischen Volksabstimmungen. Abgerufen am 8.9.2025 von www.swissvotes.ch
source_comment: "
1495,10,1,288,,,"page_number_string: 
notes: 
source_full_citation: Swissvotes. (2025). Swissvotes – die Datenbank der eidgenössischen Volksabstimmungen. Abgerufen am 8.9.2025 von www.swissvotes.ch
source_comment: "
1496,10,1,289,,,"page_number_string: 
notes: 
source_full_citation: Swissvotes. (2025). Swissvotes – die Datenbank der eidgenössischen Volksabstimmungen. Abgerufen am 8.9.2025 von www.swissvotes.ch
source_comment: "
1497,10,2,290,,,"page_number_string: 
notes: 
source_full_citation: Swissvotes. (2025). Swissvotes – die Datenbank der eidgenössischen Volksabstimmungen. Abgerufen am 8.9.2025 von www.swissvotes.ch
source_comment: "
1498,10,2,291,,,"page_number_string: 
notes: 
source_full_citation: Swissvotes. (2025). Swissvotes – die Datenbank der eidgenössischen Volksabstimmungen. Abgerufen am 8.9.2025 von www.swissvotes.ch
source_comment: "
1499,10,2,292,,,"page_number_string: 
notes: 
source_full_citation: Swissvotes. (2025). Swissvotes – die Datenbank der eidgenössischen Volksabstimmungen. Abgerufen am 8.9.2025 von www.swissvotes.ch
source_comment: "
1500,10,2,293,,,"page_number_string: 
notes: 
source_full_citation: Swissvotes. (2025). Swissvotes – die Datenbank der eidgenössischen Volksabstimmungen. Abgerufen am 8.9.2025 von www.swissvotes.ch
source_comment: "
1501,10,8,294,,,"page_number_string: 
notes: 
source_full_citation: Swissvotes. (2025). Swissvotes – die Datenbank der eidgenössischen Volksabstimmungen. Abgerufen am 8.9.2025 von www.swissvotes.ch
source_comment: "
1502,10,1,295,,,"page_number_string: 
notes: 
source_full_citation: Swissvotes. (2025). Swissvotes – die Datenbank der eidgenössischen Volksabstimmungen. Abgerufen am 8.9.2025 von www.swissvotes.ch
source_comment: "
1503,10,1,296,,,"page_number_string: 
notes: 
source_full_citation: Swissvotes. (2025). Swissvotes – die Datenbank der eidgenössischen Volksabstimmungen. Abgerufen am 8.9.2025 von www.swissvotes.ch
source_comment: "
1504,10,2,297,,,"page_number_string: 
notes: 
source_full_citation: Swissvotes. (2025). Swissvotes – die Datenbank der eidgenössischen Volksabstimmungen. Abgerufen am 8.9.2025 von www.swissvotes.ch
source_comment: "
1505,10,8,298,,,"page_number_string: 
notes: 
source_full_citation: Swissvotes. (2025). Swissvotes – die Datenbank der eidgenössischen Volksabstimmungen. Abgerufen am 8.9.2025 von www.swissvotes.ch
source_comment: "
1506,10,2,299,,,"page_number_string: 
notes: 
source_full_citation: Swissvotes. (2025). Swissvotes – die Datenbank der eidgenössischen Volksabstimmungen. Abgerufen am 8.9.2025 von www.swissvotes.ch
source_comment: "
1507,10,1,300,,,"page_number_string: 
notes: 
source_full_citation: Swissvotes. (2025). Swissvotes – die Datenbank der eidgenössischen Volksabstimmungen. Abgerufen am 8.9.2025 von www.swissvotes.ch
source_comment: "
1508,10,1,301,,,"page_number_string: 
notes: 
source_full_citation: Swissvotes. (2025). Swissvotes – die Datenbank der eidgenössischen Volksabstimmungen. Abgerufen am 8.9.2025 von www.swissvotes.ch
source_comment: "
1509,10,2,302,,,"page_number_string: 
notes: 
source_full_citation: Swissvotes. (2025). Swissvotes – die Datenbank der eidgenössischen Volksabstimmungen. Abgerufen am 8.9.2025 von www.swissvotes.ch
source_comment: "
1510,10,2,303,,,"page_number_string: 
notes: 
source_full_citation: Swissvotes. (2025). Swissvotes – die Datenbank der eidgenössischen Volksabstimmungen. Abgerufen am 8.9.2025 von www.swissvotes.ch
source_comment: "
1511,10,1,304,,,"page_number_string: 
notes: 
source_full_citation: Swissvotes. (2025). Swissvotes – die Datenbank der eidgenössischen Volksabstimmungen. Abgerufen am 8.9.2025 von www.swissvotes.ch
source_comment: "
1512,10,1,305,,,"page_number_string: 
notes: 
source_full_citation: Swissvotes. (2025). Swissvotes – die Datenbank der eidgenössischen Volksabstimmungen. Abgerufen am 8.9.2025 von www.swissvotes.ch
source_comment: "
1513,10,1,306,,,"page_number_string: 
notes: 
source_full_citation: Swissvotes. (2025). Swissvotes – die Datenbank der eidgenössischen Volksabstimmungen. Abgerufen am 8.9.2025 von www.swissvotes.ch
source_comment: "
1514,10,2,307,,,"page_number_string: 
notes: 
source_full_citation: Swissvotes. (2025). Swissvotes – die Datenbank der eidgenössischen Volksabstimmungen. Abgerufen am 8.9.2025 von www.swissvotes.ch
source_comment: "
1515,10,1,308,,,"page_number_string: 
notes: 
source_full_citation: Swissvotes. (2025). Swissvotes – die Datenbank der eidgenössischen Volksabstimmungen. Abgerufen am 8.9.2025 von www.swissvotes.ch
source_comment: "
1516,10,2,309,,,"page_number_string: 
notes: 
source_full_citation: Swissvotes. (2025). Swissvotes – die Datenbank der eidgenössischen Volksabstimmungen. Abgerufen am 8.9.2025 von www.swissvotes.ch
source_comment: "
1517,10,1,310,,,"page_number_string: 
notes: 
source_full_citation: Swissvotes. (2025). Swissvotes – die Datenbank der eidgenössischen Volksabstimmungen. Abgerufen am 8.9.2025 von www.swissvotes.ch
source_comment: "
1518,10,1,311,,,"page_number_string: 
notes: 
source_full_citation: Swissvotes. (2025). Swissvotes – die Datenbank der eidgenössischen Volksabstimmungen. Abgerufen am 8.9.2025 von www.swissvotes.ch
source_comment: "
1519,10,1,312,,,"page_number_string: 
notes: 
source_full_citation: Swissvotes. (2025). Swissvotes – die Datenbank der eidgenössischen Volksabstimmungen. Abgerufen am 8.9.2025 von www.swissvotes.ch
source_comment: "
1520,10,1,313,,,"page_number_string: 
notes: 
source_full_citation: Swissvotes. (2025). Swissvotes – die Datenbank der eidgenössischen Volksabstimmungen. Abgerufen am 8.9.2025 von www.swissvotes.ch
source_comment: "
1521,10,1,314,,,"page_number_string: 
notes: 
source_full_citation: Swissvotes. (2025). Swissvotes – die Datenbank der eidgenössischen Volksabstimmungen. Abgerufen am 8.9.2025 von www.swissvotes.ch
source_comment: "
1522,10,2,315,,,"page_number_string: 
notes: 
source_full_citation: Swissvotes. (2025). Swissvotes – die Datenbank der eidgenössischen Volksabstimmungen. Abgerufen am 8.9.2025 von www.swissvotes.ch
source_comment: "
1523,10,1,316,,,"page_number_string: 
notes: 
source_full_citation: Swissvotes. (2025). Swissvotes – die Datenbank der eidgenössischen Volksabstimmungen. Abgerufen am 8.9.2025 von www.swissvotes.ch
source_comment: "
1524,10,1,317,,,"page_number_string: 
notes: 
source_full_citation: Swissvotes. (2025). Swissvotes – die Datenbank der eidgenössischen Volksabstimmungen. Abgerufen am 8.9.2025 von www.swissvotes.ch
source_comment: "
1525,10,1,318,,,"page_number_string: 
notes: 
source_full_citation: Swissvotes. (2025). Swissvotes – die Datenbank der eidgenössischen Volksabstimmungen. Abgerufen am 8.9.2025 von www.swissvotes.ch
source_comment: "
1526,10,1,319,,,"page_number_string: 
notes: 
source_full_citation: Swissvotes. (2025). Swissvotes – die Datenbank der eidgenössischen Volksabstimmungen. Abgerufen am 8.9.2025 von www.swissvotes.ch
source_comment: "
1527,10,1,320,,,"page_number_string: 
notes: 
source_full_citation: Swissvotes. (2025). Swissvotes – die Datenbank der eidgenössischen Volksabstimmungen. Abgerufen am 8.9.2025 von www.swissvotes.ch
source_comment: "
1528,10,1,321,,,"page_number_string: 
notes: 
source_full_citation: Swissvotes. (2025). Swissvotes – die Datenbank der eidgenössischen Volksabstimmungen. Abgerufen am 8.9.2025 von www.swissvotes.ch
source_comment: "
1529,10,1,322,,,"page_number_string: 
notes: 
source_full_citation: Swissvotes. (2025). Swissvotes – die Datenbank der eidgenössischen Volksabstimmungen. Abgerufen am 8.9.2025 von www.swissvotes.ch
source_comment: "
1530,10,2,323,,,"page_number_string: 
notes: 
source_full_citation: Swissvotes. (2025). Swissvotes – die Datenbank der eidgenössischen Volksabstimmungen. Abgerufen am 8.9.2025 von www.swissvotes.ch
source_comment: "
1531,10,2,324,,,"page_number_string: 
notes: 
source_full_citation: Swissvotes. (2025). Swissvotes – die Datenbank der eidgenössischen Volksabstimmungen. Abgerufen am 8.9.2025 von www.swissvotes.ch
source_comment: "
1532,10,1,325,,,"page_number_string: 
notes: 
source_full_citation: Swissvotes. (2025). Swissvotes – die Datenbank der eidgenössischen Volksabstimmungen. Abgerufen am 8.9.2025 von www.swissvotes.ch
source_comment: "
1533,10,1,326,,,"page_number_string: 
notes: 
source_full_citation: Swissvotes. (2025). Swissvotes – die Datenbank der eidgenössischen Volksabstimmungen. Abgerufen am 8.9.2025 von www.swissvotes.ch
source_comment: "
1534,10,2,327,,,"page_number_string: 
notes: 
source_full_citation: Swissvotes. (2025). Swissvotes – die Datenbank der eidgenössischen Volksabstimmungen. Abgerufen am 8.9.2025 von www.swissvotes.ch
source_comment: "
1535,10,1,328,,,"page_number_string: 
notes: 
source_full_citation: Swissvotes. (2025). Swissvotes – die Datenbank der eidgenössischen Volksabstimmungen. Abgerufen am 8.9.2025 von www.swissvotes.ch
source_comment: "
1536,10,1,329,,,"page_number_string: 
notes: 
source_full_citation: Swissvotes. (2025). Swissvotes – die Datenbank der eidgenössischen Volksabstimmungen. Abgerufen am 8.9.2025 von www.swissvotes.ch
source_comment: "
1537,10,1,330,,,"page_number_string: 
notes: 
source_full_citation: Swissvotes. (2025). Swissvotes – die Datenbank der eidgenössischen Volksabstimmungen. Abgerufen am 8.9.2025 von www.swissvotes.ch
source_comment: "
1538,10,1,331,,,"page_number_string: 
notes: 
source_full_citation: Swissvotes. (2025). Swissvotes – die Datenbank der eidgenössischen Volksabstimmungen. Abgerufen am 8.9.2025 von www.swissvotes.ch
source_comment: "
1539,10,1,332,,,"page_number_string: 
notes: 
source_full_citation: Swissvotes. (2025). Swissvotes – die Datenbank der eidgenössischen Volksabstimmungen. Abgerufen am 8.9.2025 von www.swissvotes.ch
source_comment: "
1540,10,2,333,,,"page_number_string: 
notes: 
source_full_citation: Swissvotes. (2025). Swissvotes – die Datenbank der eidgenössischen Volksabstimmungen. Abgerufen am 8.9.2025 von www.swissvotes.ch
source_comment: "
1541,10,1,334,,,"page_number_string: 
notes: 
source_full_citation: Swissvotes. (2025). Swissvotes – die Datenbank der eidgenössischen Volksabstimmungen. Abgerufen am 8.9.2025 von www.swissvotes.ch
source_comment: "
1542,10,1,335,,,"page_number_string: 
notes: 
source_full_citation: Swissvotes. (2025). Swissvotes – die Datenbank der eidgenössischen Volksabstimmungen. Abgerufen am 8.9.2025 von www.swissvotes.ch
source_comment: "
1543,10,1,336,,,"page_number_string: 
notes: 
source_full_citation: Swissvotes. (2025). Swissvotes – die Datenbank der eidgenössischen Volksabstimmungen. Abgerufen am 8.9.2025 von www.swissvotes.ch
source_comment: "
1544,10,1,337,,,"page_number_string: 
notes: 
source_full_citation: Swissvotes. (2025). Swissvotes – die Datenbank der eidgenössischen Volksabstimmungen. Abgerufen am 8.9.2025 von www.swissvotes.ch
source_comment: "
1545,10,1,338,,,"page_number_string: 
notes: 
source_full_citation: Swissvotes. (2025). Swissvotes – die Datenbank der eidgenössischen Volksabstimmungen. Abgerufen am 8.9.2025 von www.swissvotes.ch
source_comment: "
1546,10,5,339,,,"page_number_string: 
notes: 
source_full_citation: Swissvotes. (2025). Swissvotes – die Datenbank der eidgenössischen Volksabstimmungen. Abgerufen am 8.9.2025 von www.swissvotes.ch
source_comment: "
1547,10,5,340,,,"page_number_string: 
notes: 
source_full_citation: Swissvotes. (2025). Swissvotes – die Datenbank der eidgenössischen Volksabstimmungen. Abgerufen am 8.9.2025 von www.swissvotes.ch
source_comment: "
1548,10,1,341,,,"page_number_string: 
notes: 
source_full_citation: Swissvotes. (2025). Swissvotes – die Datenbank der eidgenössischen Volksabstimmungen. Abgerufen am 8.9.2025 von www.swissvotes.ch
source_comment: "
1549,10,1,342,,,"page_number_string: 
notes: 
source_full_citation: Swissvotes. (2025). Swissvotes – die Datenbank der eidgenössischen Volksabstimmungen. Abgerufen am 8.9.2025 von www.swissvotes.ch
source_comment: "
1550,10,1,343,,,"page_number_string: 
notes: 
source_full_citation: Swissvotes. (2025). Swissvotes – die Datenbank der eidgenössischen Volksabstimmungen. Abgerufen am 8.9.2025 von www.swissvotes.ch
source_comment: "
1551,10,1,344,,,"page_number_string: 
notes: 
source_full_citation: Swissvotes. (2025). Swissvotes – die Datenbank der eidgenössischen Volksabstimmungen. Abgerufen am 8.9.2025 von www.swissvotes.ch
source_comment: "
1552,10,1,345,,,"page_number_string: 
notes: 
source_full_citation: Swissvotes. (2025). Swissvotes – die Datenbank der eidgenössischen Volksabstimmungen. Abgerufen am 8.9.2025 von www.swissvotes.ch
source_comment: "
1553,10,1,346,,,"page_number_string: 
notes: 
source_full_citation: Swissvotes. (2025). Swissvotes – die Datenbank der eidgenössischen Volksabstimmungen. Abgerufen am 8.9.2025 von www.swissvotes.ch
source_comment: "
1554,10,2,347,,,"page_number_string: 
notes: 
source_full_citation: Swissvotes. (2025). Swissvotes – die Datenbank der eidgenössischen Volksabstimmungen. Abgerufen am 8.9.2025 von www.swissvotes.ch
source_comment: "
1555,10,2,348,,,"page_number_string: 
notes: 
source_full_citation: Swissvotes. (2025). Swissvotes – die Datenbank der eidgenössischen Volksabstimmungen. Abgerufen am 8.9.2025 von www.swissvotes.ch
source_comment: "
1556,10,2,349,,,"page_number_string: 
notes: 
source_full_citation: Swissvotes. (2025). Swissvotes – die Datenbank der eidgenössischen Volksabstimmungen. Abgerufen am 8.9.2025 von www.swissvotes.ch
source_comment: "
1557,10,2,350,,,"page_number_string: 
notes: 
source_full_citation: Swissvotes. (2025). Swissvotes – die Datenbank der eidgenössischen Volksabstimmungen. Abgerufen am 8.9.2025 von www.swissvotes.ch
source_comment: "
1558,10,2,351,,,"page_number_string: 
notes: 
source_full_citation: Swissvotes. (2025). Swissvotes – die Datenbank der eidgenössischen Volksabstimmungen. Abgerufen am 8.9.2025 von www.swissvotes.ch
source_comment: "
1559,10,2,352,,,"page_number_string: 
notes: 
source_full_citation: Swissvotes. (2025). Swissvotes – die Datenbank der eidgenössischen Volksabstimmungen. Abgerufen am 8.9.2025 von www.swissvotes.ch
source_comment: "
1560,10,1,353,,,"page_number_string: 
notes: 
source_full_citation: Swissvotes. (2025). Swissvotes – die Datenbank der eidgenössischen Volksabstimmungen. Abgerufen am 8.9.2025 von www.swissvotes.ch
source_comment: "
1561,10,1,354,,,"page_number_string: 
notes: 
source_full_citation: Swissvotes. (2025). Swissvotes – die Datenbank der eidgenössischen Volksabstimmungen. Abgerufen am 8.9.2025 von www.swissvotes.ch
source_comment: "
1562,10,1,355,,,"page_number_string: 
notes: 
source_full_citation: Swissvotes. (2025). Swissvotes – die Datenbank der eidgenössischen Volksabstimmungen. Abgerufen am 8.9.2025 von www.swissvotes.ch
source_comment: "
1563,10,1,356,,,"page_number_string: 
notes: 
source_full_citation: Swissvotes. (2025). Swissvotes – die Datenbank der eidgenössischen Volksabstimmungen. Abgerufen am 8.9.2025 von www.swissvotes.ch
source_comment: "
1564,10,1,357,,,"page_number_string: 
notes: 
source_full_citation: Swissvotes. (2025). Swissvotes – die Datenbank der eidgenössischen Volksabstimmungen. Abgerufen am 8.9.2025 von www.swissvotes.ch
source_comment: "
1565,10,2,358,,,"page_number_string: 
notes: 
source_full_citation: Swissvotes. (2025). Swissvotes – die Datenbank der eidgenössischen Volksabstimmungen. Abgerufen am 8.9.2025 von www.swissvotes.ch
source_comment: "
1566,10,1,359,,,"page_number_string: 
notes: 
source_full_citation: Swissvotes. (2025). Swissvotes – die Datenbank der eidgenössischen Volksabstimmungen. Abgerufen am 8.9.2025 von www.swissvotes.ch
source_comment: "
1567,10,1,360,,,"page_number_string: 
notes: 
source_full_citation: Swissvotes. (2025). Swissvotes – die Datenbank der eidgenössischen Volksabstimmungen. Abgerufen am 8.9.2025 von www.swissvotes.ch
source_comment: "
1568,10,1,361,,,"page_number_string: 
notes: 
source_full_citation: Swissvotes. (2025). Swissvotes – die Datenbank der eidgenössischen Volksabstimmungen. Abgerufen am 8.9.2025 von www.swissvotes.ch
source_comment: "
1569,10,1,362,,,"page_number_string: 
notes: 
source_full_citation: Swissvotes. (2025). Swissvotes – die Datenbank der eidgenössischen Volksabstimmungen. Abgerufen am 8.9.2025 von www.swissvotes.ch
source_comment: "
1570,10,1,363,,,"page_number_string: 
notes: 
source_full_citation: Swissvotes. (2025). Swissvotes – die Datenbank der eidgenössischen Volksabstimmungen. Abgerufen am 8.9.2025 von www.swissvotes.ch
source_comment: "
1571,10,1,364,,,"page_number_string: 
notes: 
source_full_citation: Swissvotes. (2025). Swissvotes – die Datenbank der eidgenössischen Volksabstimmungen. Abgerufen am 8.9.2025 von www.swissvotes.ch
source_comment: "
1572,10,1,365,,,"page_number_string: 
notes: 
source_full_citation: Swissvotes. (2025). Swissvotes – die Datenbank der eidgenössischen Volksabstimmungen. Abgerufen am 8.9.2025 von www.swissvotes.ch
source_comment: "
1573,10,2,366,,,"page_number_string: 
notes: 
source_full_citation: Swissvotes. (2025). Swissvotes – die Datenbank der eidgenössischen Volksabstimmungen. Abgerufen am 8.9.2025 von www.swissvotes.ch
source_comment: "
1574,10,1,367,,,"page_number_string: 
notes: 
source_full_citation: Swissvotes. (2025). Swissvotes – die Datenbank der eidgenössischen Volksabstimmungen. Abgerufen am 8.9.2025 von www.swissvotes.ch
source_comment: "
1575,10,2,368,,,"page_number_string: 
notes: 
source_full_citation: Swissvotes. (2025). Swissvotes – die Datenbank der eidgenössischen Volksabstimmungen. Abgerufen am 8.9.2025 von www.swissvotes.ch
source_comment: "
1576,10,1,369,,,"page_number_string: 
notes: 
source_full_citation: Swissvotes. (2025). Swissvotes – die Datenbank der eidgenössischen Volksabstimmungen. Abgerufen am 8.9.2025 von www.swissvotes.ch
source_comment: "
1577,10,2,370,,,"page_number_string: 
notes: 
source_full_citation: Swissvotes. (2025). Swissvotes – die Datenbank der eidgenössischen Volksabstimmungen. Abgerufen am 8.9.2025 von www.swissvotes.ch
source_comment: "
1578,10,1,371,,,"page_number_string: 
notes: 
source_full_citation: Swissvotes. (2025). Swissvotes – die Datenbank der eidgenössischen Volksabstimmungen. Abgerufen am 8.9.2025 von www.swissvotes.ch
source_comment: "
1579,10,1,372,,,"page_number_string: 
notes: 
source_full_citation: Swissvotes. (2025). Swissvotes – die Datenbank der eidgenössischen Volksabstimmungen. Abgerufen am 8.9.2025 von www.swissvotes.ch
source_comment: "
1580,10,2,373,,,"page_number_string: 
notes: 
source_full_citation: Swissvotes. (2025). Swissvotes – die Datenbank der eidgenössischen Volksabstimmungen. Abgerufen am 8.9.2025 von www.swissvotes.ch
source_comment: "
1581,10,1,374,,,"page_number_string: 
notes: 
source_full_citation: Swissvotes. (2025). Swissvotes – die Datenbank der eidgenössischen Volksabstimmungen. Abgerufen am 8.9.2025 von www.swissvotes.ch
source_comment: "
1582,10,1,375,,,"page_number_string: 
notes: 
source_full_citation: Swissvotes. (2025). Swissvotes – die Datenbank der eidgenössischen Volksabstimmungen. Abgerufen am 8.9.2025 von www.swissvotes.ch
source_comment: "
1583,10,2,376,,,"page_number_string: 
notes: 
source_full_citation: Swissvotes. (2025). Swissvotes – die Datenbank der eidgenössischen Volksabstimmungen. Abgerufen am 8.9.2025 von www.swissvotes.ch
source_comment: "
1584,10,1,377,,,"page_number_string: 
notes: 
source_full_citation: Swissvotes. (2025). Swissvotes – die Datenbank der eidgenössischen Volksabstimmungen. Abgerufen am 8.9.2025 von www.swissvotes.ch
source_comment: "
1585,10,1,378,,,"page_number_string: 
notes: 
source_full_citation: Swissvotes. (2025). Swissvotes – die Datenbank der eidgenössischen Volksabstimmungen. Abgerufen am 8.9.2025 von www.swissvotes.ch
source_comment: "
1586,10,1,379,,,"page_number_string: 
notes: 
source_full_citation: Swissvotes. (2025). Swissvotes – die Datenbank der eidgenössischen Volksabstimmungen. Abgerufen am 8.9.2025 von www.swissvotes.ch
source_comment: "
1587,10,2,380,,,"page_number_string: 
notes: 
source_full_citation: Swissvotes. (2025). Swissvotes – die Datenbank der eidgenössischen Volksabstimmungen. Abgerufen am 8.9.2025 von www.swissvotes.ch
source_comment: "
1588,10,1,381,,,"page_number_string: 
notes: 
source_full_citation: Swissvotes. (2025). Swissvotes – die Datenbank der eidgenössischen Volksabstimmungen. Abgerufen am 8.9.2025 von www.swissvotes.ch
source_comment: "
1589,10,2,382,,,"page_number_string: 
notes: 
source_full_citation: Swissvotes. (2025). Swissvotes – die Datenbank der eidgenössischen Volksabstimmungen. Abgerufen am 8.9.2025 von www.swissvotes.ch
source_comment: "
1590,10,2,383,,,"page_number_string: 
notes: 
source_full_citation: Swissvotes. (2025). Swissvotes – die Datenbank der eidgenössischen Volksabstimmungen. Abgerufen am 8.9.2025 von www.swissvotes.ch
source_comment: "
1591,10,2,384,,,"page_number_string: 
notes: 
source_full_citation: Swissvotes. (2025). Swissvotes – die Datenbank der eidgenössischen Volksabstimmungen. Abgerufen am 8.9.2025 von www.swissvotes.ch
source_comment: "
1592,10,2,385,,,"page_number_string: 
notes: 
source_full_citation: Swissvotes. (2025). Swissvotes – die Datenbank der eidgenössischen Volksabstimmungen. Abgerufen am 8.9.2025 von www.swissvotes.ch
source_comment: "
1593,10,2,386,,,"page_number_string: 
notes: 
source_full_citation: Swissvotes. (2025). Swissvotes – die Datenbank der eidgenössischen Volksabstimmungen. Abgerufen am 8.9.2025 von www.swissvotes.ch
source_comment: "
1594,10,2,387,,,"page_number_string: 
notes: 
source_full_citation: Swissvotes. (2025). Swissvotes – die Datenbank der eidgenössischen Volksabstimmungen. Abgerufen am 8.9.2025 von www.swissvotes.ch
source_comment: "
1595,10,2,388,,,"page_number_string: 
notes: 
source_full_citation: Swissvotes. (2025). Swissvotes – die Datenbank der eidgenössischen Volksabstimmungen. Abgerufen am 8.9.2025 von www.swissvotes.ch
source_comment: "
1596,10,2,389,,,"page_number_string: 
notes: 
source_full_citation: Swissvotes. (2025). Swissvotes – die Datenbank der eidgenössischen Volksabstimmungen. Abgerufen am 8.9.2025 von www.swissvotes.ch
source_comment: "
1597,10,2,390,,,"page_number_string: 
notes: 
source_full_citation: Swissvotes. (2025). Swissvotes – die Datenbank der eidgenössischen Volksabstimmungen. Abgerufen am 8.9.2025 von www.swissvotes.ch
source_comment: "
1598,10,2,391,,,"page_number_string: 
notes: 
source_full_citation: Swissvotes. (2025). Swissvotes – die Datenbank der eidgenössischen Volksabstimmungen. Abgerufen am 8.9.2025 von www.swissvotes.ch
source_comment: "
1599,10,2,392,,,"page_number_string: 
notes: 
source_full_citation: Swissvotes. (2025). Swissvotes – die Datenbank der eidgenössischen Volksabstimmungen. Abgerufen am 8.9.2025 von www.swissvotes.ch
source_comment: "
1600,10,2,393,,,"page_number_string: 
notes: 
source_full_citation: Swissvotes. (2025). Swissvotes – die Datenbank der eidgenössischen Volksabstimmungen. Abgerufen am 8.9.2025 von www.swissvotes.ch
source_comment: "
1601,10,1,394,,,"page_number_string: 
notes: 
source_full_citation: Swissvotes. (2025). Swissvotes – die Datenbank der eidgenössischen Volksabstimmungen. Abgerufen am 8.9.2025 von www.swissvotes.ch
source_comment: "
1602,10,2,395,,,"page_number_string: 
notes: 
source_full_citation: Swissvotes. (2025). Swissvotes – die Datenbank der eidgenössischen Volksabstimmungen. Abgerufen am 8.9.2025 von www.swissvotes.ch
source_comment: "
1603,10,2,396,,,"page_number_string: 
notes: 
source_full_citation: Swissvotes. (2025). Swissvotes – die Datenbank der eidgenössischen Volksabstimmungen. Abgerufen am 8.9.2025 von www.swissvotes.ch
source_comment: "
1604,10,1,397,,,"page_number_string: 
notes: 
source_full_citation: Swissvotes. (2025). Swissvotes – die Datenbank der eidgenössischen Volksabstimmungen. Abgerufen am 8.9.2025 von www.swissvotes.ch
source_comment: "
1605,10,1,398,,,"page_number_string: 
notes: 
source_full_citation: Swissvotes. (2025). Swissvotes – die Datenbank der eidgenössischen Volksabstimmungen. Abgerufen am 8.9.2025 von www.swissvotes.ch
source_comment: "
1606,10,1,399,,,"page_number_string: 
notes: 
source_full_citation: Swissvotes. (2025). Swissvotes – die Datenbank der eidgenössischen Volksabstimmungen. Abgerufen am 8.9.2025 von www.swissvotes.ch
source_comment: "
1607,10,2,400,,,"page_number_string: 
notes: 
source_full_citation: Swissvotes. (2025). Swissvotes – die Datenbank der eidgenössischen Volksabstimmungen. Abgerufen am 8.9.2025 von www.swissvotes.ch
source_comment: "
1608,10,1,401,,,"page_number_string: 
notes: 
source_full_citation: Swissvotes. (2025). Swissvotes – die Datenbank der eidgenössischen Volksabstimmungen. Abgerufen am 8.9.2025 von www.swissvotes.ch
source_comment: "
1609,10,1,402,,,"page_number_string: 
notes: 
source_full_citation: Swissvotes. (2025). Swissvotes – die Datenbank der eidgenössischen Volksabstimmungen. Abgerufen am 8.9.2025 von www.swissvotes.ch
source_comment: "
1610,10,2,403,,,"page_number_string: 
notes: 
source_full_citation: Swissvotes. (2025). Swissvotes – die Datenbank der eidgenössischen Volksabstimmungen. Abgerufen am 8.9.2025 von www.swissvotes.ch
source_comment: "
1611,10,2,404,,,"page_number_string: 
notes: 
source_full_citation: Swissvotes. (2025). Swissvotes – die Datenbank der eidgenössischen Volksabstimmungen. Abgerufen am 8.9.2025 von www.swissvotes.ch
source_comment: "
1612,10,1,405,,,"page_number_string: 
notes: 
source_full_citation: Swissvotes. (2025). Swissvotes – die Datenbank der eidgenössischen Volksabstimmungen. Abgerufen am 8.9.2025 von www.swissvotes.ch
source_comment: "
1613,10,1,406,,,"page_number_string: 
notes: 
source_full_citation: Swissvotes. (2025). Swissvotes – die Datenbank der eidgenössischen Volksabstimmungen. Abgerufen am 8.9.2025 von www.swissvotes.ch
source_comment: "
1614,10,1,407,,,"page_number_string: 
notes: 
source_full_citation: Swissvotes. (2025). Swissvotes – die Datenbank der eidgenössischen Volksabstimmungen. Abgerufen am 8.9.2025 von www.swissvotes.ch
source_comment: "
1615,10,2,408,,,"page_number_string: 
notes: 
source_full_citation: Swissvotes. (2025). Swissvotes – die Datenbank der eidgenössischen Volksabstimmungen. Abgerufen am 8.9.2025 von www.swissvotes.ch
source_comment: "
1616,10,1,409,,,"page_number_string: 
notes: 
source_full_citation: Swissvotes. (2025). Swissvotes – die Datenbank der eidgenössischen Volksabstimmungen. Abgerufen am 8.9.2025 von www.swissvotes.ch
source_comment: "
1617,10,1,410,,,"page_number_string: 
notes: 
source_full_citation: Swissvotes. (2025). Swissvotes – die Datenbank der eidgenössischen Volksabstimmungen. Abgerufen am 8.9.2025 von www.swissvotes.ch
source_comment: "
1618,10,1,411,,,"page_number_string: 
notes: 
source_full_citation: Swissvotes. (2025). Swissvotes – die Datenbank der eidgenössischen Volksabstimmungen. Abgerufen am 8.9.2025 von www.swissvotes.ch
source_comment: "
1619,10,1,412,,,"page_number_string: 
notes: 
source_full_citation: Swissvotes. (2025). Swissvotes – die Datenbank der eidgenössischen Volksabstimmungen. Abgerufen am 8.9.2025 von www.swissvotes.ch
source_comment: "
1620,10,1,413,,,"page_number_string: 
notes: 
source_full_citation: Swissvotes. (2025). Swissvotes – die Datenbank der eidgenössischen Volksabstimmungen. Abgerufen am 8.9.2025 von www.swissvotes.ch
source_comment: "
1621,10,1,414,,,"page_number_string: 
notes: 
source_full_citation: Swissvotes. (2025). Swissvotes – die Datenbank der eidgenössischen Volksabstimmungen. Abgerufen am 8.9.2025 von www.swissvotes.ch
source_comment: "
1622,10,1,415,,,"page_number_string: 
notes: 
source_full_citation: Swissvotes. (2025). Swissvotes – die Datenbank der eidgenössischen Volksabstimmungen. Abgerufen am 8.9.2025 von www.swissvotes.ch
source_comment: "
1623,10,1,416,,,"page_number_string: 
notes: 
source_full_citation: Swissvotes. (2025). Swissvotes – die Datenbank der eidgenössischen Volksabstimmungen. Abgerufen am 8.9.2025 von www.swissvotes.ch
source_comment: "
1624,10,1,417,,,"page_number_string: 
notes: 
source_full_citation: Swissvotes. (2025). Swissvotes – die Datenbank der eidgenössischen Volksabstimmungen. Abgerufen am 8.9.2025 von www.swissvotes.ch
source_comment: "
1625,10,1,418,,,"page_number_string: 
notes: 
source_full_citation: Swissvotes. (2025). Swissvotes – die Datenbank der eidgenössischen Volksabstimmungen. Abgerufen am 8.9.2025 von www.swissvotes.ch
source_comment: "
1626,10,1,419,,,"page_number_string: 
notes: 
source_full_citation: Swissvotes. (2025). Swissvotes – die Datenbank der eidgenössischen Volksabstimmungen. Abgerufen am 8.9.2025 von www.swissvotes.ch
source_comment: "
1627,10,1,420,,,"page_number_string: 
notes: 
source_full_citation: Swissvotes. (2025). Swissvotes – die Datenbank der eidgenössischen Volksabstimmungen. Abgerufen am 8.9.2025 von www.swissvotes.ch
source_comment: "
1628,10,2,421,,,"page_number_string: 
notes: 
source_full_citation: Swissvotes. (2025). Swissvotes – die Datenbank der eidgenössischen Volksabstimmungen. Abgerufen am 8.9.2025 von www.swissvotes.ch
source_comment: "
1629,10,2,422,,,"page_number_string: 
notes: 
source_full_citation: Swissvotes. (2025). Swissvotes – die Datenbank der eidgenössischen Volksabstimmungen. Abgerufen am 8.9.2025 von www.swissvotes.ch
source_comment: "
1630,10,2,423,,,"page_number_string: 
notes: 
source_full_citation: Swissvotes. (2025). Swissvotes – die Datenbank der eidgenössischen Volksabstimmungen. Abgerufen am 8.9.2025 von www.swissvotes.ch
source_comment: "
1631,10,1,424,,,"page_number_string: 
notes: 
source_full_citation: Swissvotes. (2025). Swissvotes – die Datenbank der eidgenössischen Volksabstimmungen. Abgerufen am 8.9.2025 von www.swissvotes.ch
source_comment: "
1632,10,1,425,,,"page_number_string: 
notes: 
source_full_citation: Swissvotes. (2025). Swissvotes – die Datenbank der eidgenössischen Volksabstimmungen. Abgerufen am 8.9.2025 von www.swissvotes.ch
source_comment: "
1633,10,1,426,,,"page_number_string: 
notes: 
source_full_citation: Swissvotes. (2025). Swissvotes – die Datenbank der eidgenössischen Volksabstimmungen. Abgerufen am 8.9.2025 von www.swissvotes.ch
source_comment: "
1634,10,1,427,,,"page_number_string: 
notes: 
source_full_citation: Swissvotes. (2025). Swissvotes – die Datenbank der eidgenössischen Volksabstimmungen. Abgerufen am 8.9.2025 von www.swissvotes.ch
source_comment: "
1635,10,1,428,,,"page_number_string: 
notes: 
source_full_citation: Swissvotes. (2025). Swissvotes – die Datenbank der eidgenössischen Volksabstimmungen. Abgerufen am 8.9.2025 von www.swissvotes.ch
source_comment: "
1636,10,1,429,,,"page_number_string: 
notes: 
source_full_citation: Swissvotes. (2025). Swissvotes – die Datenbank der eidgenössischen Volksabstimmungen. Abgerufen am 8.9.2025 von www.swissvotes.ch
source_comment: "
1637,10,1,430,,,"page_number_string: 
notes: 
source_full_citation: Swissvotes. (2025). Swissvotes – die Datenbank der eidgenössischen Volksabstimmungen. Abgerufen am 8.9.2025 von www.swissvotes.ch
source_comment: "
1638,10,1,431,,,"page_number_string: 
notes: 
source_full_citation: Swissvotes. (2025). Swissvotes – die Datenbank der eidgenössischen Volksabstimmungen. Abgerufen am 8.9.2025 von www.swissvotes.ch
source_comment: "
1639,10,1,432,,,"page_number_string: 
notes: 
source_full_citation: Swissvotes. (2025). Swissvotes – die Datenbank der eidgenössischen Volksabstimmungen. Abgerufen am 8.9.2025 von www.swissvotes.ch
source_comment: "
1640,10,2,433,,,"page_number_string: 
notes: 
source_full_citation: Swissvotes. (2025). Swissvotes – die Datenbank der eidgenössischen Volksabstimmungen. Abgerufen am 8.9.2025 von www.swissvotes.ch
source_comment: "
1641,10,2,434,,,"page_number_string: 
notes: 
source_full_citation: Swissvotes. (2025). Swissvotes – die Datenbank der eidgenössischen Volksabstimmungen. Abgerufen am 8.9.2025 von www.swissvotes.ch
source_comment: "
1642,10,1,435,,,"page_number_string: 
notes: 
source_full_citation: Swissvotes. (2025). Swissvotes – die Datenbank der eidgenössischen Volksabstimmungen. Abgerufen am 8.9.2025 von www.swissvotes.ch
source_comment: "
1643,10,1,436,,,"page_number_string: 
notes: 
source_full_citation: Swissvotes. (2025). Swissvotes – die Datenbank der eidgenössischen Volksabstimmungen. Abgerufen am 8.9.2025 von www.swissvotes.ch
source_comment: "
1644,10,1,437,,,"page_number_string: 
notes: 
source_full_citation: Swissvotes. (2025). Swissvotes – die Datenbank der eidgenössischen Volksabstimmungen. Abgerufen am 8.9.2025 von www.swissvotes.ch
source_comment: "
1645,10,2,438,,,"page_number_string: 
notes: 
source_full_citation: Swissvotes. (2025). Swissvotes – die Datenbank der eidgenössischen Volksabstimmungen. Abgerufen am 8.9.2025 von www.swissvotes.ch
source_comment: "
1646,10,1,439,,,"page_number_string: 
notes: 
source_full_citation: Swissvotes. (2025). Swissvotes – die Datenbank der eidgenössischen Volksabstimmungen. Abgerufen am 8.9.2025 von www.swissvotes.ch
source_comment: "
1647,10,1,440,,,"page_number_string: 
notes: 
source_full_citation: Swissvotes. (2025). Swissvotes – die Datenbank der eidgenössischen Volksabstimmungen. Abgerufen am 8.9.2025 von www.swissvotes.ch
source_comment: "
1648,10,1,441,,,"page_number_string: 
notes: 
source_full_citation: Swissvotes. (2025). Swissvotes – die Datenbank der eidgenössischen Volksabstimmungen. Abgerufen am 8.9.2025 von www.swissvotes.ch
source_comment: "
1649,10,1,442,,,"page_number_string: 
notes: 
source_full_citation: Swissvotes. (2025). Swissvotes – die Datenbank der eidgenössischen Volksabstimmungen. Abgerufen am 8.9.2025 von www.swissvotes.ch
source_comment: "
1650,10,1,443,,,"page_number_string: 
notes: 
source_full_citation: Swissvotes. (2025). Swissvotes – die Datenbank der eidgenössischen Volksabstimmungen. Abgerufen am 8.9.2025 von www.swissvotes.ch
source_comment: "
1651,10,1,444,,,"page_number_string: 
notes: 
source_full_citation: Swissvotes. (2025). Swissvotes – die Datenbank der eidgenössischen Volksabstimmungen. Abgerufen am 8.9.2025 von www.swissvotes.ch
source_comment: "
1652,10,1,445,,,"page_number_string: 
notes: 
source_full_citation: Swissvotes. (2025). Swissvotes – die Datenbank der eidgenössischen Volksabstimmungen. Abgerufen am 8.9.2025 von www.swissvotes.ch
source_comment: "
1653,10,2,446,,,"page_number_string: 
notes: 
source_full_citation: Swissvotes. (2025). Swissvotes – die Datenbank der eidgenössischen Volksabstimmungen. Abgerufen am 8.9.2025 von www.swissvotes.ch
source_comment: "
1654,10,1,447,,,"page_number_string: 
notes: 
source_full_citation: Swissvotes. (2025). Swissvotes – die Datenbank der eidgenössischen Volksabstimmungen. Abgerufen am 8.9.2025 von www.swissvotes.ch
source_comment: "
1655,10,1,448,,,"page_number_string: 
notes: 
source_full_citation: Swissvotes. (2025). Swissvotes – die Datenbank der eidgenössischen Volksabstimmungen. Abgerufen am 8.9.2025 von www.swissvotes.ch
source_comment: "
1656,10,1,449,,,"page_number_string: 
notes: 
source_full_citation: Swissvotes. (2025). Swissvotes – die Datenbank der eidgenössischen Volksabstimmungen. Abgerufen am 8.9.2025 von www.swissvotes.ch
source_comment: "
1657,10,1,450,,,"page_number_string: 
notes: 
source_full_citation: Swissvotes. (2025). Swissvotes – die Datenbank der eidgenössischen Volksabstimmungen. Abgerufen am 8.9.2025 von www.swissvotes.ch
source_comment: "
1658,10,1,451,,,"page_number_string: 
notes: 
source_full_citation: Swissvotes. (2025). Swissvotes – die Datenbank der eidgenössischen Volksabstimmungen. Abgerufen am 8.9.2025 von www.swissvotes.ch
source_comment: "
1659,10,1,452,,,"page_number_string: 
notes: 
source_full_citation: Swissvotes. (2025). Swissvotes – die Datenbank der eidgenössischen Volksabstimmungen. Abgerufen am 8.9.2025 von www.swissvotes.ch
source_comment: "
1660,10,2,453,,,"page_number_string: 
notes: 
source_full_citation: Swissvotes. (2025). Swissvotes – die Datenbank der eidgenössischen Volksabstimmungen. Abgerufen am 8.9.2025 von www.swissvotes.ch
source_comment: "
1661,10,1,454,,,"page_number_string: 
notes: 
source_full_citation: Swissvotes. (2025). Swissvotes – die Datenbank der eidgenössischen Volksabstimmungen. Abgerufen am 8.9.2025 von www.swissvotes.ch
source_comment: "
1662,10,1,455,,,"page_number_string: 
notes: 
source_full_citation: Swissvotes. (2025). Swissvotes – die Datenbank der eidgenössischen Volksabstimmungen. Abgerufen am 8.9.2025 von www.swissvotes.ch
source_comment: "
1663,10,1,456,,,"page_number_string: 
notes: 
source_full_citation: Swissvotes. (2025). Swissvotes – die Datenbank der eidgenössischen Volksabstimmungen. Abgerufen am 8.9.2025 von www.swissvotes.ch
source_comment: "
1664,10,2,457,,,"page_number_string: 
notes: 
source_full_citation: Swissvotes. (2025). Swissvotes – die Datenbank der eidgenössischen Volksabstimmungen. Abgerufen am 8.9.2025 von www.swissvotes.ch
source_comment: "
1665,10,1,458,,,"page_number_string: 
notes: 
source_full_citation: Swissvotes. (2025). Swissvotes – die Datenbank der eidgenössischen Volksabstimmungen. Abgerufen am 8.9.2025 von www.swissvotes.ch
source_comment: "
1666,10,1,459,,,"page_number_string: 
notes: 
source_full_citation: Swissvotes. (2025). Swissvotes – die Datenbank der eidgenössischen Volksabstimmungen. Abgerufen am 8.9.2025 von www.swissvotes.ch
source_comment: "
1667,10,1,460,,,"page_number_string: 
notes: 
source_full_citation: Swissvotes. (2025). Swissvotes – die Datenbank der eidgenössischen Volksabstimmungen. Abgerufen am 8.9.2025 von www.swissvotes.ch
source_comment: "
1668,10,1,461,,,"page_number_string: 
notes: 
source_full_citation: Swissvotes. (2025). Swissvotes – die Datenbank der eidgenössischen Volksabstimmungen. Abgerufen am 8.9.2025 von www.swissvotes.ch
source_comment: "
1669,10,2,462,,,"page_number_string: 
notes: 
source_full_citation: Swissvotes. (2025). Swissvotes – die Datenbank der eidgenössischen Volksabstimmungen. Abgerufen am 8.9.2025 von www.swissvotes.ch
source_comment: "
1670,10,2,463,,,"page_number_string: 
notes: 
source_full_citation: Swissvotes. (2025). Swissvotes – die Datenbank der eidgenössischen Volksabstimmungen. Abgerufen am 8.9.2025 von www.swissvotes.ch
source_comment: "
1671,10,2,464,,,"page_number_string: 
notes: 
source_full_citation: Swissvotes. (2025). Swissvotes – die Datenbank der eidgenössischen Volksabstimmungen. Abgerufen am 8.9.2025 von www.swissvotes.ch
source_comment: "
1672,10,2,465,,,"page_number_string: 
notes: 
source_full_citation: Swissvotes. (2025). Swissvotes – die Datenbank der eidgenössischen Volksabstimmungen. Abgerufen am 8.9.2025 von www.swissvotes.ch
source_comment: "
1673,10,1,466,,,"page_number_string: 
notes: 
source_full_citation: Swissvotes. (2025). Swissvotes – die Datenbank der eidgenössischen Volksabstimmungen. Abgerufen am 8.9.2025 von www.swissvotes.ch
source_comment: "
1674,10,1,467,,,"page_number_string: 
notes: 
source_full_citation: Swissvotes. (2025). Swissvotes – die Datenbank der eidgenössischen Volksabstimmungen. Abgerufen am 8.9.2025 von www.swissvotes.ch
source_comment: "
1675,10,2,468,,,"page_number_string: 
notes: 
source_full_citation: Swissvotes. (2025). Swissvotes – die Datenbank der eidgenössischen Volksabstimmungen. Abgerufen am 8.9.2025 von www.swissvotes.ch
source_comment: "
1676,10,1,469,,,"page_number_string: 
notes: 
source_full_citation: Swissvotes. (2025). Swissvotes – die Datenbank der eidgenössischen Volksabstimmungen. Abgerufen am 8.9.2025 von www.swissvotes.ch
source_comment: "
1677,10,2,470,,,"page_number_string: 
notes: 
source_full_citation: Swissvotes. (2025). Swissvotes – die Datenbank der eidgenössischen Volksabstimmungen. Abgerufen am 8.9.2025 von www.swissvotes.ch
source_comment: "
1678,10,2,471,,,"page_number_string: 
notes: 
source_full_citation: Swissvotes. (2025). Swissvotes – die Datenbank der eidgenössischen Volksabstimmungen. Abgerufen am 8.9.2025 von www.swissvotes.ch
source_comment: "
1679,10,1,472,,,"page_number_string: 
notes: 
source_full_citation: Swissvotes. (2025). Swissvotes – die Datenbank der eidgenössischen Volksabstimmungen. Abgerufen am 8.9.2025 von www.swissvotes.ch
source_comment: "
1680,10,2,473,,,"page_number_string: 
notes: 
source_full_citation: Swissvotes. (2025). Swissvotes – die Datenbank der eidgenössischen Volksabstimmungen. Abgerufen am 8.9.2025 von www.swissvotes.ch
source_comment: "
1681,10,2,474,,,"page_number_string: 
notes: 
source_full_citation: Swissvotes. (2025). Swissvotes – die Datenbank der eidgenössischen Volksabstimmungen. Abgerufen am 8.9.2025 von www.swissvotes.ch
source_comment: "
1682,10,1,475,,,"page_number_string: 
notes: 
source_full_citation: Swissvotes. (2025). Swissvotes – die Datenbank der eidgenössischen Volksabstimmungen. Abgerufen am 8.9.2025 von www.swissvotes.ch
source_comment: "
1683,10,1,476,,,"page_number_string: 
notes: 
source_full_citation: Swissvotes. (2025). Swissvotes – die Datenbank der eidgenössischen Volksabstimmungen. Abgerufen am 8.9.2025 von www.swissvotes.ch
source_comment: "
1684,10,2,477,,,"page_number_string: 
notes: 
source_full_citation: Swissvotes. (2025). Swissvotes – die Datenbank der eidgenössischen Volksabstimmungen. Abgerufen am 8.9.2025 von www.swissvotes.ch
source_comment: "
1685,10,1,478,,,"page_number_string: 
notes: 
source_full_citation: Swissvotes. (2025). Swissvotes – die Datenbank der eidgenössischen Volksabstimmungen. Abgerufen am 8.9.2025 von www.swissvotes.ch
source_comment: "
1686,10,1,479,,,"page_number_string: 
notes: 
source_full_citation: Swissvotes. (2025). Swissvotes – die Datenbank der eidgenössischen Volksabstimmungen. Abgerufen am 8.9.2025 von www.swissvotes.ch
source_comment: "
1687,10,1,480,,,"page_number_string: 
notes: 
source_full_citation: Swissvotes. (2025). Swissvotes – die Datenbank der eidgenössischen Volksabstimmungen. Abgerufen am 8.9.2025 von www.swissvotes.ch
source_comment: "
1688,10,2,481,,,"page_number_string: 
notes: 
source_full_citation: Swissvotes. (2025). Swissvotes – die Datenbank der eidgenössischen Volksabstimmungen. Abgerufen am 8.9.2025 von www.swissvotes.ch
source_comment: "
1689,10,1,482,,,"page_number_string: 
notes: 
source_full_citation: Swissvotes. (2025). Swissvotes – die Datenbank der eidgenössischen Volksabstimmungen. Abgerufen am 8.9.2025 von www.swissvotes.ch
source_comment: "
1690,10,1,483,,,"page_number_string: 
notes: 
source_full_citation: Swissvotes. (2025). Swissvotes – die Datenbank der eidgenössischen Volksabstimmungen. Abgerufen am 8.9.2025 von www.swissvotes.ch
source_comment: "
1691,10,1,484,,,"page_number_string: 
notes: 
source_full_citation: Swissvotes. (2025). Swissvotes – die Datenbank der eidgenössischen Volksabstimmungen. Abgerufen am 8.9.2025 von www.swissvotes.ch
source_comment: "
1692,10,1,485,,,"page_number_string: 
notes: 
source_full_citation: Swissvotes. (2025). Swissvotes – die Datenbank der eidgenössischen Volksabstimmungen. Abgerufen am 8.9.2025 von www.swissvotes.ch
source_comment: "
1693,10,1,486,,,"page_number_string: 
notes: 
source_full_citation: Swissvotes. (2025). Swissvotes – die Datenbank der eidgenössischen Volksabstimmungen. Abgerufen am 8.9.2025 von www.swissvotes.ch
source_comment: "
1694,10,2,487,,,"page_number_string: 
notes: 
source_full_citation: Swissvotes. (2025). Swissvotes – die Datenbank der eidgenössischen Volksabstimmungen. Abgerufen am 8.9.2025 von www.swissvotes.ch
source_comment: "
1695,10,1,488,,,"page_number_string: 
notes: 
source_full_citation: Swissvotes. (2025). Swissvotes – die Datenbank der eidgenössischen Volksabstimmungen. Abgerufen am 8.9.2025 von www.swissvotes.ch
source_comment: "
1696,10,1,489,,,"page_number_string: 
notes: 
source_full_citation: Swissvotes. (2025). Swissvotes – die Datenbank der eidgenössischen Volksabstimmungen. Abgerufen am 8.9.2025 von www.swissvotes.ch
source_comment: "
1697,10,2,490,,,"page_number_string: 
notes: 
source_full_citation: Swissvotes. (2025). Swissvotes – die Datenbank der eidgenössischen Volksabstimmungen. Abgerufen am 8.9.2025 von www.swissvotes.ch
source_comment: "
1698,10,2,491,,,"page_number_string: 
notes: 
source_full_citation: Swissvotes. (2025). Swissvotes – die Datenbank der eidgenössischen Volksabstimmungen. Abgerufen am 8.9.2025 von www.swissvotes.ch
source_comment: "
1699,10,2,492,,,"page_number_string: 
notes: 
source_full_citation: Swissvotes. (2025). Swissvotes – die Datenbank der eidgenössischen Volksabstimmungen. Abgerufen am 8.9.2025 von www.swissvotes.ch
source_comment: "
1700,10,2,493,,,"page_number_string: 
notes: 
source_full_citation: Swissvotes. (2025). Swissvotes – die Datenbank der eidgenössischen Volksabstimmungen. Abgerufen am 8.9.2025 von www.swissvotes.ch
source_comment: "
1701,10,1,494,,,"page_number_string: 
notes: 
source_full_citation: Swissvotes. (2025). Swissvotes – die Datenbank der eidgenössischen Volksabstimmungen. Abgerufen am 8.9.2025 von www.swissvotes.ch
source_comment: "
1702,10,2,495,,,"page_number_string: 
notes: 
source_full_citation: Swissvotes. (2025). Swissvotes – die Datenbank der eidgenössischen Volksabstimmungen. Abgerufen am 8.9.2025 von www.swissvotes.ch
source_comment: "
1703,10,1,496,,,"page_number_string: 
notes: 
source_full_citation: Swissvotes. (2025). Swissvotes – die Datenbank der eidgenössischen Volksabstimmungen. Abgerufen am 8.9.2025 von www.swissvotes.ch
source_comment: "
1704,10,6,497,,,"page_number_string: 
notes: 
source_full_citation: Swissvotes. (2025). Swissvotes – die Datenbank der eidgenössischen Volksabstimmungen. Abgerufen am 8.9.2025 von www.swissvotes.ch
source_comment: "
1705,10,1,498,,,"page_number_string: 
notes: 
source_full_citation: Swissvotes. (2025). Swissvotes – die Datenbank der eidgenössischen Volksabstimmungen. Abgerufen am 8.9.2025 von www.swissvotes.ch
source_comment: "
1706,10,2,499,,,"page_number_string: 
notes: 
source_full_citation: Swissvotes. (2025). Swissvotes – die Datenbank der eidgenössischen Volksabstimmungen. Abgerufen am 8.9.2025 von www.swissvotes.ch
source_comment: "
1707,10,2,500,,,"page_number_string: 
notes: 
source_full_citation: Swissvotes. (2025). Swissvotes – die Datenbank der eidgenössischen Volksabstimmungen. Abgerufen am 8.9.2025 von www.swissvotes.ch
source_comment: "
1708,10,2,501,,,"page_number_string: 
notes: 
source_full_citation: Swissvotes. (2025). Swissvotes – die Datenbank der eidgenössischen Volksabstimmungen. Abgerufen am 8.9.2025 von www.swissvotes.ch
source_comment: "
1709,10,2,502,,,"page_number_string: 
notes: 
source_full_citation: Swissvotes. (2025). Swissvotes – die Datenbank der eidgenössischen Volksabstimmungen. Abgerufen am 8.9.2025 von www.swissvotes.ch
source_comment: "
1710,10,2,503,,,"page_number_string: 
notes: 
source_full_citation: Swissvotes. (2025). Swissvotes – die Datenbank der eidgenössischen Volksabstimmungen. Abgerufen am 8.9.2025 von www.swissvotes.ch
source_comment: "
1711,10,2,504,,,"page_number_string: 
notes: 
source_full_citation: Swissvotes. (2025). Swissvotes – die Datenbank der eidgenössischen Volksabstimmungen. Abgerufen am 8.9.2025 von www.swissvotes.ch
source_comment: "
1712,10,1,505,,,"page_number_string: 
notes: 
source_full_citation: Swissvotes. (2025). Swissvotes – die Datenbank der eidgenössischen Volksabstimmungen. Abgerufen am 8.9.2025 von www.swissvotes.ch
source_comment: "
1713,10,1,506,,,"page_number_string: 
notes: 
source_full_citation: Swissvotes. (2025). Swissvotes – die Datenbank der eidgenössischen Volksabstimmungen. Abgerufen am 8.9.2025 von www.swissvotes.ch
source_comment: "
1714,10,2,507,,,"page_number_string: 
notes: 
source_full_citation: Swissvotes. (2025). Swissvotes – die Datenbank der eidgenössischen Volksabstimmungen. Abgerufen am 8.9.2025 von www.swissvotes.ch
source_comment: "
1715,10,2,508,,,"page_number_string: 
notes: 
source_full_citation: Swissvotes. (2025). Swissvotes – die Datenbank der eidgenössischen Volksabstimmungen. Abgerufen am 8.9.2025 von www.swissvotes.ch
source_comment: "
1716,10,1,509,,,"page_number_string: 
notes: 
source_full_citation: Swissvotes. (2025). Swissvotes – die Datenbank der eidgenössischen Volksabstimmungen. Abgerufen am 8.9.2025 von www.swissvotes.ch
source_comment: "
1717,10,1,510,,,"page_number_string: 
notes: 
source_full_citation: Swissvotes. (2025). Swissvotes – die Datenbank der eidgenössischen Volksabstimmungen. Abgerufen am 8.9.2025 von www.swissvotes.ch
source_comment: "
1718,10,1,511,,,"page_number_string: 
notes: 
source_full_citation: Swissvotes. (2025). Swissvotes – die Datenbank der eidgenössischen Volksabstimmungen. Abgerufen am 8.9.2025 von www.swissvotes.ch
source_comment: "
1719,10,1,512,,,"page_number_string: 
notes: 
source_full_citation: Swissvotes. (2025). Swissvotes – die Datenbank der eidgenössischen Volksabstimmungen. Abgerufen am 8.9.2025 von www.swissvotes.ch
source_comment: "
1720,10,2,513,,,"page_number_string: 
notes: 
source_full_citation: Swissvotes. (2025). Swissvotes – die Datenbank der eidgenössischen Volksabstimmungen. Abgerufen am 8.9.2025 von www.swissvotes.ch
source_comment: "
1721,10,2,514,,,"page_number_string: 
notes: 
source_full_citation: Swissvotes. (2025). Swissvotes – die Datenbank der eidgenössischen Volksabstimmungen. Abgerufen am 8.9.2025 von www.swissvotes.ch
source_comment: "
1722,10,2,515,,,"page_number_string: 
notes: 
source_full_citation: Swissvotes. (2025). Swissvotes – die Datenbank der eidgenössischen Volksabstimmungen. Abgerufen am 8.9.2025 von www.swissvotes.ch
source_comment: "
1723,10,2,516,,,"page_number_string: 
notes: 
source_full_citation: Swissvotes. (2025). Swissvotes – die Datenbank der eidgenössischen Volksabstimmungen. Abgerufen am 8.9.2025 von www.swissvotes.ch
source_comment: "
1724,10,1,517,,,"page_number_string: 
notes: 
source_full_citation: Swissvotes. (2025). Swissvotes – die Datenbank der eidgenössischen Volksabstimmungen. Abgerufen am 8.9.2025 von www.swissvotes.ch
source_comment: "
1725,10,2,518,,,"page_number_string: 
notes: 
source_full_citation: Swissvotes. (2025). Swissvotes – die Datenbank der eidgenössischen Volksabstimmungen. Abgerufen am 8.9.2025 von www.swissvotes.ch
source_comment: "
1726,10,2,519,,,"page_number_string: 
notes: 
source_full_citation: Swissvotes. (2025). Swissvotes – die Datenbank der eidgenössischen Volksabstimmungen. Abgerufen am 8.9.2025 von www.swissvotes.ch
source_comment: "
1727,10,2,520,,,"page_number_string: 
notes: 
source_full_citation: Swissvotes. (2025). Swissvotes – die Datenbank der eidgenössischen Volksabstimmungen. Abgerufen am 8.9.2025 von www.swissvotes.ch
source_comment: "
1728,10,2,521,,,"page_number_string: 
notes: 
source_full_citation: Swissvotes. (2025). Swissvotes – die Datenbank der eidgenössischen Volksabstimmungen. Abgerufen am 8.9.2025 von www.swissvotes.ch
source_comment: "
1729,10,1,522,,,"page_number_string: 
notes: 
source_full_citation: Swissvotes. (2025). Swissvotes – die Datenbank der eidgenössischen Volksabstimmungen. Abgerufen am 8.9.2025 von www.swissvotes.ch
source_comment: "
1730,10,6,523,,,"page_number_string: 
notes: 
source_full_citation: Swissvotes. (2025). Swissvotes – die Datenbank der eidgenössischen Volksabstimmungen. Abgerufen am 8.9.2025 von www.swissvotes.ch
source_comment: "
1731,10,1,524,,,"page_number_string: 
notes: 
source_full_citation: Swissvotes. (2025). Swissvotes – die Datenbank der eidgenössischen Volksabstimmungen. Abgerufen am 8.9.2025 von www.swissvotes.ch
source_comment: "
1732,10,2,525,,,"page_number_string: 
notes: 
source_full_citation: Swissvotes. (2025). Swissvotes – die Datenbank der eidgenössischen Volksabstimmungen. Abgerufen am 8.9.2025 von www.swissvotes.ch
source_comment: "
1733,10,1,526,,,"page_number_string: 
notes: 
source_full_citation: Swissvotes. (2025). Swissvotes – die Datenbank der eidgenössischen Volksabstimmungen. Abgerufen am 8.9.2025 von www.swissvotes.ch
source_comment: "
1734,10,1,527,,,"page_number_string: 
notes: 
source_full_citation: Swissvotes. (2025). Swissvotes – die Datenbank der eidgenössischen Volksabstimmungen. Abgerufen am 8.9.2025 von www.swissvotes.ch
source_comment: "
1735,10,1,528,,,"page_number_string: 
notes: 
source_full_citation: Swissvotes. (2025). Swissvotes – die Datenbank der eidgenössischen Volksabstimmungen. Abgerufen am 8.9.2025 von www.swissvotes.ch
source_comment: "
1736,10,1,529,,,"page_number_string: 
notes: 
source_full_citation: Swissvotes. (2025). Swissvotes – die Datenbank der eidgenössischen Volksabstimmungen. Abgerufen am 8.9.2025 von www.swissvotes.ch
source_comment: "
1737,10,1,530,,,"page_number_string: 
notes: 
source_full_citation: Swissvotes. (2025). Swissvotes – die Datenbank der eidgenössischen Volksabstimmungen. Abgerufen am 8.9.2025 von www.swissvotes.ch
source_comment: "
1738,10,2,531,,,"page_number_string: 
notes: 
source_full_citation: Swissvotes. (2025). Swissvotes – die Datenbank der eidgenössischen Volksabstimmungen. Abgerufen am 8.9.2025 von www.swissvotes.ch
source_comment: "
1739,10,2,532,,,"page_number_string: 
notes: 
source_full_citation: Swissvotes. (2025). Swissvotes – die Datenbank der eidgenössischen Volksabstimmungen. Abgerufen am 8.9.2025 von www.swissvotes.ch
source_comment: "
1740,10,2,533,,,"page_number_string: 
notes: 
source_full_citation: Swissvotes. (2025). Swissvotes – die Datenbank der eidgenössischen Volksabstimmungen. Abgerufen am 8.9.2025 von www.swissvotes.ch
source_comment: "
1741,10,2,534,,,"page_number_string: 
notes: 
source_full_citation: Swissvotes. (2025). Swissvotes – die Datenbank der eidgenössischen Volksabstimmungen. Abgerufen am 8.9.2025 von www.swissvotes.ch
source_comment: "
1742,10,2,535,,,"page_number_string: 
notes: 
source_full_citation: Swissvotes. (2025). Swissvotes – die Datenbank der eidgenössischen Volksabstimmungen. Abgerufen am 8.9.2025 von www.swissvotes.ch
source_comment: "
1743,10,2,536,,,"page_number_string: 
notes: 
source_full_citation: Swissvotes. (2025). Swissvotes – die Datenbank der eidgenössischen Volksabstimmungen. Abgerufen am 8.9.2025 von www.swissvotes.ch
source_comment: "
1744,10,2,537,,,"page_number_string: 
notes: 
source_full_citation: Swissvotes. (2025). Swissvotes – die Datenbank der eidgenössischen Volksabstimmungen. Abgerufen am 8.9.2025 von www.swissvotes.ch
source_comment: "
1745,10,2,538,,,"page_number_string: 
notes: 
source_full_citation: Swissvotes. (2025). Swissvotes – die Datenbank der eidgenössischen Volksabstimmungen. Abgerufen am 8.9.2025 von www.swissvotes.ch
source_comment: "
1746,10,1,539,,,"page_number_string: 
notes: 
source_full_citation: Swissvotes. (2025). Swissvotes – die Datenbank der eidgenössischen Volksabstimmungen. Abgerufen am 8.9.2025 von www.swissvotes.ch
source_comment: "
1747,10,2,540,,,"page_number_string: 
notes: 
source_full_citation: Swissvotes. (2025). Swissvotes – die Datenbank der eidgenössischen Volksabstimmungen. Abgerufen am 8.9.2025 von www.swissvotes.ch
source_comment: "
1748,10,1,541,,,"page_number_string: 
notes: 
source_full_citation: Swissvotes. (2025). Swissvotes – die Datenbank der eidgenössischen Volksabstimmungen. Abgerufen am 8.9.2025 von www.swissvotes.ch
source_comment: "
1749,10,1,542,,,"page_number_string: 
notes: 
source_full_citation: Swissvotes. (2025). Swissvotes – die Datenbank der eidgenössischen Volksabstimmungen. Abgerufen am 8.9.2025 von www.swissvotes.ch
source_comment: "
1750,10,1,543,,,"page_number_string: 
notes: 
source_full_citation: Swissvotes. (2025). Swissvotes – die Datenbank der eidgenössischen Volksabstimmungen. Abgerufen am 8.9.2025 von www.swissvotes.ch
source_comment: "
1751,10,1,544,,,"page_number_string: 
notes: 
source_full_citation: Swissvotes. (2025). Swissvotes – die Datenbank der eidgenössischen Volksabstimmungen. Abgerufen am 8.9.2025 von www.swissvotes.ch
source_comment: "
1752,10,1,545,,,"page_number_string: 
notes: 
source_full_citation: Swissvotes. (2025). Swissvotes – die Datenbank der eidgenössischen Volksabstimmungen. Abgerufen am 8.9.2025 von www.swissvotes.ch
source_comment: "
1753,10,2,546,,,"page_number_string: 
notes: 
source_full_citation: Swissvotes. (2025). Swissvotes – die Datenbank der eidgenössischen Volksabstimmungen. Abgerufen am 8.9.2025 von www.swissvotes.ch
source_comment: "
1754,10,1,547,,,"page_number_string: 
notes: 
source_full_citation: Swissvotes. (2025). Swissvotes – die Datenbank der eidgenössischen Volksabstimmungen. Abgerufen am 8.9.2025 von www.swissvotes.ch
source_comment: "
1755,10,1,548,,,"page_number_string: 
notes: 
source_full_citation: Swissvotes. (2025). Swissvotes – die Datenbank der eidgenössischen Volksabstimmungen. Abgerufen am 8.9.2025 von www.swissvotes.ch
source_comment: "
1756,10,1,549,,,"page_number_string: 
notes: 
source_full_citation: Swissvotes. (2025). Swissvotes – die Datenbank der eidgenössischen Volksabstimmungen. Abgerufen am 8.9.2025 von www.swissvotes.ch
source_comment: "
1757,10,1,550,,,"page_number_string: 
notes: 
source_full_citation: Swissvotes. (2025). Swissvotes – die Datenbank der eidgenössischen Volksabstimmungen. Abgerufen am 8.9.2025 von www.swissvotes.ch
source_comment: "
1758,10,1,551,,,"page_number_string: 
notes: 
source_full_citation: Swissvotes. (2025). Swissvotes – die Datenbank der eidgenössischen Volksabstimmungen. Abgerufen am 8.9.2025 von www.swissvotes.ch
source_comment: "
1759,10,1,552,,,"page_number_string: 
notes: 
source_full_citation: Swissvotes. (2025). Swissvotes – die Datenbank der eidgenössischen Volksabstimmungen. Abgerufen am 8.9.2025 von www.swissvotes.ch
source_comment: "
1760,10,1,553,,,"page_number_string: 
notes: 
source_full_citation: Swissvotes. (2025). Swissvotes – die Datenbank der eidgenössischen Volksabstimmungen. Abgerufen am 8.9.2025 von www.swissvotes.ch
source_comment: "
1761,10,2,554,,,"page_number_string: 
notes: 
source_full_citation: Swissvotes. (2025). Swissvotes – die Datenbank der eidgenössischen Volksabstimmungen. Abgerufen am 8.9.2025 von www.swissvotes.ch
source_comment: "
1762,10,1,555,,,"page_number_string: 
notes: 
source_full_citation: Swissvotes. (2025). Swissvotes – die Datenbank der eidgenössischen Volksabstimmungen. Abgerufen am 8.9.2025 von www.swissvotes.ch
source_comment: "
1763,10,1,556,,,"page_number_string: 
notes: 
source_full_citation: Swissvotes. (2025). Swissvotes – die Datenbank der eidgenössischen Volksabstimmungen. Abgerufen am 8.9.2025 von www.swissvotes.ch
source_comment: "
1764,10,2,557,,,"page_number_string: 
notes: 
source_full_citation: Swissvotes. (2025). Swissvotes – die Datenbank der eidgenössischen Volksabstimmungen. Abgerufen am 8.9.2025 von www.swissvotes.ch
source_comment: "
1765,10,1,558,,,"page_number_string: 
notes: 
source_full_citation: Swissvotes. (2025). Swissvotes – die Datenbank der eidgenössischen Volksabstimmungen. Abgerufen am 8.9.2025 von www.swissvotes.ch
source_comment: "
1766,10,1,559,,,"page_number_string: 
notes: 
source_full_citation: Swissvotes. (2025). Swissvotes – die Datenbank der eidgenössischen Volksabstimmungen. Abgerufen am 8.9.2025 von www.swissvotes.ch
source_comment: "
1767,10,1,560,,,"page_number_string: 
notes: 
source_full_citation: Swissvotes. (2025). Swissvotes – die Datenbank der eidgenössischen Volksabstimmungen. Abgerufen am 8.9.2025 von www.swissvotes.ch
source_comment: "
1768,10,1,561,,,"page_number_string: 
notes: 
source_full_citation: Swissvotes. (2025). Swissvotes – die Datenbank der eidgenössischen Volksabstimmungen. Abgerufen am 8.9.2025 von www.swissvotes.ch
source_comment: "
1769,10,2,562,,,"page_number_string: 
notes: 
source_full_citation: Swissvotes. (2025). Swissvotes – die Datenbank der eidgenössischen Volksabstimmungen. Abgerufen am 8.9.2025 von www.swissvotes.ch
source_comment: "
1770,10,1,563,,,"page_number_string: 
notes: 
source_full_citation: Swissvotes. (2025). Swissvotes – die Datenbank der eidgenössischen Volksabstimmungen. Abgerufen am 8.9.2025 von www.swissvotes.ch
source_comment: "
1771,10,2,564,,,"page_number_string: 
notes: 
source_full_citation: Swissvotes. (2025). Swissvotes – die Datenbank der eidgenössischen Volksabstimmungen. Abgerufen am 8.9.2025 von www.swissvotes.ch
source_comment: "
1772,10,1,565,,,"page_number_string: 
notes: 
source_full_citation: Swissvotes. (2025). Swissvotes – die Datenbank der eidgenössischen Volksabstimmungen. Abgerufen am 8.9.2025 von www.swissvotes.ch
source_comment: "
1773,10,2,566,,,"page_number_string: 
notes: 
source_full_citation: Swissvotes. (2025). Swissvotes – die Datenbank der eidgenössischen Volksabstimmungen. Abgerufen am 8.9.2025 von www.swissvotes.ch
source_comment: "
1774,10,2,567,,,"page_number_string: 
notes: 
source_full_citation: Swissvotes. (2025). Swissvotes – die Datenbank der eidgenössischen Volksabstimmungen. Abgerufen am 8.9.2025 von www.swissvotes.ch
source_comment: "
1775,10,2,568,,,"page_number_string: 
notes: 
source_full_citation: Swissvotes. (2025). Swissvotes – die Datenbank der eidgenössischen Volksabstimmungen. Abgerufen am 8.9.2025 von www.swissvotes.ch
source_comment: "
1776,10,2,569,,,"page_number_string: 
notes: 
source_full_citation: Swissvotes. (2025). Swissvotes – die Datenbank der eidgenössischen Volksabstimmungen. Abgerufen am 8.9.2025 von www.swissvotes.ch
source_comment: "
1777,10,2,570,,,"page_number_string: 
notes: 
source_full_citation: Swissvotes. (2025). Swissvotes – die Datenbank der eidgenössischen Volksabstimmungen. Abgerufen am 8.9.2025 von www.swissvotes.ch
source_comment: "
1778,10,2,571,,,"page_number_string: 
notes: 
source_full_citation: Swissvotes. (2025). Swissvotes – die Datenbank der eidgenössischen Volksabstimmungen. Abgerufen am 8.9.2025 von www.swissvotes.ch
source_comment: "
1779,10,2,572,,,"page_number_string: 
notes: 
source_full_citation: Swissvotes. (2025). Swissvotes – die Datenbank der eidgenössischen Volksabstimmungen. Abgerufen am 8.9.2025 von www.swissvotes.ch
source_comment: "
1780,10,1,573,,,"page_number_string: 
notes: 
source_full_citation: Swissvotes. (2025). Swissvotes – die Datenbank der eidgenössischen Volksabstimmungen. Abgerufen am 8.9.2025 von www.swissvotes.ch
source_comment: "
1781,10,1,574,,,"page_number_string: 
notes: 
source_full_citation: Swissvotes. (2025). Swissvotes – die Datenbank der eidgenössischen Volksabstimmungen. Abgerufen am 8.9.2025 von www.swissvotes.ch
source_comment: "
1782,10,1,575,,,"page_number_string: 
notes: 
source_full_citation: Swissvotes. (2025). Swissvotes – die Datenbank der eidgenössischen Volksabstimmungen. Abgerufen am 8.9.2025 von www.swissvotes.ch
source_comment: "
1783,10,1,576,,,"page_number_string: 
notes: 
source_full_citation: Swissvotes. (2025). Swissvotes – die Datenbank der eidgenössischen Volksabstimmungen. Abgerufen am 8.9.2025 von www.swissvotes.ch
source_comment: "
1784,10,1,577,,,"page_number_string: 
notes: 
source_full_citation: Swissvotes. (2025). Swissvotes – die Datenbank der eidgenössischen Volksabstimmungen. Abgerufen am 8.9.2025 von www.swissvotes.ch
source_comment: "
1785,10,1,578,,,"page_number_string: 
notes: 
source_full_citation: Swissvotes. (2025). Swissvotes – die Datenbank der eidgenössischen Volksabstimmungen. Abgerufen am 8.9.2025 von www.swissvotes.ch
source_comment: "
1786,10,1,579,,,"page_number_string: 
notes: 
source_full_citation: Swissvotes. (2025). Swissvotes – die Datenbank der eidgenössischen Volksabstimmungen. Abgerufen am 8.9.2025 von www.swissvotes.ch
source_comment: "
1787,10,2,580,,,"page_number_string: 
notes: 
source_full_citation: Swissvotes. (2025). Swissvotes – die Datenbank der eidgenössischen Volksabstimmungen. Abgerufen am 8.9.2025 von www.swissvotes.ch
source_comment: "
1788,10,2,581,,,"page_number_string: 
notes: 
source_full_citation: Swissvotes. (2025). Swissvotes – die Datenbank der eidgenössischen Volksabstimmungen. Abgerufen am 8.9.2025 von www.swissvotes.ch
source_comment: "
1789,10,1,582,,,"page_number_string: 
notes: 
source_full_citation: Swissvotes. (2025). Swissvotes – die Datenbank der eidgenössischen Volksabstimmungen. Abgerufen am 8.9.2025 von www.swissvotes.ch
source_comment: "
1790,10,2,583,,,"page_number_string: 
notes: 
source_full_citation: Swissvotes. (2025). Swissvotes – die Datenbank der eidgenössischen Volksabstimmungen. Abgerufen am 8.9.2025 von www.swissvotes.ch
source_comment: "
1791,10,1,584,,,"page_number_string: 
notes: 
source_full_citation: Swissvotes. (2025). Swissvotes – die Datenbank der eidgenössischen Volksabstimmungen. Abgerufen am 8.9.2025 von www.swissvotes.ch
source_comment: "
1792,10,1,585,,,"page_number_string: 
notes: 
source_full_citation: Swissvotes. (2025). Swissvotes – die Datenbank der eidgenössischen Volksabstimmungen. Abgerufen am 8.9.2025 von www.swissvotes.ch
source_comment: "
1793,10,2,586,,,"page_number_string: 
notes: 
source_full_citation: Swissvotes. (2025). Swissvotes – die Datenbank der eidgenössischen Volksabstimmungen. Abgerufen am 8.9.2025 von www.swissvotes.ch
source_comment: "
1794,10,1,587,,,"page_number_string: 
notes: 
source_full_citation: Swissvotes. (2025). Swissvotes – die Datenbank der eidgenössischen Volksabstimmungen. Abgerufen am 8.9.2025 von www.swissvotes.ch
source_comment: "
1795,10,6,588,,,"page_number_string: 
notes: 
source_full_citation: Swissvotes. (2025). Swissvotes – die Datenbank der eidgenössischen Volksabstimmungen. Abgerufen am 8.9.2025 von www.swissvotes.ch
source_comment: "
1796,10,2,589,,,"page_number_string: 
notes: 
source_full_citation: Swissvotes. (2025). Swissvotes – die Datenbank der eidgenössischen Volksabstimmungen. Abgerufen am 8.9.2025 von www.swissvotes.ch
source_comment: "
1797,10,2,590,,,"page_number_string: 
notes: 
source_full_citation: Swissvotes. (2025). Swissvotes – die Datenbank der eidgenössischen Volksabstimmungen. Abgerufen am 8.9.2025 von www.swissvotes.ch
source_comment: "
1798,10,2,591,,,"page_number_string: 
notes: 
source_full_citation: Swissvotes. (2025). Swissvotes – die Datenbank der eidgenössischen Volksabstimmungen. Abgerufen am 8.9.2025 von www.swissvotes.ch
source_comment: "
1799,10,1,592,,,"page_number_string: 
notes: 
source_full_citation: Swissvotes. (2025). Swissvotes – die Datenbank der eidgenössischen Volksabstimmungen. Abgerufen am 8.9.2025 von www.swissvotes.ch
source_comment: "
1800,10,2,593,,,"page_number_string: 
notes: 
source_full_citation: Swissvotes. (2025). Swissvotes – die Datenbank der eidgenössischen Volksabstimmungen. Abgerufen am 8.9.2025 von www.swissvotes.ch
source_comment: "
1801,10,1,594,,,"page_number_string: 
notes: 
source_full_citation: Swissvotes. (2025). Swissvotes – die Datenbank der eidgenössischen Volksabstimmungen. Abgerufen am 8.9.2025 von www.swissvotes.ch
source_comment: "
1802,10,1,595,,,"page_number_string: 
notes: 
source_full_citation: Swissvotes. (2025). Swissvotes – die Datenbank der eidgenössischen Volksabstimmungen. Abgerufen am 8.9.2025 von www.swissvotes.ch
source_comment: "
1803,10,2,596,,,"page_number_string: 
notes: 
source_full_citation: Swissvotes. (2025). Swissvotes – die Datenbank der eidgenössischen Volksabstimmungen. Abgerufen am 8.9.2025 von www.swissvotes.ch
source_comment: "
1804,10,2,597,,,"page_number_string: 
notes: 
source_full_citation: Swissvotes. (2025). Swissvotes – die Datenbank der eidgenössischen Volksabstimmungen. Abgerufen am 8.9.2025 von www.swissvotes.ch
source_comment: "
1805,10,1,598,,,"page_number_string: 
notes: 
source_full_citation: Swissvotes. (2025). Swissvotes – die Datenbank der eidgenössischen Volksabstimmungen. Abgerufen am 8.9.2025 von www.swissvotes.ch
source_comment: "
1806,10,1,599,,,"page_number_string: 
notes: 
source_full_citation: Swissvotes. (2025). Swissvotes – die Datenbank der eidgenössischen Volksabstimmungen. Abgerufen am 8.9.2025 von www.swissvotes.ch
source_comment: "
1807,10,2,600,,,"page_number_string: 
notes: 
source_full_citation: Swissvotes. (2025). Swissvotes – die Datenbank der eidgenössischen Volksabstimmungen. Abgerufen am 8.9.2025 von www.swissvotes.ch
source_comment: "
1808,10,2,601,,,"page_number_string: 
notes: 
source_full_citation: Swissvotes. (2025). Swissvotes – die Datenbank der eidgenössischen Volksabstimmungen. Abgerufen am 8.9.2025 von www.swissvotes.ch
source_comment: "
1809,10,1,602,,,"page_number_string: 
notes: 
source_full_citation: Swissvotes. (2025). Swissvotes – die Datenbank der eidgenössischen Volksabstimmungen. Abgerufen am 8.9.2025 von www.swissvotes.ch
source_comment: "
1810,10,1,603,,,"page_number_string: 
notes: 
source_full_citation: Swissvotes. (2025). Swissvotes – die Datenbank der eidgenössischen Volksabstimmungen. Abgerufen am 8.9.2025 von www.swissvotes.ch
source_comment: "
1811,10,2,604,,,"page_number_string: 
notes: 
source_full_citation: Swissvotes. (2025). Swissvotes – die Datenbank der eidgenössischen Volksabstimmungen. Abgerufen am 8.9.2025 von www.swissvotes.ch
source_comment: "
1812,10,1,605,,,"page_number_string: 
notes: 
source_full_citation: Swissvotes. (2025). Swissvotes – die Datenbank der eidgenössischen Volksabstimmungen. Abgerufen am 8.9.2025 von www.swissvotes.ch
source_comment: "
1813,10,2,606,,,"page_number_string: 
notes: 
source_full_citation: Swissvotes. (2025). Swissvotes – die Datenbank der eidgenössischen Volksabstimmungen. Abgerufen am 8.9.2025 von www.swissvotes.ch
source_comment: "
1814,10,1,607,,,"page_number_string: 
notes: 
source_full_citation: Swissvotes. (2025). Swissvotes – die Datenbank der eidgenössischen Volksabstimmungen. Abgerufen am 8.9.2025 von www.swissvotes.ch
source_comment: "
1815,10,2,608,,,"page_number_string: 
notes: 
source_full_citation: Swissvotes. (2025). Swissvotes – die Datenbank der eidgenössischen Volksabstimmungen. Abgerufen am 8.9.2025 von www.swissvotes.ch
source_comment: "
1816,10,1,609,,,"page_number_string: 
notes: 
source_full_citation: Swissvotes. (2025). Swissvotes – die Datenbank der eidgenössischen Volksabstimmungen. Abgerufen am 8.9.2025 von www.swissvotes.ch
source_comment: "
1817,10,1,610,,,"page_number_string: 
notes: 
source_full_citation: Swissvotes. (2025). Swissvotes – die Datenbank der eidgenössischen Volksabstimmungen. Abgerufen am 8.9.2025 von www.swissvotes.ch
source_comment: "
1818,10,2,611,,,"page_number_string: 
notes: 
source_full_citation: Swissvotes. (2025). Swissvotes – die Datenbank der eidgenössischen Volksabstimmungen. Abgerufen am 8.9.2025 von www.swissvotes.ch
source_comment: "
1819,10,2,612,,,"page_number_string: 
notes: 
source_full_citation: Swissvotes. (2025). Swissvotes – die Datenbank der eidgenössischen Volksabstimmungen. Abgerufen am 8.9.2025 von www.swissvotes.ch
source_comment: "
1820,10,1,613,,,"page_number_string: 
notes: 
source_full_citation: Swissvotes. (2025). Swissvotes – die Datenbank der eidgenössischen Volksabstimmungen. Abgerufen am 8.9.2025 von www.swissvotes.ch
source_comment: "
1821,10,1,614,,,"page_number_string: 
notes: 
source_full_citation: Swissvotes. (2025). Swissvotes – die Datenbank der eidgenössischen Volksabstimmungen. Abgerufen am 8.9.2025 von www.swissvotes.ch
source_comment: "
1822,10,2,615,,,"page_number_string: 
notes: 
source_full_citation: Swissvotes. (2025). Swissvotes – die Datenbank der eidgenössischen Volksabstimmungen. Abgerufen am 8.9.2025 von www.swissvotes.ch
source_comment: "
1823,10,2,616,,,"page_number_string: 
notes: 
source_full_citation: Swissvotes. (2025). Swissvotes – die Datenbank der eidgenössischen Volksabstimmungen. Abgerufen am 8.9.2025 von www.swissvotes.ch
source_comment: "
1824,10,1,617,,,"page_number_string: 
notes: 
source_full_citation: Swissvotes. (2025). Swissvotes – die Datenbank der eidgenössischen Volksabstimmungen. Abgerufen am 8.9.2025 von www.swissvotes.ch
source_comment: "
1825,10,2,618,,,"page_number_string: 
notes: 
source_full_citation: Swissvotes. (2025). Swissvotes – die Datenbank der eidgenössischen Volksabstimmungen. Abgerufen am 8.9.2025 von www.swissvotes.ch
source_comment: "
1826,10,2,619,,,"page_number_string: 
notes: 
source_full_citation: Swissvotes. (2025). Swissvotes – die Datenbank der eidgenössischen Volksabstimmungen. Abgerufen am 8.9.2025 von www.swissvotes.ch
source_comment: "
1827,10,1,620,,,"page_number_string: 
notes: 
source_full_citation: Swissvotes. (2025). Swissvotes – die Datenbank der eidgenössischen Volksabstimmungen. Abgerufen am 8.9.2025 von www.swissvotes.ch
source_comment: "
1828,10,5,621,,,"page_number_string: 
notes: 
source_full_citation: Swissvotes. (2025). Swissvotes – die Datenbank der eidgenössischen Volksabstimmungen. Abgerufen am 8.9.2025 von www.swissvotes.ch
source_comment: "
1829,10,2,622,,,"page_number_string: 
notes: 
source_full_citation: Swissvotes. (2025). Swissvotes – die Datenbank der eidgenössischen Volksabstimmungen. Abgerufen am 8.9.2025 von www.swissvotes.ch
source_comment: "
1830,10,2,623,,,"page_number_string: 
notes: 
source_full_citation: Swissvotes. (2025). Swissvotes – die Datenbank der eidgenössischen Volksabstimmungen. Abgerufen am 8.9.2025 von www.swissvotes.ch
source_comment: "
1831,10,2,624,,,"page_number_string: 
notes: 
source_full_citation: Swissvotes. (2025). Swissvotes – die Datenbank der eidgenössischen Volksabstimmungen. Abgerufen am 8.9.2025 von www.swissvotes.ch
source_comment: "
1832,10,2,625,,,"page_number_string: 
notes: 
source_full_citation: Swissvotes. (2025). Swissvotes – die Datenbank der eidgenössischen Volksabstimmungen. Abgerufen am 8.9.2025 von www.swissvotes.ch
source_comment: "
1833,10,1,626,,,"page_number_string: 
notes: 
source_full_citation: Swissvotes. (2025). Swissvotes – die Datenbank der eidgenössischen Volksabstimmungen. Abgerufen am 8.9.2025 von www.swissvotes.ch
source_comment: "
1834,10,2,627,,,"page_number_string: 
notes: 
source_full_citation: Swissvotes. (2025). Swissvotes – die Datenbank der eidgenössischen Volksabstimmungen. Abgerufen am 8.9.2025 von www.swissvotes.ch
source_comment: "
1835,10,1,628,,,"page_number_string: 
notes: 
source_full_citation: Swissvotes. (2025). Swissvotes – die Datenbank der eidgenössischen Volksabstimmungen. Abgerufen am 8.9.2025 von www.swissvotes.ch
source_comment: "
1836,10,2,629,,,"page_number_string: 
notes: 
source_full_citation: Swissvotes. (2025). Swissvotes – die Datenbank der eidgenössischen Volksabstimmungen. Abgerufen am 8.9.2025 von www.swissvotes.ch
source_comment: "
1837,10,2,630,,,"page_number_string: 
notes: 
source_full_citation: Swissvotes. (2025). Swissvotes – die Datenbank der eidgenössischen Volksabstimmungen. Abgerufen am 8.9.2025 von www.swissvotes.ch
source_comment: "
1838,10,1,631,,,"page_number_string: 
notes: 
source_full_citation: Swissvotes. (2025). Swissvotes – die Datenbank der eidgenössischen Volksabstimmungen. Abgerufen am 8.9.2025 von www.swissvotes.ch
source_comment: "
1839,10,1,632,,,"page_number_string: 
notes: 
source_full_citation: Swissvotes. (2025). Swissvotes – die Datenbank der eidgenössischen Volksabstimmungen. Abgerufen am 8.9.2025 von www.swissvotes.ch
source_comment: "
1840,10,2,633,,,"page_number_string: 
notes: 
source_full_citation: Swissvotes. (2025). Swissvotes – die Datenbank der eidgenössischen Volksabstimmungen. Abgerufen am 8.9.2025 von www.swissvotes.ch
source_comment: "
1841,10,2,634,,,"page_number_string: 
notes: 
source_full_citation: Swissvotes. (2025). Swissvotes – die Datenbank der eidgenössischen Volksabstimmungen. Abgerufen am 8.9.2025 von www.swissvotes.ch
source_comment: "
1842,10,1,635,,,"page_number_string: 
notes: 
source_full_citation: Swissvotes. (2025). Swissvotes – die Datenbank der eidgenössischen Volksabstimmungen. Abgerufen am 8.9.2025 von www.swissvotes.ch
source_comment: "
1843,10,2,636,,,"page_number_string: 
notes: 
source_full_citation: Swissvotes. (2025). Swissvotes – die Datenbank der eidgenössischen Volksabstimmungen. Abgerufen am 8.9.2025 von www.swissvotes.ch
source_comment: "
1844,10,2,637,,,"page_number_string: 
notes: 
source_full_citation: Swissvotes. (2025). Swissvotes – die Datenbank der eidgenössischen Volksabstimmungen. Abgerufen am 8.9.2025 von www.swissvotes.ch
source_comment: "
1845,10,2,638,,,"page_number_string: 
notes: 
source_full_citation: Swissvotes. (2025). Swissvotes – die Datenbank der eidgenössischen Volksabstimmungen. Abgerufen am 8.9.2025 von www.swissvotes.ch
source_comment: "
1846,10,1,639,,,"page_number_string: 
notes: 
source_full_citation: Swissvotes. (2025). Swissvotes – die Datenbank der eidgenössischen Volksabstimmungen. Abgerufen am 8.9.2025 von www.swissvotes.ch
source_comment: "
1847,10,1,640,,,"page_number_string: 
notes: 
source_full_citation: Swissvotes. (2025). Swissvotes – die Datenbank der eidgenössischen Volksabstimmungen. Abgerufen am 8.9.2025 von www.swissvotes.ch
source_comment: "
1848,10,2,641,,,"page_number_string: 
notes: 
source_full_citation: Swissvotes. (2025). Swissvotes – die Datenbank der eidgenössischen Volksabstimmungen. Abgerufen am 8.9.2025 von www.swissvotes.ch
source_comment: "
1849,10,2,642,,,"page_number_string: 
notes: 
source_full_citation: Swissvotes. (2025). Swissvotes – die Datenbank der eidgenössischen Volksabstimmungen. Abgerufen am 8.9.2025 von www.swissvotes.ch
source_comment: "
1850,10,1,643,,,"page_number_string: 
notes: 
source_full_citation: Swissvotes. (2025). Swissvotes – die Datenbank der eidgenössischen Volksabstimmungen. Abgerufen am 8.9.2025 von www.swissvotes.ch
source_comment: "
1851,10,2,644,,,"page_number_string: 
notes: 
source_full_citation: Swissvotes. (2025). Swissvotes – die Datenbank der eidgenössischen Volksabstimmungen. Abgerufen am 8.9.2025 von www.swissvotes.ch
source_comment: "
1852,10,1,645,,,"page_number_string: 
notes: 
source_full_citation: Swissvotes. (2025). Swissvotes – die Datenbank der eidgenössischen Volksabstimmungen. Abgerufen am 8.9.2025 von www.swissvotes.ch
source_comment: "
1853,10,1,646,,,"page_number_string: 
notes: 
source_full_citation: Swissvotes. (2025). Swissvotes – die Datenbank der eidgenössischen Volksabstimmungen. Abgerufen am 8.9.2025 von www.swissvotes.ch
source_comment: "
1854,10,1,647,,,"page_number_string: 
notes: 
source_full_citation: Swissvotes. (2025). Swissvotes – die Datenbank der eidgenössischen Volksabstimmungen. Abgerufen am 8.9.2025 von www.swissvotes.ch
source_comment: "
1855,10,1,648,,,"page_number_string: 
notes: 
source_full_citation: Swissvotes. (2025). Swissvotes – die Datenbank der eidgenössischen Volksabstimmungen. Abgerufen am 8.9.2025 von www.swissvotes.ch
source_comment: "
1856,10,1,649,,,"page_number_string: 
notes: 
source_full_citation: Swissvotes. (2025). Swissvotes – die Datenbank der eidgenössischen Volksabstimmungen. Abgerufen am 8.9.2025 von www.swissvotes.ch
source_comment: "
1857,10,1,650,,,"page_number_string: 
notes: 
source_full_citation: Swissvotes. (2025). Swissvotes – die Datenbank der eidgenössischen Volksabstimmungen. Abgerufen am 8.9.2025 von www.swissvotes.ch
source_comment: "
1858,10,1,651,,,"page_number_string: 
notes: 
source_full_citation: Swissvotes. (2025). Swissvotes – die Datenbank der eidgenössischen Volksabstimmungen. Abgerufen am 8.9.2025 von www.swissvotes.ch
source_comment: "
1859,10,1,652,,,"page_number_string: 
notes: 
source_full_citation: Swissvotes. (2025). Swissvotes – die Datenbank der eidgenössischen Volksabstimmungen. Abgerufen am 8.9.2025 von www.swissvotes.ch
source_comment: "
1860,10,2,653,,,"page_number_string: 
notes: 
source_full_citation: Swissvotes. (2025). Swissvotes – die Datenbank der eidgenössischen Volksabstimmungen. Abgerufen am 8.9.2025 von www.swissvotes.ch
source_comment: "
1861,10,2,654,,,"page_number_string: 
notes: 
source_full_citation: Swissvotes. (2025). Swissvotes – die Datenbank der eidgenössischen Volksabstimmungen. Abgerufen am 8.9.2025 von www.swissvotes.ch
source_comment: "
1862,10,1,655,,,"page_number_string: 
notes: 
source_full_citation: Swissvotes. (2025). Swissvotes – die Datenbank der eidgenössischen Volksabstimmungen. Abgerufen am 8.9.2025 von www.swissvotes.ch
source_comment: "
1863,10,1,656,,,"page_number_string: 
notes: 
source_full_citation: Swissvotes. (2025). Swissvotes – die Datenbank der eidgenössischen Volksabstimmungen. Abgerufen am 8.9.2025 von www.swissvotes.ch
source_comment: "
1864,10,2,657,,,"page_number_string: 
notes: 
source_full_citation: Swissvotes. (2025). Swissvotes – die Datenbank der eidgenössischen Volksabstimmungen. Abgerufen am 8.9.2025 von www.swissvotes.ch
source_comment: "
1865,10,2,658,,,"page_number_string: 
notes: 
source_full_citation: Swissvotes. (2025). Swissvotes – die Datenbank der eidgenössischen Volksabstimmungen. Abgerufen am 8.9.2025 von www.swissvotes.ch
source_comment: "
1866,10,2,659,,,"page_number_string: 
notes: 
source_full_citation: Swissvotes. (2025). Swissvotes – die Datenbank der eidgenössischen Volksabstimmungen. Abgerufen am 8.9.2025 von www.swissvotes.ch
source_comment: "
1867,10,2,660,,,"page_number_string: 
notes: 
source_full_citation: Swissvotes. (2025). Swissvotes – die Datenbank der eidgenössischen Volksabstimmungen. Abgerufen am 8.9.2025 von www.swissvotes.ch
source_comment: "
1868,10,1,661,,,"page_number_string: 
notes: 
source_full_citation: Swissvotes. (2025). Swissvotes – die Datenbank der eidgenössischen Volksabstimmungen. Abgerufen am 8.9.2025 von www.swissvotes.ch
source_comment: "
1869,10,2,662,,,"page_number_string: 
notes: 
source_full_citation: Swissvotes. (2025). Swissvotes – die Datenbank der eidgenössischen Volksabstimmungen. Abgerufen am 8.9.2025 von www.swissvotes.ch
source_comment: "
1870,10,1,663,,,"page_number_string: 
notes: 
source_full_citation: Swissvotes. (2025). Swissvotes – die Datenbank der eidgenössischen Volksabstimmungen. Abgerufen am 8.9.2025 von www.swissvotes.ch
source_comment: "
1871,10,1,664,,,"page_number_string: 
notes: 
source_full_citation: Swissvotes. (2025). Swissvotes – die Datenbank der eidgenössischen Volksabstimmungen. Abgerufen am 8.9.2025 von www.swissvotes.ch
source_comment: "
1872,10,2,665,,,"page_number_string: 
notes: 
source_full_citation: Swissvotes. (2025). Swissvotes – die Datenbank der eidgenössischen Volksabstimmungen. Abgerufen am 8.9.2025 von www.swissvotes.ch
source_comment: "
1873,10,1,666,,,"page_number_string: 
notes: 
source_full_citation: Swissvotes. (2025). Swissvotes – die Datenbank der eidgenössischen Volksabstimmungen. Abgerufen am 8.9.2025 von www.swissvotes.ch
source_comment: "
1874,10,2,667,,,"page_number_string: 
notes: 
source_full_citation: Swissvotes. (2025). Swissvotes – die Datenbank der eidgenössischen Volksabstimmungen. Abgerufen am 8.9.2025 von www.swissvotes.ch
source_comment: "
1875,10,1,668,,,"page_number_string: 
notes: 
source_full_citation: Swissvotes. (2025). Swissvotes – die Datenbank der eidgenössischen Volksabstimmungen. Abgerufen am 8.9.2025 von www.swissvotes.ch
source_comment: "
1876,10,1,669,,,"page_number_string: 
notes: 
source_full_citation: Swissvotes. (2025). Swissvotes – die Datenbank der eidgenössischen Volksabstimmungen. Abgerufen am 8.9.2025 von www.swissvotes.ch
source_comment: "
1877,10,1,670,,,"page_number_string: 
notes: 
source_full_citation: Swissvotes. (2025). Swissvotes – die Datenbank der eidgenössischen Volksabstimmungen. Abgerufen am 8.9.2025 von www.swissvotes.ch
source_comment: "
1878,10,1,671,,,"page_number_string: 
notes: 
source_full_citation: Swissvotes. (2025). Swissvotes – die Datenbank der eidgenössischen Volksabstimmungen. Abgerufen am 8.9.2025 von www.swissvotes.ch
source_comment: "
1879,10,2,672,,,"page_number_string: 
notes: 
source_full_citation: Swissvotes. (2025). Swissvotes – die Datenbank der eidgenössischen Volksabstimmungen. Abgerufen am 8.9.2025 von www.swissvotes.ch
source_comment: "
1880,10,2,673,,,"page_number_string: 
notes: 
source_full_citation: Swissvotes. (2025). Swissvotes – die Datenbank der eidgenössischen Volksabstimmungen. Abgerufen am 8.9.2025 von www.swissvotes.ch
source_comment: "
2061,3,1,574,,,"page_number_string: 
notes: 
source_full_citation: Swissvotes. (2025). Swissvotes – die Datenbank der eidgenössischen Volksabstimmungen. Abgerufen am 8.9.2025 von www.swissvotes.ch
source_comment: "
2062,3,1,575,,,"page_number_string: 
notes: 
source_full_citation: Swissvotes. (2025). Swissvotes – die Datenbank der eidgenössischen Volksabstimmungen. Abgerufen am 8.9.2025 von www.swissvotes.ch
source_comment: "
2063,3,1,576,,,"page_number_string: 
notes: 
source_full_citation: Swissvotes. (2025). Swissvotes – die Datenbank der eidgenössischen Volksabstimmungen. Abgerufen am 8.9.2025 von www.swissvotes.ch
source_comment: "
2064,3,1,577,,,"page_number_string: 
notes: 
source_full_citation: Swissvotes. (2025). Swissvotes – die Datenbank der eidgenössischen Volksabstimmungen. Abgerufen am 8.9.2025 von www.swissvotes.ch
source_comment: "
2065,3,1,578,,,"page_number_string: 
notes: 
source_full_citation: Swissvotes. (2025). Swissvotes – die Datenbank der eidgenössischen Volksabstimmungen. Abgerufen am 8.9.2025 von www.swissvotes.ch
source_comment: "
2066,3,1,579,,,"page_number_string: 
notes: 
source_full_citation: Swissvotes. (2025). Swissvotes – die Datenbank der eidgenössischen Volksabstimmungen. Abgerufen am 8.9.2025 von www.swissvotes.ch
source_comment: "
2067,3,2,580,,,"page_number_string: 
notes: 
source_full_citation: Swissvotes. (2025). Swissvotes – die Datenbank der eidgenössischen Volksabstimmungen. Abgerufen am 8.9.2025 von www.swissvotes.ch
source_comment: "
2068,3,2,581,,,"page_number_string: 
notes: 
source_full_citation: Swissvotes. (2025). Swissvotes – die Datenbank der eidgenössischen Volksabstimmungen. Abgerufen am 8.9.2025 von www.swissvotes.ch
source_comment: "
2069,3,1,582,,,"page_number_string: 
notes: 
source_full_citation: Swissvotes. (2025). Swissvotes – die Datenbank der eidgenössischen Volksabstimmungen. Abgerufen am 8.9.2025 von www.swissvotes.ch
source_comment: "
2070,3,2,583,,,"page_number_string: 
notes: 
source_full_citation: Swissvotes. (2025). Swissvotes – die Datenbank der eidgenössischen Volksabstimmungen. Abgerufen am 8.9.2025 von www.swissvotes.ch
source_comment: "
2071,3,1,584,,,"page_number_string: 
notes: 
source_full_citation: Swissvotes. (2025). Swissvotes – die Datenbank der eidgenössischen Volksabstimmungen. Abgerufen am 8.9.2025 von www.swissvotes.ch
source_comment: "
2072,3,1,585,,,"page_number_string: 
notes: 
source_full_citation: Swissvotes. (2025). Swissvotes – die Datenbank der eidgenössischen Volksabstimmungen. Abgerufen am 8.9.2025 von www.swissvotes.ch
source_comment: "
2073,3,2,586,,,"page_number_string: 
notes: 
source_full_citation: Swissvotes. (2025). Swissvotes – die Datenbank der eidgenössischen Volksabstimmungen. Abgerufen am 8.9.2025 von www.swissvotes.ch
source_comment: "
2074,3,1,587,,,"page_number_string: 
notes: 
source_full_citation: Swissvotes. (2025). Swissvotes – die Datenbank der eidgenössischen Volksabstimmungen. Abgerufen am 8.9.2025 von www.swissvotes.ch
source_comment: "
2075,3,6,588,,,"page_number_string: 
notes: 
source_full_citation: Swissvotes. (2025). Swissvotes – die Datenbank der eidgenössischen Volksabstimmungen. Abgerufen am 8.9.2025 von www.swissvotes.ch
source_comment: "
2076,3,2,589,,,"page_number_string: 
notes: 
source_full_citation: Swissvotes. (2025). Swissvotes – die Datenbank der eidgenössischen Volksabstimmungen. Abgerufen am 8.9.2025 von www.swissvotes.ch
source_comment: "
2077,3,2,590,,,"page_number_string: 
notes: 
source_full_citation: Swissvotes. (2025). Swissvotes – die Datenbank der eidgenössischen Volksabstimmungen. Abgerufen am 8.9.2025 von www.swissvotes.ch
source_comment: "
2078,3,2,591,,,"page_number_string: 
notes: 
source_full_citation: Swissvotes. (2025). Swissvotes – die Datenbank der eidgenössischen Volksabstimmungen. Abgerufen am 8.9.2025 von www.swissvotes.ch
source_comment: "
2079,3,1,592,,,"page_number_string: 
notes: 
source_full_citation: Swissvotes. (2025). Swissvotes – die Datenbank der eidgenössischen Volksabstimmungen. Abgerufen am 8.9.2025 von www.swissvotes.ch
source_comment: "
2080,3,2,593,,,"page_number_string: 
notes: 
source_full_citation: Swissvotes. (2025). Swissvotes – die Datenbank der eidgenössischen Volksabstimmungen. Abgerufen am 8.9.2025 von www.swissvotes.ch
source_comment: "
2081,3,1,594,,,"page_number_string: 
notes: 
source_full_citation: Swissvotes. (2025). Swissvotes – die Datenbank der eidgenössischen Volksabstimmungen. Abgerufen am 8.9.2025 von www.swissvotes.ch
source_comment: "
2082,3,2,595,,,"page_number_string: 
notes: 
source_full_citation: Swissvotes. (2025). Swissvotes – die Datenbank der eidgenössischen Volksabstimmungen. Abgerufen am 8.9.2025 von www.swissvotes.ch
source_comment: "
2083,3,1,596,,,"page_number_string: 
notes: 
source_full_citation: Swissvotes. (2025). Swissvotes – die Datenbank der eidgenössischen Volksabstimmungen. Abgerufen am 8.9.2025 von www.swissvotes.ch
source_comment: "
2084,3,2,597,,,"page_number_string: 
notes: 
source_full_citation: Swissvotes. (2025). Swissvotes – die Datenbank der eidgenössischen Volksabstimmungen. Abgerufen am 8.9.2025 von www.swissvotes.ch
source_comment: "
2085,3,1,598,,,"page_number_string: 
notes: 
source_full_citation: Swissvotes. (2025). Swissvotes – die Datenbank der eidgenössischen Volksabstimmungen. Abgerufen am 8.9.2025 von www.swissvotes.ch
source_comment: "
2086,3,2,599,,,"page_number_string: 
notes: 
source_full_citation: Swissvotes. (2025). Swissvotes – die Datenbank der eidgenössischen Volksabstimmungen. Abgerufen am 8.9.2025 von www.swissvotes.ch
source_comment: "
2087,3,2,600,,,"page_number_string: 
notes: 
source_full_citation: Swissvotes. (2025). Swissvotes – die Datenbank der eidgenössischen Volksabstimmungen. Abgerufen am 8.9.2025 von www.swissvotes.ch
source_comment: "
2088,3,2,601,,,"page_number_string: 
notes: 
source_full_citation: Swissvotes. (2025). Swissvotes – die Datenbank der eidgenössischen Volksabstimmungen. Abgerufen am 8.9.2025 von www.swissvotes.ch
source_comment: "
2089,3,1,602,,,"page_number_string: 
notes: 
source_full_citation: Swissvotes. (2025). Swissvotes – die Datenbank der eidgenössischen Volksabstimmungen. Abgerufen am 8.9.2025 von www.swissvotes.ch
source_comment: "
2090,3,2,603,,,"page_number_string: 
notes: 
source_full_citation: Swissvotes. (2025). Swissvotes – die Datenbank der eidgenössischen Volksabstimmungen. Abgerufen am 8.9.2025 von www.swissvotes.ch
source_comment: "
2091,3,2,604,,,"page_number_string: 
notes: 
source_full_citation: Swissvotes. (2025). Swissvotes – die Datenbank der eidgenössischen Volksabstimmungen. Abgerufen am 8.9.2025 von www.swissvotes.ch
source_comment: "
2092,3,2,605,,,"page_number_string: 
notes: 
source_full_citation: Swissvotes. (2025). Swissvotes – die Datenbank der eidgenössischen Volksabstimmungen. Abgerufen am 8.9.2025 von www.swissvotes.ch
source_comment: "
2093,3,2,606,,,"page_number_string: 
notes: 
source_full_citation: Swissvotes. (2025). Swissvotes – die Datenbank der eidgenössischen Volksabstimmungen. Abgerufen am 8.9.2025 von www.swissvotes.ch
source_comment: "
2094,3,1,607,,,"page_number_string: 
notes: 
source_full_citation: Swissvotes. (2025). Swissvotes – die Datenbank der eidgenössischen Volksabstimmungen. Abgerufen am 8.9.2025 von www.swissvotes.ch
source_comment: "
2095,3,2,608,,,"page_number_string: 
notes: 
source_full_citation: Swissvotes. (2025). Swissvotes – die Datenbank der eidgenössischen Volksabstimmungen. Abgerufen am 8.9.2025 von www.swissvotes.ch
source_comment: "
2096,3,1,609,,,"page_number_string: 
notes: 
source_full_citation: Swissvotes. (2025). Swissvotes – die Datenbank der eidgenössischen Volksabstimmungen. Abgerufen am 8.9.2025 von www.swissvotes.ch
source_comment: "
2097,3,1,610,,,"page_number_string: 
notes: 
source_full_citation: Swissvotes. (2025). Swissvotes – die Datenbank der eidgenössischen Volksabstimmungen. Abgerufen am 8.9.2025 von www.swissvotes.ch
source_comment: "
2098,3,2,611,,,"page_number_string: 
notes: 
source_full_citation: Swissvotes. (2025). Swissvotes – die Datenbank der eidgenössischen Volksabstimmungen. Abgerufen am 8.9.2025 von www.swissvotes.ch
source_comment: "
2099,3,2,612,,,"page_number_string: 
notes: 
source_full_citation: Swissvotes. (2025). Swissvotes – die Datenbank der eidgenössischen Volksabstimmungen. Abgerufen am 8.9.2025 von www.swissvotes.ch
source_comment: "
2100,3,1,613,,,"page_number_string: 
notes: 
source_full_citation: Swissvotes. (2025). Swissvotes – die Datenbank der eidgenössischen Volksabstimmungen. Abgerufen am 8.9.2025 von www.swissvotes.ch
source_comment: "
2101,3,1,614,,,"page_number_string: 
notes: 
source_full_citation: Swissvotes. (2025). Swissvotes – die Datenbank der eidgenössischen Volksabstimmungen. Abgerufen am 8.9.2025 von www.swissvotes.ch
source_comment: "
2102,3,2,615,,,"page_number_string: 
notes: 
source_full_citation: Swissvotes. (2025). Swissvotes – die Datenbank der eidgenössischen Volksabstimmungen. Abgerufen am 8.9.2025 von www.swissvotes.ch
source_comment: "
2103,3,2,616,,,"page_number_string: 
notes: 
source_full_citation: Swissvotes. (2025). Swissvotes – die Datenbank der eidgenössischen Volksabstimmungen. Abgerufen am 8.9.2025 von www.swissvotes.ch
source_comment: "
2104,3,1,617,,,"page_number_string: 
notes: 
source_full_citation: Swissvotes. (2025). Swissvotes – die Datenbank der eidgenössischen Volksabstimmungen. Abgerufen am 8.9.2025 von www.swissvotes.ch
source_comment: "
2105,3,2,618,,,"page_number_string: 
notes: 
source_full_citation: Swissvotes. (2025). Swissvotes – die Datenbank der eidgenössischen Volksabstimmungen. Abgerufen am 8.9.2025 von www.swissvotes.ch
source_comment: "
2106,3,2,619,,,"page_number_string: 
notes: 
source_full_citation: Swissvotes. (2025). Swissvotes – die Datenbank der eidgenössischen Volksabstimmungen. Abgerufen am 8.9.2025 von www.swissvotes.ch
source_comment: "
2107,3,1,620,,,"page_number_string: 
notes: 
source_full_citation: Swissvotes. (2025). Swissvotes – die Datenbank der eidgenössischen Volksabstimmungen. Abgerufen am 8.9.2025 von www.swissvotes.ch
source_comment: "
2108,3,2,621,,,"page_number_string: 
notes: 
source_full_citation: Swissvotes. (2025). Swissvotes – die Datenbank der eidgenössischen Volksabstimmungen. Abgerufen am 8.9.2025 von www.swissvotes.ch
source_comment: "
2109,3,2,622,,,"page_number_string: 
notes: 
source_full_citation: Swissvotes. (2025). Swissvotes – die Datenbank der eidgenössischen Volksabstimmungen. Abgerufen am 8.9.2025 von www.swissvotes.ch
source_comment: "
2110,3,2,623,,,"page_number_string: 
notes: 
source_full_citation: Swissvotes. (2025). Swissvotes – die Datenbank der eidgenössischen Volksabstimmungen. Abgerufen am 8.9.2025 von www.swissvotes.ch
source_comment: "
2111,3,2,624,,,"page_number_string: 
notes: 
source_full_citation: Swissvotes. (2025). Swissvotes – die Datenbank der eidgenössischen Volksabstimmungen. Abgerufen am 8.9.2025 von www.swissvotes.ch
source_comment: "
2112,3,2,625,,,"page_number_string: 
notes: 
source_full_citation: Swissvotes. (2025). Swissvotes – die Datenbank der eidgenössischen Volksabstimmungen. Abgerufen am 8.9.2025 von www.swissvotes.ch
source_comment: "
2113,3,2,626,,,"page_number_string: 
notes: 
source_full_citation: Swissvotes. (2025). Swissvotes – die Datenbank der eidgenössischen Volksabstimmungen. Abgerufen am 8.9.2025 von www.swissvotes.ch
source_comment: "
2114,3,2,627,,,"page_number_string: 
notes: 
source_full_citation: Swissvotes. (2025). Swissvotes – die Datenbank der eidgenössischen Volksabstimmungen. Abgerufen am 8.9.2025 von www.swissvotes.ch
source_comment: "
2115,3,1,628,,,"page_number_string: 
notes: 
source_full_citation: Swissvotes. (2025). Swissvotes – die Datenbank der eidgenössischen Volksabstimmungen. Abgerufen am 8.9.2025 von www.swissvotes.ch
source_comment: "
2116,3,2,629,,,"page_number_string: 
notes: 
source_full_citation: Swissvotes. (2025). Swissvotes – die Datenbank der eidgenössischen Volksabstimmungen. Abgerufen am 8.9.2025 von www.swissvotes.ch
source_comment: "
2117,3,2,630,,,"page_number_string: 
notes: 
source_full_citation: Swissvotes. (2025). Swissvotes – die Datenbank der eidgenössischen Volksabstimmungen. Abgerufen am 8.9.2025 von www.swissvotes.ch
source_comment: "
2118,3,2,631,,,"page_number_string: 
notes: 
source_full_citation: Swissvotes. (2025). Swissvotes – die Datenbank der eidgenössischen Volksabstimmungen. Abgerufen am 8.9.2025 von www.swissvotes.ch
source_comment: "
2119,3,2,632,,,"page_number_string: 
notes: 
source_full_citation: Swissvotes. (2025). Swissvotes – die Datenbank der eidgenössischen Volksabstimmungen. Abgerufen am 8.9.2025 von www.swissvotes.ch
source_comment: "
2120,3,2,633,,,"page_number_string: 
notes: 
source_full_citation: Swissvotes. (2025). Swissvotes – die Datenbank der eidgenössischen Volksabstimmungen. Abgerufen am 8.9.2025 von www.swissvotes.ch
source_comment: "
2121,3,2,634,,,"page_number_string: 
notes: 
source_full_citation: Swissvotes. (2025). Swissvotes – die Datenbank der eidgenössischen Volksabstimmungen. Abgerufen am 8.9.2025 von www.swissvotes.ch
source_comment: "
2122,3,1,635,,,"page_number_string: 
notes: 
source_full_citation: Swissvotes. (2025). Swissvotes – die Datenbank der eidgenössischen Volksabstimmungen. Abgerufen am 8.9.2025 von www.swissvotes.ch
source_comment: "
2123,3,2,636,,,"page_number_string: 
notes: 
source_full_citation: Swissvotes. (2025). Swissvotes – die Datenbank der eidgenössischen Volksabstimmungen. Abgerufen am 8.9.2025 von www.swissvotes.ch
source_comment: "
2124,3,2,637,,,"page_number_string: 
notes: 
source_full_citation: Swissvotes. (2025). Swissvotes – die Datenbank der eidgenössischen Volksabstimmungen. Abgerufen am 8.9.2025 von www.swissvotes.ch
source_comment: "
2125,3,2,638,,,"page_number_string: 
notes: 
source_full_citation: Swissvotes. (2025). Swissvotes – die Datenbank der eidgenössischen Volksabstimmungen. Abgerufen am 8.9.2025 von www.swissvotes.ch
source_comment: "
2126,3,1,639,,,"page_number_string: 
notes: 
source_full_citation: Swissvotes. (2025). Swissvotes – die Datenbank der eidgenössischen Volksabstimmungen. Abgerufen am 8.9.2025 von www.swissvotes.ch
source_comment: "
2127,3,1,640,,,"page_number_string: 
notes: 
source_full_citation: Swissvotes. (2025). Swissvotes – die Datenbank der eidgenössischen Volksabstimmungen. Abgerufen am 8.9.2025 von www.swissvotes.ch
source_comment: "
2128,3,2,641,,,"page_number_string: 
notes: 
source_full_citation: Swissvotes. (2025). Swissvotes – die Datenbank der eidgenössischen Volksabstimmungen. Abgerufen am 8.9.2025 von www.swissvotes.ch
source_comment: "
2129,3,2,642,,,"page_number_string: 
notes: 
source_full_citation: Swissvotes. (2025). Swissvotes – die Datenbank der eidgenössischen Volksabstimmungen. Abgerufen am 8.9.2025 von www.swissvotes.ch
source_comment: "
2130,3,1,643,,,"page_number_string: 
notes: 
source_full_citation: Swissvotes. (2025). Swissvotes – die Datenbank der eidgenössischen Volksabstimmungen. Abgerufen am 8.9.2025 von www.swissvotes.ch
source_comment: "
2131,3,2,644,,,"page_number_string: 
notes: 
source_full_citation: Swissvotes. (2025). Swissvotes – die Datenbank der eidgenössischen Volksabstimmungen. Abgerufen am 8.9.2025 von www.swissvotes.ch
source_comment: "
2132,3,1,645,,,"page_number_string: 
notes: 
source_full_citation: Swissvotes. (2025). Swissvotes – die Datenbank der eidgenössischen Volksabstimmungen. Abgerufen am 8.9.2025 von www.swissvotes.ch
source_comment: "
2133,3,1,646,,,"page_number_string: 
notes: 
source_full_citation: Swissvotes. (2025). Swissvotes – die Datenbank der eidgenössischen Volksabstimmungen. Abgerufen am 8.9.2025 von www.swissvotes.ch
source_comment: "
2134,3,1,647,,,"page_number_string: 
notes: 
source_full_citation: Swissvotes. (2025). Swissvotes – die Datenbank der eidgenössischen Volksabstimmungen. Abgerufen am 8.9.2025 von www.swissvotes.ch
source_comment: "
2135,3,1,648,,,"page_number_string: 
notes: 
source_full_citation: Swissvotes. (2025). Swissvotes – die Datenbank der eidgenössischen Volksabstimmungen. Abgerufen am 8.9.2025 von www.swissvotes.ch
source_comment: "
2136,3,1,649,,,"page_number_string: 
notes: 
source_full_citation: Swissvotes. (2025). Swissvotes – die Datenbank der eidgenössischen Volksabstimmungen. Abgerufen am 8.9.2025 von www.swissvotes.ch
source_comment: "
2137,3,2,650,,,"page_number_string: 
notes: 
source_full_citation: Swissvotes. (2025). Swissvotes – die Datenbank der eidgenössischen Volksabstimmungen. Abgerufen am 8.9.2025 von www.swissvotes.ch
source_comment: "
2138,3,2,651,,,"page_number_string: 
notes: 
source_full_citation: Swissvotes. (2025). Swissvotes – die Datenbank der eidgenössischen Volksabstimmungen. Abgerufen am 8.9.2025 von www.swissvotes.ch
source_comment: "
2139,3,1,652,,,"page_number_string: 
notes: 
source_full_citation: Swissvotes. (2025). Swissvotes – die Datenbank der eidgenössischen Volksabstimmungen. Abgerufen am 8.9.2025 von www.swissvotes.ch
source_comment: "
2140,3,2,653,,,"page_number_string: 
notes: 
source_full_citation: Swissvotes. (2025). Swissvotes – die Datenbank der eidgenössischen Volksabstimmungen. Abgerufen am 8.9.2025 von www.swissvotes.ch
source_comment: "
2141,3,2,654,,,"page_number_string: 
notes: 
source_full_citation: Swissvotes. (2025). Swissvotes – die Datenbank der eidgenössischen Volksabstimmungen. Abgerufen am 8.9.2025 von www.swissvotes.ch
source_comment: "
2142,3,2,655,,,"page_number_string: 
notes: 
source_full_citation: Swissvotes. (2025). Swissvotes – die Datenbank der eidgenössischen Volksabstimmungen. Abgerufen am 8.9.2025 von www.swissvotes.ch
source_comment: "
2143,3,1,656,,,"page_number_string: 
notes: 
source_full_citation: Swissvotes. (2025). Swissvotes – die Datenbank der eidgenössischen Volksabstimmungen. Abgerufen am 8.9.2025 von www.swissvotes.ch
source_comment: "
2144,3,2,657,,,"page_number_string: 
notes: 
source_full_citation: Swissvotes. (2025). Swissvotes – die Datenbank der eidgenössischen Volksabstimmungen. Abgerufen am 8.9.2025 von www.swissvotes.ch
source_comment: "
2145,3,2,658,,,"page_number_string: 
notes: 
source_full_citation: Swissvotes. (2025). Swissvotes – die Datenbank der eidgenössischen Volksabstimmungen. Abgerufen am 8.9.2025 von www.swissvotes.ch
source_comment: "
2146,3,2,659,,,"page_number_string: 
notes: 
source_full_citation: Swissvotes. (2025). Swissvotes – die Datenbank der eidgenössischen Volksabstimmungen. Abgerufen am 8.9.2025 von www.swissvotes.ch
source_comment: "
2147,3,2,660,,,"page_number_string: 
notes: 
source_full_citation: Swissvotes. (2025). Swissvotes – die Datenbank der eidgenössischen Volksabstimmungen. Abgerufen am 8.9.2025 von www.swissvotes.ch
source_comment: "
2148,3,1,661,,,"page_number_string: 
notes: 
source_full_citation: Swissvotes. (2025). Swissvotes – die Datenbank der eidgenössischen Volksabstimmungen. Abgerufen am 8.9.2025 von www.swissvotes.ch
source_comment: "
2149,3,2,662,,,"page_number_string: 
notes: 
source_full_citation: Swissvotes. (2025). Swissvotes – die Datenbank der eidgenössischen Volksabstimmungen. Abgerufen am 8.9.2025 von www.swissvotes.ch
source_comment: "
2150,3,1,663,,,"page_number_string: 
notes: 
source_full_citation: Swissvotes. (2025). Swissvotes – die Datenbank der eidgenössischen Volksabstimmungen. Abgerufen am 8.9.2025 von www.swissvotes.ch
source_comment: "
2151,3,1,664,,,"page_number_string: 
notes: 
source_full_citation: Swissvotes. (2025). Swissvotes – die Datenbank der eidgenössischen Volksabstimmungen. Abgerufen am 8.9.2025 von www.swissvotes.ch
source_comment: "
2152,3,2,665,,,"page_number_string: 
notes: 
source_full_citation: Swissvotes. (2025). Swissvotes – die Datenbank der eidgenössischen Volksabstimmungen. Abgerufen am 8.9.2025 von www.swissvotes.ch
source_comment: "
2153,3,1,666,,,"page_number_string: 
notes: 
source_full_citation: Swissvotes. (2025). Swissvotes – die Datenbank der eidgenössischen Volksabstimmungen. Abgerufen am 8.9.2025 von www.swissvotes.ch
source_comment: "
2154,3,2,667,,,"page_number_string: 
notes: 
source_full_citation: Swissvotes. (2025). Swissvotes – die Datenbank der eidgenössischen Volksabstimmungen. Abgerufen am 8.9.2025 von www.swissvotes.ch
source_comment: "
2155,3,1,668,,,"page_number_string: 
notes: 
source_full_citation: Swissvotes. (2025). Swissvotes – die Datenbank der eidgenössischen Volksabstimmungen. Abgerufen am 8.9.2025 von www.swissvotes.ch
source_comment: "
2156,3,1,669,,,"page_number_string: 
notes: 
source_full_citation: Swissvotes. (2025). Swissvotes – die Datenbank der eidgenössischen Volksabstimmungen. Abgerufen am 8.9.2025 von www.swissvotes.ch
source_comment: "
2157,3,2,670,,,"page_number_string: 
notes: 
source_full_citation: Swissvotes. (2025). Swissvotes – die Datenbank der eidgenössischen Volksabstimmungen. Abgerufen am 8.9.2025 von www.swissvotes.ch
source_comment: "
2158,3,1,671,,,"page_number_string: 
notes: 
source_full_citation: Swissvotes. (2025). Swissvotes – die Datenbank der eidgenössischen Volksabstimmungen. Abgerufen am 8.9.2025 von www.swissvotes.ch
source_comment: "
2159,3,2,672,,,"page_number_string: 
notes: 
source_full_citation: Swissvotes. (2025). Swissvotes – die Datenbank der eidgenössischen Volksabstimmungen. Abgerufen am 8.9.2025 von www.swissvotes.ch
source_comment: "
2160,3,2,673,,,"page_number_string: 
notes: 
source_full_citation: Swissvotes. (2025). Swissvotes – die Datenbank der eidgenössischen Volksabstimmungen. Abgerufen am 8.9.2025 von www.swissvotes.ch
source_comment: "
2161,3,2,674,,,"page_number_string: 
notes: 
source_full_citation: Swissvotes. (2025). Swissvotes – die Datenbank der eidgenössischen Volksabstimmungen. Abgerufen am 8.9.2025 von www.swissvotes.ch
source_comment: "
2162,3,1,675,,,"page_number_string: 
notes: 
source_full_citation: Swissvotes. (2025). Swissvotes – die Datenbank der eidgenössischen Volksabstimmungen. Abgerufen am 8.9.2025 von www.swissvotes.ch
source_comment: "
2163,3,1,676,,,"page_number_string: 
notes: 
source_full_citation: Swissvotes. (2025). Swissvotes – die Datenbank der eidgenössischen Volksabstimmungen. Abgerufen am 8.9.2025 von www.swissvotes.ch
source_comment: "
2164,3,2,677,,,"page_number_string: 
notes: 
source_full_citation: Swissvotes. (2025). Swissvotes – die Datenbank der eidgenössischen Volksabstimmungen. Abgerufen am 8.9.2025 von www.swissvotes.ch
source_comment: "
2165,3,2,678,,,"page_number_string: 
notes: 
source_full_citation: Swissvotes. (2025). Swissvotes – die Datenbank der eidgenössischen Volksabstimmungen. Abgerufen am 8.9.2025 von www.swissvotes.ch
source_comment: "
2166,3,1,679,,,"page_number_string: 
notes: 
source_full_citation: Swissvotes. (2025). Swissvotes – die Datenbank der eidgenössischen Volksabstimmungen. Abgerufen am 8.9.2025 von www.swissvotes.ch
source_comment: "
2167,3,1,680,,,"page_number_string: 
notes: 
source_full_citation: Swissvotes. (2025). Swissvotes – die Datenbank der eidgenössischen Volksabstimmungen. Abgerufen am 8.9.2025 von www.swissvotes.ch
source_comment: "
2168,3,1,681,,,"page_number_string: 
notes: 
source_full_citation: Swissvotes. (2025). Swissvotes – die Datenbank der eidgenössischen Volksabstimmungen. Abgerufen am 8.9.2025 von www.swissvotes.ch
source_comment: "
2169,3,2,682,,,"page_number_string: 
notes: 
source_full_citation: Swissvotes. (2025). Swissvotes – die Datenbank der eidgenössischen Volksabstimmungen. Abgerufen am 8.9.2025 von www.swissvotes.ch
source_comment: "
2170,3,1,683,,,"page_number_string: 
notes: 
source_full_citation: Swissvotes. (2025). Swissvotes – die Datenbank der eidgenössischen Volksabstimmungen. Abgerufen am 8.9.2025 von www.swissvotes.ch
source_comment: "
2171,3,2,684,,,"page_number_string: 
notes: 
source_full_citation: Swissvotes. (2025). Swissvotes – die Datenbank der eidgenössischen Volksabstimmungen. Abgerufen am 8.9.2025 von www.swissvotes.ch
source_comment: "
2172,3,2,685,,,"page_number_string: 
notes: 
source_full_citation: Swissvotes. (2025). Swissvotes – die Datenbank der eidgenössischen Volksabstimmungen. Abgerufen am 8.9.2025 von www.swissvotes.ch
source_comment: "
2173,3,1,686,,,"page_number_string: 
notes: 
source_full_citation: Swissvotes. (2025). Swissvotes – die Datenbank der eidgenössischen Volksabstimmungen. Abgerufen am 8.9.2025 von www.swissvotes.ch
source_comment: "
2174,3,2,687,,,"page_number_string: 
notes: 
source_full_citation: Swissvotes. (2025). Swissvotes – die Datenbank der eidgenössischen Volksabstimmungen. Abgerufen am 8.9.2025 von www.swissvotes.ch
source_comment: "
2175,3,2,688,,,"page_number_string: 
notes: 
source_full_citation: Swissvotes. (2025). Swissvotes – die Datenbank der eidgenössischen Volksabstimmungen. Abgerufen am 8.9.2025 von www.swissvotes.ch
source_comment: "
2176,3,1,689,,,"page_number_string: 
notes: 
source_full_citation: Swissvotes. (2025). Swissvotes – die Datenbank der eidgenössischen Volksabstimmungen. Abgerufen am 8.9.2025 von www.swissvotes.ch
source_comment: "
2177,3,2,690,,,"page_number_string: 
notes: 
source_full_citation: Swissvotes. (2025). Swissvotes – die Datenbank der eidgenössischen Volksabstimmungen. Abgerufen am 8.9.2025 von www.swissvotes.ch
source_comment: "
2178,3,2,691,,,"page_number_string: 
notes: 
source_full_citation: Swissvotes. (2025). Swissvotes – die Datenbank der eidgenössischen Volksabstimmungen. Abgerufen am 8.9.2025 von www.swissvotes.ch
source_comment: "
2179,3,1,692,,,"page_number_string: 
notes: 
source_full_citation: Swissvotes. (2025). Swissvotes – die Datenbank der eidgenössischen Volksabstimmungen. Abgerufen am 8.9.2025 von www.swissvotes.ch
source_comment: "
2180,3,1,693,,,"page_number_string: 
notes: 
source_full_citation: Swissvotes. (2025). Swissvotes – die Datenbank der eidgenössischen Volksabstimmungen. Abgerufen am 8.9.2025 von www.swissvotes.ch
source_comment: "
2181,3,2,694,,,"page_number_string: 
notes: 
source_full_citation: Swissvotes. (2025). Swissvotes – die Datenbank der eidgenössischen Volksabstimmungen. Abgerufen am 8.9.2025 von www.swissvotes.ch
source_comment: "
2182,3,1,695,,,"page_number_string: 
notes: 
source_full_citation: Swissvotes. (2025). Swissvotes – die Datenbank der eidgenössischen Volksabstimmungen. Abgerufen am 8.9.2025 von www.swissvotes.ch
source_comment: "
2183,3,1,696,,,"page_number_string: 
notes: 
source_full_citation: Swissvotes. (2025). Swissvotes – die Datenbank der eidgenössischen Volksabstimmungen. Abgerufen am 8.9.2025 von www.swissvotes.ch
source_comment: "
2184,3,1,697,,,"page_number_string: 
notes: 
source_full_citation: Swissvotes. (2025). Swissvotes – die Datenbank der eidgenössischen Volksabstimmungen. Abgerufen am 8.9.2025 von www.swissvotes.ch
source_comment: "
2185,3,1,698,,,"page_number_string: 
notes: 
source_full_citation: Swissvotes. (2025). Swissvotes – die Datenbank der eidgenössischen Volksabstimmungen. Abgerufen am 8.9.2025 von www.swissvotes.ch
source_comment: "
2186,3,1,699,,,"page_number_string: 
notes: 
source_full_citation: Swissvotes. (2025). Swissvotes – die Datenbank der eidgenössischen Volksabstimmungen. Abgerufen am 8.9.2025 von www.swissvotes.ch
source_comment: "
2187,3,1,700,,,"page_number_string: 
notes: 
source_full_citation: Swissvotes. (2025). Swissvotes – die Datenbank der eidgenössischen Volksabstimmungen. Abgerufen am 8.9.2025 von www.swissvotes.ch
source_comment: "
2188,3,2,701,,,"page_number_string: 
notes: 
source_full_citation: Swissvotes. (2025). Swissvotes – die Datenbank der eidgenössischen Volksabstimmungen. Abgerufen am 8.9.2025 von www.swissvotes.ch
source_comment: "
2189,3,1,702,,,"page_number_string: 
notes: 
source_full_citation: Swissvotes. (2025). Swissvotes – die Datenbank der eidgenössischen Volksabstimmungen. Abgerufen am 8.9.2025 von www.swissvotes.ch
source_comment: "
2190,3,2,703,,,"page_number_string: 
notes: 
source_full_citation: Swissvotes. (2025). Swissvotes – die Datenbank der eidgenössischen Volksabstimmungen. Abgerufen am 8.9.2025 von www.swissvotes.ch
source_comment: "
2191,3,2,704,,,"page_number_string: 
notes: 
source_full_citation: Swissvotes. (2025). Swissvotes – die Datenbank der eidgenössischen Volksabstimmungen. Abgerufen am 8.9.2025 von www.swissvotes.ch
source_comment: "
2192,3,2,705,,,"page_number_string: 
notes: 
source_full_citation: Swissvotes. (2025). Swissvotes – die Datenbank der eidgenössischen Volksabstimmungen. Abgerufen am 8.9.2025 von www.swissvotes.ch
source_comment: "
2193,3,1,706,,,"page_number_string: 
notes: 
source_full_citation: Swissvotes. (2025). Swissvotes – die Datenbank der eidgenössischen Volksabstimmungen. Abgerufen am 8.9.2025 von www.swissvotes.ch
source_comment: "
2194,3,2,707,,,"page_number_string: 
notes: 
source_full_citation: Swissvotes. (2025). Swissvotes – die Datenbank der eidgenössischen Volksabstimmungen. Abgerufen am 8.9.2025 von www.swissvotes.ch
source_comment: "
2195,3,1,708,,,"page_number_string: 
notes: 
source_full_citation: Swissvotes. (2025). Swissvotes – die Datenbank der eidgenössischen Volksabstimmungen. Abgerufen am 8.9.2025 von www.swissvotes.ch
source_comment: "
2196,3,1,709,,,"page_number_string: 
notes: 
source_full_citation: Swissvotes. (2025). Swissvotes – die Datenbank der eidgenössischen Volksabstimmungen. Abgerufen am 8.9.2025 von www.swissvotes.ch
source_comment: "
2197,3,1,710,,,"page_number_string: 
notes: 
source_full_citation: Swissvotes. (2025). Swissvotes – die Datenbank der eidgenössischen Volksabstimmungen. Abgerufen am 8.9.2025 von www.swissvotes.ch
source_comment: "
2198,3,1,711,,,"page_number_string: 
notes: 
source_full_citation: Swissvotes. (2025). Swissvotes – die Datenbank der eidgenössischen Volksabstimmungen. Abgerufen am 8.9.2025 von www.swissvotes.ch
source_comment: "
2199,3,1,712,,,"page_number_string: 
notes: 
source_full_citation: Swissvotes. (2025). Swissvotes – die Datenbank der eidgenössischen Volksabstimmungen. Abgerufen am 8.9.2025 von www.swissvotes.ch
source_comment: "
2200,3,2,713,,,"page_number_string: 
notes: 
source_full_citation: Swissvotes. (2025). Swissvotes – die Datenbank der eidgenössischen Volksabstimmungen. Abgerufen am 8.9.2025 von www.swissvotes.ch
source_comment: "
2201,3,1,714,,,"page_number_string: 
notes: 
source_full_citation: Swissvotes. (2025). Swissvotes – die Datenbank der eidgenössischen Volksabstimmungen. Abgerufen am 8.9.2025 von www.swissvotes.ch
source_comment: "
2202,3,1,715,,,"page_number_string: 
notes: 
source_full_citation: Swissvotes. (2025). Swissvotes – die Datenbank der eidgenössischen Volksabstimmungen. Abgerufen am 8.9.2025 von www.swissvotes.ch
source_comment: "
2203,3,2,716,,,"page_number_string: 
notes: 
source_full_citation: Swissvotes. (2025). Swissvotes – die Datenbank der eidgenössischen Volksabstimmungen. Abgerufen am 8.9.2025 von www.swissvotes.ch
source_comment: "
2204,3,2,717,,,"page_number_string: 
notes: 
source_full_citation: Swissvotes. (2025). Swissvotes – die Datenbank der eidgenössischen Volksabstimmungen. Abgerufen am 8.9.2025 von www.swissvotes.ch
source_comment: "
2205,9,1,58,,,"page_number_string: 
notes: 
source_full_citation: Swissvotes. (2025). Swissvotes – die Datenbank der eidgenössischen Volksabstimmungen. Abgerufen am 8.9.2025 von www.swissvotes.ch
source_comment: "
2206,9,2,59,,,"page_number_string: 
notes: 
source_full_citation: Swissvotes. (2025). Swissvotes – die Datenbank der eidgenössischen Volksabstimmungen. Abgerufen am 8.9.2025 von www.swissvotes.ch
source_comment: "
2207,9,2,60,,,"page_number_string: 
notes: 
source_full_citation: Swissvotes. (2025). Swissvotes – die Datenbank der eidgenössischen Volksabstimmungen. Abgerufen am 8.9.2025 von www.swissvotes.ch
source_comment: "
2208,9,1,61,,,"page_number_string: 
notes: 
source_full_citation: Swissvotes. (2025). Swissvotes – die Datenbank der eidgenössischen Volksabstimmungen. Abgerufen am 8.9.2025 von www.swissvotes.ch
source_comment: "
2209,9,1,62,,,"page_number_string: 
notes: 
source_full_citation: Swissvotes. (2025). Swissvotes – die Datenbank der eidgenössischen Volksabstimmungen. Abgerufen am 8.9.2025 von www.swissvotes.ch
source_comment: "
2210,9,1,63,,,"page_number_string: 
notes: 
source_full_citation: Swissvotes. (2025). Swissvotes – die Datenbank der eidgenössischen Volksabstimmungen. Abgerufen am 8.9.2025 von www.swissvotes.ch
source_comment: "
2211,9,1,64,,,"page_number_string: 
notes: 
source_full_citation: Swissvotes. (2025). Swissvotes – die Datenbank der eidgenössischen Volksabstimmungen. Abgerufen am 8.9.2025 von www.swissvotes.ch
source_comment: "
2212,9,1,65,,,"page_number_string: 
notes: 
source_full_citation: Swissvotes. (2025). Swissvotes – die Datenbank der eidgenössischen Volksabstimmungen. Abgerufen am 8.9.2025 von www.swissvotes.ch
source_comment: "
2213,9,1,66,,,"page_number_string: 
notes: 
source_full_citation: Swissvotes. (2025). Swissvotes – die Datenbank der eidgenössischen Volksabstimmungen. Abgerufen am 8.9.2025 von www.swissvotes.ch
source_comment: "
2214,9,1,67,,,"page_number_string: 
notes: 
source_full_citation: Swissvotes. (2025). Swissvotes – die Datenbank der eidgenössischen Volksabstimmungen. Abgerufen am 8.9.2025 von www.swissvotes.ch
source_comment: "
2215,9,1,68,,,"page_number_string: 
notes: 
source_full_citation: Swissvotes. (2025). Swissvotes – die Datenbank der eidgenössischen Volksabstimmungen. Abgerufen am 8.9.2025 von www.swissvotes.ch
source_comment: "
2216,9,1,69,,,"page_number_string: 
notes: 
source_full_citation: Swissvotes. (2025). Swissvotes – die Datenbank der eidgenössischen Volksabstimmungen. Abgerufen am 8.9.2025 von www.swissvotes.ch
source_comment: "
2217,9,1,70,,,"page_number_string: 
notes: 
source_full_citation: Swissvotes. (2025). Swissvotes – die Datenbank der eidgenössischen Volksabstimmungen. Abgerufen am 8.9.2025 von www.swissvotes.ch
source_comment: "
2218,9,1,71,,,"page_number_string: 
notes: 
source_full_citation: Swissvotes. (2025). Swissvotes – die Datenbank der eidgenössischen Volksabstimmungen. Abgerufen am 8.9.2025 von www.swissvotes.ch
source_comment: "
2219,9,1,72,,,"page_number_string: 
notes: 
source_full_citation: Swissvotes. (2025). Swissvotes – die Datenbank der eidgenössischen Volksabstimmungen. Abgerufen am 8.9.2025 von www.swissvotes.ch
source_comment: "
2220,9,1,73,,,"page_number_string: 
notes: 
source_full_citation: Swissvotes. (2025). Swissvotes – die Datenbank der eidgenössischen Volksabstimmungen. Abgerufen am 8.9.2025 von www.swissvotes.ch
source_comment: "
2221,9,2,74,,,"page_number_string: 
notes: 
source_full_citation: Swissvotes. (2025). Swissvotes – die Datenbank der eidgenössischen Volksabstimmungen. Abgerufen am 8.9.2025 von www.swissvotes.ch
source_comment: "
2222,9,2,75,,,"page_number_string: 
notes: 
source_full_citation: Swissvotes. (2025). Swissvotes – die Datenbank der eidgenössischen Volksabstimmungen. Abgerufen am 8.9.2025 von www.swissvotes.ch
source_comment: "
2223,9,1,76,,,"page_number_string: 
notes: 
source_full_citation: Swissvotes. (2025). Swissvotes – die Datenbank der eidgenössischen Volksabstimmungen. Abgerufen am 8.9.2025 von www.swissvotes.ch
source_comment: "
2224,9,1,77,,,"page_number_string: 
notes: 
source_full_citation: Swissvotes. (2025). Swissvotes – die Datenbank der eidgenössischen Volksabstimmungen. Abgerufen am 8.9.2025 von www.swissvotes.ch
source_comment: "
2225,9,1,78,,,"page_number_string: 
notes: 
source_full_citation: Swissvotes. (2025). Swissvotes – die Datenbank der eidgenössischen Volksabstimmungen. Abgerufen am 8.9.2025 von www.swissvotes.ch
source_comment: "
2226,9,2,79,,,"page_number_string: 
notes: 
source_full_citation: Swissvotes. (2025). Swissvotes – die Datenbank der eidgenössischen Volksabstimmungen. Abgerufen am 8.9.2025 von www.swissvotes.ch
source_comment: "
2227,9,1,80,,,"page_number_string: 
notes: 
source_full_citation: Swissvotes. (2025). Swissvotes – die Datenbank der eidgenössischen Volksabstimmungen. Abgerufen am 8.9.2025 von www.swissvotes.ch
source_comment: "
2228,9,1,81,,,"page_number_string: 
notes: 
source_full_citation: Swissvotes. (2025). Swissvotes – die Datenbank der eidgenössischen Volksabstimmungen. Abgerufen am 8.9.2025 von www.swissvotes.ch
source_comment: "
2229,9,1,82,,,"page_number_string: 
notes: 
source_full_citation: Swissvotes. (2025). Swissvotes – die Datenbank der eidgenössischen Volksabstimmungen. Abgerufen am 8.9.2025 von www.swissvotes.ch
source_comment: "
2230,9,1,83,,,"page_number_string: 
notes: 
source_full_citation: Swissvotes. (2025). Swissvotes – die Datenbank der eidgenössischen Volksabstimmungen. Abgerufen am 8.9.2025 von www.swissvotes.ch
source_comment: "
2231,9,1,84,,,"page_number_string: 
notes: 
source_full_citation: Swissvotes. (2025). Swissvotes – die Datenbank der eidgenössischen Volksabstimmungen. Abgerufen am 8.9.2025 von www.swissvotes.ch
source_comment: "
2232,9,2,85,,,"page_number_string: 
notes: 
source_full_citation: Swissvotes. (2025). Swissvotes – die Datenbank der eidgenössischen Volksabstimmungen. Abgerufen am 8.9.2025 von www.swissvotes.ch
source_comment: "
2233,9,1,86,,,"page_number_string: 
notes: 
source_full_citation: Swissvotes. (2025). Swissvotes – die Datenbank der eidgenössischen Volksabstimmungen. Abgerufen am 8.9.2025 von www.swissvotes.ch
source_comment: "
2234,9,2,87,,,"page_number_string: 
notes: 
source_full_citation: Swissvotes. (2025). Swissvotes – die Datenbank der eidgenössischen Volksabstimmungen. Abgerufen am 8.9.2025 von www.swissvotes.ch
source_comment: "
2235,9,1,88,,,"page_number_string: 
notes: 
source_full_citation: Swissvotes. (2025). Swissvotes – die Datenbank der eidgenössischen Volksabstimmungen. Abgerufen am 8.9.2025 von www.swissvotes.ch
source_comment: "
2236,9,1,89,,,"page_number_string: 
notes: 
source_full_citation: Swissvotes. (2025). Swissvotes – die Datenbank der eidgenössischen Volksabstimmungen. Abgerufen am 8.9.2025 von www.swissvotes.ch
source_comment: "
2237,9,1,90,,,"page_number_string: 
notes: 
source_full_citation: Swissvotes. (2025). Swissvotes – die Datenbank der eidgenössischen Volksabstimmungen. Abgerufen am 8.9.2025 von www.swissvotes.ch
source_comment: "
2238,9,1,91,,,"page_number_string: 
notes: 
source_full_citation: Swissvotes. (2025). Swissvotes – die Datenbank der eidgenössischen Volksabstimmungen. Abgerufen am 8.9.2025 von www.swissvotes.ch
source_comment: "
2239,9,1,92,,,"page_number_string: 
notes: 
source_full_citation: Swissvotes. (2025). Swissvotes – die Datenbank der eidgenössischen Volksabstimmungen. Abgerufen am 8.9.2025 von www.swissvotes.ch
source_comment: "
2240,9,2,93,,,"page_number_string: 
notes: 
source_full_citation: Swissvotes. (2025). Swissvotes – die Datenbank der eidgenössischen Volksabstimmungen. Abgerufen am 8.9.2025 von www.swissvotes.ch
source_comment: "
2241,9,2,94,,,"page_number_string: 
notes: 
source_full_citation: Swissvotes. (2025). Swissvotes – die Datenbank der eidgenössischen Volksabstimmungen. Abgerufen am 8.9.2025 von www.swissvotes.ch
source_comment: "
2242,9,1,95,,,"page_number_string: 
notes: 
source_full_citation: Swissvotes. (2025). Swissvotes – die Datenbank der eidgenössischen Volksabstimmungen. Abgerufen am 8.9.2025 von www.swissvotes.ch
source_comment: "
2243,9,1,96,,,"page_number_string: 
notes: 
source_full_citation: Swissvotes. (2025). Swissvotes – die Datenbank der eidgenössischen Volksabstimmungen. Abgerufen am 8.9.2025 von www.swissvotes.ch
source_comment: "
2244,9,1,97,,,"page_number_string: 
notes: 
source_full_citation: Swissvotes. (2025). Swissvotes – die Datenbank der eidgenössischen Volksabstimmungen. Abgerufen am 8.9.2025 von www.swissvotes.ch
source_comment: "
2245,9,1,98,,,"page_number_string: 
notes: 
source_full_citation: Swissvotes. (2025). Swissvotes – die Datenbank der eidgenössischen Volksabstimmungen. Abgerufen am 8.9.2025 von www.swissvotes.ch
source_comment: "
2246,9,5,99,,,"page_number_string: 
notes: 
source_full_citation: Swissvotes. (2025). Swissvotes – die Datenbank der eidgenössischen Volksabstimmungen. Abgerufen am 8.9.2025 von www.swissvotes.ch
source_comment: "
2247,9,3,100,,,"page_number_string: 
notes: 
source_full_citation: Swissvotes. (2025). Swissvotes – die Datenbank der eidgenössischen Volksabstimmungen. Abgerufen am 8.9.2025 von www.swissvotes.ch
source_comment: "
2248,9,1,101,,,"page_number_string: 
notes: 
source_full_citation: Swissvotes. (2025). Swissvotes – die Datenbank der eidgenössischen Volksabstimmungen. Abgerufen am 8.9.2025 von www.swissvotes.ch
source_comment: "
2249,9,1,102,,,"page_number_string: 
notes: 
source_full_citation: Swissvotes. (2025). Swissvotes – die Datenbank der eidgenössischen Volksabstimmungen. Abgerufen am 8.9.2025 von www.swissvotes.ch
source_comment: "
2250,9,5,103,,,"page_number_string: 
notes: 
source_full_citation: Swissvotes. (2025). Swissvotes – die Datenbank der eidgenössischen Volksabstimmungen. Abgerufen am 8.9.2025 von www.swissvotes.ch
source_comment: "
2251,9,2,104,,,"page_number_string: 
notes: 
source_full_citation: Swissvotes. (2025). Swissvotes – die Datenbank der eidgenössischen Volksabstimmungen. Abgerufen am 8.9.2025 von www.swissvotes.ch
source_comment: "
2252,9,1,105,,,"page_number_string: 
notes: 
source_full_citation: Swissvotes. (2025). Swissvotes – die Datenbank der eidgenössischen Volksabstimmungen. Abgerufen am 8.9.2025 von www.swissvotes.ch
source_comment: "
2253,9,1,106,,,"page_number_string: 
notes: 
source_full_citation: Swissvotes. (2025). Swissvotes – die Datenbank der eidgenössischen Volksabstimmungen. Abgerufen am 8.9.2025 von www.swissvotes.ch
source_comment: "
2254,9,3,107,,,"page_number_string: 
notes: 
source_full_citation: Swissvotes. (2025). Swissvotes – die Datenbank der eidgenössischen Volksabstimmungen. Abgerufen am 8.9.2025 von www.swissvotes.ch
source_comment: "
2255,9,3,108,,,"page_number_string: 
notes: 
source_full_citation: Swissvotes. (2025). Swissvotes – die Datenbank der eidgenössischen Volksabstimmungen. Abgerufen am 8.9.2025 von www.swissvotes.ch
source_comment: "
2256,9,3,109,,,"page_number_string: 
notes: 
source_full_citation: Swissvotes. (2025). Swissvotes – die Datenbank der eidgenössischen Volksabstimmungen. Abgerufen am 8.9.2025 von www.swissvotes.ch
source_comment: "
2257,9,1,110,,,"page_number_string: 
notes: 
source_full_citation: Swissvotes. (2025). Swissvotes – die Datenbank der eidgenössischen Volksabstimmungen. Abgerufen am 8.9.2025 von www.swissvotes.ch
source_comment: "
2258,9,2,111,,,"page_number_string: 
notes: 
source_full_citation: Swissvotes. (2025). Swissvotes – die Datenbank der eidgenössischen Volksabstimmungen. Abgerufen am 8.9.2025 von www.swissvotes.ch
source_comment: "
2259,9,2,112,,,"page_number_string: 
notes: 
source_full_citation: Swissvotes. (2025). Swissvotes – die Datenbank der eidgenössischen Volksabstimmungen. Abgerufen am 8.9.2025 von www.swissvotes.ch
source_comment: "
2260,9,3,113,,,"page_number_string: 
notes: 
source_full_citation: Swissvotes. (2025). Swissvotes – die Datenbank der eidgenössischen Volksabstimmungen. Abgerufen am 8.9.2025 von www.swissvotes.ch
source_comment: "
2261,9,2,114,,,"page_number_string: 
notes: 
source_full_citation: Swissvotes. (2025). Swissvotes – die Datenbank der eidgenössischen Volksabstimmungen. Abgerufen am 8.9.2025 von www.swissvotes.ch
source_comment: "
2262,9,1,115,,,"page_number_string: 
notes: 
source_full_citation: Swissvotes. (2025). Swissvotes – die Datenbank der eidgenössischen Volksabstimmungen. Abgerufen am 8.9.2025 von www.swissvotes.ch
source_comment: "
2263,9,1,116,,,"page_number_string: 
notes: 
source_full_citation: Swissvotes. (2025). Swissvotes – die Datenbank der eidgenössischen Volksabstimmungen. Abgerufen am 8.9.2025 von www.swissvotes.ch
source_comment: "
2264,9,2,117,,,"page_number_string: 
notes: 
source_full_citation: Swissvotes. (2025). Swissvotes – die Datenbank der eidgenössischen Volksabstimmungen. Abgerufen am 8.9.2025 von www.swissvotes.ch
source_comment: "
2265,9,1,118,,,"page_number_string: 
notes: 
source_full_citation: Swissvotes. (2025). Swissvotes – die Datenbank der eidgenössischen Volksabstimmungen. Abgerufen am 8.9.2025 von www.swissvotes.ch
source_comment: "
2266,9,1,119,,,"page_number_string: 
notes: 
source_full_citation: Swissvotes. (2025). Swissvotes – die Datenbank der eidgenössischen Volksabstimmungen. Abgerufen am 8.9.2025 von www.swissvotes.ch
source_comment: "
2267,9,1,120,,,"page_number_string: 
notes: 
source_full_citation: Swissvotes. (2025). Swissvotes – die Datenbank der eidgenössischen Volksabstimmungen. Abgerufen am 8.9.2025 von www.swissvotes.ch
source_comment: "
2268,9,8,121,,,"page_number_string: 
notes: 
source_full_citation: Swissvotes. (2025). Swissvotes – die Datenbank der eidgenössischen Volksabstimmungen. Abgerufen am 8.9.2025 von www.swissvotes.ch
source_comment: "
2269,9,1,122,,,"page_number_string: 
notes: 
source_full_citation: Swissvotes. (2025). Swissvotes – die Datenbank der eidgenössischen Volksabstimmungen. Abgerufen am 8.9.2025 von www.swissvotes.ch
source_comment: "
2270,9,1,123,,,"page_number_string: 
notes: 
source_full_citation: Swissvotes. (2025). Swissvotes – die Datenbank der eidgenössischen Volksabstimmungen. Abgerufen am 8.9.2025 von www.swissvotes.ch
source_comment: "
2271,9,8,124,,,"page_number_string: 
notes: 
source_full_citation: Swissvotes. (2025). Swissvotes – die Datenbank der eidgenössischen Volksabstimmungen. Abgerufen am 8.9.2025 von www.swissvotes.ch
source_comment: "
2272,9,2,125,,,"page_number_string: 
notes: 
source_full_citation: Swissvotes. (2025). Swissvotes – die Datenbank der eidgenössischen Volksabstimmungen. Abgerufen am 8.9.2025 von www.swissvotes.ch
source_comment: "
2273,9,1,126,,,"page_number_string: 
notes: 
source_full_citation: Swissvotes. (2025). Swissvotes – die Datenbank der eidgenössischen Volksabstimmungen. Abgerufen am 8.9.2025 von www.swissvotes.ch
source_comment: "
2274,9,1,127,,,"page_number_string: 
notes: 
source_full_citation: Swissvotes. (2025). Swissvotes – die Datenbank der eidgenössischen Volksabstimmungen. Abgerufen am 8.9.2025 von www.swissvotes.ch
source_comment: "
2275,9,2,128,,,"page_number_string: 
notes: 
source_full_citation: Swissvotes. (2025). Swissvotes – die Datenbank der eidgenössischen Volksabstimmungen. Abgerufen am 8.9.2025 von www.swissvotes.ch
source_comment: "
2276,9,2,129,,,"page_number_string: 
notes: 
source_full_citation: Swissvotes. (2025). Swissvotes – die Datenbank der eidgenössischen Volksabstimmungen. Abgerufen am 8.9.2025 von www.swissvotes.ch
source_comment: "
2277,9,1,130,,,"page_number_string: 
notes: 
source_full_citation: Swissvotes. (2025). Swissvotes – die Datenbank der eidgenössischen Volksabstimmungen. Abgerufen am 8.9.2025 von www.swissvotes.ch
source_comment: "
2278,9,1,131,,,"page_number_string: 
notes: 
source_full_citation: Swissvotes. (2025). Swissvotes – die Datenbank der eidgenössischen Volksabstimmungen. Abgerufen am 8.9.2025 von www.swissvotes.ch
source_comment: "
2279,9,3,132,,,"page_number_string: 
notes: 
source_full_citation: Swissvotes. (2025). Swissvotes – die Datenbank der eidgenössischen Volksabstimmungen. Abgerufen am 8.9.2025 von www.swissvotes.ch
source_comment: "
2280,9,3,133,,,"page_number_string: 
notes: 
source_full_citation: Swissvotes. (2025). Swissvotes – die Datenbank der eidgenössischen Volksabstimmungen. Abgerufen am 8.9.2025 von www.swissvotes.ch
source_comment: "
2281,9,1,134,,,"page_number_string: 
notes: 
source_full_citation: Swissvotes. (2025). Swissvotes – die Datenbank der eidgenössischen Volksabstimmungen. Abgerufen am 8.9.2025 von www.swissvotes.ch
source_comment: "
2282,9,1,135,,,"page_number_string: 
notes: 
source_full_citation: Swissvotes. (2025). Swissvotes – die Datenbank der eidgenössischen Volksabstimmungen. Abgerufen am 8.9.2025 von www.swissvotes.ch
source_comment: "
2283,9,1,136,,,"page_number_string: 
notes: 
source_full_citation: Swissvotes. (2025). Swissvotes – die Datenbank der eidgenössischen Volksabstimmungen. Abgerufen am 8.9.2025 von www.swissvotes.ch
source_comment: "
2284,9,1,137,,,"page_number_string: 
notes: 
source_full_citation: Swissvotes. (2025). Swissvotes – die Datenbank der eidgenössischen Volksabstimmungen. Abgerufen am 8.9.2025 von www.swissvotes.ch
source_comment: "
2285,9,1,138,,,"page_number_string: 
notes: 
source_full_citation: Swissvotes. (2025). Swissvotes – die Datenbank der eidgenössischen Volksabstimmungen. Abgerufen am 8.9.2025 von www.swissvotes.ch
source_comment: "
2286,9,1,139,,,"page_number_string: 
notes: 
source_full_citation: Swissvotes. (2025). Swissvotes – die Datenbank der eidgenössischen Volksabstimmungen. Abgerufen am 8.9.2025 von www.swissvotes.ch
source_comment: "
2287,9,2,140,,,"page_number_string: 
notes: 
source_full_citation: Swissvotes. (2025). Swissvotes – die Datenbank der eidgenössischen Volksabstimmungen. Abgerufen am 8.9.2025 von www.swissvotes.ch
source_comment: "
2288,9,2,141,,,"page_number_string: 
notes: 
source_full_citation: Swissvotes. (2025). Swissvotes – die Datenbank der eidgenössischen Volksabstimmungen. Abgerufen am 8.9.2025 von www.swissvotes.ch
source_comment: "
2289,9,2,142,,,"page_number_string: 
notes: 
source_full_citation: Swissvotes. (2025). Swissvotes – die Datenbank der eidgenössischen Volksabstimmungen. Abgerufen am 8.9.2025 von www.swissvotes.ch
source_comment: "
2290,9,1,143,,,"page_number_string: 
notes: 
source_full_citation: Swissvotes. (2025). Swissvotes – die Datenbank der eidgenössischen Volksabstimmungen. Abgerufen am 8.9.2025 von www.swissvotes.ch
source_comment: "
2291,9,2,144,,,"page_number_string: 
notes: 
source_full_citation: Swissvotes. (2025). Swissvotes – die Datenbank der eidgenössischen Volksabstimmungen. Abgerufen am 8.9.2025 von www.swissvotes.ch
source_comment: "
2292,9,2,145,,,"page_number_string: 
notes: 
source_full_citation: Swissvotes. (2025). Swissvotes – die Datenbank der eidgenössischen Volksabstimmungen. Abgerufen am 8.9.2025 von www.swissvotes.ch
source_comment: "
2293,9,1,146,,,"page_number_string: 
notes: 
source_full_citation: Swissvotes. (2025). Swissvotes – die Datenbank der eidgenössischen Volksabstimmungen. Abgerufen am 8.9.2025 von www.swissvotes.ch
source_comment: "
2294,9,1,147,,,"page_number_string: 
notes: 
source_full_citation: Swissvotes. (2025). Swissvotes – die Datenbank der eidgenössischen Volksabstimmungen. Abgerufen am 8.9.2025 von www.swissvotes.ch
source_comment: "
2295,9,1,148,,,"page_number_string: 
notes: 
source_full_citation: Swissvotes. (2025). Swissvotes – die Datenbank der eidgenössischen Volksabstimmungen. Abgerufen am 8.9.2025 von www.swissvotes.ch
source_comment: "
2296,9,2,149,,,"page_number_string: 
notes: 
source_full_citation: Swissvotes. (2025). Swissvotes – die Datenbank der eidgenössischen Volksabstimmungen. Abgerufen am 8.9.2025 von www.swissvotes.ch
source_comment: "
2297,9,1,150,,,"page_number_string: 
notes: 
source_full_citation: Swissvotes. (2025). Swissvotes – die Datenbank der eidgenössischen Volksabstimmungen. Abgerufen am 8.9.2025 von www.swissvotes.ch
source_comment: "
2298,9,1,151,,,"page_number_string: 
notes: 
source_full_citation: Swissvotes. (2025). Swissvotes – die Datenbank der eidgenössischen Volksabstimmungen. Abgerufen am 8.9.2025 von www.swissvotes.ch
source_comment: "
2299,9,1,152,,,"page_number_string: 
notes: 
source_full_citation: Swissvotes. (2025). Swissvotes – die Datenbank der eidgenössischen Volksabstimmungen. Abgerufen am 8.9.2025 von www.swissvotes.ch
source_comment: "
2300,9,1,153,,,"page_number_string: 
notes: 
source_full_citation: Swissvotes. (2025). Swissvotes – die Datenbank der eidgenössischen Volksabstimmungen. Abgerufen am 8.9.2025 von www.swissvotes.ch
source_comment: "
2301,9,2,154,,,"page_number_string: 
notes: 
source_full_citation: Swissvotes. (2025). Swissvotes – die Datenbank der eidgenössischen Volksabstimmungen. Abgerufen am 8.9.2025 von www.swissvotes.ch
source_comment: "
2302,9,2,155,,,"page_number_string: 
notes: 
source_full_citation: Swissvotes. (2025). Swissvotes – die Datenbank der eidgenössischen Volksabstimmungen. Abgerufen am 8.9.2025 von www.swissvotes.ch
source_comment: "
2303,9,2,156,,,"page_number_string: 
notes: 
source_full_citation: Swissvotes. (2025). Swissvotes – die Datenbank der eidgenössischen Volksabstimmungen. Abgerufen am 8.9.2025 von www.swissvotes.ch
source_comment: "
2304,9,1,157,,,"page_number_string: 
notes: 
source_full_citation: Swissvotes. (2025). Swissvotes – die Datenbank der eidgenössischen Volksabstimmungen. Abgerufen am 8.9.2025 von www.swissvotes.ch
source_comment: "
2305,9,1,158,,,"page_number_string: 
notes: 
source_full_citation: Swissvotes. (2025). Swissvotes – die Datenbank der eidgenössischen Volksabstimmungen. Abgerufen am 8.9.2025 von www.swissvotes.ch
source_comment: "
2306,9,1,159,,,"page_number_string: 
notes: 
source_full_citation: Swissvotes. (2025). Swissvotes – die Datenbank der eidgenössischen Volksabstimmungen. Abgerufen am 8.9.2025 von www.swissvotes.ch
source_comment: "
2307,9,1,160,,,"page_number_string: 
notes: 
source_full_citation: Swissvotes. (2025). Swissvotes – die Datenbank der eidgenössischen Volksabstimmungen. Abgerufen am 8.9.2025 von www.swissvotes.ch
source_comment: "
2308,9,2,161,,,"page_number_string: 
notes: 
source_full_citation: Swissvotes. (2025). Swissvotes – die Datenbank der eidgenössischen Volksabstimmungen. Abgerufen am 8.9.2025 von www.swissvotes.ch
source_comment: "
2309,9,2,162,,,"page_number_string: 
notes: 
source_full_citation: Swissvotes. (2025). Swissvotes – die Datenbank der eidgenössischen Volksabstimmungen. Abgerufen am 8.9.2025 von www.swissvotes.ch
source_comment: "
2310,9,1,163,,,"page_number_string: 
notes: 
source_full_citation: Swissvotes. (2025). Swissvotes – die Datenbank der eidgenössischen Volksabstimmungen. Abgerufen am 8.9.2025 von www.swissvotes.ch
source_comment: "
2311,9,1,164,,,"page_number_string: 
notes: 
source_full_citation: Swissvotes. (2025). Swissvotes – die Datenbank der eidgenössischen Volksabstimmungen. Abgerufen am 8.9.2025 von www.swissvotes.ch
source_comment: "
2312,9,5,165,,,"page_number_string: 
notes: 
source_full_citation: Swissvotes. (2025). Swissvotes – die Datenbank der eidgenössischen Volksabstimmungen. Abgerufen am 8.9.2025 von www.swissvotes.ch
source_comment: "
2313,9,1,166,,,"page_number_string: 
notes: 
source_full_citation: Swissvotes. (2025). Swissvotes – die Datenbank der eidgenössischen Volksabstimmungen. Abgerufen am 8.9.2025 von www.swissvotes.ch
source_comment: "
2314,9,5,167,,,"page_number_string: 
notes: 
source_full_citation: Swissvotes. (2025). Swissvotes – die Datenbank der eidgenössischen Volksabstimmungen. Abgerufen am 8.9.2025 von www.swissvotes.ch
source_comment: "
2315,9,2,168,,,"page_number_string: 
notes: 
source_full_citation: Swissvotes. (2025). Swissvotes – die Datenbank der eidgenössischen Volksabstimmungen. Abgerufen am 8.9.2025 von www.swissvotes.ch
source_comment: "
2316,9,1,169,,,"page_number_string: 
notes: 
source_full_citation: Swissvotes. (2025). Swissvotes – die Datenbank der eidgenössischen Volksabstimmungen. Abgerufen am 8.9.2025 von www.swissvotes.ch
source_comment: "
2317,9,2,170,,,"page_number_string: 
notes: 
source_full_citation: Swissvotes. (2025). Swissvotes – die Datenbank der eidgenössischen Volksabstimmungen. Abgerufen am 8.9.2025 von www.swissvotes.ch
source_comment: "
2318,9,1,171,,,"page_number_string: 
notes: 
source_full_citation: Swissvotes. (2025). Swissvotes – die Datenbank der eidgenössischen Volksabstimmungen. Abgerufen am 8.9.2025 von www.swissvotes.ch
source_comment: "
2319,9,2,172,,,"page_number_string: 
notes: 
source_full_citation: Swissvotes. (2025). Swissvotes – die Datenbank der eidgenössischen Volksabstimmungen. Abgerufen am 8.9.2025 von www.swissvotes.ch
source_comment: "
2320,9,1,173,,,"page_number_string: 
notes: 
source_full_citation: Swissvotes. (2025). Swissvotes – die Datenbank der eidgenössischen Volksabstimmungen. Abgerufen am 8.9.2025 von www.swissvotes.ch
source_comment: "
2321,9,1,174,,,"page_number_string: 
notes: 
source_full_citation: Swissvotes. (2025). Swissvotes – die Datenbank der eidgenössischen Volksabstimmungen. Abgerufen am 8.9.2025 von www.swissvotes.ch
source_comment: "
2322,9,1,175,,,"page_number_string: 
notes: 
source_full_citation: Swissvotes. (2025). Swissvotes – die Datenbank der eidgenössischen Volksabstimmungen. Abgerufen am 8.9.2025 von www.swissvotes.ch
source_comment: "
2323,9,2,176,,,"page_number_string: 
notes: 
source_full_citation: Swissvotes. (2025). Swissvotes – die Datenbank der eidgenössischen Volksabstimmungen. Abgerufen am 8.9.2025 von www.swissvotes.ch
source_comment: "
2324,9,1,177,,,"page_number_string: 
notes: 
source_full_citation: Swissvotes. (2025). Swissvotes – die Datenbank der eidgenössischen Volksabstimmungen. Abgerufen am 8.9.2025 von www.swissvotes.ch
source_comment: "
2325,9,2,178,,,"page_number_string: 
notes: 
source_full_citation: Swissvotes. (2025). Swissvotes – die Datenbank der eidgenössischen Volksabstimmungen. Abgerufen am 8.9.2025 von www.swissvotes.ch
source_comment: "
2326,9,1,179,,,"page_number_string: 
notes: 
source_full_citation: Swissvotes. (2025). Swissvotes – die Datenbank der eidgenössischen Volksabstimmungen. Abgerufen am 8.9.2025 von www.swissvotes.ch
source_comment: "
2327,9,1,180,,,"page_number_string: 
notes: 
source_full_citation: Swissvotes. (2025). Swissvotes – die Datenbank der eidgenössischen Volksabstimmungen. Abgerufen am 8.9.2025 von www.swissvotes.ch
source_comment: "
2328,9,2,181,,,"page_number_string: 
notes: 
source_full_citation: Swissvotes. (2025). Swissvotes – die Datenbank der eidgenössischen Volksabstimmungen. Abgerufen am 8.9.2025 von www.swissvotes.ch
source_comment: "
2329,9,2,182,,,"page_number_string: 
notes: 
source_full_citation: Swissvotes. (2025). Swissvotes – die Datenbank der eidgenössischen Volksabstimmungen. Abgerufen am 8.9.2025 von www.swissvotes.ch
source_comment: "
2330,9,1,183,,,"page_number_string: 
notes: 
source_full_citation: Swissvotes. (2025). Swissvotes – die Datenbank der eidgenössischen Volksabstimmungen. Abgerufen am 8.9.2025 von www.swissvotes.ch
source_comment: "
2331,9,5,184,,,"page_number_string: 
notes: 
source_full_citation: Swissvotes. (2025). Swissvotes – die Datenbank der eidgenössischen Volksabstimmungen. Abgerufen am 8.9.2025 von www.swissvotes.ch
source_comment: "
2332,9,1,185,,,"page_number_string: 
notes: 
source_full_citation: Swissvotes. (2025). Swissvotes – die Datenbank der eidgenössischen Volksabstimmungen. Abgerufen am 8.9.2025 von www.swissvotes.ch
source_comment: "
2333,9,1,186,,,"page_number_string: 
notes: 
source_full_citation: Swissvotes. (2025). Swissvotes – die Datenbank der eidgenössischen Volksabstimmungen. Abgerufen am 8.9.2025 von www.swissvotes.ch
source_comment: "
2334,9,1,187,,,"page_number_string: 
notes: 
source_full_citation: Swissvotes. (2025). Swissvotes – die Datenbank der eidgenössischen Volksabstimmungen. Abgerufen am 8.9.2025 von www.swissvotes.ch
source_comment: "
2335,9,1,188,,,"page_number_string: 
notes: 
source_full_citation: Swissvotes. (2025). Swissvotes – die Datenbank der eidgenössischen Volksabstimmungen. Abgerufen am 8.9.2025 von www.swissvotes.ch
source_comment: "
2336,9,1,189,,,"page_number_string: 
notes: 
source_full_citation: Swissvotes. (2025). Swissvotes – die Datenbank der eidgenössischen Volksabstimmungen. Abgerufen am 8.9.2025 von www.swissvotes.ch
source_comment: "
2337,9,1,190,,,"page_number_string: 
notes: 
source_full_citation: Swissvotes. (2025). Swissvotes – die Datenbank der eidgenössischen Volksabstimmungen. Abgerufen am 8.9.2025 von www.swissvotes.ch
source_comment: "
2338,9,1,191,,,"page_number_string: 
notes: 
source_full_citation: Swissvotes. (2025). Swissvotes – die Datenbank der eidgenössischen Volksabstimmungen. Abgerufen am 8.9.2025 von www.swissvotes.ch
source_comment: "
2339,9,1,192,,,"page_number_string: 
notes: 
source_full_citation: Swissvotes. (2025). Swissvotes – die Datenbank der eidgenössischen Volksabstimmungen. Abgerufen am 8.9.2025 von www.swissvotes.ch
source_comment: "
2340,9,1,193,,,"page_number_string: 
notes: 
source_full_citation: Swissvotes. (2025). Swissvotes – die Datenbank der eidgenössischen Volksabstimmungen. Abgerufen am 8.9.2025 von www.swissvotes.ch
source_comment: "
2341,9,2,194,,,"page_number_string: 
notes: 
source_full_citation: Swissvotes. (2025). Swissvotes – die Datenbank der eidgenössischen Volksabstimmungen. Abgerufen am 8.9.2025 von www.swissvotes.ch
source_comment: "
2342,9,2,195,,,"page_number_string: 
notes: 
source_full_citation: Swissvotes. (2025). Swissvotes – die Datenbank der eidgenössischen Volksabstimmungen. Abgerufen am 8.9.2025 von www.swissvotes.ch
source_comment: "
2343,9,1,196,,,"page_number_string: 
notes: 
source_full_citation: Swissvotes. (2025). Swissvotes – die Datenbank der eidgenössischen Volksabstimmungen. Abgerufen am 8.9.2025 von www.swissvotes.ch
source_comment: "
2344,9,1,197,,,"page_number_string: 
notes: 
source_full_citation: Swissvotes. (2025). Swissvotes – die Datenbank der eidgenössischen Volksabstimmungen. Abgerufen am 8.9.2025 von www.swissvotes.ch
source_comment: "
2345,9,2,198,,,"page_number_string: 
notes: 
source_full_citation: Swissvotes. (2025). Swissvotes – die Datenbank der eidgenössischen Volksabstimmungen. Abgerufen am 8.9.2025 von www.swissvotes.ch
source_comment: "
2346,9,5,199,,,"page_number_string: 
notes: 
source_full_citation: Swissvotes. (2025). Swissvotes – die Datenbank der eidgenössischen Volksabstimmungen. Abgerufen am 8.9.2025 von www.swissvotes.ch
source_comment: "
2347,9,1,200,,,"page_number_string: 
notes: 
source_full_citation: Swissvotes. (2025). Swissvotes – die Datenbank der eidgenössischen Volksabstimmungen. Abgerufen am 8.9.2025 von www.swissvotes.ch
source_comment: "
2348,9,1,201,,,"page_number_string: 
notes: 
source_full_citation: Swissvotes. (2025). Swissvotes – die Datenbank der eidgenössischen Volksabstimmungen. Abgerufen am 8.9.2025 von www.swissvotes.ch
source_comment: "
2349,9,1,202,,,"page_number_string: 
notes: 
source_full_citation: Swissvotes. (2025). Swissvotes – die Datenbank der eidgenössischen Volksabstimmungen. Abgerufen am 8.9.2025 von www.swissvotes.ch
source_comment: "
2350,9,2,203,,,"page_number_string: 
notes: 
source_full_citation: Swissvotes. (2025). Swissvotes – die Datenbank der eidgenössischen Volksabstimmungen. Abgerufen am 8.9.2025 von www.swissvotes.ch
source_comment: "
2351,9,1,204,,,"page_number_string: 
notes: 
source_full_citation: Swissvotes. (2025). Swissvotes – die Datenbank der eidgenössischen Volksabstimmungen. Abgerufen am 8.9.2025 von www.swissvotes.ch
source_comment: "
2352,9,1,205,,,"page_number_string: 
notes: 
source_full_citation: Swissvotes. (2025). Swissvotes – die Datenbank der eidgenössischen Volksabstimmungen. Abgerufen am 8.9.2025 von www.swissvotes.ch
source_comment: "
2353,9,2,206,,,"page_number_string: 
notes: 
source_full_citation: Swissvotes. (2025). Swissvotes – die Datenbank der eidgenössischen Volksabstimmungen. Abgerufen am 8.9.2025 von www.swissvotes.ch
source_comment: "
2354,9,1,207,,,"page_number_string: 
notes: 
source_full_citation: Swissvotes. (2025). Swissvotes – die Datenbank der eidgenössischen Volksabstimmungen. Abgerufen am 8.9.2025 von www.swissvotes.ch
source_comment: "
2355,9,1,208,,,"page_number_string: 
notes: 
source_full_citation: Swissvotes. (2025). Swissvotes – die Datenbank der eidgenössischen Volksabstimmungen. Abgerufen am 8.9.2025 von www.swissvotes.ch
source_comment: "
2356,9,1,209,,,"page_number_string: 
notes: 
source_full_citation: Swissvotes. (2025). Swissvotes – die Datenbank der eidgenössischen Volksabstimmungen. Abgerufen am 8.9.2025 von www.swissvotes.ch
source_comment: "
2357,9,2,210,,,"page_number_string: 
notes: 
source_full_citation: Swissvotes. (2025). Swissvotes – die Datenbank der eidgenössischen Volksabstimmungen. Abgerufen am 8.9.2025 von www.swissvotes.ch
source_comment: "
2358,9,1,211,,,"page_number_string: 
notes: 
source_full_citation: Swissvotes. (2025). Swissvotes – die Datenbank der eidgenössischen Volksabstimmungen. Abgerufen am 8.9.2025 von www.swissvotes.ch
source_comment: "
2359,9,1,212,,,"page_number_string: 
notes: 
source_full_citation: Swissvotes. (2025). Swissvotes – die Datenbank der eidgenössischen Volksabstimmungen. Abgerufen am 8.9.2025 von www.swissvotes.ch
source_comment: "
2360,9,5,213,,,"page_number_string: 
notes: 
source_full_citation: Swissvotes. (2025). Swissvotes – die Datenbank der eidgenössischen Volksabstimmungen. Abgerufen am 8.9.2025 von www.swissvotes.ch
source_comment: "
2361,9,1,214,,,"page_number_string: 
notes: 
source_full_citation: Swissvotes. (2025). Swissvotes – die Datenbank der eidgenössischen Volksabstimmungen. Abgerufen am 8.9.2025 von www.swissvotes.ch
source_comment: "
2362,9,1,215,,,"page_number_string: 
notes: 
source_full_citation: Swissvotes. (2025). Swissvotes – die Datenbank der eidgenössischen Volksabstimmungen. Abgerufen am 8.9.2025 von www.swissvotes.ch
source_comment: "
2363,9,1,216,,,"page_number_string: 
notes: 
source_full_citation: Swissvotes. (2025). Swissvotes – die Datenbank der eidgenössischen Volksabstimmungen. Abgerufen am 8.9.2025 von www.swissvotes.ch
source_comment: "
2364,9,1,217,,,"page_number_string: 
notes: 
source_full_citation: Swissvotes. (2025). Swissvotes – die Datenbank der eidgenössischen Volksabstimmungen. Abgerufen am 8.9.2025 von www.swissvotes.ch
source_comment: "
2365,9,1,218,,,"page_number_string: 
notes: 
source_full_citation: Swissvotes. (2025). Swissvotes – die Datenbank der eidgenössischen Volksabstimmungen. Abgerufen am 8.9.2025 von www.swissvotes.ch
source_comment: "
2366,9,2,219,,,"page_number_string: 
notes: 
source_full_citation: Swissvotes. (2025). Swissvotes – die Datenbank der eidgenössischen Volksabstimmungen. Abgerufen am 8.9.2025 von www.swissvotes.ch
source_comment: "
2367,9,1,220,,,"page_number_string: 
notes: 
source_full_citation: Swissvotes. (2025). Swissvotes – die Datenbank der eidgenössischen Volksabstimmungen. Abgerufen am 8.9.2025 von www.swissvotes.ch
source_comment: "
2368,9,2,221,,,"page_number_string: 
notes: 
source_full_citation: Swissvotes. (2025). Swissvotes – die Datenbank der eidgenössischen Volksabstimmungen. Abgerufen am 8.9.2025 von www.swissvotes.ch
source_comment: "
2369,9,1,222,,,"page_number_string: 
notes: 
source_full_citation: Swissvotes. (2025). Swissvotes – die Datenbank der eidgenössischen Volksabstimmungen. Abgerufen am 8.9.2025 von www.swissvotes.ch
source_comment: "
2370,9,1,223,,,"page_number_string: 
notes: 
source_full_citation: Swissvotes. (2025). Swissvotes – die Datenbank der eidgenössischen Volksabstimmungen. Abgerufen am 8.9.2025 von www.swissvotes.ch
source_comment: "
2371,9,1,224,,,"page_number_string: 
notes: 
source_full_citation: Swissvotes. (2025). Swissvotes – die Datenbank der eidgenössischen Volksabstimmungen. Abgerufen am 8.9.2025 von www.swissvotes.ch
source_comment: "
2372,9,2,225,,,"page_number_string: 
notes: 
source_full_citation: Swissvotes. (2025). Swissvotes – die Datenbank der eidgenössischen Volksabstimmungen. Abgerufen am 8.9.2025 von www.swissvotes.ch
source_comment: "
2373,9,1,226,,,"page_number_string: 
notes: 
source_full_citation: Swissvotes. (2025). Swissvotes – die Datenbank der eidgenössischen Volksabstimmungen. Abgerufen am 8.9.2025 von www.swissvotes.ch
source_comment: "
2374,9,1,227,,,"page_number_string: 
notes: 
source_full_citation: Swissvotes. (2025). Swissvotes – die Datenbank der eidgenössischen Volksabstimmungen. Abgerufen am 8.9.2025 von www.swissvotes.ch
source_comment: "
2375,9,2,228,,,"page_number_string: 
notes: 
source_full_citation: Swissvotes. (2025). Swissvotes – die Datenbank der eidgenössischen Volksabstimmungen. Abgerufen am 8.9.2025 von www.swissvotes.ch
source_comment: "
2376,9,1,229,,,"page_number_string: 
notes: 
source_full_citation: Swissvotes. (2025). Swissvotes – die Datenbank der eidgenössischen Volksabstimmungen. Abgerufen am 8.9.2025 von www.swissvotes.ch
source_comment: "
2377,9,1,230,,,"page_number_string: 
notes: 
source_full_citation: Swissvotes. (2025). Swissvotes – die Datenbank der eidgenössischen Volksabstimmungen. Abgerufen am 8.9.2025 von www.swissvotes.ch
source_comment: "
2378,9,1,231,,,"page_number_string: 
notes: 
source_full_citation: Swissvotes. (2025). Swissvotes – die Datenbank der eidgenössischen Volksabstimmungen. Abgerufen am 8.9.2025 von www.swissvotes.ch
source_comment: "
2379,9,1,232,,,"page_number_string: 
notes: 
source_full_citation: Swissvotes. (2025). Swissvotes – die Datenbank der eidgenössischen Volksabstimmungen. Abgerufen am 8.9.2025 von www.swissvotes.ch
source_comment: "
2380,9,1,233,,,"page_number_string: 
notes: 
source_full_citation: Swissvotes. (2025). Swissvotes – die Datenbank der eidgenössischen Volksabstimmungen. Abgerufen am 8.9.2025 von www.swissvotes.ch
source_comment: "
2381,9,1,234,,,"page_number_string: 
notes: 
source_full_citation: Swissvotes. (2025). Swissvotes – die Datenbank der eidgenössischen Volksabstimmungen. Abgerufen am 8.9.2025 von www.swissvotes.ch
source_comment: "
2382,9,2,235,,,"page_number_string: 
notes: 
source_full_citation: Swissvotes. (2025). Swissvotes – die Datenbank der eidgenössischen Volksabstimmungen. Abgerufen am 8.9.2025 von www.swissvotes.ch
source_comment: "
2383,9,2,236,,,"page_number_string: 
notes: 
source_full_citation: Swissvotes. (2025). Swissvotes – die Datenbank der eidgenössischen Volksabstimmungen. Abgerufen am 8.9.2025 von www.swissvotes.ch
source_comment: "
2384,9,1,237,,,"page_number_string: 
notes: 
source_full_citation: Swissvotes. (2025). Swissvotes – die Datenbank der eidgenössischen Volksabstimmungen. Abgerufen am 8.9.2025 von www.swissvotes.ch
source_comment: "
2385,9,1,238,,,"page_number_string: 
notes: 
source_full_citation: Swissvotes. (2025). Swissvotes – die Datenbank der eidgenössischen Volksabstimmungen. Abgerufen am 8.9.2025 von www.swissvotes.ch
source_comment: "
2386,9,2,239,,,"page_number_string: 
notes: 
source_full_citation: Swissvotes. (2025). Swissvotes – die Datenbank der eidgenössischen Volksabstimmungen. Abgerufen am 8.9.2025 von www.swissvotes.ch
source_comment: "
2387,9,1,240,,,"page_number_string: 
notes: 
source_full_citation: Swissvotes. (2025). Swissvotes – die Datenbank der eidgenössischen Volksabstimmungen. Abgerufen am 8.9.2025 von www.swissvotes.ch
source_comment: "
2388,9,1,241,,,"page_number_string: 
notes: 
source_full_citation: Swissvotes. (2025). Swissvotes – die Datenbank der eidgenössischen Volksabstimmungen. Abgerufen am 8.9.2025 von www.swissvotes.ch
source_comment: "
2389,9,2,242,,,"page_number_string: 
notes: 
source_full_citation: Swissvotes. (2025). Swissvotes – die Datenbank der eidgenössischen Volksabstimmungen. Abgerufen am 8.9.2025 von www.swissvotes.ch
source_comment: "
2390,9,1,243,,,"page_number_string: 
notes: 
source_full_citation: Swissvotes. (2025). Swissvotes – die Datenbank der eidgenössischen Volksabstimmungen. Abgerufen am 8.9.2025 von www.swissvotes.ch
source_comment: "
2391,9,2,244,,,"page_number_string: 
notes: 
source_full_citation: Swissvotes. (2025). Swissvotes – die Datenbank der eidgenössischen Volksabstimmungen. Abgerufen am 8.9.2025 von www.swissvotes.ch
source_comment: "
2392,9,1,245,,,"page_number_string: 
notes: 
source_full_citation: Swissvotes. (2025). Swissvotes – die Datenbank der eidgenössischen Volksabstimmungen. Abgerufen am 8.9.2025 von www.swissvotes.ch
source_comment: "
2393,9,1,246,,,"page_number_string: 
notes: 
source_full_citation: Swissvotes. (2025). Swissvotes – die Datenbank der eidgenössischen Volksabstimmungen. Abgerufen am 8.9.2025 von www.swissvotes.ch
source_comment: "
2394,9,1,247,,,"page_number_string: 
notes: 
source_full_citation: Swissvotes. (2025). Swissvotes – die Datenbank der eidgenössischen Volksabstimmungen. Abgerufen am 8.9.2025 von www.swissvotes.ch
source_comment: "
2395,9,1,248,,,"page_number_string: 
notes: 
source_full_citation: Swissvotes. (2025). Swissvotes – die Datenbank der eidgenössischen Volksabstimmungen. Abgerufen am 8.9.2025 von www.swissvotes.ch
source_comment: "
2396,9,2,249,,,"page_number_string: 
notes: 
source_full_citation: Swissvotes. (2025). Swissvotes – die Datenbank der eidgenössischen Volksabstimmungen. Abgerufen am 8.9.2025 von www.swissvotes.ch
source_comment: "
2397,9,1,250,,,"page_number_string: 
notes: 
source_full_citation: Swissvotes. (2025). Swissvotes – die Datenbank der eidgenössischen Volksabstimmungen. Abgerufen am 8.9.2025 von www.swissvotes.ch
source_comment: "
2398,9,1,251,,,"page_number_string: 
notes: 
source_full_citation: Swissvotes. (2025). Swissvotes – die Datenbank der eidgenössischen Volksabstimmungen. Abgerufen am 8.9.2025 von www.swissvotes.ch
source_comment: "
2399,9,1,252,,,"page_number_string: 
notes: 
source_full_citation: Swissvotes. (2025). Swissvotes – die Datenbank der eidgenössischen Volksabstimmungen. Abgerufen am 8.9.2025 von www.swissvotes.ch
source_comment: "
2400,9,1,253,,,"page_number_string: 
notes: 
source_full_citation: Swissvotes. (2025). Swissvotes – die Datenbank der eidgenössischen Volksabstimmungen. Abgerufen am 8.9.2025 von www.swissvotes.ch
source_comment: "
2401,9,2,254,,,"page_number_string: 
notes: 
source_full_citation: Swissvotes. (2025). Swissvotes – die Datenbank der eidgenössischen Volksabstimmungen. Abgerufen am 8.9.2025 von www.swissvotes.ch
source_comment: "
2402,9,2,255,,,"page_number_string: 
notes: 
source_full_citation: Swissvotes. (2025). Swissvotes – die Datenbank der eidgenössischen Volksabstimmungen. Abgerufen am 8.9.2025 von www.swissvotes.ch
source_comment: "
2403,9,1,256,,,"page_number_string: 
notes: 
source_full_citation: Swissvotes. (2025). Swissvotes – die Datenbank der eidgenössischen Volksabstimmungen. Abgerufen am 8.9.2025 von www.swissvotes.ch
source_comment: "
2404,9,1,257,,,"page_number_string: 
notes: 
source_full_citation: Swissvotes. (2025). Swissvotes – die Datenbank der eidgenössischen Volksabstimmungen. Abgerufen am 8.9.2025 von www.swissvotes.ch
source_comment: "
2405,9,1,258,,,"page_number_string: 
notes: 
source_full_citation: Swissvotes. (2025). Swissvotes – die Datenbank der eidgenössischen Volksabstimmungen. Abgerufen am 8.9.2025 von www.swissvotes.ch
source_comment: "
2406,9,1,259,,,"page_number_string: 
notes: 
source_full_citation: Swissvotes. (2025). Swissvotes – die Datenbank der eidgenössischen Volksabstimmungen. Abgerufen am 8.9.2025 von www.swissvotes.ch
source_comment: "
2407,9,1,260,,,"page_number_string: 
notes: 
source_full_citation: Swissvotes. (2025). Swissvotes – die Datenbank der eidgenössischen Volksabstimmungen. Abgerufen am 8.9.2025 von www.swissvotes.ch
source_comment: "
2408,9,1,261,,,"page_number_string: 
notes: 
source_full_citation: Swissvotes. (2025). Swissvotes – die Datenbank der eidgenössischen Volksabstimmungen. Abgerufen am 8.9.2025 von www.swissvotes.ch
source_comment: "
2409,9,1,262,,,"page_number_string: 
notes: 
source_full_citation: Swissvotes. (2025). Swissvotes – die Datenbank der eidgenössischen Volksabstimmungen. Abgerufen am 8.9.2025 von www.swissvotes.ch
source_comment: "
2410,9,1,263,,,"page_number_string: 
notes: 
source_full_citation: Swissvotes. (2025). Swissvotes – die Datenbank der eidgenössischen Volksabstimmungen. Abgerufen am 8.9.2025 von www.swissvotes.ch
source_comment: "
2411,9,1,264,,,"page_number_string: 
notes: 
source_full_citation: Swissvotes. (2025). Swissvotes – die Datenbank der eidgenössischen Volksabstimmungen. Abgerufen am 8.9.2025 von www.swissvotes.ch
source_comment: "
2412,9,1,265,,,"page_number_string: 
notes: 
source_full_citation: Swissvotes. (2025). Swissvotes – die Datenbank der eidgenössischen Volksabstimmungen. Abgerufen am 8.9.2025 von www.swissvotes.ch
source_comment: "
2413,9,2,266,,,"page_number_string: 
notes: 
source_full_citation: Swissvotes. (2025). Swissvotes – die Datenbank der eidgenössischen Volksabstimmungen. Abgerufen am 8.9.2025 von www.swissvotes.ch
source_comment: "
2414,9,1,267,,,"page_number_string: 
notes: 
source_full_citation: Swissvotes. (2025). Swissvotes – die Datenbank der eidgenössischen Volksabstimmungen. Abgerufen am 8.9.2025 von www.swissvotes.ch
source_comment: "
2415,9,1,268,,,"page_number_string: 
notes: 
source_full_citation: Swissvotes. (2025). Swissvotes – die Datenbank der eidgenössischen Volksabstimmungen. Abgerufen am 8.9.2025 von www.swissvotes.ch
source_comment: "
2416,9,2,269,,,"page_number_string: 
notes: 
source_full_citation: Swissvotes. (2025). Swissvotes – die Datenbank der eidgenössischen Volksabstimmungen. Abgerufen am 8.9.2025 von www.swissvotes.ch
source_comment: "
2417,9,1,270,,,"page_number_string: 
notes: 
source_full_citation: Swissvotes. (2025). Swissvotes – die Datenbank der eidgenössischen Volksabstimmungen. Abgerufen am 8.9.2025 von www.swissvotes.ch
source_comment: "
2418,9,1,271,,,"page_number_string: 
notes: 
source_full_citation: Swissvotes. (2025). Swissvotes – die Datenbank der eidgenössischen Volksabstimmungen. Abgerufen am 8.9.2025 von www.swissvotes.ch
source_comment: "
2419,9,1,272,,,"page_number_string: 
notes: 
source_full_citation: Swissvotes. (2025). Swissvotes – die Datenbank der eidgenössischen Volksabstimmungen. Abgerufen am 8.9.2025 von www.swissvotes.ch
source_comment: "
2420,9,1,273,,,"page_number_string: 
notes: 
source_full_citation: Swissvotes. (2025). Swissvotes – die Datenbank der eidgenössischen Volksabstimmungen. Abgerufen am 8.9.2025 von www.swissvotes.ch
source_comment: "
2421,9,1,274,,,"page_number_string: 
notes: 
source_full_citation: Swissvotes. (2025). Swissvotes – die Datenbank der eidgenössischen Volksabstimmungen. Abgerufen am 8.9.2025 von www.swissvotes.ch
source_comment: "
2422,9,1,275,,,"page_number_string: 
notes: 
source_full_citation: Swissvotes. (2025). Swissvotes – die Datenbank der eidgenössischen Volksabstimmungen. Abgerufen am 8.9.2025 von www.swissvotes.ch
source_comment: "
2423,9,1,276,,,"page_number_string: 
notes: 
source_full_citation: Swissvotes. (2025). Swissvotes – die Datenbank der eidgenössischen Volksabstimmungen. Abgerufen am 8.9.2025 von www.swissvotes.ch
source_comment: "
2424,9,1,277,,,"page_number_string: 
notes: 
source_full_citation: Swissvotes. (2025). Swissvotes – die Datenbank der eidgenössischen Volksabstimmungen. Abgerufen am 8.9.2025 von www.swissvotes.ch
source_comment: "
2425,9,1,278,,,"page_number_string: 
notes: 
source_full_citation: Swissvotes. (2025). Swissvotes – die Datenbank der eidgenössischen Volksabstimmungen. Abgerufen am 8.9.2025 von www.swissvotes.ch
source_comment: "
2426,9,1,279,,,"page_number_string: 
notes: 
source_full_citation: Swissvotes. (2025). Swissvotes – die Datenbank der eidgenössischen Volksabstimmungen. Abgerufen am 8.9.2025 von www.swissvotes.ch
source_comment: "
2427,9,2,280,,,"page_number_string: 
notes: 
source_full_citation: Swissvotes. (2025). Swissvotes – die Datenbank der eidgenössischen Volksabstimmungen. Abgerufen am 8.9.2025 von www.swissvotes.ch
source_comment: "
2428,9,1,281,,,"page_number_string: 
notes: 
source_full_citation: Swissvotes. (2025). Swissvotes – die Datenbank der eidgenössischen Volksabstimmungen. Abgerufen am 8.9.2025 von www.swissvotes.ch
source_comment: "
2429,9,2,282,,,"page_number_string: 
notes: 
source_full_citation: Swissvotes. (2025). Swissvotes – die Datenbank der eidgenössischen Volksabstimmungen. Abgerufen am 8.9.2025 von www.swissvotes.ch
source_comment: "
2430,9,1,283,,,"page_number_string: 
notes: 
source_full_citation: Swissvotes. (2025). Swissvotes – die Datenbank der eidgenössischen Volksabstimmungen. Abgerufen am 8.9.2025 von www.swissvotes.ch
source_comment: "
2431,9,1,284,,,"page_number_string: 
notes: 
source_full_citation: Swissvotes. (2025). Swissvotes – die Datenbank der eidgenössischen Volksabstimmungen. Abgerufen am 8.9.2025 von www.swissvotes.ch
source_comment: "
2432,9,1,285,,,"page_number_string: 
notes: 
source_full_citation: Swissvotes. (2025). Swissvotes – die Datenbank der eidgenössischen Volksabstimmungen. Abgerufen am 8.9.2025 von www.swissvotes.ch
source_comment: "
2433,9,1,286,,,"page_number_string: 
notes: 
source_full_citation: Swissvotes. (2025). Swissvotes – die Datenbank der eidgenössischen Volksabstimmungen. Abgerufen am 8.9.2025 von www.swissvotes.ch
source_comment: "
2434,9,2,287,,,"page_number_string: 
notes: 
source_full_citation: Swissvotes. (2025). Swissvotes – die Datenbank der eidgenössischen Volksabstimmungen. Abgerufen am 8.9.2025 von www.swissvotes.ch
source_comment: "
2435,9,1,288,,,"page_number_string: 
notes: 
source_full_citation: Swissvotes. (2025). Swissvotes – die Datenbank der eidgenössischen Volksabstimmungen. Abgerufen am 8.9.2025 von www.swissvotes.ch
source_comment: "
2436,9,1,289,,,"page_number_string: 
notes: 
source_full_citation: Swissvotes. (2025). Swissvotes – die Datenbank der eidgenössischen Volksabstimmungen. Abgerufen am 8.9.2025 von www.swissvotes.ch
source_comment: "
2437,9,2,290,,,"page_number_string: 
notes: 
source_full_citation: Swissvotes. (2025). Swissvotes – die Datenbank der eidgenössischen Volksabstimmungen. Abgerufen am 8.9.2025 von www.swissvotes.ch
source_comment: "
2438,9,2,291,,,"page_number_string: 
notes: 
source_full_citation: Swissvotes. (2025). Swissvotes – die Datenbank der eidgenössischen Volksabstimmungen. Abgerufen am 8.9.2025 von www.swissvotes.ch
source_comment: "
2439,9,2,292,,,"page_number_string: 
notes: 
source_full_citation: Swissvotes. (2025). Swissvotes – die Datenbank der eidgenössischen Volksabstimmungen. Abgerufen am 8.9.2025 von www.swissvotes.ch
source_comment: "
2440,9,2,293,,,"page_number_string: 
notes: 
source_full_citation: Swissvotes. (2025). Swissvotes – die Datenbank der eidgenössischen Volksabstimmungen. Abgerufen am 8.9.2025 von www.swissvotes.ch
source_comment: "
2441,9,1,294,,,"page_number_string: 
notes: 
source_full_citation: Swissvotes. (2025). Swissvotes – die Datenbank der eidgenössischen Volksabstimmungen. Abgerufen am 8.9.2025 von www.swissvotes.ch
source_comment: "
2442,9,1,295,,,"page_number_string: 
notes: 
source_full_citation: Swissvotes. (2025). Swissvotes – die Datenbank der eidgenössischen Volksabstimmungen. Abgerufen am 8.9.2025 von www.swissvotes.ch
source_comment: "
2443,9,1,296,,,"page_number_string: 
notes: 
source_full_citation: Swissvotes. (2025). Swissvotes – die Datenbank der eidgenössischen Volksabstimmungen. Abgerufen am 8.9.2025 von www.swissvotes.ch
source_comment: "
2444,9,2,297,,,"page_number_string: 
notes: 
source_full_citation: Swissvotes. (2025). Swissvotes – die Datenbank der eidgenössischen Volksabstimmungen. Abgerufen am 8.9.2025 von www.swissvotes.ch
source_comment: "
2445,9,1,298,,,"page_number_string: 
notes: 
source_full_citation: Swissvotes. (2025). Swissvotes – die Datenbank der eidgenössischen Volksabstimmungen. Abgerufen am 8.9.2025 von www.swissvotes.ch
source_comment: "
2446,9,2,299,,,"page_number_string: 
notes: 
source_full_citation: Swissvotes. (2025). Swissvotes – die Datenbank der eidgenössischen Volksabstimmungen. Abgerufen am 8.9.2025 von www.swissvotes.ch
source_comment: "
2447,9,1,300,,,"page_number_string: 
notes: 
source_full_citation: Swissvotes. (2025). Swissvotes – die Datenbank der eidgenössischen Volksabstimmungen. Abgerufen am 8.9.2025 von www.swissvotes.ch
source_comment: "
2448,9,1,301,,,"page_number_string: 
notes: 
source_full_citation: Swissvotes. (2025). Swissvotes – die Datenbank der eidgenössischen Volksabstimmungen. Abgerufen am 8.9.2025 von www.swissvotes.ch
source_comment: "
2449,9,1,302,,,"page_number_string: 
notes: 
source_full_citation: Swissvotes. (2025). Swissvotes – die Datenbank der eidgenössischen Volksabstimmungen. Abgerufen am 8.9.2025 von www.swissvotes.ch
source_comment: "
2450,9,2,303,,,"page_number_string: 
notes: 
source_full_citation: Swissvotes. (2025). Swissvotes – die Datenbank der eidgenössischen Volksabstimmungen. Abgerufen am 8.9.2025 von www.swissvotes.ch
source_comment: "
2451,9,1,304,,,"page_number_string: 
notes: 
source_full_citation: Swissvotes. (2025). Swissvotes – die Datenbank der eidgenössischen Volksabstimmungen. Abgerufen am 8.9.2025 von www.swissvotes.ch
source_comment: "
2452,9,2,305,,,"page_number_string: 
notes: 
source_full_citation: Swissvotes. (2025). Swissvotes – die Datenbank der eidgenössischen Volksabstimmungen. Abgerufen am 8.9.2025 von www.swissvotes.ch
source_comment: "
2453,9,1,306,,,"page_number_string: 
notes: 
source_full_citation: Swissvotes. (2025). Swissvotes – die Datenbank der eidgenössischen Volksabstimmungen. Abgerufen am 8.9.2025 von www.swissvotes.ch
source_comment: "
2454,9,2,307,,,"page_number_string: 
notes: 
source_full_citation: Swissvotes. (2025). Swissvotes – die Datenbank der eidgenössischen Volksabstimmungen. Abgerufen am 8.9.2025 von www.swissvotes.ch
source_comment: "
2455,9,1,308,,,"page_number_string: 
notes: 
source_full_citation: Swissvotes. (2025). Swissvotes – die Datenbank der eidgenössischen Volksabstimmungen. Abgerufen am 8.9.2025 von www.swissvotes.ch
source_comment: "
2456,9,2,309,,,"page_number_string: 
notes: 
source_full_citation: Swissvotes. (2025). Swissvotes – die Datenbank der eidgenössischen Volksabstimmungen. Abgerufen am 8.9.2025 von www.swissvotes.ch
source_comment: "
2457,9,1,310,,,"page_number_string: 
notes: 
source_full_citation: Swissvotes. (2025). Swissvotes – die Datenbank der eidgenössischen Volksabstimmungen. Abgerufen am 8.9.2025 von www.swissvotes.ch
source_comment: "
2458,9,1,311,,,"page_number_string: 
notes: 
source_full_citation: Swissvotes. (2025). Swissvotes – die Datenbank der eidgenössischen Volksabstimmungen. Abgerufen am 8.9.2025 von www.swissvotes.ch
source_comment: "
2459,9,1,312,,,"page_number_string: 
notes: 
source_full_citation: Swissvotes. (2025). Swissvotes – die Datenbank der eidgenössischen Volksabstimmungen. Abgerufen am 8.9.2025 von www.swissvotes.ch
source_comment: "
2460,9,2,313,,,"page_number_string: 
notes: 
source_full_citation: Swissvotes. (2025). Swissvotes – die Datenbank der eidgenössischen Volksabstimmungen. Abgerufen am 8.9.2025 von www.swissvotes.ch
source_comment: "
2461,9,1,314,,,"page_number_string: 
notes: 
source_full_citation: Swissvotes. (2025). Swissvotes – die Datenbank der eidgenössischen Volksabstimmungen. Abgerufen am 8.9.2025 von www.swissvotes.ch
source_comment: "
2462,9,2,315,,,"page_number_string: 
notes: 
source_full_citation: Swissvotes. (2025). Swissvotes – die Datenbank der eidgenössischen Volksabstimmungen. Abgerufen am 8.9.2025 von www.swissvotes.ch
source_comment: "
2463,9,1,316,,,"page_number_string: 
notes: 
source_full_citation: Swissvotes. (2025). Swissvotes – die Datenbank der eidgenössischen Volksabstimmungen. Abgerufen am 8.9.2025 von www.swissvotes.ch
source_comment: "
2464,9,1,317,,,"page_number_string: 
notes: 
source_full_citation: Swissvotes. (2025). Swissvotes – die Datenbank der eidgenössischen Volksabstimmungen. Abgerufen am 8.9.2025 von www.swissvotes.ch
source_comment: "
2465,9,1,318,,,"page_number_string: 
notes: 
source_full_citation: Swissvotes. (2025). Swissvotes – die Datenbank der eidgenössischen Volksabstimmungen. Abgerufen am 8.9.2025 von www.swissvotes.ch
source_comment: "
2466,9,1,319,,,"page_number_string: 
notes: 
source_full_citation: Swissvotes. (2025). Swissvotes – die Datenbank der eidgenössischen Volksabstimmungen. Abgerufen am 8.9.2025 von www.swissvotes.ch
source_comment: "
2467,9,1,320,,,"page_number_string: 
notes: 
source_full_citation: Swissvotes. (2025). Swissvotes – die Datenbank der eidgenössischen Volksabstimmungen. Abgerufen am 8.9.2025 von www.swissvotes.ch
source_comment: "
2468,9,1,321,,,"page_number_string: 
notes: 
source_full_citation: Swissvotes. (2025). Swissvotes – die Datenbank der eidgenössischen Volksabstimmungen. Abgerufen am 8.9.2025 von www.swissvotes.ch
source_comment: "
2469,9,1,322,,,"page_number_string: 
notes: 
source_full_citation: Swissvotes. (2025). Swissvotes – die Datenbank der eidgenössischen Volksabstimmungen. Abgerufen am 8.9.2025 von www.swissvotes.ch
source_comment: "
2470,9,2,323,,,"page_number_string: 
notes: 
source_full_citation: Swissvotes. (2025). Swissvotes – die Datenbank der eidgenössischen Volksabstimmungen. Abgerufen am 8.9.2025 von www.swissvotes.ch
source_comment: "
2471,9,2,324,,,"page_number_string: 
notes: 
source_full_citation: Swissvotes. (2025). Swissvotes – die Datenbank der eidgenössischen Volksabstimmungen. Abgerufen am 8.9.2025 von www.swissvotes.ch
source_comment: "
2472,9,1,325,,,"page_number_string: 
notes: 
source_full_citation: Swissvotes. (2025). Swissvotes – die Datenbank der eidgenössischen Volksabstimmungen. Abgerufen am 8.9.2025 von www.swissvotes.ch
source_comment: "
2473,9,1,326,,,"page_number_string: 
notes: 
source_full_citation: Swissvotes. (2025). Swissvotes – die Datenbank der eidgenössischen Volksabstimmungen. Abgerufen am 8.9.2025 von www.swissvotes.ch
source_comment: "
2474,9,2,327,,,"page_number_string: 
notes: 
source_full_citation: Swissvotes. (2025). Swissvotes – die Datenbank der eidgenössischen Volksabstimmungen. Abgerufen am 8.9.2025 von www.swissvotes.ch
source_comment: "
2475,9,1,328,,,"page_number_string: 
notes: 
source_full_citation: Swissvotes. (2025). Swissvotes – die Datenbank der eidgenössischen Volksabstimmungen. Abgerufen am 8.9.2025 von www.swissvotes.ch
source_comment: "
2476,9,1,329,,,"page_number_string: 
notes: 
source_full_citation: Swissvotes. (2025). Swissvotes – die Datenbank der eidgenössischen Volksabstimmungen. Abgerufen am 8.9.2025 von www.swissvotes.ch
source_comment: "
2477,9,1,330,,,"page_number_string: 
notes: 
source_full_citation: Swissvotes. (2025). Swissvotes – die Datenbank der eidgenössischen Volksabstimmungen. Abgerufen am 8.9.2025 von www.swissvotes.ch
source_comment: "
2478,9,1,331,,,"page_number_string: 
notes: 
source_full_citation: Swissvotes. (2025). Swissvotes – die Datenbank der eidgenössischen Volksabstimmungen. Abgerufen am 8.9.2025 von www.swissvotes.ch
source_comment: "
2479,9,1,332,,,"page_number_string: 
notes: 
source_full_citation: Swissvotes. (2025). Swissvotes – die Datenbank der eidgenössischen Volksabstimmungen. Abgerufen am 8.9.2025 von www.swissvotes.ch
source_comment: "
2480,9,2,333,,,"page_number_string: 
notes: 
source_full_citation: Swissvotes. (2025). Swissvotes – die Datenbank der eidgenössischen Volksabstimmungen. Abgerufen am 8.9.2025 von www.swissvotes.ch
source_comment: "
2481,9,1,334,,,"page_number_string: 
notes: 
source_full_citation: Swissvotes. (2025). Swissvotes – die Datenbank der eidgenössischen Volksabstimmungen. Abgerufen am 8.9.2025 von www.swissvotes.ch
source_comment: "
2482,9,2,335,,,"page_number_string: 
notes: 
source_full_citation: Swissvotes. (2025). Swissvotes – die Datenbank der eidgenössischen Volksabstimmungen. Abgerufen am 8.9.2025 von www.swissvotes.ch
source_comment: "
2483,9,1,336,,,"page_number_string: 
notes: 
source_full_citation: Swissvotes. (2025). Swissvotes – die Datenbank der eidgenössischen Volksabstimmungen. Abgerufen am 8.9.2025 von www.swissvotes.ch
source_comment: "
2484,9,1,337,,,"page_number_string: 
notes: 
source_full_citation: Swissvotes. (2025). Swissvotes – die Datenbank der eidgenössischen Volksabstimmungen. Abgerufen am 8.9.2025 von www.swissvotes.ch
source_comment: "
2485,9,1,338,,,"page_number_string: 
notes: 
source_full_citation: Swissvotes. (2025). Swissvotes – die Datenbank der eidgenössischen Volksabstimmungen. Abgerufen am 8.9.2025 von www.swissvotes.ch
source_comment: "
2486,9,2,339,,,"page_number_string: 
notes: 
source_full_citation: Swissvotes. (2025). Swissvotes – die Datenbank der eidgenössischen Volksabstimmungen. Abgerufen am 8.9.2025 von www.swissvotes.ch
source_comment: "
2487,9,1,340,,,"page_number_string: 
notes: 
source_full_citation: Swissvotes. (2025). Swissvotes – die Datenbank der eidgenössischen Volksabstimmungen. Abgerufen am 8.9.2025 von www.swissvotes.ch
source_comment: "
2488,9,1,341,,,"page_number_string: 
notes: 
source_full_citation: Swissvotes. (2025). Swissvotes – die Datenbank der eidgenössischen Volksabstimmungen. Abgerufen am 8.9.2025 von www.swissvotes.ch
source_comment: "
2489,9,1,342,,,"page_number_string: 
notes: 
source_full_citation: Swissvotes. (2025). Swissvotes – die Datenbank der eidgenössischen Volksabstimmungen. Abgerufen am 8.9.2025 von www.swissvotes.ch
source_comment: "
2490,9,1,343,,,"page_number_string: 
notes: 
source_full_citation: Swissvotes. (2025). Swissvotes – die Datenbank der eidgenössischen Volksabstimmungen. Abgerufen am 8.9.2025 von www.swissvotes.ch
source_comment: "
2491,9,1,344,,,"page_number_string: 
notes: 
source_full_citation: Swissvotes. (2025). Swissvotes – die Datenbank der eidgenössischen Volksabstimmungen. Abgerufen am 8.9.2025 von www.swissvotes.ch
source_comment: "
2492,9,1,345,,,"page_number_string: 
notes: 
source_full_citation: Swissvotes. (2025). Swissvotes – die Datenbank der eidgenössischen Volksabstimmungen. Abgerufen am 8.9.2025 von www.swissvotes.ch
source_comment: "
2493,9,2,346,,,"page_number_string: 
notes: 
source_full_citation: Swissvotes. (2025). Swissvotes – die Datenbank der eidgenössischen Volksabstimmungen. Abgerufen am 8.9.2025 von www.swissvotes.ch
source_comment: "
2494,9,2,347,,,"page_number_string: 
notes: 
source_full_citation: Swissvotes. (2025). Swissvotes – die Datenbank der eidgenössischen Volksabstimmungen. Abgerufen am 8.9.2025 von www.swissvotes.ch
source_comment: "
2495,9,2,348,,,"page_number_string: 
notes: 
source_full_citation: Swissvotes. (2025). Swissvotes – die Datenbank der eidgenössischen Volksabstimmungen. Abgerufen am 8.9.2025 von www.swissvotes.ch
source_comment: "
2496,9,2,349,,,"page_number_string: 
notes: 
source_full_citation: Swissvotes. (2025). Swissvotes – die Datenbank der eidgenössischen Volksabstimmungen. Abgerufen am 8.9.2025 von www.swissvotes.ch
source_comment: "
2497,9,2,350,,,"page_number_string: 
notes: 
source_full_citation: Swissvotes. (2025). Swissvotes – die Datenbank der eidgenössischen Volksabstimmungen. Abgerufen am 8.9.2025 von www.swissvotes.ch
source_comment: "
2498,9,2,351,,,"page_number_string: 
notes: 
source_full_citation: Swissvotes. (2025). Swissvotes – die Datenbank der eidgenössischen Volksabstimmungen. Abgerufen am 8.9.2025 von www.swissvotes.ch
source_comment: "
2499,9,2,352,,,"page_number_string: 
notes: 
source_full_citation: Swissvotes. (2025). Swissvotes – die Datenbank der eidgenössischen Volksabstimmungen. Abgerufen am 8.9.2025 von www.swissvotes.ch
source_comment: "
2500,9,1,353,,,"page_number_string: 
notes: 
source_full_citation: Swissvotes. (2025). Swissvotes – die Datenbank der eidgenössischen Volksabstimmungen. Abgerufen am 8.9.2025 von www.swissvotes.ch
source_comment: "
2501,9,1,354,,,"page_number_string: 
notes: 
source_full_citation: Swissvotes. (2025). Swissvotes – die Datenbank der eidgenössischen Volksabstimmungen. Abgerufen am 8.9.2025 von www.swissvotes.ch
source_comment: "
2502,9,1,355,,,"page_number_string: 
notes: 
source_full_citation: Swissvotes. (2025). Swissvotes – die Datenbank der eidgenössischen Volksabstimmungen. Abgerufen am 8.9.2025 von www.swissvotes.ch
source_comment: "
2503,9,1,356,,,"page_number_string: 
notes: 
source_full_citation: Swissvotes. (2025). Swissvotes – die Datenbank der eidgenössischen Volksabstimmungen. Abgerufen am 8.9.2025 von www.swissvotes.ch
source_comment: "
2504,9,1,357,,,"page_number_string: 
notes: 
source_full_citation: Swissvotes. (2025). Swissvotes – die Datenbank der eidgenössischen Volksabstimmungen. Abgerufen am 8.9.2025 von www.swissvotes.ch
source_comment: "
2505,9,2,358,,,"page_number_string: 
notes: 
source_full_citation: Swissvotes. (2025). Swissvotes – die Datenbank der eidgenössischen Volksabstimmungen. Abgerufen am 8.9.2025 von www.swissvotes.ch
source_comment: "
2506,9,2,359,,,"page_number_string: 
notes: 
source_full_citation: Swissvotes. (2025). Swissvotes – die Datenbank der eidgenössischen Volksabstimmungen. Abgerufen am 8.9.2025 von www.swissvotes.ch
source_comment: "
2507,9,1,360,,,"page_number_string: 
notes: 
source_full_citation: Swissvotes. (2025). Swissvotes – die Datenbank der eidgenössischen Volksabstimmungen. Abgerufen am 8.9.2025 von www.swissvotes.ch
source_comment: "
2508,9,1,361,,,"page_number_string: 
notes: 
source_full_citation: Swissvotes. (2025). Swissvotes – die Datenbank der eidgenössischen Volksabstimmungen. Abgerufen am 8.9.2025 von www.swissvotes.ch
source_comment: "
2509,9,1,362,,,"page_number_string: 
notes: 
source_full_citation: Swissvotes. (2025). Swissvotes – die Datenbank der eidgenössischen Volksabstimmungen. Abgerufen am 8.9.2025 von www.swissvotes.ch
source_comment: "
2510,9,1,363,,,"page_number_string: 
notes: 
source_full_citation: Swissvotes. (2025). Swissvotes – die Datenbank der eidgenössischen Volksabstimmungen. Abgerufen am 8.9.2025 von www.swissvotes.ch
source_comment: "
2511,9,2,364,,,"page_number_string: 
notes: 
source_full_citation: Swissvotes. (2025). Swissvotes – die Datenbank der eidgenössischen Volksabstimmungen. Abgerufen am 8.9.2025 von www.swissvotes.ch
source_comment: "
2512,9,1,365,,,"page_number_string: 
notes: 
source_full_citation: Swissvotes. (2025). Swissvotes – die Datenbank der eidgenössischen Volksabstimmungen. Abgerufen am 8.9.2025 von www.swissvotes.ch
source_comment: "
2513,9,2,366,,,"page_number_string: 
notes: 
source_full_citation: Swissvotes. (2025). Swissvotes – die Datenbank der eidgenössischen Volksabstimmungen. Abgerufen am 8.9.2025 von www.swissvotes.ch
source_comment: "
2514,9,1,367,,,"page_number_string: 
notes: 
source_full_citation: Swissvotes. (2025). Swissvotes – die Datenbank der eidgenössischen Volksabstimmungen. Abgerufen am 8.9.2025 von www.swissvotes.ch
source_comment: "
2515,9,2,368,,,"page_number_string: 
notes: 
source_full_citation: Swissvotes. (2025). Swissvotes – die Datenbank der eidgenössischen Volksabstimmungen. Abgerufen am 8.9.2025 von www.swissvotes.ch
source_comment: "
2516,9,1,369,,,"page_number_string: 
notes: 
source_full_citation: Swissvotes. (2025). Swissvotes – die Datenbank der eidgenössischen Volksabstimmungen. Abgerufen am 8.9.2025 von www.swissvotes.ch
source_comment: "
2517,9,2,370,,,"page_number_string: 
notes: 
source_full_citation: Swissvotes. (2025). Swissvotes – die Datenbank der eidgenössischen Volksabstimmungen. Abgerufen am 8.9.2025 von www.swissvotes.ch
source_comment: "
2518,9,1,371,,,"page_number_string: 
notes: 
source_full_citation: Swissvotes. (2025). Swissvotes – die Datenbank der eidgenössischen Volksabstimmungen. Abgerufen am 8.9.2025 von www.swissvotes.ch
source_comment: "
2519,9,1,372,,,"page_number_string: 
notes: 
source_full_citation: Swissvotes. (2025). Swissvotes – die Datenbank der eidgenössischen Volksabstimmungen. Abgerufen am 8.9.2025 von www.swissvotes.ch
source_comment: "
2520,9,2,373,,,"page_number_string: 
notes: 
source_full_citation: Swissvotes. (2025). Swissvotes – die Datenbank der eidgenössischen Volksabstimmungen. Abgerufen am 8.9.2025 von www.swissvotes.ch
source_comment: "
2521,9,1,374,,,"page_number_string: 
notes: 
source_full_citation: Swissvotes. (2025). Swissvotes – die Datenbank der eidgenössischen Volksabstimmungen. Abgerufen am 8.9.2025 von www.swissvotes.ch
source_comment: "
2522,9,1,375,,,"page_number_string: 
notes: 
source_full_citation: Swissvotes. (2025). Swissvotes – die Datenbank der eidgenössischen Volksabstimmungen. Abgerufen am 8.9.2025 von www.swissvotes.ch
source_comment: "
2523,9,2,376,,,"page_number_string: 
notes: 
source_full_citation: Swissvotes. (2025). Swissvotes – die Datenbank der eidgenössischen Volksabstimmungen. Abgerufen am 8.9.2025 von www.swissvotes.ch
source_comment: "
2524,9,2,377,,,"page_number_string: 
notes: 
source_full_citation: Swissvotes. (2025). Swissvotes – die Datenbank der eidgenössischen Volksabstimmungen. Abgerufen am 8.9.2025 von www.swissvotes.ch
source_comment: "
2525,9,1,378,,,"page_number_string: 
notes: 
source_full_citation: Swissvotes. (2025). Swissvotes – die Datenbank der eidgenössischen Volksabstimmungen. Abgerufen am 8.9.2025 von www.swissvotes.ch
source_comment: "
2526,9,1,379,,,"page_number_string: 
notes: 
source_full_citation: Swissvotes. (2025). Swissvotes – die Datenbank der eidgenössischen Volksabstimmungen. Abgerufen am 8.9.2025 von www.swissvotes.ch
source_comment: "
2527,9,2,380,,,"page_number_string: 
notes: 
source_full_citation: Swissvotes. (2025). Swissvotes – die Datenbank der eidgenössischen Volksabstimmungen. Abgerufen am 8.9.2025 von www.swissvotes.ch
source_comment: "
2528,9,2,381,,,"page_number_string: 
notes: 
source_full_citation: Swissvotes. (2025). Swissvotes – die Datenbank der eidgenössischen Volksabstimmungen. Abgerufen am 8.9.2025 von www.swissvotes.ch
source_comment: "
2529,9,2,382,,,"page_number_string: 
notes: 
source_full_citation: Swissvotes. (2025). Swissvotes – die Datenbank der eidgenössischen Volksabstimmungen. Abgerufen am 8.9.2025 von www.swissvotes.ch
source_comment: "
2530,9,2,383,,,"page_number_string: 
notes: 
source_full_citation: Swissvotes. (2025). Swissvotes – die Datenbank der eidgenössischen Volksabstimmungen. Abgerufen am 8.9.2025 von www.swissvotes.ch
source_comment: "
2531,9,2,384,,,"page_number_string: 
notes: 
source_full_citation: Swissvotes. (2025). Swissvotes – die Datenbank der eidgenössischen Volksabstimmungen. Abgerufen am 8.9.2025 von www.swissvotes.ch
source_comment: "
2532,9,2,385,,,"page_number_string: 
notes: 
source_full_citation: Swissvotes. (2025). Swissvotes – die Datenbank der eidgenössischen Volksabstimmungen. Abgerufen am 8.9.2025 von www.swissvotes.ch
source_comment: "
2533,9,2,386,,,"page_number_string: 
notes: 
source_full_citation: Swissvotes. (2025). Swissvotes – die Datenbank der eidgenössischen Volksabstimmungen. Abgerufen am 8.9.2025 von www.swissvotes.ch
source_comment: "
2534,9,2,387,,,"page_number_string: 
notes: 
source_full_citation: Swissvotes. (2025). Swissvotes – die Datenbank der eidgenössischen Volksabstimmungen. Abgerufen am 8.9.2025 von www.swissvotes.ch
source_comment: "
2535,9,2,388,,,"page_number_string: 
notes: 
source_full_citation: Swissvotes. (2025). Swissvotes – die Datenbank der eidgenössischen Volksabstimmungen. Abgerufen am 8.9.2025 von www.swissvotes.ch
source_comment: "
2536,9,2,389,,,"page_number_string: 
notes: 
source_full_citation: Swissvotes. (2025). Swissvotes – die Datenbank der eidgenössischen Volksabstimmungen. Abgerufen am 8.9.2025 von www.swissvotes.ch
source_comment: "
2537,9,2,390,,,"page_number_string: 
notes: 
source_full_citation: Swissvotes. (2025). Swissvotes – die Datenbank der eidgenössischen Volksabstimmungen. Abgerufen am 8.9.2025 von www.swissvotes.ch
source_comment: "
2538,9,2,391,,,"page_number_string: 
notes: 
source_full_citation: Swissvotes. (2025). Swissvotes – die Datenbank der eidgenössischen Volksabstimmungen. Abgerufen am 8.9.2025 von www.swissvotes.ch
source_comment: "
2539,9,2,392,,,"page_number_string: 
notes: 
source_full_citation: Swissvotes. (2025). Swissvotes – die Datenbank der eidgenössischen Volksabstimmungen. Abgerufen am 8.9.2025 von www.swissvotes.ch
source_comment: "
2540,9,1,393,,,"page_number_string: 
notes: 
source_full_citation: Swissvotes. (2025). Swissvotes – die Datenbank der eidgenössischen Volksabstimmungen. Abgerufen am 8.9.2025 von www.swissvotes.ch
source_comment: "
2541,9,1,394,,,"page_number_string: 
notes: 
source_full_citation: Swissvotes. (2025). Swissvotes – die Datenbank der eidgenössischen Volksabstimmungen. Abgerufen am 8.9.2025 von www.swissvotes.ch
source_comment: "
2542,9,2,395,,,"page_number_string: 
notes: 
source_full_citation: Swissvotes. (2025). Swissvotes – die Datenbank der eidgenössischen Volksabstimmungen. Abgerufen am 8.9.2025 von www.swissvotes.ch
source_comment: "
2543,9,2,396,,,"page_number_string: 
notes: 
source_full_citation: Swissvotes. (2025). Swissvotes – die Datenbank der eidgenössischen Volksabstimmungen. Abgerufen am 8.9.2025 von www.swissvotes.ch
source_comment: "
2544,9,1,397,,,"page_number_string: 
notes: 
source_full_citation: Swissvotes. (2025). Swissvotes – die Datenbank der eidgenössischen Volksabstimmungen. Abgerufen am 8.9.2025 von www.swissvotes.ch
source_comment: "
2545,9,1,398,,,"page_number_string: 
notes: 
source_full_citation: Swissvotes. (2025). Swissvotes – die Datenbank der eidgenössischen Volksabstimmungen. Abgerufen am 8.9.2025 von www.swissvotes.ch
source_comment: "
2546,9,1,399,,,"page_number_string: 
notes: 
source_full_citation: Swissvotes. (2025). Swissvotes – die Datenbank der eidgenössischen Volksabstimmungen. Abgerufen am 8.9.2025 von www.swissvotes.ch
source_comment: "
2547,9,2,400,,,"page_number_string: 
notes: 
source_full_citation: Swissvotes. (2025). Swissvotes – die Datenbank der eidgenössischen Volksabstimmungen. Abgerufen am 8.9.2025 von www.swissvotes.ch
source_comment: "
2548,9,1,401,,,"page_number_string: 
notes: 
source_full_citation: Swissvotes. (2025). Swissvotes – die Datenbank der eidgenössischen Volksabstimmungen. Abgerufen am 8.9.2025 von www.swissvotes.ch
source_comment: "
2549,9,1,402,,,"page_number_string: 
notes: 
source_full_citation: Swissvotes. (2025). Swissvotes – die Datenbank der eidgenössischen Volksabstimmungen. Abgerufen am 8.9.2025 von www.swissvotes.ch
source_comment: "
2550,9,2,403,,,"page_number_string: 
notes: 
source_full_citation: Swissvotes. (2025). Swissvotes – die Datenbank der eidgenössischen Volksabstimmungen. Abgerufen am 8.9.2025 von www.swissvotes.ch
source_comment: "
2551,9,2,404,,,"page_number_string: 
notes: 
source_full_citation: Swissvotes. (2025). Swissvotes – die Datenbank der eidgenössischen Volksabstimmungen. Abgerufen am 8.9.2025 von www.swissvotes.ch
source_comment: "
2552,9,1,405,,,"page_number_string: 
notes: 
source_full_citation: Swissvotes. (2025). Swissvotes – die Datenbank der eidgenössischen Volksabstimmungen. Abgerufen am 8.9.2025 von www.swissvotes.ch
source_comment: "
2553,9,1,406,,,"page_number_string: 
notes: 
source_full_citation: Swissvotes. (2025). Swissvotes – die Datenbank der eidgenössischen Volksabstimmungen. Abgerufen am 8.9.2025 von www.swissvotes.ch
source_comment: "
2554,9,2,407,,,"page_number_string: 
notes: 
source_full_citation: Swissvotes. (2025). Swissvotes – die Datenbank der eidgenössischen Volksabstimmungen. Abgerufen am 8.9.2025 von www.swissvotes.ch
source_comment: "
2555,9,2,408,,,"page_number_string: 
notes: 
source_full_citation: Swissvotes. (2025). Swissvotes – die Datenbank der eidgenössischen Volksabstimmungen. Abgerufen am 8.9.2025 von www.swissvotes.ch
source_comment: "
2556,9,1,409,,,"page_number_string: 
notes: 
source_full_citation: Swissvotes. (2025). Swissvotes – die Datenbank der eidgenössischen Volksabstimmungen. Abgerufen am 8.9.2025 von www.swissvotes.ch
source_comment: "
2557,9,1,410,,,"page_number_string: 
notes: 
source_full_citation: Swissvotes. (2025). Swissvotes – die Datenbank der eidgenössischen Volksabstimmungen. Abgerufen am 8.9.2025 von www.swissvotes.ch
source_comment: "
2558,9,1,411,,,"page_number_string: 
notes: 
source_full_citation: Swissvotes. (2025). Swissvotes – die Datenbank der eidgenössischen Volksabstimmungen. Abgerufen am 8.9.2025 von www.swissvotes.ch
source_comment: "
2559,9,1,412,,,"page_number_string: 
notes: 
source_full_citation: Swissvotes. (2025). Swissvotes – die Datenbank der eidgenössischen Volksabstimmungen. Abgerufen am 8.9.2025 von www.swissvotes.ch
source_comment: "
2560,9,1,413,,,"page_number_string: 
notes: 
source_full_citation: Swissvotes. (2025). Swissvotes – die Datenbank der eidgenössischen Volksabstimmungen. Abgerufen am 8.9.2025 von www.swissvotes.ch
source_comment: "
2561,9,1,414,,,"page_number_string: 
notes: 
source_full_citation: Swissvotes. (2025). Swissvotes – die Datenbank der eidgenössischen Volksabstimmungen. Abgerufen am 8.9.2025 von www.swissvotes.ch
source_comment: "
2562,9,1,415,,,"page_number_string: 
notes: 
source_full_citation: Swissvotes. (2025). Swissvotes – die Datenbank der eidgenössischen Volksabstimmungen. Abgerufen am 8.9.2025 von www.swissvotes.ch
source_comment: "
2563,9,1,416,,,"page_number_string: 
notes: 
source_full_citation: Swissvotes. (2025). Swissvotes – die Datenbank der eidgenössischen Volksabstimmungen. Abgerufen am 8.9.2025 von www.swissvotes.ch
source_comment: "
2564,9,2,417,,,"page_number_string: 
notes: 
source_full_citation: Swissvotes. (2025). Swissvotes – die Datenbank der eidgenössischen Volksabstimmungen. Abgerufen am 8.9.2025 von www.swissvotes.ch
source_comment: "
2565,9,1,418,,,"page_number_string: 
notes: 
source_full_citation: Swissvotes. (2025). Swissvotes – die Datenbank der eidgenössischen Volksabstimmungen. Abgerufen am 8.9.2025 von www.swissvotes.ch
source_comment: "
2566,9,1,419,,,"page_number_string: 
notes: 
source_full_citation: Swissvotes. (2025). Swissvotes – die Datenbank der eidgenössischen Volksabstimmungen. Abgerufen am 8.9.2025 von www.swissvotes.ch
source_comment: "
2567,9,1,420,,,"page_number_string: 
notes: 
source_full_citation: Swissvotes. (2025). Swissvotes – die Datenbank der eidgenössischen Volksabstimmungen. Abgerufen am 8.9.2025 von www.swissvotes.ch
source_comment: "
2568,9,2,421,,,"page_number_string: 
notes: 
source_full_citation: Swissvotes. (2025). Swissvotes – die Datenbank der eidgenössischen Volksabstimmungen. Abgerufen am 8.9.2025 von www.swissvotes.ch
source_comment: "
2569,9,2,422,,,"page_number_string: 
notes: 
source_full_citation: Swissvotes. (2025). Swissvotes – die Datenbank der eidgenössischen Volksabstimmungen. Abgerufen am 8.9.2025 von www.swissvotes.ch
source_comment: "
2570,9,2,423,,,"page_number_string: 
notes: 
source_full_citation: Swissvotes. (2025). Swissvotes – die Datenbank der eidgenössischen Volksabstimmungen. Abgerufen am 8.9.2025 von www.swissvotes.ch
source_comment: "
2571,9,1,424,,,"page_number_string: 
notes: 
source_full_citation: Swissvotes. (2025). Swissvotes – die Datenbank der eidgenössischen Volksabstimmungen. Abgerufen am 8.9.2025 von www.swissvotes.ch
source_comment: "
2572,9,1,425,,,"page_number_string: 
notes: 
source_full_citation: Swissvotes. (2025). Swissvotes – die Datenbank der eidgenössischen Volksabstimmungen. Abgerufen am 8.9.2025 von www.swissvotes.ch
source_comment: "
2573,9,1,426,,,"page_number_string: 
notes: 
source_full_citation: Swissvotes. (2025). Swissvotes – die Datenbank der eidgenössischen Volksabstimmungen. Abgerufen am 8.9.2025 von www.swissvotes.ch
source_comment: "
2574,9,1,427,,,"page_number_string: 
notes: 
source_full_citation: Swissvotes. (2025). Swissvotes – die Datenbank der eidgenössischen Volksabstimmungen. Abgerufen am 8.9.2025 von www.swissvotes.ch
source_comment: "
2575,9,1,428,,,"page_number_string: 
notes: 
source_full_citation: Swissvotes. (2025). Swissvotes – die Datenbank der eidgenössischen Volksabstimmungen. Abgerufen am 8.9.2025 von www.swissvotes.ch
source_comment: "
2576,9,1,429,,,"page_number_string: 
notes: 
source_full_citation: Swissvotes. (2025). Swissvotes – die Datenbank der eidgenössischen Volksabstimmungen. Abgerufen am 8.9.2025 von www.swissvotes.ch
source_comment: "
2577,9,1,430,,,"page_number_string: 
notes: 
source_full_citation: Swissvotes. (2025). Swissvotes – die Datenbank der eidgenössischen Volksabstimmungen. Abgerufen am 8.9.2025 von www.swissvotes.ch
source_comment: "
2578,9,1,431,,,"page_number_string: 
notes: 
source_full_citation: Swissvotes. (2025). Swissvotes – die Datenbank der eidgenössischen Volksabstimmungen. Abgerufen am 8.9.2025 von www.swissvotes.ch
source_comment: "
2579,9,1,432,,,"page_number_string: 
notes: 
source_full_citation: Swissvotes. (2025). Swissvotes – die Datenbank der eidgenössischen Volksabstimmungen. Abgerufen am 8.9.2025 von www.swissvotes.ch
source_comment: "
2580,9,2,433,,,"page_number_string: 
notes: 
source_full_citation: Swissvotes. (2025). Swissvotes – die Datenbank der eidgenössischen Volksabstimmungen. Abgerufen am 8.9.2025 von www.swissvotes.ch
source_comment: "
2581,9,2,434,,,"page_number_string: 
notes: 
source_full_citation: Swissvotes. (2025). Swissvotes – die Datenbank der eidgenössischen Volksabstimmungen. Abgerufen am 8.9.2025 von www.swissvotes.ch
source_comment: "
2582,9,1,435,,,"page_number_string: 
notes: 
source_full_citation: Swissvotes. (2025). Swissvotes – die Datenbank der eidgenössischen Volksabstimmungen. Abgerufen am 8.9.2025 von www.swissvotes.ch
source_comment: "
2583,9,1,436,,,"page_number_string: 
notes: 
source_full_citation: Swissvotes. (2025). Swissvotes – die Datenbank der eidgenössischen Volksabstimmungen. Abgerufen am 8.9.2025 von www.swissvotes.ch
source_comment: "
2584,9,1,437,,,"page_number_string: 
notes: 
source_full_citation: Swissvotes. (2025). Swissvotes – die Datenbank der eidgenössischen Volksabstimmungen. Abgerufen am 8.9.2025 von www.swissvotes.ch
source_comment: "
2585,9,2,438,,,"page_number_string: 
notes: 
source_full_citation: Swissvotes. (2025). Swissvotes – die Datenbank der eidgenössischen Volksabstimmungen. Abgerufen am 8.9.2025 von www.swissvotes.ch
source_comment: "
2586,9,1,439,,,"page_number_string: 
notes: 
source_full_citation: Swissvotes. (2025). Swissvotes – die Datenbank der eidgenössischen Volksabstimmungen. Abgerufen am 8.9.2025 von www.swissvotes.ch
source_comment: "
2587,9,1,440,,,"page_number_string: 
notes: 
source_full_citation: Swissvotes. (2025). Swissvotes – die Datenbank der eidgenössischen Volksabstimmungen. Abgerufen am 8.9.2025 von www.swissvotes.ch
source_comment: "
2588,9,1,441,,,"page_number_string: 
notes: 
source_full_citation: Swissvotes. (2025). Swissvotes – die Datenbank der eidgenössischen Volksabstimmungen. Abgerufen am 8.9.2025 von www.swissvotes.ch
source_comment: "
2589,9,1,442,,,"page_number_string: 
notes: 
source_full_citation: Swissvotes. (2025). Swissvotes – die Datenbank der eidgenössischen Volksabstimmungen. Abgerufen am 8.9.2025 von www.swissvotes.ch
source_comment: "
2590,9,1,443,,,"page_number_string: 
notes: 
source_full_citation: Swissvotes. (2025). Swissvotes – die Datenbank der eidgenössischen Volksabstimmungen. Abgerufen am 8.9.2025 von www.swissvotes.ch
source_comment: "
2591,9,1,444,,,"page_number_string: 
notes: 
source_full_citation: Swissvotes. (2025). Swissvotes – die Datenbank der eidgenössischen Volksabstimmungen. Abgerufen am 8.9.2025 von www.swissvotes.ch
source_comment: "
2592,9,1,445,,,"page_number_string: 
notes: 
source_full_citation: Swissvotes. (2025). Swissvotes – die Datenbank der eidgenössischen Volksabstimmungen. Abgerufen am 8.9.2025 von www.swissvotes.ch
source_comment: "
2593,9,2,446,,,"page_number_string: 
notes: 
source_full_citation: Swissvotes. (2025). Swissvotes – die Datenbank der eidgenössischen Volksabstimmungen. Abgerufen am 8.9.2025 von www.swissvotes.ch
source_comment: "
2594,9,1,447,,,"page_number_string: 
notes: 
source_full_citation: Swissvotes. (2025). Swissvotes – die Datenbank der eidgenössischen Volksabstimmungen. Abgerufen am 8.9.2025 von www.swissvotes.ch
source_comment: "
2595,9,1,448,,,"page_number_string: 
notes: 
source_full_citation: Swissvotes. (2025). Swissvotes – die Datenbank der eidgenössischen Volksabstimmungen. Abgerufen am 8.9.2025 von www.swissvotes.ch
source_comment: "
2596,9,1,449,,,"page_number_string: 
notes: 
source_full_citation: Swissvotes. (2025). Swissvotes – die Datenbank der eidgenössischen Volksabstimmungen. Abgerufen am 8.9.2025 von www.swissvotes.ch
source_comment: "
2597,9,1,450,,,"page_number_string: 
notes: 
source_full_citation: Swissvotes. (2025). Swissvotes – die Datenbank der eidgenössischen Volksabstimmungen. Abgerufen am 8.9.2025 von www.swissvotes.ch
source_comment: "
2598,9,1,451,,,"page_number_string: 
notes: 
source_full_citation: Swissvotes. (2025). Swissvotes – die Datenbank der eidgenössischen Volksabstimmungen. Abgerufen am 8.9.2025 von www.swissvotes.ch
source_comment: "
2599,9,1,452,,,"page_number_string: 
notes: 
source_full_citation: Swissvotes. (2025). Swissvotes – die Datenbank der eidgenössischen Volksabstimmungen. Abgerufen am 8.9.2025 von www.swissvotes.ch
source_comment: "
2600,9,2,453,,,"page_number_string: 
notes: 
source_full_citation: Swissvotes. (2025). Swissvotes – die Datenbank der eidgenössischen Volksabstimmungen. Abgerufen am 8.9.2025 von www.swissvotes.ch
source_comment: "
2601,9,1,454,,,"page_number_string: 
notes: 
source_full_citation: Swissvotes. (2025). Swissvotes – die Datenbank der eidgenössischen Volksabstimmungen. Abgerufen am 8.9.2025 von www.swissvotes.ch
source_comment: "
2602,9,1,455,,,"page_number_string: 
notes: 
source_full_citation: Swissvotes. (2025). Swissvotes – die Datenbank der eidgenössischen Volksabstimmungen. Abgerufen am 8.9.2025 von www.swissvotes.ch
source_comment: "
2603,9,1,456,,,"page_number_string: 
notes: 
source_full_citation: Swissvotes. (2025). Swissvotes – die Datenbank der eidgenössischen Volksabstimmungen. Abgerufen am 8.9.2025 von www.swissvotes.ch
source_comment: "
2604,9,1,457,,,"page_number_string: 
notes: 
source_full_citation: Swissvotes. (2025). Swissvotes – die Datenbank der eidgenössischen Volksabstimmungen. Abgerufen am 8.9.2025 von www.swissvotes.ch
source_comment: "
2605,9,1,458,,,"page_number_string: 
notes: 
source_full_citation: Swissvotes. (2025). Swissvotes – die Datenbank der eidgenössischen Volksabstimmungen. Abgerufen am 8.9.2025 von www.swissvotes.ch
source_comment: "
2606,9,1,459,,,"page_number_string: 
notes: 
source_full_citation: Swissvotes. (2025). Swissvotes – die Datenbank der eidgenössischen Volksabstimmungen. Abgerufen am 8.9.2025 von www.swissvotes.ch
source_comment: "
2607,9,1,460,,,"page_number_string: 
notes: 
source_full_citation: Swissvotes. (2025). Swissvotes – die Datenbank der eidgenössischen Volksabstimmungen. Abgerufen am 8.9.2025 von www.swissvotes.ch
source_comment: "
2608,9,1,461,,,"page_number_string: 
notes: 
source_full_citation: Swissvotes. (2025). Swissvotes – die Datenbank der eidgenössischen Volksabstimmungen. Abgerufen am 8.9.2025 von www.swissvotes.ch
source_comment: "
2609,9,2,462,,,"page_number_string: 
notes: 
source_full_citation: Swissvotes. (2025). Swissvotes – die Datenbank der eidgenössischen Volksabstimmungen. Abgerufen am 8.9.2025 von www.swissvotes.ch
source_comment: "
2610,9,1,463,,,"page_number_string: 
notes: 
source_full_citation: Swissvotes. (2025). Swissvotes – die Datenbank der eidgenössischen Volksabstimmungen. Abgerufen am 8.9.2025 von www.swissvotes.ch
source_comment: "
2611,9,2,464,,,"page_number_string: 
notes: 
source_full_citation: Swissvotes. (2025). Swissvotes – die Datenbank der eidgenössischen Volksabstimmungen. Abgerufen am 8.9.2025 von www.swissvotes.ch
source_comment: "
2612,9,2,465,,,"page_number_string: 
notes: 
source_full_citation: Swissvotes. (2025). Swissvotes – die Datenbank der eidgenössischen Volksabstimmungen. Abgerufen am 8.9.2025 von www.swissvotes.ch
source_comment: "
2613,9,1,466,,,"page_number_string: 
notes: 
source_full_citation: Swissvotes. (2025). Swissvotes – die Datenbank der eidgenössischen Volksabstimmungen. Abgerufen am 8.9.2025 von www.swissvotes.ch
source_comment: "
2614,9,1,467,,,"page_number_string: 
notes: 
source_full_citation: Swissvotes. (2025). Swissvotes – die Datenbank der eidgenössischen Volksabstimmungen. Abgerufen am 8.9.2025 von www.swissvotes.ch
source_comment: "
2615,9,2,468,,,"page_number_string: 
notes: 
source_full_citation: Swissvotes. (2025). Swissvotes – die Datenbank der eidgenössischen Volksabstimmungen. Abgerufen am 8.9.2025 von www.swissvotes.ch
source_comment: "
2616,9,1,469,,,"page_number_string: 
notes: 
source_full_citation: Swissvotes. (2025). Swissvotes – die Datenbank der eidgenössischen Volksabstimmungen. Abgerufen am 8.9.2025 von www.swissvotes.ch
source_comment: "
2617,9,2,470,,,"page_number_string: 
notes: 
source_full_citation: Swissvotes. (2025). Swissvotes – die Datenbank der eidgenössischen Volksabstimmungen. Abgerufen am 8.9.2025 von www.swissvotes.ch
source_comment: "
2618,9,2,471,,,"page_number_string: 
notes: 
source_full_citation: Swissvotes. (2025). Swissvotes – die Datenbank der eidgenössischen Volksabstimmungen. Abgerufen am 8.9.2025 von www.swissvotes.ch
source_comment: "
2619,9,1,472,,,"page_number_string: 
notes: 
source_full_citation: Swissvotes. (2025). Swissvotes – die Datenbank der eidgenössischen Volksabstimmungen. Abgerufen am 8.9.2025 von www.swissvotes.ch
source_comment: "
2620,9,2,473,,,"page_number_string: 
notes: 
source_full_citation: Swissvotes. (2025). Swissvotes – die Datenbank der eidgenössischen Volksabstimmungen. Abgerufen am 8.9.2025 von www.swissvotes.ch
source_comment: "
2621,9,2,474,,,"page_number_string: 
notes: 
source_full_citation: Swissvotes. (2025). Swissvotes – die Datenbank der eidgenössischen Volksabstimmungen. Abgerufen am 8.9.2025 von www.swissvotes.ch
source_comment: "
2622,9,1,475,,,"page_number_string: 
notes: 
source_full_citation: Swissvotes. (2025). Swissvotes – die Datenbank der eidgenössischen Volksabstimmungen. Abgerufen am 8.9.2025 von www.swissvotes.ch
source_comment: "
2623,9,1,476,,,"page_number_string: 
notes: 
source_full_citation: Swissvotes. (2025). Swissvotes – die Datenbank der eidgenössischen Volksabstimmungen. Abgerufen am 8.9.2025 von www.swissvotes.ch
source_comment: "
2624,9,2,477,,,"page_number_string: 
notes: 
source_full_citation: Swissvotes. (2025). Swissvotes – die Datenbank der eidgenössischen Volksabstimmungen. Abgerufen am 8.9.2025 von www.swissvotes.ch
source_comment: "
2625,9,1,478,,,"page_number_string: 
notes: 
source_full_citation: Swissvotes. (2025). Swissvotes – die Datenbank der eidgenössischen Volksabstimmungen. Abgerufen am 8.9.2025 von www.swissvotes.ch
source_comment: "
2626,9,1,479,,,"page_number_string: 
notes: 
source_full_citation: Swissvotes. (2025). Swissvotes – die Datenbank der eidgenössischen Volksabstimmungen. Abgerufen am 8.9.2025 von www.swissvotes.ch
source_comment: "
2627,9,1,480,,,"page_number_string: 
notes: 
source_full_citation: Swissvotes. (2025). Swissvotes – die Datenbank der eidgenössischen Volksabstimmungen. Abgerufen am 8.9.2025 von www.swissvotes.ch
source_comment: "
2628,9,2,481,,,"page_number_string: 
notes: 
source_full_citation: Swissvotes. (2025). Swissvotes – die Datenbank der eidgenössischen Volksabstimmungen. Abgerufen am 8.9.2025 von www.swissvotes.ch
source_comment: "
2629,9,1,482,,,"page_number_string: 
notes: 
source_full_citation: Swissvotes. (2025). Swissvotes – die Datenbank der eidgenössischen Volksabstimmungen. Abgerufen am 8.9.2025 von www.swissvotes.ch
source_comment: "
2630,9,1,483,,,"page_number_string: 
notes: 
source_full_citation: Swissvotes. (2025). Swissvotes – die Datenbank der eidgenössischen Volksabstimmungen. Abgerufen am 8.9.2025 von www.swissvotes.ch
source_comment: "
2631,9,1,484,,,"page_number_string: 
notes: 
source_full_citation: Swissvotes. (2025). Swissvotes – die Datenbank der eidgenössischen Volksabstimmungen. Abgerufen am 8.9.2025 von www.swissvotes.ch
source_comment: "
2632,9,1,485,,,"page_number_string: 
notes: 
source_full_citation: Swissvotes. (2025). Swissvotes – die Datenbank der eidgenössischen Volksabstimmungen. Abgerufen am 8.9.2025 von www.swissvotes.ch
source_comment: "
2633,9,1,486,,,"page_number_string: 
notes: 
source_full_citation: Swissvotes. (2025). Swissvotes – die Datenbank der eidgenössischen Volksabstimmungen. Abgerufen am 8.9.2025 von www.swissvotes.ch
source_comment: "
2634,9,5,487,,,"page_number_string: 
notes: 
source_full_citation: Swissvotes. (2025). Swissvotes – die Datenbank der eidgenössischen Volksabstimmungen. Abgerufen am 8.9.2025 von www.swissvotes.ch
source_comment: "
2635,9,2,488,,,"page_number_string: 
notes: 
source_full_citation: Swissvotes. (2025). Swissvotes – die Datenbank der eidgenössischen Volksabstimmungen. Abgerufen am 8.9.2025 von www.swissvotes.ch
source_comment: "
2636,9,1,489,,,"page_number_string: 
notes: 
source_full_citation: Swissvotes. (2025). Swissvotes – die Datenbank der eidgenössischen Volksabstimmungen. Abgerufen am 8.9.2025 von www.swissvotes.ch
source_comment: "
2637,9,2,490,,,"page_number_string: 
notes: 
source_full_citation: Swissvotes. (2025). Swissvotes – die Datenbank der eidgenössischen Volksabstimmungen. Abgerufen am 8.9.2025 von www.swissvotes.ch
source_comment: "
2638,9,2,491,,,"page_number_string: 
notes: 
source_full_citation: Swissvotes. (2025). Swissvotes – die Datenbank der eidgenössischen Volksabstimmungen. Abgerufen am 8.9.2025 von www.swissvotes.ch
source_comment: "
2639,9,2,492,,,"page_number_string: 
notes: 
source_full_citation: Swissvotes. (2025). Swissvotes – die Datenbank der eidgenössischen Volksabstimmungen. Abgerufen am 8.9.2025 von www.swissvotes.ch
source_comment: "
2640,9,2,493,,,"page_number_string: 
notes: 
source_full_citation: Swissvotes. (2025). Swissvotes – die Datenbank der eidgenössischen Volksabstimmungen. Abgerufen am 8.9.2025 von www.swissvotes.ch
source_comment: "
2641,9,1,494,,,"page_number_string: 
notes: 
source_full_citation: Swissvotes. (2025). Swissvotes – die Datenbank der eidgenössischen Volksabstimmungen. Abgerufen am 8.9.2025 von www.swissvotes.ch
source_comment: "
2642,9,2,495,,,"page_number_string: 
notes: 
source_full_citation: Swissvotes. (2025). Swissvotes – die Datenbank der eidgenössischen Volksabstimmungen. Abgerufen am 8.9.2025 von www.swissvotes.ch
source_comment: "
2643,9,2,496,,,"page_number_string: 
notes: 
source_full_citation: Swissvotes. (2025). Swissvotes – die Datenbank der eidgenössischen Volksabstimmungen. Abgerufen am 8.9.2025 von www.swissvotes.ch
source_comment: "
2644,9,8,497,,,"page_number_string: 
notes: 
source_full_citation: Swissvotes. (2025). Swissvotes – die Datenbank der eidgenössischen Volksabstimmungen. Abgerufen am 8.9.2025 von www.swissvotes.ch
source_comment: "
2645,9,2,498,,,"page_number_string: 
notes: 
source_full_citation: Swissvotes. (2025). Swissvotes – die Datenbank der eidgenössischen Volksabstimmungen. Abgerufen am 8.9.2025 von www.swissvotes.ch
source_comment: "
2646,9,2,499,,,"page_number_string: 
notes: 
source_full_citation: Swissvotes. (2025). Swissvotes – die Datenbank der eidgenössischen Volksabstimmungen. Abgerufen am 8.9.2025 von www.swissvotes.ch
source_comment: "
2647,9,2,500,,,"page_number_string: 
notes: 
source_full_citation: Swissvotes. (2025). Swissvotes – die Datenbank der eidgenössischen Volksabstimmungen. Abgerufen am 8.9.2025 von www.swissvotes.ch
source_comment: "
2648,9,2,501,,,"page_number_string: 
notes: 
source_full_citation: Swissvotes. (2025). Swissvotes – die Datenbank der eidgenössischen Volksabstimmungen. Abgerufen am 8.9.2025 von www.swissvotes.ch
source_comment: "
2649,9,2,502,,,"page_number_string: 
notes: 
source_full_citation: Swissvotes. (2025). Swissvotes – die Datenbank der eidgenössischen Volksabstimmungen. Abgerufen am 8.9.2025 von www.swissvotes.ch
source_comment: "
2650,9,2,503,,,"page_number_string: 
notes: 
source_full_citation: Swissvotes. (2025). Swissvotes – die Datenbank der eidgenössischen Volksabstimmungen. Abgerufen am 8.9.2025 von www.swissvotes.ch
source_comment: "
2651,9,2,504,,,"page_number_string: 
notes: 
source_full_citation: Swissvotes. (2025). Swissvotes – die Datenbank der eidgenössischen Volksabstimmungen. Abgerufen am 8.9.2025 von www.swissvotes.ch
source_comment: "
2652,9,1,505,,,"page_number_string: 
notes: 
source_full_citation: Swissvotes. (2025). Swissvotes – die Datenbank der eidgenössischen Volksabstimmungen. Abgerufen am 8.9.2025 von www.swissvotes.ch
source_comment: "
2653,9,2,506,,,"page_number_string: 
notes: 
source_full_citation: Swissvotes. (2025). Swissvotes – die Datenbank der eidgenössischen Volksabstimmungen. Abgerufen am 8.9.2025 von www.swissvotes.ch
source_comment: "
2654,9,2,507,,,"page_number_string: 
notes: 
source_full_citation: Swissvotes. (2025). Swissvotes – die Datenbank der eidgenössischen Volksabstimmungen. Abgerufen am 8.9.2025 von www.swissvotes.ch
source_comment: "
2655,9,2,508,,,"page_number_string: 
notes: 
source_full_citation: Swissvotes. (2025). Swissvotes – die Datenbank der eidgenössischen Volksabstimmungen. Abgerufen am 8.9.2025 von www.swissvotes.ch
source_comment: "
2656,9,1,509,,,"page_number_string: 
notes: 
source_full_citation: Swissvotes. (2025). Swissvotes – die Datenbank der eidgenössischen Volksabstimmungen. Abgerufen am 8.9.2025 von www.swissvotes.ch
source_comment: "
2657,9,1,510,,,"page_number_string: 
notes: 
source_full_citation: Swissvotes. (2025). Swissvotes – die Datenbank der eidgenössischen Volksabstimmungen. Abgerufen am 8.9.2025 von www.swissvotes.ch
source_comment: "
2658,9,1,511,,,"page_number_string: 
notes: 
source_full_citation: Swissvotes. (2025). Swissvotes – die Datenbank der eidgenössischen Volksabstimmungen. Abgerufen am 8.9.2025 von www.swissvotes.ch
source_comment: "
2659,9,1,512,,,"page_number_string: 
notes: 
source_full_citation: Swissvotes. (2025). Swissvotes – die Datenbank der eidgenössischen Volksabstimmungen. Abgerufen am 8.9.2025 von www.swissvotes.ch
source_comment: "
2660,9,2,513,,,"page_number_string: 
notes: 
source_full_citation: Swissvotes. (2025). Swissvotes – die Datenbank der eidgenössischen Volksabstimmungen. Abgerufen am 8.9.2025 von www.swissvotes.ch
source_comment: "
2661,9,2,514,,,"page_number_string: 
notes: 
source_full_citation: Swissvotes. (2025). Swissvotes – die Datenbank der eidgenössischen Volksabstimmungen. Abgerufen am 8.9.2025 von www.swissvotes.ch
source_comment: "
2662,9,2,515,,,"page_number_string: 
notes: 
source_full_citation: Swissvotes. (2025). Swissvotes – die Datenbank der eidgenössischen Volksabstimmungen. Abgerufen am 8.9.2025 von www.swissvotes.ch
source_comment: "
2663,9,2,516,,,"page_number_string: 
notes: 
source_full_citation: Swissvotes. (2025). Swissvotes – die Datenbank der eidgenössischen Volksabstimmungen. Abgerufen am 8.9.2025 von www.swissvotes.ch
source_comment: "
2664,9,1,517,,,"page_number_string: 
notes: 
source_full_citation: Swissvotes. (2025). Swissvotes – die Datenbank der eidgenössischen Volksabstimmungen. Abgerufen am 8.9.2025 von www.swissvotes.ch
source_comment: "
2665,9,2,518,,,"page_number_string: 
notes: 
source_full_citation: Swissvotes. (2025). Swissvotes – die Datenbank der eidgenössischen Volksabstimmungen. Abgerufen am 8.9.2025 von www.swissvotes.ch
source_comment: "
2666,9,1,519,,,"page_number_string: 
notes: 
source_full_citation: Swissvotes. (2025). Swissvotes – die Datenbank der eidgenössischen Volksabstimmungen. Abgerufen am 8.9.2025 von www.swissvotes.ch
source_comment: "
2667,9,2,520,,,"page_number_string: 
notes: 
source_full_citation: Swissvotes. (2025). Swissvotes – die Datenbank der eidgenössischen Volksabstimmungen. Abgerufen am 8.9.2025 von www.swissvotes.ch
source_comment: "
2668,9,2,521,,,"page_number_string: 
notes: 
source_full_citation: Swissvotes. (2025). Swissvotes – die Datenbank der eidgenössischen Volksabstimmungen. Abgerufen am 8.9.2025 von www.swissvotes.ch
source_comment: "
2669,9,1,522,,,"page_number_string: 
notes: 
source_full_citation: Swissvotes. (2025). Swissvotes – die Datenbank der eidgenössischen Volksabstimmungen. Abgerufen am 8.9.2025 von www.swissvotes.ch
source_comment: "
2670,9,6,523,,,"page_number_string: 
notes: 
source_full_citation: Swissvotes. (2025). Swissvotes – die Datenbank der eidgenössischen Volksabstimmungen. Abgerufen am 8.9.2025 von www.swissvotes.ch
source_comment: "
2671,9,1,524,,,"page_number_string: 
notes: 
source_full_citation: Swissvotes. (2025). Swissvotes – die Datenbank der eidgenössischen Volksabstimmungen. Abgerufen am 8.9.2025 von www.swissvotes.ch
source_comment: "
2672,9,2,525,,,"page_number_string: 
notes: 
source_full_citation: Swissvotes. (2025). Swissvotes – die Datenbank der eidgenössischen Volksabstimmungen. Abgerufen am 8.9.2025 von www.swissvotes.ch
source_comment: "
2673,9,1,526,,,"page_number_string: 
notes: 
source_full_citation: Swissvotes. (2025). Swissvotes – die Datenbank der eidgenössischen Volksabstimmungen. Abgerufen am 8.9.2025 von www.swissvotes.ch
source_comment: "
2674,9,1,527,,,"page_number_string: 
notes: 
source_full_citation: Swissvotes. (2025). Swissvotes – die Datenbank der eidgenössischen Volksabstimmungen. Abgerufen am 8.9.2025 von www.swissvotes.ch
source_comment: "
2675,9,1,528,,,"page_number_string: 
notes: 
source_full_citation: Swissvotes. (2025). Swissvotes – die Datenbank der eidgenössischen Volksabstimmungen. Abgerufen am 8.9.2025 von www.swissvotes.ch
source_comment: "
2676,9,1,529,,,"page_number_string: 
notes: 
source_full_citation: Swissvotes. (2025). Swissvotes – die Datenbank der eidgenössischen Volksabstimmungen. Abgerufen am 8.9.2025 von www.swissvotes.ch
source_comment: "
2677,9,1,530,,,"page_number_string: 
notes: 
source_full_citation: Swissvotes. (2025). Swissvotes – die Datenbank der eidgenössischen Volksabstimmungen. Abgerufen am 8.9.2025 von www.swissvotes.ch
source_comment: "
2678,9,2,531,,,"page_number_string: 
notes: 
source_full_citation: Swissvotes. (2025). Swissvotes – die Datenbank der eidgenössischen Volksabstimmungen. Abgerufen am 8.9.2025 von www.swissvotes.ch
source_comment: "
2679,9,2,532,,,"page_number_string: 
notes: 
source_full_citation: Swissvotes. (2025). Swissvotes – die Datenbank der eidgenössischen Volksabstimmungen. Abgerufen am 8.9.2025 von www.swissvotes.ch
source_comment: "
2680,9,2,533,,,"page_number_string: 
notes: 
source_full_citation: Swissvotes. (2025). Swissvotes – die Datenbank der eidgenössischen Volksabstimmungen. Abgerufen am 8.9.2025 von www.swissvotes.ch
source_comment: "
2681,9,2,534,,,"page_number_string: 
notes: 
source_full_citation: Swissvotes. (2025). Swissvotes – die Datenbank der eidgenössischen Volksabstimmungen. Abgerufen am 8.9.2025 von www.swissvotes.ch
source_comment: "
2682,9,2,535,,,"page_number_string: 
notes: 
source_full_citation: Swissvotes. (2025). Swissvotes – die Datenbank der eidgenössischen Volksabstimmungen. Abgerufen am 8.9.2025 von www.swissvotes.ch
source_comment: "
2683,9,2,536,,,"page_number_string: 
notes: 
source_full_citation: Swissvotes. (2025). Swissvotes – die Datenbank der eidgenössischen Volksabstimmungen. Abgerufen am 8.9.2025 von www.swissvotes.ch
source_comment: "
2684,9,2,537,,,"page_number_string: 
notes: 
source_full_citation: Swissvotes. (2025). Swissvotes – die Datenbank der eidgenössischen Volksabstimmungen. Abgerufen am 8.9.2025 von www.swissvotes.ch
source_comment: "
2685,9,1,538,,,"page_number_string: 
notes: 
source_full_citation: Swissvotes. (2025). Swissvotes – die Datenbank der eidgenössischen Volksabstimmungen. Abgerufen am 8.9.2025 von www.swissvotes.ch
source_comment: "
2686,9,1,539,,,"page_number_string: 
notes: 
source_full_citation: Swissvotes. (2025). Swissvotes – die Datenbank der eidgenössischen Volksabstimmungen. Abgerufen am 8.9.2025 von www.swissvotes.ch
source_comment: "
2687,9,2,540,,,"page_number_string: 
notes: 
source_full_citation: Swissvotes. (2025). Swissvotes – die Datenbank der eidgenössischen Volksabstimmungen. Abgerufen am 8.9.2025 von www.swissvotes.ch
source_comment: "
2688,9,1,541,,,"page_number_string: 
notes: 
source_full_citation: Swissvotes. (2025). Swissvotes – die Datenbank der eidgenössischen Volksabstimmungen. Abgerufen am 8.9.2025 von www.swissvotes.ch
source_comment: "
2689,9,2,542,,,"page_number_string: 
notes: 
source_full_citation: Swissvotes. (2025). Swissvotes – die Datenbank der eidgenössischen Volksabstimmungen. Abgerufen am 8.9.2025 von www.swissvotes.ch
source_comment: "
2690,9,1,543,,,"page_number_string: 
notes: 
source_full_citation: Swissvotes. (2025). Swissvotes – die Datenbank der eidgenössischen Volksabstimmungen. Abgerufen am 8.9.2025 von www.swissvotes.ch
source_comment: "
2691,9,1,544,,,"page_number_string: 
notes: 
source_full_citation: Swissvotes. (2025). Swissvotes – die Datenbank der eidgenössischen Volksabstimmungen. Abgerufen am 8.9.2025 von www.swissvotes.ch
source_comment: "
2692,9,1,545,,,"page_number_string: 
notes: 
source_full_citation: Swissvotes. (2025). Swissvotes – die Datenbank der eidgenössischen Volksabstimmungen. Abgerufen am 8.9.2025 von www.swissvotes.ch
source_comment: "
2693,9,2,546,,,"page_number_string: 
notes: 
source_full_citation: Swissvotes. (2025). Swissvotes – die Datenbank der eidgenössischen Volksabstimmungen. Abgerufen am 8.9.2025 von www.swissvotes.ch
source_comment: "
2694,9,1,547,,,"page_number_string: 
notes: 
source_full_citation: Swissvotes. (2025). Swissvotes – die Datenbank der eidgenössischen Volksabstimmungen. Abgerufen am 8.9.2025 von www.swissvotes.ch
source_comment: "
2695,9,1,548,,,"page_number_string: 
notes: 
source_full_citation: Swissvotes. (2025). Swissvotes – die Datenbank der eidgenössischen Volksabstimmungen. Abgerufen am 8.9.2025 von www.swissvotes.ch
source_comment: "
2696,9,1,549,,,"page_number_string: 
notes: 
source_full_citation: Swissvotes. (2025). Swissvotes – die Datenbank der eidgenössischen Volksabstimmungen. Abgerufen am 8.9.2025 von www.swissvotes.ch
source_comment: "
2697,9,1,550,,,"page_number_string: 
notes: 
source_full_citation: Swissvotes. (2025). Swissvotes – die Datenbank der eidgenössischen Volksabstimmungen. Abgerufen am 8.9.2025 von www.swissvotes.ch
source_comment: "
2698,9,1,551,,,"page_number_string: 
notes: 
source_full_citation: Swissvotes. (2025). Swissvotes – die Datenbank der eidgenössischen Volksabstimmungen. Abgerufen am 8.9.2025 von www.swissvotes.ch
source_comment: "
2699,9,1,552,,,"page_number_string: 
notes: 
source_full_citation: Swissvotes. (2025). Swissvotes – die Datenbank der eidgenössischen Volksabstimmungen. Abgerufen am 8.9.2025 von www.swissvotes.ch
source_comment: "
2700,9,1,553,,,"page_number_string: 
notes: 
source_full_citation: Swissvotes. (2025). Swissvotes – die Datenbank der eidgenössischen Volksabstimmungen. Abgerufen am 8.9.2025 von www.swissvotes.ch
source_comment: "
2701,9,2,554,,,"page_number_string: 
notes: 
source_full_citation: Swissvotes. (2025). Swissvotes – die Datenbank der eidgenössischen Volksabstimmungen. Abgerufen am 8.9.2025 von www.swissvotes.ch
source_comment: "
2702,9,1,555,,,"page_number_string: 
notes: 
source_full_citation: Swissvotes. (2025). Swissvotes – die Datenbank der eidgenössischen Volksabstimmungen. Abgerufen am 8.9.2025 von www.swissvotes.ch
source_comment: "
2703,9,1,556,,,"page_number_string: 
notes: 
source_full_citation: Swissvotes. (2025). Swissvotes – die Datenbank der eidgenössischen Volksabstimmungen. Abgerufen am 8.9.2025 von www.swissvotes.ch
source_comment: "
2704,9,2,557,,,"page_number_string: 
notes: 
source_full_citation: Swissvotes. (2025). Swissvotes – die Datenbank der eidgenössischen Volksabstimmungen. Abgerufen am 8.9.2025 von www.swissvotes.ch
source_comment: "
2705,9,1,558,,,"page_number_string: 
notes: 
source_full_citation: Swissvotes. (2025). Swissvotes – die Datenbank der eidgenössischen Volksabstimmungen. Abgerufen am 8.9.2025 von www.swissvotes.ch
source_comment: "
2706,9,1,559,,,"page_number_string: 
notes: 
source_full_citation: Swissvotes. (2025). Swissvotes – die Datenbank der eidgenössischen Volksabstimmungen. Abgerufen am 8.9.2025 von www.swissvotes.ch
source_comment: "
2707,9,1,560,,,"page_number_string: 
notes: 
source_full_citation: Swissvotes. (2025). Swissvotes – die Datenbank der eidgenössischen Volksabstimmungen. Abgerufen am 8.9.2025 von www.swissvotes.ch
source_comment: "
2708,9,2,561,,,"page_number_string: 
notes: 
source_full_citation: Swissvotes. (2025). Swissvotes – die Datenbank der eidgenössischen Volksabstimmungen. Abgerufen am 8.9.2025 von www.swissvotes.ch
source_comment: "
2709,9,2,562,,,"page_number_string: 
notes: 
source_full_citation: Swissvotes. (2025). Swissvotes – die Datenbank der eidgenössischen Volksabstimmungen. Abgerufen am 8.9.2025 von www.swissvotes.ch
source_comment: "
2710,9,1,563,,,"page_number_string: 
notes: 
source_full_citation: Swissvotes. (2025). Swissvotes – die Datenbank der eidgenössischen Volksabstimmungen. Abgerufen am 8.9.2025 von www.swissvotes.ch
source_comment: "
2711,9,2,564,,,"page_number_string: 
notes: 
source_full_citation: Swissvotes. (2025). Swissvotes – die Datenbank der eidgenössischen Volksabstimmungen. Abgerufen am 8.9.2025 von www.swissvotes.ch
source_comment: "
2712,9,1,565,,,"page_number_string: 
notes: 
source_full_citation: Swissvotes. (2025). Swissvotes – die Datenbank der eidgenössischen Volksabstimmungen. Abgerufen am 8.9.2025 von www.swissvotes.ch
source_comment: "
2713,9,2,566,,,"page_number_string: 
notes: 
source_full_citation: Swissvotes. (2025). Swissvotes – die Datenbank der eidgenössischen Volksabstimmungen. Abgerufen am 8.9.2025 von www.swissvotes.ch
source_comment: "
2714,9,2,567,,,"page_number_string: 
notes: 
source_full_citation: Swissvotes. (2025). Swissvotes – die Datenbank der eidgenössischen Volksabstimmungen. Abgerufen am 8.9.2025 von www.swissvotes.ch
source_comment: "
2715,9,1,568,,,"page_number_string: 
notes: 
source_full_citation: Swissvotes. (2025). Swissvotes – die Datenbank der eidgenössischen Volksabstimmungen. Abgerufen am 8.9.2025 von www.swissvotes.ch
source_comment: "
2716,9,2,569,,,"page_number_string: 
notes: 
source_full_citation: Swissvotes. (2025). Swissvotes – die Datenbank der eidgenössischen Volksabstimmungen. Abgerufen am 8.9.2025 von www.swissvotes.ch
source_comment: "
2717,9,2,570,,,"page_number_string: 
notes: 
source_full_citation: Swissvotes. (2025). Swissvotes – die Datenbank der eidgenössischen Volksabstimmungen. Abgerufen am 8.9.2025 von www.swissvotes.ch
source_comment: "
2718,9,1,571,,,"page_number_string: 
notes: 
source_full_citation: Swissvotes. (2025). Swissvotes – die Datenbank der eidgenössischen Volksabstimmungen. Abgerufen am 8.9.2025 von www.swissvotes.ch
source_comment: "
2719,9,1,572,,,"page_number_string: 
notes: 
source_full_citation: Swissvotes. (2025). Swissvotes – die Datenbank der eidgenössischen Volksabstimmungen. Abgerufen am 8.9.2025 von www.swissvotes.ch
source_comment: "
2720,9,1,573,,,"page_number_string: 
notes: 
source_full_citation: Swissvotes. (2025). Swissvotes – die Datenbank der eidgenössischen Volksabstimmungen. Abgerufen am 8.9.2025 von www.swissvotes.ch
source_comment: "
